mode,epoch,step,ce,l_over,l_under,r_hedge,tcl_total,n_volatile,pred_confident_frac,c_hat_grad_norm
fixed,0,0,14.086331367492676,0.00949218962341547,0.03753906115889549,0.0,14.109847068786621,4,1.0,1.5884405374526978
fixed,0,1,8.858113288879395,0.0031255504582077265,0.08311307430267334,0.00018465518951416016,8.901288032531738,4,0.5,
fixed,0,2,5.996901035308838,0.0,0.13736163079738617,0.002204418182373047,6.0662431716918945,4,1.0,
fixed,0,3,3.0946528911590576,0.012967180460691452,0.06123581528663635,0.010668158531188965,3.1349549293518066,4,1.0,
fixed,0,4,3.7007014751434326,0.016763105988502502,0.05183149129152298,0.026507258415222168,3.742950916290283,4,1.0,
fixed,0,5,3.4550392627716064,0.010984024032950401,0.044853679835796356,0.05506277084350586,3.499476909637451,4,1.0,4.740880966186523
fixed,0,6,4.074975967407227,0.0,0.053061582148075104,0.10301685333251953,4.132411956787109,4,1.0,
fixed,0,7,2.7372541427612305,0.05787232518196106,0.013494372367858887,0.1689610481262207,2.8236258029937744,4,1.0,
fixed,0,8,2.6357200145721436,0.021022263914346695,0.033660888671875,0.19245374202728271,2.7207977771759033,4,1.0,
fixed,0,9,3.1895875930786133,0.023264769464731216,0.03078993409872055,0.22823762893676758,3.285086154937744,4,1.0,
fixed,0,10,2.717621326446533,0.05214089900255203,0.015513500198721886,0.29022300243377686,2.838515520095825,4,1.0,7.496795177459717
fixed,0,11,2.1370632648468018,0.07137803733348846,0.009861466474831104,0.27042973041534424,2.2588119506835938,4,1.0,
fixed,0,12,2.729332208633423,0.011623245663940907,0.040109820663928986,0.2565913200378418,2.8321762084960938,4,0.0,
fixed,0,13,1.7030152082443237,0.02391260489821434,0.025491129606962204,0.2833954095840454,1.812735676765442,4,0.0,
fixed,0,14,1.8533235788345337,0.014754422008991241,0.005820116028189659,0.36114513874053955,1.971954345703125,4,0.0,
fixed,0,15,1.8614251613616943,0.013028725981712341,0.057497814297676086,0.21162796020507812,1.9601768255233765,4,0.0,15.491623878479004
fixed,0,16,1.7354512214660645,0.02794736623764038,0.023224076256155968,0.04086112976074219,1.773295283317566,4,1.0,
fixed,0,17,1.8041112422943115,0.0,0.1776169240474701,0.06424808502197266,1.9121941328048706,4,0.0,
fixed,0,18,2.5337116718292236,0.039129532873630524,0.0013825856149196625,0.18873989582061768,2.6105897426605225,4,1.0,
fixed,0,19,2.1454920768737793,0.02357134409248829,0.03927427530288696,0.08812415599822998,2.203352212905884,4,1.0,
fixed,0,20,2.0997157096862793,0.015049474313855171,0.050764672458171844,0.059954047203063965,2.150609016418457,4,0.0,15.564441680908203
fixed,0,21,1.873048186302185,0.014456801116466522,0.03145299851894379,0.14786410331726074,1.9403623342514038,4,0.0,
fixed,0,22,1.5117132663726807,0.0066171810030937195,0.07409966737031937,0.22443842887878418,1.6194032430648804,4,0.0,
fixed,0,23,1.8884750604629517,0.008473357185721397,0.06488938629627228,0.14601504802703857,1.9689610004425049,4,0.0,
fixed,0,24,1.7129641771316528,0.007270874455571175,0.05781322717666626,0.08492553234100342,1.7709839344024658,4,0.0,
fixed,0,25,2.8502628803253174,0.015123141929507256,0.05303899943828583,0.10943710803985596,2.917175054550171,4,1.0,35.2726936340332
fixed,0,26,2.461270332336426,0.019614944234490395,0.0242060124874115,0.20165526866912842,2.54367733001709,4,1.0,
fixed,0,27,3.378588914871216,0.038307156413793564,0.022911138832569122,0.19653844833374023,3.4681596755981445,4,1.0,
fixed,0,28,3.161689043045044,0.05641636252403259,0.0,0.11507725715637207,3.2244203090667725,4,1.0,
fixed,0,29,3.2843849658966064,0.009975137189030647,0.03609229624271393,0.01840519905090332,3.3129403591156006,4,1.0,
fixed,0,30,2.6721432209014893,0.0017594589153304696,0.12482233345508575,0.0033457279205322266,2.7364377975463867,4,0.0,64.5791015625
fixed,0,31,2.0344746112823486,0.0014835316687822342,0.0670202299952507,0.035676002502441406,2.0794293880462646,4,0.0,
fixed,0,32,2.280700206756592,0.006733480375260115,0.03991764411330223,0.08221781253814697,2.328691005706787,4,0.0,
fixed,0,33,1.4568727016448975,0.0026784332003444433,0.11667607724666595,0.1341876983642578,1.5568063259124756,4,0.0,
fixed,0,34,1.4531610012054443,0.007958012633025646,0.06970570981502533,0.13916146755218506,1.5337413549423218,4,0.0,
fixed,0,35,2.0250513553619385,0.012102792039513588,0.05904562026262283,0.10220575332641602,2.09128737449646,4,0.0,14.392260551452637
fixed,0,36,2.5167572498321533,0.01730877161026001,0.04918214678764343,0.09633660316467285,2.5789036750793457,4,0.0,
fixed,0,37,2.4222288131713867,0.0453435555100441,0.0,0.09746384620666504,2.47413969039917,4,1.0,
fixed,0,38,2.0944740772247314,0.0,0.07890862226486206,0.10747981071472168,2.1661722660064697,4,1.0,
fixed,0,39,1.698845624923706,0.027313046157360077,0.0314473994076252,0.13893616199493408,1.769906759262085,4,1.0,
fixed,0,40,2.9274110794067383,0.031745702028274536,0.03293479233980179,0.14452683925628662,3.0031094551086426,4,1.0,1.2015876770019531
fixed,0,41,1.7683510780334473,0.01611447148025036,0.053876712918281555,0.12888455390930176,1.8420120477676392,4,1.0,
fixed,0,42,1.8933149576187134,0.0,0.06388994306325912,0.14427399635314941,1.9685420989990234,4,1.0,
fixed,0,43,2.458256959915161,0.029631271958351135,0.03398323804140091,0.13457953929901123,2.530438184738159,4,1.0,
fixed,0,44,2.81518816947937,0.02387300878763199,0.018168574199080467,0.11315608024597168,2.8701558113098145,4,1.0,
fixed,0,45,2.6883013248443604,0.018383335322141647,0.025212518870830536,0.054573893547058105,2.726471424102783,4,1.0,2.974917411804199
fixed,0,46,2.2759323120117188,0.015579141676425934,0.02709365263581276,0.03274261951446533,2.307091474533081,4,1.0,
fixed,0,47,1.5228923559188843,0.011188536882400513,0.055068522691726685,0.012826323509216309,1.5598688125610352,4,1.0,
fixed,0,48,1.8809380531311035,0.010039803571999073,0.060864418745040894,0.008098602294921875,1.918819785118103,4,1.0,
fixed,0,49,2.2770750522613525,0.00908246636390686,0.06478215754032135,0.0085982084274292,2.31658673286438,4,0.0,
fixed,0,50,2.6613755226135254,0.007802547886967659,0.06313757598400116,0.011532068252563477,2.700305223464966,4,0.0,14.600286483764648
fixed,0,51,2.228729724884033,0.01426745019853115,0.031298428773880005,0.01964569091796875,2.25740647315979,4,0.0,
fixed,0,52,2.8645331859588623,0.013422653079032898,0.031063446775078773,0.030678272247314453,2.895979642868042,4,0.0,
fixed,0,53,2.299668312072754,0.009292245842516422,0.006321584805846214,0.03530776500701904,2.3180675506591797,4,0.0,
fixed,0,54,2.505396604537964,0.010251215659081936,0.009069925174117088,0.053461551666259766,2.5310957431793213,4,0.0,
fixed,0,55,2.134726047515869,0.010662631131708622,0.0,0.07416367530822754,2.162306547164917,4,0.0,10.95041275024414
fixed,0,56,3.07102108001709,0.00487566739320755,0.08527816832065582,0.10401630401611328,3.1473028659820557,4,0.0,
fixed,0,57,2.613456964492798,0.004318909719586372,0.07486243546009064,0.10134029388427734,2.6834497451782227,4,0.0,
fixed,0,58,2.4415581226348877,0.00558581855148077,0.07751859724521637,0.09731495380401611,2.5123047828674316,4,0.0,
fixed,0,59,2.3253588676452637,0.0035537511575967073,0.09420516341924667,0.08093297481536865,2.3985183238983154,4,0.0,
fixed,0,60,2.041421890258789,0.012924540787935257,0.027607934549450874,0.06775116920471191,2.0820133686065674,4,0.0,2.0077784061431885
fixed,0,61,2.3282318115234375,0.0059877848252654076,0.07753728330135345,0.06923651695251465,2.3907651901245117,4,0.0,
fixed,0,62,2.446787118911743,0.01628127135336399,0.05087877810001373,0.05217456817626953,2.4960196018218994,4,0.75,
fixed,0,63,3.6853487491607666,0.030533023178577423,0.02006439119577408,0.06625819206237793,3.730525016784668,4,1.0,
fixed,0,64,2.2764058113098145,0.0424312949180603,0.0,0.06556403636932373,2.317290782928467,4,1.0,
fixed,0,65,1.913756012916565,0.01729625277221203,0.03885964676737785,0.06634330749511719,1.9617369174957275,4,1.0,8.448080062866211
fixed,0,66,2.21121883392334,0.007371952291578054,0.06706616282463074,0.05859220027923584,2.2660155296325684,4,1.0,
fixed,0,67,2.401869058609009,0.012161346152424812,0.047008395195007324,0.05351710319519043,2.4475090503692627,4,1.0,
fixed,0,68,2.0101351737976074,0.005098911467939615,0.07476856559515,0.05081331729888916,2.0653128623962402,4,1.0,
fixed,0,69,2.40386700630188,0.0,0.08311981707811356,0.0463486909866333,2.459331512451172,4,1.0,
fixed,0,70,2.389284133911133,0.0061507499776780605,0.0746770054101944,0.05550122261047363,2.4463484287261963,4,1.0,24.72469711303711
fixed,0,71,2.705646276473999,0.015466363169252872,0.042965590953826904,0.05850052833557129,2.7524123191833496,4,1.0,
fixed,0,72,1.3601082563400269,0.015708936378359795,0.034434933215379715,0.07258892059326172,1.4069569110870361,4,1.0,
fixed,0,73,3.3644556999206543,0.03319110721349716,0.0,0.053224802017211914,3.3970186710357666,4,1.0,
fixed,0,74,1.4241045713424683,0.023313451558351517,0.01941916160285473,0.05500340461730957,1.4619718790054321,4,1.0,
fixed,0,75,1.6020196676254272,0.008914772421121597,0.053584806621074677,0.042027831077575684,1.6458778381347656,4,0.5,10.375382423400879
fixed,0,76,2.130530834197998,0.004418467171490192,0.0678778737783432,0.046358346939086914,2.180586576461792,4,0.0,
fixed,0,77,1.9667524099349976,0.003281740006059408,0.07318001985549927,0.03673672676086426,2.0160043239593506,4,0.25,
fixed,0,78,1.7595871686935425,0.0,0.06771683692932129,0.06647837162017822,1.8133890628814697,4,0.75,
fixed,0,79,1.7775079011917114,0.005067956633865833,0.07526906579732895,0.04956531524658203,1.8325459957122803,4,0.5,
fixed,0,80,1.5023705959320068,0.006236490793526173,0.04801730066537857,0.040212273597717285,1.5415611267089844,4,0.25,12.960227012634277
fixed,0,81,3.0554895401000977,0.021162191405892372,0.028141891583800316,0.03835248947143555,3.0916473865509033,4,0.25,
fixed,0,82,1.2892792224884033,0.016563251614570618,0.012699580751359463,0.04839801788330078,1.3184300661087036,4,0.25,
fixed,0,83,4.1507062911987305,0.0036423311103135347,0.054491862654685974,0.06552982330322266,4.199432373046875,4,0.5,
fixed,0,84,2.8724348545074463,0.0036423311103135347,0.06055779010057449,0.05562722682952881,2.9212231636047363,4,0.5,
fixed,0,85,2.387909173965454,0.010591113939881325,0.012190863490104675,0.05801892280578613,2.416705846786499,4,0.25,4.754991054534912
fixed,0,86,2.2363333702087402,0.01067157369107008,0.030030755326151848,0.06662464141845703,2.276671886444092,4,0.5,
fixed,0,87,2.5217063426971436,0.0,0.07141342014074326,0.09998750686645508,2.587409257888794,4,1.0,
fixed,0,88,2.9207749366760254,0.015942852944135666,0.013150987215340137,0.06577491760253906,2.95505428314209,4,0.5,
fixed,0,89,1.3527796268463135,0.00010624529386404902,0.13405683636665344,0.1223677396774292,1.4565714597702026,4,0.25,
fixed,0,90,2.6067705154418945,0.0025572539307177067,0.06337441504001617,0.09205007553100586,2.667351484298706,4,0.25,17.73919677734375
fixed,0,91,2.8405282497406006,0.031069429591298103,0.014879975467920303,0.29083025455474854,2.950752019882202,4,1.0,
fixed,0,92,2.788722038269043,0.015398132614791393,0.04326609894633293,0.11907756328582764,2.8537774085998535,4,1.0,
fixed,0,93,2.7238597869873047,0.000882098451256752,0.011730501428246498,0.3071565628051758,2.822313070297241,4,1.0,
fixed,0,94,1.4800851345062256,0.03726445883512497,0.013788831420242786,0.19880437850952148,1.5652531385421753,4,1.0,
fixed,0,95,1.7960400581359863,0.02075868286192417,0.01802237331867218,0.20554494857788086,1.877094030380249,4,1.0,2.620734453201294
fixed,0,96,1.4674938917160034,0.024518277496099472,0.026995129883289337,0.09094583988189697,1.5205343961715698,4,1.0,
fixed,0,97,1.4546021223068237,0.024020303040742874,0.01324547827243805,0.04324936866760254,1.4862098693847656,4,0.5,
fixed,0,98,1.3551146984100342,0.0026272907853126526,0.05727408081293106,0.028818368911743164,1.3937108516693115,4,0.5,
fixed,0,99,1.1315369606018066,0.0026513119228184223,0.06617007404565811,0.04485201835632324,1.179403305053711,4,0.25,
fixed,0,100,2.494645833969116,0.002463017590343952,0.06416105479001999,0.05518150329589844,2.5445122718811035,4,0.25,19.314067840576172
fixed,0,101,1.8717321157455444,0.0018490062793716788,0.10760287195444107,0.04401695728302002,1.9396631717681885,4,0.0,
fixed,0,102,2.6436715126037598,1.972109566850122e-05,0.06489148736000061,0.10580849647521973,2.7078697681427,4,0.0,
fixed,0,103,2.882948398590088,6.066374044166878e-05,0.07396720349788666,0.1329559087753296,2.9598491191864014,4,0.0,
fixed,0,104,2.638489246368408,0.000648296030703932,0.026758983731269836,0.14502382278442383,2.69569993019104,4,0.25,
fixed,0,105,1.5479007959365845,0.012572122737765312,0.0409361869096756,0.05256307125091553,1.590423822402954,4,0.75,9.584348678588867
fixed,0,106,1.603376030921936,0.021328840404748917,0.01833295077085495,0.05301487445831299,1.6391113996505737,4,0.75,
fixed,0,107,1.7133252620697021,0.005134889390319586,0.06017828732728958,0.07405650615692139,1.768198847770691,4,0.25,
fixed,0,108,2.235328435897827,0.0024007016327232122,0.048105306923389435,0.07257080078125,2.2823526859283447,4,0.75,
fixed,0,109,2.5954275131225586,0.032449327409267426,0.02896241657435894,0.07390046119689941,2.648303508758545,4,0.5,
fixed,0,110,2.553044557571411,0.03272447735071182,0.0,0.07663905620574951,2.5923984050750732,4,0.25,18.92210578918457
fixed,0,111,1.9551916122436523,0.003767171408981085,0.025418180972337723,0.0905146598815918,1.996938705444336,4,0.75,
fixed,0,112,1.924393892288208,0.00240146997384727,0.044027525931596756,0.0676259994506836,1.9678962230682373,4,0.5,
fixed,0,113,2.1314516067504883,0.0,0.09472039341926575,0.06116461753845215,2.1971611976623535,4,0.75,
fixed,0,114,2.8851025104522705,0.0008749532862566411,0.04657568782567978,0.056856632232666016,2.92588472366333,4,0.75,
fixed,0,115,1.8061304092407227,0.0018787919543683529,0.056149646639823914,0.05565524101257324,1.8518412113189697,4,0.75,20.225143432617188
fixed,0,116,2.634099006652832,0.0014247881481423974,0.01803741045296192,0.059388041496276855,2.661646604537964,4,0.5,
fixed,0,117,2.6960346698760986,0.027449410408735275,0.009084781631827354,0.06008446216583252,2.7323269844055176,4,0.5,
fixed,0,118,2.4392573833465576,0.00045568874338641763,0.035275742411613464,0.07518589496612549,2.4796788692474365,4,0.5,
fixed,0,119,2.342224597930908,0.0016877931775525212,0.006907669361680746,0.09001219272613525,2.373526096343994,4,0.25,
fixed,0,120,1.942647099494934,0.0012172432616353035,0.030412275344133377,0.1008080244064331,1.9887042045593262,4,0.75,14.244969367980957
fixed,0,121,2.399871587753296,0.0,0.0175787340849638,0.07004356384277344,2.429673910140991,4,0.75,
fixed,0,122,1.961065649986267,0.0,0.021296117454767227,0.10735082626342773,2.0039188861846924,4,0.75,
fixed,0,123,2.6016929149627686,0.0016342038288712502,0.013622396625578403,0.0526578426361084,2.6251184940338135,4,0.5,
fixed,0,124,1.5719878673553467,0.029451046139001846,0.03571563959121704,0.10577392578125,1.636303424835205,4,0.25,
fixed,0,125,2.2981550693511963,0.03388850763440132,0.006664518732577562,0.06690311431884766,2.3385024070739746,4,0.5,6.43028450012207
fixed,0,126,2.664367198944092,0.0,0.013121144846081734,0.07130002975463867,2.6923177242279053,4,0.5,
fixed,0,127,2.0970029830932617,0.0005732811987400055,0.01643492467701435,0.1512540578842163,2.150883197784424,4,0.75,
fixed,0,128,2.6930007934570312,0.0,0.009553074836730957,0.18353092670440674,2.7528367042541504,4,0.25,
fixed,0,129,2.1948635578155518,0.0,0.018434058874845505,0.06502687931060791,2.223588705062866,4,0.5,
fixed,0,130,2.729391098022461,0.0,0.005512387026101351,0.5009622573852539,2.8824360370635986,4,0.0,6.941040992736816
fixed,0,131,2.7333130836486816,0.0012577875750139356,0.009071474894881248,0.12389230728149414,2.7756454944610596,4,0.75,
fixed,0,132,1.5492726564407349,0.0017645193729549646,0.010667480528354645,0.03325521945953369,1.5654652118682861,4,0.5,
fixed,0,133,2.8241395950317383,0.0,0.006114265415817499,0.03136551380157471,2.83660626411438,4,0.5,
fixed,0,134,1.166840672492981,0.0,0.016016803681850433,0.4395071864128113,1.3067011833190918,4,1.0,
fixed,0,135,1.4655956029891968,0.033670879900455475,0.009459703229367733,0.025171518325805664,1.4947123527526855,4,0.5,3.5665926933288574
fixed,0,136,1.8692042827606201,0.0,0.006024496629834175,0.08230769634246826,1.8969088792800903,4,0.25,
fixed,0,137,2.906966209411621,0.02890235185623169,0.0010410815011709929,0.07830822467803955,2.945430278778076,4,0.25,
fixed,0,138,2.6033637523651123,0.0017547543393447995,0.005955473519861698,0.06986808776855469,2.6281793117523193,4,0.25,
fixed,0,139,2.02287220954895,0.03039003163576126,0.0004314776451792568,0.03703880310058594,2.0493946075439453,4,0.5,
fixed,0,140,1.775166392326355,0.0007072557928040624,0.011157464236021042,0.04280102252960205,1.7939391136169434,4,0.5,5.67473030090332
fixed,0,141,2.563387632369995,0.0,0.06956981122493744,0.4294843077659607,2.727017879486084,4,0.0,
fixed,0,142,2.344728469848633,0.01758560910820961,0.012802002020180225,0.07410216331481934,2.382153034210205,4,0.75,
fixed,0,143,2.501060962677002,8.783766679698601e-05,0.007721369154751301,0.08440494537353516,2.530287027359009,4,0.25,
fixed,0,144,1.9914487600326538,0.028874892741441727,0.019770167768001556,0.29855310916900635,2.105337142944336,4,1.0,
fixed,0,145,1.675842046737671,0.00022103809169493616,0.07062042504549026,0.0642695426940918,1.730543613433838,4,0.25,18.40825653076172
fixed,0,146,2.016517400741577,0.0010083330562338233,0.021172016859054565,0.030765891075134277,2.036837339401245,4,0.5,
fixed,0,147,1.1166845560073853,0.0029175716917961836,0.01368006318807602,0.057604193687438965,1.1422646045684814,4,0.5,
fixed,0,148,1.6059861183166504,0.002267004456371069,0.018493153154850006,0.048426270484924316,1.6308940649032593,4,0.5,
fixed,0,149,2.7320656776428223,0.0012228916166350245,0.02977427840232849,0.11874067783355713,2.783186435699463,4,0.75,
fixed,0,150,2.7240865230560303,0.005063237156718969,0.03425496816635132,0.04970073699951172,2.7586557865142822,4,0.5,10.909431457519531
fixed,0,151,2.1913745403289795,0.0020990290213376284,0.04187081754207611,0.06487035751342773,2.232820510864258,4,0.25,
fixed,0,152,1.3331948518753052,0.0003541510086506605,0.03332606330513954,0.12627720832824707,1.3879181146621704,4,0.75,
fixed,0,153,2.489881992340088,0.0009724977426230907,0.0028414642438292503,0.11445045471191406,2.5261240005493164,4,0.25,
fixed,0,154,2.4270596504211426,0.025160983204841614,0.007985183037817478,0.13165068626403809,2.4831278324127197,4,0.75,
fixed,0,155,2.268169641494751,0.0008680240716785192,0.030068695545196533,0.12806105613708496,2.322056293487549,4,0.75,16.90799903869629
fixed,0,156,1.8466371297836304,2.4584167476859875e-05,0.04742254689335823,0.08675229549407959,1.8963863849639893,4,0.5,
fixed,0,157,1.5075196027755737,0.00037679378874599934,0.04104522615671158,0.08221983909606934,1.5528966188430786,4,0.75,
fixed,0,158,2.55458402633667,0.025649860501289368,0.00958881713449955,0.06321275234222412,2.5911672115325928,4,0.5,
fixed,0,159,1.8215265274047852,0.005585028324276209,0.027099324390292168,0.10165786743164062,1.868366003036499,4,0.75,
fixed,0,160,1.28489351272583,0.017009476199746132,0.04091198742389679,0.09189939498901367,1.3414241075515747,4,1.0,10.005426406860352
fixed,0,161,2.165391683578491,0.0004336442216299474,0.03504544869065285,0.03455948829650879,2.1934990882873535,4,0.5,
fixed,0,162,1.7171350717544556,0.0,0.045457854866981506,0.04310417175292969,1.7527952194213867,4,0.75,
fixed,0,163,2.479956865310669,0.0,0.06268201768398285,0.09890317916870117,2.540968894958496,4,1.0,
fixed,0,164,1.571489691734314,7.870343688409775e-05,0.01378126535564661,0.05646097660064697,1.5953580141067505,4,0.5,
fixed,0,165,1.9158360958099365,0.0,0.026171216741204262,0.08335018157958984,1.9539268016815186,4,0.5,14.595858573913574
fixed,0,166,2.321418046951294,0.0,0.015989460051059723,0.2162414789199829,2.394285202026367,4,0.25,
fixed,0,167,2.329845428466797,0.0,0.03745032101869583,0.2200925350189209,2.4145984649658203,4,1.0,
fixed,0,168,3.0182785987854004,4.4930464355275035e-05,0.01778646931052208,0.07566142082214355,3.0498926639556885,4,0.75,
fixed,0,169,1.9303048849105835,0.0002786322438623756,0.025482263416051865,0.262015700340271,2.021790027618408,4,1.0,
fixed,0,170,1.626711130142212,3.414873845031252e-06,0.008082818239927292,0.07092034816741943,1.652030348777771,4,0.25,6.154512882232666
fixed,0,171,1.7564642429351807,0.0,0.027035143226385117,0.07526588439941406,1.7925615310668945,4,0.75,
fixed,0,172,2.048546075820923,0.0005262823542580009,0.040046773850917816,0.1890026330947876,2.12553334236145,4,1.0,
fixed,0,173,2.560032367706299,0.020252268761396408,0.0,0.018525123596191406,2.575716018676758,4,0.5,
fixed,0,174,2.2991647720336914,0.0,0.014623932540416718,0.019420504570007324,2.312302827835083,4,0.5,
fixed,0,175,1.8720791339874268,0.0,0.016815321519970894,0.03478538990020752,1.8909224271774292,4,0.5,10.510396957397461
fixed,0,176,1.377907633781433,0.0,0.02931518852710724,0.09176814556121826,1.420095682144165,4,0.25,
fixed,0,177,2.1875834465026855,0.0,0.02459728717803955,0.3204977512359619,2.2960314750671387,4,1.0,
fixed,0,178,3.338688373565674,0.0,0.027463922277092934,0.07305586338043213,3.3743371963500977,4,0.75,
fixed,0,179,1.5301324129104614,0.0,0.006688712164759636,0.1618337631225586,1.5820269584655762,4,0.25,
fixed,0,180,1.7917921543121338,0.0,0.014618699438869953,0.061437010765075684,1.8175326585769653,4,0.5,8.463844299316406
fixed,0,181,1.8035553693771362,0.0,0.012752383947372437,0.05879318714141846,1.8275694847106934,4,0.5,
fixed,0,182,2.0799436569213867,0.0,0.005387510638684034,0.15165603160858154,2.128134250640869,4,0.25,
fixed,0,183,1.8262462615966797,6.95461785653606e-05,0.004625597037374973,0.07099771499633789,1.8498930931091309,4,0.25,
fixed,0,184,2.5772790908813477,0.027190202847123146,0.00350587978027761,0.04709136486053467,2.6067545413970947,4,0.5,
fixed,0,185,2.8738646507263184,2.9161473236172242e-08,0.06432435661554337,0.04470813274383545,2.9194393157958984,4,0.25,14.958200454711914
fixed,0,186,2.3646743297576904,0.0,0.006713158916682005,0.23260509967803955,2.437812328338623,4,0.75,
fixed,0,187,2.404780864715576,0.00512344716116786,0.0,0.019295692443847656,2.4131312370300293,4,0.25,
fixed,0,188,3.0065083503723145,0.059653837233781815,0.0014063770649954677,0.17515325546264648,3.0895843505859375,4,0.75,
fixed,0,189,2.619706392288208,0.0,0.007166635245084763,0.22553372383117676,2.6909499168395996,4,0.75,
fixed,0,190,2.9727187156677246,0.04025385528802872,0.003176719881594181,0.06114935874938965,3.0127787590026855,4,0.5,5.9280314445495605
fixed,0,191,2.3435051441192627,0.03870745748281479,0.0004490231804084033,0.037624359130859375,2.374370574951172,4,0.25,
fixed,0,192,1.5936665534973145,0.0,0.008585317060351372,0.1402679681777954,1.6400395631790161,4,0.25,
fixed,0,193,1.7030223608016968,0.020056406036019325,0.1478884220123291,0.14648234844207764,1.830939531326294,4,0.25,
fixed,0,194,2.103137969970703,0.0,0.07308010756969452,0.4048268795013428,2.2611260414123535,4,0.0,
fixed,0,195,2.4769418239593506,0.0,0.01043660193681717,0.0823599100112915,2.5068681240081787,4,0.25,6.4863152503967285
fixed,0,196,2.2103452682495117,3.988776734331623e-05,0.06408598273992538,0.054174184799194336,2.2586605548858643,4,0.25,
fixed,0,197,2.526047706604004,0.0020145541056990623,0.009147358126938343,0.029038548469543457,2.5403401851654053,4,0.25,
fixed,0,198,2.0628647804260254,0.03043651022017002,0.0005767478724010289,0.032167911529541016,2.088021755218506,4,0.5,
fixed,0,199,1.2461178302764893,0.02269602380692959,0.022916726768016815,0.14438581466674805,1.3122400045394897,4,1.0,
fixed,0,200,1.238860845565796,0.03129531070590019,0.010212383233010769,0.05083513259887695,1.2748652696609497,4,0.5,9.159063339233398
fixed,0,201,2.0893971920013428,0.0025358740240335464,0.03775646165013313,0.05412173271179199,2.125779867172241,4,0.75,
fixed,0,202,1.9725595712661743,0.004209862090647221,0.026767387986183167,0.03776705265045166,1.9993783235549927,4,0.5,
fixed,0,203,3.687702178955078,0.007156440056860447,0.0,0.07410717010498047,3.713512659072876,4,0.0,
fixed,0,204,2.130620241165161,0.002207246609032154,0.016031567007303238,0.07953894138336182,2.1636013984680176,4,0.25,
fixed,0,205,1.344960331916809,0.0012212191941216588,0.03333907574415207,0.06946730613708496,1.3830807209014893,4,0.5,16.214994430541992
fixed,0,206,3.373422861099243,0.00048237983719445765,0.03571508824825287,0.08298969268798828,3.4164185523986816,4,0.5,
fixed,0,207,1.8766961097717285,0.0004598435771185905,0.044737495481967926,0.11065220832824707,1.9324904680252075,4,0.25,
fixed,0,208,1.8797569274902344,0.00012861029244959354,0.05335539951920509,0.09653043746948242,1.9354580640792847,4,0.75,
fixed,0,209,1.9775357246398926,0.0015878169797360897,0.021546052768826485,0.10852313041687012,2.0216596126556396,4,0.25,
fixed,0,210,1.0561472177505493,0.004140520002692938,0.027506079524755478,0.07613241672515869,1.0948102474212646,4,0.5,11.336743354797363
fixed,0,211,1.934552788734436,0.023303410038352013,0.043537553399801254,0.08246207237243652,1.9927119016647339,4,0.75,
fixed,0,212,1.3513922691345215,0.0031713845673948526,0.019797246903181076,0.15333497524261475,1.4088771343231201,4,0.75,
fixed,0,213,1.860133171081543,0.036724574863910675,0.016727548092603683,0.22007977962493896,1.9528831243515015,4,1.0,
fixed,0,214,2.431093215942383,0.027373243123292923,0.02457975223660469,0.13280153274536133,2.4969100952148438,4,1.0,
fixed,0,215,1.5061089992523193,0.02215619385242462,0.03177698701620102,0.08450937271118164,1.558428406715393,4,1.0,2.853886842727661
fixed,0,216,1.9787031412124634,0.009421690367162228,0.031119607388973236,0.08992588520050049,2.025951623916626,4,1.0,
fixed,0,217,1.7134790420532227,0.009021833539009094,0.037296511232852936,0.03337967395782471,1.7466521263122559,4,0.75,
fixed,0,218,2.3867673873901367,0.010666342452168465,0.002652267925441265,0.03490471839904785,2.403898000717163,4,0.5,
fixed,0,219,2.4657304286956787,0.00034652987960726023,0.052210189402103424,0.04958832263946533,2.506885290145874,4,0.25,
fixed,0,220,1.9488954544067383,0.00013889749243389815,0.08620736002922058,0.03006577491760254,2.0010883808135986,4,0.25,29.660634994506836
fixed,0,221,2.3611466884613037,0.0011399537324905396,0.05751340463757515,0.026713132858276367,2.3984873294830322,4,0.25,
fixed,0,222,2.326075315475464,0.006439871154725552,0.04770271107554436,0.027697443962097168,2.3614559173583984,4,0.5,
fixed,0,223,2.129316806793213,0.0,0.05444921553134918,0.09542560577392578,2.185168981552124,4,0.25,
fixed,0,224,2.7024714946746826,0.0038665244355797768,0.06594274938106537,0.030861973762512207,2.7466347217559814,4,0.5,
fixed,0,225,1.8387267589569092,0.0011534952791407704,0.08518480509519577,0.03009486198425293,1.890924334526062,4,0.5,24.931650161743164
fixed,0,226,2.236466884613037,6.246485281735659e-05,0.01186795812100172,0.10725176334381104,2.2746076583862305,4,0.25,
fixed,0,227,2.2331438064575195,0.018045691773295403,0.010226615704596043,0.0505523681640625,2.2624456882476807,4,0.5,
fixed,0,228,2.426866292953491,0.0039764707908034325,0.056121598929166794,0.12148356437683105,2.4933605194091797,4,0.0,
fixed,0,229,1.447391390800476,0.01116236113011837,0.0,0.05054450035095215,1.468135952949524,4,0.5,
fixed,0,230,2.265223503112793,0.003315908834338188,0.006454343441873789,0.05638551712036133,2.2870242595672607,4,0.25,2.7325422763824463
fixed,0,231,2.248610019683838,0.0014533527428284287,0.017650358378887177,0.36607837677001953,2.367985486984253,4,1.0,
fixed,0,232,3.210505247116089,0.011268701404333115,0.006537008099257946,0.253267765045166,3.2953884601593018,4,1.0,
fixed,0,233,2.0585336685180664,0.02023623138666153,0.009255439043045044,0.3173719644546509,2.1684911251068115,4,1.0,
fixed,0,234,1.4593086242675781,0.0006688943831250072,0.05900842696428299,0.04579281806945801,1.502885103225708,4,0.5,
fixed,0,235,1.113411784172058,0.0,0.0850629135966301,0.05100870132446289,1.171245813369751,4,0.5,22.998964309692383
fixed,0,236,1.6578843593597412,0.0001275598187930882,0.01580972597002983,0.03957629203796387,1.677725911140442,4,0.5,
fixed,0,237,2.51607346534729,3.948979610868264e-06,0.007353732828050852,0.08705353736877441,2.545868396759033,4,0.25,
fixed,0,238,1.8011159896850586,0.0,0.05015091598033905,0.059453487396240234,1.8440275192260742,4,0.25,
fixed,0,239,1.8691836595535278,0.02735227532684803,0.021482596173882484,0.07922685146331787,1.9173691272735596,4,0.75,
fixed,0,240,2.1930201053619385,0.0007356441346928477,0.02246977761387825,0.028051376342773438,2.213038206100464,4,0.5,7.285993576049805
fixed,0,241,1.6680163145065308,0.00012819323455914855,0.02484501525759697,0.0897674560546875,1.7074331045150757,4,0.75,
fixed,0,242,2.4006593227386475,0.0,0.00025857353466562927,0.31082630157470703,2.4940364360809326,4,0.0,
fixed,0,243,1.5364748239517212,0.0,0.012190109118819237,0.10234498977661133,1.5732734203338623,4,0.25,
fixed,0,244,2.3281712532043457,0.0,0.01589321903884411,0.03591740131378174,2.346893072128296,4,0.5,
fixed,0,245,1.9109296798706055,0.0,0.05550971254706383,0.03174924850463867,1.948209285736084,4,0.5,18.928693771362305
fixed,0,246,1.8134506940841675,0.044245339930057526,0.011130190454423428,0.0736701488494873,1.8632395267486572,4,0.75,
fixed,0,247,2.406590700149536,0.0003963533090427518,0.04539668187499046,0.038092970848083496,2.440915107727051,4,0.25,
fixed,0,248,1.7292366027832031,0.0013591593597084284,0.024031085893511772,0.03960371017456055,1.7538127899169922,4,0.5,
fixed,0,249,2.3545093536376953,0.00023423164384439588,0.00887754000723362,0.07863235473632812,2.382654905319214,4,0.25,
fixed,0,250,2.5329294204711914,0.00018252988229505718,0.026064852252602577,0.05369746685028076,2.562162399291992,4,0.5,10.86289119720459
fixed,0,251,1.5819264650344849,0.018558740615844727,0.015483496710658073,0.3014336824417114,1.6893776655197144,4,1.0,
fixed,0,252,2.569460868835449,0.03603297844529152,0.0,0.08223974704742432,2.612149238586426,4,0.25,
fixed,0,253,2.425680637359619,0.001500828773714602,0.011089793406426907,0.08698725700378418,2.4580721855163574,4,0.25,
fixed,0,254,1.4242805242538452,1.1043850463465787e-05,0.02605322375893593,0.07727622985839844,1.4604954719543457,4,0.5,
fixed,0,255,1.2194395065307617,0.024791888892650604,0.01939002051949501,0.1236870288848877,1.2786365747451782,4,0.75,0.7352874279022217
fixed,0,256,1.5914645195007324,8.68833449203521e-05,0.01280292309820652,0.18908202648162842,1.6546339988708496,4,0.75,
fixed,0,257,1.9998962879180908,0.0,0.03014940209686756,0.28870558738708496,2.1015827655792236,4,1.0,
fixed,0,258,2.0972206592559814,0.0,0.05722547322511673,0.1345362663269043,2.166194200515747,4,0.25,
fixed,0,259,1.3215237855911255,0.0,0.046962689608335495,0.11910605430603027,1.3807369470596313,4,0.25,
fixed,0,260,2.4030559062957764,0.0,0.06821995228528976,0.10948562622070312,2.4700114727020264,4,1.0,26.00316619873047
fixed,0,261,1.5545803308486938,0.0,0.017036931589245796,0.0791177749633789,1.5868340730667114,4,0.5,
fixed,0,262,1.4292685985565186,0.0018741481471806765,0.01611354574561119,0.06535220146179199,1.4578680992126465,4,0.5,
fixed,0,263,1.8273870944976807,0.00036367966094985604,0.018796183168888092,0.31555724143981934,1.9316341876983643,4,1.0,
fixed,0,264,1.5733011960983276,0.00032778727472759783,0.02214902825653553,0.12594592571258545,1.6223233938217163,4,0.75,
fixed,0,265,1.862630844116211,0.02990427426993847,0.009265456348657608,0.05670297145843506,1.8992265462875366,4,0.5,7.195634365081787
fixed,0,266,1.3517889976501465,0.001523402868770063,0.01610342040657997,0.04229402542114258,1.3732906579971313,4,0.5,
fixed,0,267,1.9680302143096924,0.013068724423646927,0.0072777108289301395,0.039148688316345215,1.989948034286499,4,0.5,
fixed,0,268,2.740659475326538,0.0,0.023196540772914886,0.038576364517211914,2.7638306617736816,4,0.5,
fixed,0,269,2.292792797088623,0.0,0.014730281196534634,0.04244375228881836,2.3128910064697266,4,0.5,
fixed,0,270,1.4293838739395142,0.011120835319161415,0.023398512974381447,0.0385899543762207,1.4582204818725586,4,0.75,5.621198654174805
fixed,0,271,1.9300042390823364,0.0,0.042967356741428375,0.3206005096435547,2.047667980194092,4,0.0,
fixed,0,272,2.5537288188934326,0.0,0.02659355103969574,0.06283712387084961,2.585876703262329,4,0.5,
fixed,0,273,1.2301706075668335,0.0,0.02554197609424591,0.05877530574798584,1.260574221611023,4,0.5,
fixed,0,274,1.7696094512939453,0.011957226321101189,0.010994631797075272,0.07177412509918213,1.8026176691055298,4,0.5,
fixed,0,275,2.0325632095336914,0.0,0.024174027144908905,0.027671337127685547,2.0529515743255615,4,0.5,11.588531494140625
fixed,0,276,1.776368498802185,0.0,0.014095035381615162,0.05134260654449463,1.798818826675415,4,0.5,
fixed,0,277,2.3812308311462402,0.0024953302927315235,0.03262920305132866,0.02319788932800293,2.405752420425415,4,0.5,
fixed,0,278,1.4423397779464722,0.0,0.012731928378343582,0.05537426471710205,1.465317964553833,4,0.25,
fixed,0,279,1.8374433517456055,0.0,0.033136166632175446,0.2592315673828125,1.9317809343338013,4,1.0,
fixed,0,280,2.0869765281677246,0.0,0.02997121959924698,0.06463479995727539,2.1213526725769043,4,0.75,13.442514419555664
fixed,0,281,1.9256809949874878,0.0006418086122721434,0.008353348821401596,0.046593427658081055,1.9441566467285156,4,0.5,
fixed,0,282,2.0976104736328125,0.00147816666867584,0.007013933267444372,0.16518640518188477,2.1514124870300293,4,0.75,
fixed,0,283,1.8524508476257324,0.0014324550284072757,0.005631930660456419,0.04302787780761719,1.8688913583755493,4,0.5,
fixed,0,284,2.3502776622772217,0.039835382252931595,0.003728835843503475,0.05976271629333496,2.389988660812378,4,0.5,
fixed,0,285,2.0036423206329346,0.03753887489438057,0.012676769867539406,0.1297445297241211,2.067673444747925,4,0.75,1.9940385818481445
fixed,0,286,2.028569221496582,0.0,0.021347830072045326,0.3809800148010254,2.1535370349884033,4,1.0,
fixed,0,287,1.9026604890823364,0.0,0.008134519681334496,0.06638908386230469,1.9266444444656372,4,0.5,
fixed,0,288,2.1413941383361816,0.0015545292990282178,0.01702176220715046,0.36370396614074707,2.259793519973755,4,1.0,
fixed,0,289,2.3068950176239014,0.0,0.006596697960048914,0.1855788230895996,2.3658668994903564,4,0.25,
fixed,0,290,3.25767183303833,0.05399122089147568,0.05967624858021736,0.1207648515701294,3.3507349491119385,4,0.75,9.521867752075195
fixed,0,291,2.173260450363159,0.0,0.008861980400979519,0.1932079792022705,2.235653877258301,4,0.25,
fixed,0,292,2.123776435852051,0.0,0.01675650291144848,0.05238664150238037,2.1478707790374756,4,0.5,
fixed,0,293,2.4674599170684814,0.02710949257016182,0.010055174119770527,0.048972368240356445,2.5007338523864746,4,0.5,
fixed,0,294,3.4165384769439697,0.0,0.02043323405086994,0.03663444519042969,3.4377453327178955,4,0.5,
fixed,0,295,1.4171687364578247,0.0,0.03942891210317612,0.033074021339416504,1.4468053579330444,4,0.75,16.97291374206543
fixed,0,296,2.0247652530670166,0.0,0.026267776265740395,0.06595802307128906,2.0576865673065186,4,0.75,
fixed,0,297,2.496070623397827,0.0,0.01579415053129196,0.29625701904296875,2.5928447246551514,4,0.0,
fixed,0,298,1.7550289630889893,0.0,0.025788161903619766,0.0744483470916748,1.7902575731277466,4,0.75,
fixed,0,299,2.384655237197876,0.02285807952284813,0.013064490631222725,0.23377645015716553,2.4727494716644287,4,1.0,
fixed,0,300,3.2573068141937256,0.022089892998337746,0.00773780420422554,0.06481695175170898,3.29166579246521,4,0.75,4.298404693603516
fixed,0,301,1.8047109842300415,0.0003808140172623098,0.010566548444330692,0.10563945770263672,1.84187650680542,4,0.25,
fixed,0,302,2.4232800006866455,0.0,0.02870914526283741,0.0689694881439209,2.4583253860473633,4,0.75,
fixed,0,303,1.5640003681182861,0.026732731610536575,0.011006370186805725,0.032578349113464355,1.5926433801651,4,0.5,
fixed,0,304,1.9035356044769287,2.9268268917803653e-05,0.039545536041259766,0.15788030624389648,1.9706871509552002,4,1.0,
fixed,0,305,1.5318291187286377,1.590317697264254e-05,0.0084909712895751,0.04663646221160889,1.550073504447937,4,0.5,5.163479804992676
fixed,0,306,1.9244129657745361,0.0,0.0432591438293457,0.18921756744384766,2.002807855606079,4,1.0,
fixed,0,307,2.534043550491333,0.023204032331705093,0.029688168317079544,0.04958844184875488,2.575366258621216,4,0.75,
fixed,0,308,2.5604429244995117,0.00683434447273612,0.011002860963344574,0.054848670959472656,2.5858161449432373,4,0.5,
fixed,0,309,2.154792547225952,3.227554771001451e-05,0.03576838597655296,0.06465744972229004,2.1920900344848633,4,0.75,
fixed,0,310,1.2918955087661743,3.823729954888222e-08,0.019874047487974167,0.08417809009552002,1.3270859718322754,4,0.75,11.502828598022461
fixed,0,311,2.5105745792388916,0.02410300262272358,0.02261630818247795,0.08139932155609131,2.558354139328003,4,0.75,
fixed,0,312,2.298788070678711,0.0,0.041657380759716034,0.20207905769348145,2.3802404403686523,4,1.0,
fixed,0,313,2.474231481552124,0.0,0.014773926697671413,0.16150033473968506,2.5300686359405518,4,0.25,
fixed,0,314,1.6014080047607422,0.017373094335198402,0.022595610469579697,0.0762486457824707,1.644266963005066,4,0.75,
fixed,0,315,2.6370019912719727,0.019391661509871483,0.033895619213581085,0.1940528154373169,2.7218613624572754,4,1.0,11.156023979187012
fixed,0,316,3.688689708709717,0.024603895843029022,0.014482351951301098,0.04335951805114746,3.721240758895874,4,0.5,
fixed,0,317,1.791374921798706,0.0,0.04049838334321976,0.07284367084503174,1.833477258682251,4,0.75,
fixed,0,318,1.8202524185180664,0.0,0.03431854769587517,0.05547952651977539,1.8540555238723755,4,0.75,
fixed,0,319,2.244067907333374,0.0,0.012589244171977043,0.17528128623962402,2.3029468059539795,4,0.25,
fixed,0,320,1.352590799331665,0.0,0.04331950843334198,0.06460535526275635,1.393632173538208,4,0.75,23.277189254760742
fixed,0,321,2.2614023685455322,0.0,0.06876043230295181,0.10468363761901855,2.3271877765655518,4,1.0,
fixed,0,322,2.114014148712158,0.016657590866088867,0.04795355722308159,0.054613709449768066,2.1627037525177,4,0.5,
fixed,0,323,2.1286497116088867,0.0,0.04454459249973297,0.06327009201049805,2.169903039932251,4,0.75,
fixed,0,324,2.172527551651001,0.03796279430389404,0.010144350118935108,0.08381021022796631,2.221724271774292,4,0.75,
fixed,0,325,2.3887884616851807,0.0053186602890491486,0.010452809743583202,0.10957992076873779,2.4295482635498047,4,0.25,2.9474897384643555
fixed,0,326,1.5765528678894043,0.00626805704087019,0.019203195348381996,0.06016731262207031,1.6073386669158936,4,0.75,
fixed,0,327,1.7693300247192383,0.0,0.012654033489525318,0.18372607231140137,1.8307749032974243,4,0.25,
fixed,0,328,2.3442952632904053,0.0,0.027589663863182068,0.05865764617919922,2.37568736076355,4,0.75,
fixed,0,329,2.009242057800293,3.839534201688366e-06,0.016199279576539993,0.09382462501525879,2.0454909801483154,4,0.75,
fixed,0,330,2.157367706298828,1.9406055798754096e-05,0.011822065338492393,0.0837177038192749,2.188403844833374,4,0.25,6.842264652252197
fixed,0,331,1.6797980070114136,0.0,0.01744215376675129,0.03077864646911621,1.6977527141571045,4,0.5,
fixed,0,332,2.072282075881958,0.0,0.025289522483944893,0.09066474437713623,2.112126350402832,4,0.75,
fixed,0,333,1.6431834697723389,0.0010296367108821869,0.02721656858921051,0.10127913951873779,1.687690258026123,4,0.75,
fixed,0,334,1.7143362760543823,0.01141846738755703,0.01757410354912281,0.1863030195236206,1.7847235202789307,4,1.0,
fixed,0,335,1.5312143564224243,0.01472510490566492,0.020564021542668343,0.23175108432769775,1.6183842420578003,4,1.0,5.7365946769714355
fixed,0,336,1.3122649192810059,0.0,0.022350195795297623,0.09134566783905029,1.3508436679840088,4,0.75,
fixed,0,337,2.8024721145629883,0.018864905461668968,0.001949213445186615,0.12206912040710449,2.8494999408721924,4,0.25,
fixed,0,338,2.439192056655884,0.032305315136909485,0.023991482332348824,0.286105751991272,2.5531721115112305,4,1.0,
fixed,0,339,1.4857523441314697,0.0,0.023789867758750916,0.08561384677886963,1.5233314037322998,4,0.75,
fixed,0,340,2.029759168624878,0.02594016306102276,0.00958279985934496,0.055138587951660156,2.0640621185302734,4,0.5,3.890597105026245
fixed,0,341,2.2360944747924805,0.0,0.016434170305728912,0.17066192626953125,2.2955100536346436,4,0.25,
fixed,0,342,2.5893521308898926,0.0,0.04512394964694977,0.03689098358154297,2.622981309890747,4,0.75,
fixed,0,343,1.7802702188491821,0.0,0.0021920546423643827,0.1659756898880005,1.831158995628357,4,0.25,
fixed,0,344,2.403975248336792,0.0,0.04260411858558655,0.039014220237731934,2.436981678009033,4,0.75,
fixed,0,345,2.5856451988220215,0.0,0.0021158363670110703,0.16245484352111816,2.63543963432312,4,0.25,3.187579393386841
fixed,0,346,2.983476400375366,0.0,0.030064355581998825,0.0715409517288208,3.0199708938598633,4,0.75,
fixed,0,347,2.1153781414031982,0.0,0.028859015554189682,0.07656383514404297,2.1527767181396484,4,0.75,
fixed,0,348,2.256572723388672,0.021596634760499,0.02084355428814888,0.06313943862915039,2.296734571456909,4,0.75,
fixed,0,349,2.288039207458496,0.0,0.02204025164246559,0.03561210632324219,2.3097429275512695,4,0.5,
fixed,0,350,2.309760332107544,0.0,0.007470024283975363,0.09803056716918945,2.342904567718506,4,0.25,4.485607147216797
fixed,0,351,2.7313408851623535,0.0,0.02996785193681717,0.08897233009338379,2.7730164527893066,4,0.75,
fixed,0,352,3.150700330734253,0.0,0.03300488740205765,0.08761096000671387,3.193485975265503,4,0.75,
fixed,0,353,1.5383820533752441,0.0,0.004625032190233469,0.08614325523376465,1.5665374994277954,4,0.25,
fixed,0,354,2.747411012649536,0.02803037501871586,0.0071029821410775185,0.17201530933380127,2.816582202911377,4,0.75,
fixed,0,355,2.6292002201080322,0.0,0.006045511923730373,0.0832529067993164,2.657198905944824,4,0.25,3.9274234771728516
fixed,0,356,2.4243650436401367,0.002208293415606022,0.005164290312677622,0.1593625545501709,2.475860118865967,4,0.75,
fixed,0,357,1.8933721780776978,0.033561453223228455,0.00811220146715641,0.17853665351867676,1.967769980430603,4,0.75,
fixed,0,358,2.1619443893432617,0.029531337320804596,0.005429706070572138,0.049501895904541016,2.194275379180908,4,0.5,
fixed,0,359,2.1204609870910645,5.987102122162469e-05,0.009447289630770683,0.05184340476989746,2.1407675743103027,4,0.5,
fixed,0,360,0.9014227390289307,0.02447851561009884,0.005165988113731146,0.04883575439453125,0.9308957457542419,4,0.5,3.9776346683502197
fixed,0,361,2.0482141971588135,0.0,0.01997295767068863,0.06751000881195068,2.078453779220581,4,0.75,
fixed,0,362,1.5110639333724976,0.00122583017218858,0.00682447012513876,0.07657837867736816,1.538062572479248,4,0.25,
fixed,0,363,1.9066208600997925,0.024260200560092926,0.01218681875616312,0.04874742031097412,1.9394686222076416,4,0.75,
fixed,0,364,1.714269995689392,0.038862913846969604,0.010608494281768799,0.05005359649658203,1.7540217638015747,4,0.75,
fixed,0,365,1.2299909591674805,0.0,0.026092147454619408,0.05834317207336426,1.2605400085449219,4,0.5,11.855164527893066
fixed,0,366,2.3530428409576416,0.0,0.020310692489147186,0.21978116035461426,2.4291324615478516,4,0.25,
fixed,0,367,1.250548005104065,0.013988479971885681,0.04256141185760498,0.10934662818908691,1.31162691116333,4,1.0,
fixed,0,368,1.8548095226287842,0.0,0.04435422644019127,0.10660958290100098,1.908969521522522,4,0.25,
fixed,0,369,2.1656877994537354,0.0,0.016274115070700645,0.05774664878845215,2.1911487579345703,4,0.5,
fixed,0,370,1.6440110206604004,0.02337600849568844,0.0017614166717976332,0.06937301158905029,1.6773916482925415,4,0.5,11.24597454071045
fixed,0,371,1.4445388317108154,0.0,0.025487465783953667,0.051904916763305664,1.4728540182113647,4,0.5,
fixed,0,372,2.6782102584838867,0.022904783487319946,0.02215934917330742,0.021358966827392578,2.7071499824523926,4,0.5,
fixed,0,373,2.0431065559387207,0.015596545301377773,0.03178209811449051,0.030610084533691406,2.075978994369507,4,0.75,
fixed,0,374,2.4479479789733887,0.0,0.053396835923194885,0.02781200408935547,2.482990026473999,4,0.75,
fixed,0,375,2.568345546722412,0.0,0.0457899272441864,0.03911089897155762,2.602973699569702,4,0.75,20.214820861816406
fixed,0,376,2.107509136199951,0.0,0.02406891994178295,0.05740189552307129,2.1367640495300293,4,0.75,
fixed,0,377,1.7246736288070679,0.02216663956642151,0.02094990387558937,0.08047306537628174,1.770373821258545,4,0.75,
fixed,0,378,1.7589435577392578,0.0,0.024563467130064964,0.07427072525024414,1.7935065031051636,4,0.5,
fixed,0,379,1.7377206087112427,0.0,0.020538095384836197,0.07723605632781982,1.7711604833602905,4,0.5,
fixed,0,380,2.002208709716797,0.02506147511303425,0.001826346619054675,0.07025146484375,2.0367281436920166,4,0.5,8.31075382232666
fixed,0,381,2.7541141510009766,0.0,0.017331071197986603,0.07805836200714111,2.7861971855163574,4,0.5,
fixed,0,382,2.8053648471832275,0.0,0.007411702536046505,0.16677260398864746,2.859102487564087,4,0.25,
fixed,0,383,2.762622594833374,0.0008423487306572497,0.0014672065153717995,0.06416845321655273,2.7830278873443604,4,0.5,
fixed,0,384,2.420586585998535,0.0,0.006956965662539005,0.12274336814880371,2.460888147354126,4,0.25,
fixed,0,385,1.7806905508041382,0.0,0.004893376026302576,0.10843074321746826,1.8156664371490479,4,0.25,3.8503427505493164
fixed,0,386,1.3853446245193481,0.0012492197565734386,0.01118530798703432,0.04221546649932861,1.404226541519165,4,0.5,
fixed,0,387,1.6247265338897705,6.990591828071047e-06,0.005457927472889423,0.06708669662475586,1.6475850343704224,4,0.25,
fixed,0,388,1.2809550762176514,0.0014185250038281083,0.007763131521642208,0.15751492977142334,1.3328003883361816,4,0.75,
fixed,0,389,2.2731282711029053,0.0028606150299310684,0.007395253051072359,0.42640477418899536,2.406177520751953,4,1.0,
fixed,0,390,1.907452940940857,0.03783835470676422,0.008364620618522167,0.1503920555114746,1.9756720066070557,4,0.75,1.9679449796676636
fixed,0,391,1.7801305055618286,0.00025381040177308023,0.0040643950924277306,0.028676390647888184,1.790892481803894,4,0.5,
fixed,0,392,2.282989978790283,0.0,0.02022654563188553,0.3600132465362549,2.4011073112487793,4,1.0,
fixed,0,393,2.461432456970215,0.0001763418986229226,0.01319592259824276,0.09547305107116699,2.496760606765747,4,0.75,
fixed,0,394,0.8705979585647583,0.02922101877629757,0.011630832217633724,0.102561354637146,0.9217922687530518,4,0.75,
fixed,0,395,1.352286458015442,0.0,0.03139319270849228,0.264867901802063,1.4474434852600098,4,1.0,13.625060081481934
fixed,0,396,2.3102805614471436,0.0,0.0206930972635746,0.08658695220947266,2.3466031551361084,4,0.75,
fixed,0,397,2.03249192237854,0.022179633378982544,0.017896797508001328,0.06084752082824707,2.070784330368042,4,0.75,
fixed,0,398,1.3790462017059326,0.0,0.030583925545215607,0.26127827167510986,1.4727216958999634,4,1.0,
fixed,0,399,1.7584511041641235,0.016206009313464165,0.016664402559399605,0.06420314311981201,1.794147253036499,4,0.75,
fixed,0,400,1.73104727268219,0.0,0.012841559015214443,0.22001135349273682,1.8034714460372925,4,0.25,6.510026931762695
fixed,0,401,2.185166358947754,0.0,0.04658278822898865,0.10898196697235107,2.241152286529541,4,1.0,
fixed,0,402,2.1175177097320557,0.0,0.03557519614696503,0.0435643196105957,2.148374557495117,4,0.75,
fixed,0,403,2.021094799041748,0.006368569564074278,0.017472179606556892,0.13313531875610352,2.072955846786499,4,0.5,
fixed,0,404,2.1914243698120117,0.0,0.006390811409801245,0.10843753814697266,2.2271509170532227,4,0.5,
fixed,0,405,1.9514851570129395,0.030121639370918274,0.01824086904525757,0.19353485107421875,2.033726930618286,4,1.0,3.6363022327423096
fixed,0,406,3.205491781234741,0.0,0.015716809779405594,0.10884594917297363,3.2460038661956787,4,0.5,
fixed,0,407,2.2055907249450684,0.012937627732753754,0.004797864705324173,0.2747812271118164,2.2968928813934326,4,0.25,
fixed,0,408,2.895907163619995,0.0,0.04330761358141899,0.1078568696975708,2.949918031692505,4,0.5,
fixed,0,409,2.2473833560943604,0.0,0.05186036601662636,0.04967641830444336,2.2882163524627686,4,0.75,
fixed,0,410,1.6629773378372192,0.0,0.043519727885723114,0.06848418712615967,1.70528244972229,4,0.75,19.257368087768555
fixed,0,411,1.4619346857070923,0.012988504953682423,0.0408947728574276,0.14024138450622559,1.5309487581253052,4,1.0,
fixed,0,412,1.7686353921890259,0.016880299896001816,0.016640255227684975,0.06759381294250488,1.8056738376617432,4,0.5,
fixed,0,413,2.0681254863739014,0.0,0.012618823908269405,0.05335116386413574,2.090440273284912,4,0.5,
fixed,0,414,1.4990712404251099,0.0,0.031195268034934998,0.06282782554626465,1.5335172414779663,4,0.5,
fixed,0,415,2.133507490158081,0.020605862140655518,0.017229080200195312,0.05565810203552246,2.1691224575042725,4,0.5,2.8698461055755615
fixed,0,416,2.1993191242218018,0.02159309573471546,0.01489318162202835,0.08994221687316895,2.2445449829101562,4,0.75,
fixed,0,417,1.4561716318130493,0.017636125907301903,0.010357579216361046,0.05331408977508545,1.4861626625061035,4,0.75,
fixed,0,418,1.7682687044143677,0.0,0.013354482129216194,0.06005275249481201,1.7929617166519165,4,0.5,
fixed,0,419,2.821631669998169,0.0,0.029790235683321953,0.06829047203063965,2.8570139408111572,4,0.75,
fixed,0,420,1.5090538263320923,0.0180649571120739,0.007501697167754173,0.053258419036865234,1.537814736366272,4,0.5,2.852078437805176
fixed,0,421,1.9275486469268799,0.0008367350674234331,0.01681387424468994,0.036502838134765625,1.9473247528076172,4,0.5,
fixed,0,422,1.9235634803771973,0.02325275167822838,0.007585363462567329,0.05233561992645264,1.9546831846237183,4,0.5,
fixed,0,423,1.5977784395217896,0.0,0.016171930357813835,0.049048423767089844,1.6205788850784302,4,0.5,
fixed,0,424,1.9221575260162354,0.0,0.012659775093197823,0.04734230041503906,1.942690134048462,4,0.5,
fixed,0,425,1.8585481643676758,0.0,0.020103367045521736,0.049155473709106445,1.883346438407898,4,0.5,8.182647705078125
fixed,0,426,2.502196788787842,0.0,0.0021418954711407423,0.4318351149559021,2.6328182220458984,4,0.0,
fixed,0,427,1.9907089471817017,0.0,0.01123780943453312,0.054785728454589844,2.012763500213623,4,0.5,
fixed,0,428,1.6310994625091553,0.035562362521886826,0.003534075105562806,0.06563317775726318,1.6703376770019531,4,0.5,
fixed,0,429,2.7331137657165527,0.0,0.014858252368867397,0.04190933704376221,2.753115653991699,4,0.5,
fixed,0,430,1.8806818723678589,0.0,0.01644676923751831,0.13728809356689453,1.9300917387008667,4,0.75,8.053268432617188
fixed,0,431,1.8525124788284302,0.0,0.009580501355230808,0.04882216453552246,1.8719494342803955,4,0.5,
fixed,0,432,1.8690214157104492,0.0016767180059105158,0.006116222124546766,0.1203603744506836,1.909026026725769,4,0.75,
fixed,0,433,1.841378092765808,0.0,0.00853084959089756,0.047353506088256836,1.8598495721817017,4,0.5,
fixed,0,434,1.6618908643722534,0.0,0.008290551602840424,0.048317551612854004,1.68053138256073,4,0.5,
fixed,0,435,2.1658239364624023,2.0793815565411933e-05,0.0035447708796709776,0.030263900756835938,2.1766858100891113,4,0.5,2.284593105316162
fixed,0,436,2.757650136947632,0.0,0.005733600351959467,0.08350110054016113,2.785567283630371,4,0.25,
fixed,0,437,1.315679907798767,0.0,0.005550331436097622,0.08666872978210449,1.3444557189941406,4,0.25,
fixed,0,438,1.3390616178512573,0.0,0.009436476044356823,0.18500792980194092,1.3992822170257568,4,0.75,
fixed,0,439,1.775609016418457,0.0,0.01543322391808033,0.12956643104553223,1.8221955299377441,4,0.75,
fixed,0,440,2.2498583793640137,0.0002679056487977505,0.007041876669973135,0.14031291007995605,2.295607089996338,4,0.75,3.8447659015655518
fixed,0,441,2.2430436611175537,0.0,0.006390746217221022,0.07216382026672363,2.267888069152832,4,0.5,
fixed,0,442,1.0763105154037476,0.0,0.0044753942638635635,0.04281115531921387,1.0913915634155273,4,0.25,
fixed,0,443,1.730638861656189,0.0,0.014701650477945805,0.05529212951660156,1.7545772790908813,4,0.5,
fixed,0,444,2.5815374851226807,0.0,0.0037090543191879988,0.1254889965057373,2.6210386753082275,4,0.25,
fixed,0,445,1.6580491065979004,0.0,0.005529196001589298,0.08091199398040771,1.6850873231887817,4,0.5,3.3910470008850098
fixed,0,446,1.8927621841430664,0.0,0.02026311121881008,0.38684213161468506,2.018946409225464,4,1.0,
fixed,0,447,1.9141814708709717,0.0,0.004925620276480913,0.03874063491821289,1.9282665252685547,4,0.25,
fixed,0,448,2.0523812770843506,0.039388567209243774,0.016756560653448105,0.10492479801177979,2.111931324005127,4,0.75,
fixed,0,449,1.5566363334655762,0.0,0.008017892017960548,0.05864071846008301,1.578237533569336,4,0.5,
fixed,0,450,1.8478881120681763,0.0,0.007771766744554043,0.06478667259216309,1.871209979057312,4,0.5,4.6909708976745605
fixed,0,451,2.2848658561706543,0.0,0.006534949876368046,0.07181155681610107,2.3096768856048584,4,0.5,
fixed,0,452,2.5440704822540283,0.0,0.007380102761089802,0.06798422336578369,2.5681557655334473,4,0.5,
fixed,0,453,1.1801800727844238,0.0,0.005623762495815754,0.13117587566375732,1.2223447561264038,4,0.25,
fixed,0,454,1.8941022157669067,0.0,0.0095752514898777,0.1729726791381836,1.9507817029953003,4,0.75,
fixed,0,455,1.778411626815796,0.0,0.0066516767255961895,0.0654292106628418,1.8013662099838257,4,0.5,4.2321062088012695
fixed,0,456,1.6984775066375732,0.0382106713950634,0.00302814319729805,0.11950802803039551,1.7549493312835693,4,0.25,
fixed,0,457,2.1824047565460205,0.0,0.006326277740299702,0.06040668487548828,2.2036898136138916,4,0.5,
fixed,0,458,0.7641911506652832,0.0,0.010859810747206211,0.1507861614227295,0.8148568868637085,4,0.75,
fixed,0,459,1.2321120500564575,0.001588917919434607,0.006363659165799618,0.1600712537765503,1.2841097116470337,4,0.75,
fixed,0,460,1.8266255855560303,0.03291064128279686,0.0018972423858940601,0.10197246074676514,1.8746212720870972,4,0.25,6.5950751304626465
fixed,0,461,1.8812799453735352,0.03254910185933113,0.013735122978687286,0.3923194408416748,2.022117853164673,4,1.0,
fixed,0,462,1.7509851455688477,0.0,0.014426729641854763,0.11702311038970947,1.7933053970336914,4,0.75,
fixed,0,463,1.9423065185546875,0.030894184485077858,0.008382875472307205,0.03342258930206299,1.971971869468689,4,0.5,
fixed,0,464,1.3535797595977783,0.026796523481607437,0.0018734349869191647,0.15572118759155273,1.4146311283111572,4,0.25,
fixed,0,465,1.8554774522781372,0.03932419419288635,0.0015083705075085163,0.04425966739654541,1.8891716003417969,4,0.5,10.902092933654785
fixed,0,466,1.6826176643371582,0.0,0.044804591685533524,0.029515385627746582,1.7138745784759521,4,0.5,
fixed,0,467,1.7168141603469849,0.0,0.025894753634929657,0.10780143737792969,1.7621020078659058,4,0.25,
fixed,0,468,1.8392201662063599,0.012029166333377361,0.015652449801564217,0.06925833225250244,1.8738384246826172,4,0.5,
fixed,0,469,2.273240327835083,0.0,0.025898488238453865,0.058867692947387695,2.303849935531616,4,0.5,
fixed,0,470,1.2502777576446533,0.0,0.033884741365909576,0.07651543617248535,1.2901747226715088,4,0.5,12.049822807312012
fixed,0,471,1.3262766599655151,0.0,0.06641260534524918,0.03171241283416748,1.3689967393875122,4,0.5,
fixed,0,472,2.1442131996154785,0.011008412577211857,0.02027260512113571,0.06274783611297607,2.178678035736084,4,0.75,
fixed,0,473,1.0471198558807373,0.0,0.021335920318961143,0.10359108448028564,1.0888651609420776,4,0.5,
fixed,0,474,1.6980408430099487,0.0,0.012670757248997688,0.2136162519454956,1.7684611082077026,4,0.25,
fixed,0,475,2.816004753112793,0.0,0.016295401379466057,0.19883501529693604,2.883802890777588,4,0.75,9.940345764160156
fixed,0,476,1.2866519689559937,0.03817576915025711,0.010001914575695992,0.22707641124725342,1.3788636922836304,4,0.75,
fixed,0,477,2.067089557647705,0.0,0.012567047029733658,0.11816883087158203,2.108823776245117,4,0.75,
fixed,0,478,2.032250165939331,0.0,0.014796233735978603,0.08296084403991699,2.0645365715026855,4,0.5,
fixed,0,479,1.900295376777649,0.0,0.006892968900501728,0.12280535697937012,1.9405834674835205,4,0.25,
fixed,0,480,1.9709668159484863,0.0,0.009209347888827324,0.0853496789932251,2.001176357269287,4,0.5,6.2265119552612305
fixed,0,481,2.4658358097076416,0.0,0.013745095580816269,0.18732547760009766,2.5289061069488525,4,0.75,
fixed,0,482,1.9466986656188965,0.0,0.011905805207788944,0.1931530237197876,2.0105974674224854,4,0.75,
fixed,0,483,2.2055742740631104,0.0,0.006533578038215637,0.07447576522827148,2.2311837673187256,4,0.5,
fixed,0,484,2.013538360595703,7.041976641630754e-05,0.00945841334760189,0.12433791160583496,2.0556042194366455,4,0.75,
fixed,0,485,2.6506025791168213,0.0,0.013951843604445457,0.16067051887512207,2.705779552459717,4,0.75,8.383216857910156
fixed,0,486,1.4175686836242676,5.972629151074216e-05,0.01607370376586914,0.3302617073059082,1.5247138738632202,4,1.0,
fixed,0,487,2.31595778465271,0.0,0.0073049599304795265,0.030181288719177246,2.328664541244507,4,0.25,
fixed,0,488,2.328216075897217,0.025977998971939087,7.812364492565393e-05,0.08882737159729004,2.367892265319824,4,0.25,
fixed,0,489,1.9827980995178223,0.0,0.007720735389739275,0.08319556713104248,2.0116171836853027,4,0.25,
fixed,0,490,1.67630934715271,0.023573173210024834,0.014045819640159607,0.03691458702087402,1.706193208694458,4,0.5,2.431626319885254
fixed,0,491,2.449721574783325,0.0,0.008930258452892303,0.04637014865875244,2.468097686767578,4,0.25,
fixed,0,492,1.964365839958191,0.0,0.03831794857978821,0.21425914764404297,2.047802448272705,4,1.0,
fixed,0,493,2.6420955657958984,0.0,0.02405308559536934,0.03205394744873047,2.663738250732422,4,0.5,
fixed,0,494,2.125063180923462,0.0,0.014465803280472755,0.07585597038269043,2.155052900314331,4,0.75,
fixed,0,495,2.7063443660736084,0.0,0.0215794388204813,0.10301387310028076,2.7480382919311523,4,0.75,11.628074645996094
fixed,0,496,2.858602285385132,0.0,0.009418323636054993,0.13487660884857178,2.9037744998931885,4,0.25,
fixed,0,497,1.6705150604248047,0.026899531483650208,0.021250871941447258,0.037079572677612305,1.7057141065597534,4,0.5,
fixed,0,498,1.5503500699996948,0.0,0.010248015634715557,0.16347777843475342,1.6045174598693848,4,0.25,
fixed,0,499,2.1948134899139404,0.0,0.01683989353477955,0.055428147315979004,2.2198619842529297,4,0.5,
fixed,0,500,0.9109537601470947,0.0,0.005456193815916777,0.11678123474121094,0.9487162232398987,4,0.25,4.168522357940674
fixed,0,501,1.9877374172210693,0.021493634209036827,0.0014202571474015713,0.032483577728271484,2.008939504623413,4,0.5,
fixed,0,502,2.1499969959259033,5.038822564529255e-05,0.0150291807949543,0.3470790386199951,2.261660575866699,4,1.0,
fixed,0,503,1.746950626373291,0.024598747491836548,0.016183678060770035,0.08087348937988281,1.791603922843933,4,0.75,
fixed,0,504,2.461855888366699,6.309747550403699e-05,0.019837992265820503,0.020786643028259277,2.4780423641204834,4,0.5,
fixed,0,505,0.6302999258041382,0.0,0.014242303557693958,0.03346824645996094,0.6474615335464478,4,0.5,7.336921215057373
fixed,0,506,1.8514922857284546,0.0,0.017827723175287247,0.12039375305175781,1.8965243101119995,4,0.75,
fixed,0,507,2.6129531860351562,0.04604120925068855,0.014562860131263733,0.06919205188751221,2.664012908935547,3,0.75,
fixed,0,508,1.8074531555175781,0.03252040967345238,0.008907273411750793,0.05513131618499756,1.844706416130066,4,0.5,
fixed,0,509,2.1548609733581543,0.01713564433157444,0.023202212527394295,0.13934803009033203,2.216834306716919,4,0.75,
fixed,0,510,1.506370186805725,0.0,0.03265368193387985,0.0582735538482666,1.5401791334152222,4,0.75,13.886178016662598
fixed,0,511,1.6862033605575562,0.0,0.010129728354513645,0.13057518005371094,1.7304407358169556,4,0.25,
fixed,0,512,2.27156662940979,0.0,0.023590274155139923,0.04253435134887695,2.2961220741271973,4,0.5,
fixed,0,513,2.5278589725494385,0.0,0.017917603254318237,0.06684207916259766,2.556870460510254,4,0.25,
fixed,0,514,2.0586915016174316,0.0,0.010903396643698215,0.16108345985412598,2.1124682426452637,4,0.25,
fixed,0,515,2.205540180206299,0.0,0.007824229076504707,0.2850477695465088,2.294966697692871,4,0.0,5.141572952270508
fixed,0,516,2.3372979164123535,0.0,0.00940721295773983,0.12671422958374023,2.3800158500671387,4,0.25,
fixed,0,517,2.3470544815063477,0.0,0.02903055027127266,0.07858335971832275,2.3851447105407715,4,0.75,
fixed,0,518,2.7680294513702393,0.0,0.002993026515468955,0.0622401237487793,2.7881979942321777,4,0.25,
fixed,0,519,2.0887091159820557,0.00010314233804820105,0.014110508374869823,0.02153921127319336,2.1022777557373047,4,0.5,
fixed,0,520,1.9123245477676392,0.0,0.021491866558790207,0.1098179817199707,1.9560158252716064,4,0.75,10.811053276062012
fixed,0,521,2.144362449645996,0.0,0.015955759212374687,0.02585756778717041,2.160097599029541,4,0.5,
fixed,0,522,1.8425277471542358,0.0,0.021557169035077095,0.044158220291137695,1.866553783416748,4,0.5,
fixed,0,523,2.116807460784912,0.0,0.009796418249607086,0.049643874168395996,2.136598825454712,4,0.5,
fixed,0,524,1.671495795249939,0.0,0.010895811952650547,0.21521902084350586,1.7415094375610352,4,0.75,
fixed,0,525,1.8018639087677002,0.0,0.0013281359570100904,0.3563234806060791,1.9094250202178955,4,0.0,2.873182535171509
fixed,0,526,2.1408236026763916,0.0002536964602768421,0.004215820226818323,0.05469179153442383,2.159465789794922,4,0.5,
fixed,0,527,1.7253631353378296,0.0,0.011330952867865562,0.563961386680603,1.900217056274414,4,1.0,
fixed,0,528,2.3716065883636475,0.034120745956897736,0.005632374901324511,0.22492766380310059,2.4589614868164062,4,0.75,
fixed,0,529,2.4439117908477783,0.0,0.000537093379534781,0.41594207286834717,2.568963050842285,4,0.0,
fixed,0,530,2.7771077156066895,0.0,0.0082485256716609,0.10847759246826172,2.8137753009796143,4,0.5,5.060701370239258
fixed,0,531,2.450841188430786,0.0014514605281874537,0.011268730275332928,0.04506540298461914,2.4707210063934326,4,0.5,
fixed,0,532,2.428466320037842,0.02324886992573738,0.02000955492258072,0.28530704975128174,2.5356876850128174,4,1.0,
fixed,0,533,2.19881272315979,0.027464911341667175,0.01952814869582653,0.3092217445373535,2.3150758743286133,4,1.0,
fixed,0,534,1.7442090511322021,0.0,0.017202123999595642,0.06274652481079102,1.7716341018676758,4,0.5,
fixed,0,535,2.331204891204834,0.010297914035618305,0.012590213678777218,0.047940731048583984,2.3570311069488525,4,0.5,1.5046675205230713
fixed,0,536,2.485997200012207,0.02111542597413063,0.012549569830298424,0.05446183681488037,2.5191681385040283,4,0.5,
fixed,0,537,2.3239870071411133,0.0,0.032619409263134,0.04928421974182129,2.3550820350646973,4,0.5,
fixed,0,538,2.0910205841064453,0.012935078702867031,0.03331878036260605,0.025270938873291016,2.1217288970947266,4,0.75,
fixed,0,539,2.8167450428009033,0.0013888936955481768,0.04177403077483177,0.05585432052612305,2.8550827503204346,4,0.25,
fixed,0,540,1.7498867511749268,0.0,0.03363490849733353,0.032271385192871094,1.7763856649398804,4,0.75,16.204998016357422
fixed,0,541,1.464897871017456,0.0,0.03160089626908302,0.1026301383972168,1.511487364768982,4,0.5,
fixed,0,542,2.072331666946411,0.025227248668670654,0.002726680366322398,0.023204326629638672,2.0932698249816895,4,0.5,
fixed,0,543,2.057314157485962,0.0,0.04796735569834709,0.06753528118133545,2.1015584468841553,4,0.75,
fixed,0,544,1.646910309791565,0.0,0.0038366131484508514,0.25723350048065186,1.7259986400604248,4,0.0,
fixed,0,545,2.047678232192993,0.0,0.02568298764526844,0.11837232112884521,2.096031427383423,4,0.5,12.608465194702148
fixed,0,546,2.0886428356170654,0.0,0.016687124967575073,0.081756591796875,2.1215133666992188,4,0.25,
fixed,0,547,2.517571449279785,0.014738328754901886,0.026509128510951996,0.09881865978240967,2.567840814590454,4,0.75,
fixed,0,548,2.368842840194702,0.0,0.034798312932252884,0.11785519123077393,2.421598434448242,4,0.75,
fixed,0,549,1.6223355531692505,0.0,0.026998933404684067,0.11258125305175781,1.6696094274520874,4,0.5,
fixed,0,550,2.0358073711395264,0.024501780048012733,0.018978390842676163,0.13102316856384277,2.0968544483184814,4,0.75,2.8692398071289062
fixed,0,551,2.6996285915374756,0.0,0.016390394419431686,0.08782732486724854,2.7341718673706055,4,0.5,
fixed,0,552,1.6958051919937134,0.0,0.0037311753258109093,0.2212918996810913,1.7640583515167236,4,0.0,
fixed,0,553,2.1567840576171875,0.022825000807642937,0.023302435874938965,0.0871129035949707,2.205981731414795,4,0.75,
fixed,0,554,2.351311683654785,0.0,0.002221540082246065,0.383908748626709,2.467595100402832,4,0.0,
fixed,0,555,2.5069799423217773,0.022205563262104988,0.016222545877099037,0.09799110889434814,2.555591344833374,4,0.75,1.3238736391067505
fixed,0,556,1.990447998046875,0.0,0.02216382697224617,0.12197268009185791,2.0381217002868652,4,0.75,
fixed,0,557,2.462541103363037,1.382233216773443e-09,0.008194094523787498,0.06399941444396973,2.485837936401367,4,0.25,
fixed,0,558,2.068378448486328,0.0,0.02509162575006485,0.2174072265625,2.146146535873413,4,0.75,
fixed,0,559,2.7663116455078125,0.02228865958750248,0.02686813846230507,0.22230291366577148,2.8575809001922607,4,1.0,
fixed,0,560,2.323538064956665,0.02998541295528412,0.008739352226257324,0.02935922145843506,2.351708173751831,4,0.5,2.8183953762054443
fixed,0,561,1.6094319820404053,1.7268937881453894e-05,0.01053097564727068,0.024685263633728027,1.6221116781234741,4,0.25,
fixed,0,562,2.447801113128662,0.00013981462689116597,0.010058090090751648,0.0597076416015625,2.4708123207092285,4,0.25,
fixed,0,563,2.493422269821167,0.0,0.01914909854531288,0.058750033378601074,2.5206217765808105,4,0.5,
fixed,0,564,2.556053400039673,0.0002043375716311857,0.011809978634119034,0.06795620918273926,2.5824475288391113,4,0.25,
fixed,0,565,1.9705357551574707,0.018294109031558037,0.00896360632032156,0.03334486484527588,1.9941680431365967,4,0.5,2.906283140182495
fixed,0,566,1.7682979106903076,0.0,0.010844031348824501,0.11031579971313477,1.8068146705627441,4,0.25,
fixed,0,567,2.908508777618408,0.0,0.021278057247400284,0.04831671714782715,2.933642864227295,4,0.5,
fixed,0,568,1.8585093021392822,0.022198598831892014,0.012218749150633812,0.06330716609954834,1.8947100639343262,4,0.5,
fixed,0,569,2.088542938232422,0.0,0.019506003707647324,0.06998085975646973,2.1192901134490967,4,0.5,
fixed,0,570,2.192340135574341,0.0,0.028733614832162857,0.12766528129577637,2.245006561279297,4,0.75,15.361983299255371
fixed,0,571,1.5692476034164429,0.022353731095790863,0.020665856078267097,0.11798083782196045,1.62615168094635,4,0.75,
fixed,0,572,1.5273432731628418,0.0,0.022022753953933716,0.1615886688232422,1.5868312120437622,4,0.75,
fixed,0,573,1.8582712411880493,0.0,0.017032833769917488,0.10060906410217285,1.8969703912734985,4,0.5,
fixed,0,574,0.8445397615432739,0.0,0.033148810267448425,0.3166365623474121,0.95610511302948,4,1.0,
fixed,0,575,1.80018150806427,0.0,0.01697383262217045,0.09124445915222168,1.836041808128357,4,0.5,9.29819107055664
fixed,0,576,1.7569864988327026,0.0,0.022605208680033684,0.08776438236236572,1.7946183681488037,4,0.5,
fixed,0,577,2.255077362060547,0.0,0.025392279028892517,0.13586628437042236,2.3085334300994873,4,0.75,
fixed,0,578,1.1628533601760864,0.0,0.025487102568149567,0.106270432472229,1.2074780464172363,4,0.75,
fixed,0,579,2.0934078693389893,1.7151854990515858e-05,0.01660807430744171,0.05394279956817627,2.117903232574463,4,0.5,
fixed,0,580,1.9248920679092407,0.0,0.015828415751457214,0.06581521034240723,1.9525508880615234,4,0.5,9.62003231048584
fixed,0,581,1.0870590209960938,0.0,0.007808947470039129,0.051508188247680664,1.1064159870147705,4,0.25,
fixed,0,582,2.056373119354248,0.0,0.013664205558598042,0.07390570640563965,2.0853769779205322,4,0.5,
fixed,0,583,1.3023167848587036,0.0,0.010275246575474739,0.09153616428375244,1.334915280342102,4,0.5,
fixed,0,584,2.6173148155212402,0.0,0.013476314023137093,0.08046293258666992,2.6481919288635254,4,0.5,
fixed,0,585,2.388174295425415,0.0,0.006196836940944195,0.15057361125946045,2.4364447593688965,4,0.25,4.343815326690674
fixed,0,586,2.0424585342407227,0.0,0.013398893177509308,0.1902484893798828,2.1062326431274414,4,0.75,
fixed,0,587,1.8206883668899536,0.02629293128848076,0.001365000382065773,0.13578617572784424,1.8752532005310059,4,0.25,
fixed,0,588,1.970192551612854,0.0,0.006330919452011585,0.12775182723999023,2.011683464050293,4,0.25,
fixed,0,589,2.2343194484710693,0.0,0.005000597797334194,0.09004712104797363,2.263833999633789,4,0.25,
fixed,0,590,2.501734972000122,0.0,0.017278660088777542,0.4425637722015381,2.64314341545105,4,1.0,10.461427688598633
fixed,0,591,2.0265064239501953,0.0,0.007703997194766998,0.04326915740966797,2.043339252471924,4,0.5,
fixed,0,592,1.4883723258972168,0.0,0.009641686454415321,0.0411839485168457,1.505548357963562,4,0.5,
fixed,0,593,1.6248537302017212,0.0,0.014799743890762329,0.1480867862701416,1.6766796112060547,4,0.75,
fixed,0,594,2.857642412185669,0.03419088199734688,0.0060457573272287846,0.029892921447753906,2.886728525161743,4,0.5,
fixed,0,595,3.4211313724517822,0.0,0.00022051759879104793,0.3018066883087158,3.5117835998535156,4,0.0,1.3093106746673584
fixed,0,596,2.239044666290283,0.0,0.010886604897677898,0.032029151916503906,2.254096746444702,4,0.5,
fixed,0,597,3.824913740158081,2.0937281078658998e-05,0.010498764924705029,0.029060006141662598,3.8388915061950684,4,0.5,
fixed,0,598,2.4290528297424316,0.026934344321489334,0.009105963632464409,0.3170281648635864,2.5421814918518066,4,0.75,
fixed,0,599,1.4515635967254639,2.1018107872805558e-05,0.011594683863222599,0.03639805316925049,1.4682908058166504,4,0.5,
fixed,0,600,2.100580930709839,0.0,0.007214908022433519,0.10389590263366699,2.135357141494751,4,0.25,3.8018386363983154
fixed,0,601,1.9064695835113525,0.0,0.0184139683842659,0.27630579471588135,1.9985682964324951,4,0.75,
fixed,0,602,1.5111284255981445,0.02897036075592041,0.0010946509428322315,0.1460404396057129,1.569973111152649,4,0.25,
fixed,0,603,2.505976438522339,0.03367229551076889,0.008661352097988129,0.06080591678619385,2.5453851222991943,4,0.5,
fixed,0,604,2.0987868309020996,0.0,0.017452891916036606,0.16542589664459229,2.1571409702301025,4,0.75,
fixed,0,605,1.4128884077072144,0.0,0.015988942235708237,0.08348751068115234,1.4459291696548462,4,0.5,9.526890754699707
fixed,0,606,1.92421555519104,0.0,0.019910570234060287,0.04010796546936035,1.9462032318115234,4,0.5,
fixed,0,607,1.7913601398468018,0.0,0.03837782144546509,0.08525168895721436,1.8361245393753052,4,0.75,
fixed,0,608,1.7557278871536255,0.0,0.014701621606945992,0.08853089809417725,1.7896379232406616,4,0.5,
fixed,0,609,3.0963516235351562,0.0,0.013372046872973442,0.2046959400177002,3.1644463539123535,4,0.25,
fixed,0,610,1.2969820499420166,0.0,0.04372408241033554,0.25798726081848145,1.396240234375,4,1.0,24.18634605407715
fixed,0,611,1.3264119625091553,0.0,0.017038604244589806,0.09424638748168945,1.3632051944732666,4,0.5,
fixed,0,612,1.7315984964370728,0.0,0.010522411204874516,0.1598062515258789,1.7848016023635864,4,0.25,
fixed,0,613,2.5103847980499268,0.0,0.01551438495516777,0.1519153118133545,2.5637166500091553,4,0.25,
fixed,0,614,2.5738413333892822,0.022941438481211662,0.009789950214326382,0.04423069953918457,2.6034762859344482,4,0.5,
fixed,0,615,1.5186834335327148,0.0,0.02140631526708603,0.03136277198791504,1.5387954711914062,4,0.5,11.129169464111328
fixed,0,616,1.804614782333374,0.015542972832918167,0.01303761638700962,0.11240434646606445,1.8526263236999512,4,0.75,
fixed,0,617,2.236034631729126,0.0,0.013119940645992756,0.03745603561401367,2.253831386566162,4,0.5,
fixed,0,618,1.5639417171478271,0.0,0.010445510037243366,0.069580078125,1.590038537979126,4,0.25,
fixed,0,619,2.246150016784668,0.033892031759023666,0.01116015575826168,0.16785871982574463,2.319033622741699,4,0.75,
fixed,0,620,1.7745394706726074,0.00012282736133784056,0.004998065996915102,0.05298614501953125,1.792995810508728,4,0.25,3.028501033782959
fixed,0,621,2.630629301071167,0.02525996044278145,0.004352737683802843,0.04224097728729248,2.6581079959869385,4,0.5,
fixed,0,622,1.5790642499923706,6.630712596233934e-05,0.015271679498255253,0.1669001579284668,1.6368032693862915,4,0.75,
fixed,0,623,1.274235725402832,3.3634570684171194e-09,0.011613334529101849,0.06633627414703369,1.2999433279037476,4,0.5,
fixed,0,624,2.15401291847229,0.0,0.009066419675946236,0.057480812072753906,2.175790309906006,4,0.25,
fixed,0,625,2.0159764289855957,0.031827714294195175,0.005434704944491386,0.07883894443511963,2.0582592487335205,4,0.5,4.700092315673828
fixed,0,626,0.5952985882759094,0.0,0.01649099588394165,0.16196918487548828,0.6521348357200623,4,0.75,
fixed,0,627,2.171773672103882,0.0,0.013781769201159477,0.0865563154220581,2.2046315670013428,4,0.5,
fixed,0,628,1.8569176197052002,0.0,0.0026808707043528557,0.2936147451400757,1.9463424682617188,4,0.0,
fixed,0,629,2.4753057956695557,0.0,0.007352371700108051,0.14685511589050293,2.523038625717163,4,0.25,
fixed,0,630,0.9854897856712341,0.0,0.009697362780570984,0.1406569480895996,1.0325355529785156,4,0.25,5.712774276733398
fixed,0,631,2.6892547607421875,0.0245173629373312,0.01183384470641613,0.151971697807312,2.7530219554901123,4,0.75,
fixed,0,632,2.6646201610565186,0.0,0.011802000924944878,0.07804536819458008,2.693934679031372,4,0.5,
fixed,0,633,2.020737648010254,0.0,0.008109926246106625,0.12031841278076172,2.0608880519866943,4,0.25,
fixed,0,634,2.013375997543335,0.0,0.007884237915277481,0.0361788272857666,2.0281717777252197,4,0.5,
fixed,0,635,1.8957536220550537,0.0,0.00615947600454092,0.06924188137054443,1.9196059703826904,4,0.25,4.05714225769043
fixed,0,636,1.3369011878967285,0.032145895063877106,0.01113199070096016,0.3468153476715088,1.4625847339630127,4,1.0,
fixed,0,637,2.185577869415283,0.0,0.024780690670013428,0.09416842460632324,2.2262187004089355,4,0.75,
fixed,0,638,2.362649440765381,0.0,0.015503930859267712,0.0198667049407959,2.37636137008667,4,0.5,
fixed,0,639,1.78446626663208,0.0,0.020959053188562393,0.242864727973938,1.8678052425384521,4,0.5,
fixed,0,640,1.3947079181671143,0.0,0.0009416205575689673,0.21581220626831055,1.459922432899475,4,0.0,1.574639916419983
fixed,0,641,2.5027670860290527,0.0,0.02445349656045437,0.018149614334106445,2.5204386711120605,4,0.5,
fixed,0,642,1.76693594455719,0.0,0.020795788615942,0.03004145622253418,1.7863463163375854,4,0.5,
fixed,0,643,1.6796274185180664,0.0,0.02766072377562523,0.0717167854309082,1.7149728536605835,4,0.75,
fixed,0,644,2.7859649658203125,0.00016150977171491832,0.00833437591791153,0.04560673236846924,2.8038949966430664,4,0.25,
fixed,0,645,2.60524845123291,0.0,0.0077569023706018925,0.044246792793273926,2.622400999069214,4,0.25,4.957150459289551
fixed,0,646,2.2402706146240234,0.0,0.01211954653263092,0.06906592845916748,2.267050266265869,4,0.5,
fixed,0,647,2.492650032043457,0.0,0.007623247802257538,0.1665329933166504,2.546421527862549,4,0.25,
fixed,0,648,1.6551313400268555,0.0,0.00697971461340785,0.04970872402191162,1.6735337972640991,4,0.25,
fixed,0,649,2.244957447052002,0.0,0.011438235640525818,0.12644505500793457,2.2886099815368652,4,0.5,
fixed,0,650,1.5862122774124146,0.0,0.0046083880588412285,0.18949007987976074,1.645363450050354,4,0.25,3.5952212810516357
fixed,0,651,1.698269248008728,0.0,0.004402368329465389,0.1858506202697754,1.7562255859375,4,0.25,
fixed,0,652,1.731242299079895,0.0,0.004235751926898956,0.03626227378845215,1.7442388534545898,4,0.25,
fixed,0,653,1.0246633291244507,0.03757437318563461,0.0037213056348264217,0.30072474479675293,1.135528564453125,4,0.75,
fixed,0,654,1.9084373712539673,0.0,0.007575931027531624,0.285994291305542,1.9980236291885376,4,0.75,
fixed,0,655,1.550528883934021,0.03809121996164322,0.00589391915127635,0.23473823070526123,1.6429429054260254,4,0.75,4.35621452331543
fixed,0,656,2.660771608352661,0.0,0.007155924569815397,0.100150465965271,2.694394826889038,4,0.5,
fixed,0,657,1.9493235349655151,0.0,0.007762940600514412,0.09578001499176025,1.9819389581680298,4,0.25,
fixed,0,658,1.6235313415527344,2.17390352190705e-05,0.008153640665113926,0.11831176280975342,1.6631125211715698,4,0.5,
fixed,0,659,1.4988207817077637,0.0,0.0062619587406516075,0.15373003482818604,1.5480707883834839,4,0.25,
fixed,0,660,2.2148146629333496,0.0,0.01424185186624527,0.16244077682495117,2.270667791366577,4,0.75,8.487632751464844
fixed,0,661,2.08095383644104,0.0,0.0013191200559958816,0.33869218826293945,2.1832211017608643,4,0.0,
fixed,0,662,1.57902991771698,0.0,0.012078756466507912,0.03215169906616211,1.5947147607803345,4,0.5,
fixed,0,663,1.434497356414795,0.0,0.01884085312485695,0.06652641296386719,1.463875651359558,4,0.5,
fixed,0,664,1.9942646026611328,0.0,0.026115747168660164,0.32556307315826416,2.1049914360046387,4,1.0,
fixed,0,665,0.8709733486175537,0.0,0.01947781629860401,0.11602663993835449,0.9155202507972717,4,0.75,11.109234809875488
fixed,0,666,2.401822090148926,0.0,0.015926595777273178,0.038665771484375,2.4213850498199463,4,0.5,
fixed,0,667,1.8020265102386475,0.028495924547314644,0.00737372599542141,0.04274952411651611,1.832786202430725,4,0.5,
fixed,0,668,1.2514410018920898,0.0,0.0005788196576759219,0.36999404430389404,1.3627285957336426,3,0.25,
fixed,0,669,2.835024356842041,0.02520911395549774,0.014231539331376553,0.1082313060760498,2.887214183807373,4,0.75,
fixed,0,670,2.078392505645752,0.0,0.019660327583551407,0.03807377815246582,2.099644899368286,4,0.5,9.732030868530273
fixed,0,671,1.733987808227539,0.04935374855995178,0.010640747845172882,0.08492457866668701,1.7894624471664429,4,0.75,
fixed,0,672,1.8417959213256836,0.01838787831366062,0.014250409789383411,0.0366138219833374,1.8690992593765259,4,0.5,
fixed,0,673,1.5821794271469116,0.017997102811932564,0.019982215017080307,0.06998419761657715,1.6221643686294556,4,0.75,
fixed,0,674,1.569775938987732,0.008333450183272362,0.010785281658172607,0.05100059509277344,1.5946354866027832,4,0.5,
fixed,0,675,2.2169101238250732,0.0,0.038974545896053314,0.06386184692382812,2.2555558681488037,4,0.75,19.417173385620117
fixed,0,676,1.4469784498214722,0.020499441772699356,0.027347775176167488,0.06078457832336426,1.4891374111175537,4,0.75,
fixed,0,677,2.495516061782837,0.0,0.029933474957942963,0.07386422157287598,2.532642126083374,4,0.5,
fixed,0,678,2.2501776218414307,0.028595924377441406,0.013823319226503372,0.046643972396850586,2.2853803634643555,4,0.75,
fixed,0,679,2.4663827419281006,0.0,0.04785807058215141,0.04834890365600586,2.5048165321350098,4,0.75,
fixed,0,680,1.8288640975952148,0.0,0.006602365057915449,0.30255961418151855,1.9229332208633423,4,0.0,4.134684085845947
fixed,0,681,2.3705861568450928,0.0,0.0011545452289283276,0.49391746520996094,2.519338607788086,4,0.0,
fixed,0,682,2.4988741874694824,0.0,0.0505453422665596,0.05026400089263916,2.5392260551452637,4,0.75,
fixed,0,683,2.547208786010742,0.0006447398918680847,0.016042927280068398,0.11011397838592529,2.5885868072509766,4,0.25,
fixed,0,684,2.220578193664551,0.011164910160005093,0.012265307828783989,0.04028522968292236,2.2443788051605225,4,0.5,
fixed,0,685,2.9158473014831543,0.01600240357220173,0.04097538813948631,0.14526116847991943,2.987914562225342,4,1.0,11.103306770324707
fixed,0,686,1.8151034116744995,0.0,0.01392216607928276,0.04501068592071533,1.8355677127838135,4,0.25,
fixed,0,687,2.4718258380889893,1.443403471057536e-05,0.0001568968582432717,0.271903395652771,2.5534825325012207,4,0.0,
fixed,0,688,2.010148525238037,0.0,0.02186046913266182,0.0440906286239624,2.034306049346924,4,0.5,
fixed,0,689,1.8634675741195679,0.0,0.00016830634558573365,0.2659604549407959,1.9433398246765137,4,0.0,
fixed,0,690,1.1093699932098389,0.0,0.01667053997516632,0.03830230236053467,1.1291959285736084,4,0.5,8.815394401550293
fixed,0,691,2.31968355178833,0.0,0.017453277483582497,0.20926427841186523,2.3911895751953125,4,0.5,
fixed,0,692,2.260881185531616,0.024794984608888626,0.006665664725005627,0.05119895935058594,2.291971206665039,4,0.5,
fixed,0,693,1.5592286586761475,0.001730776741169393,0.013607392087578773,0.04926705360412598,1.5816779136657715,4,0.5,
fixed,0,694,2.5194084644317627,0.0008903504931367934,0.02309238538146019,0.15468883514404297,2.5778064727783203,4,0.75,
fixed,0,695,1.479988694190979,4.137949872529134e-05,0.008298897184431553,0.021777987480163574,1.4906922578811646,4,0.25,4.873099327087402
fixed,0,696,1.7327879667282104,0.0007820723694749177,0.006166958250105381,0.03638267517089844,1.747177243232727,4,0.5,
fixed,0,697,2.007986068725586,0.02049315720796585,0.007187695242464542,0.05976390838623047,2.0397555828094482,4,0.5,
fixed,0,698,1.9946174621582031,3.570374974515289e-05,0.006829592864960432,0.07184731960296631,2.019604206085205,4,0.25,
fixed,0,699,2.3892369270324707,0.027235444635152817,0.023657692596316338,0.3552100658416748,2.5212464332580566,4,1.0,
fixed,0,700,2.420954704284668,0.0,0.0029511272441595793,0.1574850082397461,2.4696757793426514,4,0.0,2.299191951751709
fixed,0,701,2.55349063873291,0.0,0.013929539360105991,0.11727702617645264,2.5956385135650635,4,0.25,
fixed,0,702,2.0340354442596436,0.0,0.0004804030177183449,0.29270875453948975,2.1220881938934326,4,0.0,
fixed,0,703,1.5538479089736938,0.0,0.02757904678583145,0.07376432418823242,1.5897667407989502,4,0.5,
fixed,0,704,1.18809175491333,0.017093662172555923,0.018963005393743515,0.11775732040405273,1.2414473295211792,4,0.75,
fixed,0,705,2.033432722091675,0.046897802501916885,0.009406659752130508,0.10320925712585449,2.092547655105591,4,0.75,9.24327278137207
fixed,0,706,1.7876067161560059,0.0,0.0001360664755338803,0.2535252571105957,1.8637323379516602,4,0.0,
fixed,0,707,1.9238624572753906,0.0,0.020679986104369164,0.04871392250061035,1.9488166570663452,4,0.5,
fixed,0,708,2.937511920928955,8.450231803180941e-07,2.1978568838676438e-05,0.23026537895202637,3.0066030025482178,4,0.0,
fixed,0,709,2.2284247875213623,0.015903135761618614,0.04270429164171219,0.16799306869506836,2.308126449584961,4,1.0,
fixed,0,710,2.0234146118164062,9.671961015556008e-05,0.039736777544021606,0.04036140441894531,2.0554397106170654,4,0.5,15.524849891662598
fixed,0,711,1.7159337997436523,0.00016020791372284293,0.013935484923422337,0.038897037506103516,1.734650731086731,4,0.25,
fixed,0,712,1.9458900690078735,0.021306194365024567,0.002417461946606636,0.03886699676513672,1.9694119691848755,4,0.25,
fixed,0,713,1.8924710750579834,0.014568242244422436,0.004029662348330021,0.10709643363952637,1.93389892578125,4,0.25,
fixed,0,714,1.8439453840255737,0.012541229836642742,0.0,0.09241950511932373,1.8779418468475342,4,0.25,
fixed,0,715,2.3333282470703125,0.0004476162139326334,0.017600441351532936,0.09707474708557129,2.3714747428894043,4,0.25,6.665223598480225
fixed,0,716,1.2208174467086792,0.00023157992109190673,0.012067629024386406,0.09926652908325195,1.2567470073699951,4,0.25,
fixed,0,717,2.8398308753967285,0.00031244318233802915,0.016441771760582924,0.05570340156555176,2.8649189472198486,4,0.25,
fixed,0,718,1.7114129066467285,0.00020774820586666465,0.03067678213119507,0.06352710723876953,1.7459132671356201,4,0.5,
fixed,0,719,2.022118091583252,0.011519080959260464,0.0,0.1007375717163086,2.058098793029785,4,0.25,
fixed,0,720,2.5993058681488037,0.00028590517467819154,0.011032472364604473,0.11505424976348877,2.63948130607605,4,0.25,5.411634922027588
fixed,0,721,2.021707057952881,0.0001779229351086542,0.0026004654355347157,0.16225314140319824,2.0717720985412598,4,0.0,
fixed,0,722,1.3128931522369385,0.00027092936215922236,0.009154297411441803,0.11022448539733887,1.3506730794906616,4,0.25,
fixed,0,723,2.7051444053649902,0.018118442967534065,0.01110688503831625,0.04860961437225342,2.734339952468872,4,0.5,
fixed,0,724,2.112992286682129,0.0004577232466544956,0.008344053290784359,0.10081195831298828,2.147636651992798,4,0.25,
fixed,0,725,2.1466267108917236,6.277994543779641e-05,0.025612324476242065,0.043927550315856934,2.172642469406128,4,0.5,11.599543571472168
fixed,0,726,1.6538419723510742,0.0001391125115333125,0.026946846395730972,0.16682744026184082,1.717433214187622,4,0.75,
fixed,0,727,1.709635615348816,0.0001794619602151215,0.011756360530853271,0.09354686737060547,1.7436676025390625,4,0.25,
fixed,0,728,2.565418004989624,0.00010091670992551371,0.019812798127532005,0.08576476573944092,2.601104259490967,4,0.5,
fixed,0,729,1.5851922035217285,9.931435488397256e-05,0.013474134728312492,0.10605573654174805,1.6237956285476685,4,0.5,
fixed,0,730,2.3783159255981445,7.419767644023523e-05,0.015828914940357208,0.0925978422164917,2.4140467643737793,4,0.5,9.130239486694336
fixed,0,731,1.494215488433838,0.023383717983961105,0.0051363990642130375,0.07350122928619385,1.5305259227752686,4,0.5,
fixed,0,732,2.0369904041290283,1.4676582395622972e-05,0.0063521889969706535,0.07633411884307861,2.0630741119384766,4,0.25,
fixed,0,733,2.1697933673858643,0.0,0.012071642093360424,0.07898390293121338,2.199524402618408,4,0.5,
fixed,0,734,2.062856912612915,0.0,0.004811869002878666,0.07756125926971436,2.088531255722046,4,0.25,
fixed,0,735,1.8467977046966553,0.0,0.02012661099433899,0.4490485191345215,1.9915755987167358,4,1.0,12.45723819732666
fixed,0,736,1.7000802755355835,0.0,0.0007319293217733502,0.22998368740081787,1.7694413661956787,4,0.0,
fixed,0,737,1.9335730075836182,0.024672744795680046,0.00010619871318340302,0.09030938148498535,1.9730552434921265,4,0.25,
fixed,0,738,2.6001625061035156,0.0,0.02817751094698906,0.33854758739471436,2.715815544128418,4,1.0,
fixed,0,739,2.617327928543091,0.0,0.00829344242811203,0.10669302940368652,2.653482675552368,4,0.25,
fixed,0,740,1.8594434261322021,0.0,0.006721734069287777,0.08971965312957764,1.8897202014923096,4,0.25,4.082546234130859
fixed,0,741,2.5684025287628174,0.0,0.008251701481640339,0.10626387596130371,2.604407548904419,4,0.25,
fixed,0,742,2.805856227874756,0.0,0.0163253266364336,0.04181671142578125,2.826563835144043,4,0.5,
fixed,0,743,2.0483057498931885,0.020458318293094635,0.01961110532283783,0.06235504150390625,2.0870468616485596,4,0.5,
fixed,0,744,1.1797748804092407,0.027365176007151604,0.01550108753144741,0.12886786460876465,1.239868402481079,4,0.75,
fixed,0,745,1.0910916328430176,0.017721809446811676,0.007852571085095406,0.03941023349761963,1.1157019138336182,4,0.5,2.7120907306671143
fixed,0,746,1.669471025466919,0.0,0.009332812391221523,0.11156916618347168,1.7076082229614258,4,0.25,
fixed,0,747,1.7677041292190552,0.0,0.04116063565015793,0.2261359691619873,1.8561252355575562,4,1.0,
fixed,0,748,2.201763391494751,0.0,0.0190725177526474,0.05836224555969238,2.2288084030151367,4,0.5,
fixed,0,749,2.554110527038574,0.0,0.0163025613874197,0.054634809494018555,2.5786521434783936,4,0.5,
fixed,0,750,2.590773105621338,0.024443743750452995,0.009946775622665882,0.0577242374420166,2.6252856254577637,4,0.5,2.4182684421539307
fixed,0,751,2.2499074935913086,0.0,0.011352328583598137,0.11925899982452393,2.2913613319396973,4,0.25,
fixed,0,752,2.2464776039123535,0.01600765995681286,0.0004065956163685769,0.1062154769897461,2.2865493297576904,4,0.25,
fixed,0,753,2.76127028465271,0.0,0.010421440936625004,0.10957932472229004,2.7993547916412354,4,0.25,
fixed,0,754,2.679422616958618,0.0,0.033989742398262024,0.0781182050704956,2.719852924346924,4,0.75,
fixed,0,755,1.858760952949524,0.0,0.020141590386629105,0.04796171188354492,1.8832203149795532,4,0.5,11.089152336120605
fixed,0,756,2.005899667739868,0.017929863184690475,0.014783371239900589,0.10142850875854492,2.052684783935547,4,0.75,
fixed,0,757,2.475243091583252,0.004038337152451277,0.0003856206312775612,0.22820723056793213,2.545917272567749,4,0.0,
fixed,0,758,1.9862936735153198,0.0,0.01105281338095665,0.1171485185623169,2.0269646644592285,4,0.25,
fixed,0,759,2.218815326690674,0.0060986741445958614,0.013302234001457691,0.05298042297363281,2.2444097995758057,4,0.25,
fixed,0,760,1.6110628843307495,0.019127212464809418,0.007727127056568861,0.05007040500640869,1.639511227607727,4,0.5,2.729313373565674
fixed,0,761,2.0672569274902344,0.0,0.015598691999912262,0.06230366230010986,2.09374737739563,4,0.5,
fixed,0,762,1.8907227516174316,0.0,0.013884463347494602,0.0836331844329834,1.9227548837661743,4,0.5,
fixed,0,763,1.7829670906066895,0.0,0.005788257345557213,0.13957953453063965,1.8277350664138794,4,0.25,
fixed,0,764,1.1003555059432983,0.0,0.010804974474012852,0.05672645568847656,1.122775912284851,4,0.25,
fixed,0,765,2.091669797897339,0.0,0.009169155731797218,0.1183626651763916,2.131763219833374,4,0.5,6.182186603546143
fixed,0,766,2.2959156036376953,0.0,0.010891412384808064,0.08073043823242188,2.325580358505249,4,0.5,
fixed,0,767,2.068089485168457,0.03330071642994881,0.0005333886947482824,0.03973841667175293,2.096928119659424,4,0.25,
fixed,0,768,1.6850230693817139,0.0,0.007390226703137159,0.13185584545135498,1.728274941444397,4,0.25,
fixed,0,769,1.5461593866348267,0.0,0.008707619272172451,0.2769279479980469,1.6335915327072144,4,0.75,
fixed,0,770,1.7838164567947388,0.0,0.005917293950915337,0.10300374031066895,1.8176761865615845,4,0.5,4.271634578704834
fixed,0,771,2.0607669353485107,0.0,0.015440140850841999,0.059183359146118164,2.0862419605255127,4,0.5,
fixed,0,772,1.5113658905029297,0.0,0.013419406488537788,0.3118382692337036,1.6116271018981934,4,0.75,
fixed,0,773,2.0310864448547363,0.0,0.0007372124819085002,0.32532358169555664,2.12905216217041,4,0.0,
fixed,0,774,1.1571393013000488,0.0,0.01740436442196369,0.47819048166275024,1.3092986345291138,4,1.0,
fixed,0,775,2.3592309951782227,0.0,0.00640094792470336,0.07778310775756836,2.3857665061950684,4,0.25,4.122176647186279
fixed,0,776,1.5513278245925903,0.0,0.010559708811342716,0.22257375717163086,1.6233798265457153,4,0.75,
fixed,0,777,1.1744167804718018,0.0,0.0010070697171613574,0.12812590599060059,1.2133580446243286,4,0.0,
fixed,0,778,2.0159077644348145,0.0,0.026261987164616585,0.10077345371246338,2.0592708587646484,4,0.75,
fixed,0,779,1.2940207719802856,0.03203655779361725,0.005430068355053663,0.03998970985412598,1.3247510194778442,4,0.5,
fixed,0,780,2.1383795738220215,0.0,0.01511291041970253,0.08666682243347168,2.17193603515625,4,0.5,7.528780937194824
fixed,0,781,1.8203474283218384,0.01755424216389656,0.016090409830212593,0.08777594566345215,1.8635025024414062,4,0.75,
fixed,0,782,1.929937720298767,0.0,0.02761039137840271,0.0942002534866333,1.9720029830932617,4,0.75,
fixed,0,783,3.1890389919281006,0.0,0.00026841467479243875,0.3441460132598877,3.292417049407959,4,0.0,
fixed,0,784,2.8539600372314453,0.0,0.032064445316791534,0.08157622814178467,2.894465208053589,4,0.75,
fixed,0,785,1.8123536109924316,0.022735271602869034,0.01792813464999199,0.052277565002441406,1.8483686447143555,4,0.5,2.0892069339752197
fixed,0,786,1.9312820434570312,0.0,0.02696552686393261,0.0531618595123291,1.9607133865356445,4,0.5,
fixed,0,787,1.877044439315796,0.0,0.011553608812391758,0.1544816493988037,1.9291657209396362,4,0.25,
fixed,0,788,1.6932049989700317,0.0,0.013264872133731842,0.149888277053833,1.7448039054870605,4,0.25,
fixed,0,789,1.8920773267745972,0.0,0.019386982545256615,0.14223206043243408,1.944440484046936,4,0.25,
fixed,0,790,1.1611781120300293,0.0,0.012628618627786636,0.12755727767944336,1.2057596445083618,4,0.25,6.185801029205322
fixed,0,791,2.082005023956299,0.01627766340970993,0.014048547483980656,0.05097675323486328,2.1124610900878906,4,0.5,
fixed,0,792,1.0720387697219849,0.028024856001138687,0.026827191933989525,0.2974519729614258,1.1887004375457764,4,1.0,
fixed,0,793,2.2402360439300537,0.018453996628522873,0.0031868622172623873,0.059458374977111816,2.2688939571380615,4,0.25,
fixed,0,794,1.7963693141937256,0.0,0.01712135598063469,0.05699455738067627,1.822028398513794,4,0.5,
fixed,0,795,0.9464317560195923,0.02267821878194809,0.028102954849600792,0.2759091854095459,1.0545951128005981,4,1.0,7.089463233947754
fixed,0,796,2.570293664932251,0.03637827932834625,0.00035483617102727294,0.06333732604980469,2.607661485671997,4,0.5,
fixed,0,797,2.1076276302337646,0.0,0.031556837260723114,0.06629014015197754,2.1432931423187256,4,0.5,
fixed,0,798,0.8033124208450317,0.0,0.01149884145706892,0.08810460567474365,0.8354932069778442,3,0.25,
fixed,0,799,2.296708106994629,0.0,0.047006189823150635,0.19178056716918945,2.3777453899383545,4,1.0,
fixed,0,800,1.2131500244140625,0.0,0.03482300788164139,0.09414064884185791,1.2588037252426147,4,0.75,17.699817657470703
fixed,0,801,3.193826675415039,0.0,0.0004369121743366122,0.3465306758880615,3.298004388809204,4,0.0,
fixed,0,802,2.9796063899993896,0.010410585440695286,0.012546584941446781,0.04957163333892822,3.0059564113616943,4,0.5,
fixed,0,803,1.4015952348709106,0.0,0.030511781573295593,0.030898690223693848,1.4261207580566406,4,0.5,
fixed,0,804,1.4079216718673706,4.198030723046031e-08,0.04418095201253891,0.04669511318206787,1.4440207481384277,4,0.75,
fixed,0,805,2.7278010845184326,2.6378018446848728e-05,0.02237994223833084,0.04089212417602539,2.751271963119507,4,0.5,11.50341510772705
fixed,0,806,2.1354260444641113,6.856808613520116e-05,0.001988230738788843,0.19928503036499023,2.196239948272705,4,0.0,
fixed,0,807,3.1465916633605957,0.019802581518888474,0.01053997129201889,0.04067099094390869,3.173964262008667,4,0.5,
fixed,0,808,1.9949461221694946,8.730350236874074e-05,0.008139099925756454,0.06863319873809814,2.0196492671966553,4,0.25,
fixed,0,809,1.7450875043869019,0.0,0.029632344841957092,0.049431443214416504,1.774733066558838,4,0.5,
fixed,0,810,1.782643437385559,2.457982418491156e-06,0.027660127729177475,0.05402541160583496,1.8126823902130127,4,0.5,12.731048583984375
fixed,0,811,1.34604811668396,0.025339769199490547,0.01328340545296669,0.0795743465423584,1.3892320394515991,3,0.5,
fixed,0,812,2.0021731853485107,0.00014127443137113005,0.0,0.259307861328125,2.080036163330078,4,0.0,
fixed,0,813,2.1123549938201904,7.374011602223618e-06,0.012416616082191467,0.2257784605026245,2.18630051612854,4,0.75,
fixed,0,814,1.5012719631195068,0.0,0.01359327882528305,0.3183020353317261,1.6035592555999756,4,0.75,
fixed,0,815,2.1153106689453125,0.033407922834157944,0.0030991118401288986,0.10446524620056152,2.1649036407470703,4,0.5,6.149807453155518
fixed,0,816,1.660872459411621,0.00013732149091083556,0.008153816685080528,0.09816586971282959,1.6944677829742432,4,0.5,
fixed,0,817,2.15937876701355,0.03219637647271156,0.005234871059656143,0.08087265491485596,2.2023561000823975,4,0.5,
fixed,0,818,2.318744421005249,4.1917544876923785e-05,0.01072945911437273,0.03462827205657959,2.3345186710357666,4,0.25,
fixed,0,819,1.4973088502883911,0.030256088823080063,0.01197283435612917,0.16695213317871094,1.5685089826583862,4,0.75,
fixed,0,820,2.1006481647491455,1.3620311619888525e-05,0.011069625616073608,0.0688176155090332,2.1268351078033447,4,0.5,6.631153583526611
fixed,0,821,2.231391668319702,0.0,0.016744203865528107,0.06231045722961426,2.2584569454193115,4,0.5,
fixed,0,822,1.397758960723877,0.0,0.009416216053068638,0.10650408267974854,1.4344183206558228,4,0.25,
fixed,0,823,2.3664636611938477,0.0,0.00887628085911274,0.10635113716125488,2.4028072357177734,4,0.25,
fixed,0,824,3.2442119121551514,0.0,0.02248729020357132,0.04225587844848633,3.268132209777832,4,0.5,
fixed,0,825,1.5863548517227173,0.0,0.010313387960195541,0.11116683483123779,1.6248615980148315,4,0.25,5.663575649261475
fixed,0,826,1.2603706121444702,0.0,0.027334481477737427,0.11574220657348633,1.3087605237960815,4,0.75,
fixed,0,827,2.4005069732666016,0.02929232269525528,0.019494760781526566,0.1249692440032959,2.4623913764953613,4,0.75,
fixed,0,828,1.3957257270812988,0.019777294248342514,0.008317448198795319,0.05286288261413574,1.4256319999694824,4,0.5,
fixed,0,829,1.3070746660232544,0.0,0.028530916199088097,0.11148333549499512,1.3547850847244263,4,0.75,
fixed,0,830,2.2910587787628174,0.016929233446717262,0.01015390269458294,0.05197417736053467,2.320192575454712,4,0.5,1.8686861991882324
fixed,0,831,2.0834617614746094,0.0,0.007378707639873028,0.11283159255981445,2.1210005283355713,4,0.25,
fixed,0,832,1.7770038843154907,0.0,0.019868185743689537,0.060465335845947266,1.8050775527954102,4,0.5,
fixed,0,833,1.8589305877685547,0.0,0.040732868015766144,0.22388100624084473,1.9464613199234009,4,1.0,
fixed,0,834,2.1073195934295654,0.0,0.016207100823521614,0.06826519966125488,2.1359026432037354,4,0.5,
fixed,0,835,1.1811378002166748,0.027382729575037956,0.00033118060673587024,0.0948714017868042,1.2234561443328857,4,0.25,6.477677345275879
fixed,0,836,2.0930068492889404,0.0,0.020986806601285934,0.03994286060333252,2.115483045578003,4,0.5,
fixed,0,837,2.1693437099456787,0.02456500194966793,0.0073868874460458755,0.05548906326293945,2.2019662857055664,4,0.5,
fixed,0,838,1.7353492975234985,0.0,0.02744881808757782,0.10157489776611328,1.7795461416244507,4,0.75,
fixed,0,839,1.413726568222046,0.0,0.01414257101714611,0.2789496183395386,1.5044827461242676,4,0.5,
fixed,0,840,2.088505744934082,0.02272016555070877,0.017779851332306862,0.08819007873535156,2.1352128982543945,4,0.75,1.6507526636123657
fixed,0,841,2.1841490268707275,0.0,0.033524177968502045,0.14947903156280518,2.2457547187805176,4,0.75,
fixed,0,842,2.8595826625823975,0.0,0.01891890913248062,0.07547926902770996,2.891685962677002,4,0.5,
fixed,0,843,2.1896986961364746,0.04448859393596649,0.007091252598911524,0.12516021728515625,2.2530367374420166,4,0.75,
fixed,0,844,1.686821699142456,0.0,0.020165348425507545,0.04523873329162598,1.710476040840149,4,0.5,
fixed,0,845,2.1826303005218506,0.0,0.031304165720939636,0.10998666286468506,2.231278419494629,4,0.75,16.275968551635742
fixed,0,846,2.0005557537078857,0.0,0.03882316127419472,0.1025841236114502,2.0507426261901855,4,0.75,
fixed,0,847,1.2919893264770508,0.016157500445842743,0.01616448163986206,0.12245631217956543,1.3448872566223145,4,0.75,
fixed,0,848,1.9973942041397095,0.0,0.03529451787471771,0.13410139083862305,2.055271863937378,4,0.75,
fixed,0,849,1.6991431713104248,0.0,0.022757457569241524,0.094970703125,1.7390130758285522,4,0.5,
fixed,0,850,2.2953176498413086,0.0,0.03352010250091553,0.12473201751708984,2.3494973182678223,4,0.75,16.931011199951172
fixed,0,851,2.3379108905792236,0.021695168688893318,0.03835844248533249,0.21461033821105957,2.4323208332061768,4,1.0,
fixed,0,852,1.4989057779312134,0.0,0.026928715407848358,0.10097825527191162,1.54266357421875,4,0.5,
fixed,0,853,1.4758093357086182,0.0,0.05711950734257698,0.1614781618118286,1.5528125762939453,4,1.0,
fixed,0,854,2.5628409385681152,0.0,0.040083613246679306,0.08615422248840332,2.608729124069214,4,0.5,
fixed,0,855,1.709571361541748,0.0,0.05281830579042435,0.17937779426574707,1.789793848991394,4,1.0,24.29336929321289
fixed,0,856,1.4551076889038086,0.0,0.015949565917253494,0.04836678504943848,1.4775924682617188,4,0.25,
fixed,0,857,1.7400522232055664,0.0,0.021754570305347443,0.048163652420043945,1.7653785943984985,4,0.5,
fixed,0,858,1.1604738235473633,0.02758026123046875,0.0014110867632552981,0.048537373542785645,1.1895307302474976,4,0.25,
fixed,0,859,1.8008490800857544,0.020050032064318657,0.026687996461987495,0.12788212299346924,1.8625826835632324,4,0.75,
fixed,0,860,3.065851926803589,0.0,0.008352823555469513,0.11858975887298584,3.105605363845825,4,0.25,4.468265533447266
fixed,0,861,1.9246000051498413,0.02127958834171295,0.010672199539840221,0.04122328758239746,1.9529428482055664,4,0.5,
fixed,0,862,2.2388482093811035,8.665847417432815e-07,0.00027833841159008443,0.30432915687561035,2.3302865028381348,4,0.0,
fixed,0,863,1.8646550178527832,0.00028131555882282555,0.014865226112306118,0.04740762710571289,1.8864505290985107,4,0.5,
fixed,0,864,2.6236345767974854,0.0,0.02039087750017643,0.14191889762878418,2.676405668258667,4,0.75,
fixed,0,865,2.5264029502868652,0.0004709912172984332,0.016196325421333313,0.04246032238006592,2.5474746227264404,4,0.5,8.39322280883789
fixed,0,866,2.6050803661346436,0.040697235614061356,0.013475501909852028,0.255229115486145,2.708735466003418,4,1.0,
fixed,0,867,2.1572952270507812,0.0,0.012928688898682594,0.04015076160430908,2.175804853439331,4,0.25,
fixed,0,868,2.199026107788086,0.0,0.026222527027130127,0.10759854316711426,2.2444169521331787,4,0.75,
fixed,0,869,0.9184519052505493,8.651371899759397e-05,0.020627297461032867,0.04940235614776611,0.9436295032501221,4,0.5,
fixed,0,870,2.2492012977600098,0.01668059267103672,0.0006677930359728634,0.17012310028076172,2.308912515640259,4,0.0,3.9871749877929688
fixed,0,871,1.8075493574142456,0.0,0.018449150025844574,0.09530580043792725,1.8453656435012817,4,0.5,
fixed,0,872,2.1604695320129395,0.0,0.007813498377799988,0.05156087875366211,2.179844617843628,4,0.25,
fixed,0,873,1.88094961643219,0.0,0.022185685113072395,0.07980597019195557,1.9159842729568481,4,0.5,
fixed,0,874,2.1052818298339844,0.0,0.02506614290177822,0.13109934329986572,2.157144784927368,4,0.75,
fixed,0,875,1.9866427183151245,0.0,0.009033260866999626,0.043485283851623535,2.0042049884796143,4,0.25,4.948844909667969
fixed,0,876,1.9545470476150513,0.026992343366146088,0.01471547968685627,0.14813387393951416,2.019841194152832,4,0.75,
fixed,0,877,1.4066872596740723,0.0,0.014031520113348961,0.16078197956085205,1.461937665939331,4,0.25,
fixed,0,878,1.4184229373931885,0.0,0.022757496684789658,0.061372995376586914,1.4482135772705078,4,0.5,
fixed,0,879,1.4341164827346802,0.0,0.025248927995562553,0.033930420875549316,1.4569200277328491,4,0.5,
fixed,0,880,2.6098175048828125,0.026433711871504784,0.000732875894755125,0.05044233798980713,2.638533592224121,4,0.25,8.341292381286621
fixed,0,881,2.309340238571167,0.02953973598778248,0.016662156209349632,0.11890387535095215,2.368112325668335,4,0.75,
fixed,0,882,1.2206130027770996,0.0,0.020064210519194603,0.14473342895507812,1.2740651369094849,4,0.75,
fixed,0,883,1.1732946634292603,0.0,0.01447034627199173,0.05567288398742676,1.197231650352478,4,0.5,
fixed,0,884,1.5996479988098145,0.0296783410012722,0.0031437957659363747,0.041918158531188965,1.6286345720291138,4,0.25,
fixed,0,885,2.22053861618042,0.0,0.01549891009926796,0.18859410285949707,2.2848663330078125,4,0.75,9.089122772216797
fixed,0,886,1.7464570999145508,0.0,0.027596568688750267,0.06302046775817871,1.7791615724563599,4,0.5,
fixed,0,887,2.3836514949798584,0.030395355075597763,0.001513980794698,0.14444971084594727,2.442941188812256,4,0.25,
fixed,0,888,1.2902880907058716,0.0,0.015525909140706062,0.08595645427703857,1.3238379955291748,4,0.5,
fixed,0,889,1.901723027229309,0.0228488240391016,0.0020843343809247017,0.06392407417297363,1.9333667755126953,4,0.25,
fixed,0,890,1.3664335012435913,0.0,0.01992771215736866,0.15434575080871582,1.422701120376587,4,0.75,10.943552017211914
fixed,0,891,2.5586917400360107,0.02008660137653351,0.009053979068994522,0.14280831813812256,2.6161046028137207,4,0.75,
fixed,0,892,1.0621401071548462,0.0,0.02826133742928505,0.11415445804595947,1.110517144203186,4,0.75,
fixed,0,893,2.332977533340454,0.0,0.007142813876271248,0.15620803833007812,2.383411407470703,4,0.25,
fixed,0,894,1.113810420036316,0.0,0.02293114922940731,0.11956655979156494,1.1611459255218506,4,0.75,
fixed,0,895,2.768542528152466,0.0,0.007405776996165514,0.15003859996795654,2.8172569274902344,4,0.25,4.239446640014648
fixed,0,896,1.2357079982757568,0.0,0.03874259069561958,0.2347046136856079,1.3254907131195068,4,1.0,
fixed,0,897,2.8693549633026123,0.019086066633462906,0.010130480863153934,0.03944742679595947,2.8957974910736084,4,0.5,
fixed,0,898,2.1985714435577393,0.0,0.05619572103023529,0.12866485118865967,2.2652688026428223,4,1.0,
fixed,0,899,1.2861676216125488,0.0,0.0019455342553555965,0.2794910669326782,1.3709876537322998,4,0.0,
fixed,0,900,2.0140364170074463,0.0,0.014701983891427517,0.1380290985107422,2.062796115875244,4,0.25,6.774165153503418
fixed,0,901,1.620686650276184,0.0,0.04468483105301857,0.1851809024810791,1.6985833644866943,4,1.0,
fixed,0,902,2.716200590133667,0.018688619136810303,0.024640699848532677,0.23201656341552734,2.8074703216552734,4,1.0,
fixed,0,903,1.5809075832366943,0.0,0.020087843760848045,0.12476277351379395,1.628380298614502,4,0.75,
fixed,0,904,1.3163474798202515,0.0,0.01390041969716549,0.04199790954589844,1.3358970880508423,4,0.5,
fixed,0,905,1.6529163122177124,0.0,0.0012159182224422693,0.3585702180862427,1.7610952854156494,4,0.0,2.822309732437134
fixed,0,906,1.797380805015564,0.0,0.013450969941914082,0.1152195930480957,1.838672161102295,4,0.25,
fixed,0,907,2.0516066551208496,0.0,0.014734208583831787,0.042476773262023926,2.071716785430908,4,0.5,
fixed,0,908,1.9811676740646362,0.017540520057082176,0.016301842406392097,0.09193682670593262,2.025669813156128,4,0.75,
fixed,0,909,1.4124435186386108,0.0,0.01803889498114586,0.04448366165161133,1.4348080158233643,4,0.5,
fixed,0,910,2.0754008293151855,0.0,0.015069263055920601,0.06684756278991699,2.102989673614502,4,0.5,8.275651931762695
fixed,0,911,1.6688790321350098,0.0,0.013505198992788792,0.08752882480621338,1.701890230178833,4,0.5,
fixed,0,912,2.3998146057128906,0.0,0.009656814858317375,0.07251691818237305,2.4263980388641357,4,0.25,
fixed,0,913,2.3734421730041504,0.0,0.004728010855615139,0.049114108085632324,2.390540361404419,4,0.25,
fixed,0,914,2.487218141555786,0.0,0.012605140917003155,0.06514096260070801,2.5130629539489746,4,0.5,
fixed,0,915,1.6362971067428589,0.0,0.015519723296165466,0.1989438533782959,1.703740119934082,4,0.75,9.211048126220703
fixed,0,916,1.8684836626052856,0.03661290183663368,0.0064247045665979385,0.11478257179260254,1.9244372844696045,4,0.5,
fixed,0,917,1.4929534196853638,0.0,0.012802344746887684,0.10615694522857666,1.531201720237732,4,0.5,
fixed,0,918,2.0929412841796875,0.0,0.016227127984166145,0.20072078704833984,2.161271095275879,4,0.75,
fixed,0,919,2.000532865524292,0.0,0.007728477008640766,0.1539231538772583,2.0505740642547607,4,0.25,
fixed,0,920,1.8339135646820068,0.0,0.003070663195103407,0.25983428955078125,1.9133992195129395,4,0.0,3.3012266159057617
fixed,0,921,3.4046013355255127,0.0,0.005906910635530949,0.03536200523376465,3.418163299560547,4,0.25,
fixed,0,922,1.7892030477523804,0.0,0.010838446207344532,0.08521997928619385,1.820188283920288,4,0.5,
fixed,0,923,2.130531072616577,0.0,0.004232070408761501,0.10956931114196777,2.165517807006836,4,0.25,
fixed,0,924,1.0086318254470825,0.0,0.004455257207155228,0.08697700500488281,1.0369526147842407,4,0.25,
fixed,0,925,2.714831829071045,0.0,0.0086302999407053,0.06817054748535156,2.739598035812378,4,0.5,5.628617286682129
fixed,0,926,2.0139622688293457,0.03326905891299248,0.004517471417784691,0.2494117021560669,2.1076791286468506,4,0.75,
fixed,0,927,0.8516539335250854,0.0,0.0024398532696068287,0.05670928955078125,0.8698866367340088,4,0.25,
fixed,0,928,0.931226372718811,0.0,0.004598833620548248,0.0750117301940918,0.9560292959213257,4,0.5,
fixed,0,929,1.8299400806427002,0.0,0.005519941449165344,0.06798863410949707,1.853096604347229,4,0.5,
fixed,0,930,2.1557259559631348,0.0,0.0037000898737460375,0.053745150566101074,2.1736996173858643,4,0.25,2.398186445236206
fixed,0,931,1.9698196649551392,0.0,0.004125258419662714,0.0553516149520874,1.988487720489502,4,0.25,
fixed,0,932,2.9853429794311523,0.0,0.0031596061307936907,0.08916950225830078,3.0136735439300537,4,0.25,
fixed,0,933,2.60585618019104,0.04250321537256241,0.01565668173134327,0.13607513904571533,2.6757586002349854,4,0.75,
fixed,0,934,2.500824213027954,0.016702979803085327,0.002991444431245327,0.06830394268035889,2.5311625003814697,4,0.5,
fixed,0,935,2.300238609313965,0.028921421617269516,0.004271471872925758,0.08255374431610107,2.3416011333465576,4,0.5,4.946286201477051
fixed,0,936,1.6254552602767944,0.0,0.01187661662697792,0.3035619258880615,1.7224621772766113,4,0.5,
fixed,0,937,2.0770721435546875,0.03357236459851265,0.001156291225925088,0.16256237030029297,2.143205165863037,4,0.25,
fixed,0,938,1.6458081007003784,0.0,0.018773801624774933,0.13582205772399902,1.6959415674209595,4,0.75,
fixed,0,939,1.7796028852462769,0.0,0.024882227182388306,0.03543543815612793,1.802674651145935,4,0.5,
fixed,0,940,2.3767874240875244,0.0,0.014877166599035263,0.09624385833740234,2.4130990505218506,4,0.5,8.483878135681152
fixed,0,941,2.36413836479187,0.0,0.02217707969248295,0.42686372995376587,2.503286123275757,4,1.0,
fixed,0,942,1.0788646936416626,0.0,0.010897809639573097,0.04000425338745117,1.0963149070739746,4,0.25,
fixed,0,943,2.066838502883911,0.0,0.008272018283605576,0.18304133415222168,2.125886917114258,4,0.25,
fixed,0,944,1.815374732017517,0.0,0.033723052591085434,0.09955394268035889,1.8621023893356323,4,0.75,
fixed,0,945,1.751570463180542,0.02680717036128044,0.005011415109038353,0.04211997985839844,1.7801157236099243,4,0.25,7.788146018981934
fixed,0,946,2.8344650268554688,0.0,0.032648716121912,0.07516944408416748,2.873340129852295,4,0.75,
fixed,0,947,1.5378749370574951,0.0,0.040567345917224884,0.05495452880859375,1.574644923210144,4,0.75,
fixed,0,948,1.591590404510498,0.0,0.042580947279930115,0.04395270347595215,1.6260666847229004,4,0.75,
fixed,0,949,2.188340663909912,0.0,0.015597792342305183,0.16297125816345215,2.2450308799743652,4,0.25,
fixed,0,950,2.429793357849121,0.0,0.03524620458483696,0.07094311714172363,2.4686994552612305,4,0.75,16.89904022216797
fixed,0,951,1.4192010164260864,0.025451261550188065,0.01520626526325941,0.03884530067443848,1.4511833190917969,4,0.5,
fixed,0,952,2.2090702056884766,0.0,0.02053236961364746,0.05097472667694092,2.234628915786743,4,0.5,
fixed,0,953,1.7358055114746094,0.0,0.007863218896090984,0.142431378364563,1.7824665307998657,4,0.25,
fixed,0,954,2.1045141220092773,0.022928602993488312,0.018111348152160645,0.0986948013305664,2.1546425819396973,4,0.75,
fixed,0,955,1.5172699689865112,0.0,0.00563859473913908,0.13726937770843506,1.5612701177597046,4,0.25,3.793219566345215
fixed,0,956,1.8288649320602417,0.0,0.016960572451353073,0.1549816131591797,1.883839726448059,4,0.75,
fixed,0,957,1.4741443395614624,0.0,0.01938764564692974,0.25734877586364746,1.5610427856445312,4,0.75,
fixed,0,958,2.0182955265045166,0.0,0.020220674574375153,0.04272425174713135,2.0412230491638184,4,0.5,
fixed,0,959,1.9878820180892944,0.0,0.014878461137413979,0.0644768476486206,2.0146644115448,4,0.5,
fixed,0,960,1.9368647336959839,0.0233294814825058,0.004412943031638861,0.07590043544769287,1.9735060930252075,4,0.5,4.7162861824035645
fixed,0,961,2.4916858673095703,0.028913941234350204,0.004388927482068539,0.0834658145904541,2.533376932144165,4,0.5,
fixed,0,962,2.2951128482818604,0.0,0.0042000096291303635,0.11296844482421875,2.3311033248901367,4,0.25,
fixed,0,963,2.3707542419433594,0.0,0.005950504913926125,0.054370760917663574,2.390040636062622,4,0.25,
fixed,0,964,2.2897989749908447,0.0,0.010525877587497234,0.21984362602233887,2.3610150814056396,4,0.75,
fixed,0,965,1.5684905052185059,0.023447774350643158,0.010312335565686226,0.2509514093399048,1.6606559753417969,4,0.75,1.9478189945220947
fixed,0,966,2.31964373588562,0.0,0.021436329931020737,0.1357729434967041,2.37109375,4,0.75,
fixed,0,967,1.666329264640808,0.0,0.00919555127620697,0.07388997077941895,1.69309401512146,4,0.5,
fixed,0,968,2.0990142822265625,0.028130095452070236,0.0012882882729172707,0.10444390773773193,2.14505672454834,4,0.25,
fixed,0,969,1.8813828229904175,0.0,0.0016278857365250587,0.38122379779815674,1.9965639114379883,4,0.0,
fixed,0,970,2.299912691116333,0.0,0.02825460024178028,0.10592460632324219,2.3458173274993896,4,0.75,14.896712303161621
fixed,0,971,1.4512815475463867,0.02537868358194828,0.01568647101521492,0.21955060958862305,1.5376793146133423,4,0.75,
fixed,0,972,2.3426930904388428,0.02458561584353447,0.010073715820908546,0.051535844802856445,2.375483512878418,4,0.5,
fixed,0,973,2.1917738914489746,0.0,0.011868609115481377,0.11469769477844238,2.2321174144744873,4,0.25,
fixed,0,974,2.431713581085205,0.019752642139792442,0.009698623791337013,0.029366374015808105,2.455249071121216,4,0.5,
fixed,0,975,2.0370497703552246,0.00940709374845028,0.015009939670562744,0.04604601860046387,2.0630722045898438,4,0.5,1.908564567565918
fixed,0,976,1.9682328701019287,0.0,0.014932863414287567,0.06864607334136963,1.996293067932129,4,0.25,
fixed,0,977,2.1873409748077393,0.012941079214215279,0.023199085146188736,0.05880463123321533,2.223052501678467,4,0.75,
fixed,0,978,2.8721401691436768,0.0,0.04120824113488197,0.07101130485534668,2.9140477180480957,4,0.5,
fixed,0,979,1.4800657033920288,0.017507025972008705,0.024493569508194923,0.08572649955749512,1.5267839431762695,4,0.75,
fixed,0,980,2.300809621810913,0.0,0.015247169882059097,0.18106389045715332,2.3627524375915527,4,0.25,7.330957412719727
fixed,0,981,1.675921082496643,0.0,0.03052004612982273,0.07540369033813477,1.7138022184371948,4,0.5,
fixed,0,982,2.1873159408569336,0.011443202383816242,0.008728907443583012,0.08262884616851807,2.2221906185150146,4,0.5,
fixed,0,983,2.120051383972168,0.015441669151186943,0.012707196176052094,0.033370137214660645,2.144136905670166,4,0.5,
fixed,0,984,1.9897942543029785,0.0,0.020943712443113327,0.045134782791137695,2.0138065814971924,4,0.5,
fixed,0,985,1.8794283866882324,0.0,0.01672433689236641,0.07991290092468262,1.91176438331604,4,0.5,9.177956581115723
fixed,0,986,1.9210889339447021,0.017405979335308075,0.025748401880264282,0.08550786972045898,1.9683184623718262,4,0.75,
fixed,0,987,2.35248064994812,0.0,0.020552683621644974,0.04811525344848633,2.3771915435791016,4,0.5,
fixed,0,988,1.8747583627700806,0.0,0.013269559480249882,0.08140110969543457,1.905813455581665,4,0.5,
fixed,0,989,1.9394214153289795,0.0,0.013227429240942001,0.08136451244354248,1.9704444408416748,4,0.5,
fixed,0,990,1.9552621841430664,0.0,0.024845600128173828,0.15935420989990234,2.015491247177124,4,0.75,13.598519325256348
fixed,0,991,2.252385377883911,0.0,0.012434203177690506,0.060311317443847656,2.276695966720581,4,0.5,
fixed,0,992,1.5864049196243286,0.0,0.013349257409572601,0.06848859786987305,1.6136261224746704,4,0.5,
fixed,0,993,1.5869183540344238,0.0,0.011058125644922256,0.07567715644836426,1.6151505708694458,4,0.5,
fixed,0,994,2.454413652420044,0.0,0.003021843731403351,0.08320343494415283,2.4808855056762695,4,0.25,
fixed,0,995,2.0328056812286377,0.0,0.005595583003014326,0.09885048866271973,2.065258502960205,4,0.25,4.035244464874268
fixed,0,996,2.826900005340576,0.0,0.003845777828246355,0.09477472305297852,2.857255220413208,4,0.25,
fixed,0,997,1.7311196327209473,0.034205589443445206,0.004252845887094736,0.08275997638702393,1.7751768827438354,4,0.5,
fixed,0,998,2.3887603282928467,0.030942965298891068,0.004586763679981232,0.2549952268600464,2.4830236434936523,4,0.75,
fixed,0,999,2.1171746253967285,0.0,0.0027297507040202618,0.07184076309204102,2.14009165763855,4,0.25,
fixed,0,1000,1.724259614944458,0.0,0.007459185551851988,0.07898890972137451,1.7516858577728271,4,0.5,4.8455400466918945
fixed,0,1001,1.4958775043487549,0.026710331439971924,0.003465482732281089,0.06055116653442383,1.5291308164596558,4,0.5,
fixed,0,1002,2.3450183868408203,0.028352083638310432,0.014949615113437176,0.12391507625579834,2.403843879699707,4,0.75,
fixed,0,1003,2.0432684421539307,0.00015916931442916393,0.02598446235060692,0.01720881462097168,2.0615029335021973,4,0.25,
fixed,0,1004,2.0866055488586426,0.0,0.00014123140135779977,0.3286093473434448,2.1852588653564453,4,0.0,
fixed,0,1005,2.5568509101867676,0.0,0.008810526691377163,0.07489049434661865,2.583723306655884,4,0.5,5.4332427978515625
fixed,0,1006,2.028658628463745,0.0,0.013082211837172508,0.10967111587524414,2.068101167678833,4,0.25,
fixed,0,1007,1.7335848808288574,0.0,0.016352437436580658,0.18132615089416504,1.7961589097976685,4,0.75,
fixed,0,1008,1.1431047916412354,0.0,0.05885370820760727,0.1748955249786377,1.225000262260437,4,1.0,
fixed,0,1009,1.6267976760864258,0.0,0.027127662673592567,0.37643373012542725,1.7532916069030762,4,1.0,
fixed,0,1010,2.2988555431365967,2.6718125809566118e-06,0.00011913565685972571,0.37414395809173584,2.4111595153808594,4,0.0,0.6201785802841187
fixed,0,1011,2.0460076332092285,0.0,0.0065125105902552605,0.12255454063415527,2.0860302448272705,4,0.25,
fixed,0,1012,1.4299561977386475,0.0,0.01654542051255703,0.18372654914855957,1.493346929550171,4,0.75,
fixed,0,1013,2.838466167449951,0.0007502286462113261,0.011623517610132694,0.0501331090927124,2.8596930503845215,4,0.5,
fixed,0,1014,1.7585827112197876,0.0,0.012038711458444595,0.043792009353637695,1.7777396440505981,4,0.25,
fixed,0,1015,2.080268621444702,0.0,0.00819358415901661,0.0701436996459961,2.1054084300994873,4,0.25,4.345416069030762
fixed,0,1016,2.694354772567749,0.0,0.00011863753024954349,0.31133365631103516,2.787814140319824,4,0.0,
fixed,0,1017,1.8121386766433716,0.0,0.0034320533741265535,0.2383641004562378,1.8853639364242554,4,0.0,
fixed,0,1018,0.9077543020248413,0.0,0.00997241772711277,0.02131509780883789,0.9191350340843201,4,0.25,
fixed,0,1019,1.3731591701507568,0.0,0.006067714653909206,0.040313124656677246,1.3882869482040405,4,0.25,
fixed,0,1020,1.3419712781906128,0.02026880532503128,0.009132917039096355,0.15787434577941895,1.4040344953536987,4,0.75,1.7006778717041016
fixed,0,1021,1.8408303260803223,0.0,0.018061252310872078,0.17667043209075928,1.9028620719909668,4,0.75,
fixed,0,1022,2.319274663925171,0.0,0.01743929460644722,0.07754230499267578,2.351257085800171,4,0.5,
fixed,0,1023,2.1745073795318604,0.04649733006954193,0.006976865231990814,0.13733339309692383,2.2424445152282715,4,0.75,
fixed,0,1024,1.4538214206695557,0.04059891775250435,0.015919508412480354,0.2851520776748657,1.5676262378692627,4,1.0,
fixed,0,1025,1.1926887035369873,0.0,0.007724519819021225,0.16163980960845947,1.2450429201126099,4,0.25,4.696657180786133
fixed,0,1026,2.357426881790161,0.011146199889481068,0.02155333384871483,0.1178135871887207,2.409120798110962,4,0.75,
fixed,0,1027,1.2521138191223145,0.0,0.05385999381542206,0.06967747211456299,1.2999470233917236,4,0.75,
fixed,0,1028,1.5964339971542358,0.0,0.04353479668498039,0.05706310272216797,1.6353203058242798,4,0.75,
fixed,0,1029,2.101011037826538,0.0,0.0362992063164711,0.09267663955688477,2.146963596343994,4,0.5,
fixed,0,1030,2.133150815963745,0.0,0.01769665628671646,0.23021697998046875,2.211064338684082,4,0.25,7.7496209144592285
fixed,0,1031,2.439337730407715,0.0,0.01906600594520569,0.21380364894866943,2.513011932373047,4,0.25,
fixed,0,1032,0.6761600375175476,0.0,0.03236212953925133,0.060880184173583984,0.7106051445007324,4,0.25,
fixed,0,1033,1.0711861848831177,0.0,0.06158917397260666,0.1271800994873047,1.1401348114013672,4,1.0,
fixed,0,1034,2.205911159515381,5.696585139958188e-05,0.024764226749539375,0.03187596797943115,2.227884531021118,4,0.5,
fixed,0,1035,2.081554412841797,0.0,0.0454685352742672,0.02956855297088623,2.1131591796875,4,0.5,16.7565975189209
fixed,0,1036,1.5049474239349365,0.0,0.017008500173687935,0.11677515506744385,1.548484206199646,4,0.25,
fixed,0,1037,1.213434100151062,0.0,0.019836269319057465,0.050362229347229004,1.238460898399353,4,0.5,
fixed,0,1038,1.555342435836792,0.0,0.010372650809586048,0.0838010311126709,1.5856690406799316,4,0.5,
fixed,0,1039,1.8792473077774048,0.0,0.0046838256530463696,0.048906564712524414,1.896261215209961,4,0.25,
fixed,0,1040,1.2236264944076538,0.0,0.018017392605543137,0.46662914752960205,1.3726239204406738,4,1.0,11.110138893127441
fixed,0,1041,2.0848681926727295,0.03990691527724266,0.00890787597745657,0.3355773687362671,2.209948778152466,4,0.75,
fixed,0,1042,1.8264870643615723,0.02290850691497326,0.006258883513510227,0.20945119857788086,1.9039061069488525,4,0.75,
fixed,0,1043,1.3219937086105347,0.0444825254380703,0.009737196378409863,0.49919718503952026,1.4988627433776855,3,1.0,
fixed,0,1044,2.372894287109375,0.04024738073348999,0.00026039406657218933,0.07074761390686035,2.414372444152832,4,0.5,
fixed,0,1045,1.630287528038025,0.0,0.005862702615559101,0.14068865776062012,1.6754255294799805,4,0.25,3.569603443145752
fixed,0,1046,1.1180102825164795,0.0,0.013597100041806698,0.06451416015625,1.1441631317138672,4,0.5,
fixed,0,1047,1.0048165321350098,0.0,0.01869443990290165,0.07649171352386475,1.0371112823486328,4,0.5,
fixed,0,1048,1.6274539232254028,0.0,0.0202077217400074,0.0881340503692627,1.663998007774353,4,0.5,
fixed,0,1049,1.6571130752563477,0.0,0.010783220641314983,0.15132665634155273,1.7079026699066162,4,0.25,
fixed,0,1050,2.243863821029663,0.0,0.050542667508125305,0.07151591777801514,2.2905898094177246,4,0.75,19.416973114013672
fixed,0,1051,2.0676822662353516,0.008638176135718822,0.036469440907239914,0.15515899658203125,2.1367838382720947,4,1.0,
fixed,0,1052,1.8902430534362793,0.0,0.011400964111089706,0.1475086212158203,1.94019615650177,4,0.25,
fixed,0,1053,3.866539478302002,0.009767396375536919,0.04167674854397774,0.0386962890625,3.9038703441619873,4,0.75,
fixed,0,1054,3.149174690246582,0.0,0.03703157603740692,0.08095097541809082,3.1919758319854736,4,0.75,
fixed,0,1055,1.4680767059326172,0.0,0.010012156330049038,0.10956084728240967,1.5059510469436646,4,0.25,5.149238586425781
fixed,0,1056,2.029470920562744,0.0,0.0022921962663531303,0.19215333461761475,2.0882630348205566,4,0.0,
fixed,0,1057,1.464332938194275,0.0,0.009870312176644802,0.0873638391494751,1.4954771995544434,4,0.25,
fixed,0,1058,1.9115636348724365,0.0,0.012046895921230316,0.0855250358581543,1.9432445764541626,4,0.25,
fixed,0,1059,1.2325507402420044,0.01472566183656454,0.020591923967003822,0.15079915523529053,1.2954492568969727,4,0.75,
fixed,0,1060,1.3243863582611084,4.5042008423479274e-05,0.04297039285302162,0.042400360107421875,1.358614206314087,4,0.75,16.56532859802246
fixed,0,1061,2.0241856575012207,0.02635304257273674,0.007241022773087025,0.03964400291442871,2.0528759956359863,4,0.5,
fixed,0,1062,1.6637076139450073,0.00024027153267525136,0.033797603100538254,0.028424978256225586,1.6892540454864502,4,0.5,
fixed,0,1063,2.4959800243377686,0.0,0.012520968914031982,0.05642366409301758,2.51916766166687,4,0.5,
fixed,0,1064,1.2628779411315918,5.883256017114036e-05,0.007815410383045673,0.025560379028320312,1.2744832038879395,4,0.25,
fixed,0,1065,2.097931146621704,0.0,0.0050034187734127045,0.05068039894104004,2.1156370639801025,4,0.25,2.9983973503112793
fixed,0,1066,1.5371180772781372,0.0,0.02289542928338051,0.39191681146621704,1.6661407947540283,4,1.0,
fixed,0,1067,2.2042367458343506,0.0,0.01103769801557064,0.1350548267364502,2.250272035598755,4,0.25,
fixed,0,1068,1.8589065074920654,0.0,0.006011961027979851,0.11981558799743652,1.8978571891784668,4,0.25,
fixed,0,1069,1.6695339679718018,0.0,0.015868261456489563,0.1975008249282837,1.7367182970046997,4,0.75,
fixed,0,1070,1.8263376951217651,0.00029626538162119687,0.01467653177678585,0.2070012092590332,1.89592444896698,4,0.75,8.070854187011719
fixed,0,1071,2.967844247817993,0.0,0.01097964122891426,0.07532858848571777,2.9959325790405273,4,0.5,
fixed,0,1072,2.2397899627685547,0.022900396957993507,0.0034841843880712986,0.08103621006011963,2.2772932052612305,4,0.5,
fixed,0,1073,1.3000825643539429,0.0,0.026103131473064423,0.36419129371643066,1.4223915338516235,4,1.0,
fixed,0,1074,1.2594887018203735,0.0,0.01282939687371254,0.19381439685821533,1.3240476846694946,4,0.75,
fixed,0,1075,2.0095067024230957,0.0,0.018701277673244476,0.04730057716369629,2.0330474376678467,4,0.5,8.705875396728516
fixed,0,1076,2.030930280685425,0.0,0.005191756412386894,0.09828519821166992,2.063011646270752,4,0.25,
fixed,0,1077,2.248317241668701,0.0,0.030570263043045998,0.10175156593322754,2.294127941131592,4,0.75,
fixed,0,1078,1.6300300359725952,0.027177272364497185,0.0068964106030762196,0.042229413986206055,1.6597356796264648,4,0.5,
fixed,0,1079,1.7305024862289429,0.04018069803714752,0.008100262843072414,0.07213795185089111,1.7762843370437622,4,0.75,
fixed,0,1080,1.7858710289001465,0.0,0.011050984263420105,0.12111532688140869,1.8277311325073242,4,0.25,5.404575824737549
fixed,0,1081,0.7754852771759033,0.0,0.025379769504070282,0.0904548168182373,0.8153116106987,4,0.75,
fixed,0,1082,1.670771598815918,0.0,0.009123438037931919,0.12354302406311035,1.712396264076233,4,0.25,
fixed,0,1083,1.8550738096237183,0.0,0.026876945048570633,0.08022892475128174,1.8925809860229492,4,0.75,
fixed,0,1084,2.4053218364715576,0.0,0.0006868205964565277,0.39347803592681885,2.5237085819244385,4,0.0,
fixed,0,1085,1.7497375011444092,0.0,0.014302593655884266,0.07549631595611572,1.7795376777648926,4,0.5,7.239574909210205
fixed,0,1086,1.8170276880264282,0.0,0.01581030897796154,0.047222256660461426,1.8390995264053345,4,0.5,
fixed,0,1087,1.4738713502883911,0.0,0.04292435199022293,0.13107562065124512,1.5346561670303345,4,0.75,
fixed,0,1088,1.728298544883728,0.0,0.028903059661388397,0.040331482887268066,1.7548495531082153,4,0.5,
fixed,0,1089,1.8630317449569702,0.0,0.0010545660043135285,0.23288023471832275,1.9334230422973633,4,0.0,
fixed,0,1090,1.8583866357803345,0.0,0.007289341185241938,0.38696855306625366,1.9781218767166138,4,0.25,4.227014064788818
fixed,0,1091,0.46457749605178833,0.0,0.010228505358099937,0.07275247573852539,0.49151748418807983,4,0.5,
fixed,0,1092,1.568865418434143,0.0,0.023139171302318573,0.14365875720977783,1.6235326528549194,4,0.75,
fixed,0,1093,0.7249670624732971,0.0,0.00935987289994955,0.08402037620544434,0.7548531293869019,4,0.5,
fixed,0,1094,2.0342283248901367,0.03620374575257301,0.005551761016249657,0.09335088729858398,2.08311128616333,4,0.5,
fixed,0,1095,1.2281476259231567,0.0,0.015812911093235016,0.194604754447937,1.2944355010986328,4,0.75,8.911600112915039
fixed,0,1096,2.025132417678833,0.024639589712023735,0.003936817869544029,0.09384405612945557,2.0675737857818604,4,0.5,
fixed,0,1097,2.4415669441223145,0.0,0.006185762118548155,0.11795234680175781,2.4800455570220947,4,0.25,
fixed,0,1098,0.754545271396637,0.0,0.023362401872873306,0.03102433681488037,0.7755337953567505,4,0.5,
fixed,0,1099,1.692171335220337,0.03631466627120972,0.006805729120969772,0.2420496940612793,1.786346435546875,4,0.75,
fixed,0,1100,2.467907190322876,0.0,0.022754941135644913,0.4339140057563782,2.6094589233398438,4,1.0,12.506043434143066
fixed,0,1101,1.502623200416565,0.0306671392172575,0.015865961089730263,0.15176701545715332,1.5714198350906372,4,0.75,
fixed,0,1102,1.5833920240402222,0.0,0.009646542370319366,0.12958431243896484,1.627090573310852,4,0.25,
fixed,0,1103,2.01326060295105,0.0,0.007886277511715889,0.1148756742477417,2.051666498184204,4,0.25,
fixed,0,1104,1.4009302854537964,0.0,0.009643546305596828,0.11727762222290039,1.4409353733062744,4,0.25,
fixed,0,1105,1.745682716369629,0.0,0.03011353686451912,0.03901505470275879,1.7724440097808838,4,0.5,12.0570707321167
fixed,0,1106,1.7195820808410645,0.01303368341177702,0.013478904031217098,0.030208110809326172,1.7419008016586304,4,0.5,
fixed,0,1107,1.6559035778045654,0.0,0.024698223918676376,0.031986117362976074,1.6778485774993896,4,0.5,
fixed,0,1108,2.044491767883301,0.02555258572101593,0.04559032991528511,0.15591299533843994,2.1268370151519775,4,0.5,
fixed,0,1109,1.5250036716461182,0.0,0.034476425498723984,0.05696368217468262,1.559330940246582,4,0.5,
fixed,0,1110,2.361156702041626,0.034890223294496536,0.015932228416204453,0.19544875621795654,2.445202589035034,4,0.75,3.810479164123535
fixed,0,1111,1.1714985370635986,0.0,0.019226210191845894,0.046938419342041016,1.1951931715011597,4,0.5,
fixed,0,1112,1.1469935178756714,0.0,0.030861081555485725,0.030455589294433594,1.1715607643127441,4,0.5,
fixed,0,1113,1.4482131004333496,0.0,0.030596597120165825,0.0404660701751709,1.4756512641906738,4,0.5,
fixed,0,1114,2.431248903274536,0.013341490179300308,0.009486494585871696,0.05173802375793457,2.458184242248535,4,0.5,
fixed,0,1115,2.4503302574157715,0.0,0.01386317703872919,0.1462651491165161,2.501141309738159,4,0.25,5.834719181060791
fixed,0,1116,1.741943597793579,0.0,0.009005347266793251,0.13338804244995117,1.786462664604187,4,0.25,
fixed,0,1117,3.276956558227539,0.0,0.026724107563495636,0.027583003044128418,3.298593521118164,4,0.5,
fixed,0,1118,2.196390151977539,0.014456275850534439,0.024771135300397873,0.07986712455749512,2.239964008331299,4,0.75,
fixed,0,1119,1.8379374742507935,0.0,0.008670635521411896,0.1355454921722412,1.8829364776611328,4,0.25,
fixed,0,1120,2.7720134258270264,0.0,0.014001589268445969,0.13245320320129395,2.8187501430511475,4,0.25,6.5427727699279785
fixed,0,1121,1.596998929977417,0.0,0.021381299942731857,0.15087413787841797,1.6529518365859985,4,0.75,
fixed,0,1122,2.462707996368408,0.0,0.011846935376524925,0.12075328826904297,2.5048575401306152,4,0.75,
fixed,0,1123,1.7460167407989502,0.026936164125800133,0.009964833967387676,0.17870330810546875,1.8180782794952393,4,0.75,
fixed,0,1124,3.0704593658447266,0.029534317553043365,0.017872992902994156,0.14108872413635254,3.1364896297454834,4,0.75,
fixed,0,1125,1.8858284950256348,0.0,0.010616413317620754,0.030842185020446777,1.900389313697815,4,0.25,5.57213830947876
fixed,0,1126,2.072902202606201,0.0,0.007176029961556196,0.07470619678497314,2.0989019870758057,4,0.25,
fixed,0,1127,2.722994565963745,0.0,0.020676076412200928,0.13529062271118164,2.7739198207855225,4,0.75,
fixed,0,1128,2.3283040523529053,0.0,0.021850313991308212,0.04034543037414551,2.351332902908325,4,0.5,
fixed,0,1129,2.282351016998291,0.0,0.010792813263833523,0.09643745422363281,2.316678762435913,4,0.25,
fixed,0,1130,1.6928074359893799,0.0,0.0273049995303154,0.09820067882537842,1.7359201908111572,4,0.75,12.706991195678711
fixed,0,1131,2.39396071434021,0.0,0.010430711321532726,0.0954064130783081,2.42779803276062,4,0.25,
fixed,0,1132,2.217707633972168,0.0,0.018823755905032158,0.03906452655792236,2.2388389110565186,4,0.5,
fixed,0,1133,1.4663299322128296,0.0,0.0002035737707046792,0.3321704864501953,1.5660828351974487,4,0.0,
fixed,0,1134,1.8915038108825684,0.02016454003751278,0.017180010676383972,0.10395336151123047,1.9413621425628662,4,0.75,
fixed,0,1135,0.8542010188102722,0.0,0.012338114902377129,0.061676025390625,0.8788728713989258,4,0.5,6.6215949058532715
fixed,0,1136,1.327147364616394,0.0363265722990036,0.006735553499311209,0.06273543834686279,1.3674991130828857,4,0.5,
fixed,0,1137,2.1508688926696777,2.947015502741124e-07,0.015190064907073975,0.17496752738952637,2.210954427719116,4,0.75,
fixed,0,1138,1.9974433183670044,6.766523483747733e-07,0.011750109493732452,0.0470200777053833,2.0174248218536377,4,0.5,
fixed,0,1139,1.6639374494552612,0.0,0.006272516213357449,0.08804845809936523,1.6934882402420044,4,0.25,
fixed,0,1140,1.5941358804702759,0.08774478733539581,0.004731324501335621,0.3779792785644531,1.753767728805542,4,1.0,18.181861877441406
fixed,0,1141,2.0180201530456543,0.0,0.020182527601718903,0.13387179374694824,2.0682730674743652,4,0.75,
fixed,0,1142,1.2543054819107056,6.233562453417107e-05,0.009222040884196758,0.03697669506072998,1.2700406312942505,4,0.25,
fixed,0,1143,1.836719274520874,0.0,0.0190363060683012,0.04613208770751953,1.8600770235061646,4,0.5,
fixed,0,1144,1.5683468580245972,0.0,0.005302488338202238,0.1085888147354126,1.6035747528076172,4,0.25,
fixed,0,1145,1.5836042165756226,0.0,0.01864662580192089,0.0666952133178711,1.6129361391067505,4,0.5,9.164746284484863
fixed,0,1146,2.497131824493408,0.0,0.03668387234210968,0.06719613075256348,2.535632610321045,4,0.75,
fixed,0,1147,1.2812343835830688,0.0,0.016876589506864548,0.06675577163696289,1.3096994161605835,4,0.5,
fixed,0,1148,2.0335659980773926,0.014071237295866013,0.00038350099930539727,0.1477341651916504,2.085113525390625,4,0.25,
fixed,0,1149,1.693135142326355,0.017845654860138893,0.015297336503863335,0.10592937469482422,1.7414854764938354,4,0.75,
fixed,0,1150,2.4268641471862793,0.0,0.0213300883769989,0.05291855335235596,2.453404664993286,4,0.5,10.226046562194824
fixed,0,1151,2.977874279022217,0.0,0.014652896672487259,0.04555666446685791,2.9988677501678467,4,0.25,
fixed,0,1152,1.4802160263061523,0.01571544073522091,0.011273973621428013,0.02667689323425293,1.501713752746582,4,0.5,
fixed,0,1153,1.3937392234802246,0.0,0.010310936719179153,0.1250913143157959,1.4364221096038818,4,0.25,
fixed,0,1154,1.9520022869110107,0.0,0.008033426478505135,0.12128257751464844,1.9924037456512451,4,0.25,
fixed,0,1155,2.6996660232543945,0.0,0.015166508965194225,0.04889571666717529,2.7219181060791016,4,0.25,7.105160713195801
fixed,0,1156,2.8862662315368652,0.0,0.025606444105505943,0.09761571884155273,2.928354263305664,4,0.75,
fixed,0,1157,2.2272965908050537,0.029202233999967575,0.001505791675299406,0.0345158576965332,2.253005266189575,4,0.25,
fixed,0,1158,1.5515681505203247,0.0,0.015529787167906761,0.05837869644165039,1.5768465995788574,4,0.5,
fixed,0,1159,1.9450500011444092,0.01817292533814907,0.015830520540475845,0.06420409679412842,1.9813129901885986,4,0.5,
fixed,0,1160,1.9100433588027954,0.0,0.003655968699604273,0.11430966854095459,1.9461642503738403,4,0.25,2.4969282150268555
fixed,0,1161,1.5468531847000122,0.0,0.018212154507637024,0.18469083309173584,1.6113665103912354,4,0.75,
fixed,0,1162,2.0574018955230713,0.0,0.006177735514938831,0.10984909534454346,2.0934455394744873,4,0.5,
fixed,0,1163,1.1189430952072144,0.00010644506255630404,0.010211167857050896,0.2585563659667969,1.2016688585281372,4,0.75,
fixed,0,1164,2.4593722820281982,0.0,0.003713802667334676,0.10490167140960693,2.49269962310791,4,0.25,
fixed,0,1165,2.156961441040039,0.0,0.017328407615423203,0.17848563194274902,2.2191712856292725,4,0.75,9.254316329956055
fixed,0,1166,2.632866621017456,0.0,0.0005543003790080547,0.3258051872253418,2.7308852672576904,4,0.0,
fixed,0,1167,1.6943062543869019,0.0,0.01624460518360138,0.17357313632965088,1.7545005083084106,4,0.75,
fixed,0,1168,2.3551552295684814,0.0,0.003199833445250988,0.06701350212097168,2.376859188079834,4,0.25,
fixed,0,1169,1.2446026802062988,0.0,0.017170647159218788,0.27489781379699707,1.3356573581695557,4,0.75,
fixed,0,1170,1.8653333187103271,0.0,0.01285328809171915,0.04207444190979004,1.8843822479248047,4,0.5,7.028810977935791
fixed,0,1171,1.9632817506790161,0.025774074718356133,0.008941181935369968,0.1512230634689331,2.0260062217712402,4,0.75,
fixed,0,1172,1.845246434211731,0.0,0.017240669578313828,0.017044663429260254,1.8589801788330078,4,0.5,
fixed,0,1173,2.23245906829834,0.02708866260945797,0.00016462343046441674,0.05771160125732422,2.263399124145508,4,0.25,
fixed,0,1174,1.726311206817627,2.1710282453568652e-05,0.004477935843169689,0.047267794609069824,1.742741346359253,4,0.25,
fixed,0,1175,1.342764973640442,0.0,0.03603461757302284,0.031378746032714844,1.3701958656311035,4,0.5,13.149892807006836
fixed,0,1176,2.005986213684082,0.02140248380601406,0.00533274607732892,0.06471335887908936,2.0387678146362305,4,0.5,
fixed,0,1177,1.9577481746673584,0.0,0.007414800580590963,0.04760932922363281,1.9757384061813354,4,0.25,
fixed,0,1178,2.1244888305664062,0.0,0.013480598106980324,0.07712161540985107,2.1543655395507812,4,0.5,
fixed,0,1179,1.2114700078964233,0.0,0.01749763824045658,0.4581992030143738,1.3576786518096924,4,1.0,
fixed,0,1180,2.959080457687378,0.0,0.0139104463160038,0.20953023433685303,3.0288946628570557,4,0.75,8.605464935302734
fixed,0,1181,2.0812814235687256,0.0,0.012104205787181854,0.18015480041503906,2.1413800716400146,4,0.25,
fixed,0,1182,2.0535473823547363,0.0,0.011713850311934948,0.09625411033630371,2.088280439376831,4,0.5,
fixed,0,1183,1.6771321296691895,0.0,0.02809743955731392,0.11072695255279541,1.7243989706039429,4,0.75,
fixed,0,1184,1.9086257219314575,0.029414702206850052,0.007296293042600155,0.08502483367919922,1.952488660812378,4,0.5,
fixed,0,1185,2.094074249267578,0.0,0.012405515648424625,0.08454513549804688,2.125640630722046,4,0.5,7.24948263168335
fixed,0,1186,1.6266977787017822,0.0,0.006636563688516617,0.11224126815795898,1.6636884212493896,4,0.25,
fixed,0,1187,1.8536882400512695,0.0,0.011909768916666508,0.07008886337280273,1.8806698322296143,4,0.5,
fixed,0,1188,1.9109748601913452,0.016330908983945847,0.027514411136507988,0.2227938175201416,1.999735713005066,4,1.0,
fixed,0,1189,1.914140224456787,0.0,0.017147263512015343,0.03947043418884277,1.934554934501648,4,0.5,
fixed,0,1190,1.8790535926818848,0.0,0.015463229268789291,0.11556339263916016,1.9214541912078857,4,0.25,7.4456257820129395
fixed,0,1191,2.7233266830444336,0.0,0.030748892575502396,0.07156777381896973,2.760171413421631,4,0.75,
fixed,0,1192,2.9243686199188232,0.04628930985927582,0.016213150694966316,0.0681147575378418,2.9760541915893555,4,0.75,
fixed,0,1193,3.0342044830322266,0.0,0.002571618650108576,0.1957871913909912,3.094226360321045,4,0.0,
fixed,0,1194,2.3199386596679688,0.0,0.014668982475996017,0.05427539348602295,2.3435556888580322,4,0.5,
fixed,0,1195,2.023512840270996,0.0,0.01472543366253376,0.05987668037414551,2.0488386154174805,4,0.5,8.006851196289062
fixed,0,1196,1.3157808780670166,0.0,0.014065667986869812,0.0709066390991211,1.344085693359375,4,0.5,
fixed,0,1197,1.504021406173706,0.0,0.014937395229935646,0.08315396308898926,1.5364363193511963,4,0.5,
fixed,0,1198,2.3601231575012207,0.026789803057909012,0.0006850252975709736,0.15531551837921143,2.42045521736145,4,0.25,
fixed,0,1199,1.3924317359924316,0.0,0.012267427518963814,0.15845704078674316,1.4461026191711426,4,0.25,
fixed,0,1200,2.9399609565734863,0.0,0.007930162362754345,0.13227152824401855,2.983607530593872,4,0.25,4.5501017570495605
fixed,0,1201,2.069981098175049,0.0,0.01657482050359249,0.0652092695236206,2.0978312492370605,4,0.5,
fixed,0,1202,1.724502444267273,0.0,0.008005193434655666,0.07150685787200928,1.7499570846557617,4,0.5,
fixed,0,1203,1.7686492204666138,0.0,0.007578080054372549,0.07363533973693848,1.794528841972351,4,0.5,
fixed,0,1204,2.6393778324127197,0.01850251294672489,0.00012995253200642765,0.09073185920715332,2.6759135723114014,4,0.25,
fixed,0,1205,3.089681386947632,0.0,0.009207530878484249,0.08115148544311523,3.1186306476593018,4,0.25,5.144941329956055
fixed,0,1206,2.2241082191467285,0.0,0.0080726258456707,0.24274194240570068,2.300967216491699,4,0.75,
fixed,0,1207,1.6900056600570679,0.0,0.004102024249732494,0.05491316318511963,1.7085306644439697,4,0.25,
fixed,0,1208,1.4922772645950317,0.0,1.4065684808883816e-05,0.2622554302215576,1.5709608793258667,4,0.0,
fixed,0,1209,2.322753429412842,0.03948242962360382,0.003026847029104829,0.0656963586807251,2.3637170791625977,4,0.5,
fixed,0,1210,2.165722370147705,2.762643816822674e-06,0.006705460138618946,0.06292438507080078,2.1879537105560303,4,0.5,3.987830638885498
fixed,0,1211,2.0770833492279053,2.1897099600209913e-07,0.00655931793153286,0.06712877750396729,2.100501775741577,4,0.5,
fixed,0,1212,1.8312945365905762,0.02816110849380493,0.006071390584111214,0.19096219539642334,1.9056994915008545,4,0.75,
fixed,0,1213,1.581373929977417,3.0245196569467225e-08,0.006936701480299234,0.10527670383453369,1.6164252758026123,4,0.5,
fixed,0,1214,2.3947203159332275,4.157583589403657e-06,0.01253637857735157,0.06422197818756104,2.420257091522217,4,0.5,
fixed,0,1215,2.244321346282959,0.0,0.006603013724088669,0.09011721611022949,2.274657964706421,4,0.5,4.188055038452148
fixed,0,1216,1.9494065046310425,0.0,0.007385184522718191,0.11025094985961914,1.9861743450164795,4,0.5,
fixed,0,1217,2.314836025238037,0.0,0.012548523023724556,0.06680107116699219,2.3411505222320557,4,0.5,
fixed,0,1218,1.2201412916183472,0.0007313311216421425,0.015299055725336075,0.09149742126464844,1.255605697631836,4,0.5,
fixed,0,1219,2.380847454071045,0.0,0.01342804729938507,0.062247395515441895,2.406235694885254,4,0.5,
fixed,0,1220,1.465016484260559,0.030927155166864395,0.010960781946778297,0.16096508502960205,1.534250020980835,4,0.75,1.6333401203155518
fixed,0,1221,2.134100914001465,0.0,0.025234665721654892,0.035174012184143066,2.1572704315185547,4,0.5,
fixed,0,1222,2.353023052215576,0.0,0.007271682843565941,0.1889040470123291,2.413330078125,4,0.25,
fixed,0,1223,1.6200287342071533,0.0,0.006707747932523489,0.17542004585266113,1.6760085821151733,4,0.25,
fixed,0,1224,2.0476059913635254,0.0,0.021496282890439034,0.03300619125366211,2.06825590133667,4,0.5,
fixed,0,1225,1.793147087097168,0.03637151047587395,0.011863901279866695,0.19090771675109863,1.8745371103286743,4,0.75,1.4684842824935913
fixed,0,1226,1.3877406120300293,0.0,0.03292711824178696,0.02841794490814209,1.4127295017242432,4,0.5,
fixed,0,1227,1.1517096757888794,0.0,0.035375695675611496,0.2787895202636719,1.2530343532562256,4,1.0,
fixed,0,1228,1.5374860763549805,0.0,0.034142784774303436,0.28830647468566895,1.6410493850708008,4,1.0,
fixed,0,1229,2.3083925247192383,0.0,0.01889335736632347,0.06560230255126953,2.337519884109497,4,0.5,
fixed,0,1230,2.164484977722168,0.0,0.020658057183027267,0.054280996322631836,2.191098213195801,4,0.5,9.690852165222168
fixed,0,1231,1.0050890445709229,0.0,0.023915812373161316,0.10256242752075195,1.0478156805038452,4,0.75,
fixed,0,1232,2.329305410385132,0.0,0.03340694308280945,0.0737689733505249,2.3681395053863525,4,0.75,
fixed,0,1233,2.1819891929626465,0.0,0.012616252526640892,0.05902671813964844,2.206005334854126,4,0.5,
fixed,0,1234,1.2187455892562866,0.0,0.019407954066991806,0.0554962158203125,1.2450984716415405,4,0.5,
fixed,0,1235,1.9965866804122925,0.0,0.006961764767765999,0.11072003841400146,2.0332834720611572,4,0.25,4.143795490264893
fixed,0,1236,1.4901745319366455,0.0,0.020639901980757713,0.11041891574859619,1.5336201190948486,4,0.75,
fixed,0,1237,1.9450383186340332,0.0,0.016432421281933784,0.04947984218597412,1.968098521232605,4,0.5,
fixed,0,1238,1.0997967720031738,0.0,0.006960590835660696,0.10087227821350098,1.1335387229919434,4,0.25,
fixed,0,1239,1.1456968784332275,0.0,0.012991514056921005,0.04287087917327881,1.1650538444519043,4,0.5,
fixed,0,1240,1.677502989768982,0.0,0.01930730789899826,0.041082143783569336,1.6994812488555908,4,0.5,9.18768310546875
fixed,0,1241,2.462878942489624,0.03655379265546799,0.006215871777385473,0.05053138732910156,2.4994232654571533,4,0.5,
fixed,0,1242,1.8661662340164185,0.0,0.004488023463636637,0.051653385162353516,1.8839062452316284,4,0.25,
fixed,0,1243,1.76956307888031,0.0,0.005128785502165556,0.07941818237304688,1.7959529161453247,4,0.25,
fixed,0,1244,1.785396933555603,0.0,0.002846004441380501,0.0823061466217041,1.811511754989624,4,0.25,
fixed,0,1245,1.0707459449768066,0.0,0.005612523760646582,0.0772545337677002,1.0967285633087158,4,0.5,3.64239239692688
fixed,0,1246,2.703853130340576,0.0,0.004849869757890701,0.07695937156677246,2.729365825653076,4,0.5,
fixed,0,1247,2.1146609783172607,0.0,0.0027418751269578934,0.08333349227905273,2.1410319805145264,4,0.25,
fixed,0,1248,1.268638253211975,0.0,0.002340186620131135,0.04489946365356445,1.283278226852417,4,0.25,
fixed,0,1249,2.3596372604370117,0.0,0.0007865044171921909,0.24988722801208496,2.4349966049194336,4,0.0,
fixed,0,1250,1.2225865125656128,0.0,0.00600807648152113,0.07231807708740234,1.2472859621047974,4,0.5,3.784931182861328
fixed,0,1251,2.551647901535034,0.0,0.0036804426927119493,0.11598992347717285,2.588285207748413,4,0.5,
fixed,0,1252,1.9712550640106201,0.0,0.0011158412089571357,0.3773672580718994,2.0850231647491455,4,0.0,
fixed,0,1253,1.4643547534942627,0.0900065004825592,0.0009245373075827956,0.3348151445388794,1.610264778137207,4,0.75,
fixed,0,1254,1.360839605331421,0.0,0.0046866098418831825,0.31727492809295654,1.4583654403686523,4,0.75,
fixed,0,1255,1.8448764085769653,0.03670729324221611,0.003943139687180519,0.42473143339157104,1.9926210641860962,4,0.75,4.1234354972839355
fixed,0,1256,2.5909743309020996,0.03935646638274193,0.004292411729693413,0.2606201171875,2.6909847259521484,4,0.75,
fixed,0,1257,1.638629674911499,0.0,0.010553433559834957,0.21375155448913574,1.7080318927764893,4,0.75,
fixed,0,1258,1.3041223287582397,0.0,0.012318006716668606,0.09032571315765381,1.3373790979385376,4,0.25,
fixed,0,1259,2.0996882915496826,0.0,0.007566359359771013,0.07038819789886475,2.1245880126953125,4,0.25,
fixed,0,1260,2.2415685653686523,0.0,0.0007157332147471607,0.3060448169708252,2.333739757537842,4,0.0,1.9725279808044434
fixed,0,1261,2.2004270553588867,0.0,0.010842991061508656,0.0801396369934082,2.2298903465270996,4,0.25,
fixed,0,1262,2.2116739749908447,0.0,0.008383166044950485,0.06305289268493652,2.234781503677368,4,0.25,
fixed,0,1263,1.638339877128601,0.0,0.034212395548820496,0.055846452713012695,1.6721999645233154,4,0.75,
fixed,0,1264,1.0965842008590698,0.02168528363108635,0.010022196918725967,0.021059513092041016,1.11875581741333,4,0.5,
fixed,0,1265,2.1569325923919678,0.015860920771956444,0.010877333581447601,0.07683920860290527,2.1933534145355225,4,0.5,1.3937180042266846
fixed,0,1266,1.8404942750930786,0.0,0.029643459245562553,0.07332205772399902,1.8773126602172852,4,0.75,
fixed,0,1267,1.6493327617645264,0.0,0.025304794311523438,0.0390019416809082,1.6736857891082764,4,0.5,
fixed,0,1268,2.550031900405884,0.0,0.00023284103372134268,0.3836017847061157,2.665228843688965,4,0.0,
fixed,0,1269,2.2439322471618652,0.0,0.017367184162139893,0.1617870330810547,2.301151990890503,4,0.25,
fixed,0,1270,2.172203540802002,0.02731989696621895,0.022745303809642792,0.0885767936706543,2.223809242248535,4,0.75,3.083867073059082
fixed,0,1271,1.2025094032287598,0.0,0.04482383280992508,0.11004054546356201,1.257933497428894,4,0.75,
fixed,0,1272,2.022387742996216,0.02572985552251339,0.00705249048769474,0.06780171394348145,2.059119462966919,4,0.5,
fixed,0,1273,1.3423950672149658,0.0,0.03662119060754776,0.14077305793762207,1.4029375314712524,4,0.75,
fixed,0,1274,2.0275204181671143,0.026343252509832382,0.009265479631721973,0.06149327754974365,2.063772678375244,4,0.5,
fixed,0,1275,2.154071092605591,0.015878070145845413,0.012260807678103447,0.07177996635437012,2.1896746158599854,4,0.5,0.9019663333892822
fixed,0,1276,2.518935441970825,0.000993229215964675,0.024436013773083687,0.04093217849731445,2.5439298152923584,4,0.5,
fixed,0,1277,2.2857558727264404,0.0,0.03961266577243805,0.11764061450958252,2.3408544063568115,4,0.75,
fixed,0,1278,2.1055946350097656,0.0,0.00022303962032310665,0.365383505821228,2.2153213024139404,4,0.0,
fixed,0,1279,1.5973339080810547,0.0,0.02243208885192871,0.038620591163635254,1.6201361417770386,4,0.5,
fixed,0,1280,2.8042125701904297,0.028781089931726456,0.00011630166409304366,0.06477808952331543,2.838094711303711,4,0.5,12.44243049621582
fixed,0,1281,1.641205072402954,0.0,0.02379615604877472,0.05766582489013672,1.6704028844833374,4,0.5,
fixed,0,1282,1.7500331401824951,4.9888093656136334e-11,0.010847188532352448,0.10992956161499023,1.7884355783462524,4,0.25,
fixed,0,1283,2.641937494277954,3.134938015136868e-05,0.023203378543257713,0.05662667751312256,2.6705429553985596,4,0.5,
fixed,0,1284,2.936014175415039,5.676268847309984e-05,0.019596923142671585,0.040981173515319824,2.9581353664398193,4,0.25,
fixed,0,1285,2.0081074237823486,4.979360892320983e-05,0.013039757497608662,0.08895242214202881,2.0413379669189453,4,0.25,6.025928974151611
fixed,0,1286,1.7419365644454956,0.0007855677395127714,0.03629034385085106,0.11734938621520996,1.7956793308258057,4,0.75,
fixed,0,1287,0.8556731343269348,0.0001418713218299672,0.025190357118844986,0.14052808284759521,0.9104976654052734,4,0.75,
fixed,0,1288,2.3728740215301514,0.00027490354841575027,0.019485807046294212,0.03958559036254883,2.394629955291748,4,0.5,
fixed,0,1289,1.5999175310134888,6.195803143782541e-05,0.007203428074717522,0.0328902006149292,1.6134172677993774,4,0.25,
fixed,0,1290,1.2418348789215088,1.4383326742972713e-06,0.021387409418821335,0.15301716327667236,1.2984344959259033,4,0.75,12.054306030273438
fixed,0,1291,1.2608457803726196,0.00134179275482893,0.005485867150127888,0.057569026947021484,1.2815302610397339,4,0.25,
fixed,0,1292,2.3698372840881348,8.637849759907112e-07,0.0017128027975559235,0.15744125843048096,2.417926549911499,4,0.0,
fixed,0,1293,1.8457610607147217,9.072422471945174e-06,0.01671484299004078,0.19559192657470703,1.9128005504608154,4,0.75,
fixed,0,1294,2.270477294921875,0.0,0.010362731292843819,0.08389806747436523,2.300827980041504,4,0.5,
fixed,0,1295,1.558566689491272,0.0,0.013620098121464252,0.15196561813354492,1.610966444015503,3,0.75,8.306479454040527
fixed,0,1296,1.8617756366729736,4.43923727289075e-06,0.010640161111950874,0.08275341987609863,1.8919239044189453,4,0.5,
fixed,0,1297,2.302731990814209,0.0,0.01057029515504837,0.08237707614898682,2.332730293273926,4,0.5,
fixed,0,1298,1.9510424137115479,0.0,0.020208528265357018,0.16301333904266357,2.0100507736206055,4,0.75,
fixed,0,1299,1.4992026090621948,0.01974191889166832,0.010673513635993004,0.15921473503112793,1.5621747970581055,4,0.75,
fixed,0,1300,1.7810282707214355,0.06618675589561462,0.004585679154843092,0.2860831022262573,1.902239441871643,4,1.0,19.483064651489258
fixed,0,1301,1.6926275491714478,0.0,0.015692662447690964,0.05788743495941162,1.7178400754928589,4,0.5,
fixed,0,1302,1.342107892036438,0.019190523773431778,0.00709159579128027,0.05025148391723633,1.3703243732452393,4,0.5,
fixed,0,1303,2.4380712509155273,0.013972340151667595,0.0005341113428585231,0.1704319715499878,2.4964540004730225,4,0.25,
fixed,0,1304,2.5613925457000732,0.0,0.07622174173593521,0.13416516780853271,2.6397528648376465,4,0.25,
fixed,0,1305,1.0062286853790283,0.0,0.0009210191201418638,0.38283562660217285,1.121539831161499,4,0.0,2.2120754718780518
fixed,0,1306,2.8698368072509766,0.0012682604137808084,0.015149523504078388,0.08393394947052002,2.903225898742676,4,0.25,
fixed,0,1307,1.7909939289093018,0.0,0.02301967702805996,0.09084582328796387,1.829757571220398,4,0.25,
fixed,0,1308,1.703416347503662,0.0,0.0018847634783014655,0.23991191387176514,1.7763322591781616,4,0.0,
fixed,0,1309,1.614044189453125,0.0,0.045058801770210266,0.03903841972351074,1.648285150527954,4,0.75,
fixed,0,1310,2.6855952739715576,0.0,0.033022183924913406,0.0368809700012207,2.7131707668304443,4,0.5,12.274523735046387
fixed,0,1311,2.4628634452819824,0.0,0.032722122967243195,0.030030488967895508,2.4882335662841797,4,0.5,
fixed,0,1312,1.9419158697128296,0.0072027770802378654,0.01802566461265087,0.04525458812713623,1.9681065082550049,4,0.75,
fixed,0,1313,1.834548830986023,0.0,0.020945407450199127,0.04851794242858887,1.859576940536499,4,0.5,
fixed,0,1314,1.7599092721939087,0.029657959938049316,0.021086685359477997,0.0538480281829834,1.801435947418213,4,0.75,
fixed,0,1315,2.0566117763519287,0.0,0.033335983753204346,0.11275827884674072,2.107107162475586,4,0.75,15.14277172088623
fixed,0,1316,1.2654722929000854,0.0,0.024777447804808617,0.044133901596069336,1.2911012172698975,4,0.5,
fixed,0,1317,0.9750063419342041,0.0,0.013914421200752258,0.10396003723144531,1.0131515264511108,4,0.5,
fixed,0,1318,1.3158433437347412,0.0,0.005562333855777979,0.14072024822235107,1.3608405590057373,4,0.25,
fixed,0,1319,2.0376453399658203,0.0,0.01085599698126316,0.11053943634033203,2.076235055923462,4,0.5,
fixed,0,1320,1.6313693523406982,0.026240680366754532,9.901424346026033e-05,0.14814972877502441,1.6889841556549072,4,0.25,7.423101425170898
fixed,0,1321,2.2248191833496094,0.0,0.0001634522050153464,0.3382742404937744,2.326383113861084,4,0.0,
fixed,0,1322,2.464540719985962,0.021147914230823517,0.0034128765109926462,0.07759642601013184,2.5001001358032227,4,0.5,
fixed,0,1323,2.486907482147217,0.0,0.007923582568764687,0.09614920616149902,2.519714117050171,4,0.5,
fixed,0,1324,1.2837060689926147,4.795585368810862e-07,0.006010520737618208,0.10605716705322266,1.3185287714004517,4,0.5,
fixed,0,1325,2.2799487113952637,0.0,0.004335188306868076,0.10688591003417969,2.3141820430755615,4,0.5,2.7539587020874023
fixed,0,1326,2.9095981121063232,0.12639568746089935,6.300137465586886e-05,0.06728637218475342,2.993013381958008,4,0.25,
fixed,0,1327,1.6424084901809692,0.0,0.019976472482085228,0.461994469165802,1.7909951210021973,4,1.0,
fixed,0,1328,1.6539570093154907,0.0,0.02492707595229149,0.13677668571472168,1.7074536085128784,4,0.75,
fixed,0,1329,1.9025864601135254,0.0,0.018693380057811737,0.036269187927246094,1.922813892364502,4,0.5,
fixed,0,1330,1.180464506149292,0.0,0.011570565402507782,0.03744864463806152,1.1974843740463257,4,0.5,6.154892921447754
fixed,0,1331,1.1314215660095215,0.0,0.01609097234904766,0.28613293170928955,1.2253069877624512,4,0.75,
fixed,0,1332,1.1656570434570312,0.0,0.035399388521909714,0.08599996566772461,1.2091567516326904,4,0.75,
fixed,0,1333,1.8555738925933838,0.0,0.014403500594198704,0.06848263740539551,1.8833204507827759,4,0.5,
fixed,0,1334,1.9322524070739746,0.0,0.01436056662350893,0.031307101249694824,1.9488247632980347,4,0.5,
fixed,0,1335,2.061129570007324,0.011663281358778477,0.012654868885874748,0.09199380874633789,2.100886821746826,4,0.75,2.253634452819824
fixed,0,1336,1.8939733505249023,0.029534561559557915,0.012110513634979725,0.14911377429962158,1.959529995918274,4,0.75,
fixed,0,1337,1.8574378490447998,0.0,0.02552056685090065,0.046006202697753906,1.8839999437332153,4,0.5,
fixed,0,1338,1.8336074352264404,0.0,0.006044137291610241,0.10270607471466064,1.8674412965774536,4,0.25,
fixed,0,1339,2.6486294269561768,0.0,0.04022982716560364,0.058064818382263184,2.686163902282715,4,0.5,
fixed,0,1340,1.9392139911651611,0.0,0.04081650823354721,0.13232636451721191,1.999320149421692,4,0.75,14.714456558227539
fixed,0,1341,3.0891947746276855,0.0,0.017749018967151642,0.17171382904052734,3.149583339691162,4,0.25,
fixed,0,1342,2.278520345687866,0.0,0.01303777750581503,0.07828760147094727,2.308525562286377,4,0.5,
fixed,0,1343,2.5726025104522705,0.0,0.013256490230560303,0.06967496871948242,2.600133180618286,4,0.5,
fixed,0,1344,1.9802974462509155,0.0,0.016985274851322174,0.06747579574584961,2.009032726287842,4,0.5,
fixed,0,1345,1.897874116897583,0.0,0.006268478464335203,0.041631221771240234,1.9134976863861084,4,0.25,3.4059298038482666
fixed,0,1346,1.152483582496643,0.0,0.014527034014463425,0.30513250827789307,1.2512868642807007,4,0.75,
fixed,0,1347,1.5807816982269287,0.0,0.00840846449136734,0.08575701713562012,1.610713005065918,4,0.5,
fixed,0,1348,1.9397622346878052,0.0,0.007864910177886486,0.08839845657348633,1.9702142477035522,4,0.5,
fixed,0,1349,1.3722225427627563,0.0,0.008259883150458336,0.08428287506103516,1.401637315750122,4,0.5,
fixed,0,1350,2.346304178237915,0.0,0.007796162273734808,0.09085965156555176,2.377460241317749,4,0.5,4.274447441101074
fixed,0,1351,1.8414617776870728,0.0,0.0056835985742509365,0.1078176498413086,1.8766489028930664,4,0.25,
fixed,0,1352,2.006296396255493,0.0,0.005680783186107874,0.10193073749542236,2.0397160053253174,4,0.25,
fixed,0,1353,1.9546990394592285,0.0,0.003373274812474847,0.09121489524841309,1.9837501049041748,4,0.25,
fixed,0,1354,1.7089053392410278,0.038782961666584015,0.008886379189789295,0.21353185176849365,1.7967995405197144,4,0.75,
fixed,0,1355,1.2206032276153564,0.02704150602221489,0.004259841050952673,0.05969834327697754,1.254163384437561,4,0.5,4.452155590057373
fixed,0,1356,2.8995981216430664,0.0,0.010405931621789932,0.3569326400756836,3.011880874633789,4,0.75,
fixed,0,1357,1.8152309656143188,0.0,0.010519884526729584,0.23236453533172607,1.8902002573013306,4,0.75,
fixed,0,1358,1.5695644617080688,0.021392719820141792,0.022355711087584496,0.09038376808166504,1.6185537576675415,4,0.75,
fixed,0,1359,2.034680128097534,0.0,0.012287759222090244,0.0416027307510376,2.05330491065979,4,0.5,
fixed,0,1360,1.9127367734909058,0.0,0.01083330251276493,0.07383179664611816,1.9403029680252075,4,0.5,5.887027740478516
fixed,0,1361,1.8469122648239136,0.0,0.02553609572350979,0.11838269233703613,1.8951951265335083,4,0.75,
fixed,0,1362,1.862596869468689,0.0,0.009304650127887726,0.04098153114318848,1.879543662071228,4,0.25,
fixed,0,1363,2.142263412475586,0.0,0.016238950192928314,0.057390689849853516,2.167600154876709,4,0.5,
fixed,0,1364,1.527610421180725,0.029754681512713432,0.010526652447879314,0.05027055740356445,1.562832236289978,4,0.5,
fixed,0,1365,2.391174793243408,0.0,0.027353597804903984,0.11919355392456055,2.4406096935272217,4,0.75,12.960067749023438
fixed,0,1366,2.0327341556549072,0.024418851360678673,0.000575321086216718,0.1617131233215332,2.093745231628418,4,0.25,
fixed,0,1367,2.8388009071350098,0.0,0.013222862035036087,0.08665144443511963,2.8714077472686768,4,0.5,
fixed,0,1368,1.6605273485183716,0.0,0.014035124331712723,0.07950305938720703,1.691395878791809,4,0.5,
fixed,0,1369,2.2699472904205322,0.0,0.020945340394973755,0.06359827518463135,2.29949951171875,4,0.5,
fixed,0,1370,1.432969093322754,0.01955256052315235,0.02748195081949234,0.11730146408081055,1.4916768074035645,4,0.75,4.958065986633301
fixed,0,1371,1.8753995895385742,0.0,0.025748614221811295,0.20486056804656982,1.9497320652008057,4,0.75,
fixed,0,1372,0.998328685760498,0.0,0.012904246337711811,0.16382062435150146,1.053926944732666,4,0.25,
fixed,0,1373,2.054598569869995,0.025020139291882515,0.015438303351402283,0.12929344177246094,2.1136157512664795,4,0.75,
fixed,0,1374,1.64093816280365,0.02438277378678322,0.009389405138790607,0.05164682865142822,1.6733182668685913,4,0.75,
fixed,0,1375,1.4696784019470215,0.0,0.06304584443569183,0.03621482849121094,1.5120657682418823,4,0.75,22.562402725219727
fixed,0,1376,1.9560911655426025,0.02175622619688511,0.007633356377482414,0.05298566818237305,1.9866816997528076,4,0.25,
fixed,0,1377,1.6904276609420776,0.0,0.009150488302111626,0.1455388069152832,1.7386645078659058,4,0.25,
fixed,0,1378,1.4864168167114258,0.0,0.0008818520582281053,0.42683982849121094,1.6149096488952637,4,0.0,
fixed,0,1379,1.7140792608261108,0.0,0.051297590136528015,0.17504048347473145,1.7922401428222656,4,1.0,
fixed,0,1380,1.2667784690856934,0.0,0.021590352058410645,0.03512215614318848,1.2881102561950684,4,0.5,10.284323692321777
fixed,0,1381,2.331977367401123,0.0,0.017836419865489006,0.036045074462890625,2.3517091274261475,4,0.5,
fixed,0,1382,2.1452269554138184,0.0,0.01789015159010887,0.1272130012512207,2.192335844039917,4,0.25,
fixed,0,1383,1.5249097347259521,0.0,0.03619954735040665,0.06108236312866211,1.561334252357483,4,0.75,
fixed,0,1384,1.9170401096343994,0.0,0.028546474874019623,0.027727723121643066,1.939631700515747,4,0.5,
fixed,0,1385,2.061893939971924,0.013286147266626358,0.012937244027853012,0.030575037002563477,2.0841782093048096,4,0.5,0.6387854218482971
fixed,0,1386,1.9267441034317017,0.0291425958275795,0.007681247778236866,0.04605889320373535,1.9589736461639404,4,0.5,
fixed,0,1387,1.1659458875656128,0.0,0.04370248317718506,0.05644345283508301,1.2047301530838013,4,0.75,
fixed,0,1388,1.9240654706954956,0.0,0.011894820258021355,0.07879447937011719,1.9536511898040771,4,0.25,
fixed,0,1389,3.138929605484009,0.0,0.011898668482899666,0.07612979412078857,3.167717933654785,4,0.5,
fixed,0,1390,1.7584800720214844,0.0,0.014830954372882843,0.041425228118896484,1.7783231735229492,4,0.5,6.1508469581604
fixed,0,1391,1.441085696220398,0.0,0.00394884217530489,0.0518953800201416,1.45862877368927,4,0.25,
fixed,0,1392,1.8540701866149902,0.04724223166704178,0.0038649144116789103,0.11833536624908447,1.9151244163513184,4,0.5,
fixed,0,1393,1.7213534116744995,0.0,0.012707564979791641,0.27334296703338623,1.8097100257873535,4,0.75,
fixed,0,1394,2.7012600898742676,0.04150668531656265,0.0004618962702807039,0.16828608512878418,2.7727301120758057,4,0.25,
fixed,0,1395,2.597878932952881,0.0,0.0029582874849438667,0.045006632804870605,2.6128599643707275,4,0.25,2.36277174949646
fixed,0,1396,2.083343029022217,0.0444224514067173,0.003148247953504324,0.1605234146118164,2.155285358428955,4,0.5,
fixed,0,1397,1.2921881675720215,0.04286469146609306,0.0006944227498024702,0.1428443193435669,1.356821060180664,4,0.25,
fixed,0,1398,2.0961315631866455,0.0,0.0036426119040697813,0.03297412395477295,2.1078450679779053,4,0.25,
fixed,0,1399,1.897111177444458,0.0,0.008974047377705574,0.28815269470214844,1.988044023513794,4,0.75,
fixed,0,1400,1.59867525100708,0.006066236179322004,0.004858143627643585,0.21823740005493164,1.66960871219635,4,0.75,2.4679160118103027
fixed,0,1401,1.480108380317688,0.0,0.005127636715769768,0.10174155235290527,1.5131946802139282,4,0.25,
fixed,0,1402,1.5291184186935425,0.0,0.02324804477393627,0.0557478666305542,1.557466745376587,4,0.25,
fixed,0,1403,1.5416772365570068,0.0,0.015680495649576187,0.20153439044952393,1.6099778413772583,4,0.75,
fixed,0,1404,3.271713972091675,0.028031572699546814,0.013784250244498253,0.1371755599975586,3.3337745666503906,4,0.75,
fixed,0,1405,1.9640332460403442,0.0,0.01042216271162033,0.10085928440093994,1.9995020627975464,4,0.25,6.265369415283203
fixed,0,1406,2.0068840980529785,0.0,0.0037736964877694845,0.2479419708251953,2.083153486251831,4,0.0,
fixed,0,1407,1.5671952962875366,0.02454269863665104,0.0013566853012889624,0.09610140323638916,1.6089754104614258,4,0.25,
fixed,0,1408,1.5192298889160156,0.0,0.008386136963963509,0.09411799907684326,1.5516583919525146,4,0.25,
fixed,0,1409,0.8301364183425903,0.0,0.026446443051099777,0.11668026447296143,0.8783637285232544,4,0.75,
fixed,0,1410,1.5390511751174927,0.0,0.026055360212922096,0.04701125621795654,1.566182255744934,4,0.5,11.057973861694336
fixed,0,1411,1.3207579851150513,0.0,0.0336272269487381,0.15870583057403564,1.385183334350586,4,0.75,
fixed,0,1412,2.1897048950195312,0.0,0.018388904631137848,0.04889786243438721,2.213568687438965,4,0.5,
fixed,0,1413,1.1667814254760742,0.0,0.013127113692462444,0.11845207214355469,1.2088806629180908,4,0.25,
fixed,0,1414,1.3395230770111084,0.023951414972543716,0.011392079293727875,0.14693045616149902,1.4012739658355713,4,0.75,
fixed,0,1415,1.7412278652191162,0.0,0.03917483985424042,0.23712313175201416,1.8319522142410278,4,1.0,18.229888916015625
fixed,0,1416,2.3987503051757812,1.3898944644097355e-06,0.005766116548329592,0.08692657947540283,2.4277119636535645,4,0.25,
fixed,0,1417,2.460258960723877,8.064790563366842e-06,0.010615591891109943,0.10905182361602783,2.498286247253418,4,0.25,
fixed,0,1418,1.6685141324996948,0.0,0.020659811794757843,0.14009976387023926,1.7208739519119263,4,0.75,
fixed,0,1419,2.2235219478607178,1.645052634557942e-06,0.0065528894774615765,0.08896183967590332,2.2534878253936768,4,0.25,
fixed,0,1420,1.5568374395370483,1.1162339887960115e-06,0.011229617521166801,0.05803048610687256,1.5798619985580444,4,0.5,6.131838321685791
fixed,0,1421,2.3670287132263184,0.0,0.022290771827101707,0.041422247886657715,2.3906006813049316,4,0.5,
fixed,0,1422,2.9312703609466553,0.0,1.8064436517306603e-05,0.30780649185180664,3.0236213207244873,4,0.0,
fixed,0,1423,1.771060824394226,0.029875973239541054,0.005848719272762537,0.048032283782958984,1.803332805633545,4,0.5,
fixed,0,1424,2.3383543491363525,0.0,0.009034296497702599,0.054679036140441895,2.3592751026153564,4,0.5,
fixed,0,1425,2.278839111328125,0.0,0.005390259437263012,0.06170535087585449,2.300045967102051,4,0.25,3.2752749919891357
fixed,0,1426,1.4921971559524536,0.0,0.009935546666383743,0.05211472511291504,1.5127993822097778,4,0.5,
fixed,0,1427,1.6315891742706299,0.0,0.014102961868047714,0.18588042259216309,1.6944048404693604,4,0.75,
fixed,0,1428,2.4478015899658203,0.0,0.00457013351842761,0.05742299556732178,2.467313528060913,4,0.25,
fixed,0,1429,2.615427255630493,0.0,0.008239456452429295,0.05882441997528076,2.6371943950653076,4,0.5,
fixed,0,1430,1.1481549739837646,0.06324270367622375,0.0039813523180782795,0.1826457977294922,1.2365607023239136,4,0.75,11.621026992797852
fixed,0,1431,2.3668205738067627,0.0319870226085186,0.008564664050936699,0.1930786371231079,2.4450199604034424,4,0.75,
fixed,0,1432,2.159943103790283,0.0,0.004237677901983261,0.08670592308044434,2.1880736351013184,4,0.25,
fixed,0,1433,1.9460852146148682,0.0,0.00446307985112071,0.09357500076293945,1.9763892889022827,4,0.25,
fixed,0,1434,1.4676960706710815,0.019910993054509163,0.005182909779250622,0.03681063652038574,1.4912861585617065,4,0.5,
fixed,0,1435,2.257251739501953,0.0,0.01013630535453558,0.12269413471221924,2.2991280555725098,4,0.25,5.25255012512207
fixed,0,1436,1.9331014156341553,0.019494445994496346,0.006235975306481123,0.06023526191711426,1.9640371799468994,4,0.5,
fixed,0,1437,1.624079704284668,0.0,0.045487187802791595,0.062178611755371094,1.66547691822052,4,0.75,
fixed,0,1438,2.3815159797668457,0.0,0.010198453441262245,0.15122556686401367,2.43198299407959,4,0.25,
fixed,0,1439,2.2196054458618164,0.0,0.051841214299201965,0.19569766521453857,2.3042354583740234,4,1.0,
fixed,0,1440,2.352459669113159,0.0,0.013127936981618404,0.07790195941925049,2.382394313812256,4,0.5,6.865865707397461
fixed,0,1441,1.6174278259277344,0.0,0.029757976531982422,0.1589338779449463,1.6799869537353516,4,0.75,
fixed,0,1442,2.1841678619384766,0.0,0.010375832207500935,0.13761162757873535,2.2306392192840576,4,0.25,
fixed,0,1443,1.1072863340377808,0.011408772319555283,0.020278658717870712,0.07425975799560547,1.145408034324646,4,0.75,
fixed,0,1444,1.4516005516052246,0.0,0.03215111047029495,0.15431761741638184,1.5139714479446411,4,0.75,
fixed,0,1445,2.0201780796051025,0.024463066831231117,0.035120248794555664,0.22789406776428223,2.118337869644165,4,1.0,7.9434380531311035
fixed,0,1446,2.451770305633545,0.010378912091255188,0.0008591576479375362,0.15729475021362305,2.504577875137329,4,0.25,
fixed,0,1447,2.3336071968078613,0.0,0.019620120525360107,0.0544360876083374,2.359748125076294,4,0.25,
fixed,0,1448,1.0340538024902344,0.011705154553055763,0.04038827866315842,0.14667344093322754,1.104102611541748,4,1.0,
fixed,0,1449,2.2099673748016357,0.024052105844020844,0.0005716378800570965,0.11141002178192139,2.255702257156372,4,0.25,
fixed,0,1450,2.228581190109253,0.0,0.041098300367593765,0.05999040603637695,2.267127513885498,4,0.75,17.125038146972656
fixed,0,1451,2.4601962566375732,0.0,0.0005030762986280024,0.35789012908935547,2.567814826965332,4,0.0,
fixed,0,1452,2.0828866958618164,0.013046800158917904,0.009121803566813469,0.04170656204223633,2.106482982635498,4,0.5,
fixed,0,1453,2.1943705081939697,0.0,0.03213604539632797,0.04054892063140869,2.2226033210754395,4,0.5,
fixed,0,1454,1.620941162109375,0.0,0.020693723112344742,0.03778660297393799,1.642624020576477,4,0.5,
fixed,0,1455,2.3144383430480957,0.0,0.03975660353899002,0.0556948184967041,2.351025104522705,4,0.5,14.490843772888184
fixed,0,1456,1.7689934968948364,0.0,0.026195542886853218,0.04101133346557617,1.794394612312317,4,0.5,
fixed,0,1457,1.806702733039856,0.023313334211707115,0.0061043244786560535,0.05072188377380371,1.8366280794143677,4,0.5,
fixed,0,1458,1.6865079402923584,0.0,0.02153499238193035,0.05194270610809326,1.7128582000732422,4,0.5,
fixed,0,1459,2.198782205581665,0.0,0.017568055540323257,0.2652474641799927,2.287140369415283,4,0.75,
fixed,0,1460,1.5244113206863403,0.0,0.014638202264904976,0.07656383514404297,1.5546995401382446,4,0.5,7.539306640625
fixed,0,1461,1.79218590259552,0.0,0.0013372841058298945,0.3479968309402466,1.8972536325454712,4,0.0,
fixed,0,1462,1.9844036102294922,0.0,0.012139538303017616,0.22484517097473145,2.057926893234253,4,0.75,
fixed,0,1463,1.284530520439148,0.03413143754005432,0.007153975311666727,0.24912738800048828,1.3799114227294922,4,0.75,
fixed,0,1464,1.7529815435409546,0.01713917776942253,0.0071130250580608845,0.08706450462341309,1.7912269830703735,4,0.5,
fixed,0,1465,1.7949146032333374,0.03376755863428116,0.010305547155439854,0.22069811820983887,1.8831605911254883,4,0.75,1.8101403713226318
fixed,0,1466,0.8840314149856567,0.0,0.004137087147682905,0.13829469680786133,0.9275883436203003,4,0.25,
fixed,0,1467,1.182323694229126,0.0,0.008691472001373768,0.14888226985931396,1.2313340902328491,4,0.25,
fixed,0,1468,2.2828991413116455,0.0,0.0013173893094062805,0.3926187753677368,2.401343584060669,4,0.0,
fixed,0,1469,2.9199979305267334,0.01562509685754776,0.0059827473014593124,0.07503843307495117,2.9533133506774902,4,0.5,
fixed,0,1470,2.2363438606262207,0.0,0.007759266532957554,0.09854280948638916,2.2697863578796387,4,0.25,4.481088638305664
fixed,0,1471,2.0965616703033447,0.0,0.028726419433951378,0.04456806182861328,2.124295234680176,4,0.5,
fixed,0,1472,1.535845160484314,0.02530958503484726,0.0304410420358181,0.09196281433105469,1.5913093090057373,4,0.75,
fixed,0,1473,1.8161721229553223,0.0,0.03328332304954529,0.024854183197021484,1.8402700424194336,4,0.5,
fixed,0,1474,1.7047615051269531,0.0,0.0197213813662529,0.048479676246643066,1.7291661500930786,4,0.5,
fixed,0,1475,1.7022380828857422,0.0,0.028187107294797897,0.10874831676483154,1.7489560842514038,4,0.75,13.62185001373291
fixed,0,1476,1.3955703973770142,3.26225489288845e-07,0.012891806662082672,0.03804504871368408,1.4134299755096436,4,0.5,
fixed,0,1477,1.393986701965332,0.030485089868307114,0.02560366876423359,0.11439156532287598,1.4563485383987427,4,0.75,
fixed,0,1478,1.8172483444213867,0.0,0.012210174463689327,0.05102741718292236,1.8386616706848145,4,0.5,
fixed,0,1479,2.1015079021453857,0.021544363349676132,0.012668872252106667,0.13414299488067627,2.1588573455810547,4,0.75,
fixed,0,1480,2.3864543437957764,0.0,0.008727330714464188,0.05852460861206055,2.4083755016326904,4,0.25,4.376214981079102
fixed,0,1481,2.5774073600769043,0.0,0.0009864986641332507,0.23701095581054688,2.6490039825439453,4,0.0,
fixed,0,1482,2.0726282596588135,0.0,0.028187334537506104,0.12362778186798096,2.123810291290283,4,0.75,
fixed,0,1483,2.4869863986968994,0.018029676750302315,0.010165966115891933,0.15437078475952148,2.5473954677581787,4,0.75,
fixed,0,1484,1.9170705080032349,0.0,0.001375773805193603,0.2690833806991577,1.998483419418335,4,0.0,
fixed,0,1485,2.2289302349090576,0.0,0.014947229996323586,0.3024258613586426,2.327131509780884,4,0.0,5.115425109863281
fixed,0,1486,2.4443471431732178,0.0,0.007180344313383102,0.04794502258300781,2.4623208045959473,4,0.25,
fixed,0,1487,2.1064701080322266,0.0,0.030476417392492294,0.3191298246383667,2.217447280883789,4,1.0,
fixed,0,1488,1.9183892011642456,0.0,0.024659480899572372,0.15316009521484375,1.9766669273376465,4,0.75,
fixed,0,1489,2.261603355407715,0.02486310712993145,0.01239396259188652,0.08429861068725586,2.3055214881896973,4,0.5,
fixed,0,1490,2.0801146030426025,0.0,0.01643265038728714,0.0741739273071289,2.1105830669403076,4,0.5,8.561620712280273
fixed,0,1491,1.9882192611694336,0.0,0.00012320411042310297,0.3014962673187256,2.0787296295166016,4,0.0,
fixed,0,1492,1.9446537494659424,0.0,0.028532203286886215,0.059618473052978516,1.9768054485321045,4,0.5,
fixed,0,1493,1.700700044631958,0.015335336327552795,0.00834531057626009,0.04755091667175293,1.7268056869506836,4,0.5,
fixed,0,1494,2.1445302963256836,0.0,0.0009296952630393207,0.1772143840789795,2.1981594562530518,4,0.0,
fixed,0,1495,1.7241071462631226,0.0,0.015280427411198616,0.04929399490356445,1.7465355396270752,4,0.5,7.910099029541016
fixed,0,1496,2.112467050552368,1.7158808987005614e-06,0.015524989925324917,0.03443455696105957,2.130560874938965,4,0.5,
fixed,0,1497,1.4858019351959229,2.5668961825431325e-05,0.005203993991017342,0.029755473136901855,1.4973434209823608,4,0.25,
fixed,0,1498,1.978806734085083,0.0,0.028916500508785248,0.09682989120483398,2.0223140716552734,4,0.75,
fixed,0,1499,3.129554271697998,0.0,0.007469987031072378,0.08873581886291504,3.159909963607788,4,0.25,
fixed,0,1500,1.697568416595459,0.0,0.00497954897582531,0.030599236488342285,1.7092379331588745,4,0.25,2.897319793701172
fixed,0,1501,1.5995688438415527,0.0,0.010470382869243622,0.06328153610229492,1.6237884759902954,4,0.5,
fixed,0,1502,2.506835699081421,0.01744331419467926,6.27765548415482e-05,0.1209096908569336,2.5518617630004883,4,0.25,
fixed,0,1503,1.60586416721344,0.0,0.01002139039337635,0.08267545700073242,1.635677456855774,4,0.5,
fixed,0,1504,1.6578621864318848,0.032666657119989395,0.009865263476967812,0.18639516830444336,1.7350467443466187,4,0.75,
fixed,0,1505,1.6114625930786133,2.1496269255294465e-05,0.013208894990384579,0.2014155387878418,1.6785024404525757,4,0.75,7.637989521026611
fixed,0,1506,2.139331340789795,0.0,0.015908904373645782,0.07641267776489258,2.1702096462249756,4,0.5,
fixed,0,1507,1.5458835363388062,0.0,0.009472738951444626,0.10984313488006592,1.5835728645324707,4,0.25,
fixed,0,1508,2.471567153930664,0.0,0.005553137045353651,0.11964607238769531,2.510237455368042,4,0.25,
fixed,0,1509,2.4810755252838135,0.06432905793190002,0.0012442898005247116,0.07670354843139648,2.5368733406066895,4,0.5,
fixed,0,1510,1.1904429197311401,0.0,0.01632601208984852,0.1670985221862793,1.2487354278564453,4,0.75,9.058832168579102
fixed,0,1511,1.1951829195022583,0.0,0.019399672746658325,0.14082610607147217,1.2471306324005127,4,0.75,
fixed,0,1512,1.2018961906433105,0.028917690739035606,0.007387549616396427,0.06091499328613281,1.2383233308792114,4,0.5,
fixed,0,1513,2.188170909881592,0.0,0.00816402118653059,0.14237046241760254,2.23496413230896,4,0.25,
fixed,0,1514,2.261763095855713,0.0,0.019099505618214607,0.0633237361907959,2.2903099060058594,4,0.5,
fixed,0,1515,1.976127028465271,0.022156739607453346,0.01038918923586607,0.04425644874572754,2.0056769847869873,4,0.5,1.7949806451797485
fixed,0,1516,2.5147807598114014,0.025034284219145775,0.008043821901082993,0.04698312282562256,2.545414686203003,4,0.5,
fixed,0,1517,1.771705985069275,0.020750215277075768,0.011574984528124332,0.04716634750366211,1.8020185232162476,4,0.5,
fixed,0,1518,2.329535961151123,0.0,0.0110190873965621,0.12476277351379395,2.372474431991577,4,0.25,
fixed,0,1519,1.3057944774627686,0.0,0.018097208812832832,0.0457305908203125,1.3285622596740723,4,0.5,
fixed,0,1520,1.556450605392456,0.015031306073069572,0.014026542194187641,0.033669471740722656,1.5810803174972534,4,0.5,1.422437310218811
fixed,0,1521,1.5414762496948242,0.0,0.009609125554561615,0.12536084651947021,1.5838890075683594,4,0.25,
fixed,0,1522,1.7774403095245361,0.023435452952980995,0.0010055408347398043,0.1271117925643921,1.8277943134307861,4,0.25,
fixed,0,1523,1.9260978698730469,0.02509463019669056,0.013088401407003403,0.05125570297241211,1.9605660438537598,4,0.5,
fixed,0,1524,2.1457924842834473,0.02315973863005638,0.028095923364162445,0.06704485416412354,2.1915338039398193,4,0.75,
fixed,0,1525,2.4310455322265625,0.0,0.026105713099241257,0.05545508861541748,2.4607348442077637,4,0.5,11.458137512207031
fixed,0,1526,1.2071022987365723,0.0,0.016595732420682907,0.06855201721191406,1.2359657287597656,4,0.25,
fixed,0,1527,2.867295265197754,0.0,0.01510015781968832,0.15938258171081543,2.9226601123809814,4,0.25,
fixed,0,1528,1.7624307870864868,0.009549844078719616,0.02283628284931183,0.04390454292297363,1.791795253753662,4,0.75,
fixed,0,1529,2.0837271213531494,0.019561229273676872,0.03938869386911392,0.16611599922180176,2.163036823272705,4,1.0,
fixed,0,1530,2.0091326236724854,0.024665700271725655,0.013242405839264393,0.052846431732177734,2.043940544128418,4,0.75,5.0093584060668945
fixed,0,1531,2.2408535480499268,0.0,0.04087346792221069,0.06554853916168213,2.2809548377990723,4,0.75,
fixed,0,1532,2.0864903926849365,0.0,0.020805053412914276,0.07388806343078613,2.1190593242645264,4,0.5,
fixed,0,1533,1.7180298566818237,0.0,0.019963067024946213,0.07222259044647217,1.749678134918213,4,0.25,
fixed,0,1534,2.2323715686798096,0.02168155275285244,0.02856263518333435,0.08894336223602295,2.2841765880584717,4,0.75,
fixed,0,1535,2.410966157913208,0.010638240724802017,0.0010856385342776775,0.20898735523223877,2.4795243740081787,4,0.25,5.060342788696289
fixed,0,1536,1.6430703401565552,0.012053869664669037,0.04366253316402435,0.14432144165039062,1.714224934577942,4,1.0,
fixed,0,1537,1.5417919158935547,0.0,0.03295159339904785,0.10574710369110107,1.589991807937622,4,0.75,
fixed,0,1538,2.0589101314544678,0.0,0.0014139333507046103,0.39261293411254883,2.177401065826416,4,0.0,
fixed,0,1539,1.8592445850372314,0.0,0.010813968256115913,0.13077425956726074,1.9038838148117065,4,0.25,
fixed,0,1540,1.2101757526397705,0.0,0.023182805627584457,0.0596235990524292,1.2396541833877563,4,0.5,10.914994239807129
fixed,0,1541,1.2835243940353394,0.0,0.01254279911518097,0.03088212013244629,1.2990604639053345,4,0.25,
fixed,0,1542,1.769115686416626,0.0,0.015136850997805595,0.05378401279449463,1.7928192615509033,4,0.5,
fixed,0,1543,0.7974052429199219,0.0,0.027486547827720642,0.3374457359313965,0.9123822450637817,4,1.0,
fixed,0,1544,0.984871506690979,0.0,0.028170105069875717,0.10063493251800537,1.0291470289230347,4,0.75,
fixed,0,1545,2.6033496856689453,0.023072512820363045,0.023016715422272682,0.28383636474609375,2.71154522895813,4,1.0,4.716642379760742
fixed,0,1546,1.9001184701919556,0.0,0.02756568416953087,0.33015871047973633,2.012948989868164,4,1.0,
fixed,0,1547,1.468019723892212,0.0,0.03297386318445206,0.26498734951019287,1.5640028715133667,4,1.0,
fixed,0,1548,2.1788620948791504,0.021654510870575905,0.020458918064832687,0.07492411136627197,2.2223961353302,4,0.75,
fixed,0,1549,1.8085191249847412,0.0,0.03076903522014618,0.07490730285644531,1.846375823020935,4,0.75,
fixed,0,1550,1.454003095626831,0.0,0.007874656468629837,0.04982256889343262,1.4728871583938599,4,0.25,4.128527641296387
fixed,0,1551,0.9991428256034851,0.0,0.025478625670075417,0.01696491241455078,1.0169715881347656,4,0.5,
fixed,0,1552,1.9148147106170654,0.01673695258796215,0.024026036262512207,0.05613970756530762,1.9520381689071655,4,0.75,
fixed,0,1553,1.3559006452560425,0.0,0.05375400930643082,0.1481490135192871,1.4272223711013794,4,1.0,
fixed,0,1554,2.109604835510254,0.0,0.02511109970510006,0.04169881343841553,2.1346700191497803,4,0.5,
fixed,0,1555,1.3693263530731201,0.0,0.023494239896535873,0.0484013557434082,1.3955938816070557,4,0.5,10.592020988464355
fixed,0,1556,1.5008056163787842,0.0,0.03795704245567322,0.08246076107025146,1.5445224046707153,4,0.75,
fixed,0,1557,1.682571291923523,0.00033781895763240755,0.0105926264077425,0.08171582221984863,1.712551236152649,4,0.25,
fixed,0,1558,1.2805088758468628,0.0,0.033829424530267715,0.1150592565536499,1.3319413661956787,4,0.5,
fixed,0,1559,1.4137061834335327,0.0,0.012946847826242447,0.12154626846313477,1.4566434621810913,4,0.25,
fixed,0,1560,2.016132354736328,0.0,0.03604675084352493,0.29721879959106445,2.123321294784546,4,1.0,18.83304786682129
fixed,0,1561,0.8301069140434265,0.0,0.017071813344955444,0.055504560470581055,0.8552941679954529,4,0.5,
fixed,0,1562,2.2578909397125244,0.0,0.012353816069662571,0.14108407497406006,2.3063931465148926,4,0.5,
fixed,0,1563,1.3746578693389893,0.026226507499814034,0.0062116277404129505,0.1361250877380371,1.431714415550232,4,0.5,
fixed,0,1564,1.6818972826004028,0.0,0.022672811523079872,0.13472461700439453,1.733651041984558,4,0.5,
fixed,0,1565,0.8814274072647095,0.027694620192050934,0.02541622333228588,0.34555137157440186,1.0116482973098755,4,1.0,5.399292469024658
fixed,0,1566,1.920892596244812,0.019374335184693336,0.021826907992362976,0.15649235248565674,1.9884408712387085,4,0.75,
fixed,0,1567,2.5455446243286133,0.0,0.007770521100610495,0.1885005235671997,2.605980157852173,4,0.25,
fixed,0,1568,1.7805299758911133,0.039516232907772064,0.01168152503669262,0.13035964965820312,1.8452367782592773,4,0.75,
fixed,0,1569,1.9019496440887451,0.041333649307489395,0.01877433806657791,0.09854423999786377,1.9615669250488281,4,0.75,
fixed,0,1570,1.927856206893921,0.0,0.034636080265045166,0.09619998931884766,1.9740341901779175,4,0.5,13.798783302307129
fixed,0,1571,2.1467983722686768,0.0,0.014038183726370335,0.1522386074066162,2.199489116668701,4,0.25,
fixed,0,1572,1.8028693199157715,0.0,0.01399476919323206,0.14031434059143066,1.8519610166549683,4,0.25,
fixed,0,1573,2.0639023780822754,0.0,0.02884206734597683,0.0470123291015625,2.0924270153045654,4,0.5,
fixed,0,1574,2.142869234085083,0.0074275885708630085,0.03214730694890022,0.040998220443725586,2.1749560832977295,4,0.75,
fixed,0,1575,1.8708975315093994,0.0,0.021713031455874443,0.03821206092834473,1.89321768283844,4,0.5,10.429986000061035
fixed,0,1576,2.769432783126831,0.0,0.012571687810122967,0.09575092792510986,2.804443836212158,4,0.25,
fixed,0,1577,1.1047790050506592,0.0,0.03147050738334656,0.17533469200134277,1.1731146574020386,4,0.5,
fixed,0,1578,2.277557849884033,0.0,0.04534292221069336,0.1957637071609497,2.3589584827423096,4,1.0,
fixed,0,1579,2.7729909420013428,0.0,0.0183787290006876,0.031485557556152344,2.7916259765625,4,0.5,
fixed,0,1580,1.2453999519348145,0.018098115921020508,0.013140247203409672,0.0312345027923584,1.270389437675476,4,0.5,1.1462472677230835
fixed,0,1581,1.7303543090820312,0.024004125967621803,5.80850537517108e-05,0.07480227947235107,1.7648260593414307,4,0.25,
fixed,0,1582,1.5338280200958252,0.0,0.01777235046029091,0.055706024169921875,1.559425950050354,4,0.5,
fixed,0,1583,2.1096339225769043,3.0332218958761814e-09,0.013060484081506729,0.07369875907897949,2.1382737159729004,4,0.5,
fixed,0,1584,3.459669351577759,1.6694566795649735e-07,0.013956042006611824,0.0471038818359375,3.480778694152832,4,0.5,
fixed,0,1585,1.619315505027771,0.0,0.015703879296779633,0.1836639642715454,1.6822665929794312,4,0.75,8.886643409729004
fixed,0,1586,1.0993525981903076,0.0,0.016908764839172363,0.17734193801879883,1.1610095500946045,4,0.75,
fixed,0,1587,2.147645950317383,0.0731106847524643,0.006177316419780254,0.21798443794250488,2.252685308456421,4,0.75,
fixed,0,1588,1.2580382823944092,0.057778578251600266,0.005956465378403664,0.1772608757019043,1.3430840969085693,4,0.75,
fixed,0,1589,2.6723434925079346,0.0,0.013234936632215977,0.17849373817443848,2.732509136199951,4,0.25,
fixed,0,1590,2.322972059249878,0.0,0.004401456099003553,0.15546417236328125,2.371812105178833,4,0.25,2.782064914703369
fixed,0,1591,2.9643547534942627,0.0,0.035365909337997437,0.08025860786437988,3.006115198135376,4,0.5,
fixed,0,1592,1.7858229875564575,0.01778828352689743,0.00826977752149105,0.0802609920501709,1.8229303359985352,4,0.5,
fixed,0,1593,1.2265560626983643,0.0,0.008521459996700287,0.1260395050048828,1.2686285972595215,4,0.25,
fixed,0,1594,1.6819404363632202,0.042085424065589905,0.009552177973091602,0.09920072555541992,1.7375195026397705,4,0.75,
fixed,0,1595,2.846682548522949,0.0,0.02304782345890999,0.05180859565734863,2.873749017715454,4,0.5,11.18415641784668
fixed,0,1596,2.0389978885650635,0.0,0.04421715438365936,0.09657740592956543,2.0900797843933105,4,0.75,
fixed,0,1597,2.317723512649536,0.0,0.050842080265283585,0.04469871520996094,2.3565542697906494,4,0.75,
fixed,0,1598,2.224602460861206,0.0,0.03274717926979065,0.13325858116149902,2.2809536457061768,4,0.5,
fixed,0,1599,2.45204758644104,0.013287363573908806,0.0276002436876297,0.05154156684875488,2.4879539012908936,4,0.75,
fixed,0,1600,1.80909264087677,0.0,0.0385441854596138,0.06689202785491943,1.8484323024749756,4,0.75,16.299650192260742
fixed,0,1601,2.022982120513916,0.0,0.0029999453108757734,0.19861960411071777,2.0840680599212646,4,0.0,
fixed,0,1602,1.5401028394699097,0.042562417685985565,0.01210445910692215,0.08490395545959473,1.592907428741455,4,0.75,
fixed,0,1603,0.9899926781654358,0.0,0.012870353646576405,0.05533599853515625,1.013028621673584,3,0.5,
fixed,0,1604,1.8156249523162842,0.011271917261183262,0.030833959579467773,0.19997131824493408,1.8966692686080933,4,1.0,
fixed,0,1605,1.1557371616363525,0.0,0.02407247945666313,0.051033735275268555,1.1830835342407227,4,0.5,11.150935173034668
fixed,0,1606,0.8446548581123352,0.0,0.044771790504455566,0.08399653434753418,0.8922396898269653,4,0.75,
fixed,0,1607,1.780808448791504,0.0,0.02282300405204296,0.06820404529571533,1.8126811981201172,4,0.5,
fixed,0,1608,1.5362461805343628,0.0,0.004614568781107664,0.20999455451965332,1.6015517711639404,4,0.0,
fixed,0,1609,2.373950958251953,0.0,0.020113587379455566,0.0458754301071167,2.397770404815674,4,0.5,
fixed,0,1610,1.4156520366668701,0.0,0.019068153575062752,0.07650411128997803,1.4481374025344849,4,0.5,9.014565467834473
fixed,0,1611,2.820417642593384,0.0,0.007865898311138153,0.03700911998748779,2.8354532718658447,4,0.25,
fixed,0,1612,0.844738781452179,0.05812694504857063,3.986657611676492e-05,0.0924842357635498,0.9015674591064453,4,0.5,
fixed,0,1613,2.9372479915618896,0.0,0.005270223133265972,0.12484216690063477,2.9773356914520264,4,0.25,
fixed,0,1614,1.197270154953003,0.01896282285451889,0.005187696311622858,0.09091496467590332,1.2366199493408203,4,0.75,
fixed,0,1615,1.9978389739990234,0.02274232730269432,0.004964250139892101,0.08034920692443848,2.035797119140625,4,0.5,4.635715961456299
fixed,0,1616,0.7954306602478027,0.0,0.015347370877861977,0.2026965618133545,0.8639132976531982,4,0.75,
fixed,0,1617,0.9513412117958069,0.0,0.019967183470726013,0.1711273193359375,1.0126630067825317,4,0.75,
fixed,0,1618,2.1566224098205566,0.0,0.016852496191859245,0.05725550651550293,2.182225227355957,4,0.5,
fixed,0,1619,1.3341577053070068,0.0,0.02641987055540085,0.12989318370819092,1.3863356113433838,4,0.75,
fixed,0,1620,2.4994258880615234,0.0,0.006003322545439005,0.03324604034423828,2.5124013423919678,4,0.25,3.7270994186401367
fixed,0,1621,2.8784117698669434,0.016819564625620842,0.013915997929871082,0.17503869533538818,2.946291208267212,4,0.75,
fixed,0,1622,2.461277961730957,0.0,0.01607350818812847,0.0683974027633667,2.4898338317871094,4,0.5,
fixed,0,1623,1.7568550109863281,0.0,0.010119244456291199,0.1290266513824463,1.800622582435608,4,0.25,
fixed,0,1624,0.7892434597015381,0.021347785368561745,0.0005888283485546708,0.1286097764968872,0.8387947082519531,4,0.25,
fixed,0,1625,2.552325963973999,0.014099406078457832,0.02118915505707264,0.0783541202545166,2.5934765338897705,4,0.75,3.8796494007110596
fixed,0,1626,1.840027093887329,0.011896812357008457,0.022062841802835464,0.06880795955657959,1.8776493072509766,4,0.75,
fixed,0,1627,2.2026543617248535,0.0,0.04435689374804497,0.05975508689880371,2.2427592277526855,4,0.5,
fixed,0,1628,1.424734115600586,0.0,0.01174780260771513,0.10210657119750977,1.4612399339675903,4,0.25,
fixed,0,1629,2.747093915939331,0.0,0.030092880129814148,0.04389190673828125,2.7753078937530518,4,0.5,
fixed,0,1630,1.0999233722686768,0.0,0.017152264714241028,0.03881180286407471,1.1201430559158325,4,0.5,8.844711303710938
fixed,0,1631,1.6812201738357544,0.021525157615542412,0.009333925321698189,0.03965950012207031,1.708547592163086,4,0.5,
fixed,0,1632,1.6015651226043701,0.0,0.03315301984548569,0.27511119842529297,1.7006750106811523,4,1.0,
fixed,0,1633,1.5805950164794922,0.0,0.01103462278842926,0.04547560214996338,1.599755048751831,4,0.5,
fixed,0,1634,2.3477654457092285,0.02869309112429619,0.005263031460344791,0.04394519329071045,2.37792706489563,4,0.5,
fixed,0,1635,1.0328478813171387,0.0,0.012024585157632828,0.04640078544616699,1.0527803897857666,4,0.5,6.516460418701172
fixed,0,1636,1.435586929321289,0.0,0.010696111246943474,0.050990939140319824,1.4562323093414307,4,0.5,
fixed,0,1637,2.181478261947632,0.02365012653172016,0.019022781401872635,0.09989035129547119,2.2327818870544434,4,0.75,
fixed,0,1638,1.5817145109176636,0.023571325466036797,0.011384846642613411,0.1306854486465454,1.638398289680481,4,0.75,
fixed,0,1639,1.9978846311569214,0.014475688338279724,0.016929177567362785,0.06607711315155029,2.0334103107452393,4,0.75,
fixed,0,1640,2.343902587890625,0.0,0.012816176749765873,0.1343855857849121,2.3906264305114746,4,0.25,5.914673328399658
fixed,0,1641,1.8635131120681763,0.0,0.0073549784719944,0.11659407615661621,1.902168869972229,4,0.25,
fixed,0,1642,3.52543306350708,0.0,0.022784262895584106,0.11115598678588867,3.570172071456909,4,0.75,
fixed,0,1643,1.1057170629501343,0.0,0.007627829909324646,0.13995492458343506,1.1515175104141235,4,0.25,
fixed,0,1644,1.6878544092178345,0.0,0.02745322324335575,0.09221720695495605,1.7292461395263672,4,0.75,
fixed,0,1645,2.4525866508483887,0.015330449678003788,0.03219529986381531,0.19284868240356445,2.5342042446136475,4,1.0,7.635352611541748
fixed,0,1646,2.2211520671844482,0.0,0.026716487482190132,0.18849265575408936,2.29105806350708,4,0.75,
fixed,0,1647,1.9086779356002808,0.0,0.013563912361860275,0.08169841766357422,1.9399694204330444,4,0.5,
fixed,0,1648,2.2021584510803223,0.025193292647600174,0.0071881432086229324,0.07517635822296143,2.2409021854400635,4,0.5,
fixed,0,1649,1.8083484172821045,0.0,0.029843471944332123,0.09991967678070068,1.8532460927963257,4,0.75,
fixed,0,1650,2.091081380844116,0.0,0.0028599940706044436,0.2801903486251831,2.1765685081481934,4,0.0,3.289673089981079
fixed,0,1651,1.469192624092102,0.010904321447014809,0.02215893752872944,0.08111774921417236,1.5100595951080322,4,0.5,
fixed,0,1652,1.8871448040008545,0.0,0.028389189392328262,0.09722864627838135,1.930508017539978,4,0.75,
fixed,0,1653,1.8795603513717651,0.0,0.006577231455594301,0.12259221076965332,1.9196265935897827,4,0.25,
fixed,0,1654,2.7308149337768555,0.018472138792276382,0.001733242068439722,0.034653425216674805,2.7513136863708496,4,0.5,
fixed,0,1655,1.1896989345550537,0.027970261871814728,0.028932344168424606,0.28159165382385254,1.302627682685852,4,1.0,6.843997478485107
fixed,0,1656,1.9368382692337036,0.0,0.016777021810412407,0.06339097023010254,1.9642441272735596,4,0.5,
fixed,0,1657,1.852906346321106,0.0,0.02362009510397911,0.0688481330871582,1.8853708505630493,4,0.5,
fixed,0,1658,2.0855793952941895,0.0,0.03128340095281601,0.09816956520080566,2.130671977996826,4,0.75,
fixed,0,1659,1.3056286573410034,0.0,0.03793996572494507,0.25177526473999023,1.4001312255859375,4,1.0,
fixed,0,1660,2.5482308864593506,0.0,0.0297565720975399,0.21285831928253174,2.626966714859009,4,0.25,9.27368450164795
fixed,0,1661,1.8884971141815186,0.0,0.01176134031265974,0.14305377006530762,1.9372938871383667,4,0.25,
fixed,0,1662,1.1853266954421997,0.0,0.015801653265953064,0.0556492805480957,1.2099223136901855,4,0.5,
fixed,0,1663,1.4603468179702759,0.022015362977981567,0.02224164642393589,0.04213309288024902,1.4951152801513672,4,0.5,
fixed,0,1664,2.561805486679077,0.0,0.022326741367578506,0.11767888069152832,2.6082725524902344,4,0.75,
fixed,0,1665,2.5366015434265137,0.0,0.0018422889988869429,0.26052701473236084,2.615680694580078,4,0.0,2.40940523147583
fixed,0,1666,1.0416131019592285,0.0,0.03338555246591568,0.2770376205444336,1.141417145729065,4,1.0,
fixed,0,1667,0.9931002855300903,0.027992336079478264,0.008605406619608402,0.280392050743103,1.0955168008804321,4,0.5,
fixed,0,1668,2.3004329204559326,0.025944223627448082,0.008397617377340794,0.03636777400970459,2.3285140991210938,4,0.5,
fixed,0,1669,2.4568941593170166,0.0,0.017190199345350266,0.03004300594329834,2.4745020866394043,4,0.5,
fixed,0,1670,1.9195916652679443,0.0,0.01352639403194189,0.0339963436126709,1.936553716659546,4,0.5,6.797049045562744
fixed,0,1671,1.523373007774353,0.0,0.020716045051813126,0.13653099536895752,1.574690341949463,4,0.75,
fixed,0,1672,2.1111092567443848,0.023990293964743614,0.01354604959487915,0.12634336948394775,2.1677803993225098,4,0.75,
fixed,0,1673,1.2647099494934082,0.0,0.02124827541410923,0.19326722621917725,1.333314299583435,4,0.5,
fixed,0,1674,1.7397834062576294,0.0,0.03288860619068146,0.15081560611724854,1.8014724254608154,4,0.75,
fixed,0,1675,2.529308557510376,0.0,0.013807278126478195,0.0823434591293335,2.560915231704712,4,0.5,7.608222961425781
fixed,0,1676,1.7425634860992432,0.008663295768201351,0.036511827260255814,0.06474745273590088,1.7845752239227295,4,0.75,
fixed,0,1677,1.7288414239883423,0.0,0.036865681409835815,0.2842303514480591,1.8325433731079102,4,1.0,
fixed,0,1678,2.5232760906219482,0.0,0.03446811065077782,0.11314558982849121,2.574453830718994,4,0.5,
fixed,0,1679,1.8180917501449585,0.024815592914819717,0.034717902541160583,0.09196877479553223,1.8754491806030273,4,0.75,
fixed,0,1680,1.453049898147583,0.0,0.04181256890296936,0.07370531558990479,1.496067762374878,4,0.75,16.758071899414062
fixed,0,1681,0.8229010105133057,0.0,0.017172187566757202,0.09184157848358154,0.8590396046638489,4,0.5,
fixed,0,1682,2.5051584243774414,0.0,0.025656718760728836,0.129036545753479,2.5566978454589844,4,0.75,
fixed,0,1683,1.9803024530410767,0.010519681498408318,0.014222037978470325,0.11021852493286133,2.0257389545440674,4,0.75,
fixed,0,1684,2.5996384620666504,0.0,0.022511910647153854,0.07683539390563965,2.6339449882507324,4,0.5,
fixed,0,1685,1.2028694152832031,0.0,0.007018487900495529,0.2519693374633789,1.281969428062439,4,0.0,5.857664585113525
fixed,0,1686,2.0869603157043457,0.026777442544698715,0.0008263139752671123,0.12663018703460693,2.138751268386841,4,0.25,
fixed,0,1687,2.0897154808044434,0.029438884928822517,0.02577676996588707,0.30553102493286133,2.2089827060699463,4,1.0,
fixed,0,1688,1.4382658004760742,0.0,0.026937823742628098,0.09943890571594238,1.4815664291381836,4,0.75,
fixed,0,1689,2.9253361225128174,0.0,0.02321716398000717,0.03773999214172363,2.9482667446136475,4,0.5,
fixed,0,1690,1.9443647861480713,0.0,0.01001036912202835,0.10282135009765625,1.980216383934021,4,0.25,5.2869439125061035
fixed,0,1691,1.9240366220474243,0.0,0.03207032382488251,0.07279527187347412,1.961910367012024,4,0.75,
fixed,0,1692,1.1973896026611328,0.0,0.0193925891071558,0.038492679595947266,1.2186336517333984,4,0.5,
fixed,0,1693,1.5893720388412476,0.0,0.03758334740996361,0.05426383018493652,1.6244428157806396,4,0.75,
fixed,0,1694,1.294943928718567,0.017161550000309944,0.011284205131232738,0.021941423416137695,1.3157492876052856,4,0.5,
fixed,0,1695,1.3100864887237549,0.0,0.016853492707014084,0.035912394523620605,1.3292869329452515,4,0.5,8.58609676361084
fixed,0,1696,1.7415283918380737,0.0,0.015418099239468575,0.057338595390319824,1.7664389610290527,4,0.25,
fixed,0,1697,2.028599500656128,0.0,0.021399162709712982,0.118979811668396,2.074993133544922,4,0.75,
fixed,0,1698,2.614716053009033,0.0,0.021324502304196358,0.08616483211517334,2.6512277126312256,4,0.25,
fixed,0,1699,1.4021492004394531,0.0,0.005707800853997469,0.11989617347717285,1.4409719705581665,4,0.25,
fixed,0,1700,2.863060712814331,0.017817534506320953,0.021350853145122528,0.2798433303833008,2.96659779548645,4,1.0,4.247483253479004
fixed,0,1701,2.1271517276763916,0.0,0.006099078804254532,0.04345405101776123,2.143237590789795,4,0.25,
fixed,0,1702,1.5950446128845215,0.0,0.015128088183701038,0.08530545234680176,1.6282002925872803,4,0.5,
fixed,0,1703,2.4790987968444824,0.0214463509619236,0.003892977023497224,0.08773767948150635,2.518089771270752,4,0.5,
fixed,0,1704,1.5355437994003296,0.0,0.0248267725110054,0.3830845355987549,1.6628825664520264,4,1.0,
fixed,0,1705,2.1285595893859863,0.0,0.014834344387054443,0.06734716892242432,2.1561808586120605,4,0.5,7.567737102508545
fixed,0,1706,1.34763765335083,0.0,0.012940144166350365,0.05400872230529785,1.3703103065490723,4,0.25,
fixed,0,1707,1.8381240367889404,0.0,0.012452507391571999,0.2089477777481079,1.9070346355438232,4,0.75,
fixed,0,1708,1.0406200885772705,0.01689491793513298,0.008364732377231121,0.1500692367553711,1.0982706546783447,4,0.75,
fixed,0,1709,2.6109724044799805,0.0,0.001412677695043385,0.45239412784576416,2.747396945953369,4,0.0,
fixed,0,1710,2.2148842811584473,0.0,0.014168099500238895,0.07840275764465332,2.2454891204833984,4,0.5,7.930600166320801
fixed,0,1711,1.4823551177978516,0.0,0.011991904117166996,0.14815974235534668,1.5327990055084229,4,0.25,
fixed,0,1712,1.7369219064712524,0.0,0.013331614434719086,0.13490521907806396,1.7840592861175537,4,0.25,
fixed,0,1713,2.1359403133392334,0.03246903792023659,0.006132960319519043,0.06173384189605713,2.1737613677978516,4,0.5,
fixed,0,1714,1.7044367790222168,0.023654140532016754,0.01636890508234501,0.20840740203857422,1.7869704961776733,4,0.75,
fixed,0,1715,1.9292105436325073,0.018338341265916824,0.012841744348406792,0.09915006160736084,1.9745455980300903,4,0.75,1.0846152305603027
fixed,0,1716,2.546684741973877,0.0,0.0011421043891459703,0.30013561248779297,2.637296438217163,4,0.0,
fixed,0,1717,1.2756232023239136,0.0,0.020629165694117546,0.049384355545043945,1.300753116607666,4,0.5,
fixed,0,1718,1.6120105981826782,0.030010748654603958,0.013607438653707504,0.12404167652130127,1.671032190322876,4,0.75,
fixed,0,1719,1.4264276027679443,0.0,0.008069325238466263,0.06997156143188477,1.451453685760498,4,0.25,
fixed,0,1720,2.7549209594726562,0.0,0.025418251752853394,0.028995156288146973,2.7763285636901855,4,0.5,10.82839584350586
fixed,0,1721,2.4515533447265625,0.0,0.04652891308069229,0.04173886775970459,2.487339496612549,4,0.75,
fixed,0,1722,3.1262459754943848,0.0,0.00018214182637166232,0.3108654022216797,3.2195966243743896,4,0.0,
fixed,0,1723,2.1905224323272705,0.0,0.009097671136260033,0.0512540340423584,2.2104475498199463,4,0.25,
fixed,0,1724,2.526606321334839,0.0,0.019392430782318115,0.126173734664917,2.5741546154022217,4,0.75,
fixed,0,1725,1.7109380960464478,0.0,0.021678870543837547,0.1251438856124878,1.7593207359313965,4,0.75,11.216850280761719
fixed,0,1726,2.241034984588623,0.02971511147916317,0.014101305976510048,0.06188511848449707,2.281508684158325,4,0.5,
fixed,0,1727,1.6543352603912354,0.0,0.013434667140245438,0.1241384744644165,1.6982941627502441,4,0.25,
fixed,0,1728,2.2309188842773438,0.0,0.00680646114051342,0.11363625526428223,2.2684130668640137,4,0.25,
fixed,0,1729,1.2161405086517334,0.032802946865558624,1.94513540918706e-05,0.12453174591064453,1.269911289215088,4,0.25,
fixed,0,1730,1.654521107673645,0.0,0.003650976810604334,0.11812257766723633,1.6917834281921387,4,0.25,2.2821242809295654
fixed,0,1731,1.5712852478027344,0.0,0.015606723725795746,0.07881319522857666,1.602732539176941,4,0.5,
fixed,0,1732,1.754552960395813,0.0,0.020375903695821762,0.15242207050323486,1.8104674816131592,4,0.75,
fixed,0,1733,1.8226141929626465,0.0,0.005552345421165228,0.1138467788696289,1.8595443964004517,4,0.25,
fixed,0,1734,1.7517704963684082,0.0,0.018774880096316338,0.16733765602111816,1.8113592863082886,4,0.75,
fixed,0,1735,1.3783222436904907,0.0,0.010153450071811676,0.07864749431610107,1.4069932699203491,4,0.5,5.953575134277344
fixed,0,1736,1.6283118724822998,0.023339105769991875,0.00475084176287055,0.057065486907958984,1.6594765186309814,4,0.5,
fixed,0,1737,1.5340138673782349,0.0,0.025943396613001823,0.052338480949401855,1.5626871585845947,4,0.5,
fixed,0,1738,1.8145033121109009,0.0,0.021684765815734863,0.4237300753593445,1.9524646997451782,4,1.0,
fixed,0,1739,1.5050432682037354,0.0,0.013565175235271454,0.10168373584747314,1.5423309803009033,4,0.25,
fixed,0,1740,0.8341024518013,0.0,0.01247534342110157,0.05373048782348633,0.8564592599868774,4,0.5,7.1199951171875
fixed,0,1741,1.2133114337921143,0.0,0.021879874169826508,0.03957772254943848,1.2361246347427368,4,0.5,
fixed,0,1742,2.3909244537353516,0.0,0.01227165199816227,0.05176198482513428,2.4125888347625732,4,0.5,
fixed,0,1743,1.4495117664337158,0.0,0.026337116956710815,0.35755836963653564,1.5699478387832642,4,1.0,
fixed,0,1744,2.277500867843628,0.0,0.0018462997395545244,0.18453550338745117,2.333784580230713,4,0.0,
fixed,0,1745,1.7660797834396362,0.0,0.02711060270667076,0.03741741180419922,1.7908602952957153,4,0.5,11.266130447387695
fixed,0,1746,1.8095990419387817,0.0,0.005301046650856733,0.07964527606964111,1.836143136024475,4,0.25,
fixed,0,1747,1.7054903507232666,0.0,0.0001599984971107915,0.2965606451034546,1.7945384979248047,4,0.0,
fixed,0,1748,1.5442698001861572,0.05517762899398804,0.010530496947467327,0.3636283874511719,1.686212420463562,4,1.0,
fixed,0,1749,2.01269793510437,0.0,0.01915283314883709,0.13370060920715332,2.062384605407715,4,0.75,
fixed,0,1750,1.8944318294525146,0.02570217289030552,0.0062868595123291016,0.046604037284851074,1.9244076013565063,4,0.5,3.0283010005950928
fixed,0,1751,2.3916494846343994,0.015725983306765556,0.007028013002127409,0.04589259624481201,2.4167943000793457,4,0.5,
fixed,0,1752,2.338670492172241,0.02544422075152397,0.010211862623691559,0.04754006862640381,2.370760440826416,4,0.75,
fixed,0,1753,2.276226758956909,0.015622302889823914,0.009984695352613926,0.051091909408569336,2.3043577671051025,4,0.5,
fixed,0,1754,2.290081262588501,0.012276435270905495,0.010570194572210312,0.054366350173950195,2.317814588546753,4,0.5,
fixed,0,1755,1.9084185361862183,0.0,0.07607915997505188,0.08221864700317383,1.9711236953735352,4,1.0,27.846092224121094
fixed,0,1756,1.5523014068603516,0.0,0.01365443505346775,0.15277481079101562,1.6049610376358032,4,0.25,
fixed,0,1757,2.684394598007202,0.0,0.00027364277048036456,0.39811474084854126,2.8039658069610596,4,0.0,
fixed,0,1758,2.1599302291870117,0.0,0.03185885027050972,0.06169867515563965,2.194369316101074,4,0.5,
fixed,0,1759,1.5647777318954468,0.015060506761074066,0.051022354513406754,0.10150063037872314,1.6282693147659302,4,1.0,
fixed,0,1760,1.080368995666504,0.0,0.04250413924455643,0.12062430381774902,1.1378083229064941,4,0.75,18.327342987060547
fixed,0,1761,1.7870543003082275,0.0,0.03561609610915184,0.13418662548065186,1.8451182842254639,4,0.5,
fixed,0,1762,2.0151748657226562,0.0,0.029257670044898987,0.0608983039855957,2.0480732917785645,4,0.5,
fixed,0,1763,1.3313772678375244,0.0,0.04849996417760849,0.0643235445022583,1.3749243021011353,4,0.75,
fixed,0,1764,1.1788049936294556,0.0,0.03785138577222824,0.07667720317840576,1.220733880996704,4,0.75,
fixed,0,1765,2.094264507293701,0.007632497698068619,0.04304845631122589,0.13027870655059814,2.158688545227051,4,1.0,12.884444236755371
fixed,0,1766,1.6305465698242188,0.01276423316448927,0.020118050277233124,0.08984756469726562,1.673941969871521,4,0.75,
fixed,0,1767,1.4963427782058716,0.0,0.00010069903510157019,0.3134324550628662,1.5904228687286377,4,0.0,
fixed,0,1768,1.7266952991485596,0.012862632051110268,0.029048170894384384,0.22081029415130615,1.8138937950134277,4,1.0,
fixed,0,1769,2.4679388999938965,0.0,0.01615077629685402,0.07093632221221924,2.4972951412200928,4,0.5,
fixed,0,1770,2.5227439403533936,0.0,0.022715164348483086,0.0540773868560791,2.5503246784210205,4,0.5,10.97143840789795
fixed,0,1771,2.5756406784057617,1.6217042286825745e-07,0.015145387500524521,0.06539535522460938,2.602832078933716,4,0.5,
fixed,0,1772,2.1484344005584717,1.6217042286825745e-07,0.03857198730111122,0.09272885322570801,2.1955392360687256,4,0.75,
fixed,0,1773,1.7136783599853516,1.1451819492691584e-09,0.03123176470398903,0.11068689823150635,1.762500286102295,4,0.75,
fixed,0,1774,1.4077346324920654,0.02890431135892868,0.006695099640637636,0.06277024745941162,1.444365382194519,4,0.5,
fixed,0,1775,1.2555184364318848,1.4676097634946927e-05,0.018693771213293076,0.051305532455444336,1.2802643775939941,4,0.5,8.838151931762695
fixed,0,1776,2.0866053104400635,2.3189808416645974e-05,0.014308786019682884,0.05661177635192871,2.1107547283172607,4,0.5,
fixed,0,1777,0.9238359332084656,1.4207685126166325e-05,0.01880420371890068,0.16406607627868652,0.9824649691581726,4,0.75,
fixed,0,1778,2.422084093093872,1.5431898646056652e-05,0.010200325399637222,0.030037879943847656,2.4362032413482666,4,0.25,
fixed,0,1779,1.5158449411392212,0.01839747093617916,0.011236820369958878,0.14811396598815918,1.5750962495803833,4,0.75,
fixed,0,1780,3.236558198928833,0.028446722775697708,0.005820852238684893,0.06760597229003906,3.2739737033843994,4,0.5,3.8244259357452393
fixed,0,1781,2.0257513523101807,0.015662245452404022,0.01165890134871006,0.07006478309631348,2.060431480407715,4,0.5,
fixed,0,1782,0.7544331550598145,0.0,0.0027103887405246496,0.19942903518676758,0.8156170845031738,4,0.0,
fixed,0,1783,1.1998127698898315,0.0,0.01699826307594776,0.06995248794555664,1.2292976379394531,4,0.25,
fixed,0,1784,2.6786484718322754,0.0,0.0060036880895495415,0.1452704668045044,2.725231409072876,4,0.25,
fixed,0,1785,2.1406736373901367,0.0,0.03836418688297272,0.10193455219268799,2.1904361248016357,4,0.5,14.104355812072754
fixed,0,1786,1.4839953184127808,0.0,0.026972301304340363,0.030788421630859375,1.5067180395126343,4,0.5,
fixed,0,1787,2.160933494567871,0.024166032671928406,0.014715938828885555,0.14963936805725098,2.225266218185425,4,0.75,
fixed,0,1788,3.1728930473327637,0.0,0.014355843886733055,0.08965790271759033,3.206968307495117,4,0.5,
fixed,0,1789,2.340803861618042,0.0,0.017155038192868233,0.2100365161895752,2.4123923778533936,4,0.5,
fixed,0,1790,2.1593666076660156,0.0,0.015421664342284203,0.0821371078491211,2.191718578338623,4,0.5,8.007611274719238
fixed,0,1791,1.5036721229553223,0.0,0.03724538907408714,0.10951566696166992,1.5551495552062988,4,0.75,
fixed,0,1792,1.1375576257705688,0.0,0.02557358145713806,0.1455061435699463,1.1939963102340698,4,0.75,
fixed,0,1793,1.0895171165466309,0.0,0.017590364441275597,0.17359232902526855,1.1503900289535522,4,0.75,
fixed,0,1794,1.016784429550171,0.0,0.015568716451525688,0.18127012252807617,1.0789498090744019,4,0.75,
fixed,0,1795,1.9892094135284424,0.0,0.019823290407657623,0.05910992622375488,2.0168540477752686,4,0.5,9.245919227600098
fixed,0,1796,1.5359041690826416,0.0,0.015914063900709152,0.17424070835113525,1.5961334705352783,4,0.75,
fixed,0,1797,2.049964427947998,0.0,0.018695712089538574,0.0471041202545166,2.0734434127807617,4,0.5,
fixed,0,1798,1.5756746530532837,0.0,0.0006798573886044323,0.30225956439971924,1.6666924953460693,4,0.0,
fixed,0,1799,1.646107792854309,0.0,0.0004874821752309799,0.29348695278167725,1.7343976497650146,4,0.0,
fixed,0,1800,1.7475013732910156,0.0,0.018490632995963097,0.052567362785339355,1.7725168466567993,4,0.5,8.633927345275879
fixed,0,1801,1.6089661121368408,0.0,0.005229133181273937,0.06322836875915527,1.6305491924285889,4,0.25,
fixed,0,1802,1.4832284450531006,0.0,0.004587437491863966,0.038227200508117676,1.4969903230667114,3,0.5,
fixed,0,1803,2.3832945823669434,0.0,0.018506046384572983,0.4521183371543884,2.5281832218170166,4,1.0,
fixed,0,1804,1.9791076183319092,0.023314649239182472,0.006351402960717678,0.16733074188232422,2.044139862060547,4,0.75,
fixed,0,1805,2.8229546546936035,0.02485649846494198,0.0,0.06835854053497314,2.8558905124664307,4,0.25,6.811675071716309
fixed,0,1806,2.8131954669952393,5.474327190313488e-05,0.0014782699290663004,0.1888808012008667,2.870626211166382,4,0.0,
fixed,0,1807,1.4744786024093628,5.905006219109055e-06,0.004911024123430252,0.0388796329498291,1.4886009693145752,4,0.25,
fixed,0,1808,1.4345027208328247,2.8590229703695513e-06,0.012087829411029816,0.0818486213684082,1.4651026725769043,4,0.5,
fixed,0,1809,1.2160844802856445,0.0,0.024074411019682884,0.04609107971191406,1.2419489622116089,4,0.5,
fixed,0,1810,1.0324691534042358,0.0,0.013383647426962852,0.1839907169342041,1.094358205795288,4,0.75,7.301492214202881
fixed,0,1811,1.6306648254394531,0.021144069731235504,0.010865874588489532,0.13575315475463867,1.687395691871643,4,0.75,
fixed,0,1812,1.3619747161865234,0.0,0.006704827304929495,0.14549028873443604,1.4089741706848145,4,0.25,
fixed,0,1813,1.1946706771850586,0.0,0.015222253277897835,0.18408286571502686,1.2575066089630127,4,0.75,
fixed,0,1814,2.01210618019104,0.0,0.025255346670746803,0.37447643280029297,2.1370768547058105,4,1.0,
fixed,0,1815,1.6917771100997925,0.0,0.026312565430998802,0.12001335620880127,1.740937352180481,4,0.75,12.141642570495605
fixed,0,1816,2.333791494369507,0.0,0.008736507035791874,0.17531204223632812,2.3907532691955566,4,0.25,
fixed,0,1817,2.856199026107788,0.018395209684967995,0.015604326501488686,0.10199236869812012,2.903796434402466,4,0.75,
fixed,0,1818,2.0851566791534424,0.0,0.016247887164354324,0.06530570983886719,2.112872362136841,4,0.5,
fixed,0,1819,1.9413594007492065,0.0,0.006693404633551836,0.14701569080352783,1.9888107776641846,4,0.25,
fixed,0,1820,1.6717619895935059,0.022644788026809692,0.02012576535344124,0.08428955078125,1.7184340953826904,4,0.75,2.733975648880005
fixed,0,1821,1.9431581497192383,0.0,0.01309568528085947,0.03794360160827637,1.961089015007019,4,0.25,
fixed,0,1822,1.9350323677062988,0.0,0.030361801385879517,0.08138203620910645,1.9746278524398804,4,0.75,
fixed,0,1823,2.5258967876434326,0.033265553414821625,0.014849877916276455,0.11030197143554688,2.58304500579834,4,0.75,
fixed,0,1824,2.1222305297851562,0.0,0.02141149900853634,0.04870033264160156,2.1475462913513184,4,0.5,
fixed,0,1825,1.092802882194519,0.0,0.010457117110490799,0.029308080673217773,1.1068239212036133,4,0.25,5.278676509857178
fixed,0,1826,2.3075551986694336,0.0,0.010843198746442795,0.03694045543670654,2.324059009552002,4,0.25,
fixed,0,1827,1.884531021118164,0.0,0.01513794157654047,0.04678380489349365,1.906135082244873,4,0.25,
fixed,0,1828,1.9738655090332031,0.011927035637199879,0.02355136349797249,0.057244181632995605,2.0087778568267822,4,0.75,
fixed,0,1829,2.234678268432617,0.012474752962589264,0.010983147658407688,0.0676274299621582,2.266695499420166,4,0.5,
fixed,0,1830,1.6888525485992432,0.0,0.04289738088846207,0.01678001880645752,1.7153352499008179,4,0.5,15.212152481079102
fixed,0,1831,2.4335672855377197,0.0,0.025378858670592308,0.06644260883331299,2.466189384460449,4,0.5,
fixed,0,1832,1.9352871179580688,0.0,0.02951943129301071,0.09470129013061523,1.9784572124481201,4,0.75,
fixed,0,1833,1.9383635520935059,0.019891181960701942,0.02468998357653618,0.26278865337371826,2.0394906997680664,4,1.0,
fixed,0,1834,2.1677613258361816,0.006457384210079908,0.016486186534166336,0.06668233871459961,2.199237823486328,4,0.75,
fixed,0,1835,1.2472782135009766,0.0,0.01622632145881653,0.05978286266326904,1.2733262777328491,4,0.5,8.28402328491211
fixed,0,1836,1.5301064252853394,0.0,0.030133970081806183,0.09311318397521973,1.573107361793518,4,0.75,
fixed,0,1837,2.0641822814941406,0.0,0.028085853904485703,0.10271549224853516,2.109039783477783,4,0.75,
fixed,0,1838,1.7796896696090698,0.0,0.009937277995049953,0.18200898170471191,1.8392610549926758,4,0.25,
fixed,0,1839,2.6308088302612305,0.0,0.00946376845240593,0.04146218299865723,2.647979259490967,4,0.25,
fixed,0,1840,1.3343918323516846,0.0,0.02583499066531658,0.10446834564208984,1.3786498308181763,4,0.75,12.025650978088379
fixed,0,1841,1.181465983390808,0.0,0.027068186551332474,0.07697188854217529,1.218091607093811,4,0.5,
fixed,0,1842,0.946380615234375,0.01700131595134735,0.011747274547815323,0.10513544082641602,0.9922955632209778,4,0.75,
fixed,0,1843,2.235941171646118,0.0,0.022802188992500305,0.11367678642272949,2.281445264816284,4,0.75,
fixed,0,1844,1.712805986404419,0.017662309110164642,0.008899462409317493,0.07113218307495117,1.7474265098571777,4,0.5,
fixed,0,1845,2.764108657836914,0.01635032892227173,0.014637863263487816,0.24349236488342285,2.8526504039764404,4,1.0,1.6947157382965088
fixed,0,1846,2.0580337047576904,0.0,0.022631363943219185,0.11646223068237305,2.104288101196289,4,0.75,
fixed,0,1847,1.0538371801376343,0.0,0.00758160836994648,0.16386425495147705,1.1067872047424316,4,0.25,
fixed,0,1848,2.2517213821411133,0.0,0.015163789503276348,0.08232533931732178,2.284000873565674,4,0.5,
fixed,0,1849,1.9509106874465942,0.0,0.017675433307886124,0.06355369091033936,1.9788144826889038,4,0.5,
fixed,0,1850,2.0651843547821045,0.0,0.01731245219707489,0.062200188636779785,2.092500686645508,4,0.5,8.899150848388672
fixed,0,1851,2.0742971897125244,0.0,0.011050448752939701,0.030327796936035156,2.088920831680298,4,0.25,
fixed,0,1852,1.4281413555145264,0.0,0.008228885941207409,0.11757385730743408,1.467527985572815,4,0.25,
fixed,0,1853,1.546990156173706,0.01413856353610754,0.008565966971218586,0.04235351085662842,1.5710484981536865,4,0.5,
fixed,0,1854,1.9997539520263672,0.0,0.0017190095968544483,0.3447960615158081,2.1040523052215576,4,0.0,
fixed,0,1855,1.2070410251617432,0.015167183242738247,0.0007430743426084518,0.02459871768951416,1.222375750541687,4,0.5,5.626906394958496
fixed,0,1856,1.8139238357543945,0.0,0.017941296100616455,0.12443244457244873,1.8602242469787598,4,0.75,
fixed,0,1857,1.882426381111145,0.0,0.009916267357766628,0.0358959436416626,1.898153305053711,4,0.5,
fixed,0,1858,2.2971317768096924,0.0,0.0010768044739961624,0.19030296802520752,2.3547611236572266,4,0.0,
fixed,0,1859,1.907305121421814,0.0,0.010354137048125267,0.11139321327209473,1.9459002017974854,4,0.25,
fixed,0,1860,2.436584234237671,0.0,0.025761494413018227,0.0861361026763916,2.4753057956695557,4,0.75,10.864533424377441
fixed,0,1861,1.2159920930862427,0.0,0.018028847873210907,0.05559396743774414,1.2416846752166748,4,0.5,
fixed,0,1862,1.706380844116211,0.0,0.026184935122728348,0.33044540882110596,1.818606972694397,4,1.0,
fixed,0,1863,2.7006995677948,0.0,0.008556182496249676,0.07161343097686768,2.72646164894104,4,0.5,
fixed,0,1864,2.0453054904937744,0.0,0.014794561080634594,0.17259979248046875,2.104482650756836,4,0.75,
fixed,0,1865,2.0698421001434326,0.0,0.021695531904697418,0.1326303482055664,2.120478868484497,4,0.75,11.210834503173828
fixed,0,1866,1.4569634199142456,0.029705002903938293,0.0004927523550577462,0.13723838329315186,1.5132337808609009,4,0.25,
fixed,0,1867,1.4733703136444092,0.030495550483465195,0.016295496374368668,0.37837982177734375,1.6102797985076904,4,1.0,
fixed,0,1868,1.3722538948059082,0.031385693699121475,0.005955618806183338,0.08596909046173096,1.4167152643203735,4,0.5,
fixed,0,1869,1.9968698024749756,0.00021570714307017624,0.00932194571942091,0.057518839836120605,2.0188941955566406,4,0.5,
fixed,0,1870,1.802155613899231,0.0,0.017992859706282616,0.0616459846496582,1.8296458721160889,4,0.5,8.747186660766602
fixed,0,1871,2.371151924133301,0.0,0.009654049761593342,0.18291330337524414,2.4308528900146484,4,0.25,
fixed,0,1872,1.8043783903121948,0.0,0.00871041975915432,0.04383134841918945,1.821882963180542,4,0.25,
fixed,0,1873,1.4610223770141602,0.0,0.03376837447285652,0.057465553283691406,1.4951462745666504,4,0.75,
fixed,0,1874,0.9278640747070312,0.0,0.05918380990624428,0.141013503074646,0.9997600317001343,4,1.0,
fixed,0,1875,2.033355712890625,0.0,0.00322285620495677,0.24340605735778809,2.1079890727996826,4,0.0,3.286107063293457
fixed,0,1876,1.9934611320495605,0.0,0.02521335519850254,0.06093013286590576,2.0243468284606934,4,0.5,
fixed,0,1877,3.736504554748535,0.01286147627979517,0.023665208369493484,0.053675174713134766,3.7708704471588135,4,0.75,
fixed,0,1878,1.9894771575927734,0.02328294701874256,0.009542115032672882,0.06328892707824707,2.024876356124878,4,0.5,
fixed,0,1879,2.351130247116089,0.0,0.020488182082772255,0.046355247497558594,2.3752808570861816,4,0.5,
fixed,0,1880,1.9059118032455444,0.0,0.002049230970442295,0.06260454654693604,1.925717830657959,4,0.0,2.565978765487671
fixed,0,1881,1.80250084400177,0.03300124779343605,0.026161212474107742,0.1464977264404297,1.8760313987731934,4,1.0,
fixed,0,1882,1.8831676244735718,0.0,0.019919410347938538,0.04185688495635986,1.9056843519210815,4,0.5,
fixed,0,1883,1.4900234937667847,0.01243199035525322,0.007745983079075813,0.0753026008605957,1.5227032899856567,4,0.5,
fixed,0,1884,1.5777243375778198,0.0,0.0036801535170525312,0.1896677017211914,1.6364647150039673,4,0.0,
fixed,0,1885,2.2303903102874756,0.005140912253409624,0.0182864461094141,0.04346799850463867,2.2551443576812744,4,0.5,4.913702964782715
fixed,0,1886,1.7186030149459839,0.0,0.018848177045583725,0.06979811191558838,1.7489665746688843,4,0.5,
fixed,0,1887,2.304283618927002,0.0,0.01641455665230751,0.06989669799804688,2.3334598541259766,4,0.25,
fixed,0,1888,1.9694360494613647,0.0,0.05727972835302353,0.08957791328430176,2.024949312210083,4,0.5,
fixed,0,1889,1.4201250076293945,0.0,0.0022411104291677475,0.5524101257324219,1.5869686603546143,4,0.0,
fixed,0,1890,1.8511711359024048,0.0,0.04023385047912598,0.1326301097869873,1.9110771417617798,4,0.75,16.594274520874023
fixed,0,1891,1.6655373573303223,0.0,0.017478853464126587,0.09875428676605225,1.703903079032898,4,0.5,
fixed,0,1892,2.270876407623291,0.0,0.01084370817989111,0.1725473403930664,2.3280625343322754,4,0.25,
fixed,0,1893,2.3868141174316406,0.0,0.015006490051746368,0.07645714282989502,2.4172544479370117,4,0.5,
fixed,0,1894,1.893965482711792,0.0,0.012955053709447384,0.12476801872253418,1.937873363494873,4,0.25,
fixed,0,1895,1.3458713293075562,0.0,0.008000879548490047,0.07368290424346924,1.371976613998413,4,0.5,5.026206016540527
fixed,0,1896,1.4807554483413696,0.0,0.007908770814538002,0.061867475509643555,1.5032700300216675,4,0.5,
fixed,0,1897,2.0161497592926025,0.0,0.0021595791913568974,0.04467892646789551,2.0306332111358643,4,0.25,
fixed,0,1898,2.0244150161743164,0.0,0.01529670786112547,0.17989754676818848,2.0860326290130615,4,0.75,
fixed,0,1899,1.062390685081482,0.0,0.0038747757207602262,0.07639241218566895,1.0872458219528198,4,0.5,
fixed,0,1900,1.59187912940979,1.1208856449229643e-05,0.009108295664191246,0.05219912528991699,1.6120985746383667,4,0.5,5.228574275970459
fixed,0,1901,2.367966651916504,3.3580839954083785e-05,0.005275721661746502,0.14395534992218018,2.4138078689575195,4,0.5,
fixed,0,1902,2.34047269821167,0.0,0.012835408560931683,0.5387674570083618,2.5085206031799316,4,1.0,
fixed,0,1903,2.7713067531585693,0.06847314536571503,0.001171643496491015,0.2228102684020996,2.872972249984741,4,0.75,
fixed,0,1904,1.7041651010513306,8.814410648483317e-06,0.013920523226261139,0.04429042339324951,1.7244168519973755,4,0.5,
fixed,0,1905,1.2246748208999634,0.0,0.007456106133759022,0.05931210517883301,1.2461965084075928,4,0.5,4.195281982421875
fixed,0,1906,2.4299285411834717,0.0,0.0023289956152439117,0.07258367538452148,2.4528682231903076,4,0.25,
fixed,0,1907,1.4644103050231934,0.0,0.006664632819592953,0.10902595520019531,1.5004503726959229,4,0.5,
fixed,0,1908,1.9584394693374634,0.0,0.008217746391892433,0.050704121589660645,1.977759599685669,4,0.5,
fixed,0,1909,2.196751356124878,0.021012429147958755,0.0030500192660838366,0.06308996677398682,2.2277095317840576,4,0.5,
fixed,0,1910,1.5051785707473755,0.0,0.009743685834109783,0.061966538429260254,1.5286403894424438,4,0.5,4.851884841918945
fixed,0,1911,1.5808576345443726,0.029588405042886734,0.012375976890325546,0.1323227882385254,1.6415367126464844,4,0.75,
fixed,0,1912,1.6007885932922363,0.0,0.012979722581803799,0.06383192539215088,1.6264280080795288,4,0.5,
fixed,0,1913,2.338669776916504,0.0,0.005706470925360918,0.1431823968887329,2.3844776153564453,4,0.25,
fixed,0,1914,2.171457290649414,0.0,0.031983498483896255,0.07827448844909668,2.2109313011169434,4,0.75,
fixed,0,1915,2.0892562866210938,0.00707054091617465,0.009467418305575848,0.07823586463928223,2.1209959983825684,4,0.5,1.4851692914962769
fixed,0,1916,1.9934519529342651,0.0,0.005364295560866594,0.14414024353027344,2.0393762588500977,4,0.25,
fixed,0,1917,1.8478615283966064,0.0,0.029014751315116882,0.10342812538146973,1.893397331237793,4,0.25,
fixed,0,1918,1.7353336811065674,0.0,0.0026217021513730288,0.44775301218032837,1.8709704875946045,4,0.0,
fixed,0,1919,1.4845473766326904,0.0,0.020599516108632088,0.04974400997161865,1.509770393371582,4,0.5,
fixed,0,1920,2.5448660850524902,0.0,0.03127153217792511,0.08911144733428955,2.58723521232605,4,0.75,12.251433372497559
fixed,0,1921,1.2739028930664062,0.0,0.0022600581869482994,0.35796940326690674,1.382423758506775,4,0.0,
fixed,0,1922,1.9314038753509521,0.025813281536102295,0.02218383178114891,0.07939136028289795,1.9792197942733765,4,0.75,
fixed,0,1923,1.6946768760681152,0.0,0.0026726762298494577,0.06126821041107178,1.7143937349319458,4,0.25,
fixed,0,1924,2.055664539337158,0.0,0.0036672824062407017,0.05349278450012207,2.0735459327697754,4,0.25,
fixed,0,1925,1.974762201309204,0.0,0.004682700615376234,0.05791759490966797,1.9944788217544556,4,0.5,2.6872169971466064
fixed,0,1926,1.0410009622573853,0.032034970819950104,0.002990267239511013,0.11432266235351562,1.0928103923797607,4,0.5,
fixed,0,1927,0.8618935346603394,0.0,0.011085355654358864,0.1834886074066162,0.9224827885627747,4,0.75,
fixed,0,1928,1.2587326765060425,0.0,0.008336193859577179,0.046846747398376465,1.2769547700881958,4,0.5,
fixed,0,1929,2.076155662536621,0.0,0.005941385868936777,0.06130576133728027,2.097517967224121,4,0.5,
fixed,0,1930,1.7652392387390137,0.0,0.002499975264072418,0.05446171760559082,1.7828277349472046,4,0.25,1.5354031324386597
fixed,0,1931,2.207038640975952,0.0,0.0001152396944235079,0.3580918312072754,2.314523696899414,4,0.0,
fixed,0,1932,1.3245172500610352,0.0,0.02759450674057007,0.09844613075256348,1.3678483963012695,4,0.75,
fixed,0,1933,1.9108108282089233,0.0,0.009710673242807388,0.2010653018951416,1.9759857654571533,4,0.75,
fixed,0,1934,1.4901323318481445,0.0,0.014641019515693188,0.07751953601837158,1.520708680152893,4,0.5,
fixed,0,1935,1.5617347955703735,0.0,0.009231124073266983,0.2176351547241211,1.631640911102295,4,0.75,5.045928001403809
fixed,0,1936,1.543206810951233,0.018527906388044357,0.00403583375737071,0.06622886657714844,1.5743573904037476,4,0.5,
fixed,0,1937,1.9223591089248657,0.031180964782834053,0.0019973833113908768,0.08736586570739746,1.9651579856872559,4,0.5,
fixed,0,1938,1.769040822982788,0.014622475951910019,0.006400641985237598,0.05383861064910889,1.7957040071487427,4,0.5,
fixed,0,1939,1.4372637271881104,0.021850381046533585,0.005085995886474848,0.06670939922332764,1.4707447290420532,4,0.5,
fixed,0,1940,2.4179625511169434,0.0,0.0023921728134155273,0.20032882690429688,2.479257345199585,4,0.0,2.3157236576080322
fixed,0,1941,1.866615653038025,0.036107324063777924,0.007928590290248394,0.07715320587158203,1.911779522895813,4,0.75,
fixed,0,1942,1.5732327699661255,0.014768779277801514,0.007555272430181503,0.08416986465454102,1.6096457242965698,4,0.5,
fixed,0,1943,1.5763274431228638,0.0,0.013257170096039772,0.05087113380432129,1.5982173681259155,4,0.25,
fixed,0,1944,2.8169212341308594,0.011561342515051365,0.036755550652742386,0.05913245677947998,2.8588194847106934,4,0.75,
fixed,0,1945,1.9210630655288696,0.01640455797314644,0.002082184888422489,0.22256064414978027,1.9970746040344238,4,0.25,5.856005668640137
fixed,0,1946,2.3818414211273193,0.008397288620471954,0.06815611571073532,0.030161142349243164,2.429166555404663,4,0.25,
fixed,0,1947,2.069171905517578,0.0,0.03555925562977791,0.10050654411315918,2.1171035766601562,4,0.5,
fixed,0,1948,1.7891967296600342,0.015243570320308208,0.07095625251531601,0.06980347633361816,1.8532376289367676,4,1.0,
fixed,0,1949,2.1332080364227295,0.0,0.04342510178685188,0.10814249515533447,2.187363386154175,4,0.5,
fixed,0,1950,2.4117681980133057,0.012518069706857204,0.0026512304320931435,0.05046343803405762,2.4344918727874756,4,0.25,4.719858169555664
fixed,0,1951,1.994877815246582,0.0,0.017577223479747772,0.07871294021606445,2.027280330657959,4,0.5,
fixed,0,1952,1.8954232931137085,0.01018896047025919,0.012957526370882988,0.01944100856781006,1.912828803062439,4,0.5,
fixed,0,1953,1.7597514390945435,0.0,0.06305660307407379,0.058701276779174805,1.8088901042938232,4,0.75,
fixed,0,1954,1.636310338973999,0.008933411911129951,0.041924964636564255,0.1276177167892456,1.7000248432159424,4,1.0,
fixed,0,1955,2.439824342727661,0.0,0.008638035506010056,0.1413877010345459,2.4865596294403076,4,0.25,4.56198263168335
fixed,0,1956,1.034693956375122,0.0,0.021807685494422913,0.05887627601623535,1.0632606744766235,4,0.5,
fixed,0,1957,0.9382701516151428,0.0,0.028199970722198486,0.1997208595275879,1.0122864246368408,4,0.75,
fixed,0,1958,1.4041435718536377,0.010268284939229488,0.004869513679295778,0.06432104110717773,1.4310088157653809,4,0.5,
fixed,0,1959,2.51180362701416,0.0,0.0008597113192081451,0.3333241939544678,2.6122307777404785,4,0.0,
fixed,0,1960,1.2306264638900757,0.0,0.022365525364875793,0.036086082458496094,1.2526350021362305,4,0.5,9.975479125976562
fixed,0,1961,1.407800555229187,0.0,0.015689712017774582,0.14181947708129883,1.4581912755966187,4,0.75,
fixed,0,1962,2.5439114570617676,0.055379718542099,0.006312977056950331,0.12652289867401123,2.6127147674560547,4,0.75,
fixed,0,1963,1.7917070388793945,0.0,0.017634904012084007,0.4215954542160034,1.9270031452178955,4,1.0,
fixed,0,1964,2.471250057220459,0.00020548600878100842,0.013207925483584404,0.0392453670501709,2.4897303581237793,4,0.5,
fixed,0,1965,1.0172829627990723,0.0,0.009986869990825653,0.04639601707458496,1.036195158958435,4,0.5,4.9586920738220215
fixed,0,1966,2.276667833328247,0.023900192230939865,0.008162743411958218,0.03887677192687988,2.3043622970581055,4,0.5,
fixed,0,1967,2.4930572509765625,0.004196676425635815,0.008061637170612812,0.023000359535217285,2.506086587905884,4,0.25,
fixed,0,1968,1.4399737119674683,0.0,0.046981461346149445,0.024596214294433594,1.4708433151245117,4,0.5,
fixed,0,1969,1.2931326627731323,0.0,0.012539216317236423,0.07916545867919922,1.32315194606781,4,0.5,
fixed,0,1970,1.820556879043579,0.0,0.02199409529566765,0.11097133159637451,1.8648452758789062,4,0.75,10.09325885772705
fixed,0,1971,1.6095279455184937,0.0,0.027678541839122772,0.19034814834594727,1.680471658706665,4,0.5,
fixed,0,1972,2.0851778984069824,0.0,0.007425351068377495,0.11467266082763672,2.1232924461364746,4,0.25,
fixed,0,1973,2.283470630645752,0.0,0.03268313780426979,0.0775216817855835,2.323068618774414,4,0.5,
fixed,0,1974,1.7086732387542725,0.0,0.01962079480290413,0.0772402286529541,1.741655707359314,4,0.5,
fixed,0,1975,3.696023941040039,0.0,0.000478327099699527,0.34644556045532227,3.800196886062622,4,0.0,1.2441928386688232
fixed,0,1976,2.216939926147461,7.070085302984808e-06,0.005306158680468798,0.06842851638793945,2.2401251792907715,4,0.5,
fixed,0,1977,2.1784303188323975,0.0,0.0013589670415967703,0.1785120964050293,2.23266339302063,4,0.0,
fixed,0,1978,2.2317445278167725,0.0,0.032935287803411484,0.07267165184020996,2.2700135707855225,4,0.5,
fixed,0,1979,2.034291982650757,0.04071199893951416,0.005351331550627947,0.20428824424743652,2.118610143661499,4,0.75,
fixed,0,1980,1.7523565292358398,0.00027145384228788316,0.02251991257071495,0.05372464656829834,1.779869556427002,4,0.5,9.450716018676758
fixed,0,1981,1.2109018564224243,0.03340776637196541,0.003292644629254937,0.09616255760192871,1.2581008672714233,4,0.5,
fixed,0,1982,0.8572352528572083,0.0,0.012112608179450035,0.19333696365356445,0.9212926626205444,4,0.75,
fixed,0,1983,2.4698970317840576,0.01656796969473362,0.011265655048191547,0.13156509399414062,2.5232834815979004,4,0.75,
fixed,0,1984,2.3080716133117676,0.0,0.009512127377092838,0.03252267837524414,2.322584390640259,4,0.25,
fixed,0,1985,2.512667179107666,0.0,0.01118546910583973,0.0753176212310791,2.5408551692962646,4,0.5,5.834678649902344
fixed,0,1986,1.8401763439178467,0.0,0.028517112135887146,0.028707504272460938,1.8630471229553223,4,0.5,
fixed,0,1987,2.0880823135375977,0.02730293571949005,0.024878840893507004,0.29623234272003174,2.203042984008789,4,1.0,
fixed,0,1988,2.544783353805542,0.0,0.01776917837560177,0.0626903772354126,2.572474956512451,4,0.5,
fixed,0,1989,1.5269969701766968,0.0,0.00837942585349083,0.1482386589050293,1.5756583213806152,4,0.25,
fixed,0,1990,1.555480718612671,0.0,0.04678254947066307,0.1021111011505127,1.609505295753479,4,0.25,14.736063957214355
fixed,0,1991,2.3606441020965576,0.0,0.0330192893743515,0.15568017959594727,2.4238576889038086,4,0.75,
fixed,0,1992,1.689491629600525,0.0,0.010552456602454185,0.1328824758529663,1.7346326112747192,4,0.25,
fixed,0,1993,2.1202809810638428,0.011107683181762695,0.030419211834669113,0.0887148380279541,2.167658805847168,4,0.5,
fixed,0,1994,1.9688290357589722,0.0,0.018231837078928947,0.04992961883544922,1.9929238557815552,4,0.5,
fixed,0,1995,1.9677584171295166,0.0,0.00788910873234272,0.09353435039520264,1.9997632503509521,4,0.25,3.949669122695923
fixed,0,1996,1.7352030277252197,0.0,0.011679534800350666,0.07212579250335693,1.7626805305480957,4,0.5,
fixed,0,1997,1.6722190380096436,0.0,0.004699155688285828,0.08600449562072754,1.700369954109192,4,0.25,
fixed,0,1998,1.878358006477356,0.0,0.013164471834897995,0.2775461673736572,1.968204140663147,4,0.5,
fixed,0,1999,1.7482826709747314,2.5262006602133624e-06,0.00481436075642705,0.03769874572753906,1.7620006799697876,4,0.25,
fixed,0,2000,1.7746633291244507,0.0,0.008340831845998764,0.06456911563873291,1.7982044219970703,4,0.5,4.4737396240234375
fixed,0,2001,1.8687223196029663,0.0,0.016367683187127113,0.158760666847229,1.9245343208312988,4,0.75,
fixed,1,2002,1.718152642250061,0.0002098161494359374,0.009503582492470741,0.09701776504516602,1.7521146535873413,4,0.5,
fixed,1,2003,1.1968339681625366,0.0,0.007783687673509121,0.09404158592224121,1.228938341140747,4,0.5,
fixed,1,2004,1.8667465448379517,0.0,0.009138318710029125,0.04163014888763428,1.8838047981262207,4,0.25,
fixed,1,2005,1.7238279581069946,0.05701958388090134,0.0033405362628400326,0.20015239715576172,1.8140537738800049,4,0.75,11.488958358764648
fixed,1,2006,1.3538061380386353,0.0,0.006030227057635784,0.11810612678527832,1.392253041267395,4,0.5,
fixed,1,2007,1.5821397304534912,0.0,0.007102841977030039,0.11965227127075195,1.621586799621582,4,0.5,
fixed,1,2008,1.5077611207962036,0.0,0.015070601366460323,0.20134544372558594,1.575700044631958,4,0.75,
fixed,1,2009,1.3713414669036865,0.0,0.02105982042849064,0.09852969646453857,1.4114302396774292,4,0.5,
fixed,1,2010,1.7197538614273071,0.03373450040817261,0.006734587252140045,0.0950770378112793,1.7685115337371826,4,0.5,3.504966974258423
fixed,1,2011,1.1705304384231567,0.011500352993607521,0.010782113298773766,0.11465322971343994,1.2160676717758179,4,0.75,
fixed,1,2012,0.871196448802948,0.0,0.016216294839978218,0.06475818157196045,0.89873206615448,4,0.5,
fixed,1,2013,1.3207341432571411,0.0,0.009697632864117622,0.13116955757141113,1.3649338483810425,4,0.25,
fixed,1,2014,1.9477152824401855,0.0,0.0031013810075819492,0.23814940452575684,2.0207107067108154,4,0.0,
fixed,1,2015,1.2825005054473877,0.0,0.01954522915184498,0.029912710189819336,1.3012468814849854,4,0.5,8.297313690185547
fixed,1,2016,0.8638922572135925,0.02054804563522339,0.0207982175052166,0.05518841743469238,0.9011219143867493,4,0.75,
fixed,1,2017,1.1854209899902344,0.0,0.007643727585673332,0.09587621688842773,1.2180057764053345,4,0.25,
fixed,1,2018,1.3524937629699707,0.0,0.01742105558514595,0.02893376350402832,1.3698843717575073,4,0.5,
fixed,1,2019,0.8721004724502563,0.0,0.024067740887403488,0.055364012718200684,0.9007435441017151,4,0.5,
fixed,1,2020,1.1503376960754395,0.0,0.01654951646924019,0.024048566818237305,1.1658270359039307,4,0.5,6.880121231079102
fixed,1,2021,0.4260301887989044,0.0,0.02139514870941639,0.1136091947555542,0.47081053256988525,4,0.75,
fixed,1,2022,0.47134634852409363,0.0,0.023546341806650162,0.24858224391937256,0.5576941967010498,4,0.75,
fixed,1,2023,0.8811629414558411,0.0,0.007861155085265636,0.12629997730255127,0.9229835271835327,4,0.25,
fixed,1,2024,1.6127041578292847,0.027563057839870453,0.01021602377295494,0.16002130508422852,1.6796001195907593,4,0.75,
fixed,1,2025,1.529064655303955,0.01558909472078085,0.0008747815154492855,0.16872119903564453,1.587912917137146,4,0.25,6.021567344665527
fixed,1,2026,1.4121503829956055,0.0,0.01142131071537733,0.07332372665405273,1.4398581981658936,4,0.5,
fixed,1,2027,0.959894597530365,0.0,0.009351623244583607,0.12118744850158691,1.0009266138076782,4,0.25,
fixed,1,2028,1.5680314302444458,0.020114075392484665,0.008796576410531998,0.038770079612731934,1.5941177606582642,4,0.5,
fixed,1,2029,1.6629198789596558,0.0,0.0009643873199820518,0.36809873580932617,1.7738317251205444,4,0.0,
fixed,1,2030,0.4545440077781677,0.0,0.011828345246613026,0.062020063400268555,0.4790641963481903,4,0.5,5.783995151519775
fixed,1,2031,0.2998504936695099,0.0,0.00935734435915947,0.08459997177124023,0.32990914583206177,4,0.5,
fixed,1,2032,1.3407307863235474,0.0,0.03182007372379303,0.11851656436920166,1.3921958208084106,4,0.75,
fixed,1,2033,2.0006649494171143,0.0,0.02521144598722458,0.1144413948059082,2.047603130340576,4,0.75,
fixed,1,2034,0.7243360280990601,0.0,0.01910988986492157,0.17645490169525146,0.7868274450302124,4,0.75,
fixed,1,2035,1.4299132823944092,0.033793315291404724,0.000998116796836257,0.0925818681716919,1.475083589553833,4,0.25,6.484490394592285
fixed,1,2036,0.5973252654075623,0.0,0.009906057268381119,0.024907350540161133,0.609750509262085,4,0.25,
fixed,1,2037,1.3964177370071411,0.0,0.023608112707734108,0.05868220329284668,1.4258264303207397,4,0.25,
fixed,1,2038,1.2728279829025269,0.0,0.014534629881381989,0.1922532320022583,1.3377712965011597,4,0.75,
fixed,1,2039,1.2996169328689575,0.03425222262740135,0.018766706809401512,0.1665128469467163,1.3760802745819092,4,0.75,
fixed,1,2040,0.7517699599266052,0.0,0.005745450034737587,0.094734787940979,0.7830631136894226,4,0.5,3.6262528896331787
fixed,1,2041,1.645922064781189,0.0,0.000602518324740231,0.3382145166397095,1.7476876974105835,4,0.0,
fixed,1,2042,1.031116247177124,0.0,0.022049318999052048,0.14720678329467773,1.0863029956817627,4,0.25,
fixed,1,2043,0.9882965087890625,0.028395526111125946,0.0075976368971168995,0.047332763671875,1.0204929113388062,4,0.5,
fixed,1,2044,0.5912231206893921,0.0,0.014060606248676777,0.06442272663116455,0.617580235004425,4,0.5,
fixed,1,2045,1.4903907775878906,0.0,0.008900543674826622,0.05335569381713867,1.510847806930542,4,0.5,4.596335411071777
fixed,1,2046,1.2843669652938843,0.0,0.004306203685700893,0.0747976303100586,1.3089593648910522,4,0.25,
fixed,1,2047,1.0673580169677734,0.0,0.019842851907014847,0.12495851516723633,1.1147669553756714,4,0.25,
fixed,1,2048,1.4167799949645996,0.0,0.011599037796258926,0.0567852258682251,1.4396151304244995,4,0.5,
fixed,1,2049,0.7263229489326477,0.0,0.01226492878049612,0.1960437297821045,0.791268527507782,4,0.75,
fixed,1,2050,0.7999060153961182,0.01669848896563053,0.015190983191132545,0.11061215400695801,0.8490344285964966,4,0.75,1.145015001296997
fixed,1,2051,0.9466766119003296,0.041682615876197815,1.8411768678561202e-06,0.039743900299072266,0.9794420003890991,4,0.5,
fixed,1,2052,0.8796229958534241,0.0,0.011813512071967125,0.04750549793243408,0.8997814059257507,4,0.5,
fixed,1,2053,0.806049644947052,0.01413518376648426,0.014891291037201881,0.050577640533447266,0.8357361555099487,4,0.5,
fixed,1,2054,0.799679696559906,8.486729825563089e-07,0.01669539511203766,0.16108620166778564,0.8563537001609802,4,0.75,
fixed,1,2055,1.5843130350112915,0.0,0.005706748925149441,0.09077012538909912,1.614397406578064,4,0.25,3.0455474853515625
fixed,1,2056,0.40595927834510803,0.0,0.004771254025399685,0.09513020515441895,0.43688395619392395,4,0.25,
fixed,1,2057,0.909112274646759,0.0,0.021878696978092194,0.07938981056213379,0.9438685774803162,4,0.25,
fixed,1,2058,1.3840489387512207,0.012477675452828407,0.007309089880436659,0.053832292556762695,1.4100919961929321,4,0.5,
fixed,1,2059,1.5657798051834106,0.0,0.03503480926156044,0.09505248069763184,1.611812949180603,4,0.75,
fixed,1,2060,0.9675222635269165,0.000912151881493628,0.01809261552989483,0.07320737838745117,0.9989868402481079,4,0.5,6.720090389251709
fixed,1,2061,1.5669920444488525,0.0,0.03126417100429535,0.02987372875213623,1.5915862321853638,4,0.5,
fixed,1,2062,0.8604000806808472,0.0,0.020329339429736137,0.17427277565002441,0.9228465557098389,4,0.25,
fixed,1,2063,0.5387797951698303,0.0,0.03243575990200043,0.11210882663726807,0.5886303186416626,4,0.75,
fixed,1,2064,0.6593891382217407,0.0,0.017660589888691902,0.16614770889282227,0.7180637717247009,4,0.25,
fixed,1,2065,0.8722895979881287,0.0,0.017911527305841446,0.28311800956726074,0.9661807417869568,4,0.25,9.564471244812012
fixed,1,2066,0.6878772974014282,0.0,0.012133774347603321,0.06362259387969971,0.7130309343338013,4,0.5,
fixed,1,2067,1.6087020635604858,0.0,0.011473526246845722,0.13536953926086426,1.6550496816635132,4,0.25,
fixed,1,2068,1.4231683015823364,0.029583392664790154,0.0033650763798505068,0.024733424186706543,1.447062611579895,4,0.25,
fixed,1,2069,1.6233994960784912,0.0,0.003554043360054493,0.10024309158325195,1.6552494764328003,4,0.25,
fixed,1,2070,0.8007348775863647,0.0,0.004384554456919432,0.09547138214111328,0.8315685987472534,4,0.25,2.9154984951019287
fixed,1,2071,1.1901252269744873,0.0,0.004203379154205322,0.08856379985809326,1.2187960147857666,4,0.25,
fixed,1,2072,0.8614145517349243,0.0,0.005007043946534395,0.31838083267211914,0.9594323039054871,4,0.75,
fixed,1,2073,0.7833330631256104,0.0,0.0068567609414458275,0.44097137451171875,0.9190528392791748,4,0.75,
fixed,1,2074,0.9258015155792236,0.0,0.004899283871054649,0.014735221862792969,0.9326717257499695,4,0.25,
fixed,1,2075,1.425065040588379,0.0,0.0012985760113224387,0.05878007411956787,1.4433484077453613,4,0.25,1.2560209035873413
fixed,1,2076,1.4229655265808105,0.0,0.0027495124377310276,0.11583328247070312,1.459090232849121,4,0.5,
fixed,1,2077,1.3028039932250977,0.03182469308376312,0.0017272310797125101,0.09469842910766602,1.3479894399642944,4,0.5,
fixed,1,2078,0.911266028881073,0.031430527567863464,0.003268961329013109,0.27863168716430664,1.0122052431106567,4,0.75,
fixed,1,2079,1.489332914352417,0.0,0.0024388849269598722,0.062071919441223145,1.5091739892959595,4,0.25,
fixed,1,2080,1.3897440433502197,0.0,8.743343641981483e-05,0.28096067905426025,1.4740760326385498,4,0.0,0.6622691750526428
fixed,1,2081,1.2822281122207642,0.0,0.004674674943089485,0.08665275573730469,1.3105612993240356,4,0.5,
fixed,1,2082,2.0717504024505615,0.0,0.005633856635540724,0.08564496040344238,2.1002607345581055,4,0.25,
fixed,1,2083,0.576601505279541,0.0,0.008039270527660847,0.07828521728515625,0.6041067242622375,4,0.25,
fixed,1,2084,1.2436589002609253,0.0,0.0064433966763317585,0.03331327438354492,1.2568745613098145,4,0.25,
fixed,1,2085,1.0302764177322388,3.0332218958761814e-09,0.0087492810562253,0.07558882236480713,1.0573277473449707,4,0.5,5.012935161590576
fixed,1,2086,1.0353806018829346,0.0,0.003252427326515317,0.09916305541992188,1.066755771636963,4,0.5,
fixed,1,2087,1.4182732105255127,4.665011147153564e-06,0.008765139617025852,0.21310579776763916,1.4865899085998535,4,0.0,
fixed,1,2088,0.7501087188720703,0.0,0.005485589150339365,0.09273433685302734,0.7806718349456787,4,0.5,
fixed,1,2089,0.6972660422325134,1.5003288922343927e-07,0.008393842726945877,0.24759089946746826,0.7757403254508972,4,0.75,
fixed,1,2090,0.7906469106674194,0.0,0.004296184983104467,0.11471962928771973,0.8272109031677246,4,0.25,2.4496800899505615
fixed,1,2091,1.3297734260559082,0.0,0.002456732327118516,0.11689627170562744,1.3660706281661987,4,0.25,
fixed,1,2092,1.2298929691314697,0.0,0.0028128400444984436,0.10838603973388672,1.26381516456604,4,0.25,
fixed,1,2093,1.3209419250488281,0.03553541749715805,0.006783653981983662,0.22173559665679932,1.408622145652771,4,0.75,
fixed,1,2094,1.090421199798584,0.0,0.015892546623945236,0.04404628276824951,1.1115813255310059,4,0.25,
fixed,1,2095,1.429370641708374,0.0,0.009567135013639927,0.08121156692504883,1.4585176706314087,4,0.5,5.181149005889893
fixed,1,2096,1.3910605907440186,3.2297390134772286e-05,0.00019065757805947214,0.3126676082611084,1.484972357749939,4,0.0,
fixed,1,2097,0.7087901830673218,0.0,0.00486825592815876,0.24207019805908203,0.7838453650474548,4,0.0,
fixed,1,2098,1.4457815885543823,0.0,0.013631576672196388,0.18127727508544922,1.506980538368225,4,0.75,
fixed,1,2099,0.7439244389533997,0.0,0.009880388155579567,0.06055450439453125,0.7670309543609619,4,0.5,
fixed,1,2100,1.0858302116394043,0.0,0.011516906321048737,0.07156944274902344,1.1130595207214355,4,0.5,5.859498500823975
fixed,1,2101,0.6838452816009521,0.0,0.009220683947205544,0.0428929328918457,0.7013235092163086,4,0.25,
fixed,1,2102,1.423092246055603,0.0,0.010657179169356823,0.07256042957305908,1.4501889944076538,4,0.5,
fixed,1,2103,0.9147158265113831,0.03678686171770096,0.007687677629292011,0.20855307579040527,0.9995189905166626,4,0.75,
fixed,1,2104,0.6827813386917114,0.0,0.020476043224334717,0.1421356201171875,0.7356600761413574,4,0.75,
fixed,1,2105,1.3342641592025757,0.02796577848494053,0.006412315648049116,0.0701284408569336,1.372491717338562,4,0.5,3.4681591987609863
fixed,1,2106,1.7334964275360107,0.027128662914037704,0.0064332857728004456,0.07013440132141113,1.771317720413208,4,0.5,
fixed,1,2107,1.220059871673584,0.0,0.019248034805059433,0.143792986869812,1.2728217840194702,4,0.75,
fixed,1,2108,0.6547162532806396,0.0,0.021939381957054138,0.04315829277038574,0.678633451461792,4,0.5,
fixed,1,2109,1.5700633525848389,0.0,0.020424172282218933,0.060689449310302734,1.5984822511672974,4,0.5,
fixed,1,2110,1.5797713994979858,0.0,0.012472075410187244,0.054997801780700684,1.6025067567825317,4,0.25,6.1534199714660645
fixed,1,2111,1.1740164756774902,0.015742432326078415,0.026363855227828026,0.0774298906326294,1.2182985544204712,4,0.75,
fixed,1,2112,1.1062233448028564,0.0,0.027423355728387833,0.09729123115539551,1.1491223573684692,4,0.75,
fixed,1,2113,0.8892180919647217,0.0,0.01385999284684658,0.057210445404052734,0.913311243057251,4,0.25,
fixed,1,2114,1.048397183418274,0.0,0.015975933521986008,0.05890226364135742,1.074055790901184,4,0.25,
fixed,1,2115,0.9051816463470459,0.0,0.0011417609639465809,0.5360042452812195,1.0665538311004639,4,0.0,1.8337979316711426
fixed,1,2116,1.034471035003662,0.016897983849048615,0.008530006743967533,0.086128830909729,1.0730236768722534,4,0.5,
fixed,1,2117,1.8520643711090088,0.0,0.0185154490172863,0.06550931930541992,1.8809748888015747,4,0.5,
fixed,1,2118,1.0564367771148682,0.0,0.028217334300279617,0.1069633960723877,1.1026344299316406,4,0.75,
fixed,1,2119,0.6615951657295227,0.0,0.020557956770062447,0.1284189224243164,0.7103998064994812,4,0.75,
fixed,1,2120,0.8986350297927856,0.013691249303519726,0.015508567914366722,0.0880817174911499,0.9396594762802124,4,0.75,2.1560475826263428
fixed,1,2121,1.1412190198898315,0.0,0.011305920779705048,0.058368682861328125,1.1643825769424438,4,0.5,
fixed,1,2122,1.023398518562317,0.0,0.015661761164665222,0.04763138294219971,1.0455188751220703,4,0.5,
fixed,1,2123,0.7804632186889648,0.0,0.024316243827342987,0.0426332950592041,0.8054113388061523,4,0.5,
fixed,1,2124,0.9599857330322266,0.0,0.002695836126804352,0.23570799827575684,1.0320460796356201,4,0.0,
fixed,1,2125,1.4653347730636597,0.02600988559424877,0.012742403894662857,0.12138140201568604,1.521125316619873,4,0.75,1.4254649877548218
fixed,1,2126,1.067420244216919,0.021388385444879532,0.022542519494891167,0.2908191680908203,1.1766314506530762,4,1.0,
fixed,1,2127,1.4950321912765503,0.0,0.012628844939172268,0.042639732360839844,1.5141385793685913,4,0.5,
fixed,1,2128,0.4064602553844452,0.0,0.008546999655663967,0.11144459247589111,0.4441671371459961,4,0.25,
fixed,1,2129,0.8111379742622375,0.0,0.01439546700567007,0.04199361801147461,0.8309338092803955,4,0.5,
fixed,1,2130,0.8294832110404968,0.0,0.015265213325619698,0.043026089668273926,0.850023627281189,4,0.5,7.730453968048096
fixed,1,2131,0.7330917716026306,0.0,0.0193855632096529,0.11317956447601318,0.7767384052276611,4,0.75,
fixed,1,2132,1.5156160593032837,0.0,0.026352208107709885,0.029024839401245117,1.5374996662139893,4,0.5,
fixed,1,2133,0.8980321288108826,0.0,0.01955350860953331,0.2715646028518677,0.989278256893158,4,0.75,
fixed,1,2134,1.8159916400909424,0.0,0.014847786165773869,0.07372641563415527,1.8455334901809692,4,0.5,
fixed,1,2135,0.863451361656189,0.0,0.02226538211107254,0.12084329128265381,0.9108370542526245,4,0.75,10.503540992736816
fixed,1,2136,1.2363502979278564,0.0,0.020395874977111816,0.11253345012664795,1.2803082466125488,4,0.75,
fixed,1,2137,1.7388581037521362,0.0,0.002797207096591592,0.25328946113586426,1.8162435293197632,4,0.0,
fixed,1,2138,1.370237112045288,0.029195215553045273,0.013866109773516655,0.08074748516082764,1.415992021560669,4,0.5,
fixed,1,2139,1.274200201034546,0.0,0.012223558500409126,0.20577490329742432,1.342044472694397,4,0.75,
fixed,1,2140,1.6294575929641724,0.0,0.015387212857604027,0.16693174839019775,1.6872307062149048,4,0.75,8.445176124572754
fixed,1,2141,1.0114421844482422,0.0,0.025077052414417267,0.0972754955291748,1.0531634092330933,4,0.5,
fixed,1,2142,0.6295055747032166,0.03415277227759361,0.006439177319407463,0.2112560272216797,0.7131783962249756,4,0.75,
fixed,1,2143,1.585783839225769,0.0,0.01541816908866167,0.05565035343170166,1.6101880073547363,4,0.5,
fixed,1,2144,1.1753484010696411,0.0,0.03299181908369064,0.11176002025604248,1.225372314453125,4,0.75,
fixed,1,2145,1.173227071762085,0.018532149493694305,0.0009501563617959619,0.18817555904388428,1.2394208908081055,4,0.25,6.512637138366699
fixed,1,2146,1.0176007747650146,0.0,0.028724782168865204,0.1099017858505249,1.0649336576461792,4,0.75,
fixed,1,2147,0.9704132676124573,0.0,0.007402240298688412,0.0410693883895874,0.9864351749420166,4,0.25,
fixed,1,2148,1.5629441738128662,0.019021594896912575,0.007037739269435406,0.08363676071166992,1.601064920425415,4,0.5,
fixed,1,2149,1.5227762460708618,0.0,0.00842511560767889,0.1582498550415039,1.5744637250900269,4,0.25,
fixed,1,2150,0.782304048538208,0.0,0.021815607324242592,0.12506139278411865,0.8307302594184875,4,0.75,11.394420623779297
fixed,1,2151,0.9169800877571106,0.013733524829149246,0.02206374704837799,0.13135552406311035,0.974285364151001,4,0.75,
fixed,1,2152,1.0941892862319946,0.0,0.022718582302331924,0.11886310577392578,1.1412074565887451,4,0.75,
fixed,1,2153,1.0713677406311035,0.015945730730891228,0.017448073253035545,0.0870814323425293,1.1141890287399292,4,0.75,
fixed,1,2154,1.8753896951675415,0.010545728728175163,0.018671156838536263,0.06656968593597412,1.9099690914154053,4,0.75,
fixed,1,2155,0.5128519535064697,0.0,0.028218785300850868,0.036028504371643066,0.5377699136734009,4,0.5,11.766902923583984
fixed,1,2156,1.4222968816757202,0.0,0.003044052515178919,0.2610868215560913,1.5021449327468872,4,0.0,
fixed,1,2157,1.789867877960205,0.0,0.021138397976756096,0.05278325080871582,1.8162720203399658,4,0.5,
fixed,1,2158,0.686706006526947,0.0,0.025680020451545715,0.08740711212158203,0.7257681488990784,4,0.25,
fixed,1,2159,1.5734858512878418,0.0,0.0018006248865276575,0.45832133293151855,1.7118825912475586,4,0.0,
fixed,1,2160,1.0267319679260254,0.01947842910885811,0.0010502429213374853,0.14990365505218506,1.0819673538208008,4,0.25,6.083215236663818
fixed,1,2161,0.9642641544342041,0.0,0.002178136259317398,0.2470395565032959,1.039465069770813,4,0.0,
fixed,1,2162,1.8343099355697632,0.021200068295001984,0.019971435889601707,0.03204703330993652,1.8645098209381104,4,0.5,
fixed,1,2163,1.2119271755218506,0.0,0.009961535222828388,0.04506027698516846,1.2304260730743408,4,0.25,
fixed,1,2164,0.5688654780387878,0.0,0.02551344782114029,0.35427844524383545,0.6879057288169861,4,1.0,
fixed,1,2165,1.5089147090911865,0.0,0.02128930762410164,0.40723180770874023,1.6417288780212402,4,1.0,11.60976505279541
fixed,1,2166,1.6944622993469238,0.0,0.0008931331103667617,0.3595844507217407,1.8027842044830322,4,0.0,
fixed,1,2167,1.2908823490142822,0.0,0.030214784666895866,0.06046319007873535,1.3241287469863892,4,0.5,
fixed,1,2168,1.3386621475219727,0.0,0.000516434432938695,0.30584943294525146,1.4306751489639282,4,0.0,
fixed,1,2169,1.3019208908081055,0.0,0.02356869913637638,0.039661526679992676,1.325603723526001,4,0.5,
fixed,1,2170,0.7657085657119751,0.0,0.0320550873875618,0.09945964813232422,0.8115739822387695,4,0.75,13.644089698791504
fixed,1,2171,0.7538859844207764,0.0,0.024539651349186897,0.10106408596038818,0.7964750528335571,4,0.75,
fixed,1,2172,1.3519073724746704,2.8663234843406826e-05,0.01057529915124178,0.043318986892700195,1.370205044746399,4,0.5,
fixed,1,2173,1.4816126823425293,8.997326222015545e-05,0.019368456676602364,0.14220261573791504,1.534002661705017,4,0.75,
fixed,1,2174,0.8599354028701782,0.031242061406373978,0.026888597756624222,0.294575572013855,0.9773734211921692,4,1.0,
fixed,1,2175,1.0426167249679565,0.00024953499087132514,0.006169457919895649,0.04576706886291504,1.0595563650131226,4,0.25,3.0513916015625
fixed,1,2176,1.7949059009552002,0.00015540966705884784,0.00651590758934617,0.06171226501464844,1.8167552947998047,4,0.25,
fixed,1,2177,0.7248565554618835,6.26297842245549e-05,0.0069014932960271835,0.07069706916809082,0.7495477199554443,4,0.25,
fixed,1,2178,0.8521239757537842,0.0,0.026090748608112335,0.3406071662902832,0.967351496219635,4,1.0,
fixed,1,2179,0.5053741335868835,0.023726150393486023,0.0077093313448131084,0.04999089241027832,0.5360891222953796,4,0.5,
fixed,1,2180,0.8314369320869446,0.02543848380446434,0.010137314908206463,0.055275678634643555,0.8658075332641602,4,0.5,3.2039794921875
fixed,1,2181,2.3698620796203613,0.022089751437306404,0.009626241400837898,0.05244910717010498,2.4014549255371094,4,0.5,
fixed,1,2182,0.5907766222953796,0.0,0.024950934574007988,0.19667720794677734,0.6622552275657654,4,0.5,
fixed,1,2183,1.2034274339675903,0.0,0.028460906818509102,0.06653308868408203,1.23761785030365,4,0.5,
fixed,1,2184,0.9963036179542542,0.0,0.04803697392344475,0.07511544227600098,1.0428566932678223,4,0.75,
fixed,1,2185,1.0378457307815552,0.0,0.012892166152596474,0.14406061172485352,1.0875099897384644,4,0.25,6.491433143615723
fixed,1,2186,1.7941515445709229,0.0,0.012432518415153027,0.14508163928985596,1.8438923358917236,4,0.25,
fixed,1,2187,1.790102243423462,0.0,0.02151026949286461,0.06921947002410889,1.8216232061386108,4,0.5,
fixed,1,2188,1.518154501914978,0.0,0.009927043691277504,0.03291440010070801,1.5329923629760742,4,0.25,
fixed,1,2189,1.1026732921600342,0.0,0.022787215188145638,0.06435108184814453,1.133372187614441,4,0.5,
fixed,1,2190,1.1178791522979736,0.0,0.019295766949653625,0.06484544277191162,1.1469806432724,4,0.5,10.36650562286377
fixed,1,2191,0.9344366788864136,0.0,0.01648080348968506,0.062493085861206055,0.9614250063896179,4,0.5,
fixed,1,2192,1.5342706441879272,0.0,0.013973206281661987,0.06650912761688232,1.561210036277771,4,0.5,
fixed,1,2193,1.6652610301971436,0.0,0.006004894617944956,0.08343160152435303,1.6932929754257202,4,0.25,
fixed,1,2194,1.4459078311920166,0.05174226313829422,0.004260173998773098,0.16688716411590576,1.5239752531051636,4,0.75,
fixed,1,2195,1.166463017463684,0.0,0.006577212363481522,0.07037162780761719,1.1908631324768066,4,0.25,3.6039133071899414
fixed,1,2196,1.0970005989074707,1.8292264485353371e-06,0.006671232171356678,0.06569862365722656,1.1200467348098755,4,0.25,
fixed,1,2197,1.073288083076477,6.603308520425344e-06,0.0011657996801659465,0.15623676776885986,1.120745301246643,4,0.0,
fixed,1,2198,1.8908376693725586,0.0,0.009892244823276997,0.08339881896972656,1.920803427696228,4,0.25,
fixed,1,2199,2.227616786956787,0.03589223697781563,0.003162490902468562,0.08106732368469238,2.2714643478393555,4,0.5,
fixed,1,2200,0.9114473462104797,0.034141167998313904,0.005596750415861607,0.07062435150146484,0.9525036215782166,4,0.5,4.78193473815918
fixed,1,2201,1.1579234600067139,4.6719446800125297e-07,0.012501479126513004,0.21240735054016113,1.2278966903686523,4,0.75,
fixed,1,2202,1.3046027421951294,0.0,0.009191648103296757,0.08063387870788574,1.3333886861801147,4,0.5,
fixed,1,2203,1.659117341041565,0.0,0.012109128758311272,0.07102930545806885,1.6864806413650513,4,0.5,
fixed,1,2204,0.6227684617042542,0.0,0.008892782963812351,0.12235188484191895,0.6639204025268555,4,0.25,
fixed,1,2205,0.8662319779396057,0.03250454366207123,0.011914951726794243,0.1546705961227417,0.9348428845405579,4,0.75,1.1757230758666992
fixed,1,2206,0.9679762125015259,0.0,0.026159951463341713,0.20659875869750977,1.043035864830017,4,0.75,
fixed,1,2207,1.352065086364746,0.0,0.024180861189961433,0.12275362014770508,1.4009816646575928,4,0.75,
fixed,1,2208,1.3021711111068726,0.018252383917570114,0.0076277973130345345,0.06925475597381592,1.3358876705169678,4,0.5,
fixed,1,2209,1.9994618892669678,0.04038296639919281,0.00012743461411446333,0.0635685920715332,2.038787603378296,4,0.5,
fixed,1,2210,1.2014987468719482,0.014293148182332516,0.01854850724339485,0.08585608005523682,1.2436764240264893,4,0.75,3.020043134689331
fixed,1,2211,0.7661034464836121,0.0,0.0005863744299858809,0.382207989692688,0.8810590505599976,4,0.0,
fixed,1,2212,1.1168352365493774,0.0,0.033226579427719116,0.164459228515625,1.1827863454818726,4,0.75,
fixed,1,2213,1.5109256505966187,0.0,0.011817410588264465,0.11444127559661865,1.5511667728424072,4,0.25,
fixed,1,2214,1.1983336210250854,0.017313960939645767,0.03697708621621132,0.16359782218933105,1.2745585441589355,4,1.0,
fixed,1,2215,0.74769526720047,0.0,0.021076519042253494,0.026956677436828613,0.766320526599884,4,0.5,10.330121040344238
fixed,1,2216,0.9658282399177551,0.0,0.028842367231845856,0.04277682304382324,0.9930824637413025,4,0.5,
fixed,1,2217,1.555498719215393,0.0,0.04216344654560089,0.0511707067489624,1.591931700706482,4,0.75,
fixed,1,2218,1.2169830799102783,0.0,0.027210693806409836,0.03082883358001709,1.2398370504379272,4,0.5,
fixed,1,2219,1.1882555484771729,0.0,0.030041098594665527,0.08150148391723633,1.2277265787124634,4,0.75,
fixed,1,2220,1.6539421081542969,0.02025177888572216,0.0008854852057993412,0.11757004261016846,1.6997817754745483,4,0.25,6.760385990142822
fixed,1,2221,1.70452082157135,0.0,0.011492938734591007,0.12336528301239014,1.7472769021987915,4,0.25,
fixed,1,2222,1.4435261487960815,0.02096019871532917,0.011007077060639858,0.061145901679992676,1.477853536605835,4,0.5,
fixed,1,2223,1.537762999534607,0.0,0.0005883861449547112,0.36519181728363037,1.6476147174835205,4,0.0,
fixed,1,2224,1.5144001245498657,0.0,0.03357963263988495,0.06804943084716797,1.5516047477722168,4,0.5,
fixed,1,2225,1.9455128908157349,0.0,0.0021339054219424725,0.20146095752716064,2.0070180892944336,4,0.0,2.195239305496216
fixed,1,2226,1.0320199728012085,0.0,0.012306100688874722,0.044233083724975586,1.0514429807662964,4,0.25,
fixed,1,2227,1.5985053777694702,0.0,0.025818578898906708,0.12004494667053223,1.6474281549453735,4,0.75,
fixed,1,2228,0.814249575138092,0.011236380785703659,0.022400181740522385,0.2572662830352783,0.908247709274292,4,1.0,
fixed,1,2229,0.4069690704345703,0.0,0.013606417924165726,0.07710373401641846,0.4369033873081207,4,0.5,
fixed,1,2230,1.3048288822174072,0.0,0.013516822829842567,0.0650104284286499,1.3310904502868652,4,0.5,6.922080993652344
fixed,1,2231,1.3989561796188354,0.0,0.009494403377175331,0.09411823749542236,1.431938886642456,4,0.5,
fixed,1,2232,1.1068944931030273,0.0,0.01800493337213993,0.1791902780532837,1.1696540117263794,4,0.75,
fixed,1,2233,0.2529565393924713,3.7152944969420787e-06,0.011996111832559109,0.07805633544921875,0.2823733687400818,4,0.5,
fixed,1,2234,0.7157993912696838,0.03189411386847496,0.02182004787027836,0.3871360421180725,0.8587973117828369,4,1.0,
fixed,1,2235,1.2860358953475952,0.0,0.0009455842664465308,0.2239084243774414,1.353681206703186,4,0.0,1.112994909286499
fixed,1,2236,1.0053293704986572,0.0,0.02674754522740841,0.1325289011001587,1.0584617853164673,4,0.75,
fixed,1,2237,0.6331915259361267,2.194991975557059e-05,0.03757711127400398,0.10246431827545166,0.6827303767204285,4,0.75,
fixed,1,2238,0.8432480096817017,0.0,0.0012080908054485917,0.21133041381835938,0.9072511792182922,4,0.0,
fixed,1,2239,1.1036128997802734,0.0,0.014972510747611523,0.1061180830001831,1.1429345607757568,3,0.5,
fixed,1,2240,1.566847801208496,0.0,0.01785530522465706,0.16093647480010986,1.624056339263916,4,0.25,7.189961910247803
fixed,1,2241,1.5262763500213623,0.0,0.03072907030582428,0.07314181327819824,1.5635833740234375,4,0.5,
fixed,1,2242,1.223332166671753,0.0,0.006159794516861439,0.09098196029663086,1.253706693649292,4,0.25,
fixed,1,2243,1.081289291381836,0.0,0.00503160897642374,0.07381629943847656,1.1059499979019165,4,0.25,
fixed,1,2244,0.963071882724762,0.0,0.016847169026732445,0.056311607360839844,0.9883889555931091,4,0.5,
fixed,1,2245,1.082146406173706,0.03920084610581398,0.01039823330938816,0.06157064437866211,1.1254171133041382,4,0.5,2.1394426822662354
fixed,1,2246,1.2996914386749268,0.0,0.013047697022557259,0.19260144233703613,1.3639956712722778,4,0.75,
fixed,1,2247,0.7281364798545837,0.023512711748480797,0.003654627362266183,0.04988551139831543,0.7566857933998108,4,0.5,
fixed,1,2248,0.711060106754303,1.0250458217342384e-05,0.006586046889424324,0.06324028968811035,0.7333303689956665,4,0.5,
fixed,1,2249,0.5550650954246521,0.0,0.008951831609010696,0.09470820426940918,0.5879534482955933,4,0.5,
fixed,1,2250,1.1017738580703735,1.9804806470347103e-06,1.8704509784583934e-05,0.2233726978302002,1.1687960624694824,4,0.0,0.21217548847198486
fixed,1,2251,1.1381820440292358,0.025183606892824173,0.0077054621651768684,0.17692267894744873,1.2077033519744873,4,0.75,
fixed,1,2252,0.6216686367988586,0.022739946842193604,0.014424260705709457,0.13942420482635498,0.6820780038833618,4,0.75,
fixed,1,2253,1.0935176610946655,0.0,0.009490584954619408,0.06399929523468018,1.1174627542495728,4,0.5,
fixed,1,2254,1.066472053527832,0.01599460281431675,0.0006554657593369484,0.05504179000854492,1.091309666633606,4,0.25,
fixed,1,2255,1.5048264265060425,0.0,0.013111266307532787,0.1814899444580078,1.5658290386199951,4,0.75,6.843961715698242
fixed,1,2256,1.493730902671814,0.0,0.015593134798109531,0.07221090793609619,1.5231907367706299,4,0.5,
fixed,1,2257,1.4853143692016602,0.0,0.016185114160180092,0.06443440914154053,1.5127372741699219,4,0.5,
fixed,1,2258,0.9443349838256836,0.016603892669081688,0.028196677565574646,0.08331239223480225,0.9917290210723877,4,0.75,
fixed,1,2259,0.9834854006767273,0.0,0.021566417068243027,0.2343350648880005,1.064569115638733,4,0.75,
fixed,1,2260,1.0189462900161743,0.020503154024481773,0.02074238657951355,0.10329139232635498,1.0705565214157104,4,0.75,2.6761245727539062
fixed,1,2261,1.4680618047714233,0.010801983065903187,0.03145553916692734,0.17981886863708496,1.5431362390518188,4,1.0,
fixed,1,2262,1.4613842964172363,0.018183574080467224,0.01430549193173647,0.11731958389282227,1.5128246545791626,4,0.5,
fixed,1,2263,1.4516128301620483,0.0,0.01715046912431717,0.28281664848327637,1.5450330972671509,4,0.25,
fixed,1,2264,1.457887053489685,0.0,0.028032787144184113,0.11247551441192627,1.5056461095809937,4,0.5,
fixed,1,2265,1.0617725849151611,0.0,0.023478519171476364,0.2820647954940796,1.1581312417984009,4,0.25,7.994826316833496
fixed,1,2266,0.9060459136962891,0.0,0.05459919199347496,0.15740740299224854,0.9805677533149719,4,1.0,
fixed,1,2267,0.7597644925117493,0.017104405909776688,0.011253166943788528,0.057631731033325195,0.7912328243255615,4,0.75,
fixed,1,2268,1.2414599657058716,0.0,0.012349332682788372,0.16429030895233154,1.296921730041504,4,0.25,
fixed,1,2269,1.1242241859436035,0.0,0.02781408093869686,0.04678916931152344,1.1521680355072021,4,0.5,
fixed,1,2270,1.3600785732269287,0.0,0.002266649855300784,0.40697938203811646,1.4833056926727295,4,0.0,3.2048733234405518
fixed,1,2271,1.3628430366516113,0.015110202133655548,0.015533477999269962,0.05936431884765625,1.3959741592407227,4,0.75,
fixed,1,2272,1.3588101863861084,0.005315074697136879,0.009762639179825783,0.041410207748413086,1.3787721395492554,4,0.5,
fixed,1,2273,0.9910012483596802,0.0,0.015911823138594627,0.03141307830810547,1.0083811283111572,4,0.5,
fixed,1,2274,1.577307939529419,0.0,0.015515916980803013,0.040395140647888184,1.597184419631958,4,0.25,
fixed,1,2275,1.286656379699707,0.0,0.025434110313653946,0.031920433044433594,1.308949589729309,4,0.5,11.512617111206055
fixed,1,2276,0.652561604976654,0.0,0.03023097664117813,0.09000062942504883,0.6946772933006287,4,0.75,
fixed,1,2277,1.1110661029815674,0.0,0.009709343314170837,0.09437263011932373,1.1442325115203857,4,0.25,
fixed,1,2278,1.410790205001831,0.016337567940354347,0.008871231228113174,0.04253244400024414,1.4361543655395508,4,0.5,
fixed,1,2279,1.5722392797470093,0.021955857053399086,0.0008605520124547184,0.03186440467834473,1.593206763267517,4,0.5,
fixed,1,2280,0.5830589532852173,0.0,0.0123373381793499,0.0721595287322998,0.6108754873275757,4,0.5,6.444355487823486
fixed,1,2281,0.45882996916770935,0.0,0.005831582937389612,0.13502252101898193,0.5022525191307068,4,0.25,
fixed,1,2282,1.4904558658599854,0.0,0.04613358527421951,0.11585891246795654,1.5482803583145142,4,0.75,
fixed,1,2283,1.678221344947815,0.0,0.006019651424139738,0.12815380096435547,1.7196773290634155,4,0.25,
fixed,1,2284,0.9558639526367188,0.0,0.024278942495584488,0.18302226066589355,1.0229101181030273,4,0.75,
fixed,1,2285,0.7685109972953796,0.0,0.0063439602963626385,0.04804062843322754,0.786095142364502,4,0.25,3.553334951400757
fixed,1,2286,1.376216173171997,0.0,0.006953044328838587,0.10229015350341797,1.4103797674179077,4,0.5,
fixed,1,2287,0.9720116853713989,0.0,0.010071408934891224,0.24756622314453125,1.0513172149658203,4,0.75,
fixed,1,2288,1.3512741327285767,0.015426081605255604,0.0031757443211972713,0.11834514141082764,1.3960785865783691,4,0.5,
fixed,1,2289,1.159216284751892,0.0,0.005575047805905342,0.12396955490112305,1.1991946697235107,4,0.5,
fixed,1,2290,0.9415025115013123,0.0,0.008688581176102161,0.2527294158935547,1.0216655731201172,4,0.75,4.977287769317627
fixed,1,2291,0.8761701583862305,0.03803698346018791,0.0020538242533802986,0.11820840835571289,0.931678056716919,4,0.5,
fixed,1,2292,0.5030301213264465,0.0,0.005935440771281719,0.0979238748550415,0.5353749990463257,4,0.5,
fixed,1,2293,0.6040545701980591,0.0,0.006423956248909235,0.13103842735290527,0.6465780735015869,4,0.25,
fixed,1,2294,1.1327366828918457,0.010965341702103615,0.0055219572968780994,0.07990419864654541,1.1649515628814697,4,0.5,
fixed,1,2295,1.5767802000045776,0.0,0.006212450098246336,0.024012207984924316,1.5870901346206665,4,0.25,3.750589609146118
fixed,1,2296,1.56280517578125,0.0,0.007449946831911802,0.08367252349853516,1.5916318893432617,4,0.5,
fixed,1,2297,1.7480189800262451,0.0,0.01585310325026512,0.16618096828460693,1.8057998418807983,4,0.75,
fixed,1,2298,0.7309427261352539,0.0,0.0031738602556288242,0.09634542465209961,0.7614333033561707,4,0.25,
fixed,1,2299,0.9993983507156372,0.0,0.053182460367679596,0.06635606288909912,1.0458964109420776,4,0.75,
fixed,1,2300,1.0726287364959717,0.0,0.03540976345539093,0.09812557697296143,1.1197712421417236,4,0.75,13.951581001281738
fixed,1,2301,1.3871493339538574,0.0,0.002094850642606616,0.18200135231018066,1.4427971839904785,4,0.0,
fixed,1,2302,1.776445984840393,0.0,0.005723082460463047,0.08494102954864502,1.8047897815704346,4,0.25,
fixed,1,2303,1.2035603523254395,0.0,0.01218925416469574,0.047135233879089355,1.2237955331802368,4,0.5,
fixed,1,2304,1.0783034563064575,0.0,0.016056356951594353,0.04466092586517334,1.0997298955917358,4,0.5,
fixed,1,2305,1.0621659755706787,0.0,0.01074423547834158,0.19201219081878662,1.1251417398452759,4,0.75,5.793762683868408
fixed,1,2306,0.7117922306060791,0.0,0.008126971311867237,0.06790900230407715,0.7362284064292908,4,0.5,
fixed,1,2307,1.1204560995101929,0.0,0.007455437444150448,0.08199167251586914,1.1487812995910645,4,0.25,
fixed,1,2308,1.6418663263320923,0.0,0.0007585576386190951,0.24212932586669922,1.7148844003677368,4,0.0,
fixed,1,2309,0.6952293515205383,0.0,0.022203151136636734,0.417683482170105,0.8316359519958496,4,1.0,
fixed,1,2310,0.8506223559379578,0.0,0.011825895868241787,0.5339078307151794,1.0167076587677002,4,1.0,6.754823207855225
fixed,1,2311,0.9966791272163391,0.0,0.03236794471740723,0.09068679809570312,1.0400691032409668,4,0.75,
fixed,1,2312,1.3643938302993774,0.031102076172828674,0.006099244114011526,0.18038570880889893,1.437110185623169,4,0.75,
fixed,1,2313,0.9604246616363525,0.0,0.017109094187617302,0.07255172729492188,0.9907447099685669,4,0.5,
fixed,1,2314,1.4006447792053223,0.0,0.004323648288846016,0.0977705717086792,1.4321377277374268,4,0.25,
fixed,1,2315,1.1913799047470093,0.0,0.012254191562533379,0.05575156211853027,1.2142324447631836,4,0.5,6.278183937072754
fixed,1,2316,1.9061545133590698,0.0,0.02712051384150982,0.08388113975524902,1.9448790550231934,4,0.75,
fixed,1,2317,0.5316336154937744,0.0,0.026771437376737595,0.08868563175201416,0.5716249942779541,4,0.75,
fixed,1,2318,1.8446842432022095,0.012362181209027767,0.010955322533845901,0.08731198310852051,1.8825366497039795,4,0.75,
fixed,1,2319,0.7698063850402832,0.0,0.006617385894060135,0.14558124542236328,0.816789448261261,4,0.25,
fixed,1,2320,0.7525136470794678,0.0,0.01506112888455391,0.1491314172744751,0.8047836422920227,4,0.75,7.796281814575195
fixed,1,2321,0.5453289747238159,0.0,0.013559318147599697,0.16918861865997314,0.6028652191162109,4,0.75,
fixed,1,2322,1.2933892011642456,0.0,0.01476854644715786,0.15292513370513916,1.3466510772705078,4,0.75,
fixed,1,2323,1.4719350337982178,0.03449411317706108,0.04984813928604126,0.1752939224243164,1.5666943788528442,4,1.0,
fixed,1,2324,1.7794456481933594,0.045919109135866165,0.01983114331960678,0.07138442993164062,1.8337360620498657,4,0.75,
fixed,1,2325,1.2377891540527344,0.0,0.01337643712759018,0.08065497875213623,1.2686738967895508,4,0.5,6.645019054412842
fixed,1,2326,0.6901599168777466,0.0,0.027379315346479416,0.08161509037017822,0.7283341288566589,4,0.75,
fixed,1,2327,0.7618004679679871,0.0,0.02394360676407814,0.0826483964920044,0.7985668182373047,4,0.5,
fixed,1,2328,1.2967220544815063,0.0,0.011801781132817268,0.21925675868988037,1.368399977684021,4,0.25,
fixed,1,2329,1.0631901025772095,0.007652726024389267,0.0075999535620212555,0.0809786319732666,1.0951100587844849,4,0.5,
fixed,1,2330,0.9837684035301208,0.007238236255943775,0.02678491547703743,0.1713927984237671,1.052197813987732,4,1.0,8.2328519821167
fixed,1,2331,1.0303388833999634,0.0,0.02399774268269539,0.03406715393066406,1.0525579452514648,4,0.5,
fixed,1,2332,1.371930480003357,0.0,0.017339421436190605,0.05203258991241455,1.396209955215454,4,0.5,
fixed,1,2333,1.0270060300827026,0.0,0.02845701202750206,0.06561887264251709,1.060920238494873,4,0.5,
fixed,1,2334,1.8172078132629395,0.0,0.02920818142592907,0.07551074028015137,1.854465126991272,4,0.75,
fixed,1,2335,1.0586475133895874,0.0,0.01713031716644764,0.05491328239440918,1.0836867094039917,4,0.5,8.361334800720215
fixed,1,2336,1.2048537731170654,0.02127017267048359,0.019560743123292923,0.08037948608398438,1.2493830919265747,4,0.75,
fixed,1,2337,0.346287339925766,0.0,0.028483450412750244,0.19849896430969238,0.42007875442504883,4,0.75,
fixed,1,2338,1.6613316535949707,0.0,0.0254487507045269,0.0887824296951294,1.700690746307373,4,0.75,
fixed,1,2339,1.0019673109054565,0.0,0.019201740622520447,0.07882463932037354,1.0352156162261963,4,0.5,
fixed,1,2340,1.0291399955749512,0.0,0.012066619470715523,0.08800840377807617,1.0615757703781128,4,0.5,6.035157680511475
fixed,1,2341,0.4595435857772827,0.0,0.044310297816991806,0.07513391971588135,0.5042389035224915,4,0.75,
fixed,1,2342,0.9761293530464172,0.0,0.003237504744902253,0.2622096538543701,1.0564110279083252,4,0.0,
fixed,1,2343,0.8844394087791443,0.008450276218354702,0.011531438678503036,0.018237829208374023,0.8999016284942627,4,0.5,
fixed,1,2344,0.7053831219673157,0.0,0.03965374082326889,0.11331403255462646,0.7592042088508606,4,0.75,
fixed,1,2345,1.886765956878662,0.0,0.010125439614057541,0.0891118049621582,1.9185621738433838,4,0.5,5.275538444519043
fixed,1,2346,1.7470088005065918,0.0,0.019899778068065643,0.21239900588989258,1.8206783533096313,4,0.25,
fixed,1,2347,0.534209668636322,0.02143550105392933,0.004136892966926098,0.25790536403656006,0.6243674755096436,4,0.5,
fixed,1,2348,1.1833857297897339,0.0,0.03016543947160244,0.12361562252044678,1.2355531454086304,4,0.75,
fixed,1,2349,0.8727530241012573,0.017910903319716454,0.007977427914738655,0.14053380489349365,0.9278573393821716,4,0.75,
fixed,1,2350,0.9509009122848511,0.03354087471961975,0.004614773206412792,0.21815955638885498,1.0354266166687012,4,0.75,3.831542491912842
fixed,1,2351,1.5043522119522095,0.01555312518030405,0.017884157598018646,0.09441828727722168,1.5493963956832886,4,0.75,
fixed,1,2352,0.7466725707054138,0.0,0.030294660478830338,0.028930306434631348,0.7704989910125732,4,0.5,
fixed,1,2353,0.7058152556419373,0.0,0.0019158092327415943,0.39407455921173096,0.8249955177307129,4,0.0,
fixed,1,2354,1.6530344486236572,0.0,0.015135195106267929,0.312275767326355,1.7542847394943237,4,0.75,
fixed,1,2355,1.2660562992095947,0.009901169687509537,0.005007895641028881,0.043258070945739746,1.2864882946014404,4,0.5,2.887180805206299
fixed,1,2356,1.1730759143829346,0.011153701692819595,0.001176036661490798,0.1587204933166504,1.2268569469451904,4,0.25,
fixed,1,2357,0.5397075414657593,0.0,0.0132071478292346,0.046277403831481934,0.5601943135261536,4,0.5,
fixed,1,2358,0.8882943987846375,0.0,0.016549091786146164,0.05869626998901367,0.9141778349876404,4,0.5,
fixed,1,2359,1.0994923114776611,0.0,0.008135772310197353,0.04510617256164551,1.1170920133590698,4,0.25,
fixed,1,2360,1.5359512567520142,0.0,0.03620254248380661,0.14878427982330322,1.598687767982483,4,0.75,15.141645431518555
fixed,1,2361,1.7305545806884766,0.0,0.0387759804725647,0.08259832859039307,1.7747220993041992,4,0.5,
fixed,1,2362,1.3382283449172974,0.0,0.0007321723969653249,0.4141353368759155,1.4628350734710693,4,0.0,
fixed,1,2363,1.3677823543548584,0.01285509578883648,0.007128329481929541,0.0802311897277832,1.4018434286117554,4,0.5,
fixed,1,2364,1.4149452447891235,0.032666657119989395,0.011289695277810097,0.16585969924926758,1.486681342124939,4,0.75,
fixed,1,2365,1.5757238864898682,0.032397300004959106,0.007024827413260937,0.0675802230834961,1.6157090663909912,4,0.5,3.1922390460968018
fixed,1,2366,1.3350099325180054,0.0,0.014841077849268913,0.05561971664428711,1.3591164350509644,4,0.5,
fixed,1,2367,1.7574214935302734,0.0,0.006699290592223406,0.11155807971954346,1.794238567352295,4,0.25,
fixed,1,2368,0.5992113947868347,0.0,0.01116867270320654,0.11712408065795898,0.6399329304695129,4,0.25,
fixed,1,2369,1.369927167892456,0.0,0.0004886356182396412,0.3285568952560425,1.4687385559082031,4,0.0,
fixed,1,2370,0.930303156375885,0.0,0.020725514739751816,0.412966787815094,1.0645560026168823,4,1.0,11.922025680541992
fixed,1,2371,1.0893964767456055,0.0,0.01792687363922596,0.1452176570892334,1.1419252157211304,4,0.75,
fixed,1,2372,1.3003880977630615,0.0,0.01845322735607624,0.14491021633148193,1.3530877828598022,4,0.75,
fixed,1,2373,0.7109272480010986,0.0,0.009321908466517925,0.0410463809967041,0.7279021143913269,4,0.5,
fixed,1,2374,1.469658374786377,0.012879902496933937,0.007823007181286812,0.04631686210632324,1.4939048290252686,4,0.5,
fixed,1,2375,0.6626059412956238,0.0,0.013074951246380806,0.032797813415527344,0.6789827346801758,4,0.5,7.078744888305664
fixed,1,2376,1.5280965566635132,0.0,0.0044686333276331425,0.04619622230529785,1.544189691543579,4,0.25,
fixed,1,2377,1.3728781938552856,0.022406883537769318,0.0016546695260331035,0.04638218879699707,1.398823618888855,4,0.25,
fixed,1,2378,0.8150615692138672,0.0,0.015946300700306892,0.05971646308898926,0.8409496545791626,4,0.5,
fixed,1,2379,0.9850124716758728,0.0,0.021504998207092285,0.1365044116973877,1.036716341972351,4,0.75,
fixed,1,2380,0.9191994071006775,0.0,0.0003125675721094012,0.3593156337738037,1.0271503925323486,4,0.0,1.1744680404663086
fixed,1,2381,1.4747978448867798,0.0,0.009194635786116123,0.1289660930633545,1.51808500289917,4,0.25,
fixed,1,2382,1.066759467124939,0.0,0.01318870298564434,0.15256595611572266,1.1191235780715942,4,0.25,
fixed,1,2383,2.120727062225342,0.0,0.008698219433426857,0.03576374053955078,2.135805368423462,4,0.25,
fixed,1,2384,0.8865697979927063,0.0,0.014120176434516907,0.08110523223876953,0.9179614782333374,4,0.5,
fixed,1,2385,1.207139492034912,0.0,0.013560095801949501,0.08177542686462402,1.2384521961212158,4,0.5,7.653853416442871
fixed,1,2386,1.56916344165802,0.0,0.007973235100507736,0.03411877155303955,1.583385705947876,4,0.25,
fixed,1,2387,1.128114938735962,0.0,0.025642937049269676,0.3988041877746582,1.26057767868042,4,1.0,
fixed,1,2388,1.594778060913086,0.025399180129170418,0.00976484827697277,0.16327261924743652,1.661341905593872,4,0.75,
fixed,1,2389,1.1370530128479004,0.03361405432224274,0.010762585327029228,0.07158935070037842,1.180718183517456,4,0.5,
fixed,1,2390,2.04715895652771,0.0,0.010797866620123386,0.06369733810424805,2.071667194366455,4,0.5,6.194749355316162
fixed,1,2391,1.0578315258026123,0.0,0.018696501851081848,0.1456012725830078,1.1108601093292236,4,0.75,
fixed,1,2392,1.0182299613952637,0.0,0.01948629319667816,0.05391252040863037,1.0441468954086304,4,0.5,
fixed,1,2393,0.8121675252914429,0.0,0.016953827813267708,0.049488067626953125,0.835490882396698,4,0.5,
fixed,1,2394,1.8804126977920532,0.020057840272784233,0.0032310797832906246,0.04150676727294922,1.90450918674469,4,0.25,
fixed,1,2395,0.8028223514556885,0.0,0.022609664127230644,0.17139124870300293,0.8655445575714111,4,0.25,8.569443702697754
fixed,1,2396,1.3138790130615234,0.0,0.01355748251080513,0.06704854965209961,1.340772271156311,4,0.5,
fixed,1,2397,0.9407297968864441,0.0,0.02466752752661705,0.2083522081375122,1.0155692100524902,4,0.75,
fixed,1,2398,0.5149404406547546,0.03044823929667473,0.011761285364627838,0.1745058298110962,0.5883969664573669,4,0.75,
fixed,1,2399,0.9659455418586731,0.0,0.00987625028938055,0.04548823833465576,0.9845301508903503,4,0.25,
fixed,1,2400,0.863793134689331,0.0,0.0027577870059758425,0.23750436305999756,0.9364233613014221,4,0.0,2.817356824874878
fixed,1,2401,0.9387966394424438,0.0,0.02547292225062847,0.08308911323547363,0.9764598608016968,4,0.5,
fixed,1,2402,1.1203341484069824,0.0,0.011761505156755447,0.14593446254730225,1.1699951887130737,4,0.25,
fixed,1,2403,1.5449496507644653,0.0,0.016304727643728256,0.1605229377746582,1.6012588739395142,4,0.25,
fixed,1,2404,1.143678069114685,0.020654916763305664,0.005024552810937166,0.05974781513214111,1.174442172050476,4,0.5,
fixed,1,2405,0.8986024856567383,0.0,0.012012910097837448,0.06780719757080078,0.9249510765075684,4,0.5,6.750077247619629
fixed,1,2406,1.0941647291183472,0.0,0.00022218502999749035,0.3005862236022949,1.184451699256897,4,0.0,
fixed,1,2407,1.0815107822418213,0.020933490246534348,0.005307136103510857,0.05498838424682617,1.1111276149749756,4,0.5,
fixed,1,2408,1.1728670597076416,0.0,0.012295606546103954,0.049777984619140625,1.1939482688903809,4,0.5,
fixed,1,2409,1.339019536972046,0.02259771339595318,0.0050858487375080585,0.04019975662231445,1.36492121219635,4,0.5,
fixed,1,2410,0.7412084341049194,0.0,0.013392824679613113,0.32428836822509766,0.8451913595199585,4,0.75,7.752625942230225
fixed,1,2411,1.213485598564148,0.0,0.01376689225435257,0.05430436134338379,1.236660361289978,4,0.5,
fixed,1,2412,1.4587613344192505,0.0,0.02318907342851162,0.056360483169555664,1.4872640371322632,4,0.25,
fixed,1,2413,0.9026293754577637,0.03171343728899956,0.009571444243192673,0.1743636131286621,0.9755809307098389,4,0.75,
fixed,1,2414,0.7579345703125,0.0,0.022469818592071533,0.14973163604736328,0.8140889406204224,4,0.75,
fixed,1,2415,1.0068223476409912,0.0,0.010886562056839466,0.07904684543609619,1.0359796285629272,4,0.5,6.147357940673828
fixed,1,2416,1.121152400970459,0.0,0.0095480065792799,0.06776869297027588,1.1462570428848267,4,0.5,
fixed,1,2417,1.4918655157089233,0.0,0.012074270285665989,0.06203460693359375,1.5165129899978638,4,0.5,
fixed,1,2418,1.5142842531204224,0.0,0.01837739162147045,0.14397621154785156,1.566665768623352,4,0.75,
fixed,1,2419,1.2464797496795654,0.0,0.03967120870947838,0.08650970458984375,1.2922682762145996,4,0.75,
fixed,1,2420,0.9758217334747314,0.0,0.01479203999042511,0.07335352897644043,1.0052238702774048,4,0.5,7.997921466827393
fixed,1,2421,0.8060051798820496,0.0,0.024404941126704216,0.08436918258666992,0.8435183763504028,4,0.5,
fixed,1,2422,0.4288896322250366,0.0,0.005501531530171633,0.14091336727142334,0.47391441464424133,4,0.25,
fixed,1,2423,1.0238375663757324,0.0,0.01608574017882347,0.060492634773254395,1.0500282049179077,4,0.25,
fixed,1,2424,1.6124464273452759,0.0,0.009593955241143703,0.0706324577331543,1.6384330987930298,4,0.5,
fixed,1,2425,1.3561854362487793,0.023158395662903786,0.020888283848762512,0.07474887371063232,1.400633454322815,4,0.5,2.0399067401885986
fixed,1,2426,1.3289622068405151,0.0,0.025112520903348923,0.38446366786956787,1.4568575620651245,4,1.0,
fixed,1,2427,0.8811799883842468,0.0,0.013058694079518318,0.18529927730560303,0.9432991147041321,4,0.75,
fixed,1,2428,1.0104701519012451,0.0,0.00034548278199508786,0.35829687118530273,1.1181319952011108,4,0.0,
fixed,1,2429,1.2196601629257202,0.0,0.016968466341495514,0.1728832721710205,1.280009388923645,4,0.75,
fixed,1,2430,1.1445033550262451,0.0,0.00021009791817050427,0.313122034072876,1.2385450601577759,4,0.0,1.0285203456878662
fixed,1,2431,1.209144949913025,0.020422127097845078,0.01228313148021698,0.10928618907928467,1.2582833766937256,4,0.75,
fixed,1,2432,0.8129793405532837,0.0,0.007349198218435049,0.07046759128570557,0.8377942442893982,4,0.25,
fixed,1,2433,2.482922077178955,0.0,0.01245435792952776,0.0236208438873291,2.4962356090545654,4,0.5,
fixed,1,2434,0.6466085910797119,0.0,0.03432435542345047,0.017220616340637207,0.6689369678497314,4,0.25,
fixed,1,2435,0.9391618967056274,0.0,0.033450037240982056,0.2767775058746338,1.0389201641082764,4,1.0,14.938385009765625
fixed,1,2436,0.8233819007873535,0.0,0.022725816816091537,0.11667811870574951,0.8697482347488403,4,0.75,
fixed,1,2437,1.0306460857391357,0.020037442445755005,0.021235903725028038,0.2793161869049072,1.1350775957107544,4,1.0,
fixed,1,2438,1.7547904253005981,0.0,0.0013050740817561746,0.21053659915924072,1.8186039924621582,4,0.0,
fixed,1,2439,1.1079509258270264,0.0,7.310936780413613e-05,0.2998969554901123,1.1979565620422363,4,0.0,
fixed,1,2440,1.425578236579895,0.0,0.006534248124808073,0.08765363693237305,1.4551414251327515,4,0.25,3.3658032417297363
fixed,1,2441,1.2828121185302734,0.0,0.014418642967939377,0.041506052017211914,1.3024733066558838,4,0.5,
fixed,1,2442,1.2136750221252441,0.015374613925814629,0.014904255047440529,0.09479069709777832,1.2572516202926636,4,0.75,
fixed,1,2443,1.0087440013885498,0.0,0.017050065100193024,0.057732343673706055,1.0345886945724487,4,0.5,
fixed,1,2444,1.4165115356445312,0.0,0.003578247968107462,0.21680891513824463,1.4833433628082275,4,0.0,
fixed,1,2445,1.739375114440918,0.0,0.008896508254110813,0.1289910078048706,1.7825206518173218,4,0.25,4.4033522605896
fixed,1,2446,1.2931832075119019,0.0,0.029735205695033073,0.334325909614563,1.408348560333252,4,1.0,
fixed,1,2447,1.0487821102142334,0.0,0.017742672935128212,0.17931842803955078,1.1114490032196045,4,0.25,
fixed,1,2448,1.152053952217102,0.0,0.0019347453489899635,0.17827069759368896,1.2065025568008423,4,0.0,
fixed,1,2449,1.2281708717346191,0.09732295572757721,0.00012085429625585675,0.1276259422302246,1.3151805400848389,4,0.25,
fixed,1,2450,1.2915621995925903,0.0,0.006744141224771738,0.11709761619567871,1.3300635814666748,4,0.25,3.924603223800659
fixed,1,2451,0.6416885852813721,0.0,0.016979694366455078,0.06554698944091797,0.669842541217804,4,0.5,
fixed,1,2452,1.859816551208496,0.015968378633260727,0.008174526505172253,0.07146811485290527,1.8933284282684326,4,0.5,
fixed,1,2453,1.064790964126587,0.02768757753074169,0.014188654720783234,0.15958881378173828,1.133605718612671,4,0.75,
fixed,1,2454,1.2733535766601562,0.0,0.00026352869463153183,0.2608494758605957,1.3517402410507202,4,0.0,
fixed,1,2455,2.072611093521118,0.0,0.02159118466079235,0.05596292018890381,2.1001956462860107,4,0.5,10.554034233093262
fixed,1,2456,1.167820692062378,0.0,0.015557076781988144,0.045842766761779785,1.189352035522461,4,0.5,
fixed,1,2457,1.3717820644378662,0.00048260053154081106,0.019908780232071877,0.037622928619384766,1.393264651298523,4,0.5,
fixed,1,2458,1.0929102897644043,0.0,0.02241283468902111,0.13808774948120117,1.1455429792404175,4,0.75,
fixed,1,2459,1.5824089050292969,0.02899002470076084,0.014020535163581371,0.15024566650390625,1.648987889289856,4,0.75,
fixed,1,2460,1.0542747974395752,0.019871599972248077,0.00832812674343586,0.03285396099090576,1.078230857849121,4,0.5,2.490084409713745
fixed,1,2461,0.6180495619773865,9.863123295872356e-07,0.025954676792025566,0.11311864852905273,0.6649630069732666,4,0.75,
fixed,1,2462,0.9405940771102905,5.0330891099292785e-06,0.015544090420007706,0.043247222900390625,0.9613428115844727,4,0.5,
fixed,1,2463,1.4316190481185913,0.0,0.035893116146326065,0.27264320850372314,1.5313585996627808,4,1.0,
fixed,1,2464,1.358237385749817,0.044660307466983795,0.010854567401111126,0.08423638343811035,1.4112657308578491,4,0.75,
fixed,1,2465,1.1790845394134521,5.340818631793809e-08,0.02632836066186428,0.18648982048034668,1.2481956481933594,4,0.25,7.969043731689453
fixed,1,2466,1.3292990922927856,1.0788055533339502e-06,0.027114609256386757,0.04022550582885742,1.3549245595932007,4,0.5,
fixed,1,2467,1.1695762872695923,1.229361146215524e-06,0.017942845821380615,0.04700970649719238,1.1926512718200684,4,0.5,
fixed,1,2468,0.49561741948127747,3.1009790291136596e-06,0.02927584759891033,0.03836023807525635,0.5217649936676025,4,0.5,
fixed,1,2469,1.413631558418274,3.2180992093344685e-06,0.02833399549126625,0.1939326524734497,1.4859799146652222,4,0.25,
fixed,1,2470,1.2258203029632568,0.007723481394350529,0.01267212349921465,0.05946493148803711,1.2538576126098633,4,0.5,1.8802335262298584
fixed,1,2471,1.2027816772460938,2.9520015232264996e-07,4.576095307129435e-06,0.33775854110717773,1.3041117191314697,4,0.0,
fixed,1,2472,0.9858640432357788,0.008179989643394947,0.014023078605532646,0.05033552646636963,1.0120662450790405,4,0.5,
fixed,1,2473,0.6293911337852478,5.2273251640144736e-05,0.03649170696735382,0.0430600643157959,0.6605811715126038,4,0.5,
fixed,1,2474,0.983004093170166,0.01735413819551468,0.011031133122742176,0.04839682579040527,1.0117157697677612,4,0.5,
fixed,1,2475,1.527872920036316,2.9186052415752783e-05,0.029216013848781586,0.03378760814666748,1.5526318550109863,4,0.5,11.31721019744873
fixed,1,2476,0.6304016709327698,8.733203139854595e-05,0.019198395311832428,0.03429758548736572,0.650333821773529,4,0.5,
fixed,1,2477,0.8152861595153809,0.025607280433177948,0.014512165449559689,0.11246907711029053,0.8690866231918335,4,0.75,
fixed,1,2478,2.1503405570983887,0.01580905169248581,0.0012145600048825145,0.03705894947052002,2.1699700355529785,4,0.25,
fixed,1,2479,1.2984970808029175,1.7998636394622736e-05,0.02415565773844719,0.052873849868774414,1.3264460563659668,4,0.5,
fixed,1,2480,1.2313220500946045,0.00014034552441444248,0.01738915406167507,0.04846978187561035,1.2546277046203613,4,0.5,8.008295059204102
fixed,1,2481,1.9458937644958496,0.0,0.016512470319867134,0.17290246486663818,2.0060207843780518,4,0.75,
fixed,1,2482,1.0250056982040405,0.0,0.011462049558758736,0.0785379409790039,1.0542981624603271,4,0.5,
fixed,1,2483,0.867008626461029,0.031092006713151932,0.007953321561217308,0.06960570812225342,0.9074130058288574,4,0.5,
fixed,1,2484,1.1765376329421997,0.0,0.028123119845986366,0.351581335067749,1.29607355594635,4,1.0,
fixed,1,2485,2.0488967895507812,0.0,0.007805037312209606,0.12818920612335205,2.0912561416625977,4,0.25,4.307802200317383
fixed,1,2486,1.1632541418075562,0.0,0.0016995134064927697,0.15717768669128418,1.2112572193145752,4,0.0,
fixed,1,2487,0.9548143744468689,0.0,0.02182970941066742,0.07096147537231445,0.9870176911354065,4,0.5,
fixed,1,2488,1.2124783992767334,0.0,0.015224553644657135,0.058532118797302246,1.2376502752304077,4,0.5,
fixed,1,2489,1.0286824703216553,0.0,0.009621476754546165,0.02949976921081543,1.0423431396484375,4,0.25,
fixed,1,2490,0.5660256147384644,0.0,0.022848933935165405,0.08282697200775146,0.6022982001304626,4,0.5,10.287274360656738
fixed,1,2491,1.726849913597107,0.016967976465821266,0.007624727673828602,0.0794682502746582,1.7629867792129517,4,0.5,
fixed,1,2492,0.646030843257904,0.0,0.006985297426581383,0.0240175724029541,0.6567287445068359,4,0.25,
fixed,1,2493,1.1964367628097534,0.0,0.019352274015545845,0.15588879585266113,1.2528795003890991,4,0.75,
fixed,1,2494,1.158945918083191,0.0,0.009263256564736366,0.07067656517028809,1.184780478477478,4,0.5,
fixed,1,2495,1.0072919130325317,0.0,0.019029099494218826,0.2657749652862549,1.0965389013290405,4,0.75,10.438538551330566
fixed,1,2496,0.843834400177002,0.0,0.025211788713932037,0.06882989406585693,0.877089262008667,4,0.5,
fixed,1,2497,0.8251259922981262,0.0,0.02380266971886158,0.14647221565246582,0.8809689879417419,4,0.75,
fixed,1,2498,1.6212570667266846,0.0,0.006113002542406321,0.09320735931396484,1.652275800704956,4,0.25,
fixed,1,2499,1.3818960189819336,0.0,0.011563741602003574,0.19212770462036133,1.445316195487976,4,0.75,
fixed,1,2500,1.2831001281738281,0.0,0.014811684377491474,0.05881500244140625,1.3081505298614502,4,0.5,8.01125431060791
fixed,1,2501,0.8411530256271362,0.027159085497260094,0.012864806689321995,0.4213888645172119,0.9875816106796265,4,1.0,
fixed,1,2502,1.2523845434188843,0.0,0.026861567050218582,0.3493565320968628,1.3706222772598267,4,1.0,
fixed,1,2503,1.2951000928878784,0.030790388584136963,0.009017344564199448,0.1595984697341919,1.362883448600769,4,0.75,
fixed,1,2504,0.5988932251930237,0.0298322606831789,0.026309506967663765,0.2274470329284668,0.6951982378959656,3,1.0,
fixed,1,2505,1.6975200176239014,0.0,0.021118521690368652,0.04105353355407715,1.7203953266143799,4,0.5,9.294097900390625
fixed,1,2506,0.7324344515800476,0.0,0.019242513924837112,0.14935767650604248,0.7868630290031433,4,0.25,
fixed,1,2507,0.6743191480636597,0.0,0.05316237360239029,0.03990733623504639,0.7128725051879883,4,0.75,
fixed,1,2508,0.986290693283081,0.014194076880812645,0.047282543033361435,0.039490461349487305,1.0288761854171753,4,0.75,
fixed,1,2509,1.5738000869750977,0.0,0.013485965318977833,0.1810213327407837,1.6348494291305542,4,0.25,
fixed,1,2510,0.8237156271934509,0.007632497698068619,0.03797166422009468,0.051911115646362305,0.862091064453125,4,0.75,8.545981407165527
fixed,1,2511,1.1312962770462036,0.017249127849936485,0.0142124118283391,0.03162658214569092,1.1565150022506714,4,0.75,
fixed,1,2512,1.3436625003814697,0.0,0.001015760819427669,0.47394388914108276,1.4863535165786743,4,0.0,
fixed,1,2513,1.3810372352600098,0.0,0.04052100330591202,0.09085297584533691,1.428553581237793,4,0.5,
fixed,1,2514,1.0810664892196655,0.0,0.02914416790008545,0.028757572174072266,1.104265809059143,4,0.5,
fixed,1,2515,1.511222004890442,0.0,0.012149589136242867,0.15468525886535645,1.5637023448944092,4,0.25,5.7990217208862305
fixed,1,2516,0.573420524597168,0.0,0.0497673898935318,0.04665982723236084,0.6123021841049194,4,0.75,
fixed,1,2517,1.2110499143600464,0.0,0.017845962196588516,0.0412747859954834,1.2323553562164307,4,0.5,
fixed,1,2518,0.8686983585357666,0.0,0.02848927676677704,0.08028280735015869,0.9070278406143188,4,0.75,
fixed,1,2519,1.4707657098770142,0.0,0.012044481933116913,0.025497913360595703,1.484437346458435,4,0.25,
fixed,1,2520,1.7189007997512817,0.0,0.021726012229919434,0.05692720413208008,1.7468419075012207,4,0.5,10.096336364746094
fixed,1,2521,0.78782057762146,0.0,0.008589521050453186,0.10481011867523193,0.8235583901405334,4,0.25,
fixed,1,2522,0.8062851428985596,0.0,0.01985800638794899,0.4260610342025757,0.9440324306488037,4,1.0,
fixed,1,2523,1.0343728065490723,0.0,0.013262373395264149,0.20737123489379883,1.1032153367996216,4,0.75,
fixed,1,2524,0.8470398783683777,0.0,0.006500423885881901,0.09153974056243896,0.8777520060539246,4,0.5,
fixed,1,2525,1.2078845500946045,0.0,0.013910125941038132,0.21448636054992676,1.2791855335235596,4,0.75,7.832822799682617
fixed,1,2526,1.4068440198898315,0.0,0.00806946586817503,0.10491001605987549,1.4423518180847168,4,0.5,
fixed,1,2527,1.739544153213501,0.0,0.005364485550671816,0.11658453941345215,1.777201771736145,4,0.5,
fixed,1,2528,0.6263606548309326,0.0,0.009871131740510464,0.030162811279296875,0.64034503698349,4,0.25,
fixed,1,2529,1.360268473625183,0.0,0.006889417767524719,0.09398341178894043,1.3919081687927246,4,0.5,
fixed,1,2530,1.0544970035552979,0.0,0.017829611897468567,0.4488968849182129,1.1980808973312378,4,1.0,10.225093841552734
fixed,1,2531,1.6577379703521729,0.0,0.008309278637170792,0.08421361446380615,1.6871566772460938,4,0.5,
fixed,1,2532,1.0799628496170044,0.0,0.0038443568628281355,0.10095071792602539,1.1121702194213867,4,0.25,
fixed,1,2533,0.659034788608551,0.025686703622341156,0.004744995851069689,0.06962859630584717,0.6951392292976379,4,0.5,
fixed,1,2534,1.1354858875274658,0.0,0.009350478649139404,0.08327460289001465,1.1651434898376465,4,0.5,
fixed,1,2535,1.2825582027435303,0.0,0.001881839009001851,0.19193792343139648,1.3410805463790894,4,0.0,2.358802556991577
fixed,1,2536,0.869658887386322,0.0,0.0024351419415324926,0.20913219451904297,0.9336161017417908,4,0.0,
fixed,1,2537,1.2635072469711304,0.0,0.0098339868709445,0.09810137748718262,1.2978546619415283,4,0.25,
fixed,1,2538,1.565107822418213,0.02658764459192753,0.0003789331822190434,0.04345369338989258,1.5916272401809692,4,0.25,
fixed,1,2539,2.0825986862182617,0.0,0.005507964640855789,0.13521802425384521,2.12591814994812,4,0.25,
fixed,1,2540,1.6216719150543213,0.027240706607699394,0.0058727324940264225,0.07956016063690186,1.6620967388153076,4,0.5,4.743829727172852
fixed,1,2541,1.1372333765029907,0.02144426479935646,0.00080805120524019,0.1780846118927002,1.2017849683761597,4,0.25,
fixed,1,2542,2.090998649597168,0.021430257707834244,0.013018340803682804,0.1351172924041748,2.1487581729888916,4,0.75,
fixed,1,2543,0.9910791516304016,0.0,0.008984077721834183,0.044251441955566406,1.008846640586853,4,0.25,
fixed,1,2544,0.7507972121238708,0.028503380715847015,0.008208685554564,0.05884838104248047,0.7868077754974365,4,0.5,
fixed,1,2545,1.426161766052246,0.0,0.016428139060735703,0.08940112590789795,1.4611961841583252,4,0.5,8.120891571044922
fixed,1,2546,2.0682971477508545,0.0,0.017831584438681602,0.06415688991546631,2.0964601039886475,4,0.25,
fixed,1,2547,1.4431387186050415,0.011445682495832443,0.016057634726166725,0.09360098838806152,1.4849706888198853,4,0.75,
fixed,1,2548,1.0446414947509766,0.015707267448306084,0.023232577368617058,0.24559831619262695,1.1377909183502197,4,1.0,
fixed,1,2549,1.0668437480926514,0.0,0.01947024092078209,0.2178022861480713,1.1419196128845215,4,0.25,
fixed,1,2550,0.8076567649841309,0.0,0.03868431597948074,0.017373323440551758,0.832210898399353,4,0.5,14.401301383972168
fixed,1,2551,0.9983309507369995,0.008831806480884552,0.010912187397480011,0.08679652214050293,1.0342419147491455,4,0.5,
fixed,1,2552,1.7690253257751465,0.00698537053540349,0.023269345983862877,0.12408328056335449,1.8213776350021362,4,0.5,
fixed,1,2553,1.0667016506195068,0.0,0.04326210916042328,0.0558856725692749,1.1050983667373657,4,0.75,
fixed,1,2554,0.7580705881118774,0.009242710657417774,0.009300381876528263,0.05518817901611328,0.7838985919952393,4,0.5,
fixed,1,2555,1.182680368423462,0.0,0.02983110398054123,0.29815196990966797,1.2870415449142456,4,1.0,13.686373710632324
fixed,1,2556,1.0472686290740967,0.0,0.0042505040764808655,0.19354355335235596,1.107456922531128,4,0.0,
fixed,1,2557,1.1032642126083374,0.0,0.02773645892739296,0.03561663627624512,1.1278173923492432,4,0.5,
fixed,1,2558,1.5510964393615723,0.0,0.011866445653140545,0.11387217044830322,1.591191291809082,4,0.25,
fixed,1,2559,0.651564359664917,0.0,0.016303064301609993,0.044249534606933594,0.6729907393455505,4,0.5,
fixed,1,2560,0.6301068067550659,0.0,0.015306707471609116,0.06411206722259521,0.6569938063621521,4,0.5,7.3280415534973145
fixed,1,2561,2.055938720703125,0.012615121901035309,0.01735357940196991,0.06653106212615967,2.0908823013305664,4,0.75,
fixed,1,2562,1.361019253730774,0.0,0.0005966360913589597,0.3338538408279419,1.4614737033843994,4,0.0,
fixed,1,2563,2.197089910507202,0.0,0.013311594724655151,0.03988027572631836,2.215709686279297,4,0.5,
fixed,1,2564,0.5600374341011047,0.0,0.02812654711306095,0.09554219245910645,0.6027633547782898,4,0.75,
fixed,1,2565,1.393225908279419,5.500118277268484e-05,0.011652538552880287,0.027568340301513672,1.4073501825332642,4,0.5,5.470250606536865
fixed,1,2566,2.0702877044677734,0.04877553507685661,0.004859971348196268,0.12082946300506592,2.1333541870117188,4,0.75,
fixed,1,2567,0.44500237703323364,0.0,0.021639138460159302,0.052680253982543945,0.47162601351737976,4,0.5,
fixed,1,2568,1.014904260635376,0.0,0.010617339052259922,0.06387901306152344,1.0393766164779663,4,0.5,
fixed,1,2569,1.5719527006149292,0.0,0.006389939691871405,0.11319136619567871,1.609105110168457,4,0.25,
fixed,1,2570,1.1919375658035278,0.0,0.01161474920809269,0.08115267753601074,1.222090721130371,4,0.5,5.979759693145752
fixed,1,2571,0.7229929566383362,0.020051181316375732,0.032242875546216965,0.24825060367584229,0.8236151933670044,4,1.0,
fixed,1,2572,1.107475996017456,0.0,0.022703971713781357,0.15147888660430908,1.164271593093872,4,0.75,
fixed,1,2573,1.0615978240966797,0.01668500527739525,0.008146096020936966,0.15541648864746094,1.120638370513916,4,0.75,
fixed,1,2574,1.455877661705017,0.015205679461359978,0.008347748778760433,0.09433126449584961,1.4959537982940674,4,0.5,
fixed,1,2575,1.559312343597412,0.01129530556499958,0.016780246049165726,0.03796672821044922,1.584740161895752,4,0.5,1.6171780824661255
fixed,1,2576,1.671427845954895,0.023264069110155106,0.0004935094621032476,0.15755748748779297,1.7305738925933838,4,0.25,
fixed,1,2577,1.5152771472930908,0.027013519778847694,0.00941408146172762,0.05302309989929199,1.5493978261947632,4,0.5,
fixed,1,2578,1.1276295185089111,0.0,0.04079494997859001,0.09559178352355957,1.1767045259475708,4,0.75,
fixed,1,2579,0.7133390307426453,0.0,0.04336904361844063,0.07621455192565918,0.7578878998756409,4,0.5,
fixed,1,2580,0.3810843825340271,0.0,0.009814570657908916,0.049552202224731445,0.4008573293685913,3,0.5,4.8413920402526855
fixed,1,2581,0.5699248313903809,0.0,0.023936498910188675,0.10803341865539551,0.6143031120300293,4,0.75,
fixed,1,2582,1.1276922225952148,0.0,0.027364976704120636,0.10411536693572998,1.1726093292236328,4,0.75,
fixed,1,2583,0.7931790351867676,0.0,0.019841957837343216,0.03884005546569824,0.8147520422935486,4,0.5,
fixed,1,2584,1.6566072702407837,0.010148887522518635,0.0016515806782990694,0.20816683769226074,1.7249575853347778,4,0.25,
fixed,1,2585,1.667542576789856,0.0,0.011547681875526905,0.15830469131469727,1.7208077907562256,4,0.25,5.605203151702881
fixed,1,2586,1.141566514968872,0.022818462923169136,0.001549476059153676,0.13933444023132324,1.195550799369812,4,0.25,
fixed,1,2587,1.2443461418151855,0.0,0.015924999490380287,0.052721261978149414,1.268125057220459,4,0.5,
fixed,1,2588,1.2867590188980103,0.021124623715877533,0.0014747785171493888,0.14032971858978271,1.3401576280593872,4,0.25,
fixed,1,2589,1.3266364336013794,0.0,0.01615423895418644,0.0498204231262207,1.3496596813201904,4,0.5,
fixed,1,2590,1.042726993560791,0.01232094131410122,0.030231429263949394,0.09502589702606201,1.0925109386444092,4,0.25,3.4812164306640625
fixed,1,2591,1.8143270015716553,0.0249948687851429,0.026629265397787094,0.05641293525695801,1.8570629358291626,4,0.5,
fixed,1,2592,1.330137848854065,0.0,0.013347599655389786,0.0430757999420166,1.3497344255447388,4,0.5,
fixed,1,2593,1.4534112215042114,0.025655992329120636,0.013636494986712933,0.11881065368652344,1.5087006092071533,4,0.75,
fixed,1,2594,1.1863380670547485,0.0,0.0061531756073236465,0.08277475833892822,1.2142471075057983,4,0.25,
fixed,1,2595,0.9853969216346741,0.0,0.017116209492087364,0.07153069972991943,1.0154142379760742,4,0.5,7.9844889640808105
fixed,1,2596,0.8342992067337036,0.0,0.020271209999918938,0.05279731750488281,0.8602740168571472,4,0.5,
fixed,1,2597,0.934776246547699,0.0,0.003947204444557428,0.05299019813537598,0.9526469111442566,4,0.25,
fixed,1,2598,1.3946157693862915,0.05797958001494408,0.003859263611957431,0.2539101839065552,1.5017082691192627,4,1.0,
fixed,1,2599,1.5627297163009644,0.0,0.004468475468456745,0.0936046838760376,1.5930453538894653,4,0.25,
fixed,1,2600,1.2498104572296143,0.04224863648414612,0.01042396854609251,0.08995962142944336,1.3031346797943115,4,0.75,6.594590663909912
fixed,1,2601,1.0721657276153564,0.0,0.00797854084521532,0.057897210121154785,1.0935242176055908,4,0.25,
fixed,1,2602,0.952261745929718,0.0,0.013403065502643585,0.06972241401672363,0.9798799753189087,4,0.5,
fixed,1,2603,1.0929027795791626,0.0,0.006454390939325094,0.17558538913726807,1.1488056182861328,4,0.25,
fixed,1,2604,0.7297630310058594,0.0,0.0012486760970205069,0.47062093019485474,0.8715736865997314,4,0.0,
fixed,1,2605,0.6762438416481018,0.0,0.03226044774055481,0.09900355339050293,0.7220751047134399,4,0.75,13.936504364013672
fixed,1,2606,1.1148334741592407,0.0,0.0414988175034523,0.08245933055877686,1.1603206396102905,4,0.75,
fixed,1,2607,1.2414509057998657,0.0,0.05132806673645973,0.05199873447418213,1.282714605331421,4,0.5,
fixed,1,2608,0.5922840237617493,0.0,0.04294298216700554,0.2266772985458374,0.6817587018013,4,1.0,
fixed,1,2609,1.4643510580062866,0.0,0.007712339982390404,0.09758806228637695,1.4974836111068726,4,0.25,
fixed,1,2610,1.516412377357483,0.0,0.019788973033428192,0.05648446083068848,1.5432522296905518,4,0.5,9.527390480041504
fixed,1,2611,0.9346684217453003,0.0,0.019105348736047745,0.1462005376815796,0.9880812764167786,4,0.75,
fixed,1,2612,1.4007166624069214,0.004370593465864658,0.0011383311357349157,0.1878039836883545,1.4598122835159302,4,0.0,
fixed,1,2613,0.9096506834030151,0.0,0.0264759361743927,0.09652256965637207,0.9518454074859619,4,0.75,
fixed,1,2614,1.1298643350601196,0.0,0.009427101351320744,0.07680308818817139,1.157618761062622,4,0.25,
fixed,1,2615,1.4726511240005493,0.009066269733011723,0.010641959495842457,0.08476912975311279,1.5079360008239746,4,0.75,2.316382884979248
fixed,1,2616,1.050018072128296,0.0,0.02607756294310093,0.039444565773010254,1.0748902559280396,4,0.5,
fixed,1,2617,1.2857916355133057,0.0,0.018564941361546516,0.25940704345703125,1.3728961944580078,4,0.75,
fixed,1,2618,0.8258861899375916,0.0,0.012405323795974255,0.04381382465362549,0.8452330231666565,4,0.5,
fixed,1,2619,0.7896256446838379,0.0,0.015137570910155773,0.06858158111572266,0.817768931388855,4,0.25,
fixed,1,2620,1.6057966947555542,0.0,0.028361665084958076,0.1962261199951172,1.6788454055786133,4,0.75,11.531885147094727
fixed,1,2621,1.063895344734192,0.0,0.01824817806482315,0.18356406688690186,1.1280887126922607,4,0.75,
fixed,1,2622,1.5941897630691528,0.0,0.0019005901413038373,0.2277451753616333,1.6634635925292969,4,0.0,
fixed,1,2623,1.2010515928268433,0.0,0.006695874966681004,0.1019599437713623,1.234987497329712,4,0.5,
fixed,1,2624,0.8093452453613281,0.0,0.015167923644185066,0.5015974640846252,0.9674084186553955,4,1.0,
fixed,1,2625,1.654205560684204,0.032969340682029724,0.005278392694890499,0.2467261552810669,1.7473472356796265,4,0.75,3.5088155269622803
fixed,1,2626,1.9760316610336304,0.008788688108325005,0.005694739054888487,0.12463521957397461,2.0206639766693115,4,0.5,
fixed,1,2627,1.9153156280517578,0.0,0.004497290123254061,0.16315436363220215,1.966510534286499,4,0.25,
fixed,1,2628,1.815267562866211,0.0,0.0136424470692873,0.10320496559143066,1.8530502319335938,4,0.5,
fixed,1,2629,1.0001001358032227,0.0,0.008997884579002857,0.17851567268371582,1.058153748512268,4,0.25,
fixed,1,2630,0.8536795377731323,0.008808385580778122,0.001922430470585823,0.07890641689300537,0.8827168941497803,4,0.25,4.080624103546143
fixed,1,2631,0.526363730430603,0.0,0.02142081782221794,0.12795162200927734,0.5754595994949341,4,0.75,
fixed,1,2632,1.1732475757598877,0.0,0.008550154976546764,0.12860095500946045,1.216102957725525,4,0.25,
fixed,1,2633,0.5929725170135498,0.0,0.03831782937049866,0.06989860534667969,0.6331009864807129,4,0.75,
fixed,1,2634,1.5024586915969849,0.0,0.001316644949838519,0.3533923625946045,1.6091346740722656,4,0.0,
fixed,1,2635,1.0308235883712769,0.0,0.012361055240035057,0.029230594635009766,1.0457732677459717,4,0.25,6.441946029663086
fixed,1,2636,1.3667268753051758,0.008032037876546383,0.023442858830094337,0.06061983108520508,1.4006502628326416,4,0.75,
fixed,1,2637,1.308138132095337,0.0,0.02252928353846073,0.05067753791809082,1.3346060514450073,4,0.25,
fixed,1,2638,1.6710498332977295,0.0,0.04358229041099548,0.25272202491760254,1.7686575651168823,4,1.0,
fixed,1,2639,1.5070747137069702,0.0,0.0005601743469014764,0.2972853183746338,1.5965404510498047,4,0.0,
fixed,1,2640,1.0206845998764038,0.0,0.010986313223838806,0.20532000064849854,1.0877737998962402,4,0.75,6.340346336364746
fixed,1,2641,0.2822425663471222,0.0,0.017451902851462364,0.11412620544433594,0.32520636916160583,4,0.25,
fixed,1,2642,1.2122254371643066,0.030471093952655792,0.006379918660968542,0.17653906345367432,1.2836127281188965,4,0.75,
fixed,1,2643,1.029964566230774,0.0,0.010291487909853458,0.05346560478210449,1.0511499643325806,4,0.5,
fixed,1,2644,1.4905115365982056,0.026853008195757866,1.8514474504627287e-05,0.08686196804046631,1.530005931854248,4,0.25,
fixed,1,2645,0.9698914885520935,0.0,0.0204775333404541,0.05599868297576904,0.9969298839569092,4,0.5,8.359495162963867
fixed,1,2646,1.245545506477356,0.017076514661312103,0.009077662602066994,0.14372575283050537,1.301740288734436,4,0.75,
fixed,1,2647,1.377240777015686,0.0,0.010523593984544277,0.07387769222259521,1.4046658277511597,4,0.5,
fixed,1,2648,1.030565857887268,0.029548555612564087,0.005130100063979626,0.07352340221405029,1.0699622631072998,4,0.5,
fixed,1,2649,0.757191002368927,0.0,0.005059924907982349,0.11412811279296875,0.793959379196167,4,0.25,
fixed,1,2650,1.4342591762542725,0.012363201938569546,9.865363244898617e-05,0.173376202583313,1.4925029277801514,4,0.25,5.057778358459473
fixed,1,2651,1.2741955518722534,0.005668386351317167,0.0002042907872237265,0.22968196868896484,1.346036434173584,4,0.0,
fixed,1,2652,1.078547716140747,0.0,0.030298881232738495,0.10492682456970215,1.1251752376556396,4,0.75,
fixed,1,2653,1.286402940750122,0.01384587213397026,0.0017641441663727164,0.04932403564453125,1.3090051412582397,4,0.25,
fixed,1,2654,0.6194229125976562,0.0,0.025858145207166672,0.04310023784637451,0.6452820301055908,4,0.5,
fixed,1,2655,1.088282823562622,0.0,0.015935856848955154,0.04948854446411133,1.1110973358154297,4,0.5,7.92815637588501
fixed,1,2656,1.038798451423645,0.0,0.008837264031171799,0.09763097763061523,1.0725064277648926,4,0.25,
fixed,1,2657,0.5796157121658325,0.0,0.01381254568696022,0.04745769500732422,0.6007592678070068,4,0.5,
fixed,1,2658,0.7742917537689209,0.0,0.01924999989569187,0.26913607120513916,0.8646575808525085,4,0.75,
fixed,1,2659,1.6686633825302124,0.0,0.03379235789179802,0.09641063213348389,1.7144827842712402,4,0.75,
fixed,1,2660,0.6376705765724182,0.0,0.018980229273438454,0.23769259452819824,0.7184684872627258,4,0.5,9.801002502441406
fixed,1,2661,1.9006675481796265,0.0,0.01976531371474266,0.10266482830047607,1.9413496255874634,4,0.25,
fixed,1,2662,0.8104151487350464,0.0,0.007851303555071354,0.06331968307495117,0.8333367109298706,4,0.25,
fixed,1,2663,1.1015126705169678,0.0,0.02881663106381893,0.11828553676605225,1.1514066457748413,4,0.75,
fixed,1,2664,1.068609356880188,0.0,0.004950866103172302,0.15110540390014648,1.1164164543151855,4,0.0,
fixed,1,2665,0.8092365264892578,0.02153848670423031,0.014341496862471104,0.10773420333862305,0.8594967722892761,4,0.75,1.8328207731246948
fixed,1,2666,1.8011542558670044,0.027544645592570305,0.004900445695966482,0.07014799118041992,1.8384212255477905,4,0.5,
fixed,1,2667,1.4279859066009521,0.0,0.023407557979226112,0.08434641361236572,1.4649935960769653,4,0.5,
fixed,1,2668,1.8778197765350342,0.029858512803912163,8.01443457021378e-05,0.14778196811676025,1.9371236562728882,4,0.25,
fixed,1,2669,1.5623477697372437,0.03530770167708397,6.085834320401773e-05,0.16039681434631348,1.6281510591506958,4,0.25,
fixed,1,2670,1.293524146080017,0.0,0.00618175882846117,0.14381933212280273,1.3397607803344727,4,0.25,3.1795191764831543
fixed,1,2671,0.457168847322464,0.0,0.02917291596531868,0.3450126647949219,0.5752590894699097,4,1.0,
fixed,1,2672,0.47582849860191345,0.0,0.020957082509994507,0.1631852388381958,0.5352625846862793,4,0.5,
fixed,1,2673,1.0765092372894287,0.0,0.005571258720010519,0.1366264820098877,1.120282769203186,4,0.25,
fixed,1,2674,1.7048532962799072,0.030874861404299736,0.009207244962453842,0.07468056678771973,1.7472984790802002,4,0.5,
fixed,1,2675,1.7283215522766113,0.0,0.02404387854039669,0.21407592296600342,1.8045662641525269,4,0.75,12.05728816986084
fixed,1,2676,0.39878496527671814,0.0,0.009711351245641708,0.12683093547821045,0.4416899085044861,4,0.25,
fixed,1,2677,1.208333969116211,0.0,0.03406777232885361,0.07748055458068848,1.2486120462417603,4,0.5,
fixed,1,2678,1.4234769344329834,0.02148486115038395,0.006983417551964521,0.05115842819213867,1.4530586004257202,4,0.5,
fixed,1,2679,1.3952478170394897,0.0,0.021418096497654915,0.05094408988952637,1.4212400913238525,4,0.5,
fixed,1,2680,1.1259183883666992,0.0,0.026630768552422523,0.04997372627258301,1.1542259454727173,4,0.5,11.24630069732666
fixed,1,2681,1.4333089590072632,0.024515552446246147,0.04818834736943245,0.17195534706115723,1.5212475061416626,4,1.0,
fixed,1,2682,1.8203710317611694,0.0,0.015276268124580383,0.040964603424072266,1.8402985334396362,4,0.5,
fixed,1,2683,0.7633989453315735,0.0,0.007437772583216429,0.06402349472045898,0.7863248586654663,4,0.25,
fixed,1,2684,1.5401010513305664,0.027118492871522903,4.2811574530787766e-05,0.05822169780731201,1.571148157119751,4,0.25,
fixed,1,2685,0.3559566140174866,3.246782966925821e-07,0.015814125537872314,0.03625905513763428,0.3747415542602539,4,0.5,7.817452907562256
fixed,1,2686,1.4071077108383179,0.0,0.014242470264434814,0.0455777645111084,1.4279022216796875,4,0.5,
fixed,1,2687,0.9646458029747009,0.0,0.017890730872750282,0.05271613597869873,0.9894059896469116,4,0.5,
fixed,1,2688,1.2320384979248047,2.9592588361992966e-06,0.017040861770510674,0.11488425731658936,1.275025725364685,4,0.25,
fixed,1,2689,0.6314908266067505,4.529838406597264e-07,0.013236292637884617,0.055988430976867676,0.6549057364463806,4,0.5,
fixed,1,2690,0.9972320199012756,0.03648935630917549,0.0031362331937998533,0.04381728172302246,1.0301899909973145,3,0.5,8.909880638122559
fixed,1,2691,0.6772314310073853,0.0,0.013543915934860706,0.06639397144317627,0.7039215564727783,4,0.5,
fixed,1,2692,0.7500778436660767,0.0,0.0083992974832654,0.0944375991821289,0.7826087474822998,4,0.5,
fixed,1,2693,1.6151325702667236,0.0,0.02190365642309189,0.1592261791229248,1.6738522052764893,4,0.75,
fixed,1,2694,1.1569433212280273,0.0,0.004461540840566158,0.12783992290496826,1.1975260972976685,4,0.25,
fixed,1,2695,1.6536895036697388,0.0,0.0068274447694420815,0.0285491943359375,1.66566801071167,4,0.25,4.071810245513916
fixed,1,2696,1.3914426565170288,0.0,0.010601650923490524,0.07960522174835205,1.42062509059906,4,0.5,
fixed,1,2697,1.004382610321045,0.0,0.02721802331507206,0.1864604949951172,1.073929786682129,4,0.75,
fixed,1,2698,1.16022789478302,0.0,0.004045863635838032,0.1289738416671753,1.2009429931640625,4,0.25,
fixed,1,2699,1.3820059299468994,0.0,0.020532112568616867,0.20327472686767578,1.4532544612884521,4,0.75,
fixed,1,2700,0.93327796459198,0.03270794078707695,0.0034474320709705353,0.032172560691833496,0.9610074162483215,4,0.25,6.798576354980469
fixed,1,2701,1.0667039155960083,0.0,0.0005374248721636832,0.3806288242340088,1.1811612844467163,4,0.0,
fixed,1,2702,0.5263686776161194,0.023321032524108887,0.018957611173391342,0.36780381202697754,0.657849133014679,4,1.0,
fixed,1,2703,1.3731797933578491,0.0,0.009231649339199066,0.08215951919555664,1.402443528175354,4,0.5,
fixed,1,2704,0.6870018839836121,0.0,0.011775702238082886,0.026587247848510742,0.7008659243583679,4,0.25,
fixed,1,2705,1.5503796339035034,0.0,0.006093825213611126,0.08795928955078125,1.5798143148422241,4,0.25,3.889533042907715
fixed,1,2706,1.219680905342102,0.0,0.011053617112338543,0.05458402633666992,1.2415828704833984,4,0.5,
fixed,1,2707,0.6453386545181274,0.0,0.017273835837841034,0.16339504718780518,0.7029941082000732,4,0.75,
fixed,1,2708,0.9888343811035156,0.020817067474126816,0.007066819816827774,0.03189218044281006,1.0123440027236938,4,0.5,
fixed,1,2709,1.2887977361679077,0.0,0.011133359745144844,0.04989266395568848,1.309332251548767,4,0.5,
fixed,1,2710,1.2758668661117554,0.0,0.0191006138920784,0.14515328407287598,1.3289631605148315,4,0.75,9.86528205871582
fixed,1,2711,1.135823369026184,0.0,0.04087424278259277,0.058187127113342285,1.17371666431427,4,0.75,
fixed,1,2712,1.285353183746338,0.0,0.03625798225402832,0.25984859466552734,1.3814367055892944,4,1.0,
fixed,1,2713,1.44182288646698,0.017011648043990135,0.02341989427804947,0.07652366161346436,1.484995722770691,4,0.75,
fixed,1,2714,1.7313992977142334,0.0,0.010322717018425465,0.10079014301300049,1.766797661781311,4,0.25,
fixed,1,2715,1.4439551830291748,0.0,0.017402732744812965,0.0382843017578125,1.464141845703125,4,0.5,8.446720123291016
fixed,1,2716,0.6597388982772827,0.025491928681731224,0.006724562030285597,0.045606136322021484,0.6895290017127991,4,0.5,
fixed,1,2717,0.9027124047279358,0.02156662754714489,0.0020336532033979893,0.06983399391174316,0.9354627132415771,4,0.25,
fixed,1,2718,1.011806845664978,0.011404754593968391,0.007227005902677774,0.0555720329284668,1.0377943515777588,4,0.5,
fixed,1,2719,1.1794655323028564,0.0,0.035511426627635956,0.04777538776397705,1.2115538120269775,4,0.25,
fixed,1,2720,0.8750719428062439,0.0,0.018698807805776596,0.06649160385131836,0.9043688178062439,4,0.5,8.616371154785156
fixed,1,2721,1.7138798236846924,0.018737157806754112,0.00016683805733919144,0.1164085865020752,1.7582544088363647,4,0.5,
fixed,1,2722,1.8414735794067383,0.0,0.02905835583806038,0.1835864782333374,1.911078691482544,4,0.75,
fixed,1,2723,0.7881261706352234,0.0,0.016965460032224655,0.09327304363250732,0.824590802192688,4,0.5,
fixed,1,2724,1.2284982204437256,0.0,0.036239683628082275,0.12216830253601074,1.2832685708999634,4,0.5,
fixed,1,2725,1.409676432609558,0.0,0.010562831535935402,0.047159790992736816,1.4291057586669922,4,0.25,5.488636016845703
fixed,1,2726,0.9503514170646667,0.0,0.014605481177568436,0.08977687358856201,0.9845871925354004,4,0.5,
fixed,1,2727,1.9189672470092773,0.02933436818420887,0.013512907549738884,0.16913866996765137,1.9911324977874756,4,0.75,
fixed,1,2728,1.904560923576355,0.0,0.010064471513032913,0.09250175952911377,1.937343716621399,4,0.5,
fixed,1,2729,0.7367743253707886,0.016250452026724815,0.02249164506793022,0.11821651458740234,0.7916103601455688,4,0.75,
fixed,1,2730,1.4468979835510254,0.0,0.03670578449964523,0.1175774335861206,1.5005241632461548,4,0.75,16.3463077545166
fixed,1,2731,1.0349910259246826,0.0,0.032861415296792984,0.3044545650482178,1.1427581310272217,4,1.0,
fixed,1,2732,0.6875867247581482,0.0,0.018350007012486458,0.13729190826416016,0.7379493117332458,4,0.75,
fixed,1,2733,0.6208891868591309,0.0,0.02235632762312889,0.12746667861938477,0.6703073382377625,4,0.75,
fixed,1,2734,1.0497407913208008,0.019049571827054024,0.02370394393801689,0.28445184230804443,1.1564531326293945,4,1.0,
fixed,1,2735,1.6203192472457886,0.0,0.020613687112927437,0.12558066844940186,1.6683002710342407,4,0.75,10.471650123596191
fixed,1,2736,1.1296436786651611,0.011758719570934772,0.013830612413585186,0.04382169246673584,1.1555848121643066,4,0.5,
fixed,1,2737,1.503925085067749,0.0,0.030490577220916748,0.047283172607421875,1.5333553552627563,4,0.5,
fixed,1,2738,0.6072344779968262,0.0,0.00993768498301506,0.1032404899597168,0.643175482749939,4,0.25,
fixed,1,2739,1.2211017608642578,0.0,0.0190131738781929,0.04367232322692871,1.2437100410461426,4,0.5,
fixed,1,2740,1.644376516342163,0.0,0.02818199060857296,0.08413779735565186,1.683708906173706,4,0.75,13.62222671508789
fixed,1,2741,1.407348394393921,0.030334539711475372,0.0302593931555748,0.12321305274963379,1.4746092557907104,4,1.0,
fixed,1,2742,1.06058931350708,0.0,0.05436662957072258,0.1576608419418335,1.1350709199905396,4,1.0,
fixed,1,2743,1.0595815181732178,0.0,0.015593064948916435,0.04516136646270752,1.0809264183044434,4,0.5,
fixed,1,2744,0.9856619834899902,0.02794107235968113,0.029966378584504128,0.23709559440612793,1.0857443809509277,4,0.75,
fixed,1,2745,1.6677902936935425,0.0,0.015713997185230255,0.06076169013977051,1.693875789642334,4,0.5,7.58585786819458
fixed,1,2746,1.3004581928253174,0.0,0.031825315207242966,0.07935762405395508,1.34017813205719,4,0.75,
fixed,1,2747,0.9902042746543884,0.0,0.02788536809384823,0.08945107460021973,1.030982255935669,4,0.75,
fixed,1,2748,1.049243688583374,0.03029760532081127,0.0003710055607371032,0.13801050186157227,1.1059811115264893,4,0.25,
fixed,1,2749,0.46905478835105896,0.00912030041217804,0.0035887793637812138,0.15795600414276123,0.5227961540222168,4,0.25,
fixed,1,2750,1.009838581085205,0.0,0.049708299338817596,0.1405477523803711,1.076857089996338,4,0.5,15.558422088623047
fixed,1,2751,0.7237686514854431,0.02100430056452751,0.04036073759198189,0.19578909873962402,0.8131878972053528,4,1.0,
fixed,1,2752,0.8959062099456787,0.04087276756763458,0.029950778931379318,0.18460941314697266,0.9867008328437805,4,1.0,
fixed,1,2753,1.245640754699707,0.0,0.018305469304323196,0.0858926773071289,1.2805613279342651,4,0.5,
fixed,1,2754,1.7854626178741455,0.0077240862883627415,0.026690149679780006,0.07653951644897461,1.8256316184997559,4,0.75,
fixed,1,2755,1.0168637037277222,0.013740971684455872,0.0010596911888569593,0.18332445621490479,1.0792614221572876,4,0.25,5.7251176834106445
fixed,1,2756,1.0728368759155273,0.0,0.024102458730340004,0.07315278053283691,1.1068339347839355,4,0.5,
fixed,1,2757,0.704581618309021,0.0,0.0045892465859651566,0.2733578681945801,0.788883626461029,4,0.0,
fixed,1,2758,0.9261741638183594,0.0,0.029290998354554176,0.04395401477813721,0.9540058374404907,4,0.5,
fixed,1,2759,0.5507903695106506,0.0,0.025400005280971527,0.02722346782684326,0.5716574192047119,4,0.5,
fixed,1,2760,0.4232523441314697,0.0,0.014727693051099777,0.037613749504089355,0.4419003129005432,4,0.25,6.914310932159424
fixed,1,2761,1.781482458114624,0.0,0.012135107070207596,0.03369140625,1.7976574897766113,4,0.25,
fixed,1,2762,0.5524567365646362,0.0,0.018212225288152695,0.04265236854553223,0.5743585824966431,4,0.5,
fixed,1,2763,1.1352298259735107,0.0,0.012347758747637272,0.061318278312683105,1.1597992181777954,4,0.5,
fixed,1,2764,1.7526142597198486,0.04785452038049698,0.021882934495806694,0.23617255687713623,1.8583347797393799,4,0.75,
fixed,1,2765,1.3642852306365967,0.0,0.012617385014891624,0.22569489479064941,1.4383023977279663,4,0.75,7.378732204437256
fixed,1,2766,1.0603711605072021,0.02317252941429615,0.0008915213402360678,0.15481209754943848,1.1188467741012573,4,0.25,
fixed,1,2767,1.2420488595962524,0.0,0.008383465930819511,0.16947102546691895,1.2970819473266602,4,0.25,
fixed,1,2768,1.1901365518569946,0.0,0.009057842195034027,0.16163349151611328,1.2431554794311523,4,0.25,
fixed,1,2769,1.185267448425293,0.013937416486442089,0.010305644944310188,0.16111767292022705,1.2457243204116821,4,0.75,
fixed,1,2770,1.558739423751831,0.0,0.007644940167665482,0.12549984455108643,1.6002118587493896,4,0.25,4.428184986114502
fixed,1,2771,1.1356229782104492,0.0,0.00596151128411293,0.10147547721862793,1.169046401977539,4,0.25,
fixed,1,2772,0.7386980652809143,0.0,0.011006882414221764,0.06629800796508789,0.764090895652771,4,0.5,
fixed,1,2773,1.4520838260650635,0.0,0.016843151301145554,0.11807107925415039,1.4959267377853394,4,0.25,
fixed,1,2774,1.0656263828277588,0.0,0.018373990431427956,0.045560359954833984,1.0884814262390137,4,0.5,
fixed,1,2775,1.416581392288208,0.0,0.019524717703461647,0.04063689708709717,1.4385348558425903,4,0.5,8.674666404724121
fixed,1,2776,0.8288852572441101,0.0,0.003683245275169611,0.03888273239135742,0.8423917293548584,4,0.25,
fixed,1,2777,1.894989252090454,0.0,0.019204353913664818,0.16943979263305664,1.955423355102539,4,0.75,
fixed,1,2778,1.3882334232330322,0.0,0.009406428784132004,0.23219120502471924,1.4625940322875977,4,0.75,
fixed,1,2779,0.7943423390388489,0.0,0.0053743040189146996,0.06224179267883301,0.8157020211219788,4,0.5,
fixed,1,2780,1.088913917541504,1.0870413547081625e-07,0.004090557806193829,0.04547607898712158,1.1046020984649658,4,0.25,2.3844478130340576
fixed,1,2781,1.0432217121124268,0.022197619080543518,0.0038621833082288504,0.04051971435546875,1.0684075355529785,4,0.5,
fixed,1,2782,0.8617122173309326,5.037130108576093e-07,0.0006929810624569654,0.21183347702026367,0.9256089925765991,4,0.0,
fixed,1,2783,0.9028095602989197,0.0,0.020369919016957283,0.16584837436676025,0.9627490043640137,4,0.75,
fixed,1,2784,1.2602365016937256,0.0,0.0044880216009914875,0.09781742095947266,1.291825771331787,4,0.5,
fixed,1,2785,0.8671208620071411,0.0,0.006438028998672962,0.1036221981048584,0.9014265537261963,4,0.5,3.7759346961975098
fixed,1,2786,1.3255280256271362,0.039963364601135254,0.00714186392724514,0.13881027698516846,1.390723705291748,4,0.75,
fixed,1,2787,0.7184306383132935,0.0,0.00545116513967514,0.09954524040222168,0.7510197758674622,4,0.5,
fixed,1,2788,1.3210042715072632,0.018947141245007515,0.021155739203095436,0.12837719917297363,1.3795688152313232,4,0.75,
fixed,1,2789,1.6499556303024292,0.0,0.014986778609454632,0.19533181190490723,1.7160485982894897,4,0.75,
fixed,1,2790,1.1045267581939697,0.0,0.0007173327612690628,0.4278446435928345,1.2332388162612915,4,0.0,1.557250738143921
fixed,1,2791,1.4249662160873413,0.0,0.008868765085935593,0.08278167247772217,1.4542350769042969,4,0.5,
fixed,1,2792,1.625917911529541,0.0,0.04483841359615326,0.09502172470092773,1.6768436431884766,4,0.75,
fixed,1,2793,1.4152393341064453,0.0,0.024413635954260826,0.1911259889602661,1.4847838878631592,4,0.25,
fixed,1,2794,0.975001335144043,0.0,0.020823076367378235,0.04182696342468262,0.9979609847068787,4,0.5,
fixed,1,2795,2.0179316997528076,0.0,0.014692315831780434,0.15898728370666504,2.0729739665985107,4,0.75,7.899158477783203
fixed,1,2796,1.1083645820617676,0.0,0.012272205203771591,0.04913461208343506,1.1292411088943481,4,0.5,
fixed,1,2797,1.3057011365890503,0.013130264356732368,0.011128827929496765,0.09582006931304932,1.3465766906738281,4,0.75,
fixed,1,2798,0.9131397604942322,0.012907211668789387,0.009645890444517136,0.032239675521850586,0.9340882301330566,4,0.5,
fixed,1,2799,0.868645191192627,0.0,0.017638100311160088,0.2776714563369751,0.9607656598091125,4,0.5,
fixed,1,2800,1.000171422958374,0.02975044772028923,0.006562534719705582,0.04026174545288086,1.0304064750671387,4,0.5,3.8713738918304443
fixed,1,2801,1.5458104610443115,0.0,0.03256687521934509,0.08106303215026855,1.586412787437439,4,0.75,
fixed,1,2802,1.1090797185897827,0.0,0.02263120375573635,0.2471104860305786,1.1945284605026245,4,0.75,
fixed,1,2803,1.0475735664367676,0.0,0.02855697274208069,0.11323928833007812,1.095823884010315,4,0.25,
fixed,1,2804,1.6972615718841553,0.0,0.016108429059386253,0.04713749885559082,1.7194570302963257,4,0.5,
fixed,1,2805,1.2723019123077393,0.0,0.015662269666790962,0.33266329765319824,1.3799320459365845,4,0.25,8.794344902038574
fixed,1,2806,1.7941107749938965,0.02757749892771244,0.02569877728819847,0.10499465465545654,1.8522473573684692,4,0.75,
fixed,1,2807,1.2302489280700684,0.028644124045968056,0.005496462807059288,0.03026139736175537,1.2563976049423218,4,0.25,
fixed,1,2808,0.8808106780052185,0.0,0.006460370495915413,0.15050125122070312,0.9291912317276001,4,0.25,
fixed,1,2809,1.1473314762115479,0.02935056947171688,0.01901639811694622,0.3955342769622803,1.290175199508667,4,1.0,
fixed,1,2810,1.1990653276443481,0.0,0.055429063737392426,0.09481489658355713,1.255224347114563,4,0.75,20.485946655273438
fixed,1,2811,1.2503081560134888,0.0075342003256082535,0.02008461207151413,0.105110764503479,1.295650839805603,4,0.75,
fixed,1,2812,1.4870038032531738,0.0,0.03189433366060257,0.12562835216522217,1.5406395196914673,4,0.5,
fixed,1,2813,1.466637134552002,0.018812010064721107,0.014873185195028782,0.022186994552612305,1.4901357889175415,4,0.5,
fixed,1,2814,0.7090998291969299,0.0,0.03486938029527664,0.11745214462280273,0.7617701888084412,4,0.5,
fixed,1,2815,1.2179768085479736,0.0,0.009455278515815735,0.204459547996521,1.2840423583984375,4,0.25,4.827281475067139
fixed,1,2816,0.9272886514663696,0.0,0.045636408030986786,0.2420055866241455,1.022708535194397,4,1.0,
fixed,1,2817,2.1487035751342773,0.0,0.024383146315813065,0.024102210998535156,2.168125867843628,4,0.5,
fixed,1,2818,2.45965313911438,0.0,0.02513374574482441,0.10005402565002441,2.5022361278533936,4,0.5,
fixed,1,2819,0.9461513161659241,0.0,0.021348558366298676,0.1472795009613037,1.001009464263916,4,0.75,
fixed,1,2820,1.9783804416656494,0.0,0.01297774352133274,0.0779271125793457,2.0082473754882812,4,0.5,6.992644309997559
fixed,1,2821,1.182310938835144,0.028103895485401154,0.007264201994985342,0.07219254970550537,1.2216527462005615,4,0.75,
fixed,1,2822,0.899850070476532,0.0,0.006811387371271849,0.11564779281616211,0.9379501342773438,4,0.25,
fixed,1,2823,1.144461750984192,0.0,0.01812773384153843,0.14253902435302734,1.1962872743606567,4,0.75,
fixed,1,2824,0.9272335171699524,0.0,0.00038084981497377157,0.31879758834838867,1.0230631828308105,4,0.0,
fixed,1,2825,0.9729107022285461,0.0,0.011107947677373886,0.05337560176849365,0.9944773316383362,4,0.5,6.085862636566162
fixed,1,2826,1.334255576133728,0.0,0.011197857558727264,0.04575657844543457,1.353581428527832,4,0.5,
fixed,1,2827,1.149432897567749,0.0,0.0025836238637566566,0.18439972400665283,1.2060446739196777,4,0.0,
fixed,1,2828,1.802573323249817,0.01758970320224762,4.522720701061189e-05,0.08713531494140625,1.837531328201294,4,0.25,
fixed,1,2829,0.8547831773757935,0.0,0.007682309485971928,0.02825164794921875,0.8670998215675354,4,0.25,
fixed,1,2830,1.1861793994903564,0.0,0.02393074706196785,0.10896813869476318,1.230835199356079,4,0.75,10.909698486328125
fixed,1,2831,1.8492252826690674,0.017453083768486977,0.021874459460377693,0.268892765045166,1.949556827545166,4,1.0,
fixed,1,2832,1.4260934591293335,0.02328856848180294,0.007683503441512585,0.05276679992675781,1.4574095010757446,4,0.5,
fixed,1,2833,1.1962170600891113,0.0,0.02555478736758232,0.060393333435058594,1.2271124124526978,4,0.5,
fixed,1,2834,1.3349218368530273,0.0,0.007734354585409164,0.08342623710632324,1.3638168573379517,4,0.5,
fixed,1,2835,1.5026415586471558,0.0,0.01570388674736023,0.1699446439743042,1.5614769458770752,4,0.75,8.535255432128906
fixed,1,2836,1.384155511856079,0.0,0.007330042775720358,0.043262481689453125,1.40079927444458,4,0.25,
fixed,1,2837,1.1816381216049194,0.04095584154129028,3.405501411180012e-05,0.07018482685089111,1.2231885194778442,4,0.5,
fixed,1,2838,0.9663519859313965,0.03597431629896164,0.00010266670142300427,0.09928929805755615,1.0141773223876953,4,0.5,
fixed,1,2839,1.5322846174240112,0.017019281163811684,0.009079594165086746,0.0871652364730835,1.5714836120605469,4,0.5,
fixed,1,2840,1.3139066696166992,0.0,0.01189680676907301,0.05781722068786621,1.3372002840042114,4,0.25,6.129856586456299
fixed,1,2841,1.08785080909729,0.0,0.03431187942624092,0.2881178855895996,1.1914421319961548,4,1.0,
fixed,1,2842,1.511426329612732,0.0,0.02847539260983467,0.12369263172149658,1.5627717971801758,4,0.75,
fixed,1,2843,0.8068572878837585,0.017512056976556778,0.027614980936050415,0.10698485374450684,0.8615162372589111,4,0.75,
fixed,1,2844,1.7262674570083618,0.0,0.0827832892537117,0.11097180843353271,1.8009506464004517,4,0.75,
fixed,1,2845,0.98012375831604,0.0,0.03198251873254776,0.1593184471130371,1.0439105033874512,4,0.5,13.157228469848633
fixed,1,2846,0.507997453212738,0.0,0.01311764307320118,0.30211567878723145,0.6051909923553467,4,0.25,
fixed,1,2847,1.674856424331665,0.0,0.051937270909547806,0.08536303043365479,1.7264339923858643,4,0.75,
fixed,1,2848,2.0972015857696533,0.0,0.012617133557796478,0.2590063810348511,2.1812119483947754,4,0.25,
fixed,1,2849,0.5405371189117432,0.0,0.059096768498420715,0.07877755165100098,0.5937187671661377,4,0.5,
fixed,1,2850,0.9236520528793335,0.0,0.03194115310907364,0.09835505485534668,0.9691291451454163,4,0.75,14.60234546661377
fixed,1,2851,0.8817620873451233,0.0,0.022424591705203056,0.07150232791900635,0.9144250750541687,4,0.5,
fixed,1,2852,1.1331747770309448,0.0,0.025395696982741356,0.20222842693328857,1.2065411806106567,4,0.25,
fixed,1,2853,1.0957187414169312,0.0,0.01832667365670204,0.05054736137390137,1.1200462579727173,4,0.5,
fixed,1,2854,0.9248819351196289,0.0,0.018161972984671593,0.14046835899353027,0.9761034250259399,4,0.75,
fixed,1,2855,0.5058147311210632,0.0,0.013308769091963768,0.16892826557159424,0.5631476044654846,4,0.75,7.212775707244873
fixed,1,2856,1.5152864456176758,0.0,0.001997533952817321,0.311983585357666,1.6098803281784058,4,0.0,
fixed,1,2857,1.6357911825180054,0.0,0.008647346869111061,0.03598427772521973,1.6509101390838623,4,0.5,
fixed,1,2858,1.046014428138733,0.0,0.006057830061763525,0.02805495262145996,1.057459831237793,4,0.25,
fixed,1,2859,1.2854946851730347,0.023747306317090988,0.0024066052865236998,0.03342020511627197,1.3085976839065552,4,0.5,
fixed,1,2860,0.9688469171524048,0.0,0.0030194062273949385,0.19436025619506836,1.0286647081375122,4,0.0,2.7543585300445557
fixed,1,2861,1.1392621994018555,0.0,0.011925782077014446,0.03468680381774902,1.155631184577942,4,0.5,
fixed,1,2862,1.5112768411636353,5.58755527890753e-06,1.4662139619758818e-05,0.2700014114379883,1.5922874212265015,4,0.0,
fixed,1,2863,0.5764883160591125,3.722593419297482e-06,0.0021635834127664566,0.06578755378723145,0.5973082184791565,4,0.25,
fixed,1,2864,1.5928670167922974,7.720185749349184e-06,0.00323076662607491,0.09626650810241699,1.6233662366867065,4,0.5,
fixed,1,2865,0.7577342987060547,7.533853931818157e-07,0.0044461507350206375,0.2844332456588745,0.8452877402305603,4,0.75,2.756625175476074
fixed,1,2866,1.4612345695495605,0.04086653143167496,0.0035071910824626684,0.26769018173217773,1.5637284517288208,4,0.75,
fixed,1,2867,1.3219660520553589,1.4816812836215831e-05,0.0011770870769396424,0.11421597003936768,1.3568267822265625,4,0.25,
fixed,1,2868,0.5806677937507629,0.05492578074336052,0.009360640309751034,0.1348717212677002,0.6532725095748901,3,0.75,
fixed,1,2869,0.9519426822662354,1.9905488102267554e-07,0.01354918908327818,0.19854044914245605,1.0182795524597168,4,0.75,
fixed,1,2870,0.8848797082901001,1.0044253940577619e-05,0.012464229948818684,0.14232254028320312,0.9338136315345764,4,0.25,4.927639484405518
fixed,1,2871,1.4062719345092773,0.0,0.002357658464461565,0.1142432689666748,1.4417237043380737,4,0.25,
fixed,1,2872,1.7740532159805298,0.0016527262050658464,0.006316508166491985,0.08767080307006836,1.804339051246643,4,0.5,
fixed,1,2873,0.7065494656562805,0.0,0.0025294555816799402,0.19951963424682617,0.7676700949668884,4,0.0,
fixed,1,2874,0.6248047947883606,0.0,0.007325652055442333,0.06944894790649414,0.6493023037910461,4,0.5,
fixed,1,2875,1.310452938079834,0.0,0.007135393097996712,0.09893536567687988,1.3437012434005737,4,0.5,3.9693374633789062
fixed,1,2876,2.1788878440856934,0.0,0.0004986440762877464,0.3799862861633301,2.293133020401001,4,0.0,
fixed,1,2877,1.2204375267028809,0.0,0.02058124728500843,0.40771615505218506,1.3530429601669312,4,1.0,
fixed,1,2878,1.0162973403930664,0.0,0.015699727460741997,0.057065725326538086,1.041266918182373,4,0.5,
fixed,1,2879,1.4512091875076294,0.0,0.01644650474190712,0.1499103307723999,1.5044054985046387,4,0.75,
fixed,1,2880,1.0336178541183472,0.0,0.0045470744371414185,0.019285082817077637,1.0416768789291382,4,0.25,3.0364694595336914
fixed,1,2881,1.7987650632858276,0.0,0.0105562973767519,0.04268240928649902,1.8168479204177856,4,0.5,
fixed,1,2882,1.1760778427124023,0.0,0.005515621975064278,0.08877944946289062,1.2054694890975952,4,0.25,
fixed,1,2883,0.6502476334571838,0.0,0.01224619708955288,0.06463062763214111,0.6757599115371704,4,0.5,
fixed,1,2884,1.7883189916610718,0.0,0.00646169763058424,0.20724153518676758,1.853722333908081,4,0.0,
fixed,1,2885,0.780694842338562,0.0,0.010549879632890224,0.05173063278198242,0.801488995552063,4,0.5,5.598450660705566
fixed,1,2886,1.0318540334701538,0.0,0.013236595317721367,0.3403189182281494,1.1405680179595947,4,0.75,
fixed,1,2887,1.5681445598602295,0.0,0.00552219757810235,0.09661531448364258,1.5998902320861816,4,0.25,
fixed,1,2888,0.5514137744903564,0.0,0.019602719694375992,0.41360825300216675,0.6852976083755493,4,1.0,
fixed,1,2889,1.4034417867660522,0.015036363154649734,0.015345454216003418,0.04639458656311035,1.4325510263442993,4,0.5,
fixed,1,2890,1.7994158267974854,0.027407344430685043,0.0008910532924346626,0.10729610919952393,1.8457539081573486,4,0.25,6.355011463165283
fixed,1,2891,2.0833945274353027,0.0,0.009995764121413231,0.02470839023590088,2.0958049297332764,4,0.25,
fixed,1,2892,1.2194584608078003,0.0,0.013993379659950733,0.06045699119567871,1.2445921897888184,4,0.5,
fixed,1,2893,1.1212431192398071,0.0,0.011284385807812214,0.05193960666656494,1.1424671411514282,4,0.5,
fixed,1,2894,0.7263504266738892,0.0,0.013462751172482967,0.046230316162109375,0.7469509243965149,4,0.5,
fixed,1,2895,1.6098705530166626,0.014507260173559189,0.013775832951068878,0.0843343734741211,1.6493123769760132,4,0.75,1.8881571292877197
fixed,1,2896,1.7448370456695557,0.0,0.013535873964428902,0.0616530179977417,1.7701008319854736,4,0.5,
fixed,1,2897,0.8602918386459351,0.0,0.03305143862962723,0.07901275157928467,0.9005213975906372,4,0.75,
fixed,1,2898,1.4479455947875977,0.0,0.012099786661565304,0.06915485858917236,1.4747419357299805,4,0.5,
fixed,1,2899,1.4721927642822266,0.026454836130142212,0.013492794707417488,0.11652481555938721,1.527124047279358,4,0.75,
fixed,1,2900,1.2988219261169434,0.0,0.0028586741536855698,0.2467200756072998,1.374267339706421,4,0.0,2.7044568061828613
fixed,1,2901,1.710557460784912,0.0003216789336875081,0.00573772843927145,0.10284781455993652,1.7444415092468262,4,0.25,
fixed,1,2902,1.787651538848877,0.0,0.008573945611715317,0.17474842071533203,1.8443630933761597,4,0.25,
fixed,1,2903,0.9811147451400757,0.0,0.01492090243846178,0.05704951286315918,1.005690097808838,4,0.5,
fixed,1,2904,0.8298290967941284,0.0,0.016866624355316162,0.14202463626861572,0.8808698058128357,4,0.75,
fixed,1,2905,1.1189501285552979,0.0,0.007948809303343296,0.12138819694519043,1.1593409776687622,4,0.25,4.014827251434326
fixed,1,2906,1.281253695487976,0.0,0.003965430427342653,0.22497332096099854,1.3507283926010132,4,0.0,
fixed,1,2907,0.5603115558624268,0.0,0.016151508316397667,0.03624284267425537,0.5792601704597473,4,0.5,
fixed,1,2908,1.0712270736694336,0.0,0.005603241268545389,0.09946870803833008,1.1038693189620972,4,0.25,
fixed,1,2909,1.303757905960083,0.0,0.008056934922933578,0.026620864868164062,1.3157726526260376,4,0.25,
fixed,1,2910,0.7103352546691895,0.0,0.008332786150276661,0.05335962772369385,0.7305095195770264,4,0.5,4.6984734535217285
fixed,1,2911,1.5766438245773315,0.0,0.015156673267483711,0.14615070819854736,1.6280673742294312,4,0.75,
fixed,1,2912,1.5545008182525635,0.020266657695174217,0.004130080807954073,0.04632985591888428,1.5805981159210205,4,0.5,
fixed,1,2913,1.4628682136535645,0.0,0.01971135474741459,0.04912447929382324,1.4874612092971802,4,0.5,
fixed,1,2914,0.8315282464027405,0.0,0.006802890449762344,0.11486530303955078,0.8693892955780029,4,0.25,
fixed,1,2915,1.521030068397522,0.032124560326337814,0.014011511579155922,0.047302961349487305,1.5582890510559082,4,0.5,2.4322988986968994
fixed,1,2916,1.8324782848358154,0.0,0.008107615634799004,0.07625102996826172,1.8594074249267578,4,0.5,
fixed,1,2917,0.7206974029541016,0.0,0.018274372443556786,0.15065395832061768,0.775030791759491,4,0.75,
fixed,1,2918,0.6898543834686279,0.0,0.017196938395500183,0.4837188720703125,0.8435685634613037,4,1.0,
fixed,1,2919,0.726696252822876,0.0,0.03581113740801811,0.2545351982116699,0.8209623694419861,4,0.75,
fixed,1,2920,0.6909503936767578,0.010666748508810997,0.00835229642689228,0.12959587574005127,0.7393386960029602,4,0.75,2.236020803451538
fixed,1,2921,0.6221038699150085,0.0,0.029360441491007805,0.11424946784973145,0.6710589528083801,4,0.75,
fixed,1,2922,1.4775134325027466,0.0,0.0011065026046708226,0.508492112159729,1.6306142807006836,4,0.0,
fixed,1,2923,1.2324366569519043,0.0,0.011825885623693466,0.09857010841369629,1.2679206132888794,4,0.5,
fixed,1,2924,0.6705295443534851,0.0,0.011645165272057056,0.04060554504394531,0.6885337829589844,4,0.25,
fixed,1,2925,1.4943562746047974,0.003519583959132433,0.0011646883795037866,0.27476704120635986,1.5791285037994385,4,0.0,2.608961582183838
fixed,1,2926,0.7326801419258118,0.0,0.007990053854882717,0.13558340072631836,0.7773501873016357,4,0.25,
fixed,1,2927,0.9962624907493591,0.01916544884443283,0.05042296275496483,0.0395045280456543,1.0429080724716187,4,0.75,
fixed,1,2928,0.6358492374420166,0.0,0.04788845777511597,0.20463776588439941,0.7211847901344299,4,1.0,
fixed,1,2929,0.8868424892425537,0.0,0.020270690321922302,0.03447318077087402,0.9073197841644287,4,0.5,
fixed,1,2930,0.9074009656906128,0.007248686160892248,0.0009523563785478473,0.1565713882446289,0.9584729075431824,4,0.25,3.731044054031372
fixed,1,2931,1.0755438804626465,0.011868133209645748,0.02712361514568329,0.04512989521026611,1.1085786819458008,4,0.75,
fixed,1,2932,1.739371418952942,0.0,0.01077242661267519,0.02855396270751953,1.7533237934112549,4,0.25,
fixed,1,2933,1.553267002105713,0.024286342784762383,0.026416681706905365,0.2650868892669678,1.6581445932388306,4,1.0,
fixed,1,2934,1.6305795907974243,0.0,0.04695269465446472,0.19763636589050293,1.7133468389511108,4,1.0,
fixed,1,2935,1.088364601135254,0.01063989382237196,0.006192799191921949,0.0312044620513916,1.106142282485962,4,0.5,2.264110565185547
fixed,1,2936,0.6491488218307495,0.0,0.05312391370534897,0.16485023498535156,0.725165843963623,4,1.0,
fixed,1,2937,1.14351487159729,0.0,0.02119450829923153,0.0419774055480957,1.1667053699493408,4,0.5,
fixed,1,2938,0.5178045034408569,0.0,0.009075479581952095,0.10776209831237793,0.5546708703041077,4,0.25,
fixed,1,2939,1.9693913459777832,0.007378596346825361,0.019861236214637756,0.05829286575317383,2.0004990100860596,4,0.25,
fixed,1,2940,0.8730328679084778,0.0,0.024830542504787445,0.1038510799407959,0.9166034460067749,4,0.75,11.542274475097656
fixed,1,2941,1.4161114692687988,0.0,0.02694922685623169,0.10571146011352539,1.4612995386123657,4,0.75,
fixed,1,2942,1.7817915678024292,0.0,0.013360598124563694,0.06342101097106934,1.8074982166290283,4,0.5,
fixed,1,2943,1.7529376745224,0.02585470676422119,0.00012387246533762664,0.12173080444335938,1.8024462461471558,4,0.25,
fixed,1,2944,2.2409515380859375,0.019550137221813202,0.024142593145370483,0.09372735023498535,2.2909162044525146,4,0.75,
fixed,1,2945,1.333487868309021,0.005357260815799236,0.002064450876787305,0.09028434753417969,1.3642840385437012,4,0.0,2.9324092864990234
fixed,1,2946,1.255600929260254,0.0,0.03241434320807457,0.07150042057037354,1.2932581901550293,4,0.5,
fixed,1,2947,2.201493740081787,0.028168058022856712,0.00018197100143879652,0.11743044853210449,2.2508978843688965,4,0.25,
fixed,1,2948,1.7456787824630737,0.0,0.027529388666152954,0.03731870651245117,1.7706390619277954,4,0.5,
fixed,1,2949,1.2583601474761963,0.0,0.011219432577490807,0.07630288600921631,1.286860704421997,4,0.5,
fixed,1,2950,0.9193211197853088,0.001723912893794477,0.013457462191581726,0.08436322212219238,0.9522207975387573,4,0.25,3.9925060272216797
fixed,1,2951,0.9962535500526428,0.0,0.022546110674738884,0.3926251530647278,1.1253141164779663,4,1.0,
fixed,1,2952,0.8828636407852173,0.0,0.011691201478242874,0.07560491561889648,0.9113907217979431,4,0.5,
fixed,1,2953,1.818153977394104,0.0,0.007389216683804989,0.02916872501373291,1.8305991888046265,4,0.25,
fixed,1,2954,0.9296718835830688,0.0,0.01371762901544571,0.05791366100311279,0.9539048075675964,4,0.5,
fixed,1,2955,1.7000946998596191,0.0,0.008182995952665806,0.029095172882080078,1.7129147052764893,4,0.25,4.461503982543945
fixed,1,2956,1.2418514490127563,0.0,0.021459173411130905,0.06235969066619873,1.2712889909744263,4,0.5,
fixed,1,2957,1.350735068321228,0.0,0.010650115087628365,0.078605055809021,1.3796416521072388,4,0.5,
fixed,1,2958,1.074718713760376,0.01506158895790577,0.006231980863958597,0.06640982627868652,1.1052885055541992,4,0.5,
fixed,1,2959,1.1194236278533936,0.0,0.014952991157770157,0.1860215663909912,1.182706594467163,4,0.75,
fixed,1,2960,0.90187007188797,0.0,0.008131762966513634,0.08265471458435059,0.9307323694229126,4,0.5,4.789127826690674
fixed,1,2961,1.4199891090393066,0.0,0.004720409866422415,0.10967886447906494,1.455253005027771,4,0.25,
fixed,1,2962,0.793092668056488,0.015304246917366982,0.0071325479075312614,0.16048014163970947,0.8524551391601562,4,0.75,
fixed,1,2963,1.3618168830871582,0.03139561414718628,0.0004836759762838483,0.11103248596191406,1.4110662937164307,4,0.25,
fixed,1,2964,1.3565313816070557,0.0,0.023479502648115158,0.041538238525390625,1.3807326555252075,4,0.5,
fixed,1,2965,0.8198440670967102,0.0,0.0014854157343506813,0.21592509746551514,0.885364294052124,4,0.0,1.9149501323699951
fixed,1,2966,0.6483626365661621,0.028104908764362335,0.012744366191327572,0.2565622329711914,0.7457559108734131,4,0.75,
fixed,1,2967,1.4794154167175293,0.0,0.006173389498144388,0.12278985977172852,1.5193390846252441,4,0.25,
fixed,1,2968,1.018310308456421,0.0,0.01525849848985672,0.054595351219177246,1.0423181056976318,4,0.5,
fixed,1,2969,1.453610897064209,0.0,0.00953607726842165,0.12856841087341309,1.4969494342803955,4,0.25,
fixed,1,2970,1.2123039960861206,0.0,0.00676567479968071,0.11705958843231201,1.2508046627044678,4,0.25,3.7784717082977295
fixed,1,2971,1.167258381843567,0.0,0.007786521688103676,0.11925172805786133,1.2069271802902222,4,0.25,
fixed,1,2972,1.5840142965316772,0.0,0.025533339008688927,0.0659492015838623,1.6165657043457031,4,0.5,
fixed,1,2973,0.9412318468093872,0.0,0.027214039117097855,0.05060744285583496,0.97002112865448,4,0.5,
fixed,1,2974,1.4982420206069946,0.04094436764717102,0.01088993065059185,0.28248536586761475,1.6089048385620117,4,1.0,
fixed,1,2975,0.8163172602653503,0.0,0.008583463728427887,0.06541550159454346,0.8402336239814758,4,0.5,5.19410514831543
fixed,1,2976,1.6640546321868896,0.0,0.024311384186148643,0.03752565383911133,1.6874680519104004,4,0.5,
fixed,1,2977,1.6573808193206787,0.0,0.010313224978744984,0.049683570861816406,1.6774425506591797,4,0.5,
fixed,1,2978,1.539164423942566,0.0,0.0004891418502666056,0.3183605670928955,1.634917140007019,4,0.0,
fixed,1,2979,1.288712501525879,0.0,0.00028052416746504605,0.30494534969329834,1.3803364038467407,4,0.0,
fixed,1,2980,2.2307796478271484,0.012468663044273853,8.448789594694972e-05,0.11401879787445068,2.2712619304656982,4,0.25,5.324313163757324
fixed,1,2981,1.332564115524292,0.0,0.0028185343835502863,0.04939377307891846,1.348791480064392,4,0.25,
fixed,1,2982,0.5728013515472412,6.196658887347439e-06,0.008319007232785225,0.04782450199127197,0.5913113355636597,4,0.5,
fixed,1,2983,0.8789325952529907,3.2610653306619497e-06,0.013009253889322281,0.17624008655548096,0.9383108615875244,4,0.75,
fixed,1,2984,0.7800776362419128,3.588336403481662e-05,0.004009948577731848,0.05088174343109131,0.7973650693893433,4,0.25,
fixed,1,2985,1.4717717170715332,0.01417129673063755,0.0,0.1004176139831543,1.5089826583862305,4,0.25,6.039373874664307
fixed,1,2986,1.4843525886535645,0.019749071449041367,0.03486797958612442,0.07049155235290527,1.532808542251587,4,0.5,
fixed,1,2987,1.785143494606018,7.289000495802611e-05,0.006999628618359566,0.06853067874908447,1.8092389106750488,4,0.5,
fixed,1,2988,1.5910059213638306,9.223042070516385e-06,0.010200771503150463,0.09980344772338867,1.626051902770996,4,0.5,
fixed,1,2989,0.6383902430534363,1.473925294703804e-05,0.006790956482291222,0.07429313659667969,0.6640810370445251,4,0.5,
fixed,1,2990,0.9076294302940369,0.013519753701984882,0.006681516766548157,0.23681437969207764,0.9887743592262268,4,0.75,3.3404691219329834
fixed,1,2991,1.6057013273239136,0.019459174945950508,0.007015077397227287,0.17582929134368896,1.6716872453689575,4,0.75,
fixed,1,2992,0.781071662902832,0.0,0.013279184699058533,0.316525936126709,0.8826690316200256,4,0.75,
fixed,1,2993,1.0339566469192505,0.013148999772965908,0.0261834729462862,0.11523258686065674,1.0881927013397217,4,0.5,
fixed,1,2994,1.5699691772460938,0.0,0.023443199694156647,0.1013559103012085,1.6120975017547607,4,0.5,
fixed,1,2995,0.36345934867858887,0.0,0.02937966212630272,0.34819018840789795,0.4826062321662903,4,1.0,14.570710182189941
fixed,1,2996,1.8517426252365112,0.0,0.0106466393917799,0.18118393421173096,1.9114211797714233,4,0.25,
fixed,1,2997,0.3422558307647705,0.0,0.0321793332695961,0.11719954013824463,0.39350536465644836,4,0.75,
fixed,1,2998,1.1515545845031738,0.0,0.009467415511608124,0.04473006725311279,1.1697072982788086,4,0.25,
fixed,1,2999,1.3019741773605347,0.0,0.0025941049680113792,0.22509002685546875,1.3707982301712036,4,0.0,
fixed,1,3000,0.33765143156051636,0.0,0.053105928003787994,0.18703103065490723,0.4203137159347534,4,1.0,22.48403549194336
fixed,1,3001,1.4638456106185913,0.0,0.024586228653788567,0.06765472888946533,1.4964351654052734,4,0.5,
fixed,1,3002,1.5026429891586304,0.0,0.060079168528318405,0.0867224931716919,1.558699369430542,4,0.5,
fixed,1,3003,1.4881027936935425,0.0,0.06217937171459198,0.16563904285430908,1.5688841342926025,4,1.0,
fixed,1,3004,1.0242738723754883,0.0,0.0566268116235733,0.09860420227050781,1.0821685791015625,4,0.5,
fixed,1,3005,1.038999080657959,0.0,0.009799094870686531,0.09827983379364014,1.0733826160430908,4,0.25,5.010835647583008
fixed,1,3006,0.7738137245178223,0.0,0.02458242140710354,0.10998713970184326,0.819101095199585,4,0.75,
fixed,1,3007,1.106867790222168,0.0,0.017528174445033073,0.14091801643371582,1.157907247543335,4,0.75,
fixed,1,3008,1.0573774576187134,0.014897385612130165,0.0067632426507771015,0.04812014102935791,1.0826438665390015,4,0.5,
fixed,1,3009,0.9242478013038635,0.0,0.014909624122083187,0.14964938163757324,0.9765974283218384,4,0.75,
fixed,1,3010,1.0472687482833862,0.0,0.00019435270223766565,0.26751935482025146,1.1276217699050903,4,0.0,1.0131477117538452
fixed,1,3011,0.7466259002685547,0.0,0.024483226239681244,0.21764731407165527,0.82416170835495,4,0.75,
fixed,1,3012,1.1547867059707642,0.0,0.012885578908026218,0.18526554107666016,1.2168091535568237,4,0.75,
fixed,1,3013,1.0886657238006592,0.0,0.018383724614977837,0.03937840461730957,1.1096711158752441,4,0.5,
fixed,1,3014,1.0290520191192627,0.0,0.0035300191957503557,0.06257474422454834,1.0495893955230713,4,0.25,
fixed,1,3015,1.0844217538833618,2.5085859078899375e-07,0.01034486573189497,0.055838584899902344,1.1063458919525146,4,0.5,5.685049057006836
fixed,1,3016,1.4880138635635376,0.038378745317459106,0.006344578228890896,0.06693434715270996,1.5304558277130127,4,0.5,
fixed,1,3017,0.9406719207763672,0.0,0.005871300119906664,0.07626128196716309,0.9664859771728516,4,0.5,
fixed,1,3018,1.5554568767547607,0.0,0.006258503999561071,0.08053851127624512,1.5827476978302002,4,0.5,
fixed,1,3019,1.191774845123291,0.02110942453145981,0.005243206862360239,0.06261682510375977,1.2237361669540405,4,0.5,
fixed,1,3020,1.7099957466125488,0.0,0.015516571700572968,0.4863029718399048,1.8636449575424194,4,1.0,8.301163673400879
fixed,1,3021,1.340094804763794,0.0,0.006210009101778269,0.08363699913024902,1.368290901184082,4,0.5,
fixed,1,3022,0.7181365489959717,0.0,0.011758542619645596,0.0688248872756958,0.7446632981300354,4,0.5,
fixed,1,3023,1.2107634544372559,0.0,0.0014557435642927885,0.2351551055908203,1.2820378541946411,4,0.0,
fixed,1,3024,1.1988266706466675,0.03481388837099075,0.01989404484629631,0.36940860748291016,1.337003231048584,4,1.0,
fixed,1,3025,1.3344690799713135,0.0,0.0056040361523628235,0.10736560821533203,1.3694807291030884,4,0.25,3.1864922046661377
fixed,1,3026,1.1251438856124878,0.01303234975785017,0.023805107921361923,0.22838592529296875,1.212078332901001,4,1.0,
fixed,1,3027,1.4618593454360962,0.0,0.021283458918333054,0.04762852191925049,1.486789584159851,4,0.5,
fixed,1,3028,1.7203171253204346,0.0,0.0023973158095031977,0.24075806140899658,1.7937432527542114,4,0.0,
fixed,1,3029,0.7433797121047974,0.0,0.04837345331907272,0.18843674659729004,0.8240974545478821,4,1.0,
fixed,1,3030,1.191034197807312,0.0,0.040995221585035324,0.046465516090393066,1.2254714965820312,4,0.75,15.628349304199219
fixed,1,3031,0.9446554780006409,0.020164979621767998,0.011515537276864052,0.04488801956176758,0.973962128162384,4,0.5,
fixed,1,3032,1.1281895637512207,0.013140935450792313,0.0010211714543402195,0.16800856590270996,1.1856732368469238,4,0.25,
fixed,1,3033,1.4396263360977173,0.0,0.028246277943253517,0.046207427978515625,1.4676116704940796,4,0.5,
fixed,1,3034,1.3751442432403564,0.0,0.054045818746089935,0.13615357875823975,1.4430131912231445,4,0.5,
fixed,1,3035,0.6911311149597168,0.0,0.04954630881547928,0.014016389846801758,0.7201091647148132,4,0.5,15.272405624389648
fixed,1,3036,0.8043032884597778,0.0,0.034165989607572556,0.25563526153564453,0.8980768918991089,4,0.0,
fixed,1,3037,0.772710382938385,0.0,0.028575781732797623,0.20906996726989746,0.8497192859649658,4,0.25,
fixed,1,3038,0.7798842191696167,0.0,0.040658701211214066,0.23762083053588867,0.8714998364448547,4,1.0,
fixed,1,3039,1.163382887840271,0.0,0.03948940336704254,0.07830274105072021,1.2066184282302856,4,0.75,
fixed,1,3040,1.2553625106811523,0.0,0.016107147559523582,0.04577517509460449,1.2771486043930054,4,0.5,7.261757850646973
fixed,1,3041,0.9230522513389587,0.0,0.05379866808652878,0.19559454917907715,1.0086299180984497,4,1.0,
fixed,1,3042,1.3595508337020874,0.017148161306977272,0.011340124532580376,0.05639207363128662,1.3907126188278198,4,0.5,
fixed,1,3043,1.1741169691085815,0.0,0.005724746268242598,0.08352982997894287,1.202038288116455,4,0.25,
fixed,1,3044,1.3138854503631592,0.03503614664077759,5.831955058965832e-05,0.0553743839263916,1.348044991493225,4,0.5,
fixed,1,3045,1.3914399147033691,0.0,0.025994988158345222,0.11809825897216797,1.4398669004440308,4,0.75,11.431946754455566
fixed,1,3046,0.8947134613990784,0.01685182936489582,0.018160369247198105,0.3046196699142456,1.0036054849624634,4,1.0,
fixed,1,3047,1.2704311609268188,0.01373323891311884,0.004607188981026411,0.04221534729003906,1.2922660112380981,4,0.5,
fixed,1,3048,1.2692797183990479,0.0,0.012924818322062492,0.04379737377166748,1.2888813018798828,4,0.5,
fixed,1,3049,1.2821097373962402,0.0,1.6242538549704477e-05,0.26474666595458984,1.3615418672561646,4,0.0,
fixed,1,3050,1.4257514476776123,0.027146581560373306,0.005505334120243788,0.04555034637451172,1.4557424783706665,4,0.5,4.208236217498779
fixed,1,3051,1.8105939626693726,0.014810155145823956,0.006121228449046612,0.04979908466339111,1.8359993696212769,4,0.5,
fixed,1,3052,1.065941572189331,0.02303054928779602,0.00734148733317852,0.06395602226257324,1.1003143787384033,4,0.5,
fixed,1,3053,1.3934614658355713,0.024429013952612877,0.008259857073426247,0.05197179317474365,1.4253973960876465,4,0.5,
fixed,1,3054,1.0038670301437378,0.0,0.0223088376224041,0.15839886665344238,1.062541127204895,4,0.25,
fixed,1,3055,1.504370093345642,0.0,0.012401952408254147,0.12946903705596924,1.5494117736816406,4,0.25,5.211658477783203
fixed,1,3056,1.1641925573349,0.0,0.04156713932752609,0.12143146991729736,1.2214056253433228,4,0.75,
fixed,1,3057,1.705956220626831,0.0,0.03673234581947327,0.08554506301879883,1.749985933303833,4,0.75,
fixed,1,3058,1.428924322128296,0.01931891217827797,0.00012054135004291311,0.12467432022094727,1.4760463237762451,4,0.25,
fixed,1,3059,0.7948901653289795,0.0,0.030869968235492706,0.06474041938781738,0.8297472596168518,4,0.5,
fixed,1,3060,0.3665608763694763,0.0,0.027095798403024673,0.15703332424163818,0.4272187650203705,4,0.5,11.187094688415527
fixed,1,3061,0.7354691028594971,0.0,0.00849464163184166,0.09729743003845215,0.7689056396484375,4,0.25,
fixed,1,3062,0.8678783178329468,0.0,0.04128364473581314,0.07251858711242676,0.9102756977081299,4,0.5,
fixed,1,3063,1.786882996559143,0.0,0.017315683886408806,0.04806697368621826,1.809960961341858,4,0.5,
fixed,1,3064,1.414422869682312,0.0,0.009527202695608139,0.026085615158081055,1.4270122051239014,4,0.25,
fixed,1,3065,1.0376545190811157,0.0,0.014680122025310993,0.053199052810668945,1.0609543323516846,4,0.5,7.674813747406006
fixed,1,3066,0.7507244944572449,0.022830376401543617,0.0077561140060424805,0.05320942401885986,0.781980574131012,4,0.5,
fixed,1,3067,1.0634922981262207,0.0,0.022929342463612556,0.2198936939239502,1.1409250497817993,4,0.75,
fixed,1,3068,1.4523524045944214,0.0,0.020928846672177315,0.04177093505859375,1.4753481149673462,4,0.25,
fixed,1,3069,1.5621273517608643,0.0,0.0031208812724798918,0.06662297248840332,1.583674669265747,4,0.25,
fixed,1,3070,0.7774873375892639,0.03672397881746292,0.003959902562201023,0.0904226303100586,0.8249560594558716,4,0.5,4.569802761077881
fixed,1,3071,1.4191038608551025,0.0,0.012709683738648891,0.08673417568206787,1.4514789581298828,4,0.5,
fixed,1,3072,0.7791591882705688,0.0,0.00525285117328167,0.025025010108947754,0.789293110370636,4,0.25,
fixed,1,3073,0.5676634311676025,0.0,0.012800183147192001,0.07042074203491211,0.5951897501945496,4,0.5,
fixed,1,3074,1.119147777557373,0.0,0.02250729314982891,0.45356035232543945,1.2664694786071777,4,1.0,
fixed,1,3075,1.5308125019073486,0.022750895470380783,0.0002108453045366332,0.11956632137298584,1.5781632661819458,4,0.25,7.176288604736328
fixed,1,3076,1.3242238759994507,0.03179699927568436,0.004340793937444687,0.11055207252502441,1.3754583597183228,4,0.5,
fixed,1,3077,1.114077091217041,0.0,0.0043234131298959255,0.09896993637084961,1.1459298133850098,4,0.25,
fixed,1,3078,1.1896377801895142,0.0,0.005182241555303335,0.09662270545959473,1.2212157249450684,4,0.25,
fixed,1,3079,1.2424001693725586,0.0,0.01175428181886673,0.08604025840759277,1.2740893363952637,4,0.5,
fixed,1,3080,0.7848523259162903,0.0,0.005237644538283348,0.09129071235656738,0.8148583769798279,4,0.25,3.286621332168579
fixed,1,3081,1.747758388519287,0.0,0.015242205001413822,0.09539496898651123,1.7839980125427246,4,0.25,
fixed,1,3082,1.6307790279388428,0.018052326515316963,0.009680740535259247,0.06635665893554688,1.6645525693893433,4,0.5,
fixed,1,3083,1.1806429624557495,0.0,0.00634873379021883,0.027161121368408203,1.1919656991958618,4,0.25,
fixed,1,3084,1.277512788772583,0.0,0.007960989139974117,0.0735633373260498,1.3035622835159302,4,0.5,
fixed,1,3085,0.524132251739502,0.0,0.02016962319612503,0.15852880477905273,0.5817757248878479,4,0.75,10.713153839111328
fixed,1,3086,1.5312367677688599,0.045366037636995316,0.0024484824389219284,0.036715030670166016,1.5661585330963135,4,0.5,
fixed,1,3087,0.6424271464347839,0.032955944538116455,0.016670623794198036,0.4128991365432739,0.7911101579666138,4,1.0,
fixed,1,3088,1.3931331634521484,0.0,0.006691821850836277,0.11014485359191895,1.4295225143432617,4,0.25,
fixed,1,3089,1.219207525253296,0.0,0.025162633508443832,0.12304115295410156,1.268701195716858,4,0.75,
fixed,1,3090,1.5080698728561401,0.0,0.031137092038989067,0.02841353416442871,1.5321624279022217,4,0.5,12.160421371459961
fixed,1,3091,0.9968948364257812,0.0,0.01743977889418602,0.1497664451599121,1.0505446195602417,4,0.25,
fixed,1,3092,1.183477520942688,0.0,0.00040522782364860177,0.3675168752670288,1.2939351797103882,4,0.0,
fixed,1,3093,1.075530767440796,0.00020265657803975046,0.023948894813656807,0.029219388961791992,1.096372365951538,4,0.5,
fixed,1,3094,0.8424890637397766,0.020407788455486298,0.010166211053729057,0.08146190643310547,0.8822146654129028,4,0.75,
fixed,1,3095,1.9927921295166016,0.0,0.019969679415225983,0.06716299057006836,2.022925853729248,4,0.5,10.229095458984375
fixed,1,3096,1.354248285293579,0.0,0.05938481539487839,0.1307898759841919,1.423177719116211,4,1.0,
fixed,1,3097,1.6218520402908325,0.009677727706730366,0.018440134823322296,0.0890657901763916,1.6626306772232056,4,0.75,
fixed,1,3098,0.9634628295898438,0.0,0.022992711514234543,0.0464402437210083,0.9888912439346313,4,0.5,
fixed,1,3099,0.9109800457954407,0.0,0.02993122860789299,0.0892934799194336,0.9527336955070496,4,0.75,
fixed,1,3100,1.0317533016204834,0.0,0.025647949427366257,0.033251047134399414,1.0545525550842285,4,0.5,11.32437801361084
fixed,1,3101,1.3423638343811035,0.0,0.009628509171307087,0.09158027172088623,1.3746521472930908,4,0.25,
fixed,1,3102,1.3629486560821533,0.0,0.026014605537056923,0.10687518119812012,1.4080184698104858,4,0.75,
fixed,1,3103,1.4156595468521118,0.015202982351183891,0.014395367354154587,0.11805462837219238,1.4658751487731934,4,0.75,
fixed,1,3104,1.0485447645187378,0.023272771388292313,0.00019477434398140758,0.10799050331115723,1.0926756858825684,4,0.25,
fixed,1,3105,1.1556767225265503,0.0,0.04700028523802757,0.21723854541778564,1.244348406791687,4,1.0,19.23015785217285
fixed,1,3106,0.899649977684021,0.0,0.023769576102495193,0.08010149002075195,0.9355652332305908,4,0.25,
fixed,1,3107,1.1779379844665527,0.0,0.012737537734210491,0.06631600856781006,1.204201579093933,4,0.5,
fixed,1,3108,1.6451125144958496,0.02772126905620098,0.013548674061894417,0.14996647834777832,1.7107374668121338,4,0.75,
fixed,1,3109,1.7094402313232422,0.0,0.0074964300729334354,0.10417985916137695,1.7444424629211426,4,0.25,
fixed,1,3110,0.7284449934959412,0.0,0.014256006106734276,0.0601656436920166,0.7536227107048035,4,0.5,7.457362651824951
fixed,1,3111,0.9074819684028625,0.0,0.019365526735782623,0.05695366859436035,0.9342508316040039,4,0.5,
fixed,1,3112,1.1862224340438843,0.0,0.018388062715530396,0.05082666873931885,1.2106645107269287,4,0.5,
fixed,1,3113,0.9868951439857483,0.0,0.02738111838698387,0.1260432004928589,1.0383986234664917,4,0.75,
fixed,1,3114,1.2558914422988892,0.0,0.0097462497651577,0.03931593894958496,1.272559404373169,4,0.25,
fixed,1,3115,1.3874222040176392,0.0,0.009618117474019527,0.06273376941680908,1.4110513925552368,4,0.5,5.6930999755859375
fixed,1,3116,0.38082781434059143,0.0,0.009994298219680786,0.06816744804382324,0.40627521276474,4,0.5,
fixed,1,3117,1.1749693155288696,0.0,0.008004400879144669,0.0824739933013916,1.2037136554718018,4,0.5,
fixed,1,3118,0.811774730682373,0.02604118548333645,0.009229706600308418,0.15692579746246338,0.8764879107475281,4,0.75,
fixed,1,3119,1.6166362762451172,0.0224140752106905,0.0002815486222971231,0.10622966289520264,1.6598529815673828,4,0.25,
fixed,1,3120,1.0313286781311035,0.05162940174341202,0.003795189782977104,0.14445674419403076,1.102378010749817,4,0.75,11.364139556884766
fixed,1,3121,1.5251611471176147,0.0,0.00418121600523591,0.09064555168151855,1.5544453859329224,4,0.25,
fixed,1,3122,1.233784794807434,0.0,0.017605340108275414,0.05726945400238037,1.2597682476043701,4,0.5,
fixed,1,3123,1.4975587129592896,0.03258080035448074,0.0004067941918037832,0.07481765747070312,1.5364978313446045,4,0.25,
fixed,1,3124,1.1558825969696045,0.0,0.006898490712046623,0.07513678073883057,1.181872844696045,4,0.25,
fixed,1,3125,1.1109702587127686,0.0,0.02040168270468712,0.13865888118743896,1.1627687215805054,4,0.75,9.8555908203125
fixed,1,3126,1.1403157711029053,0.0,0.0099990488961339,0.049633145332336426,1.1602052450180054,4,0.5,
fixed,1,3127,1.6031447649002075,0.0,0.018428802490234375,0.02223813533782959,1.6190305948257446,4,0.5,
fixed,1,3128,1.3591889142990112,0.02240988239645958,0.027896063402295113,0.25658321380615234,1.4613168239593506,4,1.0,
fixed,1,3129,1.3120537996292114,0.021580738946795464,0.007987947203218937,0.0613863468170166,1.3452540636062622,4,0.5,
fixed,1,3130,1.8165340423583984,0.008728866465389729,0.006966324523091316,0.04119718074798584,1.8367407321929932,4,0.5,1.4718660116195679
fixed,1,3131,1.3731518983840942,0.0,0.026177499443292618,0.09562444686889648,1.4149279594421387,4,0.25,
fixed,1,3132,1.6943981647491455,0.016587000340223312,0.000611069961450994,0.15610229969024658,1.7498278617858887,4,0.25,
fixed,1,3133,1.5833829641342163,0.0,0.014161399565637112,0.05913805961608887,1.6082050800323486,4,0.5,
fixed,1,3134,0.9867112040519714,0.0,0.03405869007110596,0.10909605026245117,1.0364693403244019,4,0.75,
fixed,1,3135,0.7503920197486877,0.028916049748659134,0.01752573996782303,0.13249552249908447,0.8133615851402283,4,0.75,1.6342110633850098
fixed,1,3136,1.0580501556396484,0.0,0.010936333797872066,0.060262441635131836,1.081597089767456,4,0.25,
fixed,1,3137,0.6223005056381226,0.02304305136203766,0.010833831503987312,0.04004108905792236,0.6512512564659119,4,0.5,
fixed,1,3138,1.118639588356018,0.020864997059106827,0.007556913420557976,0.10075700283050537,1.1630775928497314,4,0.5,
fixed,1,3139,1.5652633905410767,0.0,0.021857360377907753,0.24677801132202148,1.6502255201339722,4,0.25,
fixed,1,3140,1.207703948020935,0.0,0.01575237140059471,0.0752573013305664,1.2381572723388672,4,0.5,7.796976089477539
fixed,1,3141,1.193881630897522,0.0,0.009294970892369747,0.17457365989685059,1.250901222229004,4,0.25,
fixed,1,3142,1.1787292957305908,0.0,0.009583016857504845,0.15347075462341309,1.2295620441436768,4,0.25,
fixed,1,3143,1.5068320035934448,0.0,0.01659197360277176,0.07519984245300293,1.53768789768219,4,0.5,
fixed,1,3144,0.8740180730819702,0.0,0.03274708241224289,0.07076013088226318,0.9116196632385254,4,0.75,
fixed,1,3145,0.7663306593894958,0.013484196737408638,0.015911251306533813,0.09457886219024658,0.8094020485877991,4,0.75,2.5197882652282715
fixed,1,3146,1.3347591161727905,0.0,0.01546408236026764,0.04057967662811279,1.3546650409698486,4,0.5,
fixed,1,3147,1.5004113912582397,0.0,0.022385621443390846,0.23279333114624023,1.5814422369003296,4,0.75,
fixed,1,3148,1.0632365942001343,0.0,0.0017384137026965618,0.31667017936706543,1.1591068506240845,4,0.0,
fixed,1,3149,1.4084030389785767,0.0,0.011303397826850414,0.03890693187713623,1.4257267713546753,4,0.25,
fixed,1,3150,0.8871412873268127,0.009589324705302715,0.0007081936346367002,0.13165509700775146,0.9317865967750549,4,0.25,5.012834548950195
fixed,1,3151,1.277899980545044,0.0,0.01561686210334301,0.16569912433624268,1.3354181051254272,4,0.75,
fixed,1,3152,1.3819421529769897,0.0,0.008824720047414303,0.05946803092956543,1.404194951057434,4,0.5,
fixed,1,3153,1.2198845148086548,0.0,0.006061520893126726,0.0889350175857544,1.2495957612991333,4,0.25,
fixed,1,3154,1.565508246421814,0.0344247929751873,3.866718179779127e-05,0.08594632148742676,1.6085238456726074,4,0.25,
fixed,1,3155,0.8245788216590881,0.0,0.01296989805996418,0.1946547031402588,0.8894602060317993,4,0.75,7.294763565063477
fixed,1,3156,1.3326408863067627,0.0,0.013597825542092323,0.07752871513366699,1.3626984357833862,4,0.5,
fixed,1,3157,1.9704457521438599,0.017975322902202606,0.0035420458298176527,0.06801784038543701,2.0016098022460938,4,0.5,
fixed,1,3158,1.5622230768203735,9.400168892170768e-06,0.01115844864398241,0.11954021453857422,1.6036690473556519,4,0.25,
fixed,1,3159,1.3129302263259888,0.000713747926056385,0.0033110640943050385,0.060896873474121094,1.3332116603851318,4,0.25,
fixed,1,3160,1.5323140621185303,8.496931513946038e-06,0.00327612878754735,0.08211874961853027,1.5585919618606567,4,0.25,1.7995550632476807
fixed,1,3161,1.0089640617370605,0.021938234567642212,0.00360700860619545,0.07811808586120605,1.045172095298767,4,0.5,
fixed,1,3162,0.7628061175346375,0.0,0.017661545425653458,0.47254711389541626,0.9134010076522827,4,1.0,
fixed,1,3163,1.5813755989074707,0.0,0.0027876468375325203,0.07904171943664551,1.606481909751892,4,0.25,
fixed,1,3164,1.3778154850006104,0.0,0.010091199539601803,0.09505009651184082,1.4113761186599731,4,0.25,
fixed,1,3165,1.772839903831482,0.0,0.009154175408184528,0.08792579174041748,1.8037947416305542,4,0.25,4.522027969360352
fixed,1,3166,2.0673046112060547,0.0,0.0180403720587492,0.17646420001983643,2.1292641162872314,4,0.75,
fixed,1,3167,2.216146469116211,0.0,0.0069543467834591866,0.05772066116333008,2.2369399070739746,4,0.5,
fixed,1,3168,0.7928856611251831,0.0,0.008261781185865402,0.05956459045410156,0.8148859143257141,4,0.5,
fixed,1,3169,1.1114753484725952,0.0,0.008796937763690948,0.050656795501708984,1.131070852279663,4,0.5,
fixed,1,3170,0.888231098651886,0.0,0.019722921773791313,0.030271172523498535,0.9071739315986633,4,0.5,8.780329704284668
fixed,1,3171,1.6133540868759155,0.0,0.010603769682347775,0.05237889289855957,1.6343696117401123,4,0.5,
fixed,1,3172,1.2488077878952026,0.0,0.007720747962594032,0.24491965770721436,1.3261440992355347,4,0.75,
fixed,1,3173,0.5314851403236389,0.0,0.006548685487359762,0.15426230430603027,0.5810381770133972,4,0.25,
fixed,1,3174,0.6288511157035828,0.0,0.00405174121260643,0.2822437286376953,0.7155501246452332,4,0.0,
fixed,1,3175,1.4781289100646973,0.034065376967191696,0.010352597571909428,0.05890321731567383,1.518008828163147,4,0.5,2.558893918991089
fixed,1,3176,1.113202452659607,0.0,0.00442157406359911,0.09884142875671387,1.1450656652450562,4,0.5,
fixed,1,3177,1.899156093597412,0.0,0.0010738132987171412,0.3900940418243408,2.016721248626709,4,0.0,
fixed,1,3178,1.4027854204177856,0.0,0.007606568746268749,0.11548185348510742,1.4412332773208618,4,0.25,
fixed,1,3179,1.225104808807373,0.0,0.010883713141083717,0.2164684534072876,1.2954871654510498,4,0.75,
fixed,1,3180,0.9051973223686218,0.020751725882291794,0.009103015996515751,0.16047024726867676,0.9682657718658447,4,0.75,2.607940196990967
fixed,1,3181,1.017759919166565,0.03119768016040325,0.006850773002952337,0.19381535053253174,1.0949287414550781,4,0.75,
fixed,1,3182,1.2086217403411865,0.0,0.005193821154534817,0.10449731349945068,1.2425678968429565,4,0.25,
fixed,1,3183,1.8297221660614014,0.0,0.01140207052230835,0.0633934736251831,1.8544412851333618,4,0.5,
fixed,1,3184,1.520759105682373,0.0,0.02190399169921875,0.403516948223114,1.652766227722168,4,1.0,
fixed,1,3185,1.0899039506912231,0.0,0.0188969224691391,0.04138290882110596,1.111767292022705,4,0.5,8.279447555541992
fixed,1,3186,1.3000839948654175,0.0,0.02311909757554531,0.11354851722717285,1.3457081317901611,4,0.75,
fixed,1,3187,1.2784953117370605,0.0,0.012778309173882008,0.13592255115509033,1.3256611824035645,4,0.25,
fixed,1,3188,0.7066337466239929,0.0,0.027385450899600983,0.09674036502838135,0.7493485808372498,4,0.75,
fixed,1,3189,1.8132983446121216,0.0,0.04128441959619522,0.06364095211029053,1.8530328273773193,4,0.5,
fixed,1,3190,1.4865458011627197,0.0,0.04640407860279083,0.0410914421081543,1.5220752954483032,4,0.75,15.761979103088379
fixed,1,3191,0.6543596982955933,0.0,0.00652992632240057,0.11654412746429443,0.6925879120826721,4,0.25,
fixed,1,3192,1.4121930599212646,0.0,0.013918822631239891,0.04750943183898926,1.4334052801132202,4,0.5,
fixed,1,3193,1.3326369524002075,0.0,0.01107310876250267,0.04495060443878174,1.3516587018966675,4,0.25,
fixed,1,3194,0.9917565584182739,0.0,0.007276791147887707,0.1137310266494751,1.0295143127441406,4,0.25,
fixed,1,3195,1.0464614629745483,0.0,0.018272755667567253,0.05158889293670654,1.0710744857788086,4,0.5,8.70520305633545
fixed,1,3196,1.0653079748153687,0.0,0.012710359878838062,0.05497002601623535,1.0881541967391968,4,0.5,
fixed,1,3197,1.2401906251907349,0.0,0.022288186475634575,0.0537722110748291,1.267466425895691,4,0.5,
fixed,1,3198,1.3593366146087646,0.0,0.004608866758644581,0.09801578521728516,1.3910458087921143,4,0.25,
fixed,1,3199,0.9647756218910217,0.0,0.006690383888781071,0.07595813274383545,0.9909082651138306,4,0.5,
fixed,1,3200,0.9202648997306824,0.0,0.019600747153162956,0.06862127780914307,0.9506516456604004,4,0.5,8.850184440612793
fixed,1,3201,1.8457425832748413,0.0,0.00012978103768546134,0.35504770278930664,1.9523217678070068,4,0.0,
fixed,1,3202,1.5876069068908691,0.0,0.00392117677256465,0.03156614303588867,1.5990372896194458,4,0.25,
fixed,1,3203,1.0426236391067505,0.03154085949063301,0.006788443773984909,0.5625526309013367,1.2305541038513184,4,1.0,
fixed,1,3204,1.5857487916946411,0.0,0.011390152387320995,0.22808372974395752,1.6598689556121826,4,0.75,
fixed,1,3205,0.9755404591560364,0.043515708297491074,0.005990287289023399,0.4238724708557129,1.127455234527588,4,0.75,2.820103168487549
fixed,1,3206,0.9751443862915039,0.0,0.0024752342142164707,0.059200406074523926,0.9941421151161194,4,0.25,
fixed,1,3207,0.9114976525306702,0.0,0.004061996936798096,0.026961803436279297,0.9216172099113464,4,0.25,
fixed,1,3208,1.028014898300171,0.0,0.004772370681166649,0.07343435287475586,1.052431344985962,4,0.5,
fixed,1,3209,0.827422022819519,0.0,0.020288439467549324,0.4309908151626587,0.9668635129928589,4,1.0,
fixed,1,3210,0.8671196699142456,0.0,0.0021086279302835464,0.20583057403564453,0.9299231767654419,4,0.0,2.173597574234009
fixed,1,3211,1.8048229217529297,0.0,0.0004334273689892143,0.33197319507598877,1.9046316146850586,4,0.0,
fixed,1,3212,1.205567717552185,0.0,0.003490357892587781,0.09130620956420898,1.2347047328948975,4,0.25,
fixed,1,3213,1.135730266571045,0.030364155769348145,0.003373226150870323,0.06118440628051758,1.1709542274475098,4,0.5,
fixed,1,3214,0.876996636390686,0.0,0.0207501407712698,0.13561153411865234,0.9280551671981812,4,0.75,
fixed,1,3215,1.0697743892669678,0.0,0.02420891262590885,0.11169612407684326,1.1153876781463623,4,0.75,11.652932167053223
fixed,1,3216,0.6054713726043701,0.0,0.014843643642961979,0.03808927536010742,0.6243199706077576,4,0.5,
fixed,1,3217,0.6898671984672546,0.0,0.0120845390483737,0.05288887023925781,0.7117761373519897,4,0.5,
fixed,1,3218,1.246142029762268,0.0,0.010732696391642094,0.05694437026977539,1.2685916423797607,4,0.5,
fixed,1,3219,1.8265053033828735,0.026863696053624153,0.008154238574206829,0.05227160453796387,1.8596957921981812,4,0.5,
fixed,1,3220,1.2677867412567139,0.021010754629969597,0.018488243222236633,0.05247855186462402,1.3032797574996948,4,0.5,1.585323452949524
fixed,1,3221,1.5427229404449463,0.0,0.006679442245513201,0.1135263442993164,1.58012056350708,4,0.25,
fixed,1,3222,0.9705276489257812,0.0,0.03795895725488663,0.24144518375396729,1.0619406700134277,4,1.0,
fixed,1,3223,0.4829501509666443,0.0,0.0068094199523329735,0.12538015842437744,0.5239689350128174,4,0.25,
fixed,1,3224,1.2430050373077393,0.02900574915111065,0.014328829012811184,0.11595582962036133,1.2994590997695923,4,0.75,
fixed,1,3225,1.367759108543396,0.0,0.016356054693460464,0.04503345489501953,1.3894472122192383,4,0.5,7.763019561767578
fixed,1,3226,1.0167263746261597,0.0,0.010825499892234802,0.13234543800354004,1.0618427991867065,4,0.25,
fixed,1,3227,0.6770134568214417,0.0,0.040538739413022995,0.22388410568237305,0.7644480466842651,4,1.0,
fixed,1,3228,1.2145626544952393,0.012987201102077961,0.010029044933617115,0.0488734245300293,1.2407327890396118,4,0.5,
fixed,1,3229,1.094626545906067,0.0,0.0334615483880043,0.06975889205932617,1.1322849988937378,4,0.75,
fixed,1,3230,1.157134771347046,0.009520597755908966,0.028599312528967857,0.04769575595855713,1.190503478050232,4,0.75,6.491064548492432
fixed,1,3231,1.7287343740463257,0.0,0.03747882321476936,0.06796574592590332,1.7678635120391846,4,0.75,
fixed,1,3232,1.2968180179595947,0.013341490179300308,0.011135081760585308,0.03047323226928711,1.318198323249817,4,0.5,
fixed,1,3233,1.0729376077651978,0.010650533251464367,0.010262557305395603,0.05877876281738281,1.1010277271270752,4,0.5,
fixed,1,3234,1.4725853204727173,0.0,0.03217453137040138,0.0680229663848877,1.5090794563293457,4,0.5,
fixed,1,3235,0.7470610737800598,0.0,0.012983802706003189,0.05415809154510498,0.7698004245758057,4,0.5,6.493809223175049
fixed,1,3236,1.3951661586761475,0.0,0.012453446164727211,0.044724464416503906,1.4148101806640625,4,0.25,
fixed,1,3237,1.2064218521118164,0.0,0.015011372044682503,0.07384109497070312,1.2360798120498657,4,0.5,
fixed,1,3238,0.9223871231079102,0.025957608595490456,0.025526730343699455,0.2846013307571411,1.0335097312927246,4,1.0,
fixed,1,3239,0.9726461172103882,0.0,0.031640566885471344,0.028417348861694336,0.9969916343688965,4,0.5,
fixed,1,3240,1.0289585590362549,0.01436574012041092,0.008453572168946266,0.09392166137695312,1.0685447454452515,4,0.5,2.2838592529296875
fixed,1,3241,1.1584111452102661,0.014772162772715092,0.03384220972657204,0.21061813831329346,1.245903730392456,4,1.0,
fixed,1,3242,1.6104483604431152,0.0,0.01628415286540985,0.08745503425598145,1.644826889038086,4,0.5,
fixed,1,3243,1.3775912523269653,0.0,0.01753174141049385,0.07310760021209717,1.4082894325256348,4,0.5,
fixed,1,3244,1.1703462600708008,0.0,0.006241572089493275,0.13804912567138672,1.2148817777633667,4,0.25,
fixed,1,3245,1.2669438123703003,0.0,0.005622257012873888,0.13976991176605225,1.3116859197616577,4,0.25,3.5052449703216553
fixed,1,3246,0.7266001105308533,0.0,0.024565938860177994,0.11317801475524902,0.7728365063667297,4,0.75,
fixed,1,3247,1.909885287284851,0.02891663648188114,0.003158358158543706,0.028550028800964355,1.9344878196716309,4,0.25,
fixed,1,3248,0.7847855687141418,0.0,0.012982592917978764,0.05219531059265137,0.8069354295730591,4,0.5,
fixed,1,3249,0.6551852226257324,0.030020300298929214,0.005435395985841751,0.0515289306640625,0.6883717775344849,4,0.5,
fixed,1,3250,1.4193185567855835,0.0,0.009059436619281769,0.09090173244476318,1.45111882686615,4,0.25,4.833188533782959
fixed,1,3251,1.4690396785736084,0.0,0.0056559438817203045,0.0775613784790039,1.495136022567749,4,0.25,
fixed,1,3252,0.8649727702140808,0.0,0.034853849560022354,0.1722017526626587,0.9340602159500122,4,0.75,
fixed,1,3253,1.5078344345092773,0.0298139750957489,0.0005372808082029223,0.07966446876525879,1.5469094514846802,4,0.25,
fixed,1,3254,0.8178947567939758,0.03301206976175308,0.006725815590471029,0.04891562461853027,0.8524383902549744,4,0.5,
fixed,1,3255,1.1641353368759155,0.0,0.019086331129074097,0.04564976692199707,1.187373399734497,4,0.5,8.748296737670898
fixed,1,3256,1.3506876230239868,0.0,0.020118264481425285,0.05154705047607422,1.3762109279632568,4,0.5,
fixed,1,3257,0.8175967335700989,0.0,0.011217158287763596,0.07710576057434082,0.8463370203971863,4,0.5,
fixed,1,3258,1.372070074081421,0.0,0.015856118872761726,0.16946732997894287,1.4308383464813232,4,0.75,
fixed,1,3259,1.5750852823257446,0.0,0.0047408780083060265,0.10856461524963379,1.61002516746521,4,0.25,
fixed,1,3260,1.4547122716903687,0.0,0.00986764021217823,0.13278019428253174,1.499480128288269,4,0.25,5.051718711853027
fixed,1,3261,0.9860548973083496,0.0,0.014294067397713661,0.1886136531829834,1.04978609085083,4,0.75,
fixed,1,3262,1.3198853731155396,0.022198963910341263,0.02900497242808342,0.275081992149353,1.4280118942260742,4,1.0,
fixed,1,3263,1.2088326215744019,0.0,0.01725853979587555,0.17665278911590576,1.2704577445983887,4,0.75,
fixed,1,3264,0.769419252872467,0.0,0.003409528871998191,0.11541414260864258,0.8057482838630676,4,0.25,
fixed,1,3265,0.9395557045936584,0.0,0.021434426307678223,0.15606987476348877,0.9970938563346863,4,0.75,10.056818008422852
fixed,1,3266,0.8251174688339233,0.0,0.013130816631019115,0.31926679611206055,0.9274629354476929,4,0.75,
fixed,1,3267,1.0589540004730225,0.0,0.009314664639532566,0.06685018539428711,1.083666443824768,4,0.5,
fixed,1,3268,1.9173470735549927,0.0,0.03390472009778023,0.09060287475585938,1.9614802598953247,4,0.75,
fixed,1,3269,1.3661507368087769,0.0,0.012919059954583645,0.052392005920410156,1.3883278369903564,4,0.5,
fixed,1,3270,0.7738963961601257,0.01855168491601944,0.007611059118062258,0.052971482276916504,0.8028692007064819,4,0.5,3.3949785232543945
fixed,1,3271,1.4361958503723145,0.0,0.028534555807709694,0.1024630069732666,1.4812020063400269,4,0.75,
fixed,1,3272,1.174238920211792,0.027219068259000778,0.012305021286010742,0.13502395153045654,1.2345081567764282,4,0.75,
fixed,1,3273,2.035639524459839,0.035613059997558594,0.00030560523737221956,0.04662132263183594,2.0675852298736572,4,0.5,
fixed,1,3274,1.1193500757217407,0.0,0.01922423578798771,0.2393784523010254,1.2007757425308228,4,0.5,
fixed,1,3275,1.3146755695343018,0.0,0.013146494515240192,0.0586773157119751,1.338852047920227,4,0.5,6.992621421813965
fixed,1,3276,1.0328067541122437,0.019898291677236557,0.010658987797796726,0.06374692916870117,1.0672094821929932,4,0.5,
fixed,1,3277,1.7966008186340332,0.0,0.01857851631939411,0.06772112846374512,1.8262064456939697,4,0.5,
fixed,1,3278,1.1245896816253662,0.0,0.020649809390306473,0.07945990562438965,1.1587525606155396,4,0.5,
fixed,1,3279,0.7416853308677673,0.028471380472183228,0.008444288745522499,0.10605204105377197,0.7919588088989258,4,0.5,
fixed,1,3280,1.1647796630859375,0.009994384832680225,0.018123826012015343,0.017182230949401855,1.1839934587478638,4,0.5,4.085939884185791
fixed,1,3281,1.0827876329421997,0.0031007942743599415,0.010497217066586018,0.14406442642211914,1.1328059434890747,4,0.25,
fixed,1,3282,1.0899312496185303,0.0,0.024492021650075912,0.08690392971038818,1.1282484531402588,4,0.5,
fixed,1,3283,1.3596749305725098,0.0,0.03177773579955101,0.12523746490478516,1.413135051727295,4,0.75,
fixed,1,3284,1.6269859075546265,0.008373736403882504,0.026505185291171074,0.0992288589477539,1.6741939783096313,4,0.75,
fixed,1,3285,1.1900641918182373,0.003722849767655134,0.0123020363971591,0.14815783500671387,1.2425240278244019,4,0.25,3.302675247192383
fixed,1,3286,0.9558478593826294,0.006213943939656019,0.016243087127804756,0.13672757148742676,1.0080946683883667,4,0.25,
fixed,1,3287,1.0889291763305664,0.0,0.03644343093037605,0.0990302562713623,1.1368600130081177,4,0.75,
fixed,1,3288,1.2510485649108887,0.0,0.05195663869380951,0.07401728630065918,1.2992321252822876,4,0.75,
fixed,1,3289,1.114813208580017,0.0,0.001988794421777129,0.44939684867858887,1.2506266832351685,4,0.0,
fixed,1,3290,1.2796096801757812,0.0,0.03158460929989815,0.061887264251708984,1.3139681816101074,4,0.5,12.84659194946289
fixed,1,3291,0.9116777777671814,0.0,0.023338336497545242,0.1334317922592163,0.9633764624595642,4,0.75,
fixed,1,3292,1.4253416061401367,0.0,0.023265743628144264,0.12696945667266846,1.4750653505325317,4,0.75,
fixed,1,3293,1.270522117614746,0.030286069959402084,0.012894082814455032,0.14858675003051758,1.3366882801055908,4,0.75,
fixed,1,3294,1.5058153867721558,0.0,0.051519203931093216,0.06432533264160156,1.550872564315796,4,0.5,
fixed,1,3295,1.0952855348587036,0.0,0.023779679089784622,0.3746833801269531,1.2195804119110107,4,1.0,11.910961151123047
fixed,1,3296,0.661311149597168,0.0,0.013910893350839615,0.06746912002563477,0.6885073184967041,4,0.5,
fixed,1,3297,1.3086330890655518,0.0,0.013572650030255318,0.16894173622131348,1.3661019802093506,4,0.75,
fixed,1,3298,1.0193678140640259,0.0,0.012496717274188995,0.027201175689697266,1.0337765216827393,4,0.5,
fixed,1,3299,0.785071849822998,0.0,0.011571988463401794,0.03330886363983154,0.800850510597229,4,0.5,
fixed,1,3300,1.1594088077545166,0.014195120893418789,8.739803161006421e-05,0.09832882881164551,1.1960487365722656,4,0.25,5.440342903137207
fixed,1,3301,1.2245004177093506,0.0,0.004915896337479353,0.06496226787567139,1.2464470863342285,4,0.25,
fixed,1,3302,0.6828980445861816,0.0,0.013372308574616909,0.03776228427886963,0.7009128928184509,4,0.5,
fixed,1,3303,1.4270297288894653,0.0,0.025935480371117592,0.1118168830871582,1.47354257106781,4,0.75,
fixed,1,3304,1.5079728364944458,0.0,0.03362825885415077,0.3087623119354248,1.6174156665802002,4,1.0,
fixed,1,3305,1.3575770854949951,0.0,0.00015921819431241602,0.3883892297744751,1.4741734266281128,4,0.0,0.8330867290496826
fixed,1,3306,1.992995262145996,0.0,0.009524052031338215,0.07369005680084229,2.019864320755005,4,0.5,
fixed,1,3307,0.6934055685997009,0.0,0.007358703296631575,0.08415722846984863,0.7223321199417114,4,0.5,
fixed,1,3308,1.0067299604415894,0.0,0.017960552126169205,0.2745668888092041,1.0980802774429321,4,0.75,
fixed,1,3309,1.3854598999023438,0.0,0.004513946827501059,0.10814034938812256,1.4201589822769165,4,0.25,
fixed,1,3310,1.35941481590271,0.0,0.008628417737782001,0.08690404891967773,1.3898001909255981,4,0.5,4.515254974365234
fixed,1,3311,1.7303386926651,0.0,0.011973630636930466,0.08193075656890869,1.7609047889709473,4,0.5,
fixed,1,3312,0.7867765426635742,0.02525678649544716,0.010125034488737583,0.16995906829833984,0.8554551601409912,4,0.75,
fixed,1,3313,1.2140986919403076,0.0,0.003387084696441889,0.09698033332824707,1.2448862791061401,4,0.25,
fixed,1,3314,1.0446686744689941,0.0,0.00897336844354868,0.0704193115234375,1.0702811479568481,4,0.5,
fixed,1,3315,1.3071482181549072,0.0,0.012680010870099068,0.1894592046737671,1.370326042175293,4,0.75,6.853194236755371
fixed,1,3316,1.4478745460510254,0.0,0.009630387648940086,0.07853090763092041,1.4762489795684814,4,0.5,
fixed,1,3317,1.8127548694610596,0.0,0.008093379437923431,0.06778180599212646,1.837136149406433,4,0.5,
fixed,1,3318,1.3045142889022827,0.015038789249956608,0.007266529370099306,0.046956539154052734,1.3297538757324219,4,0.5,
fixed,1,3319,1.5861469507217407,0.016221167519688606,0.0006726831779815257,0.12927329540252686,1.633375883102417,4,0.25,
fixed,1,3320,0.862346351146698,0.01845027133822441,0.00874411128461361,0.051764845848083496,0.8914729952812195,4,0.5,2.333327054977417
fixed,1,3321,1.0925425291061401,0.0,0.028462497517466545,0.2007685899734497,1.1670043468475342,4,0.75,
fixed,1,3322,2.0377724170684814,0.016931815072894096,0.0007499007042497396,0.14948928356170654,2.0914599895477295,4,0.25,
fixed,1,3323,0.7119590044021606,0.0,0.007776631973683834,0.07107663154602051,0.7371703386306763,4,0.5,
fixed,1,3324,1.4495418071746826,0.0,0.021548986434936523,0.12688124179840088,1.4983806610107422,4,0.75,
fixed,1,3325,1.7245031595230103,0.0,0.005806859582662582,0.12153100967407227,1.7638659477233887,4,0.25,3.453261613845825
fixed,1,3326,1.0066949129104614,0.0,0.011685509234666824,0.06414377689361572,1.0317808389663696,4,0.5,
fixed,1,3327,0.7972115874290466,0.0,0.012785933911800385,0.06384766101837158,0.8227588534355164,4,0.5,
fixed,1,3328,1.170431137084961,0.0,0.03827112540602684,0.08718323707580566,1.2157217264175415,4,0.75,
fixed,1,3329,0.676293134689331,0.010532340034842491,0.00042308951378799975,0.17155146598815918,0.7332363128662109,4,0.25,
fixed,1,3330,1.0110429525375366,0.0,0.004476066213101149,0.2710074186325073,1.09458327293396,4,0.0,3.8948590755462646
fixed,1,3331,1.4708659648895264,0.03258276730775833,0.0003585621016100049,0.10703158378601074,1.5194461345672607,4,0.25,
fixed,1,3332,1.3994684219360352,0.0,0.04123331233859062,0.11764419078826904,1.4553782939910889,4,0.75,
fixed,1,3333,1.0438827276229858,0.0,0.024803247302770615,0.11653196811676025,1.0912439823150635,4,0.75,
fixed,1,3334,1.0857857465744019,0.0,0.015920192003250122,0.1588979959487915,1.1414152383804321,4,0.75,
fixed,1,3335,0.9784345626831055,0.030426235869526863,0.01836267113685608,0.3712794780731201,1.1142128705978394,4,1.0,2.520371198654175
fixed,1,3336,0.9095334410667419,0.0,0.018962057307362556,0.13453161716461182,0.959373950958252,4,0.75,
fixed,1,3337,1.15706205368042,0.008775198832154274,0.030021360144019127,0.04502749443054199,1.1899685859680176,4,0.75,
fixed,1,3338,1.1060315370559692,0.0,0.011845305562019348,0.059128522872924805,1.129692792892456,4,0.25,
fixed,1,3339,0.8934995532035828,0.0,0.017427684739232063,0.04822683334350586,0.9166814684867859,4,0.5,
fixed,1,3340,1.6576684713363647,0.0,0.023294201120734215,0.11387360095977783,1.7034776210784912,4,0.75,10.940747261047363
fixed,1,3341,1.192008376121521,0.0,0.03253849595785141,0.28768253326416016,1.2945823669433594,4,1.0,
fixed,1,3342,1.0463329553604126,0.0,0.023631861433386803,0.10781002044677734,1.0904918909072876,4,0.75,
fixed,1,3343,1.1573048830032349,0.0037822553422302008,0.020773427560925484,0.09039652347564697,1.1967016458511353,4,0.5,
fixed,1,3344,1.9892204999923706,0.02193348854780197,0.00022635984350927174,0.11235630512237549,2.0340073108673096,4,0.25,
fixed,1,3345,1.2080323696136475,0.0,0.025421585887670517,0.09288811683654785,1.2486095428466797,4,0.5,11.229997634887695
fixed,1,3346,1.061562418937683,0.0,0.05352907255291939,0.060979604721069336,1.1066207885742188,4,0.5,
fixed,1,3347,0.8493579030036926,0.0,0.01351146586239338,0.2106468677520752,0.9193077087402344,4,0.25,
fixed,1,3348,1.2282683849334717,0.0,0.030837606638669968,0.08882629871368408,1.270335078239441,4,0.75,
fixed,1,3349,1.240323543548584,0.0,0.01854579523205757,0.07330322265625,1.2715873718261719,4,0.5,
fixed,1,3350,0.7368119359016418,0.0,0.010973350144922733,0.16353344917297363,0.7913586497306824,4,0.25,5.460679531097412
fixed,1,3351,0.7887365818023682,0.0,0.015155378729104996,0.050617098808288574,0.8114994168281555,4,0.25,
fixed,1,3352,0.9490675330162048,0.007861246354877949,0.0009441074216738343,0.2182697057723999,1.018951177597046,4,0.25,
fixed,1,3353,1.6258972883224487,0.0,0.016615938395261765,0.04668772220611572,1.6482115983963013,4,0.5,
fixed,1,3354,0.913478672504425,0.0,0.0013549078721553087,0.3827495574951172,1.0289809703826904,4,0.0,
fixed,1,3355,1.1654398441314697,0.0,0.004900956526398659,0.08340191841125488,1.19291090965271,4,0.25,3.3784337043762207
fixed,1,3356,1.321207880973816,0.0,0.0010631114710122347,0.344165563583374,1.424989104270935,4,0.0,
fixed,1,3357,1.2078698873519897,0.0,0.008541062474250793,0.0715104341506958,1.2335935831069946,4,0.25,
fixed,1,3358,0.8384443521499634,0.0,0.009292654693126678,0.08857846260070801,0.869664192199707,4,0.5,
fixed,1,3359,1.464777946472168,0.0,0.002462815959006548,0.05010783672332764,1.481041669845581,4,0.25,
fixed,1,3360,0.6913354396820068,0.0,0.005910029634833336,0.11268067359924316,0.7280946373939514,4,0.5,3.5314722061157227
fixed,1,3361,0.8059349060058594,0.04164905473589897,0.0014741248451173306,0.08442878723144531,0.8528251647949219,4,0.5,
fixed,1,3362,1.2531019449234009,0.0300151314586401,0.003338766051456332,0.2580575942993164,1.3471962213516235,4,0.75,
fixed,1,3363,1.3235067129135132,2.1896448743063956e-06,0.02313854545354843,0.17695093154907227,1.38816237449646,4,0.75,
fixed,1,3364,1.7106810808181763,3.4571576179587282e-06,0.005860769189894199,0.07652103900909424,1.7365695238113403,4,0.5,
fixed,1,3365,0.8472304940223694,2.5322601686639246e-06,0.0021554369013756514,0.081565260887146,0.8727790713310242,4,0.25,1.3561168909072876
fixed,1,3366,1.2141236066818237,6.649605666098068e-07,0.0026662566233426332,0.07981383800506592,1.2394012212753296,4,0.25,
fixed,1,3367,1.741326093673706,0.0,0.01519665028899908,0.13059759140014648,1.788103699684143,4,0.25,
fixed,1,3368,0.8282138705253601,4.157544424288062e-07,0.002809354569762945,0.11215651035308838,0.8632656931877136,4,0.5,
fixed,1,3369,0.9272139668464661,2.649017893929795e-09,0.008716516196727753,0.09383785724639893,0.9597235918045044,4,0.5,
fixed,1,3370,1.2282929420471191,0.0,0.005109179764986038,0.11987698078155518,1.266810655593872,4,0.5,3.0252676010131836
fixed,1,3371,1.1494232416152954,0.0,0.006052506621927023,0.10800862312316895,1.184852123260498,4,0.5,
fixed,1,3372,1.413446068763733,0.0,0.004110126290470362,0.324603796005249,1.5128822326660156,4,0.75,
fixed,1,3373,1.6147925853729248,0.0,0.004158392082899809,0.11265206336975098,1.650667428970337,4,0.5,
fixed,1,3374,0.9973016977310181,0.0,0.006414372939616442,0.10170340538024902,1.031019926071167,4,0.5,
fixed,1,3375,1.5412261486053467,0.0,0.0025715657975524664,0.12260293960571289,1.5792927742004395,4,0.25,1.8363972902297974
fixed,1,3376,1.0008656978607178,0.0,0.005967744160443544,0.11873340606689453,1.039469599723816,4,0.5,
fixed,1,3377,1.5674210786819458,0.0,0.00410535279661417,0.13196027278900146,1.60906183719635,4,0.25,
fixed,1,3378,1.194888710975647,0.0,0.025296375155448914,0.43826955556869507,1.3390177488327026,4,1.0,
fixed,1,3379,1.8245781660079956,0.0,0.007141243666410446,0.08532905578613281,1.8537474870681763,4,0.5,
fixed,1,3380,0.4701581299304962,0.0,0.01691586896777153,0.2929345369338989,0.5664964318275452,4,0.75,8.848085403442383
fixed,1,3381,1.0631027221679688,0.0,0.004679718986153603,0.0946042537689209,1.0938239097595215,4,0.25,
fixed,1,3382,0.6459813714027405,0.0,0.031115902587771416,0.1192026138305664,0.697300136089325,4,0.75,
fixed,1,3383,1.2659823894500732,0.0,0.006447890307754278,0.029388427734375,1.2780228853225708,4,0.25,
fixed,1,3384,1.4729011058807373,0.0,0.00856091734021902,0.08537900447845459,1.5027952194213867,4,0.25,
fixed,1,3385,1.2380897998809814,0.0,0.014335710555315018,0.062187910079956055,1.2639139890670776,4,0.5,7.205942630767822
fixed,1,3386,1.1875423192977905,0.0,0.021563446149230003,0.034255146980285645,1.208600640296936,4,0.5,
fixed,1,3387,1.1768455505371094,0.0,0.0376623310148716,0.3166193962097168,1.2906625270843506,4,1.0,
fixed,1,3388,0.4701855778694153,0.0,0.014019510708749294,0.06283974647521973,0.4960472583770752,4,0.5,
fixed,1,3389,1.0609705448150635,0.0,0.0059180534444749355,0.09438979625701904,1.0922465324401855,4,0.25,
fixed,1,3390,1.6185134649276733,0.010692667216062546,0.00818354357033968,0.05458033084869385,1.644325613975525,4,0.5,2.053921937942505
fixed,1,3391,0.7128534913063049,0.0,0.01467345841228962,0.059262871742248535,0.7379691004753113,4,0.5,
fixed,1,3392,0.9560040831565857,0.01453054416924715,0.01424914225935936,0.11729025840759277,1.005581021308899,4,0.75,
fixed,1,3393,1.0581986904144287,0.0,0.03581961244344711,0.3033541440963745,1.1671147346496582,4,1.0,
fixed,1,3394,0.41967830061912537,0.0,0.014178055338561535,0.06761717796325684,0.4470524787902832,4,0.25,
fixed,1,3395,0.8420401811599731,0.0,0.04098271206021309,0.2628633975982666,0.9413905739784241,4,1.0,16.52850914001465
fixed,1,3396,0.2963867783546448,0.0,0.013307691551744938,0.06443893909454346,0.32237231731414795,4,0.5,
fixed,1,3397,0.8272237181663513,0.006930699571967125,0.018834082409739494,0.07847154140472412,0.8636475801467896,4,0.75,
fixed,1,3398,1.8747285604476929,0.0,0.03057687170803547,0.09357583522796631,1.918089747428894,4,0.5,
fixed,1,3399,1.3319728374481201,0.0,0.03621596843004227,0.027889728546142578,1.358447790145874,4,0.5,
fixed,1,3400,1.3788444995880127,0.00761259812861681,0.016828658059239388,0.27911603450775146,1.4747999906539917,4,1.0,5.340878963470459
fixed,1,3401,1.513537883758545,0.0,0.010250439867377281,0.18776655197143555,1.5749931335449219,4,0.25,
fixed,1,3402,1.5178414583206177,0.0,0.027433302253484726,0.1055135726928711,1.5632121562957764,4,0.75,
fixed,1,3403,1.020247459411621,0.0,0.03935912251472473,0.07637441158294678,1.062839388847351,4,0.75,
fixed,1,3404,0.7881426215171814,0.006409676279872656,0.0351375974714756,0.05336201190948486,0.824924886226654,4,0.75,
fixed,1,3405,1.63482666015625,0.008479105308651924,0.0007685634773224592,0.22155654430389404,1.705917477607727,4,0.25,4.521579742431641
fixed,1,3406,1.0535199642181396,0.006831767503172159,0.025222087278962135,0.0643002986907959,1.0888370275497437,4,0.75,
fixed,1,3407,1.4238581657409668,0.0,0.003953343257308006,0.3046391010284424,1.5172265768051147,4,0.0,
fixed,1,3408,0.8871409296989441,0.0,0.03350759670138359,0.08295226097106934,0.9287804365158081,4,0.75,
fixed,1,3409,1.137221097946167,0.030000165104866028,0.00926687940955162,0.15651822090148926,1.2038100957870483,4,0.75,
fixed,1,3410,1.5629374980926514,0.0,0.026761852204799652,0.07771098613739014,1.599631667137146,4,0.5,11.305290222167969
fixed,1,3411,1.0689587593078613,0.01275585126131773,0.011606997810304165,0.02246558666229248,1.0878798961639404,4,0.5,
fixed,1,3412,1.3591586351394653,0.0,0.023105589672923088,0.19775152206420898,1.4300369024276733,4,0.25,
fixed,1,3413,0.891979455947876,0.0,0.023789480328559875,0.11645674705505371,0.9388112425804138,4,0.75,
fixed,1,3414,0.935407280921936,0.0,0.021923499181866646,0.04324507713317871,0.9593425393104553,4,0.5,
fixed,1,3415,1.3162996768951416,0.0,0.022364920005202293,0.12101662158966064,1.3637871742248535,4,0.75,11.25614070892334
fixed,1,3416,1.0352754592895508,0.0,0.023672504350543022,0.12734532356262207,1.0853153467178345,4,0.75,
fixed,1,3417,2.2098491191864014,0.03293474018573761,0.024893762543797493,0.03627276420593262,2.249645233154297,4,0.5,
fixed,1,3418,1.6865805387496948,0.0,0.00860687904059887,0.05445551872253418,1.7072206735610962,4,0.25,
fixed,1,3419,1.3182103633880615,0.0,0.01119663380086422,0.05880022048950195,1.3414487838745117,4,0.25,
fixed,1,3420,2.0534939765930176,0.0,0.0008303263457491994,0.5054939985275269,2.205557346343994,4,0.0,1.646721363067627
fixed,1,3421,1.4292576313018799,0.057677701115608215,0.00022646330762654543,0.11324787139892578,1.492184042930603,4,0.75,
fixed,1,3422,1.0195578336715698,0.0,0.014954057522118092,0.09051871299743652,1.0541905164718628,4,0.5,
fixed,1,3423,1.74442720413208,0.0,0.027351193130016327,0.08875060081481934,1.784727931022644,4,0.5,
fixed,1,3424,2.0988059043884277,0.0,0.0108987120911479,0.036401987075805664,2.11517596244812,4,0.25,
fixed,1,3425,2.0928711891174316,0.0,0.014398266561329365,0.06363654136657715,2.119161367416382,4,0.5,7.614073276519775
fixed,1,3426,1.2015732526779175,0.0,0.028583964332938194,0.0758819580078125,1.2386298179626465,4,0.5,
fixed,1,3427,1.2703344821929932,0.010623798705637455,0.010054423473775387,0.11759781837463379,1.3159528970718384,4,0.75,
fixed,1,3428,1.3135039806365967,0.0,0.013701869174838066,0.06108212471008301,1.338679552078247,4,0.5,
fixed,1,3429,1.5372123718261719,0.021387852728366852,0.03333169221878052,0.2587019205093384,1.64218270778656,4,1.0,
fixed,1,3430,1.2635551691055298,0.0,0.008518323302268982,0.027729034423828125,1.2761330604553223,4,0.25,4.9012675285339355
fixed,1,3431,1.3014674186706543,0.0,0.05054808780550957,0.07954192161560059,1.3506040573120117,4,0.75,
fixed,1,3432,0.7701098322868347,0.0,0.022408096119761467,0.07776796817779541,0.8046442866325378,4,0.5,
fixed,1,3433,1.4558686017990112,0.0,0.004459362477064133,0.11009931564331055,1.4911280870437622,4,0.25,
fixed,1,3434,0.8875225186347961,0.0,0.016312386840581894,0.16766130924224854,0.9459770917892456,4,0.75,
fixed,1,3435,1.2941428422927856,0.0,0.01753818243741989,0.1576991081237793,1.3502216339111328,4,0.75,9.70461368560791
fixed,1,3436,1.2896865606307983,0.0,0.005954828578978777,0.09946274757385254,1.322502851486206,4,0.25,
fixed,1,3437,0.9078199863433838,0.0,0.007691160775721073,0.044417500495910645,0.9249908328056335,4,0.25,
fixed,1,3438,0.7198494076728821,0.0,0.006758450996130705,0.07479357719421387,0.7456666827201843,4,0.5,
fixed,1,3439,1.3110072612762451,0.0,0.008042190223932266,0.06204628944396973,1.3336422443389893,4,0.5,
fixed,1,3440,1.4869987964630127,0.02317926287651062,0.005499629303812981,0.06413030624389648,1.520577311515808,4,0.5,4.868919849395752
fixed,1,3441,0.47672927379608154,0.0,0.006759138777852058,0.061193227767944336,0.498466819524765,4,0.5,
fixed,1,3442,0.8945627212524414,0.018845215439796448,0.009249718859791756,0.1390676498413086,0.9503304958343506,4,0.75,
fixed,1,3443,0.8666279911994934,0.0,0.018818719312548637,0.05526471138000488,0.8926167488098145,4,0.5,
fixed,1,3444,1.3600478172302246,0.0,0.003853386966511607,0.0940554141998291,1.3901910781860352,4,0.25,
fixed,1,3445,0.7962188720703125,0.0,0.017657671123743057,0.4542938470840454,0.9413358569145203,4,1.0,9.960680961608887
fixed,1,3446,1.5478241443634033,0.0,0.003875772003084421,0.09009599685668945,1.5767908096313477,4,0.25,
fixed,1,3447,1.7090398073196411,0.0,0.01873702183365822,0.14871788024902344,1.7630237340927124,4,0.25,
fixed,1,3448,0.7910395860671997,0.0,0.012560874223709106,0.1677687168121338,0.8476506471633911,4,0.75,
fixed,1,3449,1.5155246257781982,0.013324972242116928,0.00047182460548356175,0.13491535186767578,1.5628976821899414,4,0.25,
fixed,1,3450,0.8039402365684509,0.035204436630010605,0.013794936239719391,0.13037967681884766,0.8675538301467896,4,0.75,1.1818288564682007
fixed,1,3451,1.1244010925292969,0.02748507633805275,0.02548816427588463,0.07455182075500488,1.1732532978057861,4,0.75,
fixed,1,3452,1.711682677268982,0.0,0.02532358467578888,0.037102699279785156,1.7354753017425537,4,0.5,
fixed,1,3453,1.3630539178848267,0.0,0.006175098940730095,0.08029627799987793,1.3902302980422974,4,0.25,
fixed,1,3454,0.5184942483901978,0.0,0.045397862792015076,0.14220333099365234,0.5838541984558105,4,0.75,
fixed,1,3455,1.0750988721847534,0.0,0.027161788195371628,0.03858017921447754,1.1002538204193115,4,0.5,10.657844543457031
fixed,1,3456,1.5157841444015503,0.028874194249510765,0.018503880128264427,0.10270261764526367,1.5702840089797974,4,0.75,
fixed,1,3457,1.164729118347168,0.02751448191702366,0.0003668968565762043,0.1068880558013916,1.2107362747192383,4,0.25,
fixed,1,3458,0.584051251411438,0.0,0.01752784661948681,0.12842226028442383,0.6313418745994568,4,0.75,
fixed,1,3459,1.3572331666946411,0.030711673200130463,0.030845610424876213,0.286285400390625,1.4738974571228027,4,1.0,
fixed,1,3460,1.1322234869003296,0.009724904783070087,0.0084682060405612,0.07130038738250732,1.162710189819336,4,0.5,1.3023221492767334
fixed,1,3461,0.9263218641281128,0.0099012590944767,0.011971399188041687,0.03422808647155762,0.9475266337394714,4,0.5,
fixed,1,3462,1.3248014450073242,0.0,0.010341834276914597,0.051752686500549316,1.3454982042312622,4,0.25,
fixed,1,3463,0.7417067289352417,0.020824944600462914,0.029422862455248833,0.23405051231384277,0.8370457887649536,4,1.0,
fixed,1,3464,1.5616494417190552,0.0,0.00978055689483881,0.1635122299194336,1.615593433380127,4,0.25,
fixed,1,3465,0.874858021736145,0.0,0.011569787748157978,0.1821669340133667,0.9352930188179016,4,0.25,5.505285263061523
fixed,1,3466,1.0325559377670288,0.0,0.034845054149627686,0.09246230125427246,1.0777171850204468,4,0.75,
fixed,1,3467,0.729380190372467,0.0,0.0593888945877552,0.06450998783111572,0.7784276604652405,4,0.5,
fixed,1,3468,1.2572307586669922,0.0,0.021670248359441757,0.07205164432525635,1.2896814346313477,4,0.5,
fixed,1,3469,0.8747472167015076,0.03567862510681152,0.012772058136761189,0.12436985969543457,0.936283528804779,4,0.75,
fixed,1,3470,1.6149686574935913,0.0,0.032600484788417816,0.27432382106781006,1.7135660648345947,4,0.0,9.233595848083496
fixed,1,3471,1.5120919942855835,0.0,0.038311827927827835,0.0910940170288086,1.5585761070251465,4,0.75,
fixed,1,3472,1.7126692533493042,0.0,0.012731604278087616,0.1453913450241089,1.7626525163650513,4,0.25,
fixed,1,3473,0.8956639766693115,0.0,0.05030015483498573,0.020807981491088867,0.9270564317703247,4,0.5,
fixed,1,3474,1.0774322748184204,0.0,0.024822477251291275,0.13329267501831055,1.129831314086914,4,0.75,
fixed,1,3475,1.195163607597351,0.0,0.023575101047754288,0.21569931507110596,1.2716609239578247,4,0.75,11.486920356750488
fixed,1,3476,0.9991155862808228,0.023168427869677544,0.006212013307958841,0.06348025798797607,1.032849907875061,4,0.5,
fixed,1,3477,0.6687306761741638,0.0,0.007132126949727535,0.09415674209594727,0.7005437612533569,4,0.25,
fixed,1,3478,0.7267020344734192,0.0,0.004604366607964039,0.07522666454315186,0.7515721917152405,4,0.25,
fixed,1,3479,1.5729901790618896,0.0,0.007138837594538927,0.07572042942047119,1.5992757081985474,4,0.25,
fixed,1,3480,1.3973826169967651,0.016761429607868195,0.013415400870144367,0.1328355073928833,1.4523216485977173,4,0.75,1.554792046546936
fixed,1,3481,2.0574591159820557,0.0,0.007994001731276512,0.07098495960235596,2.082751512527466,4,0.25,
fixed,1,3482,1.574885606765747,0.0,0.004383206367492676,0.058461904525756836,1.5946158170700073,4,0.25,
fixed,1,3483,0.7405314445495605,0.0,0.009297190234065056,0.0570448637008667,0.7622935175895691,4,0.5,
fixed,1,3484,1.1756113767623901,0.021279890090227127,0.006936919875442982,0.1890714168548584,1.2464412450790405,4,0.75,
fixed,1,3485,1.1883180141448975,6.933798431418836e-06,0.006767704151570797,0.06934618949890137,1.2125091552734375,4,0.5,4.186237335205078
fixed,1,3486,1.0460939407348633,1.3450582628138363e-05,0.00972116831690073,0.24457824230194092,1.124334692955017,4,0.75,
fixed,1,3487,1.2833328247070312,1.5031931070552673e-05,0.011069076135754585,0.214860200881958,1.3533329963684082,4,0.75,
fixed,1,3488,0.5240825414657593,0.033923499286174774,0.006221391260623932,0.22476911544799805,0.6115857362747192,4,0.75,
fixed,1,3489,1.0075538158416748,0.0,0.019186504185199738,0.3047674894332886,1.1085772514343262,4,1.0,
fixed,1,3490,1.2241398096084595,3.669140278361738e-05,0.007235128432512283,0.0649031400680542,1.2472466230392456,4,0.25,3.6805830001831055
fixed,1,3491,0.4773077666759491,3.719341066243942e-07,0.017672087997198105,0.048329710960388184,0.5006428956985474,4,0.5,
fixed,1,3492,1.5590903759002686,5.778663762612268e-06,0.006754898000508547,0.08662629127502441,1.5884586572647095,4,0.25,
fixed,1,3493,1.0253384113311768,0.0,0.01577850431203842,0.05913352966308594,1.0509676933288574,4,0.5,
fixed,1,3494,1.1698812246322632,0.0,0.007557616103440523,0.1201399564743042,1.2097020149230957,4,0.25,
fixed,1,3495,1.7193964719772339,0.0,0.01909385249018669,0.04386329650878906,1.7421023845672607,4,0.5,8.557151794433594
fixed,1,3496,1.5319397449493408,0.0,0.02274433523416519,0.055245161056518555,1.5598855018615723,4,0.5,
fixed,1,3497,1.4977301359176636,0.010986685752868652,0.00024750098236836493,0.18402504920959473,1.558554768562317,4,0.25,
fixed,1,3498,0.7788522243499756,0.020139848813414574,0.016322091221809387,0.10732579231262207,0.8292809128761292,4,0.75,
fixed,1,3499,1.0345617532730103,0.0,0.013917164877057076,0.08617091178894043,1.0673716068267822,4,0.5,
fixed,1,3500,0.6478830575942993,0.0,0.011277750134468079,0.14142155647277832,0.6959484219551086,4,0.25,5.79440450668335
fixed,1,3501,0.9533414840698242,0.0,0.009085707366466522,0.03702950477600098,0.9689931869506836,4,0.25,
fixed,1,3502,1.463851809501648,0.03280188888311386,0.011536121368408203,0.16482055187225342,1.5354670286178589,4,0.75,
fixed,1,3503,0.46087953448295593,0.027552282437682152,0.011105894111096859,0.165244460105896,0.5297819375991821,4,0.75,
fixed,1,3504,0.9990695118904114,0.0,0.030595790594816208,0.31667375564575195,1.1093695163726807,4,1.0,
fixed,1,3505,1.1146466732025146,0.023758212104439735,0.0170197281986475,0.11104846000671387,1.1683502197265625,4,0.75,2.091902494430542
fixed,1,3506,1.750902533531189,0.0,0.010497535578906536,0.10275864601135254,1.786978840827942,4,0.25,
fixed,1,3507,1.4766871929168701,0.021695932373404503,0.010897601954638958,0.029494524002075195,1.501832365989685,4,0.5,
fixed,1,3508,1.083726167678833,0.0,0.031366970390081406,0.21530795097351074,1.1640020608901978,4,0.0,
fixed,1,3509,1.3759592771530151,0.0,0.06536230444908142,0.05666851997375488,1.4256409406661987,4,0.5,
fixed,1,3510,0.865444004535675,0.0,0.026402007788419724,0.032724976539611816,0.888462483882904,4,0.5,11.363912582397461
fixed,1,3511,1.4121572971343994,0.0,0.0525047704577446,0.051473140716552734,1.453851580619812,4,0.75,
fixed,1,3512,1.8360236883163452,0.0,0.027027925476431847,0.09213495254516602,1.8771781921386719,4,0.75,
fixed,1,3513,1.4983347654342651,0.0,0.021147578954696655,0.04776763916015625,1.5232388973236084,4,0.5,
fixed,1,3514,0.8377162218093872,0.0,0.011601890437304974,0.05435657501220703,0.8598241209983826,4,0.25,
fixed,1,3515,1.1739643812179565,0.01833062618970871,0.014109553769230843,0.19237804412841797,1.2478978633880615,4,0.75,2.562330484390259
fixed,1,3516,1.313905954360962,0.0,0.010819551534950733,0.13735902309417725,1.3605234622955322,4,0.25,
fixed,1,3517,1.06503164768219,0.0,0.03644872084259987,0.13342821598052979,1.1232844591140747,4,0.75,
fixed,1,3518,0.7607461214065552,0.0,0.020641013979911804,0.17600011825561523,0.8238666653633118,4,0.75,
fixed,1,3519,0.6645140647888184,0.0,0.02485477551817894,0.38553333282470703,0.792601466178894,4,1.0,
fixed,1,3520,0.4861770570278168,0.0,0.01666243188083172,0.10603165626525879,0.5263177752494812,4,0.5,8.090141296386719
fixed,1,3521,1.5827041864395142,0.0,0.0046967389062047005,0.1358175277709961,1.6257978677749634,4,0.25,
fixed,1,3522,0.3936310410499573,0.020511092618107796,0.006791909225285053,0.10485458374023438,0.4387389123439789,4,0.25,
fixed,1,3523,0.5835659503936768,0.01521536149084568,0.010904243215918541,0.15884947776794434,0.6442806124687195,4,0.75,
fixed,1,3524,1.530351996421814,0.0,0.00545934634283185,0.11383628845214844,1.567232608795166,4,0.25,
fixed,1,3525,0.8960928320884705,0.02714647352695465,0.011677590198814869,0.07962644100189209,0.9393928050994873,4,0.5,2.9594600200653076
fixed,1,3526,0.5958900451660156,0.0,0.0177769772708416,0.16866374015808105,0.6553776264190674,4,0.75,
fixed,1,3527,0.8126842975616455,0.0,0.0253010094165802,0.3813037872314453,0.939725935459137,4,1.0,
fixed,1,3528,1.8853588104248047,0.0,0.018169457092881203,0.04517364501953125,1.907995581626892,4,0.5,
fixed,1,3529,0.5879659652709961,0.011539120227098465,0.03056146204471588,0.08134305477142334,0.6334191560745239,4,0.75,
fixed,1,3530,1.535598874092102,0.0,0.011786198243498802,0.03666520118713379,1.552491545677185,4,0.25,6.206906318664551
fixed,1,3531,1.0300416946411133,0.0,0.028641756623983383,0.040232181549072266,1.0564322471618652,4,0.5,
fixed,1,3532,1.7306479215621948,0.0,0.040683675557374954,0.11797916889190674,1.7863835096359253,4,0.75,
fixed,1,3533,0.9332122802734375,0.0,0.010053524747490883,0.10612905025482178,0.9700777530670166,4,0.25,
fixed,1,3534,0.6084531545639038,0.0,0.023702390491962433,0.05071592330932617,0.6355191469192505,4,0.5,
fixed,1,3535,0.5526432991027832,0.0,0.02823227271437645,0.12084615230560303,0.603013277053833,4,0.75,13.774150848388672
fixed,1,3536,1.1784521341323853,0.0,0.037530042231082916,0.07755923271179199,1.220484972000122,4,0.5,
fixed,1,3537,1.638229489326477,0.0,0.013355471193790436,0.05731356143951416,1.6621012687683105,4,0.5,
fixed,1,3538,0.6813000440597534,0.0,0.019474070519208908,0.15008795261383057,0.7360634803771973,4,0.75,
fixed,1,3539,0.9932606816291809,0.0,0.020052490755915642,0.15970373153686523,1.0511980056762695,4,0.75,
fixed,1,3540,0.8836384415626526,0.02054774761199951,0.016377344727516174,0.03360116481781006,0.9121813178062439,4,0.5,2.448800563812256
fixed,1,3541,1.605818748474121,0.0,0.017958134412765503,0.060164690017700195,1.6328471899032593,4,0.5,
fixed,1,3542,1.1427010297775269,0.01682308129966259,0.0053839473985135555,0.06429648399353027,1.1730934381484985,4,0.5,
fixed,1,3543,1.4121901988983154,0.007037460803985596,0.01272584404796362,0.08516883850097656,1.447622537612915,4,0.75,
fixed,1,3544,1.0393717288970947,0.015925206243991852,0.003717651590704918,0.06582319736480713,1.0689401626586914,4,0.5,
fixed,1,3545,1.174961805343628,0.0313277542591095,0.010079262778162956,0.1621561050415039,1.2443121671676636,4,0.75,1.8545122146606445
fixed,1,3546,1.0517445802688599,0.0,0.0030276277102530003,0.26097631454467773,1.1315512657165527,4,0.0,
fixed,1,3547,1.4127657413482666,0.014387129805982113,0.008543523959815502,0.12757551670074463,1.4625036716461182,4,0.75,
fixed,1,3548,1.0827481746673584,0.0,0.01780026964843273,0.051488637924194336,1.1070948839187622,4,0.5,
fixed,1,3549,0.7385009527206421,0.0,0.012485607527196407,0.059912681579589844,0.7627175450325012,4,0.5,
fixed,1,3550,1.7983812093734741,0.006357733625918627,0.012324020266532898,0.08095884323120117,1.8320097923278809,4,0.75,3.8728106021881104
fixed,1,3551,1.2291688919067383,0.0,0.032955192029476166,0.2905693054199219,1.3328173160552979,4,1.0,
fixed,1,3552,1.4965876340866089,0.0,0.0008913861820474267,0.4285130500793457,1.6255872249603271,4,0.0,
fixed,1,3553,0.4780190587043762,0.0,0.014498140662908554,0.05269193649291992,0.5010756850242615,4,0.25,
fixed,1,3554,0.8125289082527161,0.0,0.026710759848356247,0.02524733543395996,0.8334584832191467,4,0.5,
fixed,1,3555,0.8056995272636414,0.0,0.03752933442592621,0.06540989875793457,0.8440871834754944,4,0.75,16.951147079467773
fixed,1,3556,1.659203052520752,0.0,0.01642598770558834,0.14880776405334473,1.712058424949646,4,0.25,
fixed,1,3557,0.966484785079956,0.024751203134655952,0.009029727429151535,0.05064511299133301,0.9985687732696533,4,0.5,
fixed,1,3558,0.6336767077445984,0.0,0.025310972705483437,0.03536796569824219,0.65694260597229,4,0.5,
fixed,1,3559,0.6997194290161133,0.0,0.038935109972953796,0.08927476406097412,0.7459694147109985,4,0.25,
fixed,1,3560,2.051746368408203,0.005664415191859007,0.016723431646823883,0.022985219955444336,2.069835901260376,4,0.5,4.315792083740234
fixed,1,3561,2.058864116668701,0.0,0.016874412074685097,0.04507732391357422,2.080824613571167,4,0.5,
fixed,1,3562,0.8749436736106873,0.0,0.004156032111495733,0.2899141311645508,0.9639959335327148,4,0.0,
fixed,1,3563,0.7347826957702637,0.0,0.006969383917748928,0.15986955165863037,0.7862282395362854,4,0.25,
fixed,1,3564,1.10187566280365,0.0,0.003539534518495202,0.2837446928024292,1.1887688636779785,4,0.0,
fixed,1,3565,0.8389019966125488,0.0,0.014388151466846466,0.10697746276855469,0.8781893253326416,4,0.5,7.605779647827148
fixed,1,3566,1.2711154222488403,0.0,0.009312188252806664,0.2648383378982544,1.3552230596542358,4,0.75,
fixed,1,3567,1.3443412780761719,0.036828845739364624,0.006936908699572086,0.2501559257507324,1.4412709474563599,4,0.75,
fixed,1,3568,0.5348750352859497,0.0,0.00531212380155921,0.033766984939575195,0.5476611852645874,4,0.25,
fixed,1,3569,0.8061414361000061,0.03464037925004959,0.009875643067061901,0.3061467409133911,0.920243501663208,4,0.75,
fixed,1,3570,1.1140131950378418,0.0,0.017339816316962242,0.090476393699646,1.1498260498046875,4,0.5,8.515811920166016
fixed,1,3571,1.1530752182006836,0.0,0.004663478583097458,0.12279307842254639,1.1922448873519897,4,0.25,
fixed,1,3572,0.9152908325195312,0.0,0.007824900560081005,0.11627852916717529,0.9540868401527405,4,0.25,
fixed,1,3573,0.27031707763671875,0.028677524998784065,0.0008598249987699091,0.12369751930236816,0.32219499349594116,4,0.25,
fixed,1,3574,0.5008493065834045,0.02131768874824047,0.002792258746922016,0.04397463798522949,0.5260967016220093,4,0.25,
fixed,1,3575,1.0866925716400146,0.0,0.022426072508096695,0.16274750232696533,1.146729826927185,4,0.75,11.743154525756836
fixed,1,3576,0.6611891984939575,0.01826944388449192,0.008920984342694283,0.1680757999420166,0.7252071499824524,4,0.75,
fixed,1,3577,1.427090048789978,0.012573729269206524,0.022763727232813835,0.1104511022567749,1.4778940677642822,4,0.75,
fixed,1,3578,1.3119786977767944,0.0,0.010015523061156273,0.12081587314605713,1.3532311916351318,4,0.25,
fixed,1,3579,0.612772524356842,0.0,0.020048461854457855,0.06924331188201904,0.6435697674751282,4,0.5,
fixed,1,3580,0.9350759983062744,0.021629275754094124,0.011616197414696217,0.032112956047058105,0.9613326191902161,4,0.5,3.0007429122924805
fixed,1,3581,1.1153267621994019,0.0,0.011965297162532806,0.0438532829284668,1.1344654560089111,4,0.25,
fixed,1,3582,1.3250354528427124,0.0,0.02775057591497898,0.030066728591918945,1.3479307889938354,4,0.5,
fixed,1,3583,1.2847751379013062,0.0,0.030807586386799812,0.10760653018951416,1.332460880279541,4,0.75,
fixed,1,3584,1.2264528274536133,0.023938797414302826,0.018026787787675858,0.11858320236206055,1.2830106019973755,4,0.75,
fixed,1,3585,2.1247618198394775,0.0,0.006730797700583935,0.13158893585205078,2.1676039695739746,4,0.25,3.590452194213867
fixed,1,3586,1.3345662355422974,0.018457768484950066,0.025430945679545403,0.08636045455932617,1.3824187517166138,4,0.5,
fixed,1,3587,1.6858474016189575,0.0,0.019329672679305077,0.07885026931762695,1.7191673517227173,4,0.5,
fixed,1,3588,1.0152440071105957,0.0,0.013785657472908497,0.1548832654953003,1.0686018466949463,4,0.25,
fixed,1,3589,0.7842854261398315,0.0,0.006986670661717653,0.04987776279449463,0.802742063999176,4,0.25,
fixed,1,3590,1.2026255130767822,0.0,0.014131813310086727,0.14367711544036865,1.2527945041656494,4,0.25,6.054703235626221
fixed,1,3591,1.0956507921218872,0.028495782986283302,0.004969713278114796,0.06037735939025879,1.1304967403411865,4,0.5,
fixed,1,3592,0.8535996079444885,0.0,0.001725494395941496,0.24886417388916016,0.9291216135025024,4,0.0,
fixed,1,3593,1.4330177307128906,0.0,0.010957902297377586,0.05764281749725342,1.455789566040039,4,0.5,
fixed,1,3594,1.9614704847335815,0.0,0.0004132812609896064,0.3214303255081177,2.0581061840057373,4,0.0,
fixed,1,3595,1.237035870552063,0.0,0.006457898765802383,0.03375530242919922,1.2503913640975952,4,0.25,3.5415701866149902
fixed,1,3596,0.8605842590332031,0.03781082108616829,0.002742368495091796,0.186265230178833,0.9367403984069824,2,0.25,
fixed,1,3597,0.9366912841796875,0.0,0.005974738858640194,0.0885915756225586,0.9662561416625977,4,0.25,
fixed,1,3598,1.1515482664108276,0.030173595994710922,0.004062139894813299,0.0718238353729248,1.1902133226394653,4,0.5,
fixed,1,3599,1.3450993299484253,0.0,0.004718106240034103,0.09187901020050049,1.375022053718567,4,0.25,
fixed,1,3600,0.8189581632614136,0.0,0.0037930170074105263,0.09159767627716064,0.8483339548110962,4,0.25,2.499584197998047
fixed,1,3601,1.381491780281067,0.0,0.006021119654178619,0.09473848342895508,1.4129239320755005,4,0.5,
fixed,1,3602,1.2533252239227295,0.03391033783555031,0.012307158671319485,0.27974438667297363,1.3603572845458984,4,0.75,
fixed,1,3603,1.3789597749710083,0.0,0.00359882740303874,0.021415352821350098,1.3871837854385376,4,0.25,
fixed,1,3604,0.9450908303260803,0.0,0.02301613613963127,0.4341830015182495,1.0868537425994873,4,1.0,
fixed,1,3605,0.8524824976921082,0.0,0.012980292551219463,0.08026504516601562,0.8830521702766418,4,0.5,7.038572788238525
fixed,1,3606,1.2894634008407593,0.0,0.009328942745923996,0.08767533302307129,1.3204305171966553,4,0.5,
fixed,1,3607,1.2263766527175903,0.03031504899263382,0.007058055140078068,0.10781741142272949,1.277408480644226,4,0.75,
fixed,1,3608,1.2339768409729004,0.0,0.021608704701066017,0.06452023983001709,1.2641372680664062,4,0.5,
fixed,1,3609,1.5789258480072021,0.018052326515316963,0.009749754332005978,0.06682085990905762,1.6128731966018677,4,0.5,
fixed,1,3610,1.304319143295288,0.008511682972311974,0.01728607714176178,0.08805274963378906,1.3436338901519775,4,0.75,4.540534496307373
fixed,1,3611,1.0794336795806885,0.007990632206201553,0.009655696339905262,0.07962870597839355,1.1121454238891602,4,0.5,
fixed,1,3612,1.1398766040802002,0.0,0.021449239924550056,0.03981447219848633,1.1625455617904663,4,0.5,
fixed,1,3613,1.6649948358535767,0.0,0.0003724061534740031,0.3446793556213379,1.7685848474502563,4,0.0,
fixed,1,3614,1.620151162147522,0.0,0.0365845151245594,0.07332360744476318,1.660440444946289,4,0.5,
fixed,1,3615,0.9756026268005371,0.013317803852260113,0.03148743137717247,0.1929643154144287,1.0558944940567017,4,1.0,8.396027565002441
fixed,1,3616,1.8066768646240234,0.0,0.018834775313735008,0.04277455806732178,1.8289265632629395,4,0.5,
fixed,1,3617,1.4033011198043823,0.004957066848874092,0.019068889319896698,0.05416250228881836,1.431562900543213,4,0.5,
fixed,1,3618,0.9785309433937073,0.0,0.011862210929393768,0.17054498195648193,1.0356255769729614,4,0.25,
fixed,1,3619,1.1827571392059326,0.0,0.027108682319521904,0.03431975841522217,1.206607460975647,4,0.5,
fixed,1,3620,1.7945988178253174,0.012328359298408031,0.035461537539958954,0.14250588417053223,1.8612455129623413,4,0.75,10.323386192321777
fixed,1,3621,1.5317797660827637,0.0,0.002360470127314329,0.21620523929595947,1.597821593284607,4,0.0,
fixed,1,3622,0.8662684559822083,0.0,0.03336227685213089,0.06649255752563477,0.9028973579406738,4,0.5,
fixed,1,3623,1.0306098461151123,0.024167552590370178,0.006612392608076334,0.05321526527404785,1.0619643926620483,4,0.5,
fixed,1,3624,1.429975152015686,0.0,0.03727571293711662,0.13756167888641357,1.4898815155029297,4,0.75,
fixed,1,3625,0.6561535000801086,0.0,0.021288175135850906,0.03839826583862305,0.6783170700073242,4,0.5,10.424941062927246
fixed,1,3626,0.9274576306343079,0.0,0.04986216872930527,0.20780789852142334,1.0147310495376587,4,1.0,
fixed,1,3627,1.029617428779602,0.0,0.03611580654978752,0.026251912117004395,1.0555509328842163,4,0.5,
fixed,1,3628,0.7930018305778503,0.0,0.025505632162094116,0.14645421504974365,0.8496909141540527,4,0.75,
fixed,1,3629,1.2738921642303467,0.016272228211164474,0.02504732832312584,0.11114215850830078,1.3278945684432983,4,0.75,
fixed,1,3630,0.6730713844299316,0.02329155057668686,0.02254120260477066,0.1516399383544922,0.741479754447937,4,0.75,3.9290049076080322
fixed,1,3631,1.2262145280838013,0.04211575165390968,0.04262787103652954,0.1854013204574585,1.3242067098617554,4,1.0,
fixed,1,3632,1.9330693483352661,0.0,0.0076818568632006645,0.21711301803588867,2.002044200897217,4,0.25,
fixed,1,3633,1.2545825242996216,0.0,0.045399535447359085,0.11536169052124023,1.3118908405303955,4,0.5,
fixed,1,3634,2.0878734588623047,0.028321901336312294,0.0077974675223231316,0.12529492378234863,2.143521547317505,4,0.5,
fixed,1,3635,1.8230888843536377,0.0,0.03934323787689209,0.1350318193435669,1.883270025253296,4,0.75,16.352922439575195
fixed,1,3636,1.3696237802505493,0.0,0.02691344916820526,0.1432785987854004,1.426064133644104,4,0.75,
fixed,1,3637,0.8481776714324951,0.0,0.05245900899171829,0.07914042472839355,0.898149311542511,4,0.5,
fixed,1,3638,0.437579482793808,0.013698113150894642,0.004049468785524368,0.06519007682800293,0.46601030230522156,4,0.25,
fixed,1,3639,1.1474412679672241,0.006707053631544113,0.022493213415145874,0.06694626808166504,1.1821253299713135,4,0.75,
fixed,1,3640,2.1595027446746826,0.0,0.013509036973118782,0.14583110809326172,2.2100067138671875,4,0.25,6.227945804595947
fixed,1,3641,0.8816514611244202,0.0,0.027618270367383957,0.05385589599609375,0.9116173386573792,4,0.5,
fixed,1,3642,0.8041771650314331,0.0,0.042352959513664246,0.07102382183074951,0.8466607928276062,4,0.75,
fixed,1,3643,0.5529974102973938,0.0,0.026921704411506653,0.027480483055114746,0.5747023820877075,4,0.5,
fixed,1,3644,1.1474683284759521,0.0,0.015309328213334084,0.05708599090576172,1.1722488403320312,4,0.5,
fixed,1,3645,0.9735685586929321,0.0,0.03341616317629814,0.289157509803772,1.0770238637924194,4,1.0,16.334653854370117
fixed,1,3646,1.1470142602920532,0.00767500139772892,0.0006049504154361784,0.1755300760269165,1.2038133144378662,4,0.25,
fixed,1,3647,1.3178634643554688,0.0,0.00634721526876092,0.07605838775634766,1.343854546546936,4,0.25,
fixed,1,3648,1.363142490386963,0.0,0.029242273420095444,0.04192054271697998,1.3903398513793945,4,0.5,
fixed,1,3649,1.2010984420776367,0.0,0.030002377927303314,0.3382418155670166,1.3175721168518066,4,1.0,
fixed,1,3650,1.3881820440292358,0.0,0.0047425017692148685,0.06791150569915771,1.4109266996383667,4,0.25,2.6714751720428467
fixed,1,3651,1.393707036972046,0.0,0.015265606343746185,0.05363821983337402,1.417431354522705,4,0.25,
fixed,1,3652,0.5054448843002319,0.0,0.013133201748132706,0.07591700553894043,0.534786581993103,4,0.5,
fixed,1,3653,1.058306336402893,0.022707294672727585,0.010030501522123814,0.4379596710205078,1.206063151359558,4,1.0,
fixed,1,3654,1.118626594543457,0.020039096474647522,0.004851830191910267,0.1880486011505127,1.1874866485595703,4,0.75,
fixed,1,3655,1.2500711679458618,0.0,0.03318073973059654,0.3274710178375244,1.3649028539657593,4,1.0,14.823728561401367
fixed,1,3656,0.8626188635826111,0.0,0.029985545203089714,0.12534070014953613,0.9152138233184814,4,0.75,
fixed,1,3657,1.3303859233856201,0.0,0.007533280644565821,0.13035058975219727,1.3732577562332153,4,0.25,
fixed,1,3658,1.0620763301849365,0.0,0.01898805797100067,0.12998175621032715,1.110564947128296,4,0.75,
fixed,1,3659,0.9995630383491516,0.0,0.021441234275698662,0.07148337364196777,1.0317286252975464,4,0.5,
fixed,1,3660,1.5560353994369507,0.0,0.006417660508304834,0.12190425395965576,1.5958155393600464,4,0.25,3.5739705562591553
fixed,1,3661,1.4970523118972778,0.03375982865691185,0.01337566040456295,0.20652055740356445,1.5825762748718262,4,1.0,
fixed,1,3662,1.4155856370925903,0.0,0.009983213618397713,0.05974161624908447,1.4384996891021729,4,0.25,
fixed,1,3663,1.8180649280548096,0.009327149949967861,0.0005813505849801004,0.17959237098693848,1.876896858215332,4,0.25,
fixed,1,3664,1.3021115064620972,0.008726305328309536,0.04596686363220215,0.050626516342163086,1.3446460962295532,4,0.5,
fixed,1,3665,1.3367762565612793,0.0,0.02044306881725788,0.03611016273498535,1.3578308820724487,4,0.5,9.371564865112305
fixed,1,3666,1.0326226949691772,0.0,0.012106494046747684,0.1066744327545166,1.0706782341003418,4,0.25,
fixed,1,3667,1.23288893699646,0.0,0.04548794776201248,0.04893660545349121,1.2703138589859009,4,0.75,
fixed,1,3668,0.49708324670791626,0.0,0.025455065071582794,0.08622074127197266,0.5356770157814026,4,0.75,
fixed,1,3669,0.9757563471794128,0.0,0.014932285062968731,0.058410048484802246,1.0007455348968506,4,0.25,
fixed,1,3670,2.0343589782714844,0.0,0.01767704263329506,0.13438808917999268,2.0835139751434326,4,0.25,7.134973049163818
fixed,1,3671,1.0788447856903076,0.0,0.028988372534513474,0.043300509452819824,1.106329083442688,4,0.5,
fixed,1,3672,1.738024353981018,0.028720036149024963,0.000503365823533386,0.09655070304870605,1.7816013097763062,4,0.25,
fixed,1,3673,1.5190396308898926,0.025294046849012375,0.0004533863393589854,0.10307788848876953,1.562836766242981,4,0.25,
fixed,1,3674,1.184582233428955,0.0,0.006402086932212114,0.10779809951782227,1.2201226949691772,4,0.25,
fixed,1,3675,1.3883107900619507,0.0,0.0004552750033326447,0.3617480993270874,1.4970629215240479,4,0.0,1.4207614660263062
fixed,1,3676,0.8416479825973511,0.035053182393312454,0.007393466774374247,0.08316481113433838,0.8878207206726074,4,0.5,
fixed,1,3677,0.4923337399959564,0.0,0.010484093800187111,0.08176398277282715,0.5221049785614014,4,0.5,
fixed,1,3678,1.5507303476333618,0.0,0.007107360754162073,0.07543182373046875,1.576913595199585,4,0.5,
fixed,1,3679,1.557464599609375,0.0,0.022563768550753593,0.1574777364730835,1.6159898042678833,4,0.75,
fixed,1,3680,1.1772234439849854,0.03245024010539055,6.880681030452251e-05,0.07560944557189941,1.2161657810211182,4,0.5,11.453444480895996
fixed,1,3681,1.1338390111923218,0.00012849744234699756,0.011950215324759483,0.06776070594787598,1.1602065563201904,4,0.5,
fixed,1,3682,0.6224082708358765,0.0,0.021425776183605194,0.40887850522994995,0.7557847499847412,4,1.0,
fixed,1,3683,0.9341493248939514,0.0,0.025403382256627083,0.039000749588012695,0.9585512280464172,4,0.5,
fixed,1,3684,0.9950271248817444,0.028510818257927895,0.022088857367634773,0.1345071792602539,1.0606790781021118,4,0.75,
fixed,1,3685,0.994732141494751,0.0,0.006487093400210142,0.1190023422241211,1.0336763858795166,4,0.25,3.5395936965942383
fixed,1,3686,0.9845746755599976,0.0,0.008068826049566269,0.11339879035949707,1.0226287841796875,4,0.25,
fixed,1,3687,0.9186212420463562,0.01533011719584465,0.020209582522511482,0.14027798175811768,0.978474497795105,4,0.75,
fixed,1,3688,0.8380571007728577,0.0,0.027311986312270164,0.12282729148864746,0.8885613083839417,4,0.75,
fixed,1,3689,1.1316128969192505,0.0,0.019430655986070633,0.13212263584136963,1.1809650659561157,4,0.75,
fixed,1,3690,1.509934902191162,0.0,0.022129883989691734,0.12701082229614258,1.5591031312942505,4,0.75,11.132854461669922
fixed,1,3691,0.9882934093475342,0.0,0.042453158646821976,0.06061208248138428,1.0277036428451538,4,0.75,
fixed,1,3692,0.8527567386627197,0.0,0.00789155624806881,0.1072167158126831,0.8888675570487976,4,0.25,
fixed,1,3693,0.899516761302948,0.0,0.03733643889427185,0.06294584274291992,0.93706876039505,4,0.5,
fixed,1,3694,1.0482393503189087,0.0,0.02299516648054123,0.041408419609069824,1.0721594095230103,4,0.5,
fixed,1,3695,1.428879737854004,0.008992956951260567,0.0005355468601919711,0.14860641956329346,1.4782259464263916,4,0.25,4.189956188201904
fixed,1,3696,1.9693210124969482,0.0,0.02109670452773571,0.04047703742980957,1.9920125007629395,4,0.5,
fixed,1,3697,0.8683857321739197,0.013795693404972553,0.00035620987182483077,0.13431155681610107,0.9157551527023315,4,0.25,
fixed,1,3698,1.1276911497116089,0.013416245579719543,0.01680321991443634,0.08817088603973389,1.1692521572113037,4,0.75,
fixed,1,3699,1.2823456525802612,0.0,0.02065810188651085,0.14302611351013184,1.3355824947357178,4,0.75,
fixed,1,3700,1.575424313545227,0.024545716121792793,0.0002388654975220561,0.10477662086486816,1.6192495822906494,4,0.25,6.403892517089844
fixed,1,3701,0.9316951036453247,0.026391159743070602,0.0028446975629776716,0.044443368911743164,0.9596460461616516,4,0.25,
fixed,1,3702,1.3988064527511597,0.027659140527248383,0.0031018233858048916,0.07747256755828857,1.4374287128448486,4,0.25,
fixed,1,3703,2.0556857585906982,0.0,0.008432130329310894,0.13381874561309814,2.1000473499298096,4,0.25,
fixed,1,3704,0.7603675127029419,0.0,0.037657059729099274,0.3057529926300049,0.8709219694137573,4,1.0,
fixed,1,3705,1.5257548093795776,0.0,0.03915880620479584,0.11809432506561279,1.580762505531311,4,0.25,12.90127944946289
fixed,1,3706,0.5536773800849915,0.0,0.026620691642165184,0.13463735580444336,0.6073789596557617,4,0.75,
fixed,1,3707,1.614564299583435,0.0,0.00891298521310091,0.13626134395599365,1.6598992347717285,4,0.25,
fixed,1,3708,1.1461468935012817,0.0,0.025169672444462776,0.20781147480010986,1.221075177192688,4,0.75,
fixed,1,3709,0.5096046328544617,0.020119739696383476,0.002219017595052719,0.05838942527770996,0.5382908582687378,4,0.25,
fixed,1,3710,1.458796739578247,0.0,0.01147438120096922,0.12699103355407715,1.5026311874389648,4,0.25,5.435295581817627
fixed,1,3711,1.2342768907546997,0.0,0.036747872829437256,0.13492190837860107,1.293127417564392,4,0.75,
fixed,1,3712,2.166032075881958,0.014763716608285904,0.010927785187959671,0.06305932998657227,2.1977956295013428,4,0.5,
fixed,1,3713,1.334029197692871,0.011725934222340584,0.037951789796352386,0.20065951347351074,1.4190659523010254,4,1.0,
fixed,1,3714,1.4699323177337646,0.0,0.006020365282893181,0.07512378692626953,1.4954795837402344,4,0.25,
fixed,1,3715,1.356196641921997,0.0,0.01355039793998003,0.1173255443572998,1.3981695175170898,4,0.25,7.401713848114014
fixed,1,3716,1.2773897647857666,0.0,0.0188291072845459,0.1490257978439331,1.3315120935440063,4,0.75,
fixed,1,3717,1.325767993927002,0.01544241700321436,0.01982904225587845,0.07190322875976562,1.3649747371673584,4,0.5,
fixed,1,3718,0.540164589881897,0.0,0.021470967680215836,0.2423039674758911,0.6235912442207336,4,0.75,
fixed,1,3719,1.1570229530334473,0.0,0.017954375594854355,0.0539243221282959,1.1821774244308472,4,0.5,
fixed,1,3720,1.8778095245361328,0.0,0.00851415190845728,0.030079007148742676,1.8910902738571167,4,0.25,4.691680908203125
fixed,1,3721,1.0658071041107178,0.04446252062916756,0.006072744261473417,0.13918983936309814,1.1328316926956177,4,0.75,
fixed,1,3722,1.1560509204864502,0.02349388785660267,0.019307393580675125,0.37335968017578125,1.289459466934204,4,1.0,
fixed,1,3723,1.1892656087875366,0.018784599378705025,0.02405630052089691,0.11177694797515869,1.244219183921814,4,0.75,
fixed,1,3724,1.1073967218399048,0.0,0.03563173860311508,0.12959980964660645,1.1640925407409668,4,0.0,
fixed,1,3725,0.9537840485572815,0.0,0.03964682295918465,0.11620867252349854,1.008470058441162,4,0.75,17.220773696899414
fixed,1,3726,1.080763339996338,0.0,0.030214376747608185,0.02269303798675537,1.1026784181594849,4,0.5,
fixed,1,3727,1.562740445137024,0.007170807104557753,0.029716890305280685,0.11636984348297119,1.6160953044891357,4,0.5,
fixed,1,3728,1.0627726316452026,0.0,0.032893843948841095,0.021243810653686523,1.0855927467346191,4,0.5,
fixed,1,3729,1.2719881534576416,0.0,0.03408586606383324,0.13638007640838623,1.3299450874328613,4,0.5,
fixed,1,3730,1.3771268129348755,0.0,0.029413284733891487,0.024539470672607422,1.3991953134536743,4,0.5,12.596010208129883
fixed,1,3731,1.3055570125579834,0.0,0.02437390759587288,0.12431478500366211,1.3550384044647217,4,0.5,
fixed,1,3732,1.4497649669647217,0.0,0.009575380012392998,0.202803373336792,1.515393614768982,4,0.25,
fixed,1,3733,0.668917715549469,0.0,0.034335002303123474,0.12955689430236816,0.7249522805213928,4,0.75,
fixed,1,3734,1.2144417762756348,0.0,0.053863510489463806,0.22031652927398682,1.3074685335159302,4,1.0,
fixed,1,3735,0.6898555159568787,0.0,0.012670151889324188,0.07324850559234619,0.7181651592254639,4,0.5,7.013389587402344
fixed,1,3736,1.0334210395812988,0.015921099111437798,0.014294346794486046,0.1322154998779297,1.088193416595459,4,0.75,
fixed,1,3737,1.499524474143982,0.0,0.026968445628881454,0.13372397422790527,1.5531258583068848,4,0.75,
fixed,1,3738,0.8519891500473022,0.0,0.03916224092245102,0.09005582332611084,0.8985869884490967,4,0.75,
fixed,1,3739,1.9716134071350098,0.0,0.007028048392385244,0.06656110286712646,1.9950957298278809,4,0.25,
fixed,1,3740,1.18153977394104,0.02621231973171234,0.00022584403632208705,0.059074997901916504,1.2124813795089722,4,0.25,6.574894905090332
fixed,1,3741,1.0902864933013916,0.0,0.008644308894872665,0.041854262351989746,1.107164978981018,4,0.5,
fixed,1,3742,1.1321067810058594,0.0,0.007980103604495525,0.048664093017578125,1.150696039199829,4,0.5,
fixed,1,3743,1.0447125434875488,0.0,0.030291613191366196,0.33918440341949463,1.1616137027740479,4,1.0,
fixed,1,3744,1.2585461139678955,0.0,0.006945313885807991,0.04956984519958496,1.276889681816101,4,0.5,
fixed,1,3745,1.754808783531189,0.0,0.014430969953536987,0.15789496898651123,1.8093928098678589,4,0.75,7.640886306762695
fixed,1,3746,1.4844298362731934,0.0,0.009293809533119202,0.04416930675506592,1.502327561378479,4,0.5,
fixed,1,3747,2.128627300262451,0.0,0.00480427173897624,0.022316336631774902,2.1377243995666504,4,0.25,
fixed,1,3748,1.6234571933746338,0.021028175950050354,0.006469894200563431,0.1561107635498047,1.6840394735336304,4,0.75,
fixed,1,3749,1.3578850030899048,0.01685357838869095,6.057950668036938e-05,0.13326740264892578,1.4063223600387573,4,0.25,
fixed,1,3750,1.410688042640686,0.01758580654859543,0.005950520746409893,0.0560988187789917,1.4392858743667603,4,0.5,3.479473352432251
fixed,1,3751,1.6721147298812866,0.0,0.022933784872293472,0.05852556228637695,1.7011393308639526,4,0.5,
fixed,1,3752,1.1232469081878662,0.014059736393392086,0.012100465595722198,0.09821569919586182,1.1657917499542236,4,0.75,
fixed,1,3753,1.6583014726638794,0.0,0.014097945764660835,0.06783580780029297,1.6857011318206787,4,0.5,
fixed,1,3754,0.787754237651825,0.0,0.02261912263929844,0.07732319831848145,0.8222607374191284,4,0.5,
fixed,1,3755,1.0254923105239868,0.0,0.02587105706334114,0.06750941276550293,1.0586806535720825,4,0.5,10.48774242401123
fixed,1,3756,1.811480164527893,0.0,0.007281970698386431,0.15305578708648682,1.8610378503799438,4,0.25,
fixed,1,3757,1.471779704093933,0.0,0.002851631725206971,0.2817438840866089,1.55772864818573,4,0.0,
fixed,1,3758,1.3913100957870483,0.01446063257753849,0.006268914323300123,0.0505373477935791,1.4168360233306885,4,0.5,
fixed,1,3759,1.3506778478622437,0.012342486530542374,0.007971289567649364,0.06311297416687012,1.3797686100006104,4,0.5,
fixed,1,3760,1.4863117933273315,0.02626221626996994,0.007320056669414043,0.042548418045043945,1.5158674716949463,4,0.5,3.38594651222229
fixed,1,3761,0.7680007219314575,0.0,0.02751205861568451,0.33109748363494873,0.881085991859436,4,1.0,
fixed,1,3762,1.5004948377609253,0.0,0.027766376733779907,0.026303529739379883,1.5222691297531128,4,0.5,
fixed,1,3763,1.0572458505630493,0.0,0.003213027957826853,0.25656628608703613,1.1358222961425781,4,0.0,
fixed,1,3764,1.5062875747680664,0.038504719734191895,0.0010084263049066067,0.036435604095458984,1.5369747877120972,4,0.5,
fixed,1,3765,0.9511334896087646,0.0,0.017703237012028694,0.04438138008117676,0.973299503326416,4,0.5,8.239654541015625
fixed,1,3766,0.8659912943840027,0.02245652675628662,0.01734558492898941,0.0877988338470459,0.912231981754303,4,0.75,
fixed,1,3767,0.6892898678779602,0.0,0.018475698307156563,0.06263482570648193,0.7173181772232056,4,0.5,
fixed,1,3768,1.0599614381790161,0.0,0.0016793861286714673,0.4607729911804199,1.1990330219268799,4,0.0,
fixed,1,3769,1.0769745111465454,0.0,0.06616543978452682,0.14471876621246338,1.153472900390625,4,0.75,
fixed,1,3770,1.3144418001174927,0.0,0.015210992656648159,0.0618748664855957,1.3406097888946533,4,0.5,7.298097133636475
fixed,1,3771,1.173121690750122,0.0068936520256102085,0.035312719643116,0.054280996322631836,1.210509181022644,4,0.75,
fixed,1,3772,1.1417198181152344,0.0,0.03092959150671959,0.08162999153137207,1.1816736459732056,4,0.5,
fixed,1,3773,1.818953037261963,0.0,0.0064818961545825005,0.1325514316558838,1.861959457397461,4,0.25,
fixed,1,3774,0.7342774868011475,0.0,0.01634509488940239,0.14702320098876953,0.7865570187568665,4,0.75,
fixed,1,3775,0.4561537504196167,0.0,0.033041033893823624,0.09155011177062988,0.5001392960548401,4,0.75,12.040773391723633
fixed,1,3776,1.4739019870758057,0.0,0.01946914754807949,0.11912739276885986,1.5193747282028198,4,0.75,
fixed,1,3777,1.3543469905853271,0.017230723053216934,0.008603595197200775,0.059203147888183594,1.385025143623352,3,0.75,
fixed,1,3778,0.9892593622207642,0.030953114852309227,0.03022460825741291,0.28893744945526123,1.1065294742584229,4,1.0,
fixed,1,3779,1.8032783269882202,0.02875560335814953,0.0002798479108605534,0.09060168266296387,1.844976544380188,4,0.25,
fixed,1,3780,1.1944684982299805,0.0,0.020523495972156525,0.12116861343383789,1.2410808801651,4,0.75,9.850672721862793
fixed,1,3781,1.6847403049468994,0.0,0.014143211767077446,0.04309260845184326,1.7047396898269653,4,0.5,
fixed,1,3782,1.6554759740829468,0.0,0.019292296841740608,0.03523373603820801,1.6756922006607056,4,0.5,
fixed,1,3783,1.1760141849517822,0.0,0.0004917154437862337,0.35838258266448975,1.2837748527526855,4,0.0,
fixed,1,3784,0.9822034239768982,0.0,0.0070755318738520145,0.05563092231750488,1.0024304389953613,4,0.25,
fixed,1,3785,1.2044191360473633,0.0,0.005433660466223955,0.05275154113769531,1.22296142578125,4,0.25,2.8927557468414307
fixed,1,3786,1.7930890321731567,0.0,0.0004759003350045532,0.34770655632019043,1.8976389169692993,4,0.0,
fixed,1,3787,1.2517070770263672,0.029465245082974434,0.03917122632265091,0.21280241012573242,1.3498660326004028,4,1.0,
fixed,1,3788,0.7761138081550598,0.0,0.016846835613250732,0.2843647003173828,0.8698466420173645,4,0.5,
fixed,1,3789,1.4773749113082886,0.0,0.006788839120417833,0.04349493980407715,1.4938178062438965,4,0.25,
fixed,1,3790,1.2834277153015137,0.01461593247950077,0.008431324735283852,0.03118586540222168,1.3043071031570435,4,0.5,3.182509183883667
fixed,1,3791,1.4071483612060547,0.0,0.00995513703674078,0.12603092193603516,1.4499351978302002,4,0.25,
fixed,1,3792,1.6580814123153687,0.0,0.010287859477102757,0.08462023735046387,1.688611388206482,4,0.5,
fixed,1,3793,1.3374624252319336,0.0,0.017719928175210953,0.17066776752471924,1.3975226879119873,4,0.75,
fixed,1,3794,0.7622018456459045,0.013254918158054352,0.01475827768445015,0.11691594123840332,0.8112832307815552,4,0.75,
fixed,1,3795,1.2577645778656006,0.0,0.019132880493998528,0.07765960693359375,1.2906289100646973,4,0.5,9.36029052734375
fixed,1,3796,1.11017644405365,0.008278443478047848,0.0009672766318544745,0.1977299451828003,1.1741182804107666,4,0.25,
fixed,1,3797,1.1643415689468384,0.0,0.01429772935807705,0.07967615127563477,1.1953933238983154,4,0.5,
fixed,1,3798,0.7924506664276123,0.0,0.016173597425222397,0.190118670463562,0.8575730919837952,4,0.75,
fixed,1,3799,1.0264281034469604,0.0,0.01947680115699768,0.060092926025390625,1.0541943311691284,4,0.5,
fixed,1,3800,1.21826171875,0.0,0.020880045369267464,0.03549206256866455,1.239349365234375,4,0.5,9.972936630249023
fixed,1,3801,0.8257802128791809,0.00759451650083065,0.011027185246348381,0.02018558979034424,0.8411467671394348,4,0.5,
fixed,1,3802,0.9957802295684814,0.0,0.023080289363861084,0.4080677032470703,1.1297407150268555,4,1.0,
fixed,1,3803,1.3190327882766724,0.009771537967026234,0.0006719502853229642,0.16228151321411133,1.3729389905929565,4,0.25,
fixed,1,3804,0.830621600151062,0.0,0.018889635801315308,0.15470898151397705,0.8864791393280029,4,0.75,
fixed,1,3805,1.4704821109771729,0.0,0.024321705102920532,0.058951735496520996,1.500328540802002,4,0.5,10.778375625610352
fixed,1,3806,0.9935347437858582,0.0,0.01713138073682785,0.15040969848632812,1.0472233295440674,4,0.75,
fixed,1,3807,1.7199864387512207,0.0,0.03712405264377594,0.10141539573669434,1.7689731121063232,4,0.75,
fixed,1,3808,0.9093916416168213,0.0,0.04795009642839432,0.22327029705047607,1.0003477334976196,4,1.0,
fixed,1,3809,2.327087640762329,0.0,0.0274034533649683,0.16687512397766113,2.3908519744873047,4,0.25,
fixed,1,3810,0.5185517072677612,0.0,0.04469194635748863,0.2161346673965454,0.60573810338974,4,1.0,17.75605010986328
fixed,1,3811,0.7810192108154297,0.0,0.018642816692590714,0.1334240436553955,0.8303678035736084,4,0.75,
fixed,1,3812,1.5637876987457275,0.0,0.03506670519709587,0.16454541683197021,1.630684733390808,4,0.75,
fixed,1,3813,0.45880311727523804,0.0,0.018938854336738586,0.2689276933670044,0.5489508509635925,4,0.5,
fixed,1,3814,1.4950549602508545,0.0,0.006625458598136902,0.08531451225280762,1.5239620208740234,4,0.25,
fixed,1,3815,0.7609086036682129,0.0,0.02392946183681488,0.10797882080078125,0.8052669763565063,4,0.75,10.929448127746582
fixed,1,3816,1.3035497665405273,0.0,0.01186303235590458,0.04849815368652344,1.3240307569503784,4,0.5,
fixed,1,3817,1.5809563398361206,0.0,0.000128011975903064,0.3381369113922119,1.6824613809585571,4,0.0,
fixed,1,3818,0.9149967432022095,0.0,0.010195502080023289,0.054877519607543945,0.9365577697753906,4,0.5,
fixed,1,3819,1.156520128250122,0.028718307614326477,0.022298824042081833,0.11393976211547852,1.2162106037139893,4,0.75,
fixed,1,3820,1.2795599699020386,0.030655521899461746,7.570029265480116e-05,0.09293460845947266,1.3228060007095337,4,0.25,6.99478816986084
fixed,1,3821,0.7174553275108337,0.01730721816420555,0.006158584728837013,0.06307721138000488,0.748111367225647,4,0.5,
fixed,1,3822,1.5769151449203491,0.0,0.020949332043528557,0.06454432010650635,1.6067531108856201,4,0.5,
fixed,1,3823,1.317214012145996,0.0,0.022291185334324837,0.13661134243011475,1.3693430423736572,4,0.75,
fixed,1,3824,1.7169523239135742,0.0,0.01085334550589323,0.03002333641052246,1.7313859462738037,4,0.25,
fixed,1,3825,1.1898590326309204,0.0,0.013910594396293163,0.11292374134063721,1.2306914329528809,4,0.25,5.633383750915527
fixed,1,3826,1.4308149814605713,0.06329682469367981,0.0049962010234594345,0.1756424903869629,1.5176541805267334,4,0.75,
fixed,1,3827,1.1216663122177124,0.0,0.00014806365652475506,0.3166937828063965,1.2167484760284424,4,0.0,
fixed,1,3828,1.0664012432098389,0.0,0.011388435959815979,0.05908238887786865,1.089820146560669,4,0.5,
fixed,1,3829,1.319763422012329,0.0,0.03768758848309517,0.2899179458618164,1.4255826473236084,4,1.0,
fixed,1,3830,0.8659066557884216,0.02868618629872799,0.014051326550543308,0.03978526592254639,0.8992109894752502,4,0.5,4.191705226898193
fixed,1,3831,1.5452302694320679,0.013618269935250282,0.010053588077425957,0.028209328651428223,1.5655289888381958,4,0.5,
fixed,1,3832,1.2124671936035156,0.0,0.029500924050807953,0.051300764083862305,1.242607831954956,4,0.5,
fixed,1,3833,1.5530253648757935,0.0,0.02065190114080906,0.057465314865112305,1.5805909633636475,4,0.5,
fixed,1,3834,0.743450403213501,0.0,0.05224693939089775,0.1977754831314087,0.8289065361022949,4,1.0,
fixed,1,3835,1.4033867120742798,3.339991963002831e-07,0.01708284765481949,0.04229557514190674,1.4246169328689575,4,0.5,8.222604751586914
fixed,1,3836,0.613187313079834,0.02739543467760086,0.024282682687044144,0.08726096153259277,0.665204644203186,4,0.75,
fixed,1,3837,1.9630697965621948,0.0,0.016526026651263237,0.049710631370544434,1.9862459897994995,4,0.5,
fixed,1,3838,0.5475252270698547,0.01817736029624939,0.004901905544102192,0.05796647071838379,0.5764548182487488,4,0.25,
fixed,1,3839,1.6549192667007446,0.0,0.023940548300743103,0.06060755252838135,1.6850718259811401,4,0.5,
fixed,1,3840,0.41261884570121765,0.0,0.03461213409900665,0.08271515369415283,0.45473945140838623,4,0.75,14.74852466583252
fixed,1,3841,0.6651709079742432,0.019517095759510994,5.955109736532904e-05,0.1435915231704712,0.7180367112159729,4,0.25,
fixed,1,3842,1.7180484533309937,0.0,0.033251650631427765,0.08969628810882568,1.7615832090377808,4,0.75,
fixed,1,3843,1.1853704452514648,0.0,0.023115649819374084,0.06951558589935303,1.217782974243164,4,0.5,
fixed,1,3844,1.2255936861038208,0.0,0.022919243201613426,0.03864467144012451,1.2486467361450195,4,0.5,
fixed,1,3845,1.2980225086212158,0.0,0.031355634331703186,0.08369886875152588,1.3388099670410156,4,0.5,11.24859619140625
fixed,1,3846,1.7742419242858887,0.0,0.017977984622120857,0.1556398868560791,1.8299229145050049,4,0.75,
fixed,1,3847,1.1413136720657349,0.0,0.015230318531394005,0.07634401321411133,1.1718320846557617,4,0.5,
fixed,1,3848,1.5842087268829346,0.0,0.0032088018488138914,0.23084211349487305,1.6550657749176025,4,0.0,
fixed,1,3849,1.7526366710662842,0.0,0.0042260331101715565,0.10047566890716553,1.7848924398422241,4,0.25,
fixed,1,3850,0.8868001103401184,0.0,0.009023834019899368,0.0800551176071167,0.9153285622596741,4,0.5,5.360555171966553
fixed,1,3851,1.1832759380340576,0.0,0.01635678857564926,0.17189669609069824,1.24302339553833,4,0.75,
fixed,1,3852,1.2278097867965698,0.0,0.005988026037812233,0.09668135643005371,1.2598081827163696,4,0.25,
fixed,1,3853,1.0130131244659424,0.0,0.012055592611432076,0.20646202564239502,1.080979585647583,4,0.75,
fixed,1,3854,0.8272579908370972,0.0,0.01582927256822586,0.058202266693115234,0.8526332974433899,4,0.5,
fixed,1,3855,1.6421397924423218,0.037898845970630646,0.003656716551631689,0.07353925704956055,1.6849793195724487,4,0.5,4.58932638168335
fixed,1,3856,0.6799994707107544,0.0,0.006445402279496193,0.029751300811767578,0.6921475529670715,4,0.25,
fixed,1,3857,1.3518683910369873,0.0,0.02051495388150215,0.4384775757789612,1.4936691522598267,4,1.0,
fixed,1,3858,0.9051136374473572,0.0,0.00880515854805708,0.0857468843460083,0.9352402687072754,4,0.5,
fixed,1,3859,1.0794715881347656,0.0,0.018631678074598312,0.15696358680725098,1.1358765363693237,4,0.75,
fixed,1,3860,2.029731273651123,0.0,0.011317024938762188,0.19538426399230957,2.0940051078796387,4,0.75,6.949040412902832
fixed,1,3861,1.0642801523208618,0.0,0.00462164543569088,0.10427474975585938,1.0978734493255615,4,0.25,
fixed,1,3862,1.4596872329711914,0.0,0.005378428380936384,0.11499619483947754,1.496875286102295,4,0.25,
fixed,1,3863,1.5725828409194946,0.0,0.006857128813862801,0.0932844877243042,1.603996753692627,4,0.25,
fixed,1,3864,1.2686259746551514,0.0,0.010758788324892521,0.05474579334259033,1.2904291152954102,4,0.5,
fixed,1,3865,0.8687646389007568,0.0,0.00801822543144226,0.03526961803436279,0.883354663848877,4,0.25,4.752692699432373
fixed,1,3866,0.6583723425865173,0.0,0.020980773493647575,0.12526774406433105,0.7064430713653564,4,0.75,
fixed,1,3867,1.5404672622680664,0.0,0.0050370353274047375,0.0861520767211914,1.568831443786621,4,0.25,
fixed,1,3868,1.7723331451416016,0.0,0.02040952444076538,0.04079151153564453,1.794775366783142,4,0.5,
fixed,1,3869,0.9327442646026611,0.018391499295830727,0.01746421307325363,0.10201108455657959,0.9812754392623901,4,0.75,
fixed,1,3870,1.241008996963501,0.0,0.006862848997116089,0.03780722618103027,1.2557826042175293,4,0.25,3.9912209510803223
fixed,1,3871,1.5553216934204102,0.0,0.0006359496037475765,0.37287187576293945,1.6675012111663818,4,0.0,
fixed,1,3872,1.384192943572998,0.021438434720039368,0.012338817119598389,0.1285635232925415,1.4396506547927856,4,0.75,
fixed,1,3873,1.236081600189209,0.0,0.012232881970703602,0.06965494155883789,1.2630945444107056,4,0.5,
fixed,1,3874,0.80201655626297,0.0,0.006243549752980471,0.10033655166625977,0.8352392911911011,4,0.25,
fixed,1,3875,0.9213436245918274,0.0,0.006775059271603823,0.040810585021972656,0.9369743466377258,4,0.25,3.951735734939575
fixed,1,3876,1.5629611015319824,0.0,0.01927191950380802,0.0603024959564209,1.5906877517700195,4,0.5,
fixed,1,3877,0.8080023527145386,0.0,0.006296658422797918,0.1004338264465332,0.8412808179855347,4,0.25,
fixed,1,3878,0.6963860392570496,0.0,0.0038567844312638044,0.09788084030151367,0.727678656578064,4,0.25,
fixed,1,3879,0.7979010343551636,0.0,0.014146486297249794,0.06304478645324707,0.8238877058029175,4,0.5,
fixed,1,3880,1.0017627477645874,0.022414619103074074,0.013489818200469017,0.13269567489624023,1.0595237016677856,4,0.75,0.8907300233840942
fixed,1,3881,1.5027005672454834,2.166466174458037e-06,0.010278398171067238,0.051695823669433594,1.523349642753601,4,0.5,
fixed,1,3882,1.4581475257873535,0.019517095759510994,0.0027027134783566,0.06372523307800293,1.488374948501587,4,0.5,
fixed,1,3883,0.7354970574378967,0.0,0.004612050950527191,0.04021906852722168,0.7498688101768494,4,0.25,
fixed,1,3884,0.9043905735015869,0.0,0.0038997898809611797,0.27896904945373535,0.9900311827659607,4,0.0,
fixed,1,3885,1.0844701528549194,0.0,0.011284193955361843,0.19957661628723145,1.1499851942062378,4,0.75,6.8457112312316895
fixed,1,3886,1.4304921627044678,0.0,0.006970637012273073,0.03408336639404297,1.4442025423049927,4,0.25,
fixed,1,3887,1.2232013940811157,0.0,0.005318262614309788,0.11715149879455566,1.2610059976577759,4,0.5,
fixed,1,3888,0.9776400923728943,0.027356736361980438,0.012762140482664108,0.4396923780441284,1.1296072006225586,4,1.0,
fixed,1,3889,0.8900286555290222,0.0,0.02586270309984684,0.14474070072174072,0.9463822245597839,4,0.75,
fixed,1,3890,1.0779528617858887,0.012186211533844471,0.013462782837450504,0.11862564086914062,1.126365065574646,4,0.75,2.8120789527893066
fixed,1,3891,1.2238490581512451,0.026175856590270996,0.01926993951201439,0.3520171642303467,1.3521771430969238,4,1.0,
fixed,1,3892,1.1488791704177856,0.008721795864403248,0.016166266053915024,0.1407608985900879,1.2035515308380127,4,0.75,
fixed,1,3893,1.761169672012329,0.0,0.04229357838630676,0.11915552616119385,1.8180631399154663,4,0.5,
fixed,1,3894,0.9335774183273315,0.0,0.024971978738904,0.06534326076507568,0.9656664133071899,4,0.5,
fixed,1,3895,1.0568163394927979,0.0,0.04204372689127922,0.0645836591720581,1.0972132682800293,4,0.75,19.01814842224121
fixed,1,3896,1.4836949110031128,0.031475409865379333,0.029677893966436386,0.1342308521270752,1.5545408725738525,4,1.0,
fixed,1,3897,1.0407789945602417,0.0,0.05369456857442856,0.039328575134277344,1.0794248580932617,4,0.75,
fixed,1,3898,1.401374101638794,0.0,0.00794344674795866,0.33004140853881836,1.5043582916259766,4,0.0,
fixed,1,3899,0.852441132068634,0.0,0.030496325343847275,0.07535600662231445,0.8902961015701294,4,0.5,
fixed,1,3900,1.1355226039886475,0.0,0.016578614711761475,0.23029100894927979,1.2128992080688477,4,0.25,7.185297012329102
fixed,1,3901,0.5361507534980774,0.0,0.07720280438661575,0.029308676719665527,0.5835447311401367,4,0.5,
fixed,1,3902,1.8458988666534424,0.0,0.028037233278155327,0.07557761669158936,1.8825907707214355,4,0.5,
fixed,1,3903,1.26716947555542,0.0,0.02847006916999817,0.054654479026794434,1.297800898551941,4,0.5,
fixed,1,3904,1.605497121810913,0.0,0.005006452556699514,0.28084874153137207,1.6922550201416016,4,0.0,
fixed,1,3905,0.9901935458183289,0.0,0.031829677522182465,0.10677957534790039,1.038142204284668,4,0.25,9.244782447814941
fixed,1,3906,1.4307019710540771,0.0,0.025868650525808334,0.09663105010986328,1.4726256132125854,4,0.75,
fixed,1,3907,1.7449084520339966,0.02241062931716442,0.00741282943636179,0.054184556007385254,1.7760756015777588,4,0.5,
fixed,1,3908,1.7437453269958496,0.03917912021279335,0.005447328556329012,0.09231209754943848,1.7937521934509277,4,0.75,
fixed,1,3909,1.7543864250183105,0.0,0.010980596765875816,0.05237138271331787,1.7755881547927856,4,0.5,
fixed,1,3910,1.1248525381088257,0.0,0.005195637699216604,0.1007988452911377,1.1576900482177734,4,0.25,3.153975248336792
fixed,1,3911,1.20607328414917,0.0,0.0272013321518898,0.04755878448486328,1.2339415550231934,4,0.5,
fixed,1,3912,1.0309643745422363,0.014983040280640125,0.004333380609750748,0.0559544563293457,1.0574089288711548,4,0.5,
fixed,1,3913,1.6371644735336304,0.0,0.005953585263341665,0.08198273181915283,1.664736032485962,4,0.25,
fixed,1,3914,0.9351093173027039,0.0,0.009911509230732918,0.09198355674743652,0.967660129070282,4,0.5,
fixed,1,3915,1.3999977111816406,0.0,0.006379276048392057,0.05859494209289551,1.4207658767700195,4,0.5,3.4389400482177734
fixed,1,3916,1.2410123348236084,0.0,0.011447477154433727,0.1895209550857544,1.303592324256897,4,0.75,
fixed,1,3917,1.6442787647247314,0.0,0.008139830082654953,0.6051183342933655,1.8298841714859009,4,1.0,
fixed,1,3918,1.8960598707199097,0.0,0.013259335421025753,0.193101167678833,1.9606199264526367,4,0.75,
fixed,1,3919,1.282608151435852,0.0,0.00038597738603129983,0.34062814712524414,1.384989619255066,4,0.0,
fixed,1,3920,0.6410578489303589,0.03418383747339249,0.0049406299367547035,0.20283639430999756,0.7214710116386414,4,0.75,3.229585647583008
fixed,1,3921,1.3993240594863892,0.03959266468882561,0.00037603091914206743,0.08824443817138672,1.4457817077636719,4,0.25,
fixed,1,3922,1.1529083251953125,0.01649937406182289,0.00975879281759262,0.10813641548156738,1.1984783411026,4,0.75,
fixed,1,3923,1.2290654182434082,0.0,0.007102577947080135,0.05305051803588867,1.2485318183898926,4,0.5,
fixed,1,3924,0.6636257767677307,0.02646270953118801,0.013215426355600357,0.11014831066131592,0.7165093421936035,4,0.75,
fixed,1,3925,0.4499354958534241,0.0299395639449358,0.018981266766786575,0.32375311851501465,0.5715218782424927,4,1.0,3.012404203414917
fixed,1,3926,1.7468863725662231,0.0,0.008206703700125217,0.0826801061630249,1.7757937908172607,4,0.25,
fixed,1,3927,0.9469218850135803,0.0,0.00954487919807434,0.058943986892700195,0.9693775177001953,4,0.25,
fixed,1,3928,1.8722002506256104,0.0,0.011940155178308487,0.11957097053527832,1.9140416383743286,4,0.25,
fixed,1,3929,1.3810654878616333,0.0,0.02358110621571541,0.040152788162231445,1.4049018621444702,4,0.5,
fixed,1,3930,1.4694119691848755,0.0,0.04514312371611595,0.08365130424499512,1.5170788764953613,4,0.25,12.835232734680176
fixed,1,3931,1.5605294704437256,0.0,0.04765121266245842,0.05206108093261719,1.599973440170288,4,0.5,
fixed,1,3932,0.7995619177818298,0.018995266407728195,0.032390717417001724,0.18302786350250244,0.8801632523536682,4,1.0,
fixed,1,3933,0.40549322962760925,0.0,0.024936508387327194,0.05084538459777832,0.43321511149406433,4,0.5,
fixed,1,3934,0.9726113677024841,0.02999059297144413,0.008556034415960312,0.07215023040771484,1.0135297775268555,4,0.75,
fixed,1,3935,1.8253403902053833,0.0,0.04174824431538582,0.03679549694061279,1.8572531938552856,4,0.25,12.161848068237305
fixed,1,3936,1.174468994140625,0.0,0.04639071598649025,0.10097181797027588,1.227955937385559,4,0.75,
fixed,1,3937,0.9497596025466919,0.01836567372083664,0.023273207247257233,0.08867096900939941,0.9971803426742554,4,0.75,
fixed,1,3938,1.7542102336883545,0.009825446642935276,0.007045588921755552,0.10466432571411133,1.794045090675354,4,0.5,
fixed,1,3939,1.3401682376861572,0.009480273351073265,0.0330134853720665,0.10277462005615234,1.3922475576400757,4,0.75,
fixed,1,3940,0.6364359855651855,0.0,0.04187454283237457,0.12381267547607422,0.6945170760154724,4,0.75,14.36707592010498
fixed,1,3941,1.1146670579910278,0.0,0.02500864863395691,0.11473619937896729,1.1615922451019287,4,0.5,
fixed,1,3942,1.7222117185592651,0.0,0.022697094827890396,0.2665414810180664,1.8135226964950562,4,0.25,
fixed,1,3943,0.9167807698249817,0.0,0.020468169823288918,0.06800532341003418,0.9474164247512817,4,0.25,
fixed,1,3944,0.979916512966156,0.0,0.029812540858983994,0.3335632085800171,1.0948917865753174,4,1.0,
fixed,1,3945,0.9973202347755432,0.01637875847518444,0.010851094499230385,0.027092814445495605,1.0190629959106445,4,0.5,2.8615221977233887
fixed,1,3946,1.3283836841583252,0.026179645210504532,0.022899825125932693,0.13434374332427979,1.3932265043258667,4,0.75,
fixed,1,3947,1.6776320934295654,0.0,0.013587696477770805,0.14295172691345215,1.7273114919662476,4,0.25,
fixed,1,3948,1.2216851711273193,0.031593162566423416,0.03201977536082268,0.2990889549255371,1.3432183265686035,4,1.0,
fixed,1,3949,0.9055884480476379,0.0,0.015947580337524414,0.05608940124511719,0.9303890466690063,4,0.5,
fixed,1,3950,1.0349326133728027,0.023739425465464592,0.02508140541613102,0.09757828712463379,1.0886164903640747,4,0.75,3.8585610389709473
fixed,1,3951,0.8451961874961853,0.04568447545170784,0.013581827282905579,0.28663384914398193,0.9608194828033447,4,1.0,
fixed,1,3952,1.584184169769287,0.0,0.013989641331136227,0.042787790298461914,1.6040153503417969,4,0.5,
fixed,1,3953,0.634944498538971,0.032982707023620605,0.0009161335765384138,0.04601454734802246,0.6656982898712158,4,0.5,
fixed,1,3954,1.2681891918182373,0.0,0.011067252606153488,0.09422922134399414,1.301991581916809,4,0.25,
fixed,1,3955,1.2389130592346191,0.0,0.0539001040160656,0.1661773920059204,1.3157163858413696,4,1.0,19.38978385925293
fixed,1,3956,1.3374570608139038,0.0,0.011340274475514889,0.09322488307952881,1.3710947036743164,4,0.25,
fixed,1,3957,2.1026978492736816,0.0,0.014399283565580845,0.09113287925720215,2.137237310409546,4,0.25,
fixed,1,3958,0.6834647059440613,0.0,0.016697784885764122,0.1660306453704834,0.741622805595398,4,0.25,
fixed,1,3959,1.3447933197021484,0.0,0.032158516347408295,0.03859555721282959,1.3724513053894043,4,0.5,
fixed,1,3960,1.3069546222686768,0.0,0.02197824791073799,0.03942382335662842,1.3297709226608276,4,0.5,9.037631034851074
fixed,1,3961,1.0663210153579712,0.0,0.025395821779966354,0.04324936866760254,1.0919936895370483,4,0.5,
fixed,1,3962,2.0585007667541504,0.0,0.0221199132502079,0.046140193939208984,2.0834028720855713,4,0.5,
fixed,1,3963,1.0195777416229248,0.0,0.04680097848176956,0.0712583065032959,1.064355731010437,4,0.75,
fixed,1,3964,2.0744128227233887,0.0,0.0371507965028286,0.09458112716674805,2.1213624477386475,4,0.5,
fixed,1,3965,1.7256340980529785,0.0,2.4718960048630834e-05,0.3483903408050537,1.830163598060608,4,0.0,0.2859017550945282
fixed,1,3966,1.3908637762069702,5.896040988773166e-07,0.02394658327102661,0.09922635555267334,1.432605266571045,4,0.75,
fixed,1,3967,1.9353841543197632,0.014885395765304565,0.0,0.11726999282836914,1.9780077934265137,4,0.25,
fixed,1,3968,0.882370114326477,0.017994439229369164,0.0143253980204463,0.34029579162597656,1.000618815422058,4,1.0,
fixed,1,3969,1.6641639471054077,7.968315912876278e-06,0.01640131138265133,0.06252944469451904,1.6911274194717407,4,0.5,
fixed,1,3970,1.5851713418960571,2.3059925297275186e-05,0.007028753403574228,0.07916665077209473,1.6124472618103027,4,0.25,3.057037830352783
fixed,1,3971,1.217939853668213,0.00011289923713775352,0.003966149874031544,0.053944945335388184,1.2361629009246826,4,0.25,
fixed,1,3972,1.0276966094970703,0.0,0.0230514258146286,0.22008132934570312,1.1052467823028564,4,0.75,
fixed,1,3973,1.5300161838531494,9.18073328648461e-06,0.006947544403374195,0.07069897651672363,1.554704189300537,4,0.5,
fixed,1,3974,0.787990152835846,0.021633155643939972,1.1709418146210737e-07,0.0792231559753418,0.822573721408844,4,0.25,
fixed,1,3975,2.066073417663574,2.554129650889081e-06,0.011089233681559563,0.20729732513427734,2.1338086128234863,4,0.75,5.862377643585205
fixed,1,3976,1.2265009880065918,0.0,0.009820736944675446,0.40656232833862305,1.3533800840377808,4,0.25,
fixed,1,3977,0.9953120946884155,0.0,0.01710939221084118,0.05911540985107422,1.0216014385223389,4,0.5,
fixed,1,3978,1.6393386125564575,0.0,0.017553431913256645,0.18536615371704102,1.7037252187728882,4,0.75,
fixed,1,3979,1.0243045091629028,0.021607331931591034,0.006379468832165003,0.18672716617584229,1.094316005706787,4,0.75,
fixed,1,3980,1.4379844665527344,0.0,0.009735300205647945,0.07653999328613281,1.4658141136169434,4,0.5,5.2277069091796875
fixed,1,3981,0.5295683145523071,0.0,0.020747816190123558,0.03794360160827637,0.5513253211975098,4,0.5,
fixed,1,3982,0.7332289814949036,0.0,0.012602781876921654,0.06508386135101318,0.7590555548667908,4,0.5,
fixed,1,3983,1.3694149255752563,0.0,0.003421179484575987,0.1326085329055786,1.4109081029891968,4,0.25,
fixed,1,3984,1.5274754762649536,0.0,0.0008968175970949233,0.3813389539718628,1.642325520515442,4,0.0,
fixed,1,3985,0.8676908612251282,0.03354020044207573,0.011317979544401169,0.19667184352874756,0.9491214752197266,4,0.75,1.0797160863876343
fixed,1,3986,0.8170309662818909,0.0,0.010138025507330894,0.02600407600402832,0.8299012184143066,4,0.25,
fixed,1,3987,0.8654896020889282,0.014948725700378418,0.000459133880212903,0.1681443452835083,0.9236368536949158,4,0.25,
fixed,1,3988,1.5949573516845703,0.0,0.015700187534093857,0.17150306701660156,1.654258370399475,4,0.75,
fixed,1,3989,1.2012698650360107,0.0,0.015358468517661095,0.050751447677612305,1.2241744995117188,4,0.5,
fixed,1,3990,1.4659477472305298,0.0,0.024344515055418015,0.03254115581512451,1.487882375717163,4,0.5,9.826091766357422
fixed,1,3991,0.8325007557868958,0.027659140527248383,0.015951702371239662,0.224906325340271,0.9217780828475952,4,0.75,
fixed,1,3992,2.0048491954803467,0.015080797486007214,0.0002124897437170148,0.19703185558319092,2.0716054439544678,4,0.25,
fixed,1,3993,0.9172860980033875,0.02345791645348072,0.03017454594373703,0.2582573890686035,1.0215795040130615,4,1.0,
fixed,1,3994,0.7714825868606567,0.0,0.014333236962556839,0.07151663303375244,0.8001042008399963,4,0.5,
fixed,1,3995,0.741700291633606,0.0,0.03206735849380493,0.10583126544952393,0.789483368396759,4,0.75,13.856844902038574
fixed,1,3996,1.4648637771606445,0.0,0.05573083832859993,0.17374491691589355,1.5448527336120605,4,1.0,
fixed,1,3997,0.7380330562591553,0.024921664968132973,0.02406863123178482,0.023344039916992188,0.7695314288139343,4,0.5,
fixed,1,3998,1.0932284593582153,0.0,0.0070000868290662766,0.12843012809753418,1.1352574825286865,4,0.25,
fixed,1,3999,0.6033860445022583,0.0,0.053456082940101624,0.07606887817382812,0.652934730052948,4,0.75,
fixed,1,4000,0.7535509467124939,0.0,0.003362151561304927,0.238838791847229,0.8268836736679077,4,0.0,2.9981863498687744
fixed,1,4001,0.6489027142524719,0.03701157867908478,0.015029729343950748,0.12333273887634277,0.7119231820106506,4,0.75,
fixed,1,4002,0.9804055094718933,0.0,0.006533228792250156,0.2459486722946167,1.0574567317962646,4,0.0,
fixed,1,4003,1.0018930435180664,0.0,0.029051240533590317,0.06601762771606445,1.0362240076065063,4,0.5,
fixed,2,4004,0.7464584708213806,0.0,0.003430838230997324,0.25426650047302246,0.8244538307189941,4,0.0,
fixed,2,4005,0.6248641014099121,0.0,0.05770895630121231,0.1670011281967163,0.7038189172744751,4,1.0,20.21564483642578
fixed,2,4006,1.0755255222320557,0.0,0.04079398885369301,0.02249014377593994,1.102669596672058,4,0.5,
fixed,2,4007,0.595844566822052,0.0,0.050385817885398865,0.1850210428237915,0.6765437722206116,4,1.0,
fixed,2,4008,1.2973750829696655,0.0,0.01151429582387209,0.16875791549682617,1.3537596464157104,4,0.25,
fixed,2,4009,0.7673654556274414,0.0,0.018347056582570076,0.06297540664672852,0.7954316139221191,4,0.25,
fixed,2,4010,1.1318310499191284,0.0,0.021837010979652405,0.0702810287475586,1.1638338565826416,4,0.5,9.345568656921387
fixed,2,4011,0.9965031743049622,0.0,0.022406306117773056,0.196111798286438,1.0665398836135864,4,0.25,
fixed,2,4012,0.8801606297492981,0.0,0.028008069843053818,0.10625386238098145,0.9260408282279968,4,0.75,
fixed,2,4013,0.7885105609893799,0.0,0.0030288491398096085,0.16800546646118164,0.8404266238212585,4,0.0,
fixed,2,4014,0.9370847940444946,0.02229870669543743,0.0062049985863268375,0.06879496574401855,0.9719751477241516,4,0.5,
fixed,2,4015,0.841978907585144,0.0,0.0168926864862442,0.07501602172851562,0.8729300498962402,4,0.5,8.286260604858398
fixed,2,4016,0.3584762513637543,0.0,0.013496535830199718,0.06786096096038818,0.3855828046798706,4,0.5,
fixed,2,4017,0.3742159605026245,0.0,0.013132068328559399,0.06438815593719482,0.40009844303131104,4,0.5,
fixed,2,4018,0.17332254350185394,0.0,0.008724329993128777,0.10201776027679443,0.20829004049301147,4,0.5,
fixed,2,4019,1.0668781995773315,4.1077842070080806e-06,0.00995755847543478,0.08363699913024902,1.0969501733779907,4,0.25,
fixed,2,4020,1.2736656665802002,4.826750227948651e-06,0.00453333742916584,0.060819149017333984,1.2941805124282837,4,0.25,2.3957359790802
fixed,2,4021,0.46566763520240784,0.02119891531765461,0.006486617028713226,0.18720269203186035,0.5356712341308594,4,0.75,
fixed,2,4022,0.7192320823669434,0.02248145081102848,0.004458609037101269,0.06226193904876709,0.7513806819915771,4,0.5,
fixed,2,4023,0.710114061832428,0.0,0.025050755590200424,0.3777412176132202,0.8359618186950684,4,1.0,
fixed,2,4024,0.5610695481300354,0.020289212465286255,0.004528931807726622,0.051229000091552734,0.5888473391532898,4,0.5,
fixed,2,4025,0.8012720346450806,6.753781462975894e-07,0.010492738336324692,0.045119643211364746,0.8200546503067017,4,0.25,4.568722248077393
fixed,2,4026,0.9532952308654785,0.0,0.012482392601668835,0.0502018928527832,0.9745969772338867,4,0.5,
fixed,2,4027,0.5543580055236816,0.0,0.011204851791262627,0.05548250675201416,0.5766052007675171,4,0.5,
fixed,2,4028,0.8012256622314453,0.0,0.015773652121424675,0.14401733875274658,0.8523176908493042,4,0.75,
fixed,2,4029,0.4274979829788208,0.0,0.020710261538624763,0.05536031723022461,0.4544612169265747,4,0.5,
fixed,2,4030,0.38188251852989197,0.027437349781394005,0.022949006408452988,0.11230337619781494,0.44076672196388245,4,0.75,3.9620578289031982
fixed,2,4031,0.177052304148674,0.0,0.014851882122457027,0.07165706157684326,0.20597536861896515,4,0.5,
fixed,2,4032,0.5055918097496033,0.0298139750957489,0.019389387220144272,0.3389071226119995,0.6318656206130981,4,1.0,
fixed,2,4033,0.48238295316696167,0.0,0.017845138907432556,0.07349348068237305,0.5133535861968994,4,0.25,
fixed,2,4034,0.4923437535762787,0.0,0.014891702681779861,0.06075096130371094,0.5180149078369141,4,0.5,
fixed,2,4035,0.7253920435905457,0.0,0.006299142260104418,0.15074849128723145,0.7737661600112915,4,0.25,3.360295295715332
fixed,2,4036,1.368485689163208,0.0,0.010179976001381874,0.16629016399383545,1.4234627485275269,4,0.25,
fixed,2,4037,0.422707200050354,0.0,0.011688965372741222,0.05515885353088379,0.4450993537902832,4,0.25,
fixed,2,4038,1.0152699947357178,0.0,0.025000110268592834,0.03459751605987549,1.038149356842041,4,0.5,
fixed,2,4039,0.13130339980125427,0.0,0.023948218673467636,0.13645875453948975,0.18421512842178345,4,0.75,
fixed,2,4040,0.5643807053565979,0.0,0.012911343947052956,0.07871389389038086,0.5944505333900452,4,0.5,6.346512317657471
fixed,2,4041,1.0465589761734009,0.0,0.0016795408446341753,0.3636208772659302,1.1564849615097046,4,0.0,
fixed,2,4042,0.7584342956542969,0.0,0.016172025352716446,0.050998568534851074,0.7818198800086975,4,0.5,
fixed,2,4043,0.48136991262435913,0.0,0.008037595078349113,0.1391735076904297,0.527140736579895,4,0.25,
fixed,2,4044,0.6739322543144226,0.0,0.002004826907068491,0.3645761013031006,0.7843074798583984,4,0.0,
fixed,2,4045,0.8726938366889954,0.0,0.007902273908257484,0.08829975128173828,0.9031348824501038,4,0.25,4.405191421508789
fixed,2,4046,1.0822229385375977,0.0,0.004762616939842701,0.052411437034606934,1.100327730178833,4,0.25,
fixed,2,4047,0.962843656539917,0.0,0.013159649446606636,0.18842124938964844,1.0259498357772827,4,0.75,
fixed,2,4048,1.1315319538116455,0.0,0.01897081732749939,0.14768481254577637,1.1853227615356445,4,0.75,
fixed,2,4049,1.51736319065094,0.0,0.009659421630203724,0.21965384483337402,1.588089108467102,4,0.75,
fixed,2,4050,0.34783509373664856,7.96458891727525e-07,0.013622844591736794,0.1795811653137207,0.40852126479148865,4,0.75,7.151998519897461
fixed,2,4051,0.7850551009178162,0.0,0.011547422036528587,0.05146145820617676,0.806267261505127,4,0.5,
fixed,2,4052,0.6766237020492554,4.493784217629582e-05,0.003984034061431885,0.04376852512359619,0.6917687654495239,4,0.25,
fixed,2,4053,0.9650740623474121,6.167831452330574e-05,0.003935032524168491,0.049904584884643555,0.9820438027381897,4,0.25,
fixed,2,4054,0.4433032274246216,0.02956564538180828,0.00771696213632822,0.17337727546691895,0.5139577388763428,4,0.75,
fixed,2,4055,0.5488840937614441,5.779744606115855e-05,0.007646320387721062,0.05195140838623047,0.5683215856552124,4,0.5,3.881992816925049
fixed,2,4056,0.5373097062110901,0.0,0.015231684781610966,0.3168731927871704,0.6399875283241272,4,0.75,
fixed,2,4057,1.5900789499282837,0.03700914978981018,0.008369313552975655,0.06069016456604004,1.6309752464294434,4,0.5,
fixed,2,4058,0.6742159128189087,1.5319883459596895e-06,0.008030712604522705,0.08080613613128662,0.7024738788604736,4,0.5,
fixed,2,4059,0.49071264266967773,1.8938355879072333e-06,6.310779554041801e-06,0.3369312286376953,0.5917961001396179,4,0.0,
fixed,2,4060,0.47370272874832153,0.0,0.011391316540539265,0.0563507080078125,0.49630358815193176,4,0.5,5.439177989959717
fixed,2,4061,1.1319488286972046,0.0,0.013282831758260727,0.17025184631347656,1.1896657943725586,4,0.75,
fixed,2,4062,0.5197927355766296,0.0,0.019982164725661278,0.13032102584838867,0.5688801407814026,4,0.75,
fixed,2,4063,0.7624550461769104,0.0,0.017271164804697037,0.0571058988571167,0.7882223725318909,4,0.5,
fixed,2,4064,0.83490389585495,0.0,0.0002588327624835074,0.34891414642333984,0.9397075772285461,4,0.0,
fixed,2,4065,0.6094183921813965,0.0,0.027620768174529076,0.05825686454772949,0.6407058238983154,4,0.5,10.413763999938965
fixed,2,4066,0.6682835221290588,0.0,0.013481155037879944,0.04924619197845459,0.6897979378700256,4,0.25,
fixed,2,4067,0.7914270758628845,0.0,0.0170284453779459,0.0393902063369751,0.8117583394050598,4,0.5,
fixed,2,4068,0.5806412100791931,0.0,0.006735306698828936,0.09097206592559814,0.6113004684448242,4,0.25,
fixed,2,4069,0.5098146200180054,0.0,0.00010090660362038761,0.2599921226501465,0.5878627300262451,4,0.0,
fixed,2,4070,0.8063406348228455,0.031071169301867485,0.004328561946749687,0.04749560356140137,0.838289201259613,4,0.5,4.36072301864624
fixed,2,4071,0.7333567142486572,0.0,0.01703842543065548,0.15943562984466553,0.7897065877914429,4,0.75,
fixed,2,4072,0.3397117853164673,0.0,0.01669257879257202,0.16842114925384521,0.39858442544937134,4,0.75,
fixed,2,4073,0.5653432607650757,0.0,0.02010767161846161,0.263774037361145,0.654529333114624,4,0.75,
fixed,2,4074,0.8736291527748108,0.0,0.009020227938890457,0.05651664733886719,0.8950942754745483,4,0.5,
fixed,2,4075,0.8653357625007629,0.030655981972813606,0.005589115433394909,0.04975473880767822,0.8983847498893738,4,0.5,3.307278871536255
fixed,2,4076,0.42104512453079224,0.0,0.012381014414131641,0.07555520534515381,0.449902206659317,4,0.5,
fixed,2,4077,0.8313319683074951,0.0,0.016067080199718475,0.05111193656921387,0.8546990752220154,4,0.5,
fixed,2,4078,0.7278953194618225,0.0,0.018540121614933014,0.1522214412689209,0.7828317880630493,4,0.75,
fixed,2,4079,1.0001834630966187,0.0221595149487257,0.006161794997751713,0.0842207670211792,1.0396103858947754,4,0.5,
fixed,2,4080,0.3508424758911133,0.0,0.00627916632220149,0.13568341732025146,0.39468708634376526,4,0.25,3.3954665660858154
fixed,2,4081,0.5604463815689087,0.016620870679616928,0.018775062635540962,0.11249840259552002,0.611893892288208,4,0.75,
fixed,2,4082,0.6339749693870544,0.0,0.02200801856815815,0.12438619136810303,0.6822948455810547,4,0.75,
fixed,2,4083,0.471163809299469,0.0,0.02449066936969757,0.12685346603393555,0.5214651823043823,4,0.75,
fixed,2,4084,0.4269152581691742,0.0,0.00046919818851165473,0.43927812576293945,0.5589333176612854,4,0.0,
fixed,2,4085,0.8369939923286438,0.0,0.01734217256307602,0.05935204029083252,0.8634706735610962,4,0.5,8.011041641235352
fixed,2,4086,0.564537525177002,0.0,0.014793070033192635,0.060419321060180664,0.5900598764419556,4,0.5,
fixed,2,4087,0.9340463876724243,0.015558247454464436,0.013288651593029499,0.06410503387451172,0.9677013754844666,4,0.5,
fixed,2,4088,0.4943717420101166,0.0,0.010077258571982384,0.11797881126403809,0.5348039865493774,4,0.25,
fixed,2,4089,0.7049762010574341,0.01648491434752941,0.0025680656544864178,0.052103519439697266,0.7301337718963623,4,0.25,
fixed,2,4090,0.6627127528190613,0.03900165110826492,0.0220286026597023,0.2006462812423706,0.7534217834472656,4,1.0,5.1213226318359375
fixed,2,4091,0.3392358720302582,0.0,0.02273597940802574,0.029750704765319824,0.3595290780067444,4,0.5,
fixed,2,4092,0.3266248404979706,0.0,0.01091922540217638,0.0944209098815918,0.3604107201099396,4,0.25,
fixed,2,4093,0.3353765308856964,0.0,0.021927151829004288,0.05480813980102539,0.3627825379371643,4,0.5,
fixed,2,4094,0.9414716362953186,0.0,0.020684070885181427,0.11443197727203369,0.9861432909965515,4,0.25,
fixed,2,4095,1.044053316116333,0.0,0.008068329654633999,0.09137177467346191,1.0754990577697754,4,0.25,4.221132278442383
fixed,2,4096,0.5516649484634399,0.0,0.0003725366259459406,0.32204651832580566,0.6484651565551758,4,0.0,
fixed,2,4097,0.6692502498626709,0.0,0.01681094989180565,0.029052138328552246,0.686371386051178,4,0.5,
fixed,2,4098,0.9801939725875854,0.0,0.02176659367978573,0.043088555335998535,1.004003882408142,4,0.5,
fixed,2,4099,1.0154948234558105,1.3067628060525749e-05,0.027111006900668144,0.11172342300415039,1.0625739097595215,4,0.75,
fixed,2,4100,0.6010635495185852,0.0,0.015585741028189659,0.04665422439575195,0.6228526830673218,4,0.5,7.710352897644043
fixed,2,4101,0.6665613651275635,4.728274871013127e-05,0.024780821055173874,0.1386643648147583,0.7205747365951538,4,0.75,
fixed,2,4102,0.38022759556770325,6.215621397132054e-05,0.019217945635318756,0.15948724746704102,0.4377138316631317,4,0.75,
fixed,2,4103,0.7920927405357361,1.6689817130099982e-05,0.011153576895594597,0.2101755142211914,0.8607305288314819,4,0.75,
fixed,2,4104,1.0597655773162842,4.7589579480700195e-05,0.010066956281661987,0.057042717933654785,1.0819356441497803,4,0.5,
fixed,2,4105,0.5398896932601929,3.244823165005073e-05,0.006374136079102755,0.08547258377075195,0.5687347650527954,4,0.25,2.9635937213897705
fixed,2,4106,0.45093125104904175,6.421432772185653e-05,0.005345684476196766,0.08059704303741455,0.47781533002853394,4,0.25,
fixed,2,4107,0.6088182926177979,0.00010545516852289438,0.0009215314057655632,0.20190918445587158,0.6699045300483704,4,0.0,
fixed,2,4108,0.6813950538635254,0.03470788523554802,0.0035312913823872805,0.07025766372680664,0.7215919494628906,4,0.5,
fixed,2,4109,0.8993242979049683,0.0,0.015217958018183708,0.17851412296295166,0.9604875445365906,4,0.75,
fixed,2,4110,1.3717163801193237,3.2588850444881245e-05,0.007078466936945915,0.07979142665863037,1.3992093801498413,4,0.25,3.525951862335205
fixed,2,4111,0.5119669437408447,0.0,0.012651801109313965,0.08000552654266357,0.5422945022583008,4,0.5,
fixed,2,4112,0.1566195785999298,0.0,0.004664523061364889,0.039740920066833496,0.17087411880493164,4,0.25,
fixed,2,4113,0.41455042362213135,0.0,0.00937043409794569,0.23146545886993408,0.4886752963066101,4,0.75,
fixed,2,4114,0.7786757946014404,0.03488835319876671,0.007846000604331493,0.20354783535003662,0.861107349395752,4,0.75,
fixed,2,4115,0.8855591416358948,0.0,0.004928771406412125,0.10895681381225586,0.920710563659668,4,0.25,3.012345552444458
fixed,2,4116,0.5424426198005676,0.0,0.0004941494553349912,0.36340510845184326,0.6517112255096436,4,0.0,
fixed,2,4117,1.288692593574524,0.0,0.00045291753485798836,0.32145535945892334,1.3853557109832764,4,0.0,
fixed,2,4118,0.7654833793640137,0.02241341583430767,0.005158248357474804,0.057121992111206055,0.7964057922363281,4,0.5,
fixed,2,4119,0.952366828918457,0.027338560670614243,0.0020876992493867874,0.03802227973937988,0.9784866571426392,4,0.25,
fixed,2,4120,0.6808153986930847,0.024214165285229683,0.014801008626818657,0.3832322359085083,0.8152926564216614,4,1.0,2.1233901977539062
fixed,2,4121,1.1165038347244263,0.0,0.0003758381644729525,0.26177120208740234,1.195223093032837,4,0.0,
fixed,2,4122,0.7735012173652649,0.0,0.03369385749101639,0.2849200963973999,0.8758242130279541,4,1.0,
fixed,2,4123,1.3512235879898071,0.02451600879430771,0.0076730698347091675,0.03023386001586914,1.3763883113861084,4,0.5,
fixed,2,4124,0.3837665319442749,0.0,0.03220359608530998,0.029697179794311523,0.40877747535705566,4,0.5,
fixed,2,4125,0.6786137223243713,0.035114798694849014,0.02448664978146553,0.16893744468688965,0.7590956687927246,4,1.0,2.608196258544922
fixed,2,4126,0.5651785731315613,0.0,0.02683785930275917,0.04926455020904541,0.593376874923706,4,0.5,
fixed,2,4127,0.79213947057724,0.014639383181929588,0.02505531534552574,0.04921674728393555,0.8267518281936646,4,0.75,
fixed,2,4128,0.3702889084815979,0.0,0.04394666850566864,0.14311504364013672,0.43519675731658936,4,0.75,
fixed,2,4129,0.8805665969848633,0.0,0.04523802548646927,0.04173684120178223,0.9157066345214844,4,0.75,
fixed,2,4130,1.2704707384109497,0.005644568707793951,0.02969505451619625,0.04849863052368164,1.3026901483535767,4,0.5,9.187213897705078
fixed,2,4131,0.7592286467552185,0.0,0.04028069227933884,0.06963658332824707,0.8002599477767944,4,0.5,
fixed,2,4132,0.8949859738349915,0.0,0.034846313297748566,0.07834267616271973,0.9359119534492493,4,0.5,
fixed,2,4133,0.7571958899497986,0.0,0.014716967940330505,0.178300142288208,0.8180444240570068,4,0.25,
fixed,2,4134,0.678864598274231,0.007805421948432922,0.013032153248786926,0.10875082015991211,0.7219086289405823,4,0.5,
fixed,2,4135,0.48960617184638977,0.0,0.036946963518857956,0.12174975872039795,0.5446045994758606,4,0.5,13.472246170043945
fixed,2,4136,1.0900676250457764,0.0,0.012557735666632652,0.04861140251159668,1.1109299659729004,4,0.25,
fixed,2,4137,0.6582455635070801,0.0,0.009668097831308842,0.1622326374053955,0.7117494344711304,4,0.25,
fixed,2,4138,0.5478141903877258,0.0,0.032044846564531326,0.30978310108184814,0.6567715406417847,4,1.0,
fixed,2,4139,1.1643531322479248,0.0,0.010338310152292252,0.15421772003173828,1.215787649154663,4,0.25,
fixed,2,4140,0.5877650380134583,0.0,0.015811525285243988,0.05652916431427002,0.6126295328140259,4,0.5,8.030134201049805
fixed,2,4141,0.49516797065734863,0.010154287330806255,0.0065195392817258835,0.08238065242767334,0.5282191038131714,4,0.5,
fixed,2,4142,0.9356026649475098,0.016541114076972008,0.00534977437928319,0.0752708911895752,0.9691293835639954,4,0.5,
fixed,2,4143,0.8451661467552185,0.02651079185307026,0.005128607619553804,0.08362901210784912,0.8860745429992676,4,0.5,
fixed,2,4144,0.6458407640457153,0.031064139679074287,0.01781194657087326,0.21897363662719727,0.7359709143638611,4,0.75,
fixed,2,4145,1.217286467552185,6.753781462975894e-07,1.3255457815830596e-05,0.24145293235778809,1.289729356765747,4,0.0,0.1923161745071411
fixed,2,4146,0.3203257620334625,0.02361195534467697,0.024859609082341194,0.29445314407348633,0.43289750814437866,4,1.0,
fixed,2,4147,0.7047939896583557,0.0,0.01573057845234871,0.04839169979095459,0.7271767854690552,4,0.5,
fixed,2,4148,1.186749815940857,0.0,0.024908648803830147,0.0520557165145874,1.2148208618164062,4,0.5,
fixed,2,4149,0.9497311115264893,3.292949259048328e-06,0.02300012856721878,0.03635263442993164,0.9721386432647705,4,0.5,
fixed,2,4150,0.5953229665756226,0.0,0.016370505094528198,0.06041610240936279,0.6216330528259277,4,0.5,7.736897945404053
fixed,2,4151,0.8506600856781006,1.3029126421315596e-05,0.008816864341497421,0.06437063217163086,0.874386191368103,4,0.25,
fixed,2,4152,0.5687088370323181,3.6710469430545345e-05,0.009087374433875084,0.06074976921081543,0.5914958119392395,4,0.25,
fixed,2,4153,0.7432916164398193,1.2199876664453768e-09,0.0017313417047262192,0.1693565845489502,0.7949642539024353,4,0.0,
fixed,2,4154,0.6698295474052429,1.1071785710470294e-09,0.019643915817141533,0.06275773048400879,0.6984788179397583,4,0.5,
fixed,2,4155,0.2961645722389221,1.2440099226296297e-06,0.02736099623143673,0.03744208812713623,0.3210783302783966,4,0.5,10.785737991333008
fixed,2,4156,0.7493470311164856,1.7568185285199434e-05,0.01984093338251114,0.13635826110839844,0.8001837730407715,4,0.25,
fixed,2,4157,0.6342031359672546,0.025036141276359558,0.017156321555376053,0.14137351512908936,0.6977114081382751,4,0.75,
fixed,2,4158,0.6402634978294373,1.2854608030465897e-05,0.006162713747471571,0.10500705242156982,0.6748533844947815,4,0.25,
fixed,2,4159,0.6119945645332336,1.2728346518997569e-05,0.02614453248679638,0.15942251682281494,0.6728999614715576,4,0.75,
fixed,2,4160,0.9312788844108582,0.028507670387625694,0.008141892030835152,0.07089638710021973,0.9708725810050964,4,0.5,3.135943651199341
fixed,2,4161,1.2487461566925049,8.05746967671439e-05,0.003397321794182062,0.07990574836730957,1.2744568586349487,4,0.25,
fixed,2,4162,0.7004305720329285,7.352419743256178e-06,0.010930022224783897,0.09482836723327637,0.7343477606773376,4,0.5,
fixed,2,4163,0.6370973587036133,1.6812352896522498e-06,0.01655295304954052,0.10239672660827637,0.6760936975479126,4,0.5,
fixed,2,4164,1.4995722770690918,0.01908438466489315,0.0,0.12587261199951172,1.546876311302185,4,0.25,
fixed,2,4165,0.5653337240219116,1.0316742191207595e-05,0.013191474601626396,0.06940352916717529,0.5927556753158569,4,0.5,6.452409744262695
fixed,2,4166,0.300851047039032,4.70316336986798e-07,0.012410654686391354,0.045604586601257324,0.3207379877567291,4,0.25,
fixed,2,4167,1.0051312446594238,5.091720959171653e-05,0.017561305314302444,0.1763155460357666,1.0668320655822754,4,0.75,
fixed,2,4168,0.7373123168945312,0.0,0.012630217708647251,0.05912208557128906,0.7613640427589417,4,0.5,
fixed,2,4169,0.5716727375984192,0.040409866720438004,0.003457858692854643,0.13596391677856445,0.6343957781791687,4,0.75,
fixed,2,4170,0.7844192981719971,0.0,0.01675417274236679,0.11246728897094727,0.8265365958213806,3,0.75,8.511590003967285
fixed,2,4171,0.9130374789237976,0.0,0.0017659873701632023,0.18087410926818848,0.9681826829910278,4,0.0,
fixed,2,4172,1.007919430732727,0.0,0.005369893740862608,0.07996988296508789,1.0345953702926636,4,0.25,
fixed,2,4173,1.0125724077224731,0.0,0.02538369409739971,0.06456732749938965,1.044634461402893,4,0.5,
fixed,2,4174,0.5120523571968079,0.0,0.00814742874354124,0.08755135536193848,0.5423914790153503,4,0.25,
fixed,2,4175,0.664765477180481,0.027645213529467583,0.01097201555967331,0.1546705961227417,0.7304753065109253,4,0.75,1.145266056060791
fixed,2,4176,1.1993263959884644,0.0,0.019927391782402992,0.04483985900878906,1.2227420806884766,4,0.5,
fixed,2,4177,0.45180171728134155,0.017308764159679413,0.012871313840150833,0.3632633686065674,0.5758707523345947,4,1.0,
fixed,2,4178,0.5302825570106506,0.0,0.015153395012021065,0.05850088596343994,0.5554095506668091,4,0.5,
fixed,2,4179,0.4276224374771118,0.0,0.011465759947896004,0.42593979835510254,0.5611372590065002,4,0.25,
fixed,2,4180,0.7690412998199463,0.0,0.010795786045491695,0.03378570079803467,0.7845749258995056,4,0.25,5.463980197906494
fixed,2,4181,0.773440957069397,0.029970280826091766,0.0006040674634277821,0.07885825634002686,0.812385618686676,4,0.5,
fixed,2,4182,0.6506336331367493,0.0,0.02635781653225422,0.07163286209106445,0.6853023767471313,4,0.5,
fixed,2,4183,0.6041141152381897,0.0,0.012134630233049393,0.12848258018493652,0.648726224899292,4,0.25,
fixed,2,4184,0.7464931011199951,2.0283288904465735e-05,0.0293427761644125,0.05871009826660156,0.7787876725196838,4,0.5,
fixed,2,4185,0.4172349274158478,0.0,0.0013468200340867043,0.4147924780845642,0.5423461198806763,4,0.0,2.4802253246307373
fixed,2,4186,0.8052312731742859,0.0,0.019199280068278313,0.03881359100341797,0.8264749646186829,4,0.5,
fixed,2,4187,0.82291179895401,0.04294469207525253,0.004789094440639019,0.023563385009765625,0.8538476824760437,4,0.5,
fixed,2,4188,1.0322829484939575,0.0,0.0008412337629124522,0.38032591342926025,1.1468013525009155,4,0.0,
fixed,2,4189,0.5465627312660217,0.0,0.01617000252008438,0.09267783164978027,0.5824511051177979,4,0.25,
fixed,2,4190,0.8030694127082825,0.029660440981388092,0.010959169827401638,0.09062314033508301,0.8505661487579346,4,0.75,6.9010467529296875
fixed,2,4191,0.9169892072677612,0.0,0.024305950850248337,0.13926208019256592,0.9709208011627197,4,0.75,
fixed,2,4192,0.6766234040260315,0.0,0.00029906275449320674,0.37628173828125,0.789657473564148,4,0.0,
fixed,2,4193,0.8646351099014282,0.0,0.00020321202464401722,0.35267019271850586,0.9705377817153931,4,0.0,
fixed,2,4194,0.556900143623352,0.0,0.039980173110961914,0.2617058753967285,0.6554020047187805,4,1.0,
fixed,2,4195,0.8933988809585571,0.0,0.00795140489935875,0.026040196418762207,0.905186653137207,4,0.25,4.316250801086426
fixed,2,4196,0.5603363513946533,0.0,0.007596459239721298,0.06837081909179688,0.5846458077430725,4,0.25,
fixed,2,4197,0.41890740394592285,2.7643679345601413e-07,0.01563536375761032,0.04145526885986328,0.4391618072986603,4,0.5,
fixed,2,4198,1.0882405042648315,3.5569219107856043e-06,0.03356422483921051,0.09249043464660645,1.1327714920043945,4,0.75,
fixed,2,4199,0.8307052850723267,2.321899046364706e-06,0.024041268974542618,0.027378082275390625,0.8509405255317688,4,0.5,
fixed,2,4200,1.0478001832962036,0.011087408289313316,0.02968982420861721,0.20143890380859375,1.1286205053329468,4,1.0,8.681418418884277
fixed,2,4201,0.783431351184845,1.474260557188245e-06,0.033562831580638885,0.10335838794708252,0.8312210440635681,4,0.75,
fixed,2,4202,1.0880709886550903,5.108897676109336e-05,0.01221107505261898,0.035161733627319336,1.104750633239746,4,0.25,
fixed,2,4203,0.4641880393028259,0.012435098178684711,0.01589156687259674,0.09959673881530762,0.5082303881645203,4,0.75,
fixed,2,4204,1.111082673072815,0.03828642889857292,0.010490980930626392,0.0814439058303833,1.1599045991897583,4,0.75,
fixed,2,4205,1.0389450788497925,0.0,0.03872750699520111,0.26984894275665283,1.1392635107040405,4,1.0,16.8549747467041
fixed,2,4206,0.9569053649902344,3.7499448808375746e-06,0.031206492334604263,0.05320596694946289,0.9884722828865051,4,0.5,
fixed,2,4207,0.5904832482337952,0.027438700199127197,0.018921229988336563,0.11186575889587402,0.6472229361534119,4,0.75,
fixed,2,4208,0.9247848987579346,0.0,0.0455239936709404,0.21191155910491943,1.011120319366455,4,1.0,
fixed,2,4209,1.4026167392730713,0.0,0.00918528065085411,0.1007843017578125,1.4374446868896484,4,0.25,
fixed,2,4210,0.7663565874099731,0.0,0.024066295474767685,0.0533217191696167,0.7943862676620483,4,0.5,10.487970352172852
fixed,2,4211,0.6749057769775391,0.0,0.03439117223024368,0.0803900957107544,0.7162184119224548,4,0.75,
fixed,2,4212,0.5212128162384033,0.0,0.04064996540546417,0.06937122344970703,0.5623491406440735,4,0.5,
fixed,2,4213,0.8111331462860107,0.009405544027686119,0.01917693391442299,0.08009171485900879,0.8494518995285034,4,0.75,
fixed,2,4214,1.0491238832473755,0.0,0.03594464808702469,0.07542252540588379,1.089722990989685,4,0.5,
fixed,2,4215,0.8419351577758789,0.019490694627165794,0.028904885053634644,0.07626473903656006,0.8890123963356018,4,0.75,4.1657280921936035
fixed,2,4216,1.3630914688110352,5.606463219010038e-06,0.00789052527397871,0.07886803150177002,1.3906999826431274,4,0.25,
fixed,2,4217,0.9173953533172607,0.010497505776584148,0.009887897409498692,0.06056082248687744,0.9457563161849976,4,0.5,
fixed,2,4218,0.6795982122421265,0.0,0.012011885643005371,0.05903279781341553,0.7033140063285828,4,0.5,
fixed,2,4219,0.4206731915473938,0.011376879177987576,0.026839451864361763,0.20978128910064697,0.5027157664299011,4,1.0,
fixed,2,4220,0.6459621787071228,0.009547922760248184,0.008051031269133091,0.06716179847717285,0.6749101877212524,4,0.5,1.5345628261566162
fixed,2,4221,0.5507581830024719,0.021035896614193916,0.011221829801797867,0.041692137718200684,0.5793946981430054,4,0.5,
fixed,2,4222,0.7889363169670105,0.022841453552246094,0.01810912787914276,0.10805761814117432,0.8418288826942444,4,0.75,
fixed,2,4223,0.9053552746772766,0.0,0.01649051532149315,0.1489659547805786,0.9582903385162354,4,0.25,
fixed,2,4224,0.32802441716194153,0.0,0.022770170122385025,0.12769293785095215,0.37771737575531006,4,0.75,
fixed,2,4225,0.5025814175605774,0.0,0.0027633216232061386,0.2068692445755005,0.5660238265991211,4,0.0,2.6388468742370605
fixed,2,4226,0.5629822611808777,0.0,0.01430268120020628,0.05747854709625244,0.5873771905899048,4,0.5,
fixed,2,4227,0.40154120326042175,0.0,0.018589233979582787,0.05037355422973633,0.4259478747844696,4,0.5,
fixed,2,4228,0.9258175492286682,0.0,0.031193740665912628,0.027843475341796875,0.9497674703598022,4,0.5,
fixed,2,4229,0.3135792315006256,0.006845623254776001,0.024069994688034058,0.07708239555358887,0.3521617650985718,4,0.75,
fixed,2,4230,0.45834827423095703,0.0,0.060825251042842865,0.07739722728729248,0.5119800567626953,4,0.5,17.768482208251953
fixed,2,4231,0.6677101850509644,0.0,0.0040634432807564735,0.11310899257659912,0.7036746144294739,4,0.25,
fixed,2,4232,0.9394447207450867,0.0,0.03428148478269577,0.2977573871612549,1.045912742614746,4,1.0,
fixed,2,4233,0.8006539344787598,0.0,0.005089447367936373,0.11655783653259277,0.8381659984588623,4,0.25,
fixed,2,4234,0.9479714632034302,0.013708683662116528,0.023837953805923462,0.08648967742919922,0.992691695690155,4,0.75,
fixed,2,4235,0.7476776838302612,0.0,0.010618836618959904,0.035483598709106445,0.7636321783065796,4,0.25,4.9950056076049805
fixed,2,4236,1.009324312210083,0.0,0.01215730607509613,0.06962847709655762,1.036291480064392,4,0.5,
fixed,2,4237,0.5385464429855347,0.0,0.008288760669529438,0.07241356372833252,0.564414918422699,4,0.5,
fixed,2,4238,0.8723975419998169,0.017373383045196533,0.007312552072107792,0.04103410243988037,0.8970507383346558,4,0.5,
fixed,2,4239,1.0607925653457642,0.0,0.013314127922058105,0.17935705184936523,1.121256709098816,4,0.75,
fixed,2,4240,0.6414278745651245,0.01682932861149311,0.0043012844398617744,0.08231401443481445,0.6766873598098755,4,0.5,4.043221473693848
fixed,2,4241,0.7918503880500793,0.0,0.02387477457523346,0.15597999095916748,0.8505817651748657,4,0.75,
fixed,2,4242,0.7202835083007812,0.0,0.008636599406599998,0.08338332176208496,0.749616801738739,4,0.5,
fixed,2,4243,0.7416467666625977,0.0,0.011338899843394756,0.19759774208068848,0.8065955638885498,4,0.75,
fixed,2,4244,0.5233786106109619,0.0,0.020258592441678047,0.20329070091247559,0.5944951176643372,4,0.25,
fixed,2,4245,0.9672221541404724,0.0,0.015922991558909416,0.1813037395477295,1.0295747518539429,4,0.25,6.234167575836182
fixed,2,4246,0.882534384727478,0.0,0.00748827401548624,0.0788106918334961,0.9099217057228088,4,0.5,
fixed,2,4247,0.5731257796287537,0.0,0.010721644386649132,0.06590878963470459,0.5982592105865479,4,0.5,
fixed,2,4248,1.0940414667129517,0.0,0.003996653947979212,0.029278874397277832,1.1048234701156616,4,0.25,
fixed,2,4249,0.46455860137939453,0.0,0.007066752295941114,0.029333114624023438,0.4768919050693512,4,0.25,
fixed,2,4250,1.2694734334945679,0.0,0.0036362488754093647,0.10033011436462402,1.3013906478881836,4,0.25,2.318113327026367
fixed,2,4251,0.29171329736709595,0.0,0.004789771046489477,0.029206275939941406,0.3028700649738312,4,0.25,
fixed,2,4252,0.6212141513824463,0.0,0.008981755003333092,0.08454632759094238,0.651068925857544,4,0.5,
fixed,2,4253,0.8631144165992737,0.0,0.006689647678285837,0.08042323589324951,0.8905861973762512,4,0.5,
fixed,2,4254,0.9356556534767151,0.0,0.008622309193015099,0.12897109985351562,0.978658139705658,4,0.25,
fixed,2,4255,0.8106468915939331,0.02583187445998192,0.0005214665434323251,0.11762523651123047,0.8591111302375793,4,0.25,6.540374279022217
fixed,2,4256,0.7886700630187988,0.03327442333102226,0.002263883361592889,0.07943856716156006,0.8302707672119141,4,0.5,
fixed,2,4257,1.1269772052764893,0.0,0.01044835988432169,0.07801353931427002,1.155605435371399,4,0.5,
fixed,2,4258,0.5379970669746399,0.0,0.0052317604422569275,0.08373868465423584,0.5657345652580261,4,0.5,
fixed,2,4259,0.8678704500198364,0.0,0.009745078161358833,0.22290408611297607,0.9396142363548279,4,0.75,
fixed,2,4260,0.8708345890045166,0.0384649932384491,0.005962416995316744,0.4071718454360962,1.015199899673462,4,0.75,3.0694468021392822
fixed,2,4261,0.8212374448776245,0.03466903045773506,0.010160761885344982,0.5064325332641602,0.995582103729248,4,1.0,
fixed,2,4262,0.7622913718223572,0.0,0.0028673268388956785,0.23259449005126953,0.8335033655166626,4,0.0,
fixed,2,4263,0.8753960132598877,0.0,0.010033104568719864,0.0794450044631958,0.9042460918426514,4,0.5,
fixed,2,4264,1.0705434083938599,0.017056874930858612,0.006131414789706469,0.06424999237060547,1.1014125347137451,4,0.5,
fixed,2,4265,0.3488326072692871,0.0,0.021258514374494553,0.11632561683654785,0.3943595588207245,4,0.75,10.366293907165527
fixed,2,4266,1.3308738470077515,0.02485855668783188,0.015677789226174355,0.38078808784484863,1.4653784036636353,4,1.0,
fixed,2,4267,1.4181655645370483,0.013340312987565994,0.00854568649083376,0.05878758430480957,1.4467447996139526,4,0.5,
fixed,2,4268,0.35484302043914795,0.0,0.025750000029802322,0.0654592514038086,0.3873558044433594,4,0.5,
fixed,2,4269,1.1344757080078125,0.0,0.012048907577991486,0.1728990077972412,1.192369818687439,4,0.25,
fixed,2,4270,0.5222756266593933,0.004431554581969976,0.03459482640028,0.028510332107543945,0.5503419041633606,4,0.5,9.518662452697754
fixed,2,4271,0.5136722326278687,0.009521789848804474,0.013659240677952766,0.07871270179748535,0.5488765835762024,4,0.5,
fixed,2,4272,1.1202248334884644,0.0,0.05597296357154846,0.10594797134399414,1.1799956560134888,4,0.25,
fixed,2,4273,0.5399616956710815,0.0,0.06157530099153519,0.13406741619110107,0.6109695434570312,4,1.0,
fixed,2,4274,0.6100482940673828,0.0,0.03070714883506298,0.04492974281311035,0.6388807892799377,4,0.5,
fixed,2,4275,0.8467433452606201,0.0,0.018824325874447823,0.1460871696472168,0.899981677532196,4,0.25,6.951999664306641
fixed,2,4276,0.3067816495895386,0.0,0.015741106122732162,0.06467759609222412,0.33405548334121704,4,0.25,
fixed,2,4277,0.9247966408729553,0.0,0.011943553574383259,0.13585293292999268,0.9715242981910706,4,0.25,
fixed,2,4278,1.043484091758728,0.0,0.02389858476817608,0.04601609706878662,1.0692381858825684,4,0.5,
fixed,2,4279,0.5039875507354736,0.0,0.009233144111931324,0.13660812377929688,0.5495865345001221,4,0.25,
fixed,2,4280,0.8067283630371094,0.0,0.009566630236804485,0.04752957820892334,0.8257705569267273,4,0.25,4.7104010581970215
fixed,2,4281,0.1944364309310913,0.0,0.012968761846423149,0.0504305362701416,0.21604996919631958,4,0.5,
fixed,2,4282,0.9874870777130127,0.0,0.025187131017446518,0.12860751152038574,1.0386629104614258,4,0.75,
fixed,2,4283,0.8457942605018616,0.0,0.006655017379671335,0.12696433067321777,0.8872110843658447,4,0.25,
fixed,2,4284,0.5240721702575684,7.135217310860753e-05,0.010660611093044281,0.060189008712768555,0.5474948287010193,4,0.5,
fixed,2,4285,0.8858926296234131,0.0,0.006136797834187746,0.0784984827041626,0.9125105738639832,4,0.5,3.5094540119171143
fixed,2,4286,0.31292954087257385,0.0,0.012996561825275421,0.5425615906715393,0.48219630122184753,4,1.0,
fixed,2,4287,0.6131160259246826,0.0178836639970541,0.004261476919054985,0.2128216028213501,0.6880350708961487,4,0.75,
fixed,2,4288,1.216021180152893,0.0,0.008960537612438202,0.08353936672210693,1.245563268661499,4,0.5,
fixed,2,4289,0.8803759217262268,0.0,0.009424183517694473,0.23781895637512207,0.9564337134361267,4,0.75,
fixed,2,4290,0.8870472311973572,0.034024614840745926,0.006432534195482731,0.29356348514556885,0.995344877243042,4,1.0,7.610113620758057
fixed,2,4291,1.268578290939331,0.0,0.008163085207343102,0.2338787317276001,1.3428235054016113,4,0.75,
fixed,2,4292,1.625855803489685,0.045856453478336334,0.014455598779022694,0.2760450839996338,1.7388253211975098,4,1.0,
fixed,2,4293,0.8099534511566162,0.0,0.018731286749243736,0.04555773735046387,0.8329864144325256,4,0.5,
fixed,2,4294,0.24561114609241486,0.0,0.017212526872754097,0.27968358993530273,0.33812248706817627,4,0.5,
fixed,2,4295,0.43400001525878906,0.0,0.019299529492855072,0.04886031150817871,0.4583078622817993,4,0.5,7.9784159660339355
fixed,2,4296,0.853663980960846,0.0,0.018855810165405273,0.04290008544921875,0.8759618997573853,4,0.5,
fixed,2,4297,0.8391854763031006,0.0,0.004048559814691544,0.25411462783813477,0.9174441695213318,4,0.0,
fixed,2,4298,0.8255159258842468,0.0,0.02210531197488308,0.053250670433044434,0.8525437712669373,4,0.5,
fixed,2,4299,1.159443974494934,0.01760125532746315,0.02936600334942341,0.08436572551727295,1.2082372903823853,4,0.25,
fixed,2,4300,0.8311970233917236,0.0,0.04387278109788895,0.20997929573059082,0.9161272048950195,4,1.0,17.16427230834961
fixed,2,4301,0.659716784954071,0.0,0.045238569378852844,0.3236210346221924,0.779422402381897,4,0.0,
fixed,2,4302,0.48775532841682434,0.0,0.02054988034069538,0.03554213047027588,0.5086929202079773,4,0.5,
fixed,2,4303,1.202357292175293,0.0,0.012060281820595264,0.1273820400238037,1.2466020584106445,4,0.25,
fixed,2,4304,0.43888965249061584,0.0,0.04039036110043526,0.07037186622619629,0.48019638657569885,4,0.75,
fixed,2,4305,0.6213883757591248,0.0,0.014099965803325176,0.12950682640075684,0.6672903895378113,4,0.25,4.8768534660339355
fixed,2,4306,0.49751898646354675,0.019332312047481537,0.009961114265024662,0.04849874973297119,0.5267153382301331,4,0.5,
fixed,2,4307,0.5378004312515259,0.020154275000095367,0.01536821760237217,0.08453142642974854,0.5809211134910583,4,0.75,
fixed,2,4308,0.5262020826339722,0.013616187497973442,0.00023404965759254992,0.07431697845458984,0.555422306060791,4,0.25,
fixed,2,4309,0.778449535369873,0.0,0.025756120681762695,0.10241103172302246,0.822050929069519,4,0.75,
fixed,2,4310,0.8357032537460327,0.0,0.024402471259236336,0.1148909330368042,0.8823717832565308,4,0.75,11.02718734741211
fixed,2,4311,0.8563724160194397,0.0,0.03613534942269325,0.25925469398498535,0.9522165060043335,4,1.0,
fixed,2,4312,0.8096275925636292,0.0,0.03736764192581177,0.08124637603759766,0.8526853322982788,4,0.75,
fixed,2,4313,0.3623286783695221,0.0,0.021008474752306938,0.037337660789489746,0.3840342164039612,4,0.5,
fixed,2,4314,0.588005781173706,0.012294279411435127,0.028015397489070892,0.08282947540283203,0.6330094337463379,4,0.75,
fixed,2,4315,0.8054025173187256,0.0021441809367388487,0.023132555186748505,0.03491950035095215,0.8285167217254639,4,0.5,8.13370418548584
fixed,2,4316,0.8650389313697815,0.0,0.03712524101138115,0.26814937591552734,0.9640463590621948,4,1.0,
fixed,2,4317,0.7612586617469788,0.0,0.018999163061380386,0.04212546348571777,0.7833958864212036,4,0.5,
fixed,2,4318,0.6503523588180542,0.0,0.03350303694605827,0.10479187965393066,0.6985414624214172,4,0.75,
fixed,2,4319,0.7775355577468872,0.023710332810878754,0.035740334540605545,0.1331789493560791,0.8472145795822144,4,1.0,
fixed,2,4320,1.207196831703186,0.0,0.0067964899353682995,0.14901292324066162,1.2552989721298218,4,0.25,3.664138078689575
fixed,2,4321,0.44610926508903503,2.0738812963827513e-05,0.005886314902454615,0.21483778953552246,0.5135141611099243,4,0.0,
fixed,2,4322,0.6346434354782104,0.021703455597162247,0.022357027977705002,0.10098743438720703,0.6869698762893677,4,0.5,
fixed,2,4323,0.7158841490745544,0.0,0.020987803116440773,0.07781553268432617,0.7497227191925049,4,0.25,
fixed,2,4324,1.0428552627563477,0.011044828221201897,0.021293288096785545,0.09178972244262695,1.0865612030029297,4,0.75,
fixed,2,4325,0.5863869786262512,0.0,0.023012686520814896,0.39390820264816284,0.7160657644271851,4,1.0,12.196327209472656
fixed,2,4326,1.111242651939392,0.0,0.0006730156019330025,0.4317162036895752,1.2410939931869507,4,0.0,
fixed,2,4327,0.6591373682022095,0.013474217616021633,0.0056920601055026054,0.08490371704101562,0.6941916346549988,4,0.5,
fixed,2,4328,0.7454454898834229,0.0,0.03802476078271866,0.08133423328399658,0.7888581156730652,4,0.5,
fixed,2,4329,0.9076865315437317,0.023292768746614456,0.004936044570058584,0.05917048454284668,0.9395520687103271,4,0.5,
fixed,2,4330,0.808492124080658,0.0,0.014929180964827538,0.04478764533996582,0.8293930292129517,4,0.5,7.103518009185791
fixed,2,4331,0.9187076687812805,0.0,0.018202977254986763,0.12145626544952393,0.9642460346221924,4,0.25,
fixed,2,4332,1.0281082391738892,0.0,0.033279698342084885,0.08791768550872803,1.0711233615875244,4,0.75,
fixed,2,4333,0.21134331822395325,0.0,0.019835535436868668,0.13321948051452637,0.26122692227363586,4,0.75,
fixed,2,4334,0.47641149163246155,0.0,0.01215129904448986,0.0351794958114624,0.4930409789085388,4,0.5,
fixed,2,4335,0.5918639898300171,0.0,0.01909954473376274,0.12764453887939453,0.6397071480751038,4,0.75,9.150773048400879
fixed,2,4336,0.6842055916786194,0.0,0.020762469619512558,0.04469776153564453,0.707996129989624,4,0.5,
fixed,2,4337,1.5999807119369507,0.0,0.0065268874168396,0.024039268493652344,1.6104559898376465,4,0.25,
fixed,2,4338,0.6605802178382874,0.02134213224053383,0.00647015031427145,0.052465200424194336,0.6902258992195129,4,0.5,
fixed,2,4339,0.5910731554031372,0.0,0.005923930089920759,0.1058129072189331,0.6257789731025696,4,0.25,
fixed,2,4340,0.8683883547782898,0.0,0.011710161343216896,0.05939316749572754,0.8920614123344421,4,0.5,5.876030921936035
fixed,2,4341,0.7894392609596252,0.0,0.009625198319554329,0.07067751884460449,0.8154551386833191,4,0.5,
fixed,2,4342,0.5884071588516235,0.0,0.005899728741496801,0.0327678918838501,0.6011874079704285,4,0.25,
fixed,2,4343,0.9255118370056152,0.03413693234324455,0.01620657369494438,0.4217888116836548,1.0772202014923096,4,1.0,
fixed,2,4344,0.9542617797851562,0.018212012946605682,0.009945680387318134,0.09091746807098389,0.9956158399581909,4,0.5,
fixed,2,4345,0.9370731711387634,0.0,0.011678284034132957,0.07774662971496582,0.9662362933158875,4,0.5,5.818320274353027
fixed,2,4346,0.42197176814079285,0.0,0.003839330980554223,0.14304757118225098,0.46680569648742676,4,0.25,
fixed,2,4347,0.8804944753646851,0.0,0.015022843144834042,0.0796736478805542,0.911907970905304,4,0.5,
fixed,2,4348,0.7359013557434082,0.0,0.006833357736468315,0.03581058979034424,0.7500612139701843,4,0.25,
fixed,2,4349,0.6891129612922668,0.0,0.010057048872113228,0.0716395378112793,0.7156333327293396,4,0.5,
fixed,2,4350,0.5158923268318176,0.0,0.011210616677999496,0.06911301612854004,0.542231559753418,4,0.5,5.870824813842773
fixed,2,4351,0.7126091718673706,0.025616301223635674,0.010568758472800255,0.14984560012817383,0.7756553888320923,4,0.75,
fixed,2,4352,0.8154131174087524,0.0,0.020999548956751823,0.1396874189376831,0.8678191304206848,4,0.75,
fixed,2,4353,0.6468115448951721,0.0,0.009616787545382977,0.08032703399658203,0.6757180690765381,4,0.5,
fixed,2,4354,0.6474857330322266,0.0,0.01691959984600544,0.16005468368530273,0.703961968421936,4,0.75,
fixed,2,4355,0.9108483791351318,0.0,0.017441026866436005,0.05639684200286865,0.9364879727363586,4,0.5,8.231843948364258
fixed,2,4356,0.40071770548820496,0.0,0.010295236483216286,0.14556193351745605,0.4495339095592499,4,0.25,
fixed,2,4357,1.0971194505691528,0.0,0.00615272531285882,0.11572957038879395,1.1349146366119385,4,0.25,
fixed,2,4358,0.7303017377853394,0.0,0.005831656977534294,0.10647451877593994,0.7651599049568176,4,0.25,
fixed,2,4359,0.551666796207428,0.013243612833321095,0.001077235327102244,0.168448805809021,0.6093618869781494,4,0.25,
fixed,2,4360,1.3261975049972534,0.017981888726353645,0.01611897349357605,0.027728557586669922,1.3515665531158447,4,0.5,2.500692844390869
fixed,2,4361,0.45785409212112427,0.0,0.014179348014295101,0.059375762939453125,0.48275649547576904,4,0.5,
fixed,2,4362,0.9827988743782043,0.0,0.020805085077881813,0.15211939811706543,1.038837194442749,4,0.25,
fixed,2,4363,0.7431698441505432,4.215757698489142e-08,0.00911129079759121,0.052829623222351074,0.7635744214057922,4,0.5,
fixed,2,4364,0.18662326037883759,0.0,0.01239081285893917,0.06951653957366943,0.21367362141609192,4,0.5,
fixed,2,4365,0.4045677185058594,0.0,0.014626705087721348,0.16184794902801514,0.4604354500770569,4,0.75,7.632582187652588
fixed,2,4366,0.7835899591445923,0.0,0.007594623602926731,0.06948113441467285,0.8082315921783447,4,0.5,
fixed,2,4367,0.9409781098365784,0.0,0.006424353923648596,0.0823218822479248,0.9688868522644043,4,0.5,
fixed,2,4368,1.1521663665771484,0.03209783509373665,0.0016194276977330446,0.04244279861450195,1.1817578077316284,4,0.25,
fixed,2,4369,0.6273768544197083,0.0,0.009790861047804356,0.0739753246307373,0.6544649004936218,4,0.5,
fixed,2,4370,0.9908339381217957,0.0,0.0034354347735643387,0.13586974143981934,1.0333125591278076,4,0.25,2.2514264583587646
fixed,2,4371,0.35997599363327026,0.0,0.008897015824913979,0.32018721103668213,0.4604806900024414,4,0.5,
fixed,2,4372,0.7242880463600159,0.0,0.00417593028396368,0.22521066665649414,0.7939392328262329,4,0.0,
fixed,2,4373,0.7077053785324097,0.0,0.005836807191371918,0.22354185581207275,0.777686357498169,4,0.0,
fixed,2,4374,0.8089709281921387,0.023229001089930534,0.010273848660290241,0.46616846323013306,0.9655728936195374,4,1.0,
fixed,2,4375,0.8740817904472351,0.0,0.0032748007215559483,0.16297554969787598,0.9246118664741516,4,0.25,2.3557698726654053
fixed,2,4376,0.781745433807373,0.0,0.01450366247445345,0.32617223262786865,0.8868489265441895,4,0.75,
fixed,2,4377,0.5501530170440674,0.019880035892128944,0.02102471888065338,0.1547071933746338,0.6170175671577454,4,0.75,
fixed,2,4378,0.13148829340934753,0.0,0.008831828832626343,0.03416085243225098,0.14615246653556824,4,0.25,
fixed,2,4379,0.7329457402229309,0.0,0.030691079795360565,0.11041545867919922,0.7814159393310547,4,0.5,
fixed,2,4380,0.5087069272994995,0.027220021933317184,0.02095624804496765,0.35213565826416016,0.6384357810020447,4,1.0,3.50531005859375
fixed,2,4381,0.6749873161315918,0.0,0.014444522559642792,0.09139978885650635,0.7096295356750488,4,0.5,
fixed,2,4382,0.8238766193389893,0.0,0.022817665711045265,0.2523458003997803,0.9109891653060913,4,0.25,
fixed,2,4383,0.3685891926288605,0.0,0.031105289235711098,0.10907244682312012,0.4168635606765747,4,0.75,
fixed,2,4384,0.9385517239570618,0.0,0.011803440749645233,0.15958654880523682,0.9923294186592102,4,0.25,
fixed,2,4385,0.7873116135597229,0.0,0.024776803329586983,0.051801323890686035,0.8152403831481934,4,0.25,11.469237327575684
fixed,2,4386,0.8469165563583374,0.04026057571172714,0.011209292337298393,0.07995820045471191,0.8966389298439026,4,0.75,
fixed,2,4387,0.7314956188201904,0.0,0.049881480634212494,0.058495402336120605,0.773984968662262,4,0.75,
fixed,2,4388,0.19682173430919647,0.0,0.017219822853803635,0.0479733943939209,0.2198236584663391,4,0.5,
fixed,2,4389,0.7768465280532837,0.0,0.03090125322341919,0.059122443199157715,0.810033917427063,4,0.5,
fixed,2,4390,1.2113525867462158,0.01921115629374981,0.015668578445911407,0.047257423400878906,1.2429696321487427,4,0.5,1.5856775045394897
fixed,2,4391,0.9312618970870972,0.0,0.001054497086443007,0.3704181909561157,1.042914628982544,4,0.0,
fixed,2,4392,0.9585004448890686,0.0,0.009509950876235962,0.11022424697875977,0.9963226914405823,4,0.25,
fixed,2,4393,0.7930744290351868,0.015346867963671684,0.0070722647942602634,0.029633283615112305,0.8131740093231201,4,0.5,
fixed,2,4394,0.9475638270378113,0.0,0.0072095668874681,0.08256280422210693,0.9759374260902405,4,0.25,
fixed,2,4395,0.6714417934417725,0.010373641736805439,0.02615891396999359,0.05829179286956787,0.7071956396102905,4,0.75,4.7812676429748535
fixed,2,4396,0.6645081043243408,0.00040883439942263067,0.014897606335580349,0.026251792907714844,0.6800368428230286,4,0.5,
fixed,2,4397,0.6175835132598877,0.0,0.02471795491874218,0.09834420680999756,0.6594457626342773,4,0.75,
fixed,2,4398,0.8124850392341614,0.014729595743119717,0.012007933109998703,0.10018563270568848,0.8559094667434692,4,0.75,
fixed,2,4399,0.7888665199279785,0.02643103152513504,0.014542064629495144,0.3747817277908325,0.9217876195907593,4,1.0,
fixed,2,4400,0.5789113640785217,0.020055124536156654,0.0047684889286756516,0.03672158718109131,0.6023396253585815,4,0.5,3.7482786178588867
fixed,2,4401,0.8277957439422607,5.998545589136484e-07,0.0160775538533926,0.05017983913421631,0.8508887887001038,4,0.5,
fixed,2,4402,0.9708588719367981,0.017539359629154205,0.0021065964829176664,0.0526731014251709,0.9964838027954102,4,0.25,
fixed,2,4403,0.4344083070755005,0.0,0.01804496720433235,0.05792701244354248,0.4608089029788971,4,0.5,
fixed,2,4404,0.6625873446464539,0.010624111630022526,0.002208910882472992,0.08507752418518066,0.6945270895957947,4,0.25,
fixed,2,4405,1.1084898710250854,0.0,0.019668351858854294,0.061047911643981934,1.1366384029388428,4,0.5,8.28427505493164
fixed,2,4406,0.48238956928253174,0.0,0.012120120227336884,0.15747308731079102,0.5356915593147278,4,0.25,
fixed,2,4407,0.6350050568580627,0.0,0.012293386273086071,0.14855003356933594,0.6857167482376099,4,0.25,
fixed,2,4408,1.0936164855957031,0.007833678275346756,0.00047279472346417606,0.1987931728363037,1.1574076414108276,4,0.25,
fixed,2,4409,0.5150856971740723,0.01595027558505535,0.00493296142667532,0.07779049873352051,0.548864483833313,4,0.5,
fixed,2,4410,1.2602967023849487,0.0,0.015571781434118748,0.04437756538391113,1.2813959121704102,4,0.25,6.273594856262207
fixed,2,4411,0.6906926035881042,0.0,0.042182132601737976,0.05946147441864014,0.7296221256256104,4,0.75,
fixed,2,4412,0.4332353472709656,0.0,0.015593374148011208,0.04794454574584961,0.45541539788246155,4,0.5,
fixed,2,4413,0.5293918251991272,0.011418967507779598,0.011471799574792385,0.10288119316101074,0.5717015862464905,4,0.75,
fixed,2,4414,1.9780014753341675,0.0,0.032370567321777344,0.16302275657653809,2.043093681335449,4,0.0,
fixed,2,4415,0.9568677544593811,0.0,0.0039828126318752766,0.07713985443115234,0.9820011258125305,4,0.25,2.949209451675415
fixed,2,4416,0.43279311060905457,0.0,0.00636393204331398,0.07586431503295898,0.4587343633174896,4,0.5,
fixed,2,4417,1.0276732444763184,0.0,0.009214318357408047,0.08164024353027344,1.0567724704742432,4,0.5,
fixed,2,4418,0.40593376755714417,0.0,0.03501883149147034,0.10391426086425781,0.4546174705028534,4,0.75,
fixed,2,4419,0.8804347515106201,0.0,0.010214990004897118,0.059639692306518555,0.903434157371521,4,0.5,
fixed,2,4420,0.21995574235916138,0.0,0.011708366684615612,0.06814980506896973,0.24625486135482788,4,0.5,6.112982749938965
fixed,2,4421,0.42446619272232056,0.0,0.00815709587186575,0.05925285816192627,0.4463205933570862,4,0.5,
fixed,2,4422,1.103497862815857,0.0,0.013027475215494633,0.11834454536437988,1.145514965057373,4,0.25,
fixed,2,4423,0.3617720603942871,0.0,0.005668157711625099,0.02577221393585205,0.37233781814575195,4,0.25,
fixed,2,4424,1.1514590978622437,0.05686120688915253,0.005958077497780323,0.45456600189208984,1.319238543510437,4,1.0,
fixed,2,4425,1.0339306592941284,0.0,0.0030280742794275284,0.0665273666381836,1.0554028749465942,4,0.25,1.7881288528442383
fixed,2,4426,0.8461529612541199,0.0,0.0017474107444286346,0.08403515815734863,0.8722372055053711,4,0.25,
fixed,2,4427,0.36993294954299927,0.0,0.00011514569632709026,0.3377840518951416,0.47132575511932373,4,0.0,
fixed,2,4428,0.6134580373764038,0.0,0.007434722501784563,0.07276177406311035,0.6390039324760437,4,0.5,
fixed,2,4429,0.749264657497406,0.0,0.007941859774291515,0.06725144386291504,0.7734110355377197,4,0.5,
fixed,2,4430,0.9822883605957031,0.0,0.01911744847893715,0.052773475646972656,1.0076791048049927,4,0.5,8.131146430969238
fixed,2,4431,0.492656946182251,0.0,0.02751263976097107,0.12006497383117676,0.5424327850341797,4,0.75,
fixed,2,4432,0.9232001304626465,0.0,0.01619952730834484,0.19649982452392578,0.9902498722076416,4,0.75,
fixed,2,4433,1.1621445417404175,0.01743398606777191,0.006369561888277531,0.1596972942352295,1.2219555377960205,4,0.75,
fixed,2,4434,0.7163191437721252,0.0,0.012258469127118587,0.03935229778289795,0.7342540621757507,4,0.5,
fixed,2,4435,1.1136363744735718,0.0,0.003051117528229952,0.0659177303314209,1.1349372863769531,4,0.25,1.9597113132476807
fixed,2,4436,0.9525888562202454,0.0,0.005807510111480951,0.06760215759277344,0.975773274898529,4,0.5,
fixed,2,4437,0.7990434765815735,3.2052810183813563e-06,0.006291892379522324,0.06778156757354736,0.8225255012512207,4,0.5,
fixed,2,4438,1.4001317024230957,0.03292854130268097,0.0004147901199758053,0.08226418495178223,1.441482663154602,4,0.25,
fixed,2,4439,0.4081608057022095,0.0,0.01585557498037815,0.1526491641998291,0.4618833363056183,4,0.75,
fixed,2,4440,1.1291450262069702,0.0,0.006324697285890579,0.034111618995666504,1.1425408124923706,4,0.25,3.433697462081909
fixed,2,4441,1.0313332080841064,0.0,0.003943741787225008,0.09713470935821533,1.0624455213546753,4,0.25,
fixed,2,4442,0.6814337968826294,0.015221919864416122,0.007260832004249096,0.1425480842590332,0.7354395985603333,4,0.75,
fixed,2,4443,0.5098804235458374,0.0,0.021857671439647675,0.39073991775512695,0.6380312442779541,4,1.0,
fixed,2,4444,1.1827497482299805,0.0,0.013588786125183105,0.05700504779815674,1.2066456079483032,4,0.5,
fixed,2,4445,1.225511074066162,0.023575862869620323,0.0058737765066325665,0.06341373920440674,1.2592600584030151,4,0.5,4.394625186920166
fixed,2,4446,0.8379511833190918,0.0,0.017932431772351265,0.05230855941772461,0.8626099824905396,4,0.5,
fixed,2,4447,0.6135159730911255,0.0,0.03213882073760033,0.07501208782196045,0.65208899974823,4,0.75,
fixed,2,4448,0.4994654655456543,0.02167440950870514,0.005708316806703806,0.04810917377471924,0.5275895595550537,4,0.5,
fixed,2,4449,0.5347628593444824,0.0,0.04922925680875778,0.06251740455627441,0.578132688999176,4,0.75,
fixed,2,4450,0.3531807065010071,0.0,0.024173744022846222,0.058325886726379395,0.38276535272598267,4,0.5,10.304316520690918
fixed,2,4451,0.6144456267356873,0.0,0.004877923056483269,0.2689635753631592,0.6975736618041992,4,0.0,
fixed,2,4452,0.8393429517745972,0.0,0.01769208535552025,0.05536997318267822,0.864799976348877,4,0.5,
fixed,2,4453,1.1524713039398193,0.0,0.024046514183282852,0.061351895332336426,1.1829001903533936,4,0.5,
fixed,2,4454,0.4770585298538208,0.0,0.026774320751428604,0.03586173057556152,0.5012041926383972,4,0.5,
fixed,2,4455,0.5843663811683655,0.0,0.03435041010379791,0.1597226858139038,0.6494584083557129,4,0.75,13.914593696594238
fixed,2,4456,0.6723644733428955,0.0,0.018472351133823395,0.13277506828308105,0.721433162689209,4,0.75,
fixed,2,4457,0.852254331111908,0.0,0.008692573755979538,0.05072474479675293,0.8718180656433105,4,0.25,
fixed,2,4458,0.553010880947113,0.0,0.012205904349684715,0.07789862155914307,0.5824834108352661,4,0.5,
fixed,2,4459,1.1241198778152466,0.013027580454945564,0.006714461371302605,0.09139156341552734,1.1614084243774414,4,0.5,
fixed,2,4460,0.3210126459598541,0.0,0.018846994265913963,0.09329211711883545,0.35842376947402954,4,0.5,8.65957260131836
fixed,2,4461,0.2866966128349304,0.0,0.018151763826608658,0.050327301025390625,0.3108706772327423,4,0.5,
fixed,2,4462,0.88242506980896,0.0,0.003980170004069805,0.13422775268554688,0.9246834516525269,4,0.25,
fixed,2,4463,0.8206959366798401,0.013655731454491615,0.004984486382454634,0.0416029691696167,0.842496931552887,4,0.5,
fixed,2,4464,1.1001148223876953,0.0,0.0045490688644349575,0.1293700933456421,1.1412004232406616,4,0.25,
fixed,2,4465,0.7187494039535522,0.0,0.009754111059010029,0.0808342695236206,0.747876763343811,4,0.5,5.11162805557251
fixed,2,4466,0.8457042574882507,0.0,0.0044889808632433414,0.11729991436004639,0.8831387162208557,4,0.25,
fixed,2,4467,0.5858581066131592,0.0,0.017138149589300156,0.192099928855896,0.6520571708679199,4,0.75,
fixed,2,4468,0.7577590942382812,0.0,0.010179586708545685,0.21784257888793945,0.8282016515731812,4,0.75,
fixed,2,4469,0.540630578994751,0.0,0.014642249792814255,0.3454982042312622,0.6516011953353882,4,0.75,
fixed,2,4470,0.24524906277656555,0.0,0.009157853201031685,0.6125363707542419,0.4335889220237732,4,1.0,5.279107570648193
fixed,2,4471,0.7551110982894897,0.021967271342873573,0.009178390726447105,0.047695159912109375,0.7849924564361572,4,0.5,
fixed,2,4472,0.5198468565940857,0.0,0.016737136989831924,0.15276920795440674,0.5740461945533752,4,0.75,
fixed,2,4473,0.5589075088500977,0.018716929480433464,0.007836921140551567,0.4351503849029541,0.7027295827865601,4,1.0,
fixed,2,4474,1.0663223266601562,0.0,0.005269267130643129,0.06124985218048096,1.0873318910598755,4,0.25,
fixed,2,4475,0.8194749355316162,0.0,0.006646260619163513,0.06592512130737305,0.8425756096839905,4,0.25,3.7189674377441406
fixed,2,4476,0.478980153799057,0.0,0.01340840756893158,0.15354132652282715,0.5317467451095581,4,0.75,
fixed,2,4477,1.3107212781906128,0.0,0.03871186450123787,0.24275362491607666,1.4029033184051514,4,1.0,
fixed,2,4478,1.2754627466201782,0.0,0.018341127783060074,0.016834259033203125,1.2896835803985596,4,0.5,
fixed,2,4479,0.7715767025947571,0.0,0.026986267417669296,0.16622710227966309,0.8349379897117615,4,0.25,
fixed,2,4480,0.8579763174057007,0.0,0.011186312884092331,0.07276952266693115,0.8854003548622131,4,0.25,4.715146541595459
fixed,2,4481,1.221688151359558,0.0,0.00043055182322859764,0.37284421920776367,1.333756685256958,4,0.0,
fixed,2,4482,0.6990627646446228,0.014676128514111042,0.011011232621967793,0.06401443481445312,0.7311107516288757,4,0.5,
fixed,2,4483,1.3377950191497803,0.0,0.01135611068457365,0.12977159023284912,1.3824045658111572,4,0.25,
fixed,2,4484,0.3514680564403534,0.0,0.020252563059329987,0.06237030029296875,0.3803054392337799,4,0.5,
fixed,2,4485,0.7788069844245911,0.0,0.020023144781589508,0.05619454383850098,0.8056769371032715,4,0.5,8.509958267211914
fixed,2,4486,0.4724653959274292,0.0,0.0005132511141709983,0.4485623836517334,0.6072907447814941,4,0.0,
fixed,2,4487,0.8230932950973511,0.008409587666392326,0.007225607521831989,0.07483053207397461,0.8533600568771362,4,0.5,
fixed,2,4488,0.6343534588813782,0.0,0.009997531771659851,0.1390235424041748,0.6810593008995056,4,0.25,
fixed,2,4489,1.0410537719726562,0.0,0.006463075987994671,0.11671793460845947,1.0793006420135498,4,0.25,
fixed,2,4490,0.9396422505378723,0.0,0.010789263993501663,0.0646125078201294,0.9644206166267395,4,0.5,5.8013200759887695
fixed,2,4491,0.28129830956459045,0.0,0.008290188387036324,0.07091450691223145,0.30671775341033936,4,0.5,
fixed,2,4492,0.477586030960083,0.0,0.007155328057706356,0.08728635311126709,0.5073496103286743,4,0.25,
fixed,2,4493,0.960622251033783,0.0,0.002543433802202344,0.06982672214508057,0.982841968536377,4,0.25,
fixed,2,4494,1.0409854650497437,0.0,0.020714271813631058,0.04242217540740967,1.0640692710876465,4,0.25,
fixed,2,4495,0.6854694485664368,0.03323882445693016,0.007304346188902855,0.21497893333435059,0.7702347040176392,4,0.75,2.530146360397339
fixed,2,4496,0.5235477089881897,0.0,0.00415794225409627,0.01775074005126953,0.5309519171714783,4,0.25,
fixed,2,4497,0.924294114112854,0.0,0.0025925906375050545,0.05366253852844238,0.9416891932487488,4,0.25,
fixed,2,4498,1.2205525636672974,0.0,0.0038553092163056135,0.024206161499023438,1.2297420501708984,4,0.25,
fixed,2,4499,0.625225841999054,0.021581264212727547,0.004426191560924053,0.22076010704040527,0.7044575810432434,4,0.75,
fixed,2,4500,0.6296172738075256,0.07665903866291046,0.011338992975652218,0.5354734659194946,0.8342583179473877,4,1.0,7.742574214935303
fixed,2,4501,0.47708961367607117,0.014445649459958076,0.003997638821601868,0.05648493766784668,0.5032567381858826,4,0.5,
fixed,2,4502,1.4484918117523193,0.013492385856807232,0.014423150569200516,0.11048781871795654,1.495595932006836,4,0.5,
fixed,2,4503,1.2570608854293823,0.0,0.006135276984423399,0.16830980777740479,1.3106215000152588,4,0.25,
fixed,2,4504,0.8391512632369995,0.0,0.008725612424314022,0.1730046272277832,0.8954154849052429,4,0.25,
fixed,2,4505,0.3030008375644684,0.0,0.012000195682048798,0.34076380729675293,0.41123008728027344,4,0.25,6.206128120422363
fixed,2,4506,0.7276199460029602,0.0,0.010082210414111614,0.04460310935974121,0.746042013168335,4,0.25,
fixed,2,4507,1.1992114782333374,0.00574253685772419,0.0046407184563577175,0.10236048698425293,1.2351112365722656,4,0.0,
fixed,2,4508,0.6541071534156799,0.0,0.023413412272930145,0.1405656337738037,0.7079835534095764,4,0.75,
fixed,2,4509,1.166513442993164,0.0,0.021730132400989532,0.07034921646118164,1.1984832286834717,4,0.5,
fixed,2,4510,0.48989245295524597,0.0,0.02752285823225975,0.12700366973876953,0.541754961013794,4,0.75,12.889152526855469
fixed,2,4511,0.5998852252960205,0.0,0.01856396719813347,0.04328179359436035,0.6221517324447632,4,0.5,
fixed,2,4512,0.9747681021690369,0.0,0.01302786823362112,0.12934958934783936,1.0200868844985962,4,0.25,
fixed,2,4513,0.6287381052970886,0.0,0.02252451330423355,0.1355077028274536,0.6806526780128479,4,0.75,
fixed,2,4514,0.5457103848457336,0.0,0.010259011760354042,0.11370491981506348,0.5849513411521912,4,0.25,
fixed,2,4515,0.817742645740509,0.0,0.014584384858608246,0.12035274505615234,0.8611406683921814,4,0.25,5.719455242156982
fixed,2,4516,0.9713464975357056,0.0,0.012917817570269108,0.0545346736907959,0.9941657781600952,4,0.5,
fixed,2,4517,0.5988553762435913,0.022576097398996353,0.0019641185645014048,0.038248538970947266,0.6226000189781189,4,0.25,
fixed,2,4518,0.6670668125152588,0.0,0.034925173968076706,0.028338074684143066,0.693030834197998,4,0.5,
fixed,2,4519,0.846139669418335,0.0,0.006756620481610298,0.08590102195739746,0.8752883076667786,4,0.25,
fixed,2,4520,0.7486045956611633,0.0,0.012164657935500145,0.06555557250976562,0.7743536233901978,4,0.5,6.103679180145264
fixed,2,4521,0.8051633834838867,0.0,0.02408931776881218,0.06303191184997559,0.8361176252365112,4,0.5,
fixed,2,4522,1.0072121620178223,0.0,0.0069230603985488415,0.08305716514587402,1.0355908870697021,4,0.5,
fixed,2,4523,0.8665630221366882,0.0,6.163029320305213e-05,0.33566224575042725,0.9672925472259521,4,0.0,
fixed,2,4524,0.5169067978858948,0.03451894223690033,0.01082670409232378,0.07059168815612793,0.5607571601867676,4,0.5,
fixed,2,4525,0.8349522948265076,4.418407399953139e-07,0.007499599829316139,0.07547664642333984,0.8613452911376953,4,0.5,4.1590776443481445
fixed,2,4526,0.49143677949905396,0.0,0.015169434249401093,0.20465850830078125,0.5604190826416016,4,0.75,
fixed,2,4527,0.820740282535553,7.364349698946171e-07,0.0053933002054691315,0.08291435241699219,0.8483116030693054,4,0.5,
fixed,2,4528,1.1211880445480347,0.035776395350694656,0.0059431674890220165,0.2361598014831543,1.2128957509994507,4,0.75,
fixed,2,4529,1.0863312482833862,4.6852151172060985e-06,0.0054310159757733345,0.07849490642547607,1.1125975847244263,4,0.5,
fixed,2,4530,0.6328166723251343,0.011766927316784859,0.00505880918353796,0.1627124547958374,0.6900432705879211,4,0.75,2.8980135917663574
fixed,2,4531,0.322918176651001,0.0,0.006294374819844961,0.07756853103637695,0.3493359088897705,4,0.5,
fixed,2,4532,0.9295728206634521,0.0,0.006325156427919865,0.07358431816101074,0.9548106789588928,4,0.5,
fixed,2,4533,0.4522886574268341,0.02908945456147194,0.011431034654378891,0.27261650562286377,0.5543338656425476,4,0.75,
fixed,2,4534,0.8122816681861877,0.008862793445587158,0.009004692547023296,0.08099877834320068,0.8455150723457336,4,0.5,
fixed,2,4535,0.7303450703620911,0.027246322482824326,0.007044908124953508,0.06725358963012695,0.767666757106781,4,0.5,3.330613851547241
fixed,2,4536,0.5900101661682129,0.0,0.019260631874203682,0.08051741123199463,0.6237956881523132,4,0.25,
fixed,2,4537,0.8147583603858948,0.0,0.015149274840950966,0.05865621566772461,0.8399298787117004,4,0.5,
fixed,2,4538,0.258931040763855,0.0,0.02073364146053791,0.06531226634979248,0.2888915538787842,4,0.5,
fixed,2,4539,0.38209012150764465,0.0,0.01731376349925995,0.0695183277130127,0.4116024971008301,4,0.5,
fixed,2,4540,0.8134429454803467,0.0,0.04565700516104698,0.11823093891143799,0.8717406988143921,4,0.75,15.349963188171387
fixed,2,4541,0.5146226286888123,0.0,0.021542757749557495,0.06687617301940918,0.5454568862915039,4,0.5,
fixed,2,4542,0.3234573006629944,0.0,0.029646188020706177,0.0972222089767456,0.36744704842567444,4,0.75,
fixed,2,4543,0.48005855083465576,0.0,0.034039467573165894,0.027513861656188965,0.5053324699401855,4,0.5,
fixed,2,4544,0.6916634440422058,0.0,0.035030726343393326,0.2884103059768677,0.7957019209861755,4,1.0,
fixed,2,4545,0.8622128963470459,0.0,0.012712233699858189,0.05073106288909912,0.8837883472442627,4,0.25,5.702945232391357
fixed,2,4546,1.075631856918335,0.0,0.01680789329111576,0.15815460681915283,1.1314822435379028,4,0.75,
fixed,2,4547,0.9478458166122437,0.02432473748922348,0.008039812557399273,0.06615543365478516,0.9838747382164001,4,0.5,
fixed,2,4548,1.0277633666992188,0.0,0.04760926589369774,0.02042675018310547,1.057695984840393,4,0.25,
fixed,2,4549,0.5620175004005432,0.0294206440448761,0.012459236197173595,0.09352731704711914,0.6110156178474426,4,0.5,
fixed,2,4550,1.092577338218689,0.0,0.0017063308041542768,0.4648410677909851,1.2328828573226929,4,0.0,2.7001216411590576
fixed,2,4551,0.7337257862091064,0.0,0.012937916442751884,0.05108010768890381,0.7555187940597534,4,0.25,
fixed,2,4552,0.3603573441505432,0.0,0.033071793615818024,0.1187359094619751,0.4125140309333801,4,0.75,
fixed,2,4553,0.9119387865066528,0.0,0.006305956747382879,0.14020586013793945,0.9571534991264343,4,0.25,
fixed,2,4554,0.7213665246963501,0.0,0.01916290633380413,0.06963443756103516,0.7518383264541626,4,0.5,
fixed,2,4555,0.5494826436042786,0.0,0.016547916457057,0.26052558422088623,0.6359142661094666,4,0.5,7.781454086303711
fixed,2,4556,0.6218417286872864,0.0,0.013593689538538456,0.06701290607452393,0.6487424373626709,4,0.5,
fixed,2,4557,0.9099234938621521,0.0,0.01563059352338314,0.060662031173706055,0.9359374046325684,4,0.5,
fixed,2,4558,0.5084024667739868,0.0,0.024210024625062943,0.06616103649139404,0.5403558015823364,4,0.5,
fixed,2,4559,0.4694410562515259,0.029860181733965874,0.0008468952728435397,0.09174597263336182,0.5123183727264404,4,0.25,
fixed,2,4560,0.6818601489067078,0.0,0.0038957379292696714,0.07521247863769531,0.7063717842102051,4,0.25,2.6996779441833496
fixed,2,4561,0.7740777730941772,0.0,0.02166437916457653,0.13421094417572021,0.8251732587814331,4,0.25,
fixed,2,4562,0.4964081048965454,0.0,0.00861971452832222,0.23956406116485596,0.5725871920585632,4,0.75,
fixed,2,4563,0.570428192615509,0.018393106758594513,0.0030357048381119967,0.04508614540100098,0.594668447971344,4,0.5,
fixed,2,4564,0.5010784864425659,0.0,0.009614711627364159,0.23051583766937256,0.5750405788421631,4,0.75,
fixed,2,4565,0.4072763919830322,0.0,0.0071503398939967155,0.056795716285705566,0.42789027094841003,4,0.5,3.947145700454712
fixed,2,4566,0.5480926632881165,3.3244652968278388e-06,0.019652003422379494,0.0413820743560791,0.5703349709510803,4,0.5,
fixed,2,4567,1.2202799320220947,1.4683109839097597e-05,0.0026438296772539616,0.04936575889587402,1.2364189624786377,4,0.25,
fixed,2,4568,0.42722517251968384,0.0,0.008644018322229385,0.6346476674079895,0.6219415068626404,4,1.0,
fixed,2,4569,0.5279179215431213,2.4269643290608656e-06,0.01809391751885414,0.1592268943786621,0.5847341418266296,4,0.75,
fixed,2,4570,0.6474726796150208,2.6906340281129815e-05,0.0008169345092028379,0.24613749980926514,0.7217358350753784,4,0.0,0.7397159337997437
fixed,2,4571,1.2351162433624268,1.808838078432018e-06,0.0022084193769842386,0.06417107582092285,1.2554726600646973,4,0.25,
fixed,2,4572,0.927962601184845,0.0223580002784729,0.004773347172886133,0.054682254791259766,0.9579329490661621,4,0.5,
fixed,2,4573,0.6526106595993042,0.011545702815055847,0.004976755473762751,0.05686676502227783,0.6779319047927856,4,0.5,
fixed,2,4574,0.5630397796630859,0.0,0.011221898719668388,0.08237183094024658,0.5933622717857361,4,0.5,
fixed,2,4575,1.2686959505081177,0.0,0.021134059876203537,0.24874746799468994,1.3538872003555298,4,0.75,9.646885871887207
fixed,2,4576,0.6320070028305054,0.015788324177265167,0.0020128758624196053,0.0701606273651123,0.6619557738304138,4,0.25,
fixed,2,4577,0.5225706696510315,0.024527911096811295,0.005488247610628605,0.07043302059173584,0.558708667755127,4,0.5,
fixed,2,4578,0.30200082063674927,0.00976621825248003,0.013924749568104744,0.09621322154998779,0.3427102565765381,4,0.75,
fixed,2,4579,0.3476048707962036,0.0,0.03310193866491318,0.11653447151184082,0.399116188287735,4,0.75,
fixed,2,4580,0.37447771430015564,0.0,0.024769390001893044,0.12321972846984863,0.4238283336162567,4,0.75,11.027886390686035
fixed,2,4581,0.7771093845367432,0.0,0.012073535472154617,0.08371198177337646,0.8082597255706787,4,0.5,
fixed,2,4582,0.4365978240966797,0.0,0.00791764073073864,0.16862249374389648,0.4911434054374695,4,0.25,
fixed,2,4583,0.7896894812583923,0.0,0.029522158205509186,0.017573952674865723,0.8097227215766907,4,0.5,
fixed,2,4584,0.6479502320289612,0.0,0.021275535225868225,0.05921065807342529,0.6763511896133423,4,0.5,
fixed,2,4585,0.39805394411087036,0.0,0.011992144398391247,0.17061364650726318,0.4552341103553772,4,0.25,5.590569496154785
fixed,2,4586,0.9490302205085754,0.005546453408896923,0.03666975349187851,0.053465843200683594,0.9861781001091003,4,0.75,
fixed,2,4587,0.45744916796684265,0.0,0.030545862391591072,0.21191954612731934,0.5362979769706726,4,0.25,
fixed,2,4588,0.6000930666923523,0.0,0.0281264316290617,0.09014654159545898,0.6412002444267273,4,0.75,
fixed,2,4589,0.8430792689323425,0.015678646042943,0.013964001089334488,0.08269143104553223,0.8827080130577087,4,0.75,
fixed,2,4590,1.64486825466156,0.02192561887204647,0.00631655054166913,0.03434014320373535,1.669291377067566,4,0.5,3.4129960536956787
fixed,2,4591,0.8155381083488464,0.0,0.018698912113904953,0.044998764991760254,0.8383871912956238,4,0.5,
fixed,2,4592,0.9859282374382019,0.0,0.0556301474571228,0.05019068717956543,1.0288004875183105,4,0.75,
fixed,2,4593,0.857242226600647,0.02547922544181347,0.005783379543572664,0.04306674003601074,0.8857935667037964,4,0.5,
fixed,2,4594,0.9594371914863586,0.0,0.00619554752483964,0.09664297103881836,0.9915278553962708,4,0.25,
fixed,2,4595,1.1602751016616821,0.0,0.010742582380771637,0.05607795715332031,1.1824697256088257,4,0.5,5.4265456199646
fixed,2,4596,0.2711526155471802,0.0,0.006577994674444199,0.04044985771179199,0.2865765690803528,4,0.25,
fixed,2,4597,0.8138260841369629,0.027191273868083954,0.007349567953497171,0.168343186378479,0.881599485874176,4,0.75,
fixed,2,4598,0.7385632991790771,0.02345575951039791,0.007288726512342691,0.07547521591186523,0.7765781283378601,4,0.5,
fixed,2,4599,0.5464123487472534,0.0,0.028846291825175285,0.11312675476074219,0.594773530960083,4,0.75,
fixed,2,4600,0.9207974076271057,0.056523676961660385,0.0037324288859963417,0.1480865478515625,0.9953514337539673,4,0.75,11.023296356201172
fixed,2,4601,0.31215280294418335,0.0,0.013342073187232018,0.08505809307098389,0.3443412780761719,4,0.5,
fixed,2,4602,1.5978840589523315,0.0,0.01923270709812641,0.1850736141204834,1.663022518157959,4,0.0,
fixed,2,4603,0.6305612921714783,0.026583874598145485,0.005536590237170458,0.07876324653625488,0.6702504754066467,4,0.5,
fixed,2,4604,1.1272753477096558,0.0,0.006349670700728893,0.1407991647720337,1.1726899147033691,4,0.25,
fixed,2,4605,0.7846350073814392,0.020973242819309235,0.0031265898142009974,0.08394169807434082,0.8218674063682556,4,0.75,7.497368812561035
fixed,2,4606,1.0389429330825806,0.0,0.005785660818219185,0.0450059175491333,1.0553375482559204,4,0.25,
fixed,2,4607,0.576370120048523,0.020525086671113968,0.00661339471116662,0.06436729431152344,0.6092495322227478,4,0.5,
fixed,2,4608,1.0142734050750732,0.0,0.00839721504598856,0.1296224594116211,1.057358741760254,4,0.25,
fixed,2,4609,0.6427729725837708,0.021888045594096184,0.025538884103298187,0.06844019889831543,0.6870185136795044,4,0.75,
fixed,2,4610,1.2072077989578247,0.0,0.0012925929622724652,0.3802577257156372,1.3219313621520996,4,0.0,2.492438316345215
fixed,2,4611,0.5372753739356995,0.0,0.04007553309202194,0.14576220512390137,0.6010417938232422,4,0.0,
fixed,2,4612,0.2258041650056839,0.0,0.0322689451277256,0.0770120620727539,0.265042245388031,4,0.75,
fixed,2,4613,0.7982039451599121,0.005393436178565025,0.013164370320737362,0.017391085624694824,0.8127001523971558,4,0.25,
fixed,2,4614,0.8204182982444763,0.0,0.039878953248262405,0.0494999885559082,0.8552078008651733,4,0.25,
fixed,2,4615,1.2061001062393188,0.0,0.034612055867910385,0.06585907936096191,1.243163824081421,4,0.75,13.543798446655273
fixed,2,4616,0.3953855633735657,0.01727568544447422,0.0010626200819388032,0.11257612705230713,0.4383275508880615,4,0.25,
fixed,2,4617,0.9101397395133972,0.0,0.024127474054694176,0.03199613094329834,0.9318023324012756,4,0.5,
fixed,2,4618,0.7185835242271423,0.004794945940375328,0.020130924880504608,0.05806684494018555,0.7484664916992188,4,0.5,
fixed,2,4619,0.8969124555587769,0.0,0.06465364247560501,0.05679917335510254,0.9462790489196777,4,0.25,
fixed,2,4620,0.6206924319267273,0.0,0.03163269907236099,0.06788086891174316,0.6568730473518372,4,0.5,10.388997077941895
fixed,2,4621,0.5543654561042786,0.0,0.0321037620306015,0.036836862564086914,0.581468403339386,4,0.5,
fixed,2,4622,1.2247318029403687,0.0,0.01477755419909954,0.16317129135131836,1.2810720205307007,4,0.75,
fixed,2,4623,0.9406718015670776,0.0,0.002306543057784438,0.23773252964019775,1.013144850730896,4,0.0,
fixed,2,4624,0.29779163002967834,0.0,0.02310296893119812,0.069244384765625,0.3301164209842682,4,0.5,
fixed,2,4625,0.4910731315612793,0.0,0.01109930407255888,0.21256816387176514,0.560393214225769,4,0.75,5.873941421508789
fixed,2,4626,0.5339492559432983,0.014655988663434982,0.002463405951857567,0.09208250045776367,0.5701336860656738,4,0.5,
fixed,2,4627,0.7328839302062988,0.03546752780675888,0.01267758198082447,0.08125078678131104,0.7813317179679871,4,0.5,
fixed,2,4628,0.9442282915115356,0.026368265971541405,0.00375611474737525,0.23158597946166992,1.0287662744522095,4,0.75,
fixed,2,4629,0.7087255120277405,0.0,0.014074081555008888,0.0897219181060791,0.7426791191101074,4,0.5,
fixed,2,4630,0.814508855342865,0.0,0.00012971882824786007,0.35236072540283203,0.9202819466590881,4,0.0,0.6978397965431213
fixed,2,4631,0.5320411324501038,0.0,0.00414230115711689,0.035350799560546875,0.54471755027771,4,0.25,
fixed,2,4632,0.47398829460144043,0.0,0.008408396504819393,0.3271505832672119,0.5763376951217651,4,0.5,
fixed,2,4633,1.1980435848236084,0.0,0.004842609167098999,0.08366131782531738,1.2255632877349854,4,0.5,
fixed,2,4634,0.6209034323692322,0.0,0.0056864372454583645,0.03354489803314209,0.6338101029396057,4,0.25,
fixed,2,4635,0.9473077058792114,0.0,0.00878544058650732,0.08832001686096191,0.9781964421272278,4,0.5,4.451282501220703
fixed,2,4636,1.3977935314178467,0.0,0.004820995964109898,0.08726394176483154,1.4263832569122314,4,0.25,
fixed,2,4637,0.651610791683197,0.0,0.002065700478851795,0.18688523769378662,0.7087092399597168,4,0.0,
fixed,2,4638,0.747674286365509,0.0,0.007018594536930323,0.08180129528045654,0.7757239937782288,4,0.5,
fixed,2,4639,0.5386974811553955,0.0,0.008293628692626953,0.08947992324829102,0.5696882605552673,4,0.5,
fixed,2,4640,0.815565824508667,0.0,0.01544505450874567,0.08290183544158936,0.8481588959693909,4,0.5,7.22544002532959
fixed,2,4641,0.4727311134338379,0.0,0.008077539503574371,0.2566509246826172,0.5537651777267456,4,0.75,
fixed,2,4642,0.5164397954940796,0.0,0.008866468444466591,0.0821143388748169,0.5455073118209839,4,0.5,
fixed,2,4643,0.6749640107154846,0.0,0.0031307265162467957,0.13017964363098145,0.7155832648277283,4,0.25,
fixed,2,4644,0.4526706039905548,0.01999928243458271,0.005912852473556995,0.08967125415802002,0.4925280511379242,4,0.5,
fixed,2,4645,0.7919468283653259,0.0,0.010066065937280655,0.3759549856185913,0.9097663760185242,4,0.75,5.45522403717041
fixed,2,4646,0.6728410720825195,0.03721471130847931,0.0037101944908499718,0.09312653541564941,0.7212414741516113,4,0.5,
fixed,2,4647,0.5998421907424927,0.0,0.005891159176826477,0.12864887714385986,0.6413824558258057,4,0.25,
fixed,2,4648,0.9231480360031128,0.0,0.0047942595556378365,0.10840272903442383,0.9580659866333008,4,0.25,
fixed,2,4649,1.1781102418899536,0.0,0.0013094282476231456,0.3626899719238281,1.287571907043457,4,0.0,
fixed,2,4650,0.8351811170578003,0.0,0.011732450686395168,0.05827736854553223,0.858530580997467,4,0.5,5.859755039215088
fixed,2,4651,0.7716243863105774,0.018984168767929077,0.014282407239079475,0.026665091514587402,0.7962571978569031,4,0.5,
fixed,2,4652,1.0565778017044067,0.020354468375444412,0.00496635539457202,0.050841331481933594,1.0844906568527222,4,0.5,
fixed,2,4653,0.46424081921577454,0.0,0.0007359437877312303,0.3161580562591553,0.5594562292098999,4,0.0,
fixed,2,4654,1.0250407457351685,0.0,0.014239720068871975,0.06089019775390625,1.0504276752471924,4,0.5,
fixed,2,4655,0.654399037361145,0.01628643460571766,0.006922038737684488,0.03173828125,0.6755247712135315,4,0.5,2.57529616355896
fixed,2,4656,0.8768742084503174,0.01397788617759943,0.025641102343797684,0.05967831611633301,0.9145871996879578,4,0.75,
fixed,2,4657,1.2854132652282715,0.13064777851104736,0.014642960391938686,0.07416093349456787,1.3803069591522217,4,0.75,
fixed,2,4658,0.42528486251831055,0.0,0.01848410815000534,0.13210523128509521,0.47415849566459656,4,0.75,
fixed,2,4659,0.7594510912895203,0.0,9.060474985744804e-05,0.30857789516448975,0.8520697355270386,4,0.0,
fixed,2,4660,0.7929263710975647,0.0,0.013540533371269703,0.05364859104156494,0.8157911896705627,4,0.25,5.666696071624756
fixed,2,4661,0.888129472732544,0.0,0.008531327359378338,0.08543646335601807,0.9180260896682739,4,0.25,
fixed,2,4662,0.7866712212562561,0.0,0.026223797351121902,0.0420839786529541,0.8124083280563354,4,0.5,
fixed,2,4663,0.34595009684562683,0.0,0.023964213207364082,0.04970228672027588,0.3728428781032562,4,0.5,
fixed,2,4664,0.9329361319541931,0.0,0.026905208826065063,0.1440359354019165,0.9895995259284973,4,0.25,
fixed,2,4665,0.5915795564651489,0.0,0.017327677458524704,0.045894622802734375,0.6140117645263672,4,0.5,7.929104328155518
fixed,2,4666,0.7561944723129272,0.0,0.013495450839400291,0.06886577606201172,0.7836019396781921,4,0.5,
fixed,2,4667,0.3267771899700165,0.0,0.021491236984729767,0.07245063781738281,0.3592579960823059,4,0.5,
fixed,2,4668,1.0846439599990845,0.0,0.011638752184808254,0.08002245426177979,1.11447012424469,4,0.5,
fixed,2,4669,0.7781205773353577,0.0,0.009943757206201553,0.09300518035888672,0.810994029045105,4,0.25,
fixed,2,4670,1.500415325164795,0.018282761797308922,0.005302815698087215,0.08565962314605713,1.5379060506820679,4,0.5,3.7068870067596436
fixed,2,4671,0.7047650814056396,0.0,0.0152076855301857,0.1028357744216919,0.7432196736335754,4,0.5,
fixed,2,4672,0.5199187994003296,0.05962153524160385,0.005065552890300751,0.17369592189788818,0.6043711304664612,4,0.75,
fixed,2,4673,0.8490003943443298,0.0,0.010607600212097168,0.11030256748199463,0.8873949646949768,4,0.5,
fixed,2,4674,1.245787501335144,0.0,0.010940474458038807,0.08840382099151611,1.2777788639068604,4,0.5,
fixed,2,4675,0.3089011013507843,0.02462664246559143,0.007335910107940435,0.08773016929626465,0.3512014150619507,4,0.25,8.383986473083496
fixed,2,4676,0.7982502579689026,0.0,0.005809478927403688,0.1507415771484375,0.8463774919509888,4,0.25,
fixed,2,4677,0.8973063230514526,0.02446616068482399,0.012012319639325142,0.15302574634552002,0.9614533185958862,4,0.75,
fixed,2,4678,0.9298927783966064,0.0,0.012254588305950165,0.08989846706390381,0.9629896283149719,4,0.5,
fixed,2,4679,0.6075452566146851,0.0,0.007372025866061449,0.14362263679504395,0.65431809425354,4,0.25,
fixed,2,4680,0.6862121224403381,0.0,0.028253935277462006,0.36143922805786133,0.8087708950042725,4,1.0,14.851104736328125
fixed,2,4681,1.295398473739624,0.009610114619135857,0.017123373225331306,0.08689761161804199,1.3348344564437866,4,0.75,
fixed,2,4682,0.6216859221458435,0.016584299504756927,0.01739775575697422,0.09320724010467529,0.6666390895843506,4,0.75,
fixed,2,4683,0.5298954248428345,0.0,0.028037717565894127,0.025035858154296875,0.551425039768219,4,0.5,
fixed,2,4684,0.18220125138759613,0.0,0.049470603466033936,0.20401287078857422,0.26814043521881104,4,1.0,
fixed,2,4685,1.2030689716339111,0.011624228209257126,0.026072215288877487,0.04852771759033203,1.2364754676818848,4,0.75,5.12085485458374
fixed,2,4686,0.2982513904571533,0.0,0.011422444134950638,0.1192326545715332,0.33973240852355957,4,0.25,
fixed,2,4687,0.8368056416511536,0.0,0.023903466761112213,0.1642284393310547,0.8980259299278259,4,0.25,
fixed,2,4688,0.982947587966919,0.005322007928043604,0.03285221382975578,0.03698420524597168,1.0131299495697021,4,0.5,
fixed,2,4689,1.0138728618621826,0.0,0.02680145390331745,0.05033552646636963,1.0423742532730103,4,0.5,
fixed,2,4690,0.8899959325790405,0.0,0.016541820019483566,0.051697611808776855,0.9137760996818542,4,0.25,7.109618186950684
fixed,2,4691,1.12246835231781,0.008497325703501701,0.009635044261813164,0.06608939170837402,1.151361346244812,4,0.5,
fixed,2,4692,0.7496697902679443,0.0,0.011106502264738083,0.13002848625183105,0.7942315936088562,4,0.25,
fixed,2,4693,0.668801486492157,0.0,0.012050301767885685,0.1491842269897461,0.7195819020271301,4,0.25,
fixed,2,4694,1.1776885986328125,0.0,0.015456109307706356,0.16202914714813232,1.2340253591537476,4,0.25,
fixed,2,4695,0.7824510931968689,0.0,0.021015377715229988,0.12729239463806152,0.8311464786529541,4,0.75,9.674738883972168
fixed,2,4696,0.5531135201454163,0.0,0.03206067532300949,0.06716310977935791,0.5892927646636963,4,0.5,
fixed,2,4697,0.6075757741928101,0.0,0.023323841392993927,0.05775856971740723,0.6365652680397034,4,0.5,
fixed,2,4698,0.5933378338813782,0.0,0.027636580169200897,0.1903376579284668,0.6642574071884155,4,0.75,
fixed,2,4699,1.3497159481048584,9.070520832210605e-07,0.01903817057609558,0.048429250717163086,1.3737642765045166,4,0.5,
fixed,2,4700,0.7472049593925476,0.04642072319984436,0.003916561603546143,0.12730145454406738,0.8105640411376953,4,0.75,8.989632606506348
fixed,2,4701,0.7108771204948425,0.033611878752708435,0.006106597371399403,0.20508646965026855,0.7922623157501221,4,0.75,
fixed,2,4702,0.8591740131378174,0.0395064502954483,0.0016790005611255765,0.023078441619873047,0.8866902589797974,4,0.25,
fixed,2,4703,0.5512128472328186,0.0,0.019875001162290573,0.253595232963562,0.6372289061546326,4,0.75,
fixed,2,4704,1.0425623655319214,0.0,5.673785199178383e-05,0.2732064723968506,1.1245527267456055,4,0.0,
fixed,2,4705,0.5029402375221252,0.0,0.00941981840878725,0.053833603858947754,0.523800253868103,4,0.5,4.722067356109619
fixed,2,4706,1.3869813680648804,0.0,0.026847591623663902,0.1116335391998291,1.433895230293274,3,0.5,
fixed,2,4707,1.1773120164871216,0.025706645101308823,0.020068030804395676,0.12459075450897217,1.2375766038894653,4,0.75,
fixed,2,4708,0.821662187576294,0.0,0.009669901803135872,0.06711363792419434,0.8466312289237976,4,0.5,
fixed,2,4709,0.64296555519104,0.0,0.0037407150957733393,0.08585822582244873,0.6705933809280396,4,0.25,
fixed,2,4710,0.3969525098800659,0.029251480475068092,0.00018325899145565927,0.11159181594848633,0.44514742493629456,4,0.25,6.781229019165039
fixed,2,4711,0.9064544439315796,0.0,0.011285013519227505,0.07239949703216553,0.9338167905807495,4,0.5,
fixed,2,4712,0.8608782887458801,0.0,0.00019686008454300463,0.3409956693649292,0.9632754325866699,4,0.0,
fixed,2,4713,1.0697290897369385,0.0,0.0002683076018001884,0.3201671838760376,1.1659133434295654,4,0.0,
fixed,2,4714,0.703467607498169,0.0,0.00016963068628683686,0.3000044822692871,0.7935537695884705,4,0.0,
fixed,2,4715,0.3195000886917114,0.03137481212615967,0.008833453059196472,0.06078290939331055,0.35783910751342773,4,0.5,4.092535018920898
fixed,2,4716,0.6658260226249695,0.0,0.03459206223487854,0.3069080114364624,0.7751944661140442,4,1.0,
fixed,2,4717,0.5646184682846069,0.0,0.0029553594067692757,0.19514095783233643,0.6246384382247925,4,0.0,
fixed,2,4718,0.695554256439209,0.031199544668197632,0.014155063778162003,0.2540243864059448,0.794438898563385,4,0.75,
fixed,2,4719,0.5255168080329895,0.0,0.006666611880064011,0.02609121799468994,0.5366774797439575,4,0.25,
fixed,2,4720,0.6170849204063416,0.0,0.04176992550492287,0.2481236457824707,0.7124069929122925,4,1.0,17.003389358520508
fixed,2,4721,0.7129015922546387,4.998497047381534e-07,0.014618407003581524,0.04817509651184082,0.7346636056900024,4,0.5,
fixed,2,4722,0.5913709402084351,1.1071785710470294e-09,0.014799172058701515,0.04797327518463135,0.6131625175476074,4,0.5,
fixed,2,4723,0.8204293847084045,0.011798004619777203,0.008814091794192791,0.06247234344482422,0.8494771122932434,4,0.5,
fixed,2,4724,0.8959965109825134,4.833427738049068e-07,0.009642153047025204,0.09959173202514648,0.9306953549385071,4,0.25,
fixed,2,4725,0.5425169467926025,0.0,0.03676225244998932,0.2697840929031372,0.6418333053588867,4,1.0,15.89073657989502
fixed,2,4726,0.9162410497665405,0.0,0.057922378182411194,0.16921687126159668,0.9959672689437866,4,1.0,
fixed,2,4727,0.903045117855072,5.675707939190033e-07,0.02657412737607956,0.05738019943237305,0.9335465431213379,4,0.25,
fixed,2,4728,0.35634154081344604,5.099933559904457e-07,0.007985509000718594,0.18471014499664307,0.41574758291244507,4,0.0,
fixed,2,4729,0.48997315764427185,0.0,0.02605242095887661,0.1316053867340088,0.542481005191803,4,0.75,
fixed,2,4730,0.7827973961830139,0.011375715024769306,0.01568184234201908,0.025010108947753906,0.8038291931152344,4,0.5,3.137152671813965
fixed,2,4731,0.7264461517333984,0.0,0.02722996100783348,0.12229561805725098,0.776749849319458,4,0.75,
fixed,2,4732,0.8596394062042236,0.0,0.029481962323188782,0.11688733100891113,0.9094465970993042,4,0.75,
fixed,2,4733,0.75340336561203,9.975054126698524e-06,0.026972007006406784,0.1347438097000122,0.8073174953460693,4,0.75,
fixed,2,4734,0.7410368919372559,4.943915428157197e-06,0.019514378160238266,0.04766511917114258,0.7650960683822632,4,0.5,
fixed,2,4735,1.263035774230957,1.1189300494152121e-05,0.022003069519996643,0.11205720901489258,1.3076601028442383,4,0.5,9.450692176818848
fixed,2,4736,0.6614861488342285,0.0125647634267807,0.012983687222003937,0.13799643516540527,0.7156593203544617,4,0.75,
fixed,2,4737,1.0571253299713135,1.1481019100756384e-05,0.031614650040864944,0.10932564735412598,1.1057361364364624,4,0.5,
fixed,2,4738,0.9825108647346497,3.766324880416505e-06,9.584242661730968e-07,0.39862459897994995,1.1021006107330322,4,0.0,
fixed,2,4739,0.4112204909324646,4.211475257420716e-08,0.013416487723588943,0.11237454414367676,0.45164111256599426,4,0.5,
fixed,2,4740,0.5625306963920593,0.015039125457406044,0.01573336124420166,0.11230158805847168,0.6116074323654175,4,0.5,0.32402658462524414
fixed,2,4741,0.8751670122146606,9.285646228818223e-06,0.009401592426002026,0.032327890396118164,0.8895708322525024,4,0.25,
fixed,2,4742,0.50855952501297,2.125298124155961e-06,0.023199569433927536,0.06724381446838379,0.5403335094451904,4,0.5,
fixed,2,4743,1.2397671937942505,2.673708934253227e-07,0.006909896619617939,0.07790994644165039,1.2665952444076538,4,0.25,
fixed,2,4744,0.564554750919342,0.028438985347747803,0.0121295265853405,0.16239309310913086,0.6335569620132446,4,0.75,
fixed,2,4745,0.5055431127548218,0.0,0.015492146834731102,0.04508030414581299,0.526813268661499,4,0.5,7.107245445251465
fixed,2,4746,1.0182760953903198,7.223050943139242e-06,0.005553272552788258,0.05402946472167969,1.0372651815414429,4,0.25,
fixed,2,4747,1.2064945697784424,0.0,0.0039392500184476376,0.04855155944824219,1.223029613494873,4,0.25,
fixed,2,4748,0.8014771938323975,0.00012050766235915944,0.01152105163782835,0.045761942863464355,0.8210265636444092,4,0.25,
fixed,2,4749,0.6109359860420227,0.0,0.027525916695594788,0.3496260643005371,0.7295867800712585,4,1.0,
fixed,2,4750,1.0223010778427124,0.024557186290621758,0.015823330730199814,0.1177206039428711,1.0778075456619263,4,0.75,1.5540156364440918
fixed,2,4751,1.1323758363723755,1.5622210412402637e-05,2.4569093426407562e-08,0.19727826118469238,1.1915671825408936,4,0.0,
fixed,2,4752,1.1008986234664917,0.019740428775548935,0.012056848034262657,0.231423020362854,1.1862242221832275,4,0.75,
fixed,2,4753,0.7089917063713074,0.027407344430685043,0.0292691458016634,0.2660188674926758,0.8171356320381165,4,1.0,
fixed,2,4754,0.4078717529773712,2.333265911147464e-06,0.019046250730752945,0.058284878730773926,0.4348815083503723,4,0.5,
fixed,2,4755,0.6227484345436096,0.0,0.015643680468201637,0.1598142385482788,0.6785145401954651,4,0.75,7.747066020965576
fixed,2,4756,0.6965041756629944,5.413797225628514e-06,0.01681561768054962,0.03962266445159912,0.7168014645576477,4,0.5,
fixed,2,4757,0.2232671082019806,2.179073817387689e-06,0.02345619723200798,0.11994099617004395,0.2709785997867584,4,0.75,
fixed,2,4758,0.645639955997467,0.0,5.119681736687198e-05,0.3335092067718506,0.7457183003425598,4,0.0,
fixed,2,4759,0.5610558390617371,0.0,0.036426693201065063,0.08402693271636963,0.6044772863388062,4,0.75,
fixed,2,4760,0.9932879209518433,0.01381988450884819,0.03748882934451103,0.16882777214050293,1.0695905685424805,4,1.0,9.217368125915527
fixed,2,4761,0.8737085461616516,0.0,0.02060430683195591,0.06058216094970703,0.902185320854187,4,0.5,
fixed,2,4762,0.5711038708686829,0.044837310910224915,0.018166108056902885,0.24640154838562012,0.6765260696411133,4,1.0,
fixed,2,4763,0.8652611970901489,0.0,0.021243587136268616,0.05317497253417969,0.8918355107307434,4,0.5,
fixed,2,4764,1.6450746059417725,0.009974231012165546,0.010021667927503586,0.07149600982666016,1.6765213012695312,4,0.5,
fixed,2,4765,0.771044135093689,0.0,0.059406828135252,0.06865572929382324,0.821344256401062,4,0.75,17.519014358520508
fixed,2,4766,1.0432465076446533,0.0,0.012815285474061966,0.14128851890563965,1.0920406579971313,4,0.25,
fixed,2,4767,0.4843120574951172,0.0,0.025608137249946594,0.044066667556762695,0.5103361010551453,4,0.5,
fixed,2,4768,1.0026510953903198,0.0,0.038882430642843246,0.06959295272827148,1.0429701805114746,4,0.5,
fixed,2,4769,0.7238548994064331,0.0,0.04273679852485657,0.1279759407043457,0.7836160659790039,4,0.75,
fixed,2,4770,0.8296313285827637,0.0,0.017400335520505905,0.04926753044128418,0.853111743927002,4,0.5,7.748094081878662
fixed,2,4771,1.10116708278656,3.7971563870087266e-05,0.023522181436419487,0.03188467025756836,1.1225125789642334,4,0.5,
fixed,2,4772,1.0643744468688965,0.008768333122134209,0.00010514301538933069,0.1776062250137329,1.1220930814743042,4,0.25,
fixed,2,4773,0.7493229508399963,0.0,0.04660944268107414,0.19979822635650635,0.8325671553611755,4,1.0,
fixed,2,4774,0.7173416614532471,0.0,0.0020620396826416254,0.1996607780456543,0.7782709002494812,4,0.0,
fixed,2,4775,1.0546191930770874,0.0,0.030402161180973053,0.06675446033477783,1.0898466110229492,4,0.5,10.733396530151367
fixed,2,4776,0.7086948156356812,0.0,0.007199025247246027,0.0789635181427002,0.7359833717346191,4,0.25,
fixed,2,4777,0.8633402585983276,0.0,2.8543809094117023e-05,0.2642279863357544,0.9426229000091553,4,0.0,
fixed,2,4778,0.30884379148483276,0.023192455992102623,0.007968071848154068,0.059855103492736816,0.3423805832862854,4,0.5,
fixed,2,4779,0.7850890159606934,0.026221632957458496,0.017511563375592232,0.12803733348846436,0.8453668355941772,4,0.75,
fixed,2,4780,1.198638916015625,1.2379579857224599e-05,0.00939498096704483,0.06362080574035645,1.222428798675537,4,0.5,4.731264591217041
fixed,2,4781,0.47278717160224915,5.976220109005226e-06,0.009800474159419537,0.0548558235168457,0.4941471517086029,3,0.5,
fixed,2,4782,1.2961183786392212,0.015063195489346981,0.005154758226126432,0.052611470222473145,1.3220107555389404,4,0.5,
fixed,2,4783,0.7198747992515564,1.2745896128762979e-05,0.009400117211043835,0.08228111267089844,0.7492655515670776,4,0.5,
fixed,2,4784,0.48559144139289856,0.0,0.009291953407227993,0.10804367065429688,0.5226505398750305,4,0.25,
fixed,2,4785,0.745142936706543,0.0,0.008552709594368935,0.08622503280639648,0.7752867937088013,4,0.5,4.489399433135986
fixed,2,4786,0.7319319844245911,0.0,0.01349343080073595,0.208624005317688,0.8012658953666687,4,0.75,
fixed,2,4787,0.8536791801452637,0.0,0.020277144387364388,0.08435630798339844,0.8891246318817139,4,0.5,
fixed,2,4788,0.8788380026817322,0.0,0.01692437008023262,0.09915924072265625,0.9170479774475098,4,0.5,
fixed,2,4789,0.5469473600387573,0.0,0.01698482595384121,0.4800083041191101,0.6994422674179077,4,1.0,
fixed,2,4790,0.7265968918800354,0.012604344636201859,0.019378649070858955,0.308219313621521,0.8350541591644287,4,1.0,4.099294662475586
fixed,2,4791,1.041658639907837,2.371983327975613e-06,0.013993186876177788,0.06171524524688721,1.0671709775924683,4,0.5,
fixed,2,4792,0.6775231957435608,0.0,0.021032601594924927,0.16236364841461182,0.7367485761642456,4,0.75,
fixed,2,4793,0.7740288972854614,0.0,0.0055796923115849495,0.0990220308303833,0.8065253496170044,4,0.25,
fixed,2,4794,0.5449798703193665,0.0,0.025615422055125237,0.06076407432556152,0.5760167837142944,4,0.5,
fixed,2,4795,1.097701072692871,0.0,0.008639981970191002,0.09089517593383789,1.1292896270751953,4,0.25,4.023608207702637
fixed,2,4796,1.884377121925354,0.0,0.007947464473545551,0.09046423435211182,1.9154901504516602,4,0.25,
fixed,2,4797,0.726971447467804,0.015087810344994068,0.010797104798257351,0.03317224979400635,0.7498655915260315,4,0.5,
fixed,2,4798,0.7118059396743774,0.0,0.01784284971654415,0.05861091613769531,0.7383106350898743,4,0.25,
fixed,2,4799,1.065991997718811,0.00022406000061891973,0.016869181767106056,0.08050727844238281,1.0986907482147217,4,0.25,
fixed,2,4800,0.44906875491142273,0.0,0.007842977531254292,0.03517413139343262,0.46354249119758606,4,0.25,3.932180881500244
fixed,2,4801,0.8100484013557434,0.0,0.02206273004412651,0.2409803867340088,0.8933739066123962,4,0.75,
fixed,2,4802,1.1891372203826904,0.023939581587910652,0.01626022718846798,0.11334359645843506,1.243240237236023,4,0.75,
fixed,2,4803,0.497320294380188,0.0,0.00022608069411944598,0.3513528108596802,0.6028391718864441,4,0.0,
fixed,2,4804,0.43763890862464905,0.0,0.019261715933680534,0.2717132568359375,0.5287837386131287,4,0.75,
fixed,2,4805,0.5131453275680542,0.0,0.018206000328063965,0.04825913906097412,0.5367260575294495,4,0.5,7.700743675231934
fixed,2,4806,0.5175750255584717,0.0,0.010368743911385536,0.04464519023895264,0.5361529588699341,4,0.25,
fixed,2,4807,0.6348680853843689,0.0,0.01611294038593769,0.171250581741333,0.6942997574806213,4,0.75,
fixed,2,4808,1.0611426830291748,0.0,0.008765083737671375,0.08306372165679932,1.0904443264007568,4,0.5,
fixed,2,4809,0.5592143535614014,0.0,0.024531148374080658,0.15447556972503662,0.6178225874900818,4,0.75,
fixed,2,4810,0.8370521068572998,0.0,0.01898329146206379,0.14731597900390625,0.8907385468482971,4,0.75,8.675826072692871
fixed,2,4811,0.7341388463973999,0.0,0.009441600181162357,0.08964920043945312,0.7657544016838074,4,0.5,
fixed,2,4812,0.5559628009796143,0.019834863021969795,0.011268431320786476,0.13881468772888184,0.6131588816642761,4,0.75,
fixed,2,4813,0.9481052160263062,0.0,0.009398587048053741,0.07927072048187256,0.9765857458114624,4,0.5,
fixed,2,4814,1.0326027870178223,0.0,0.00044707104098051786,0.3439164161682129,1.1360012292861938,4,0.0,
fixed,2,4815,1.2596564292907715,0.0,0.0145502220839262,0.17021393775939941,1.3179956674575806,4,0.75,7.475069046020508
fixed,2,4816,0.8101412653923035,0.0,0.016799205914139748,0.15280413627624512,0.8643820881843567,4,0.75,
fixed,2,4817,0.3474363684654236,0.0,0.02749461866915226,0.1085364818572998,0.3937446177005768,4,0.75,
fixed,2,4818,0.1396111398935318,0.0,0.013912536203861237,0.30254673957824707,0.23733143508434296,4,0.5,
fixed,2,4819,0.6293273568153381,0.0,0.024318715557456017,0.10848712921142578,0.6740328669548035,4,0.75,
fixed,2,4820,0.9931038618087769,0.015453840605914593,0.0200024526566267,0.2814822196960449,1.0952767133712769,4,1.0,4.628141403198242
fixed,2,4821,0.4326496720314026,0.0,0.01873338222503662,0.0484849214553833,0.4565618336200714,4,0.5,
fixed,2,4822,0.8861608505249023,0.01049524825066328,0.014812658540904522,0.08347070217132568,0.9238560199737549,4,0.75,
fixed,2,4823,0.9449664354324341,0.010103908367455006,0.022190485149621964,0.0749962329864502,0.9836124777793884,4,0.5,
fixed,2,4824,1.2607899904251099,0.011711087077856064,0.0006180127966217697,0.16968560218811035,1.3178602457046509,4,0.25,
fixed,2,4825,1.0688406229019165,0.0,0.027826663106679916,0.09547948837280273,1.1113977432250977,4,0.75,11.750179290771484
fixed,2,4826,0.8269142508506775,0.0,0.010412330739200115,0.14176392555236816,0.8746495842933655,4,0.25,
fixed,2,4827,1.0860952138900757,0.0014191491063684225,0.02390623651444912,0.022036314010620117,1.1053688526153564,4,0.5,
fixed,2,4828,0.8972690105438232,0.0,0.018653884530067444,0.054049134254455566,0.9228106737136841,4,0.5,
fixed,2,4829,0.4718090891838074,0.0,0.03523615747690201,0.06888079643249512,0.5100914239883423,4,0.75,
fixed,2,4830,0.7269079685211182,0.0,0.008310605771839619,0.2348177433013916,0.8015086054801941,4,0.0,7.263260841369629
fixed,2,4831,0.9968879222869873,0.010001059621572495,0.0004610675387084484,0.20593810081481934,1.0639004707336426,4,0.25,
fixed,2,4832,0.43749871850013733,0.0,0.016653848811984062,0.06421160697937012,0.4650891423225403,4,0.5,
fixed,2,4833,1.3821812868118286,0.013902668841183186,0.01807241514325142,0.09322857856750488,1.4261374473571777,4,0.75,
fixed,2,4834,0.76739102602005,0.0,0.018461890518665314,0.18113303184509277,0.8309618830680847,4,0.25,
fixed,2,4835,0.7149592638015747,0.0,0.04132523015141487,0.07784748077392578,0.7589761018753052,4,0.75,14.260494232177734
fixed,2,4836,0.5905551910400391,0.0,0.0105478810146451,0.03458535671234131,0.6062047481536865,4,0.25,
fixed,2,4837,1.1129056215286255,0.0,0.007291125133633614,0.09909820556640625,1.1462806463241577,4,0.25,
fixed,2,4838,1.6888492107391357,0.018099816516041756,0.00026384214288555086,0.11974561214447021,1.733954668045044,4,0.25,
fixed,2,4839,0.7882202863693237,0.0,0.012942382134497166,0.05387759208679199,0.8108547329902649,4,0.5,
fixed,2,4840,0.2984801232814789,0.0,0.013292847201228142,0.06433391571044922,0.32442671060562134,4,0.5,6.275535583496094
fixed,2,4841,0.6091362833976746,0.0,0.0058275023475289345,0.02495396137237549,0.6195362210273743,4,0.25,
fixed,2,4842,0.4458582401275635,0.0,0.009109191596508026,0.22000634670257568,0.5164147615432739,4,0.75,
fixed,2,4843,0.9709893465042114,0.03062158264219761,0.026649635285139084,0.31146180629730225,1.093063473701477,4,1.0,
fixed,2,4844,0.34889715909957886,0.0,0.007225751411169767,0.07903683185577393,0.37622109055519104,4,0.5,
fixed,2,4845,0.6983116865158081,0.0,0.006589074153453112,0.025960326194763184,0.7093943357467651,4,0.25,3.823496103286743
fixed,2,4846,0.7443001866340637,0.0,0.012433003634214401,0.1955404281616211,0.8091788291931152,4,0.75,
fixed,2,4847,0.669375479221344,0.0,0.006426914595067501,0.20122003555297852,0.7329549789428711,4,0.0,
fixed,2,4848,0.6984468698501587,0.0,0.008440965786576271,0.039844393730163574,0.7146206498146057,4,0.25,
fixed,2,4849,1.3500547409057617,0.0,0.007827840745449066,0.08623909950256348,1.37984037399292,4,0.5,
fixed,2,4850,1.0184305906295776,0.03722675144672394,0.007384706754237413,0.09742081165313721,1.0699626207351685,4,0.5,3.1888298988342285
fixed,2,4851,0.8895959258079529,0.0,0.0379500687122345,0.10520577430725098,0.9401326775550842,4,0.75,
fixed,2,4852,0.4648205041885376,0.027256006374955177,0.007296742405742407,0.19296205043792725,0.5399854779243469,4,0.75,
fixed,2,4853,0.8725226521492004,0.0,0.009663457050919533,0.10619068145751953,0.9092115759849548,4,0.5,
fixed,2,4854,0.5827188491821289,0.0,0.02636638842523098,0.11054778099060059,0.6290664076805115,4,0.75,
fixed,2,4855,0.8861228227615356,0.0,0.006542955990880728,0.18188846111297607,0.9439608454704285,4,0.25,3.2920644283294678
fixed,2,4856,1.8814425468444824,0.0,0.02330370433628559,0.032990455627441406,1.902991533279419,4,0.5,
fixed,2,4857,1.3024485111236572,0.0,0.011138632893562317,0.06674456596374512,1.3280411958694458,4,0.5,
fixed,2,4858,0.8248147368431091,0.0,0.035639114677906036,0.0936284065246582,0.8707228302955627,4,0.75,
fixed,2,4859,1.2256544828414917,0.0216558538377285,0.00831722654402256,0.054335594177246094,1.2569416761398315,4,0.5,
fixed,2,4860,0.9216534495353699,0.0,0.005263061262667179,0.1287684440612793,0.9629155397415161,4,0.25,3.1149544715881348
fixed,2,4861,1.3592132329940796,0.010590054094791412,0.012411718256771564,0.07708740234375,1.3938403129577637,4,0.5,
fixed,2,4862,0.9066924452781677,0.0247019212692976,0.009899711236357689,0.047102928161621094,0.9381241202354431,4,0.5,
fixed,2,4863,0.8903935551643372,0.009611985646188259,0.0061365291476249695,0.05477118492126465,0.9146991968154907,4,0.5,
fixed,2,4864,0.7862180471420288,0.027127623558044434,0.01351386122405529,0.03297722339630127,0.8164319396018982,4,0.5,
fixed,2,4865,0.3693934381008148,0.0,0.017623763531446457,0.042349934577941895,0.3909102976322174,4,0.5,8.077391624450684
fixed,2,4866,0.2853180766105652,0.0,0.03607911616563797,0.15777504444122314,0.35069015622138977,4,0.75,
fixed,2,4867,0.877101719379425,0.0,0.006049496121704578,0.23150312900543213,0.9495773911476135,4,0.0,
fixed,2,4868,0.4047852158546448,0.0,0.01327466033399105,0.044168949127197266,0.4246732294559479,4,0.5,
fixed,2,4869,0.8889897465705872,0.0,0.03447737172245979,0.06334829330444336,0.9252329468727112,4,0.75,
fixed,2,4870,1.1057230234146118,0.013243612833321095,0.006428925320506096,0.06614911556243896,1.1354039907455444,4,0.5,2.4294841289520264
fixed,2,4871,0.8411802649497986,0.0,0.021107889711856842,0.21167218685150146,0.9152358770370483,4,0.25,
fixed,2,4872,0.762434184551239,0.0,0.012798461131751537,0.07001185417175293,0.7898370027542114,4,0.5,
fixed,2,4873,1.304712176322937,0.0,0.004847006406635046,0.14092683792114258,1.3494137525558472,4,0.25,
fixed,2,4874,0.7068981528282166,0.0,0.014722367748618126,0.05839872360229492,0.7317789793014526,4,0.5,
fixed,2,4875,1.3216487169265747,0.018149325624108315,0.010823668912053108,0.13147187232971191,1.3755767345428467,4,0.75,1.7998173236846924
fixed,2,4876,0.8202998042106628,0.018573563545942307,0.022715501487255096,0.14254283905029297,0.8837071657180786,4,0.75,
fixed,2,4877,0.4875181019306183,0.0,0.01583404466509819,0.2468041181564331,0.5694763660430908,4,0.5,
fixed,2,4878,0.9629316329956055,0.0,0.007519549690186977,0.044921040534973145,0.9801677465438843,4,0.25,
fixed,2,4879,1.2424747943878174,0.0,0.01032637245953083,0.07641220092773438,1.270561695098877,4,0.5,
fixed,2,4880,0.3759937286376953,0.023119453340768814,0.005214024800807238,0.04989492893218994,0.40512895584106445,4,0.25,6.391607284545898
fixed,2,4881,0.6181003451347351,0.0,0.011203281581401825,0.10390806198120117,0.6548743844032288,4,0.5,
fixed,2,4882,0.8150031566619873,0.0,0.01822364144027233,0.17623913288116455,0.8769867420196533,4,0.75,
fixed,2,4883,0.9894577264785767,0.0,0.0014471631729975343,0.4647486209869385,1.1296058893203735,4,0.0,
fixed,2,4884,1.0991019010543823,0.008291605859994888,0.010097451508045197,0.13241243362426758,1.1480201482772827,4,0.75,
fixed,2,4885,1.1396207809448242,0.0,0.0058831279166042805,0.12590980529785156,1.180335283279419,4,0.25,3.4125664234161377
fixed,2,4886,1.2097102403640747,0.0,0.0017623465973883867,0.38233864307403564,1.3252930641174316,4,0.0,
fixed,2,4887,0.8709180951118469,0.022170821204781532,0.004918732680380344,0.05413055419921875,0.9007020592689514,4,0.5,
fixed,2,4888,0.5224030017852783,0.006486115977168083,0.0061013889499008656,0.051183223724365234,0.5440517067909241,4,0.5,
fixed,2,4889,0.7842434048652649,0.0,0.0403648316860199,0.07936704158782959,0.828235924243927,4,0.75,
fixed,2,4890,0.735623300075531,0.006945400033146143,0.016004813835024834,0.07285714149475098,0.7689555287361145,4,0.75,4.337610721588135
fixed,2,4891,0.9459390640258789,0.0,0.046455398201942444,0.02095949649810791,0.9754546284675598,4,0.25,
fixed,2,4892,0.6372316479682922,0.0,0.03243599832057953,0.02345895767211914,0.6604873538017273,4,0.5,
fixed,2,4893,0.3731065094470978,0.0,0.018465150147676468,0.054025888442993164,0.39854684472084045,4,0.5,
fixed,2,4894,1.2348920106887817,0.0,0.00010193894559051841,0.2509307861328125,1.3102222681045532,4,0.0,
fixed,2,4895,0.5316107273101807,0.0,0.0145840123295784,0.17691195011138916,0.5919763445854187,4,0.75,7.378207683563232
fixed,2,4896,1.1326621770858765,0.0,0.03711666911840439,0.13374733924865723,1.1913447380065918,4,0.75,
fixed,2,4897,1.093334674835205,0.0,0.02923252061009407,0.3520575761795044,1.2135682106018066,4,1.0,
fixed,2,4898,1.0068763494491577,2.2022560131063074e-07,0.003893657121807337,0.0799708366394043,1.0328145027160645,4,0.25,
fixed,2,4899,0.9163956642150879,0.0289617870002985,0.0013925968669354916,0.04742026329040527,0.945798933506012,4,0.25,
fixed,2,4900,1.1290528774261475,0.006215085741132498,7.492399163311347e-07,0.19416511058807373,1.1904103755950928,4,0.0,3.5868372917175293
fixed,2,4901,0.5394012928009033,1.7886690329760313e-05,0.006000298075377941,0.1101837158203125,0.5754655003547668,4,0.25,
fixed,2,4902,1.182849645614624,2.3090915419743396e-05,0.004211577586829662,0.09479284286499023,1.213404893875122,4,0.25,
fixed,2,4903,0.5136542916297913,0.02083580382168293,0.015662716701626778,0.37522780895233154,0.6444718837738037,4,1.0,
fixed,2,4904,0.6290604472160339,0.0094046825543046,0.02128373086452484,0.10597658157348633,0.6761976480484009,4,0.75,
fixed,2,4905,1.124000072479248,0.0,0.006357274949550629,0.09793221950531006,1.1565583944320679,4,0.25,3.3222556114196777
fixed,2,4906,0.5859315991401672,0.0,0.04200342297554016,0.2767815589904785,0.6899677515029907,4,1.0,
fixed,2,4907,0.8913090825080872,0.0268455371260643,0.005292277317494154,0.06333696842193604,0.9263790845870972,4,0.5,
fixed,2,4908,1.02787184715271,0.0,0.0284261517226696,0.061005353927612305,1.0603865385055542,4,0.5,
fixed,2,4909,0.6770299077033997,0.006926378235220909,0.030061772093176842,0.045282602310180664,0.7091087698936462,4,0.0,
fixed,2,4910,0.7912806272506714,0.0,0.022677496075630188,0.04309368133544922,0.8155474662780762,4,0.5,9.510626792907715
fixed,2,4911,1.2088855504989624,0.0,0.012711843475699425,0.10434818267822266,1.2465459108352661,4,0.25,
fixed,2,4912,0.7954810857772827,0.0,0.01315257791429758,0.049245238304138184,0.8168309330940247,4,0.5,
fixed,2,4913,0.8791949152946472,0.0,0.019050106406211853,0.04342770576477051,0.9017482995986938,4,0.5,
fixed,2,4914,0.853289008140564,0.0,0.012081456370651722,0.05273556709289551,0.8751503825187683,4,0.5,
fixed,2,4915,0.6479103565216064,0.0,0.015356005169451237,0.0377429723739624,0.666911244392395,4,0.5,6.7463274002075195
fixed,2,4916,1.03123140335083,0.0,0.028885696083307266,0.054758310317993164,1.0621017217636108,4,0.5,
fixed,2,4917,1.0462980270385742,0.0,0.014391729608178139,0.04407978057861328,1.0667178630828857,4,0.5,
fixed,2,4918,0.5765806436538696,0.0,0.033616404980421066,0.10074806213378906,0.6236132383346558,4,0.75,
fixed,2,4919,0.9651681780815125,0.0,0.001629428705200553,0.20916128158569336,1.0287312269210815,4,0.0,
fixed,2,4920,0.9943825006484985,0.013726351782679558,0.011818832717835903,0.06544899940490723,1.0267897844314575,4,0.5,0.7366103529930115
fixed,2,4921,0.4938114583492279,0.0,0.0035956811625510454,0.08210813999176025,0.5202417373657227,4,0.25,
fixed,2,4922,0.4240129292011261,0.009071326814591885,0.01013930607587099,0.35956764221191406,0.541488528251648,4,1.0,
fixed,2,4923,0.8340116143226624,0.0,0.004886551760137081,0.09307301044464111,0.8643767833709717,4,0.5,
fixed,2,4924,0.8745116591453552,0.021059803664684296,0.01663241721689701,0.14088749885559082,0.9356240034103394,4,0.75,
fixed,2,4925,0.8222805261611938,0.0,0.0029507270082831383,0.09690749645233154,0.8528281450271606,4,0.25,1.7195574045181274
fixed,2,4926,0.6751254796981812,0.0,0.013966608792543411,0.18981897830963135,0.7390545010566711,4,0.75,
fixed,2,4927,0.9593738913536072,0.013875695876777172,0.02240867167711258,0.27502942085266113,1.0600248575210571,4,1.0,
fixed,2,4928,0.6095945835113525,0.013450123369693756,0.012270810082554817,0.12330031394958496,0.6594451665878296,4,0.75,
fixed,2,4929,0.642009437084198,0.0,0.008525514975190163,0.08883142471313477,0.6729215979576111,4,0.5,
fixed,2,4930,0.7992730140686035,0.0,0.01728067919611931,0.16275227069854736,0.8567390441894531,4,0.75,8.171710968017578
fixed,2,4931,1.4824068546295166,0.0,0.022251076996326447,0.052339911460876465,1.5092343091964722,4,0.5,
fixed,2,4932,0.7190526723861694,0.0,0.017191851511597633,0.05913889408111572,0.7453902959823608,4,0.5,
fixed,2,4933,0.6480042338371277,0.009169552475214005,0.016302146017551422,0.074074387550354,0.6829624176025391,4,0.75,
fixed,2,4934,1.139061450958252,0.0019443146884441376,0.010003279894590378,0.1033620834350586,1.1760438680648804,4,0.25,
fixed,2,4935,1.0451472997665405,0.0,0.006358099635690451,0.12418270111083984,1.0855811834335327,4,0.25,3.1097769737243652
fixed,2,4936,1.2212828397750854,0.028598014265298843,0.004627366550266743,0.18026697635650635,1.2919756174087524,4,0.5,
fixed,2,4937,1.1971876621246338,0.0,0.07640710473060608,0.04633462429046631,1.2492916584014893,4,0.5,
fixed,2,4938,0.8562783002853394,0.0,0.03508789837360382,0.2567034959793091,0.9508333206176758,4,0.0,
fixed,2,4939,0.8643948435783386,0.0,0.039708755910396576,0.12652695178985596,0.9222072958946228,4,0.0,
fixed,2,4940,0.8484678864479065,0.0,0.013856993988156319,0.1355750560760498,0.8960689306259155,4,0.25,5.474048137664795
fixed,2,4941,0.2413083165884018,0.0,0.017073864117264748,0.05328953266143799,0.2658320963382721,4,0.5,
fixed,2,4942,0.32578378915786743,0.027602655813097954,0.022012140601873398,0.1977097988128662,0.4099041223526001,4,0.75,
fixed,2,4943,1.0855497121810913,0.0,0.006054806988686323,0.09013032913208008,1.1156162023544312,4,0.25,
fixed,2,4944,1.1270837783813477,0.0,0.010048292577266693,0.04694175720214844,1.1461904048919678,4,0.5,
fixed,2,4945,1.045687198638916,0.0,0.0103092510253191,0.05378556251525879,1.0669775009155273,4,0.5,5.173742771148682
fixed,2,4946,0.5080246329307556,0.0,0.00494106812402606,0.08945345878601074,0.537331223487854,4,0.25,
fixed,2,4947,0.9209814071655273,0.0,0.01031010877341032,0.22268295288085938,0.9929413795471191,4,0.75,
fixed,2,4948,0.4941500425338745,0.0,0.007120158523321152,0.02561342716217041,0.5053941607475281,4,0.25,
fixed,2,4949,1.3014031648635864,0.0,0.015340926125645638,0.25375890731811523,1.385201334953308,4,0.5,
fixed,2,4950,0.4619182050228119,0.030076103284955025,0.015856295824050903,0.06516480445861816,0.5044338703155518,4,0.5,2.852717638015747
fixed,2,4951,0.6890282034873962,0.0,0.0038703312166035175,0.09068536758422852,0.7181689739227295,4,0.25,
fixed,2,4952,1.2816808223724365,0.0,0.007544996216893196,0.08550906181335449,1.3111060857772827,4,0.5,
fixed,2,4953,0.8441683053970337,0.0,0.005025750957429409,0.09441947937011719,0.8750070333480835,4,0.5,
fixed,2,4954,0.4838070273399353,0.0,0.01546053122729063,0.043920278549194336,0.5047133564949036,4,0.25,
fixed,2,4955,0.9256554841995239,0.0,0.008186246268451214,0.08097684383392334,0.9540416598320007,4,0.5,4.643245220184326
fixed,2,4956,0.7525138854980469,0.0381055511534214,0.00648010428994894,0.39773029088974,0.8941258192062378,4,0.75,
fixed,2,4957,0.6274929642677307,0.0,0.003553509945049882,0.11318671703338623,0.6632257103919983,4,0.25,
fixed,2,4958,0.4925043284893036,0.0,0.007603180594742298,0.09359920024871826,0.5243856906890869,4,0.5,
fixed,2,4959,1.0287457704544067,0.0,0.005507974419742823,0.09666252136230469,1.0604984760284424,4,0.5,
fixed,2,4960,1.6459206342697144,0.0,0.0002692424750421196,0.30777204036712646,1.738386869430542,4,0.0,1.1375737190246582
fixed,2,4961,1.4757788181304932,0.017525674775242805,0.00013544835383072495,0.10714352130889893,1.5167524814605713,4,0.25,
fixed,2,4962,0.9169420599937439,0.0,0.010177696123719215,0.05998730659484863,0.940027117729187,4,0.5,
fixed,2,4963,0.5433806777000427,0.0,0.015078380703926086,0.30563902854919434,0.642611563205719,4,0.75,
fixed,2,4964,0.9884962439537048,0.0,0.010945341549813747,0.07954156398773193,1.0178313255310059,4,0.5,
fixed,2,4965,0.5567728281021118,0.0,0.021172575652599335,0.15946578979492188,0.6151988506317139,4,0.75,9.92470645904541
fixed,2,4966,0.45064520835876465,0.0,0.022940056398510933,0.03987705707550049,0.47407835721969604,4,0.5,
fixed,2,4967,0.3800833523273468,0.0,0.013151044026017189,0.05730235576629639,0.4038495719432831,4,0.5,
fixed,2,4968,0.7065015435218811,0.0,0.01229724008589983,0.05820298194885254,0.7301110625267029,4,0.5,
fixed,2,4969,0.8374887704849243,3.240753443378708e-08,1.7379143173457123e-05,0.2953850030899048,0.9261130094528198,4,0.0,
fixed,2,4970,0.4910336136817932,0.0,0.015081300400197506,0.06167769432067871,0.5170775651931763,4,0.5,6.969680309295654
fixed,2,4971,0.8431916236877441,0.0,0.013550936244428158,0.06507182121276855,0.8694886565208435,4,0.5,
fixed,2,4972,0.6456629037857056,0.0,0.010439704172313213,0.029562950134277344,0.6597516536712646,4,0.25,
fixed,2,4973,0.3634190559387207,0.0,0.021184958517551422,0.15909254550933838,0.4217393100261688,4,0.75,
fixed,2,4974,0.6664971113204956,0.0,0.00697531271725893,0.03501307964324951,0.6804887056350708,4,0.25,
fixed,2,4975,0.556118905544281,0.017818665131926537,0.007790266070514917,0.09186732769012451,0.596483588218689,4,0.25,7.857035160064697
fixed,2,4976,0.9813518524169922,0.0,0.004771613981574774,0.14140009880065918,1.0261577367782593,4,0.25,
fixed,2,4977,0.5466009974479675,0.0,0.004933915566653013,0.1284160614013672,0.5875927805900574,3,0.5,
fixed,2,4978,0.4122653305530548,0.01672447845339775,0.0038496358320116997,0.12361860275268555,0.45963796973228455,4,0.5,
fixed,2,4979,0.4372503161430359,0.030576158314943314,0.0032599293626844883,0.15221381187438965,0.49983251094818115,4,0.75,
fixed,2,4980,0.9258906245231628,0.02887009084224701,0.00021127179206814617,0.13047480583190918,0.9795737266540527,4,0.25,6.4091339111328125
fixed,2,4981,0.334550678730011,0.02095065638422966,0.005636258516460657,0.08549749851226807,0.37349337339401245,4,0.5,
fixed,2,4982,0.5760007500648499,0.0,0.005134340841323137,0.1171039342880249,0.6136990785598755,4,0.25,
fixed,2,4983,0.6004003882408142,0.0,0.02156248316168785,0.0835268497467041,0.6362397074699402,4,0.5,
fixed,2,4984,1.1907323598861694,0.03067086637020111,0.0005865406710654497,0.09468603134155273,1.2347668409347534,4,0.25,
fixed,2,4985,0.8504803776741028,0.021845843642950058,0.050522640347480774,0.0673590898513794,0.9068723320960999,4,0.75,9.061248779296875
fixed,2,4986,0.6715232133865356,0.0,0.02270391397178173,0.13833904266357422,0.724376916885376,4,0.75,
fixed,2,4987,0.6504034996032715,0.005512161646038294,0.020206809043884277,0.06542623043060303,0.6828908324241638,4,0.5,
fixed,2,4988,0.3217658996582031,0.0,0.024016210809350014,0.0366971492767334,0.34478315711021423,4,0.5,
fixed,2,4989,0.40724217891693115,0.0,0.028607264161109924,0.09520483016967773,0.45010727643966675,4,0.75,
fixed,2,4990,0.9652097821235657,0.017734132707118988,0.0004146448627579957,0.08594810962677002,1.0000686645507812,4,0.25,6.419748783111572
fixed,2,4991,0.31661006808280945,0.0,0.024458227679133415,0.032101988792419434,0.3384697735309601,4,0.5,
fixed,2,4992,0.7828755974769592,0.0,0.03223620727658272,0.07487356662750244,0.8214557766914368,4,0.75,
fixed,2,4993,0.7545307278633118,0.022402992472052574,0.032825879752635956,0.227219820022583,0.8503111004829407,4,1.0,
fixed,2,4994,0.46171027421951294,0.024935320019721985,0.000216822256334126,0.1044158935546875,0.5056111216545105,4,0.25,
fixed,2,4995,0.374120831489563,0.007784062065184116,0.01581750437617302,0.12432372570037842,0.4232187271118164,4,0.75,4.245428562164307
fixed,2,4996,0.43341144919395447,0.0,0.00014344431110657752,0.35470521450042725,0.5398947596549988,4,0.0,
fixed,2,4997,0.8535090684890747,0.0,0.021772228181362152,0.055184364318847656,0.8809505105018616,4,0.5,
fixed,2,4998,0.8106955885887146,0.0043447548523545265,0.013734192587435246,0.08314311504364014,0.8446779847145081,4,0.25,
fixed,2,4999,0.7156739234924316,0.0,0.012677227146923542,0.05047261714935303,0.7371543049812317,4,0.5,
fixed,2,5000,0.5104223489761353,0.0,0.02707069367170334,0.10137605667114258,0.5543705224990845,4,0.75,11.849268913269043
fixed,2,5001,0.8361570239067078,0.02217433601617813,5.4153268138179556e-05,0.08894121646881104,0.873953640460968,4,0.25,
fixed,2,5002,0.8422073125839233,0.0,0.05845797806978226,0.1202002763748169,0.9074963927268982,4,0.25,
fixed,2,5003,0.8359599113464355,0.0,0.03138438239693642,0.09273004531860352,0.8794711232185364,4,0.75,
fixed,2,5004,1.5466150045394897,0.0,0.02702098898589611,0.043189048767089844,1.5730822086334229,4,0.5,
fixed,2,5005,0.5738349556922913,0.006105625070631504,0.028215285390615463,0.0697181224822998,0.6119108200073242,4,0.5,6.896336555480957
fixed,2,5006,0.747910737991333,0.0,0.03485929220914841,0.158064603805542,0.8127597570419312,4,0.75,
fixed,2,5007,0.42719921469688416,0.02943565882742405,0.014379304833710194,0.13934969902038574,0.490911602973938,4,0.75,
fixed,2,5008,1.0540862083435059,0.0,0.01606937311589718,0.16583609580993652,1.1118717193603516,4,0.75,
fixed,2,5009,0.9627131223678589,7.755545539112063e-08,0.03526434302330017,0.030947327613830566,0.9896295070648193,4,0.5,
fixed,2,5010,0.8149120211601257,0.0,0.019727198407053947,0.14594769477844238,0.8685599565505981,4,0.75,9.140334129333496
fixed,2,5011,0.7902504801750183,0.0,0.021341582760214806,0.1332165002822876,0.8408862352371216,4,0.25,
fixed,2,5012,0.720617413520813,0.00912754237651825,0.003907283302396536,0.05508279800415039,0.7436596751213074,4,0.5,
fixed,2,5013,1.004015326499939,0.0,0.008946049958467484,0.06267118453979492,1.0272897481918335,4,0.5,
fixed,2,5014,0.7150540947914124,0.0,0.006053968332707882,0.08292067050933838,0.7429572939872742,4,0.25,
fixed,2,5015,0.6038637161254883,0.0,0.03257006034255028,0.3583648204803467,0.727658212184906,4,1.0,13.317680358886719
fixed,2,5016,1.3808350563049316,0.0,0.004723351448774338,0.06987130641937256,1.404158115386963,4,0.25,
fixed,2,5017,1.0040525197982788,1.472126314183697e-06,0.0036967715714126825,0.07752645015716553,1.0291595458984375,4,0.25,
fixed,2,5018,0.9373999834060669,0.013383726589381695,0.018722470849752426,0.13596701622009277,0.9942432045936584,4,0.75,
fixed,2,5019,1.5030347108840942,2.4597129595349543e-06,0.007766144350171089,0.07128894329071045,1.5283056497573853,4,0.5,
fixed,2,5020,0.8764775991439819,0.0,0.0026085262652486563,0.07049012184143066,0.8989288806915283,4,0.25,1.5999053716659546
fixed,2,5021,0.9994683861732483,0.0,0.01669788919389248,0.0664217472076416,1.0277438163757324,4,0.5,
fixed,2,5022,0.39748698472976685,0.0,0.019300244748592377,0.05497169494628906,0.42362862825393677,4,0.5,
fixed,2,5023,0.7334712147712708,0.0,0.010093536227941513,0.23099863529205322,0.8078175783157349,4,0.75,
fixed,2,5024,0.9923915266990662,0.0,0.010817554779350758,0.1100761890411377,1.0308231115341187,4,0.25,
fixed,2,5025,0.8689022660255432,2.6498615625314415e-05,0.008144913241267204,0.06562066078186035,0.8926741480827332,4,0.5,4.469150066375732
fixed,2,5026,0.7234867215156555,0.0,0.009928119368851185,0.23308300971984863,0.79837566614151,4,0.75,
fixed,2,5027,1.0448986291885376,0.017007900401949883,0.0002118454285664484,0.11880576610565186,1.0891501903533936,4,0.25,
fixed,2,5028,1.1297848224639893,0.0,0.018230898305773735,0.1658562421798706,1.1886571645736694,4,0.75,
fixed,2,5029,0.3959187865257263,0.0,0.0163765586912632,0.4957536458969116,0.5528331995010376,4,1.0,
fixed,2,5030,0.5595107078552246,0.0,0.012573344632983208,0.06834053993225098,0.5862995386123657,4,0.5,5.805072784423828
fixed,2,5031,1.1233906745910645,0.0,0.004597463645040989,0.08594810962677002,1.151473879814148,4,0.25,
fixed,2,5032,2.1133675575256348,0.016754694283008575,0.008138073608279228,0.14505267143249512,2.1693296432495117,4,0.75,
fixed,2,5033,0.7431303262710571,0.0,0.005270425695925951,0.09464418888092041,0.774158775806427,4,0.25,
fixed,2,5034,0.8239771127700806,0.0,0.018277589231729507,0.04806029796600342,0.8475340008735657,4,0.5,
fixed,2,5035,0.546509861946106,0.0,0.025518687441945076,0.04511439800262451,0.5728034973144531,4,0.5,10.02390193939209
fixed,2,5036,0.6653517484664917,0.0,0.02546156384050846,0.031154394149780273,0.6874288320541382,4,0.5,
fixed,2,5037,1.196810007095337,0.0,0.011966446414589882,0.07110464572906494,1.2241246700286865,4,0.5,
fixed,2,5038,1.278443694114685,0.021167458966374397,0.011588899418711662,0.06022763252258301,1.3128901720046997,4,0.5,
fixed,2,5039,0.6111412048339844,0.019779952242970467,0.01757112145423889,0.07204365730285645,0.6514298319816589,4,0.5,
fixed,2,5040,1.0530890226364136,0.0,0.008166266605257988,0.14110136032104492,1.0995025634765625,4,0.25,3.8284523487091064
fixed,2,5041,0.5873562693595886,0.0,0.04414021223783493,0.24730002880096436,0.6836163997650146,4,1.0,
fixed,2,5042,0.8096964359283447,0.0,0.026059944182634354,0.07056653499603271,0.8438963890075684,4,0.5,
fixed,2,5043,0.3678724467754364,0.008148815482854843,0.021491162478923798,0.2307816743850708,0.45192694664001465,4,1.0,
fixed,2,5044,0.6837913393974304,0.0,0.031225599348545074,0.17905282974243164,0.7531200051307678,4,0.75,
fixed,2,5045,0.8457983136177063,0.0,0.005811027251183987,0.09775984287261963,0.8780317902565002,4,0.25,2.9409596920013428
fixed,2,5046,0.7281963229179382,0.0,0.030090466141700745,0.06072664260864258,0.7614595293998718,4,0.5,
fixed,2,5047,0.3861718475818634,0.0,0.01818162202835083,0.05510866641998291,0.4117952585220337,4,0.5,
fixed,2,5048,0.5778619647026062,0.01647879369556904,0.009126368910074234,0.034979939460754395,0.6011584997177124,4,0.5,
fixed,2,5049,0.9957438111305237,0.0,0.005229574162513018,0.08173131942749023,1.0228780508041382,4,0.25,
fixed,2,5050,0.6811436414718628,0.0,0.024334726855158806,0.12173962593078613,0.7298328876495361,4,0.75,10.171222686767578
fixed,2,5051,1.027267336845398,0.0,0.019991982728242874,0.04786205291748047,1.051621913909912,4,0.5,
fixed,2,5052,0.8734155297279358,0.0,0.010434206575155258,0.03640782833099365,0.8895549774169922,4,0.25,
fixed,2,5053,1.0954694747924805,0.0,0.011219403706490993,0.052541255950927734,1.1168415546417236,4,0.5,
fixed,2,5054,0.9799600839614868,0.013617650605738163,0.008425875566899776,0.05739390850067139,1.0082000494003296,4,0.5,
fixed,2,5055,0.6439173221588135,0.0,0.0046687740832567215,0.10452210903167725,0.6776083707809448,4,0.25,2.60089111328125
fixed,2,5056,0.23979389667510986,0.0,0.008892973884940147,0.12873709201812744,0.28286150097846985,4,0.25,
fixed,2,5057,0.7786523103713989,0.0,0.010245854035019875,0.21337759494781494,0.8477885127067566,4,0.75,
fixed,2,5058,0.33895912766456604,0.0,0.01099376380443573,0.09800291061401367,0.37385687232017517,4,0.5,
fixed,2,5059,0.31787675619125366,0.030584609135985374,0.005990971345454454,0.0712054967880249,0.35752618312835693,4,0.5,
fixed,2,5060,0.5781100392341614,0.0,0.03864247724413872,0.3018960952758789,0.6880000829696655,4,1.0,14.900200843811035
fixed,2,5061,0.954963207244873,0.0,0.013928817585110664,0.1953650712966919,1.0205371379852295,4,0.75,
fixed,2,5062,0.6503368616104126,0.030453167855739594,0.006695392541587353,0.08885884284973145,0.6955687999725342,4,0.5,
fixed,2,5063,0.4283131957054138,0.0,0.008627807721495628,0.1626286506652832,0.48141568899154663,4,0.25,
fixed,2,5064,1.056046962738037,0.0,0.0067368121817708015,0.15488362312316895,1.1058804988861084,4,0.25,
fixed,2,5065,0.6823008060455322,0.0,0.02293533645570278,0.11784923076629639,0.7291232347488403,4,0.75,10.663649559020996
fixed,2,5066,0.8238089680671692,0.044248901307582855,0.022812239825725555,0.23220455646514893,0.927000880241394,4,1.0,
fixed,2,5067,0.9457128643989563,0.0,0.01700304076075554,0.05288100242614746,0.970078706741333,4,0.5,
fixed,2,5068,1.1180499792099,0.0,0.03328686207532883,0.020235180854797363,1.1407639980316162,4,0.5,
fixed,2,5069,0.5059558749198914,0.016500324010849,0.020371433347463608,0.07001304626464844,0.5453956723213196,4,0.75,
fixed,2,5070,0.8828288316726685,0.0,0.02271217852830887,0.043148159980773926,0.9071293473243713,4,0.5,9.537066459655762
fixed,2,5071,0.7960095405578613,0.0,0.012926746159791946,0.12474536895751953,0.8398965001106262,4,0.25,
fixed,2,5072,1.0567760467529297,0.0,0.040655359625816345,0.01734137535095215,1.082306146621704,4,0.5,
fixed,2,5073,1.2708367109298706,0.0,0.02559525892138481,0.04197525978088379,1.296226978302002,4,0.5,
fixed,2,5074,0.8965293169021606,0.0,0.019798513501882553,0.1209414005279541,0.9427109956741333,4,0.75,
fixed,2,5075,0.40555301308631897,0.0,0.020327463746070862,0.05379176139831543,0.4318542778491974,4,0.5,9.049032211303711
fixed,2,5076,0.763198733329773,0.0,0.014160172082483768,0.05498075485229492,0.7867730259895325,4,0.5,
fixed,2,5077,0.8339669704437256,0.0,0.004133227281272411,0.2923167943954468,0.9237286448478699,4,0.0,
fixed,2,5078,1.263750672340393,0.0,0.0225728377699852,0.07316136360168457,1.2969855070114136,4,0.5,
fixed,2,5079,0.4953494071960449,0.0,0.0037510863039642572,0.13028419017791748,0.5363101959228516,4,0.25,
fixed,2,5080,0.49886393547058105,0.0,0.00759798102080822,0.08631551265716553,0.5285575985908508,4,0.5,4.20227575302124
fixed,2,5081,0.5993919968605042,0.0,0.012716313824057579,0.21422040462493896,0.6700162887573242,4,0.75,
fixed,2,5082,0.6371718645095825,0.019744450226426125,0.005179894156754017,0.09122097492218018,0.6770003437995911,4,0.5,
fixed,2,5083,0.46548992395401,0.027339061722159386,0.016451088711619377,0.15344226360321045,0.5334177017211914,4,0.75,
fixed,2,5084,0.8600452542304993,0.0,0.017197510227560997,0.4852744936943054,1.0142263174057007,4,1.0,
fixed,2,5085,0.6067215800285339,0.0,0.007347646169364452,0.04922342300415039,0.6251624226570129,4,0.25,3.7348809242248535
fixed,2,5086,1.0341283082962036,0.0,0.0034928719978779554,0.09401524066925049,1.0640792846679688,4,0.25,
fixed,2,5087,0.3505439758300781,0.0,0.005975684151053429,0.07385766506195068,0.3756891191005707,4,0.5,
fixed,2,5088,1.0671334266662598,0.022415466606616974,0.0064528645016252995,0.05279529094696045,1.0974061489105225,4,0.5,
fixed,2,5089,0.590147078037262,0.0,0.007555043324828148,0.06897401809692383,0.6146168112754822,4,0.5,
fixed,2,5090,0.539047360420227,0.0,0.02149244211614132,0.39974498748779297,0.6697170734405518,4,1.0,10.148298263549805
fixed,2,5091,0.853377103805542,0.0,0.021601300686597824,0.04395925998687744,0.8773655295372009,4,0.5,
fixed,2,5092,0.8383697867393494,0.0,0.009372245520353317,0.040685296058654785,0.855261504650116,4,0.5,
fixed,2,5093,1.1329576969146729,0.0,0.008471573702991009,0.09224581718444824,1.1648672819137573,4,0.25,
fixed,2,5094,0.49705395102500916,0.0,0.028590111061930656,0.09028840065002441,0.5384355187416077,4,0.75,
fixed,2,5095,0.3511200547218323,0.0,0.021736804395914078,0.10370981693267822,0.39310139417648315,4,0.75,9.73296070098877
fixed,2,5096,0.7369193434715271,0.0,0.022985482588410378,0.09969639778137207,0.7783210277557373,4,0.75,
fixed,2,5097,0.5940685868263245,0.027043074369430542,0.015338375233113766,0.10369682312011719,0.6463683843612671,4,0.75,
fixed,2,5098,0.5533084869384766,0.0,0.018631253391504288,0.05211794376373291,0.5782594680786133,4,0.5,
fixed,2,5099,1.1381548643112183,0.0,0.007277785334736109,0.10845458507537842,1.1743301153182983,4,0.25,
fixed,2,5100,0.6091229319572449,0.0,0.02426031604409218,0.055152058601379395,0.6377987265586853,4,0.5,8.795998573303223
fixed,2,5101,0.6270426511764526,0.0,0.01468081958591938,0.0625380277633667,0.6531444787979126,4,0.5,
fixed,2,5102,0.573976993560791,0.0,0.0010873244609683752,0.4602290987968445,0.7125893831253052,4,0.0,
fixed,2,5103,0.4725322127342224,0.008817898109555244,0.0032723145559430122,0.10540127754211426,0.5101976990699768,4,0.25,
fixed,2,5104,0.2900889217853546,0.0,0.020091315731406212,0.41891878843307495,0.42581021785736084,4,1.0,
fixed,2,5105,0.5789148807525635,0.0,0.029451608657836914,0.10716557502746582,0.6257903575897217,4,0.75,11.597128868103027
fixed,2,5106,0.7646347284317017,0.0,0.013583417050540447,0.17116737365722656,0.8227766752243042,4,0.75,
fixed,2,5107,1.4944785833358765,0.0,0.005445361137390137,0.10672926902770996,1.5292201042175293,4,0.25,
fixed,2,5108,0.6840997338294983,0.0,0.014872652478516102,0.05149483680725098,0.7069845199584961,4,0.5,
fixed,2,5109,0.31692394614219666,0.0,0.01861937716603279,0.2682473659515381,0.40670785307884216,4,0.5,
fixed,2,5110,0.9286630153656006,0.0,0.01864699274301529,0.14293503761291504,0.9808670282363892,4,0.25,7.040249347686768
fixed,2,5111,0.5952064990997314,0.0,0.019099421799182892,0.04393410682678223,0.6179364323616028,4,0.5,
fixed,2,5112,1.176084041595459,0.032715726643800735,0.006837013177573681,0.19678020477294922,1.254894495010376,4,0.75,
fixed,2,5113,0.5109924674034119,0.0,0.007688684388995171,0.12401926517486572,0.5520426034927368,4,0.25,
fixed,2,5114,0.9277926683425903,0.0,0.007874427363276482,0.029575705528259277,0.9406026005744934,4,0.25,
fixed,2,5115,1.0054559707641602,0.0,0.016239337623119354,0.06848609447479248,1.0341215133666992,4,0.5,7.99238395690918
fixed,2,5116,0.9784553050994873,0.016691187396645546,0.021373165771365166,0.10868608951568604,1.0300933122634888,4,0.75,
fixed,2,5117,0.8753741383552551,0.01415768451988697,0.004590232390910387,0.0814516544342041,0.9091836214065552,4,0.5,
fixed,2,5118,1.1139534711837769,0.0,0.011767661198973656,0.3929387331008911,1.237718939781189,4,0.0,
fixed,2,5119,0.6747789978981018,0.0,0.017607005313038826,0.16999614238739014,0.7345813512802124,4,0.75,
fixed,2,5120,0.5391187071800232,0.0,0.013667142018675804,0.05542457103729248,0.5625796318054199,4,0.5,6.868975639343262
fixed,2,5121,0.5264642834663391,0.0,0.0127584058791399,0.10077881813049316,0.5630771517753601,4,0.5,
fixed,2,5122,0.4742366671562195,0.0,0.028070373460650444,0.14670026302337646,0.5322819352149963,4,0.75,
fixed,2,5123,1.0154461860656738,0.0,0.010386242531239986,0.04510772228240967,1.0341715812683105,4,0.25,
fixed,2,5124,0.6708181500434875,0.0,0.011224302463233471,0.22033238410949707,0.7425299882888794,4,0.75,
fixed,2,5125,0.6372025012969971,0.014267214573919773,0.010416697710752487,0.15519332885742188,0.6961024403572083,4,0.75,1.873252034187317
fixed,2,5126,0.8256447315216064,0.0,0.0075133503414690495,0.1960207223892212,0.8882076144218445,4,0.25,
fixed,2,5127,0.7977011799812317,0.0,0.027034401893615723,0.14129865169525146,0.8536079525947571,4,0.75,
fixed,2,5128,0.7857800126075745,0.0,0.011269715614616871,0.10328912734985352,0.8224015831947327,4,0.5,
fixed,2,5129,0.464408278465271,0.0,0.026894353330135345,0.02866220474243164,0.4864541292190552,4,0.5,
fixed,2,5130,0.8726729154586792,0.0,0.006352810654789209,0.13821887969970703,0.9173150062561035,4,0.25,3.667799234390259
fixed,2,5131,0.9939402937889099,0.0,0.02361956611275673,0.07486855983734131,1.0282106399536133,4,0.5,
fixed,2,5132,0.578786313533783,0.034010082483291626,0.008988185785710812,0.1767902374267578,0.6533225178718567,4,0.75,
fixed,2,5133,1.2166045904159546,0.0,0.005898716393858194,0.08389663696289062,1.2447229623794556,4,0.25,
fixed,2,5134,0.7525648474693298,0.0,0.018415862694382668,0.040488362312316895,0.7739192843437195,4,0.5,
fixed,2,5135,0.9870249629020691,0.0,0.017988495528697968,0.13080668449401855,1.0352612733840942,4,0.75,8.787099838256836
fixed,2,5136,1.6668530702590942,0.028374137356877327,0.0034096587914973497,0.03834819793701172,1.6942493915557861,4,0.5,
fixed,2,5137,0.9247996807098389,0.0,0.0089644156396389,0.03348839282989502,0.9393284320831299,4,0.25,
fixed,2,5138,1.0884326696395874,0.0,0.0046124691143631935,0.08182168006896973,1.1152853965759277,4,0.25,
fixed,2,5139,1.181707501411438,0.0,0.004274905659258366,0.25191259384155273,1.2594187259674072,4,0.0,
fixed,2,5140,0.5222964286804199,0.0,0.029511667788028717,0.3295574188232422,0.6359195113182068,4,1.0,13.376435279846191
fixed,2,5141,0.5012684464454651,0.0,0.017562612891197205,0.1319575309753418,0.5496370196342468,4,0.75,
fixed,2,5142,0.5116939544677734,0.0,0.0075090499594807625,0.0450589656829834,0.5289661884307861,4,0.25,
fixed,2,5143,0.8981472253799438,0.012853520922362804,0.004240889102220535,0.058365583419799805,0.9242041110992432,4,0.5,
fixed,2,5144,1.027620553970337,0.01724630407989025,0.022284280508756638,0.27116847038269043,1.1287363767623901,4,1.0,
fixed,2,5145,0.5899399518966675,0.0,0.017521142959594727,0.06622922420501709,0.6185693144798279,4,0.5,7.334055423736572
fixed,2,5146,0.6787649989128113,0.0,0.01552317664027214,0.07076430320739746,0.7077558636665344,4,0.5,
fixed,2,5147,0.6531495451927185,0.021352363750338554,0.010082349181175232,0.07363390922546387,0.6909570693969727,4,0.5,
fixed,2,5148,1.3103126287460327,0.0,0.00695945555344224,0.1820213794708252,1.3683987855911255,4,0.25,
fixed,2,5149,0.8216010332107544,0.0,0.018350686877965927,0.06493306159973145,0.8502563238143921,4,0.5,
fixed,2,5150,0.6299137473106384,0.018769726157188416,0.01621423475444317,0.09742856025695801,0.6766343116760254,4,0.75,1.8838963508605957
fixed,2,5151,0.753874659538269,0.006240053102374077,0.010342407040297985,0.094460129737854,0.7905039191246033,4,0.5,
fixed,2,5152,0.7906200885772705,0.025338932871818542,0.03153729811310768,0.02134406566619873,0.8254614472389221,4,0.5,
fixed,2,5153,0.901419997215271,0.0,0.033725813031196594,0.2830495834350586,1.0031977891921997,4,1.0,
fixed,2,5154,0.6969410181045532,0.0,0.03841138258576393,0.0839393138885498,0.7413284778594971,4,0.5,
fixed,2,5155,1.1437119245529175,0.0,0.001637076260522008,0.4515955448150635,1.280009150505066,4,0.0,2.6875786781311035
fixed,2,5156,1.127376675605774,0.0,0.0017571116331964731,0.42154252529144287,1.2547179460525513,4,0.0,
fixed,2,5157,0.5853440165519714,0.008987203240394592,0.021517310291528702,0.052991390228271484,0.6164937019348145,4,0.75,
fixed,2,5158,1.266388177871704,0.0,0.017029650509357452,0.027668476104736328,1.2832036018371582,4,0.5,
fixed,2,5159,1.0175249576568604,0.0,0.013725758530199528,0.09145081043243408,1.0518231391906738,4,0.25,
fixed,2,5160,0.45593181252479553,0.019311433658003807,0.013401142321527004,0.021064043045043945,0.47860732674598694,4,0.5,1.7786844968795776
fixed,2,5161,0.6491845846176147,0.0,0.003258403856307268,0.23113417625427246,0.7201540470123291,4,0.0,
fixed,2,5162,0.6591202616691589,0.0,0.010445887222886086,0.044492363929748535,0.6776909232139587,4,0.25,
fixed,2,5163,0.7424638271331787,0.0,0.019925110042095184,0.2608225345611572,0.8306731581687927,4,0.75,
fixed,2,5164,0.7661644220352173,0.0,0.002725122030824423,0.23079192638397217,0.8367645740509033,4,0.0,
fixed,2,5165,0.4025503098964691,0.0,0.03671856224536896,0.03175544738769531,0.43043622374534607,4,0.5,13.306997299194336
fixed,2,5166,0.6688641905784607,0.0,0.013008673675358295,0.15350830554962158,0.7214210033416748,4,0.25,
fixed,2,5167,0.8346084952354431,0.031332023441791534,0.019926223903894424,0.22162795066833496,0.9267259836196899,4,1.0,
fixed,2,5168,0.4559144973754883,0.0,0.007878288626670837,0.10030734539031982,0.48994582891464233,4,0.5,
fixed,2,5169,0.5547512173652649,0.0,0.013876988552510738,0.30963659286499023,0.6545807123184204,4,0.75,
fixed,2,5170,0.9167925119400024,0.028947681188583374,0.011936159804463387,0.17676997184753418,0.990265429019928,4,0.75,0.8925654292106628
fixed,2,5171,0.8850921988487244,0.0,0.024491019546985626,0.17196416854858398,0.9489269852638245,4,0.75,
fixed,2,5172,0.9605612754821777,0.009007138200104237,0.02822735905647278,0.11502504348754883,1.0136860609054565,4,0.75,
fixed,2,5173,0.5795301198959351,0.022831888869404793,0.004040402825921774,0.10709023475646973,0.6250933408737183,4,0.5,
fixed,2,5174,1.0092759132385254,0.0,0.0073687490075826645,0.16477620601654053,1.0623931884765625,4,0.25,
fixed,2,5175,1.1405303478240967,0.0,0.03511880338191986,0.10010433197021484,1.1881210803985596,4,0.5,11.436408996582031
fixed,2,5176,1.4916428327560425,0.0,0.04403776302933693,0.09911119937896729,1.5433950424194336,4,0.75,
fixed,2,5177,0.7833781242370605,0.0,0.01976192370057106,0.045670509338378906,0.8069602251052856,4,0.5,
fixed,2,5178,0.5051048994064331,0.0,0.019232772290706635,0.1486959457397461,0.5593300461769104,4,0.75,
fixed,2,5179,0.49748000502586365,0.0,0.028823910281062126,0.10466432571411133,0.5432912707328796,4,0.75,
fixed,2,5180,0.6946921348571777,0.0,0.021966099739074707,0.0572817325592041,0.7228596806526184,4,0.5,9.423993110656738
fixed,2,5181,0.7449324131011963,0.00910438597202301,0.005341679789125919,0.05380582809448242,0.7682971954345703,4,0.5,
fixed,2,5182,0.7898985147476196,0.0,0.022593192756175995,0.12507152557373047,0.8387165665626526,4,0.75,
fixed,2,5183,0.30342844128608704,0.0,0.018307717517018318,0.03701376914978027,0.323686420917511,4,0.5,
fixed,2,5184,0.939237654209137,0.011497367173433304,0.010912302881479263,0.11152017116546631,0.9838985204696655,4,0.75,
fixed,2,5185,0.8218388557434082,0.0,0.03688480705022812,0.0856848955154419,0.865986704826355,4,0.75,13.27955150604248
fixed,2,5186,0.6143943071365356,0.0,0.019136885181069374,0.0512082576751709,0.6393252015113831,4,0.25,
fixed,2,5187,0.47641971707344055,0.0,0.006174692418426275,0.039731740951538086,0.49142658710479736,4,0.25,
fixed,2,5188,1.104391098022461,0.0,0.013564933091402054,0.06287121772766113,1.1300349235534668,4,0.5,
fixed,2,5189,0.3473152816295624,0.0,0.01957859843969345,0.06432569026947021,0.3764022886753082,4,0.5,
fixed,2,5190,1.0612536668777466,0.0,0.008662622421979904,0.06882691383361816,1.0862330198287964,4,0.5,4.547456741333008
fixed,2,5191,0.727176308631897,0.0,0.0040695760399103165,0.10251986980438232,0.7599670886993408,4,0.25,
fixed,2,5192,1.2190111875534058,0.02816130593419075,0.00012472431990318,0.08764815330505371,1.2594486474990845,4,0.5,
fixed,2,5193,0.625629186630249,0.0,0.018644198775291443,0.07506871223449707,0.6574718952178955,4,0.5,
fixed,2,5194,0.5103532075881958,0.0,0.014468463137745857,0.31073641777038574,0.6108083724975586,4,0.75,
fixed,2,5195,0.7775557637214661,0.0,0.011263327673077583,0.20451903343200684,0.8445431590080261,4,0.75,6.0093841552734375
fixed,2,5196,1.2784188985824585,0.0,0.004484198056161404,0.08643770217895508,1.306592345237732,4,0.5,
fixed,2,5197,1.1102169752120972,0.03371063619852066,0.006791917607188225,0.1959151029586792,1.1892428398132324,4,0.75,
fixed,2,5198,1.0397229194641113,0.0,0.01040701661258936,0.2051941156387329,1.1064846515655518,4,0.75,
fixed,2,5199,0.4617689549922943,0.0,0.006160130724310875,0.03777456283569336,0.47618138790130615,4,0.25,
fixed,2,5200,0.545778751373291,0.0,0.0081853736191988,0.12439262866973877,0.5871891975402832,4,0.25,4.137277126312256
fixed,2,5201,0.4622056186199188,0.01481451466679573,0.004866737872362137,0.06535816192626953,0.4916536808013916,4,0.5,
fixed,2,5202,0.4471196234226227,0.0,0.023719508200883865,0.1181788444519043,0.49443304538726807,4,0.75,
fixed,2,5203,1.3773460388183594,0.011170187965035439,0.005764081608504057,0.05333900451660156,1.4018148183822632,4,0.5,
fixed,2,5204,0.47281256318092346,0.0,0.008753034286201,0.12319481372833252,0.5141475200653076,4,0.25,
fixed,2,5205,0.8004151582717896,0.0,0.010919335298240185,0.04301178455352783,0.8187783360481262,4,0.25,5.4478840827941895
fixed,2,5206,0.7574199438095093,0.023273462429642677,0.0010469136759638786,0.16286683082580566,0.8184401988983154,4,0.25,
fixed,2,5207,1.1059695482254028,0.0,0.03697340562939644,0.11254119873046875,1.1582186222076416,4,0.0,
fixed,2,5208,0.5546460151672363,0.0,0.01768658123910427,0.14757955074310303,0.6077631711959839,4,0.75,
fixed,2,5209,0.702777087688446,0.0,0.016358263790607452,0.07886958122253418,0.7346171140670776,4,0.5,
fixed,2,5210,0.5834047794342041,0.0,0.021156083792448044,0.12678933143615723,0.6320196390151978,4,0.75,10.196976661682129
fixed,2,5211,0.4618857204914093,0.021502958610653877,0.009691566228866577,0.03912830352783203,0.4892214834690094,4,0.5,
fixed,2,5212,0.7023765444755554,0.023669397458434105,0.00895296223461628,0.08938086032867432,0.7455019950866699,4,0.5,
fixed,2,5213,0.5264493823051453,0.0,0.04775252938270569,0.21637606620788574,0.6152384877204895,4,1.0,
fixed,2,5214,0.9780296087265015,0.0,0.01893649436533451,0.13909530639648438,1.0292264223098755,4,0.75,
fixed,2,5215,1.1236419677734375,0.0,0.027009230107069016,0.10815727710723877,1.1695938110351562,4,0.75,11.870573043823242
fixed,2,5216,0.5870357155799866,0.0,0.008174310438334942,0.1910020112991333,0.6484234929084778,4,0.25,
fixed,2,5217,0.3837825059890747,0.0,0.015490110032260418,0.06821322441101074,0.41199153661727905,4,0.25,
fixed,2,5218,0.9855864644050598,0.006466679275035858,0.01495751179754734,0.01899278163909912,1.001996397972107,4,0.5,
fixed,2,5219,0.8329535126686096,0.012254312634468079,0.008597739972174168,0.06882524490356445,0.8640271425247192,4,0.5,
fixed,2,5220,0.9529357552528381,0.0,0.03795035928487778,0.2649836540222168,1.0514060258865356,4,1.0,16.375598907470703
fixed,2,5221,0.283979207277298,0.0,0.03314187005162239,0.08134889602661133,0.3249548077583313,4,0.75,
fixed,2,5222,0.4954642653465271,0.0,0.008463600650429726,0.16510272026062012,0.5492268800735474,4,0.25,
fixed,2,5223,0.7462894916534424,0.0,0.0427997000515461,0.08308184146881104,0.7926138639450073,4,0.75,
fixed,2,5224,1.071592092514038,0.0,0.021974585950374603,0.06255209445953369,1.1013450622558594,4,0.5,
fixed,2,5225,1.3840301036834717,0.0,0.017149316146969795,0.058675289154052734,1.4102073907852173,4,0.5,7.727231025695801
fixed,2,5226,0.5989353656768799,0.0,0.01524960994720459,0.061083078384399414,0.624885082244873,4,0.5,
fixed,2,5227,0.6096420884132385,0.0,0.009890152141451836,0.13292622566223145,0.6544650197029114,4,0.25,
fixed,2,5228,0.5340126156806946,0.0414881706237793,0.023640301078557968,0.05298972129821777,0.5824737548828125,4,0.75,
fixed,2,5229,0.9786518812179565,0.011836673133075237,0.0025427837390452623,0.07579648494720459,1.0085805654525757,4,0.25,
fixed,2,5230,0.6789585947990417,0.0,0.012371910735964775,0.04395568370819092,0.6983312368392944,4,0.5,6.189913272857666
fixed,2,5231,0.9489042162895203,0.03203343600034714,0.0035551125183701515,0.04926729202270508,0.9814786911010742,4,0.5,
fixed,2,5232,1.079756736755371,0.0,0.004644515924155712,0.08893418312072754,1.1087592840194702,4,0.25,
fixed,2,5233,0.8184075951576233,0.0,0.016324792057275772,0.1418473720550537,0.869124174118042,4,0.75,
fixed,2,5234,0.7113206386566162,0.008837498724460602,0.015097732655704021,0.2843620777130127,0.8085968494415283,4,1.0,
fixed,2,5235,1.1525298357009888,0.0,0.007547721732407808,0.11449611186981201,1.1906524896621704,4,0.25,3.961451768875122
fixed,2,5236,0.7889220714569092,0.0,0.011916575022041798,0.05086684226989746,0.8101404309272766,4,0.5,
fixed,2,5237,0.43791618943214417,0.0,0.013723810203373432,0.3370239734649658,0.5458852648735046,4,0.75,
fixed,2,5238,0.4194135069847107,0.0,0.0036422431003302336,0.0896376371383667,0.4481259286403656,4,0.25,
fixed,2,5239,0.5040408968925476,0.0,0.01715666800737381,0.12489819526672363,0.5500887036323547,4,0.75,
fixed,2,5240,0.3458869457244873,0.0,0.003963950555771589,0.08477950096130371,0.37330275774002075,4,0.25,2.5141708850860596
fixed,2,5241,1.0273661613464355,0.0,0.031080611050128937,0.04892420768737793,1.0575836896896362,4,0.5,
fixed,2,5242,0.3803679347038269,0.0,0.01345592737197876,0.07504057884216309,0.40960806608200073,4,0.25,
fixed,2,5243,0.9322584867477417,0.0,0.015648983418941498,0.14475703239440918,0.9835100769996643,4,0.75,
fixed,2,5244,0.48778730630874634,0.013818902894854546,0.015260170213878155,0.3114292621612549,0.5957556366920471,4,1.0,
fixed,2,5245,0.8773241639137268,0.0,0.010690557770431042,0.05709552764892578,0.8997980952262878,4,0.5,5.776057243347168
fixed,2,5246,0.4776490032672882,0.01672310382127762,0.003775086021050811,0.0956888198852539,0.5166047215461731,4,0.5,
fixed,2,5247,0.6619141697883606,0.0,0.021586401388049126,0.12728917598724365,0.7108941078186035,4,0.75,
fixed,2,5248,0.5607963800430298,0.0,0.03682974725961685,0.09767138957977295,0.6085126399993896,4,0.75,
fixed,2,5249,0.5519238114356995,0.0,0.013960089534521103,0.07837963104248047,0.5824177265167236,4,0.5,
fixed,2,5250,0.5446106791496277,0.0,0.027474265545606613,0.3422567844390869,0.6610248684883118,4,1.0,12.848185539245605
fixed,2,5251,1.144264817237854,0.025059591978788376,0.010798672214150429,0.13989591598510742,1.2041627168655396,4,0.75,
fixed,2,5252,0.5779433250427246,0.0,0.03135594725608826,0.0915532112121582,0.6210872530937195,4,0.75,
fixed,2,5253,0.5297776460647583,0.0,0.02798430249094963,0.24995064735412598,0.6187549829483032,4,0.25,
fixed,2,5254,0.682462751865387,0.0,0.03348078578710556,0.09309506416320801,0.7271316647529602,4,0.75,
fixed,2,5255,0.6964846253395081,0.017037350684404373,0.013078759424388409,0.057616353034973145,0.7288275957107544,4,0.5,1.9198142290115356
fixed,2,5256,0.4671880900859833,0.0,0.025697268545627594,0.028731226921081543,0.48865610361099243,4,0.5,
fixed,2,5257,0.601205050945282,0.0,0.033985696732997894,0.07876753807067871,0.641828179359436,4,0.75,
fixed,2,5258,1.2749656438827515,0.0,0.001918705878779292,0.44549691677093506,1.409574031829834,4,0.0,
fixed,2,5259,0.916418731212616,0.02362203039228916,0.01813420280814171,0.0918419361114502,0.9648494124412537,4,0.75,
fixed,2,5260,1.0802446603775024,0.0,0.018198400735855103,0.1411147117614746,1.1316782236099243,4,0.25,7.3937458992004395
fixed,2,5261,0.9558915495872498,0.0,0.012944970279932022,0.050230979919433594,0.9774333238601685,4,0.25,
fixed,2,5262,0.8787475228309631,0.0016679080436006188,0.004208884667605162,0.06931138038635254,0.902479350566864,4,0.25,
fixed,2,5263,1.6176042556762695,0.0034159093629568815,0.030762266367673874,0.11612153053283691,1.6695297956466675,4,0.0,
fixed,2,5264,0.8203036189079285,0.0,0.06182408705353737,0.10782420635223389,0.8835629224777222,4,0.25,
fixed,2,5265,0.29306626319885254,0.0,0.013577564619481564,0.16592538356781006,0.3496326506137848,4,0.75,7.078315258026123
fixed,2,5266,0.8611039519309998,0.0,0.01575164496898651,0.15230393409729004,0.9146709442138672,4,0.75,
fixed,2,5267,1.2777541875839233,0.0,0.0297248438000679,0.038312673568725586,1.3041104078292847,4,0.5,
fixed,2,5268,0.7374323606491089,0.0,0.006422335281968117,0.0664985179901123,0.760593056678772,4,0.25,
fixed,2,5269,1.3233020305633545,1.8782825463858899e-06,0.011532553471624851,0.18620407581329346,1.3849304914474487,4,0.75,
fixed,2,5270,0.6015199422836304,0.03735138848423958,0.010847147554159164,0.17402756214141846,0.6778274774551392,4,0.75,1.2156896591186523
fixed,2,5271,0.7363854646682739,4.2227811718476005e-06,0.00655714375898242,0.058692216873168945,0.75727379322052,4,0.5,
fixed,2,5272,0.5224469304084778,0.020484551787376404,0.00396937457844615,0.07555699348449707,0.5573409795761108,4,0.5,
fixed,2,5273,1.0408878326416016,1.2224872136812337e-07,0.005753065459430218,0.0687553882598877,1.064391016960144,4,0.5,
fixed,2,5274,0.8250434994697571,0.0,0.004935306031256914,0.08101701736450195,0.8518162369728088,4,0.5,
fixed,2,5275,0.8801009058952332,0.0,0.01971822790801525,0.06825137138366699,0.9104354381561279,4,0.5,7.421050071716309
fixed,2,5276,0.7708094120025635,0.0,0.008539092727005482,0.055727481842041016,0.7917972207069397,4,0.25,
fixed,2,5277,1.011764407157898,0.04938800632953644,0.003807032946497202,0.4214608073234558,1.1648001670837402,4,1.0,
fixed,2,5278,0.6515935659408569,0.0,0.008099038153886795,0.08331060409545898,0.6806362867355347,4,0.5,
fixed,2,5279,1.0687521696090698,0.0,0.04140317812561989,0.11251187324523926,1.1232073307037354,4,0.5,
fixed,2,5280,0.775507926940918,0.0,0.020235290750861168,0.1586287021636963,0.8332141637802124,4,0.75,9.179977416992188
fixed,2,5281,0.6866547465324402,0.01580335944890976,0.0007426399388350546,0.1936349868774414,0.7530182600021362,4,0.25,
fixed,2,5282,0.7941420674324036,0.0,0.01585480570793152,0.1600816249847412,0.8500939607620239,4,0.75,
fixed,2,5283,0.8778184056282043,0.0,0.01728334277868271,0.14046812057495117,0.9286004900932312,4,0.75,
fixed,2,5284,0.8491163849830627,0.0,0.006399516481906176,0.11242556571960449,0.8860437870025635,4,0.25,
fixed,2,5285,0.7820872068405151,0.0,0.021633708849549294,0.1689133644104004,0.8435781002044678,4,0.25,7.577402114868164
fixed,2,5286,1.4159388542175293,0.0,0.030594103038311005,0.04772353172302246,1.445552945137024,4,0.5,
fixed,2,5287,1.1619040966033936,0.09310925006866455,0.004718787036836147,0.4029996991157532,1.3317179679870605,4,1.0,
fixed,2,5288,0.63472980260849,0.0,0.027823206037282944,0.10191977024078369,0.6792173385620117,4,0.75,
fixed,2,5289,0.963685154914856,0.01099172793328762,0.006427849642932415,0.033737897872924805,0.9825162887573242,4,0.5,
fixed,2,5290,0.6608535647392273,0.011143072508275509,0.025925902649760246,0.04471468925476074,0.6928024291992188,4,0.75,4.77957820892334
fixed,2,5291,0.6134524941444397,0.0,0.03297538310289383,0.1931300163269043,0.687879204750061,4,0.75,
fixed,2,5292,0.24804411828517914,0.0,0.03027283027768135,0.03658723831176758,0.27415668964385986,4,0.5,
fixed,2,5293,0.768092691898346,0.02110041305422783,0.028506625443696976,0.08794498443603516,0.8192797303199768,4,1.0,
fixed,2,5294,0.3913688659667969,0.0,0.03794539347290993,0.047119855880737305,0.4244775176048279,4,0.75,
fixed,2,5295,0.6730851531028748,0.015667684376239777,0.0397355817258358,0.14571750164031982,0.744502067565918,4,1.0,9.413286209106445
fixed,2,5296,0.8222315907478333,0.0,0.019724546000361443,0.18322908878326416,0.8870626091957092,4,0.25,
fixed,2,5297,1.3356821537017822,0.007341012824326754,0.02832089364528656,0.03422737121582031,1.3637813329696655,4,0.75,
fixed,2,5298,0.7237537503242493,0.0047493320889770985,0.026407815515995026,0.05289173126220703,0.7551998496055603,4,0.5,
fixed,2,5299,1.1034266948699951,0.0,0.030512230470776558,0.06271111965179443,1.1374961137771606,4,0.5,
fixed,2,5300,0.7139672040939331,0.0,0.03246374428272247,0.06721043586730957,0.7503622174263,4,0.5,10.969526290893555
fixed,2,5301,0.18279394507408142,0.004192155320197344,0.013410106301307678,0.11104655265808105,0.22490903735160828,4,0.25,
fixed,2,5302,0.5911456346511841,0.0,0.01964479498565197,0.07472383975982666,0.6233851909637451,4,0.25,
fixed,2,5303,0.7293514609336853,0.0,0.037252027541399,0.09579980373382568,0.7767174243927002,4,0.5,
fixed,2,5304,0.3763000965118408,0.0,0.008955561555922031,0.14515173435211182,0.4243234097957611,4,0.25,
fixed,2,5305,0.609259307384491,0.0,0.018514104187488556,0.06282591819763184,0.6373641490936279,4,0.5,7.8635573387146
fixed,2,5306,0.890885055065155,0.0,0.01887454278767109,0.05402708053588867,0.916530430316925,4,0.5,
fixed,2,5307,0.9642282724380493,0.0,0.012025158852338791,0.055623412132263184,0.98692786693573,4,0.5,
fixed,2,5308,0.7841640114784241,0.0,0.011352887377142906,0.04997539520263672,0.8048330545425415,4,0.5,
fixed,2,5309,1.4467800855636597,0.050417788326740265,0.014560955576598644,0.10899198055267334,1.5119670629501343,4,0.75,
fixed,2,5310,0.7251203060150146,0.0,0.008072176948189735,0.05803203582763672,0.7465659976005554,4,0.5,4.380833625793457
fixed,2,5311,1.2369816303253174,0.015644079074263573,0.009469819255173206,0.04615044593811035,1.2633837461471558,4,0.5,
fixed,2,5312,1.0837123394012451,0.023001983761787415,0.0033597187139093876,0.04937398433685303,1.1117054224014282,4,0.5,
fixed,2,5313,0.6695988178253174,0.035065047442913055,0.008811455219984055,0.18801474571228027,0.7479414939880371,4,0.75,
fixed,2,5314,0.6218019127845764,0.0,0.011224547401070595,0.07332205772399902,0.6494107842445374,4,0.5,
fixed,2,5315,0.6946675181388855,0.018629753962159157,0.010983449406921864,0.40251684188842773,0.8302291631698608,4,1.0,2.314366102218628
fixed,2,5316,0.44342464208602905,0.024318955838680267,0.004514574073255062,0.051609158515930176,0.47332414984703064,4,0.5,
fixed,2,5317,0.9663253426551819,0.0,0.017820414155721664,0.15118908882141113,1.0205923318862915,4,0.75,
fixed,2,5318,0.7042379379272461,0.0,0.0327458493411541,0.10644197463989258,0.7525434494018555,4,0.75,
fixed,2,5319,0.22618313133716583,0.0,0.030609779059886932,0.16535723209381104,0.29109519720077515,4,0.75,
fixed,2,5320,0.4803721606731415,0.0,0.024194980040192604,0.21316790580749512,0.5564200282096863,4,0.75,9.902722358703613
fixed,2,5321,0.5050750970840454,0.0,0.00770077109336853,0.12062013149261475,0.5451115369796753,4,0.25,
fixed,2,5322,0.7422379851341248,0.0,0.02329104393720627,0.06806349754333496,0.7743025422096252,4,0.5,
fixed,2,5323,0.8187270164489746,0.0,0.01738830655813217,0.05928540229797363,0.8452067971229553,4,0.25,
fixed,2,5324,0.5471006631851196,0.010836845263838768,0.031117817386984825,0.17553496360778809,0.6207385063171387,4,1.0,
fixed,2,5325,0.6904914975166321,0.0,0.03080645389854908,0.08704090118408203,0.7320070266723633,4,0.5,10.33084487915039
fixed,2,5326,0.7924834489822388,0.014495392329990864,0.011404052376747131,0.07451581954956055,0.8277879357337952,4,0.5,
fixed,2,5327,0.4146905243396759,0.006974554155021906,0.03637067601084709,0.14650535583496094,0.4803147315979004,4,0.75,
fixed,2,5328,0.8746929168701172,0.02645212970674038,0.028207853436470032,0.25882065296173096,0.9796690940856934,4,1.0,
fixed,2,5329,0.5057448148727417,0.0,0.007566600106656551,0.2610445022583008,0.5878414511680603,4,0.0,
fixed,2,5330,0.5231704115867615,0.0,0.04219181090593338,0.22881090641021729,0.6129095554351807,4,1.0,16.547258377075195
fixed,2,5331,0.662128746509552,0.0,0.023304902017116547,0.08095002174377441,0.698066234588623,4,0.5,
fixed,2,5332,0.9521648287773132,0.0,0.030347706750035286,0.0870598554611206,0.9934566617012024,4,0.5,
fixed,2,5333,0.9680545330047607,0.013716396875679493,0.009627282619476318,0.07481837272644043,1.0021718740463257,4,0.5,
fixed,2,5334,0.5774507522583008,0.0,0.05856860801577568,0.15472126007080078,0.6531514525413513,4,1.0,
fixed,2,5335,0.8180444240570068,0.0,0.059786878526210785,0.03570675849914551,0.8586499094963074,4,0.25,14.325861930847168
fixed,2,5336,0.42317619919776917,0.0,0.031607795506715775,0.026038050651550293,0.44679149985313416,4,0.5,
fixed,2,5337,0.9829449653625488,0.0,0.018402110785245895,0.03946340084075928,1.003985047340393,4,0.5,
fixed,2,5338,1.2022191286087036,0.0,0.023513546213507652,0.07593917846679688,1.2367576360702515,4,0.5,
fixed,2,5339,0.8793220520019531,0.0,0.020794084295630455,0.03607141971588135,0.9005405306816101,4,0.5,
fixed,2,5340,1.1531779766082764,0.0,0.03767378255724907,0.10461115837097168,1.2033982276916504,4,0.75,14.004159927368164
fixed,2,5341,0.6845296025276184,0.009252517484128475,0.016568748280405998,0.11746478080749512,0.7326796650886536,4,0.75,
fixed,2,5342,1.0124653577804565,0.0,0.00870401319116354,0.08744871616363525,1.0430519580841064,4,0.5,
fixed,2,5343,0.7133201360702515,0.0,0.04335784539580345,0.27529311180114746,0.8175870180130005,4,1.0,
fixed,2,5344,1.2075921297073364,0.0,0.00426903972402215,0.1357588768005371,1.250454306602478,4,0.25,
fixed,2,5345,1.0907796621322632,0.027929047122597694,0.005605943500995636,0.07485902309417725,1.1300048828125,4,0.5,4.056336402893066
fixed,2,5346,0.6146311163902283,0.0,0.0065688686445355415,0.07505631446838379,0.6404324173927307,4,0.5,
fixed,2,5347,0.48064982891082764,0.0,0.004470692481845617,0.09762930870056152,0.5121739506721497,4,0.25,
fixed,2,5348,0.5084654688835144,0.0,0.012906927615404129,0.19118034839630127,0.5722730159759521,4,0.75,
fixed,2,5349,1.0067607164382935,0.03376203775405884,0.0038905383553355932,0.10382485389709473,1.0567344427108765,4,0.75,
fixed,2,5350,1.034400463104248,0.0,0.013944117352366447,0.10292458534240723,1.0722498893737793,4,0.25,5.708189487457275
fixed,2,5351,0.9185296893119812,0.03273287042975426,0.008113455027341843,0.16892552375793457,0.9896305203437805,4,0.75,
fixed,2,5352,0.579023540019989,0.025745699182152748,0.007197516039013863,0.06725454330444336,0.6156715154647827,4,0.5,
fixed,2,5353,0.5619692802429199,0.0,0.004463043995201588,0.05975151062011719,0.582126259803772,4,0.25,
fixed,2,5354,0.9194558262825012,0.0,0.049958184361457825,0.20196986198425293,1.005025863647461,4,1.0,
fixed,2,5355,0.9203526973724365,0.0,0.023240365087985992,0.030539274215698242,0.9411346912384033,4,0.5,9.603620529174805
fixed,2,5356,1.1019790172576904,0.02575087733566761,0.005345684941858053,0.06774556636810303,1.1378509998321533,4,0.75,
fixed,2,5357,0.9792523980140686,0.0,0.00851634331047535,0.09570837020874023,1.0122231245040894,4,0.25,
fixed,2,5358,1.1156866550445557,0.0,0.005222777370363474,0.048932552337646484,1.132977843284607,4,0.25,
fixed,2,5359,0.5833528637886047,0.007835731841623783,0.02488710917532444,0.11326467990875244,0.6336936950683594,4,0.5,
fixed,2,5360,0.9031174182891846,0.007216492667794228,0.007341890595853329,0.07517838478088379,0.9329501390457153,4,0.5,1.5435014963150024
fixed,2,5361,0.5787475109100342,0.007835731841623783,0.0402609184384346,0.1263728141784668,0.6407076716423035,4,1.0,
fixed,2,5362,0.9787005186080933,0.0,0.005039640236645937,0.1440805196762085,1.0244444608688354,4,0.25,
fixed,2,5363,0.6191291213035583,0.0,0.027110673487186432,0.3369152545928955,0.7337590456008911,4,1.0,
fixed,2,5364,1.2550824880599976,0.0,0.006905302871018648,0.1586688756942749,1.3061357736587524,4,0.25,
fixed,2,5365,0.4515257477760315,0.0,0.014933687634766102,0.06644940376281738,0.4789274036884308,4,0.5,6.535296440124512
fixed,2,5366,0.6107953786849976,0.0,0.0020045184064656496,0.29123616218566895,0.6991685032844543,4,0.0,
fixed,2,5367,0.48192647099494934,0.0,0.03886245936155319,0.09320378303527832,0.5293188095092773,4,0.25,
fixed,2,5368,0.5361719131469727,0.004515091888606548,0.01603495143353939,0.07653617858886719,0.5694078207015991,4,0.5,
fixed,2,5369,1.0695793628692627,0.0,0.009422591887414455,0.05555832386016846,1.0909581184387207,4,0.25,
fixed,2,5370,0.5340949892997742,0.005696436390280724,0.006535544991493225,0.03517806529998779,0.5507643818855286,4,0.25,2.0666122436523438
fixed,2,5371,0.7459109425544739,0.0,0.023889314383268356,0.11717581748962402,0.7930083274841309,4,0.75,
fixed,2,5372,0.7217273116111755,0.0,0.008129059337079525,0.11220133304595947,0.759452223777771,4,0.25,
fixed,2,5373,1.028099775314331,0.015755051746964455,0.010388297960162163,0.05715203285217285,1.0583170652389526,4,0.5,
fixed,2,5374,0.6086524128913879,0.03022930584847927,0.002587259281426668,0.03678333759307861,0.6360957026481628,4,0.25,
fixed,2,5375,0.7495915293693542,0.0,0.0017526205629110336,0.4162501096725464,0.875342845916748,4,0.0,3.0879855155944824
fixed,2,5376,0.9262555241584778,0.0,0.00510755367577076,0.1069035530090332,0.9608803987503052,4,0.25,
fixed,2,5377,0.7941825985908508,0.0,0.02801920287311077,0.06808364391326904,0.8286172747612,4,0.5,
fixed,2,5378,1.0679205656051636,0.0,0.015965960919857025,0.17627692222595215,1.128786563873291,4,0.75,
fixed,2,5379,0.6125438213348389,0.0,0.004774659406393766,0.08170223236083984,0.6394418478012085,4,0.25,
fixed,2,5380,0.5458162426948547,0.0,0.0216886755079031,0.14697837829589844,0.6007540822029114,4,0.75,9.588531494140625
fixed,2,5381,0.7145218849182129,0.0,0.0005722690257243812,0.32828783988952637,0.8132943511009216,4,0.0,
fixed,2,5382,1.0400580167770386,0.0,0.006446518935263157,0.26207971572875977,1.1219052076339722,4,0.75,
fixed,2,5383,1.5696375370025635,0.01636444218456745,0.004914171993732452,0.04416167736053467,1.5935252904891968,4,0.5,
fixed,2,5384,0.952496349811554,0.0,0.024462606757879257,0.1435757875442505,1.0078003406524658,4,0.75,
fixed,2,5385,0.9471238255500793,0.037329237908124924,2.083010258502327e-06,0.05367851257324219,0.9818930625915527,4,0.25,5.935156345367432
fixed,2,5386,0.7552727460861206,4.05800415492763e-09,0.044901687651872635,0.08573246002197266,0.8034433126449585,4,0.75,
fixed,2,5387,1.0984859466552734,1.0406900400994346e-05,0.0024095908738672733,0.04588592052459717,1.1134617328643799,4,0.25,
fixed,2,5388,1.5622129440307617,0.02102629840373993,0.0026344601064920425,0.043534159660339355,1.5871036052703857,4,0.5,
fixed,2,5389,0.8076879382133484,0.012244104407727718,0.026262013241648674,0.08829391002655029,0.8534291982650757,4,0.75,
fixed,2,5390,0.5055955052375793,0.0,0.012555072084069252,0.5341925621032715,0.672130823135376,4,1.0,6.58273458480835
fixed,2,5391,0.4828583896160126,0.0,0.004275967832654715,0.04923820495605469,0.49976783990859985,3,0.5,
fixed,2,5392,0.6153039932250977,0.0,0.0036261093337088823,0.059508562088012695,0.6349695920944214,4,0.25,
fixed,2,5393,0.8059747219085693,0.0,0.008649636059999466,0.10313975811004639,0.8412414789199829,4,0.5,
fixed,2,5394,0.9959433078765869,0.011376879177987576,0.00811583548784256,0.11398541927337646,1.0398852825164795,4,0.75,
fixed,2,5395,0.8534316420555115,0.0,0.010406289249658585,0.0613865852355957,0.8770507574081421,4,0.25,4.682500839233398
fixed,2,5396,0.7263578772544861,0.0,0.013957994058728218,0.07349765300750732,0.7553861737251282,4,0.5,
fixed,2,5397,0.7155593633651733,0.0,0.0055802688002586365,0.11718010902404785,0.7535035610198975,4,0.25,
fixed,2,5398,1.0853902101516724,0.0,0.0430748350918293,0.10974204540252686,1.1398502588272095,4,0.5,
fixed,2,5399,0.8597297072410583,0.0,0.005672235041856766,0.1367950439453125,0.9036043286323547,4,0.25,
fixed,2,5400,1.1881260871887207,0.0,0.0012859832495450974,0.44557762145996094,1.3224424123764038,4,0.0,2.2765350341796875
fixed,2,5401,0.5041642189025879,0.0,0.01608900912106037,0.06768035888671875,0.5325128436088562,4,0.5,
fixed,2,5402,0.6332569122314453,0.0,0.00796663947403431,0.08855593204498291,0.6638070344924927,4,0.5,
fixed,2,5403,0.4533076286315918,0.0,0.01354568637907505,0.18006300926208496,0.5140993595123291,4,0.75,
fixed,2,5404,1.027282953262329,0.02294897846877575,0.010166920721530914,0.14304780960083008,1.0867552757263184,4,0.75,
fixed,2,5405,0.4898589253425598,0.0,0.017196480184793472,0.15070903301239014,0.5436698794364929,4,0.75,8.048295974731445
fixed,2,5406,0.8208985328674316,0.0,0.0017371369758620858,0.3594014644622803,0.9295875430107117,4,0.0,
fixed,2,5407,0.49698275327682495,0.0,0.0077438997104763985,0.09487044811248779,0.5293158292770386,4,0.25,
fixed,2,5408,0.5036447644233704,0.0,0.0105031942948699,0.09165382385253906,0.5363925099372864,4,0.25,
fixed,2,5409,0.3775750398635864,0.0,0.054594580084085464,0.18314969539642334,0.45981723070144653,4,1.0,
fixed,2,5410,0.6945056319236755,0.0,0.01443088985979557,0.0316920280456543,0.7112286686897278,4,0.5,6.4941725730896
fixed,2,5411,0.5828453898429871,7.939580973470584e-05,0.01321914792060852,0.0220644474029541,0.5961139798164368,4,0.5,
fixed,2,5412,0.32512953877449036,0.0,0.024134889245033264,0.10849237442016602,0.3697446882724762,4,0.75,
fixed,2,5413,1.1401787996292114,0.0,0.017198601737618446,0.46141737699508667,1.287203311920166,3,1.0,
fixed,2,5414,0.5121828317642212,0.027521571144461632,0.004413102753460407,0.047380685806274414,0.5423643589019775,4,0.5,
fixed,2,5415,0.36126989126205444,0.0,0.01501399651169777,0.15054035186767578,0.4139389991760254,4,0.75,7.226275444030762
fixed,2,5416,0.8502417802810669,0.0,0.023336155340075493,0.10543334484100342,0.8935398459434509,4,0.75,
fixed,2,5417,0.8411175012588501,0.007942582480609417,0.0443020761013031,0.056003451347351074,0.884040892124176,4,0.5,
fixed,2,5418,0.9266431331634521,0.0,0.012207007966935635,0.1364884376525879,0.9736931920051575,4,0.25,
fixed,2,5419,0.9946377277374268,0.0,0.054758913815021515,0.17859792709350586,1.075596570968628,4,0.75,
fixed,2,5420,0.8530560731887817,0.0,0.0074432664550840855,0.12928783893585205,0.895564079284668,4,0.25,3.491349220275879
fixed,2,5421,0.9065371751785278,0.0,0.012455889955163002,0.08556234836578369,0.938433825969696,4,0.5,
fixed,2,5422,0.5324907302856445,0.0,0.019689565524458885,0.05719709396362305,0.5594946146011353,4,0.5,
fixed,2,5423,0.5310107469558716,0.0,0.0017504454590380192,0.26879966259002686,0.6125258803367615,4,0.0,
fixed,2,5424,0.7367583513259888,0.0,0.007510953117161989,0.049428701400756836,0.755342423915863,4,0.25,
fixed,2,5425,1.2137432098388672,0.0,0.008756504394114017,0.13265323638916016,1.2579174041748047,4,0.25,3.808468818664551
fixed,2,5426,0.38093850016593933,0.0,0.007336379028856754,0.12898731231689453,0.42330288887023926,4,0.25,
fixed,2,5427,0.6494561433792114,0.030247950926423073,0.014571319334208965,0.2587714195251465,0.7494971752166748,4,0.75,
fixed,2,5428,1.0618481636047363,0.0,0.004484639037400484,0.10941576957702637,1.0969152450561523,4,0.25,
fixed,2,5429,0.8724648952484131,0.0,0.01596030592918396,0.1716775894165039,0.9319483041763306,4,0.75,
fixed,2,5430,0.7274273633956909,0.0,0.0006457649869844317,0.34561753273010254,0.83143550157547,4,0.0,1.6905971765518188
fixed,2,5431,0.5610326528549194,0.0,0.01872584968805313,0.15525615215301514,0.6169724464416504,4,0.75,
fixed,2,5432,0.4945555329322815,0.0,0.011295218952000141,0.40378624200820923,0.6213390231132507,4,1.0,
fixed,2,5433,0.5811650156974792,0.0,0.023464469239115715,0.042008280754089355,0.6054997444152832,4,0.5,
fixed,2,5434,0.747832715511322,0.0,0.02188868820667267,0.0360255241394043,0.7695847153663635,4,0.5,
fixed,2,5435,1.143008828163147,0.013458522967994213,0.013345083221793175,0.10382616519927979,1.1875585317611694,4,0.75,2.3820066452026367
fixed,2,5436,0.28170186281204224,0.0,0.027005407959222794,0.3656083345413208,0.4048870801925659,4,1.0,
fixed,2,5437,1.0814076662063599,0.03437335416674614,0.01083014439791441,0.2665923833847046,1.1839871406555176,4,1.0,
fixed,2,5438,0.5566145181655884,0.025592990219593048,0.00901718344539404,0.027627944946289062,0.582207977771759,4,0.5,
fixed,2,5439,1.1238815784454346,0.0,0.02044469118118286,0.031967997550964355,1.143694281578064,4,0.5,
fixed,2,5440,1.0697691440582275,0.0,0.007198214530944824,0.07523298263549805,1.0959382057189941,4,0.25,3.659576892852783
fixed,2,5441,0.7038581371307373,0.005149377975612879,0.01178318914026022,0.044306278228759766,0.7256163358688354,4,0.25,
fixed,2,5442,0.868969738483429,0.0,0.03418270871043205,0.03527498245239258,0.8966435790061951,3,0.75,
fixed,2,5443,0.9959307312965393,0.0,0.026626521721482277,0.028963565826416016,1.0179330110549927,4,0.5,
fixed,2,5444,0.8471510410308838,0.0,0.04787014424800873,0.06969606876373291,0.8919949531555176,4,0.25,
fixed,2,5445,0.5522255897521973,0.0,0.013104522600769997,0.13703274726867676,0.5998876690864563,4,0.25,5.124260902404785
fixed,2,5446,0.8514273166656494,0.0,0.05899493396282196,0.08224999904632568,0.9055997729301453,4,0.5,
fixed,2,5447,1.1780182123184204,0.0,0.01618717610836029,0.04573655128479004,1.199832797050476,4,0.5,
fixed,2,5448,0.7795791625976562,0.0,0.03627972677350044,0.038860321044921875,0.809377133846283,4,0.25,
fixed,2,5449,0.6564794182777405,0.026749035343527794,0.0018152844859287143,0.03675401210784912,0.6817877888679504,4,0.5,
fixed,2,5450,0.5669386386871338,0.0,0.0405963696539402,0.13246750831604004,0.6269770860671997,4,0.75,14.321965217590332
fixed,2,5451,0.4008822739124298,0.0,0.005947642493993044,0.2392425537109375,0.4756288528442383,4,0.0,
fixed,2,5452,1.0275367498397827,0.0,0.006892614532262087,0.14536190032958984,1.0745916366577148,4,0.25,
fixed,2,5453,0.4708520174026489,0.0,0.02129521034657955,0.09567880630493164,0.5102032423019409,4,0.5,
fixed,2,5454,0.5560613870620728,0.02676151692867279,0.004190588835626841,0.0742197036743164,0.593803346157074,4,0.5,
fixed,2,5455,0.8447199463844299,0.0,0.0390683151781559,0.3221316337585449,0.9608935713768005,4,1.0,15.54367733001709
fixed,2,5456,0.9208558797836304,0.0,0.008209291845560074,0.11990582942962646,0.9609322547912598,4,0.5,
fixed,2,5457,0.7208071947097778,0.010133515112102032,0.027808118611574173,0.09832966327667236,0.7692769169807434,4,0.75,
fixed,2,5458,0.9053052663803101,0.0,0.02045430801808834,0.061150550842285156,0.9338775873184204,4,0.25,
fixed,2,5459,0.7261533141136169,0.0,0.006043334491550922,0.14440441131591797,0.7724962830543518,4,0.25,
fixed,2,5460,0.6657965779304504,0.0,0.041237276047468185,0.13897216320037842,0.7281068563461304,4,0.75,17.333147048950195
fixed,2,5461,1.254028081893921,0.0,0.005574960261583328,0.12341773509979248,1.2938408851623535,4,0.25,
fixed,2,5462,0.7393036484718323,0.014075507409870625,0.0066107166931033134,0.09125196933746338,0.7770223617553711,4,0.5,
fixed,2,5463,0.29642632603645325,0.03711690381169319,0.01091688685119152,0.25849449634552,0.3979915678501129,4,0.5,
fixed,2,5464,0.4459104537963867,0.024652380496263504,0.005972675047814846,0.20564591884613037,0.5229167342185974,4,0.75,
fixed,2,5465,0.5519616007804871,0.0,0.012522472068667412,0.06473779678344727,0.5776441693305969,4,0.5,6.608312129974365
fixed,2,5466,0.5594119429588318,0.0,0.012544320896267891,0.06492257118225098,0.5851608514785767,4,0.5,
fixed,2,5467,1.2266219854354858,0.025415435433387756,0.0008195631671696901,0.0702584981918335,1.260817050933838,4,0.25,
fixed,2,5468,0.9872756004333496,0.023332329466938972,0.005422649439424276,0.04970252513885498,1.016563892364502,4,0.5,
fixed,2,5469,0.7560569047927856,0.032135169953107834,0.009695670567452908,0.1938260793685913,0.8351201415061951,4,0.75,
fixed,2,5470,1.001798152923584,0.0,0.0009845085442066193,0.3121931552886963,1.095948338508606,4,0.0,2.2216737270355225
fixed,2,5471,0.6921951174736023,0.0,0.022350231185555458,0.1442042589187622,0.7466315031051636,4,0.75,
fixed,2,5472,1.5899187326431274,0.0,0.012108164839446545,0.03658103942871094,1.6069471836090088,4,0.25,
fixed,2,5473,1.254690408706665,0.005124224349856377,0.021645046770572662,0.11228787899017334,1.3017613887786865,4,0.25,
fixed,2,5474,1.1592334508895874,0.00801205076277256,0.00018543779151514173,0.1756662130355835,1.2160320281982422,4,0.25,
fixed,2,5475,0.8924513459205627,0.0,0.04976130276918411,0.07201385498046875,0.938936173915863,4,0.75,16.492631912231445
fixed,2,5476,0.802255392074585,0.005135857965797186,5.5073393014026806e-05,0.1950061321258545,0.8633527159690857,4,0.0,
fixed,2,5477,0.4882802665233612,0.0,0.03136412426829338,0.09257841110229492,0.5317358374595642,4,0.75,
fixed,2,5478,0.892367422580719,0.0,0.02733403630554676,0.040174245834350586,0.9180867075920105,4,0.5,
fixed,2,5479,0.6211385726928711,3.4298147966183024e-06,0.026478100568056107,0.10909390449523926,0.6671075224876404,4,0.75,
fixed,2,5480,0.9111461639404297,3.998459578724578e-05,0.006909393239766359,0.07882928848266602,0.9382696151733398,4,0.25,3.132206916809082
fixed,2,5481,0.8252184391021729,2.5241955881938338e-05,0.017403170466423035,0.04921925067901611,0.8486984372138977,4,0.5,
fixed,2,5482,0.9591581225395203,3.6185716453474015e-05,0.011059100739657879,0.056030988693237305,0.9815150499343872,4,0.5,
fixed,2,5483,0.5259023904800415,4.7819645260460675e-05,0.01949039101600647,0.0619816780090332,0.5542659759521484,4,0.5,
fixed,2,5484,0.8148420453071594,3.7170375435380265e-05,0.011040322482585907,0.06500685214996338,0.8398828506469727,4,0.5,
fixed,2,5485,1.0535614490509033,3.816691241809167e-05,0.01879953034222126,0.05842626094818115,1.0805082321166992,4,0.5,7.2646965980529785
fixed,2,5486,0.853329598903656,5.205728666624054e-05,0.011990542523562908,0.12132835388183594,0.8957493901252747,4,0.25,
fixed,2,5487,0.9947391748428345,0.0326136015355587,0.007537810131907463,0.21018970012664795,1.0778717994689941,4,0.75,
fixed,2,5488,1.0848183631896973,0.015313019044697285,0.010192066431045532,0.13763535022735596,1.1388615369796753,4,0.75,
fixed,2,5489,0.3267040550708771,3.8826933632662985e-06,0.013846972025930882,0.19826889038085938,0.39311015605926514,4,0.75,
fixed,2,5490,0.9551070928573608,0.0,0.014199340716004372,0.18970394134521484,1.0191179513931274,4,0.75,7.254306793212891
fixed,2,5491,0.9805803298950195,0.0,0.014361962676048279,0.05927705764770508,1.0055444240570068,4,0.5,
fixed,2,5492,0.31601086258888245,0.0,0.011908065527677536,0.1410137414932251,0.3642690181732178,4,0.25,
fixed,2,5493,1.1135978698730469,0.013605904765427113,0.011812971904873848,0.3699328899383545,1.237287163734436,4,1.0,
fixed,2,5494,0.8130454421043396,0.027607854455709457,0.01686706952750683,0.3922460079193115,0.9529566764831543,4,1.0,
fixed,2,5495,0.8517749309539795,0.0,0.0334521159529686,0.3031735420227051,0.9594530463218689,4,1.0,14.398719787597656
fixed,2,5496,0.84975665807724,0.0,0.010856005363166332,0.3769718408584595,0.9682762026786804,4,0.0,
fixed,2,5497,0.7779642343521118,0.0,0.009853429161012173,0.24996185302734375,0.8578795194625854,4,0.0,
fixed,2,5498,1.0733144283294678,0.0,0.03873523324728012,0.015763044357299805,1.0974109172821045,4,0.5,
fixed,2,5499,1.033686876296997,0.0,0.02445404604077339,0.05848538875579834,1.0634595155715942,4,0.5,
fixed,2,5500,0.4634917080402374,0.0,0.06186189875006676,0.14514732360839844,0.5379668474197388,4,1.0,21.285675048828125
fixed,2,5501,0.9866093397140503,0.005415310151875019,0.013227560557425022,0.12064361572265625,1.0321238040924072,4,0.25,
fixed,2,5502,0.7645739912986755,0.0,0.020884279161691666,0.06439006328582764,0.7943331599235535,4,0.25,
fixed,2,5503,0.43217265605926514,0.003967734053730965,0.013426980003714561,0.14936649799346924,0.48567995429039,4,0.25,
fixed,2,5504,1.1577262878417969,0.0,0.013566727750003338,0.22150731086730957,1.230961799621582,4,0.0,
fixed,2,5505,0.593660295009613,0.0,0.024543480947613716,0.0885157585144043,0.6324867606163025,4,0.5,9.53284740447998
fixed,2,5506,0.8733371496200562,0.016494199633598328,0.02455708011984825,0.11599540710449219,0.9286614060401917,4,0.5,
fixed,2,5507,0.7067217826843262,0.01888527162373066,0.015254461206495762,0.08570587635040283,0.7495034337043762,4,0.5,
fixed,2,5508,0.8892967700958252,0.0,0.013206767849624157,0.20582854747772217,0.957648754119873,4,0.25,
fixed,2,5509,0.8746063113212585,0.0,0.029270241037011147,0.10901391506195068,0.9219456315040588,4,0.75,
fixed,2,5510,0.5667789578437805,0.0,0.017043298110365868,0.07939338684082031,0.5991186499595642,4,0.5,7.473483085632324
fixed,2,5511,0.5887091159820557,0.012203607708215714,0.0010233664652332664,0.22652959823608398,0.6632815003395081,4,0.25,
fixed,2,5512,0.7750544548034668,0.0,0.023533456027507782,0.06471705436706543,0.8062363266944885,4,0.5,
fixed,2,5513,0.7404435276985168,0.0,0.018068352714180946,0.048331499099731445,0.7639771699905396,4,0.5,
fixed,2,5514,0.6837759613990784,0.007990872487425804,0.024908021092414856,0.19252514839172363,0.7579829692840576,4,1.0,
fixed,2,5515,0.5391131639480591,0.0,0.006009465549141169,0.09800267219543457,0.5715187191963196,4,0.25,3.118783712387085
fixed,2,5516,1.0648307800292969,0.0,0.015583056025207043,0.045681118965148926,1.0863265991210938,4,0.5,
fixed,2,5517,0.6410614848136902,0.0,0.013465001247823238,0.10505509376525879,0.6793105006217957,4,0.25,
fixed,2,5518,0.5428427457809448,0.0,0.01083016861230135,0.013703584671020508,0.5523688793182373,4,0.25,
fixed,2,5519,0.6764537692070007,0.0,0.00363418972119689,0.19429254531860352,0.7365586161613464,4,0.0,
fixed,2,5520,1.0147902965545654,0.033447518944740295,0.004532564431428909,0.05153036117553711,1.0492393970489502,4,0.5,3.7281274795532227
fixed,2,5521,1.270967960357666,0.013598022051155567,0.00017987596220336854,0.12292265892028809,1.3147337436676025,4,0.25,
fixed,2,5522,0.25651538372039795,0.0,0.019237369298934937,0.2651681900024414,0.3456845283508301,4,0.75,
fixed,2,5523,0.9222697615623474,0.0,0.006527992431074381,0.0698404312133789,0.9464858770370483,4,0.5,
fixed,2,5524,0.4686143696308136,0.0,0.020017363131046295,0.15181314945220947,0.524167001247406,4,0.75,
fixed,2,5525,0.5116696357727051,0.0,0.015369154512882233,0.04981839656829834,0.5342997312545776,4,0.25,5.50300407409668
fixed,2,5526,0.8146705627441406,0.026149235665798187,0.004760152194648981,0.07012045383453369,0.8511614203453064,4,0.5,
fixed,2,5527,0.9525095224380493,0.0,0.01509812194854021,0.18873238563537598,1.0166783332824707,4,0.75,
fixed,2,5528,0.39616748690605164,0.0,0.0076090493239462376,0.09796357154846191,0.4293610751628876,4,0.5,
fixed,2,5529,0.7013258934020996,0.028004316613078117,0.00011941412958549336,0.1408010721206665,0.7576280832290649,4,0.25,
fixed,2,5530,0.37396976351737976,0.0,0.005024289712309837,0.09938740730285645,0.40629813075065613,4,0.5,2.810833215713501
fixed,2,5531,1.2663294076919556,0.029201051220297813,0.00880535040050745,0.08875751495361328,1.3119598627090454,4,0.5,
fixed,2,5532,0.5850744843482971,0.0,0.023302000015974045,0.0428926944732666,0.6095932722091675,4,0.5,
fixed,2,5533,0.5264493823051453,0.0,0.015831217169761658,0.17472171783447266,0.5867815017700195,4,0.75,
fixed,2,5534,0.4378245770931244,0.0,0.000617097713984549,0.4031457304954529,0.5590768456459045,4,0.0,
fixed,2,5535,0.5519625544548035,0.0,0.010891477577388287,0.06069481372833252,0.575616717338562,4,0.5,5.020891189575195
fixed,2,5536,1.084672451019287,0.0,0.01023179292678833,0.12947821617126465,1.128631830215454,4,0.25,
fixed,2,5537,1.2864378690719604,0.0,0.01181803084909916,0.052625179290771484,1.3081344366073608,4,0.5,
fixed,2,5538,0.980154812335968,0.0,0.009787671267986298,0.03148090839385986,0.9944929480552673,4,0.25,
fixed,2,5539,0.46621039509773254,0.0,0.0264325849711895,0.09891748428344727,0.509101927280426,4,0.75,
fixed,2,5540,0.6757472157478333,0.0,0.008872687816619873,0.02286350727081299,0.6870425939559937,4,0.25,4.477242469787598
fixed,2,5541,1.013167381286621,0.0,0.017006557434797287,0.1506131887435913,1.0668545961380005,4,0.75,
fixed,2,5542,0.5903812646865845,0.023966491222381592,0.008205452002584934,0.1503366231918335,0.6515682339668274,4,0.75,
fixed,2,5543,0.7685586214065552,0.0,0.008322957903146744,0.21754896640777588,0.8379848003387451,4,0.75,
fixed,2,5544,0.5852536559104919,0.0,0.014480208978056908,0.04799771308898926,0.6068930625915527,4,0.5,
fixed,2,5545,0.6756893396377563,0.0,0.022069072350859642,0.0511401891708374,0.7020659446716309,4,0.5,7.997727870941162
fixed,2,5546,0.6653992533683777,0.024139493703842163,0.01583782210946083,0.21606755256652832,0.7502081990242004,4,0.75,
fixed,2,5547,0.39144331216812134,0.0,0.013114344328641891,0.06609296798706055,0.41782838106155396,4,0.5,
fixed,2,5548,1.0714242458343506,0.028244515880942345,0.010915746912360191,0.13967859745025635,1.1329079866409302,4,0.75,
fixed,2,5549,0.7209036350250244,0.0,0.0019522093934938312,0.2112112045288086,0.7852430939674377,4,0.0,
fixed,2,5550,1.3535798788070679,0.039876788854599,0.00022659337264485657,0.07644939422607422,1.396566390991211,4,0.75,14.887511253356934
fixed,2,5551,0.7187123894691467,0.027059132233262062,0.029850540682673454,0.25211238861083984,0.8228009343147278,4,1.0,
fixed,2,5552,1.2542548179626465,0.0,0.023397687822580338,0.22145569324493408,1.332390308380127,4,0.25,
fixed,2,5553,0.510381817817688,0.0,0.023979784920811653,0.066322922706604,0.5422685742378235,4,0.5,
fixed,2,5554,0.8675388097763062,0.0,0.02491563744843006,0.0331573486328125,0.8899438381195068,4,0.5,
fixed,2,5555,1.0356422662734985,0.010330305434763432,0.02769436314702034,0.04855918884277344,1.069222331047058,4,0.75,5.250942230224609
fixed,2,5556,1.0905591249465942,0.0,0.07698597013950348,0.09738421440124512,1.1582673788070679,4,0.75,
fixed,2,5557,0.5040721297264099,0.0,0.018492599949240685,0.05644845962524414,0.530252993106842,4,0.5,
fixed,2,5558,0.4678095579147339,0.0,0.014320510439574718,0.05210840702056885,0.4906023442745209,4,0.25,
fixed,2,5559,0.48648688197135925,0.0,0.025863397866487503,0.0318453311920166,0.50897216796875,4,0.5,
fixed,2,5560,0.6887843608856201,0.0,0.04302752763032913,0.11886024475097656,0.7459561824798584,4,0.75,14.265152931213379
fixed,2,5561,0.9785451889038086,0.0,0.026061594486236572,0.0322035551071167,1.0012370347976685,4,0.5,
fixed,2,5562,0.5539312958717346,0.0,0.02009737491607666,0.0831683874130249,0.5889304876327515,4,0.5,
fixed,2,5563,1.144762396812439,0.0,0.01778382807970047,0.10268890857696533,1.184460997581482,4,0.5,
fixed,2,5564,0.7658389210700989,0.0,0.0073082223534584045,0.1898491382598877,0.8264477849006653,4,0.25,
fixed,2,5565,1.072934865951538,0.0,0.03145113214850426,0.12302231788635254,1.125567078590393,4,0.5,10.990045547485352
fixed,2,5566,0.989373505115509,0.0,0.02265411801636219,0.1011354923248291,1.0310412645339966,4,0.5,
fixed,2,5567,0.7299730181694031,0.0,0.006961835082620382,0.13904452323913574,0.7751672863960266,4,0.25,
fixed,2,5568,0.6652461886405945,0.0,0.00902867317199707,0.08225750923156738,0.6944378018379211,4,0.5,
fixed,2,5569,1.0237066745758057,0.0,0.011213936842978,0.07572150230407715,1.052030086517334,4,0.5,
fixed,2,5570,1.1500804424285889,0.039158958941698074,0.0005427016876637936,0.061701059341430664,1.1884416341781616,4,0.5,11.499519348144531
fixed,2,5571,1.1643089056015015,0.0,0.02513473480939865,0.14560317993164062,1.2205572128295898,4,0.75,
fixed,2,5572,0.7380534410476685,0.0,0.007335098460316658,0.24971258640289307,0.8166347742080688,4,0.75,
fixed,2,5573,0.38520923256874084,0.0,0.006267128977924585,0.11359810829162598,0.42242223024368286,4,0.5,
fixed,2,5574,0.6593142151832581,0.03682231158018112,0.004452141933143139,0.24070537090301514,0.7521630525588989,4,0.75,
fixed,2,5575,0.7941136956214905,0.021065713837742805,0.000247898802626878,0.05479085445404053,0.8212077617645264,4,0.25,5.638642311096191
fixed,2,5576,1.2578341960906982,0.02247876487672329,0.0033015222288668156,0.04532575607299805,1.2843220233917236,4,0.5,
fixed,2,5577,0.8402355909347534,0.0,0.0024650089908391237,0.04127049446105957,0.8538492321968079,4,0.25,
fixed,2,5578,0.879927933216095,0.0,0.0003250569570809603,0.27089107036590576,0.9613577723503113,4,0.0,
fixed,2,5579,1.170945405960083,0.0,0.0157147329300642,0.18307316303253174,1.2337247133255005,4,0.75,
fixed,2,5580,0.9986833930015564,0.018509794026613235,0.0018192223506048322,0.05963730812072754,1.0267391204833984,4,0.5,4.56049108505249
fixed,2,5581,0.8672997355461121,0.0,0.01893114298582077,0.06981122493743896,0.8977086544036865,4,0.5,
fixed,2,5582,0.8995822668075562,0.0,0.01113658957183361,0.19439005851745605,0.9634675979614258,4,0.75,
fixed,2,5583,0.9716076850891113,0.018582036718726158,0.0030375532805919647,0.08847594261169434,1.008960247039795,4,0.5,
fixed,2,5584,0.5531167984008789,0.03059658780694008,0.0037151577416807413,0.07126784324645996,0.591653048992157,4,0.5,
fixed,2,5585,0.4468671679496765,0.0,0.01098060142248869,0.09262704849243164,0.48014557361602783,4,0.5,4.944149494171143
fixed,2,5586,0.5970498323440552,0.0,0.03192717954516411,0.11022424697875977,0.6460806727409363,4,0.75,
fixed,2,5587,1.287461280822754,0.0,0.00012383295688778162,0.4696313738822937,1.428412675857544,4,0.0,
fixed,2,5588,0.8943642973899841,0.0,0.00803978368639946,0.09724807739257812,0.9275586009025574,4,0.5,
fixed,2,5589,1.2187139987945557,0.0,0.017767110839486122,0.09134817123413086,1.2550020217895508,4,0.25,
fixed,2,5590,0.5750948190689087,0.0,0.01858823373913765,0.056256890296936035,0.6012660264968872,4,0.5,7.136753082275391
fixed,2,5591,0.687723696231842,0.0,0.005102076567709446,0.14280986785888672,0.7331176996231079,4,0.25,
fixed,2,5592,0.2992876172065735,0.0,0.005761365406215191,0.048955678939819336,0.3168550133705139,4,0.25,
fixed,2,5593,0.42962363362312317,0.0,0.009068580344319344,0.0446934700012207,0.4475659728050232,4,0.25,
fixed,2,5594,1.1077141761779785,0.0,0.013907654210925102,0.17026400566101074,1.1657471656799316,4,0.25,
fixed,2,5595,0.8535250425338745,0.014103220775723457,0.011639179661870003,0.11147499084472656,0.8998387455940247,4,0.75,1.9032412767410278
fixed,2,5596,0.7823772430419922,0.0,0.0034618075005710125,0.1086122989654541,0.8166918158531189,4,0.25,
fixed,2,5597,0.7449306845664978,0.023849299177527428,0.012876317836344242,0.030189871788024902,0.7723504304885864,4,0.5,
fixed,2,5598,0.6124250888824463,0.0,0.014234095811843872,0.08692646026611328,0.6456201076507568,4,0.25,
fixed,2,5599,0.8704219460487366,0.0,0.006002739537507296,0.10708415508270264,0.9055485725402832,4,0.25,
fixed,2,5600,0.7484415173530579,0.0,0.008479716256260872,0.07868218421936035,0.7762860059738159,4,0.5,4.312798023223877
fixed,2,5601,0.6106738448143005,0.0,0.013279926031827927,0.32948338985443115,0.7161588072776794,4,0.75,
fixed,2,5602,1.2791436910629272,0.0,0.01143592968583107,0.07230031490325928,1.3065516948699951,4,0.5,
fixed,2,5603,0.7137494087219238,0.028338314965367317,0.02303575910627842,0.37016916275024414,0.850487232208252,4,1.0,
fixed,2,5604,0.24870066344738007,0.0,0.019884515553712845,0.03534698486328125,0.26924702525138855,4,0.5,
fixed,2,5605,1.2954703569412231,0.0,0.010954612866044044,0.07743215560913086,1.3241772651672363,4,0.5,5.414952754974365
fixed,2,5606,0.885737419128418,0.0,0.018264714628458023,0.07399559020996094,0.9170684814453125,4,0.5,
fixed,2,5607,0.7040104866027832,0.0,0.0074470313265919685,0.11975860595703125,0.7436615824699402,4,0.25,
fixed,2,5608,0.5669469833374023,0.0,0.0195112694054842,0.15479135513305664,0.6231400370597839,4,0.75,
fixed,2,5609,1.1006550788879395,0.0,0.0016182058025151491,0.39113831520080566,1.2188056707382202,4,0.0,
fixed,2,5610,0.7118545770645142,0.0,0.005766613408923149,0.10853195190429688,0.747297465801239,4,0.25,3.2179555892944336
fixed,2,5611,0.5499247312545776,0.0,0.022593896836042404,0.06315016746520996,0.580166757106781,4,0.25,
fixed,2,5612,0.705554187297821,0.0,0.02155373804271221,0.40637505054473877,0.8382436037063599,4,1.0,
fixed,2,5613,0.328355997800827,0.0,0.024192217737436295,0.12025201320648193,0.37652772665023804,4,0.75,
fixed,2,5614,0.8881369829177856,0.0,0.059072501957416534,0.06247758865356445,0.936416506767273,4,0.75,
fixed,2,5615,0.8942431211471558,0.0,0.034051764756441116,0.0847322940826416,0.9366886615753174,4,0.75,12.999755859375
fixed,2,5616,0.9870924949645996,0.0,0.009024587459862232,0.07425999641418457,1.0138827562332153,4,0.25,
fixed,2,5617,0.6532996296882629,0.0,0.007306023500859737,0.049631476402282715,0.671842098236084,4,0.25,
fixed,2,5618,0.8576461672782898,0.014293148182332516,0.012123621068894863,0.10898208618164062,0.9035491943359375,4,0.75,
fixed,2,5619,1.5074002742767334,1.3787026773570688e-06,0.00454687001183629,0.04433870315551758,1.522976040840149,4,0.25,
fixed,2,5620,1.029697299003601,4.824108827961027e-07,0.026509638875722885,0.11687064170837402,1.07801353931427,4,0.75,9.948100090026855
fixed,2,5621,0.8571044206619263,1.391192540722841e-06,0.0053049298003315926,0.07936465740203857,0.8835669755935669,4,0.25,
fixed,2,5622,0.7761105298995972,0.021331239491701126,0.00853497814387083,0.14828574657440186,0.8355293869972229,4,0.75,
fixed,2,5623,0.8820843696594238,0.0,0.00985001865774393,0.06319379806518555,0.9059675335884094,4,0.5,
fixed,2,5624,1.1429216861724854,0.0,0.0044046081602573395,0.10551238059997559,1.176777720451355,4,0.25,
fixed,2,5625,1.2542396783828735,0.0,0.003243465442210436,0.10674262046813965,1.28788423538208,4,0.25,1.8623837232589722
fixed,2,5626,0.24564063549041748,0.0,0.008140641264617443,0.24574756622314453,0.3234352171421051,4,0.75,
fixed,2,5627,0.276127427816391,0.0,0.00010395640128990635,0.3463785648345947,0.380092978477478,4,0.0,
fixed,2,5628,0.5685948729515076,0.0,0.014360008761286736,0.17489099502563477,0.6282421946525574,4,0.75,
fixed,2,5629,0.8543994426727295,0.0,0.0068665132857859135,0.24534940719604492,0.9314374923706055,4,0.75,
fixed,2,5630,0.49827417731285095,0.0,0.011195805855095387,0.11352062225341797,0.5379282832145691,4,0.25,4.611110687255859
fixed,2,5631,0.9402766823768616,0.0,0.008674108423292637,0.08802318572998047,0.9710206985473633,4,0.25,
fixed,2,5632,1.400512933731079,0.0,0.016033759340643883,0.04802298545837402,1.4229366779327393,4,0.5,
fixed,2,5633,1.1831514835357666,0.0,0.0038882389198988676,0.057774901390075684,1.2024281024932861,4,0.25,
fixed,2,5634,0.3044227063655853,0.0,0.008956576697528362,0.048114895820617676,0.3233354687690735,4,0.5,
fixed,2,5635,0.9437358975410461,0.0,0.020045556128025055,0.13504564762115479,0.9942723512649536,4,0.75,9.153351783752441
fixed,2,5636,0.37643834948539734,0.0,0.02084359899163246,0.41615724563598633,0.5117073059082031,4,1.0,
fixed,2,5637,0.6594958901405334,0.0,0.023924631997942924,0.03650867938995361,0.6824108362197876,4,0.5,
fixed,2,5638,0.5779659152030945,0.0,0.01130683533847332,0.18771886825561523,0.6399350166320801,4,0.75,
fixed,2,5639,1.1983386278152466,0.0,0.006868268363177776,0.05937647819519043,1.219585657119751,4,0.25,
fixed,2,5640,1.207687497138977,0.0,0.006373937241733074,0.0587848424911499,1.2285099029541016,4,0.5,3.5545129776000977
fixed,2,5641,0.9260358810424805,0.037998735904693604,0.004038010723888874,0.06111288070678711,0.9653881192207336,4,0.5,
fixed,2,5642,0.7200952172279358,0.0,0.0074163516983389854,0.05731844902038574,0.7409989237785339,4,0.5,
fixed,2,5643,0.6848042607307434,0.0,0.008362122811377048,0.21418380737304688,0.7532404661178589,4,0.75,
fixed,2,5644,0.42856279015541077,0.0,0.009447872638702393,0.20036864280700684,0.4933973252773285,4,0.75,
fixed,2,5645,0.8215379118919373,0.0,0.00020316285372246057,0.41240406036376953,0.9453607201576233,4,0.0,0.8284543752670288
fixed,2,5646,0.7921752333641052,0.054657526314258575,0.00988133903592825,0.3580799102783203,0.9318686723709106,4,1.0,
fixed,2,5647,0.786462128162384,0.0,0.01730961725115776,0.057741761207580566,0.8124394416809082,4,0.5,
fixed,2,5648,0.3606594204902649,0.0,0.01578059419989586,0.057209014892578125,0.3857124149799347,4,0.5,
fixed,2,5649,0.7341766953468323,0.0,0.018705939874053,0.11818194389343262,0.7789842486381531,4,0.75,
fixed,2,5650,0.35087865591049194,0.017398038879036903,0.023496422916650772,0.25708091259002686,0.44845014810562134,4,1.0,3.948225736618042
fixed,2,5651,0.6566933989524841,0.0,0.04033789038658142,0.23633480072021484,0.7477627992630005,4,1.0,
fixed,2,5652,0.8125115633010864,0.02197195217013359,0.03743269294500351,0.12201130390167236,0.8788172602653503,4,0.75,
fixed,2,5653,0.8575766682624817,0.012911871075630188,0.024628620594739914,0.04748177528381348,0.8905914425849915,4,0.75,
fixed,2,5654,0.802020251750946,0.0,0.04100460559129715,0.05417203903198242,0.8387741446495056,4,0.75,
fixed,2,5655,0.7865025401115417,0.0,0.026608312502503395,0.2805372476577759,0.8839678764343262,4,0.25,7.260007381439209
fixed,2,5656,0.40867799520492554,0.01308209728449583,0.040693141520023346,0.03740227222442627,0.4467862844467163,4,0.75,
fixed,2,5657,1.0709718465805054,0.0,0.029487047344446182,0.10040831565856934,1.115837812423706,4,0.25,
fixed,2,5658,1.0904321670532227,0.0,0.03773410990834236,0.019455790519714355,1.115135908126831,4,0.5,
fixed,2,5659,0.5885609984397888,0.00576164061203599,0.02491682954132557,0.053382158279418945,0.6199148893356323,4,0.75,
fixed,2,5660,0.3191206157207489,0.0,0.0167552400380373,0.06593203544616699,0.34727784991264343,4,0.25,7.105724334716797
fixed,2,5661,0.8252617120742798,0.0,0.03713667020201683,0.11070430278778076,0.8770413398742676,4,0.5,
fixed,2,5662,0.9319469332695007,0.0,0.005171771161258221,0.29445576667785645,1.02286958694458,4,0.0,
fixed,2,5663,0.5638871788978577,0.0,0.04238096624612808,0.23540961742401123,0.6557005643844604,4,1.0,
fixed,2,5664,0.7756109833717346,0.0,0.02688535861670971,0.10693216323852539,0.8211333155632019,4,0.5,
fixed,2,5665,1.1602599620819092,0.0226884912699461,0.018057305365800858,0.10603713989257812,1.2124439477920532,4,0.75,1.683780312538147
fixed,2,5666,0.8225719928741455,0.04342636093497276,0.009702205657958984,0.1679987907409668,0.8995358943939209,4,1.0,
fixed,2,5667,0.6683430671691895,0.0,0.02635243348777294,0.11595261096954346,0.7163050770759583,4,0.75,
fixed,2,5668,0.6645153164863586,0.0,0.001118210144340992,0.43518686294555664,0.7956304550170898,4,0.0,
fixed,2,5669,0.9302935600280762,0.015940319746732712,0.02385714277625084,0.08974003791809082,0.9771143198013306,4,0.5,
fixed,2,5670,0.4696379005908966,0.0,0.001030040206387639,0.37539875507354736,0.5827725529670715,4,0.0,2.020779609680176
fixed,2,5671,1.163124442100525,0.0,0.030459951609373093,0.08243823051452637,1.2030858993530273,4,0.75,
fixed,2,5672,1.464442253112793,0.0,0.008096509613096714,0.07661652565002441,1.4914754629135132,4,0.25,
fixed,2,5673,1.0128177404403687,0.0,0.0006807359168305993,0.26662659645080566,1.0931460857391357,4,0.0,
fixed,2,5674,0.7411492466926575,0.007621722295880318,0.013723548501729965,0.029982566833496094,0.7608166337013245,4,0.5,
fixed,2,5675,0.8381640911102295,0.0,0.012133893556892872,0.030383944511413574,0.8533462285995483,3,0.5,5.369433879852295
fixed,2,5676,1.2060484886169434,0.0,0.018727466464042664,0.01616203784942627,1.2202608585357666,4,0.5,
fixed,2,5677,0.7232056856155396,0.013099037110805511,0.007807123474776745,0.02186894416809082,0.7402194738388062,4,0.5,
fixed,2,5678,0.6736940741539001,2.609728653624188e-05,0.03155718743801117,0.08529186248779297,0.71507328748703,4,0.75,
fixed,2,5679,0.8337900042533875,0.023572949692606926,0.019134515896439552,0.10406136512756348,0.8863621354103088,4,0.75,
fixed,2,5680,1.5595959424972534,0.023944420740008354,0.006104125641286373,0.08085024356842041,1.5988752841949463,4,0.5,3.344870090484619
fixed,2,5681,0.7223212122917175,0.0,0.0347086526453495,0.2739356756210327,0.8218562602996826,4,1.0,
fixed,2,5682,0.7905487418174744,3.4019369195448235e-05,0.027346782386302948,0.10074961185455322,0.8344640135765076,4,0.75,
fixed,2,5683,0.8876497745513916,7.569209992652759e-05,0.014772381633520126,0.054656028747558594,0.9114706516265869,4,0.5,
fixed,2,5684,0.5780454277992249,5.764446177636273e-05,0.02006072923541069,0.06335735321044922,0.6071118116378784,4,0.5,
fixed,2,5685,1.1787545680999756,0.01202351227402687,0.013841656967997551,0.08106875419616699,1.2160078287124634,4,0.5,1.329487681388855
fixed,2,5686,0.9224182963371277,0.0160868838429451,0.008612713776528835,0.050666093826293945,0.9499679207801819,4,0.5,
fixed,2,5687,0.6606394052505493,2.240557250843267e-06,0.007553488947451115,0.13461089134216309,0.704800546169281,4,0.25,
fixed,2,5688,0.4656154215335846,3.0366597911779536e-06,0.021766331046819687,0.04575014114379883,0.4902251362800598,4,0.5,
fixed,2,5689,1.1716229915618896,0.020826563239097595,0.0077536338940262794,0.08306896686553955,1.2108337879180908,4,0.5,
fixed,2,5690,0.5052993893623352,0.0,0.00010183142876485363,0.3826789855957031,0.6201540231704712,4,0.0,0.5565125346183777
fixed,2,5691,0.7890254855155945,0.01584530435502529,0.008370655588805676,0.1010810136795044,0.831457793712616,4,0.5,
fixed,2,5692,0.5943029522895813,0.0,0.01836961880326271,0.08797430992126465,0.6298800706863403,4,0.5,
fixed,2,5693,1.6320353746414185,0.0,0.007062061689794064,0.1164621114730835,1.6705050468444824,4,0.25,
fixed,2,5694,1.3999347686767578,0.01150671299546957,0.010773880407214165,0.08169841766357422,1.435584545135498,4,0.5,
fixed,2,5695,0.7095378637313843,0.012378813698887825,0.019230179488658905,0.09641849994659424,0.7542679309844971,4,0.75,3.7199771404266357
fixed,2,5696,0.8080832958221436,0.0,0.013928315602242947,0.05541574954986572,0.831672191619873,4,0.5,
fixed,2,5697,0.6264123320579529,0.0,0.018400881439447403,0.05043649673461914,0.6507437229156494,4,0.25,
fixed,2,5698,0.9320586323738098,0.0,0.011273444630205631,0.07484936714172363,0.9601501822471619,4,0.25,
fixed,2,5699,0.786251962184906,0.0,0.020557831972837448,0.13186120986938477,0.8360892534255981,4,0.75,
fixed,2,5700,1.035783052444458,0.0,0.04679586738348007,0.2330787181854248,1.1291046142578125,4,1.0,17.430803298950195
fixed,2,5701,0.966630756855011,0.04651689529418945,0.009793228469789028,0.12270736694335938,1.0315980911254883,4,0.75,
fixed,2,5702,1.0830981731414795,0.018860822543501854,0.006380925886332989,0.048589229583740234,1.1102957725524902,4,0.5,
fixed,2,5703,0.9227774739265442,0.0,0.01465552393347025,0.0486295223236084,0.9446941018104553,4,0.5,
fixed,2,5704,0.8769059777259827,0.0,0.002513342071324587,0.18885087966918945,0.934817910194397,4,0.0,
fixed,2,5705,0.751374363899231,0.026244433596730232,0.0010114031611010432,0.03862500190734863,0.7765898108482361,4,0.25,9.498491287231445
fixed,2,5706,0.7665719985961914,0.0,0.009505859576165676,0.10292673110961914,0.8022029399871826,4,0.25,
fixed,2,5707,1.378053903579712,0.0,0.0115453340113163,0.048961758613586426,1.3985151052474976,4,0.25,
fixed,2,5708,1.4148677587509155,0.0,0.00027683956432156265,0.34936094284057617,1.5198144912719727,4,0.0,
fixed,2,5709,1.5395082235336304,0.0,0.01753435656428337,0.08079218864440918,1.5725131034851074,4,0.5,
fixed,2,5710,0.42814263701438904,0.0,0.03369971364736557,0.10531127452850342,0.47658586502075195,4,0.75,13.817719459533691
fixed,2,5711,0.5643085241317749,0.0,0.016514217481017113,0.059868812561035156,0.590526282787323,4,0.25,
fixed,2,5712,0.6326868534088135,0.0,0.007411838509142399,0.045891642570495605,0.6501602530479431,4,0.25,
fixed,2,5713,0.7096669673919678,0.0,0.033205922693014145,0.11710238456726074,0.7614006400108337,4,0.75,
fixed,2,5714,0.5013529658317566,0.0,0.015482258051633835,0.0894927978515625,0.5359419584274292,4,0.5,
fixed,2,5715,0.45646998286247253,0.01780002750456333,0.023541362956166267,0.13962256908416748,0.5190274715423584,4,0.75,3.0850350856781006
fixed,2,5716,0.6896997690200806,0.0,0.03608100861310959,0.14284157752990723,0.7505927681922913,4,0.75,
fixed,2,5717,0.5012136101722717,0.0,0.02383330464363098,0.0407944917678833,0.5253686308860779,4,0.5,
fixed,2,5718,0.743703305721283,0.006576608866453171,0.013136012479662895,0.13557124137878418,0.7942309975624084,4,0.5,
fixed,2,5719,1.3145606517791748,0.029661234468221664,0.022057486698031425,0.10135746002197266,1.3708271980285645,4,0.5,
fixed,2,5720,1.0866148471832275,0.0,0.03182649239897728,0.14481985569000244,1.145974040031433,4,0.75,11.703303337097168
fixed,2,5721,0.9884107708930969,0.0,0.016492290422320366,0.07036733627319336,1.017767071723938,4,0.5,
fixed,2,5722,0.5379431843757629,0.004154916387051344,0.00038545619463548064,0.1994926929473877,0.6000611782073975,4,0.0,
fixed,2,5723,0.470552921295166,0.0,0.008217494003474712,0.06744778156280518,0.4948959946632385,4,0.5,
fixed,2,5724,0.7935589551925659,0.0,0.0004107056010980159,0.2672617435455322,0.8739428520202637,4,0.0,
fixed,2,5725,0.7750232219696045,0.026109760627150536,0.004678954835981131,0.040313124656677246,0.8025115132331848,4,0.5,4.057745456695557
fixed,2,5726,1.3167061805725098,0.011691106483340263,0.00011767378600779921,0.10098683834075928,1.352906584739685,4,0.25,
fixed,2,5727,0.2345745712518692,0.0,0.013510790653526783,0.04240298271179199,0.2540508508682251,4,0.5,
fixed,2,5728,0.673022985458374,0.01737980730831623,0.006132583599537611,0.0413590669631958,0.6971868872642517,4,0.5,
fixed,2,5729,0.9779947996139526,4.05113451051875e-06,0.018597770482301712,0.04756653308868408,1.00156569480896,4,0.5,
fixed,2,5730,0.8620809316635132,0.014657130464911461,0.014166949316859245,0.048651695251464844,0.8910884857177734,4,0.5,0.6445448994636536
fixed,2,5731,1.1689602136611938,0.023146364837884903,0.005207711830735207,0.04481518268585205,1.1965818405151367,4,0.5,
fixed,2,5732,0.7765368819236755,5.748756848333869e-06,0.009988060221076012,0.09840404987335205,0.8110550045967102,4,0.5,
fixed,2,5733,0.5676041841506958,5.721377078771184e-07,0.008977215737104416,0.0685415267944336,0.5926555395126343,4,0.5,
fixed,2,5734,0.742560625076294,2.1125636351371213e-07,0.007356476970016956,0.07462716102600098,0.7686271071434021,4,0.5,
fixed,2,5735,0.8807341456413269,0.0,0.0009024137980304658,0.23200857639312744,0.9507879018783569,4,0.0,0.9728381633758545
fixed,2,5736,1.363084077835083,0.0,0.016503436490893364,0.18331456184387207,1.4263302087783813,4,0.75,
fixed,2,5737,0.9540484547615051,0.0,0.011896581389009953,0.09119689464569092,0.9873558282852173,4,0.5,
fixed,2,5738,0.8822084069252014,0.03192516043782234,0.008173631504178047,0.09809327125549316,0.9316858053207397,4,0.5,
fixed,2,5739,1.34059476852417,0.021346423774957657,0.004358143545687199,0.1094963550567627,1.3862959146499634,4,0.5,
fixed,2,5740,1.069946050643921,0.022371912375092506,0.011762866750359535,0.15076327323913574,1.1322424411773682,4,0.75,0.9982376098632812
fixed,2,5741,1.3027093410491943,0.0,0.008080324158072472,0.17954730987548828,1.3606137037277222,4,0.25,
fixed,2,5742,0.6440620422363281,0.0,0.014880133792757988,0.06997847557067871,0.6724956631660461,4,0.25,
fixed,2,5743,0.9321808815002441,0.0,0.022053809836506844,0.0384368896484375,0.9547388553619385,4,0.5,
fixed,2,5744,0.9143673181533813,0.0,0.03274286165833473,0.10694408416748047,0.9628219604492188,4,0.5,
fixed,2,5745,0.6020920872688293,0.0,0.0432586707174778,0.24649369716644287,0.697669506072998,4,1.0,15.484987258911133
fixed,2,5746,0.5941962003707886,0.012811212800443172,0.04886116087436676,0.09540057182312012,0.653652548789978,4,0.5,
fixed,2,5747,1.2674509286880493,0.0,0.019996585324406624,0.06754207611083984,1.2977118492126465,4,0.5,
fixed,2,5748,0.7375116944313049,0.0,0.03407491743564606,0.0820537805557251,0.7791652679443359,4,0.5,
fixed,2,5749,0.7429550290107727,0.0,0.03934863582253456,0.2460024356842041,0.8364300727844238,4,0.0,
fixed,2,5750,1.1121033430099487,0.0,0.01186535693705082,0.19189977645874023,1.1756060123443604,4,0.75,6.156060218811035
fixed,2,5751,0.596018373966217,0.0,0.008619462139904499,0.05587935447692871,0.6170918941497803,4,0.5,
fixed,2,5752,1.035081386566162,0.03281107544898987,0.004834210500121117,0.08945417404174805,1.0807403326034546,4,0.5,
fixed,2,5753,0.5569319128990173,0.0,0.03477173671126366,0.08719134330749512,0.6004751920700073,4,0.75,
fixed,2,5754,0.6745415925979614,0.0,0.0005242504412308335,0.26303017139434814,0.7537127733230591,4,0.0,
fixed,2,5755,1.0108999013900757,0.0,0.018418792635202408,0.14369380474090576,1.0632174015045166,4,0.75,7.538812637329102
fixed,2,5756,0.2228916585445404,0.0,0.014582663774490356,0.48577696084976196,0.375916063785553,4,1.0,
fixed,2,5757,0.6719221472740173,0.022737940773367882,5.052308915765025e-05,0.06886613368988037,0.7039762139320374,4,0.25,
fixed,2,5758,0.5244342088699341,0.0,0.009006678126752377,0.04585385322570801,0.5426937341690063,4,0.5,
fixed,2,5759,0.9209759831428528,3.246782966925821e-07,0.00999314896762371,0.11259663105010986,0.9597517251968384,4,0.5,
fixed,2,5760,0.696043074131012,0.0,0.024902671575546265,0.10451126098632812,0.7398477792739868,4,0.75,10.639678001403809
fixed,2,5761,0.44821596145629883,0.0,0.01427394151687622,0.15282738208770752,0.5012011528015137,4,0.75,
fixed,2,5762,1.072719693183899,0.0,0.02042306214570999,0.26631641387939453,1.1628261804580688,4,0.75,
fixed,2,5763,1.759568214416504,3.847597326966934e-06,0.021993644535541534,0.12274014949798584,1.8073890209197998,4,0.75,
fixed,2,5764,0.6255531907081604,0.0,0.010641251690685749,0.05659794807434082,0.6478531956672668,4,0.5,
fixed,2,5765,0.4498991370201111,0.0,0.013207690790295601,0.07899856567382812,0.4802025556564331,4,0.5,5.923797130584717
fixed,2,5766,0.7861348390579224,0.0,0.0056998454965651035,0.13006627559661865,0.8280046582221985,4,0.25,
fixed,2,5767,0.7299250960350037,0.0,0.011656057089567184,0.4321950674057007,0.865411639213562,4,0.25,
fixed,2,5768,0.6983165144920349,0.0,0.01591726951301098,0.16316986083984375,0.7552261352539062,4,0.75,
fixed,2,5769,1.082853078842163,0.0,0.00906059518456459,0.09550929069519043,1.1160361766815186,4,0.5,
fixed,2,5770,0.949731171131134,0.0,0.015667930245399475,0.0514826774597168,0.9730099439620972,4,0.25,7.055311679840088
fixed,2,5771,0.6452846527099609,0.0,0.01220933347940445,0.20546209812164307,0.7130279541015625,4,0.75,
fixed,2,5772,0.7571189999580383,0.0,0.016496408730745316,0.1648956537246704,0.8148359060287476,4,0.75,
fixed,2,5773,0.8253989815711975,0.024273477494716644,0.0006210751016624272,0.1893686056137085,0.8946568369865417,4,0.25,
fixed,2,5774,0.4640847444534302,0.0,0.024122757837176323,0.14674198627471924,0.5201687216758728,4,0.75,
fixed,2,5775,1.003318428993225,0.0,0.012134144082665443,0.2013765573501587,1.069798469543457,4,0.25,5.1594133377075195
fixed,2,5776,1.238813042640686,0.0,0.00976631697267294,0.16253089904785156,1.2924554347991943,4,0.25,
fixed,2,5777,0.8157090544700623,0.0,0.028546150773763657,0.3670438528060913,0.9400953054428101,4,1.0,
fixed,2,5778,0.27867579460144043,0.0,0.023478951305150986,0.13054633140563965,0.3295791745185852,4,0.75,
fixed,2,5779,1.0356180667877197,0.02840389497578144,0.0063680196180939674,0.05606341361999512,1.0698230266571045,4,0.5,
fixed,2,5780,0.9981920719146729,0.0,0.025473419576883316,0.0307619571685791,1.0201573371887207,4,0.5,10.796282768249512
fixed,2,5781,0.8914035558700562,0.0,0.008208929561078548,0.09439921379089355,0.9238277673721313,4,0.25,
fixed,2,5782,0.6026576161384583,0.017608316615223885,0.015276968479156494,0.09653925895690918,0.6480620503425598,4,0.75,
fixed,2,5783,0.4883047640323639,0.0,0.009193754754960537,0.11078333854675293,0.5261366367340088,4,0.25,
fixed,2,5784,0.8248299360275269,0.015954574570059776,0.0005754329031333327,0.11769986152648926,0.8684049248695374,4,0.25,
fixed,2,5785,0.6389709115028381,0.021644549444317818,0.02206306904554367,0.20340681076049805,0.7218467593193054,4,0.75,4.628616809844971
fixed,2,5786,0.9399234652519226,0.0,0.018751095980405807,0.04526317119598389,0.9628779888153076,4,0.5,
fixed,2,5787,0.9306046366691589,0.0,0.02779053896665573,0.08498549461364746,0.9699955582618713,4,0.75,
fixed,2,5788,0.8471380472183228,0.0,0.009126740507781506,0.12551462650299072,0.8893557786941528,4,0.25,
fixed,2,5789,0.6838009357452393,0.0,0.024014538154006004,0.05913734436035156,0.7135494351387024,4,0.5,
fixed,2,5790,0.44826841354370117,0.0,0.015268474817276001,0.052887678146362305,0.47176894545555115,4,0.5,6.809085845947266
fixed,2,5791,1.6276512145996094,0.027756182476878166,0.00012111282558180392,0.10437524318695068,1.6729024648666382,4,0.25,
fixed,2,5792,0.5462890863418579,0.0,0.020265523344278336,0.05830037593841553,0.5739119648933411,4,0.5,
fixed,2,5793,0.1983211636543274,0.0,0.021074997261166573,0.035555362701416016,0.2195252776145935,4,0.5,
fixed,2,5794,0.6450273394584656,0.02890307642519474,0.025200746953487396,0.29725050926208496,0.7612544298171997,4,1.0,
fixed,2,5795,0.737930178642273,0.0,0.012340803630650043,0.04754137992858887,0.7583630084991455,4,0.5,5.631300449371338
fixed,2,5796,0.8409596681594849,0.0,0.007670820690691471,0.09682559967041016,0.8738427758216858,4,0.25,
fixed,2,5797,0.25741109251976013,0.0,0.01988545060157776,0.047978758811950684,0.2817474603652954,4,0.5,
fixed,2,5798,0.5508690476417542,0.04350527003407478,0.013722047209739685,0.2656913995742798,0.6591901183128357,4,1.0,
fixed,2,5799,1.2353532314300537,0.024002177640795708,4.7794215788599104e-05,0.09362518787384033,1.275465726852417,4,0.25,
fixed,2,5800,0.9489902853965759,0.019452350214123726,0.03151795640587807,0.21176421642303467,1.038004755973816,4,1.0,7.077070713043213
fixed,2,5801,1.0095826387405396,0.01829850673675537,0.01735100895166397,0.02378368377685547,1.0345425605773926,4,0.5,
fixed,2,5802,1.3505678176879883,0.0,0.008632657118141651,0.10116207599639893,1.3852328062057495,4,0.25,
fixed,2,5803,0.6734277606010437,0.0,0.0112600177526474,0.11399245262145996,0.7132555246353149,4,0.25,
fixed,2,5804,1.6172020435333252,0.0,0.008229526691138744,0.09341239929199219,1.6493405103683472,4,0.25,
fixed,2,5805,0.7553247213363647,0.0,0.03902463987469673,0.018462777137756348,0.7803758978843689,4,0.5,12.772541999816895
fixed,2,5806,0.725945770740509,0.0,0.04376678168773651,0.017770051956176758,0.7531601786613464,4,0.5,
fixed,2,5807,0.988785982131958,0.0,0.012848093174397945,0.11471128463745117,1.0296233892440796,4,0.25,
fixed,2,5808,0.4766117334365845,0.0,0.03749758005142212,0.019031763076782227,0.5010700225830078,4,0.5,
fixed,2,5809,0.880157470703125,0.0,0.008195142261683941,0.10581278800964355,0.9159988760948181,4,0.25,
fixed,2,5810,0.5479967594146729,0.0,0.02176869846880436,0.07088875770568848,0.5801477432250977,4,0.25,7.601919174194336
fixed,2,5811,0.3922845125198364,0.0,0.03621687367558479,0.1286313533782959,0.4489823579788208,4,0.75,
fixed,2,5812,0.6929294466972351,0.018697265535593033,0.011427180841565132,0.07637679576873779,0.7309046983718872,4,0.5,
fixed,2,5813,0.46466681361198425,0.01776057481765747,0.010059261694550514,0.11035454273223877,0.5116831064224243,4,0.5,
fixed,2,5814,0.7352166175842285,1.27533448903705e-05,0.009703584015369415,0.08048903942108154,0.7642214894294739,4,0.5,
fixed,2,5815,0.5257694721221924,0.0,0.010926288552582264,0.0986710786819458,0.5608339309692383,4,0.5,5.6102824211120605
fixed,2,5816,1.5001143217086792,0.0,0.004529884085059166,0.10132348537445068,1.5327763557434082,4,0.25,
fixed,2,5817,0.4426545798778534,0.0,0.010953719727694988,0.09803926944732666,0.4775432348251343,4,0.5,
fixed,2,5818,0.31324687600135803,8.19312830913077e-08,0.005872183479368687,0.10325431823730469,0.3471592962741852,4,0.5,
fixed,2,5819,0.5457583665847778,0.0,0.0033570833038538694,0.07647180557250977,0.5703784227371216,4,0.25,
fixed,2,5820,0.5831708908081055,0.0,0.004741497803479433,0.09858942031860352,0.6151184439659119,4,0.5,2.780120849609375
fixed,2,5821,0.8658833503723145,0.0,0.005490986630320549,0.08474946022033691,0.8940536975860596,4,0.5,
fixed,2,5822,0.8137334585189819,0.0,0.0030955635011196136,0.19050085544586182,0.8724315166473389,4,0.0,
fixed,2,5823,1.1275168657302856,0.0,0.009796496480703354,0.07777726650238037,1.1557482481002808,4,0.5,
fixed,2,5824,1.1149499416351318,0.028985774144530296,0.005835049320012331,0.2449204921722412,1.205836534500122,4,0.75,
fixed,2,5825,0.5598711371421814,0.030767593532800674,0.005412648431956768,0.2502788305282593,0.6530449390411377,4,0.75,3.525097370147705
fixed,2,5826,1.3642966747283936,0.0,0.012885305099189281,0.23364949226379395,1.4408341646194458,4,0.75,
fixed,2,5827,0.37336137890815735,0.0,0.005615203641355038,0.02438807487487793,0.3834854066371918,4,0.25,
fixed,2,5828,0.9284138083457947,0.0,0.009009757079184055,0.0922771692276001,0.9606018662452698,4,0.5,
fixed,2,5829,1.1556098461151123,0.0,0.010566692799329758,0.2853879928588867,1.2465095520019531,4,0.5,
fixed,2,5830,0.6008327603340149,0.0,0.0029754748102277517,0.08315932750701904,0.6272683143615723,4,0.25,1.8219411373138428
fixed,2,5831,0.7587507963180542,0.0,0.007097405381500721,0.08991336822509766,0.7892735004425049,4,0.5,
fixed,2,5832,1.296787977218628,0.009901069104671478,0.004853540565818548,0.06227755546569824,1.3228485584259033,4,0.5,
fixed,2,5833,0.5105572938919067,0.021636709570884705,0.014969028532505035,0.18971848487854004,0.5857757329940796,4,0.75,
fixed,2,5834,0.6567469239234924,0.0,0.023188160732388496,0.22049641609191895,0.734489917755127,4,0.75,
fixed,2,5835,0.6314343214035034,0.05174757540225983,0.006940972991287708,0.14891469478607178,0.7054530382156372,4,0.75,8.840639114379883
fixed,2,5836,1.3349961042404175,0.0,0.03653892129659653,0.11693215370178223,1.3883452415466309,4,0.75,
fixed,2,5837,1.066550612449646,0.0,0.0062619722448289394,0.12099003791809082,1.1059786081314087,4,0.25,
fixed,2,5838,0.77262943983078,0.0,0.02379758469760418,0.1403031349182129,0.8266191482543945,4,0.75,
fixed,2,5839,0.42141449451446533,0.0166180282831192,0.03470025584101677,0.2100982666015625,0.5101031064987183,4,1.0,
fixed,2,5840,0.8690916895866394,0.0,0.011498100124299526,0.1250154972076416,0.9123454093933105,4,0.25,5.098124980926514
fixed,2,5841,1.221556305885315,0.0,0.024832945317029953,0.030660510063171387,1.243170976638794,4,0.5,
fixed,2,5842,0.6975995898246765,0.0,0.023073624819517136,0.17014670372009277,0.7601804137229919,4,0.25,
fixed,2,5843,0.35897013545036316,0.009558595716953278,0.019970664754509926,0.060280799865722656,0.3918190002441406,4,0.75,
fixed,2,5844,0.6521354913711548,0.0,0.03282137215137482,0.02474498748779297,0.675969660282135,4,0.5,
fixed,2,5845,1.0121670961380005,0.0,0.024485962465405464,0.0415877103805542,1.0368863344192505,4,0.5,8.872481346130371
fixed,2,5846,0.34781351685523987,0.0,0.04484184831380844,0.10325014591217041,0.4012094736099243,4,0.75,
fixed,2,5847,0.668452799320221,0.010165064595639706,0.023624053224921227,0.022017598152160645,0.691952645778656,4,0.5,
fixed,2,5848,0.7709389328956604,0.013059990480542183,0.01902572065591812,0.07880330085754395,0.8106228113174438,4,0.5,
fixed,2,5849,1.1712058782577515,0.0,0.0359993651509285,0.07450985908508301,1.2115585803985596,4,0.5,
fixed,2,5850,1.1182475090026855,0.02611883357167244,0.0055375779047608376,0.08754134178161621,1.1603381633758545,4,0.75,7.542510509490967
fixed,2,5851,0.47373834252357483,0.0,0.03298644348978996,0.10261034965515137,0.5210146903991699,4,0.75,
fixed,2,5852,0.8685425519943237,0.0,0.018061749637126923,0.07712733745574951,0.9007116556167603,4,0.5,
fixed,2,5853,0.27245426177978516,0.0,0.02228117361664772,0.08026313781738281,0.30767378211021423,4,0.5,
fixed,2,5854,0.7916461229324341,0.0,0.007395309861749411,0.12697160243988037,0.8334352374076843,4,0.25,
fixed,2,5855,0.5604464411735535,0.0,0.016360023990273476,0.18242323398590088,0.6233534216880798,4,0.75,7.718837738037109
fixed,2,5856,0.43491965532302856,0.0,0.031115664169192314,0.33438587188720703,0.5507932305335999,4,1.0,
fixed,2,5857,0.6012353897094727,0.0,0.019382454454898834,0.10737454891204834,0.6431390047073364,4,0.25,
fixed,2,5858,1.1185102462768555,0.016287697479128838,0.01470383070409298,0.12948668003082275,1.1728520393371582,4,0.75,
fixed,2,5859,0.6745544075965881,0.0,0.014778697863221169,0.052429795265197754,0.6976727247238159,4,0.5,
fixed,2,5860,0.6437195539474487,0.0,0.015138010494410992,0.04801809787750244,0.665693998336792,4,0.5,6.646500110626221
fixed,2,5861,0.9830678105354309,0.0,0.016469908878207207,0.05674147605895996,1.008325219154358,4,0.5,
fixed,2,5862,1.445217490196228,0.0,0.008828693069517612,0.0636906623840332,1.4687390327453613,4,0.5,
fixed,2,5863,0.3794650435447693,0.0,0.008529054000973701,0.08716058731079102,0.409877747297287,4,0.5,
fixed,2,5864,0.8483575582504272,0.0,0.012245681136846542,0.18748843669891357,0.9107269048690796,4,0.75,
fixed,2,5865,0.6383814811706543,0.0,0.018569674342870712,0.15557467937469482,0.6943387389183044,4,0.75,8.450994491577148
fixed,2,5866,1.131155014038086,0.0,0.009333509020507336,0.04263007640838623,1.1486108303070068,4,0.25,
fixed,2,5867,1.3628743886947632,0.0,0.0004405745130497962,0.3650531768798828,1.472610592842102,4,0.0,
fixed,2,5868,0.972867488861084,0.0,0.00206274283118546,0.0898587703704834,1.0008565187454224,4,0.25,
fixed,2,5869,0.8418775796890259,0.0,0.009415547363460064,0.07716703414916992,0.8697354793548584,4,0.5,
fixed,2,5870,1.1868773698806763,0.0,0.00705648772418499,0.09036064147949219,1.2175137996673584,4,0.5,3.7259342670440674
fixed,2,5871,1.1861422061920166,0.0,0.006562467198818922,0.0900731086730957,1.2164453268051147,4,0.5,
fixed,2,5872,0.935316801071167,0.0,0.012941688299179077,0.09830760955810547,0.9712799191474915,4,0.5,
fixed,2,5873,0.8927897810935974,0.0,0.004914557095617056,0.02693033218383789,0.903326153755188,4,0.25,
fixed,2,5874,1.0781368017196655,0.0,0.013275863602757454,0.2076416015625,1.1470671892166138,4,0.75,
fixed,2,5875,1.136566162109375,0.0,0.002799695124849677,0.2643531560897827,1.2172719240188599,4,0.0,2.8150131702423096
fixed,2,5876,0.33709967136383057,0.0,0.005059513263404369,0.09115958213806152,0.3669773042201996,4,0.5,
fixed,2,5877,1.2350645065307617,0.0,0.005678694229573011,0.09389340877532959,1.2660719156265259,4,0.5,
fixed,2,5878,1.0444945096969604,0.064381904900074,0.00037755435914732516,0.09441995620727539,1.105200171470642,4,0.5,
fixed,2,5879,1.0675585269927979,0.0,0.005892647430300713,0.03533804416656494,1.0811063051223755,4,0.25,
fixed,2,5880,0.9646877646446228,0.0,0.0072398316115140915,0.2562927007675171,1.045195460319519,4,0.75,4.04783821105957
fixed,2,5881,0.9825462102890015,0.0,0.013840924017131329,0.18770217895507812,1.0457773208618164,4,0.75,
fixed,2,5882,0.47742149233818054,0.0,0.0178107637912035,0.14168643951416016,0.5288327932357788,4,0.75,
fixed,2,5883,0.4586814343929291,0.0,0.012262623757123947,0.0748295783996582,0.4872616231441498,4,0.5,
fixed,2,5884,0.977942168712616,0.0,0.014985406771302223,0.15902972221374512,1.0331437587738037,4,0.75,
fixed,2,5885,0.8868122100830078,0.0,0.008515321649610996,0.03714466094970703,0.9022132754325867,4,0.25,4.380308628082275
fixed,2,5886,0.23240926861763,0.0,0.006776135880500078,0.2635965347290039,0.3148763179779053,4,0.0,
fixed,2,5887,0.44451582431793213,0.0,0.018844591453671455,0.04258143901824951,0.4667125642299652,4,0.5,
fixed,2,5888,0.7662079334259033,0.018429452553391457,0.01938553899526596,0.29791736602783203,0.8744906187057495,4,1.0,
fixed,2,5889,0.9640879034996033,0.0,0.017612161114811897,0.13860654830932617,1.01447594165802,4,0.75,
fixed,2,5890,0.4501875638961792,0.0,0.024874567985534668,0.24890458583831787,0.5372962355613708,4,0.75,10.017142295837402
fixed,2,5891,0.4147585332393646,0.0,0.029551103711128235,0.07922506332397461,0.4533016085624695,4,0.75,
fixed,2,5892,0.26595985889434814,0.0,0.01238901074975729,0.2187715768814087,0.33778584003448486,4,0.25,
fixed,2,5893,0.7924521565437317,0.0,0.03621525317430496,0.06468427181243896,0.8299650549888611,4,0.75,
fixed,2,5894,0.572509765625,0.010569221340119839,0.01890239119529724,0.06622040271759033,0.6071116924285889,4,0.75,
fixed,2,5895,1.0859184265136719,0.01267340499907732,0.018957331776618958,0.02140522003173828,1.108155369758606,4,0.5,4.153594493865967
fixed,2,5896,1.0817267894744873,0.015188838355243206,0.03492281958460808,0.1850292682647705,1.162291407585144,4,1.0,
fixed,2,5897,0.5504946708679199,0.0,0.02645201049745083,0.3584408760070801,0.671252965927124,4,0.25,
fixed,2,5898,0.5812687873840332,0.0,0.041948869824409485,0.06990945339202881,0.6232160329818726,4,0.75,
fixed,2,5899,0.7268701791763306,0.022953592240810394,0.046814385801553726,0.15300488471984863,0.8076556324958801,4,1.0,
fixed,2,5900,0.8694708347320557,0.0,0.018201958388090134,0.09708380699157715,0.9076969623565674,4,0.5,7.788774490356445
fixed,2,5901,1.3840512037277222,0.0,0.023672735318541527,0.08370375633239746,1.4209986925125122,4,0.25,
fixed,2,5902,0.4342733323574066,0.0,0.03116656094789505,0.09485208988189697,0.47831225395202637,4,0.5,
fixed,2,5903,0.5930868983268738,0.0,0.01868857815861702,0.06539678573608398,0.6220502257347107,4,0.25,
fixed,2,5904,0.8568353652954102,0.0,0.027248654514551163,0.09982812404632568,0.900408148765564,4,0.5,
fixed,2,5905,0.6449891924858093,0.0,0.015030319802463055,0.08670806884765625,0.6785167455673218,4,0.5,6.680703639984131
fixed,2,5906,0.6758672595024109,0.0,0.02701851911842823,0.12268853187561035,0.7261830568313599,4,0.75,
fixed,2,5907,0.8172691464424133,0.0,0.016321923583745956,0.07161474227905273,0.846914529800415,4,0.5,
fixed,2,5908,0.6743794679641724,0.018360577523708344,0.005644374527037144,0.06727743148803711,0.7065651416778564,4,0.5,
fixed,2,5909,0.5016305446624756,0.0,0.015568685717880726,0.06147873401641846,0.5278584957122803,4,0.5,
fixed,2,5910,0.5107616782188416,0.0,0.006072270683944225,0.03198540210723877,0.523393452167511,4,0.25,3.4917545318603516
fixed,2,5911,0.8695766925811768,0.0,0.005687043070793152,0.0321810245513916,0.8820745348930359,4,0.25,
fixed,2,5912,1.047187328338623,0.0,0.007042904384434223,0.09304308891296387,1.078621745109558,4,0.5,
fixed,2,5913,1.003045916557312,0.0,0.007535494863986969,0.22779476642608643,1.0751521587371826,4,0.75,
fixed,2,5914,0.5255297422409058,0.0,0.006418172270059586,0.09745168685913086,0.5579743385314941,4,0.5,
fixed,2,5915,0.43599164485931396,0.04112953692674637,0.003762427717447281,0.2623598575592041,0.5371456146240234,4,0.75,3.111341953277588
fixed,2,5916,0.6992171406745911,0.0,0.009121483191847801,0.3819183111190796,0.8183533549308777,4,0.75,
fixed,2,5917,0.7619420886039734,0.0,0.005601220764219761,0.15178453922271729,0.810278058052063,4,0.25,
fixed,2,5918,0.8942497372627258,0.0,0.0017326221568509936,0.4527304172515869,1.0309351682662964,4,0.0,
fixed,2,5919,0.30997583270072937,0.0,0.005554410628974438,0.09417581558227539,0.34100577235221863,4,0.5,
fixed,2,5920,1.5001778602600098,0.02345575951039791,0.0037769137416034937,0.06718277931213379,1.5339490175247192,4,0.5,4.97300386428833
fixed,2,5921,0.8319967985153198,0.0,0.0032401715870946646,0.10139346122741699,0.8640349507331848,4,0.25,
fixed,2,5922,1.2065082788467407,0.0,0.010577711276710033,0.07432174682617188,1.2340936660766602,4,0.5,
fixed,2,5923,1.2266210317611694,0.0,0.012623168528079987,0.06656169891357422,1.2529010772705078,4,0.5,
fixed,2,5924,0.6253371238708496,0.03344344720244408,0.011450869962573051,0.30635595321655273,0.7396910786628723,4,0.75,
fixed,2,5925,1.0671768188476562,0.0,0.015653908252716064,0.15864896774291992,1.12259840965271,4,0.75,7.015716552734375
fixed,2,5926,0.9306126832962036,0.025254901498556137,0.007258504629135132,0.1589144468307495,0.994543731212616,4,0.75,
fixed,2,5927,0.937822163105011,0.027078745886683464,0.006512491498142481,0.06280744075775146,0.9734600186347961,4,0.5,
fixed,2,5928,0.6127340793609619,0.0,0.012126651592552662,0.047804951667785645,0.63313889503479,4,0.5,
fixed,2,5929,0.4469342827796936,0.0,0.012971282005310059,0.04516720771789551,0.4669700860977173,4,0.5,
fixed,2,5930,0.5708306431770325,0.0,0.016170164570212364,0.04435157775878906,0.592221200466156,4,0.5,7.066027641296387
fixed,2,5931,1.1610454320907593,0.014359667897224426,0.015719925984740257,0.09366464614868164,1.204184651374817,4,0.75,
fixed,2,5932,0.46434539556503296,0.0,0.005200677085667849,0.2742718458175659,0.5492272973060608,4,0.0,
fixed,2,5933,0.7090858221054077,0.0,0.02494204230606556,0.09814584255218506,0.7510005831718445,4,0.75,
fixed,2,5934,0.4891241788864136,0.0,0.012355510145425797,0.05813634395599365,0.512742817401886,4,0.25,
fixed,2,5935,0.838901698589325,0.003823260311037302,0.031685199588537216,0.0370786190032959,0.8677794933319092,4,0.5,7.522890567779541
fixed,2,5936,0.8055132627487183,0.0,0.013661431148648262,0.0740499496459961,0.8345589637756348,4,0.25,
fixed,2,5937,0.7124599814414978,0.0,0.034790027886629105,0.26865363121032715,0.810451090335846,4,1.0,
fixed,2,5938,0.6287346482276917,0.01921115629374981,0.0031155641190707684,0.0879523754119873,0.6662837266921997,4,0.25,
fixed,2,5939,0.953521728515625,0.0,0.020450906828045845,0.04354453086853027,0.9768105149269104,4,0.5,
fixed,2,5940,0.8756828308105469,0.0,0.022067340090870857,0.12181007862091064,0.9232594966888428,4,0.5,8.563394546508789
fixed,2,5941,1.1285277605056763,0.0,0.007933566346764565,0.25024938583374023,1.2075693607330322,4,0.25,
fixed,2,5942,1.0288770198822021,0.0,0.0012912570964545012,0.5830916166305542,1.2044501304626465,4,0.0,
fixed,2,5943,0.5741708874702454,0.0,0.013256736099720001,0.09678947925567627,0.6098361015319824,4,0.5,
fixed,2,5944,0.5585290789604187,0.0,0.01640142872929573,0.08441901206970215,0.5920554995536804,4,0.5,
fixed,2,5945,0.9573014974594116,0.0,0.022150535136461258,0.08551132678985596,0.9940301775932312,4,0.5,9.068596839904785
fixed,2,5946,0.922908365726471,0.016857711598277092,0.010761775076389313,0.12379872798919678,0.9738577604293823,4,0.75,
fixed,2,5947,0.4762703776359558,0.0,0.008148480206727982,0.10453629493713379,0.5117055177688599,4,0.25,
fixed,2,5948,1.059528112411499,0.0,0.006257565692067146,0.0709770917892456,1.0839500427246094,4,0.25,
fixed,2,5949,0.7690577507019043,0.0,0.0260572861880064,0.12617826461791992,0.8199398517608643,4,0.75,
fixed,2,5950,0.7988682389259338,0.0,0.008653305470943451,0.04882454872131348,0.8178422451019287,4,0.5,4.523454189300537
fixed,2,5951,0.5849162936210632,0.0,0.03174276277422905,0.09914529323577881,0.6305312514305115,4,0.75,
fixed,2,5952,0.8590255379676819,0.0,0.01268905308097601,0.07453978061676025,0.8877320289611816,4,0.5,
fixed,2,5953,0.8306778073310852,0.016552403569221497,0.012015733867883682,0.37221741676330566,0.9566271305084229,4,1.0,
fixed,2,5954,0.5528346300125122,0.03855979070067406,0.017776619642972946,0.2548164129257202,0.6574477553367615,4,0.75,
fixed,2,5955,0.7046918869018555,0.024320488795638084,0.017056936398148537,0.2048957347869873,0.786849319934845,4,0.75,1.6704020500183105
fixed,2,5956,0.4917833209037781,0.0,0.022100893780589104,0.11554884910583496,0.537498414516449,4,0.75,
fixed,2,5957,0.8055931329727173,0.0,0.0004822730552405119,0.28847503662109375,0.8923767805099487,4,0.0,
fixed,2,5958,1.3730138540267944,0.0,0.009362379088997841,0.07712447643280029,1.4008324146270752,4,0.25,
fixed,2,5959,1.001205563545227,0.0,0.002979049226269126,0.23681199550628662,1.073738694190979,4,0.0,
fixed,2,5960,0.6087484955787659,0.0,0.01876448653638363,0.04909205436706543,0.6328583359718323,4,0.5,7.3723554611206055
fixed,2,5961,0.6268423199653625,0.0,0.030717821791768074,0.29993700981140137,0.7321823239326477,4,1.0,
fixed,2,5962,0.5575563907623291,0.02358183078467846,0.013890113681554794,0.11984992027282715,0.6122473478317261,4,0.75,
fixed,2,5963,0.5993297100067139,0.0,0.016260547563433647,0.04379439353942871,0.620598316192627,4,0.5,
fixed,2,5964,0.7997292280197144,0.0,0.0353323258459568,0.07964527606964111,0.8412889838218689,4,0.75,
fixed,2,5965,0.6784676909446716,0.0,0.0316256545484066,0.08247566223144531,0.7190232276916504,4,0.5,9.783927917480469
fixed,2,5966,0.7648907899856567,0.0,0.015897318720817566,0.07264256477355957,0.7946321964263916,4,0.5,
fixed,2,5967,0.6776964068412781,0.0,0.03506315127015114,0.03834068775177002,0.7067301869392395,4,0.5,
fixed,2,5968,0.7490455508232117,0.0,0.03783271089196205,0.08204078674316406,0.7925741672515869,4,0.75,
fixed,2,5969,0.6853761672973633,0.0,0.030900146812200546,0.10123777389526367,0.7311975955963135,4,0.75,
fixed,2,5970,1.0323346853256226,0.007851916365325451,0.01945681869983673,0.10504388809204102,1.0775022506713867,4,0.75,5.014245510101318
fixed,2,5971,0.8034149408340454,0.01461867056787014,0.012009615078568459,0.127433180809021,0.8549590110778809,4,0.75,
fixed,2,5972,0.5572776794433594,0.0,0.015302593819797039,0.08469414710998535,0.5903372168540955,4,0.5,
fixed,2,5973,0.46854129433631897,0.012988932430744171,0.007560746278613806,0.10600614547729492,0.5106179714202881,4,0.5,
fixed,2,5974,1.2979100942611694,0.0,0.025947652757167816,0.10011017322540283,1.3409169912338257,4,0.5,
fixed,2,5975,1.3793578147888184,0.0,0.017512870952486992,0.20862960815429688,1.4507031440734863,4,0.25,5.9681854248046875
fixed,2,5976,0.782694399356842,0.0,0.012834709137678146,0.05251026153564453,0.8048648238182068,4,0.25,
fixed,2,5977,0.5782297849655151,0.0,0.03250885382294655,0.11452555656433105,0.6288418769836426,4,0.75,
fixed,2,5978,1.1121494770050049,0.0,0.015714623034000397,0.16494512557983398,1.1694903373718262,4,0.75,
fixed,2,5979,0.4306395351886749,0.02998698316514492,0.0037575450260192156,0.06656491756439209,0.4674812853336334,4,0.5,
fixed,2,5980,0.8473883867263794,0.0,0.010549811646342278,0.05276632308959961,0.8684931993484497,4,0.5,5.12209939956665
fixed,2,5981,0.8827648162841797,0.0,0.01898544654250145,0.0570831298828125,0.9093824625015259,4,0.25,
fixed,2,5982,1.2508479356765747,0.0,0.012970207259058952,0.05661964416503906,1.2743189334869385,4,0.5,
fixed,2,5983,0.9945991635322571,0.0,0.02215752564370632,0.13592302799224854,1.0464547872543335,4,0.75,
fixed,2,5984,1.4754159450531006,0.0,0.012609826400876045,0.18729698657989502,1.537909984588623,4,0.75,
fixed,2,5985,0.8271946907043457,0.0,0.012425164692103863,0.19162821769714355,0.8908957242965698,4,0.75,6.416155815124512
fixed,2,5986,0.8717005252838135,0.0,0.019112437963485718,0.26445233821868896,0.9605924487113953,4,0.75,
fixed,2,5987,1.104123592376709,0.017722077667713165,0.015440758317708969,0.07195878028869629,1.1422926187515259,4,0.5,
fixed,2,5988,0.9002559781074524,0.0,0.01686619594693184,0.1623603105545044,0.9573971629142761,4,0.75,
fixed,2,5989,0.7594352960586548,0.0,0.0130801722407341,0.05060434341430664,0.7811566591262817,4,0.25,
fixed,2,5990,0.6063293814659119,0.021083727478981018,0.0056912158615887165,0.07655692100524902,0.6426839232444763,4,0.5,3.314420223236084
fixed,2,5991,1.1014106273651123,0.0,0.004409208428114653,0.11024045944213867,1.1366873979568481,4,0.25,
fixed,2,5992,0.8705806136131287,0.0,0.018065106123685837,0.1566638946533203,0.9266123175621033,4,0.75,
fixed,2,5993,0.7366708517074585,0.03871170058846474,0.0066536590456962585,0.08819580078125,0.785812258720398,4,0.75,
fixed,2,5994,1.141228437423706,0.02053019218146801,0.005039783660322428,0.07522237300872803,1.1765801906585693,4,0.5,
fixed,2,5995,0.7296215891838074,0.0,0.01530756987631321,0.050801634788513184,0.7525158524513245,4,0.5,6.591940879821777
fixed,2,5996,0.4810279309749603,0.0,0.01823888160288334,0.18048501014709473,0.5442928671836853,4,0.25,
fixed,2,5997,0.5874010920524597,0.0,0.018748998641967773,0.05484974384307861,0.6132305264472961,4,0.5,
fixed,2,5998,0.4344148635864258,0.0,0.01775941625237465,0.04699563980102539,0.45739325881004333,4,0.5,
fixed,2,5999,0.34711429476737976,0.0,0.03069305047392845,0.08883333206176758,0.389110803604126,4,0.75,
fixed,2,6000,0.8231847286224365,0.0,0.027615416795015335,0.09540987014770508,0.8656153678894043,4,0.75,11.37071418762207
fixed,2,6001,0.9708629846572876,0.011388452723622322,0.01982732303440571,0.07167303562164307,1.0079728364944458,4,0.75,
fixed,2,6002,0.6771788597106934,0.027257412672042847,0.01956513151526451,0.10369932651519775,0.7316999435424805,4,0.75,
fixed,2,6003,1.3566696643829346,0.015341728925704956,0.022379688918590546,0.06148695945739746,1.3939764499664307,4,0.75,
fixed,2,6004,0.9685569405555725,0.0,0.006818341091275215,0.13897109031677246,1.0136574506759644,4,0.25,
fixed,2,6005,0.5834074020385742,0.014304915443062782,0.026033824309706688,0.05968928337097168,0.621483564376831,4,0.75,4.209961891174316
