mode,epoch,step,ce,l_over,l_under,r_hedge,tcl_total,n_volatile,pred_confident_frac,c_hat_grad_norm
fixed,0,0,6.530894756317139,0.00949218962341547,0.03753906115889549,0.0,6.554410457611084,4,1.0,0.5177306532859802
fixed,0,1,7.19155740737915,0.006253527477383614,0.07566946744918823,0.00013554096221923828,7.232559680938721,4,0.5,
fixed,0,2,2.9204201698303223,0.0036074607633054256,0.10872505605220795,0.001013040542602539,2.9768903255462646,4,0.0,
fixed,0,3,3.4980313777923584,0.00450299633666873,0.10040108859539032,0.0053479671478271484,3.5520877838134766,4,0.0,
fixed,0,4,2.7528183460235596,0.0,0.11335024237632751,0.024953246116638184,2.81697940826416,4,0.0,
fixed,0,5,2.6455698013305664,0.0,0.06631749868392944,0.07025420665740967,2.6998047828674316,4,1.0,7.86672306060791
fixed,0,6,2.007699966430664,0.0,0.0462183840572834,0.12522053718566895,2.0683753490448,4,1.0,
fixed,0,7,2.7709038257598877,0.04962725564837456,0.008265205658972263,0.23939144611358643,2.8716673851013184,4,1.0,
fixed,0,8,1.674368143081665,0.09134744107723236,0.006165254861116409,0.32501959800720215,1.8206303119659424,4,1.0,
fixed,0,9,1.9196858406066895,0.0610404834151268,0.01184836681932211,0.3425678014755249,2.0589005947113037,4,1.0,
fixed,0,10,1.9750880002975464,0.0,0.031008873134851456,0.29090404510498047,2.0778636932373047,4,1.0,12.979451179504395
fixed,0,11,2.14033842086792,5.495859659276903e-05,0.017742468044161797,0.2805100679397583,2.2333900928497314,4,1.0,
fixed,0,12,1.2103737592697144,0.03658994287252426,0.026131266728043556,0.2366786003112793,1.3127379417419434,4,1.0,
fixed,0,13,2.0102949142456055,0.010767634958028793,0.06401257961988449,0.22711539268493652,2.1158196926116943,4,0.0,
fixed,0,14,3.0202653408050537,0.030164267867803574,0.02241319976747036,0.17137861251831055,3.0979676246643066,4,0.0,
fixed,0,15,2.4161911010742188,0.013236822560429573,0.056341949850320816,0.09546637535095215,2.4796204566955566,4,0.0,12.293556213378906
fixed,0,16,3.1560966968536377,0.009641848504543304,0.008703474886715412,0.039235472679138184,3.1770401000976562,4,0.0,
fixed,0,17,2.808319091796875,0.0008467246079817414,0.0700482726097107,0.04226207733154297,2.8564453125,4,0.0,
fixed,0,18,1.9790961742401123,0.0,0.13446056842803955,0.0045746564865112305,2.047698974609375,4,0.0,
fixed,0,19,2.0987322330474854,0.009330217726528645,0.05036883428692818,0.03855884075164795,2.1401493549346924,4,0.0,
fixed,0,20,2.0124013423919678,0.03568516671657562,0.02784542366862297,0.13678240776062012,2.0852012634277344,4,0.75,2.2434611320495605
fixed,0,21,2.0784006118774414,0.02116800658404827,0.03132688254117966,0.18781733512878418,2.1609933376312256,4,1.0,
fixed,0,22,2.0747952461242676,0.022778846323490143,0.019293077290058136,0.23754596710205078,2.1670949459075928,4,1.0,
fixed,0,23,1.2834845781326294,0.060775019228458405,0.012321649119257927,0.21758639812469482,1.385308861732483,4,1.0,
fixed,0,24,2.5974082946777344,0.025643721222877502,0.01996193267405033,0.17740225791931152,2.673431873321533,4,0.75,
fixed,0,25,3.3847198486328125,0.02361447550356388,0.003631989471614361,0.09625732898712158,3.427220344543457,4,0.0,6.7781758308410645
fixed,0,26,2.5368258953094482,0.011770986020565033,0.05996190756559372,0.10927164554595947,2.605473756790161,4,0.0,
fixed,0,27,2.8048336505889893,0.009525839239358902,0.037279222160577774,0.39818310737609863,2.9476912021636963,4,0.0,
fixed,0,28,1.5619337558746338,0.00900430791079998,0.0379527285695076,0.39035558700561523,1.7025189399719238,4,0.0,
fixed,0,29,2.307356834411621,0.012412761338055134,0.034241411834955215,0.27062034606933594,2.411870002746582,4,0.0,
fixed,0,30,2.4760019779205322,0.011900462210178375,0.034855153411626816,0.149916410446167,2.5443546772003174,4,0.0,4.678403854370117
fixed,0,31,1.833373785018921,0.008120635524392128,0.0761047974228859,0.07143831253051758,1.8969180583953857,4,0.0,
fixed,0,32,2.3852055072784424,0.010253263637423515,0.06595650315284729,0.04573631286621094,2.4370312690734863,4,1.0,
fixed,0,33,2.721666097640991,0.02401047572493553,0.03919257968664169,0.06345415115356445,2.772303819656372,4,1.0,
fixed,0,34,2.160245180130005,0.03805737942457199,0.019734550267457962,0.09436726570129395,2.217451333999634,4,1.0,
fixed,0,35,2.336057424545288,0.0320037305355072,0.021448105573654175,0.09863805770874023,2.3923747539520264,4,1.0,11.233945846557617
fixed,0,36,3.5864124298095703,0.030256662517786026,0.0,0.07920432090759277,3.6253020763397217,4,1.0,
fixed,0,37,1.6355053186416626,0.0,0.13790929317474365,0.050197482109069824,1.7195192575454712,4,1.0,
fixed,0,38,2.6748669147491455,0.013707243837416172,0.0,0.03827929496765137,2.693204402923584,4,1.0,
fixed,0,39,2.1930739879608154,0.002852474572136998,0.11549271643161774,0.029022812843322754,2.260953426361084,4,1.0,
fixed,0,40,2.1389267444610596,0.009169758297502995,0.03744395077228546,0.027348041534423828,2.170438051223755,4,1.0,1.248914122581482
fixed,0,41,2.2752280235290527,0.009344024583697319,0.03730611130595207,0.0318295955657959,2.3081018924713135,4,0.0,
fixed,0,42,3.0613749027252197,0.006428129505366087,0.07405164837837219,0.04607582092285156,3.1154375076293945,4,0.0,
fixed,0,43,1.3683685064315796,0.006882062181830406,0.07274182140827179,0.06102275848388672,1.4264873266220093,4,0.0,
fixed,0,44,2.6699435710906982,0.011319369077682495,0.03513215854763985,0.08325743675231934,2.718146562576294,4,0.0,
fixed,0,45,1.4876335859298706,0.008371582254767418,0.041515372693538666,0.09038364887237549,1.5396921634674072,4,0.0,4.547571659088135
fixed,0,46,1.6928006410598755,0.00448712008073926,0.10051970183849335,0.0977780818939209,1.7746374607086182,4,0.0,
fixed,0,47,3.047992706298828,0.00508823012933135,0.04413450136780739,0.09578609466552734,3.101339817047119,4,0.0,
fixed,0,48,2.1529107093811035,0.011533220298588276,0.03529583290219307,0.09076559543609619,2.20355486869812,4,0.0,
fixed,0,49,2.0372984409332275,0.013025585561990738,0.056556325405836105,0.07843363285064697,2.0956194400787354,4,0.0,
fixed,0,50,2.308565855026245,0.021599818021059036,0.02722238190472126,0.06851351261138916,2.3535311222076416,4,0.0,2.410658359527588
fixed,0,51,1.967104196548462,0.015902452170848846,0.05120418220758438,0.0739203691482544,2.0228335857391357,4,0.0,
fixed,0,52,2.8241331577301025,0.025595419108867645,0.024580474942922592,0.07452893257141113,2.871579885482788,4,0.0,
fixed,0,53,2.5865728855133057,0.018058281391859055,0.04826420918107033,0.07673192024230957,2.6427536010742188,4,0.0,
fixed,0,54,2.1741127967834473,0.028553394600749016,0.022962966933846474,0.07949197292327881,2.2237186431884766,4,0.0,
fixed,0,55,2.640812635421753,0.02016470581293106,0.045249659568071365,0.08408498764038086,2.6987452507019043,4,0.0,2.8370277881622314
fixed,0,56,2.1448962688446045,0.00994472112506628,0.06770327687263489,0.08292198181152344,2.20859694480896,4,0.25,
fixed,0,57,1.9770861864089966,0.010438992641866207,0.06456179916858673,0.08870053291320801,2.041196823120117,4,1.0,
fixed,0,58,1.5095518827438354,0.0,0.08580392599105835,0.08418822288513184,1.5777102708816528,4,1.0,
fixed,0,59,2.295912265777588,0.0,0.07860486954450607,0.09342789649963379,2.3632431030273438,4,1.0,
fixed,0,60,1.2726773023605347,0.05365826189517975,0.0,0.10518217086791992,1.3310611248016357,4,1.0,16.022279739379883
fixed,0,61,1.829309105873108,0.040838249027729034,0.017141886055469513,0.10850250720977783,1.8908499479293823,4,1.0,
fixed,0,62,2.123605251312256,0.026422686874866486,0.036294713616371155,0.10251259803771973,2.185717821121216,4,1.0,
fixed,0,63,2.1178221702575684,0.024674367159605026,0.038159582763910294,0.09495353698730469,2.177725315093994,4,1.0,
fixed,0,64,2.1479475498199463,0.023290403187274933,0.03974395990371704,0.0899057388305664,2.2064363956451416,4,1.0,
fixed,0,65,1.3497480154037476,0.010035209357738495,0.04630676284432411,0.0740346908569336,1.4001294374465942,4,1.0,8.788861274719238
fixed,0,66,2.2834646701812744,0.018439050763845444,0.026821842417120934,0.06403124332427979,2.3253045082092285,4,1.0,
fixed,0,67,2.8811533451080322,0.008296946994960308,0.07547391951084137,0.053215742111206055,2.9390034675598145,4,1.0,
fixed,0,68,2.3734986782073975,0.007590942550450563,0.0782533586025238,0.048230648040771484,2.4308900833129883,4,1.0,
fixed,0,69,2.8851895332336426,0.02194855734705925,0.00415982399135828,0.04262280464172363,2.9110305309295654,4,1.0,
fixed,0,70,2.5226073265075684,0.02036176808178425,0.027836129069328308,0.0388869047164917,2.5583722591400146,4,1.0,2.5569167137145996
fixed,0,71,1.4349066019058228,0.006061098072677851,0.08848457783460617,0.031748056411743164,1.4917038679122925,4,1.0,
fixed,0,72,1.999793291091919,0.01743844524025917,0.03025214932858944,0.030611276626586914,2.0328218936920166,4,0.75,
fixed,0,73,2.368565559387207,0.016306104138493538,0.030479636043310165,0.029869914054870605,2.4009194374084473,4,0.0,
fixed,0,74,2.1095919609069824,0.00978940911591053,0.06422711163759232,0.030361294746398926,2.1557085514068604,4,0.0,
fixed,0,75,4.071570873260498,0.009671427309513092,0.06458796560764313,0.03287029266357422,4.118561744689941,4,0.0,7.531096935272217
fixed,0,76,2.3425872325897217,0.004783524200320244,0.09764526784420013,0.03912091255187988,2.4055378437042236,4,0.0,
fixed,0,77,3.2104859352111816,0.014630972407758236,0.03216652572154999,0.04067409038543701,3.246086835861206,4,0.0,
fixed,0,78,2.0593314170837402,0.0050585330463945866,0.09518499672412872,0.046469807624816895,2.123394012451172,4,0.0,
fixed,0,79,3.042302370071411,0.0,0.12331312894821167,0.05207645893096924,3.119581937789917,4,0.0,
fixed,0,80,2.708725929260254,0.026162583380937576,0.0,0.057523488998413086,2.7390642166137695,4,0.0,11.774735450744629
fixed,0,81,2.3521807193756104,0.02121884562075138,0.027756500989198685,0.05986166000366211,2.3946268558502197,4,1.0,
fixed,0,82,1.8272066116333008,0.01481771469116211,0.031177671626210213,0.061919569969177246,1.8687801361083984,4,1.0,
fixed,0,83,2.1666646003723145,0.014881236478686333,0.05391605943441391,0.05764651298522949,2.2183570861816406,4,1.0,
fixed,0,84,2.3323659896850586,0.02991480566561222,0.0,0.05751335620880127,2.364577293395996,4,1.0,
fixed,0,85,2.074263095855713,0.007226308807730675,0.05863330513238907,0.053580284118652344,2.1232669353485107,4,1.0,10.253646850585938
fixed,0,86,1.740777850151062,0.020602459087967873,0.027865363284945488,0.049956560134887695,1.779998779296875,4,0.5,
fixed,0,87,1.9462708234786987,0.013144977390766144,0.05679226666688919,0.04669785499572754,1.995248794555664,4,0.0,
fixed,0,88,2.492401599884033,0.019038764759898186,0.005025642924010754,0.04262542724609375,2.517221450805664,4,0.0,
fixed,0,89,2.3515141010284424,0.024210071191191673,0.0,0.04307222366333008,2.3765408992767334,4,0.0,
fixed,0,90,1.9420429468154907,0.005635065957903862,0.09265007823705673,0.042980313301086426,2.004079580307007,4,0.0,13.507232666015625
fixed,0,91,2.1658523082733154,0.010625028982758522,0.061824601143598557,0.04316091537475586,2.2150254249572754,4,0.0,
fixed,0,92,2.061095714569092,0.010552162304520607,0.06215883791446686,0.04300093650817871,2.1103515625,4,0.0,
fixed,0,93,1.9038655757904053,0.010452453047037125,0.062301672995090485,0.04496502876281738,1.9537321329116821,4,0.0,
fixed,0,94,2.2557919025421143,0.005337477196007967,0.06774908304214478,0.04438364505767822,2.305650234222412,4,0.0,
fixed,0,95,2.2643473148345947,0.0,0.12216564267873764,0.04010653495788574,2.3374621868133545,4,0.0,20.65839195251465
fixed,0,96,2.983262062072754,0.012862903997302055,0.057012081146240234,0.045979976654052734,3.0319936275482178,4,0.0,
fixed,0,97,2.30968976020813,0.01459303218871355,0.05404629558324814,0.0497361421585083,2.3589303493499756,4,0.5,
fixed,0,98,2.6137874126434326,0.016105279326438904,0.028668463230133057,0.0524744987487793,2.651916742324829,4,1.0,
fixed,0,99,2.568505048751831,0.02644197642803192,0.023969702422618866,0.05898475646972656,2.6114063262939453,4,1.0,
fixed,0,100,1.732093095779419,0.018369728699326515,0.04721492901444435,0.06214249134063721,1.783528208732605,4,1.0,4.08344030380249
fixed,0,101,1.677230954170227,0.00936704408377409,0.06943809986114502,0.06401801109313965,1.7358388900756836,4,1.0,
fixed,0,102,1.621199131011963,0.019540267065167427,0.025143645703792572,0.06754577159881592,1.6638047695159912,4,1.0,
fixed,0,103,3.1453163623809814,0.01983090117573738,0.043759431689977646,0.0691843032836914,3.197866916656494,4,1.0,
fixed,0,104,2.5574259757995605,0.009745306335389614,0.06730019301176071,0.06649947166442871,2.615898609161377,4,1.0,
fixed,0,105,2.0348899364471436,0.01000580471009016,0.06716050207614899,0.06683969497680664,2.093524932861328,4,1.0,12.830307960510254
fixed,0,106,2.5153675079345703,0.020640362054109573,0.04326546937227249,0.06920075416564941,2.5680806636810303,4,1.0,
fixed,0,107,1.433692455291748,0.03100595436990261,0.021434525027871132,0.070556640625,1.4810796976089478,4,1.0,
fixed,0,108,1.7326054573059082,0.019594982266426086,0.045034218579530716,0.06481218338012695,1.7843637466430664,4,1.0,
fixed,0,109,2.6762092113494873,0.018398143351078033,0.04688385874032974,0.06102263927459717,2.7271571159362793,4,1.0,
fixed,0,110,2.325719118118286,0.026534324511885643,0.02413647621870041,0.06025683879852295,2.369131565093994,4,1.0,5.077004432678223
fixed,0,111,2.088827610015869,0.016040176153182983,0.02885277010500431,0.06106209754943848,2.1295926570892334,4,1.0,
fixed,0,112,2.386981725692749,0.021189991384744644,0.027947450056672096,0.050490736961364746,2.4266977310180664,4,1.0,
fixed,0,113,2.511200428009033,0.018497634679079056,0.028787832707166672,0.055442214012145996,2.551475763320923,4,0.0,
fixed,0,114,2.029346227645874,0.010197287425398827,0.06168672442436218,0.05618441104888916,2.082143545150757,4,0.0,
fixed,0,115,2.0077528953552246,0.013387152925133705,0.03283897042274475,0.057773590087890625,2.0481979846954346,4,0.0,0.7254763841629028
fixed,0,116,1.5194001197814941,0.007674998603761196,0.04296917840838432,0.0630882978439331,1.5636487007141113,4,0.0,
fixed,0,117,2.814556837081909,0.01394800003618002,0.0,0.06532430648803711,2.84112811088562,4,0.0,
fixed,0,118,1.9767615795135498,0.009224224835634232,0.037710390985012054,0.06947290897369385,2.021070718765259,4,0.0,
fixed,0,119,1.3087893724441528,0.0025706691667437553,0.11743904650211334,0.07251715660095215,1.3905494213104248,4,0.0,
fixed,0,120,2.4952285289764404,0.005337166599929333,0.04824638366699219,0.06937777996063232,2.5428335666656494,4,0.0,6.4743170738220215
fixed,0,121,2.120243787765503,0.0029018507339060307,0.11424785852432251,0.059754371643066406,2.196744918823242,4,0.0,
fixed,0,122,1.3584108352661133,0.0071362080052495,0.07254178822040558,0.04779946804046631,1.4125896692276,4,0.0,
fixed,0,123,2.3362560272216797,0.016904987394809723,0.0,0.03690779209136963,2.355780839920044,4,0.0,
fixed,0,124,2.449951648712158,0.014041200280189514,0.03276592120528221,0.034003376960754395,2.4835562705993652,4,0.0,
fixed,0,125,2.2855372428894043,0.01512346975505352,0.03212021291255951,0.033129215240478516,2.3190977573394775,4,0.0,1.2579927444458008
fixed,0,126,2.5718836784362793,0.01072421669960022,0.06264742463827133,0.03150069713592529,2.6180198192596436,4,0.0,
fixed,0,127,3.014702081680298,0.017354700714349747,0.029656246304512024,0.03445553779602051,3.04854416847229,4,0.0,
fixed,0,128,2.265205144882202,0.017328491434454918,0.029960008338093758,0.035927772521972656,2.2996277809143066,4,0.0,
fixed,0,129,2.523627758026123,0.023646298795938492,0.0,0.03782844543457031,2.546799421310425,4,0.0,
fixed,0,130,2.3729631900787354,0.005495009478181601,0.0907902643084526,0.04235982894897461,2.4338138103485107,4,0.0,15.975147247314453
fixed,0,131,2.0032143592834473,0.005705167073756456,0.042087752372026443,0.04548239707946777,2.0407555103302,4,0.0,
fixed,0,132,2.1532697677612305,0.017566531896591187,0.029996810480952263,0.045838356018066406,2.190803050994873,4,0.0,
fixed,0,133,1.4900727272033691,0.011896131560206413,0.05855891853570938,0.04604220390319824,1.53911292552948,4,0.0,
fixed,0,134,2.4039196968078613,0.012348928488790989,0.057071976363658905,0.04674708843231201,2.4526543617248535,4,0.0,
fixed,0,135,2.063371419906616,0.01886652410030365,0.028154732659459114,0.04781484603881836,2.101226568222046,4,0.0,2.340198516845703
fixed,0,136,2.519134521484375,0.00641972478479147,0.0846838429570198,0.04974031448364258,2.57960844039917,4,0.0,
fixed,0,137,1.6273187398910522,0.006824581418186426,0.08308552205562592,0.05298912525177002,1.6881705522537231,4,0.0,
fixed,0,138,1.910115361213684,0.0071742599830031395,0.07989949733018875,0.05651664733886719,1.9706072807312012,4,0.75,
fixed,0,139,2.219566822052002,0.016134899109601974,0.050543412566185,0.05907130241394043,2.27062726020813,4,1.0,
fixed,0,140,2.71532940864563,0.026652904227375984,0.023947762325406075,0.06406748294830322,2.759850025177002,4,1.0,4.733822822570801
fixed,0,141,2.3302478790283203,0.0,0.0731908529996872,0.06890988349914551,2.3875162601470947,4,1.0,
fixed,0,142,1.7014745473861694,0.019948501139879227,0.04507596045732498,0.07150542736053467,1.7554384469985962,4,1.0,
fixed,0,143,1.440224528312683,0.010672178119421005,0.0640825629234314,0.07793045043945312,1.500981092453003,4,1.0,
fixed,0,144,1.4635512828826904,0.02254572883248329,0.040990836918354034,0.08330512046813965,1.5203111171722412,4,1.0,
fixed,0,145,2.5362203121185303,0.011366289108991623,0.059799231588840485,0.08728814125061035,2.597989559173584,4,1.0,11.915644645690918
fixed,0,146,2.1298694610595703,0.02414141595363617,0.03953402861952782,0.09195637702941895,2.1892940998077393,4,1.0,
fixed,0,147,2.8443515300750732,0.02359025552868843,0.003433666657656431,0.0890733003616333,2.884585380554199,4,1.0,
fixed,0,148,2.7584097385406494,0.022061936557292938,0.0038095610216259956,0.07875144481658936,2.794970989227295,4,1.0,
fixed,0,149,2.688507556915283,0.020739145576953888,0.02445089817047119,0.06473779678344727,2.7305238246917725,4,1.0,
fixed,0,150,1.9278974533081055,0.018581459298729897,0.04707017540931702,0.050112247467041016,1.9757568836212158,4,1.0,3.9580180644989014
fixed,0,151,1.6998354196548462,0.016671959310770035,0.04927372559905052,0.04166066646575928,1.7453064918518066,4,1.0,
fixed,0,152,1.9815202951431274,0.015114815905690193,0.0300648994743824,0.03397786617279053,2.01430344581604,4,1.0,
fixed,0,153,2.128697156906128,0.020359346643090248,0.004344888497143984,0.02983534336090088,2.1499998569488525,4,0.0,
fixed,0,154,2.6015782356262207,0.017886871472001076,0.029728572815656662,0.028608083724975586,2.6339683532714844,4,0.0,
fixed,0,155,2.6089203357696533,0.01601889543235302,0.030605565756559372,0.028412342071533203,2.640756368637085,4,0.0,1.3460499048233032
fixed,0,156,1.9172533750534058,0.014053760096430779,0.03198453038930893,0.031336307525634766,1.9496734142303467,4,0.0,
fixed,0,157,2.4830503463745117,0.011855964548885822,0.03501962497830391,0.03574848175048828,2.5172126293182373,4,0.0,
fixed,0,158,2.0267088413238525,0.013829582370817661,0.0,0.043488144874572754,2.0466699600219727,4,0.0,
fixed,0,159,2.134442090988159,0.0027129726950079203,0.085008405148983,0.05299663543701172,2.194201707839966,4,0.0,
fixed,0,160,2.117072105407715,0.0075381603091955185,0.038807135075330734,0.06082189083099365,2.158491373062134,4,0.0,1.4833307266235352
fixed,0,161,1.769295573234558,0.0025103623047471046,0.12016673386096954,0.06727743148803711,1.850817322731018,4,0.0,
fixed,0,162,3.3189034461975098,0.056157469749450684,0.040984004735946655,0.06527400016784668,3.387056350708008,4,0.0,
fixed,0,163,1.3849174976348877,0.004675464238971472,0.07744983583688736,0.05945253372192383,1.4438159465789795,4,0.0,
fixed,0,164,2.61995005607605,0.010629886761307716,0.0,0.05572474002838135,2.641982316970825,4,0.0,
fixed,0,165,1.7437764406204224,0.0026270525995641947,0.11629851907491684,0.05425262451171875,1.8195149898529053,4,0.0,15.098589897155762
fixed,0,166,2.6423966884613037,0.0028113513253629208,0.11111696809530258,0.03944706916809082,2.7111949920654297,4,0.0,
fixed,0,167,1.7335255146026611,0.003281937912106514,0.10775651037693024,0.042980194091796875,1.801938772201538,4,0.0,
fixed,0,168,2.2120249271392822,0.012729257345199585,0.03444209694862366,0.04126739501953125,2.247990846633911,4,0.0,
fixed,0,169,2.0546534061431885,0.014610309153795242,0.031011026352643967,0.041496872901916504,2.0899131298065186,4,0.0,
fixed,0,170,2.4485058784484863,0.005307720508426428,0.06618655472993851,0.04239308834075928,2.4969708919525146,4,0.0,10.160099983215332
fixed,0,171,2.6781222820281982,0.02502637729048729,0.0,0.04476308822631836,2.70406436920166,4,1.0,
fixed,0,172,1.937523365020752,0.027118820697069168,0.0,0.04905891418457031,1.965800404548645,4,1.0,
fixed,0,173,1.9684913158416748,0.02129608765244484,0.027394387871026993,0.051535964012145996,2.0082974433898926,4,1.0,
fixed,0,174,2.626424789428711,0.014285705983638763,0.054886430501937866,0.05210578441619873,2.676642656326294,4,1.0,
fixed,0,175,2.753441095352173,0.014935038983821869,0.05398879200220108,0.05616450309753418,2.8047523498535156,4,1.0,4.6171746253967285
fixed,0,176,2.1506989002227783,0.013982146978378296,0.05409357696771622,0.057921648025512695,2.202113151550293,4,1.0,
fixed,0,177,1.6551376581192017,0.02190445363521576,0.027209442108869553,0.0621800422668457,1.6983486413955688,4,1.0,
fixed,0,178,1.9735145568847656,0.014340529218316078,0.05590680241584778,0.06551122665405273,2.028291702270508,4,1.0,
fixed,0,179,2.4032950401306152,0.007057586219161749,0.08233878016471863,0.06904077529907227,2.468705415725708,4,1.0,
fixed,0,180,2.250314950942993,0.021227968856692314,0.025191817432641983,0.0712120532989502,2.294888496398926,4,0.75,3.422149419784546
fixed,0,181,1.3342193365097046,0.007233064156025648,0.08286480605602264,0.07533049583435059,1.401867389678955,4,0.5,
fixed,0,182,1.4919300079345703,0.021470345556735992,0.0260249525308609,0.07604598999023438,1.5384914875030518,4,0.5,
fixed,0,183,2.6722333431243896,0.0294352974742651,0.0,0.0791085958480835,2.710683584213257,4,0.75,
fixed,0,184,1.8859182596206665,0.013642039149999619,0.054258838295936584,0.07510924339294434,1.9424015283584595,4,0.25,
fixed,0,185,2.7777602672576904,0.02675541490316391,0.0,0.07477390766143799,2.813570261001587,4,0.0,10.275351524353027
fixed,0,186,1.2478291988372803,0.018822666257619858,0.02920343540608883,0.07650566101074219,1.294793963432312,4,0.0,
fixed,0,187,2.646299123764038,0.011499015614390373,0.03361184149980545,0.07061958312988281,2.690040349960327,4,0.0,
fixed,0,188,0.9653854966163635,0.02190997451543808,0.0,0.07012641429901123,0.997378408908844,4,0.0,
fixed,0,189,2.2235665321350098,0.0044166324660182,0.04561862349510193,0.06503748893737793,2.2680954933166504,4,0.0,
fixed,0,190,2.1217637062072754,0.008422276005148888,0.0645701065659523,0.059784650802612305,2.1761953830718994,4,0.0,7.141913414001465
fixed,0,191,1.4408866167068481,0.016101215034723282,0.0,0.05744826793670654,1.4661717414855957,4,0.0,
fixed,0,192,2.2483112812042236,0.015041511505842209,0.0,0.05318617820739746,2.2717878818511963,4,0.0,
fixed,0,193,2.044302463531494,0.01003928855061531,0.036118630319833755,0.05240738391876221,2.083103656768799,4,0.0,
fixed,0,194,3.0734384059906006,0.003040201496332884,0.11209888011217117,0.054163217544555664,3.147256851196289,4,0.0,
fixed,0,195,1.9551656246185303,0.00592210004106164,0.07302189618349075,0.04911613464355469,2.0093724727630615,4,0.0,7.823866844177246
fixed,0,196,2.2092761993408203,0.009091743268072605,0.034151602536439896,0.04434001445770264,2.2441999912261963,4,0.0,
fixed,0,197,2.6011765003204346,0.009569939225912094,0.03620479628443718,0.040709614753723145,2.6362767219543457,4,0.0,
fixed,0,198,2.2763772010803223,0.003369481535628438,0.10549449920654297,0.033867597579956055,2.3409695625305176,4,0.0,
fixed,0,199,1.7238001823425293,0.003292111214250326,0.10472160577774048,0.032128214836120605,1.7874455451965332,4,0.0,
fixed,0,200,2.171084403991699,0.0038293402176350355,0.10177550464868546,0.031069159507751465,2.2332074642181396,4,0.0,14.227594375610352
fixed,0,201,2.8856287002563477,0.009707268327474594,0.06160147488117218,0.027758121490478516,2.92961049079895,4,0.0,
fixed,0,202,2.7138872146606445,0.017260486260056496,0.0295381061732769,0.02779555320739746,2.7456252574920654,4,0.25,
fixed,0,203,1.531346082687378,0.018207799643278122,0.028756622225046158,0.031546950340270996,1.5642924308776855,4,0.0,
fixed,0,204,2.7214291095733643,0.020476557314395905,0.02801045961678028,0.03445887565612793,2.7560102939605713,4,0.5,
fixed,0,205,1.8357526063919067,0.020028432831168175,0.026220155879855156,0.03794980049133301,1.870261788368225,4,1.0,2.464306354522705
fixed,0,206,1.4147053956985474,0.014257843606173992,0.05518750846385956,0.04313254356384277,1.4623677730560303,4,1.0,
fixed,0,207,2.25239634513855,0.014157661236822605,0.0527496412396431,0.04556155204772949,2.299518346786499,4,1.0,
fixed,0,208,2.486382007598877,0.02169770374894142,0.026309894397854805,0.05101621150970459,2.5256905555725098,4,1.0,
fixed,0,209,2.595285177230835,0.02263767272233963,0.025264782831072807,0.0552980899810791,2.6358258724212646,4,1.0,
fixed,0,210,1.9944285154342651,0.020730961114168167,0.027467835694551468,0.0573883056640625,2.0357444286346436,4,1.0,2.6278531551361084
fixed,0,211,2.655747652053833,0.0065056197345256805,0.082410529255867,0.0585627555847168,2.7177746295928955,4,0.75,
fixed,0,212,2.1095480918884277,0.0192335844039917,0.028589636087417603,0.06345748901367188,2.1524970531463623,4,0.0,
fixed,0,213,2.148871898651123,0.01833375170826912,0.004919122904539108,0.06816041469573975,2.1809463500976562,4,0.0,
fixed,0,214,1.8884745836257935,0.01146447379142046,0.0551743246614933,0.06626546382904053,1.9416736364364624,4,0.25,
fixed,0,215,1.9771462678909302,0.010799815878272057,0.033785995095968246,0.06090199947357178,2.017709732055664,4,0.0,2.897050380706787
fixed,0,216,1.6222846508026123,0.005061004776507616,0.09020182490348816,0.05987405776977539,1.6878782510757446,4,0.0,
fixed,0,217,1.5695631504058838,0.016101092100143433,0.03139890730381012,0.06032824516296387,1.6114115715026855,4,0.0,
fixed,0,218,2.2477946281433105,0.0,0.09616892784833908,0.05097198486328125,2.3111705780029297,4,0.0,
fixed,0,219,2.012308359146118,0.015810448676347733,0.028998713940382004,0.05031299591064453,2.049806833267212,4,0.0,
fixed,0,220,1.3529729843139648,0.017262987792491913,0.028083598241209984,0.047058701515197754,1.3897638320922852,4,0.25,2.111095428466797
fixed,0,221,1.9781768321990967,0.0055482336319983006,0.0860927402973175,0.042971134185791016,2.036888599395752,4,0.25,
fixed,0,222,2.379295587539673,0.005307715851813555,0.08810564875602722,0.04208242893218994,2.438627004623413,4,0.25,
fixed,0,223,2.49654483795166,0.012143164873123169,0.0528392419219017,0.0411677360534668,2.541386365890503,4,0.5,
fixed,0,224,1.5972907543182373,0.012806909158825874,0.056579649448394775,0.043683648109436035,1.6450891494750977,4,0.25,
fixed,0,225,1.3485867977142334,0.01632748544216156,0.05023376643657684,0.04852402210235596,1.396424651145935,4,1.0,4.534731388092041
fixed,0,226,1.5011796951293945,0.006691417656838894,0.07521750032901764,0.04800236225128174,1.5565348863601685,4,0.75,
fixed,0,227,1.6933120489120483,0.014726361259818077,0.05024949833750725,0.048563480377197266,1.7403690814971924,4,1.0,
fixed,0,228,1.9440664052963257,0.016646526753902435,0.04626987501978874,0.05593407154083252,1.992304801940918,4,1.0,
fixed,0,229,2.811701774597168,0.009017465636134148,0.05011347308754921,0.06200599670410156,2.8598690032958984,4,1.0,
fixed,0,230,1.7113430500030518,0.009106166660785675,0.06674077361822128,0.06488251686096191,1.7687312364578247,4,1.0,10.834283828735352
fixed,0,231,3.2220935821533203,0.029213164001703262,0.023818159475922585,0.061093688011169434,3.266937255859375,4,1.0,
fixed,0,232,1.73458731174469,0.031134914606809616,0.021403826773166656,0.07568597793579102,1.783562421798706,4,1.0,
fixed,0,233,1.9005045890808105,0.0,0.0670720785856247,0.0756068229675293,1.9567227363586426,4,1.0,
fixed,0,234,2.266014337539673,0.018767744302749634,0.041246622800827026,0.07315325736999512,2.317967414855957,4,1.0,
fixed,0,235,1.4759132862091064,0.009289897046983242,0.06295332312583923,0.07367479801177979,1.5341373682022095,4,1.0,10.859674453735352
fixed,0,236,2.741255760192871,0.017777085304260254,0.044545289129018784,0.0668783187866211,2.79248046875,4,1.0,
fixed,0,237,1.7443821430206299,0.021485215052962303,0.043534621596336365,0.07183718681335449,1.7984431982040405,4,1.0,
fixed,0,238,2.211077928543091,0.01826735958456993,0.04802113026380539,0.062013864517211914,2.262826442718506,4,1.0,
fixed,0,239,2.422197103500366,0.02522210031747818,0.023707956075668335,0.0601423978805542,2.464704751968384,4,1.0,
fixed,0,240,2.2737536430358887,0.023742951452732086,0.022934822365641594,0.05777454376220703,2.314424991607666,4,1.0,3.97023868560791
fixed,0,241,1.9672951698303223,0.014088192954659462,0.052084412425756454,0.054907917976379395,2.0168538093566895,4,0.5,
fixed,0,242,1.6906293630599976,0.011503875255584717,0.05310392752289772,0.04892325401306152,1.7376102209091187,4,0.25,
fixed,0,243,3.317570924758911,0.010461983270943165,0.05893988907337189,0.05106842517852783,3.3675923347473145,4,0.0,
fixed,0,244,1.9029613733291626,0.008004187606275082,0.0383065901696682,0.05075955390930176,1.9413446187973022,4,0.5,
fixed,0,245,2.432586193084717,0.009945264086127281,0.05509204417467117,0.045708537101745605,2.4788174629211426,4,0.25,6.272467136383057
fixed,0,246,2.211179494857788,0.004483283497393131,0.09029583632946014,0.044155120849609375,2.271815538406372,4,0.0,
fixed,0,247,1.3646008968353271,0.014899833127856255,0.026220155879855156,0.0408097505569458,1.3974038362503052,4,0.25,
fixed,0,248,1.7449594736099243,0.014561466872692108,0.04958518594503403,0.040682315826416016,1.7892374992370605,4,0.75,
fixed,0,249,2.4392802715301514,0.010345375165343285,0.05842208489775658,0.03829503059387207,2.48515248298645,4,0.0,
fixed,0,250,2.5728800296783447,0.010977709665894508,0.03434765711426735,0.02597510814666748,2.60333514213562,4,0.5,2.1685149669647217
fixed,0,251,1.7028732299804688,0.008052820339798927,0.08648796379566193,0.035694241523742676,1.7608518600463867,4,0.75,
fixed,0,252,0.910438597202301,0.006828831508755684,0.07841888815164566,0.03462719917297363,0.9634506106376648,4,0.75,
fixed,0,253,1.2941011190414429,0.01195652224123478,0.060820676386356354,0.03537595272064209,1.3411024808883667,4,0.0,
fixed,0,254,2.3520703315734863,0.016269419342279434,0.04820355027914047,0.038448452949523926,2.395841360092163,4,1.0,
fixed,0,255,2.231536865234375,0.014934496954083443,0.049091920256614685,0.03840291500091553,2.275070905685425,4,0.75,4.125814437866211
fixed,0,256,2.5105690956115723,0.014525430276989937,0.05055737867951393,0.04129648208618164,2.55549955368042,4,0.75,
fixed,0,257,2.117283344268799,0.0163167305290699,0.04566176235675812,0.04880571365356445,2.162914276123047,4,1.0,
fixed,0,258,1.8820009231567383,0.008450456894934177,0.05735188350081444,0.037604451179504395,1.9261834621429443,4,1.0,
fixed,0,259,1.4617756605148315,0.010516350157558918,0.05080041289329529,0.05800676345825195,1.5098360776901245,4,1.0,
fixed,0,260,2.3091843128204346,0.016196860000491142,0.023665370419621468,0.059744834899902344,2.347038984298706,4,1.0,1.1800979375839233
fixed,0,261,1.685555100440979,0.0157613605260849,0.04883287101984024,0.05854535102844238,1.7354158163070679,4,1.0,
fixed,0,262,1.6389790773391724,0.008303236216306686,0.06767098605632782,0.06014537811279297,1.6950098276138306,4,1.0,
fixed,0,263,1.8475134372711182,0.023937128484249115,0.023650621995329857,0.05539596080780029,1.8879261016845703,4,0.75,
fixed,0,264,1.725300669670105,0.017224963754415512,0.04582434520125389,0.06165575981140137,1.7753220796585083,4,1.0,
fixed,0,265,1.2389698028564453,0.023488346487283707,0.019963659346103668,0.056813955307006836,1.2777400016784668,4,0.5,4.19497537612915
fixed,0,266,3.4699788093566895,0.014006586745381355,0.049033116549253464,0.05619251728057861,3.5183563232421875,4,0.5,
fixed,0,267,1.9770128726959229,0.025839047506451607,0.0,0.055666327476501465,2.0066323280334473,4,0.25,
fixed,0,268,2.8325440883636475,0.011879932135343552,0.05754706263542175,0.05474853515625,2.8836822509765625,4,0.0,
fixed,0,269,1.7041538953781128,0.004122951067984104,0.06488718092441559,0.04830825328826904,1.7531514167785645,4,0.25,
fixed,0,270,1.7326267957687378,0.00370333855971694,0.09026392549276352,0.04959845542907715,1.7944899797439575,4,0.25,13.35576343536377
fixed,0,271,2.683518409729004,0.014122780412435532,0.0,0.062094926834106445,2.7092082500457764,4,0.0,
fixed,0,272,2.3172237873077393,0.006963871419429779,0.09423883259296417,0.05052042007446289,2.382981300354004,4,0.25,
fixed,0,273,2.4348795413970947,0.006621728651225567,0.039224911481142044,0.05467331409454346,2.4742047786712646,4,0.0,
fixed,0,274,1.7889925241470337,0.011905406601727009,0.028786489740014076,0.04873228073120117,1.823958158493042,4,0.0,
fixed,0,275,2.0872461795806885,0.008711356669664383,0.06801056861877441,0.048637986183166504,2.1401984691619873,4,0.0,7.078555107116699
fixed,0,276,1.8195853233337402,0.0,0.0886474996805191,0.044126272201538086,1.8771469593048096,4,0.75,
fixed,0,277,2.087617874145508,0.005376089364290237,0.08182521164417267,0.04190230369567871,2.143789291381836,4,0.25,
fixed,0,278,1.6803297996520996,0.01744980737566948,0.002127083484083414,0.04023885726928711,1.7021899223327637,4,0.25,
fixed,0,279,2.37758207321167,0.0068624005652964115,0.07160477340221405,0.04443955421447754,2.430147647857666,4,0.75,
fixed,0,280,2.2837424278259277,0.030792919918894768,0.0,0.03916490077972412,2.3108882904052734,4,0.75,10.948124885559082
fixed,0,281,2.116828441619873,0.02627040073275566,0.0038124178536236286,0.04286777973175049,2.1447300910949707,4,1.0,
fixed,0,282,1.7311782836914062,0.01411653496325016,0.02498941868543625,0.03888821601867676,1.7623977661132812,4,1.0,
fixed,0,283,1.0754464864730835,0.007078617345541716,0.05983239412307739,0.053536415100097656,1.1249629259109497,4,1.0,
fixed,0,284,1.772101640701294,0.014001940377056599,0.05353887379169464,0.03324019908905029,1.8158440589904785,4,0.75,
fixed,0,285,1.8594416379928589,0.014974761754274368,0.046020083129405975,0.04020094871520996,1.9019993543624878,4,0.75,4.245646953582764
fixed,0,286,2.376842975616455,0.015739206224679947,0.043683331459760666,0.043225884437561035,2.4195220470428467,4,1.0,
fixed,0,287,1.677307367324829,0.016224952414631844,0.003884595353156328,0.03211939334869385,1.6969980001449585,4,0.5,
fixed,0,288,2.1099934577941895,0.0,0.07939781248569489,0.03843533992767334,2.1612229347229004,4,0.75,
fixed,0,289,2.3671181201934814,0.017377447336912155,0.023473700508475304,0.03480672836303711,2.3979856967926025,4,0.5,
fixed,0,290,1.6696808338165283,0.008109768852591515,0.06463782489299774,0.03534722328186035,1.7166588306427002,4,0.0,6.9272308349609375
fixed,0,291,1.7600359916687012,0.0,0.13016796112060547,0.0373692512512207,1.836330771446228,4,0.0,
fixed,0,292,1.7322546243667603,0.016985632479190826,0.03070254437625408,0.03815138339996338,1.767544150352478,4,0.25,
fixed,0,293,1.6550575494766235,0.007841246202588081,0.05522706359624863,0.04033076763153076,1.6986908912658691,4,0.25,
fixed,0,294,1.7767575979232788,0.015605991706252098,0.03445108234882355,0.04577052593231201,1.8155173063278198,4,0.0,
fixed,0,295,1.916347622871399,0.019318511709570885,0.002518237568438053,0.0495145320892334,1.9421203136444092,4,0.25,6.015805721282959
fixed,0,296,1.8991107940673828,0.005349454935640097,0.06788857281208038,0.05726957321166992,1.9529106616973877,4,0.5,
fixed,0,297,3.0524518489837646,0.016980810090899467,0.03231542184948921,0.05444300174713135,3.093432903289795,4,0.0,
fixed,0,298,2.0419628620147705,0.018600285053253174,0.025503188371658325,0.0569455623626709,2.0810983180999756,4,0.25,
fixed,0,299,1.247897982597351,0.009386276826262474,0.03882969915866852,0.05885970592498779,1.2896639108657837,4,0.5,
fixed,0,300,2.0526986122131348,0.013621576130390167,0.05400867387652397,0.0586545467376709,2.1041100025177,4,0.25,5.196681499481201
fixed,0,301,1.9942563772201538,0.004215826280415058,0.06930586695671082,0.060819387435913086,2.0492630004882812,4,0.5,
fixed,0,302,1.669274091720581,0.01692509651184082,0.021228371188044548,0.06049203872680664,1.706498384475708,4,0.5,
fixed,0,303,1.9583861827850342,0.00968964397907257,0.030470354482531548,0.056873202323913574,1.9955281019210815,4,0.25,
fixed,0,304,1.3092244863510132,0.009321941994130611,0.03779426962137222,0.05900394916534424,1.350483775138855,4,0.5,
fixed,0,305,2.213871479034424,0.01808158867061138,0.0,0.05897343158721924,2.2406044006347656,4,0.0,8.335803985595703
fixed,0,306,2.3883700370788574,0.00875088106840849,0.03774929419159889,0.05581831932067871,2.428365707397461,4,0.0,
fixed,0,307,1.7140417098999023,0.00327048497274518,0.08600975573062897,0.0483548641204834,1.7731882333755493,4,0.25,
fixed,0,308,1.8038382530212402,0.012160567566752434,0.0578974187374115,0.04689586162567139,1.852936029434204,4,0.5,
fixed,0,309,2.8726108074188232,0.012073976919054985,0.06976718455553055,0.04528045654296875,2.9271154403686523,4,0.25,
fixed,0,310,2.0239977836608887,0.0027665214147418737,0.08048267662525177,0.04375016689300537,2.078747510910034,4,0.25,14.059674263000488
fixed,0,311,1.2637134790420532,0.01503637433052063,0.0564642995595932,0.04498457908630371,1.3129591941833496,4,0.5,
fixed,0,312,2.0515942573547363,0.0043257675133645535,0.06762713193893433,0.05002152919769287,2.1025772094726562,4,0.5,
fixed,0,313,1.8917256593704224,0.006621866952627897,0.04918168485164642,0.048538923263549805,1.9341890811920166,4,0.75,
fixed,0,314,2.689194679260254,0.025320377200841904,0.02012770250439644,0.08402836322784424,2.7371273040771484,4,1.0,
fixed,0,315,2.4366867542266846,0.005161707755178213,0.047445639967918396,0.07509863376617432,2.485520124435425,4,0.75,10.127035140991211
fixed,0,316,1.4843140840530396,0.030782759189605713,0.014709449373185635,0.06799983978271484,1.5274600982666016,4,1.0,
fixed,0,317,3.202042818069458,0.02063392847776413,0.030482057482004166,0.07807528972625732,3.251023292541504,4,1.0,
fixed,0,318,2.0321431159973145,0.03539478778839111,0.01493918802589178,0.07254314422607422,2.079072952270508,4,0.75,
fixed,0,319,1.581836462020874,0.012324095703661442,0.056113101541996,0.038405776023864746,1.6275768280029297,4,0.5,
fixed,0,320,2.0709221363067627,0.025708604604005814,0.0,0.037453413009643555,2.0950124263763428,4,0.5,9.792498588562012
fixed,0,321,1.468256950378418,0.010992324911057949,0.04392463341355324,0.042875051498413086,1.5085779428482056,4,0.75,
fixed,0,322,1.5771433115005493,0.006210103631019592,0.020567821338772774,0.04818594455718994,1.6049880981445312,4,0.25,
fixed,0,323,2.455868721008301,0.004366430453956127,0.0,0.10187888145446777,2.4886155128479004,4,0.0,
fixed,0,324,2.775212049484253,0.002448901068419218,0.05012888088822365,0.04733467102050781,2.8157012462615967,4,0.5,
fixed,0,325,2.249988079071045,0.0028014369308948517,0.0,0.13202416896820068,2.2909960746765137,4,0.0,2.6009273529052734
fixed,0,326,1.5795583724975586,0.0,0.16287122666835785,0.07313883304595947,1.6829355955123901,4,0.0,
fixed,0,327,1.9677717685699463,0.002212000312283635,0.056633397936820984,0.06070446968078613,2.0154058933258057,4,0.25,
fixed,0,328,1.161665439605713,0.0011045244755223393,0.0739777535200119,0.054262638092041016,1.2154853343963623,4,0.25,
fixed,0,329,2.578298330307007,0.004442695062607527,0.04689673334360123,0.047936439514160156,2.618349075317383,4,0.5,
fixed,0,330,2.640828847885132,0.004754147492349148,0.08144558221101761,0.0446012020111084,2.6973090171813965,4,0.75,13.196053504943848
fixed,0,331,1.6041587591171265,0.005895002745091915,0.043432049453258514,0.06035268306732178,1.646928071975708,4,0.75,
fixed,0,332,1.7758970260620117,0.0,0.051291324198246,0.09420740604400635,1.8298048973083496,4,1.0,
fixed,0,333,1.9102625846862793,0.03417520970106125,0.01980568654835224,0.06889891624450684,1.9579226970672607,4,1.0,
fixed,0,334,1.927236795425415,0.03195333853363991,0.02901916578412056,0.11869668960571289,1.993332028388977,4,1.0,
fixed,0,335,2.084179401397705,0.03300736844539642,0.018452772870659828,0.06748461723327637,2.130154848098755,4,1.0,5.445727825164795
fixed,0,336,1.7086793184280396,0.0,0.04527997970581055,0.11344826221466064,1.765353798866272,4,1.0,
fixed,0,337,2.3614368438720703,0.010394281707704067,0.03911479562520981,0.11584270000457764,2.4209442138671875,4,1.0,
fixed,0,338,2.283487319946289,0.015365088358521461,0.04637250304222107,0.11001384258270264,2.347360372543335,4,1.0,
fixed,0,339,2.9335739612579346,0.008704998530447483,0.05129976198077202,0.07510757446289062,2.9861085414886475,4,1.0,
fixed,0,340,1.8289848566055298,0.016456086188554764,0.031148631125688553,0.06520867347717285,1.8723498582839966,4,1.0,2.7137718200683594
fixed,0,341,1.9132680892944336,0.01427115872502327,0.03376638889312744,0.05663502216339111,1.9542773962020874,4,1.0,
fixed,0,342,2.0539402961730957,0.021523121744394302,0.016057198867201805,0.046436190605163574,2.0866613388061523,4,0.5,
fixed,0,343,1.4612467288970947,0.004895168822258711,0.040579065680503845,0.051438093185424805,1.4994152784347534,4,0.75,
fixed,0,344,1.8357243537902832,0.004496087320148945,0.04974324256181717,0.040679097175598145,1.8750478029251099,4,0.5,
fixed,0,345,2.312326192855835,0.0023257958237081766,0.029574912041425705,0.03739595413208008,2.3394954204559326,4,0.75,6.203164577484131
fixed,0,346,2.0460195541381836,0.002027354668825865,0.06442826986312866,0.04109013080596924,2.0915744304656982,4,0.5,
fixed,0,347,1.4437657594680786,0.007339957170188427,0.04268784821033478,0.045189499855041504,1.4823365211486816,4,0.0,
fixed,0,348,2.300861358642578,0.01248367503285408,0.06416262686252594,0.036505699157714844,2.3501362800598145,4,0.25,
fixed,0,349,1.4512795209884644,0.002025020308792591,0.0870155394077301,0.03283822536468506,1.5056512355804443,4,0.25,
fixed,0,350,1.6406407356262207,0.01232307031750679,0.0,0.05637919902801514,1.6637160778045654,4,0.0,6.253354072570801
fixed,0,351,2.205036163330078,0.00888482853770256,0.05619413033127785,0.0352863073348999,2.248161554336548,4,0.25,
fixed,0,352,2.87447452545166,0.005585159175097942,0.05952630937099457,0.039554595947265625,2.9188966751098633,4,0.0,
fixed,0,353,2.0903594493865967,0.002673946786671877,0.06815005093812943,0.04127037525177002,2.138152599334717,4,0.25,
fixed,0,354,1.6483800411224365,0.006481042597442865,0.05049566179513931,0.03689110279083252,1.687935709953308,4,0.5,
fixed,0,355,2.1811347007751465,0.008464688435196877,0.0019033702556043863,0.04139423370361328,2.1987369060516357,4,0.5,2.5018608570098877
fixed,0,356,2.373051404953003,0.00714417640119791,0.06911449879407883,0.04265105724334717,2.423975944519043,4,0.5,
fixed,0,357,1.5408604145050049,0.005582289304584265,0.056094057857990265,0.055586814880371094,1.5883746147155762,4,0.75,
fixed,0,358,1.6415419578552246,0.01026671752333641,0.03772880882024765,0.04453229904174805,1.6788994073867798,4,0.5,
fixed,0,359,1.538724660873413,0.024494845420122147,0.038791827857494354,0.06898868083953857,1.5910645723342896,4,1.0,
fixed,0,360,2.0773634910583496,0.024144534021615982,0.020793110132217407,0.07501626014709473,2.1223371028900146,4,1.0,1.8148397207260132
fixed,0,361,2.013676643371582,0.014283811673521996,0.02040933072566986,0.055472612380981445,2.0476651191711426,4,0.75,
fixed,0,362,1.8672083616256714,0.016443226486444473,0.022032061591744423,0.08707833290100098,1.912569522857666,4,0.75,
fixed,0,363,2.4174203872680664,0.017773937433958054,0.030406268313527107,0.046737074851989746,2.455531597137451,4,0.5,
fixed,0,364,2.1070611476898193,0.018671788275241852,0.016099968925118446,0.047122955322265625,2.1385838985443115,4,0.5,
fixed,0,365,1.8465439081192017,0.00530464481562376,0.03000105731189251,0.051122426986694336,1.8795335292816162,4,0.25,3.8035688400268555
fixed,0,366,1.5386154651641846,0.007345491088926792,0.004809952341020107,0.06812179088592529,1.5651297569274902,4,0.0,
fixed,0,367,2.2309200763702393,0.0044810716062784195,0.038656122982501984,0.04166126251220703,2.264986991882324,4,0.5,
fixed,0,368,2.204706907272339,0.0015982658369466662,0.04619362950325012,0.0562976598739624,2.2454922199249268,4,0.5,
fixed,0,369,2.1561059951782227,0.0019157419446855783,0.06600981205701828,0.07455265522003174,2.2124345302581787,4,0.25,
fixed,0,370,2.5843472480773926,0.01472823042422533,0.0,0.07053565979003906,2.6128721237182617,4,0.25,5.576601028442383
fixed,0,371,2.2141706943511963,0.0008418687502853572,0.07924430817365646,0.10665738582611084,2.2862110137939453,4,0.0,
fixed,0,372,2.079335927963257,0.0009233615710400045,0.10738015919923782,0.05502963066101074,2.149996519088745,4,0.25,
fixed,0,373,1.648285150527954,0.017552750185132027,0.03323442488908768,0.05652511119842529,1.6906362771987915,4,0.75,
fixed,0,374,2.0181353092193604,0.001022686599753797,0.053646404296159744,0.04851233959197998,2.060023546218872,4,0.75,
fixed,0,375,2.0747263431549072,0.008731273002922535,0.022135458886623383,0.04513907432556152,2.10370135307312,4,0.25,1.8016937971115112
fixed,0,376,2.0497593879699707,0.009943004697561264,0.03093697503209114,0.05108356475830078,2.085524559020996,4,0.5,
fixed,0,377,2.7548828125,0.017598863691091537,0.01935753785073757,0.042229533195495605,2.786029815673828,4,0.5,
fixed,0,378,2.1406002044677734,0.0027276654727756977,0.05521959066390991,0.05341064929962158,2.1855969429016113,4,0.25,
fixed,0,379,2.6294686794281006,0.010556858032941818,0.009565216489136219,0.046732187271118164,2.6535494327545166,4,0.25,
fixed,0,380,2.145737648010254,0.017845533788204193,0.0,0.05292916297912598,2.170539140701294,4,0.25,7.8398637771606445
fixed,0,381,1.3722918033599854,0.003400080604478717,0.0668414831161499,0.05507183074951172,1.4239341020584106,4,0.5,
fixed,0,382,1.544910192489624,0.021454935893416405,0.05046360567212105,0.06905841827392578,1.601586937904358,4,0.75,
fixed,0,383,0.9758411049842834,0.006365907844156027,0.008721128106117249,0.06441473960876465,1.0027090311050415,4,0.25,
fixed,0,384,2.8115391731262207,0.041236039251089096,0.02422088198363781,0.0725322961807251,2.866027355194092,4,0.75,
fixed,0,385,1.0806972980499268,0.00047944937250576913,0.053505755960941315,0.053223371505737305,1.1236568689346313,4,0.5,10.016322135925293
fixed,0,386,2.4582202434539795,0.004358896054327488,0.020502429455518723,0.08601927757263184,2.4964566230773926,4,0.25,
fixed,0,387,2.2195303440093994,6.611779099330306e-05,0.007840492762625217,0.12498831748962402,2.2609801292419434,4,0.25,
fixed,0,388,2.202157497406006,0.0005810335278511047,0.03992679342627525,0.06689858436584473,2.242480993270874,4,0.5,
fixed,0,389,1.7513920068740845,0.0010946060065180063,2.6542511477600783e-05,0.2257479429244995,1.8196769952774048,4,0.0,
fixed,0,390,1.4136220216751099,0.006948697846382856,0.008874024264514446,0.05744004249572754,1.4387654066085815,4,0.25,2.6187262535095215
fixed,0,391,2.1147842407226562,0.0001170424438896589,0.05008627474308014,0.07072865962982178,2.161104440689087,4,0.5,
fixed,0,392,2.8646109104156494,0.0006244346732273698,0.008755004033446312,0.08831775188446045,2.895796060562134,4,0.25,
fixed,0,393,2.010014772415161,0.0022667229641228914,0.06126367673277855,0.06060922145843506,2.059962749481201,4,0.25,
fixed,0,394,2.2938501834869385,0.002586619695648551,0.005472653079777956,0.08966803550720215,2.324780225753784,4,0.0,
fixed,0,395,1.4407155513763428,0.0027591371908783913,0.01790040358901024,0.060515403747558594,1.4691998958587646,4,0.5,3.776606559753418
fixed,0,396,1.8767964839935303,3.167024260619655e-05,0.031955476850271225,0.20216357707977295,1.9534391164779663,4,1.0,
fixed,0,397,1.0633834600448608,0.01694563776254654,0.0,0.04548525810241699,1.0855019092559814,4,0.25,
fixed,0,398,1.5746546983718872,0.0,0.0272790789604187,0.3039133548736572,1.6794682741165161,4,1.0,
fixed,0,399,2.2884814739227295,0.010372160002589226,0.02102687396109104,0.06315851211547852,2.3231284618377686,4,0.75,
fixed,0,400,2.5677273273468018,0.029301729053258896,0.03058183379471302,0.22996854782104492,2.6666595935821533,4,1.0,4.427842140197754
fixed,0,401,1.981184720993042,0.0029036172199994326,0.07233837246894836,0.04706907272338867,2.032926559448242,4,0.5,
fixed,0,402,2.0716440677642822,0.0,0.10654401034116745,0.03949105739593506,2.136763334274292,4,0.75,
fixed,0,403,2.5955612659454346,0.001556943403556943,0.009381287731230259,0.03927719593048096,2.6128134727478027,4,0.5,
fixed,0,404,3.373047351837158,0.012424711138010025,0.039854537695646286,0.033945322036743164,3.4093706607818604,4,0.75,
fixed,0,405,1.1186813116073608,0.0,0.03011900745332241,0.27238988876342773,1.215457797050476,3,1.0,8.91064167022705
fixed,0,406,2.4308953285217285,0.0018259371863678098,0.023710519075393677,0.0419158935546875,2.456238269805908,4,0.5,
fixed,0,407,2.0051982402801514,0.0009395917877554893,0.026819217950105667,0.05280113220214844,2.0349180698394775,4,0.5,
fixed,0,408,1.8381267786026,0.0005020329263061285,0.029341790825128555,0.04519617557525635,1.8666075468063354,4,0.5,
fixed,0,409,1.2609237432479858,0.019009971991181374,0.01092415489256382,0.04212296009063721,1.2885277271270752,4,0.5,
fixed,0,410,2.0435569286346436,0.028320595622062683,0.05832706391811371,0.10075569152832031,2.117107391357422,4,0.25,5.995532989501953
fixed,0,411,2.1349077224731445,0.00014134254888631403,0.07657964527606964,0.04191386699676514,2.185842275619507,4,0.5,
fixed,0,412,2.4742627143859863,0.0021774882916361094,0.010566046461462975,0.07286357879638672,2.5024936199188232,4,0.25,
fixed,0,413,0.838878870010376,0.0003288191801402718,0.04150892049074173,0.06570768356323242,0.8795100450515747,4,0.75,
fixed,0,414,2.4531402587890625,0.0012416362296789885,0.02976825460791588,0.045207977294921875,2.4822075366973877,4,0.5,
fixed,0,415,2.2906711101531982,0.0005394434556365013,0.0010712186340242624,0.10050058364868164,2.321626663208008,4,0.25,0.8121528029441833
fixed,0,416,1.6728880405426025,0.001075835432857275,0.026215650141239166,0.12260127067565918,1.7233141660690308,4,0.75,
fixed,0,417,2.1072938442230225,0.002689786022529006,0.004825776908546686,0.061472177505493164,2.129493236541748,4,0.25,
fixed,0,418,2.191433906555176,0.0037158180493861437,0.007191121578216553,0.0625835657119751,2.2156624794006348,4,0.5,
fixed,0,419,2.741562604904175,0.02102268859744072,0.021525966003537178,0.2597193717956543,2.8407528400421143,4,1.0,
fixed,0,420,1.503736972808838,0.018961304798722267,0.020757533609867096,0.25834476947784424,1.6010998487472534,4,1.0,2.7860636711120605
fixed,0,421,3.1358120441436768,0.030617868527770042,0.0,0.07463455200195312,3.173511266708374,4,0.25,
fixed,0,422,2.442584276199341,0.00037930806865915656,0.00013274863886181265,0.24762940406799316,2.5171291828155518,4,0.0,
fixed,0,423,2.414292573928833,0.02573724277317524,0.04303976148366928,0.06780481338500977,2.469022512435913,4,0.25,
fixed,0,424,1.2140169143676758,7.82618808443658e-05,0.011512921191751957,0.09443521499633789,1.2481430768966675,4,0.25,
fixed,0,425,1.6338779926300049,0.004662327468395233,0.009122436866164207,0.055197834968566895,1.6573296785354614,4,0.25,1.6699661016464233
fixed,0,426,1.9840209484100342,0.00029162439750507474,0.13131317496299744,0.07840228080749512,2.0733439922332764,4,0.25,
fixed,0,427,2.013270616531372,3.8133344787638634e-05,0.01829029992222786,0.04426002502441406,2.035712957382202,4,0.5,
fixed,0,428,1.9675408601760864,0.019806435331702232,0.008574636653065681,0.04182863235473633,1.9942799806594849,4,0.5,
fixed,0,429,2.3169021606445312,0.0034022131003439426,0.014746471308171749,0.04667627811431885,2.339979410171509,4,0.25,
fixed,0,430,1.5753587484359741,0.027597591280937195,0.0061745718121528625,0.05638003349304199,1.6091588735580444,4,0.5,4.55361795425415
fixed,0,431,1.963225245475769,0.0023408106062561274,0.0165708065032959,0.1018744707107544,2.0032434463500977,4,0.75,
fixed,0,432,1.8017964363098145,0.0008393453899770975,0.05438509210944176,0.05122053623199463,1.844774842262268,4,0.25,
fixed,0,433,1.9571936130523682,0.024891993030905724,0.007697346154600382,0.05399155616760254,1.9896857738494873,4,0.75,
fixed,0,434,2.3523974418640137,0.03960278630256653,0.012020924128592014,0.09249162673950195,2.405956745147705,4,1.0,
fixed,0,435,1.8150596618652344,0.0010388538939878345,0.011356054805219173,0.07833647727966309,1.8447580337524414,4,0.25,2.5732169151306152
fixed,0,436,1.623153805732727,2.101824247802142e-05,0.02397221326828003,0.05954241752624512,1.6530131101608276,4,0.5,
fixed,0,437,1.7341450452804565,1.7056456272257492e-05,0.06310489773750305,0.04780101776123047,1.7800463438034058,4,0.5,
fixed,0,438,1.9153519868850708,0.0,0.07904917001724243,0.09876394271850586,1.9845057725906372,4,0.25,
fixed,0,439,2.2435240745544434,0.0012302479008212686,0.04950159043073654,0.07465875148773193,2.291287660598755,4,0.5,
fixed,0,440,1.7110986709594727,0.00012211536522954702,0.04595315456390381,0.15386390686035156,1.780295491218567,4,0.0,8.385598182678223
fixed,0,441,1.3173877000808716,0.0008023515692912042,0.01686827465891838,0.06130564212799072,1.3446147441864014,4,0.5,
fixed,0,442,1.9670536518096924,0.004898590035736561,0.0,0.11599266529083252,2.004300832748413,4,0.0,
fixed,0,443,2.787691116333008,0.009067602455615997,0.018910184502601624,0.07788848876953125,2.8250465393066406,4,0.5,
fixed,0,444,2.579343557357788,0.02961534820497036,0.015966499224305153,0.1461113691329956,2.645967960357666,4,0.75,
fixed,0,445,1.8917933702468872,0.003592857625335455,0.017359355464577675,0.059758901596069336,1.9201971292495728,4,0.5,4.078495025634766
fixed,0,446,2.5608832836151123,0.0029860595241189003,0.010040918365120888,0.04544496536254883,2.5810303688049316,4,0.5,
fixed,0,447,2.453745126724243,0.0106706777587533,0.011023977771401405,0.03488969802856445,2.4750592708587646,4,0.5,
fixed,0,448,1.5702407360076904,0.0006655851611867547,0.01701546087861061,0.05107986927032471,1.594405174255371,4,0.5,
fixed,0,449,1.1085665225982666,0.03339622914791107,0.015917334705591202,0.17808520793914795,1.1866488456726074,4,1.0,
fixed,0,450,2.2620561122894287,0.0,0.05683444067835808,0.04374372959136963,2.3035964965820312,4,0.75,12.578950881958008
fixed,0,451,1.5110373497009277,0.024709651246666908,0.05685107409954071,0.10782837867736816,1.5841662883758545,4,1.0,
fixed,0,452,1.7250821590423584,4.0485019781044684e-06,0.02431960590183735,0.05414116382598877,1.7534863948822021,4,0.5,
fixed,0,453,1.8811956644058228,0.0,0.03192155435681343,0.08611059188842773,1.9229896068572998,4,0.75,
fixed,0,454,1.941526174545288,0.0006314953207038343,0.01306288130581379,0.03917241096496582,1.9601250886917114,4,0.5,
fixed,0,455,1.9131571054458618,0.0,0.014202117919921875,0.13647663593292236,1.9612011909484863,4,0.25,3.6465213298797607
fixed,0,456,1.3835952281951904,0.0,0.007088504731655121,0.11785221099853516,1.4224951267242432,4,0.25,
fixed,0,457,2.6481480598449707,0.03136707842350006,0.016158731654286385,0.14177310466766357,2.7144429683685303,4,0.75,
fixed,0,458,1.4315285682678223,0.0,0.00010372530232416466,0.30216312408447266,1.5222294330596924,4,0.0,
fixed,0,459,2.066762685775757,0.0009174071019515395,3.510244641802274e-05,0.07492339611053467,2.0897159576416016,4,0.25,
fixed,0,460,1.3906803131103516,0.0,0.02442125603556633,0.10980105400085449,1.4358313083648682,4,0.75,7.414351940155029
fixed,0,461,1.4788970947265625,5.2508657972794026e-05,0.005691084545105696,0.08838820457458496,1.508285403251648,4,0.25,
fixed,0,462,1.9915255308151245,0.0005257145967334509,0.007973570376634598,0.07037544250488281,2.016887903213501,4,0.25,
fixed,0,463,1.443435549736023,0.0011553320800885558,0.01897001639008522,0.15577423572540283,1.5002305507659912,4,0.75,
fixed,0,464,2.0042216777801514,0.00013889749243389815,0.01966271735727787,0.13476228713989258,2.054551124572754,4,0.75,
fixed,0,465,2.1866369247436523,0.0001591684704180807,0.011732431128621101,0.056626081466674805,2.2095706462860107,4,0.5,3.8865602016448975
fixed,0,466,2.277086019515991,0.029983382672071457,0.01433422788977623,0.13335132598876953,2.339250326156616,4,0.75,
fixed,0,467,2.9459104537963867,3.1025501812109724e-05,0.014582537114620209,0.048081398010253906,2.967641592025757,4,0.5,
fixed,0,468,1.9587684869766235,0.0010124656837433577,0.016934402287006378,0.04335761070251465,1.980749249458313,4,0.5,
fixed,0,469,2.0876054763793945,4.583766440191539e-06,0.015293724834918976,0.04754030704498291,2.1095166206359863,4,0.5,
fixed,0,470,1.869930624961853,0.0006308831507340074,0.00011710203398251906,0.21731090545654297,1.9354978799819946,4,0.0,0.5449551939964294
fixed,0,471,1.9901819229125977,0.0008231149986386299,0.014423844404518604,0.05092358589172363,2.013082504272461,4,0.5,
fixed,0,472,1.883491039276123,0.0007249378249980509,0.0059603541158139706,0.07270300388336182,1.9086445569992065,4,0.25,
fixed,0,473,2.2546546459198,0.025203434750437737,8.752434223424643e-05,0.1060100793838501,2.299103260040283,4,0.25,
fixed,0,474,1.4731799364089966,1.9614040866144933e-05,0.01711745373904705,0.055638790130615234,1.498440146446228,4,0.5,
fixed,0,475,2.1769049167633057,0.0,0.028732582926750183,0.2954460382461548,2.279905080795288,4,1.0,9.379605293273926
fixed,0,476,1.6367038488388062,0.024292118847370148,0.019972119480371475,0.09014666080474854,1.6858799457550049,4,0.75,
fixed,0,477,1.2506953477859497,1.0725926813393016e-06,0.032660581171512604,0.061783790588378906,1.2855613231658936,4,0.5,
fixed,0,478,1.5635700225830078,0.031199418008327484,0.010347416624426842,0.06059980392456055,1.6025233268737793,4,0.5,
fixed,0,479,1.4356660842895508,0.023224985226988792,0.01576964557170868,0.10390794277191162,1.4863357543945312,4,0.75,
fixed,0,480,1.9820950031280518,0.02351309545338154,0.01758836768567562,0.09177267551422119,2.030177593231201,4,0.75,0.9589617848396301
fixed,0,481,1.2412103414535522,0.040189407765865326,0.00822804681956768,0.07570385932922363,1.288130283355713,4,0.75,
fixed,0,482,1.630353331565857,0.0,0.007659393362700939,0.1426224708557129,1.6769697666168213,4,0.25,
fixed,0,483,2.255053758621216,0.01844712160527706,0.017469238489866257,0.06122386455535889,2.29137921333313,4,0.5,
fixed,0,484,1.4063396453857422,0.0,0.04148346185684204,0.050084829330444336,1.44210684299469,4,0.75,
fixed,0,485,2.262007713317871,0.0,0.03642625734210014,0.06369984149932861,2.299330711364746,4,0.5,8.229557037353516
fixed,0,486,2.5778026580810547,0.0,0.04730432853102684,0.15660452842712402,2.6484360694885254,4,0.25,
fixed,0,487,2.3381221294403076,0.031005553901195526,0.012544400990009308,0.11719250679016113,2.395054817199707,4,1.0,
fixed,0,488,2.924893617630005,0.0,0.01665661856532097,0.15288949012756348,2.97908878326416,4,0.25,
fixed,0,489,2.014082670211792,0.0,0.05689072608947754,0.0782327651977539,2.065997838973999,4,0.25,
fixed,0,490,1.6060404777526855,0.0,0.05728591978549957,0.12245213985443115,1.6714191436767578,4,1.0,13.997054100036621
fixed,0,491,1.3390638828277588,0.0,0.0416276641190052,0.04913616180419922,1.3746185302734375,4,0.25,
fixed,0,492,2.039954900741577,0.0,0.026759207248687744,0.024253249168395996,2.06061053276062,4,0.5,
fixed,0,493,1.6336722373962402,0.0,0.018219996243715286,0.027704358100891113,1.6510934829711914,4,0.5,
fixed,0,494,2.3179566860198975,0.022373061627149582,0.006035157945007086,0.030539393424987793,2.341322660446167,4,0.5,
fixed,0,495,1.3892096281051636,0.020030098035931587,0.013766646385192871,0.10168778896331787,1.4366142749786377,4,0.75,1.7618460655212402
fixed,0,496,1.1335880756378174,0.0013981154188513756,0.015870414674282074,0.03557300567626953,1.1528942584991455,4,0.5,
fixed,0,497,1.9140371084213257,0.0017512430204078555,0.019554464146494865,0.08722424507141113,1.9508572816848755,4,0.75,
fixed,0,498,1.706729531288147,0.003295779461041093,0.019079770892858505,0.03755366802215576,1.7291834354400635,4,0.5,
fixed,0,499,2.267514228820801,0.026717867702245712,0.008371015079319477,0.03546714782714844,2.295698881149292,4,0.5,
fixed,0,500,1.5112340450286865,0.0,0.020612148568034172,0.24673283100128174,1.5955599546432495,4,1.0,6.927207946777344
fixed,0,501,2.2929255962371826,8.284860814455897e-05,0.02968825027346611,0.07707738876342773,2.3309342861175537,4,0.75,
fixed,0,502,2.0721826553344727,6.614632729906589e-05,0.020303303375840187,0.03368234634399414,2.0924720764160156,4,0.5,
fixed,0,503,1.8516489267349243,0.001403158763423562,0.010976847261190414,0.058559417724609375,1.8754067420959473,4,0.25,
fixed,0,504,1.9532041549682617,0.0017759113106876612,0.01719648577272892,0.04107248783111572,1.9750120639801025,4,0.5,
fixed,0,505,1.430524230003357,0.0,0.026151468977332115,0.10080206394195557,1.473840594291687,4,0.75,7.701106071472168
fixed,0,506,2.3148958683013916,0.013320810161530972,0.023007366806268692,0.22127926349639893,2.3994436264038086,4,1.0,
fixed,0,507,2.0690431594848633,0.027138717472553253,0.014057579450309277,0.0893549919128418,2.116447925567627,4,0.25,
fixed,0,508,1.0701578855514526,0.0,0.040712811052799225,0.060685157775878906,1.108719825744629,4,0.5,
fixed,0,509,1.4164127111434937,0.02944120578467846,0.00853582564741373,0.07536554336547852,1.4580109119415283,4,0.5,
fixed,0,510,1.9738141298294067,0.0,0.01600036956369877,0.17296791076660156,2.0337047576904297,4,0.25,4.436691761016846
fixed,0,511,1.4385415315628052,0.008194430731236935,0.0074373832903802395,0.05700325965881348,1.4634584188461304,4,0.75,
fixed,0,512,2.0774850845336914,0.0,0.02102581597864628,0.13094675540924072,2.127281904220581,4,0.75,
fixed,0,513,2.413973331451416,0.0,0.06457587331533432,0.05109202861785889,2.4615888595581055,4,0.75,
fixed,0,514,2.490267515182495,0.0,0.007032332010567188,0.13239407539367676,2.5335018634796143,4,0.25,
fixed,0,515,1.49484384059906,0.009981101378798485,0.01979675143957138,0.05540323257446289,1.5263537168502808,4,0.75,2.631941318511963
fixed,0,516,2.537914514541626,0.0,0.03970413655042648,0.05749058723449707,2.5750138759613037,4,0.75,
fixed,0,517,1.8557279109954834,3.55795600626152e-05,0.016057245433330536,0.03860902786254883,1.8753570318222046,4,0.5,
fixed,0,518,2.22883677482605,0.024707401171326637,0.008542058058083057,0.08699595928192139,2.2715601921081543,4,0.75,
fixed,0,519,1.4107574224472046,0.0,0.0066761416383087635,0.10373830795288086,1.4452170133590698,4,0.25,
fixed,0,520,2.1406753063201904,0.02535540796816349,0.01255734357982874,0.12079858779907227,2.195871353149414,4,0.75,0.5502665042877197
fixed,0,521,1.7326580286026,1.4503311831504107e-06,0.014617236331105232,0.04223763942718506,1.7526386976242065,4,0.5,
fixed,0,522,3.1903350353240967,0.015119711868464947,0.00039574451511725783,0.1330578327178955,3.2380101680755615,4,0.25,
fixed,0,523,1.88924241065979,0.02336103655397892,0.019066354259848595,0.08256220817565918,1.9352247714996338,4,0.75,
fixed,0,524,1.6095359325408936,0.0,0.017663609236478806,0.05312454700469971,1.6343051195144653,4,0.5,
fixed,0,525,1.6739718914031982,0.0,0.04300772026181221,0.04203665256500244,1.7080867290496826,4,0.75,10.892552375793457
fixed,0,526,1.805206298828125,0.0,0.026550007984042168,0.08154940605163574,1.842946171760559,4,0.25,
fixed,0,527,1.4316866397857666,0.0,0.020609557628631592,0.11806297302246094,1.4774103164672852,4,0.75,
fixed,0,528,2.0815365314483643,0.0,0.03676670789718628,0.05405402183532715,2.116136074066162,4,0.75,
fixed,0,529,1.8355653285980225,0.0,0.01357466634362936,0.04682588577270508,1.8564003705978394,4,0.5,
fixed,0,530,1.5130172967910767,0.0,0.009301233105361462,0.057010531425476074,1.5347710847854614,4,0.5,3.5231921672821045
fixed,0,531,1.4338127374649048,0.0002208874939242378,0.02876931056380272,0.043257713317871094,1.46128511428833,4,0.75,
fixed,0,532,2.342535972595215,0.0,0.007743427529931068,0.06003212928771973,2.364417314529419,4,0.5,
fixed,0,533,1.5566132068634033,9.528741793474182e-05,0.005822284612804651,0.07192778587341309,1.5811502933502197,4,0.25,
fixed,0,534,1.84685218334198,6.020647560944781e-05,0.007254972588270903,0.05878305435180664,1.8681446313858032,4,0.5,
fixed,0,535,1.890394926071167,0.0,0.02288646809756756,0.10841703414916992,1.9343632459640503,4,0.75,7.106563568115234
fixed,0,536,2.1495742797851562,0.00018842885037884116,0.01318347454071045,0.05786490440368652,2.1736197471618652,4,0.5,
fixed,0,537,2.1868653297424316,0.0006620489293709397,0.00025267049204558134,0.0981065034866333,2.216754674911499,4,0.25,
fixed,0,538,2.2433667182922363,0.037183888256549835,0.002478852402418852,0.19685113430023193,2.322253465652466,4,0.75,
fixed,0,539,2.5642101764678955,0.0,0.00603101821616292,0.06858944892883301,2.5878024101257324,4,0.5,
fixed,0,540,2.814844846725464,0.0351991131901741,0.007777835242450237,0.17479562759399414,2.8887720108032227,4,0.75,1.5414905548095703
fixed,0,541,1.6808240413665771,0.0,0.015305758453905582,0.14392733573913574,1.7316551208496094,4,0.75,
fixed,0,542,2.399998188018799,0.03645956143736839,0.0004458065377548337,0.0502629280090332,2.433529853820801,4,0.25,
fixed,0,543,2.1521568298339844,0.0,0.012922186404466629,0.04859352111816406,2.1731960773468018,4,0.5,
fixed,0,544,1.6034910678863525,0.0,0.01780131459236145,0.1165013313293457,1.6473420858383179,4,0.75,
fixed,0,545,2.4104151725769043,0.0,0.03600157052278519,0.2353532314300537,2.4990220069885254,4,1.0,10.047298431396484
fixed,0,546,1.2876701354980469,0.0,0.034274980425834656,0.06756043434143066,1.3250757455825806,4,0.75,
fixed,0,547,2.563938856124878,0.0,0.0348200760781765,0.022135138511657715,2.587989330291748,4,0.5,
fixed,0,548,2.082749605178833,0.0,0.026797235012054443,0.07148313522338867,2.1175930500030518,4,0.75,
fixed,0,549,2.016263723373413,0.0,0.02099788747727871,0.04243898391723633,2.039494276046753,4,0.5,
fixed,0,550,1.6584782600402832,0.0,0.024026677012443542,0.03926408290863037,1.6822707653045654,4,0.5,6.094874858856201
fixed,0,551,1.2684111595153809,0.0,0.0064041949808597565,0.12642037868499756,1.3095393180847168,4,0.25,
fixed,0,552,2.124674081802368,0.0,0.03251272439956665,0.029944539070129395,2.149913787841797,4,0.25,
fixed,0,553,2.3538167476654053,0.02226194553077221,0.0012298880610615015,0.13703954219818115,2.40667462348938,4,0.25,
fixed,0,554,1.8168936967849731,0.0,0.018029019236564636,0.11676347255706787,1.860937237739563,4,0.75,
fixed,0,555,1.5355699062347412,0.01474007312208414,0.002048487775027752,0.024346113204956055,1.5512679815292358,4,0.75,1.8359851837158203
fixed,0,556,1.4787167310714722,0.0,0.010230940766632557,0.0404127836227417,1.4959560632705688,4,0.5,
fixed,0,557,0.962704062461853,0.0,0.020590394735336304,0.37476158142089844,1.0854277610778809,4,1.0,
fixed,0,558,1.2426557540893555,0.0,0.011534743010997772,0.3304924964904785,1.3475708961486816,4,1.0,
fixed,0,559,1.5567060708999634,0.0,0.007457760162651539,0.06263434886932373,1.5792253017425537,4,0.5,
fixed,0,560,1.9329243898391724,0.0257150549441576,0.007037140429019928,0.07594013214111328,1.972082495689392,4,0.75,1.7556326389312744
fixed,0,561,2.471035957336426,0.0,0.013628838583827019,0.04415416717529297,2.4910967350006104,4,0.5,
fixed,0,562,1.8440696001052856,0.0,0.026749879121780396,0.07805919647216797,1.8808623552322388,4,0.75,
fixed,0,563,1.5409998893737793,9.101314935833216e-05,0.019049469381570816,0.027300477027893066,1.5587602853775024,4,0.5,
fixed,0,564,2.0149450302124023,0.0,0.0047379834577441216,0.22474968433380127,2.0847389698028564,4,0.0,
fixed,0,565,1.8321620225906372,0.0,0.03169818967580795,0.15887165069580078,1.8956725597381592,4,0.75,6.988955497741699
fixed,0,566,2.2594432830810547,0.0,0.006128209177404642,0.12075912952423096,2.2987351417541504,4,0.25,
fixed,0,567,2.391836643218994,0.0,0.016393987461924553,0.06412291526794434,2.4192705154418945,4,0.75,
fixed,0,568,1.8123818635940552,0.0,0.007057435344904661,0.044635772705078125,1.829301357269287,4,0.5,
fixed,0,569,1.649583101272583,0.0,0.001141703687608242,0.48743635416030884,1.7963848114013672,4,0.0,
fixed,0,570,1.3728545904159546,0.0,0.016307635232806206,0.1297675371170044,1.4199386835098267,4,0.75,5.311535835266113
fixed,0,571,3.0220510959625244,0.0,0.015569851733744144,0.054927945137023926,3.0463144779205322,4,0.5,
fixed,0,572,2.7685725688934326,0.0,0.0006774728535674512,0.12943530082702637,2.80774188041687,4,0.25,
fixed,0,573,2.055140256881714,0.0,0.02113061398267746,0.03822779655456543,2.077173948287964,4,0.5,
fixed,0,574,1.1173949241638184,0.0,0.00819586031138897,0.02905094623565674,1.130208134651184,4,0.25,
fixed,0,575,2.234699249267578,3.953509803977795e-07,0.0004720831639133394,0.3249359130859375,2.332416296005249,4,0.0,1.140710473060608
fixed,0,576,1.4654242992401123,0.0,0.0070855324156582355,0.11382615566253662,1.503114938735962,4,0.75,
fixed,0,577,2.141482353210449,0.0,0.005707303062081337,0.048398733139038086,2.158855676651001,4,0.5,
fixed,0,578,1.7995802164077759,0.07442054152488708,0.00768999382853508,0.4706398844718933,1.9818274974822998,4,1.0,
fixed,0,579,1.5928356647491455,2.5083169020945206e-05,0.016655992716550827,0.13210690021514893,1.6408082246780396,4,0.75,
fixed,0,580,2.0372989177703857,0.0,0.010787539184093475,0.07481563091278076,2.0651373863220215,4,0.5,4.101061820983887
fixed,0,581,3.0687525272369385,0.0,0.013662395998835564,0.021555066108703613,3.082050323486328,4,0.5,
fixed,0,582,1.8899648189544678,0.02683069556951523,0.01336558535695076,0.09917569160461426,1.939815640449524,4,0.75,
fixed,0,583,1.106271743774414,0.0,0.013014666736125946,0.023968815803527832,1.1199697256088257,4,0.5,
fixed,0,584,1.7471424341201782,0.021000707522034645,0.0091455839574337,0.019341468811035156,1.7680180072784424,4,0.5,
fixed,0,585,1.27341628074646,0.0,0.0012859643902629614,0.4073925018310547,1.3962770700454712,4,0.0,2.221449375152588
fixed,0,586,1.7530736923217773,0.0,0.023396877571940422,0.08208215236663818,1.7893967628479004,4,0.75,
fixed,0,587,2.370035171508789,0.019084881991147995,0.019374249503016472,0.052324771881103516,2.4049620628356934,4,0.75,
fixed,0,588,1.9545669555664062,0.0,0.022737795487046242,0.035062313079833984,1.976454496383667,4,0.5,
fixed,0,589,1.7252171039581299,0.0,0.015349145978689194,0.04732346534729004,1.7470886707305908,4,0.5,
fixed,0,590,1.626233458518982,0.0,0.023547837510704994,0.08927130699157715,1.6647887229919434,4,0.75,6.718287944793701
fixed,0,591,2.0309417247772217,0.016062887385487556,0.02661363035440445,0.21024823188781738,2.115354537963867,4,1.0,
fixed,0,592,2.1426093578338623,0.0,0.02609238401055336,0.059294939041137695,2.1734440326690674,4,0.5,
fixed,0,593,1.646655559539795,0.0,0.027714667841792107,0.02864706516265869,1.6691069602966309,4,0.5,
fixed,0,594,1.9838502407073975,0.0,0.035347841680049896,0.05581009387969971,2.0182671546936035,4,0.75,
fixed,0,595,2.578368902206421,0.0,0.025623131543397903,0.05414891242980957,2.6074252128601074,4,0.5,6.281288146972656
fixed,0,596,2.521181344985962,0.0,0.05268564075231552,0.07047402858734131,2.568666458129883,4,0.75,
fixed,0,597,1.4445422887802124,0.0515269860625267,0.008059622719883919,0.22207045555114746,1.540956735610962,4,1.0,
fixed,0,598,1.7593843936920166,0.0,0.01772584393620491,0.07354426383972168,1.7903106212615967,4,0.5,
fixed,0,599,1.3112437725067139,0.0,0.025907296687364578,0.21177732944488525,1.387730598449707,4,1.0,
fixed,0,600,1.3899986743927002,0.0,0.02128821611404419,0.07081079483032227,1.4218859672546387,4,0.5,5.616726875305176
fixed,0,601,1.808364748954773,0.0,0.01794411614537239,0.06496095657348633,1.8368251323699951,4,0.5,
fixed,0,602,2.3706367015838623,0.0,0.024703947827219963,0.06568789482116699,2.4026949405670166,4,0.5,
fixed,0,603,1.4555453062057495,0.0,0.009722842834889889,0.17994892597198486,1.5143914222717285,4,0.25,
fixed,0,604,2.191098690032959,0.0,0.019549986347556114,0.05624949932098389,2.2177486419677734,4,0.5,
fixed,0,605,1.5077977180480957,0.0,0.013529561460018158,0.0610203742980957,1.5328686237335205,4,0.25,4.4548139572143555
fixed,0,606,1.6588577032089233,0.0,0.010205750353634357,0.14469146728515625,1.707368016242981,4,0.25,
fixed,0,607,1.7360903024673462,0.0,0.017453201115131378,0.16288375854492188,1.7936819791793823,4,0.25,
fixed,0,608,1.8023872375488281,0.0,0.019671231508255005,0.12258613109588623,1.8489986658096313,4,0.75,
fixed,0,609,1.8716479539871216,0.0,0.009233711287379265,0.05029129981994629,1.8913521766662598,4,0.5,
fixed,0,610,2.673025369644165,0.0,0.01279280986636877,0.17022240161895752,2.7304885387420654,4,0.75,4.674091339111328
fixed,0,611,0.9209713339805603,0.0,0.0006470658117905259,0.35118889808654785,1.0266515016555786,4,0.0,
fixed,0,612,1.788865327835083,0.0,0.00244720047339797,0.05282580852508545,1.8059366941452026,4,0.25,
fixed,0,613,2.5951921939849854,0.0,0.0028925170190632343,0.05501353740692139,2.613142490386963,4,0.25,
fixed,0,614,2.7857508659362793,0.017038961872458458,0.0029217847622931004,0.02655029296875,2.803696393966675,4,0.5,
fixed,0,615,1.5214157104492188,0.0,0.0032744738273322582,0.07750582695007324,1.546304702758789,4,0.5,1.4424006938934326
fixed,0,616,1.6767663955688477,0.0,0.003296739887446165,0.05565345287322998,1.69511079788208,4,0.25,
fixed,0,617,1.5197304487228394,0.0,0.006829420570284128,0.6691462397575378,1.7238889932632446,3,0.75,
fixed,0,618,1.5774017572402954,0.0,0.0069776009768247604,0.24260663986206055,1.6536725759506226,4,0.75,
fixed,0,619,1.6797068119049072,6.33963963991846e-06,0.0027895981911569834,0.03157949447631836,1.690578579902649,4,0.5,
fixed,0,620,0.9425288438796997,0.0,0.0034854584373533726,0.08313167095184326,0.9692111015319824,4,0.5,1.5419548749923706
fixed,0,621,0.763872504234314,1.349521454585556e-07,0.004258426371961832,0.07406425476074219,0.7882210612297058,4,0.5,
fixed,0,622,2.2663114070892334,0.000486568984342739,0.005992911756038666,0.06235194206237793,2.2882566452026367,4,0.5,
fixed,0,623,2.2401530742645264,0.00010389097587903962,0.005415762308984995,0.17117762565612793,2.2942662239074707,4,0.75,
fixed,0,624,1.9640014171600342,0.06910637021064758,0.0033577412832528353,0.17823505401611328,2.053704023361206,4,0.75,
fixed,0,625,2.4334142208099365,0.0,0.010720864869654179,0.1875617504119873,2.4950432777404785,4,0.75,4.055120468139648
fixed,0,626,1.8181098699569702,0.0,0.007450023200362921,0.0697399377822876,1.8427568674087524,4,0.5,
fixed,0,627,1.7067383527755737,0.0,0.01276339776813984,0.0750570297241211,1.7356371879577637,4,0.5,
fixed,0,628,1.155100703239441,0.0,0.012163272127509117,0.06059002876281738,1.1793593168258667,4,0.5,
fixed,0,629,1.9692014455795288,0.01959671638906002,0.01317649893462658,0.0858163833618164,2.0113329887390137,4,0.75,
fixed,0,630,1.6689451932907104,0.0,0.012776595540344715,0.16757524013519287,1.725606083869934,4,0.25,3.4063949584960938
fixed,0,631,1.7931352853775024,0.0,0.021257488057017326,0.09569740295410156,1.8324732780456543,4,0.25,
fixed,0,632,2.1260647773742676,0.0,0.018540633842349052,0.06209456920623779,2.153963565826416,4,0.5,
fixed,0,633,2.220897674560547,0.0,0.040041081607341766,0.10302197933197021,2.271824836730957,4,0.75,
fixed,0,634,2.0335652828216553,0.0,0.025142909958958626,0.32846856117248535,2.1446774005889893,4,1.0,
fixed,0,635,2.374915838241577,0.0,0.018464840948581696,0.05348193645477295,2.4001927375793457,4,0.5,5.203880310058594
fixed,0,636,2.353241443634033,0.0,0.04301264137029648,0.09711217880249023,2.403881311416626,4,0.75,
fixed,0,637,1.6790671348571777,0.021838752552866936,0.0066126747988164425,0.045066237449645996,1.7068127393722534,4,0.5,
fixed,0,638,1.5297460556030273,0.0,0.03299904614686966,0.14278626441955566,1.5890814065933228,4,0.75,
fixed,0,639,1.6893869638442993,0.021126504987478256,0.025188222527503967,0.24372780323028564,1.7856626510620117,4,1.0,
fixed,0,640,1.252612829208374,0.0,0.021944526582956314,0.09620261192321777,1.2924458980560303,4,0.75,6.811391353607178
fixed,0,641,1.9966764450073242,0.018904559314250946,0.0018514536786824465,0.1362898349761963,2.0479414463043213,4,0.25,
fixed,0,642,2.205044746398926,0.0,0.028826218098402023,0.0398944616317749,2.231426239013672,4,0.5,
fixed,0,643,2.4694454669952393,0.0,0.02325993776321411,0.03738546371459961,2.49229097366333,4,0.5,
fixed,0,644,2.726516008377075,0.0,0.04769143834710121,0.17795252799987793,2.8037474155426025,4,1.0,
fixed,0,645,2.201277256011963,0.0,0.0099486093968153,0.13971197605133057,2.2481651306152344,4,0.25,3.513779640197754
fixed,0,646,1.6930217742919922,0.0,0.014680972322821617,0.04297900199890137,1.7132560014724731,4,0.5,
fixed,0,647,2.6167328357696533,0.0,0.009493277408182621,0.1332690715789795,2.6614601612091064,4,0.25,
fixed,0,648,1.4695777893066406,0.0,0.026262551546096802,0.0885690450668335,1.509279727935791,4,0.75,
fixed,0,649,1.7667622566223145,0.0,0.02382899634540081,0.226088285446167,1.8465032577514648,4,1.0,
fixed,0,650,1.3464380502700806,0.0,0.01924891211092472,0.053702592849731445,1.3721733093261719,4,0.5,5.9771833419799805
fixed,0,651,2.858873128890991,0.0,0.025172753259539604,0.015751361846923828,2.8761849403381348,4,0.5,
fixed,0,652,1.9875344038009644,0.0,0.004676147364079952,0.11350202560424805,2.02392315864563,4,0.25,
fixed,0,653,1.4029737710952759,0.0,0.012574637308716774,0.050652265548706055,1.4244567155838013,4,0.5,
fixed,0,654,1.6946203708648682,0.022085286676883698,0.0034202036913484335,0.0430760383605957,1.7202959060668945,4,0.5,
fixed,0,655,1.9189971685409546,0.0,0.018650444224476814,0.2509201765060425,2.00359845161438,4,0.75,6.754489421844482
fixed,0,656,2.042788505554199,0.0,0.011465556919574738,0.18355166912078857,2.1035866737365723,4,0.75,
fixed,0,657,1.5738517045974731,0.0,0.03073967806994915,0.02714359760284424,1.5973646640777588,4,0.25,
fixed,0,658,1.6710975170135498,0.025271650403738022,0.009217092767357826,0.03148162364959717,1.6977863311767578,4,0.5,
fixed,0,659,0.8743957281112671,0.0,0.015555278398096561,0.14442884922027588,0.9255020022392273,4,0.75,
fixed,0,660,2.1406753063201904,0.0,0.018612435087561607,0.11835694313049316,2.185488700866699,4,0.75,5.890913009643555
fixed,0,661,1.7644680738449097,0.0,0.03037887066602707,0.2797224521636963,1.8635742664337158,4,1.0,
fixed,0,662,2.538299560546875,0.032346196472644806,0.029033545404672623,0.13713526725769043,2.6101300716400146,4,0.75,
fixed,0,663,1.9350990056991577,0.02624986134469509,0.01647559367120266,0.3402576446533203,2.0585389137268066,4,1.0,
fixed,0,664,1.9538521766662598,4.532274942903314e-06,0.04260960966348648,0.027326345443725586,1.9833571910858154,4,0.5,
fixed,0,665,1.5660369396209717,1.521493868494872e-05,0.0068343523889780045,0.0846097469329834,1.5948446989059448,4,0.25,2.056812047958374
fixed,0,666,2.125370979309082,2.0225881769420084e-07,0.01752215065062046,0.05777394771575928,2.1514642238616943,4,0.25,
fixed,0,667,2.4400405883789062,6.552492413902655e-05,7.133636472644866e-07,0.3569624423980713,2.5471625328063965,4,0.0,
fixed,0,668,1.4391835927963257,1.8236611140309833e-05,0.018908053636550903,0.03147733211517334,1.4580899477005005,4,0.5,
fixed,0,669,1.4435795545578003,0.0,0.03208359703421593,0.061933279037475586,1.4782013893127441,4,0.75,
fixed,0,670,2.358024835586548,0.020577045157551765,0.00857932586222887,0.03199911117553711,2.3822028636932373,4,0.5,1.503918170928955
fixed,0,671,2.029508352279663,1.8976926412506145e-06,0.0052122147753834724,0.07737290859222412,2.0553271770477295,4,0.25,
fixed,0,672,1.1684414148330688,0.02621055394411087,0.02646678313612938,0.256519079208374,1.2717357873916626,4,1.0,
fixed,0,673,1.7734178304672241,0.0,0.03685977682471275,0.1213693618774414,1.8282585144042969,4,0.75,
fixed,0,674,1.849223256111145,0.0,0.00020497257355600595,0.3592979907989502,1.9571151733398438,4,0.0,
fixed,0,675,2.0700228214263916,0.0,0.02065364643931389,0.029288053512573242,2.0891361236572266,4,0.5,5.808494567871094
fixed,0,676,1.9548394680023193,0.014827699400484562,0.013385877944529057,0.02638399600982666,1.9768614768981934,4,0.5,
fixed,0,677,1.4774463176727295,0.0,0.02024376392364502,0.04331803321838379,1.500563621520996,4,0.25,
fixed,0,678,1.850447177886963,0.0,0.008375951088964939,0.09064793586730957,1.8818295001983643,4,0.25,
fixed,0,679,1.4026373624801636,0.0,0.0006004436872899532,0.3840029239654541,1.5181384086608887,4,0.0,
fixed,0,680,1.5373848676681519,0.0,0.03330017626285553,0.02023136615753174,1.5601043701171875,4,0.5,8.884830474853516
fixed,0,681,1.8823412656784058,0.0,0.028432130813598633,0.0867389440536499,1.922579050064087,4,0.75,
fixed,0,682,2.8267459869384766,0.022324785590171814,0.012970722280442715,0.11023294925689697,2.8774635791778564,4,0.75,
fixed,0,683,2.6327731609344482,0.0,0.015365931205451488,0.0375971794128418,2.651735305786133,4,0.5,
fixed,0,684,2.3030295372009277,0.06850290298461914,0.007782278582453728,0.16058707237243652,2.389348268508911,4,0.75,
fixed,0,685,1.9334995746612549,0.0,0.01859058439731598,0.03974449634552002,1.9547182321548462,4,0.5,5.522590160369873
fixed,0,686,2.0197441577911377,0.017111824825406075,0.02426289953291416,0.05654752254486084,2.0573956966400146,4,0.75,
fixed,0,687,1.3794504404067993,0.030558554455637932,0.012423050589859486,0.1503899097442627,1.4460582733154297,4,0.75,
fixed,0,688,2.380110740661621,0.0,0.02315240353345871,0.04741787910461426,2.405912399291992,4,0.5,
fixed,0,689,1.7592977285385132,0.0,0.022317612543702126,0.12424695491790771,1.8077306747436523,4,0.75,
fixed,0,690,1.765496850013733,0.0,0.0242324136197567,0.10987353324890137,1.8105751276016235,4,0.75,7.608150959014893
fixed,0,691,1.8903248310089111,0.0,0.000393860274925828,0.4146554470062256,2.014918327331543,4,0.0,
fixed,0,692,2.1108968257904053,0.0,0.012550155632197857,0.1437169313430786,2.1602869033813477,4,0.25,
fixed,0,693,1.6012970209121704,0.02665962278842926,0.014805223792791367,0.12140309810638428,1.6584503650665283,4,0.75,
fixed,0,694,1.7980366945266724,0.0,0.04032575339078903,0.23676741123199463,1.8892297744750977,4,1.0,
fixed,0,695,2.5004007816314697,0.0,0.02960452064871788,0.04753684997558594,2.52946400642395,4,0.5,7.501551628112793
fixed,0,696,2.237370252609253,0.025419197976589203,0.010359648615121841,0.04396939277648926,2.2684504985809326,4,0.5,
fixed,0,697,2.1937880516052246,0.0,0.021902931854128838,0.12236142158508301,2.241447925567627,4,0.75,
fixed,0,698,1.2282445430755615,0.0,0.026604896411299706,0.09867346286773682,1.2711490392684937,4,0.75,
fixed,0,699,2.194589138031006,0.0,0.0156263280659914,0.04864394664764404,2.2169954776763916,4,0.5,
fixed,0,700,2.1430485248565674,0.0,0.013127454556524754,0.13270854949951172,2.189424753189087,4,0.25,3.6411259174346924
fixed,0,701,2.7526350021362305,0.0,0.00030144400079734623,0.3538503646850586,2.858940839767456,4,0.0,
fixed,0,702,1.6915311813354492,0.0,0.034670718014240265,0.0667257308959961,1.728884220123291,4,0.75,
fixed,0,703,2.146099328994751,0.0,0.000325478904414922,0.37054443359375,2.257425308227539,4,0.0,
fixed,0,704,1.9253487586975098,0.0,0.034542664885520935,0.06624388694763184,1.9624933004379272,4,0.75,
fixed,0,705,1.1830241680145264,7.676652785448823e-06,0.002729498315602541,0.1335684061050415,1.2244632244110107,4,0.25,1.758873701095581
fixed,0,706,2.0556397438049316,0.026305975392460823,0.01046073343604803,0.07869195938110352,2.097630739212036,4,0.75,
fixed,0,707,1.183382511138916,0.01914261467754841,0.01677071489393711,0.08047902584075928,1.2254829406738281,4,0.75,
fixed,0,708,1.586362361907959,0.0,0.015846583992242813,0.033191561698913574,1.6042431592941284,4,0.5,
fixed,0,709,1.701369047164917,0.024974940344691277,0.01610865257680416,0.10050487518310547,1.7520623207092285,4,0.75,
fixed,0,710,1.6772395372390747,0.0007479985360987484,0.01789778284728527,0.031025290489196777,1.695870041847229,4,0.5,5.233410358428955
fixed,0,711,1.7251218557357788,0.052011169493198395,0.005461738910526037,0.11822807788848877,1.789326786994934,4,0.75,
fixed,0,712,1.746220588684082,0.0,0.028042076155543327,0.08559060096740723,1.7859188318252563,4,0.75,
fixed,0,713,1.686866283416748,0.0,0.03381078690290451,0.06735312938690186,1.7239775657653809,4,0.75,
fixed,0,714,2.496814250946045,0.0,0.025551417842507362,0.04434561729431152,2.5228936672210693,4,0.5,
fixed,0,715,2.8198556900024414,6.800116381100452e-08,0.017210954800248146,0.05397748947143555,2.8446545600891113,4,0.25,5.356897830963135
fixed,0,716,2.323554039001465,0.01942768506705761,0.022304268553853035,0.06468021869659424,2.3638241291046143,4,0.75,
fixed,0,717,2.1823322772979736,0.0,0.031663112342357635,0.07874488830566406,2.221787214279175,4,0.75,
fixed,0,718,2.8421738147735596,0.0,0.0072943056002259254,0.11784482002258301,2.881174325942993,4,0.25,
fixed,0,719,2.25996732711792,0.0,0.030408859252929688,0.08183598518371582,2.299722671508789,4,0.75,
fixed,0,720,2.0567288398742676,0.0,0.020464902743697166,0.052786946296691895,2.0827972888946533,4,0.5,6.370523452758789
fixed,0,721,2.1713008880615234,0.0,0.012957902625203133,0.06141495704650879,2.196204423904419,4,0.25,
fixed,0,722,1.7572267055511475,0.026897400617599487,0.008756246417760849,0.052272796630859375,1.7907353639602661,4,0.5,
fixed,0,723,1.3510946035385132,0.0,0.02985038235783577,0.08583223819732666,1.3917694091796875,4,0.75,
fixed,0,724,2.2615606784820557,0.0,0.018190136179327965,0.062347412109375,2.2893600463867188,4,0.75,
fixed,0,725,2.198134422302246,0.0,0.0073257749900221825,0.10302591323852539,2.2327051162719727,4,0.25,2.552837610244751
fixed,0,726,1.4048365354537964,0.0,0.018737154081463814,0.04115915298461914,1.4265528917312622,4,0.5,
fixed,0,727,1.6711347103118896,0.0,0.011435572989284992,0.049680233001708984,1.6917566061019897,4,0.25,
fixed,0,728,1.2424372434616089,0.063637875020504,0.008142773061990738,0.254274845123291,1.3546099662780762,4,1.0,
fixed,0,729,1.9423893690109253,0.0004666704626288265,0.007665880490094423,0.07271206378936768,1.9682692289352417,4,0.25,
fixed,0,730,2.0520050525665283,0.0,0.025996552780270576,0.3286482095718384,2.163597822189331,4,1.0,8.88967514038086
fixed,0,731,2.005281925201416,0.0,0.021491102874279022,0.11177229881286621,2.0495591163635254,4,0.75,
fixed,0,732,1.1738569736480713,0.0,0.018724311143159866,0.050147294998168945,1.1982632875442505,4,0.5,
fixed,0,733,1.6488796472549438,0.0,0.010247594676911831,0.05745339393615723,1.6712394952774048,4,0.5,
fixed,0,734,1.9497792720794678,0.011002659797668457,0.00678753899410367,0.03900313377380371,1.9703752994537354,4,0.5,
fixed,0,735,1.838208794593811,0.0,0.006202023476362228,0.10702872276306152,1.8734184503555298,4,0.25,2.3977699279785156
fixed,0,736,1.6833735704421997,0.0,0.02451368048787117,0.08555877208709717,1.721298098564148,4,0.75,
fixed,0,737,1.2951966524124146,0.0,0.007073834538459778,0.09413886070251465,1.3269752264022827,4,0.25,
fixed,0,738,2.2152793407440186,0.0,0.005349117796868086,0.09573769569396973,2.2466752529144287,4,0.25,
fixed,0,739,2.397676944732666,0.0,0.01333820354193449,0.035210371017456055,2.4149091243743896,4,0.5,
fixed,0,740,1.0482306480407715,0.0,0.025621309876441956,0.07866859436035156,1.084641933441162,4,0.75,7.850792407989502
fixed,0,741,2.1448333263397217,0.02634580433368683,0.000934736046474427,0.10208022594451904,2.1890976428985596,4,0.25,
fixed,0,742,1.680485486984253,0.0,0.01310747116804123,0.04081118106842041,1.6992825269699097,4,0.5,
fixed,0,743,2.074249029159546,0.0,0.008718539029359818,0.09587371349334717,2.107370376586914,4,0.25,
fixed,0,744,1.2496269941329956,0.0,0.018969077616930008,0.11783146858215332,1.2944610118865967,4,0.75,
fixed,0,745,1.987288475036621,0.0,0.019057508558034897,0.049337148666381836,2.0116183757781982,4,0.5,5.634982585906982
fixed,0,746,1.383795976638794,0.0,0.005258454941213131,0.08750903606414795,1.4126778841018677,4,0.25,
fixed,0,747,1.7287354469299316,0.0021291293669492006,0.01150739286094904,0.03903961181640625,1.7472655773162842,4,0.5,
fixed,0,748,1.0102534294128418,0.0,0.013959606178104877,0.48976069688796997,1.1641614437103271,4,1.0,
fixed,0,749,2.3729522228240967,0.0,0.02281995303928852,0.05973851680755615,2.4022836685180664,4,0.25,
fixed,0,750,1.6818856000900269,0.03543826565146446,0.004773378372192383,0.05871748924255371,1.719606637954712,4,0.5,2.977233409881592
fixed,0,751,2.823681354522705,0.0,0.0004239932168275118,0.35680973529815674,2.930936336517334,4,0.0,
fixed,0,752,2.122133731842041,0.027635570615530014,0.009069722145795822,0.14119958877563477,2.1828463077545166,4,0.75,
fixed,0,753,2.040705442428589,0.0,0.004529114812612534,0.07921183109283447,2.0667335987091064,4,0.25,
fixed,0,754,2.454500675201416,0.03661978989839554,0.0003416327526792884,0.08579885959625244,2.498721122741699,4,0.25,
fixed,0,755,1.6749727725982666,0.03217646852135658,0.007008311338722706,0.1761530637741089,1.7474111318588257,4,0.75,1.890502691268921
fixed,0,756,1.7384099960327148,0.058592647314071655,0.008686953224241734,0.2189168930053711,1.8377249240875244,4,0.75,
fixed,0,757,2.5692930221557617,0.031357087194919586,0.013743402436375618,0.11917901039123535,2.627596855163574,4,0.75,
fixed,0,758,1.180068016052246,0.0,0.015382489189505577,0.035459041595458984,1.198396921157837,4,0.5,
fixed,0,759,2.0858051776885986,0.0,0.027506444603204727,0.029552102088928223,2.108423948287964,4,0.5,
fixed,0,760,1.8806030750274658,0.0,0.022472651675343513,0.032059431076049805,1.9014571905136108,4,0.5,6.102448463439941
fixed,0,761,1.1235623359680176,0.0,0.048991478979587555,0.16338706016540527,1.1970741748809814,4,1.0,
fixed,0,762,2.391083240509033,0.0,0.039387233555316925,0.045648932456970215,2.424471616744995,4,0.75,
fixed,0,763,1.4909999370574951,0.0,0.020531291142106056,0.03890633583068848,1.5129374265670776,4,0.5,
fixed,0,764,1.5807214975357056,0.0,0.017581716179847717,0.059248924255371094,1.607287049293518,4,0.25,
fixed,0,765,1.6924035549163818,0.0,0.024476561695337296,0.04564011096954346,1.7183338403701782,4,0.5,6.552801609039307
fixed,0,766,2.1085987091064453,0.020138300955295563,0.010077472776174545,0.0457230806350708,2.137423515319824,4,0.5,
fixed,0,767,1.4230693578720093,0.0,0.030458353459835052,0.1082148551940918,1.4707629680633545,4,0.25,
fixed,0,768,1.5034657716751099,0.0,0.0160495787858963,0.04972827434539795,1.5264090299606323,4,0.5,
fixed,0,769,2.4092156887054443,0.0,0.025104764848947525,0.08865940570831299,2.4483659267425537,4,0.25,
fixed,0,770,0.9268143177032471,0.0,0.028974417597055435,0.03485369682312012,0.9517576098442078,4,0.5,7.328953266143799
fixed,0,771,2.371630907058716,0.0,0.019714538007974625,0.04238331317901611,2.3942031860351562,4,0.5,
fixed,0,772,1.9627481698989868,0.022285625338554382,0.018487663939595222,0.08223044872283936,2.0078039169311523,4,0.75,
fixed,0,773,1.9295274019241333,0.028557555750012398,0.011737496592104435,0.13846778869628906,1.9912152290344238,4,0.75,
fixed,0,774,1.6050374507904053,0.0,0.015347043052315712,0.07010424137115479,1.6337422132492065,4,0.5,
fixed,0,775,2.1639442443847656,0.0,0.012961525470018387,0.050592660903930664,2.185602903366089,4,0.5,4.214756488800049
fixed,0,776,2.233449697494507,0.02771000564098358,0.005979745648801327,0.04394793510437012,2.263478994369507,4,0.5,
fixed,0,777,2.385206460952759,1.044978853315115e-05,0.022464780136942863,0.10990250110626221,2.429414749145508,4,0.75,
fixed,0,778,1.8038074970245361,0.0,0.01739373803138733,0.059958696365356445,1.8304920196533203,4,0.75,
fixed,0,779,2.1916310787200928,0.0,0.021935738623142242,0.022363662719726562,2.20930814743042,4,0.25,
fixed,0,780,1.4522137641906738,0.0,0.01829487271606922,0.1340845823287964,1.5015865564346313,4,0.75,5.916392803192139
fixed,0,781,2.6447482109069824,0.030359793454408646,0.0054639605805277824,0.05403327941894531,2.6788699626922607,4,0.5,
fixed,0,782,2.422501802444458,2.2790029561292613e-06,0.00028494902653619647,0.36877596378326416,2.533278226852417,4,0.0,
fixed,0,783,2.2473175525665283,0.0,0.006055423058569431,0.10887014865875244,2.283006191253662,4,0.25,
fixed,0,784,1.4126458168029785,3.227351771784015e-05,0.00039385570562444627,0.3623884916305542,1.5215754508972168,4,0.0,
fixed,0,785,1.2145806550979614,0.0339578241109848,0.011129744350910187,0.15189993381500244,1.2826944589614868,4,0.75,0.7335110902786255
fixed,0,786,1.626285433769226,0.0,0.004756224807351828,0.09202313423156738,1.6562705039978027,4,0.25,
fixed,0,787,1.9509793519973755,0.02386762946844101,0.02405683882534504,0.2582765817642212,2.052424669265747,4,1.0,
fixed,0,788,1.8054291009902954,0.02680678851902485,0.008755245245993137,0.03752851486206055,1.8344687223434448,4,0.5,
fixed,0,789,1.3425847291946411,0.0,0.023090193048119545,0.0377659797668457,1.365459680557251,4,0.5,
fixed,0,790,1.0351953506469727,2.1141902379895328e-06,0.01673896238207817,0.03460562229156494,1.0539475679397583,4,0.5,4.958516597747803
fixed,0,791,1.4703831672668457,0.04032590985298157,0.01723213493824005,0.20859873294830322,1.561741828918457,4,1.0,
fixed,0,792,1.9960626363754272,0.01927284337580204,0.010599772445857525,0.03550839424133301,2.02165150642395,4,0.5,
fixed,0,793,2.3015143871307373,0.0,0.022705454379320145,0.03919529914855957,2.3246257305145264,4,0.5,
fixed,0,794,2.045175075531006,0.0,0.02541719377040863,0.034189701080322266,2.0681405067443848,4,0.5,
fixed,0,795,1.2864749431610107,0.0,0.031898535788059235,0.025864005088806152,1.3101834058761597,4,0.5,8.5372314453125
fixed,0,796,1.8471074104309082,0.0,0.00829996820539236,0.22751224040985107,1.919511079788208,4,0.0,
fixed,0,797,1.9034215211868286,0.0,0.025916263461112976,0.04269087314605713,1.9291869401931763,4,0.5,
fixed,0,798,2.3952958583831787,0.0,0.007646354380995035,0.21401691436767578,2.4633240699768066,4,0.0,
fixed,0,799,1.8968147039413452,0.0,0.008328858762979507,0.10475659370422363,1.9324060678482056,4,0.25,
fixed,0,800,1.2225319147109985,0.04125809296965599,0.014780433848500252,0.23757600784301758,1.3218239545822144,4,1.0,3.6412973403930664
fixed,0,801,2.459024429321289,0.01434573344886303,0.0027285413816571236,0.03549849987030029,2.4782111644744873,4,0.5,
fixed,0,802,2.865525484085083,0.0,0.023753564804792404,0.02592623233795166,2.8851802349090576,4,0.5,
fixed,0,803,1.9291127920150757,0.000806961499620229,0.02623913064599037,0.019123196601867676,1.9483728408813477,4,0.5,
fixed,0,804,1.0439492464065552,0.0,0.0004411049303598702,0.3394888639450073,1.1460164785385132,4,0.0,
fixed,0,805,1.0151997804641724,0.017935864627361298,0.011847054585814476,0.03498256206512451,1.040585994720459,4,0.5,0.6083609461784363
fixed,0,806,2.3302459716796875,0.0,0.018707847222685814,0.03410828113555908,2.34983229637146,4,0.5,
fixed,0,807,1.1745675802230835,1.9075587260886095e-06,0.012393091805279255,0.0884023904800415,1.207285761833191,4,0.25,
fixed,0,808,1.5405964851379395,0.0,0.02658059448003769,0.09358203411102295,1.5819613933563232,4,0.75,
fixed,0,809,1.7918567657470703,0.0,0.02189083956182003,0.036896586418151855,1.813871145248413,4,0.5,
fixed,0,810,1.4445750713348389,0.0,0.0019737801048904657,0.1397913694381714,1.4874993562698364,4,0.25,1.6817861795425415
fixed,0,811,1.6851975917816162,0.04375261813402176,0.010857833549380302,0.07707822322845459,1.7356263399124146,4,0.75,
fixed,0,812,1.5329391956329346,0.0253282580524683,0.007458298467099667,0.047823190689086914,1.5636794567108154,4,0.5,
fixed,0,813,1.626599669456482,0.0,0.020041313022375107,0.13613200187683105,1.677459955215454,4,0.75,
fixed,0,814,1.5909569263458252,0.0,0.014918244443833828,0.054764389991760254,1.6148453950881958,4,0.5,
fixed,0,815,1.15826416015625,0.02504963055253029,0.018239440396428108,0.34080612659454346,1.2821505069732666,4,1.0,1.8451402187347412
fixed,0,816,2.3492650985717773,0.029098980128765106,0.020708568394184113,0.3333113193511963,2.4741623401641846,4,1.0,
fixed,0,817,1.3112908601760864,0.0,0.015497751533985138,0.05929577350616455,1.3368284702301025,4,0.5,
fixed,0,818,1.6582462787628174,0.0,0.03684947267174721,0.07332420349121094,1.6986682415008545,4,0.75,
fixed,0,819,1.3600579500198364,0.0,0.012704112567007542,0.14261198043823242,1.4091936349868774,4,0.25,
fixed,0,820,2.180802583694458,0.0,0.011679872870445251,0.13912296295166016,2.228379487991333,4,0.25,3.2713623046875
fixed,0,821,1.7769893407821655,0.0,0.02868380770087242,0.05307292938232422,1.807253122329712,4,0.5,
fixed,0,822,2.1503679752349854,0.0,0.03890646621584892,0.06277966499328613,2.188655138015747,4,0.75,
fixed,0,823,0.7165789604187012,0.0,0.04338512942194939,0.20780587196350098,0.800613284111023,3,1.0,
fixed,0,824,2.256498098373413,0.03879743069410324,0.0003559579490683973,0.046718597412109375,2.290090322494507,4,0.5,
fixed,0,825,1.996678113937378,0.01773739419877529,0.012087337672710419,0.04465973377227783,2.0249884128570557,4,0.5,1.1031233072280884
fixed,0,826,1.8750784397125244,0.023092444986104965,0.019962642341852188,0.08660924434661865,1.9225887060165405,4,0.75,
fixed,0,827,1.6253598928451538,0.012278495356440544,0.010693935677409172,0.047475337982177734,1.6510887145996094,4,0.5,
fixed,0,828,1.3590377569198608,0.0,0.030818330124020576,0.0692143440246582,1.3952112197875977,4,0.25,
fixed,0,829,2.135488271713257,0.0,0.01201529148966074,0.12907302379608154,2.180217742919922,4,0.25,
fixed,0,830,2.213935613632202,0.0,0.014198530465364456,0.032012939453125,2.2306387424468994,4,0.75,5.37992525100708
fixed,0,831,1.3827182054519653,0.0,0.05296473205089569,0.03168010711669922,1.418704628944397,4,0.75,
fixed,0,832,1.7589057683944702,0.045882776379585266,0.022557709366083145,0.21132266521453857,1.856522798538208,4,1.0,
fixed,0,833,2.106204032897949,0.0,0.026216156780719757,0.03689002990722656,2.1303791999816895,4,0.5,
fixed,0,834,2.285513162612915,0.0,0.039610348641872406,0.2223210334777832,2.3720147609710693,4,1.0,
fixed,0,835,2.104576587677002,0.0,0.026160161942243576,0.031297922134399414,2.1270461082458496,4,0.5,6.441502094268799
fixed,0,836,2.2841546535491943,0.014838842675089836,0.01901441439986229,0.02614140510559082,2.3089237213134766,4,0.5,
fixed,0,837,0.7278836369514465,0.0,0.019238637760281563,0.04449295997619629,0.7508508563041687,4,0.5,
fixed,0,838,1.8002926111221313,0.0,0.009589024819433689,0.03547310829162598,1.815729022026062,4,0.5,
fixed,0,839,2.8574628829956055,0.0,0.011442869901657104,0.09989285469055176,2.8931522369384766,4,0.25,
fixed,0,840,1.83286452293396,0.0,0.024117060005664825,0.04919588565826416,1.8596818447113037,4,0.75,6.775205612182617
fixed,0,841,1.8217929601669312,1.1741563866962679e-05,0.013004674576222897,0.09987282752990723,1.8582630157470703,4,0.25,
fixed,0,842,1.685080885887146,0.0,0.01855889894068241,0.040461182594299316,1.7064987421035767,4,0.5,
fixed,0,843,1.7451591491699219,0.0,0.024717677384614944,0.09938418865203857,1.7873332500457764,4,0.75,
fixed,0,844,2.2517735958099365,0.0263727568089962,0.007515436504036188,0.04834175109863281,2.2832202911376953,4,0.5,
fixed,0,845,2.066784143447876,0.0,0.016195274889469147,0.14909791946411133,2.1196112632751465,4,0.75,5.396748065948486
fixed,0,846,1.4049198627471924,2.0716561266453937e-05,0.020344290882349014,0.12365162372589111,1.4521979093551636,4,0.75,
fixed,0,847,1.9991918802261353,3.3058051940315636e-07,0.016978325322270393,0.07003247737884521,2.028691053390503,4,0.75,
fixed,0,848,1.3173402547836304,0.0,0.017222778871655464,0.1441866159439087,1.3692076206207275,4,0.75,
fixed,0,849,2.212111711502075,0.0,0.006991121917963028,0.0480424165725708,2.230020046234131,4,0.5,
fixed,0,850,2.251497745513916,0.026734447106719017,0.007436043582856655,0.05993294715881348,2.286562919616699,4,0.5,2.160858154296875
fixed,0,851,1.752098560333252,0.0,0.006707049440592527,0.13298797607421875,1.7953485250473022,4,0.25,
fixed,0,852,1.0202624797821045,0.02648848667740822,0.003997720777988434,0.10752761363983154,1.0677639245986938,4,0.75,
fixed,0,853,2.26724910736084,0.0,0.013635878451168537,0.08358216285705566,2.2991416454315186,4,0.75,
fixed,0,854,2.2604920864105225,0.0,0.006338365841656923,0.12276113033294678,2.300489664077759,4,0.25,
fixed,0,855,1.567230463027954,0.0,0.014390440657734871,0.07281625270843506,1.5962705612182617,4,0.75,4.896856784820557
fixed,0,856,1.4383482933044434,0.0,0.014874192886054516,0.05833721160888672,1.4632865190505981,4,0.5,
fixed,0,857,1.999638319015503,0.0,0.012338506057858467,0.05870461463928223,2.02341890335083,4,0.5,
fixed,0,858,1.615240454673767,0.0,0.009005439467728138,0.13071250915527344,1.6589568853378296,4,0.25,
fixed,0,859,1.9199813604354858,0.0,0.014886876568198204,0.14147686958312988,1.9698678255081177,4,0.75,
fixed,0,860,2.151512622833252,0.0,0.01467932015657425,0.13970327377319336,2.20076322555542,4,0.75,4.811354637145996
fixed,0,861,2.0037848949432373,0.02617977000772953,0.005569132510572672,0.04078948497772217,2.0318961143493652,4,0.5,
fixed,0,862,1.491741418838501,0.0,0.005993818398565054,0.13397908210754395,1.534932017326355,4,0.25,
fixed,0,863,2.8594298362731934,0.0216259453445673,0.010183483362197876,0.10440421104431152,2.906655788421631,4,0.75,
fixed,0,864,1.188642978668213,0.027594704180955887,0.008678127080202103,0.13442957401275635,1.2471082210540771,4,0.75,
fixed,0,865,1.6089860200881958,0.0,0.015647921711206436,0.06258165836334229,1.6355844736099243,4,0.25,4.784886360168457
fixed,0,866,1.4701203107833862,0.0,0.008996016345918179,0.06416118144989014,1.4938666820526123,4,0.5,
fixed,0,867,2.6644349098205566,0.030975570902228355,0.0022918516770005226,0.13320672512054443,2.7210307121276855,4,0.25,
fixed,0,868,1.1238878965377808,0.0,0.02271362394094467,0.09011101722717285,1.1622780561447144,4,0.75,
fixed,0,869,2.0363636016845703,0.0,0.006952454335987568,0.11522173881530762,2.074406385421753,4,0.25,
fixed,0,870,1.7203797101974487,0.0,0.008589589968323708,0.036653995513916016,1.7356706857681274,4,0.5,3.3808956146240234
fixed,0,871,0.9932438135147095,0.0,0.014264775440096855,0.04019629955291748,1.0124350786209106,4,0.5,
fixed,0,872,2.113372802734375,0.016581842675805092,0.020088504999876022,0.023233652114868164,2.1386780738830566,4,0.5,
fixed,0,873,1.9008784294128418,0.0,0.016984956339001656,0.03062605857849121,1.9185587167739868,4,0.5,
fixed,0,874,1.0382956266403198,0.02253424935042858,0.00790339894592762,0.06451570987701416,1.0728691816329956,4,0.25,
fixed,0,875,1.7521207332611084,0.0,0.0019462681375443935,0.4185602068901062,1.878661870956421,4,0.0,2.922163248062134
fixed,0,876,2.199183225631714,0.0,0.02785097435116768,0.16027534008026123,2.2611913681030273,4,0.75,
fixed,0,877,2.3369593620300293,0.0,0.013399972580373287,0.03972029685974121,2.3555753231048584,4,0.5,
fixed,0,878,1.1262800693511963,0.0,0.03025262989103794,0.27291345596313477,1.223280429840088,4,1.0,
fixed,0,879,1.7925190925598145,0.022730570286512375,0.014029812067747116,0.0849376916885376,1.8363806009292603,4,0.75,
fixed,0,880,2.174131155014038,0.0,0.009641572833061218,0.047902703285217285,2.1933226585388184,4,0.5,3.2152466773986816
fixed,0,881,3.085803508758545,0.011762481182813644,0.0056242384016513824,0.03243899345397949,3.1042284965515137,4,0.25,
fixed,0,882,1.7302536964416504,0.0,0.004449201747775078,0.09210336208343506,1.760109305381775,4,0.25,
fixed,0,883,2.1769440174102783,0.0,0.022217828780412674,0.10794663429260254,2.2204368114471436,4,0.75,
fixed,0,884,1.4347401857376099,0.030055753886699677,0.010519162751734257,0.03979480266571045,1.4669660329818726,4,0.5,
fixed,0,885,1.5247118473052979,0.0,0.01805037073791027,0.1300203800201416,1.5727431774139404,4,0.75,5.640082836151123
fixed,0,886,2.800675630569458,0.029316391795873642,0.0102342888712883,0.14129626750946045,2.862839937210083,4,0.75,
fixed,0,887,2.4967477321624756,0.0,0.02277771756052971,0.04124283790588379,2.5205094814300537,4,0.5,
fixed,0,888,1.875365972518921,0.0,0.010865272954106331,0.06871926784515381,1.901414394378662,4,0.5,
fixed,0,889,1.480694055557251,0.0,0.006550004240125418,0.13098359107971191,1.5232641696929932,4,0.25,
fixed,0,890,2.4498536586761475,0.0420370027422905,0.004665987566113472,0.09602487087249756,2.5020127296447754,4,0.75,6.6918768882751465
fixed,0,891,2.652390480041504,0.0,0.014839433133602142,0.0635150671005249,2.6788647174835205,4,0.25,
fixed,0,892,1.430557131767273,0.0,0.03246855363249779,0.1031569242477417,1.4777384996414185,4,0.25,
fixed,0,893,2.4376301765441895,0.0,0.014257609844207764,0.056501030921936035,2.4617092609405518,4,0.5,
fixed,0,894,2.3508224487304688,0.0,0.017788730561733246,0.035851478576660156,2.3704721927642822,4,0.5,
fixed,0,895,1.520936131477356,0.0,0.016609979793429375,0.05358695983886719,1.5453171730041504,4,0.25,4.953045845031738
fixed,0,896,1.844057321548462,0.0,0.0008372359443455935,0.3548924922943115,1.9509437084197998,4,0.0,
fixed,0,897,1.2413723468780518,0.0,0.02079741284251213,0.026580810546875,1.2597452402114868,4,0.5,
fixed,0,898,2.001002073287964,0.0,0.023699607700109482,0.03956937789916992,2.0247225761413574,4,0.75,
fixed,0,899,1.466323971748352,0.0,0.014477120712399483,0.03510308265686035,1.484093427658081,4,0.5,
fixed,0,900,2.666215419769287,0.0,0.007599249482154846,0.02127218246459961,2.676396608352661,4,0.25,2.9751243591308594
fixed,0,901,1.6024742126464844,0.00012574951688293368,0.01358233205974102,0.38428211212158203,1.7246129512786865,4,1.0,
fixed,0,902,1.782367467880249,4.5860546379117295e-05,9.652829612605274e-05,0.3057807683944702,1.8741729259490967,4,0.0,
fixed,0,903,1.5901674032211304,0.0,0.014748822897672653,0.062332868576049805,1.616241693496704,4,0.5,
fixed,0,904,2.6833603382110596,0.0,0.012547383084893227,0.5159769058227539,2.8444271087646484,4,1.0,
fixed,0,905,1.8005176782608032,0.0,0.013632182031869888,0.15977060794830322,1.8552649021148682,4,0.75,4.683316230773926
fixed,0,906,1.2043302059173584,0.0,0.014416122809052467,0.15555930137634277,1.2582060098648071,4,0.75,
fixed,0,907,2.5763559341430664,0.0,0.01815638691186905,0.05435049533843994,2.6017391681671143,4,0.5,
fixed,0,908,2.521287441253662,0.0,6.715034396620467e-05,0.3367229700088501,2.622337818145752,4,0.0,
fixed,0,909,1.5128625631332397,0.0,0.00023236479319166392,0.11437869071960449,1.5472923517227173,4,0.25,
fixed,0,910,1.9712036848068237,0.0313069187104702,0.006499854847788811,0.07209503650665283,2.011735677719116,4,0.5,2.2769649028778076
fixed,0,911,1.4055265188217163,0.0,0.0069513022899627686,0.03160989284515381,1.418485164642334,4,0.25,
fixed,0,912,2.046696186065674,0.0,0.0168391615152359,0.051564693450927734,2.070585250854492,4,0.5,
fixed,0,913,1.7644200325012207,0.0,0.025283098220825195,0.08440065383911133,1.8023817539215088,4,0.75,
fixed,0,914,1.0173472166061401,0.0,0.0076188016682863235,0.05794847011566162,1.0385411977767944,4,0.5,
fixed,0,915,1.5969892740249634,0.021075289696455002,0.01566324755549431,0.07813441753387451,1.6387988328933716,4,0.75,0.963445782661438
fixed,0,916,1.9352353811264038,0.0,0.011942264623939991,0.04910612106323242,1.9559383392333984,4,0.5,
fixed,0,917,0.6811237931251526,0.0,0.013883979059755802,0.13018488883972168,0.7271212339401245,4,0.0,
fixed,0,918,2.1044070720672607,0.0,0.014396042563021183,0.059133172035217285,2.129344940185547,4,0.5,
fixed,0,919,1.6402796506881714,0.030223947018384933,0.0010799034498631954,0.12393927574157715,1.6931133270263672,4,0.25,
fixed,0,920,1.396905779838562,0.0,0.015495935454964638,0.051541686058044434,1.4201163053512573,4,0.5,4.5747222900390625
fixed,0,921,1.4691123962402344,0.0,0.013054327107965946,0.1043316125869751,1.5069390535354614,4,0.25,
fixed,0,922,2.331207275390625,0.0,0.009945055469870567,0.13560521602630615,2.376861333847046,4,0.25,
fixed,0,923,2.6917104721069336,0.032361146062612534,0.0015306856948882341,0.12407183647155762,2.745877981185913,4,0.25,
fixed,0,924,1.0849688053131104,0.0,0.01348122674971819,0.05118727684020996,1.1070655584335327,4,0.5,
fixed,0,925,1.8111956119537354,0.0,0.01964261382818222,0.034865498542785645,1.8314765691757202,4,0.5,5.500697612762451
fixed,0,926,1.679573655128479,0.0,0.002889619441702962,0.1807926893234253,1.735256314277649,4,0.0,
fixed,0,927,1.9944798946380615,0.0,0.012743137776851654,0.042287588119506836,2.013537645339966,4,0.5,
fixed,0,928,2.3105721473693848,0.0,0.01075866911560297,0.032041072845458984,2.325563907623291,4,0.25,
fixed,0,929,1.518876314163208,0.0,0.021830908954143524,0.22611534595489502,1.5976263284683228,4,0.75,
fixed,0,930,1.5391253232955933,0.03297329321503639,0.009741369634866714,0.1395944356918335,1.6023609638214111,4,0.75,1.3456578254699707
fixed,0,931,1.4430278539657593,0.0,0.01636236347258091,0.04541146755218506,1.4648324251174927,4,0.25,
fixed,0,932,0.6581934094429016,0.0,0.014594764448702335,0.03967022895812988,0.6773918867111206,4,0.25,
fixed,0,933,2.1682591438293457,0.0,0.007052755914628506,0.10278964042663574,2.202622413635254,4,0.25,
fixed,0,934,2.4734997749328613,0.0,0.010630933567881584,0.0332639217376709,2.4887943267822266,4,0.25,
fixed,0,935,1.1940274238586426,0.0,0.009961897507309914,0.04637765884399414,1.2129216194152832,4,0.5,3.35056209564209
fixed,0,936,1.6335405111312866,0.0,0.01529126986861229,0.2715572118759155,1.7226532697677612,4,0.75,
fixed,0,937,2.33064603805542,0.0,0.018164874985814095,0.4132099151611328,2.463691473007202,4,1.0,
fixed,0,938,1.1871745586395264,0.0,0.0006373325013555586,0.36408531665802,1.2967188358306885,4,0.0,
fixed,0,939,0.9374094009399414,0.0,0.017595725134015083,0.41608673334121704,1.071033239364624,4,1.0,
fixed,0,940,1.1754918098449707,0.0,0.00758906826376915,0.04969334602355957,1.1941943168640137,4,0.5,2.8647682666778564
fixed,0,941,2.568037271499634,0.029023896902799606,0.0001366978685837239,0.06761014461517334,2.602900505065918,4,0.25,
fixed,0,942,1.969547986984253,1.9643219275167212e-05,0.0036479425616562366,0.0560297966003418,1.988190770149231,4,0.25,
fixed,0,943,1.2481539249420166,7.319380529224873e-05,0.011437695473432541,0.02994394302368164,1.2628926038742065,4,0.5,
fixed,0,944,1.138761281967163,0.0,0.005825145170092583,0.09550881385803223,1.1703264713287354,4,0.25,
fixed,0,945,1.8396598100662231,0.0,0.005910929292440414,0.1005558967590332,1.8727819919586182,4,0.25,2.442775011062622
fixed,0,946,1.1975224018096924,0.0,0.02061518281698227,0.38839662075042725,1.3243489265441895,4,1.0,
fixed,0,947,1.3952494859695435,0.0,0.014640441164374352,0.1460103988647461,1.4463728666305542,4,0.75,
fixed,0,948,1.1168519258499146,0.0,0.013494744896888733,0.1530156135559082,1.169503927230835,4,0.75,
fixed,0,949,1.4545512199401855,0.0,0.01623833179473877,0.08295845985412598,1.4875578880310059,4,0.25,
fixed,0,950,1.4543724060058594,0.0,0.015275762416422367,0.031035423278808594,1.4713208675384521,4,0.5,4.626065731048584
fixed,0,951,1.1520569324493408,0.030307287350296974,0.006433757022023201,0.03342890739440918,1.1804561614990234,4,0.5,
fixed,0,952,1.5626716613769531,0.009898311458528042,0.00641877856105566,0.038187503814697266,1.5822864770889282,4,0.25,
fixed,0,953,1.197605013847351,0.0,0.02101225033402443,0.10922825336456299,1.2408796548843384,4,0.75,
fixed,0,954,1.566109299659729,0.03264886513352394,0.014274582266807556,0.12242400646209717,1.626298189163208,4,0.75,
fixed,0,955,2.331068992614746,0.0,0.014940109103918076,0.05393195152282715,2.3547186851501465,4,0.5,4.616931915283203
fixed,0,956,1.867310881614685,0.0,0.002354802330955863,0.4722585678100586,2.0101659297943115,4,0.0,
fixed,0,957,2.4510204792022705,0.0,0.019054396077990532,0.046529531478881836,2.4745066165924072,4,0.5,
fixed,0,958,0.9064550399780273,0.024564899504184723,0.02898186445236206,0.24041008949279785,1.0053514242172241,4,1.0,
fixed,0,959,1.4756741523742676,0.0,0.028678489848971367,0.020937323570251465,1.496294617652893,4,0.25,
fixed,0,960,0.5042848587036133,0.0,0.029707085341215134,0.06969332695007324,0.5400463938713074,4,0.75,8.222278594970703
fixed,0,961,1.0247516632080078,0.0,0.022023873403668404,0.03163290023803711,1.0452535152435303,4,0.5,
fixed,0,962,2.235961437225342,0.0,0.011836854740977287,0.10476160049438477,2.273308277130127,4,0.25,
fixed,0,963,1.2413721084594727,0.0,0.03199645131826401,0.0631183385848999,1.2763057947158813,4,0.75,
fixed,0,964,2.0960235595703125,0.04255635291337967,0.00032672093948349357,0.034459829330444336,2.127803087234497,4,0.5,
fixed,0,965,1.8269919157028198,0.0,0.015646567568182945,0.04731130599975586,1.849008560180664,4,0.25,4.708415508270264
fixed,0,966,1.3139314651489258,0.0,0.049912191927433014,0.1747584342956543,1.3913151025772095,4,1.0,
fixed,0,967,1.816172480583191,0.0,0.017110474407672882,0.04389345645904541,1.8378957509994507,4,0.5,
fixed,0,968,1.6927393674850464,0.0,0.028256088495254517,0.08153760433197021,1.7313287258148193,4,0.75,
fixed,0,969,1.7521966695785522,0.0,0.008383028209209442,0.11930513381958008,1.7921797037124634,4,0.25,
fixed,0,970,1.9052073955535889,0.0,0.015550742857158184,0.04664921760559082,1.926977515220642,4,0.5,4.897323131561279
fixed,0,971,1.3474185466766357,3.2815012673381716e-05,0.005694932769984007,0.0777425765991211,1.3736052513122559,4,0.25,
fixed,0,972,1.8212379217147827,0.029419977217912674,0.013166116550564766,0.13265764713287354,1.8823282718658447,4,0.75,
fixed,0,973,1.8515324592590332,0.0,0.01653357595205307,0.04788994789123535,1.8741662502288818,4,0.5,
fixed,0,974,2.8338558673858643,0.0,0.01573413424193859,0.05162358283996582,2.8572099208831787,4,0.25,
fixed,0,975,1.5758672952651978,0.0,0.016759486868977547,0.06089460849761963,1.602515459060669,4,0.5,5.835830211639404
fixed,0,976,1.5235472917556763,0.0,0.013189652003347874,0.057151079177856445,1.5472874641418457,4,0.5,
fixed,0,977,2.0163352489471436,0.0,0.018935145810246468,0.05521047115325928,2.0423660278320312,4,0.5,
fixed,0,978,2.1794850826263428,0.0,0.022441551089286804,0.3819180727005005,2.305281162261963,4,1.0,
fixed,0,979,1.7060010433197021,0.0,0.008864155039191246,0.06371712684631348,1.7295482158660889,4,0.5,
fixed,0,980,2.142477035522461,0.0,0.00888465903699398,0.07433271408081055,2.1692192554473877,4,0.5,3.3651316165924072
fixed,0,981,2.302309036254883,0.0,0.009624257683753967,0.06959772109985352,2.328000545501709,4,0.5,
fixed,0,982,2.1479451656341553,0.0,0.01501547172665596,0.16511046886444092,2.204986095428467,4,0.75,
fixed,0,983,2.545379161834717,1.9984718164778315e-06,0.008440869860351086,0.11653387546539307,2.5845608711242676,4,0.75,
fixed,0,984,2.3409762382507324,0.03179475665092468,0.012584874406456947,0.25896430015563965,2.4408552646636963,4,0.75,
fixed,0,985,2.315631151199341,0.030497880652546883,0.009673485532402992,0.15365028381347656,2.3818118572235107,4,0.75,1.3757940530776978
fixed,0,986,1.3061515092849731,0.05517921596765518,0.006574935745447874,0.1202547550201416,1.3731050491333008,4,0.75,
fixed,0,987,2.384064197540283,0.029035508632659912,0.005674033425748348,0.057500362396240234,2.4186689853668213,4,0.5,
fixed,0,988,2.235037326812744,0.0,0.013769423589110374,0.06010913848876953,2.2599546909332275,4,0.5,
fixed,0,989,1.5982451438903809,0.03683414310216904,0.012510768137872219,0.12002444267272949,1.65892493724823,4,0.75,
fixed,0,990,0.9500288963317871,0.03570788726210594,0.022496189922094345,0.1643894910812378,1.0284477472305298,4,1.0,1.8016130924224854
fixed,0,991,1.606588363647461,0.010474320501089096,0.014233320020139217,0.06772637367248535,1.6392600536346436,4,0.5,
fixed,0,992,1.9676508903503418,0.0,0.01507265493273735,0.3994100093841553,2.095010280609131,4,0.0,
fixed,0,993,2.001552104949951,0.0,0.09214770793914795,0.011871814727783203,2.051187515258789,4,0.5,
fixed,0,994,1.5180799961090088,0.0,0.03692048415541649,0.14200341701507568,1.5791412591934204,4,0.25,
fixed,0,995,1.6869515180587769,0.0,0.023131392896175385,0.22128677368164062,1.7649033069610596,4,0.25,5.091500759124756
fixed,0,996,1.512465000152588,0.0,0.04709753021597862,0.06854772567749023,1.5565780401229858,4,0.25,
fixed,0,997,1.813201904296875,0.015594558790326118,0.022164970636367798,0.016379594802856445,1.8369956016540527,4,0.5,
fixed,0,998,2.0117125511169434,0.0,0.001362958108074963,0.4275768995285034,2.140667200088501,4,0.0,
fixed,0,999,1.100430965423584,0.0,0.04524477198719978,0.05071103572845459,1.138266682624817,4,0.5,
fixed,0,1000,2.5290966033935547,0.0,0.048134397715330124,0.054860830307006836,2.569622039794922,4,0.25,8.956738471984863
fixed,0,1001,1.6419059038162231,0.0,0.06321904808282852,0.014252185821533203,1.6777911186218262,4,0.5,
fixed,0,1002,2.40228009223938,0.0,0.04330927133560181,0.057276248931884766,2.441117525100708,4,0.5,
fixed,0,1003,1.7004343271255493,0.012410739436745644,0.026163525879383087,0.032195210456848145,1.7293800115585327,4,0.75,
fixed,0,1004,1.5276868343353271,0.0,0.03974270075559616,0.0472792387008667,1.5617419481277466,4,0.75,
fixed,0,1005,0.4535774886608124,0.0003996393352281302,0.022097207605838776,0.0228273868560791,0.4716741442680359,4,0.5,5.320455551147461
fixed,0,1006,2.3335280418395996,1.3089196727378294e-05,0.00880727544426918,0.07377076148986816,2.360069513320923,4,0.25,
fixed,0,1007,2.06540584564209,1.0562131791402862e-07,0.010806444101035595,0.08716511726379395,2.096958637237549,4,0.25,
fixed,0,1008,1.7468239068984985,0.0,0.0070748887956142426,0.0733640193939209,1.7723705768585205,4,0.25,
fixed,0,1009,2.006334066390991,0.0,0.014856594614684582,0.0754842758178711,2.036407709121704,4,0.5,
fixed,0,1010,1.4295401573181152,0.030332911759614944,0.009330757893621922,0.1726921796798706,1.5011796951293945,4,0.75,1.1260827779769897
fixed,0,1011,1.9669855833053589,0.0,0.0047179581597447395,0.03405487537384033,1.9795609712600708,4,0.25,
fixed,0,1012,2.407587766647339,0.0,0.003156443824991584,0.17848896980285645,2.4627127647399902,4,0.0,
fixed,0,1013,2.202463388442993,0.03962217643857002,0.006321951746940613,0.10293197631835938,2.256314992904663,4,0.5,
fixed,0,1014,1.6713024377822876,0.07013991475105286,0.000175513414433226,0.07848703861236572,1.730006217956543,4,0.5,
fixed,0,1015,1.754410743713379,0.03218381479382515,0.00878996029496193,0.5407932996749878,1.9371356964111328,4,1.0,0.9276311993598938
fixed,0,1016,1.8805445432662964,0.0,0.011272484436631203,0.22027981281280518,1.9522647857666016,4,0.75,
fixed,0,1017,2.124467134475708,0.027892185375094414,0.01334562711417675,0.14803004264831543,2.189495086669922,4,0.75,
fixed,0,1018,1.6985771656036377,0.03204173594713211,0.009961692616343498,0.17739343643188477,1.772796869277954,4,0.75,
fixed,0,1019,1.887154221534729,0.0,0.0040155621245503426,0.2087017297744751,1.9517725706100464,4,0.0,
fixed,0,1020,1.7000408172607422,0.0,0.0215887650847435,0.1349930763244629,1.7513331174850464,4,0.75,6.116738319396973
fixed,0,1021,2.001162528991699,0.0,0.030083628371357918,0.31217265129089355,2.109856128692627,4,1.0,
fixed,0,1022,1.9060581922531128,0.0,0.001402529887855053,0.4107668399810791,2.02998948097229,4,0.0,
fixed,0,1023,1.5498813390731812,0.0,0.020690226927399635,0.05079150199890137,1.575463891029358,4,0.5,
fixed,0,1024,1.60299551486969,0.0,0.021932115778326988,0.032198309898376465,1.6236211061477661,4,0.5,
fixed,0,1025,2.220085620880127,0.020175494253635406,0.012569320388138294,0.0438990592956543,2.2496278285980225,4,0.5,1.4293875694274902
fixed,0,1026,1.6443185806274414,0.03475358337163925,0.0006968732923269272,0.037650108337402344,1.6733388900756836,4,0.5,
fixed,0,1027,3.249876022338867,0.018166804686188698,0.010301101952791214,0.032022953033447266,3.273716926574707,4,0.5,
fixed,0,1028,2.0132267475128174,0.01846206933259964,0.0006657125195488334,0.10249829292297363,2.0535402297973633,4,0.25,
fixed,0,1029,1.2724405527114868,0.0,0.027006320655345917,0.06601822376251221,1.3057491779327393,4,0.25,
fixed,0,1030,2.716327428817749,0.0,0.005585425533354282,0.20469927787780762,2.7805299758911133,4,0.0,2.674123525619507
fixed,0,1031,1.771963119506836,0.0,0.06907884776592255,0.09004402160644531,1.8335157632827759,4,1.0,
fixed,0,1032,1.3365247249603271,0.0,0.04115305840969086,0.048040032386779785,1.3715132474899292,4,0.75,
fixed,0,1033,1.1701990365982056,0.019902698695659637,0.026469267904758453,0.05103647708892822,1.2086960077285767,4,0.75,
fixed,0,1034,1.9931620359420776,1.4085952898312826e-05,0.028175385668873787,0.03158676624298096,2.016732692718506,4,0.5,
fixed,0,1035,2.0792222023010254,0.0,0.04082614183425903,0.052672743797302246,2.1154370307922363,4,0.75,8.567553520202637
fixed,0,1036,2.2191600799560547,0.015189235098659992,0.012279259040951729,0.03573477268218994,2.243614673614502,4,0.5,
fixed,0,1037,2.1998393535614014,0.018350733444094658,5.417019929154776e-05,0.12371397018432617,2.2461559772491455,4,0.25,
fixed,0,1038,1.9022190570831299,0.0,0.027560336515307426,0.05246615409851074,1.931739091873169,4,0.5,
fixed,0,1039,2.643320322036743,0.0,0.02091638371348381,0.054880380630493164,2.6702425479888916,4,0.5,
fixed,0,1040,2.478365182876587,0.0,0.0402473621070385,0.2183307409286499,2.563988208770752,4,1.0,10.05551528930664
fixed,0,1041,2.724444627761841,7.354736590059474e-05,0.011365949176251888,0.1118854284286499,2.763730049133301,4,0.25,
fixed,0,1042,1.362579345703125,0.0,0.016635380685329437,0.058382391929626465,1.3884117603302002,4,0.5,
fixed,0,1043,2.265625,0.024525118991732597,0.026238854974508286,0.2631111145019531,2.3699402809143066,4,1.0,
fixed,0,1044,1.3086756467819214,0.0,0.015779033303260803,0.059778571128845215,1.3344987630844116,4,0.5,
fixed,0,1045,1.4704607725143433,0.0,0.02306903526186943,0.12172424793243408,1.5185126066207886,4,0.75,6.337729454040527
fixed,0,1046,2.4654154777526855,0.02352585643529892,0.016007211059331894,0.11438405513763428,2.5194971561431885,4,0.75,
fixed,0,1047,2.2966794967651367,0.0,0.015002146363258362,0.06935548782348633,2.3249871730804443,4,0.5,
fixed,0,1048,2.563891887664795,0.0,0.006640360224992037,0.10446739196777344,2.5985522270202637,4,0.25,
fixed,0,1049,1.9131966829299927,0.0,0.007702111266553402,0.11614632606506348,1.9518916606903076,4,0.25,
fixed,0,1050,1.7627012729644775,0.0,0.014621942304074764,0.06164753437042236,1.7885065078735352,4,0.5,4.427515029907227
fixed,0,1051,1.8958364725112915,0.04939249902963638,0.005066229030489922,0.12611985206604004,1.9609017372131348,4,0.75,
fixed,0,1052,2.5114855766296387,5.802472969662631e-06,0.016293294727802277,0.043755292892456055,2.532761812210083,4,0.5,
fixed,0,1053,1.2419695854187012,0.0,0.02225988358259201,0.06661510467529297,1.273084044456482,3,0.75,
fixed,0,1054,2.3417742252349854,0.0,0.015519863925874233,0.039345622062683105,2.361337900161743,4,0.5,
fixed,0,1055,1.3100215196609497,1.2869510101154447e-05,0.010685372166335583,0.07434356212615967,1.3376736640930176,4,0.25,2.835824728012085
fixed,0,1056,1.5980936288833618,0.0,0.02368558757007122,0.11650168895721436,1.6448869705200195,4,0.75,
fixed,0,1057,1.6718392372131348,0.0,0.01612820103764534,0.03095078468322754,1.6891885995864868,4,0.5,
fixed,0,1058,1.3876789808273315,6.216537826730928e-07,0.005165324080735445,0.027576208114624023,1.3985347747802734,4,0.5,
fixed,0,1059,2.494960069656372,4.476780304685235e-05,0.010851524770259857,0.04668736457824707,2.5144143104553223,4,0.5,
fixed,0,1060,1.164194107055664,0.0,0.016122497618198395,0.16141963005065918,1.2206811904907227,4,0.75,5.1277570724487305
fixed,0,1061,1.1596176624298096,0.0,0.005733294878154993,0.029077768325805664,1.1712076663970947,4,0.25,
fixed,0,1062,1.13624107837677,0.0,0.005611587315797806,0.06889796257019043,1.159716248512268,4,0.5,
fixed,0,1063,1.0180217027664185,0.0,0.010548519901931286,0.10168695449829102,1.0538020133972168,4,0.75,
fixed,0,1064,1.5502312183380127,8.873730257619172e-05,0.0006970565300434828,0.3118479251861572,1.6441785097122192,4,0.0,
fixed,0,1065,1.6192779541015625,0.0,0.014525804668664932,0.33196496963500977,1.7261303663253784,4,1.0,4.687398910522461
fixed,0,1066,1.3118876218795776,0.0,0.012205400504171848,0.1790231466293335,1.3716973066329956,4,0.75,
fixed,0,1067,1.779098629951477,0.003412816673517227,0.01418481208384037,0.04833865165710449,1.8023990392684937,4,0.5,
fixed,0,1068,2.428480625152588,0.0,0.009359954856336117,0.0925588607788086,2.460928201675415,4,0.5,
fixed,0,1069,1.976733922958374,0.03226841986179352,0.008073100820183754,0.0818321704864502,2.021454334259033,4,0.5,
fixed,0,1070,2.1191351413726807,0.0503968670964241,0.005965197924524546,0.10497009754180908,2.178807258605957,4,0.75,5.984023571014404
fixed,0,1071,2.2841644287109375,0.02716277912259102,0.01777673326432705,0.09720146656036377,2.335794687271118,4,0.75,
fixed,0,1072,1.2296257019042969,0.0,0.01816106215119362,0.07229733467102051,1.2603954076766968,4,0.5,
fixed,0,1073,2.058382987976074,0.0,0.027463268488645554,0.08317506313323975,2.09706711769104,4,0.5,
fixed,0,1074,1.9720865488052368,0.015844890847802162,0.03312430530786514,0.15768814086914062,2.043877601623535,4,1.0,
fixed,0,1075,1.8043500185012817,0.0,0.03786886855959892,0.05787086486816406,1.840645670890808,4,0.75,8.60280704498291
fixed,0,1076,2.9100253582000732,0.0,0.007290489971637726,0.3368288278579712,3.014719247817993,4,0.0,
fixed,0,1077,2.604494571685791,0.0,0.03289790824055672,0.07607090473175049,2.6437647342681885,4,0.25,
fixed,0,1078,1.6636948585510254,0.01639193296432495,0.023809531703591347,0.08413875102996826,1.709037184715271,4,0.5,
fixed,0,1079,1.7998381853103638,0.02050374262034893,0.0028896660078316927,0.22290515899658203,1.8784064054489136,4,0.25,
fixed,0,1080,1.1936923265457153,0.0,0.0499940887093544,0.14919424057006836,1.263447642326355,4,1.0,11.752788543701172
fixed,0,1081,2.299450635910034,0.0,0.01907937601208687,0.20855259895324707,2.371556043624878,4,0.25,
fixed,0,1082,1.6311465501785278,0.0,0.015583617612719536,0.17537879943847656,1.6915520429611206,4,0.25,
fixed,0,1083,1.2875101566314697,0.023017309606075287,0.038586340844631195,0.15708577632904053,1.3654377460479736,4,1.0,
fixed,0,1084,1.3868471384048462,0.0,0.02171001024544239,0.029062390327453613,1.4064208269119263,4,0.5,
fixed,0,1085,2.6335182189941406,0.027623683214187622,0.020452052354812622,0.07056605815887451,2.6787259578704834,4,0.75,1.809831142425537
fixed,0,1086,1.0152119398117065,0.0,0.018876105546951294,0.0501781702041626,1.0397034883499146,4,0.25,
fixed,0,1087,1.767830491065979,0.02660125307738781,0.026244282722473145,0.252174973487854,1.869905710220337,4,1.0,
fixed,0,1088,2.1325933933258057,0.025832699611783028,0.0076323337852954865,0.03773057460784912,2.160645008087158,4,0.25,
fixed,0,1089,1.7855138778686523,0.0,0.014211082831025124,0.12030816078186035,1.8287118673324585,4,0.25,
fixed,0,1090,1.9427590370178223,0.0,0.012223922647535801,0.029842615127563477,1.9578237533569336,4,0.25,3.961376190185547
fixed,0,1091,1.2945666313171387,0.0,0.02068290300667286,0.023365259170532227,1.3119176626205444,4,0.5,
fixed,0,1092,1.9506053924560547,0.0,0.01038828119635582,0.09669995307922363,1.9848095178604126,4,0.25,
fixed,0,1093,1.7976831197738647,0.0,0.026447251439094543,0.09503579139709473,1.8394174575805664,4,0.75,
fixed,0,1094,1.7120641469955444,0.0,0.015889517962932587,0.033087849617004395,1.7299352884292603,4,0.5,
fixed,0,1095,1.7984015941619873,0.0,0.01858595944941044,0.04649460315704346,1.8216429948806763,4,0.5,4.946763515472412
fixed,0,1096,1.7262400388717651,0.0,0.020667437463998795,0.11870718002319336,1.7721859216690063,4,0.75,
fixed,0,1097,2.637235403060913,0.009502705186605453,0.01857188530266285,0.053601622581481934,2.6673531532287598,4,0.5,
fixed,0,1098,1.933576226234436,0.0,0.014400964602828026,0.061557888984680176,1.9592441320419312,4,0.5,
fixed,0,1099,2.2869677543640137,0.02547125332057476,7.270147034432739e-05,0.10560894012451172,2.3314223289489746,4,0.25,
fixed,0,1100,3.2611453533172607,2.7588865236793936e-07,0.001339501584880054,0.17192792892456055,3.3133935928344727,4,0.0,0.9924769997596741
fixed,0,1101,1.3264045715332031,0.0,0.016313936561346054,0.1667921543121338,1.384599208831787,4,0.75,
fixed,0,1102,1.4372024536132812,0.0,0.01702723652124405,0.1689392328262329,1.496397852897644,4,0.75,
fixed,0,1103,1.465204119682312,0.0,0.016812968999147415,0.16264665126800537,1.5224045515060425,4,0.75,
fixed,0,1104,0.9600940346717834,1.0262850992148742e-05,0.0036785562988370657,0.09323811531066895,0.9899098873138428,4,0.25,
fixed,0,1105,1.9884397983551025,0.0,0.003885653568431735,0.11641800403594971,2.025308132171631,4,0.25,1.5563386678695679
fixed,0,1106,2.4996438026428223,0.0019760846626013517,0.00493230065330863,0.05804908275604248,2.520512819290161,4,0.25,
fixed,0,1107,1.6910014152526855,7.275367806869326e-06,0.00355424452573061,0.08271336555480957,1.717596173286438,4,0.25,
fixed,0,1108,1.7953405380249023,2.780797512969002e-05,0.003094826824963093,0.0732266902923584,1.8188698291778564,4,0.25,
fixed,0,1109,1.823848009109497,0.029753345996141434,6.550609396072105e-05,0.08476066589355469,1.8641856908798218,4,0.25,
fixed,0,1110,1.7955331802368164,0.00012206393876112998,0.007745729759335518,0.06732773780822754,1.8196654319763184,4,0.5,2.7774949073791504
fixed,0,1111,2.042391538619995,0.0,0.0005436714272946119,0.11566472053527832,2.0773627758026123,4,0.0,
fixed,0,1112,1.3241212368011475,0.0,0.009747750125825405,0.23299729824066162,1.3988943099975586,4,0.75,
fixed,0,1113,2.2125604152679443,1.1467348031146685e-06,0.008627710863947868,0.10681366920471191,2.2489190101623535,4,0.5,
fixed,0,1114,1.6697694063186646,0.00037416385021060705,0.0025795861147344112,0.03877246379852295,1.682878017425537,4,0.25,
fixed,0,1115,2.429680347442627,0.034367576241493225,0.00012990877439733595,0.05546855926513672,2.4635696411132812,4,0.25,4.3493242263793945
fixed,0,1116,0.8576984405517578,1.2293741580293727e-09,0.004444685764610767,0.06773042678833008,0.8802399039268494,4,0.25,
fixed,0,1117,1.4865504503250122,0.00039854145143181086,0.005334179382771254,0.052448153495788574,1.5051512718200684,4,0.25,
fixed,0,1118,1.178329348564148,0.029017331078648567,0.004010293632745743,0.05875575542449951,1.2124699354171753,4,0.5,
fixed,0,1119,2.0850820541381836,4.17887940784567e-06,0.00028130318969488144,0.27266550064086914,2.1670243740081787,4,0.0,
fixed,0,1120,2.5203561782836914,0.0,0.008426585234701633,0.06666159629821777,2.5445680618286133,4,0.5,3.1136889457702637
fixed,0,1121,1.5253803730010986,0.00033639901084825397,0.009695621207356453,0.060021281242370605,1.5484027862548828,4,0.5,
fixed,0,1122,2.324204444885254,0.029411237686872482,0.00907905213534832,0.17926836013793945,2.3972301483154297,4,0.75,
fixed,0,1123,0.8973966240882874,0.03086121566593647,0.004698899108916521,0.06141197681427002,0.9336003065109253,4,0.5,
fixed,0,1124,1.0810445547103882,0.0,0.016828402876853943,0.16130542755126953,1.1378504037857056,4,0.75,
fixed,0,1125,1.832525372505188,0.0,0.016340075060725212,0.05788016319274902,1.8580594062805176,4,0.5,4.87314510345459
fixed,0,1126,0.8509082198143005,0.0,0.01719489134848118,0.15675854682922363,0.9065332412719727,4,0.75,
fixed,0,1127,1.8972337245941162,0.0,0.01350278127938509,0.07585418224334717,1.926741361618042,4,0.5,
fixed,0,1128,1.9271562099456787,0.0,0.0009063780307769775,0.40092092752456665,2.0478856563568115,4,0.0,
fixed,0,1129,1.7702925205230713,0.0,0.015493586659431458,0.08160996437072754,1.8025223016738892,4,0.75,
fixed,0,1130,0.8722386956214905,2.531925383664202e-05,0.014082476496696472,0.05516529083251953,0.8958421945571899,4,0.5,4.416290760040283
fixed,0,1131,1.6191186904907227,0.02127840556204319,0.000754011794924736,0.13500285148620605,1.67063570022583,4,0.25,
fixed,0,1132,1.4281781911849976,0.0,0.023669077083468437,0.11407697200775146,1.4742357730865479,4,0.75,
fixed,0,1133,1.3816578388214111,0.0,0.006765988189727068,0.10194921493530273,1.4156255722045898,4,0.25,
fixed,0,1134,1.1608552932739258,0.02269553951919079,0.0006315323407761753,0.11195087432861328,1.206104040145874,4,0.25,
fixed,0,1135,1.3996565341949463,0.0,0.033878788352012634,0.2573457956314087,1.4937996864318848,4,1.0,9.405911445617676
fixed,0,1136,2.4002866744995117,0.022842464968562126,0.0005065198638476431,0.09819281101226807,2.4414191246032715,4,0.25,
fixed,0,1137,2.069688320159912,0.0,0.025106066837906837,0.023914098739624023,2.0894155502319336,4,0.5,
fixed,0,1138,2.6607954502105713,0.0,0.00027663985383696854,0.2940685749053955,2.7491543292999268,4,0.0,
fixed,0,1139,1.222127079963684,0.0,0.015313932672142982,0.04084491729736328,1.2420375347137451,4,0.25,
fixed,0,1140,2.1588268280029297,0.0,0.01892782561480999,0.0462336540222168,2.1821608543395996,4,0.5,5.438929557800293
fixed,0,1141,1.4560970067977905,0.0,0.01765693537890911,0.02608644962310791,1.4727513790130615,4,0.5,
fixed,0,1142,1.25199294090271,0.0,0.04019973427057266,0.21434104442596436,1.3363951444625854,4,1.0,
fixed,0,1143,2.3020122051239014,0.022487478330731392,0.01342153362929821,0.13677287101745605,2.3609986305236816,4,0.5,
fixed,0,1144,1.717862844467163,9.277686331188306e-05,0.007906206883490086,0.04892432689666748,1.736539602279663,4,0.25,
fixed,0,1145,2.1837685108184814,1.6281313946819864e-05,0.03123726323246956,0.08190405368804932,2.223966598510742,4,0.75,8.60204792022705
fixed,0,1146,1.1582804918289185,0.0,0.011649814434349537,0.045833587646484375,1.1778554916381836,4,0.5,
fixed,0,1147,1.3740862607955933,0.0,0.028075896203517914,0.10238802433013916,1.4188406467437744,4,0.75,
fixed,0,1148,1.9384102821350098,0.017421303316950798,0.015932496637105942,0.17107713222503662,2.0064103603363037,4,0.75,
fixed,0,1149,3.3979358673095703,0.0,0.026041854172945023,0.11343705654144287,3.4449880123138428,4,0.75,
fixed,0,1150,1.7547190189361572,0.0,0.013917166739702225,0.06153595447540283,1.780138373374939,4,0.5,4.41676664352417
fixed,0,1151,2.2437357902526855,0.0,0.01709599234163761,0.06357240676879883,2.271355628967285,4,0.5,
fixed,0,1152,2.1514358520507812,8.651570169604383e-06,0.009828625246882439,0.03635382652282715,2.1672606468200684,4,0.25,
fixed,0,1153,1.4396520853042603,0.0,0.029390182346105576,0.04409956932067871,1.4675770998001099,4,0.5,
fixed,0,1154,1.8743289709091187,0.0,0.013631078414618969,0.16038298606872559,1.9292594194412231,4,0.25,
fixed,0,1155,0.7954538464546204,0.0,0.010026907548308372,0.1748507022857666,0.8529224991798401,4,0.25,3.231245756149292
fixed,0,1156,1.6678181886672974,0.033561911433935165,0.01648768037557602,0.4063742160797119,1.8147552013397217,4,1.0,
fixed,0,1157,2.0095293521881104,0.0,0.012737970799207687,0.07174253463745117,2.0374209880828857,4,0.5,
fixed,0,1158,1.4015787839889526,0.0,0.02080918662250042,0.13729560375213623,1.4531720876693726,4,0.75,
fixed,0,1159,2.2357218265533447,0.0,0.012824105098843575,0.06745123863220215,2.262369155883789,4,0.5,
fixed,0,1160,1.3510031700134277,0.0,0.019366206601262093,0.14010727405548096,1.402718424797058,4,0.75,6.257513046264648
fixed,0,1161,1.8995639085769653,0.00045271500130183995,0.013568827882409096,0.0431361198425293,1.9195154905319214,4,0.5,
fixed,0,1162,1.877209186553955,0.0,0.005654832813888788,0.11946523189544678,1.9158761501312256,4,0.25,
fixed,0,1163,0.7653661370277405,0.0,0.017116660252213478,0.14183294773101807,0.8164743781089783,4,0.75,
fixed,0,1164,1.8298540115356445,0.0,0.0016111764125525951,0.1719578504562378,1.882246971130371,4,0.0,
fixed,0,1165,1.4527825117111206,0.0,0.007069944404065609,0.11243629455566406,1.4900484085083008,4,0.25,2.5004708766937256
fixed,0,1166,1.7856005430221558,0.0,0.013212857767939568,0.04993486404418945,1.8071874380111694,4,0.5,
fixed,0,1167,2.3686723709106445,0.0,0.01228511892259121,0.05346095561981201,2.3908531665802,4,0.5,
fixed,0,1168,2.1587302684783936,0.0,0.0007230212213471532,0.33879661560058594,2.260730743408203,4,0.0,
fixed,0,1169,2.000659942626953,0.02702808938920498,0.005921614822000265,0.03508484363555908,2.0276601314544678,4,0.5,
fixed,0,1170,2.4413695335388184,0.0,0.018972204998135567,0.24196577072143555,2.5234453678131104,4,0.75,5.874088287353516
fixed,0,1171,1.5858043432235718,0.02848515845835209,0.006352075841277838,0.038834571838378906,1.6148732900619507,4,0.25,
fixed,0,1172,2.180145263671875,3.2338525670638774e-06,7.361759344348684e-05,0.2688666582107544,2.2608437538146973,4,0.0,
fixed,0,1173,1.694689393043518,0.0,0.01286613941192627,0.16597914695739746,1.7509162425994873,4,0.75,
fixed,0,1174,1.362194538116455,0.023217182606458664,0.004216846078634262,0.02665877342224121,1.3839092254638672,4,0.5,
fixed,0,1175,1.5082597732543945,0.0,0.021438151597976685,0.3820335865020752,1.6335889101028442,4,1.0,7.113439559936523
fixed,0,1176,1.0482378005981445,0.025966743007302284,0.01214674860239029,0.11988937854766846,1.1032613515853882,4,0.75,
fixed,0,1177,1.117821455001831,0.0,0.021381283178925514,0.21828961372375488,1.19399893283844,4,0.75,
fixed,0,1178,1.8553686141967773,0.0,0.011824955232441425,0.03645658493041992,1.8722180128097534,4,0.25,
fixed,0,1179,2.0099480152130127,0.0,0.028799813240766525,0.15907061100006104,2.0720691680908203,4,0.75,
fixed,0,1180,1.3056700229644775,0.0,0.032399583607912064,0.15105855464935303,1.3671873807907104,4,0.75,9.167946815490723
fixed,0,1181,2.3884336948394775,0.0,0.010528797283768654,0.14264416694641113,2.4364912509918213,4,0.25,
fixed,0,1182,2.012627601623535,0.0,0.021940307691693306,0.0495070219039917,2.038449764251709,4,0.5,
fixed,0,1183,2.673377513885498,0.0,0.01964143104851246,0.061220526695251465,2.701564311981201,4,0.5,
fixed,0,1184,1.4933602809906006,0.0,0.022260725498199463,0.055715203285217285,1.521205186843872,4,0.5,
fixed,0,1185,2.1010570526123047,0.0,0.02559259906411171,0.05089247226715088,2.1291210651397705,4,0.5,6.84160041809082
fixed,0,1186,1.687134027481079,0.0,0.018462633714079857,0.16539430618286133,1.745983600616455,4,0.25,
fixed,0,1187,1.5842866897583008,0.026872575283050537,0.008030999451875687,0.06169271469116211,1.6202462911605835,4,0.5,
fixed,0,1188,1.4218288660049438,0.0,0.008610023185610771,0.11516082286834717,1.4606821537017822,4,0.25,
fixed,0,1189,1.1376625299453735,0.0,0.013859456405043602,0.057030677795410156,1.1617014408111572,4,0.5,
fixed,0,1190,1.3500542640686035,0.0,0.02762571908533573,0.10213267803192139,1.3945069313049316,4,0.75,8.117822647094727
fixed,0,1191,1.227753758430481,0.0,0.008565092459321022,0.03709137439727783,1.2431637048721313,4,0.25,
fixed,0,1192,1.8747645616531372,0.0,0.009465683251619339,0.06849288940429688,1.9000452756881714,4,0.5,
fixed,0,1193,1.9138200283050537,0.02204505354166031,0.012550861574709415,0.12811875343322754,1.9695535898208618,4,0.75,
fixed,0,1194,2.439957857131958,0.0,0.009760738350450993,0.06372570991516113,2.463955879211426,4,0.5,
fixed,0,1195,1.1182234287261963,0.025769976899027824,0.014370568096637726,0.40059375762939453,1.2584718465805054,4,1.0,1.025669813156128
fixed,0,1196,1.8252960443496704,2.576325186964823e-06,0.014139112085103989,0.1774972677230835,1.8856160640716553,4,0.75,
fixed,0,1197,1.7966638803482056,1.053309475196329e-07,0.004175831563770771,0.07522618770599365,1.8213196992874146,4,0.25,
fixed,0,1198,1.7356717586517334,0.0,0.017710786312818527,0.14792609214782715,1.7889050245285034,4,0.75,
fixed,0,1199,1.7557569742202759,0.0228571854531765,0.005331821274012327,0.04825460910797119,1.7843278646469116,4,0.5,
fixed,0,1200,0.9295612573623657,0.0,0.004142055753618479,0.24181890487670898,1.0041779279708862,4,0.0,2.4512720108032227
fixed,0,1201,2.4703617095947266,0.0,0.013041486032307148,0.050579071044921875,2.492056131362915,4,0.25,
fixed,0,1202,2.4853286743164062,0.0,0.013891403563320637,0.04960644245147705,2.5071563720703125,4,0.5,
fixed,0,1203,1.4920545816421509,0.0,0.02249685861170292,0.12856924533843994,1.541873812675476,4,0.75,
fixed,0,1204,1.7065997123718262,0.03693411499261856,0.013036412186920643,0.2272791862487793,1.7997686862945557,4,1.0,
fixed,0,1205,1.5955941677093506,0.0,0.018640968948602676,0.041439056396484375,1.6173464059829712,4,0.5,5.244987964630127
fixed,0,1206,2.065561532974243,0.0,0.03170541673898697,0.07118749618530273,2.1027705669403076,4,0.75,
fixed,0,1207,1.8524317741394043,0.0,0.015965325757861137,0.051552772521972656,1.875880241394043,4,0.5,
fixed,0,1208,2.3886075019836426,0.0,0.017197061330080032,0.056278109550476074,2.4140894412994385,4,0.5,
fixed,0,1209,1.8050048351287842,0.0,0.03762885183095932,0.2538158893585205,1.8999640941619873,4,1.0,
fixed,0,1210,1.4522260427474976,0.0,0.017368722707033157,0.056481003761291504,1.4778547286987305,4,0.5,5.218774795532227
fixed,0,1211,1.6976827383041382,0.02476554363965988,0.024178139865398407,0.03677773475646973,1.7331879138946533,4,0.5,
fixed,0,1212,1.6037933826446533,0.0,0.010178502649068832,0.1290910243988037,1.6476099491119385,4,0.25,
fixed,0,1213,1.2475099563598633,0.0,0.013490553013980389,0.046949148178100586,1.268339991569519,4,0.5,
fixed,0,1214,2.1882336139678955,0.0,0.009057380259037018,0.128423810005188,2.2312893867492676,4,0.25,
fixed,0,1215,1.8649873733520508,0.0,0.020410796627402306,0.04944276809692383,1.8900256156921387,4,0.5,5.880321502685547
fixed,0,1216,1.7008252143859863,0.0,0.023361429572105408,0.03284192085266113,1.7223584651947021,4,0.5,
fixed,0,1217,1.2616280317306519,0.0,0.019248319789767265,0.12581753730773926,1.3089975118637085,4,0.75,
fixed,0,1218,1.7348953485488892,0.0,0.018076298758387566,0.040282249450683594,1.7560181617736816,4,0.5,
fixed,0,1219,2.2995951175689697,0.0,0.014116811566054821,0.05416131019592285,2.322901964187622,4,0.5,
fixed,0,1220,0.8068615198135376,0.0,0.02314581535756588,0.3721972703933716,0.9300935864448547,4,1.0,7.591165065765381
fixed,0,1221,1.311572790145874,0.0,0.013739695772528648,0.0452120304107666,1.3320062160491943,4,0.5,
fixed,0,1222,1.2694013118743896,0.0,0.007375014014542103,0.08130192756652832,1.2974793910980225,4,0.25,
fixed,0,1223,1.65728759765625,0.0,0.010581400245428085,0.051102399826049805,1.677909016609192,4,0.5,
fixed,0,1224,1.5627367496490479,0.023361483588814735,0.006447110325098038,0.02856314182281494,1.586210012435913,4,0.5,
fixed,0,1225,1.197505235671997,0.0,0.013636190444231033,0.2907397747039795,1.2915452718734741,4,0.75,4.6026482582092285
fixed,0,1226,1.716780185699463,0.0,0.0008729714900255203,0.36893320083618164,1.8278965950012207,4,0.0,
fixed,0,1227,1.6162091493606567,0.0,0.013525541871786118,0.16457879543304443,1.672345519065857,4,0.75,
fixed,0,1228,2.3830268383026123,0.0,0.005782694555819035,0.23115861415863037,2.455265760421753,4,0.0,
fixed,0,1229,1.9783480167388916,0.0,0.00921168178319931,0.08955180644989014,2.009819507598877,4,0.5,
fixed,0,1230,1.8020013570785522,0.002542382339015603,0.008615488186478615,0.05475592613220215,1.8240070343017578,4,0.5,2.735373020172119
fixed,0,1231,2.109889507293701,0.03130587562918663,0.003836265066638589,0.058202266693115234,2.14492130279541,4,0.5,
fixed,0,1232,2.1423919200897217,0.0,0.00888077449053526,0.05512237548828125,2.1633689403533936,4,0.5,
fixed,0,1233,2.1767044067382812,0.0,0.02116689644753933,0.04348886013031006,2.2003345489501953,4,0.5,
fixed,0,1234,2.627192258834839,0.0,0.005607417318969965,0.113983154296875,2.6641910076141357,4,0.25,
fixed,0,1235,1.5607306957244873,0.0,0.0169370137155056,0.1420379877090454,1.611810564994812,4,0.75,5.300513744354248
fixed,0,1236,1.798770546913147,0.0,0.005969094578176737,0.12272012233734131,1.8385710716247559,4,0.25,
fixed,0,1237,2.1140995025634766,0.0,0.006567142438143492,0.1314607858657837,2.1568212509155273,4,0.25,
fixed,0,1238,2.2041187286376953,0.012391509488224983,0.0008420560625381768,0.17458176612854004,2.2631101608276367,4,0.0,
fixed,0,1239,2.0702450275421143,0.0,0.01113246101886034,0.04618370532989502,2.0896663665771484,4,0.25,
fixed,0,1240,2.6773343086242676,0.0,0.006043875124305487,0.09067940711975098,2.7075600624084473,4,0.25,2.2654030323028564
fixed,0,1241,1.0442545413970947,0.021130507811903954,0.007825859822332859,0.14798080921173096,1.1031270027160645,4,0.75,
fixed,0,1242,1.363420844078064,0.011779825203120708,0.010497599840164185,0.34360647201538086,1.4776414632797241,4,0.75,
fixed,0,1243,2.0269861221313477,0.0,0.005856231786310673,0.08477842807769775,2.0553476810455322,4,0.25,
fixed,0,1244,1.539527416229248,0.022055409848690033,0.003987567499279976,0.041236162185668945,1.5649197101593018,4,0.25,
fixed,0,1245,2.1875569820404053,0.0,0.0058166999369859695,0.08875536918640137,2.2170920372009277,4,0.25,2.323138952255249
fixed,0,1246,2.5708701610565186,0.0,0.018963797017931938,0.13933134078979492,2.6221513748168945,4,0.75,
fixed,0,1247,2.7885513305664062,0.027009543031454086,0.0127344261854887,0.13136839866638184,2.8478338718414307,4,0.75,
fixed,0,1248,0.8127132654190063,0.0,0.013979911804199219,0.04026377201080322,0.831782341003418,4,0.5,
fixed,0,1249,2.066136360168457,0.0,0.001255188719369471,0.38679569959640503,2.182802677154541,4,0.0,
fixed,0,1250,2.7412750720977783,0.0,0.02498713880777359,0.10102975368499756,2.7840776443481445,4,0.75,7.027668476104736
fixed,0,1251,2.381344795227051,0.0,0.01877131126821041,0.14249181747436523,2.4334778785705566,4,0.75,
fixed,0,1252,1.5647854804992676,0.0,0.024263517931103706,0.19520246982574463,1.6354780197143555,4,0.75,
fixed,0,1253,1.9818856716156006,4.925860067062082e-11,0.01483540702611208,0.11350023746490479,2.023353338241577,4,0.25,
fixed,0,1254,2.5424318313598633,0.0,0.02943524345755577,0.31223535537719727,2.650820016860962,4,1.0,
fixed,0,1255,1.383644938468933,0.0,0.00825726892799139,0.08057713508605957,1.4119467735290527,4,0.25,2.513317346572876
fixed,0,1256,1.9707162380218506,0.0,0.03195957466959953,0.035802364349365234,1.997436761856079,4,0.5,
fixed,0,1257,2.1977503299713135,0.0,0.054004766047000885,0.023056387901306152,2.2316696643829346,4,0.5,
fixed,0,1258,2.258265972137451,0.0,0.01259006466716528,0.11290562152862549,2.2984325885772705,4,0.25,
fixed,0,1259,2.554676055908203,0.002488394733518362,0.004859314300119877,0.2036529779434204,2.61944580078125,4,0.0,
fixed,0,1260,1.8147552013397217,0.000626862864010036,0.007902207784354687,0.06500768661499023,1.8385220766067505,4,0.25,2.29003643989563
fixed,0,1261,1.576070785522461,0.049995481967926025,0.0048378645442426205,0.03637123107910156,1.6143988370895386,4,0.5,
fixed,0,1262,1.4853816032409668,0.0,0.024804893881082535,0.39725178480148315,1.616959571838379,4,1.0,
fixed,0,1263,1.443291425704956,0.0,0.01312395092099905,0.07017326354980469,1.4709054231643677,4,0.5,
fixed,0,1264,1.2387903928756714,0.02681313268840313,0.004273639526218176,0.08558320999145508,1.2800087928771973,4,0.5,
fixed,0,1265,1.867126703262329,0.0,0.01782735250890255,0.0571056604385376,1.893172025680542,4,0.5,5.547148704528809
fixed,0,1266,2.4001340866088867,0.03401127830147743,0.0004705298924818635,0.0616154670715332,2.4358596801757812,4,0.5,
fixed,0,1267,2.4046123027801514,0.0,0.020520534366369247,0.08344066143035889,2.4399046897888184,4,0.5,
fixed,0,1268,2.054992914199829,0.0,0.0012329681776463985,0.45292961597442627,2.191488265991211,4,0.0,
fixed,0,1269,2.3907790184020996,0.0,0.04598204791545868,0.07026970386505127,2.4348509311676025,4,0.75,
fixed,0,1270,0.6710900664329529,0.0,0.03652989864349365,0.09183800220489502,0.7169064283370972,4,0.75,9.927877426147461
fixed,0,1271,2.553093433380127,0.0,0.03667973354458809,0.29975104331970215,2.661358594894409,4,1.0,
fixed,0,1272,1.1695172786712646,0.0,0.0345611646771431,0.1411588191986084,1.2291455268859863,4,0.75,
fixed,0,1273,2.0312271118164062,0.023754313588142395,0.014478674158453941,0.17594575881958008,2.1031272411346436,4,1.0,
fixed,0,1274,1.6922423839569092,6.625762762269005e-05,0.02140370011329651,0.04347801208496094,1.7160208225250244,4,0.5,
fixed,0,1275,1.0574331283569336,0.0,0.014625012874603271,0.04418206214904785,1.0780003070831299,4,0.5,4.980998516082764
fixed,0,1276,2.2901341915130615,0.02887849509716034,1.547351166664157e-05,0.018633484840393066,2.310171127319336,4,0.5,
fixed,0,1277,2.7668352127075195,0.0,0.04380013421177864,0.05943286418914795,2.806565046310425,4,0.75,
fixed,0,1278,2.423060178756714,0.0,0.028145311400294304,0.05013728141784668,2.452173948287964,4,0.5,
fixed,0,1279,1.1435428857803345,0.0,0.015002639032900333,0.13106942176818848,1.1903650760650635,4,0.25,
fixed,0,1280,2.006317615509033,0.0,0.039809226989746094,0.07576227188110352,2.0489509105682373,4,0.75,11.51772689819336
fixed,0,1281,0.8811278939247131,0.0,0.030519403517246246,0.10366344451904297,0.9274866580963135,4,0.75,
fixed,0,1282,0.8603218197822571,4.175407411821652e-06,0.01605897583067417,0.1331787109375,0.9083070158958435,4,0.25,
fixed,0,1283,1.9208797216415405,0.0,0.0141989691182971,0.14036250114440918,1.970088005065918,4,0.25,
fixed,0,1284,2.2270498275756836,0.0,0.0182940736413002,0.0526127815246582,2.251980781555176,4,0.5,
fixed,0,1285,1.1663200855255127,1.1572266203074832e-06,0.005774092860519886,0.2666041851043701,1.249189019203186,4,0.0,2.584383726119995
fixed,0,1286,1.960332989692688,0.015271598473191261,0.013519281521439552,0.10960566997528076,2.0076100826263428,4,0.75,
fixed,0,1287,2.224825859069824,0.027210542932152748,0.04618813097476959,0.20613312721252441,2.3233652114868164,4,0.75,
fixed,0,1288,1.262217402458191,0.0,0.006256445311009884,0.10108351707458496,1.2956706285476685,4,0.25,
fixed,0,1289,2.5253069400787354,0.0,0.032677195966243744,0.08484244346618652,2.567098379135132,4,0.75,
fixed,0,1290,1.810486912727356,0.004526922479271889,0.005449817515909672,0.12900614738464355,1.8541771173477173,4,0.0,1.6513830423355103
fixed,0,1291,2.138955593109131,0.01696368306875229,0.020582418888807297,0.14130878448486328,2.2001214027404785,4,0.75,
fixed,0,1292,1.5108574628829956,2.265974444526364e-06,0.020109575241804123,0.16582942008972168,1.570662260055542,4,0.75,
fixed,0,1293,1.9648534059524536,0.031789444386959076,0.00016097606567200273,0.09771203994750977,2.0101423263549805,4,0.25,
fixed,0,1294,1.3496506214141846,0.0,0.025570165365934372,0.1340782642364502,1.4026591777801514,4,0.75,
fixed,0,1295,1.2764945030212402,0.0,0.004405511077493429,0.10025858879089355,1.3087748289108276,4,0.25,1.8947792053222656
fixed,0,1296,1.2723503112792969,0.0,0.01765042170882225,0.05145525932312012,1.2966121435165405,4,0.5,
fixed,0,1297,1.8723328113555908,0.0,0.018134241923689842,0.06272029876708984,1.900215983390808,4,0.25,
fixed,0,1298,1.7336865663528442,0.0,0.0242018960416317,0.12988698482513428,1.7847535610198975,4,0.75,
fixed,0,1299,2.4688775539398193,0.00031730977934785187,0.006803364027291536,0.0670173168182373,2.4925429821014404,4,0.25,
fixed,0,1300,1.6336567401885986,0.0,0.007551934104412794,0.09448552131652832,1.665778398513794,4,0.25,2.7162771224975586
fixed,0,1301,2.2627267837524414,0.0,0.02581370621919632,0.36579668521881104,2.3853726387023926,4,1.0,
fixed,0,1302,1.9485846757888794,0.023078443482518196,0.008396514691412449,0.04805278778076172,1.9787379503250122,4,0.5,
fixed,0,1303,1.510907530784607,0.0,0.009928804822266102,0.041835784912109375,1.5284227132797241,4,0.25,
fixed,0,1304,1.44782292842865,0.0,0.04687688872218132,0.044756174087524414,1.4846882820129395,4,0.25,
fixed,0,1305,3.125988483428955,0.029027922078967094,0.003909192513674498,0.05869626998901367,3.1600658893585205,4,0.5,3.1429879665374756
fixed,0,1306,1.3797675371170044,0.0,0.024519216269254684,0.36778759956359863,1.5023634433746338,4,1.0,
fixed,0,1307,2.1877403259277344,0.0,0.04773141071200371,0.06057596206665039,2.22977876663208,4,0.5,
fixed,0,1308,1.8634041547775269,0.02696768194437027,0.005472309421747923,0.04492771625518799,1.8931024074554443,4,0.5,
fixed,0,1309,1.6082514524459839,0.0,0.0205850750207901,0.24611711502075195,1.692379117012024,4,0.75,
fixed,0,1310,1.174523949623108,0.019870227202773094,0.012322802096605301,0.03672909736633301,1.201639175415039,4,0.5,1.0131542682647705
fixed,0,1311,1.888195276260376,0.0,0.020961113274097443,0.03616964817047119,1.9095267057418823,4,0.5,
fixed,0,1312,2.1773579120635986,0.026434315368533134,0.00015448352496605366,0.07113790512084961,2.21199369430542,4,0.25,
fixed,0,1313,2.447096109390259,0.02618742734193802,0.0002492764324415475,0.0789194107055664,2.48399019241333,4,0.25,
fixed,0,1314,1.8785985708236694,2.541952744650189e-05,0.00012019833957310766,0.27683258056640625,1.9617211818695068,4,0.0,
fixed,0,1315,1.9546242952346802,0.0,0.002434571972116828,0.19059598445892334,2.0130202770233154,4,0.0,1.1151851415634155
fixed,0,1316,1.8334184885025024,0.0,0.009441441856324673,0.07144796848297119,1.8595736026763916,4,0.25,
fixed,0,1317,1.7099977731704712,0.0,0.037968818098306656,0.07233834266662598,1.7506836652755737,4,0.75,
fixed,0,1318,1.9871766567230225,0.024429647251963615,0.0019109753193333745,0.045775771141052246,2.0140798091888428,4,0.25,
fixed,0,1319,1.5661643743515015,0.0,0.011078612878918648,0.03802287578582764,1.5831105709075928,4,0.25,
fixed,0,1320,1.7628157138824463,0.0,0.04504070430994034,0.049477219581604004,1.8001792430877686,4,0.75,8.692153930664062
fixed,0,1321,2.0515499114990234,5.918947749705694e-07,0.019368186593055725,0.04454517364501953,2.0745978355407715,4,0.5,
fixed,0,1322,1.331028699874878,0.018792271614074707,0.021463047713041306,0.0879831314086914,1.3775513172149658,4,0.75,
fixed,0,1323,1.6517070531845093,0.0,0.0018279795767739415,0.18908345699310303,1.709346055984497,4,0.0,
fixed,0,1324,1.5005881786346436,0.0,0.009671516716480255,0.1281273365020752,1.5438621044158936,4,0.25,
fixed,0,1325,2.425731897354126,0.0,0.016907643526792526,0.0697706937789917,2.4551169872283936,4,0.5,4.5413713455200195
fixed,0,1326,2.267660617828369,3.797835688601481e-06,0.022828206419944763,0.13914501667022705,2.3208200931549072,4,0.75,
fixed,0,1327,1.6268746852874756,0.0,0.017640696838498116,0.061772942543029785,1.6542268991470337,4,0.5,
fixed,0,1328,1.4361673593521118,0.015260559506714344,0.013197217136621475,0.10720562934875488,1.4825578927993774,4,0.75,
fixed,0,1329,2.119927406311035,0.035023320466279984,0.011974222958087921,0.08660972118377686,2.1694090366363525,3,0.75,
fixed,0,1330,1.4028337001800537,0.0,0.02616751752793789,0.10907089710235596,1.448638677597046,4,0.75,6.542880058288574
fixed,0,1331,2.0226945877075195,0.0,0.011800441890954971,0.08671271800994873,2.0546085834503174,4,0.5,
fixed,0,1332,1.4134489297866821,0.0,0.009471152909100056,0.04652070999145508,1.4321407079696655,4,0.25,
fixed,0,1333,1.8424348831176758,0.019818926230072975,0.021960323676466942,0.2895289659500122,1.9501831531524658,4,1.0,
fixed,0,1334,1.6245968341827393,0.016195086762309074,0.012637569569051266,0.09714305400848389,1.6681560277938843,4,0.5,
fixed,0,1335,2.803696393966675,0.021873408928513527,0.016581645235419273,0.1046210527420044,2.8543102741241455,4,0.75,0.9749991297721863
fixed,0,1336,1.597016453742981,0.0,0.01520437654107809,0.061753273010253906,1.6231446266174316,4,0.25,
fixed,0,1337,0.6986581683158875,0.0,0.03779368847608566,0.07763981819152832,0.7408469319343567,4,0.5,
fixed,0,1338,1.3477753400802612,0.0,0.02188669890165329,0.06990361213684082,1.3796898126602173,4,0.5,
fixed,0,1339,1.529543161392212,0.0,0.030971769243478775,0.09063899517059326,1.572220802307129,4,0.75,
fixed,0,1340,1.3683875799179077,1.4606201148126274e-05,0.00047700846334919333,0.33745551109313965,1.4698700904846191,4,0.0,0.5877847671508789
fixed,0,1341,1.9644404649734497,0.0,0.018407925963401794,0.06199657917022705,1.9922434091567993,4,0.5,
fixed,0,1342,2.257901430130005,0.0,0.027395544573664665,0.058653950691223145,2.2891952991485596,4,0.5,
fixed,0,1343,2.3942079544067383,0.0,0.0402241013944149,0.05846834182739258,2.4318604469299316,4,0.75,
fixed,0,1344,2.7325358390808105,0.0,0.03941131755709648,0.06267309188842773,2.771043539047241,4,0.75,
fixed,0,1345,1.052318811416626,0.0,0.014454146847128868,0.06030845642089844,1.0776383876800537,4,0.25,3.277052164077759
fixed,0,1346,2.583749771118164,0.0,0.005459554959088564,0.08669877052307129,2.6124892234802246,4,0.25,
fixed,0,1347,1.9446429014205933,0.0,0.02738628163933754,0.09290158748626709,1.9862065315246582,4,0.75,
fixed,0,1348,1.3376117944717407,0.03517349809408188,0.02077825553715229,0.11845874786376953,1.4011253118515015,4,0.75,
fixed,0,1349,1.2520573139190674,0.0,0.0050245244055986404,0.08109378814697266,1.278897762298584,4,0.25,
fixed,0,1350,1.6765719652175903,0.0,0.013106263242661953,0.06971704959869385,1.7040401697158813,4,0.5,3.8378162384033203
fixed,0,1351,1.9077982902526855,4.766984056914225e-05,0.00020185369066894054,0.2729448080062866,1.9898065328598022,4,0.0,
fixed,0,1352,1.5128549337387085,0.03208285570144653,0.011201130226254463,0.4714648127555847,1.6759363412857056,4,1.0,
fixed,0,1353,1.4211812019348145,0.0,0.010306118987500668,0.061472415924072266,1.444775938987732,4,0.5,
fixed,0,1354,1.9007930755615234,0.028915885835886,9.707331628305838e-05,0.07664835453033447,1.9382940530776978,4,0.25,
fixed,0,1355,1.5335596799850464,4.849872311751824e-06,0.009893050417304039,0.05138254165649414,1.5539233684539795,4,0.5,3.1339457035064697
fixed,0,1356,1.1957929134368896,0.0,0.01642768457531929,0.28665053844451904,1.2900018692016602,4,0.75,
fixed,0,1357,2.230313777923584,3.172729702782817e-05,0.013129987753927708,0.04442930221557617,2.250223398208618,4,0.5,
fixed,0,1358,1.8444535732269287,0.0,0.011321142315864563,0.05226564407348633,1.8657938241958618,4,0.5,
fixed,0,1359,2.2926321029663086,0.022654036059975624,0.019600635394454002,0.3083242177963257,2.406256675720215,4,1.0,
fixed,0,1360,1.9969546794891357,0.025071218609809875,0.006223248317837715,0.05818533897399902,2.030057430267334,4,0.5,2.376476764678955
fixed,0,1361,1.245792031288147,0.00011661971802823246,0.0001319783623330295,0.25549066066741943,1.3225635290145874,4,0.0,
fixed,0,1362,1.4574097394943237,0.0,0.014563193544745445,0.0500330924987793,1.479701280593872,4,0.5,
fixed,0,1363,1.990622639656067,0.02306562475860119,0.006875782273709774,0.0417938232421875,2.0181314945220947,4,0.5,
fixed,0,1364,2.001372814178467,0.0,0.017708275467157364,0.16851115226745605,2.0607802867889404,4,0.25,
fixed,0,1365,1.9865175485610962,0.0,0.03315574675798416,0.15143096446990967,2.0485246181488037,4,0.75,8.979607582092285
fixed,0,1366,2.342670440673828,0.023481281474232674,0.01348917931318283,0.04654514789581299,2.375119209289551,4,0.5,
fixed,0,1367,1.3401228189468384,0.000620757695287466,0.01053891982883215,0.08686220645904541,1.3717613220214844,4,0.25,
fixed,0,1368,1.845049262046814,0.0021321531385183334,0.010110931470990181,0.026423215866088867,1.8590977191925049,4,0.25,
fixed,0,1369,1.140450358390808,0.0,0.02734065055847168,0.03384125232696533,1.1642730236053467,4,0.5,
fixed,0,1370,1.6559444665908813,0.0,0.018916666507720947,0.0615544319152832,1.6838691234588623,4,0.5,5.3531317710876465
fixed,0,1371,2.2227044105529785,0.00037633866304531693,0.01327518280595541,0.07969748973846436,2.253439426422119,4,0.25,
fixed,0,1372,2.4149248600006104,0.019997773692011833,0.026833949610590935,0.2380366325378418,2.509751796722412,4,1.0,
fixed,0,1373,2.2105205059051514,0.0,0.018407005816698074,0.07294368743896484,2.241607189178467,4,0.5,
fixed,0,1374,1.8222376108169556,0.0,0.0022815228439867496,0.22404944896697998,1.89059317111969,4,0.0,
fixed,0,1375,1.8431228399276733,0.0,0.01519413199275732,0.0782240629196167,1.8741871118545532,4,0.5,4.7744011878967285
fixed,0,1376,1.497907280921936,0.0,0.03320911154150963,0.08964824676513672,1.541406273841858,4,0.75,
fixed,0,1377,1.092352271080017,0.0,0.03409158065915108,0.2917245626449585,1.1969153881072998,4,1.0,
fixed,0,1378,1.8944385051727295,0.0,0.007667481899261475,0.12358033657073975,1.9353463649749756,4,0.25,
fixed,0,1379,1.447021484375,3.865150938509032e-05,0.009493885561823845,0.037795305252075195,1.463126301765442,4,0.25,
fixed,0,1380,1.6861518621444702,0.03698553144931793,0.01954963430762291,0.21928679943084717,1.780205488204956,4,1.0,2.1954638957977295
fixed,0,1381,1.838642954826355,0.023264914751052856,0.016109272837638855,0.10902142524719238,1.8910365104675293,4,0.75,
fixed,0,1382,1.5742919445037842,0.02032717876136303,0.018460024148225784,0.0907745361328125,1.6209179162979126,4,0.75,
fixed,0,1383,1.9337499141693115,0.0,0.039441317319869995,0.06548905372619629,1.9731173515319824,4,0.75,
fixed,0,1384,2.1699721813201904,0.0,0.013907678425312042,0.14126312732696533,2.2193050384521484,4,0.25,
fixed,0,1385,1.2357048988342285,0.018635278567671776,0.023255113512277603,0.06979596614837646,1.2775888442993164,4,0.75,2.0108909606933594
fixed,0,1386,2.0703842639923096,0.020065024495124817,0.012115973979234695,0.057927489280700684,2.1038529872894287,4,0.5,
fixed,0,1387,1.5060139894485474,0.0,0.0035438910126686096,0.1406550407409668,1.5499824285507202,4,0.0,
fixed,0,1388,2.1219122409820557,0.0,0.01605130173265934,0.14070725440979004,2.172150135040283,4,0.25,
fixed,0,1389,1.4970669746398926,0.014466045424342155,0.037141308188438416,0.15775465965270996,1.5701971054077148,4,1.0,
fixed,0,1390,1.8943099975585938,0.01807233691215515,0.023339370265603065,0.07676804065704346,1.9380462169647217,4,0.75,2.1719179153442383
fixed,0,1391,1.5861365795135498,0.009309221059083939,0.01885472610592842,0.026990175247192383,1.6083155870437622,4,0.5,
fixed,0,1392,1.4730963706970215,0.0,0.03385579586029053,0.06329584121704102,1.509013056755066,4,0.5,
fixed,0,1393,1.6904491186141968,0.0,0.025873713195323944,0.06382083892822266,1.7225322723388672,4,0.5,
fixed,0,1394,2.5630102157592773,0.0,0.05577901378273964,0.14774596691131592,2.635223627090454,4,1.0,
fixed,0,1395,1.708406686782837,0.0,0.03965061530470848,0.06045269966125488,1.7463678121566772,4,0.75,8.856273651123047
fixed,0,1396,1.263609766960144,0.000978495110757649,0.036291394382715225,0.07286512851715088,1.304104208946228,4,0.75,
fixed,0,1397,2.183035373687744,0.0,0.013230125419795513,0.14709067344665527,2.2337775230407715,4,0.25,
fixed,0,1398,1.0392842292785645,0.0,0.030942104756832123,0.08452939987182617,1.0801141262054443,4,0.75,
fixed,0,1399,2.502845287322998,0.012469307519495487,0.02664261683821678,0.04166531562805176,2.5349009037017822,4,0.75,
fixed,0,1400,1.7686175107955933,0.0,0.04111570119857788,0.05856060981750488,1.8067435026168823,3,0.75,8.789440155029297
fixed,0,1401,1.902590036392212,0.0,0.025789767503738403,0.10857808589935303,1.9480583667755127,4,0.75,
fixed,0,1402,1.7452207803726196,0.0,0.03556632250547409,0.07278192043304443,1.7848385572433472,4,0.5,
fixed,0,1403,1.3128782510757446,0.023649493232369423,0.018872525542974472,0.09361958503723145,1.3622251749038696,4,0.75,
fixed,0,1404,2.061354637145996,0.0,0.01738365925848484,0.06824672222137451,2.0905203819274902,4,0.5,
fixed,0,1405,1.00335693359375,0.0,0.024039901793003082,0.11912786960601807,1.0511152744293213,4,0.75,6.7054924964904785
fixed,0,1406,2.2141709327697754,0.02037532441318035,0.0051487223245203495,0.06473731994628906,2.246354103088379,4,0.5,
fixed,0,1407,1.7349557876586914,0.0,0.0007606310537084937,0.3769216537475586,1.8484126329421997,4,0.0,
fixed,0,1408,1.6458642482757568,0.000321346044074744,0.015255527570843697,0.05344891548156738,1.6696873903274536,4,0.5,
fixed,0,1409,2.8957040309906006,0.0,0.022796625271439552,0.11633956432342529,2.9420042037963867,4,0.75,
fixed,0,1410,1.7983158826828003,0.0001826674269977957,5.98897022427991e-05,0.24540245532989502,1.8720579147338867,4,0.0,0.3446860611438751
fixed,0,1411,2.135695695877075,4.507000994635746e-07,0.00685344822704792,0.030704498291015625,2.14833402633667,4,0.25,
fixed,0,1412,1.9044405221939087,0.0,0.004282526206225157,0.09237754344940186,1.9342950582504272,4,0.25,
fixed,0,1413,1.1499435901641846,0.0,0.013181617483496666,0.17690277099609375,1.2096052169799805,4,0.75,
fixed,0,1414,1.4433163404464722,0.0,0.013693687506020069,0.1770622730255127,1.503281831741333,4,0.75,
fixed,0,1415,2.386641025543213,0.0,0.015559794381260872,0.15481162071228027,2.440864324569702,4,0.75,4.74467134475708
fixed,0,1416,2.020470380783081,0.00011948154860874638,0.004055855330079794,0.05011570453643799,2.037592649459839,4,0.25,
fixed,0,1417,1.6091567277908325,0.0,0.011073797941207886,0.05265545845031738,1.6304903030395508,4,0.5,
fixed,0,1418,1.4600802659988403,0.02877870202064514,0.011276552453637123,0.44340789318084717,1.6131302118301392,4,1.0,
fixed,0,1419,1.9450432062149048,0.0,0.004652715288102627,0.06940257549285889,1.968190312385559,4,0.25,
fixed,0,1420,1.799170732498169,3.1396193662658334e-06,0.004883596673607826,0.0706108808517456,1.822797417640686,4,0.25,1.5931057929992676
fixed,0,1421,2.3773818016052246,0.0,0.0038484912365674973,0.028264284133911133,2.3877854347229004,4,0.25,
fixed,0,1422,1.6468979120254517,0.02927759476006031,0.00034785375464707613,0.08617496490478516,1.687563180923462,4,0.25,
fixed,0,1423,1.9741437435150146,0.00177941401489079,0.0005365526303648949,0.11250078678131104,2.009052038192749,4,0.0,
fixed,0,1424,1.7877917289733887,0.0,0.015317928045988083,0.04874980449676514,1.8100756406784058,4,0.5,
fixed,0,1425,1.4353725910186768,0.0,0.015544956550002098,0.1463463306427002,1.4870489835739136,4,0.75,4.762716770172119
fixed,0,1426,1.3369852304458618,0.0,0.00080014334525913,0.16955816745758057,1.3882527351379395,4,0.0,
fixed,0,1427,2.081397771835327,0.0,0.009819412603974342,0.07228207588195801,2.107992172241211,4,0.5,
fixed,0,1428,1.92777419090271,1.7721205267662299e-06,0.011130043305456638,0.06789672374725342,1.9537091255187988,4,0.5,
fixed,0,1429,0.9302164912223816,0.0,0.014825614169239998,0.0660867691040039,0.9574553370475769,4,0.5,
fixed,0,1430,2.063081979751587,0.0,0.013053735718131065,0.07434916496276855,2.0919137001037598,4,0.5,3.7778971195220947
fixed,0,1431,1.145073652267456,0.0,0.013454247266054153,0.182053804397583,1.2064169645309448,4,0.75,
fixed,0,1432,2.4303033351898193,0.0,0.010019672103226185,0.0851219892501831,2.4608497619628906,4,0.5,
fixed,0,1433,1.8852813243865967,0.0,0.021203145384788513,0.1364281177520752,1.9368113279342651,4,0.75,
fixed,0,1434,1.4002084732055664,0.0,0.010557115077972412,0.07518649101257324,1.428043007850647,4,0.5,
fixed,0,1435,1.6421351432800293,0.0,0.014236871153116226,0.21508336067199707,1.7137786149978638,4,0.5,4.1531901359558105
fixed,0,1436,2.6771962642669678,0.0,0.002549483673647046,0.23436665534973145,2.7487809658050537,4,0.0,
fixed,0,1437,1.155369758605957,0.0,0.01485367026180029,0.16114401817321777,1.2111397981643677,4,0.75,
fixed,0,1438,2.262169122695923,0.0,0.012230624444782734,0.08432638645172119,2.2935824394226074,4,0.5,
fixed,0,1439,1.9175629615783691,0.0,0.012203558348119259,0.08871936798095703,1.9502805471420288,4,0.5,
fixed,0,1440,1.9992644786834717,0.0,0.01611945778131485,0.14292359352111816,2.050201177597046,4,0.75,4.913217544555664
fixed,0,1441,1.6512991189956665,0.05687255412340164,0.0028835064731538296,0.04791855812072754,1.6955527067184448,4,0.5,
fixed,0,1442,1.8172122240066528,0.02071673423051834,0.014356980100274086,0.09971356391906738,1.8646631240844727,4,0.75,
fixed,0,1443,1.1786834001541138,0.0,0.032333049923181534,0.2827334403991699,1.279670000076294,4,1.0,
fixed,0,1444,1.595481038093567,0.0,0.007509321440011263,0.14683055877685547,1.6432849168777466,4,0.25,
fixed,0,1445,1.3017261028289795,0.030788986012339592,0.002833521692082286,0.14191412925720215,1.3611116409301758,3,0.25,5.540812015533447
fixed,0,1446,1.6373767852783203,0.0,0.026897264644503593,0.0706033706665039,1.672006368637085,4,0.75,
fixed,0,1447,1.6792141199111938,0.0,0.012017929926514626,0.16494321823120117,1.7347060441970825,4,0.25,
fixed,0,1448,1.1167051792144775,0.0,0.025519603863358498,0.06534445285797119,1.1490683555603027,4,0.5,
fixed,0,1449,2.3186209201812744,0.0,0.015743140131235123,0.05876600742340088,2.3441224098205566,4,0.5,
fixed,0,1450,1.129599928855896,0.0,0.02549823932349682,0.05257916450500488,1.1581227779388428,4,0.5,6.144784450531006
fixed,0,1451,2.484809637069702,0.0,0.008966103196144104,0.040344834327697754,2.5013961791992188,4,0.25,
fixed,0,1452,1.9367470741271973,0.0,0.023569580167531967,0.036948204040527344,1.9596163034439087,4,0.5,
fixed,0,1453,2.0702998638153076,0.0,0.020088544115424156,0.031652212142944336,2.0898396968841553,4,0.5,
fixed,0,1454,2.3052616119384766,0.0,0.01249665580689907,0.1175076961517334,2.346762180328369,4,0.25,
fixed,0,1455,2.110435962677002,0.0,0.01819506660103798,0.04276597499847412,2.1323633193969727,4,0.5,4.8649067878723145
fixed,0,1456,1.0245554447174072,0.0,0.013011809438467026,0.03411078453063965,1.0412945747375488,4,0.5,
fixed,0,1457,1.6912752389907837,0.0,0.005436924286186695,0.101165771484375,1.7243434190750122,4,0.25,
fixed,0,1458,1.487623929977417,0.0,0.010775940492749214,0.056487441062927246,1.5099581480026245,4,0.5,
fixed,0,1459,1.8437035083770752,0.0,0.009556096978485584,0.048722028732299805,1.86309814453125,4,0.5,
fixed,0,1460,2.470266342163086,0.05990336835384369,0.004230517894029617,0.13479852676391602,2.5427727699279785,4,0.75,6.88323450088501
fixed,0,1461,1.3544702529907227,0.0316617488861084,0.0026734217535704374,0.06386637687683105,1.390797734260559,4,0.5,
fixed,0,1462,1.9228626489639282,0.0,0.009172622114419937,0.06545162200927734,1.9470844268798828,4,0.5,
fixed,0,1463,1.3388770818710327,0.0,0.011313660070300102,0.05249488353729248,1.3602824211120605,4,0.5,
fixed,0,1464,1.380277156829834,0.0,0.01123928651213646,0.06977510452270508,1.4068293571472168,4,0.5,
fixed,0,1465,1.6097735166549683,0.0,0.008200174197554588,0.06626534461975098,1.6337531805038452,4,0.5,2.815019369125366
fixed,0,1466,1.2146481275558472,0.0,0.020760802552103996,0.1209341287612915,1.2613087892532349,4,0.75,
fixed,0,1467,1.7536500692367554,0.0,0.008697675541043282,0.0651998519897461,1.7775588035583496,4,0.5,
fixed,0,1468,2.4836883544921875,0.03532366454601288,0.007128366734832525,0.198067307472229,2.5643346309661865,4,0.75,
fixed,0,1469,1.7501519918441772,0.0,0.014443358406424522,0.15347254276275635,1.8034154176712036,4,0.75,
fixed,0,1470,1.8827039003372192,0.0,0.011175820603966713,0.1887519359588623,1.9449174404144287,4,0.75,3.857776641845703
fixed,0,1471,2.1186861991882324,0.0,0.005933730397373438,0.14033818244934082,2.163754463195801,4,0.25,
fixed,0,1472,1.312677264213562,0.0,0.0010348422219976783,0.1687150001525879,1.3638092279434204,4,0.0,
fixed,0,1473,1.377077341079712,0.033505912870168686,0.004280998837202787,0.08308219909667969,1.4208954572677612,4,0.5,
fixed,0,1474,2.1169729232788086,0.025185829028487206,0.005824755877256393,0.06281232833862305,2.1513218879699707,4,0.5,
fixed,0,1475,3.386333703994751,0.0,0.015523683279752731,0.05579948425292969,3.4108355045318604,4,0.5,4.408635139465332
fixed,0,1476,0.580040693283081,0.0,0.019805794581770897,0.12613201141357422,0.6277831792831421,4,0.75,
fixed,0,1477,2.203235387802124,0.030986156314611435,0.002017061226069927,0.16616356372833252,2.2695860862731934,4,0.25,
fixed,0,1478,2.2373251914978027,0.0,0.0209390539675951,0.11147379875183105,2.2812368869781494,4,0.75,
fixed,0,1479,2.560375928878784,0.0,0.015529140830039978,0.058475375175476074,2.5856831073760986,4,0.5,
fixed,0,1480,1.2233675718307495,0.03462202101945877,0.010455860756337643,0.054543375968933105,1.2622694969177246,4,0.75,4.61837100982666
fixed,0,1481,1.1627854108810425,0.0,0.020399825647473335,0.05456960201263428,1.1893562078475952,4,0.5,
fixed,0,1482,1.7883247137069702,0.014791004359722137,0.009384119883179665,0.0729060173034668,1.8222841024398804,4,0.5,
fixed,0,1483,1.7138324975967407,0.016420450061559677,0.011165489442646503,0.053375840187072754,1.743638277053833,4,0.5,
fixed,0,1484,1.92751145362854,0.0,0.026647523045539856,0.05536222457885742,1.9574438333511353,4,0.5,
fixed,0,1485,1.2300620079040527,0.0,0.010571196675300598,0.0489429235458374,1.250030517578125,4,0.25,3.117809772491455
fixed,0,1486,1.8130013942718506,0.0,0.003950654063373804,0.4992598295211792,1.9647547006607056,4,0.0,
fixed,0,1487,1.925269365310669,0.029170462861657143,0.01927127316594124,0.09512007236480713,1.978026270866394,4,0.75,
fixed,0,1488,2.5169641971588135,0.01129202451556921,0.018429940566420555,0.05481600761413574,2.5482699871063232,4,0.75,
fixed,0,1489,2.0475125312805176,0.0,0.05617609620094299,0.14206671714782715,2.118220567703247,4,1.0,
fixed,0,1490,2.087991714477539,0.011986142955720425,0.0024056159891188145,0.16835033893585205,2.1456925868988037,4,0.25,3.625380039215088
fixed,0,1491,2.071655750274658,0.03149302676320076,0.001796266995370388,0.05843377113342285,2.105830430984497,4,0.5,
fixed,0,1492,1.0065937042236328,0.0,0.011438495479524136,0.1298156976699829,1.051257610321045,4,0.25,
fixed,0,1493,1.945604681968689,0.0,0.02309851534664631,0.03079390525817871,1.966392159461975,4,0.5,
fixed,0,1494,1.4459242820739746,0.0,0.02613372728228569,0.03891134262084961,1.4706645011901855,4,0.5,
fixed,0,1495,1.8056657314300537,0.0,0.04586372897028923,0.047268033027648926,1.842777967453003,4,0.75,10.501996994018555
fixed,0,1496,1.7473958730697632,0.008748641237616539,0.010908720083534718,0.04282855987548828,1.7700731754302979,4,0.5,
fixed,0,1497,1.253201961517334,0.0,0.031789567321538925,0.07987594604492188,1.2930595874786377,4,0.75,
fixed,0,1498,1.8874244689941406,0.0,0.013980209827423096,0.03832721710205078,1.9059127569198608,4,0.5,
fixed,0,1499,2.045170307159424,0.0,0.015110092237591743,0.044086456298828125,2.065951347351074,4,0.5,
fixed,0,1500,1.6027796268463135,0.0,0.027890464290976524,0.09998345375061035,1.6467199325561523,4,0.75,7.382095813751221
fixed,0,1501,1.6540995836257935,0.022507863119244576,0.018246769905090332,0.3194164037704468,1.7703018188476562,4,1.0,
fixed,0,1502,2.142206907272339,0.01778627373278141,0.020188119262456894,0.08273172378540039,2.186013698577881,4,0.75,
fixed,0,1503,1.1596266031265259,0.0,0.019035587087273598,0.056578993797302246,1.1861181259155273,4,0.5,
fixed,0,1504,2.1855645179748535,0.0,0.005631242413073778,0.09178245067596436,2.2159149646759033,4,0.25,
fixed,0,1505,1.7071388959884644,0.0,0.028417743742465973,0.10223746299743652,1.7520190477371216,4,0.75,7.621161937713623
fixed,0,1506,1.9761080741882324,0.0,0.02164858765900135,0.04532885551452637,2.000530958175659,4,0.5,
fixed,0,1507,1.481173038482666,0.0,0.023516029119491577,0.05374932289123535,1.5090558528900146,4,0.5,
fixed,0,1508,1.5688368082046509,0.0,0.015004096552729607,0.08337509632110596,1.6013513803482056,4,0.5,
fixed,0,1509,1.466807246208191,0.0,0.03167779743671417,0.2995319366455078,1.5725057125091553,4,1.0,
fixed,0,1510,2.3681538105010986,0.0,0.027776870876550674,0.10759329795837402,2.414320230484009,4,0.75,7.974948406219482
fixed,0,1511,1.5399259328842163,0.0,0.02071472443640232,0.05319476127624512,1.56624174118042,4,0.5,
fixed,0,1512,1.7078524827957153,0.0,0.010171170346438885,0.08726251125335693,1.7391167879104614,4,0.5,
fixed,0,1513,1.6370729207992554,0.0,0.012213097885251045,0.07588458061218262,1.6659448146820068,4,0.5,
fixed,0,1514,1.451282024383545,1.3064719496469479e-05,0.008928096853196621,0.06496095657348633,1.47524094581604,4,0.5,
fixed,0,1515,2.04382061958313,0.0,0.009951716288924217,0.09169983863830566,2.0763063430786133,4,0.5,3.3226683139801025
fixed,0,1516,1.3436834812164307,0.0,0.0012028275523334742,0.4024397134780884,1.4650168418884277,4,0.0,
fixed,0,1517,1.1712995767593384,0.0,0.01060683373361826,0.06927013397216797,1.197383999824524,4,0.5,
fixed,0,1518,1.4953807592391968,0.0,0.011687793768942356,0.10744631290435791,1.5334585905075073,4,0.25,
fixed,0,1519,0.7714989185333252,2.124168531736359e-06,0.007204778026789427,0.05983006954193115,0.7930513620376587,4,0.5,
fixed,0,1520,1.210425615310669,0.0,0.010675485245883465,0.043729305267333984,1.2288821935653687,4,0.5,3.3619260787963867
fixed,0,1521,0.725642204284668,0.0,0.013589943759143353,0.5096396803855896,0.8853290677070618,4,1.0,
fixed,0,1522,1.8363845348358154,0.0,0.009266257286071777,0.20883691310882568,1.903668761253357,4,0.75,
fixed,0,1523,2.0868377685546875,0.0,0.0004014705482404679,0.28344857692718506,2.1720731258392334,4,0.0,
fixed,0,1524,1.8568354845046997,0.03232020139694214,0.004414737224578857,0.09817337989807129,1.9046549797058105,4,0.5,
fixed,0,1525,1.3883857727050781,0.020914850756525993,0.006598115433007479,0.2924208641052246,1.4898685216903687,4,0.75,2.0164012908935547
fixed,0,1526,1.5377697944641113,9.297860378865153e-05,0.010906193405389786,0.057643890380859375,1.5605624914169312,4,0.25,
fixed,0,1527,1.6634498834609985,0.026355093345046043,0.01109372079372406,0.4319199323654175,1.8117502927780151,4,1.0,
fixed,0,1528,1.3882288932800293,0.0,0.007864675484597683,0.045004963874816895,1.4056627750396729,4,0.5,
fixed,0,1529,1.138824462890625,0.014263034798204899,0.006445476319640875,0.052150726318359375,1.1648238897323608,4,0.5,
fixed,0,1530,2.107279062271118,0.0,0.02011881023645401,0.12710189819335938,2.1554689407348633,4,0.75,6.217139720916748
fixed,0,1531,1.481571912765503,0.0,0.02586691826581955,0.10272800922393799,1.525323748588562,4,0.75,
fixed,0,1532,2.262112617492676,0.0,0.012457483448088169,0.12901711463928223,2.307046413421631,4,0.25,
fixed,0,1533,1.7513362169265747,0.0,0.00862830225378275,0.0509028434753418,1.770921230316162,4,0.25,
fixed,0,1534,1.467620611190796,2.7997994038742036e-05,0.019414354115724564,0.03832519054412842,1.4888393878936768,4,0.5,
fixed,0,1535,2.3780548572540283,0.0,0.024695686995983124,0.06160891056060791,2.4088854789733887,4,0.5,6.001241683959961
fixed,0,1536,2.144251585006714,0.0,0.02554393745958805,0.10625112056732178,2.188898801803589,4,0.75,
fixed,0,1537,1.4655022621154785,0.0,0.03032364323735237,0.3099292516708374,1.5736428499221802,4,1.0,
fixed,0,1538,2.283273696899414,0.0,0.027634281665086746,0.252443790435791,2.37282395362854,4,0.25,
fixed,0,1539,1.3569363355636597,0.0,0.023201879113912582,0.11541867256164551,1.4031628370285034,4,0.75,
fixed,0,1540,2.492837429046631,0.0,0.01538723986595869,0.07209241390228271,2.5221588611602783,4,0.5,4.635509490966797
fixed,0,1541,1.4009772539138794,0.0,0.036733269691467285,0.2665059566497803,1.499295711517334,4,1.0,
fixed,0,1542,1.5098363161087036,0.0234834011644125,0.022556012496352196,0.3027021884918213,1.6236666440963745,4,1.0,
fixed,0,1543,1.5057706832885742,0.027558617293834686,0.03659883886575699,0.22399842739105225,1.6050488948822021,4,1.0,
fixed,0,1544,2.151162624359131,0.0,0.03971921652555466,0.0707319974899292,2.192241907119751,4,0.75,
fixed,0,1545,1.543476939201355,0.0,0.022029343992471695,0.042646169662475586,1.567285418510437,4,0.5,5.771388530731201
fixed,0,1546,2.0122671127319336,0.0,0.011794592253863811,0.17876029014587402,2.0717926025390625,4,0.25,
fixed,0,1547,1.6315112113952637,0.0,0.051247064024209976,0.19538378715515137,1.7157498598098755,4,1.0,
fixed,0,1548,1.7220609188079834,0.0,0.008878824301064014,0.1705683469772339,1.7776708602905273,4,0.25,
fixed,0,1549,1.6395013332366943,0.0,0.025516867637634277,0.05084228515625,1.6675124168395996,4,0.5,
fixed,0,1550,2.0928778648376465,0.0,0.013094333931803703,0.06014597415924072,2.11746883392334,4,0.25,3.6102471351623535
fixed,0,1551,1.8318870067596436,0.0,0.04145778343081474,0.04882967472076416,1.867264747619629,4,0.75,
fixed,0,1552,0.8768839836120605,0.0,0.009095174260437489,0.06083035469055176,0.8996806740760803,4,0.25,
fixed,0,1553,1.8228611946105957,0.0,0.02167230099439621,0.04780256748199463,1.8480380773544312,4,0.5,
fixed,0,1554,2.06156063079834,0.0,0.006008301395922899,0.026909351348876953,2.0726375579833984,4,0.25,
fixed,0,1555,1.2159184217453003,0.0,0.0228899959474802,0.1159522533416748,1.2621490955352783,4,0.75,6.838927268981934
fixed,0,1556,2.22352933883667,0.026323964819312096,0.008724790997803211,0.0515742301940918,2.256525993347168,4,0.5,
fixed,0,1557,1.813015103340149,0.04368968307971954,0.02325315773487091,0.22343778610229492,1.9135178327560425,4,1.0,
fixed,0,1558,1.4609284400939941,0.0,0.024776441976428032,0.1164783239364624,1.5082601308822632,4,0.75,
fixed,0,1559,1.941637635231018,0.0,0.014392415061593056,0.06248784065246582,1.9675801992416382,4,0.5,
fixed,0,1560,1.5987261533737183,0.02763550356030464,0.022642267867922783,0.08239960670471191,1.6485849618911743,4,0.75,1.8259601593017578
fixed,0,1561,1.691588282585144,0.0,0.023114509880542755,0.12423312664031982,1.7404154539108276,4,0.75,
fixed,0,1562,1.9826884269714355,0.00151311163790524,0.017349297180771828,0.03507637977600098,2.0026426315307617,4,0.5,
fixed,0,1563,1.8202002048492432,0.0,0.021649347618222237,0.1352097988128662,1.871587872505188,4,0.75,
fixed,0,1564,2.5558557510375977,0.0,0.015482285991311073,0.06316137313842773,2.582545280456543,4,0.5,
fixed,0,1565,1.601751446723938,0.0,0.021271921694278717,0.0704197883605957,1.633513331413269,4,0.5,5.791592121124268
fixed,0,1566,1.0270460844039917,0.0,0.02322843298316002,0.06939148902893066,1.0594778060913086,4,0.5,
fixed,0,1567,1.470380425453186,0.0,0.024987565353512764,0.21204328536987305,1.5464872121810913,4,0.75,
fixed,0,1568,1.7673227787017822,0.02493603527545929,0.014063825830817223,0.12219536304473877,1.8234813213348389,4,0.75,
fixed,0,1569,1.3583691120147705,0.020065024495124817,0.0013411756372079253,0.18281149864196777,1.4239156246185303,4,0.25,
fixed,0,1570,1.5645387172698975,0.0,0.03149835392832756,0.09492242336273193,1.6087646484375,4,0.75,8.669148445129395
fixed,0,1571,0.5942015051841736,0.02519226260483265,0.017486756667494774,0.19326651096343994,0.6735209822654724,4,0.75,
fixed,0,1572,1.3646697998046875,0.0,0.020046968013048172,0.06428563594818115,1.3939789533615112,4,0.5,
fixed,0,1573,2.0389139652252197,0.0,0.017894167453050613,0.05543363094329834,2.064491033554077,4,0.5,
fixed,0,1574,2.3690671920776367,0.0,0.016714023426175117,0.16534173488616943,2.4270267486572266,4,0.25,
fixed,0,1575,1.6826627254486084,0.0,0.011357154697179794,0.05529797077178955,1.7049306631088257,4,0.25,3.3037350177764893
fixed,0,1576,2.0071301460266113,0.0,0.01384731288999319,0.14359140396118164,2.057131290435791,4,0.25,
fixed,0,1577,0.3185878396034241,0.0,0.014114347286522388,0.0425410270690918,0.33840733766555786,4,0.5,
fixed,0,1578,1.7659629583358765,0.0,0.014259610325098038,0.047748565673828125,1.7874172925949097,4,0.5,
fixed,0,1579,1.6697837114334106,0.0,0.032396361231803894,0.08660423755645752,1.711963176727295,4,0.75,
fixed,0,1580,2.0317702293395996,0.0,0.016452305018901825,0.10935211181640625,2.0728020668029785,4,0.25,3.992158889770508
fixed,0,1581,1.3128952980041504,2.2799479211244034e-06,0.01100276131182909,0.032143354415893555,1.3280408382415771,4,0.5,
fixed,0,1582,3.010707139968872,0.024655891582369804,0.016868069767951965,0.3443564176559448,3.1347761154174805,4,1.0,
fixed,0,1583,2.016399383544922,0.030593136325478554,0.01404218003153801,0.13762402534484863,2.0800042152404785,4,0.75,
fixed,0,1584,1.843211054801941,0.0,0.01876829005777836,0.05698096752166748,1.8696894645690918,4,0.5,
fixed,0,1585,2.1950721740722656,0.023828085511922836,0.0102193932980299,0.1321932077407837,2.251753807067871,4,0.75,1.0981844663619995
fixed,0,1586,1.9591574668884277,0.0,0.005071812309324741,0.07094395160675049,1.9829765558242798,4,0.25,
fixed,0,1587,1.5468254089355469,0.03128702938556671,0.005221427418291569,0.05487191677093506,1.5815411806106567,4,0.5,
fixed,0,1588,1.275840163230896,0.0,0.019176756963133812,0.044975996017456055,1.2989213466644287,4,0.5,
fixed,0,1589,1.3642244338989258,0.0,0.017167186364531517,0.1594841480255127,1.420653223991394,4,0.75,
fixed,0,1590,1.8507299423217773,0.012324818409979343,0.021403254941105843,0.0639338493347168,1.8867741823196411,4,0.75,2.5031979084014893
fixed,0,1591,2.0927574634552,0.0,0.027287784963846207,0.10724925994873047,2.138576030731201,4,0.75,
fixed,0,1592,2.5590314865112305,5.9894777223234996e-05,0.007556155323982239,0.09906995296478271,2.5925605297088623,4,0.25,
fixed,0,1593,2.1695444583892822,0.01932133175432682,0.007948823273181915,0.059960246086120605,2.201167583465576,4,0.5,
fixed,0,1594,1.889554738998413,0.0,0.013631127774715424,0.07554137706756592,1.9190326929092407,4,0.5,
fixed,0,1595,1.2854799032211304,0.0,0.015144026838243008,0.08097648620605469,1.3173449039459229,4,0.5,4.5674262046813965
fixed,0,1596,1.3411943912506104,0.0,0.016344301402568817,0.17537462711334229,1.4019789695739746,4,0.25,
fixed,0,1597,1.9285671710968018,0.013123101554811,0.01262467447668314,0.08552408218383789,1.9670982360839844,4,0.75,
fixed,0,1598,1.3048713207244873,0.0,0.011721458286046982,0.0747765302658081,1.3331650495529175,4,0.5,
fixed,0,1599,2.3878414630889893,0.025071218609809875,0.015784278512001038,0.10758256912231445,2.4405438899993896,4,0.75,
fixed,0,1600,2.7339658737182617,0.0,0.014107394963502884,0.0749589204788208,2.76350736618042,4,0.5,4.347896575927734
fixed,0,1601,1.6397464275360107,0.04938075691461563,0.0067351218312978745,0.10754692554473877,1.700068473815918,4,0.75,
fixed,0,1602,2.10139799118042,0.014371141791343689,0.017599577084183693,0.08545136451721191,2.1430187225341797,4,0.75,
fixed,0,1603,1.7776106595993042,0.02623998373746872,0.018930792808532715,0.11634588241577148,1.8350998163223267,4,0.75,
fixed,0,1604,1.768036127090454,0.012906507588922977,0.010770035907626152,0.03468728065490723,1.7902805805206299,4,0.5,
fixed,0,1605,1.9551488161087036,0.012796981260180473,0.00829730648547411,0.07099246978759766,1.986993670463562,4,0.5,1.4145983457565308
fixed,0,1606,1.9507830142974854,0.0,0.03364060819149017,0.08429574966430664,1.9928920269012451,4,0.75,
fixed,0,1607,1.7169233560562134,0.0,0.0019725256133824587,0.4951745271682739,1.866461992263794,4,0.0,
fixed,0,1608,1.9485076665878296,0.008138278499245644,0.060727160423994064,0.0654449462890625,2.0025739669799805,4,0.75,
fixed,0,1609,1.8388971090316772,0.0070921387523412704,0.0454200804233551,0.03684794902801514,1.8762075901031494,4,0.75,
fixed,0,1610,1.5157333612442017,0.0,0.03874071687459946,0.07675981521606445,1.5581316947937012,4,0.75,9.565324783325195
fixed,0,1611,1.935067892074585,0.0,0.011946679092943668,0.14770328998565674,1.9853522777557373,4,0.25,
fixed,0,1612,1.3635385036468506,0.0,0.08894265443086624,0.06286489963531494,1.42686927318573,4,1.0,
fixed,0,1613,2.371253728866577,0.0,0.027847575023770332,0.02659749984741211,2.3931567668914795,4,0.5,
fixed,0,1614,1.476944923400879,0.0,0.05389963090419769,0.04768216609954834,1.5181994438171387,4,0.75,
fixed,0,1615,1.9732838869094849,0.0,0.0006579900509677827,0.372322678565979,2.0853097438812256,4,0.0,1.5248267650604248
fixed,0,1616,1.1730164289474487,0.007775440346449614,0.0461258590221405,0.025061368942260742,1.2074854373931885,4,0.5,
fixed,0,1617,1.9609146118164062,0.0,0.01667250320315361,0.0775461196899414,1.992514729499817,4,0.25,
fixed,0,1618,1.523829698562622,0.0,0.013642032630741596,0.08211159706115723,1.5552841424942017,4,0.25,
fixed,0,1619,2.92496657371521,0.019819797948002815,0.009016712196171284,0.03540980815887451,2.950007677078247,4,0.5,
fixed,0,1620,1.807955026626587,0.013832591474056244,0.020567813888192177,0.07101798057556152,1.8464605808258057,4,0.75,2.0548436641693115
fixed,0,1621,1.494673490524292,0.0,0.010513531044125557,0.081412672996521,1.524354100227356,4,0.25,
fixed,0,1622,1.3165884017944336,0.0,0.017363687977194786,0.15438580513000488,1.3715859651565552,4,0.75,
fixed,0,1623,1.8365732431411743,1.948401177287451e-06,0.009093406610190868,0.052347540855407715,1.8568252325057983,4,0.5,
fixed,0,1624,2.425785779953003,0.03174513950943947,0.00015771749895066023,0.046324968338012695,2.455634593963623,4,0.5,
fixed,0,1625,1.8642518520355225,0.0,0.012205284088850021,0.07767891883850098,1.89365816116333,4,0.5,3.6902496814727783
fixed,0,1626,1.6930640935897827,0.0,0.011109333485364914,0.07498693466186523,1.7211148738861084,4,0.5,
fixed,0,1627,1.5869938135147095,0.0,0.017154915258288383,0.12130975723266602,1.6319642066955566,3,0.5,
fixed,0,1628,2.0482561588287354,0.0,0.01069598738104105,0.0704735517501831,2.0747461318969727,4,0.25,
fixed,0,1629,1.3608039617538452,7.900463060650509e-06,0.007803034968674183,0.11120784282684326,1.3980717658996582,4,0.25,
fixed,0,1630,1.6437348127365112,0.0,0.006933204364031553,0.15948271751403809,1.6950461864471436,4,0.25,2.4329049587249756
fixed,0,1631,2.7750983238220215,0.0,0.0033133788965642452,0.13569092750549316,2.817462205886841,4,0.25,
fixed,0,1632,1.1533538103103638,0.0,0.0068460144102573395,0.12655186653137207,1.1947424411773682,4,0.5,
fixed,0,1633,1.3988959789276123,0.005376854445785284,0.014853514730930328,0.05714774131774902,1.4261554479599,4,0.5,
fixed,0,1634,2.19549560546875,0.03182075917720795,0.0003660325601231307,0.11400794982910156,2.245791435241699,4,0.25,
fixed,0,1635,2.9344418048858643,0.0,0.006731528323143721,0.07846498489379883,2.9613471031188965,4,0.5,2.3623011112213135
fixed,0,1636,1.5046327114105225,0.05820479989051819,0.003722276072949171,0.2047959566116333,1.5970350503921509,4,0.75,
fixed,0,1637,1.4948452711105347,0.0,0.0008315655868500471,0.16254198551177979,1.5440236330032349,4,0.0,
fixed,0,1638,2.3064775466918945,0.0,0.00044427442480809987,0.14755988121032715,2.3509676456451416,4,0.0,
fixed,0,1639,1.6144678592681885,4.330104719230121e-09,0.002700237324461341,0.05862081050872803,1.63340425491333,4,0.25,
fixed,0,1640,1.7592931985855103,0.0001786459470167756,0.008427465334534645,0.07055926322937012,1.784764051437378,4,0.25,2.561549186706543
fixed,0,1641,1.7012014389038086,0.0,0.012517132796347141,0.07300770282745361,1.7293623685836792,4,0.5,
fixed,0,1642,1.9200630187988281,0.026556698605418205,0.015064372681081295,0.4487219452857971,2.0754902362823486,4,1.0,
fixed,0,1643,1.3195722103118896,0.0,0.013668597675859928,0.3259105682373047,1.4241796731948853,4,0.75,
fixed,0,1644,1.372461199760437,0.0,0.01606816053390503,0.19657468795776367,1.4394676685333252,4,0.75,
fixed,0,1645,1.7543623447418213,0.0,0.03145492821931839,0.07586193084716797,1.7928483486175537,4,0.5,7.95778751373291
fixed,0,1646,2.5347721576690674,0.03521227836608887,0.015724917873740196,0.07838678359985352,2.583756685256958,4,0.5,
fixed,0,1647,3.116589069366455,0.028190169483423233,0.009404893964529037,0.06709980964660645,3.1555166244506836,4,0.5,
fixed,0,1648,1.4641945362091064,0.017056874930858612,0.006237964611500502,0.056752681732177734,1.4928677082061768,4,0.5,
fixed,0,1649,1.4606058597564697,0.0,0.017361611127853394,0.15081894397735596,1.5145323276519775,4,0.75,
fixed,0,1650,1.7417831420898438,0.0,0.020971478894352913,0.04766511917114258,1.7665684223175049,4,0.5,5.6271772384643555
fixed,0,1651,2.097297191619873,0.014734595082700253,0.007393229752779007,0.05338406562805176,2.1243762969970703,4,0.5,
fixed,0,1652,1.9072624444961548,0.026443658396601677,0.02957020327448845,0.2521705627441406,2.010920524597168,4,1.0,
fixed,0,1653,1.593120813369751,0.0,0.014469297602772713,0.09570789337158203,1.6290677785873413,4,0.25,
fixed,0,1654,2.421004295349121,4.819074916895261e-08,0.012136872857809067,0.10012650489807129,2.457110643386841,4,0.25,
fixed,0,1655,1.447798490524292,0.0,0.04337073862552643,0.05099761486053467,1.4847831726074219,4,0.5,8.118227005004883
fixed,0,1656,1.515618085861206,0.0,0.0077235461212694645,0.08726203441619873,1.5456584692001343,4,0.25,
fixed,0,1657,2.4741921424865723,0.0,0.020300552248954773,0.04391515254974365,2.4975168704986572,4,0.5,
fixed,0,1658,1.5819603204727173,0.0,0.0217883363366127,0.04243326187133789,1.6055845022201538,4,0.5,
fixed,0,1659,2.2077956199645996,1.7636405118537368e-06,0.014466372318565845,0.0521160364151001,2.2306644916534424,4,0.25,
fixed,0,1660,1.5824452638626099,0.010501502081751823,0.014741869643330574,0.03620874881744385,1.6059296131134033,4,0.5,0.8112993836402893
fixed,0,1661,2.0264573097229004,0.0,0.025789787992835045,0.05731058120727539,2.0565454959869385,4,0.5,
fixed,0,1662,2.0797197818756104,0.0,0.009931199252605438,0.1302049160003662,2.123746871948242,4,0.25,
fixed,0,1663,2.212007999420166,0.0,0.02055361308157444,0.05363011360168457,2.2383737564086914,4,0.5,
fixed,0,1664,2.0479345321655273,0.0,0.011838233098387718,0.05697834491729736,2.0709471702575684,4,0.25,
fixed,0,1665,1.900854229927063,0.0,0.011578472331166267,0.07819950580596924,1.9301033020019531,4,0.5,3.5617501735687256
fixed,0,1666,1.5282803773880005,0.0,0.0060387118719518185,0.12906122207641602,1.5700180530548096,4,0.25,
fixed,0,1667,1.7968083620071411,0.0,0.007453093770891428,0.04328584671020508,1.8135206699371338,4,0.25,
fixed,0,1668,2.14231276512146,0.04280414804816246,0.009792925789952278,0.3143850564956665,2.2629268169403076,4,1.0,
fixed,0,1669,1.941878318786621,0.02910957671701908,0.00812212098389864,0.19143998622894287,2.0179262161254883,4,0.75,
fixed,0,1670,1.1962275505065918,0.0,0.007299158256500959,0.042803168296813965,1.21271812915802,4,0.25,2.3537814617156982
fixed,0,1671,1.9148969650268555,0.027633829042315483,0.012137128040194511,0.05882227420806885,1.952429175376892,4,0.5,
fixed,0,1672,1.918857216835022,0.0,0.009438708424568176,0.0820150375366211,1.9481810331344604,4,0.5,
fixed,0,1673,2.038731336593628,0.0,0.0077420249581336975,0.13704800605773926,2.083716869354248,4,0.25,
fixed,0,1674,1.6706334352493286,0.0,0.02597847953438759,0.07243382930755615,1.705352783203125,4,0.5,
fixed,0,1675,1.812161922454834,0.0,0.014078879728913307,0.16240036487579346,1.8679214715957642,4,0.25,3.793834924697876
fixed,0,1676,1.5365408658981323,0.0,0.013032330200076103,0.05208003520965576,1.5586810111999512,4,0.5,
fixed,0,1677,1.8613682985305786,0.0,0.0013503785012289882,0.37084054946899414,1.9732956886291504,4,0.0,
fixed,0,1678,2.1205976009368896,0.0,0.016591593623161316,0.15017938613891602,2.173947334289551,4,0.75,
fixed,0,1679,1.6311429738998413,0.0,0.010851835831999779,0.05436146259307861,1.6528773307800293,4,0.5,
fixed,0,1680,1.5166831016540527,0.01631809212267399,0.010673181153833866,0.10272216796875,1.56099534034729,4,0.75,1.2443652153015137
fixed,0,1681,1.6763502359390259,0.0,0.025865599513053894,0.20939159393310547,1.7521004676818848,4,0.75,
fixed,0,1682,0.9855991005897522,0.0,0.005758835002779961,0.040909767150878906,1.0007514953613281,4,0.25,
fixed,0,1683,0.6151608824729919,0.0,0.017040956765413284,0.28637170791625977,0.709592878818512,4,0.75,
fixed,0,1684,2.4747672080993652,0.016760827973484993,0.0063016158528625965,0.05437803268432617,2.5026118755340576,4,0.5,
fixed,0,1685,2.0828278064727783,0.0,0.00597594166174531,0.08907508850097656,2.1125383377075195,4,0.25,2.0436418056488037
fixed,0,1686,1.4638477563858032,0.0005239869933575392,0.020485155284404755,0.03127241134643555,1.4837340116500854,4,0.5,
fixed,0,1687,1.3922520875930786,0.0,0.00814097747206688,0.14586448669433594,1.4400819540023804,4,0.25,
fixed,0,1688,2.0053629875183105,0.0,0.025432443246245384,0.05518364906311035,2.0346343517303467,4,0.5,
fixed,0,1689,2.056657314300537,0.0,0.040132761001586914,0.06526708602905273,2.096303939819336,4,0.5,
fixed,0,1690,2.389522075653076,0.0,0.010504440404474735,0.04939234256744385,2.4095919132232666,4,0.25,3.09871506690979
fixed,0,1691,1.0028873682022095,0.0,0.016255125403404236,0.08039402961730957,1.0351331233978271,4,0.5,
fixed,0,1692,1.7912399768829346,0.026041636243462563,0.0056077842600643635,0.09631192684173584,1.8359582424163818,4,0.5,
fixed,0,1693,1.1359422206878662,0.0,0.0017018411308526993,0.24178338050842285,1.2093281745910645,4,0.0,
fixed,0,1694,1.5632085800170898,0.0,0.014539572410285473,0.06167006492614746,1.5889793634414673,4,0.5,
fixed,0,1695,1.7674027681350708,0.03225014731287956,0.0010106016416102648,0.16516470909118652,1.8335825204849243,4,0.25,4.474302768707275
fixed,0,1696,2.157369375228882,0.01731793023645878,0.003545992774888873,0.10368728637695312,2.1989076137542725,4,0.5,
fixed,0,1697,1.235533356666565,0.0,0.008295614272356033,0.12361288070678711,1.276764988899231,4,0.5,
fixed,0,1698,1.626277208328247,0.0,0.01507127471268177,0.05891740322113037,1.6514880657196045,4,0.5,
fixed,0,1699,2.046145439147949,0.024789560586214066,0.0006590705015696585,0.12559354305267334,2.096547842025757,4,0.25,
fixed,0,1700,2.3319714069366455,0.0,0.011309068650007248,0.3326566219329834,2.43742299079895,4,0.75,3.9229626655578613
fixed,0,1701,1.1530905961990356,0.0,0.009892746806144714,0.07986712455749512,1.1819970607757568,4,0.5,
fixed,0,1702,1.4341249465942383,0.0,0.00722904410213232,0.07348358631134033,1.4597845077514648,4,0.5,
fixed,0,1703,1.8751767873764038,0.01547561027109623,0.0003439549182076007,0.09627199172973633,1.9119681119918823,4,0.25,
fixed,0,1704,0.9955635070800781,0.01925189048051834,0.011721611022949219,0.1450357437133789,1.0545610189437866,4,0.75,
fixed,0,1705,2.307528495788574,0.0,0.006522667594254017,0.06935489177703857,2.3315963745117188,4,0.25,2.201657295227051
fixed,0,1706,2.5484201908111572,0.01931147463619709,0.00033168611116707325,0.08806991577148438,2.584662675857544,4,0.25,
fixed,0,1707,1.8900285959243774,0.0,0.022829780355095863,0.040793538093566895,1.9136815071105957,4,0.5,
fixed,0,1708,1.7596864700317383,0.0,0.00739014009013772,0.06741535663604736,1.7836061716079712,4,0.25,
fixed,0,1709,1.9325743913650513,0.0,0.006834905594587326,0.07524919509887695,1.9585665464401245,4,0.25,
fixed,0,1710,1.5722681283950806,0.0,0.01668672263622284,0.15883994102478027,1.6282634735107422,4,0.75,5.209362983703613
fixed,0,1711,1.76958429813385,4.220489427098073e-05,0.004317366052418947,0.0499262809753418,1.7867419719696045,4,0.25,
fixed,0,1712,2.042055606842041,5.665599474014016e-06,0.03180539980530739,0.0858466625213623,2.0837152004241943,4,0.75,
fixed,0,1713,1.7113111019134521,1.8928924205852127e-08,0.026476435363292694,0.11446058750152588,1.758887529373169,4,0.75,
fixed,0,1714,1.280569076538086,0.0,0.01940743252635002,0.04328417778015137,1.3032580614089966,4,0.5,
fixed,0,1715,1.3940598964691162,2.9012313461862504e-05,0.01315286010503769,0.18369174003601074,1.4557583332061768,4,0.75,4.338174819946289
fixed,0,1716,2.1523752212524414,0.0,0.0035666872281581163,0.055531859397888184,2.1708180904388428,4,0.25,
fixed,0,1717,1.6187094449996948,0.0,0.004377109929919243,0.062177419662475586,1.6395512819290161,4,0.25,
fixed,0,1718,1.5500671863555908,0.017445407807826996,0.0019074489828199148,0.14884281158447266,1.6043964624404907,4,0.25,
fixed,0,1719,2.1947739124298096,0.0,0.02107810042798519,0.04987180233001709,2.2202744483947754,4,0.5,
fixed,0,1720,2.1038012504577637,0.03485877811908722,0.001529618981294334,0.060119032859802246,2.140031099319458,4,0.25,3.9893181324005127
fixed,0,1721,1.4656319618225098,0.0,0.008108268491923809,0.12665212154388428,1.5076817274093628,4,0.5,
fixed,0,1722,0.6641289591789246,0.0,0.009411192499101162,0.08532381057739258,0.694431722164154,4,0.5,
fixed,0,1723,1.1899199485778809,0.0,0.01020833384245634,0.1227571964263916,1.2318512201309204,4,0.5,
fixed,0,1724,1.5555354356765747,0.0,0.011407515965402126,0.22701573371887207,1.629343867301941,4,0.25,
fixed,0,1725,2.1866843700408936,0.0,0.004270086530596018,0.1856687068939209,2.2445199489593506,4,0.25,2.077578067779541
fixed,0,1726,2.415450096130371,0.01916285790503025,0.005410900339484215,0.10085654258728027,2.457993984222412,4,0.5,
fixed,0,1727,2.0635807514190674,0.0,0.010681037791073322,0.11730813980102539,2.104113817214966,4,0.5,
fixed,0,1728,1.4902015924453735,0.0,0.012432706542313099,0.22509527206420898,1.5639464855194092,4,0.75,
fixed,0,1729,2.4632532596588135,0.022258378565311432,0.006591848097741604,0.21111273765563965,2.5410122871398926,4,0.75,
fixed,0,1730,1.0382598638534546,0.0,0.020294703543186188,0.18490993976593018,1.1038801670074463,4,0.75,5.923946380615234
fixed,0,1731,0.7069745659828186,0.06329688429832458,0.017250310629606247,0.3731846809387207,0.859203577041626,4,1.0,
fixed,0,1732,1.4780246019363403,0.0,0.006936458870768547,0.1472681760787964,1.525673270225525,4,0.25,
fixed,0,1733,1.5517581701278687,0.0,0.02081490308046341,0.1429380178451538,1.6050469875335693,4,0.75,
fixed,0,1734,1.0646672248840332,0.0,0.013992926105856895,0.06307637691497803,1.0905866622924805,4,0.5,
fixed,0,1735,1.4825360774993896,0.008254258893430233,0.014482654631137848,0.015547513961791992,1.4985687732696533,4,0.5,1.8120239973068237
fixed,0,1736,2.0630226135253906,0.0,0.011082817800343037,0.14631056785583496,2.112457275390625,4,0.25,
fixed,0,1737,1.2957134246826172,0.018036993220448494,0.036770451813936234,0.07271838188171387,1.3449326753616333,4,0.25,
fixed,0,1738,1.7551401853561401,0.0,0.03256719559431076,0.07229101657867432,1.7931110858917236,4,0.75,
fixed,0,1739,1.369881272315979,0.0,0.03970542550086975,0.0603938102722168,1.4078521728515625,4,0.5,
fixed,0,1740,2.5028929710388184,0.0,0.028057556599378586,0.20475804805755615,2.5783491134643555,4,0.75,7.052037239074707
fixed,0,1741,1.692108154296875,0.0,0.05093570798635483,0.041457414627075195,1.7300132513046265,4,0.75,
fixed,0,1742,2.0984253883361816,0.013412082567811012,0.01021564844995737,0.0413818359375,2.1226537227630615,4,0.5,
fixed,0,1743,1.1217527389526367,0.0,0.01942271739244461,0.046198368072509766,1.145323634147644,4,0.5,
fixed,0,1744,2.0483548641204834,0.007285524625331163,0.031356487423181534,0.14440202713012695,2.1109964847564697,4,1.0,
fixed,0,1745,1.323003888130188,0.0,0.05360519886016846,0.18214929103851318,1.4044512510299683,4,1.0,11.566372871398926
fixed,0,1746,1.0685449838638306,0.0,0.04214725270867348,0.0657738447189331,1.1093508005142212,4,0.75,
fixed,0,1747,2.3100621700286865,0.0,0.016421642154455185,0.17044711112976074,2.3694071769714355,4,0.25,
fixed,0,1748,1.8492963314056396,0.0,0.02290114015340805,0.1262606382369995,1.898625135421753,4,0.75,
fixed,0,1749,1.437414288520813,0.0,0.013534216210246086,0.07306146621704102,1.4660998582839966,4,0.5,
fixed,0,1750,0.9457600116729736,0.0,0.013420941308140755,0.08709549903869629,0.9785991311073303,4,0.5,4.0198516845703125
fixed,0,1751,1.3838120698928833,0.0,0.013858949765563011,0.07762980461120605,1.4140304327011108,4,0.5,
fixed,0,1752,1.4076907634735107,3.388874247889362e-08,0.0121994037181139,0.07677555084228516,1.4368231296539307,4,0.5,
fixed,0,1753,2.1982338428497314,0.0,0.015034329146146774,0.19293522834777832,2.263631582260132,4,0.75,
fixed,0,1754,1.8332178592681885,0.0,0.011658723466098309,0.07922053337097168,1.8628133535385132,4,0.5,
fixed,0,1755,1.5720760822296143,0.0,0.009348195977509022,0.06010937690734863,1.5947829484939575,4,0.25,2.6773595809936523
fixed,0,1756,1.599715232849121,0.0,0.00537199666723609,0.047583580017089844,1.6166763305664062,4,0.25,
fixed,0,1757,1.0206074714660645,0.0,0.021659083664417267,0.253778338432312,1.1075705289840698,4,0.75,
fixed,0,1758,1.1902438402175903,0.0,0.016256332397460938,0.1728670597076416,1.2502321004867554,4,0.75,
fixed,0,1759,1.1047502756118774,0.0,0.01334436610341072,0.19067490100860596,1.1686248779296875,4,0.75,
fixed,0,1760,1.6600849628448486,0.0,0.01729314960539341,0.18053436279296875,1.7228918075561523,4,0.75,5.002082347869873
fixed,0,1761,2.316478967666626,0.0,0.013773303478956223,0.17281675338745117,2.375210762023926,4,0.25,
fixed,0,1762,1.5176410675048828,0.0,0.008321736007928848,0.0967491865158081,1.5508266687393188,4,0.5,
fixed,0,1763,1.918562889099121,0.0,0.008462019264698029,0.23292875289916992,1.9926725625991821,4,0.75,
fixed,0,1764,1.9749764204025269,0.0,0.0036787912249565125,0.10985672473907471,2.009772777557373,4,0.25,
fixed,0,1765,1.254224181175232,0.0,0.00705748051404953,0.09116518497467041,1.2851024866104126,4,0.5,2.334401845932007
fixed,0,1766,1.152273416519165,0.06728175282478333,0.007254433818161488,0.17136693000793457,1.2409515380859375,4,0.75,
fixed,0,1767,1.9798458814620972,0.03192596137523651,0.00605005444958806,0.046714186668395996,2.012848138809204,4,0.5,
fixed,0,1768,2.2701809406280518,0.0,0.001788098830729723,0.3832876682281494,2.386061191558838,4,0.0,
fixed,0,1769,1.963416337966919,0.0,0.018341122195124626,0.051656246185302734,1.9880837202072144,4,0.5,
fixed,0,1770,1.464647650718689,0.0,0.013898897916078568,0.15362000465393066,1.5176831483840942,4,0.75,4.370834827423096
fixed,0,1771,1.5165963172912598,0.0,0.004040224477648735,0.07143378257751465,1.5400465726852417,4,0.25,
fixed,0,1772,1.6533493995666504,0.0,0.015507057309150696,0.0319828987121582,1.670697808265686,4,0.5,
fixed,0,1773,1.9387389421463013,2.5662771804491058e-05,0.009347975254058838,0.03250932693481445,1.9531785249710083,4,0.5,
fixed,0,1774,1.670920491218567,0.01584458351135254,0.018073618412017822,0.0656280517578125,1.7075680494308472,4,0.75,
fixed,0,1775,2.33581805229187,0.0,0.009979605674743652,0.04052090644836426,2.352964162826538,4,0.5,3.1294631958007812
fixed,0,1776,1.2538716793060303,0.0,0.005802968516945839,0.07696890830993652,1.2798638343811035,4,0.25,
fixed,0,1777,2.094606399536133,0.012959026731550694,0.005923196207731962,0.035250186920166016,2.1146225929260254,4,0.5,
fixed,0,1778,2.648923397064209,4.3597869989753235e-06,0.01991969719529152,0.11245059967041016,2.6926205158233643,4,0.75,
fixed,0,1779,1.2763258218765259,0.0,0.010406057350337505,0.08557581901550293,1.307201623916626,4,0.5,
fixed,0,1780,1.4187703132629395,0.0,0.013012909330427647,0.0707097053527832,1.446489691734314,4,0.5,3.770411968231201
fixed,0,1781,1.7966896295547485,0.02939629554748535,0.03231186047196388,0.09133744239807129,1.8549449443817139,4,0.75,
fixed,0,1782,1.3150534629821777,0.0,0.02338496968150139,0.13165724277496338,1.3662431240081787,4,0.75,
fixed,0,1783,2.1153793334960938,0.0,0.010373519733548164,0.07094466686248779,2.1418495178222656,4,0.25,
fixed,0,1784,0.9708214998245239,0.0,0.006008937023580074,0.0709378719329834,0.9951073527336121,4,0.25,
fixed,0,1785,2.0080690383911133,0.0,0.024525288492441177,0.09457111358642578,2.0487029552459717,4,0.5,6.133062839508057
fixed,0,1786,0.8403766751289368,0.0,0.011080236174166203,0.11172938346862793,0.8794355988502502,4,0.5,
fixed,0,1787,1.9991908073425293,0.0,0.013475028797984123,0.09200310707092285,2.033529281616211,4,0.5,
fixed,0,1788,1.5753227472305298,0.0,0.0056127989664673805,0.2059563398361206,1.6399160623550415,4,0.25,
fixed,0,1789,0.8386432528495789,0.0,0.009587010368704796,0.07875978946685791,0.8670647144317627,4,0.5,
fixed,0,1790,1.359517216682434,0.020051786676049232,0.0008934468496590853,0.04116714000701904,1.3823399543762207,4,0.25,3.6608662605285645
fixed,0,1791,2.625835657119751,0.0,0.006872602738440037,0.13089370727539062,2.6685400009155273,4,0.25,
fixed,0,1792,1.9394824504852295,0.026481471955776215,0.02223489247262478,0.10587406158447266,1.9956028461456299,4,0.75,
fixed,0,1793,1.7144957780838013,0.0,0.008903675712645054,0.08226776123046875,1.743627905845642,4,0.5,
fixed,0,1794,1.5917702913284302,0.017887171357870102,0.028187934309244156,0.12605392932891846,1.6526240110397339,4,0.75,
fixed,0,1795,2.0827131271362305,0.0,0.009238420985639095,0.04622089862823486,2.101198673248291,4,0.25,2.85072660446167
fixed,0,1796,2.1250314712524414,0.0,0.010024032555520535,0.06329631805419922,2.1490323543548584,4,0.5,
fixed,0,1797,1.6366205215454102,0.039924416691064835,0.010925548151135445,0.0642085075378418,1.6813080310821533,4,0.5,
fixed,0,1798,2.5969414710998535,0.0,0.0027755096089094877,0.39904022216796875,2.718041181564331,4,0.0,
fixed,0,1799,1.5564990043640137,0.0,0.010204410180449486,0.1987665891647339,1.621231198310852,4,0.75,
fixed,0,1800,2.4859793186187744,0.01628195308148861,0.007651513442397118,0.04354524612426758,2.511009693145752,4,0.5,1.9127702713012695
fixed,0,1801,2.26271915435791,0.0336674265563488,0.008715256117284298,0.16225171089172363,2.3325860500335693,4,0.75,
fixed,0,1802,1.2920687198638916,0.0,0.04460402578115463,0.2545384168624878,1.3907322883605957,4,1.0,
fixed,0,1803,2.0301384925842285,0.0,0.005203660577535629,0.0893789529800415,2.059554100036621,4,0.25,
fixed,0,1804,2.029226541519165,0.03195402771234512,0.01795651949942112,0.11001253128051758,2.0871856212615967,4,0.75,
fixed,0,1805,2.2749533653259277,0.0,0.013915343210101128,0.043108582496643066,2.2948436737060547,4,0.5,4.026937961578369
fixed,0,1806,0.8270506262779236,0.030062491074204445,0.0129002146422863,0.11771464347839355,0.8838464021682739,4,0.75,
fixed,0,1807,1.533945083618164,0.0,0.028357570990920067,0.05177617073059082,1.5636566877365112,4,0.5,
fixed,0,1808,1.541248083114624,0.014876550063490868,0.019372276961803436,0.1464545726776123,1.6023088693618774,4,0.75,
fixed,0,1809,1.8260436058044434,0.0,0.004252184648066759,0.25559425354003906,1.9048479795455933,4,0.0,
fixed,0,1810,1.285675048828125,0.0,0.025573883205652237,0.05949258804321289,1.3163098096847534,4,0.5,6.054721832275391
fixed,0,1811,2.077117443084717,0.0,0.01922641694545746,0.055449604988098145,2.103365421295166,4,0.5,
fixed,0,1812,1.3397797346115112,0.0,0.04361686483025551,0.08343052864074707,1.3866173028945923,4,0.5,
fixed,0,1813,2.1054089069366455,0.0,0.017022371292114258,0.051433444023132324,2.129350185394287,4,0.5,
fixed,0,1814,2.154648780822754,0.02434384636580944,0.014596729539334774,0.04761350154876709,2.1884031295776367,4,0.25,
fixed,0,1815,2.0279757976531982,0.01695075072348118,0.01715979352593422,0.07902932167053223,2.068739891052246,4,0.5,0.9087005853652954
fixed,0,1816,2.367060899734497,0.0,0.011789079755544662,0.07961344718933105,2.3968393802642822,4,0.5,
fixed,0,1817,1.1933934688568115,0.0,0.02044045366346836,0.08548319339752197,1.22925865650177,4,0.5,
fixed,0,1818,1.1950337886810303,0.0,0.032646920531988144,0.0952765941619873,1.2399401664733887,4,0.75,
fixed,0,1819,1.6573212146759033,0.0,0.012996179983019829,0.07782232761383057,1.6871659755706787,4,0.5,
fixed,0,1820,1.538999080657959,0.0,0.027419880032539368,0.0721360445022583,1.5743498802185059,4,0.5,7.020576477050781
fixed,0,1821,1.4464212656021118,0.04080891236662865,0.004224774893373251,0.07856488227844238,1.4925075769424438,4,0.75,
fixed,0,1822,2.0542705059051514,0.0,0.01817995309829712,0.13048315048217773,2.1025054454803467,4,0.75,
fixed,0,1823,3.507111072540283,0.016681339591741562,0.007033562753349543,0.04397225379943848,3.5321602821350098,4,0.5,
fixed,0,1824,2.858044147491455,0.02441026270389557,0.013482838869094849,0.12743473052978516,2.9152212142944336,4,0.75,
fixed,0,1825,2.384188175201416,0.0,0.021613016724586487,0.1299905776977539,2.4339919090270996,4,0.75,6.428521156311035
fixed,0,1826,1.5026054382324219,0.0,0.015533870086073875,0.06509363651275635,1.5299004316329956,4,0.5,
fixed,0,1827,2.174347162246704,0.0,0.0045411232858896255,0.26904594898223877,2.257331609725952,4,0.0,
fixed,0,1828,2.047952890396118,0.027966724708676338,0.00847325287759304,0.042085886001586914,2.078798532485962,4,0.5,
fixed,0,1829,2.678703784942627,0.0,0.009781232103705406,0.12459194660186768,2.7209720611572266,4,0.25,
fixed,0,1830,2.5873427391052246,0.01674984022974968,0.018501752987504005,0.09867322444915771,2.634570598602295,4,0.75,1.7182965278625488
fixed,0,1831,1.5296704769134521,0.026389475911855698,0.016346726566553116,0.11641848087310791,1.5859640836715698,4,0.75,
fixed,0,1832,1.3609555959701538,0.007593819871544838,0.0013592620380222797,0.10906219482421875,1.3981508016586304,4,0.25,
fixed,0,1833,1.3859100341796875,0.0,0.009611599147319794,0.13069021701812744,1.4299229383468628,4,0.25,
fixed,0,1834,1.2535597085952759,0.011974354274570942,0.017987262457609177,0.0784066915512085,1.292062520980835,4,0.75,
fixed,0,1835,1.974869728088379,0.027666466310620308,0.035489246249198914,0.06680357456207275,2.0264885425567627,4,0.75,4.3368916511535645
fixed,0,1836,1.5834985971450806,0.0,0.023065706714987755,0.039527297019958496,1.6068896055221558,4,0.5,
fixed,0,1837,1.8872042894363403,0.0,0.022691678255796432,0.039255619049072266,1.9103268384933472,4,0.5,
fixed,0,1838,2.7222797870635986,0.0131617970764637,0.020706644281744957,0.06924653053283691,2.7599880695343018,4,0.75,
fixed,0,1839,1.3113377094268799,0.0,0.02951652556657791,0.07034564018249512,1.3471996784210205,4,0.75,
fixed,0,1840,1.643418312072754,0.0,0.004428837914019823,0.1880875825881958,1.702059030532837,4,0.0,2.138018846511841
fixed,0,1841,2.532539129257202,0.0,0.0010320645524188876,0.43043428659439087,2.6621854305267334,4,0.0,
fixed,0,1842,1.027897596359253,0.0,0.03527054190635681,0.033205270767211914,1.0554944276809692,4,0.5,
fixed,0,1843,1.294624924659729,0.0,0.013534530065953732,0.14291763305664062,1.34426748752594,4,0.25,
fixed,0,1844,2.316392183303833,0.0,0.02914796955883503,0.06557738780975342,2.3506393432617188,4,0.5,
fixed,0,1845,2.2015628814697266,0.0,0.009240362793207169,0.0997467041015625,2.236107110977173,4,0.25,2.281677484512329
fixed,0,1846,2.2366747856140137,0.0,0.007324626203626394,0.09687328338623047,2.2693991661071777,4,0.25,
fixed,0,1847,1.8911333084106445,0.0,0.017860230058431625,0.14899957180023193,1.9447633028030396,4,0.25,
fixed,0,1848,1.4548314809799194,0.0,0.02707158774137497,0.3494075536727905,1.5731894969940186,4,1.0,
fixed,0,1849,1.6066125631332397,0.0,0.008979517966508865,0.08332419395446777,1.6360995769500732,4,0.25,
fixed,0,1850,1.151868224143982,5.318595412973082e-06,0.006294750142842531,0.0580981969833374,1.172447681427002,4,0.25,2.042940139770508
fixed,0,1851,1.6443018913269043,0.00010851015395019203,0.013590158894658089,0.18202877044677734,1.705759882926941,4,0.75,
fixed,0,1852,2.5058789253234863,8.564307063352317e-05,0.0038504942785948515,0.0428541898727417,2.5207033157348633,4,0.25,
fixed,0,1853,1.046565294265747,7.001171411502582e-07,0.00866714771836996,0.05391871929168701,1.0670747756958008,4,0.5,
fixed,0,1854,1.9400330781936646,0.0,0.012070807628333569,0.19723594188690186,2.005239248275757,4,0.75,
fixed,0,1855,1.155700445175171,0.0,0.020066319033503532,0.4393302798271179,1.2975326776504517,4,1.0,6.361377716064453
fixed,0,1856,0.7420425415039062,0.0011291635455563664,0.009123731404542923,0.05677926540374756,0.7642027735710144,4,0.5,
fixed,0,1857,1.2425930500030518,3.692638529173564e-06,0.004956571385264397,0.057720065116882324,1.2623891830444336,4,0.25,
fixed,0,1858,2.030953884124756,0.03526035323739052,0.00897816102951765,0.5362154245376587,2.213937759399414,4,1.0,
fixed,0,1859,1.9772452116012573,0.0,0.01446215808391571,0.18312907218933105,2.039415121078491,4,0.75,
fixed,0,1860,1.7434314489364624,0.05736900866031647,0.01629314199090004,0.33020663261413574,1.8793245553970337,4,1.0,3.6957170963287354
fixed,0,1861,0.9331240653991699,0.0,0.005567071959376335,0.048102617263793945,0.9503383636474609,4,0.25,
fixed,0,1862,2.0414130687713623,0.0,0.010022368282079697,0.10999953746795654,2.0794241428375244,4,0.25,
fixed,0,1863,1.3007012605667114,0.0,0.005035358481109142,0.0900278091430664,1.330227255821228,4,0.25,
fixed,0,1864,2.244497060775757,0.0,0.02645343914628029,0.09750425815582275,2.286975145339966,4,0.75,
fixed,0,1865,1.7931883335113525,0.016300227493047714,0.014975007623434067,0.0925670862197876,1.836596131324768,4,0.75,1.1736825704574585
fixed,0,1866,1.7189346551895142,0.0,0.00977333728224039,0.1355724334716797,1.7644931077957153,4,0.25,
fixed,0,1867,1.451120138168335,0.0,0.02829900197684765,0.09151172637939453,1.4927231073379517,4,0.75,
fixed,0,1868,2.3142035007476807,0.0,0.011126895435154438,0.05983567237854004,2.3377175331115723,4,0.25,
fixed,0,1869,2.1241612434387207,0.0,0.01066604070365429,0.051157474517822266,2.144841432571411,4,0.25,
fixed,0,1870,2.0909323692321777,0.011351069435477257,0.02668113261461258,0.061429619789123535,2.1283774375915527,4,0.75,3.4139490127563477
fixed,0,1871,3.434182643890381,0.011094652116298676,0.00868151057511568,0.06412672996520996,3.463308811187744,4,0.5,
fixed,0,1872,2.101100206375122,0.0,0.0392923504114151,0.07516992092132568,2.1432974338531494,4,0.75,
fixed,0,1873,1.9668301343917847,0.0,0.03607223927974701,0.07750892639160156,2.0081188678741455,4,0.75,
fixed,0,1874,1.8843175172805786,0.006664954591542482,0.0008125350577756763,0.20861518383026123,1.9506407976150513,4,0.25,
fixed,0,1875,2.939150094985962,0.0,0.014323802664875984,0.0766371488571167,2.9693031311035156,4,0.5,4.107089996337891
fixed,0,1876,1.5486118793487549,0.0,0.031745485961437225,0.2863445281982422,1.6503880023956299,4,1.0,
fixed,0,1877,2.5432262420654297,0.0,0.009693719446659088,0.06425440311431885,2.567349433898926,4,0.25,
fixed,0,1878,1.897570252418518,0.0,0.02748674713075161,0.10307919979095459,1.942237377166748,4,0.75,
fixed,0,1879,1.7602859735488892,0.020695919170975685,0.008918500505387783,0.06989502906799316,1.7960617542266846,4,0.5,
fixed,0,1880,1.6610115766525269,0.0,0.016544610261917114,0.0651702880859375,1.6888350248336792,4,0.5,4.506437301635742
fixed,0,1881,1.5712801218032837,0.0,0.0295005701482296,0.29495763778686523,1.6745177507400513,4,1.0,
fixed,0,1882,3.0445189476013184,0.0,0.002324725966900587,0.2691328525543213,3.1264212131500244,4,0.0,
fixed,0,1883,0.9695860743522644,0.0,0.029869090765714645,0.10070574283599854,1.0147323608398438,4,0.75,
fixed,0,1884,1.0356096029281616,0.04425174742937088,0.009720753878355026,0.08993279933929443,1.0895756483078003,4,0.75,
fixed,0,1885,1.7680033445358276,0.0,0.03837280347943306,0.2579030990600586,1.8645607233047485,4,1.0,9.839287757873535
fixed,0,1886,2.861741542816162,0.0,0.028284553438425064,0.1965724229812622,2.9348554611206055,4,0.75,
fixed,0,1887,1.582640528678894,0.0,0.026830969378352165,0.1025846004486084,1.6268314123153687,4,0.75,
fixed,0,1888,1.4755369424819946,0.0,0.029221221804618835,0.09858429431915283,1.519722819328308,4,0.75,
fixed,0,1889,1.455080509185791,0.0,0.0368456207215786,0.08516168594360352,1.499051809310913,4,0.75,
fixed,0,1890,1.4161573648452759,0.0,0.021149301901459694,0.06836962699890137,1.4472428560256958,4,0.5,5.556156635284424
fixed,0,1891,1.8754887580871582,0.0,0.025616701692342758,0.10704910755157471,1.9204118251800537,4,0.75,
fixed,0,1892,1.7797551155090332,0.0,0.011707481928169727,0.1689472198486328,1.8362929821014404,4,0.25,
fixed,0,1893,1.5256696939468384,0.008906502276659012,0.018308503553271294,0.07314467430114746,1.561220645904541,4,0.75,
fixed,0,1894,0.9193992614746094,0.0,0.01443341001868248,0.1878136396408081,0.982960045337677,4,0.25,
fixed,0,1895,1.631873607635498,0.0,0.002599158324301243,0.2449108362197876,1.70664644241333,4,0.0,2.125519275665283
fixed,0,1896,2.1583452224731445,0.0,0.024382974952459335,0.2114543914794922,2.2339730262756348,4,0.75,
fixed,0,1897,1.254427433013916,0.0,0.018641307950019836,0.05259132385253906,1.2795255184173584,4,0.5,
fixed,0,1898,2.4545023441314697,0.0,0.022680973634123802,0.04883301258087158,2.4804928302764893,4,0.5,
fixed,0,1899,2.6254498958587646,0.024617616087198257,0.007889747619628906,0.05863797664642334,2.659295082092285,4,0.5,
fixed,0,1900,2.326007604598999,0.0,0.014703765511512756,0.07014226913452148,2.3544020652770996,4,0.5,4.3739237785339355
fixed,0,1901,2.4660608768463135,0.015426029451191425,0.007061270531266928,0.04364323616027832,2.4903974533081055,4,0.5,
fixed,0,1902,1.2061784267425537,0.0,0.021390585228800774,0.11967658996582031,1.2527767419815063,4,0.75,
fixed,0,1903,1.7993366718292236,0.0,0.023373471572995186,0.11237132549285889,1.844734787940979,4,0.75,
fixed,0,1904,1.7573878765106201,0.0,0.020448924973607063,0.04678690433502197,1.7816483974456787,4,0.5,
fixed,0,1905,1.438157558441162,0.0,0.021465729922056198,0.12504911422729492,1.4864051342010498,4,0.75,6.324483394622803
fixed,0,1906,1.5042983293533325,0.02911430597305298,0.02540075033903122,0.08374190330505371,1.5566784143447876,4,0.75,
fixed,0,1907,1.7746467590332031,0.019458718597888947,0.02042376436293125,0.05252981185913086,1.8103469610214233,4,0.5,
fixed,0,1908,1.387259840965271,0.0,0.007076813839375973,0.11567020416259766,1.4254993200302124,4,0.25,
fixed,0,1909,2.6293728351593018,0.0,0.028149675577878952,0.08648848533630371,2.6693942546844482,4,0.75,
fixed,0,1910,2.7498722076416016,0.0,0.010924095287919044,0.06251788139343262,2.7740895748138428,4,0.5,3.472855567932129
fixed,0,1911,1.8572378158569336,0.032014746218919754,0.006085838191211224,0.05717623233795166,1.8934409618377686,4,0.5,
fixed,0,1912,1.0283392667770386,0.03211973235011101,0.02525615319609642,0.15381693840026855,1.1031723022460938,4,0.5,
fixed,0,1913,1.3655411005020142,0.0,0.016014358028769493,0.06408071517944336,1.3927724361419678,4,0.5,
fixed,0,1914,1.8661739826202393,0.0,0.02982691302895546,0.09797751903533936,1.9104807376861572,4,0.75,
fixed,0,1915,1.4076268672943115,0.021373866125941277,0.006026349030435085,0.07140469551086426,1.4427484273910522,4,0.5,2.612398147583008
fixed,0,1916,1.9303369522094727,0.0,0.015089502558112144,0.0707392692565918,1.9591034650802612,4,0.25,
fixed,0,1917,1.7090293169021606,0.0,0.02343698963522911,0.12132096290588379,1.7571440935134888,4,0.75,
fixed,0,1918,1.7232047319412231,0.0,0.013735679909586906,0.07621729373931885,1.7529377937316895,4,0.5,
fixed,0,1919,1.3101719617843628,0.0,0.007701678201556206,0.12493157386779785,1.3515022993087769,4,0.25,
fixed,0,1920,2.1537415981292725,0.0,0.0066880169324576855,0.1169431209564209,2.1921684741973877,4,0.25,2.282799243927002
fixed,0,1921,1.6058199405670166,0.0,0.005556425545364618,0.036026835441589355,1.6194062232971191,4,0.25,
fixed,0,1922,1.3380149602890015,0.02945142425596714,0.0008085766457952559,0.12015640735626221,1.3891918659210205,4,0.25,
fixed,0,1923,1.89166259765625,0.017133912071585655,0.012574112974107265,0.1271371841430664,1.944657802581787,4,0.75,
fixed,0,1924,1.5666241645812988,0.018560640513896942,0.01281994953751564,0.12566709518432617,1.6200145483016968,4,0.75,
fixed,0,1925,2.2238881587982178,0.0,0.01316132303327322,0.06084597110748291,2.248722553253174,4,0.5,4.051565170288086
fixed,0,1926,1.2709734439849854,0.0,0.024101367220282555,0.12483620643615723,1.3204749822616577,4,0.75,
fixed,0,1927,1.0680872201919556,0.0,0.012848354876041412,0.05316495895385742,1.0904608964920044,4,0.5,
fixed,0,1928,2.1822590827941895,0.0,0.010960552841424942,0.05811762809753418,2.205174684524536,4,0.5,
fixed,0,1929,1.8482072353363037,0.0,0.012662299908697605,0.06392383575439453,1.8737155199050903,4,0.5,
fixed,0,1930,1.638088583946228,0.0,0.034967873245477676,0.2825813293457031,1.740346908569336,4,1.0,9.179429054260254
fixed,0,1931,1.9068342447280884,0.0,0.013472763821482658,0.05679774284362793,1.930609941482544,4,0.5,
fixed,0,1932,1.943668007850647,0.0,0.0004521908122114837,0.32118523120880127,2.0402495861053467,4,0.0,
fixed,0,1933,2.44732666015625,0.0,0.023963959887623787,0.1133272647857666,2.493306875228882,4,0.75,
fixed,0,1934,1.5261484384536743,0.0,0.027758581563830376,0.037244319915771484,1.5512009859085083,4,0.5,
fixed,0,1935,2.9566097259521484,0.0,0.0003186027461197227,0.30894505977630615,3.049452543258667,4,0.0,1.0344901084899902
fixed,0,1936,1.6867246627807617,0.0,0.005705320741981268,0.05619192123413086,1.7064348459243774,4,0.25,
fixed,0,1937,1.0553264617919922,0.0,0.01479289773851633,0.15885519981384277,1.1103794574737549,4,0.75,
fixed,0,1938,2.043886423110962,0.03364089876413345,0.01004551537334919,0.15239524841308594,2.111448287963867,4,0.75,
fixed,0,1939,0.43713676929473877,0.0,0.008553577587008476,0.11015462875366211,0.4744599461555481,4,0.5,
fixed,0,1940,2.095648765563965,5.3796211432199925e-05,0.012298036366701126,0.11553800106048584,2.136486053466797,4,0.5,3.52034068107605
fixed,0,1941,2.015748977661133,0.0,0.006490948144346476,0.043405890464782715,2.0320162773132324,4,0.25,
fixed,0,1942,1.56218683719635,0.0,0.027697725221514702,0.11461305618286133,1.6104196310043335,4,0.75,
fixed,0,1943,1.7654169797897339,0.0,0.021118799224495888,0.20939970016479492,1.8387962579727173,4,0.25,
fixed,0,1944,2.322248697280884,0.0,0.0058258697390556335,0.15592622756958008,2.3719394207000732,4,0.25,
fixed,0,1945,1.216400384902954,0.0,0.011801446788012981,0.07690668106079102,1.2453731298446655,4,0.5,3.6563801765441895
fixed,0,1946,1.5832366943359375,0.0,0.006414267234504223,0.10137367248535156,1.6168559789657593,4,0.5,
fixed,0,1947,1.29259192943573,0.0,0.012843858450651169,0.5324147343635559,1.4587383270263672,4,1.0,
fixed,0,1948,1.3399327993392944,0.0,0.008783139288425446,0.09535646438598633,1.3729313611984253,4,0.5,
fixed,0,1949,1.6374847888946533,0.0,0.029557090252637863,0.11937367916107178,1.6880754232406616,4,0.75,
fixed,0,1950,2.068005323410034,0.0,0.007576451636850834,0.04416215419769287,2.0850422382354736,4,0.25,2.4724748134613037
fixed,0,1951,1.388014554977417,0.0,0.009125499986112118,0.0723186731338501,1.4142729043960571,4,0.5,
fixed,0,1952,1.4124295711517334,0.033976949751377106,0.015215539373457432,0.16450798511505127,1.4863781929016113,4,0.75,
fixed,0,1953,1.5971897840499878,0.0,0.008464557118713856,0.08894658088684082,1.6281059980392456,4,0.5,
fixed,0,1954,1.8105782270431519,0.0,0.006058280821889639,0.041116952896118164,1.8259423971176147,4,0.25,
fixed,0,1955,1.3737742900848389,0.0,0.016458142548799515,0.08269810676574707,1.4068127870559692,4,0.5,4.7850565910339355
fixed,0,1956,1.2187726497650146,0.02561921998858452,0.00923079438507557,0.17286205291748047,1.2880562543869019,4,0.75,
fixed,0,1957,1.0029127597808838,0.0,0.004732018802314997,0.03864586353302002,1.016872525215149,4,0.25,
fixed,0,1958,2.288691997528076,0.0,0.016216430813074112,0.05417287349700928,2.313052177429199,4,0.5,
fixed,0,1959,1.7163435220718384,0.0,0.009184364229440689,0.08791792392730713,1.7473111152648926,4,0.5,
fixed,0,1960,1.630462884902954,0.0,0.011680666357278824,0.07536673545837402,1.658913254737854,4,0.5,3.3957691192626953
fixed,0,1961,1.594026803970337,0.0,0.0025253123603761196,0.4581661820411682,1.7327393293380737,4,0.0,
fixed,0,1962,1.4016785621643066,0.0,0.013903058134019375,0.051345109939575195,1.4240336418151855,4,0.5,
fixed,0,1963,1.2917463779449463,0.0,0.001889697858132422,0.1939629316329956,1.3508801460266113,4,0.0,
fixed,0,1964,2.485966444015503,0.033576708287000656,0.0024557055439800024,0.032172560691833496,2.513634443283081,4,0.25,
fixed,0,1965,1.2100141048431396,0.0,0.018770284950733185,0.13624048233032227,1.260271430015564,4,0.75,5.426872730255127
fixed,0,1966,1.6319515705108643,0.034571368247270584,0.01589544676244259,0.13805007934570312,1.6986000537872314,4,0.75,
fixed,0,1967,1.0007054805755615,0.0,0.009640160016715527,0.05066323280334473,1.0207245349884033,4,0.5,
fixed,0,1968,1.5934593677520752,0.0,0.011643800884485245,0.04975247383117676,1.6142070293426514,4,0.5,
fixed,0,1969,2.0058631896972656,0.022140221670269966,0.005729710683226585,0.04642057418823242,2.033724308013916,4,0.5,
fixed,0,1970,2.522461414337158,0.03252658620476723,0.0008604664471931756,0.08465874195098877,2.5645525455474854,4,0.25,4.1550493240356445
fixed,0,1971,0.7702362537384033,0.02400357276201248,0.011552469804883003,0.12562918663024902,0.8257030248641968,4,0.75,
fixed,0,1972,2.1044628620147705,0.030193055048584938,0.0006741264369338751,0.0931081771850586,2.1478288173675537,4,0.25,
fixed,0,1973,1.7352107763290405,0.0,0.017523573711514473,0.06328845024108887,1.7629591226577759,4,0.5,
fixed,0,1974,2.028275728225708,0.018657872453331947,0.0005013911868445575,0.12253355979919434,2.074615478515625,4,0.25,
fixed,0,1975,2.3549208641052246,0.0,0.001015413086861372,0.18819212913513184,2.411886215209961,4,0.0,1.0371454954147339
fixed,0,1976,2.09086275100708,2.83896442851983e-05,0.018749533221125603,0.03854513168334961,2.1118152141571045,4,0.5,
fixed,0,1977,0.7271150946617126,0.015921955928206444,0.025859950110316277,0.21811509132385254,0.8134405612945557,4,1.0,
fixed,0,1978,1.667035698890686,0.02482631616294384,0.0006073409458622336,0.1475517749786377,1.7240180969238281,4,0.25,
fixed,0,1979,1.522051453590393,0.018573936074972153,0.01937081106007099,0.07811892032623291,1.5644595623016357,4,0.75,
fixed,0,1980,2.251601457595825,0.0,0.0006981900660321116,0.4136289358139038,2.3760392665863037,4,0.0,1.234556794166565
fixed,0,1981,1.882280945777893,0.0104871466755867,0.023752529174089432,0.054956912994384766,1.9158878326416016,4,0.75,
fixed,0,1982,1.035626769065857,0.0,0.05243430286645889,0.05321168899536133,1.0778074264526367,4,0.75,
fixed,0,1983,2.5123162269592285,0.0,0.059411339461803436,0.08071863651275635,2.566237449645996,4,0.75,
fixed,0,1984,1.3963676691055298,0.0,0.0169890895485878,0.06836152076721191,1.425370693206787,4,0.25,
fixed,0,1985,1.4269847869873047,0.0,0.045837510377168655,0.05569803714752197,1.4666129350662231,4,0.75,9.840381622314453
fixed,0,1986,1.4561386108398438,0.0,0.001691540703177452,0.2331235408782959,1.5269213914871216,4,0.0,
fixed,0,1987,2.140282392501831,0.0,0.01465284451842308,0.13164782524108887,2.187103271484375,4,0.25,
fixed,0,1988,2.4580352306365967,0.0,0.008974982425570488,0.10699784755706787,2.494621992111206,4,0.25,
fixed,0,1989,1.4574977159500122,0.0,0.033074844628572464,0.16117489337921143,1.5223876237869263,4,0.75,
fixed,0,1990,1.2604174613952637,0.0,0.03819718211889267,0.24910473823547363,1.3542474508285522,4,1.0,10.35964584350586
fixed,0,1991,1.7848527431488037,0.021001918241381645,0.01667303964495659,0.11137163639068604,1.837101697921753,4,0.75,
fixed,0,1992,1.5821983814239502,0.0,0.0486416220664978,0.2154242992401123,1.6711465120315552,4,1.0,
fixed,0,1993,1.6482611894607544,0.0,0.04862773045897484,0.22164154052734375,1.739067554473877,4,1.0,
fixed,0,1994,1.872039794921875,0.004327910486608744,0.014919720590114594,0.03993701934814453,1.8936446905136108,4,0.25,
fixed,0,1995,2.056340217590332,4.233367872075178e-05,0.009827020578086376,0.07606625556945801,2.084094762802124,4,0.25,2.7384450435638428
fixed,0,1996,1.5490245819091797,4.330888987169601e-05,0.010433366522192955,0.07544004917144775,1.5768948793411255,4,0.25,
fixed,0,1997,1.7281633615493774,0.00017220465815626085,0.009575529024004936,0.06147944927215576,1.751481056213379,4,0.25,
fixed,0,1998,2.3226099014282227,1.881611387943849e-05,0.01451587863266468,0.053406596183776855,2.3458993434906006,4,0.5,
fixed,0,1999,1.5575778484344482,0.0,0.03300377354025841,0.3025481700897217,1.6648441553115845,4,1.0,
fixed,0,2000,1.745204210281372,9.68428430496715e-05,0.009520120918750763,0.0405426025390625,1.762175440788269,4,0.25,2.7229151725769043
fixed,0,2001,1.7560384273529053,4.332613752922043e-05,0.010158024728298187,0.03405618667602539,1.7713559865951538,4,0.25,
fixed,1,2002,0.882175624370575,1.083457755157724e-05,2.462288466631435e-05,0.26535964012145996,0.9618012309074402,4,0.0,
fixed,1,2003,0.6016206741333008,0.0,0.006567075848579407,0.08940398693084717,0.6317254304885864,4,0.25,
fixed,1,2004,1.3932809829711914,0.00021721226221416146,0.005437764804810286,0.06223607063293457,1.4147793054580688,4,0.25,
fixed,1,2005,0.19185304641723633,0.0,0.02397720329463482,0.3776514530181885,0.31713709235191345,4,1.0,7.4807257652282715
fixed,1,2006,0.5271405577659607,0.0,0.013035036623477936,0.23217248916625977,0.6033098101615906,4,0.5,
fixed,1,2007,0.6236464977264404,0.04099731147289276,0.012494472786784172,0.31121325492858887,0.7437563538551331,4,1.0,
fixed,1,2008,0.3385041654109955,0.0,0.03488384187221527,0.3010774850845337,0.44626933336257935,4,1.0,
fixed,1,2009,0.7725881934165955,1.8695928929446382e-06,0.012536361813545227,0.07388687133789062,0.8010233640670776,4,0.5,
fixed,1,2010,1.1908371448516846,0.015072769485414028,0.009654725901782513,0.06566464900970459,1.2229002714157104,4,0.5,1.0146420001983643
fixed,1,2011,0.3512173295021057,0.0,0.035064272582530975,0.28365135192871094,0.4538448750972748,4,1.0,
fixed,1,2012,0.931564450263977,0.0,0.028810866177082062,0.11396455764770508,0.9801592826843262,4,0.75,
fixed,1,2013,0.7992903590202332,0.0,0.015865126624703407,0.04941868782043457,0.822048544883728,4,0.5,
fixed,1,2014,0.9749806523323059,0.0,0.042590245604515076,0.08180558681488037,1.0208173990249634,4,0.75,
fixed,1,2015,0.6142494678497314,0.0,0.03054855763912201,0.08973860740661621,0.656445324420929,4,0.75,7.779519081115723
fixed,1,2016,0.7318553924560547,0.0,0.012000320479273796,0.0465090274810791,0.7518082857131958,4,0.25,
fixed,1,2017,0.6112147569656372,0.0,0.028384946286678314,0.09416759014129639,0.6536574959754944,4,0.75,
fixed,1,2018,1.01264226436615,0.0,0.009088772349059582,0.11063265800476074,1.0503764152526855,4,0.25,
fixed,1,2019,0.9102712273597717,0.0,0.04168592020869255,0.06287598609924316,0.9499769806861877,4,0.75,
fixed,1,2020,0.46943336725234985,0.0,0.009408708661794662,0.11642050743103027,0.5090638995170593,4,0.25,2.6010842323303223
fixed,1,2021,0.7666071653366089,0.0,0.011570753529667854,0.03726029396057129,0.7835706472396851,4,0.25,
fixed,1,2022,1.322407603263855,0.0,0.020333420485258102,0.05048954486846924,1.3477212190628052,4,0.5,
fixed,1,2023,1.1896896362304688,0.0,0.02892857976257801,0.1874253749847412,1.2603815793991089,4,0.75,
fixed,1,2024,0.999544620513916,0.022060057148337364,0.006904138717800379,0.0472254753112793,1.0281943082809448,4,0.5,
fixed,1,2025,0.8770751953125,0.0,0.02063808962702751,0.15619993209838867,0.9342542290687561,4,0.25,4.419978141784668
fixed,1,2026,0.739589273929596,0.0,0.015407033264636993,0.06484198570251465,0.766745388507843,4,0.5,
fixed,1,2027,1.1576956510543823,0.0,0.025941666215658188,0.11097979545593262,1.2039604187011719,4,0.75,
fixed,1,2028,0.271791011095047,0.0,0.03629234805703163,0.16294097900390625,0.3388194739818573,4,0.75,
fixed,1,2029,0.9087781310081482,0.0,0.005602918565273285,0.07716822624206543,0.934730052947998,4,0.25,
fixed,1,2030,1.0543298721313477,0.0,0.014072278514504433,0.04505515098571777,1.0748825073242188,4,0.5,4.130874156951904
fixed,1,2031,0.8888038992881775,0.0,0.012539772316813469,0.05355668067932129,0.9111407995223999,4,0.5,
fixed,1,2032,1.1464567184448242,0.0,0.0055370633490383625,0.08328461647033691,1.1742106676101685,4,0.25,
fixed,1,2033,0.889956533908844,9.00218219612725e-06,0.010323911905288696,0.054318904876708984,0.9114186763763428,4,0.5,
fixed,1,2034,0.9376879930496216,0.019697776064276695,0.012690313160419464,0.38361239433288574,1.0689657926559448,4,1.0,
fixed,1,2035,0.3887789845466614,0.0,0.004628580063581467,0.031458377838134766,0.40053078532218933,4,0.25,1.6079738140106201
fixed,1,2036,0.6864041090011597,0.0,0.006443575955927372,0.09073209762573242,0.7168455123901367,4,0.25,
fixed,1,2037,0.8106584548950195,0.0,0.01461728848516941,0.16630971431732178,0.8678600192070007,4,0.75,
fixed,1,2038,0.9479274749755859,0.0,0.005975185427814722,0.08659934997558594,0.9768948554992676,4,0.25,
fixed,1,2039,1.515763282775879,0.03427305072546005,0.009660471230745316,0.17074084281921387,1.5889523029327393,4,0.75,
fixed,1,2040,1.022529125213623,0.0,0.011177926324307919,0.03849208354949951,1.039665699005127,4,0.25,3.240478754043579
fixed,1,2041,0.9173929691314697,0.0,0.008028455078601837,0.10575330257415771,0.9531331658363342,4,0.25,
fixed,1,2042,1.12734055519104,0.018789181485772133,0.001252338639460504,0.049874186515808105,1.152323603630066,4,0.25,
fixed,1,2043,0.5631940364837646,0.0,0.012750936672091484,0.08281350135803223,0.5944135785102844,4,0.5,
fixed,1,2044,0.5381746888160706,0.0,0.009832886978983879,0.08441245555877686,0.5684148669242859,4,0.5,
fixed,1,2045,1.2058026790618896,0.0,0.02724091336131096,0.3521850109100342,1.3250786066055298,4,1.0,8.179855346679688
fixed,1,2046,0.6574025750160217,0.0,0.026904353871941566,0.2155776023864746,0.7355280518531799,4,0.75,
fixed,1,2047,1.0772684812545776,0.031928494572639465,0.009398656897246838,0.08829736709594727,1.124421238899231,4,0.5,
fixed,1,2048,0.46783357858657837,0.0,0.032321151345968246,0.31459617614746094,0.5783730149269104,4,1.0,
fixed,1,2049,0.8852427005767822,0.0,0.020901009440422058,0.13968634605407715,0.9375991225242615,4,0.75,
fixed,1,2050,0.5132452249526978,0.02623530477285385,0.02622341178357601,0.1523890495300293,0.5851913094520569,4,1.0,1.1878496408462524
fixed,1,2051,0.8334001302719116,0.010171230882406235,0.00755810784175992,0.08254170417785645,0.8670272827148438,4,0.5,
fixed,1,2052,0.5013940334320068,0.014133093878626823,0.023867318406701088,0.10804510116577148,0.5528077483177185,4,0.75,
fixed,1,2053,0.8333982229232788,0.0,0.056536123156547546,0.06913292407989502,0.8824061751365662,4,0.5,
fixed,1,2054,0.7258858680725098,0.0,0.013769157230854034,0.07196533679962158,0.754360020160675,4,0.25,
fixed,1,2055,1.4355320930480957,0.0,0.020012937486171722,0.08305752277374268,1.4704557657241821,4,0.25,5.052976131439209
fixed,1,2056,0.5936384797096252,0.014538542367517948,0.010504813864827156,0.08046936988830566,0.6303009986877441,4,0.5,
fixed,1,2057,0.6173897385597229,0.0,0.026866063475608826,0.09012806415557861,0.6578611731529236,4,0.5,
fixed,1,2058,0.881829559803009,0.005802190862596035,0.01878826506435871,0.11280691623687744,0.927966833114624,4,0.5,
fixed,1,2059,1.3362284898757935,0.006771628744900227,0.0029381518252193928,0.10281109809875488,1.3719266653060913,4,0.25,
fixed,1,2060,1.1132323741912842,0.0,0.06763062626123428,0.1266549825668335,1.1850441694259644,4,1.0,14.615255355834961
fixed,1,2061,0.7658470273017883,0.005526734981685877,0.0020498360972851515,0.2550699710845947,0.8461562991142273,4,0.25,
fixed,1,2062,0.4763067960739136,0.0,0.034793078899383545,0.06851601600646973,0.5142581462860107,4,0.75,
fixed,1,2063,0.9656174778938293,0.0,0.013318322598934174,0.158103346824646,1.0197076797485352,4,0.25,
fixed,1,2064,0.9340938329696655,0.0,0.04890817031264305,0.0541912317276001,0.9748052954673767,4,0.75,
fixed,1,2065,0.7356751561164856,0.0,0.0284956656396389,0.0809626579284668,0.7742117643356323,4,0.75,7.828630447387695
fixed,1,2066,0.8467448949813843,0.02546333149075508,0.009056179784238338,0.034774065017700195,0.8744368553161621,4,0.5,
fixed,1,2067,0.602870762348175,0.0,0.0350947231054306,0.2572484016418457,0.6975926160812378,4,1.0,
fixed,1,2068,1.040743112564087,0.0,0.0013092327862977982,0.25282609462738037,1.1172455549240112,4,0.0,
fixed,1,2069,0.7191206216812134,0.0,0.03091895952820778,0.04126560688018799,0.7469598054885864,4,0.5,
fixed,1,2070,1.197798728942871,0.0,0.03970600292086601,0.07469487190246582,1.2400602102279663,4,0.75,9.427556991577148
fixed,1,2071,0.8050010204315186,0.015747392550110817,0.005563073325902224,0.038248419761657715,0.8271307945251465,4,0.5,
fixed,1,2072,0.42508041858673096,0.0,0.0062365964986383915,0.061095595359802246,0.4465273916721344,4,0.25,
fixed,1,2073,0.5100276470184326,0.0,0.005889587104320526,0.10351848602294922,0.5440279841423035,4,0.25,
fixed,1,2074,0.3544923663139343,0.0,0.013062802143394947,0.06662225723266602,0.3810104429721832,4,0.5,
fixed,1,2075,0.8037446737289429,0.01995517872273922,0.0006227183621376753,0.07100236415863037,0.835334300994873,4,0.25,4.102052211761475
fixed,1,2076,1.3841438293457031,0.032109037041664124,0.004305844660848379,0.10717892646789551,1.4345049858093262,4,0.75,
fixed,1,2077,0.3121366798877716,0.0,0.009850510396063328,0.07379364967346191,0.3392000198364258,4,0.5,
fixed,1,2078,0.8213767409324646,0.02157364785671234,0.008627264760434628,0.15802538394927979,0.8838847875595093,4,0.75,
fixed,1,2079,0.7409055829048157,0.0,0.02447100356221199,0.06872987747192383,0.7737600803375244,4,0.5,
fixed,1,2080,0.2397366315126419,0.0,0.008197478018701077,0.15230441093444824,0.28952670097351074,4,0.25,2.437361001968384
fixed,1,2081,0.8704017996788025,0.0,0.028388045728206635,0.1278824806213379,0.9229605793952942,4,0.75,
fixed,1,2082,0.4450269341468811,0.0,0.030845893546938896,0.3321652412414551,0.5600994825363159,4,1.0,
fixed,1,2083,1.1926928758621216,0.015184027142822742,0.004663842264562845,0.08910965919494629,1.2293497323989868,4,0.5,
fixed,1,2084,0.45965221524238586,0.03201136738061905,0.018008079379796982,0.1293940544128418,0.5234801769256592,4,0.75,
fixed,1,2085,0.5324795246124268,0.0,0.019428879022598267,0.07148826122283936,0.5636404156684875,4,0.5,5.373033046722412
fixed,1,2086,1.5962358713150024,0.0,0.031606465578079224,0.044278621673583984,1.625322699546814,4,0.5,
fixed,1,2087,0.7799827456474304,0.0065040914341807365,0.0008553124498575926,0.2152920961380005,0.8482500910758972,4,0.25,
fixed,1,2088,1.2131706476211548,0.0,0.020199427381157875,0.05999588966369629,1.2412691116333008,4,0.5,
fixed,1,2089,1.3696621656417847,0.0,0.007019111420959234,0.11702358722686768,1.4082788228988647,4,0.25,
fixed,1,2090,0.7143319845199585,0.027051622048020363,0.006403269246220589,0.049662113189697266,0.7459580898284912,4,0.5,2.250680685043335
fixed,1,2091,0.3511863350868225,0.0,0.026243731379508972,0.059111952781677246,0.3820417821407318,4,0.5,
fixed,1,2092,0.9235296249389648,0.0,0.000993185443803668,0.32781410217285156,1.022370457649231,4,0.0,
fixed,1,2093,0.7367004156112671,0.0,0.020445114001631737,0.39150363206863403,0.864374041557312,4,1.0,
fixed,1,2094,0.9761366248130798,0.0,0.025678357109427452,0.34287095069885254,1.0918370485305786,4,1.0,
fixed,1,2095,0.8380609750747681,0.0,0.02352917194366455,0.22554826736450195,0.9174900650978088,4,0.75,7.085508823394775
fixed,1,2096,0.45113590359687805,0.0,0.007033107802271843,0.09315228462219238,0.4825981557369232,4,0.25,
fixed,1,2097,0.6566552519798279,0.0,0.04094227775931358,0.06360018253326416,0.6962064504623413,4,0.5,
fixed,1,2098,1.2231162786483765,0.0,0.022646863013505936,0.11984109878540039,1.2703920602798462,4,0.75,
fixed,1,2099,0.6108149290084839,0.0,0.015651516616344452,0.05119752883911133,0.6339999437332153,4,0.5,
fixed,1,2100,0.5867611169815063,0.0,0.029030058532953262,0.03834676742553711,0.6127801537513733,4,0.5,6.968527793884277
fixed,1,2101,0.5586978197097778,0.0,0.03807683289051056,0.26444828510284424,0.6570707559585571,4,1.0,
fixed,1,2102,0.5818594694137573,0.0,0.02630746178328991,0.10666894912719727,0.6270138621330261,4,0.75,
fixed,1,2103,0.6115381717681885,0.0,0.029029469937086105,0.10468852519989014,0.6574594974517822,4,0.75,
fixed,1,2104,0.831333577632904,0.012660068459808826,0.011321352794766426,0.09501242637634277,0.871828019618988,4,0.75,
fixed,1,2105,0.8084183931350708,0.0,0.0177762471139431,0.12210226058959961,0.8539372086524963,4,0.75,5.277534484863281
fixed,1,2106,1.0193709135055542,0.0,0.013228202238678932,0.05119621753692627,1.0413439273834229,4,0.5,
fixed,1,2107,1.458003044128418,0.0,0.0008169544162228703,0.343563437461853,1.5614805221557617,4,0.0,
fixed,1,2108,0.6460096836090088,0.0,0.015542282722890377,0.05210137367248535,0.6694112420082092,4,0.5,
fixed,1,2109,1.066504716873169,0.0,0.01841161400079727,0.14160943031311035,1.1181933879852295,4,0.75,
fixed,1,2110,0.8480192422866821,0.0,0.011369398795068264,0.05654191970825195,0.87066650390625,4,0.5,3.5071609020233154
fixed,1,2111,2.049903392791748,0.007712586782872677,0.017715025693178177,0.2135559320449829,2.1266839504241943,4,0.75,
fixed,1,2112,1.1271549463272095,0.0,0.007870513014495373,0.10853350162506104,1.1636502742767334,4,0.25,
fixed,1,2113,0.5716149210929871,0.0,0.011807172559201717,0.08662736415863037,0.6035067439079285,4,0.5,
fixed,1,2114,0.79107266664505,0.0,0.012164046987891197,0.05104827880859375,0.8124691843986511,4,0.5,
fixed,1,2115,1.4169635772705078,0.0,0.0053589059971272945,0.10947239398956299,1.4524847269058228,4,0.25,1.8592946529388428
fixed,1,2116,0.7823511958122253,0.030895119532942772,0.0053105135448277,0.06913995742797852,0.8211960196495056,4,0.5,
fixed,1,2117,0.7774525880813599,0.0,0.015251520089805126,0.07280731201171875,0.8069205284118652,4,0.5,
fixed,1,2118,0.6991690993309021,0.0,0.04459614306688309,0.06735730171203613,0.7416743636131287,4,0.75,
fixed,1,2119,0.9774668216705322,0.08154639601707458,0.004668152425438166,0.34519946575164795,1.1241339445114136,4,1.0,
fixed,1,2120,0.6231558322906494,0.0,0.014140577986836433,0.07241988182067871,0.6519520878791809,4,0.5,4.303764343261719
fixed,1,2121,1.2220656871795654,0.007911441847682,0.0013379022711887956,0.09117674827575684,1.2540433406829834,4,0.25,
fixed,1,2122,1.1974650621414185,0.0,0.013800500892102718,0.06900668144226074,1.225067377090454,4,0.5,
fixed,1,2123,0.4241197109222412,0.0,0.04232699051499367,0.24493134021759033,0.5187625885009766,4,1.0,
fixed,1,2124,1.3081536293029785,0.0,0.019599560648202896,0.1328514814376831,1.3578088283538818,4,0.75,
fixed,1,2125,0.8150588870048523,0.0,0.027854841202497482,0.327014684677124,0.9270907044410706,4,1.0,8.530061721801758
fixed,1,2126,1.292230248451233,0.01519697904586792,0.008466231636703014,0.0679471492767334,1.3244459629058838,4,0.5,
fixed,1,2127,0.7391669154167175,0.0,0.016585733741521835,0.06856751441955566,0.768030047416687,4,0.5,
fixed,1,2128,0.35602155327796936,0.0,0.017106447368860245,0.06741774082183838,0.38480010628700256,4,0.25,
fixed,1,2129,0.6841893196105957,0.0,0.04323609173297882,0.06924891471862793,0.7265820503234863,4,0.75,
fixed,1,2130,0.5190731287002563,0.0,0.014963393099606037,0.0668407678604126,0.5466070771217346,4,0.5,4.228477954864502
fixed,1,2131,1.3472756147384644,0.0,0.02577078714966774,0.05503559112548828,1.3766716718673706,4,0.5,
fixed,1,2132,0.818803608417511,0.0,0.017978165298700333,0.05870246887207031,0.8454034328460693,4,0.5,
fixed,1,2133,0.6612990498542786,0.02531355805695057,0.0013488642871379852,0.06080746650695801,0.6928725242614746,4,0.25,
fixed,1,2134,0.8492410778999329,0.0,0.0014172657392919064,0.4477962255477905,0.9842885732650757,4,0.0,
fixed,1,2135,0.558877170085907,0.011454222723841667,0.04334168881177902,0.06087446212768555,0.6045374870300293,4,0.75,5.595947742462158
fixed,1,2136,0.8599808812141418,0.024769829586148262,0.020507993176579475,0.06532084941864014,0.9022160768508911,4,0.5,
fixed,1,2137,0.8368447422981262,0.0,0.01694696769118309,0.05529499053955078,0.8619067072868347,4,0.5,
fixed,1,2138,0.6602519154548645,0.0,0.011987945064902306,0.03952336311340332,0.6781029105186462,4,0.5,
fixed,1,2139,0.5662392377853394,0.0,0.007790077943354845,0.10054993629455566,0.6002992391586304,4,0.25,
fixed,1,2140,0.9726262092590332,0.0,0.017311150208115578,0.044705986976623535,0.9946935772895813,4,0.5,4.68917989730835
fixed,1,2141,0.9853286743164062,0.0,0.03341849520802498,0.08508956432342529,1.0275647640228271,4,0.75,
fixed,1,2142,0.9642850756645203,0.0,0.022543948143720627,0.12352418899536133,1.0126142501831055,4,0.75,
fixed,1,2143,0.6771427392959595,0.0,0.0084789227694273,0.10228705406188965,0.7120683193206787,4,0.5,
fixed,1,2144,0.7788816094398499,0.0,0.0044984882697463036,0.05944931507110596,0.7989656329154968,4,0.25,
fixed,1,2145,0.9988531470298767,0.0,0.011964204721152782,0.16887450218200684,1.055497646331787,4,0.75,3.961925506591797
fixed,1,2146,1.6408714056015015,0.0,0.012611998245120049,0.3403325080871582,1.749277114868164,4,0.75,
fixed,1,2147,0.930395245552063,0.0,0.009114351123571396,0.05783426761627197,0.9523026943206787,4,0.5,
fixed,1,2148,1.1829373836517334,0.0,0.006549272686243057,0.0644223690032959,1.2055387496948242,4,0.5,
fixed,1,2149,0.8441513180732727,0.0,0.013527980074286461,0.1720520257949829,0.9025309085845947,4,0.75,
fixed,1,2150,1.0070501565933228,0.0686916783452034,0.005783404689282179,0.16377043724060059,1.093418836593628,4,0.75,6.603004455566406
fixed,1,2151,1.133428692817688,0.023923926055431366,0.008210308849811554,0.1612071990966797,1.1978579759597778,4,0.75,
fixed,1,2152,1.0073654651641846,0.0,0.00834665447473526,0.07813334465026855,1.0349787473678589,4,0.5,
fixed,1,2153,0.253566175699234,0.0,0.03281498700380325,0.3053281307220459,0.36157211661338806,4,1.0,
fixed,1,2154,0.6349051594734192,0.0,0.001055610366165638,0.45494067668914795,0.7719151973724365,4,0.0,
fixed,1,2155,1.2233072519302368,0.015486541204154491,0.010217929258942604,0.11706829071044922,1.2712799310684204,4,0.75,1.4864343404769897
fixed,1,2156,0.9273151755332947,0.0,0.032096028327941895,0.08030462265014648,0.9674545526504517,4,0.75,
fixed,1,2157,0.5357148051261902,0.0,0.007833040319383144,0.04932975769042969,0.5544302463531494,4,0.25,
fixed,1,2158,0.9101261496543884,0.02771599031984806,0.012442371807992458,0.048252105712890625,0.9446809887886047,4,0.5,
fixed,1,2159,1.3823857307434082,0.02569851279258728,0.03810908645391464,0.062430620193481445,1.433018684387207,4,0.75,
fixed,1,2160,0.4794251620769501,0.0,0.033378057181835175,0.07778453826904297,0.5194495320320129,4,0.75,8.294501304626465
fixed,1,2161,0.6067684888839722,0.0,0.03445076569914818,0.2648073434829712,0.7034360766410828,4,1.0,
fixed,1,2162,0.6667970418930054,0.0,0.02795853279531002,0.07736432552337646,0.7039856314659119,4,0.75,
fixed,1,2163,0.9399034976959229,0.0,0.04066940397024155,0.05507946014404297,0.976762056350708,4,0.75,
fixed,1,2164,0.5410649180412292,0.030680129304528236,0.01807829737663269,0.045892953872680664,0.5792120099067688,4,0.75,
fixed,1,2165,0.8981217741966248,0.0,0.02830953523516655,0.023149847984313965,0.9192215204238892,4,0.5,6.553620338439941
fixed,1,2166,0.7603334188461304,0.0,0.032962992787361145,0.06419992446899414,0.7960748672485352,4,0.75,
fixed,1,2167,0.908471405506134,0.016179637983441353,0.011606648564338684,0.06060898303985596,0.9405472278594971,4,0.5,
fixed,1,2168,1.146537184715271,0.0,0.052638813853263855,0.04791760444641113,1.1872318983078003,4,0.75,
fixed,1,2169,0.8623769879341125,0.0,0.01987660489976406,0.05182051658630371,0.887861430644989,4,0.5,
fixed,1,2170,0.9474217891693115,0.0,0.011436316184699535,0.15674448013305664,1.0001633167266846,4,0.25,3.0304298400878906
fixed,1,2171,1.4748411178588867,0.0,0.03191554546356201,0.07313084602355957,1.5127381086349487,4,0.75,
fixed,1,2172,0.6705968379974365,0.0,0.009842409752309322,0.14785540103912354,0.7198746800422668,4,0.25,
fixed,1,2173,1.1314818859100342,0.04534166306257248,0.011175883933901787,0.14131760597229004,1.2021359205245972,4,1.0,
fixed,1,2174,0.8587291836738586,0.0,0.029655952006578445,0.1813037395477295,0.9279482960700989,4,0.75,
fixed,1,2175,1.394142746925354,0.01668408140540123,0.008459833450615406,0.05768013000488281,1.4240187406539917,4,0.5,1.5726343393325806
fixed,1,2176,1.2191287279129028,0.0,0.030992131680250168,0.07231998443603516,1.256320834159851,4,0.5,
fixed,1,2177,1.6699837446212769,0.016607772558927536,0.01767575368285179,0.05844879150390625,1.704660177230835,4,0.5,
fixed,1,2178,0.5514255166053772,0.0,0.024917442351579666,0.19096660614013672,0.6211742162704468,4,0.25,
fixed,1,2179,0.7752837538719177,0.016020044684410095,0.018667420372366905,0.14725768566131592,0.8368048071861267,4,0.75,
fixed,1,2180,0.8707968592643738,0.0,0.04552454873919487,0.21626830101013184,0.9584396481513977,4,1.0,11.854475021362305
fixed,1,2181,0.5402697324752808,0.00629058200865984,0.0005298493197187781,0.20420706272125244,0.6049420833587646,4,0.25,
fixed,1,2182,0.5415067672729492,0.0,0.011214403435587883,0.05451226234436035,0.5634676218032837,4,0.25,
fixed,1,2183,1.612454891204834,0.027668964117765427,0.00030231958953663707,0.1082838773727417,1.6589256525039673,4,0.25,
fixed,1,2184,1.1895512342453003,0.0,0.001796820666640997,0.2244586944580078,1.2577872276306152,4,0.0,
fixed,1,2185,1.5677646398544312,0.014202202670276165,0.021465972065925598,0.023681282997131348,1.592703104019165,4,0.5,1.48068368434906
fixed,1,2186,0.4805680215358734,0.0,0.019318142905831337,0.054343581199645996,0.5065301656723022,4,0.5,
fixed,1,2187,1.2195353507995605,5.402816168498248e-05,0.01524840947240591,0.09631180763244629,1.256080150604248,4,0.25,
fixed,1,2188,0.6674998998641968,2.973734126499039e-06,0.02684200368821621,0.04296684265136719,0.6938124299049377,4,0.5,
fixed,1,2189,0.7388952374458313,0.0,0.0025660379324108362,0.11101412773132324,0.7734825015068054,4,0.0,
fixed,1,2190,0.7411046624183655,0.0,0.030852576717734337,0.12161087989807129,0.7930142283439636,4,0.75,8.657901763916016
fixed,1,2191,0.6110337376594543,0.015707550570368767,0.02251005545258522,0.13136279582977295,0.6695513725280762,4,0.75,
fixed,1,2192,1.4110418558120728,0.01560078002512455,0.0010930313728749752,0.0544431209564209,1.435721755027771,4,0.25,
fixed,1,2193,1.0356996059417725,0.0226904284209013,0.012221679091453552,0.15337705612182617,1.0991687774658203,4,0.75,
fixed,1,2194,0.6254326105117798,0.02390960045158863,0.008963467553257942,0.0847097635269165,0.6672821044921875,4,0.5,
fixed,1,2195,1.0987417697906494,0.0,0.012224802747368813,0.15340852737426758,1.150876760482788,4,0.25,3.399653434753418
fixed,1,2196,0.6778598427772522,0.0,0.0324462354183197,0.1633157730102539,0.7430776953697205,4,0.75,
fixed,1,2197,1.1870646476745605,0.0,0.021121717989444733,0.04659914970397949,1.2116053104400635,4,0.5,
fixed,1,2198,0.6520926356315613,0.0,0.039581820368766785,0.11887800693511963,0.7075469493865967,4,0.75,
fixed,1,2199,0.3272254467010498,0.0,0.031036093831062317,0.13948512077331543,0.3845890164375305,4,0.75,
fixed,1,2200,0.6577770113945007,0.0,0.03031422384083271,0.09010803699493408,0.699966549873352,4,0.5,7.146498680114746
fixed,1,2201,0.8350815773010254,0.0,0.02873200923204422,0.13151264190673828,0.8889013528823853,4,0.75,
fixed,1,2202,0.9618697166442871,0.0,0.023969780653715134,0.0806131362915039,0.9980385303497314,4,0.5,
fixed,1,2203,0.6102858185768127,0.0,0.020089631900191307,0.1580420732498169,0.6677432656288147,4,0.75,
fixed,1,2204,1.2683568000793457,0.0,0.007191901560872793,0.08881783485412598,1.298598051071167,4,0.25,
fixed,1,2205,1.1183327436447144,0.011910799890756607,0.009207041002810001,0.06630885601043701,1.1487842798233032,4,0.5,1.149591326713562
fixed,1,2206,0.855412483215332,0.014186096377670765,0.016953514888882637,0.11803865432739258,0.9063938856124878,4,0.75,
fixed,1,2207,1.3261975049972534,0.0,0.02378409542143345,0.1229170560836792,1.374964714050293,4,0.75,
fixed,1,2208,0.8948895335197449,0.0,0.020699897781014442,0.13156843185424805,0.9447100162506104,4,0.75,
fixed,1,2209,0.8813559412956238,0.0,0.0009907708736136556,0.1504734754562378,0.9269933700561523,4,0.0,
fixed,1,2210,1.1049482822418213,0.0,0.014479962177574635,0.045632243156433105,1.1258779764175415,4,0.5,4.3633317947387695
fixed,1,2211,0.5202382802963257,0.0,0.014102382585406303,0.04966306686401367,0.5421884059906006,4,0.5,
fixed,1,2212,1.1418825387954712,0.0300272386521101,0.006288033444434404,0.05000185966491699,1.1750407218933105,4,0.5,
fixed,1,2213,0.8890196084976196,0.0,0.0312877856194973,0.09752821922302246,0.9339219927787781,4,0.75,
fixed,1,2214,1.3819226026535034,6.909666353749344e-06,0.005154188256710768,0.06055641174316406,1.4026700258255005,4,0.25,
fixed,1,2215,0.39987075328826904,0.0,0.021871699020266533,0.12036395072937012,0.44691580533981323,4,0.75,6.448249816894531
fixed,1,2216,0.5924551486968994,0.0,0.02776411548256874,0.31996023654937744,0.7023252844810486,4,1.0,
fixed,1,2217,0.7311384081840515,0.0,0.006661112420260906,0.09582281112670898,0.7632157802581787,4,0.25,
fixed,1,2218,0.5389916300773621,0.0,0.03433171287178993,0.07559323310852051,0.5788354873657227,4,0.75,
fixed,1,2219,1.1131367683410645,0.0,0.01278667338192463,0.055344343185424805,1.1361334323883057,4,0.25,
fixed,1,2220,1.1849936246871948,0.0,0.014022478833794594,0.08043313026428223,1.216134786605835,4,0.5,4.0056538581848145
fixed,1,2221,0.6401453018188477,0.0,0.009647320955991745,0.06322669982910156,0.663936972618103,4,0.25,
fixed,1,2222,0.8595003485679626,0.0,0.022112473845481873,0.3659719228744507,0.9803481698036194,4,1.0,
fixed,1,2223,1.2986646890640259,0.0,0.00796801783144474,0.13670861721038818,1.3436613082885742,4,0.25,
fixed,1,2224,1.0367237329483032,0.0,0.013860490173101425,0.06986141204833984,1.0646123886108398,4,0.5,
fixed,1,2225,0.662773609161377,0.0,0.017871949821710587,0.09461021423339844,0.7000926733016968,3,0.5,5.3897833824157715
fixed,1,2226,0.8465225100517273,0.0,0.01768205314874649,0.05711936950683594,0.8724993467330933,4,0.5,
fixed,1,2227,0.5814932584762573,0.019772909581661224,0.01645037904381752,0.03155958652496338,0.6090728044509888,4,0.5,
fixed,1,2228,0.7444689273834229,0.031753674149513245,0.005852236412465572,0.0610651969909668,0.7815914154052734,4,0.5,
fixed,1,2229,1.0637705326080322,0.0,0.005622297525405884,0.1408451795578003,1.108835220336914,4,0.25,
fixed,1,2230,0.7120288014411926,0.0,0.010993175208568573,0.08358490467071533,0.7426008582115173,4,0.5,3.645073413848877
fixed,1,2231,1.423408031463623,0.0,0.022556297481060028,0.13948190212249756,1.4765307903289795,4,0.75,
fixed,1,2232,0.8349789381027222,0.0,0.019133547320961952,0.14732325077056885,0.8887426853179932,4,0.75,
fixed,1,2233,1.0811445713043213,0.030209161341190338,0.004249177407473326,0.07211816310882568,1.120009183883667,4,0.5,
fixed,1,2234,0.7233154773712158,0.035160720348358154,0.00397289777174592,0.1150749921798706,0.77740478515625,4,0.75,
fixed,1,2235,1.1364061832427979,0.0,0.012350844219326973,0.05285072326660156,1.1584367752075195,4,0.5,3.603614568710327
fixed,1,2236,1.099082112312317,0.0,0.013168535195291042,0.06037569046020508,1.123779058456421,4,0.5,
fixed,1,2237,0.3899185061454773,0.0,0.016955696046352386,0.07723546028137207,0.42156699299812317,4,0.5,
fixed,1,2238,0.7395796775817871,0.0,0.006340503692626953,0.1157069206237793,0.7774620056152344,4,0.25,
fixed,1,2239,0.6059816479682922,0.0,0.008348038420081139,0.05139875411987305,0.6255753040313721,4,0.25,
fixed,1,2240,0.9696335196495056,0.0,0.031051576137542725,0.08894181251525879,1.011841893196106,4,0.75,7.267026901245117
fixed,1,2241,0.8409698605537415,0.0,0.006873203441500664,0.0491635799407959,0.859155535697937,4,0.25,
fixed,1,2242,0.7213313579559326,0.0,0.0014314777217805386,0.4120604991912842,0.8456652760505676,4,0.0,
fixed,1,2243,1.1740343570709229,0.0,0.010567877441644669,0.05109572410583496,1.1946470737457275,4,0.5,
fixed,1,2244,0.7981899976730347,0.0,0.012523871846497059,0.076271653175354,0.8273334503173828,4,0.5,
fixed,1,2245,0.6484977006912231,0.0,0.004971177317202091,0.09917426109313965,0.6807355880737305,4,0.25,1.8626611232757568
fixed,1,2246,1.2853186130523682,0.0,0.0006208667764440179,0.33264124393463135,1.3854213953018188,4,0.0,
fixed,1,2247,1.3217898607254028,0.0,0.005180292762815952,0.0889289379119873,1.3510587215423584,4,0.25,
fixed,1,2248,0.6025407910346985,0.05187714099884033,0.007646803744137287,0.3701958656311035,0.7433615326881409,4,1.0,
fixed,1,2249,0.5120745301246643,0.0,0.009198138490319252,0.05694389343261719,0.5337567925453186,4,0.5,
fixed,1,2250,0.7101121544837952,0.0,0.018885767087340355,0.03271496295928955,0.7293695211410522,4,0.5,4.768947601318359
fixed,1,2251,1.2156579494476318,0.0,0.011881859973073006,0.037409305572509766,1.2328217029571533,4,0.5,
fixed,1,2252,1.0887424945831299,1.2733995617963956e-06,0.015579478815197945,0.029819011688232422,1.1054785251617432,4,0.5,
fixed,1,2253,0.9037138819694519,0.028037291020154953,0.004865109920501709,0.04661905765533447,0.9341508150100708,4,0.5,
fixed,1,2254,0.6664397120475769,0.0241465512663126,0.004916471894830465,0.08922469615936279,0.7077386379241943,4,0.5,
fixed,1,2255,0.8047496676445007,0.0,0.009465089067816734,0.17711365222930908,0.8626163005828857,4,0.25,2.572018623352051
fixed,1,2256,1.0619277954101562,0.0,0.0038759149610996246,0.06117713451385498,1.082218885421753,4,0.25,
fixed,1,2257,0.8781504034996033,0.025658216327428818,0.000352302857208997,0.10783219337463379,0.9235053062438965,4,0.25,
fixed,1,2258,0.5001307129859924,0.0,0.035456717014312744,0.1576777696609497,0.5651624202728271,4,0.75,
fixed,1,2259,0.6938329935073853,0.0,0.011120140552520752,0.07512891292572021,0.7219317555427551,4,0.5,
fixed,1,2260,0.5562881231307983,0.01701357401907444,0.02416417747735977,0.10738611221313477,0.6090928316116333,4,0.75,2.1572585105895996
fixed,1,2261,0.834071695804596,0.0,0.03642438352108002,0.12742042541503906,0.8905100226402283,4,0.75,
fixed,1,2262,1.2387750148773193,0.0,0.007806065957993269,0.1773548126220703,1.2958844900131226,4,0.25,
fixed,1,2263,1.3544073104858398,0.0,0.014196925796568394,0.1238701343536377,1.3986668586730957,4,0.5,
fixed,1,2264,0.27699699997901917,0.0,0.019711934030056,0.17426538467407227,0.3391325771808624,4,0.75,
fixed,1,2265,0.390668123960495,0.0,0.02836747094988823,0.1423022747039795,0.44754254817962646,4,0.75,7.609000205993652
fixed,1,2266,0.45623213052749634,0.0,0.00992573332041502,0.09380865097045898,0.48933759331703186,4,0.5,
fixed,1,2267,1.2738841772079468,0.0,0.013008654117584229,0.09290552139282227,1.308260202407837,4,0.5,
fixed,1,2268,0.42383378744125366,0.0,0.02616092562675476,0.10221898555755615,0.4675799608230591,4,0.5,
fixed,1,2269,0.8597316741943359,0.0,0.026733994483947754,0.3605976104736328,0.9812779426574707,4,1.0,
fixed,1,2270,0.5715683698654175,0.0,0.014750507660210133,0.07741022109985352,0.6021667122840881,4,0.5,4.481648921966553
fixed,1,2271,1.4561225175857544,0.0001326485798927024,0.01983531191945076,0.16213619709014893,1.5147473812103271,4,0.75,
fixed,1,2272,0.7169866561889648,0.0,0.016490718349814415,0.04939424991607666,0.7400503158569336,4,0.5,
fixed,1,2273,0.5096350908279419,0.0,0.020802166312932968,0.044450998306274414,0.5333714485168457,4,0.5,
fixed,1,2274,0.6979496479034424,0.0,0.018798181787133217,0.12209618091583252,0.7439776062965393,4,0.75,
fixed,1,2275,0.6120439171791077,0.0,0.013331340625882149,0.05272340774536133,0.6345266103744507,4,0.25,3.42692232131958
fixed,1,2276,0.7651645541191101,0.0,0.024814123287796974,0.04761052131652832,0.7918547987937927,4,0.5,
fixed,1,2277,1.0451840162277222,0.015042883343994617,0.0008586575859226286,0.13023662567138672,1.0922057628631592,4,0.25,
fixed,1,2278,0.974902868270874,0.0,0.01271611638367176,0.044939517974853516,0.9947428107261658,4,0.5,
fixed,1,2279,0.8227099180221558,0.0,0.012692520394921303,0.04611098766326904,0.8428894877433777,4,0.5,
fixed,1,2280,0.7983531951904297,0.03970015048980713,0.0004995685303583741,0.04916262626647949,0.8332018256187439,4,0.5,7.535857200622559
fixed,1,2281,1.146175742149353,0.0,0.014635480009019375,0.041861891746520996,1.1660521030426025,4,0.5,
fixed,1,2282,1.992296814918518,0.0,0.02668442204594612,0.33588850498199463,2.10640549659729,4,1.0,
fixed,1,2283,0.632889449596405,0.0,0.013498046435415745,0.1498277187347412,0.684586763381958,4,0.75,
fixed,1,2284,0.8912625312805176,0.0,0.01690790243446827,0.28058576583862305,0.9838922023773193,4,0.75,
fixed,1,2285,1.1715788841247559,0.0,0.02672712318599224,0.09898948669433594,1.2146393060684204,4,0.75,7.285302639007568
fixed,1,2286,0.8103044629096985,0.00044410204282030463,0.0005326432874426246,0.317859411239624,0.9061506390571594,4,0.0,
fixed,1,2287,1.0431625843048096,0.05347885191440582,0.00034128912375308573,0.06223773956298828,1.0887439250946045,4,0.5,
fixed,1,2288,1.1366491317749023,0.0,0.022928867489099503,0.10547542572021484,1.1797561645507812,4,0.75,
fixed,1,2289,0.41929739713668823,0.01998813822865486,0.034863512963056564,0.1510632038116455,0.4920421838760376,3,1.0,
fixed,1,2290,1.1139813661575317,0.004886006936430931,0.011537568643689156,0.0774604082107544,1.1454312801361084,4,0.25,1.3888421058654785
fixed,1,2291,0.585987389087677,0.0,0.0018418882973492146,0.2746446132659912,0.6693017482757568,4,0.0,
fixed,1,2292,0.5202243328094482,0.025089191272854805,0.0343189463019371,0.056405067443847656,0.566849946975708,4,0.75,
fixed,1,2293,0.3413342237472534,0.0,0.05574851110577583,0.15472698211669922,0.415626585483551,4,1.0,
fixed,1,2294,0.6689024567604065,0.004554306156933308,0.016458481550216675,0.08658361434936523,0.7053839564323425,4,0.25,
fixed,1,2295,0.718364417552948,0.0,0.020827950909733772,0.056719303131103516,0.7457941770553589,4,0.5,5.154491424560547
fixed,1,2296,0.44452688097953796,0.019148223102092743,0.025385424494743347,0.05957472324371338,0.484666109085083,4,0.75,
fixed,1,2297,0.6756666898727417,0.0,0.029236817732453346,0.05883586406707764,0.7079358696937561,4,0.5,
fixed,1,2298,0.8252968788146973,0.0,0.049037281423807144,0.02792966365814209,0.8581944108009338,4,0.25,
fixed,1,2299,0.460389643907547,0.0,0.02952425181865692,0.0836784839630127,0.5002553462982178,4,0.75,
fixed,1,2300,0.5814210176467896,0.0,0.022242819890379906,0.07839620113372803,0.616061270236969,4,0.5,5.602181911468506
fixed,1,2301,0.433599054813385,0.0,0.045755065977573395,0.07073616981506348,0.4776974320411682,4,0.75,
fixed,1,2302,0.6196936964988708,0.0,0.020161140710115433,0.06689143180847168,0.6498417258262634,4,0.5,
fixed,1,2303,1.27926766872406,0.0,0.0029047366697341204,0.2757439613342285,1.3634432554244995,4,0.0,
fixed,1,2304,0.5792536735534668,0.0,0.03474278375506401,0.023787498474121094,0.6037613153457642,4,0.5,
fixed,1,2305,0.27726829051971436,0.0,0.010236592032015324,0.1675807237625122,0.3326607942581177,4,0.25,3.0871424674987793
fixed,1,2306,0.664447546005249,0.0,0.027129752561450005,0.13730430603027344,0.7192037105560303,4,0.75,
fixed,1,2307,0.8565629124641418,0.024844378232955933,0.0008083675056695938,0.14209842681884766,0.9120188355445862,4,0.25,
fixed,1,2308,1.2171270847320557,0.0,0.008926795795559883,0.09794926643371582,1.250975251197815,4,0.5,
fixed,1,2309,0.8529336452484131,0.0,0.009759832173585892,0.0786200761795044,0.8813995718955994,4,0.5,
fixed,1,2310,0.7459189295768738,0.0,0.0014852979220449924,0.16240811347961426,0.7953839898109436,4,0.0,1.2647171020507812
fixed,1,2311,1.076167345046997,0.0,0.004723527934402227,0.09281253814697266,1.1063728332519531,4,0.25,
fixed,1,2312,0.800001859664917,0.016565650701522827,0.00015386950690299273,0.0950096845626831,0.8368645310401917,4,0.25,
fixed,1,2313,1.0021588802337646,5.311243967298651e-06,0.0051938192918896675,0.07805275917053223,1.0281742811203003,4,0.5,
fixed,1,2314,0.7176252007484436,3.020105054929445e-07,0.0077459197491407394,0.068611741065979,0.7420818209648132,4,0.5,
fixed,1,2315,0.902407705783844,3.7043122574687004e-05,0.007269868161529303,0.05526423454284668,0.9226404428482056,4,0.5,2.413633108139038
fixed,1,2316,1.0899180173873901,0.026822678744792938,0.007977386005222797,0.18452632427215576,1.1626759767532349,4,0.75,
fixed,1,2317,0.43434423208236694,5.442125711851986e-06,0.004058560822159052,0.17499232292175293,0.4888739287853241,4,0.25,
fixed,1,2318,0.5109155178070068,0.0,0.013238698244094849,0.057509541511535645,0.5347877144813538,4,0.5,
fixed,1,2319,0.9218315482139587,0.0,0.004498719237744808,0.035230398178100586,0.9346500039100647,4,0.25,
fixed,1,2320,0.9110344648361206,0.0,0.0032154261134564877,0.08489525318145752,0.9381107687950134,4,0.25,1.3341288566589355
fixed,1,2321,0.8516282439231873,0.0,0.013004442676901817,0.08289313316345215,0.8829984068870544,4,0.5,
fixed,1,2322,1.5290273427963257,0.02420874871313572,0.007444906514137983,0.20522499084472656,1.606421709060669,4,0.75,
fixed,1,2323,1.1437443494796753,0.0,0.0027820393443107605,0.09716546535491943,1.1742850542068481,4,0.25,
fixed,1,2324,1.074305534362793,0.0,0.01589733548462391,0.15280914306640625,1.1280969381332397,4,0.25,
fixed,1,2325,1.1891579627990723,0.0,0.003100981703028083,0.1124495267868042,1.2244433164596558,4,0.25,1.3020564317703247
fixed,1,2326,0.46350449323654175,0.034439943730831146,0.007350092753767967,0.08137965202331543,0.5088133811950684,4,0.5,
fixed,1,2327,1.1254304647445679,0.0,0.008602485060691833,0.08698892593383789,1.1558283567428589,4,0.25,
fixed,1,2328,1.0294665098190308,0.0,0.0005067400634288788,0.3141016960144043,1.1239503622055054,4,0.0,
fixed,1,2329,0.693721354007721,0.0,0.007453955244272947,0.0699995756149292,0.7184482216835022,4,0.5,
fixed,1,2330,1.429709792137146,0.0,0.011231862008571625,0.05111086368560791,1.4506590366363525,4,0.5,3.324089765548706
fixed,1,2331,1.0836490392684937,0.03880610689520836,0.015658220276236534,0.16674566268920898,1.160904884338379,4,0.75,
fixed,1,2332,0.8434710502624512,0.028080472722649574,0.0016402984037995338,0.06651794910430908,0.8782868385314941,4,0.5,
fixed,1,2333,1.2775708436965942,0.03869711235165596,0.004083951935172081,0.049732089042663574,1.3138810396194458,4,0.5,
fixed,1,2334,1.4175678491592407,2.783040145004634e-06,0.0038188002072274685,0.04562950134277344,1.4331674575805664,4,0.25,
fixed,1,2335,0.6670547127723694,0.04200262203812599,0.00780249061062932,0.2251889705657959,0.7595139741897583,4,0.75,1.2520400285720825
fixed,1,2336,1.0695877075195312,3.659409412648529e-05,0.006431298796087503,0.05381500720977783,1.0889661312103271,4,0.25,
fixed,1,2337,1.1008285284042358,0.03219103068113327,0.011432832106947899,0.14565348625183105,1.1663365364074707,4,0.75,
fixed,1,2338,1.018907904624939,0.0020752304699271917,0.011386171914637089,0.05065751075744629,1.0408358573913574,4,0.5,
fixed,1,2339,1.2263712882995605,0.0,0.041851263493299484,0.2563941478729248,1.3242151737213135,4,1.0,
fixed,1,2340,0.8290280103683472,0.0091166403144598,0.010023313574492931,0.040152549743652344,0.8506437540054321,4,0.5,0.9928955435752869
fixed,1,2341,1.0522828102111816,0.0,0.01573270559310913,0.06643843650817871,1.0800807476043701,4,0.5,
fixed,1,2342,1.9323992729187012,0.02234099619090557,0.020511962473392487,0.17229855060577393,2.0055153369903564,4,0.75,
fixed,1,2343,0.7837787866592407,0.0,0.008223476819694042,0.04029250144958496,0.7999782562255859,4,0.25,
fixed,1,2344,0.7054252028465271,0.0,0.022460635751485825,0.07122325897216797,0.73802250623703,4,0.5,
fixed,1,2345,0.6747840046882629,0.009716284461319447,0.03932034596800804,0.07938075065612793,0.7231165170669556,4,0.75,4.112220764160156
fixed,1,2346,0.7704871296882629,0.0,0.020674776285886765,0.040354013442993164,0.7929307222366333,4,0.5,
fixed,1,2347,1.24751615524292,0.015524816699326038,0.021532976999878883,0.1143413782119751,1.3003474473953247,4,0.5,
fixed,1,2348,0.3527594208717346,0.0,0.03220203518867493,0.09299182891845703,0.39675799012184143,4,0.75,
fixed,1,2349,0.4517521262168884,0.0,0.026174210011959076,0.09671390056610107,0.4938533902168274,4,0.5,
fixed,1,2350,1.588135838508606,0.035657912492752075,0.03626648336648941,0.12565135955810547,1.6617934703826904,4,1.0,2.2050156593322754
fixed,1,2351,1.0483803749084473,0.0,0.027998395264148712,0.10056889057159424,1.092550277709961,4,0.5,
fixed,1,2352,0.4479278326034546,0.0,0.010094436816871166,0.18461072444915771,0.5083582401275635,4,0.25,
fixed,1,2353,1.2093182802200317,0.0,0.0134971858933568,0.19608688354492188,1.2748929262161255,4,0.25,
fixed,1,2354,0.6128235459327698,0.0,0.012304381467401981,0.06282210350036621,0.6378223896026611,4,0.25,
fixed,1,2355,1.0980637073516846,0.0,0.01626620441675186,0.0580441951751709,1.123610019683838,4,0.5,4.354286193847656
fixed,1,2356,0.6109539866447449,0.0,0.026334363967180252,0.08833789825439453,0.650622546672821,4,0.25,
fixed,1,2357,0.6441753506660461,0.007490407209843397,0.03381577134132385,0.15703368186950684,0.7119385600090027,4,1.0,
fixed,1,2358,0.49702489376068115,0.0,0.010092467069625854,0.10949587821960449,0.5349199175834656,4,0.25,
fixed,1,2359,1.2005887031555176,0.029648713767528534,0.020718472078442574,0.1071627140045166,1.2579210996627808,4,0.75,
fixed,1,2360,1.044695496559143,0.0,0.008368847891688347,0.0423731803894043,1.0615918636322021,4,0.25,2.2941391468048096
fixed,1,2361,1.1056807041168213,0.02307361736893654,0.0057577770203351974,0.048041343688964844,1.1345088481903076,4,0.5,
fixed,1,2362,0.9636810421943665,0.024509169161319733,0.0009935954585671425,0.1073693037033081,1.0086432695388794,4,0.25,
fixed,1,2363,0.46367359161376953,0.0,0.015646379441022873,0.057570815086364746,0.4887680411338806,4,0.5,
fixed,1,2364,1.1447209119796753,0.0,0.04239305108785629,0.24019861221313477,1.2379770278930664,4,1.0,
fixed,1,2365,0.3948257863521576,0.0,0.02593948319554329,0.11479175090789795,0.44223305583000183,4,0.75,6.601677894592285
fixed,1,2366,1.6816012859344482,0.0,0.023378830403089523,0.21843767166137695,1.758821964263916,4,0.75,
fixed,1,2367,1.4189021587371826,0.02614813856780529,0.0020755017176270485,0.050318002700805664,1.4481093883514404,4,0.25,
fixed,1,2368,0.7549205422401428,0.0,0.027958542108535767,0.12444353103637695,0.8062328696250916,4,0.75,
fixed,1,2369,0.6079139113426208,0.011867417953908443,0.0011486117728054523,0.19417619705200195,0.6726747751235962,4,0.25,
fixed,1,2370,1.3378233909606934,0.008138311095535755,0.015753915533423424,0.09354686737060547,1.377833604812622,4,0.75,2.3565406799316406
fixed,1,2371,1.0289173126220703,0.0,0.014739801175892353,0.051355600357055664,1.0516939163208008,4,0.25,
fixed,1,2372,1.6488728523254395,0.0,0.015945687890052795,0.07453751564025879,1.6792069673538208,4,0.5,
fixed,1,2373,1.1529912948608398,0.0,0.0013334283139556646,0.437137246131897,1.2847992181777954,4,0.0,
fixed,1,2374,0.606172502040863,0.0,0.05322565510869026,0.2263108491897583,0.7006785869598389,4,0.75,
fixed,1,2375,0.7514711618423462,0.0,0.020365843549370766,0.14036047458648682,0.8037621974945068,4,0.75,5.7434868812561035
fixed,1,2376,0.6953725814819336,0.0,0.0017520261462777853,0.25800538063049316,0.7736502289772034,4,0.0,
fixed,1,2377,1.2184594869613647,0.021120978519320488,0.030128009617328644,0.2583034038543701,1.3215750455856323,4,1.0,
fixed,1,2378,0.5452134013175964,0.026063254103064537,0.009557876735925674,0.04676055908203125,0.577052116394043,4,0.5,
fixed,1,2379,0.3859839141368866,0.0,0.016588417813181877,0.05935859680175781,0.41208571195602417,4,0.5,
fixed,1,2380,0.6670459508895874,0.022320536896586418,0.0004933267482556403,0.10211741924285889,0.7090880870819092,4,0.25,3.5497050285339355
fixed,1,2381,1.1813896894454956,0.0,0.01888057217001915,0.0643848180770874,1.2101454734802246,4,0.25,
fixed,1,2382,1.6506659984588623,0.0,0.020161939784884453,0.044363975524902344,1.6740561723709106,4,0.5,
fixed,1,2383,1.2082059383392334,0.0,0.024097725749015808,0.10966324806213379,1.2531538009643555,4,0.75,
fixed,1,2384,0.39829376339912415,0.010245050303637981,0.009322312660515308,0.06727802753448486,0.428260862827301,4,0.5,
fixed,1,2385,1.4276503324508667,0.0,0.0231577530503273,0.1341465711593628,1.4794732332229614,4,0.75,6.472649574279785
fixed,1,2386,0.8571515083312988,0.0,0.04937282204627991,0.19890618324279785,0.9415097832679749,4,1.0,
fixed,1,2387,0.8599773645401001,0.0,0.005730247590690851,0.12543845176696777,0.9004740118980408,4,0.25,
fixed,1,2388,1.0999573469161987,0.03812791407108307,0.014215035364031792,0.1190493106842041,1.1618436574935913,4,0.75,
fixed,1,2389,0.49045222997665405,0.0,0.01798655465245247,0.06442952156066895,0.5187743902206421,4,0.5,
fixed,1,2390,0.3633407652378082,0.0,0.021582268178462982,0.06120491027832031,0.3924933671951294,4,0.5,5.289271354675293
fixed,1,2391,1.0709649324417114,0.015813881531357765,0.010411464609205723,0.07570028305053711,1.1067876815795898,4,0.5,
fixed,1,2392,0.7822312712669373,0.0,0.009418042376637459,0.13183224201202393,0.8264899849891663,4,0.25,
fixed,1,2393,0.5781533718109131,0.0,0.018320461735129356,0.054659485816955566,0.6037114262580872,4,0.5,
fixed,1,2394,0.4458453357219696,0.007894163019955158,0.0006222844240255654,0.18529772758483887,0.5056928992271423,4,0.25,
fixed,1,2395,0.8475450277328491,0.0,0.0008440607343800366,0.3506690263748169,0.9531677961349487,4,0.0,1.5417232513427734
fixed,1,2396,0.8572316765785217,0.0,0.028787583112716675,0.0342257022857666,0.8818931579589844,4,0.5,
fixed,1,2397,1.040997862815857,0.0,0.01486982498317957,0.0469362735748291,1.0625137090682983,4,0.5,
fixed,1,2398,1.1810414791107178,2.6914804038824514e-06,0.014776496216654778,0.0337907075881958,1.198568344116211,4,0.5,
fixed,1,2399,1.1838173866271973,0.0,0.015460200607776642,0.03281378746032715,1.201391577720642,4,0.5,
fixed,1,2400,0.4692274332046509,0.0,0.01523242611438036,0.17179334163665771,0.5283816456794739,4,0.75,4.953171730041504
fixed,1,2401,0.4085628092288971,0.0,0.022187862545251846,0.05208563804626465,0.435282438993454,4,0.5,
fixed,1,2402,0.8441852927207947,0.0,0.014417354017496109,0.1822681427001953,0.9060744047164917,4,0.75,
fixed,1,2403,0.9776601791381836,1.3660596778208856e-05,0.02167275920510292,0.14529037475585938,1.0320905447006226,4,0.75,
fixed,1,2404,1.0577542781829834,4.215830267639831e-05,0.00560064846649766,0.0520024299621582,1.076176404953003,4,0.25,
fixed,1,2405,1.1550668478012085,0.0,0.007858267985284328,0.05405843257904053,1.1752134561538696,4,0.25,2.213357448577881
fixed,1,2406,0.975233793258667,0.020460715517401695,0.028687525540590286,0.2975715398788452,1.0890793800354004,4,1.0,
fixed,1,2407,1.230352759361267,0.0,0.00922282226383686,0.08829140663146973,1.2614516019821167,4,0.5,
fixed,1,2408,0.9345133900642395,0.035215653479099274,0.0001556773786433041,0.10723304748535156,0.9843689799308777,4,0.25,
fixed,1,2409,0.6265076398849487,0.0,0.02010244131088257,0.056915283203125,0.6536334753036499,4,0.5,
fixed,1,2410,0.5913324952125549,0.0,0.011754521168768406,0.09319567680358887,0.6251684427261353,4,0.5,3.5995304584503174
fixed,1,2411,0.4695567190647125,0.0,0.02737182006239891,0.14191818237304688,0.5258181095123291,4,0.75,
fixed,1,2412,1.2046661376953125,0.0,0.005553088616579771,0.13745200634002686,1.2486783266067505,4,0.25,
fixed,1,2413,0.9672010540962219,0.0,0.03139615058898926,0.13122129440307617,1.0222655534744263,4,0.75,
fixed,1,2414,1.2887457609176636,0.0,0.009064367040991783,0.08031702041625977,1.3173730373382568,4,0.5,
fixed,1,2415,0.7017508149147034,0.0,0.01663423702120781,0.1580716371536255,0.7574894428253174,4,0.25,3.9549787044525146
fixed,1,2416,1.17406165599823,0.033909209072589874,0.004151672590523958,0.079184889793396,1.216847538948059,4,0.5,
fixed,1,2417,0.7180597186088562,0.0,0.011487094685435295,0.20197820663452148,0.7843967080116272,4,0.75,
fixed,1,2418,0.9636136293411255,0.01893153041601181,0.0003473730175755918,0.11954712867736816,1.0091172456741333,4,0.25,
fixed,1,2419,0.8848223090171814,0.06849466264247894,0.020092863589525223,0.13218474388122559,0.9687715172767639,4,0.75,
fixed,1,2420,0.5765995383262634,0.0,0.007679395377635956,0.09591150283813477,0.6092126965522766,4,0.5,2.552377223968506
fixed,1,2421,0.7434614896774292,0.0,0.013614334166049957,0.07142162322998047,0.7716951370239258,4,0.5,
fixed,1,2422,0.7861420512199402,0.02932983636856079,0.00028840883169323206,0.056791067123413086,0.8179885149002075,4,0.5,
fixed,1,2423,0.5286224484443665,0.0,0.0045730299316346645,0.09525275230407715,0.5594847798347473,4,0.25,
fixed,1,2424,0.9529845118522644,0.0,0.0068351589143276215,0.10428726673126221,0.9876883029937744,4,0.25,
fixed,1,2425,0.6247618794441223,0.017124420031905174,0.020877694711089134,0.27413904666900635,0.7260046601295471,4,1.0,2.726071834564209
fixed,1,2426,1.294374704360962,0.0,0.016159482300281525,0.052726030349731445,1.3182722330093384,4,0.5,
fixed,1,2427,1.1293244361877441,0.0,0.007474114187061787,0.08757221698760986,1.1593331098556519,4,0.25,
fixed,1,2428,1.4701961278915405,0.0,0.0008922895649448037,0.3601263761520386,1.578680157661438,4,0.0,
fixed,1,2429,1.2016240358352661,0.02256464585661888,0.03054402396082878,0.06875383853912354,1.2488045692443848,4,0.75,
fixed,1,2430,0.5797282457351685,0.017489545047283173,0.007910406216979027,0.03779792785644531,0.6037675738334656,4,0.5,1.5143853425979614
fixed,1,2431,0.695709228515625,0.0,0.028091764077544212,0.09531795978546143,0.738350510597229,4,0.75,
fixed,1,2432,0.9650396704673767,0.0,0.019006622955203056,0.04152941703796387,0.9870017766952515,4,0.5,
fixed,1,2433,0.5195834040641785,0.0,0.013548638671636581,0.03826248645782471,0.537836492061615,4,0.5,
fixed,1,2434,0.8961835503578186,0.027304580435156822,0.010911081917583942,0.03127861022949219,0.9246749877929688,4,0.5,
fixed,1,2435,1.0038931369781494,0.0,0.015072857961058617,0.03321242332458496,1.0213932991027832,4,0.5,4.21609354019165
fixed,1,2436,1.7816308736801147,0.005165524315088987,0.031991034746170044,0.13611483573913574,1.8410435914993286,4,0.75,
fixed,1,2437,0.5036677122116089,0.0,0.02438751980662346,0.04279637336730957,0.5287004113197327,4,0.5,
fixed,1,2438,1.1860936880111694,0.0,0.010998696088790894,0.12510478496551514,1.2291244268417358,4,0.25,
fixed,1,2439,0.9642463326454163,0.0,0.06142552196979523,0.14951705932617188,1.0398142337799072,4,0.75,
fixed,1,2440,1.1647002696990967,0.0,0.009793128818273544,0.12393391132354736,1.2067769765853882,4,0.25,2.5658702850341797
fixed,1,2441,2.419005870819092,0.0,0.0002716207236517221,0.3778640031814575,2.532500982284546,4,0.0,
fixed,1,2442,0.5280832648277283,0.02434604987502098,0.005542080849409103,0.06215643882751465,0.5616742372512817,4,0.5,
fixed,1,2443,0.7690091133117676,0.0,0.06385040283203125,0.06118202209472656,0.8192889094352722,4,0.75,
fixed,1,2444,0.3856950104236603,0.0,0.014755692332983017,0.061089277267456055,0.41139963269233704,4,0.5,
fixed,1,2445,0.4456442594528198,0.0,0.035235922783613205,0.09967505931854248,0.4931647479534149,4,0.75,8.268247604370117
fixed,1,2446,0.3994190990924835,0.0,0.03249211236834526,0.1078634262084961,0.448024183511734,4,0.75,
fixed,1,2447,0.85541832447052,0.0,0.005465691443532705,0.0912318229675293,0.8855206966400146,4,0.25,
fixed,1,2448,1.1186965703964233,0.0,0.013986265286803246,0.1831984519958496,1.1806492805480957,4,0.75,
fixed,1,2449,0.5633619427680969,5.936187335464638e-06,0.003526291809976101,0.05854690074920654,0.5826921463012695,4,0.25,
fixed,1,2450,0.7883328795433044,0.014099967665970325,0.004018498118966818,0.05291128158569336,0.8132655024528503,4,0.5,2.3509185314178467
fixed,1,2451,1.0793439149856567,0.026966076344251633,6.515850600408157e-06,0.07273507118225098,1.1146507263183594,4,0.25,
fixed,1,2452,1.0533952713012695,0.02757416106760502,1.631624581932556e-05,0.07737970352172852,1.0904043912887573,4,0.25,
fixed,1,2453,0.7861120104789734,0.0,0.0027719163335859776,0.07655620574951172,0.8104648590087891,4,0.25,
fixed,1,2454,0.908653736114502,0.0,0.012430024333298206,0.11182212829589844,0.9484153985977173,4,0.25,
fixed,1,2455,0.6476836204528809,0.0,0.004376078490167856,0.09614348411560059,0.6787146925926208,4,0.25,1.5733217000961304
fixed,1,2456,0.3264819383621216,0.0,0.026802556589245796,0.4180809259414673,0.4653075039386749,4,1.0,
fixed,1,2457,1.1155095100402832,0.0,0.0032489399891346693,0.09189724922180176,1.1447031497955322,4,0.25,
fixed,1,2458,0.8568456768989563,0.03393545374274254,0.003345699515193701,0.07992100715637207,0.8994625806808472,4,0.5,
fixed,1,2459,0.8388491272926331,1.916393443934794e-07,0.01129415538161993,0.23200130462646484,0.9140967130661011,4,0.75,
fixed,1,2460,1.1120710372924805,0.0,0.009648528881371021,0.08425462245941162,1.1421717405319214,4,0.5,3.0865767002105713
fixed,1,2461,0.3402453660964966,0.0,0.004447628743946552,0.07955789566040039,0.36633655428886414,4,0.25,
fixed,1,2462,0.9606384038925171,0.0,0.0001362086768494919,0.3295562267303467,1.0595734119415283,4,0.0,
fixed,1,2463,1.0477782487869263,0.01502898894250393,0.03551662713289261,0.08323156833648682,1.0980205535888672,4,0.75,
fixed,1,2464,1.1335937976837158,0.034577760845422745,0.01095395628362894,0.18255233764648438,1.211125373840332,4,0.75,
fixed,1,2465,1.018934965133667,0.0,0.017499549314379692,0.17067265510559082,1.0788865089416504,4,0.75,5.477295398712158
fixed,1,2466,0.9795266389846802,0.0,0.016392691060900688,0.16574478149414062,1.03744637966156,4,0.75,
fixed,1,2467,0.5848326683044434,0.008932272903621197,0.020674536004662514,0.09022915363311768,0.6267048120498657,4,0.75,
fixed,1,2468,0.9580153226852417,0.0,0.014345059171319008,0.04962170124053955,0.9800743460655212,4,0.5,
fixed,1,2469,0.7553380131721497,0.0,0.0016306171892210841,0.23394978046417236,0.8263382911682129,4,0.0,
fixed,1,2470,0.38709577918052673,0.0,0.022158293053507805,0.12227261066436768,0.43485671281814575,4,0.75,6.47051477432251
fixed,1,2471,0.4453994035720825,0.0,0.004841201473027468,0.09710049629211426,0.47695016860961914,4,0.25,
fixed,1,2472,0.49703794717788696,0.0,0.006987921893596649,0.04880118370056152,0.5151722431182861,4,0.25,
fixed,1,2473,0.36252638697624207,0.0,0.027221258729696274,0.06839358806610107,0.3966550827026367,4,0.5,
fixed,1,2474,0.590970516204834,0.0,0.015276049263775349,0.0683368444442749,0.619109570980072,4,0.5,
fixed,1,2475,0.8994380235671997,0.0,0.014195114374160767,0.059479713439941406,0.9243794679641724,4,0.5,4.27700662612915
fixed,1,2476,0.9253243207931519,0.0,0.027273310348391533,0.11026298999786377,0.9720398783683777,4,0.75,
fixed,1,2477,0.6817739009857178,0.0,0.012451151385903358,0.06406450271606445,0.7072188258171082,4,0.5,
fixed,1,2478,1.1502176523208618,0.021978182718157768,0.006122795399278402,0.06301617622375488,1.1831729412078857,4,0.5,
fixed,1,2479,0.6345270872116089,0.0,0.0063218288123607635,0.14489281177520752,0.6811558604240417,4,0.25,
fixed,1,2480,1.5516784191131592,0.0,0.0007294243550859392,0.3944278955459595,1.6703715324401855,4,0.0,1.2475364208221436
fixed,1,2481,1.0148861408233643,0.0,0.007252085022628307,0.11288046836853027,1.0523762702941895,4,0.25,
fixed,1,2482,1.1679795980453491,0.0,0.010970231145620346,0.055306196212768555,1.190056562423706,4,0.5,
fixed,1,2483,0.8176896572113037,0.0,0.0016540304059162736,0.21762824058532715,0.8838051557540894,4,0.0,
fixed,1,2484,0.8652411699295044,0.0,0.02732340805232525,0.1047980785369873,0.910342276096344,4,0.75,
fixed,1,2485,1.420562505722046,0.0337301529943943,0.00034196447813883424,0.06168699264526367,1.4561046361923218,4,0.25,3.9309186935424805
fixed,1,2486,0.6562957167625427,0.0,0.007794449105858803,0.04895377159118652,0.6748790740966797,4,0.5,
fixed,1,2487,1.0175516605377197,0.0,0.007516532205045223,0.05758190155029297,1.0385844707489014,4,0.5,
fixed,1,2488,0.35806804895401,2.200734343205113e-05,0.011625583283603191,0.09668838977813721,0.3928983509540558,4,0.5,
fixed,1,2489,0.9852188229560852,0.03551327437162399,0.004132235422730446,0.05280947685241699,1.020884394645691,4,0.5,
fixed,1,2490,0.893864631652832,0.0,0.0008576534455642104,0.1331406831741333,0.934235692024231,4,0.0,0.8025556802749634
fixed,1,2491,0.8621821999549866,0.0,0.0004212188068777323,0.29915082454681396,0.9521380662918091,4,0.0,
fixed,1,2492,0.6520736217498779,0.034948285669088364,0.004052101168781519,0.05971705913543701,0.68948894739151,4,0.5,
fixed,1,2493,0.8706812858581543,0.0,0.009946445003151894,0.08519542217254639,0.9012131094932556,4,0.5,
fixed,1,2494,0.599332869052887,0.0,0.0038180695846676826,0.08767187595367432,0.6275434494018555,4,0.25,
fixed,1,2495,0.546029269695282,0.0,0.00028586797998286784,0.3229985237121582,0.6430717706680298,4,0.0,0.7773596048355103
fixed,1,2496,0.5360921025276184,0.0,0.013605143874883652,0.3244844675064087,0.6402400135993958,4,0.75,
fixed,1,2497,1.0146336555480957,0.03073369711637497,0.009168406948447227,0.17614102363586426,1.087427020072937,4,0.75,
fixed,1,2498,0.9210222363471985,0.0,0.015860097482800484,0.15876173973083496,0.976580798625946,4,0.75,
fixed,1,2499,0.7726614475250244,0.013637599535286427,0.004989068955183029,0.049587249755859375,0.7968509793281555,4,0.5,
fixed,1,2500,1.3136190176010132,0.0,0.0002563739544712007,0.33432674407958984,1.4140452146530151,4,0.0,0.7136751413345337
fixed,1,2501,0.6540389657020569,0.019527064636349678,0.025305751711130142,0.09179246425628662,0.7039931416511536,4,0.75,
fixed,1,2502,0.7274389266967773,0.0,0.009258086793124676,0.06889235973358154,0.7527356743812561,4,0.5,
fixed,1,2503,0.3113689422607422,0.0,0.015821313485503197,0.03914010524749756,0.33102163672447205,4,0.5,
fixed,1,2504,0.9303674697875977,0.0,0.007786754984408617,0.09554708003997803,0.9629249572753906,4,0.25,
fixed,1,2505,1.2052221298217773,0.0,0.009676977060735226,0.09072303771972656,1.2372775077819824,4,0.25,2.470930337905884
fixed,1,2506,1.1034778356552124,0.0,0.038346074521541595,0.029939889907836914,1.1316328048706055,4,0.5,
fixed,1,2507,0.5638474225997925,0.012652752920985222,0.018530884757637978,0.1479647159576416,0.623828649520874,4,0.75,
fixed,1,2508,1.2708024978637695,0.0,0.007199079263955355,0.08586382865905762,1.3001612424850464,4,0.25,
fixed,1,2509,0.6243050694465637,0.0,0.006913693156093359,0.08446300029754639,0.6531007885932922,4,0.25,
fixed,1,2510,0.6523675918579102,0.011454151943325996,0.01608903519809246,0.08438372611999512,0.691454291343689,4,0.75,1.989714503288269
fixed,1,2511,0.8440344333648682,0.0,0.016585685312747955,0.0443120002746582,0.8656208515167236,4,0.5,
fixed,1,2512,0.6854637265205383,0.0,0.02805641107261181,0.33732640743255615,0.8006898760795593,4,1.0,
fixed,1,2513,1.0411486625671387,0.0,0.04274813458323479,0.07509613037109375,1.0850515365600586,4,0.75,
fixed,1,2514,0.6434642672538757,0.0,0.025811046361923218,0.21069300174713135,0.7195776700973511,4,0.75,
fixed,1,2515,1.2135249376296997,8.981538712760084e-08,0.011236446909606457,0.05045366287231445,1.2342792749404907,4,0.5,3.427947521209717
fixed,1,2516,0.925886869430542,0.0,0.020832981914281845,0.03416633605957031,0.9465532898902893,4,0.5,
fixed,1,2517,0.7482590079307556,0.026897625997662544,0.03497366979718208,0.24752700328826904,0.853452742099762,4,1.0,
fixed,1,2518,1.2637345790863037,0.0,0.0010031531564891338,0.18855953216552734,1.3208039999008179,4,0.0,
fixed,1,2519,1.0326690673828125,0.0,0.006975642405450344,0.08237433433532715,1.0608692169189453,4,0.25,
fixed,1,2520,0.8056615591049194,0.0,0.008817987516522408,0.09161460399627686,0.837554931640625,4,0.25,2.376892566680908
fixed,1,2521,1.1391880512237549,0.0,0.023525452241301537,0.05684340000152588,1.168003797531128,4,0.5,
fixed,1,2522,0.7067422270774841,0.02524079941213131,0.030170902609825134,0.27154040336608887,0.8159102201461792,4,1.0,
fixed,1,2523,1.100032091140747,0.0,0.017881078645586967,0.05514967441558838,1.12551748752594,4,0.5,
fixed,1,2524,1.2226958274841309,0.0,0.00014448184811044484,0.3133714199066162,1.3167794942855835,4,0.0,
fixed,1,2525,0.8086296916007996,0.0,0.021952472627162933,0.14399957656860352,0.8628057837486267,4,0.75,6.4811859130859375
fixed,1,2526,0.6734335422515869,0.0,0.01712729223072529,0.057628631591796875,0.6992858052253723,4,0.5,
fixed,1,2527,1.1296130418777466,0.0,0.0063148676417768,0.09459948539733887,1.161150336265564,4,0.25,
fixed,1,2528,0.9846364855766296,0.013710305094718933,0.007498313207179308,0.06286275386810303,1.0140995979309082,4,0.5,
fixed,1,2529,0.9584019780158997,4.297084615245694e-06,0.0042373365722596645,0.07031869888305664,0.9816184043884277,4,0.25,
fixed,1,2530,1.3679978847503662,0.0,0.022938698530197144,0.13850951194763184,1.4210200309753418,4,0.75,6.613890647888184
fixed,1,2531,1.3140795230865479,0.0,2.553844024077989e-05,0.2914837598800659,1.4015374183654785,4,0.0,
fixed,1,2532,1.0781586170196533,8.643594810564537e-06,0.010670935735106468,0.0427248477935791,1.096315860748291,4,0.25,
fixed,1,2533,1.2944985628128052,3.0004508516867645e-05,0.013203702867031097,0.059061527252197266,1.318833827972412,4,0.5,
fixed,1,2534,0.5840753316879272,1.2408542033881531e-06,0.03052988275885582,0.03408348560333252,0.6095659136772156,4,0.5,
fixed,1,2535,1.4219443798065186,0.025390369817614555,0.007681549526751041,0.06823885440826416,1.4589519500732422,4,0.5,2.0381999015808105
fixed,1,2536,1.2410458326339722,0.015306884422898293,0.014152558520436287,0.06999242305755615,1.2767733335494995,4,0.5,
fixed,1,2537,0.6286947727203369,3.6223293253812017e-09,0.019594337791204453,0.16473925113677979,0.687913715839386,4,0.75,
fixed,1,2538,0.6995022892951965,0.025921033695340157,0.006189502775669098,0.08151900768280029,0.7400132417678833,4,0.5,
fixed,1,2539,0.776249885559082,0.028663042932748795,0.01113007590174675,0.07314634323120117,0.8180903196334839,4,0.5,
fixed,1,2540,0.7587477564811707,1.7909355847223196e-06,0.009486802853643894,0.1187281608581543,0.7991105318069458,4,0.25,2.588744878768921
fixed,1,2541,1.1725155115127563,9.48849265824947e-09,0.02024327591061592,0.17060434818267822,1.2338184118270874,4,0.75,
fixed,1,2542,0.909660816192627,0.0,0.01342372689396143,0.07875585556030273,0.9399994611740112,4,0.5,
fixed,1,2543,1.007660984992981,7.057411949062953e-06,0.0010990219889208674,0.2101757526397705,1.071266770362854,4,0.0,
fixed,1,2544,0.6232494711875916,0.0,0.022246386855840683,0.06973814964294434,0.6552941203117371,4,0.25,
fixed,1,2545,1.0881034135818481,0.00440181465819478,0.012700101360678673,0.1002953052520752,1.126742959022522,4,0.5,2.8233044147491455
fixed,1,2546,1.268518328666687,0.0,0.0213577002286911,0.1756380796432495,1.3318885564804077,4,0.5,
fixed,1,2547,0.6767138838768005,0.0,0.000366610154742375,0.33719348907470703,0.7780552506446838,4,0.0,
fixed,1,2548,0.6856365203857422,0.0,0.014927133917808533,0.06048011779785156,0.7112441062927246,4,0.5,
fixed,1,2549,0.48922044038772583,0.0,0.002146175131201744,0.18655872344970703,0.5462611317634583,4,0.0,
fixed,1,2550,0.9484848380088806,0.0,0.03796641528606415,0.10634040832519531,0.9993701577186584,4,0.75,8.363805770874023
fixed,1,2551,1.2085613012313843,0.005249967332929373,0.0046657994389534,0.06590878963470459,1.2332918643951416,4,0.25,
fixed,1,2552,0.23376595973968506,0.0,0.005719583481550217,0.09478116035461426,0.26506009697914124,4,0.25,
fixed,1,2553,0.8805166482925415,0.0,0.00048271589912474155,0.2982203960418701,0.970224142074585,4,0.0,
fixed,1,2554,0.27206605672836304,0.0,0.00778622692450881,0.027938008308410645,0.2843405604362488,4,0.25,
fixed,1,2555,0.9782657623291016,0.0,0.008523679338395596,0.0689079761505127,1.0032000541687012,4,0.5,2.9886770248413086
fixed,1,2556,0.7169800400733948,0.0,0.007098275236785412,0.027637720108032227,0.7288205027580261,4,0.25,
fixed,1,2557,0.6942049264907837,0.0,0.011770273558795452,0.03458666801452637,0.7104660868644714,4,0.25,
fixed,1,2558,1.1921013593673706,0.0,0.01845804788172245,0.06109046936035156,1.21965754032135,4,0.5,
fixed,1,2559,0.8072287440299988,3.113376578767202e-06,0.013988487422466278,0.22181189060211182,0.8807681202888489,4,0.75,
fixed,1,2560,1.1330664157867432,0.0335727222263813,0.006801541429013014,0.3310239315032959,1.2525607347488403,4,1.0,5.361393928527832
fixed,1,2561,1.2137805223464966,1.1999904927506577e-05,0.007415774744004011,0.08421897888183594,1.2427600622177124,4,0.5,
fixed,1,2562,1.617007851600647,0.022520719096064568,0.005117314867675304,0.08282899856567383,1.6556755304336548,4,0.5,
fixed,1,2563,1.0850707292556763,0.02909586951136589,0.01851838268339634,0.20595979690551758,1.1706657409667969,4,0.75,
fixed,1,2564,0.8693765997886658,0.0,0.0066767362877726555,0.02932560443878174,0.8815126419067383,4,0.25,
fixed,1,2565,0.964586079120636,0.008182101882994175,0.03769119828939438,0.18275320529937744,1.0423487424850464,4,1.0,6.877337455749512
fixed,1,2566,0.9807778000831604,0.0,0.021179156377911568,0.07895314693450928,1.0150532722473145,4,0.5,
fixed,1,2567,0.9148887395858765,0.0,0.017362970858812332,0.045577406883239746,0.9372434616088867,4,0.5,
fixed,1,2568,0.6710001826286316,0.0,0.024476313963532448,0.13110756874084473,0.7225705981254578,4,0.75,
fixed,1,2569,0.8355637192726135,0.00013008063251618296,0.03562765195965767,0.10350775718688965,0.8844949007034302,4,0.75,
fixed,1,2570,0.5423991680145264,0.0,0.03709745779633522,0.1024634838104248,0.5916869640350342,4,0.75,9.396854400634766
fixed,1,2571,0.5178775787353516,0.0,0.009001475758850574,0.03960061073303223,0.5342584848403931,3,0.25,
fixed,1,2572,0.7874247431755066,0.026707720011472702,0.014128005132079124,0.1351228952407837,0.8483794927597046,4,0.75,
fixed,1,2573,0.9091140627861023,0.01615048199892044,0.0004679660778492689,0.15046656131744385,0.9625632762908936,4,0.25,
fixed,1,2574,0.8115798234939575,0.0,0.028428491204977036,0.09914064407348633,0.8555362820625305,4,0.5,
fixed,1,2575,0.9560957551002502,0.0,0.031739529222249985,0.10157263278961182,1.0024373531341553,4,0.5,6.482423305511475
fixed,1,2576,0.7106943130493164,0.0,0.047292862087488174,0.060590386390686035,0.7525178790092468,4,0.75,
fixed,1,2577,0.989902913570404,0.0016109447460621595,0.028889980167150497,0.16762173175811768,1.0554399490356445,4,0.25,
fixed,1,2578,1.2877542972564697,0.0,0.009723599068820477,0.16063714027404785,1.3408071994781494,4,0.25,
fixed,1,2579,0.9132282733917236,0.0,0.025859808549284935,0.10688567161560059,0.9582238793373108,4,0.75,
fixed,1,2580,0.8621013164520264,0.00011052364425268024,0.0005903257988393307,0.31462085247039795,0.9568380117416382,4,0.0,0.8133729696273804
fixed,1,2581,1.3274823427200317,0.00014047087461221963,0.004045879002660513,0.08099615573883057,1.3538743257522583,4,0.25,
fixed,1,2582,0.7017881274223328,0.0,0.02382388338446617,0.09563827514648438,0.7423915266990662,4,0.75,
fixed,1,2583,1.4933971166610718,0.0,0.015474596992135048,0.027468323707580566,1.5093748569488525,4,0.5,
fixed,1,2584,0.8596220016479492,0.0,0.010247395373880863,0.03469967842102051,0.8751556277275085,4,0.5,
fixed,1,2585,1.812402606010437,0.0,0.005897134076803923,0.05220937728881836,1.8310140371322632,4,0.25,1.8802151679992676
fixed,1,2586,0.5101370215415955,0.0,0.015648702159523964,0.46106839179992676,0.6562818884849548,4,1.0,
fixed,1,2587,0.9859551787376404,0.0,0.02140769176185131,0.39097660779953003,1.1139520406723022,4,1.0,
fixed,1,2588,0.7917910218238831,0.0,0.0031530677806586027,0.0388646125793457,0.8050269484519958,4,0.25,
fixed,1,2589,0.9710814356803894,0.03605520352721214,0.01107159536331892,0.03017127513885498,1.0036962032318115,4,0.5,
fixed,1,2590,1.34492027759552,0.01810145005583763,0.007077733986079693,0.13204431533813477,1.3971232175827026,4,0.75,1.9026082754135132
fixed,1,2591,0.7485508322715759,0.0,0.005095785018056631,0.06288397312164307,0.7699639201164246,4,0.25,
fixed,1,2592,0.9589569568634033,0.01968761347234249,0.008403051644563675,0.12705755233764648,1.0111196041107178,4,0.75,
fixed,1,2593,0.37564560770988464,0.0,0.0005659100716002285,0.17915773391723633,0.4296758770942688,4,0.0,
fixed,1,2594,1.3147032260894775,0.0,0.008622350171208382,0.05801820755004883,1.3364198207855225,4,0.5,
fixed,1,2595,0.8382209539413452,0.0,0.010395082645118237,0.057480573654174805,0.8606626987457275,4,0.5,3.1732311248779297
fixed,1,2596,0.8540465831756592,0.05877230688929558,0.0046460870653390884,0.13675415515899658,0.9267820119857788,4,0.75,
fixed,1,2597,0.3614540994167328,0.02455158904194832,0.02040620893239975,0.30367350578308105,0.47503507137298584,4,1.0,
fixed,1,2598,0.27176088094711304,0.0,0.001349106547422707,0.26376283168792725,0.35156428813934326,4,0.0,
fixed,1,2599,0.912102460861206,0.0,0.05706799030303955,0.041225314140319824,0.9530040621757507,4,0.25,
fixed,1,2600,0.5934707522392273,0.0004168583545833826,0.04166284576058388,0.0935821533203125,0.642585277557373,4,0.75,7.638844966888428
fixed,1,2601,0.8199208974838257,0.0,0.044607989490032196,0.09896886348724365,0.8719155788421631,4,0.25,
fixed,1,2602,1.0918396711349487,0.04697970300912857,0.012755587697029114,0.08308064937591553,1.1466314792633057,4,0.75,
fixed,1,2603,0.9936425089836121,0.0,0.027680743485689163,0.09386050701141357,1.035641074180603,4,0.75,
fixed,1,2604,1.023945927619934,0.0,0.014327612705528736,0.06646847724914551,1.0510503053665161,4,0.25,
fixed,1,2605,0.5782499313354492,0.0,0.003977922257035971,0.2254558801651001,0.6478756666183472,4,0.0,1.9585531949996948
fixed,1,2606,0.9393009543418884,0.0,0.03937523439526558,0.055661678314208984,0.9756870865821838,4,0.75,
fixed,1,2607,0.7999094724655151,0.038054462522268295,0.0007605486316606402,0.07270526885986328,0.8411285877227783,4,0.5,
fixed,1,2608,1.9636180400848389,0.0,0.0357307605445385,0.0793008804321289,2.0052735805511475,4,0.75,
fixed,1,2609,0.5021303296089172,0.02307308278977871,0.02207459881901741,0.07724118232727051,0.5478765368461609,4,0.75,
fixed,1,2610,1.615620493888855,0.0,0.0459166057407856,0.3610926866531372,1.7469066381454468,4,0.0,5.738959789276123
fixed,1,2611,1.8404287099838257,0.01556924544274807,0.0012291587190702558,0.20427632331848145,1.9101108312606812,4,0.25,
fixed,1,2612,0.5836473703384399,0.0,0.0273855272680521,0.03116893768310547,0.6066908240318298,4,0.5,
fixed,1,2613,0.5312236547470093,0.0,0.027600359171628952,0.15648353099822998,0.5919688940048218,4,0.5,
fixed,1,2614,0.5882329344749451,0.0,0.012365755625069141,0.04295384883880615,0.6073019504547119,4,0.25,
fixed,1,2615,1.1142736673355103,0.004924805834889412,0.011636675335466862,0.09527194499969482,1.151136040687561,4,0.5,1.5630711317062378
fixed,1,2616,1.1252931356430054,0.0,0.020402204245328903,0.04744458198547363,1.1497275829315186,4,0.5,
fixed,1,2617,0.639778196811676,0.01954304426908493,0.019067678600549698,0.10122823715209961,0.689452052116394,4,0.75,
fixed,1,2618,0.6696233153343201,0.0,0.027938496321439743,0.11436152458190918,0.7179009914398193,4,0.75,
fixed,1,2619,0.673696756362915,0.0,0.019352398812770844,0.06808280944824219,0.7037978172302246,4,0.5,
fixed,1,2620,0.3776295483112335,0.0,0.022506147623062134,0.0550462007522583,0.4053964912891388,4,0.5,5.505572319030762
fixed,1,2621,0.7828654646873474,0.0,0.0013446002267301083,0.32707273960113525,0.8816596269607544,4,0.0,
fixed,1,2622,0.48725637793540955,0.0,0.013450228609144688,0.05906355381011963,0.5117005705833435,4,0.25,
fixed,1,2623,0.857122540473938,0.0,0.009082834236323833,0.0978243350982666,0.8910112380981445,4,0.25,
fixed,1,2624,0.46808701753616333,4.491708386922255e-05,0.01886356994509697,0.11364388465881348,0.5116344094276428,4,0.25,
fixed,1,2625,1.022141933441162,0.0,0.01612955518066883,0.06090891361236572,1.048479437828064,4,0.5,4.386308193206787
fixed,1,2626,0.9398329854011536,0.0,0.005966718774288893,0.08371686935424805,0.9679313898086548,4,0.25,
fixed,1,2627,0.9747114777565002,0.025943581014871597,0.020604629069566727,0.33623194694519043,1.0988551378250122,4,1.0,
fixed,1,2628,1.0816831588745117,0.030240127816796303,0.0,0.05572652816772461,1.1135212182998657,4,0.25,
fixed,1,2629,0.4641813337802887,0.0,0.030889291316270828,0.3355642557144165,0.5802952647209167,4,1.0,
fixed,1,2630,1.1269322633743286,2.0428158677532338e-05,0.021712251007556915,0.05168592929840088,1.1533043384552002,4,0.5,5.175921440124512
fixed,1,2631,0.8204636573791504,0.0001483140658820048,0.019923890009522438,0.047475337982177734,0.8447423577308655,4,0.5,
fixed,1,2632,0.5578432679176331,0.00017196837870869786,0.007730724755674601,0.03310954570770264,0.571727454662323,4,0.25,
fixed,1,2633,1.3441481590270996,0.000265781010966748,0.0,0.2064903974533081,1.4062281847000122,4,0.0,
fixed,1,2634,0.9427608251571655,0.0191974900662899,0.004900182597339153,0.056055545806884766,0.971626341342926,4,0.5,
fixed,1,2635,0.6234821677207947,9.589779074303806e-05,0.013897305354475975,0.061656951904296875,0.6489758491516113,4,0.5,3.814901351928711
fixed,1,2636,1.4531924724578857,0.03318728506565094,0.005202474072575569,0.0648568868637085,1.4918444156646729,4,0.5,
fixed,1,2637,0.7741812467575073,0.04309559613466263,0.0,0.05925607681274414,0.8135058879852295,4,0.5,
fixed,1,2638,0.9349258542060852,0.0001276338443858549,0.007416450884193182,0.08564460277557373,0.96439129114151,4,0.25,
fixed,1,2639,0.8583517074584961,0.0,0.015443583950400352,0.06095623970031738,0.8843603730201721,4,0.5,
fixed,1,2640,1.2896686792373657,2.0802188373636454e-05,0.008499129675328732,0.04877948760986328,1.3085625171661377,4,0.25,2.199028730392456
fixed,1,2641,1.308477520942688,0.014333942905068398,1.8320321032661013e-05,0.12501442432403564,1.3531579971313477,4,0.25,
fixed,1,2642,0.43957656621932983,0.0,0.02241310477256775,0.11822092533111572,0.4862493872642517,4,0.75,
fixed,1,2643,1.652904987335205,1.9215372958569787e-05,0.006581579800695181,0.1097484827041626,1.6891299486160278,4,0.25,
fixed,1,2644,0.7446969151496887,1.0967907826398005e-07,0.00974136870354414,0.1156851053237915,0.7842732071876526,4,0.25,
fixed,1,2645,0.6140258312225342,0.027549434453248978,0.01951901987195015,0.12212467193603516,0.6741974353790283,4,0.75,1.0284041166305542
fixed,1,2646,0.5852432250976562,0.0,0.007691116537898779,0.1096569299697876,0.6219858527183533,4,0.25,
fixed,1,2647,1.0124675035476685,1.5113953850232065e-05,0.008761974051594734,0.08612751960754395,1.042694330215454,4,0.25,
fixed,1,2648,0.8691030144691467,0.0,0.015442591160535812,0.06164836883544922,0.8953188061714172,4,0.5,
fixed,1,2649,0.6212451457977295,0.0,0.03258712962269783,0.10410666465759277,0.6687707304954529,4,0.75,
fixed,1,2650,0.8937638401985168,0.0,0.024305088445544243,0.11888730525970459,0.9415825605392456,4,0.75,6.434978008270264
fixed,1,2651,0.9045711159706116,2.413378581422876e-07,0.018921630457043648,0.05490303039550781,0.9305029511451721,4,0.5,
fixed,1,2652,0.8700792193412781,0.0,0.013040867634117603,0.05828666687011719,0.8940856456756592,4,0.5,
fixed,1,2653,0.76065593957901,0.04100215062499046,0.023933622986078262,0.20627427101135254,0.8550060987472534,4,1.0,
fixed,1,2654,0.6585897207260132,0.016513923183083534,0.02525821328163147,0.2372283935546875,0.750644326210022,4,1.0,
fixed,1,2655,0.8708371520042419,0.0,0.01129056978970766,0.09911489486694336,0.9062169194221497,4,0.25,2.6802163124084473
fixed,1,2656,0.9897869825363159,0.0,0.02533252164721489,0.20280766487121582,1.063295602798462,4,0.75,
fixed,1,2657,1.231431007385254,0.0,0.014519843272864819,0.04243171215057373,1.251420497894287,4,0.5,
fixed,1,2658,1.0218867063522339,0.0,0.014358436688780785,0.04578220844268799,1.0428005456924438,4,0.5,
fixed,1,2659,0.9056962132453918,0.0,0.008815971203148365,0.09451353549957275,0.938458263874054,4,0.25,
fixed,1,2660,0.6120012998580933,0.0,0.030828183516860008,0.038713812828063965,0.6390295624732971,4,0.5,6.214423656463623
fixed,1,2661,0.7456105947494507,0.0,0.015374813228845596,0.03690934181213379,0.7643707990646362,4,0.5,
fixed,1,2662,0.6049243807792664,0.0,0.01798604056239128,0.04324483871459961,0.6268908381462097,4,0.5,
fixed,1,2663,0.9637964367866516,0.0,0.01323864609003067,0.12501919269561768,1.007921576499939,4,0.25,
fixed,1,2664,0.8460636734962463,0.0,0.01808873564004898,0.05732929706573486,0.8723068237304688,4,0.5,
fixed,1,2665,0.5437515377998352,0.0,0.03243744373321533,0.09731090068817139,0.5891635417938232,4,0.75,7.540513515472412
fixed,1,2666,0.7206305861473083,0.0,0.017054496333003044,0.053630828857421875,0.7452470660209656,4,0.5,
fixed,1,2667,0.3442576229572296,0.0703832134604454,0.00022403693583328277,0.10360968112945557,0.41064417362213135,3,0.75,
fixed,1,2668,1.013890266418457,0.02411510795354843,0.009298850782215595,0.04865217208862305,1.0451929569244385,4,0.5,
fixed,1,2669,1.5222549438476562,0.0,0.010965738445520401,0.07572746276855469,1.5504560470581055,4,0.5,
fixed,1,2670,0.9955511689186096,0.0,0.011682230979204178,0.07960295677185059,1.0252732038497925,4,0.5,3.636333703994751
fixed,1,2671,1.1030547618865967,0.03056928887963295,0.0016322177834808826,0.03774595260620117,1.130479335784912,4,0.25,
fixed,1,2672,0.6180568337440491,0.011379409581422806,0.027462944388389587,0.09419727325439453,0.6657372117042542,4,0.75,
fixed,1,2673,0.8341442346572876,0.0,0.020839793607592583,0.06893312931060791,0.8652440905570984,4,0.5,
fixed,1,2674,1.1152714490890503,0.0,0.01601157709956169,0.21907579898834229,1.1890000104904175,4,0.5,
fixed,1,2675,1.2657142877578735,0.0,0.02743171714246273,0.08549189567565918,1.3050776720046997,4,0.5,6.136819839477539
fixed,1,2676,0.6790936589241028,0.0,0.02222602441906929,0.21955764293670654,0.7560739517211914,4,0.75,
fixed,1,2677,0.5102207660675049,0.0,0.014161817729473114,0.07919096946716309,0.5410589575767517,4,0.5,
fixed,1,2678,0.7080515027046204,0.0,0.028486013412475586,0.09331488609313965,0.7502889633178711,4,0.5,
fixed,1,2679,0.3155888020992279,0.0,0.011216373182833195,0.04716897010803223,0.3353476822376251,4,0.25,
fixed,1,2680,0.8687111735343933,0.015276232734322548,0.005453707184642553,0.07872557640075684,0.9026938080787659,4,0.5,2.345452070236206
fixed,1,2681,0.8729584217071533,0.0,0.02265363372862339,0.03754281997680664,0.8955481052398682,4,0.5,
fixed,1,2682,0.5975534319877625,0.022583166137337685,0.019985686987638474,0.33198368549346924,0.7184329628944397,4,1.0,
fixed,1,2683,1.140641450881958,0.0,0.011126985773444176,0.07282781600952148,1.1680532693862915,4,0.5,
fixed,1,2684,0.5649779438972473,0.0,0.018476445227861404,0.2559143304824829,0.6509904861450195,4,0.75,
fixed,1,2685,0.4324778616428375,0.02553686685860157,0.024943649768829346,0.11805236339569092,0.4931338429450989,4,0.75,2.223702907562256
fixed,1,2686,1.2527276277542114,0.0,0.013426211662590504,0.06860244274139404,1.2800214290618896,4,0.5,
fixed,1,2687,0.6905447840690613,0.02596094086766243,0.00710252532735467,0.06927323341369629,0.7278584837913513,4,0.5,
fixed,1,2688,1.5296818017959595,0.017217926681041718,0.012767287902534008,0.12123000621795654,1.5810433626174927,4,0.75,
fixed,1,2689,0.6521638631820679,0.0,0.015777962282299995,0.05563497543334961,0.6767433285713196,4,0.5,
fixed,1,2690,0.5894238948822021,0.0,0.0030832644551992416,0.23804593086242676,0.6623793244361877,4,0.0,2.2167224884033203
fixed,1,2691,0.4731854796409607,0.0,0.013753599487245083,0.12292146682739258,0.5169387459754944,4,0.25,
fixed,1,2692,0.520563006401062,0.0,0.021414510905742645,0.03900134563446045,0.5429706573486328,4,0.5,
fixed,1,2693,0.7671148180961609,0.0,0.03462256118655205,0.09350085258483887,0.8124763369560242,4,0.75,
fixed,1,2694,0.5986426472663879,0.0,0.0429004468023777,0.2442150115966797,0.6933573484420776,4,1.0,
fixed,1,2695,0.4346550405025482,0.010597691871225834,0.028259092941880226,0.19667744636535645,0.5130866765975952,4,1.0,4.836745262145996
fixed,1,2696,1.364359736442566,0.0,0.0006549478857778013,0.3823225498199463,1.479383945465088,4,0.0,
fixed,1,2697,0.640565037727356,0.0,0.039213310927152634,0.07076072692871094,0.681399941444397,4,0.75,
fixed,1,2698,1.5171575546264648,0.0,0.03442182019352913,0.0735025405883789,1.5564192533493042,4,0.75,
fixed,1,2699,0.746869683265686,0.0,0.011128443293273449,0.09720909595489502,0.7815966606140137,4,0.25,
fixed,1,2700,0.6664460897445679,0.0,0.06267901510000229,0.13698983192443848,0.7388825416564941,4,1.0,12.681469917297363
fixed,1,2701,0.47795072197914124,0.02154126763343811,0.029941726475954056,0.21964406967163086,0.5695854425430298,4,1.0,
fixed,1,2702,0.9633196592330933,0.0,0.031048962846398354,0.28736555576324463,1.0650538206100464,4,1.0,
fixed,1,2703,0.9132900834083557,0.0,0.04993069916963577,0.1874074935913086,0.9944776892662048,4,1.0,
fixed,1,2704,0.9524502754211426,1.8153471614823502e-07,0.014734563417732716,0.028066635131835938,0.9682376384735107,4,0.5,
fixed,1,2705,0.7487865686416626,0.02669704705476761,0.01792532205581665,0.09075331687927246,0.7983237504959106,4,0.75,0.9781855344772339
fixed,1,2706,0.6325223445892334,0.010371311567723751,0.009276133961975574,0.0318598747253418,0.6519040465354919,4,0.5,
fixed,1,2707,0.5262237191200256,0.0,0.022809967398643494,0.028976917266845703,0.5463217496871948,4,0.5,
fixed,1,2708,0.5773090124130249,0.0,0.034126345068216324,0.07668030261993408,0.6173762679100037,4,0.75,
fixed,1,2709,0.775154709815979,0.0,0.021961968392133713,0.03932297229766846,0.7979325652122498,4,0.5,
fixed,1,2710,0.513857901096344,0.0,0.017291957512497902,0.04690384864807129,0.5365750193595886,4,0.5,4.7765793800354
fixed,1,2711,0.797279953956604,0.0,0.04788721725344658,0.1960439682006836,0.8800367712974548,4,1.0,
fixed,1,2712,0.5262464284896851,0.0,0.01832480914890766,0.15716087818145752,0.5825570821762085,4,0.25,
fixed,1,2713,0.4916402995586395,0.0,0.03324776515364647,0.08373904228210449,0.5333858728408813,4,0.75,
fixed,1,2714,0.9616876244544983,0.0,0.04044322296977043,0.07563269138336182,1.0045990943908691,4,0.75,
fixed,1,2715,1.1511273384094238,0.0,0.008595732040703297,0.11259675025939941,1.189204216003418,4,0.25,2.4106335639953613
fixed,1,2716,0.8736265301704407,0.0,0.001939246547408402,0.2538888454437256,0.9507628083229065,4,0.0,
fixed,1,2717,1.1289035081863403,0.026683460921049118,0.012211956083774567,0.13424324989318848,1.1886241436004639,4,0.75,
fixed,1,2718,0.17849485576152802,0.0,0.018298672512173653,0.05099368095397949,0.20294229686260223,4,0.5,
fixed,1,2719,0.9975931644439697,0.0,0.0016163026448339224,0.2057551145553589,1.060127854347229,4,0.0,
fixed,1,2720,0.8673567771911621,0.0,0.024393437430262566,0.36843442916870117,0.9900838136672974,4,1.0,7.510452747344971
fixed,1,2721,0.9165254831314087,0.0,0.0004684966988861561,0.3574780225753784,1.0240031480789185,4,0.0,
fixed,1,2722,1.3891561031341553,0.0,0.017449064180254936,0.0597684383392334,1.4158111810684204,4,0.25,
fixed,1,2723,0.8353542685508728,0.0,0.006944361142814159,0.09735620021820068,0.8680332899093628,4,0.25,
fixed,1,2724,1.3829044103622437,1.4619067769672256e-05,0.004425945691764355,0.07110893726348877,1.4064574241638184,4,0.25,
fixed,1,2725,0.8709754347801208,0.0,0.01036059483885765,0.08088600635528564,0.9004215598106384,4,0.5,3.40101957321167
fixed,1,2726,0.18953712284564972,0.0,0.013672980479896069,0.10885345935821533,0.22902965545654297,4,0.25,
fixed,1,2727,1.0831226110458374,0.0,0.00900851096957922,0.07558798789978027,1.110303282737732,4,0.5,
fixed,1,2728,1.2072691917419434,0.032248761504888535,0.0040935915894806385,0.07034707069396973,1.2465444803237915,4,0.5,
fixed,1,2729,0.6747966408729553,0.0,0.013184498064219952,0.18733787536621094,0.7375902533531189,4,0.75,
fixed,1,2730,1.0989583730697632,0.0,0.011940373107790947,0.0736546516418457,1.1270250082015991,4,0.5,3.7315239906311035
fixed,1,2731,1.401564359664917,0.0,0.0016685191076248884,0.1791452169418335,1.4561421871185303,4,0.0,
fixed,1,2732,1.4253813028335571,0.0,0.011888375505805016,0.20440614223480225,1.4926472902297974,4,0.75,
fixed,1,2733,1.1599957942962646,0.0,0.003735418664291501,0.08898985385894775,1.1885604858398438,4,0.25,
fixed,1,2734,0.5089954733848572,0.0,0.011570947244763374,0.20465636253356934,0.5761778354644775,4,0.75,
fixed,1,2735,0.6654175519943237,0.0,0.005386630073189735,0.1137322187423706,0.7022305130958557,4,0.25,1.7382665872573853
fixed,1,2736,0.9820532202720642,0.0,0.00723022036254406,0.08444857597351074,1.0110028982162476,4,0.5,
fixed,1,2737,0.6441252827644348,0.0,0.01245897077023983,0.06908214092254639,0.6710793972015381,4,0.5,
fixed,1,2738,0.8240901827812195,0.02780528925359249,0.006436640862375498,0.06674075126647949,0.8612333536148071,4,0.5,
fixed,1,2739,0.5844125151634216,0.0,0.011875653639435768,0.06508910655975342,0.6098770499229431,4,0.5,
fixed,1,2740,1.2147858142852783,0.0,0.011478330940008163,0.06437063217163086,1.2398362159729004,4,0.5,3.4780681133270264
fixed,1,2741,1.7515783309936523,0.0,0.010722888633608818,0.06897497177124023,1.777632236480713,4,0.5,
fixed,1,2742,1.0098029375076294,0.0,0.021677356213331223,0.1313481330871582,1.0600460767745972,4,0.75,
fixed,1,2743,1.2969998121261597,0.0,0.015837937593460083,0.061635375022888184,1.3234094381332397,4,0.5,
fixed,1,2744,0.803372859954834,0.03033475950360298,0.004436345770955086,0.06380391120910645,0.8398995995521545,4,0.5,
fixed,1,2745,0.7788625955581665,0.0,0.017791317775845528,0.13708651065826416,0.8288841843605042,4,0.75,5.367394924163818
fixed,1,2746,0.7933181524276733,0.0,0.012282835319638252,0.09254217147827148,0.8272222280502319,4,0.25,
fixed,1,2747,0.8054965138435364,0.0,0.008329860866069794,0.04148554801940918,0.8221071362495422,4,0.25,
fixed,1,2748,0.7568602561950684,0.030467024073004723,0.01204032450914383,0.13078558444976807,0.8173496127128601,4,0.75,
fixed,1,2749,0.7261388897895813,0.0,0.030281348153948784,0.3019307851791382,0.8318588137626648,4,1.0,
fixed,1,2750,0.7350276708602905,0.0,0.007675494998693466,0.04391837120056152,0.7520409226417542,4,0.25,2.2739500999450684
fixed,1,2751,1.2523770332336426,0.0,0.01306202169507742,0.06592535972595215,1.2786856889724731,4,0.5,
fixed,1,2752,0.6583873629570007,0.015084706246852875,0.0012578596360981464,0.21052014827728271,0.7297146916389465,4,0.25,
fixed,1,2753,0.9720503091812134,0.0,0.01592942327260971,0.07253873348236084,1.0017766952514648,4,0.5,
fixed,1,2754,1.1031302213668823,0.027453910559415817,0.01688130386173725,0.0909421443939209,1.1525804996490479,4,0.75,
fixed,1,2755,1.1313526630401611,0.016531171277165413,0.02315707877278328,0.08035826683044434,1.1753042936325073,4,0.75,2.205467939376831
fixed,1,2756,1.3193557262420654,0.009908199310302734,0.01278000883758068,0.08867084980010986,1.357301115989685,4,0.5,
fixed,1,2757,1.6185840368270874,0.0,0.0021570222452282906,0.48916471004486084,1.7664120197296143,4,0.0,
fixed,1,2758,0.9399183988571167,0.013836831785738468,0.011727002449333668,0.0834808349609375,0.9777445793151855,4,0.5,
fixed,1,2759,0.934559166431427,0.0,0.009505809284746647,0.1459674835205078,0.9831023216247559,4,0.25,
fixed,1,2760,1.232495665550232,0.0,0.02669604867696762,0.08811426162719727,1.2722779512405396,4,0.75,6.910780429840088
fixed,1,2761,0.37732091546058655,0.0,0.013094632886350155,0.04718518257141113,0.398023784160614,4,0.25,
fixed,1,2762,0.8504738211631775,0.024755733087658882,0.005231932271271944,0.09853315353393555,0.8950275778770447,4,0.25,
fixed,1,2763,0.8477205634117126,0.0,0.034503404051065445,0.026474356651306152,0.8729145526885986,4,0.5,
fixed,1,2764,1.0989658832550049,0.0,0.031035248190164566,0.16906273365020752,1.1652023792266846,4,0.75,
fixed,1,2765,1.2820508480072021,0.0,0.009632452391088009,0.11538445949554443,1.3214824199676514,4,0.25,2.831355333328247
fixed,1,2766,0.6446933746337891,0.0,0.03006858192384243,0.17378723621368408,0.7118638157844543,4,0.75,
fixed,1,2767,0.5917361378669739,0.012957736849784851,0.00890142098069191,0.06751751899719238,0.6229209899902344,4,0.5,
fixed,1,2768,0.9909757375717163,0.02636912651360035,0.0011268332600593567,0.09993112087249756,1.034703016281128,4,0.25,
fixed,1,2769,1.1436705589294434,0.0,0.031101664528250694,0.056827425956726074,1.1762696504592896,4,0.5,
fixed,1,2770,0.4610251784324646,0.023115765303373337,0.016888558864593506,0.19205141067504883,0.5386427640914917,4,0.75,1.2046751976013184
fixed,1,2771,1.4162375926971436,0.024284727871418,0.01694939099252224,0.04604232311248779,1.450667381286621,4,0.75,
fixed,1,2772,1.1568208932876587,0.0,0.008088860660791397,0.10689210891723633,1.1929329633712769,4,0.25,
fixed,1,2773,1.3049803972244263,0.0,0.00836575124412775,0.10924983024597168,1.3419382572174072,4,0.25,
fixed,1,2774,0.9652745127677917,0.0,0.017201820388436317,0.05076158046722412,0.9891039133071899,4,0.5,
fixed,1,2775,1.030909776687622,0.013172686100006104,0.00785744283348322,0.059180617332458496,1.0591790676116943,4,0.5,1.0988880395889282
fixed,1,2776,0.4525405466556549,0.0,0.013685186393558979,0.10181069374084473,0.4899263381958008,4,0.25,
fixed,1,2777,0.6239609718322754,0.0008903575362637639,0.009425098076462746,0.060183048248291016,0.6471736431121826,4,0.25,
fixed,1,2778,1.0182523727416992,0.0,0.03054702654480934,0.3470141887664795,1.1376301050186157,4,1.0,
fixed,1,2779,1.9740749597549438,2.3174874513642862e-05,0.015042468905448914,0.06581759452819824,2.0013530254364014,4,0.5,
fixed,1,2780,1.3592854738235474,6.618607585551217e-05,0.023374279960989952,0.06670379638671875,1.3910168409347534,4,0.5,5.8802971839904785
fixed,1,2781,0.8141865730285645,3.972348167735618e-06,0.016857044771313667,0.13566136360168457,0.8633154630661011,4,0.25,
fixed,1,2782,0.5648824572563171,0.0,0.02625143527984619,0.38339149951934814,0.6930255889892578,4,1.0,
fixed,1,2783,0.9995091557502747,0.0,0.01041470654308796,0.07551789283752441,1.027371883392334,4,0.5,
fixed,1,2784,0.9241162538528442,0.0,0.029549429193139076,0.3374636173248291,1.0401300191879272,4,1.0,
fixed,1,2785,0.8759061694145203,6.950379611225799e-05,0.00575977424159646,0.08343195915222168,0.9038503766059875,4,0.25,1.8666846752166748
fixed,1,2786,0.8550538420677185,0.026679208502173424,0.01224498264491558,0.16526854038238525,0.9240965247154236,4,0.75,
fixed,1,2787,0.7700157761573792,0.0,0.020526790991425514,0.2324618101119995,0.8500177264213562,4,0.75,
fixed,1,2788,1.1589457988739014,0.024871179834008217,0.006591940298676491,0.04573822021484375,1.188398838043213,4,0.5,
fixed,1,2789,0.346832275390625,0.00012380957196000963,0.005448489915579557,0.06277382373809814,0.3684505820274353,4,0.25,
fixed,1,2790,0.6625770926475525,1.8394253856968135e-05,0.017480393871665,0.05800735950469971,0.6887286901473999,4,0.5,4.949728965759277
fixed,1,2791,1.6081008911132812,0.012019404210150242,0.015308852307498455,0.03174471855163574,1.6312884092330933,4,0.5,
fixed,1,2792,1.258525013923645,0.027430864050984383,0.009247547015547752,0.05561113357543945,1.293547511100769,4,0.5,
fixed,1,2793,0.6505575180053711,0.0,0.018393656238913536,0.04912090301513672,0.6744906306266785,4,0.5,
fixed,1,2794,0.8463336229324341,0.0,0.01795072667300701,0.07594442367553711,0.8780922889709473,4,0.5,
fixed,1,2795,1.1915289163589478,0.0,0.018686510622501373,0.059710144996643066,1.2187851667404175,4,0.5,5.287074089050293
fixed,1,2796,1.1250078678131104,0.0,0.03090403974056244,0.08827972412109375,1.1669437885284424,4,0.5,
fixed,1,2797,0.6588372588157654,0.0,0.030777065083384514,0.09832370281219482,0.7037228941917419,4,0.5,
fixed,1,2798,0.810699462890625,0.010703061707317829,0.0030584936030209064,0.07298064231872559,0.8394744396209717,4,0.25,
fixed,1,2799,0.8301727771759033,0.0,0.02390880696475506,0.19111347198486328,0.8994612097740173,4,0.25,
fixed,1,2800,0.5550094842910767,0.0,0.009813185781240463,0.03857302665710449,0.5714879631996155,4,0.25,2.941126823425293
fixed,1,2801,1.1235151290893555,0.0,0.008206069469451904,0.10891568660736084,1.1602928638458252,4,0.25,
fixed,1,2802,0.6151270270347595,0.0,0.030137062072753906,0.16592049598693848,0.6799716949462891,4,0.75,
fixed,1,2803,1.316590666770935,0.0,0.00677353423088789,0.10333836078643799,1.350978970527649,4,0.25,
fixed,1,2804,0.9613006114959717,0.0,0.008810658007860184,0.07843410968780518,0.9892361760139465,4,0.5,
fixed,1,2805,1.076963186264038,0.0,0.0053710173815488815,0.09018778800964355,1.1067050695419312,4,0.25,1.9036380052566528
fixed,1,2806,0.47949540615081787,0.02247634157538414,0.009817034937441349,0.17658305168151855,0.5486170053482056,4,0.75,
fixed,1,2807,0.6022711992263794,0.0,0.004992421250790358,0.06468164920806885,0.6241719126701355,4,0.25,
fixed,1,2808,1.1376162767410278,0.0,0.0035706658381968737,0.07672119140625,1.162418007850647,4,0.25,
fixed,1,2809,0.8757465481758118,0.0,0.007674695923924446,0.09545719623565674,0.9082210659980774,4,0.5,
fixed,1,2810,0.8927933573722839,0.0,0.01253201998770237,0.20489954948425293,0.9605292081832886,4,0.75,4.347747802734375
fixed,1,2811,0.8748980760574341,0.0,0.017188945785164833,0.05843710899353027,0.9010236859321594,4,0.5,
fixed,1,2812,1.217075228691101,0.0,0.010016294196248055,0.2524760961532593,1.2978261709213257,4,0.75,
fixed,1,2813,0.8824053406715393,0.02296227030456066,3.815883974311873e-05,0.08414173126220703,0.9191480875015259,4,0.25,
fixed,1,2814,0.5271161794662476,0.0,0.008782897144556046,0.08915352821350098,0.5582537055015564,4,0.5,
fixed,1,2815,1.2006876468658447,0.0,0.008293306455016136,0.03715109825134277,1.2159795761108398,4,0.25,2.473369836807251
fixed,1,2816,0.8121837377548218,0.0,0.00629768380895257,0.10177266597747803,0.8458643555641174,4,0.5,
fixed,1,2817,1.0116448402404785,0.040690213441848755,0.007197205908596516,0.25504469871520996,1.1121019124984741,4,0.75,
fixed,1,2818,0.9286446571350098,0.0,0.010293475352227688,0.24945640563964844,1.0086283683776855,4,0.75,
fixed,1,2819,0.795560359954834,0.02126632258296013,0.000156206835526973,0.13699638843536377,0.8473705649375916,4,0.25,
fixed,1,2820,1.1133898496627808,0.0,0.006630122661590576,0.10801279544830322,1.1491087675094604,4,0.5,2.475029706954956
fixed,1,2821,0.6950736045837402,0.0,0.009067768231034279,0.09680700302124023,0.7286496162414551,4,0.5,
fixed,1,2822,0.4905203878879547,0.0,0.008262562565505505,0.03786897659301758,0.5060123801231384,4,0.25,
fixed,1,2823,0.5609076023101807,0.0,0.0104108527302742,0.09606683254241943,0.5949330925941467,4,0.5,
fixed,1,2824,0.5496419072151184,0.0,0.0047485786490142345,0.10628902912139893,0.583902895450592,4,0.25,
fixed,1,2825,0.7373902201652527,0.0,0.0007166120922192931,0.37250375747680664,0.8494996428489685,4,0.0,1.4215587377548218
fixed,1,2826,0.3676367700099945,0.0,0.014885186217725277,0.05765867233276367,0.39237695932388306,4,0.5,
fixed,1,2827,0.9921300411224365,0.0,0.013234431855380535,0.04125809669494629,1.0111247301101685,4,0.5,
fixed,1,2828,0.3093564510345459,0.0,0.026597093790769577,0.11974740028381348,0.35857921838760376,4,0.75,
fixed,1,2829,0.893083930015564,0.0,0.013315198011696339,0.03608131408691406,0.9105659127235413,4,0.5,
fixed,1,2830,1.045667052268982,0.0,0.005721800960600376,0.04786038398742676,1.062886118888855,4,0.25,2.009514570236206
fixed,1,2831,0.7549706101417542,0.0,0.027343789115548134,0.20164501667022705,0.8291360139846802,4,0.75,
fixed,1,2832,0.33247628808021545,0.019404837861657143,0.016690151765942574,0.10601699352264404,0.3823288679122925,4,0.75,
fixed,1,2833,1.3780492544174194,0.0,0.009576519019901752,0.03751647472381592,1.3940924406051636,4,0.5,
fixed,1,2834,1.2568329572677612,0.0,0.012982599437236786,0.07685530185699463,1.2863808870315552,4,0.5,
fixed,1,2835,1.4740922451019287,0.0,0.011094290763139725,0.0402073860168457,1.491701602935791,4,0.5,3.666081666946411
fixed,1,2836,0.9371848106384277,0.0,0.010701734572649002,0.05165207386016846,0.9580312967300415,4,0.5,
fixed,1,2837,0.8027666807174683,0.0,0.005112572107464075,0.0748300552368164,0.8277719616889954,4,0.25,
fixed,1,2838,0.5735313296318054,0.0,0.015399106778204441,0.16936159133911133,0.6320393681526184,4,0.75,
fixed,1,2839,1.0148439407348633,0.0,0.009985232725739479,0.11050701141357422,1.0529886484146118,4,0.25,
fixed,1,2840,0.6465052366256714,0.07115726917982101,0.005709670018404722,0.299116849899292,0.7746737599372864,4,1.0,9.86291790008545
fixed,1,2841,0.351757675409317,0.0,0.011136824265122414,0.07383334636688232,0.3794761002063751,4,0.5,
fixed,1,2842,0.6472090482711792,0.0,0.01945456489920616,0.1371772289276123,0.6980894804000854,4,0.75,
fixed,1,2843,1.4277591705322266,0.0,0.010792422108352184,0.07842254638671875,1.4566822052001953,4,0.5,
fixed,1,2844,0.47371581196784973,0.0,0.03573174029588699,0.08649373054504395,0.5175297856330872,4,0.5,
fixed,1,2845,0.747050404548645,1.1183129799974267e-07,0.024364519864320755,0.05135321617126465,0.7746387124061584,4,0.5,5.596309661865234
fixed,1,2846,0.8677699565887451,0.0,0.025884434580802917,0.3558579683303833,0.9874695539474487,4,1.0,
fixed,1,2847,0.8611042499542236,0.028818514198064804,0.016990747302770615,0.13049030303955078,0.9231559634208679,4,0.75,
fixed,1,2848,0.9591981172561646,0.0,0.01052683312445879,0.13997197151184082,1.0064531564712524,4,0.25,
fixed,1,2849,1.2308502197265625,0.008542357012629509,0.007327991537749767,0.06091022491455078,1.2570585012435913,4,0.5,
fixed,1,2850,1.0789238214492798,0.02294287458062172,0.03283744305372238,0.2328941822052002,1.1766822338104248,4,1.0,4.1284098625183105
fixed,1,2851,1.0946991443634033,0.0,0.008924469351768494,0.11344313621520996,1.1331943273544312,4,0.25,
fixed,1,2852,0.7188922762870789,0.0,0.02758793719112873,0.060309410095214844,0.7507790923118591,3,0.5,
fixed,1,2853,0.6976423859596252,0.0,0.019588977098464966,0.04034149646759033,0.7195393443107605,4,0.5,
fixed,1,2854,0.7468435764312744,0.0,0.028398621827363968,0.07728052139282227,0.7842270135879517,4,0.75,
fixed,1,2855,1.5270434617996216,0.0,0.02283821627497673,0.10164797306060791,1.568956971168518,4,0.75,6.631840229034424
fixed,1,2856,0.38172459602355957,0.0,0.037747882306575775,0.06641864776611328,0.42052412033081055,4,0.75,
fixed,1,2857,0.7806819677352905,0.0,0.00846022367477417,0.11199021339416504,0.8185091614723206,4,0.25,
fixed,1,2858,0.7907550930976868,0.0,0.03700109198689461,0.2554354667663574,0.8858863115310669,4,1.0,
fixed,1,2859,0.8767677545547485,0.0,0.02150670625269413,0.16609859466552734,0.9373506903648376,4,0.25,
fixed,1,2860,0.9522830247879028,0.018452636897563934,0.00036238739266991615,0.1253652572631836,0.9993001222610474,4,0.25,3.812861442565918
fixed,1,2861,0.9606257677078247,0.0,0.014311366714537144,0.04206740856170654,0.9804016947746277,4,0.5,
fixed,1,2862,0.7293612360954285,0.027592375874519348,0.007250468712300062,0.04522562026977539,0.7603503465652466,4,0.5,
fixed,1,2863,0.46109431982040405,0.0,0.017242617905139923,0.06665909290313721,0.4897133708000183,4,0.25,
fixed,1,2864,0.759463906288147,0.0,0.026771677657961845,0.11436378955841064,0.807158887386322,4,0.75,
fixed,1,2865,0.6623416543006897,0.017056874930858612,0.0023150623310357332,0.06609463691711426,0.6918560266494751,4,0.25,3.660590887069702
fixed,1,2866,0.6429291367530823,0.0,0.01847708784043789,0.044597744941711426,0.6655470132827759,4,0.5,
fixed,1,2867,0.5607712268829346,0.0,0.01350440550595522,0.07360267639160156,0.5896042585372925,4,0.5,
fixed,1,2868,1.113320231437683,0.030098827555775642,0.013503123074769974,0.43023252487182617,1.264190912246704,4,1.0,
fixed,1,2869,0.9697203636169434,0.0,0.007303210441023111,0.11558675765991211,1.0080480575561523,4,0.25,
fixed,1,2870,0.7132989168167114,0.0,0.010588660836219788,0.07426631450653076,0.7408731579780579,4,0.5,3.3977785110473633
fixed,1,2871,1.0172317028045654,0.0,0.0101387370377779,0.08173930644989014,1.0468229055404663,4,0.5,
fixed,1,2872,0.8212970495223999,0.0,0.02603241801261902,0.11793863773345947,0.8696948289871216,4,0.75,
fixed,1,2873,0.7824898362159729,0.0,0.018403369933366776,0.1527491807937622,0.8375163078308105,4,0.75,
fixed,1,2874,0.47031909227371216,0.0,0.019023332744836807,0.06392168998718262,0.4990072548389435,4,0.5,
fixed,1,2875,1.2144845724105835,0.0,0.0021876220125705004,0.25911617279052734,1.2933132648468018,4,0.0,1.6335140466690063
fixed,1,2876,1.4460945129394531,0.0,0.005965791642665863,0.10535120964050293,1.4806827306747437,4,0.25,
fixed,1,2877,1.0470879077911377,0.0,0.012691217474639416,0.0642693042755127,1.0727143287658691,4,0.5,
fixed,1,2878,1.4190648794174194,0.0,0.018631385639309883,0.04768955707550049,1.4426873922348022,4,0.5,
fixed,1,2879,0.8524935841560364,0.028370222076773643,0.006250927224755287,0.03914451599121094,0.8815475106239319,4,0.5,
fixed,1,2880,0.9286108016967773,0.027633223682641983,0.009500023908913136,0.14644646644592285,0.9911113977432251,4,0.75,1.4425370693206787
fixed,1,2881,1.1226203441619873,0.0,0.00680378545075655,0.10485994815826416,1.157480239868164,4,0.25,
fixed,1,2882,0.47065621614456177,0.0,0.005774825811386108,0.1068260669708252,0.5055914521217346,4,0.25,
fixed,1,2883,0.6401717662811279,0.0,0.011457226239144802,0.1405472755432129,0.6880645751953125,4,0.25,
fixed,1,2884,0.8040709495544434,0.0,0.012380183674395084,0.13486504554748535,0.8507205247879028,4,0.25,
fixed,1,2885,0.4206084609031677,0.0,0.019195765256881714,0.05113720893859863,0.44554752111434937,4,0.5,4.565655708312988
fixed,1,2886,0.9750911593437195,0.0,0.010617967694997787,0.06058812141418457,0.9985765814781189,4,0.5,
fixed,1,2887,0.8905519247055054,0.0,0.00933072715997696,0.05910336971282959,0.9129483103752136,4,0.5,
fixed,1,2888,0.4726586937904358,0.0,0.004062555264681578,0.09198188781738281,0.5022845268249512,4,0.25,
fixed,1,2889,0.7885439991950989,0.0,0.014390569180250168,0.1727755069732666,0.8475719690322876,4,0.75,
fixed,1,2890,0.9514405727386475,0.0,0.016124164685606956,0.28314149379730225,1.0444451570510864,4,0.75,4.690512657165527
fixed,1,2891,0.4298086166381836,3.6059332160220947e-06,0.012107141315937042,0.05975830554962158,0.45379146933555603,4,0.5,
fixed,1,2892,0.6576151251792908,0.0,0.0166127011179924,0.1644442081451416,0.7152547240257263,4,0.75,
fixed,1,2893,1.1152688264846802,0.0,0.010205792263150215,0.05737185478210449,1.1375832557678223,4,0.5,
fixed,1,2894,0.756294846534729,0.030958442017436028,0.0001192181371152401,0.09354209899902344,0.7998962998390198,4,0.25,
fixed,1,2895,0.8641486167907715,1.5686871392972535e-06,0.0014510158216580749,0.22342467308044434,0.931902289390564,4,0.0,0.9722007513046265
fixed,1,2896,1.6456068754196167,0.0,0.013469558209180832,0.0438535213470459,1.6654976606369019,4,0.5,
fixed,1,2897,0.9447655081748962,0.0,0.001989157171919942,0.23559081554412842,1.016437292098999,4,0.0,
fixed,1,2898,0.7578375935554504,0.0,0.004946134984493256,0.028493285179138184,0.7688586711883545,4,0.25,
fixed,1,2899,0.9397555589675903,0.0,0.016561731696128845,0.16387760639190674,0.9971997141838074,4,0.75,
fixed,1,2900,1.221014142036438,0.0,0.013630647212266922,0.179146409034729,1.2815734148025513,4,0.75,4.443976879119873
fixed,1,2901,0.7269478440284729,0.0,0.00519459368661046,0.1257154941558838,0.7672597765922546,4,0.25,
fixed,1,2902,0.7944390773773193,0.0,0.01410131249576807,0.05909585952758789,0.8192185163497925,4,0.5,
fixed,1,2903,0.5183565020561218,0.03365673869848251,0.0006345751462504268,0.12724995613098145,0.573677122592926,4,0.25,
fixed,1,2904,0.5525392293930054,0.0,0.013381477445363998,0.05862069129943848,0.576816201210022,4,0.5,
fixed,1,2905,1.0550528764724731,0.02699310891330242,0.014931688085198402,0.03281891345977783,1.0858609676361084,4,0.5,2.458101272583008
fixed,1,2906,0.7345842719078064,0.0,0.007525368127971888,0.03944110870361328,0.7501792907714844,4,0.25,
fixed,1,2907,1.1541500091552734,0.0,0.014646206051111221,0.17051923274993896,1.2126288414001465,4,0.75,
fixed,1,2908,1.287263035774231,0.0,0.01289801113307476,0.1906576156616211,1.3509093523025513,4,0.75,
fixed,1,2909,1.1939468383789062,0.0,0.02024225890636444,0.16064393520355225,1.2522611618041992,4,0.75,
fixed,1,2910,0.5722202062606812,0.0,0.01752561144530773,0.1466062068939209,0.6249648928642273,4,0.75,5.139860153198242
fixed,1,2911,0.7583199143409729,0.0,0.007505510468035936,0.16212475299835205,0.810710072517395,4,0.25,
fixed,1,2912,0.49759021401405334,0.0,0.012320608831942081,0.07986366748809814,0.5277096033096313,4,0.5,
fixed,1,2913,0.7208157181739807,0.0,0.008341498672962189,0.16454100608825684,0.774348795413971,4,0.25,
fixed,1,2914,0.77097088098526,0.018962528556585312,0.009604720398783684,0.1209036111831665,0.8215255737304688,4,0.75,
fixed,1,2915,1.221922516822815,0.0,0.00599417369812727,0.12131071090698242,1.2613128423690796,4,0.25,2.1049890518188477
fixed,1,2916,1.2342742681503296,0.0,0.020441807806491852,0.04226088523864746,1.2571734189987183,4,0.5,
fixed,1,2917,0.5927053093910217,0.0,0.01675001159310341,0.04777705669403076,0.6154134273529053,4,0.5,
fixed,1,2918,0.9669873118400574,0.025968730449676514,0.0016013819258660078,0.11832189559936523,1.0162689685821533,4,0.25,
fixed,1,2919,0.9157483577728271,0.0,0.01501572597771883,0.05190908908843994,0.9388289451599121,4,0.5,
fixed,1,2920,0.8956524133682251,0.0,0.01581069640815258,0.06878876686096191,0.9241943955421448,4,0.25,3.6795880794525146
fixed,1,2921,1.1539535522460938,0.0,0.004779952112585306,0.2270803451538086,1.2244676351547241,4,0.0,
fixed,1,2922,0.8334683775901794,0.0,0.012141173705458641,0.04722476005554199,0.853706419467926,4,0.5,
fixed,1,2923,0.8493162393569946,0.0,0.010962089523673058,0.04574131965637207,0.86851966381073,4,0.5,
fixed,1,2924,1.3866419792175293,0.0,0.021935073658823967,0.05028378963470459,1.4126946926116943,4,0.5,
fixed,1,2925,1.2243297100067139,0.0,0.0009214786114171147,0.37672626972198486,1.33780837059021,4,0.0,1.51194167137146
fixed,1,2926,0.41992753744125366,0.027997134253382683,0.007850046269595623,0.06372463703155518,0.4569685161113739,4,0.5,
fixed,1,2927,0.5582506656646729,0.0,0.009957967326045036,0.06741321086883545,0.5834535956382751,4,0.5,
fixed,1,2928,1.4674615859985352,0.023409035056829453,0.006910687778145075,0.033115386962890625,1.492556095123291,4,0.5,
fixed,1,2929,0.7510637044906616,0.02723740041255951,0.006049509160220623,0.06757056713104248,0.7879783511161804,4,0.5,
fixed,1,2930,0.9460175633430481,0.0,0.013120966963469982,0.16847264766693115,1.0031198263168335,4,0.75,4.195831775665283
fixed,1,2931,0.8234643340110779,0.0,0.010615859180688858,0.05595886707305908,0.8455599546432495,4,0.5,
fixed,1,2932,0.6182703971862793,0.0,0.014662696979939938,0.48809653520584106,0.7720307111740112,4,1.0,
fixed,1,2933,1.211362361907959,0.0,0.013382495380938053,0.06222832202911377,1.2367221117019653,4,0.5,
fixed,1,2934,1.1750541925430298,0.0,0.0011678580194711685,0.2153332233428955,1.240238070487976,4,0.0,
fixed,1,2935,0.42318975925445557,0.022712422534823418,0.012637139298021793,0.07983684539794922,0.46481558680534363,4,0.5,1.1358543634414673
fixed,1,2936,0.597515881061554,0.0,0.007052941247820854,0.12411952018737793,0.6382781863212585,4,0.25,
fixed,1,2937,0.565682053565979,0.053214818239212036,0.005201330408453941,0.14069640636444092,0.637099027633667,4,0.75,
fixed,1,2938,1.3500165939331055,0.018754124641418457,0.008891578763723373,0.15117979049682617,1.4091933965682983,4,0.75,
fixed,1,2939,0.7135958075523376,0.0,0.014920586720108986,0.05376267433166504,0.7371848821640015,4,0.5,
fixed,1,2940,0.40885740518569946,0.0,0.02185170166194439,0.11195969581604004,0.45337116718292236,4,0.75,5.972252368927002
fixed,1,2941,0.8894086480140686,0.0,0.013535507954657078,0.06107759475708008,0.9144997000694275,4,0.5,
fixed,1,2942,1.0456068515777588,0.0,0.023878708481788635,0.22475981712341309,1.1249741315841675,4,0.75,
fixed,1,2943,0.9806081056594849,0.02568952366709709,0.016745509579777718,0.10594940185546875,1.033610463142395,4,0.75,
fixed,1,2944,0.5802186727523804,0.0,0.010676945559680462,0.12367415428161621,0.6226593852043152,4,0.25,
fixed,1,2945,1.4877524375915527,0.0,0.011146566830575466,0.04612696170806885,1.5071637630462646,4,0.25,3.0214684009552
fixed,1,2946,1.1888316869735718,0.0,0.02298525720834732,0.06212329864501953,1.2189613580703735,4,0.25,
fixed,1,2947,1.375365138053894,0.0,0.02288563922047615,0.07660186290740967,1.4097884893417358,4,0.25,
fixed,1,2948,1.6493066549301147,0.0,0.023023316636681557,0.029296159744262695,1.669607162475586,4,0.5,
fixed,1,2949,0.6296669244766235,0.0,0.023143470287322998,0.1492764949798584,0.686021625995636,4,0.75,
fixed,1,2950,0.6208374500274658,0.023410193622112274,0.015346324071288109,0.13286936283111572,0.680076539516449,4,0.75,0.6770362257957458
fixed,1,2951,1.1112042665481567,0.0,0.011132517829537392,0.048654913902282715,1.1313669681549072,4,0.25,
fixed,1,2952,0.44021934270858765,0.0,0.007834927178919315,0.19726026058197021,0.5033149123191833,4,0.25,
fixed,1,2953,0.7664486765861511,0.0,0.022251129150390625,0.1546621322631836,0.8239728808403015,4,0.5,
fixed,1,2954,1.0363422632217407,0.0,0.024736933410167694,0.13584136962890625,1.0894631147384644,4,0.75,
fixed,1,2955,0.5026248097419739,0.0,0.045792125165462494,0.10077774524688721,0.5557541847229004,4,0.75,10.04158878326416
fixed,1,2956,1.1056417226791382,0.0,0.031186871230602264,0.12159132957458496,1.1577125787734985,4,0.75,
fixed,1,2957,0.9020312428474426,0.0,0.017293419688940048,0.073577880859375,0.9327512979507446,4,0.5,
fixed,1,2958,0.33061859011650085,0.0,0.028987780213356018,0.11044108867645264,0.3782448172569275,4,0.75,
fixed,1,2959,0.9849607944488525,0.0,0.009294234216213226,0.04711318016052246,1.0037418603897095,4,0.25,
fixed,1,2960,1.3193751573562622,0.0,0.002714932896196842,0.2458820343017578,1.394497275352478,4,0.0,1.859795331954956
fixed,1,2961,1.4305577278137207,0.0,0.019578823819756508,0.08724391460418701,1.4665203094482422,4,0.5,
fixed,1,2962,0.4215662479400635,0.01519697904586792,0.011374067515134811,0.11371374130249023,0.46896588802337646,4,0.75,
fixed,1,2963,0.5892845392227173,0.0,0.012474477291107178,0.06655228137969971,0.6154874563217163,4,0.5,
fixed,1,2964,0.6059560179710388,0.0,0.00289929355494678,0.23615717887878418,0.6782528162002563,4,0.0,
fixed,1,2965,1.5124602317810059,0.0,0.0065067233517766,0.12035894393920898,1.551821231842041,4,0.25,2.1583285331726074
fixed,1,2966,1.0890449285507202,0.03201650455594063,0.005457659251987934,0.06089472770690918,1.1260504722595215,4,0.5,
fixed,1,2967,0.35835400223731995,0.0,0.015160735696554184,0.0531696081161499,0.38188526034355164,4,0.5,
fixed,1,2968,1.0200366973876953,0.0,0.004985105711966753,0.09920454025268555,1.0522905588150024,4,0.25,
fixed,1,2969,0.7679545879364014,0.0,0.017367258667945862,0.1546335220336914,0.8230282664299011,4,0.75,
fixed,1,2970,0.939165472984314,0.0,0.008399104699492455,0.12052536010742188,0.9795226454734802,4,0.25,2.6830837726593018
fixed,1,2971,0.8620170950889587,0.0,0.019984908401966095,0.4156506061553955,0.9967047572135925,4,1.0,
fixed,1,2972,0.9988582730293274,0.0,0.0016927490942180157,0.3793497085571289,1.1135095357894897,4,0.0,
fixed,1,2973,0.6493232846260071,0.0,0.005173875484615564,0.12691104412078857,0.6899835467338562,4,0.25,
fixed,1,2974,0.5219523310661316,0.0,0.005492233205586672,0.13621723651885986,0.5655636191368103,4,0.25,
fixed,1,2975,1.1166106462478638,0.0,0.010780791752040386,0.06628775596618652,1.1418874263763428,4,0.5,3.3593201637268066
fixed,1,2976,1.1789958477020264,0.028652245178818703,0.0003294575435575098,0.08062934875488281,1.2176754474639893,4,0.25,
fixed,1,2977,1.1244486570358276,0.0,0.0014670725213363767,0.16397976875305176,1.174376130104065,4,0.0,
fixed,1,2978,0.7292320132255554,0.0,0.011075584217905998,0.05373883247375488,0.7508914470672607,4,0.5,
fixed,1,2979,0.650766909122467,0.0,0.011099853552877903,0.0807424783706665,0.680539608001709,4,0.5,
fixed,1,2980,1.271876573562622,3.6048579659109237e-06,0.021549783647060394,0.1413438320159912,1.3250564336776733,4,0.75,5.973400115966797
fixed,1,2981,0.7611407041549683,0.0,0.012824291363358498,0.18578851222991943,0.8232893943786621,4,0.75,
fixed,1,2982,0.8075679540634155,3.68639339285437e-05,0.0003237329365219921,0.2954747676849365,0.8963906764984131,4,0.0,
fixed,1,2983,1.3207415342330933,0.0,0.008493628352880478,0.09532046318054199,1.3535845279693604,4,0.5,
fixed,1,2984,0.9316678643226624,0.03395988419651985,0.005270283203572035,0.052561402320861816,0.9670513868331909,4,0.5,
fixed,1,2985,0.9382891058921814,3.656875378510449e-06,0.013047209940850735,0.07241654396057129,0.9665395021438599,4,0.5,3.8241302967071533
fixed,1,2986,0.43107515573501587,0.0,0.01087859459221363,0.07963788509368896,0.4604058265686035,4,0.5,
fixed,1,2987,0.5056315064430237,0.0,0.006341144442558289,0.030690431594848633,0.5180091857910156,4,0.25,
fixed,1,2988,0.8760088682174683,0.00019145500846207142,0.00011275673023192212,0.25848400592803955,0.9537061452865601,4,0.0,
fixed,1,2989,1.1727676391601562,1.5948131704135449e-07,0.015355817042291164,0.06134665012359619,1.1988496780395508,4,0.5,
fixed,1,2990,0.920748770236969,0.0,0.013609979301691055,0.06693124771118164,0.9476331472396851,4,0.5,4.083847522735596
fixed,1,2991,0.42853039503097534,0.0,0.01701868139207363,0.16882574558258057,0.48768746852874756,4,0.75,
fixed,1,2992,0.9959880709648132,0.02292129397392273,0.009709203615784645,0.16114044189453125,1.0606454610824585,4,0.75,
fixed,1,2993,0.5691534280776978,0.0,0.010387631133198738,0.08816647529602051,0.600797176361084,4,0.5,
fixed,1,2994,0.6425159573554993,0.021089648827910423,0.014785414561629295,0.3653240203857422,0.7700507044792175,4,1.0,
fixed,1,2995,0.5453572869300842,0.0,0.02588801085948944,0.1289151906967163,0.5969758629798889,4,0.75,6.8963799476623535
fixed,1,2996,1.2709369659423828,0.0,0.007908090949058533,0.042729854583740234,1.2877099514007568,4,0.25,
fixed,1,2997,1.1273516416549683,0.0,0.006993013899773359,0.1370924711227417,1.17197585105896,4,0.25,
fixed,1,2998,0.5615118145942688,0.0,0.021427346393465996,0.038900136947631836,0.5838955044746399,4,0.5,
fixed,1,2999,1.3648279905319214,0.0,0.01665959693491459,0.051863670349121094,1.3887169361114502,4,0.5,
fixed,1,3000,1.30816650390625,0.0,0.021761685609817505,0.1823190450668335,1.3737430572509766,4,0.25,4.314358234405518
fixed,1,3001,1.3446146249771118,0.013863572850823402,0.01550566777586937,0.07710134983062744,1.382429599761963,4,0.75,
fixed,1,3002,0.6750643253326416,0.024100031703710556,0.028493080288171768,0.25149667263031006,0.7768098711967468,4,1.0,
fixed,1,3003,0.8330607414245605,0.014138422906398773,0.020688781514763832,0.1538405418395996,0.8966264724731445,4,0.75,
fixed,1,3004,1.3672235012054443,0.0,0.01775394193828106,0.0446857213973999,1.389506220817566,4,0.5,
fixed,1,3005,1.132269024848938,0.0,0.028790492564439774,0.06634867191314697,1.1665688753128052,4,0.5,6.015044212341309
fixed,1,3006,1.3677009344100952,0.0,0.011384241282939911,0.11165189743041992,1.4068886041641235,4,0.25,
fixed,1,3007,1.0779496431350708,0.0,0.028573499992489815,0.07981681823730469,1.116181492805481,4,0.75,
fixed,1,3008,0.30585959553718567,0.0,0.0014392470475286245,0.46648526191711426,0.44652479887008667,4,0.0,
fixed,1,3009,0.8806886672973633,0.0,0.01141990814357996,0.04449641704559326,0.8997475504875183,4,0.25,
fixed,1,3010,0.4632662832736969,0.0,0.011312040500342846,0.12195324897766113,0.505508303642273,4,0.25,2.869544506072998
fixed,1,3011,0.8076872229576111,0.0,0.0009736979845911264,0.34610581398010254,0.9120058417320251,4,0.0,
fixed,1,3012,1.2202659845352173,0.0,0.00759238051250577,0.0669252872467041,1.2441397905349731,4,0.25,
fixed,1,3013,1.0049363374710083,0.04253572225570679,0.00022924209770280868,0.03642892837524414,1.0372475385665894,4,0.5,
fixed,1,3014,1.1240434646606445,0.0,0.008370901457965374,0.07441020011901855,1.1505520343780518,4,0.25,
fixed,1,3015,1.1343172788619995,9.171847636935127e-07,0.008936175145208836,0.05054163932800293,1.1539483070373535,4,0.25,2.2952678203582764
fixed,1,3016,0.7339029908180237,4.606360016623512e-05,0.018815437331795692,0.07107841968536377,0.7646572589874268,4,0.5,
fixed,1,3017,1.085976481437683,3.701826062751934e-05,0.020174287259578705,0.03906059265136719,1.1078003644943237,4,0.5,
fixed,1,3018,0.7727820873260498,0.0,0.006120413541793823,0.06813597679138184,0.7962830662727356,4,0.25,
fixed,1,3019,0.6390835642814636,0.0,0.012929710559546947,0.0707012414932251,0.6667587757110596,4,0.5,
fixed,1,3020,0.8440611362457275,0.0,0.018017590045928955,0.17319345474243164,0.9050279855728149,4,0.75,5.568281173706055
fixed,1,3021,0.8245800733566284,0.0,0.022950824350118637,0.42388641834259033,0.9632214307785034,4,1.0,
fixed,1,3022,0.5039981603622437,2.0471632524277084e-05,0.0197310671210289,0.17898344993591309,0.5675689578056335,4,0.75,
fixed,1,3023,1.0216691493988037,0.0,0.011374314315617085,0.08519351482391357,1.0529143810272217,4,0.5,
fixed,1,3024,0.7618822455406189,0.028955664485692978,0.009871851652860641,0.07163441181182861,0.8027863502502441,4,0.5,
fixed,1,3025,1.1397043466567993,0.0,0.010958637110888958,0.08262884616851807,1.16997230052948,4,0.5,3.5706653594970703
fixed,1,3026,0.6752236485481262,1.7626907720114104e-06,0.008399401791393757,0.09533143043518066,0.7080236673355103,4,0.5,
fixed,1,3027,1.1609609127044678,5.2386894822120667e-08,0.00825895182788372,0.13344049453735352,1.2051225900650024,4,0.25,
fixed,1,3028,0.6725683808326721,0.030469700694084167,0.016049055382609367,0.16855859756469727,0.7463953495025635,4,0.75,
fixed,1,3029,0.7979209423065186,0.0,0.011352374218404293,0.08049118518829346,0.8277444839477539,4,0.5,
fixed,1,3030,0.8544213771820068,0.0,0.015679314732551575,0.18059206008911133,0.916438639163971,4,0.75,5.147689342498779
fixed,1,3031,0.5793401598930359,0.014782611280679703,0.013215144164860249,0.1837373971939087,0.6484602689743042,4,0.75,
fixed,1,3032,1.294588565826416,0.0006045245099812746,0.017119569703936577,0.10771441459655762,1.3357648849487305,4,0.25,
fixed,1,3033,0.2587078809738159,0.015871064737439156,0.0011606949847191572,0.06596124172210693,0.28701213002204895,4,0.25,
fixed,1,3034,1.290448784828186,0.0,0.034055858850479126,0.10971057415008545,1.3403898477554321,4,0.75,
fixed,1,3035,0.6214674711227417,0.020774202421307564,0.01053259801119566,0.0389782190322876,0.64881432056427,4,0.5,1.5255411863327026
fixed,1,3036,1.2478097677230835,0.0,0.008546744473278522,0.10597777366638184,1.2838764190673828,4,0.25,
fixed,1,3037,0.6504523754119873,0.01045632641762495,0.028964446857571602,0.07840085029602051,0.6936830282211304,4,0.75,
fixed,1,3038,1.1289716958999634,0.0,0.026167381554841995,0.04574716091156006,1.155779480934143,4,0.5,
fixed,1,3039,1.1912920475006104,0.0,0.0073591675609350204,0.11125946044921875,1.2283494472503662,4,0.25,
fixed,1,3040,0.665252685546875,0.0,0.033032700419425964,0.301393985748291,0.7721872329711914,4,1.0,9.317761421203613
fixed,1,3041,0.19077149033546448,0.0,0.006729841232299805,0.6860349178314209,0.3999468982219696,4,0.0,
fixed,1,3042,0.7096230387687683,0.0,0.007758832536637783,0.11261105537414551,0.747285783290863,4,0.25,
fixed,1,3043,0.7385193109512329,0.007662072777748108,0.016665469855070114,0.08195734024047852,0.7752702832221985,4,0.75,
fixed,1,3044,0.8245373964309692,0.0,0.009438369423151016,0.10296881198883057,0.86014723777771,4,0.25,
fixed,1,3045,1.2978098392486572,0.021386345848441124,0.027500668540596962,0.27600836753845215,1.4050558805465698,4,1.0,3.5502421855926514
fixed,1,3046,0.8368697762489319,0.0,0.039971739053726196,0.07930958271026611,0.8806484937667847,4,0.75,
fixed,1,3047,0.6599599719047546,0.0,0.04088782146573067,0.2476966381072998,0.7547128796577454,4,1.0,
fixed,1,3048,1.1348850727081299,0.0,0.01955752819776535,0.05867278575897217,1.162265658378601,4,0.5,
fixed,1,3049,1.28847336769104,0.0,0.01499739196151495,0.033380746841430664,1.3059862852096558,4,0.25,
fixed,1,3050,0.34782326221466064,0.0,0.010537360794842243,0.11815953254699707,0.38853979110717773,4,0.25,3.037189245223999
fixed,1,3051,0.8091652393341064,0.0,0.013202110305428505,0.03562021255493164,0.826452374458313,4,0.25,
fixed,1,3052,0.6794930100440979,0.0075222491286695,0.010975983925163746,0.07048964500427246,0.7098889946937561,4,0.5,
fixed,1,3053,0.8410630822181702,0.0,0.012821672484278679,0.04126858711242676,0.859854519367218,4,0.25,
fixed,1,3054,0.9972235560417175,0.0,0.02020663022994995,0.04606497287750244,1.0211464166641235,4,0.5,
fixed,1,3055,0.8860323429107666,0.006122282240539789,0.021790815517306328,0.09065735340118408,0.9271860718727112,4,0.75,4.056180953979492
fixed,1,3056,0.4927624762058258,0.04829087853431702,0.016908681020140648,0.2904006242752075,0.6124824285507202,4,1.0,
fixed,1,3057,0.7567954659461975,0.0,0.0039984737522900105,0.23833322525024414,0.830294668674469,4,0.0,
fixed,1,3058,0.6144629716873169,0.0,0.01021677628159523,0.14576363563537598,0.6633004546165466,4,0.25,
fixed,1,3059,1.038340449333191,0.0,0.037444740533828735,0.1101841926574707,1.0901180505752563,4,0.75,
fixed,1,3060,1.3286908864974976,0.0,0.021951766684651375,0.083343505859375,1.3646697998046875,4,0.5,5.443859100341797
fixed,1,3061,0.6714180707931519,0.0,0.010056106373667717,0.14210295677185059,0.7190769910812378,4,0.25,
fixed,1,3062,0.9722790718078613,0.02537868358194828,0.016012942418456078,0.05917680263519287,1.010727882385254,4,0.5,
fixed,1,3063,1.165608525276184,0.04454517364501953,0.01647169329226017,0.2714747190475464,1.2775593996047974,4,1.0,
fixed,1,3064,0.983452558517456,0.0,0.03658197820186615,0.2667198181152344,1.0817594528198242,4,1.0,
fixed,1,3065,0.6021223664283752,0.0,0.03306576609611511,0.09682643413543701,0.6477031707763672,4,0.0,4.963446617126465
fixed,1,3066,1.0583274364471436,0.0,0.018296092748641968,0.03444230556488037,1.077808141708374,4,0.5,
fixed,1,3067,0.7634607553482056,0.00559711130335927,0.03285253793001175,0.1610579490661621,0.831002950668335,4,0.75,
fixed,1,3068,0.9688825011253357,0.017406223341822624,0.011425958946347237,0.048824310302734375,0.9979459047317505,4,0.5,
fixed,1,3069,1.2213889360427856,0.0,0.030363867059350014,0.04816412925720215,1.251020073890686,4,0.5,
fixed,1,3070,0.6927675604820251,0.0,0.02315794862806797,0.03773212432861328,0.7156661748886108,4,0.5,5.945815086364746
fixed,1,3071,0.6071476340293884,0.0,0.017681650817394257,0.033719420433044434,0.6261042952537537,4,0.5,
fixed,1,3072,0.6742812991142273,0.0,0.03164561092853546,0.0904470682144165,0.7172382473945618,4,0.75,
fixed,1,3073,0.3995077610015869,0.0,0.015467039309442043,0.04713332653045654,0.42138129472732544,4,0.25,
fixed,1,3074,1.2265663146972656,0.0,0.02151760272681713,0.05470407009124756,1.2537363767623901,4,0.5,
fixed,1,3075,0.8200678825378418,0.0,0.017720937728881836,0.15792381763458252,0.8763055205345154,4,0.25,3.739321231842041
fixed,1,3076,0.7258943319320679,0.0,0.01628468930721283,0.061953067779541016,0.7526226043701172,4,0.5,
fixed,1,3077,1.0342470407485962,0.0,0.009035294875502586,0.039670705795288086,1.0506658554077148,4,0.25,
fixed,1,3078,0.8903493285179138,0.0,0.01359329093247652,0.0404512882232666,0.9092813730239868,4,0.25,
fixed,1,3079,0.6092186570167542,0.01899402216076851,0.007009860593825579,0.08002030849456787,0.646226704120636,4,0.75,
fixed,1,3080,0.6272422075271606,0.0,0.008172609843313694,0.09857404232025146,0.6609007120132446,4,0.25,2.2720754146575928
fixed,1,3081,1.3356717824935913,0.0,0.014169462025165558,0.1157529354095459,1.3774824142456055,4,0.25,
fixed,1,3082,0.3746059536933899,0.0,0.016793033108115196,0.05138826370239258,0.39841896295547485,4,0.5,
fixed,1,3083,0.8961506485939026,0.0,0.03802751004695892,0.10180401802062988,0.9457055926322937,4,0.75,
fixed,1,3084,1.430014967918396,0.0,0.009639355354011059,0.056568145751953125,1.4518051147460938,4,0.5,
fixed,1,3085,1.0629916191101074,0.0,0.004437961149960756,0.07748031616210938,1.0884547233581543,4,0.25,1.481804609298706
fixed,1,3086,0.9027090668678284,0.0,0.011724007315933704,0.19635260105133057,0.9674768447875977,4,0.75,
fixed,1,3087,0.42465898394584656,0.0,8.889245509635657e-05,0.2966207265853882,0.5136896371841431,4,0.0,
fixed,1,3088,1.094963550567627,0.0,0.014159108512103558,0.2014298439025879,1.1624720096588135,4,0.75,
fixed,1,3089,1.2067965269088745,0.0,0.00446792459115386,0.08857440948486328,1.235602855682373,4,0.5,
fixed,1,3090,2.0948474407196045,2.670497451617848e-06,0.0027703666128218174,0.0610271692276001,2.114542007446289,4,0.25,1.0169768333435059
fixed,1,3091,1.5199615955352783,7.141511559893843e-07,0.002241238486021757,0.05927908420562744,1.5388662815093994,4,0.25,
fixed,1,3092,1.0048009157180786,0.0,0.01144484430551529,0.08938443660736084,1.0373386144638062,4,0.5,
fixed,1,3093,0.8723791837692261,2.857669096556492e-05,0.015291229821741581,0.195701003074646,0.938749372959137,4,0.75,
fixed,1,3094,1.4339039325714111,5.901240911043715e-06,0.001762858359143138,0.06336379051208496,1.453797459602356,4,0.25,
fixed,1,3095,0.6832541227340698,0.036142367869615555,0.004709896631538868,0.2361910343170166,0.7745375633239746,4,0.75,2.045558452606201
fixed,1,3096,0.6346461176872253,0.03923218324780464,0.003121821442618966,0.08214700222015381,0.6804672479629517,4,0.5,
fixed,1,3097,0.44337400794029236,0.0,0.003963022492825985,0.12767016887664795,0.4836565852165222,4,0.5,
fixed,1,3098,1.2008099555969238,0.0,0.00795256718993187,0.2177734375,1.270118236541748,4,0.75,
fixed,1,3099,0.7141026258468628,0.023743413388729095,0.002979481127113104,0.06591010093688965,0.7472370862960815,4,0.5,
fixed,1,3100,0.5207117199897766,0.0,0.00771289924159646,0.09350407123565674,0.5526193976402283,4,0.5,2.559300184249878
fixed,1,3101,1.6400245428085327,0.0,0.00702549796551466,0.09295940399169922,1.6714251041412354,4,0.5,
fixed,1,3102,0.6258978247642517,0.046260397881269455,0.0048043145798146725,0.12701201438903809,0.6895337700843811,4,0.75,
fixed,1,3103,1.2253317832946777,0.0,0.00987461768090725,0.14446449279785156,1.2736084461212158,4,0.25,
fixed,1,3104,1.1853790283203125,0.0,0.002343077678233385,0.2562814950942993,1.2634350061416626,4,0.0,
fixed,1,3105,1.101643443107605,0.0,0.01937677152454853,0.40654993057250977,1.2332968711853027,4,1.0,5.8364176750183105
fixed,1,3106,0.9901078939437866,0.0,0.001789452857337892,0.4779820442199707,1.134397268295288,4,0.0,
fixed,1,3107,1.0083415508270264,0.0,0.003934431821107864,0.24343585968017578,1.0833395719528198,4,0.0,
fixed,1,3108,1.0219489336013794,0.0,0.04148149490356445,0.07500171661376953,1.0651901960372925,4,0.25,
fixed,1,3109,1.080621361732483,0.0,0.006245058961212635,0.10560858249664307,1.1154264211654663,4,0.25,
fixed,1,3110,0.9908289909362793,0.0,0.020501241087913513,0.09887886047363281,1.0307432413101196,4,0.75,5.369022846221924
fixed,1,3111,0.8899304866790771,0.022495916113257408,0.0016149485018104315,0.10889852046966553,0.934655487537384,4,0.25,
fixed,1,3112,0.39912518858909607,0.0,0.011392940767109394,0.035274624824523926,0.4154040515422821,4,0.25,
fixed,1,3113,0.8813866972923279,0.009337030351161957,0.0011845194967463613,0.14226853847503662,0.9293280243873596,4,0.25,
fixed,1,3114,1.0451924800872803,0.0,0.007819823920726776,0.07620036602020264,1.0719624757766724,4,0.25,
fixed,1,3115,1.3679578304290771,0.0,0.0025088335387408733,0.20736157894134521,1.4314206838607788,4,0.0,1.9797358512878418
fixed,1,3116,0.8113861680030823,0.0,0.026610523462295532,0.3256601095199585,0.9223894476890564,4,1.0,
fixed,1,3117,0.8851420879364014,0.0,0.026381466537714005,0.3256603479385376,0.9960309267044067,4,1.0,
fixed,1,3118,0.906642496585846,0.0,0.02182452194392681,0.032517433166503906,0.9273099899291992,4,0.5,
fixed,1,3119,1.1660957336425781,0.0,0.03792406618595123,0.06452667713165283,1.2044157981872559,4,0.75,
fixed,1,3120,0.9276590943336487,0.0,0.025662923231720924,0.09621167182922363,0.9693540334701538,4,0.75,6.429874897003174
fixed,1,3121,1.1003981828689575,0.028186367824673653,0.015180022455751896,0.10362899303436279,1.153170108795166,4,0.75,
fixed,1,3122,0.8877211809158325,0.011310609057545662,0.053102247416973114,0.1156926155090332,0.9546353816986084,4,1.0,
fixed,1,3123,0.6848681569099426,0.010792897082865238,0.007163153029978275,0.04719901084899902,0.7080059051513672,4,0.5,
fixed,1,3124,0.47043102979660034,0.0,0.01511507946997881,0.05404841899871826,0.4942030906677246,4,0.5,
fixed,1,3125,2.151571750640869,0.005874583497643471,8.541619899915531e-05,0.1763627529144287,2.207460641860962,4,0.0,1.847283124923706
fixed,1,3126,1.398969054222107,0.0,0.04691481217741966,0.08222925662994385,1.447095274925232,4,0.75,
fixed,1,3127,0.749572217464447,0.0,0.015799127519130707,0.06254911422729492,0.7762365341186523,4,0.25,
fixed,1,3128,0.8309785723686218,0.0,0.0363609604537487,0.08470320701599121,0.8745700120925903,4,0.75,
fixed,1,3129,0.7454791069030762,0.0,0.008998021483421326,0.1450212001800537,0.7934844493865967,4,0.25,
fixed,1,3130,0.7377135753631592,0.0,0.004333324730396271,0.12336516380310059,0.7768898010253906,4,0.25,1.483708143234253
fixed,1,3131,0.4285944104194641,8.262371342659947e-10,0.0065463935025036335,0.11088132858276367,0.4651319980621338,4,0.25,
fixed,1,3132,1.1797144412994385,1.626471657800721e-06,0.023119401186704636,0.048854947090148926,1.2059314250946045,4,0.5,
fixed,1,3133,0.7894251942634583,7.642941636731848e-05,0.014335118234157562,0.17603230476379395,0.8494406342506409,4,0.75,
fixed,1,3134,0.7460002899169922,2.9786697268718854e-06,0.00043674150947481394,0.16275346279144287,0.7950462102890015,4,0.0,
fixed,1,3135,0.5438731908798218,3.0692740438098554e-07,0.02046850323677063,0.056475043296813965,0.5710501074790955,4,0.5,4.640424728393555
fixed,1,3136,1.0548691749572754,0.021039001643657684,0.005108460318297148,0.05684316158294678,1.0849958658218384,4,0.5,
fixed,1,3137,0.5743266940116882,3.5021644180233125e-06,0.0208799559623003,0.04204130172729492,0.5973808169364929,4,0.5,
fixed,1,3138,1.1719775199890137,0.0,0.013947821222245693,0.18191540241241455,1.2335261106491089,4,0.75,
fixed,1,3139,1.1841574907302856,1.8117858417099342e-05,0.004505878780037165,0.04935336112976074,1.2012255191802979,4,0.25,
fixed,1,3140,1.2476269006729126,0.0,0.002499849535524845,0.07048404216766357,1.2700220346450806,4,0.25,0.9627370834350586
fixed,1,3141,1.3036305904388428,0.0,0.009592583402991295,0.21493983268737793,1.3729088306427002,4,0.75,
fixed,1,3142,0.9802335500717163,0.0,0.008486626669764519,0.0994194746017456,1.0143027305603027,4,0.5,
fixed,1,3143,1.093976378440857,0.0,7.054068555589765e-05,0.29041290283203125,1.1811355352401733,4,0.0,
fixed,1,3144,1.3442553281784058,0.0,0.002398328622803092,0.0926666259765625,1.3732545375823975,4,0.25,
fixed,1,3145,0.7670813202857971,0.0,0.011435043066740036,0.20849096775054932,0.8353461623191833,4,0.75,3.738147020339966
fixed,1,3146,0.8790961503982544,0.0,0.01057346723973751,0.20419764518737793,0.9456421732902527,4,0.75,
fixed,1,3147,1.2841178178787231,0.0,0.004006719682365656,0.08601927757263184,1.3119269609451294,4,0.25,
fixed,1,3148,0.8298114538192749,1.916954943226301e-06,0.0020657717250287533,0.0742638111114502,0.8531244397163391,4,0.25,
fixed,1,3149,1.0270673036575317,0.0,0.0005266465013846755,0.15728437900543213,1.07451593875885,4,0.0,
fixed,1,3150,1.0749995708465576,0.0,0.018368756398558617,0.43822789192199707,1.215652346611023,4,1.0,5.681074619293213
fixed,1,3151,1.1847859621047974,0.0,0.0025687699671834707,0.07580971717834473,1.2088133096694946,4,0.25,
fixed,1,3152,1.3908812999725342,0.0,0.01983918994665146,0.15426909923553467,1.4470815658569336,4,0.75,
fixed,1,3153,1.0881397724151611,0.0,0.0038403430953621864,0.0803828239440918,1.1141748428344727,4,0.25,
fixed,1,3154,1.068250298500061,0.03584104776382446,0.003489991184324026,0.06516742706298828,1.1074661016464233,4,0.5,
fixed,1,3155,0.8654183745384216,0.0,0.007697421126067638,0.06216883659362793,0.8879177570343018,4,0.5,2.540175676345825
fixed,1,3156,0.4370325803756714,0.0,0.01310950331389904,0.18653833866119385,0.49954885244369507,4,0.75,
fixed,1,3157,0.573342502117157,0.0,0.011933419853448868,0.05528366565704346,0.5958943367004395,4,0.5,
fixed,1,3158,0.8745304942131042,0.0,0.017152028158307076,0.15549468994140625,0.929754912853241,4,0.75,
fixed,1,3159,0.6937319040298462,0.0,0.02192402258515358,0.3893522024154663,0.8214995861053467,4,1.0,
fixed,1,3160,0.9256380200386047,0.02801535837352276,0.01456448994576931,0.39509522914886475,1.065456509590149,4,1.0,0.9653250575065613
fixed,1,3161,1.237079381942749,0.03156009688973427,0.006629910785704851,0.06176912784576416,1.274705171585083,4,0.5,
fixed,1,3162,1.0128535032272339,0.0,0.012657994404435158,0.05687844753265381,1.0362460613250732,4,0.5,
fixed,1,3163,0.7955578565597534,0.0,0.013398724608123302,0.06166648864746094,0.8207571506500244,4,0.5,
fixed,1,3164,1.3559602499008179,0.0,0.020561713725328445,0.1910874843597412,1.423567295074463,4,0.25,
fixed,1,3165,0.6358685493469238,0.0,0.019564224407076836,0.04327857494354248,0.6586342453956604,4,0.5,4.653434753417969
fixed,1,3166,0.6814077496528625,0.0,0.020626485347747803,0.04289567470550537,0.7045897245407104,4,0.5,
fixed,1,3167,0.49870824813842773,0.0,0.03437473624944687,0.0309450626373291,0.5251791477203369,4,0.5,
fixed,1,3168,1.1076812744140625,0.0,0.014857872389256954,0.17167925834655762,1.1666139364242554,4,0.25,
fixed,1,3169,0.711741030216217,0.013528058305382729,0.03481759876012802,0.043263792991638184,0.7488930225372314,4,0.75,
fixed,1,3170,0.319640576839447,0.0,0.028680920600891113,0.07073855400085449,0.3552026152610779,4,0.75,6.638458251953125
fixed,1,3171,0.7717112898826599,0.024774454534053802,0.0008969575865194201,0.14098739624023438,0.8268432021141052,4,0.25,
fixed,1,3172,1.1288634538650513,0.02616145834326744,0.017898764461278915,0.07801270484924316,1.1742973327636719,4,0.75,
fixed,1,3173,0.572594940662384,0.012588865123689175,0.02563297748565674,0.21222186088562012,0.6553724408149719,4,1.0,
fixed,1,3174,1.4102028608322144,0.0,0.018119119107723236,0.047960638999938965,1.4336506128311157,4,0.5,
fixed,1,3175,1.837316632270813,0.0,0.008832250721752644,0.039096951484680176,1.8534618616104126,4,0.25,2.413027048110962
fixed,1,3176,0.9113643765449524,0.0,0.028805788606405258,0.08028876781463623,0.9498538970947266,4,0.75,
fixed,1,3177,0.6065728068351746,0.0,0.023791860789060593,0.09514081478118896,0.6470109820365906,4,0.75,
fixed,1,3178,0.8513110876083374,0.0,0.021054286509752274,0.10323381423950195,0.8928083777427673,4,0.75,
fixed,1,3179,1.0072110891342163,0.01135263778269291,0.0019356352277100086,0.05254042148590088,1.0296173095703125,4,0.25,
fixed,1,3180,0.6183933019638062,0.0,0.023694101721048355,0.06755602359771729,0.6505071520805359,4,0.25,4.4660468101501465
fixed,1,3181,1.0093885660171509,0.0,0.025606529787182808,0.035477638244628906,1.0328351259231567,4,0.5,
fixed,1,3182,0.6673969626426697,0.0,0.03197489306330681,0.10195410251617432,0.7139706611633301,4,0.75,
fixed,1,3183,0.9858125448226929,0.0,0.022886542603373528,0.11747372150421143,1.0324978828430176,4,0.75,
fixed,1,3184,0.9814167618751526,0.012493306770920753,0.015171928331255913,0.09691548347473145,1.0243240594863892,4,0.75,
fixed,1,3185,0.7579914927482605,0.0,0.03808610141277313,0.09444618225097656,0.8053684234619141,4,0.75,8.238228797912598
fixed,1,3186,0.2035575658082962,0.0,0.016329586505889893,0.053762197494506836,0.2278510183095932,4,0.5,
fixed,1,3187,0.9996263384819031,0.0,0.002447062637656927,0.2527949810028076,1.0766884088516235,4,0.0,
fixed,1,3188,1.1942692995071411,0.0,0.005754441488534212,0.18514609336853027,1.252690315246582,4,0.25,
fixed,1,3189,0.9632705450057983,0.0,0.014662237837910652,0.09384691715240479,0.9987557530403137,4,0.5,
fixed,1,3190,0.8691695332527161,0.0,0.02266913652420044,0.1276949644088745,0.9188125729560852,4,0.75,6.051827907562256
fixed,1,3191,2.290341377258301,0.02928345836699009,0.030477309599518776,0.27709174156188965,2.4033493995666504,4,1.0,
fixed,1,3192,0.9813103079795837,0.0,0.010996924713253975,0.06874442100524902,1.0074321031570435,4,0.5,
fixed,1,3193,1.086096167564392,0.0,0.025333993136882782,0.07367610931396484,1.1208659410476685,4,0.5,
fixed,1,3194,0.5548896193504333,0.013587938621640205,0.008301462046802044,0.06453800201416016,0.5851957201957703,4,0.5,
fixed,1,3195,0.7245121002197266,0.0,0.013927405700087547,0.06566333770751953,0.751174807548523,4,0.5,3.896411418914795
fixed,1,3196,0.35884562134742737,0.0,0.00866109412163496,0.08659052848815918,0.3891533315181732,4,0.25,
fixed,1,3197,0.540950357913971,0.04623930901288986,0.015612372197210789,0.2710980176925659,0.6532056331634521,4,1.0,
fixed,1,3198,0.9157441854476929,0.019447604194283485,0.0017281491309404373,0.16930460929870605,0.9771234393119812,4,0.25,
fixed,1,3199,1.3784606456756592,0.0,0.008485742844641209,0.1367567777633667,1.4237306118011475,4,0.25,
fixed,1,3200,0.7840828895568848,0.0,0.002306918380782008,0.4064955711364746,0.9071850180625916,4,0.0,2.418308734893799
fixed,1,3201,0.6019823551177979,0.0,0.00917839165776968,0.03440093994140625,0.6168918609619141,4,0.25,
fixed,1,3202,0.76813805103302,0.0,0.020727582275867462,0.11134469509124756,0.8119052648544312,4,0.75,
fixed,1,3203,0.7285880446434021,0.0,0.010810477659106255,0.03321027755737305,0.7439563870429993,4,0.25,
fixed,1,3204,0.5061686635017395,0.0,0.02918502874672413,0.08920812606811523,0.5475236177444458,4,0.75,
fixed,1,3205,1.7497525215148926,0.0,0.02917265146970749,0.0772700309753418,1.7875198125839233,4,0.75,6.827029228210449
fixed,1,3206,1.3050637245178223,0.0,0.012993826530873775,0.06509160995483398,1.3310880661010742,4,0.5,
fixed,1,3207,0.5311613082885742,0.0,0.015625735744833946,0.06127274036407471,0.5573559999465942,4,0.5,
fixed,1,3208,1.3645050525665283,0.02751762606203556,0.015094317495822906,0.11359846591949463,1.4198905229568481,4,0.75,
fixed,1,3209,1.103596806526184,0.0,0.00863953772932291,0.12429416179656982,1.145204782485962,4,0.25,
fixed,1,3210,1.0525884628295898,0.0,0.014420384541153908,0.06529736518859863,1.079387903213501,4,0.5,3.925804376602173
fixed,1,3211,1.1136879920959473,0.0,0.0015731926541775465,0.23312926292419434,1.1844133138656616,4,0.0,
fixed,1,3212,0.933221161365509,0.0,0.007314977236092091,0.15344476699829102,0.9829120635986328,4,0.25,
fixed,1,3213,0.5306134819984436,0.0,0.013904118910431862,0.07247483730316162,0.5593079924583435,4,0.5,
fixed,1,3214,0.49919262528419495,0.01689288765192032,0.022640515118837357,0.14923250675201416,0.5637290477752686,4,0.75,
fixed,1,3215,0.5218384861946106,0.011171882972121239,0.015263165347278118,0.09916603565216064,0.564805805683136,4,0.75,1.8836923837661743
fixed,1,3216,0.9803053736686707,0.0,0.006280150730162859,0.13713526725769043,1.0245860815048218,4,0.25,
fixed,1,3217,1.1795316934585571,0.0,0.023144517093896866,0.3911094069480896,1.3084367513656616,4,1.0,
fixed,1,3218,0.9470419883728027,0.02757749892771244,0.022595003247261047,0.11339592933654785,1.006147027015686,4,0.75,
fixed,1,3219,1.2800592184066772,0.0,0.01138600055128336,0.14217925071716309,1.3284059762954712,4,0.25,
fixed,1,3220,1.3079978227615356,0.0,0.026152754202485085,0.181357741355896,1.3754814863204956,4,0.25,4.220860004425049
fixed,1,3221,1.54534113407135,0.0,0.017307743430137634,0.13429391384124756,1.5942832231521606,4,0.25,
fixed,1,3222,0.857854962348938,0.0,0.0071736546233296394,0.03510642051696777,0.8719736933708191,4,0.25,
fixed,1,3223,0.6545184850692749,0.013841915875673294,0.013107371516525745,0.10724163055419922,0.7001656293869019,4,0.75,
fixed,1,3224,1.0725535154342651,0.0,0.005029287654906511,0.06443548202514648,1.094398856163025,4,0.25,
fixed,1,3225,1.181170105934143,0.0,0.012108895927667618,0.05327153205871582,1.2032060623168945,4,0.5,3.7516653537750244
fixed,1,3226,1.124015212059021,0.0,0.008666807785630226,0.048523545265197754,1.1429057121276855,4,0.5,
fixed,1,3227,0.8206613063812256,0.0,0.019011832773685455,0.03981757164001465,0.8421124815940857,4,0.5,
fixed,1,3228,1.325264573097229,0.02674655243754387,0.010549412108957767,0.15118658542633057,1.3892685174942017,4,0.75,
fixed,1,3229,0.5748605728149414,0.0,0.010277630761265755,0.045392394065856934,0.5936170816421509,4,0.5,
fixed,1,3230,0.9417780637741089,2.481870978954248e-06,0.005483062006533146,0.06515753269195557,0.9640681147575378,4,0.25,1.7000967264175415
fixed,1,3231,0.6614686846733093,0.0,0.006569996010512114,0.042754530906677246,0.6775800585746765,4,0.25,
fixed,1,3232,0.7251434326171875,0.0,0.013242213055491447,0.17739689350128174,0.7849836349487305,4,0.75,
fixed,1,3233,0.6386256814002991,0.0,0.0074619511142373085,0.03968954086303711,0.6542634963989258,4,0.25,
fixed,1,3234,0.7733237147331238,0.0,0.007169457618147135,0.037038326263427734,0.7880199551582336,4,0.25,
fixed,1,3235,0.8582172989845276,0.0,0.027809754014015198,0.13661420345306396,0.9131064414978027,4,0.75,6.589540004730225
fixed,1,3236,0.7263444662094116,0.012759977951645851,0.027289671823382378,0.2409665584564209,0.818659245967865,4,1.0,
fixed,1,3237,1.0446827411651611,0.0,0.02220773510634899,0.412838339805603,1.179638147354126,4,1.0,
fixed,1,3238,1.2646530866622925,0.0,0.02237784117460251,0.12060225009918213,1.3120226860046387,4,0.5,
fixed,1,3239,1.240103840827942,0.0,0.03798781335353851,0.150185227394104,1.304153323173523,4,0.75,
fixed,1,3240,0.6992259621620178,0.0,0.012920059263706207,0.09571385383605957,0.7344001531600952,4,0.5,3.6881723403930664
fixed,1,3241,1.1053998470306396,0.0390896238386631,0.004030108917504549,0.12740576267242432,1.1651813983917236,4,0.75,
fixed,1,3242,1.2464467287063599,0.0,0.016247214749455452,0.05577981472015381,1.2713042497634888,4,0.5,
fixed,1,3243,0.8181486129760742,0.0,0.005647946149110794,0.19659686088562012,0.8799516558647156,4,0.25,
fixed,1,3244,1.2916170358657837,0.008302035741508007,0.014684013091027737,0.08845806121826172,1.3296475410461426,4,0.75,
fixed,1,3245,0.9118885397911072,0.0,0.009156905114650726,0.17488622665405273,0.9689328670501709,4,0.25,2.675342321395874
fixed,1,3246,1.48856520652771,0.0,0.013169193640351295,0.044446349143981934,1.508483648300171,4,0.25,
fixed,1,3247,0.7941918969154358,0.0,0.04145670309662819,0.08242785930633545,0.8396486043930054,4,0.75,
fixed,1,3248,0.9280208349227905,0.005341236013919115,0.0018054681131616235,0.21794521808624268,0.9969777464866638,4,0.25,
fixed,1,3249,0.678966224193573,0.0,0.024912891909480095,0.2232522964477539,0.7583983540534973,4,0.75,
fixed,1,3250,1.0045419931411743,0.0,0.006650486495345831,0.09194695949554443,1.0354512929916382,4,0.25,2.4494574069976807
fixed,1,3251,0.6771425604820251,0.014475064352154732,0.015354011207818985,0.0748136043548584,0.7145012021064758,4,0.75,
fixed,1,3252,0.5518001914024353,0.0,0.041608426719903946,0.05282890796661377,0.5884530544281006,4,0.5,
fixed,1,3253,1.2327882051467896,0.0,0.02272605709731579,0.10127019882202148,1.2745323181152344,4,0.75,
fixed,1,3254,1.3697117567062378,0.0,0.028197402134537697,0.08662557601928711,1.4097981452941895,4,0.75,
fixed,1,3255,1.054650068283081,0.0,0.023301932960748672,0.09715187549591064,1.0954465866088867,4,0.75,6.4873504638671875
fixed,1,3256,1.1265512704849243,0.005688759498298168,0.007146224845200777,0.06222426891326904,1.151636004447937,4,0.5,
fixed,1,3257,0.511313796043396,0.0,0.033336468040943146,0.08755242824554443,0.5542477369308472,4,0.75,
fixed,1,3258,1.1721394062042236,0.006585684604942799,0.005252709146589041,0.06095552444458008,1.1963452100753784,4,0.5,
fixed,1,3259,0.6336259245872498,0.0,0.006944384891539812,0.10376238822937012,0.6682268381118774,4,0.25,
fixed,1,3260,0.5888262987136841,0.0,0.010070637799799442,0.061400771141052246,0.612281858921051,4,0.5,3.2642765045166016
fixed,1,3261,0.6172534823417664,0.0,0.028990689665079117,0.06141078472137451,0.6501720547676086,4,0.5,
fixed,1,3262,0.6102257966995239,0.0,0.014834342524409294,0.06820893287658691,0.6381056308746338,4,0.5,
fixed,1,3263,1.0392465591430664,0.0,0.020323071628808975,0.13924026489257812,1.0911802053451538,4,0.75,
fixed,1,3264,1.7864389419555664,0.04103684797883034,0.005827220156788826,0.11231660842895508,1.8435659408569336,4,0.75,
fixed,1,3265,0.8316104412078857,0.0,0.010116745717823505,0.08811366558074951,0.863102912902832,4,0.5,3.2604269981384277
fixed,1,3266,0.6332907676696777,0.0,0.003043595002964139,0.1984257698059082,0.6943402886390686,4,0.0,
fixed,1,3267,0.87557452917099,0.033405281603336334,0.011594687588512897,0.46990716457366943,1.0390466451644897,4,1.0,
fixed,1,3268,0.8831181526184082,0.0,0.009881031699478626,0.08782792091369629,0.9144070148468018,4,0.5,
fixed,1,3269,0.6055518984794617,0.0,0.002564279595389962,0.28742659091949463,0.6930620074272156,4,0.0,
fixed,1,3270,0.7470675110816956,0.0,0.014179193414747715,0.18404436111450195,0.8093703985214233,4,0.75,4.476362705230713
fixed,1,3271,1.3385021686553955,0.0,0.010278449393808842,0.12161922454833984,1.380127191543579,3,0.25,
fixed,1,3272,1.0856177806854248,0.0,0.012841098010540009,0.07718253135681152,1.1151931285858154,4,0.5,
fixed,1,3273,0.7057164311408997,0.0,0.01044733077287674,0.05202221870422363,0.7265467643737793,4,0.25,
fixed,1,3274,0.2919744551181793,0.0,0.013383129611611366,0.06664788722991943,0.3186603784561157,4,0.5,
fixed,1,3275,1.280931830406189,0.0,0.008269067853689194,0.10897612571716309,1.3177591562271118,4,0.25,2.6997170448303223
fixed,1,3276,1.2057602405548096,0.0,0.0013078940100967884,0.40697991847991943,1.3285081386566162,4,0.0,
fixed,1,3277,0.8310756683349609,0.0,0.01589117757976055,0.1591733694076538,0.8867732882499695,4,0.75,
fixed,1,3278,0.46851223707199097,0.0,0.0299591775983572,0.06262612342834473,0.5022796392440796,4,0.5,
fixed,1,3279,1.212375283241272,0.0,0.019278256222605705,0.1350919008255005,1.2625420093536377,4,0.75,
fixed,1,3280,0.7855286002159119,0.013961858116090298,0.0016267088940367103,0.04298710823059082,0.8062190413475037,4,0.25,3.285104513168335
fixed,1,3281,1.1460058689117432,0.0,0.008653838187456131,0.05697369575500488,1.1674249172210693,4,0.5,
fixed,1,3282,0.5843492150306702,0.0,0.013546296395361423,0.18745386600494385,0.6473585367202759,4,0.75,
fixed,1,3283,0.6664270758628845,0.0,0.018329128623008728,0.14870381355285645,0.7202028036117554,4,0.75,
fixed,1,3284,1.075338363647461,0.011463473550975323,0.01123165525496006,0.11277484893798828,1.120518445968628,4,0.75,
fixed,1,3285,1.3878862857818604,0.0,0.011676643043756485,0.05253887176513672,1.4094862937927246,4,0.5,3.513002395629883
fixed,1,3286,1.095959186553955,0.0,0.012819899246096611,0.05565190315246582,1.1190646886825562,4,0.5,
fixed,1,3287,0.5977087616920471,0.0,0.040927812457084656,0.08435475826263428,0.6434791088104248,4,0.75,
fixed,1,3288,1.2663705348968506,0.0,0.0014200041769072413,0.16568994522094727,1.3167874813079834,4,0.0,
fixed,1,3289,1.2324901819229126,0.0,0.01820356957614422,0.04219233989715576,1.2542496919631958,4,0.25,
fixed,1,3290,1.0289839506149292,0.010805780999362469,0.059321463108062744,0.09661102294921875,1.0930309295654297,4,1.0,8.210103988647461
fixed,1,3291,0.6063878536224365,0.0,0.005627898965030909,0.13473868370056152,0.6496233940124512,4,0.25,
fixed,1,3292,0.9477513432502747,0.0,0.010868889279663563,0.06319451332092285,0.9721441268920898,4,0.5,
fixed,1,3293,1.5349113941192627,0.01594621315598488,0.01565796136856079,0.3109133243560791,1.6439874172210693,4,1.0,
fixed,1,3294,0.6067859530448914,0.04532930627465248,0.013716807588934898,0.2755446434020996,0.718972384929657,4,1.0,
fixed,1,3295,1.072466492652893,0.0,0.009785151109099388,0.08825087547302246,1.1038343906402588,4,0.5,3.181198835372925
fixed,1,3296,0.6181251406669617,0.0,0.010547222569584846,0.09080004692077637,0.6506387591362,4,0.5,
fixed,1,3297,0.8796483278274536,0.028374800458550453,0.0017263466725125909,0.10672688484191895,0.9267169833183289,4,0.25,
fixed,1,3298,0.8296405076980591,0.0,0.0019510301062837243,0.25481951236724854,0.9070618748664856,4,0.0,
fixed,1,3299,0.906568169593811,0.0,0.02375079318881035,0.2494337558746338,0.9932736754417419,4,0.75,
fixed,1,3300,0.7855684757232666,0.0,0.008606777526438236,0.19063043594360352,0.8470609784126282,4,0.25,2.421623468399048
fixed,1,3301,0.22425617277622223,0.0,0.022269627079367638,0.08089780807495117,0.2596603333950043,4,0.5,
fixed,1,3302,0.6939118504524231,0.0,0.010351460427045822,0.1871800422668457,0.7552415728569031,4,0.25,
fixed,1,3303,0.8893851041793823,0.0,0.012562233954668045,0.18050336837768555,0.9498172402381897,4,0.25,
fixed,1,3304,0.9017052054405212,0.0,0.006819421891123056,0.11630833148956299,0.9400073885917664,4,0.25,
fixed,1,3305,0.6889351606369019,0.022581158205866814,0.021258831024169922,0.08519184589385986,0.7364127039909363,4,0.75,1.4516624212265015
fixed,1,3306,0.538077712059021,0.0,0.030609235167503357,0.0952310562133789,0.5819516181945801,4,0.75,
fixed,1,3307,0.6078518033027649,0.0,0.03565071523189545,0.08040368556976318,0.6497982740402222,4,0.75,
fixed,1,3308,1.6742346286773682,0.0,0.013910194858908653,0.03938114643096924,1.6930041313171387,4,0.5,
fixed,1,3309,0.7345089316368103,0.0,0.032244011759757996,0.0803828239440918,0.774745762348175,4,0.75,
fixed,1,3310,1.4302880764007568,0.013882597908377647,0.012505056336522102,0.08550190925598145,1.469132423400879,4,0.75,1.4374979734420776
fixed,1,3311,0.9773062467575073,0.0,0.042597923427820206,0.07717359066009521,1.0217572450637817,4,0.75,
fixed,1,3312,1.10464608669281,0.0,0.021913498640060425,0.12033772468566895,1.15170419216156,4,0.75,
fixed,1,3313,0.7103034853935242,0.005250179208815098,0.0051157777197659016,0.04997217655181885,0.7304781079292297,4,0.25,
fixed,1,3314,0.7216612100601196,0.0,0.002246817108243704,0.14486336708068848,0.7662436366081238,4,0.0,
fixed,1,3315,0.4099211096763611,0.01529112458229065,0.015455606393516064,0.17920899391174316,0.4790571928024292,4,0.75,2.046905040740967
fixed,1,3316,0.6434683799743652,0.008849947713315487,0.0242612324655056,0.08393299579620361,0.6852038502693176,4,0.5,
fixed,1,3317,1.24298095703125,0.0,0.008845455013215542,0.069374680519104,1.2682161331176758,4,0.5,
fixed,1,3318,0.9102226495742798,0.0,0.05157233029603958,0.07233023643493652,0.9577078819274902,4,0.75,
fixed,1,3319,1.0186989307403564,0.0,0.00787161011248827,0.08591258525848389,1.0484085083007812,4,0.5,
fixed,1,3320,1.0069087743759155,0.03231925517320633,0.030144862830638885,0.10329604148864746,1.0691297054290771,4,0.75,3.24792218208313
fixed,1,3321,0.6872139573097229,0.0,0.008515581488609314,0.13803577423095703,0.7328824996948242,4,0.25,
fixed,1,3322,0.864224374294281,0.0,0.03633126989006996,0.09316849708557129,0.9103405475616455,4,0.25,
fixed,1,3323,0.6731185913085938,0.031910818070173264,0.016054145991802216,0.24058568477630615,0.7692767977714539,4,0.75,
fixed,1,3324,0.8265276551246643,0.0,0.0035198985133320093,0.10997509956359863,0.8612801432609558,4,0.25,
fixed,1,3325,0.672295868396759,0.0,0.007406284101307392,0.03478121757507324,0.6864333748817444,4,0.25,2.332904815673828
fixed,1,3326,1.1075029373168945,0.022630278021097183,0.0010039231274276972,0.03969430923461914,1.1312283277511597,4,0.25,
fixed,1,3327,0.8730027675628662,0.05393006652593613,0.00014813542657066137,0.06171703338623047,0.9185569882392883,4,0.5,
fixed,1,3328,1.4546953439712524,0.13130925595760345,0.012033901177346706,0.3086584806442261,1.618964433670044,4,0.75,
fixed,1,3329,0.8950655460357666,0.0,0.01981423795223236,0.12509477138519287,0.9425010681152344,4,0.75,
fixed,1,3330,1.2589821815490723,0.0,0.029655447229743004,0.10142862796783447,1.3042384386062622,4,0.75,7.5294060707092285
fixed,1,3331,1.0986602306365967,0.0,0.007454830687493086,0.09596586227416992,1.1311774253845215,4,0.25,
fixed,1,3332,1.1896436214447021,0.0,0.04498019814491272,0.08822751045227051,1.2386019229888916,4,0.5,
fixed,1,3333,1.1922770738601685,0.0,0.015133777633309364,0.05162930488586426,1.2153327465057373,4,0.5,
fixed,1,3334,0.864223837852478,0.0,0.007897508330643177,0.09603571891784668,0.8969833254814148,4,0.25,
fixed,1,3335,1.0002866983413696,0.014520041644573212,0.005613202694803476,0.04641532897949219,1.024277925491333,4,0.5,1.7235854864120483
fixed,1,3336,0.9943099617958069,0.0,0.018487798050045967,0.04640829563140869,1.0174763202667236,4,0.5,
fixed,1,3337,0.9303611516952515,0.0,0.033115725964307785,0.08913314342498779,0.9736589789390564,4,0.0,
fixed,1,3338,0.9615967869758606,0.0,0.008376833982765675,0.11097264289855957,0.9990770220756531,4,0.25,
fixed,1,3339,0.7238964438438416,0.0052462369203567505,0.024812232702970505,0.18954360485076904,0.7957887649536133,4,0.75,
fixed,1,3340,0.6808198094367981,0.0,0.020077861845493317,0.04242420196533203,0.7035859823226929,4,0.5,5.335838317871094
fixed,1,3341,0.3479419946670532,0.0,0.0220866110175848,0.03675675392150879,0.3700123429298401,4,0.5,
fixed,1,3342,0.9032202363014221,0.0,0.028746725991368294,0.20194435119628906,0.9781768918037415,4,0.25,
fixed,1,3343,0.9150948524475098,0.0,0.02003314346075058,0.14163565635681152,0.9676021337509155,4,0.75,
fixed,1,3344,0.794844388961792,0.0,0.024491198360919952,0.11488091945648193,0.8415542840957642,4,0.75,
fixed,1,3345,0.7552692890167236,0.011294247582554817,0.021370645612478256,0.24988019466400146,0.8465657830238342,4,1.0,4.040587425231934
fixed,1,3346,1.1179720163345337,0.0,0.008527991361916065,0.12489402294158936,1.1597042083740234,4,0.25,
fixed,1,3347,0.5620843172073364,0.0,0.03824998065829277,0.10309779644012451,0.6121386289596558,4,0.5,
fixed,1,3348,0.8845421671867371,0.034515537321567535,0.006514030508697033,0.09115314483642578,0.9324029088020325,4,0.75,
fixed,1,3349,0.8327694535255432,0.011840266175568104,0.016210393980145454,0.0729818344116211,0.8686893582344055,4,0.5,
fixed,1,3350,0.6599315404891968,0.0,0.004682103171944618,0.09359860420227051,0.690352201461792,4,0.25,1.5551207065582275
fixed,1,3351,0.5614646077156067,0.011469722725450993,0.033989280462265015,0.19589602947235107,0.6429629325866699,4,1.0,
fixed,1,3352,0.6222143173217773,0.0,0.008638032712042332,0.11200451850891113,0.6601346731185913,4,0.25,
fixed,1,3353,0.9699689149856567,0.0,0.006446943152695894,0.09218120574951172,1.0008467435836792,4,0.25,
fixed,1,3354,0.7562205791473389,0.0,0.03222984820604324,0.17137670516967773,0.8237485289573669,4,0.75,
fixed,1,3355,1.19841730594635,0.007168601732701063,0.006251154933124781,0.04691600799560547,1.2192020416259766,4,0.5,1.2792136669158936
fixed,1,3356,0.7590166926383972,0.0,0.01896613836288452,0.04021584987640381,0.780564546585083,4,0.5,
fixed,1,3357,0.8117664456367493,0.03482125699520111,0.02382306009531021,0.07456517219543457,0.8634581565856934,4,0.75,
fixed,1,3358,1.3775044679641724,0.0,9.034942195285112e-05,0.3122667074203491,1.4712296724319458,4,0.0,
fixed,1,3359,0.9810026288032532,0.009521818719804287,0.018754929304122925,0.0788111686706543,1.0187844038009644,4,0.75,
fixed,1,3360,0.42189985513687134,4.107508857487119e-07,0.0017634476535022259,0.1905961036682129,0.4799606204032898,4,0.0,0.9035876989364624
fixed,1,3361,1.043087124824524,0.0,0.011531391181051731,0.08928501605987549,1.0756382942199707,4,0.25,
fixed,1,3362,1.1511509418487549,2.274873907026631e-07,6.13926094956696e-05,0.2893376350402832,1.237982988357544,4,0.0,
fixed,1,3363,0.7211272716522217,3.797835688601481e-06,0.023136066272854805,0.047547340393066406,0.7469614148139954,4,0.5,
fixed,1,3364,0.6879582405090332,1.0765294064185582e-05,0.002738387556746602,0.15280532836914062,0.7351744174957275,4,0.0,
fixed,1,3365,0.6365450620651245,6.328226299956441e-05,0.014019971713423729,0.08004200458526611,0.6675993204116821,4,0.5,4.027059555053711
fixed,1,3366,0.9144931435585022,0.00013032002607360482,0.006114776246249676,0.06292557716369629,0.9364933371543884,4,0.25,
fixed,1,3367,0.7757668495178223,0.0,0.0222715325653553,0.40432220697402954,0.9081993103027344,4,1.0,
fixed,1,3368,1.4117743968963623,1.9612596133811167e-06,0.016192156821489334,0.10326123237609863,1.4508497714996338,4,0.25,
fixed,1,3369,0.2881370484828949,9.84583020908758e-05,0.008845328353345394,0.06669378280639648,0.31261706352233887,4,0.25,
fixed,1,3370,0.5117595791816711,0.00016080985369626433,0.005164872854948044,0.07522463798522949,0.5369898080825806,4,0.25,1.7337417602539062
fixed,1,3371,0.9741909503936768,0.00012851825158577412,0.021444641053676605,0.05988121032714844,1.0029418468475342,4,0.5,
fixed,1,3372,1.0059078931808472,0.0,0.033572856336832047,0.1624215841293335,1.0714207887649536,4,0.75,
fixed,1,3373,1.6167851686477661,0.0030564090702682734,0.008191485889256,0.16307389736175537,1.6713312864303589,4,0.5,
fixed,1,3374,0.7306864857673645,2.129748281731736e-05,0.017985854297876358,0.17730355262756348,0.7928811311721802,4,0.75,
fixed,1,3375,1.1780232191085815,0.0001796317083062604,0.00745704211294651,0.0722665786743164,1.203521490097046,4,0.25,2.16755747795105
fixed,1,3376,1.1906503438949585,0.0260157473385334,0.017383135855197906,0.06128048896789551,1.230733871459961,4,0.5,
fixed,1,3377,0.9662367701530457,0.0008804101962596178,0.012208724394440651,0.08045923709869385,0.9969190955162048,4,0.5,
fixed,1,3378,0.8219524621963501,0.003399939276278019,0.008356341160833836,0.09022843837738037,0.8548991084098816,4,0.5,
fixed,1,3379,0.849208652973175,0.0003906000347342342,0.01827889308333397,0.18033087253570557,0.9126426577568054,4,0.75,
fixed,1,3380,0.9339837431907654,0.011716499924659729,0.01641612872481346,0.30640900135040283,1.0399727821350098,4,1.0,3.121898889541626
fixed,1,3381,1.3444727659225464,1.1349281521688681e-05,0.010759644210338593,0.1261882781982422,1.3877147436141968,4,0.25,
fixed,1,3382,0.7914012670516968,2.9671558877453208e-05,0.010161212645471096,0.1404738426208496,0.8386388421058655,4,0.25,
fixed,1,3383,0.914490818977356,0.0,0.03148485720157623,0.11275482177734375,0.9640597105026245,4,0.75,
fixed,1,3384,0.47462159395217896,0.03874010592699051,0.018262039870023727,0.21914196014404297,0.5688652396202087,4,1.0,
fixed,1,3385,0.6285179257392883,0.0,0.027110762894153595,0.06331396102905273,0.6610674858093262,4,0.5,5.840843200683594
fixed,1,3386,1.4289069175720215,0.007809277158230543,0.04468665271997452,0.07395100593566895,1.4773402214050293,4,0.5,
fixed,1,3387,0.8789749145507812,0.0,0.03668096661567688,0.09631228446960449,0.9262090921401978,4,0.5,
fixed,1,3388,1.1733933687210083,0.0,0.05921417474746704,0.05917811393737793,1.2207539081573486,4,0.5,
fixed,1,3389,0.8088201284408569,0.0,0.03065432608127594,0.09267818927764893,0.8519507646560669,4,0.75,
fixed,1,3390,0.5959746837615967,0.0,0.006460170261561871,0.13918280601501465,0.640959620475769,4,0.25,2.0547425746917725
fixed,1,3391,0.776875376701355,0.0,0.05517645925283432,0.08896207809448242,0.8311522006988525,4,0.25,
fixed,1,3392,0.3466852009296417,0.01947842910885811,0.006458039861172438,0.04250192642211914,0.372404009103775,4,0.5,
fixed,1,3393,0.8769850730895996,0.014255547896027565,0.041442085057497025,0.14939284324645996,0.9496517181396484,4,1.0,
fixed,1,3394,1.223191499710083,0.0,0.010038238018751144,0.09746897220611572,1.2574512958526611,4,0.25,
fixed,1,3395,0.6357199549674988,0.0,0.026281705126166344,0.22229361534118652,0.7155488729476929,4,0.75,7.068999767303467
fixed,1,3396,0.8512610793113708,0.0,0.020085014402866364,0.04845750331878662,0.8758408427238464,4,0.5,
fixed,1,3397,0.6345365643501282,1.9717126633622684e-05,0.04922947287559509,0.052770137786865234,0.6749922037124634,4,0.75,
fixed,1,3398,0.672731339931488,0.01652533933520317,0.01011316291987896,0.11785948276519775,0.7214084267616272,4,0.75,
fixed,1,3399,0.8687242865562439,0.021795859560370445,0.006511983461678028,0.049379825592041016,0.8976921439170837,4,0.5,
fixed,1,3400,0.9481709599494934,0.0,0.0065114255994558334,0.04063749313354492,0.9636179208755493,4,0.25,2.016007423400879
fixed,1,3401,0.9428013563156128,0.013933705165982246,0.011413161642849445,0.11798715591430664,0.9908709526062012,4,0.75,
fixed,1,3402,1.2070707082748413,0.04056614637374878,3.463451503193937e-05,0.06622755527496338,1.247239351272583,4,0.5,
fixed,1,3403,1.122099757194519,0.0,0.006721881218254566,0.04830610752105713,1.139952540397644,4,0.25,
fixed,1,3404,0.5935319066047668,0.0,0.021756891161203384,0.09274554252624512,0.6322340369224548,4,0.5,
fixed,1,3405,1.048905611038208,0.0,0.013781311921775341,0.061010003089904785,1.0740993022918701,4,0.5,4.18172025680542
fixed,1,3406,0.6523701548576355,0.0,0.04826100543141365,0.08976864814758301,0.703431248664856,4,0.75,
fixed,1,3407,0.7667986154556274,0.0,0.040604088455438614,0.13975703716278076,0.8290277719497681,4,0.25,
fixed,1,3408,0.8230870962142944,0.0,0.011402123607695103,0.05870044231414795,0.8463982939720154,4,0.25,
fixed,1,3409,0.6418417692184448,0.021461332216858864,0.00479136360809207,0.11580812931060791,0.6897105574607849,4,0.5,
fixed,1,3410,1.4490783214569092,0.0,0.004659819416701794,0.19414734840393066,1.5096523761749268,4,0.25,1.6969479322433472
fixed,1,3411,1.117739200592041,0.0,0.01251812931150198,0.06775689125061035,1.1443253755569458,4,0.5,
fixed,1,3412,0.8368622064590454,0.02890276350080967,0.0013952981680631638,0.17898786067962646,0.905707597732544,4,0.25,
fixed,1,3413,1.8000465631484985,0.016217462718486786,0.0008691413095220923,0.13507616519927979,1.8491127490997314,4,0.5,
fixed,1,3414,0.5139333605766296,0.0,0.010600445792078972,0.03897404670715332,0.5309258103370667,4,0.25,
fixed,1,3415,0.6989231705665588,0.0,0.013759269379079342,0.0629582405090332,0.7246902585029602,4,0.5,4.212708473205566
fixed,1,3416,0.6825565099716187,0.0,0.013381126336753368,0.06963860988616943,0.7101386785507202,4,0.5,
fixed,1,3417,0.993609607219696,0.0,0.002638460136950016,0.3783736228942871,1.10844087600708,4,0.0,
fixed,1,3418,0.8153643608093262,0.0,0.024187689647078514,0.06392407417297363,0.8466354012489319,4,0.5,
fixed,1,3419,0.7392440438270569,0.03313547000288963,0.0016662862617522478,0.06277477741241455,0.7754773497581482,4,0.25,
fixed,1,3420,0.8544015884399414,0.0,0.03411537781357765,0.1078331470489502,0.9038091897964478,4,0.75,7.6586713790893555
fixed,1,3421,0.3767877519130707,0.0,0.010738763958215714,0.04045891761779785,0.394294798374176,4,0.25,
fixed,1,3422,1.2765941619873047,0.0,0.004960827995091677,0.04958343505859375,1.2939496040344238,4,0.25,
fixed,1,3423,1.1247097253799438,0.0,0.0039397720247507095,0.05039703845977783,1.141798734664917,4,0.25,
fixed,1,3424,0.6694242358207703,0.0,0.014525901526212692,0.18636369705200195,0.7325962781906128,4,0.75,
fixed,1,3425,1.013382911682129,0.0,0.0032837523613125086,0.06831824779510498,1.035520315170288,4,0.25,1.2498652935028076
fixed,1,3426,1.2602258920669556,0.027818242087960243,0.0031059663742780685,0.07556533813476562,1.298357605934143,4,0.5,
fixed,1,3427,1.5008797645568848,0.012899276800453663,0.00394242350012064,0.061762332916259766,1.5278292894363403,4,0.5,
fixed,1,3428,1.6836081743240356,0.0008276820299215615,0.006808369420468807,0.06598782539367676,1.707222580909729,4,0.5,
fixed,1,3429,0.7361770272254944,0.01351106446236372,0.04793987423181534,0.1775829792022705,0.8201773762702942,4,1.0,
fixed,1,3430,0.852831244468689,2.077603312500287e-06,0.015749940648674965,0.0703885555267334,0.8818238377571106,4,0.5,4.134034633636475
fixed,1,3431,0.6847875118255615,3.644065316166234e-07,0.015551705844700336,0.17526590824127197,0.7451432943344116,4,0.75,
fixed,1,3432,0.8387126922607422,0.0,0.00929226540029049,0.08542346954345703,0.8689858913421631,4,0.5,
fixed,1,3433,0.7915328741073608,0.0,0.027592001482844353,0.10988891124725342,0.838295578956604,4,0.25,
fixed,1,3434,0.4490225911140442,0.0,5.5093855735321995e-06,0.39858853816986084,0.5686019062995911,4,0.0,
fixed,1,3435,0.9410075545310974,0.0,0.02391827292740345,0.09879720211029053,0.9826058745384216,4,0.5,5.028138637542725
fixed,1,3436,0.6253440976142883,0.0,0.01495360303670168,0.17772269248962402,0.6861377358436584,4,0.75,
fixed,1,3437,1.1100910902023315,0.008908418007194996,0.011483863927423954,0.10242700576782227,1.151015281677246,4,0.75,
fixed,1,3438,0.9443566799163818,0.0,0.0071034240536391735,0.1092231273651123,0.9806753396987915,4,0.25,
fixed,1,3439,1.4452924728393555,0.0,0.020373119041323662,0.14669585227966309,1.4994877576828003,4,0.75,
fixed,1,3440,0.3600507378578186,0.0,0.009860536083579063,0.20964014530181885,0.42787304520606995,4,0.75,3.5928518772125244
fixed,1,3441,0.5001617670059204,0.0,0.005581283010542393,0.07851362228393555,0.5265064835548401,4,0.25,
fixed,1,3442,0.5712839365005493,0.01736096478998661,0.016802337020635605,0.3184990882873535,0.6839153170585632,4,1.0,
fixed,1,3443,1.0646648406982422,0.0,0.011644305661320686,0.0442357063293457,1.083757758140564,4,0.5,
fixed,1,3444,0.960303783416748,0.0,0.007796000223606825,0.05909919738769531,0.9819315671920776,4,0.25,
fixed,1,3445,1.1117079257965088,0.0,0.02131202071905136,0.11509442329406738,1.1568922996520996,4,0.75,6.138740062713623
fixed,1,3446,0.7648982405662537,0.015278096310794353,0.021169163286685944,0.2741272449493408,0.8653600215911865,4,1.0,
fixed,1,3447,0.8130778074264526,0.01162476185709238,0.01851610094308853,0.06467676162719727,0.8475512862205505,4,0.75,
fixed,1,3448,1.3213670253753662,0.0,0.02265552058815956,0.10615777969360352,1.3645421266555786,4,0.75,
fixed,1,3449,1.179321050643921,0.0,0.042468033730983734,0.0673145055770874,1.2207493782043457,4,0.75,
fixed,1,3450,0.8690909147262573,0.0,0.013105933554470539,0.04313766956329346,0.8885852098464966,4,0.25,4.172430992126465
fixed,1,3451,1.2071757316589355,0.0,0.033522237092256546,0.07778632640838623,1.2472727298736572,4,0.5,
fixed,1,3452,0.779795229434967,0.0,0.016444310545921326,0.18808794021606445,0.8444437980651855,4,0.5,
fixed,1,3453,1.2732470035552979,0.0,0.0186280719935894,0.08325338363647461,1.3075370788574219,4,0.5,
fixed,1,3454,0.6846039891242981,0.0,0.056532084941864014,0.18986809253692627,0.7698304653167725,4,0.75,
fixed,1,3455,0.9759295582771301,0.0,0.0376153290271759,0.28412485122680664,1.07997465133667,4,0.0,5.150300979614258
fixed,1,3456,1.058422327041626,0.0,0.021098067983984947,0.0755317211151123,1.0916309356689453,4,0.5,
fixed,1,3457,1.3346260786056519,0.0,0.00936795212328434,0.04498302936553955,1.3528050184249878,4,0.25,
fixed,1,3458,1.4055044651031494,0.0,0.013371778652071953,0.048255324363708496,1.4266669750213623,4,0.5,
fixed,1,3459,1.164147973060608,0.0,0.024687331169843674,0.3694288730621338,1.2873202562332153,4,1.0,
fixed,1,3460,0.4039247930049896,0.0,0.004877913743257523,0.10482501983642578,0.4378112554550171,4,0.25,1.7668107748031616
fixed,1,3461,0.861264705657959,0.0,0.014521846547722816,0.05621802806854248,0.8853910565376282,4,0.25,
fixed,1,3462,0.7080215811729431,0.0,0.013548565097153187,0.1599864959716797,0.7627918124198914,4,0.75,
fixed,1,3463,0.7264118790626526,0.0,0.005159191321581602,0.03488969802856445,0.7394583821296692,4,0.25,
fixed,1,3464,1.1651896238327026,0.0,0.011120403185486794,0.1888895034790039,1.2274166345596313,4,0.75,
fixed,1,3465,0.43146342039108276,0.0,0.009286112152040005,0.2070598602294922,0.4982244372367859,4,0.75,3.3565592765808105
fixed,1,3466,0.6794565916061401,0.03133080154657364,0.01287604309618473,0.4356818199157715,0.8322645425796509,4,1.0,
fixed,1,3467,1.2223284244537354,0.0,0.01647164300084114,0.051307082176208496,1.2459564208984375,4,0.5,
fixed,1,3468,0.7103318572044373,0.02213493548333645,0.004584400914609432,0.04842174053192139,0.7382180690765381,4,0.5,
fixed,1,3469,1.5974069833755493,0.03213179484009743,0.010859459638595581,0.3044193983078003,1.710228443145752,4,0.75,
fixed,1,3470,0.7054815292358398,0.030954016372561455,0.006064845714718103,0.05560481548309326,0.7406724095344543,4,0.5,2.6162173748016357
fixed,1,3471,1.312689185142517,0.0,0.007593296468257904,0.09925210475921631,1.3462615013122559,4,0.25,
fixed,1,3472,0.7529300451278687,0.024614762514829636,0.005958700552582741,0.05754494667053223,0.785480260848999,4,0.75,
fixed,1,3473,1.3550214767456055,0.0,0.0029112137854099274,0.2301797866821289,1.425531029701233,4,0.0,
fixed,1,3474,0.7989662289619446,0.023368529975414276,0.0006553475977852941,0.06683659553527832,0.8310291767120361,4,0.5,
fixed,1,3475,0.7551375031471252,0.0,0.019536443054676056,0.049311041831970215,0.7796990275382996,4,0.5,4.989474296569824
fixed,1,3476,1.134922742843628,0.01117185689508915,0.0010732600931078196,0.2054426670074463,1.2026780843734741,4,0.25,
fixed,1,3477,0.9765413999557495,0.0,0.001403766218572855,0.4597289562225342,1.1151620149612427,4,0.0,
fixed,1,3478,1.1768555641174316,0.0,0.010835748165845871,0.15354657173156738,1.2283374071121216,4,0.25,
fixed,1,3479,0.7096101641654968,0.004203389398753643,0.045347653329372406,0.04292607307434082,0.747263491153717,4,0.25,
fixed,1,3480,1.3035708665847778,0.0,0.03036479279398918,0.20787501335144043,1.3811157941818237,4,0.25,4.987746238708496
fixed,1,3481,0.5736505389213562,0.0,0.03852296620607376,0.06280016899108887,0.6117520928382874,4,0.5,
fixed,1,3482,0.34187284111976624,0.012539445422589779,0.03405827283859253,0.03256189823150635,0.37494027614593506,4,0.75,
fixed,1,3483,0.32946810126304626,0.0,0.02915802411735058,0.03475296497344971,0.3544729948043823,4,0.5,
fixed,1,3484,0.7742626667022705,0.0,0.03215416893362999,0.027688026428222656,0.7986461520195007,4,0.5,
fixed,1,3485,1.3531774282455444,0.0,0.029832590371370316,0.01985788345336914,1.3740510940551758,4,0.5,6.182526111602783
fixed,1,3486,0.581170916557312,0.0,0.05988037958741188,0.16379928588867188,0.6602509021759033,4,0.75,
fixed,1,3487,0.46072712540626526,0.0,0.030851759016513824,0.16248703002929688,0.5248991250991821,4,0.75,
fixed,1,3488,0.7594654560089111,0.0,0.016818348318338394,0.03845071792602539,0.7794098258018494,4,0.5,
fixed,1,3489,0.869849443435669,1.7594564269529656e-05,0.022378576919436455,0.12800812721252441,0.9194499850273132,4,0.75,
fixed,1,3490,1.1653406620025635,6.15513272350654e-06,0.03418250381946564,0.08968734741210938,1.2093411684036255,4,0.75,7.87827205657959
fixed,1,3491,1.5454305410385132,0.025100193917751312,0.0,0.0578618049621582,1.5753391981124878,4,0.25,
fixed,1,3492,0.9222344160079956,0.023638661950826645,0.0,0.0802004337310791,0.9581139087677002,4,0.25,
fixed,1,3493,0.8188108205795288,0.0,0.025981424376368523,0.3877145051956177,0.948115885257721,4,1.0,
fixed,1,3494,0.6375833749771118,9.762139234226197e-05,0.004460299387574196,0.12885987758636475,0.6785203218460083,4,0.0,
fixed,1,3495,0.4456143081188202,8.809215069049969e-05,0.008081075735390186,0.0791025161743164,0.4734296500682831,4,0.5,2.773686170578003
fixed,1,3496,1.2256584167480469,5.677493390976451e-05,0.011771462857723236,0.08360397815704346,1.2566537857055664,4,0.5,
fixed,1,3497,0.4912497401237488,0.018094362691044807,0.013054859824478626,0.144142746925354,0.5500671863555908,4,0.75,
fixed,1,3498,0.8763746619224548,0.0,0.02956417202949524,0.18204009532928467,0.9457687735557556,4,0.75,
fixed,1,3499,0.8164992332458496,2.132386043740553e-06,0.01513888780027628,0.1892838478088379,0.8808549046516418,4,0.75,
fixed,1,3500,0.371482789516449,0.021148115396499634,0.011501144617795944,0.13141262531280518,0.42723119258880615,4,0.5,2.8619964122772217
fixed,1,3501,0.4741290509700775,0.0,0.017833808436989784,0.1739213466644287,0.5352223515510559,4,0.75,
fixed,1,3502,0.7855502963066101,1.0396196614692599e-07,0.013538315892219543,0.06564724445343018,0.8120136857032776,4,0.25,
fixed,1,3503,0.9038909673690796,0.04199004918336868,0.009415164589881897,0.12173056602478027,0.9661127328872681,4,0.75,
fixed,1,3504,0.6433938145637512,0.0,0.007745475973933935,0.15670931339263916,0.6942793726921082,4,0.25,
fixed,1,3505,1.0755332708358765,0.0,0.016494840383529663,0.04034423828125,1.0958839654922485,4,0.25,4.290947914123535
fixed,1,3506,1.1412737369537354,0.0,0.008654913865029812,0.16106557846069336,1.1939208507537842,4,0.25,
fixed,1,3507,1.204850673675537,0.0,0.03531008958816528,0.1156613826751709,1.2572041749954224,4,0.75,
fixed,1,3508,1.117473840713501,0.0,0.016370324417948723,0.04856300354003906,1.1402279138565063,4,0.5,
fixed,1,3509,0.44109490513801575,0.0,0.03601282462477684,0.11386537551879883,0.49326092004776,4,0.75,
fixed,1,3510,0.7420534491539001,0.0,0.014019409194588661,0.07759630680084229,0.7723420262336731,4,0.5,3.9896299839019775
fixed,1,3511,1.491117000579834,0.007136797998100519,0.023158445954322815,0.07756733894348145,1.5295348167419434,4,0.75,
fixed,1,3512,0.5029717087745667,0.008402750827372074,0.010634755715727806,0.025455117225646973,0.52012699842453,4,0.5,
fixed,1,3513,1.2962526082992554,0.015550434589385986,0.023890366777777672,0.07464385032653809,1.338366150856018,4,0.75,
fixed,1,3514,1.167823314666748,0.0,0.016568537801504135,0.05189645290374756,1.1916764974594116,4,0.5,
fixed,1,3515,0.9027893543243408,0.007584183011204004,0.007600307930260897,0.07676815986633301,0.9334120750427246,4,0.5,1.2336901426315308
fixed,1,3516,1.0717616081237793,0.0,0.005971684120595455,0.2221081256866455,1.1413798332214355,4,0.0,
fixed,1,3517,0.8422830700874329,0.0,0.010384783148765564,0.11074459552764893,0.8806988596916199,4,0.25,
fixed,1,3518,1.399932622909546,0.0,0.010592329315841198,0.11930584907531738,1.4410204887390137,4,0.25,
fixed,1,3519,0.8302316665649414,0.0,0.012857877649366856,0.040545105934143066,0.848824143409729,4,0.5,
fixed,1,3520,1.2147042751312256,0.0,0.016277186572551727,0.038658976554870605,1.234440565109253,4,0.5,4.08768367767334
fixed,1,3521,0.9798066020011902,0.03183450922369957,0.0134930070489645,0.1395508050918579,1.0443356037139893,4,0.75,
fixed,1,3522,1.3553085327148438,0.0,0.01860867813229561,0.1448349952697754,1.4080634117126465,4,0.25,
fixed,1,3523,0.4080267548561096,0.0,0.03724593296647072,0.08207535743713379,0.4512723386287689,4,0.75,
fixed,1,3524,1.2190619707107544,0.0,0.0006892455276101828,0.3416147232055664,1.3218910694122314,4,0.0,
fixed,1,3525,0.8514817357063293,0.0,0.019937124103307724,0.26389944553375244,0.9406201243400574,4,0.75,5.597012042999268
fixed,1,3526,1.2983653545379639,0.0,0.0036745837423950434,0.06254935264587402,1.3189674615859985,4,0.25,
fixed,1,3527,1.3773212432861328,0.021549640223383904,0.013363104313611984,0.11224889755249023,1.4284522533416748,4,0.75,
fixed,1,3528,0.7109626531600952,0.02648811787366867,0.00014994047523941845,0.07262778282165527,0.7460700273513794,4,0.25,
fixed,1,3529,0.8323011994361877,0.035106413066387177,0.026337608695030212,0.10224056243896484,0.8936953544616699,4,0.75,
fixed,1,3530,0.925820529460907,3.857190222333884e-06,0.011735524982213974,0.0434340238571167,0.944720447063446,4,0.5,3.5993893146514893
fixed,1,3531,0.47172772884368896,0.0,0.031078709289431572,0.030834317207336426,0.4965173900127411,4,0.5,
fixed,1,3532,1.3327605724334717,0.01871040090918541,0.005391595885157585,0.038213133811950684,1.3562755584716797,4,0.5,
fixed,1,3533,0.763888955116272,0.024516036733984947,0.007732406258583069,0.05951714515686035,0.7978683114051819,4,0.5,
fixed,1,3534,0.6216008067131042,0.0,0.00012702160165645182,0.34118616580963135,0.7240201830863953,4,0.0,
fixed,1,3535,0.33716392517089844,0.0,0.030020151287317276,0.0905313491821289,0.37933340668678284,4,0.75,7.289496421813965
fixed,1,3536,1.288483738899231,0.0,0.02831520326435566,0.06140780448913574,1.3210636377334595,4,0.5,
fixed,1,3537,0.7109740376472473,0.0,0.022417768836021423,0.050473928451538086,0.7373250722885132,4,0.5,
fixed,1,3538,0.4280415177345276,0.0,0.00852943304926157,0.034392476081848145,0.44262397289276123,4,0.25,
fixed,1,3539,0.928440272808075,0.03352298587560654,0.03149330988526344,0.1385340690612793,1.0025086402893066,4,1.0,
fixed,1,3540,0.8776817917823792,0.0,0.005833567585796118,0.0971146821975708,0.90973299741745,4,0.25,1.7870843410491943
fixed,1,3541,0.9326169490814209,0.0,0.010476522147655487,0.03847610950469971,0.9493980407714844,4,0.25,
fixed,1,3542,0.9019597768783569,0.0,0.01683417148888111,0.07082200050354004,0.9316234588623047,4,0.5,
fixed,1,3543,1.3884094953536987,0.0,0.017000578343868256,0.0699605941772461,1.4178979396820068,4,0.5,
fixed,1,3544,1.0669647455215454,0.0,0.023215938359498978,0.042594194412231445,1.09135103225708,4,0.5,
fixed,1,3545,0.4725080728530884,0.0,0.020423846319317818,0.04240918159484863,0.4954427480697632,4,0.5,5.200462818145752
fixed,1,3546,0.8929560780525208,0.013880273327231407,0.002547837095335126,0.06241941452026367,0.9198959469795227,4,0.25,
fixed,1,3547,0.9723601341247559,0.007618450094014406,0.01344723254442215,0.10672867298126221,1.0149115324020386,4,0.5,
fixed,1,3548,0.5611623525619507,0.0,0.03226850926876068,0.09485220909118652,0.6057522892951965,4,0.5,
fixed,1,3549,0.9267827272415161,0.0,0.031309809535741806,0.0978090763092041,0.9717803597450256,4,0.5,
fixed,1,3550,0.4090159833431244,0.0,0.007496611215174198,0.13200581073760986,0.45236602425575256,4,0.25,2.1149399280548096
fixed,1,3551,1.0914453268051147,0.0,0.014642506837844849,0.06267237663269043,1.1175682544708252,4,0.5,
fixed,1,3552,0.9062141180038452,0.0,0.01060502789914608,0.07495510578155518,0.9340031743049622,4,0.5,
fixed,1,3553,1.1821378469467163,0.0,0.022805240005254745,0.16490530967712402,1.2430120706558228,4,0.75,
fixed,1,3554,1.163508415222168,0.0,0.0373123437166214,0.3454359769821167,1.2857953310012817,4,1.0,
fixed,1,3555,1.082313060760498,0.0,0.010566637851297855,0.06305253505706787,1.106512188911438,4,0.5,3.2331345081329346
fixed,1,3556,0.8336716890335083,0.01899845525622368,0.00011557152174646035,0.07940351963043213,0.8670497536659241,4,0.25,
fixed,1,3557,0.9558768272399902,0.0,0.006420408375561237,0.06897377967834473,0.9797791838645935,4,0.5,
fixed,1,3558,0.8899025917053223,0.0,0.008629728108644485,0.0635603666305542,0.9132855534553528,4,0.5,
fixed,1,3559,1.242031455039978,0.0,0.004203449003398418,0.035547852516174316,1.2547975778579712,4,0.25,
fixed,1,3560,0.32990556955337524,0.0,0.009404470212757587,0.23581433296203613,0.4053521156311035,4,0.75,3.293684244155884
fixed,1,3561,2.0770809650421143,0.0,0.00024179599131457508,0.3055816888809204,2.1688764095306396,4,0.0,
fixed,1,3562,0.8872812986373901,0.0,0.017545972019433975,0.17745041847229004,0.9492894411087036,4,0.75,
fixed,1,3563,0.8600225448608398,0.0,0.015409502200782299,0.3008272647857666,0.9579755067825317,4,0.75,
fixed,1,3564,0.8754603266716003,0.02779194340109825,0.006348835304379463,0.20010113716125488,0.95256108045578,4,0.75,
fixed,1,3565,0.8069865703582764,0.0,0.00011565473687369376,0.3269834518432617,0.9051394462585449,4,0.0,0.470786988735199
fixed,1,3566,1.0922380685806274,0.0,0.0028610341250896454,0.0873570442199707,1.1198756694793701,4,0.25,
fixed,1,3567,1.24658203125,0.0,0.01350623182952404,0.06182444095611572,1.2718825340270996,4,0.5,
fixed,1,3568,0.8038922548294067,0.0,0.01215442642569542,0.07359099388122559,0.8320467472076416,4,0.5,
fixed,1,3569,0.7372034192085266,0.0,0.02158837765455246,0.14692485332489014,0.7920750379562378,4,0.75,
fixed,1,3570,0.9758238196372986,0.0,0.00014694516721647233,0.3564033508300781,1.0828182697296143,4,0.0,0.5270195007324219
fixed,1,3571,1.1636728048324585,0.0,0.006186272017657757,0.07691788673400879,1.1898412704467773,4,0.5,
fixed,1,3572,0.6294335126876831,0.0,0.006428887601941824,0.04857289791107178,0.6472198367118835,4,0.25,
fixed,1,3573,0.7133213877677917,0.0,0.009625941514968872,0.08696246147155762,0.7442231178283691,4,0.5,
fixed,1,3574,0.8452605605125427,0.010822690092027187,0.011996204033493996,0.10873138904571533,0.8892894387245178,4,0.75,
fixed,1,3575,2.2981479167938232,0.0,0.015064479783177376,0.07437765598297119,2.327993392944336,4,0.5,3.865402936935425
fixed,1,3576,0.7624298334121704,0.0,0.00886365957558155,0.08994674682617188,0.7938457131385803,4,0.5,
fixed,1,3577,0.8752520084381104,0.0,0.014579877257347107,0.5125558376312256,1.036308765411377,4,1.0,
fixed,1,3578,0.8842159509658813,0.0,0.007934771478176117,0.09170413017272949,0.9156945943832397,4,0.5,
fixed,1,3579,0.656177282333374,0.0,0.020906200632452965,0.26162803173065186,0.7451187968254089,4,0.75,
fixed,1,3580,0.6949191093444824,0.0,0.011100487783551216,0.08706629276275635,0.7265892624855042,4,0.5,3.276803731918335
fixed,1,3581,0.5322079062461853,0.0,0.02093285322189331,0.04364275932312012,0.5557671785354614,4,0.5,
fixed,1,3582,0.9762189388275146,0.0,0.01952977478504181,0.08077049255371094,1.010214924812317,4,0.5,
fixed,1,3583,0.8249998092651367,0.0,0.04814789444208145,0.15137040615081787,0.8944848775863647,4,0.5,
fixed,1,3584,0.9584688544273376,0.0,0.021730000153183937,0.1545257568359375,1.0156916379928589,4,0.75,
fixed,1,3585,0.7582408785820007,0.0,0.01914438046514988,0.15298151969909668,0.8137075304985046,4,0.75,5.52023983001709
fixed,1,3586,0.8018116354942322,0.03567416965961456,0.009620117023587227,0.1902623176574707,0.8815374970436096,4,0.75,
fixed,1,3587,1.7240735292434692,0.0,0.021622231230139732,0.2348465919494629,1.8053386211395264,4,0.25,
fixed,1,3588,0.9223892092704773,0.0,0.01938701421022415,0.2688544988632202,1.0127390623092651,4,0.75,
fixed,1,3589,0.7822123765945435,0.01691402681171894,0.003555984701961279,0.09074532985687256,0.8196709752082825,4,0.5,
fixed,1,3590,0.35147982835769653,0.0,0.011623245663940907,0.07117271423339844,0.378643274307251,4,0.5,3.5828018188476562
fixed,1,3591,0.7834539413452148,0.031818557530641556,0.022687258198857307,0.11383891105651855,0.8448585271835327,4,0.75,
fixed,1,3592,0.5123384594917297,0.0,0.017343491315841675,0.31477177143096924,0.6154417395591736,4,0.75,
fixed,1,3593,0.770713210105896,0.02297370694577694,0.02101701870560646,0.07889509201049805,0.8163771033287048,4,0.75,
fixed,1,3594,0.6938067078590393,0.0,0.008383728563785553,0.08254504203796387,0.7227621078491211,4,0.25,
fixed,1,3595,0.9011898636817932,0.0,0.010203727521002293,0.09651577472686768,0.935246467590332,4,0.25,2.7863874435424805
fixed,1,3596,0.857089638710022,0.0227495189756155,0.009212621487677097,0.045015811920166016,0.88657546043396,4,0.5,
fixed,1,3597,1.6022913455963135,0.012536696158349514,0.01727638952434063,0.04472672939300537,1.6306159496307373,4,0.5,
fixed,1,3598,0.6061308979988098,0.01197204552590847,0.010360781103372574,0.026572346687316895,0.6252689957618713,4,0.5,
fixed,1,3599,0.9824886322021484,0.0,0.030843688175082207,0.08277750015258789,1.0227437019348145,4,0.75,
fixed,1,3600,1.0223549604415894,0.0,0.008206386119127274,0.10625064373016357,1.058333396911621,4,0.25,2.425441265106201
fixed,1,3601,1.05329167842865,0.01393971685320139,0.010135217569768429,0.0544438362121582,1.0816622972488403,4,0.5,
fixed,1,3602,1.3398020267486572,0.0,0.009607694111764431,0.11864006519317627,1.3801978826522827,4,0.25,
fixed,1,3603,1.160591959953308,0.0,0.039880383759737015,0.14138758182525635,1.222948431968689,4,0.75,
fixed,1,3604,0.41951948404312134,0.0,0.007863989099860191,0.12606322765350342,0.46127045154571533,4,0.25,
fixed,1,3605,0.6063926815986633,0.0,0.027731070294976234,0.11594963073730469,0.6550431251525879,4,0.75,7.522273063659668
fixed,1,3606,1.4731694459915161,0.0,0.007157662883400917,0.04372406005859375,1.4898655414581299,4,0.25,
fixed,1,3607,0.9558713436126709,0.027145296335220337,0.014470958150923252,0.1327371597290039,1.0165005922317505,4,0.75,
fixed,1,3608,1.0240901708602905,0.0,0.0002527741016820073,0.3844348192214966,1.1395469903945923,4,0.0,
fixed,1,3609,0.5902554392814636,0.0,0.017884347587823868,0.06102919578552246,0.6175063848495483,4,0.5,
fixed,1,3610,1.157206416130066,0.0,0.03074275143444538,0.1123647689819336,1.2062872648239136,4,0.75,7.555941581726074
fixed,1,3611,1.081556797027588,0.0,0.03215649351477623,0.33062875270843506,1.1968237161636353,4,1.0,
fixed,1,3612,0.9375983476638794,0.0,0.033356957137584686,0.10858070850372314,0.9868510365486145,4,0.75,
fixed,1,3613,0.621489405632019,0.0,0.02535664476454258,0.06129145622253418,0.6525551676750183,4,0.5,
fixed,1,3614,0.5287641286849976,0.0,0.03155560791492462,0.11203312873840332,0.5781518816947937,4,0.75,
fixed,1,3615,0.6309821605682373,0.0,0.02553187869489193,0.060036540031433105,0.661759078502655,4,0.5,5.685247421264648
fixed,1,3616,1.6359237432479858,0.0,0.0271487794816494,0.11677277088165283,1.6845300197601318,4,0.75,
fixed,1,3617,1.0899689197540283,0.0,0.00980027113109827,0.11215531826019287,1.128515601158142,4,0.25,
fixed,1,3618,0.9452519416809082,0.021759461611509323,0.015107512474060059,0.12082517147064209,0.9999330043792725,4,0.75,
fixed,1,3619,1.6592825651168823,0.0,0.015182213857769966,0.114013671875,1.7010778188705444,4,0.25,
fixed,1,3620,1.3686120510101318,6.347821823737831e-08,0.021044276654720306,0.14142417907714844,1.4215614795684814,4,0.75,6.091507434844971
fixed,1,3621,0.6926524639129639,0.017581652849912643,0.006186923012137413,0.04828822612762451,0.7190232276916504,4,0.5,
fixed,1,3622,0.656878650188446,7.871339221310336e-06,0.012627115473151207,0.07361352443695068,0.6852802038192749,4,0.5,
fixed,1,3623,0.8981192111968994,0.022190269082784653,0.009085819125175476,0.1561291217803955,0.960595965385437,4,0.75,
fixed,1,3624,1.1688300371170044,2.0024537661811337e-05,0.009074438363313675,0.1000821590423584,1.2034019231796265,4,0.25,
fixed,1,3625,0.8566093444824219,0.0,0.006369178649038076,0.10934948921203613,0.8925988078117371,4,0.25,1.9956532716751099
fixed,1,3626,1.1486310958862305,0.0,0.006538287736475468,0.10895323753356934,1.1845861673355103,4,0.25,
fixed,1,3627,1.5087943077087402,0.0,0.02682487666606903,0.11225712299346924,1.5558838844299316,4,0.75,
fixed,1,3628,0.34314918518066406,0.0,0.010762607678771019,0.062027573585510254,0.3671387732028961,4,0.5,
fixed,1,3629,0.8331244587898254,0.0,6.16862962488085e-05,0.35084545612335205,0.9384089708328247,4,0.0,
fixed,1,3630,0.9186234474182129,0.029524657875299454,0.010249066166579723,0.0543065071105957,0.9548022747039795,4,0.5,1.7942851781845093
fixed,1,3631,0.5856213569641113,0.0,0.0141335753723979,0.17516911029815674,0.6452388763427734,4,0.75,
fixed,1,3632,1.250454068183899,0.019683199003338814,0.008991952054202557,0.14785528182983398,1.3091481924057007,4,0.75,
fixed,1,3633,1.6429306268692017,0.0,0.0324222557246685,0.09824836254119873,1.6886162757873535,4,0.75,
fixed,1,3634,1.0188480615615845,0.05686015635728836,0.009046759456396103,0.10180234909057617,1.082342267036438,4,0.75,
fixed,1,3635,1.0837970972061157,0.0,0.007240004371851683,0.08773434162139893,1.1137373447418213,4,0.25,2.0178637504577637
fixed,1,3636,1.3876625299453735,0.0,0.019128967076539993,0.061278343200683594,1.4156105518341064,4,0.25,
fixed,1,3637,0.49450182914733887,0.025222791358828545,0.043254196643829346,0.17521750926971436,0.5813055634498596,4,1.0,
fixed,1,3638,0.7319435477256775,0.0,0.025855235755443573,0.2080320119857788,0.8072807788848877,4,0.75,
fixed,1,3639,0.6550825238227844,0.0,0.009749963879585266,0.05304110050201416,0.6758698225021362,4,0.25,
fixed,1,3640,1.1541510820388794,0.0,0.028108732774853706,0.10118293762207031,1.198560357093811,4,0.75,7.457279205322266
fixed,1,3641,1.008833646774292,0.0,0.01721651293337345,0.05929994583129883,1.0352318286895752,4,0.5,
fixed,1,3642,0.9134190678596497,0.0,0.007657360751181841,0.13165628910064697,0.9567446112632751,4,0.25,
fixed,1,3643,0.8593342304229736,0.0,0.04145634546875954,0.12135767936706543,0.9164696931838989,4,0.75,
fixed,1,3644,0.8708552122116089,0.0,0.022481106221675873,0.05671048164367676,0.89910888671875,4,0.5,
fixed,1,3645,1.115646243095398,0.0,0.016497790813446045,0.08464956283569336,1.1492899656295776,4,0.5,4.439120769500732
fixed,1,3646,1.191004991531372,0.0,0.018151357769966125,0.06807613372802734,1.220503568649292,4,0.5,
fixed,1,3647,1.3144668340682983,0.0,0.024725276976823807,0.13559699058532715,1.3675085306167603,4,0.75,
fixed,1,3648,0.7195855975151062,0.0,0.02173011377453804,0.14732754230499268,0.774648904800415,4,0.75,
fixed,1,3649,0.6204883456230164,0.0,0.015614436939358711,0.07845163345336914,0.6518310308456421,4,0.5,
fixed,1,3650,0.6240155696868896,0.0,0.0232502780854702,0.07421422004699707,0.6579049825668335,4,0.5,5.362111568450928
fixed,1,3651,0.5655815005302429,0.0,0.02320880815386772,0.07203936576843262,0.5987977385520935,4,0.5,
fixed,1,3652,0.5226101875305176,0.0,0.014231560751795769,0.0347752571105957,0.5401585698127747,4,0.25,
fixed,1,3653,0.8537754416465759,0.0,0.018670041114091873,0.155426025390625,0.909738302230835,4,0.75,
fixed,1,3654,1.090857982635498,0.02229587733745575,0.005212581250816584,0.07288849353790283,1.1264787912368774,4,0.5,
fixed,1,3655,1.4051673412322998,0.0,0.023314349353313446,0.053900837898254395,1.4329947233200073,4,0.5,5.279675006866455
fixed,1,3656,1.0303642749786377,0.0,0.0206962488591671,0.1909494400024414,1.0979971885681152,4,0.5,
fixed,1,3657,0.8847585916519165,0.0,0.009433222003281116,0.061414122581481934,0.9078994393348694,4,0.5,
fixed,1,3658,1.1438448429107666,0.0,0.016546374186873436,0.1583726406097412,1.199629783630371,4,0.75,
fixed,1,3659,0.8783088326454163,0.0,0.013716118410229683,0.04954051971435547,0.9000290632247925,4,0.5,
fixed,1,3660,0.8195889592170715,0.0,0.0038329665549099445,0.08090198040008545,0.8457760214805603,4,0.25,1.3801825046539307
fixed,1,3661,0.9522739052772522,0.0,0.009668362326920033,0.07008183002471924,0.9781326055526733,4,0.5,
fixed,1,3662,0.23859715461730957,0.0,0.010041280649602413,0.06254136562347412,0.2623802125453949,4,0.5,
fixed,1,3663,0.6868689656257629,0.0,0.00981065258383751,0.22382211685180664,0.7589209079742432,4,0.75,
fixed,1,3664,1.8120923042297363,0.023408252745866776,0.007798546925187111,0.17188429832458496,1.8792610168457031,4,0.75,
fixed,1,3665,1.0815510749816895,0.0,0.01589147187769413,0.4775218963623047,1.2327533960342407,4,1.0,5.213350296020508
fixed,1,3666,1.4199953079223633,0.02355668507516384,0.02732873521745205,0.28699374198913574,1.5315361022949219,4,1.0,
fixed,1,3667,0.9819919466972351,0.0,0.017213139683008194,0.14287877082824707,1.0334621667861938,4,0.75,
fixed,1,3668,0.32403674721717834,0.0,0.007761730812489986,0.046665191650390625,0.34191715717315674,4,0.25,
fixed,1,3669,0.580959677696228,0.0,0.015776416286826134,0.13245248794555664,0.6285836100578308,4,0.25,
fixed,1,3670,1.3117828369140625,0.0,0.011516982689499855,0.06767416000366211,1.3378435373306274,4,0.5,3.3477323055267334
fixed,1,3671,0.7262595295906067,0.0,0.010290056467056274,0.042168498039245605,0.7440550923347473,4,0.25,
fixed,1,3672,0.85036700963974,0.028395889326930046,0.008028972893953323,0.06769073009490967,0.8888866901397705,4,0.5,
fixed,1,3673,0.27054673433303833,0.0,0.017139645293354988,0.07324790954589844,0.30109092593193054,4,0.5,
fixed,1,3674,1.2268338203430176,0.0,0.010701064020395279,0.17913079261779785,1.2859236001968384,4,0.25,
fixed,1,3675,2.0096919536590576,0.012728103436529636,0.0007900975761003792,0.23427462577819824,2.086733341217041,4,0.25,2.9288692474365234
fixed,1,3676,0.5679835081100464,0.0,0.013018027879297733,0.056636810302734375,0.5914835929870605,4,0.25,
fixed,1,3677,0.8775300979614258,0.022349746897816658,0.018587589263916016,0.09563946723937988,0.9266905784606934,4,0.75,
fixed,1,3678,0.7260589599609375,0.0168143380433321,0.03017607517540455,0.21337592601776123,0.8135669231414795,4,1.0,
fixed,1,3679,0.6267929673194885,0.0,0.029188016429543495,0.06678354740142822,0.6614220142364502,3,0.5,
fixed,1,3680,1.4429302215576172,0.0,0.010181430727243423,0.14158201217651367,1.4904955625534058,4,0.25,2.8625380992889404
fixed,1,3681,0.9049648642539978,0.0,0.022166896611452103,0.03707289695739746,0.9271701574325562,4,0.5,
fixed,1,3682,1.5471009016036987,0.0,0.029384097084403038,0.025243163108825684,1.5693658590316772,4,0.5,
fixed,1,3683,1.184589147567749,0.0,0.009022900834679604,0.10745584964752197,1.2213373184204102,4,0.25,
fixed,1,3684,1.2238305807113647,0.023145318031311035,0.014829017221927643,0.09696543216705322,1.2719073295593262,4,0.75,
fixed,1,3685,0.636684000492096,0.019333330914378166,0.02758539840579033,0.23495078086853027,0.7306286096572876,4,1.0,3.3323466777801514
fixed,1,3686,1.6930017471313477,0.00043281831312924623,0.0015498687280341983,0.25246167182922363,1.7697316408157349,4,0.0,
fixed,1,3687,1.0167055130004883,0.0,0.007544424384832382,0.09334397315979004,1.0484808683395386,4,0.25,
fixed,1,3688,1.0586222410202026,0.0,0.01611875370144844,0.05746603012084961,1.0839214324951172,4,0.5,
fixed,1,3689,1.1062473058700562,0.0,0.008417702279984951,0.08969676494598389,1.1373652219772339,4,0.25,
fixed,1,3690,0.7471727132797241,0.0,0.025374434888362885,0.10848045349121094,0.792404055595398,4,0.75,6.634509086608887
fixed,1,3691,1.2792418003082275,0.0,0.011461781337857246,0.039029836654663086,1.2966816425323486,4,0.5,
fixed,1,3692,1.9567570686340332,0.01639069803059101,0.003354461397975683,0.06335234642028809,1.9856353998184204,4,0.25,
fixed,1,3693,0.7467634677886963,0.0,0.020602453500032425,0.058663249015808105,0.7746636867523193,4,0.5,
fixed,1,3694,0.8279086947441101,0.0,0.03559820353984833,0.055703163146972656,0.8624187707901001,4,0.5,
fixed,1,3695,0.7555024027824402,0.013639360666275024,0.011802921071648598,0.12547588348388672,0.8058663010597229,4,0.75,1.482582926750183
fixed,1,3696,0.3830608129501343,0.01940295100212097,0.013546554371714592,0.1418006420135498,0.4420757591724396,4,0.75,
fixed,1,3697,0.7236568331718445,0.0,0.0318036787211895,0.13462340831756592,0.7799456715583801,4,0.75,
fixed,1,3698,1.31207275390625,0.0,0.015248630195856094,0.17920124530792236,1.373457431793213,4,0.75,
fixed,1,3699,1.0686039924621582,0.0,0.012199502438306808,0.07066714763641357,1.0959038734436035,4,0.5,
fixed,1,3700,0.8737894296646118,0.011623906902968884,0.01556374877691269,0.11102008819580078,0.9206892848014832,4,0.75,1.92274010181427
fixed,1,3701,0.8586128950119019,0.03516025468707085,0.006304584443569183,0.07736754417419434,0.9025555849075317,4,0.5,
fixed,1,3702,0.5027173161506653,0.022052569314837456,0.013195623643696308,0.04100823402404785,0.5326439142227173,4,0.5,
fixed,1,3703,0.7269709706306458,0.0,0.019483109936118126,0.16060709953308105,0.7848946452140808,4,0.75,
fixed,1,3704,0.9224672913551331,0.028248080983757973,0.008653351105749607,0.1093604564666748,0.9737261533737183,4,0.5,
fixed,1,3705,0.991197407245636,0.0,0.027150463312864304,0.3434619903564453,1.1078112125396729,4,1.0,7.79787540435791
fixed,1,3706,0.8788706064224243,0.0,0.005730837117880583,0.19844627380371094,0.9412699341773987,4,0.25,
fixed,1,3707,0.8543968796730042,0.0,0.033098213374614716,0.1139068603515625,0.9051180481910706,4,0.75,
fixed,1,3708,0.8654292821884155,0.0,0.02320922166109085,0.21618890762329102,0.9418905973434448,4,0.5,
fixed,1,3709,1.488834261894226,0.012943249195814133,0.006365477107465267,0.07427549362182617,1.5207712650299072,4,0.5,
fixed,1,3710,0.6119214296340942,0.010502876713871956,0.03320632874965668,0.06710433959960938,0.6539073586463928,4,0.75,4.076444149017334
fixed,1,3711,0.8507941365242004,0.0,0.024699686095118523,0.03522646427154541,0.8737119436264038,4,0.5,
fixed,1,3712,1.0808008909225464,0.0,0.027505576610565186,0.24871206283569336,1.1691672801971436,4,0.25,
fixed,1,3713,0.9188627600669861,0.0,0.012522965669631958,0.06062209606170654,0.9433108568191528,4,0.25,
fixed,1,3714,0.9954161047935486,0.0,0.03475251793861389,0.08449304103851318,1.0381402969360352,4,0.75,
fixed,1,3715,0.8499112129211426,0.0,0.014437907375395298,0.17053699493408203,0.9082912802696228,4,0.25,3.238055944442749
fixed,1,3716,0.506095290184021,0.0,0.05856839194893837,0.18981659412384033,0.5923244953155518,4,1.0,
fixed,1,3717,0.6662033200263977,0.0,0.034811750054359436,0.10675859451293945,0.7156367897987366,4,0.75,
fixed,1,3718,0.7892471551895142,0.0,0.03914766386151314,0.2757772207260132,0.8915541768074036,4,1.0,
fixed,1,3719,1.6752878427505493,0.0,0.010738742537796497,0.1394861936569214,1.7225030660629272,4,0.25,
fixed,1,3720,0.8014086484909058,0.0,0.01739257015287876,0.16069257259368896,0.858312726020813,4,0.25,3.8209774494171143
fixed,1,3721,1.0899194478988647,0.0,0.013286806643009186,0.06077218055725098,1.1147944927215576,4,0.5,
fixed,1,3722,0.8841544985771179,0.01086805947124958,0.00519088190048933,0.04510211944580078,0.9057146310806274,4,0.5,
fixed,1,3723,1.02866792678833,0.015036399476230145,0.012688588351011276,0.12987864017486572,1.0814939737319946,4,0.5,
fixed,1,3724,0.7235143184661865,0.0,0.015246606431901455,0.05285608768463135,0.7469944357872009,4,0.5,
fixed,1,3725,0.8018563389778137,0.01907411962747574,0.017346087843179703,0.02549600601196289,0.8277152180671692,4,0.5,1.43345308303833
fixed,1,3726,1.3426278829574585,0.029644424095749855,0.0003421043511480093,0.09994614124298096,1.3876049518585205,4,0.25,
fixed,1,3727,1.0195778608322144,0.017364436760544777,0.009449205361306667,0.15161621570587158,1.0784695148468018,4,0.75,
fixed,1,3728,1.106921911239624,0.028511762619018555,0.02339835837483406,0.35662102699279785,1.2398632764816284,4,1.0,
fixed,1,3729,1.6637449264526367,0.0,0.005878854542970657,0.09700679779052734,1.6957863569259644,4,0.25,
fixed,1,3730,0.7229653596878052,0.0,0.035908907651901245,0.30160796642303467,0.8314021825790405,4,1.0,8.840839385986328
fixed,1,3731,1.0083813667297363,0.0,0.02104105055332184,0.07587277889251709,1.0416637659072876,4,0.5,
fixed,1,3732,0.9940553307533264,0.0,0.006841832306236029,0.0422511100769043,1.0101516246795654,4,0.25,
fixed,1,3733,0.5368285775184631,0.0,0.023545047268271446,0.05777263641357422,0.5659328699111938,4,0.5,
fixed,1,3734,0.7156580686569214,0.0,0.02039322815835476,0.042034149169921875,0.7384649515151978,4,0.5,
fixed,1,3735,0.655038595199585,0.0,0.025686757639050484,0.037624478340148926,0.6791692972183228,4,0.5,5.837989807128906
fixed,1,3736,0.897704541683197,0.01780768670141697,0.008492518216371536,0.05847787857055664,0.9283980131149292,4,0.5,
fixed,1,3737,0.7081487774848938,0.0,0.007522137835621834,0.11955821514129639,0.7477773427963257,4,0.25,
fixed,1,3738,0.6983715891838074,0.028397828340530396,0.00016639834211673588,0.10468387603759766,0.7440588474273682,4,0.5,
fixed,1,3739,1.0124313831329346,0.0,0.004683817736804485,0.12576603889465332,1.0525031089782715,4,0.25,
fixed,1,3740,0.9867414236068726,0.0,0.019977543503046036,0.15064525604248047,1.0419237613677979,4,0.75,5.791664123535156
fixed,1,3741,0.8730630874633789,0.0,0.03436000272631645,0.11252295970916748,0.9239999651908875,4,0.75,
fixed,1,3742,0.4739808440208435,0.02189335972070694,0.0054190619848668575,0.10441148281097412,0.5189604759216309,4,0.75,
fixed,1,3743,0.7680351138114929,0.0,0.017213379964232445,0.1652522087097168,0.8262174725532532,4,0.75,
fixed,1,3744,0.913318932056427,0.0,0.04006071388721466,0.10017406940460205,0.9634014964103699,4,0.75,
fixed,1,3745,1.0412421226501465,0.030854221433401108,0.00020751371630467474,0.07258689403533936,1.0785490274429321,4,0.5,5.911306858062744
fixed,1,3746,0.6504814028739929,0.0,0.0004962751409038901,0.4023478627204895,0.7714338898658752,4,0.0,
fixed,1,3747,0.632784366607666,0.0,0.040224459022283554,0.25781571865081787,0.7302412986755371,4,1.0,
fixed,1,3748,1.5817294120788574,0.0,0.016075151041150093,0.03535318374633789,1.6003729104995728,4,0.5,
fixed,1,3749,0.9248480796813965,0.0,0.03442739322781563,0.18546569347381592,0.9977014660835266,4,0.0,
fixed,1,3750,0.817791223526001,0.0,0.02281973510980606,0.10835099220275879,0.8617063760757446,4,0.75,6.303926944732666
fixed,1,3751,1.513314127922058,0.0,0.0003716085630003363,0.31800079345703125,1.6089001893997192,4,0.0,
fixed,1,3752,0.7106807231903076,0.0,0.013530390337109566,0.0689462423324585,0.7381297945976257,4,0.25,
fixed,1,3753,1.2513606548309326,0.0,0.01778578571975231,0.026064276695251465,1.2680728435516357,4,0.5,
fixed,1,3754,0.83542799949646,0.0,0.011020067147910595,0.07045841217041016,0.8620755672454834,4,0.25,
fixed,1,3755,0.9325929284095764,0.027422074228525162,3.873414607369341e-05,0.04147458076477051,0.9587656855583191,4,0.5,5.680005073547363
fixed,1,3756,1.7096900939941406,0.0,0.01082693226635456,0.09623122215270996,1.743972897529602,4,0.25,
fixed,1,3757,1.9383161067962646,0.026672029867768288,1.9292090655653737e-05,0.06988859176635742,1.9726283550262451,4,0.25,
fixed,1,3758,0.6854808330535889,0.0,0.04359788820147514,0.06842160224914551,0.7278062701225281,4,0.75,
fixed,1,3759,0.7235878705978394,0.021358026191592216,0.012916607782244682,0.11622476577758789,0.7755926251411438,4,0.75,
fixed,1,3760,1.3573697805404663,0.0,4.2375686462037265e-05,0.3865617513656616,1.47335946559906,4,0.0,0.3025384545326233
fixed,1,3761,0.9644991755485535,0.0,0.017355183139443398,0.28370368480682373,1.0582878589630127,4,0.75,
fixed,1,3762,0.45461058616638184,0.009436582215130329,0.05043454095721245,0.12119162082672119,0.5209036469459534,4,0.75,
fixed,1,3763,1.442867636680603,0.0,0.011309361085295677,0.13754940032958984,1.4897871017456055,4,0.25,
fixed,1,3764,1.2601866722106934,0.008723455481231213,0.0551818385720253,0.082358717918396,1.3168469667434692,4,0.5,
fixed,1,3765,0.8069563508033752,0.0,0.02320941910147667,0.07193589210510254,0.8401418328285217,4,0.5,5.115600109100342
fixed,1,3766,0.8186031579971313,0.008509550243616104,0.023876693099737167,0.09318995475769043,0.8627532720565796,4,0.75,
fixed,1,3767,1.5283329486846924,6.297172149061225e-06,0.028179790824651718,0.060777902603149414,1.560659408569336,4,0.5,
fixed,1,3768,0.781334638595581,0.0,0.017829349264502525,0.05445420742034912,0.8065855503082275,4,0.5,
fixed,1,3769,1.7399073839187622,0.009371175430715084,0.006907688453793526,0.05398869514465332,1.7642433643341064,4,0.5,
fixed,1,3770,0.8913047313690186,0.026325348764657974,0.0025049815885722637,0.051722049713134766,0.921236515045166,4,0.25,4.043369770050049
fixed,1,3771,1.0837032794952393,0.0,0.010142779909074306,0.04881250858306885,1.1034184694290161,4,0.5,
fixed,1,3772,0.9440456032752991,0.0,0.01089475303888321,0.06695663928985596,0.9695799946784973,4,0.5,
fixed,1,3773,0.4596218466758728,0.000319585989927873,0.012472799979150295,0.12648451328277588,0.5039634108543396,4,0.25,
fixed,1,3774,1.124582052230835,6.11474376910337e-07,0.009559213183820248,0.03559422492980957,1.1400402784347534,4,0.25,
fixed,1,3775,0.5331578850746155,0.0,0.006468784064054489,0.08857917785644531,0.5629660487174988,4,0.5,2.3848888874053955
fixed,1,3776,1.0966583490371704,0.03418144956231117,0.003762314096093178,0.09773790836334229,1.144951581954956,4,0.5,
fixed,1,3777,0.8737184405326843,0.0,0.006282649002969265,0.0339198112487793,0.8870357275009155,4,0.25,
fixed,1,3778,0.6650514602661133,0.0,0.008241653442382812,0.11437773704528809,0.7034856081008911,4,0.5,
fixed,1,3779,0.6628113985061646,0.0,0.015496807172894478,0.22179317474365234,0.7370977401733398,4,0.75,
fixed,1,3780,1.3189870119094849,0.0,0.014357437379658222,0.11841630935668945,1.361690640449524,4,0.5,4.2398881912231445
fixed,1,3781,1.0641616582870483,0.0,0.02390202321112156,0.1906198263168335,1.133298635482788,4,0.75,
fixed,1,3782,1.5923107862472534,0.0,0.013287280686199665,0.06286907196044922,1.6178151369094849,4,0.5,
fixed,1,3783,0.6789040565490723,0.0,0.024635281413793564,0.4277815818786621,0.8195561766624451,4,1.0,
fixed,1,3784,1.3257203102111816,0.019177844747900963,0.000710389344021678,0.1852102279663086,1.3912274837493896,4,0.25,
fixed,1,3785,0.9569928050041199,0.0,0.008714068681001663,0.09890210628509521,0.9910204410552979,4,0.5,2.90934157371521
fixed,1,3786,1.050693154335022,3.641845296442625e-06,0.0009834454394876957,0.3436241149902344,1.1542739868164062,4,0.0,
fixed,1,3787,1.5155149698257446,0.0,0.03380274400115013,0.07857561111450195,1.5559890270233154,4,0.5,
fixed,1,3788,0.6517271995544434,0.0,0.010512655600905418,0.07742047309875488,0.6802096962928772,4,0.5,
fixed,1,3789,0.831724226474762,0.03538583219051361,0.006327246315777302,0.05754256248474121,0.8698435425758362,4,0.5,
fixed,1,3790,0.6068375706672668,0.0,0.014095403254032135,0.054877400398254395,0.6303485035896301,4,0.5,3.9712772369384766
fixed,1,3791,0.5365142822265625,0.0,0.018055390566587448,0.04418134689331055,0.5587964057922363,4,0.5,
fixed,1,3792,0.6621556282043457,0.0,0.022762369364500046,0.13340997695922852,0.7135598063468933,4,0.75,
fixed,1,3793,0.7938739657402039,0.02288292907178402,0.00923019740730524,0.1578153371810913,0.857275128364563,4,0.75,
fixed,1,3794,1.2175929546356201,0.027398008853197098,0.013311628252267838,0.129744291305542,1.2768710851669312,4,0.75,
fixed,1,3795,0.6055899858474731,0.015062723308801651,0.011097616516053677,0.11319828033447266,0.6526296138763428,4,0.75,1.755034327507019
fixed,1,3796,0.9587339162826538,0.0,0.02001037821173668,0.2682839632034302,1.0492242574691772,4,0.75,
fixed,1,3797,1.3485950231552124,0.018095020204782486,0.008361170999705791,0.03135824203491211,1.3712306022644043,4,0.5,
fixed,1,3798,0.8730654716491699,0.04395437240600586,0.016984038054943085,0.25231242179870605,0.9792283773422241,4,1.0,
fixed,1,3799,1.050562858581543,0.0,0.029511583968997,0.04208517074584961,1.0779441595077515,4,0.5,
fixed,1,3800,0.8696159720420837,0.020265759900212288,0.02082362398505211,0.07935631275177002,0.9139675498008728,4,0.75,1.476054072380066
fixed,1,3801,0.5505375266075134,0.0,0.030535222962498665,0.23327136039733887,0.6357865333557129,4,0.0,
fixed,1,3802,0.8083993196487427,0.0,0.06075696274638176,0.12832283973693848,0.8772746324539185,4,1.0,
fixed,1,3803,1.0041369199752808,0.0,0.03443706035614014,0.05923640727996826,1.0391263961791992,4,0.75,
fixed,1,3804,0.8864337205886841,0.0,0.048048242926597595,0.08345973491668701,0.9354957342147827,4,0.5,
fixed,1,3805,1.1321371793746948,0.0,0.03640315309166908,0.06960415840148926,1.171220064163208,4,0.75,8.47253704071045
fixed,1,3806,1.3927719593048096,0.0,0.04383082687854767,0.0880279541015625,1.4410957098007202,4,0.5,
fixed,1,3807,0.9236859679222107,0.0,0.04749969765543938,0.18596231937408447,1.003224492073059,4,1.0,
fixed,1,3808,0.6767610907554626,0.0,0.04351724684238434,0.06207430362701416,0.7171419858932495,4,0.75,
fixed,1,3809,1.161797046661377,0.0,0.030289415270090103,0.07617831230163574,1.1997952461242676,4,0.5,
fixed,1,3810,0.7048488259315491,0.0,0.025431785732507706,0.060106754302978516,0.735596776008606,4,0.5,5.42725133895874
fixed,1,3811,1.313532829284668,0.01190830860286951,0.015857134014368057,0.14565801620483398,1.3711129426956177,4,0.5,
fixed,1,3812,1.0463851690292358,0.0,0.00016546074766665697,0.389606773853302,1.163349986076355,4,0.0,
fixed,1,3813,1.4915540218353271,0.0,0.023694436997175217,0.07169210910797119,1.5249089002609253,4,0.5,
fixed,1,3814,0.7723827362060547,0.013690635561943054,0.025523966178297997,0.11117184162139893,0.8253415822982788,4,0.75,
fixed,1,3815,1.5924177169799805,0.01272016391158104,0.0032051762100309134,0.07101607322692871,1.621685266494751,4,0.25,3.126391887664795
fixed,1,3816,0.9989261031150818,0.0,0.02359996922314167,0.2161327600479126,1.0755659341812134,4,0.75,
fixed,1,3817,0.9284049868583679,0.027405744418501854,0.01198260486125946,0.26118648052215576,1.0264551639556885,4,0.75,
fixed,1,3818,0.5604325532913208,0.0,0.0027886510360985994,0.2343693971633911,0.6321377158164978,4,0.0,
fixed,1,3819,1.265705943107605,0.0,0.00020185114408377558,0.3113597631454468,1.3592147827148438,4,0.0,
fixed,1,3820,0.8383228182792664,0.0,0.012368254363536835,0.10553574562072754,0.8761676549911499,4,0.25,2.752519130706787
fixed,1,3821,0.8703871965408325,0.0,0.015604782849550247,0.18475985527038574,0.9336175322532654,4,0.75,
fixed,1,3822,0.5892329812049866,0.0,0.020369943231344223,0.16602861881256104,0.6492265462875366,4,0.75,
fixed,1,3823,1.3592455387115479,0.0,0.020095253363251686,0.055356383323669434,1.3859000205993652,4,0.5,
fixed,1,3824,1.0846539735794067,0.0,0.0178602896630764,0.1850576400756836,1.1491013765335083,4,0.75,
fixed,1,3825,0.786079466342926,0.021392744034528732,0.0049967896193265915,0.04715228080749512,0.8134199380874634,4,0.5,2.2464425563812256
fixed,1,3826,1.2889256477355957,2.1481689600477694e-06,0.004709004424512386,0.05288577079772949,1.3071469068527222,4,0.25,
fixed,1,3827,0.9537923336029053,0.0,9.69512911979109e-05,0.2548701763153076,1.030301809310913,4,0.0,
fixed,1,3828,0.716933012008667,0.023098604753613472,0.010676693171262741,0.1789928674697876,0.7875185012817383,4,0.75,
fixed,1,3829,1.0206745862960815,0.0,0.01411065086722374,0.07293474674224854,1.0496103763580322,4,0.5,
fixed,1,3830,0.7402605414390564,0.0,0.01120589580386877,0.036211252212524414,0.756726861000061,4,0.25,2.771235942840576
fixed,1,3831,0.6134797930717468,0.017294196411967278,0.011643108911812305,0.1680583953857422,0.67836594581604,4,0.75,
fixed,1,3832,1.493303656578064,0.01322498545050621,0.011347374878823757,0.13674569129943848,1.5466135740280151,4,0.75,
fixed,1,3833,0.875541090965271,0.02310086600482464,0.006262991577386856,0.07404303550720215,0.9124359488487244,4,0.5,
fixed,1,3834,0.8535642623901367,1.955508741957601e-05,0.0028812477830797434,0.22525525093078613,0.9225912690162659,4,0.0,
fixed,1,3835,0.6536016464233398,0.0,0.02562837302684784,0.0980381965637207,0.695827305316925,4,0.5,5.077853202819824
fixed,1,3836,1.1651216745376587,0.0,0.011877825483679771,0.1468731164932251,1.2151225805282593,4,0.25,
fixed,1,3837,0.884472668170929,6.138945900602266e-05,0.008504745550453663,0.10312044620513916,0.9196918606758118,4,0.25,
fixed,1,3838,0.9053205847740173,0.0,0.03453538566827774,0.1232461929321289,0.9595621228218079,4,0.75,
fixed,1,3839,0.7472246885299683,6.010322977090254e-07,2.27151012950344e-05,0.30666184425354004,0.8392348885536194,4,0.0,
fixed,1,3840,0.5206414461135864,1.2476971278374549e-05,0.016427023336291313,0.11671197414398193,0.5638747811317444,4,0.25,3.8173067569732666
fixed,1,3841,0.6744282841682434,0.0,0.01797044463455677,0.053741455078125,0.6995359659194946,4,0.5,
fixed,1,3842,0.41659459471702576,1.3377886354248858e-08,0.011423272080719471,0.0631570816040039,0.4412533640861511,4,0.5,
fixed,1,3843,0.7107184529304504,0.0,0.019377902150154114,0.19809043407440186,0.779834508895874,4,0.5,
fixed,1,3844,0.2738306224346161,0.0,0.022319089621305466,0.19688761234283447,0.34405645728111267,4,0.5,
fixed,1,3845,0.7741081714630127,6.043037137715146e-05,0.015755172818899155,0.18890142440795898,0.8386864066123962,4,0.75,4.994439601898193
fixed,1,3846,0.8195620775222778,0.0,0.013843799009919167,0.06056249141693115,0.8446527123451233,4,0.5,
fixed,1,3847,1.30662202835083,0.0,0.003855934599414468,0.08075881004333496,1.3327776193618774,4,0.25,
fixed,1,3848,1.032711148262024,9.072422471945174e-06,0.006583116948604584,0.08276045322418213,1.060835361480713,4,0.25,
fixed,1,3849,0.43030813336372375,0.0,0.023988056927919388,0.1548219919204712,0.4887487590312958,4,0.75,
fixed,1,3850,1.091728925704956,0.0,0.004996135830879211,0.09120798110961914,1.1215894222259521,4,0.25,1.5376152992248535
fixed,1,3851,1.165168285369873,0.0,0.030375376343727112,0.3669290542602539,1.290434718132019,4,1.0,
fixed,1,3852,0.6495006680488586,0.0,0.01125470083206892,0.10567021369934082,0.6868290901184082,4,0.25,
fixed,1,3853,1.1705939769744873,0.00469881109893322,0.0060086967423558235,0.037392616271972656,1.1871654987335205,4,0.25,
fixed,1,3854,0.5969754457473755,0.0,0.010405072011053562,0.0805206298828125,0.6263341903686523,4,0.5,
fixed,1,3855,1.0583840608596802,0.0,0.01218961551785469,0.0735771656036377,1.0865520238876343,4,0.5,3.5448577404022217
fixed,1,3856,1.1914881467819214,0.0,0.009766257368028164,0.062285542488098145,1.2150568962097168,4,0.5,
fixed,1,3857,1.135848045349121,0.03529522940516472,0.004441186785697937,0.07411396503448486,1.177950382232666,4,0.5,
fixed,1,3858,1.5182348489761353,0.00010730742360465229,0.015760887414216995,0.054308533668518066,1.5424615144729614,4,0.5,
fixed,1,3859,0.834203839302063,0.0,0.018200647085905075,0.16822993755340576,0.8937731385231018,4,0.75,
fixed,1,3860,1.0884627103805542,0.0,0.020320188254117966,0.05193459987640381,1.1142032146453857,4,0.5,4.680488586425781
fixed,1,3861,1.027201533317566,0.0,0.027325790375471115,0.37915658950805664,1.154611349105835,4,1.0,
fixed,1,3862,0.76315838098526,0.0,0.01407446525990963,0.18666839599609375,0.8261961340904236,4,0.75,
fixed,1,3863,0.8502863049507141,0.0,0.004963399842381477,0.07388949394226074,0.8749348521232605,4,0.25,
fixed,1,3864,0.8043323755264282,0.0,0.019318509846925735,0.04676556587219238,0.8280212879180908,4,0.5,
fixed,1,3865,0.5085147619247437,0.0,0.01972537860274315,0.06646144390106201,0.5383158922195435,4,0.5,4.6462016105651855
fixed,1,3866,0.9042211174964905,0.0158380176872015,0.011167321354150772,0.13039851188659668,0.9568433165550232,4,0.75,
fixed,1,3867,0.6542192101478577,0.0,0.017008936032652855,0.056800127029418945,0.6797637343406677,4,0.5,
fixed,1,3868,1.6478097438812256,0.0,0.0039021559059619904,0.2556006908416748,1.7264410257339478,4,0.0,
fixed,1,3869,0.8513609766960144,0.0,0.025479348376393318,0.12945985794067383,0.9029386043548584,4,0.75,
fixed,1,3870,0.627878725528717,0.021531715989112854,0.0001956754131242633,0.13957500457763672,0.6806149482727051,4,0.25,3.692197799682617
fixed,1,3871,0.37255704402923584,0.022837959229946136,0.01091047190129757,0.042185425758361816,0.40208688378334045,4,0.5,
fixed,1,3872,0.5994345545768738,0.0,0.008400470949709415,0.12236833572387695,0.6403452754020691,4,0.25,
fixed,1,3873,0.9750353693962097,0.0,0.011911327950656414,0.055214762687683105,0.9975554347038269,4,0.5,
fixed,1,3874,0.8787020444869995,0.02497047744691372,0.017646754160523415,0.34891998767852783,1.0046865940093994,4,1.0,
fixed,1,3875,0.38679784536361694,0.0,0.03489385545253754,0.2754659652709961,0.48688456416130066,4,1.0,8.984575271606445
fixed,1,3876,2.082703113555908,0.0,0.0003073423868045211,0.38455939292907715,2.1982245445251465,4,0.0,
fixed,1,3877,1.0098717212677002,0.0,0.0004221381386741996,0.37932825088500977,1.123881220817566,4,0.0,
fixed,1,3878,1.3723198175430298,0.0,0.03528926521539688,0.1730966567993164,1.441893458366394,4,0.75,
fixed,1,3879,0.6331160664558411,0.0,0.013371605426073074,0.09870326519012451,0.6694128513336182,4,0.25,
fixed,1,3880,1.0281219482421875,0.0,0.0119998250156641,0.028006792068481445,1.0425238609313965,4,0.25,3.3040757179260254
fixed,1,3881,1.2121230363845825,0.030642613768577576,0.015634801238775253,0.12391257286071777,1.2724355459213257,4,0.75,
fixed,1,3882,1.827695369720459,0.0,0.02187339961528778,0.11459052562713623,1.873009204864502,4,0.75,
fixed,1,3883,0.6943985819816589,0.0,0.012629544362425804,0.2239593267440796,0.7679011821746826,4,0.0,
fixed,1,3884,0.6437942981719971,0.0,0.0065022422932088375,0.20461368560791016,0.7084295153617859,4,0.0,
fixed,1,3885,0.731867253780365,0.0,0.012951619923114777,0.04017472267150879,0.7503954768180847,4,0.25,3.564009428024292
fixed,1,3886,0.40340185165405273,0.0,0.012976259924471378,0.11716973781585693,0.44504091143608093,4,0.25,
fixed,1,3887,1.1739884614944458,0.0,0.012100954540073872,0.045345425605773926,1.1936426162719727,4,0.25,
fixed,1,3888,1.1258422136306763,0.0,0.00013530532305594534,0.3606194257736206,1.2340956926345825,4,0.0,
fixed,1,3889,0.7569472193717957,0.0,0.01173517294228077,0.13919401168823242,0.8045729994773865,4,0.25,
fixed,1,3890,1.0790013074874878,0.0,0.015418089926242828,0.06616759300231934,1.1065605878829956,4,0.5,4.546059608459473
fixed,1,3891,0.7799604535102844,0.0,0.015346051193773746,0.05228114128112793,0.8033178448677063,4,0.5,
fixed,1,3892,0.8663966655731201,0.0,0.016604799777269363,0.06553816795349121,0.8943605422973633,4,0.5,
fixed,1,3893,0.9172158241271973,0.0,0.026012927293777466,0.1526280641555786,0.9760106801986694,4,0.75,
fixed,1,3894,1.5999159812927246,0.0,0.025225676596164703,0.15227961540222168,1.658212661743164,4,0.75,
fixed,1,3895,0.4700106978416443,0.022854410111904144,0.015469305217266083,0.14245963096618652,0.5319104194641113,4,0.75,0.7493161559104919
fixed,1,3896,1.209925889968872,0.0,0.018105361610651016,0.17745614051818848,1.2722153663635254,4,0.75,
fixed,1,3897,1.1219981908798218,0.0,0.013645208440721035,0.05462825298309326,1.1452093124389648,4,0.5,
fixed,1,3898,0.7220723628997803,0.009871951304376125,0.019444994628429413,0.26130378246307373,0.8151219487190247,4,1.0,
fixed,1,3899,0.44238704442977905,0.0,7.15116984792985e-05,0.2685093879699707,0.5229756236076355,4,0.0,
fixed,1,3900,0.3338782787322998,0.0,0.025333156809210777,0.1151190996170044,0.38108059763908386,4,0.75,6.681074142456055
fixed,1,3901,0.9049155116081238,0.0,0.024670524522662163,0.37913990020751953,1.0309927463531494,4,1.0,
fixed,1,3902,0.598519504070282,0.0,0.011143302544951439,0.05072128772735596,0.6193075180053711,4,0.5,
fixed,1,3903,1.0826882123947144,0.017442993819713593,0.01884509064257145,0.09849131107330322,1.1303796768188477,4,0.75,
fixed,1,3904,0.7772089838981628,0.02775302343070507,0.0214267335832119,0.183005690574646,0.8567005395889282,4,0.75,
fixed,1,3905,0.3617781400680542,0.0,7.862037455197424e-05,0.2590597867965698,0.43953537940979004,4,0.0,0.4308231472969055
fixed,1,3906,0.9496607780456543,0.0,0.03761530667543411,0.07110655307769775,0.9898003935813904,4,0.75,
fixed,1,3907,0.6299641728401184,0.020748764276504517,0.032402168959379196,0.21128785610198975,0.7199259996414185,4,1.0,
fixed,1,3908,1.2942579984664917,0.015665419399738312,4.286823605070822e-05,0.07265269756317139,1.3239079713821411,4,0.25,
fixed,1,3909,0.8093245625495911,0.0,0.003657093970105052,0.1919846534729004,0.8687484860420227,4,0.0,
fixed,1,3910,0.5986383557319641,0.008256398141384125,0.05157177895307541,0.10910153388977051,0.6612828969955444,4,1.0,7.747376441955566
fixed,1,3911,0.6080001592636108,0.0,0.01899820566177368,0.03690826892852783,0.6285717487335205,4,0.25,
fixed,1,3912,1.3937267065048218,0.0,0.029383057728409767,0.08389294147491455,1.4335861206054688,4,0.75,
fixed,1,3913,0.6983546018600464,0.007850727997720242,0.028302498161792755,0.0485607385635376,0.7309994101524353,4,0.75,
fixed,1,3914,1.0662654638290405,0.0,0.04324726015329361,0.05409431457519531,1.1041173934936523,4,0.75,
fixed,1,3915,1.3547377586364746,0.01947842910885811,0.012297103181481361,0.05055046081542969,1.3857907056808472,4,0.5,0.8234483003616333
fixed,1,3916,0.686255931854248,0.015648888424038887,0.012461654841899872,0.06591618061065674,0.7200860381126404,4,0.5,
fixed,1,3917,0.8132246136665344,0.0,0.02856401354074478,0.03179943561553955,0.8370464444160461,4,0.5,
fixed,1,3918,0.7215239405632019,9.67988512456941e-07,0.03441666066646576,0.0877678394317627,0.7650631070137024,4,0.5,
fixed,1,3919,0.5489862561225891,0.014280837029218674,0.021105073392391205,0.08041489124298096,0.5908036828041077,4,0.75,
fixed,1,3920,0.8831968903541565,0.0,0.022892490029335022,0.06941843032836914,0.915468692779541,4,0.5,5.351065158843994
fixed,1,3921,0.9383829236030579,0.0,0.033677615225315094,0.025228381156921387,0.9627902507781982,4,0.5,
fixed,1,3922,0.7754137516021729,0.0,0.039113741368055344,0.11924934387207031,0.8307454586029053,4,0.25,
fixed,1,3923,1.1446945667266846,0.0,8.935976075008512e-05,0.4080471992492676,1.2671533823013306,4,0.0,
fixed,1,3924,0.924464762210846,0.0,0.020838342607021332,0.07713329792022705,0.9580239057540894,4,0.5,
fixed,1,3925,1.0851038694381714,0.0,0.018623534590005875,0.08274340629577637,1.1192386150360107,4,0.5,4.618427753448486
fixed,1,3926,1.2430249452590942,0.011725934222340584,0.009420660324394703,0.08689534664154053,1.2796669006347656,4,0.5,
fixed,1,3927,0.9061667919158936,0.0,0.009117169305682182,0.03517580032348633,0.9212781190872192,4,0.25,
fixed,1,3928,1.1537331342697144,0.021577805280685425,0.02114289253950119,0.10819101333618164,1.2075507640838623,4,0.75,
fixed,1,3929,0.9811234474182129,0.0,0.01862308196723461,0.05451977252960205,1.0067908763885498,4,0.5,
fixed,1,3930,1.054875373840332,0.0,0.015772543847560883,0.054021596908569336,1.0789681673049927,4,0.5,4.254998683929443
fixed,1,3931,0.4985344707965851,0.0,0.00746849924325943,0.03171706199645996,0.5117838382720947,4,0.25,
fixed,1,3932,0.8880519270896912,0.022958802059292793,0.02631695754826069,0.13972210884094238,0.9546064138412476,4,0.75,
fixed,1,3933,1.361486554145813,0.0,0.017049649730324745,0.05322849750518799,1.3859798908233643,4,0.5,
fixed,1,3934,0.8169346451759338,0.0,0.013950870372354984,0.17995679378509521,0.8778971433639526,4,0.75,
fixed,1,3935,1.3655049800872803,0.0,0.015112827531993389,0.18918800354003906,1.429817795753479,4,0.75,4.675981521606445
fixed,1,3936,1.3331036567687988,0.0,0.01286378875374794,0.06656217575073242,1.359504222869873,4,0.5,
fixed,1,3937,1.5805922746658325,0.0,0.013502385467290878,0.06898629665374756,1.608039379119873,4,0.5,
fixed,1,3938,0.8870084881782532,0.027811313048005104,0.02340615913271904,0.34620213508605957,1.0164778232574463,4,1.0,
fixed,1,3939,1.10308837890625,0.0,0.026717910543084145,0.08760082721710205,1.1427276134490967,4,0.5,
fixed,1,3940,1.003069519996643,0.01607813499867916,0.009252996183931828,0.03140914440155029,1.0251578092575073,4,0.5,2.395836114883423
fixed,1,3941,1.3155807256698608,0.0,0.004667126107960939,0.12163853645324707,1.3544058799743652,4,0.25,
fixed,1,3942,0.8563327789306641,0.0,0.015238549560308456,0.17670941352844238,0.9169648885726929,4,0.75,
fixed,1,3943,1.1401658058166504,0.020512688905000687,0.02391684614121914,0.11433267593383789,1.1966804265975952,4,0.75,
fixed,1,3944,0.4959683120250702,0.0,0.02287890389561653,0.06516456604003906,0.5269571542739868,4,0.25,
fixed,1,3945,0.8383142352104187,0.0,0.023646779358386993,0.08052730560302734,0.8742958307266235,4,0.5,5.320157527923584
fixed,1,3946,1.1036361455917358,0.0,0.019736770540475845,0.07553625106811523,1.1361653804779053,4,0.5,
fixed,1,3947,1.3760871887207031,0.0,0.014437476173043251,0.057071685791015625,1.4004274606704712,4,0.5,
fixed,1,3948,1.5721206665039062,0.018460717052221298,0.009538942947983742,0.14279603958129883,1.62895929813385,4,0.75,
fixed,1,3949,1.3184136152267456,0.0,0.019122455269098282,0.1521763801574707,1.373627781867981,4,0.75,
fixed,1,3950,1.8365811109542847,0.028522977605462074,0.006930404808372259,0.0737314224243164,1.876427173614502,4,0.5,2.267066240310669
fixed,1,3951,1.2028542757034302,0.0,0.02153010480105877,0.13295161724090576,1.2535048723220825,4,0.75,
fixed,1,3952,0.9033656120300293,0.0,0.014762600883841515,0.07226061820983887,0.9324250817298889,4,0.5,
fixed,1,3953,1.106184720993042,0.0,0.012067902833223343,0.06754577159881592,1.1324824094772339,4,0.5,
fixed,1,3954,0.8732259273529053,0.0,0.00755962822586298,0.14228177070617676,0.9196902513504028,4,0.25,
fixed,1,3955,0.8854321241378784,0.043671563267707825,0.006380688864737749,0.09306001663208008,0.938376247882843,4,0.75,5.155220985412598
fixed,1,3956,0.7716618180274963,0.0,0.013649234548211098,0.049094319343566895,0.793214738368988,4,0.5,
fixed,1,3957,1.0834273099899292,0.0,0.007798277772963047,0.14894771575927734,1.132010817527771,4,0.25,
fixed,1,3958,1.2591991424560547,0.0,0.020510442554950714,0.07612264156341553,1.2922911643981934,4,0.25,
fixed,1,3959,1.1391489505767822,0.0,0.04828329011797905,0.05515646934509277,1.1798375844955444,3,0.5,
fixed,1,3960,1.089734673500061,0.01255236379802227,0.01913832314312458,0.1399538516998291,1.1475661993026733,4,0.75,2.4849495887756348
fixed,1,3961,0.9229989051818848,0.028409318998456,0.00802549533545971,0.0532454252243042,0.9571899175643921,4,0.5,
fixed,1,3962,0.8221802115440369,0.0,0.010932342149317265,0.12167131900787354,0.8641477823257446,4,0.25,
fixed,1,3963,1.065267562866211,0.024157138541340828,0.009929578751325607,0.048169612884521484,1.0967618227005005,4,0.5,
fixed,1,3964,1.3361232280731201,0.0,0.0016101938672363758,0.3732823133468628,1.4489129781723022,4,0.0,
fixed,1,3965,0.5282716751098633,0.03774682432413101,0.007887806743383408,0.09030294418334961,0.5781798958778381,4,0.75,4.067234039306641
fixed,1,3966,1.0155644416809082,0.0,0.002531633246690035,0.2425367832183838,1.0895912647247314,4,0.0,
fixed,1,3967,1.142743468284607,0.0,0.0180051326751709,0.05357170104980469,1.1678175926208496,4,0.5,
fixed,1,3968,1.0036423206329346,0.0,0.014241443015635014,0.1399064064025879,1.0527349710464478,4,0.25,
fixed,1,3969,1.192313313484192,0.0,0.04038364067673683,0.09076929092407227,1.2397359609603882,4,0.75,
fixed,1,3970,0.6470258235931396,0.0,0.024738872423768044,0.05014300346374512,0.6744381785392761,4,0.5,5.305432319641113
fixed,1,3971,0.5009185075759888,0.01338927075266838,0.006362284999340773,0.05570411682128906,0.5275055170059204,4,0.5,
fixed,1,3972,1.0648753643035889,0.0,0.007415929809212685,0.10098302364349365,1.098878264427185,4,0.25,
fixed,1,3973,0.9740189909934998,0.0,0.018604924902319908,0.051827430725097656,0.9988696575164795,4,0.5,
fixed,1,3974,0.5192739367485046,0.0,0.01830369047820568,0.13781356811523438,0.5697698593139648,4,0.75,
fixed,1,3975,0.910041868686676,0.0,0.012872667983174324,0.06470441818237305,0.9358895421028137,4,0.5,3.5879974365234375
fixed,1,3976,0.8580334186553955,0.019057849422097206,0.018822243437170982,0.07188200950622559,0.8985380530357361,4,0.5,
fixed,1,3977,1.174160122871399,0.0,0.015852581709623337,0.06696426868438721,1.2021757364273071,4,0.5,
fixed,1,3978,1.1392015218734741,0.05133839696645737,0.013404999859631062,0.12784206867218018,1.209925889968872,4,0.75,
fixed,1,3979,1.4989097118377686,0.0,0.01804889366030693,0.15919721126556396,1.55569326877594,4,0.25,
fixed,1,3980,1.3858850002288818,0.0,0.00016776638221926987,0.3155393600463867,1.48063063621521,4,0.0,0.6079715490341187
fixed,1,3981,1.1146210432052612,0.0,0.006086951121687889,0.04265797138214111,1.1304619312286377,4,0.25,
fixed,1,3982,0.6083305478096008,0.0,0.006761797238141298,0.04425644874572754,0.6249883770942688,4,0.25,
fixed,1,3983,0.9782018661499023,0.03615766763687134,0.008266368880867958,0.11425888538360596,1.034691572189331,4,0.75,
fixed,1,3984,0.9285362958908081,0.0,0.02549714222550392,0.07419109344482422,0.9635422229766846,4,0.5,
fixed,1,3985,1.2006288766860962,0.06524933874607086,0.0053311060182750225,0.18027019500732422,1.2900002002716064,4,0.75,6.337301731109619
fixed,1,3986,0.9709656238555908,0.0,0.01644829660654068,0.1771397590637207,1.0323317050933838,4,0.75,
fixed,1,3987,0.4382331967353821,0.0,0.022043798118829727,0.14901459217071533,0.4939594864845276,4,0.75,
fixed,1,3988,1.0790647268295288,0.0,0.011184673756361008,0.06240284442901611,1.1033779382705688,4,0.5,
fixed,1,3989,0.7945199608802795,0.024506481364369392,0.01579076237976551,0.0633544921875,0.8336749076843262,4,0.5,
fixed,1,3990,1.1804611682891846,0.0,0.008903030306100845,0.09786438941955566,1.2142720222473145,4,0.25,2.2436859607696533
fixed,1,3991,1.2078801393508911,0.008658431470394135,0.01990436017513275,0.08758234977722168,1.2484362125396729,4,0.75,
fixed,1,3992,1.2127594947814941,0.0,0.0002599262516014278,0.3206145763397217,1.309073805809021,4,0.0,
fixed,1,3993,1.0722287893295288,0.0,0.027528837323188782,0.03824126720428467,1.0974656343460083,4,0.5,
fixed,1,3994,1.0269001722335815,0.0,0.023668942973017693,0.04714310169219971,1.0528775453567505,4,0.5,
fixed,1,3995,0.5304162502288818,0.011106683872640133,0.011959804221987724,0.03304731845855713,0.5518636703491211,4,0.5,1.435646414756775
fixed,1,3996,1.397891640663147,0.024722862988710403,0.016393300145864487,0.11698365211486816,1.4535448551177979,4,0.75,
fixed,1,3997,0.7651647925376892,0.0,0.014807058498263359,0.14329290390014648,0.8155561685562134,4,0.25,
fixed,1,3998,1.6124176979064941,0.012254994362592697,0.00018624213407747447,0.15367591381072998,1.664741039276123,4,0.25,
fixed,1,3999,0.8718564510345459,0.0,0.0027009143959730864,0.2162628173828125,0.9380857348442078,4,0.0,
fixed,1,4000,0.8997126817703247,0.0,0.015900200232863426,0.06128644943237305,0.9260486960411072,4,0.5,4.25697660446167
fixed,1,4001,0.9074111580848694,0.013436730019748211,0.028888197615742683,0.09719645977020264,0.9577325582504272,4,0.75,
fixed,1,4002,0.994517982006073,0.019967203959822655,0.010107122361660004,0.08103883266448975,1.0338667631149292,4,0.5,
fixed,1,4003,0.43420013785362244,0.0,0.010031155310571194,0.047750234603881836,0.4535408020019531,4,0.25,
fixed,2,4004,0.5188411474227905,0.008963379077613354,0.009604295715689659,0.08926951885223389,0.5549058318138123,4,0.5,
fixed,2,4005,0.40215054154396057,0.03869570791721344,0.008691173046827316,0.12618350982666016,0.4636990427970886,4,0.75,4.518431663513184
fixed,2,4006,0.44955137372016907,0.008890045806765556,0.01590307056903839,0.10149431228637695,0.4923962354660034,4,0.75,
fixed,2,4007,0.4176511764526367,0.0,0.04175934940576553,0.10909295082092285,0.4712587296962738,4,0.75,
fixed,2,4008,0.4877011179924011,0.0,0.032543670386075974,0.1098792552947998,0.5369367599487305,4,0.75,
fixed,2,4009,0.47388795018196106,0.0,0.04135958105325699,0.24581801891326904,0.5683131217956543,4,1.0,
fixed,2,4010,0.9018433094024658,0.0,0.010403328575193882,0.1436460018157959,0.9501387476921082,4,0.25,2.5279667377471924
fixed,2,4011,1.0523078441619873,0.0,0.0007760016014799476,0.3796149492263794,1.166580319404602,4,0.0,
fixed,2,4012,1.004177451133728,0.01844632811844349,0.022877033799886703,0.09263980388641357,1.0526310205459595,4,0.75,
fixed,2,4013,0.8521954417228699,5.2288400183897465e-05,0.009093730710446835,0.07992124557495117,0.8807448148727417,4,0.25,
fixed,2,4014,0.5639678239822388,0.0,0.013627178966999054,0.1195363998413086,0.6066423654556274,4,0.25,
fixed,2,4015,0.38373416662216187,0.014049178920686245,0.024706389755010605,0.05854392051696777,0.420675128698349,4,0.75,2.9070487022399902
fixed,2,4016,0.9240202307701111,0.0,0.011651493608951569,0.0930333137512207,0.957755982875824,4,0.25,
fixed,2,4017,0.3182249069213867,0.0,0.034567203372716904,0.06793534755706787,0.35588911175727844,4,0.75,
fixed,2,4018,0.4636014997959137,0.0,0.00036050257040187716,0.28598976135253906,0.5495786666870117,4,0.0,
fixed,2,4019,0.32369670271873474,0.0,0.017246784642338753,0.058929443359375,0.34999892115592957,4,0.25,
fixed,2,4020,0.7443958520889282,5.848083350912248e-09,0.020724443718791008,0.025970816612243652,0.7625493407249451,4,0.5,4.796478748321533
fixed,2,4021,0.5413413643836975,0.0,0.04445437714457512,0.11213040351867676,0.5972076654434204,4,0.75,
fixed,2,4022,0.47019386291503906,0.019834544509649277,0.017852697521448135,0.09833788871765137,0.5185388326644897,4,0.75,
fixed,2,4023,0.2975112795829773,0.0,0.018526535481214523,0.05033302307128906,0.3218744397163391,4,0.5,
fixed,2,4024,0.29371553659439087,0.0,0.005195122677832842,0.07576990127563477,0.3190440535545349,4,0.25,
fixed,2,4025,0.640783965587616,0.0,0.02264932543039322,0.22421252727508545,0.7193723917007446,4,0.75,5.939183235168457
fixed,2,4026,0.4643096923828125,0.027010319754481316,0.016339212656021118,0.12752938270568848,0.5242432951927185,4,0.75,
fixed,2,4027,0.3000958561897278,0.0,0.027301600202918053,0.04258835315704346,0.32652315497398376,4,0.5,
fixed,2,4028,1.174330472946167,0.026880210265517235,0.011173531413078308,0.16507601737976074,1.24288010597229,4,0.75,
fixed,2,4029,0.35222771763801575,0.0,0.0048264325596392155,0.11491930484771729,0.38911673426628113,4,0.25,
fixed,2,4030,0.8169610500335693,7.718570486758836e-06,4.326228008721955e-06,0.3264390230178833,0.9148987531661987,4,0.0,0.03688938543200493
fixed,2,4031,0.3530857563018799,4.3788496384422615e-08,0.020067954435944557,0.1507425308227539,0.40834251046180725,4,0.75,
fixed,2,4032,0.48711395263671875,0.0,0.037263173609972,0.09358787536621094,0.5338218808174133,4,0.5,
fixed,2,4033,0.5138967633247375,0.014514249749481678,0.00990102905780077,0.1374605894088745,0.5673425793647766,4,0.75,
fixed,2,4034,0.8686957359313965,8.31720171845518e-06,0.020444516092538834,0.07223677635192871,0.9005931615829468,4,0.5,
fixed,2,4035,0.5011667609214783,0.0,0.02280045486986637,0.14478254318237305,0.5560017824172974,4,0.75,5.981872081756592
fixed,2,4036,0.17947867512702942,1.2129933111282298e-06,0.010250693187117577,0.06847214698791504,0.20514626801013947,4,0.5,
fixed,2,4037,0.4289253354072571,1.0047483556263614e-06,0.010767914354801178,0.06760990619659424,0.454592764377594,4,0.5,
fixed,2,4038,0.4691688120365143,0.02929108776152134,0.01395033672451973,0.15264415740966797,0.5365827679634094,4,0.75,
fixed,2,4039,0.6905865669250488,0.030655179172754288,0.007289388682693243,0.06278014183044434,0.7283928990364075,4,0.5,
fixed,2,4040,0.9415897727012634,3.496696808724664e-05,0.01006091758608818,0.0614926815032959,0.965085506439209,4,0.5,3.1736464500427246
fixed,2,4041,0.4184578061103821,0.02582360990345478,0.013217607513070107,0.14583027362823486,0.4817274808883667,4,0.75,
fixed,2,4042,0.3849966824054718,0.0,0.025162816047668457,0.040743350982666016,0.40980109572410583,4,0.5,
fixed,2,4043,0.5104467868804932,0.0,0.00701147923246026,0.08944571018218994,0.5407862663269043,4,0.25,
fixed,2,4044,0.41917526721954346,0.02451956644654274,0.007734546437859535,0.05608415603637695,0.4521275758743286,4,0.5,
fixed,2,4045,0.49614182114601135,0.0,0.008838815614581108,0.08929228782653809,0.5273489356040955,4,0.25,2.26533579826355
fixed,2,4046,0.5134308338165283,0.0,0.0020127720199525356,0.20395755767822266,0.5756244659423828,4,0.0,
fixed,2,4047,0.17269515991210938,0.010654815472662449,0.030253980308771133,0.0752112865447998,0.21571293473243713,4,0.75,
fixed,2,4048,0.18234091997146606,0.0,0.01917877048254013,0.15636944770812988,0.23884114623069763,4,0.25,
fixed,2,4049,0.25268861651420593,0.0,0.022718824446201324,0.1097337007522583,0.29696813225746155,4,0.75,
fixed,2,4050,0.4497270882129669,2.8222524633747526e-05,0.015026899054646492,0.049855709075927734,0.4722113609313965,4,0.5,4.075305461883545
fixed,2,4051,0.38574084639549255,0.0,0.027246711775660515,0.11151862144470215,0.43281978368759155,4,0.75,
fixed,2,4052,0.3302024006843567,0.0,0.012477517127990723,0.05237388610839844,0.35215333104133606,4,0.25,
fixed,2,4053,0.6588169932365417,0.0,0.010700363665819168,0.10643923282623291,0.6960989236831665,4,0.25,
fixed,2,4054,0.23312175273895264,0.020208923146128654,0.015880076214671135,0.11068212985992432,0.28437089920043945,4,0.75,
fixed,2,4055,0.4958975613117218,0.024266941472887993,0.01966993883252144,0.3276931047439575,0.6161739230155945,4,1.0,1.7926751375198364
fixed,2,4056,0.5045870542526245,0.013927222229540348,0.00623111380264163,0.05694472789764404,0.5317496657371521,4,0.5,
fixed,2,4057,0.30966275930404663,0.0,0.009624956175684929,0.12078094482421875,0.3507095277309418,4,0.25,
fixed,2,4058,0.23903587460517883,0.0,0.025794535875320435,0.03697359561920166,0.2630252242088318,4,0.5,
fixed,2,4059,0.7039123773574829,0.0,0.033880989998579025,0.06426739692687988,0.7401331067085266,4,0.5,
fixed,2,4060,0.817421555519104,0.0,0.008320678025484085,0.04140198230743408,0.8340024948120117,4,0.25,2.269228935241699
fixed,2,4061,0.42960605025291443,0.0,0.022180525586009026,0.11100029945373535,0.4739964008331299,4,0.75,
fixed,2,4062,0.5181410312652588,0.021206961944699287,0.018135124817490578,0.09836852550506592,0.5673226118087769,4,0.75,
fixed,2,4063,0.6479018926620483,0.016319196671247482,0.03015064261853695,0.21240973472595215,0.7348597049713135,4,1.0,
fixed,2,4064,1.1631296873092651,0.0,0.013615169562399387,0.06487524509429932,1.1893998384475708,4,0.5,
fixed,2,4065,0.4073360860347748,0.0,0.028534024953842163,0.11773252487182617,0.45692285895347595,4,0.75,6.790769100189209
fixed,2,4066,0.6935819983482361,0.0,0.027809947729110718,0.0849837064743042,0.7329820990562439,4,0.5,
fixed,2,4067,0.44777414202690125,0.008346781134605408,0.002114424481987953,0.09675836563110352,0.48203223943710327,4,0.25,
fixed,2,4068,0.3830864727497101,0.0,0.01955045573413372,0.0748589038848877,0.41531938314437866,4,0.5,
fixed,2,4069,0.28153565526008606,0.0,0.037275731563568115,0.09086418151855469,0.327432781457901,4,0.75,
fixed,2,4070,0.3022327423095703,0.0,0.055590346455574036,0.17934858798980713,0.38383251428604126,4,1.0,10.974847793579102
fixed,2,4071,0.644880473613739,0.0,0.011210501194000244,0.06026792526245117,0.668566107749939,4,0.25,
fixed,2,4072,0.478959858417511,0.014767896384000778,0.03146715834736824,0.08587479591369629,0.5278398394584656,4,0.75,
fixed,2,4073,0.3454830050468445,0.01564016565680504,0.013373084366321564,0.11621689796447754,0.39485469460487366,4,0.75,
fixed,2,4074,0.2947245240211487,0.0,0.027532141655683517,0.09927034378051758,0.33827170729637146,4,0.75,
fixed,2,4075,0.250880628824234,0.0,0.012827504426240921,0.16852688789367676,0.30785244703292847,4,0.25,2.7223353385925293
fixed,2,4076,0.4061790108680725,0.0,0.012645112350583076,0.06964278221130371,0.4333944022655487,4,0.5,
fixed,2,4077,0.43460336327552795,0.0,0.03017464280128479,0.07847142219543457,0.47323212027549744,4,0.5,
fixed,2,4078,0.09636139124631882,0.0,0.014537700451910496,0.07234406471252441,0.12533345818519592,4,0.5,
fixed,2,4079,0.5215376019477844,0.0,0.0032319931779056787,0.21732854843139648,0.5883521437644958,4,0.0,
fixed,2,4080,0.35015708208084106,0.016583207994699478,0.025843240320682526,0.24397730827331543,0.44456350803375244,4,1.0,3.0102975368499756
fixed,2,4081,0.24878305196762085,0.0,0.003068536752834916,0.24301600456237793,0.3232221305370331,4,0.0,
fixed,2,4082,0.1281968504190445,0.0,0.011507153511047363,0.049054503440856934,0.14866678416728973,4,0.5,
fixed,2,4083,0.32380911707878113,0.0,0.017593970522284508,0.1297757625579834,0.37153881788253784,4,0.75,
fixed,2,4084,0.5214433073997498,0.02901247702538967,0.005763872526586056,0.059755802154541016,0.5567582249641418,4,0.5,
fixed,2,4085,0.6518290638923645,0.0,0.00835113413631916,0.03826630115509033,0.6674845218658447,4,0.25,2.2346878051757812
fixed,2,4086,0.43508344888687134,0.0,0.005756238009780645,0.11481332778930664,0.4724055528640747,4,0.25,
fixed,2,4087,0.3136526644229889,0.0,0.0013232288183644414,0.38895297050476074,0.4310001730918884,4,0.0,
fixed,2,4088,0.6920101046562195,0.0,0.0012323393020778894,0.39482176303863525,0.811072826385498,4,0.0,
fixed,2,4089,0.5629189014434814,0.0,0.015159659087657928,0.06268417835235596,0.5893039703369141,4,0.5,
fixed,2,4090,0.5901795625686646,0.0,0.017349904403090477,0.05387449264526367,0.6150168776512146,4,0.5,4.042128562927246
fixed,2,4091,0.72374427318573,0.018572164699435234,0.008242493495345116,0.12273848056793213,0.7739731669425964,4,0.75,
fixed,2,4092,0.8366358280181885,0.03145020455121994,0.004609518218785524,0.045662641525268555,0.8683644533157349,4,0.5,
fixed,2,4093,0.5807402729988098,0.0,0.014537875540554523,0.10448634624481201,0.6193551421165466,4,0.25,
fixed,2,4094,0.6103209853172302,5.6904541452240665e-06,0.013585798442363739,0.041646480560302734,0.6296106576919556,4,0.5,
fixed,2,4095,0.9024384617805481,0.0,0.008909551426768303,0.10040664672851562,0.9370152354240417,4,0.5,2.769426107406616
fixed,2,4096,0.3138999342918396,0.0,0.02936210110783577,0.3094595670700073,0.42141884565353394,4,1.0,
fixed,2,4097,0.5763096213340759,0.0,0.009171579964458942,0.045787811279296875,0.5946317315101624,4,0.5,
fixed,2,4098,0.6949490308761597,0.0,0.01072164811193943,0.08884620666503906,0.7269636988639832,4,0.5,
fixed,2,4099,0.39733442664146423,2.618276653265639e-07,0.015715617686510086,0.14838874340057373,0.4497089982032776,4,0.75,
fixed,2,4100,0.7588377594947815,0.0,0.016899051144719124,0.0523836612701416,0.7830023765563965,4,0.5,3.8545780181884766
fixed,2,4101,0.3067188262939453,0.0,0.007027530577033758,0.1093757152557373,0.34304529428482056,4,0.25,
fixed,2,4102,0.4721802771091461,0.01683948189020157,0.007444632705301046,0.13665473461151123,0.5253187417984009,4,0.75,
fixed,2,4103,0.8730964660644531,0.0,0.004936919081956148,0.1168438196182251,0.9106180667877197,4,0.25,
fixed,2,4104,0.7757999300956726,0.017103122547268867,0.01580151356756687,0.32092833518981934,0.8885307312011719,4,1.0,
fixed,2,4105,0.750853419303894,0.0,0.010347148403525352,0.19410133361816406,0.8142573833465576,4,0.75,3.5819931030273438
fixed,2,4106,0.4658728837966919,0.0,0.013068636879324913,0.07353091239929199,0.49446648359298706,4,0.5,
fixed,2,4107,0.19850872457027435,0.016075890511274338,0.010061297565698624,0.04110383987426758,0.223908469080925,4,0.5,
fixed,2,4108,0.4593851864337921,0.0,0.009239896200597286,0.08231890201568604,0.488700807094574,4,0.5,
fixed,2,4109,0.6238815784454346,0.02614261582493782,0.004372588824480772,0.09911799430847168,0.6688745617866516,4,0.5,
fixed,2,4110,0.6036496758460999,0.0,0.017197148874402046,0.08228027820587158,0.6369323134422302,4,0.5,4.423301696777344
fixed,2,4111,0.3443871736526489,0.0,0.06335725635290146,0.0811319351196289,0.4004053771495819,4,0.75,
fixed,2,4112,0.4703466296195984,0.0,0.025065096095204353,0.12065267562866211,0.5190749764442444,4,0.75,
fixed,2,4113,0.8077857494354248,0.0,0.017513737082481384,0.07662749290466309,0.839530885219574,4,0.25,
fixed,2,4114,0.22361886501312256,0.009640786796808243,0.006540595553815365,0.08056020736694336,0.25587761402130127,4,0.5,
fixed,2,4115,0.40419891476631165,0.0,0.006803672295063734,0.15478074550628662,0.4540349841117859,4,0.25,1.882610559463501
fixed,2,4116,0.5148859024047852,0.02186219021677971,0.009267281740903854,0.07561647891998291,0.5531355738639832,4,0.5,
fixed,2,4117,0.37074145674705505,0.0,0.02510654926300049,0.11123013496398926,0.4166637659072876,4,0.75,
fixed,2,4118,0.872431218624115,0.0,0.03103569522500038,0.09327578544616699,0.9159318208694458,4,0.25,
fixed,2,4119,0.6560768485069275,0.0,0.014414502307772636,0.05203139781951904,0.678893506526947,4,0.5,
fixed,2,4120,0.2888827621936798,0.0,0.012777024880051613,0.1417827606201172,0.3378061056137085,4,0.25,3.030858278274536
fixed,2,4121,0.27075454592704773,0.0,0.033949077129364014,0.0812075138092041,0.3120913505554199,4,0.75,
fixed,2,4122,0.36600133776664734,0.015012056566774845,0.006586306728422642,0.04785442352294922,0.3911568522453308,4,0.5,
fixed,2,4123,0.9155091643333435,0.017375914379954338,0.009550275281071663,0.044970035552978516,0.9424632787704468,4,0.5,
fixed,2,4124,0.891119658946991,0.0,0.0017536443192511797,0.3452953100204468,0.9955850839614868,4,0.0,
fixed,2,4125,0.22459647059440613,0.0,0.007044259924441576,0.03380298614501953,0.23825949430465698,4,0.25,2.1334753036499023
fixed,2,4126,0.6425736546516418,0.0,0.015303521417081356,0.14362013339996338,0.6933114528656006,4,0.75,
fixed,2,4127,0.28480976819992065,0.0,0.024828605353832245,0.3557623624801636,0.40395277738571167,4,1.0,
fixed,2,4128,0.41676634550094604,0.0,0.00720577547326684,0.08456540107727051,0.44573885202407837,4,0.25,
fixed,2,4129,0.34702232480049133,0.013834118843078613,0.004199349787086248,0.06726408004760742,0.3762182891368866,4,0.25,
fixed,2,4130,0.28484010696411133,0.0,0.02026432752609253,0.04710578918457031,0.30910399556159973,4,0.5,4.302639961242676
fixed,2,4131,0.41084006428718567,0.0,0.009097340516746044,0.11040949821472168,0.44851160049438477,4,0.25,
fixed,2,4132,1.1414114236831665,0.0012352223275229335,0.016060831025242805,0.06689333915710449,1.170127511024475,4,0.25,
fixed,2,4133,0.3978857696056366,0.0,0.010538053698837757,0.11201536655426025,0.43675941228866577,4,0.25,
fixed,2,4134,0.481869637966156,0.014933732338249683,0.014987033791840076,0.31273508071899414,0.5906505584716797,4,1.0,
fixed,2,4135,0.40199291706085205,0.0,0.024812113493680954,0.04626357555389404,0.4282780587673187,4,0.5,4.990049362182617
fixed,2,4136,0.5831888318061829,0.0,0.012441633269190788,0.05668020248413086,0.606413722038269,4,0.25,
fixed,2,4137,0.5162214040756226,0.0,0.00421932665631175,0.04583251476287842,0.5320808291435242,4,0.25,
fixed,2,4138,0.8573646545410156,1.7294539702561451e-06,0.009707534685730934,0.06557810306549072,0.881892740726471,4,0.5,
fixed,2,4139,0.410847544670105,0.0,0.020959697663784027,0.1598038673400879,0.4692685604095459,4,0.75,
fixed,2,4140,0.5451836585998535,0.0,0.006286672782152891,0.10184097290039062,0.5788792967796326,4,0.5,2.192594528198242
fixed,2,4141,0.39507395029067993,0.013504372909665108,0.018637536093592644,0.1461181640625,0.45498034358024597,4,0.75,
fixed,2,4142,0.41973206400871277,0.040472522377967834,0.004728929605334997,0.10124623775482178,0.47270667552948,4,0.5,
fixed,2,4143,0.5664011240005493,0.0,0.007038579322397709,0.09834873676300049,0.5994250178337097,4,0.5,
fixed,2,4144,0.23405776917934418,0.0,0.007570208050310612,0.08931899070739746,0.2646385729312897,4,0.5,
fixed,2,4145,0.2749742269515991,0.0,0.000524200324434787,0.4106972813606262,0.3984455168247223,3,0.25,0.8613172769546509
fixed,2,4146,0.23191553354263306,0.0,0.020824849605560303,0.16136479377746582,0.2907373905181885,4,0.75,
fixed,2,4147,0.6148123145103455,0.0,0.0036688195541501045,0.1185159683227539,0.6522015333175659,4,0.25,
fixed,2,4148,0.7689899206161499,0.0,0.020869756117463112,0.07026457786560059,0.8005041480064392,4,0.5,
fixed,2,4149,0.3648277819156647,0.0,0.02054920792579651,0.15042448043823242,0.4202297329902649,4,0.75,
fixed,2,4150,0.5649968981742859,0.0,0.004594404250383377,0.07647347450256348,0.5902361273765564,4,0.25,1.4952313899993896
fixed,2,4151,0.6588526368141174,0.0,0.008660314604640007,0.05535769462585449,0.6797900795936584,4,0.5,
fixed,2,4152,0.620508074760437,0.0,0.02410600706934929,0.04873514175415039,0.6471816301345825,4,0.5,
fixed,2,4153,1.0771644115447998,0.022683292627334595,0.004425468388944864,0.07543396949768066,1.1133489608764648,4,0.5,
fixed,2,4154,0.1310637891292572,0.0,0.002894303062930703,0.2041158676147461,0.1937457025051117,4,0.0,
fixed,2,4155,0.6594018340110779,0.0,0.01265370287001133,0.18399810791015625,0.7209281325340271,4,0.75,3.931445837020874
fixed,2,4156,0.31880882382392883,0.0,0.009668564423918724,0.20864450931549072,0.3862364590167999,4,0.75,
fixed,2,4157,0.5371869206428528,0.0,0.004603355657309294,0.09716534614562988,0.5686382055282593,4,0.25,
fixed,2,4158,0.24164815247058868,0.0,0.005680181551724672,0.029408812522888184,0.253310889005661,4,0.25,
fixed,2,4159,0.22620868682861328,0.02295774593949318,0.005205600988119841,0.0625765323638916,0.2590633034706116,4,0.5,
fixed,2,4160,0.6889716386795044,0.0,0.01061705220490694,0.044499993324279785,0.7076301574707031,4,0.25,2.5273914337158203
fixed,2,4161,0.6262534260749817,0.0,0.02184159867465496,0.15738189220428467,0.6843888163566589,4,0.75,
fixed,2,4162,0.6719162464141846,0.035738322883844376,0.0004383918712846935,0.13516759872436523,0.7305548787117004,4,0.25,
fixed,2,4163,0.22105197608470917,0.0,0.009837217628955841,0.07722830772399902,0.24913907051086426,4,0.5,
fixed,2,4164,0.8959618806838989,0.0,0.0007016785093583167,0.4271625876426697,1.0244615077972412,4,0.0,
fixed,2,4165,0.5162310600280762,0.0,0.021960698068141937,0.10567629337310791,0.558914303779602,4,0.5,4.806000232696533
fixed,2,4166,0.33999499678611755,0.0,0.021027110517024994,0.24656355381011963,0.42447763681411743,4,0.75,
fixed,2,4167,0.27330490946769714,0.0,0.013374180532991886,0.17358839511871338,0.332068532705307,4,0.75,
fixed,2,4168,0.6696206331253052,0.0,0.0068741608411073685,0.026404976844787598,0.6809791922569275,4,0.25,
fixed,2,4169,0.9101769924163818,0.021886741742491722,0.005552617833018303,0.07067990303039551,0.9451006650924683,4,0.5,
fixed,2,4170,0.26265794038772583,0.0,0.012728797271847725,0.057499051094055176,0.2862720489501953,4,0.5,3.4262304306030273
fixed,2,4171,0.41086047887802124,0.0,0.007098619360476732,0.10859930515289307,0.44698959589004517,4,0.25,
fixed,2,4172,0.9430519342422485,0.0,0.013073639944195747,0.05536806583404541,0.9661991596221924,4,0.5,
fixed,2,4173,0.32835713028907776,0.0,0.015399748459458351,0.15083658695220947,0.381307989358902,4,0.75,
fixed,2,4174,0.6579212546348572,0.0,0.004180505406111479,0.0821688175201416,0.6846621632575989,4,0.25,
fixed,2,4175,0.9325559139251709,0.0,0.012508442625403404,0.04110682010650635,0.9511421918869019,4,0.5,3.3566062450408936
fixed,2,4176,0.630338728427887,0.0,0.012105667032301426,0.037435173988342285,0.6476221084594727,4,0.5,
fixed,2,4177,0.28155258297920227,0.0,0.018631143495440483,0.13157546520233154,0.33034080266952515,4,0.75,
fixed,2,4178,0.34447282552719116,0.0,0.02015821635723114,0.13451504707336426,0.3949064612388611,4,0.75,
fixed,2,4179,0.6083692908287048,0.0,0.005479985848069191,0.09257829189300537,0.6388827562332153,4,0.25,
fixed,2,4180,0.3328283131122589,0.0,0.010548548772931099,0.05206656455993652,0.35372257232666016,4,0.5,2.985867738723755
fixed,2,4181,0.3761812448501587,0.0,0.021277375519275665,0.14241480827331543,0.4295443892478943,4,0.75,
fixed,2,4182,0.8622962236404419,0.02584696374833584,0.004799698945134878,0.06098031997680664,0.8959136605262756,4,0.5,
fixed,2,4183,0.440436452627182,0.0,0.017628023400902748,0.2847076654434204,0.5346627831459045,4,0.75,
fixed,2,4184,0.42321348190307617,0.0,0.009455452673137188,0.05740213394165039,0.4451618492603302,4,0.5,
fixed,2,4185,0.501518964767456,0.0,0.007145979907363653,0.12326765060424805,0.5420722365379333,4,0.25,1.9343597888946533
fixed,2,4186,0.4021282196044922,0.0,0.015798788517713547,0.14901447296142578,0.45473194122314453,4,0.75,
fixed,2,4187,0.1694263219833374,0.02983163855969906,0.005634342785924673,0.06257772445678711,0.2059326320886612,4,0.5,
fixed,2,4188,0.7855637073516846,0.0,0.011813795194029808,0.08016085624694824,0.815518856048584,4,0.5,
fixed,2,4189,0.38092827796936035,0.0,0.005516796372830868,0.12785768508911133,0.42204397916793823,4,0.25,
fixed,2,4190,0.5350034236907959,0.0,0.009495778009295464,0.06182718276977539,0.5582994818687439,4,0.5,2.9653680324554443
fixed,2,4191,0.48553118109703064,0.0,0.02650042623281479,0.04094493389129639,0.511064887046814,4,0.5,
fixed,2,4192,0.5217194557189941,0.0,0.019688155502080917,0.12786316871643066,0.5699225068092346,4,0.75,
fixed,2,4193,0.6354101300239563,0.0,0.0185318011790514,0.06020224094390869,0.662736713886261,4,0.5,
fixed,2,4194,0.5736513137817383,0.0,0.011712677776813507,0.07005167007446289,0.6005231738090515,4,0.5,
fixed,2,4195,0.33234187960624695,0.0,0.015159543603658676,0.06672048568725586,0.35993778705596924,4,0.5,4.054263591766357
fixed,2,4196,0.6597689390182495,0.0,0.009519413113594055,0.05344963073730469,0.6805635094642639,4,0.5,
fixed,2,4197,0.23365271091461182,0.0,0.012771893292665482,0.04959821701049805,0.2549181282520294,4,0.5,
fixed,2,4198,0.7258687019348145,0.03209933266043663,0.008599648252129555,0.16606247425079346,0.796036958694458,4,0.75,
fixed,2,4199,0.7369009256362915,0.0,0.009255558252334595,0.0650404691696167,0.7610408663749695,4,0.5,
fixed,2,4200,0.5658628940582275,0.0,0.02231992594897747,0.38912296295166016,0.6937597393989563,4,1.0,6.365022659301758
fixed,2,4201,0.41665419936180115,0.0,0.00841502845287323,0.1354677677154541,0.4615020453929901,4,0.25,
fixed,2,4202,0.5693733096122742,0.0,0.00988958589732647,0.07830977439880371,0.5978110432624817,4,0.5,
fixed,2,4203,0.2963421642780304,0.013028280809521675,0.005786548368632793,0.07575094699859619,0.32847487926483154,4,0.5,
fixed,2,4204,0.4821723401546478,0.0,0.005474355071783066,0.14280271530151367,0.5277503132820129,4,0.25,
fixed,2,4205,0.493916779756546,0.0,0.013577016070485115,0.17168641090393066,0.5522112250328064,4,0.75,4.373745918273926
fixed,2,4206,0.47537854313850403,0.0,0.007337137125432491,0.042763590812683105,0.49187618494033813,4,0.25,
fixed,2,4207,0.5440348386764526,0.0,0.03029583767056465,0.19092154502868652,0.6164592504501343,4,0.75,
fixed,2,4208,0.6139280796051025,0.0,0.021718747913837433,0.1383965015411377,0.6663063764572144,4,0.75,
fixed,2,4209,0.41084060072898865,0.03201854228973389,0.004471256863325834,0.09367752075195312,0.45718875527381897,4,0.5,
fixed,2,4210,0.38118115067481995,0.0,0.009802207350730896,0.08020615577697754,0.4101440906524658,4,0.5,3.0379855632781982
fixed,2,4211,0.3238523006439209,0.0,0.019122688099741936,0.14446210861206055,0.3767522871494293,4,0.75,
fixed,2,4212,0.691458523273468,0.0,0.02977563813328743,0.09723269939422607,0.7355161309242249,4,0.5,
fixed,2,4213,0.38608697056770325,0.0,0.015347106382250786,0.16785168647766113,0.4441160261631012,4,0.75,
fixed,2,4214,0.461010217666626,0.02043840102851391,0.029610201716423035,0.10336577892303467,0.5170442461967468,4,0.75,
fixed,2,4215,0.5473195314407349,0.0,0.0014786749379709363,0.4919191598892212,0.6956346035003662,4,0.0,1.6177383661270142
fixed,2,4216,0.49593502283096313,0.0,0.04526084288954735,0.07538771629333496,0.541181743144989,4,0.75,
fixed,2,4217,0.36269527673721313,0.0,0.0136015135794878,0.03542470932006836,0.38012343645095825,4,0.25,
fixed,2,4218,0.6193872690200806,0.0,0.006323525216430426,0.12324202060699463,0.6595216393470764,4,0.25,
fixed,2,4219,0.36998605728149414,0.0,0.02696814201772213,0.11069774627685547,0.4166794419288635,4,0.75,
fixed,2,4220,0.6953660845756531,0.0,0.013667173683643341,0.09842991828918457,0.7317286729812622,4,0.25,4.46981954574585
fixed,2,4221,0.5265098214149475,0.05653049796819687,0.008731157518923283,0.11979031562805176,0.5950777530670166,4,0.75,
fixed,2,4222,0.3362651467323303,0.0,0.019201144576072693,0.12269854545593262,0.38267529010772705,4,0.75,
fixed,2,4223,0.654450535774231,0.0,0.022394411265850067,0.11855864524841309,0.7012153267860413,4,0.75,
fixed,2,4224,0.5969093441963196,0.0,0.025046631693840027,0.06249558925628662,0.6281813383102417,4,0.25,
fixed,2,4225,0.2861168682575226,0.0,0.01001316774636507,0.048096537590026855,0.3055524230003357,4,0.5,3.084778308868408
fixed,2,4226,0.5067377686500549,0.0,0.025917984545230865,0.10665678977966309,0.5516937971115112,4,0.75,
fixed,2,4227,0.6295099854469299,0.024374034255743027,0.014561777003109455,0.38216400146484375,0.7636271119117737,4,1.0,
fixed,2,4228,0.3998841941356659,0.0,0.0010954487370327115,0.39024871587753296,0.5175065398216248,3,0.25,
fixed,2,4229,0.40341389179229736,0.0,0.01357915997505188,0.030576109886169434,0.41937631368637085,4,0.5,
fixed,2,4230,0.34890124201774597,0.011589275673031807,0.011513767763972282,0.017567157745361328,0.3657229244709015,4,0.5,2.1461212635040283
fixed,2,4231,0.3229275345802307,0.02070963941514492,0.00876299012452364,0.04167795181274414,0.35016724467277527,4,0.5,
fixed,2,4232,0.2593827545642853,0.015593224205076694,0.0005608591018244624,0.1302933692932129,0.3065478205680847,4,0.25,
fixed,2,4233,0.5982362031936646,0.012787126004695892,0.006805187091231346,0.0450444221496582,0.621545672416687,4,0.5,
fixed,2,4234,0.29165881872177124,0.0,0.009308882057666779,0.04324483871459961,0.3092867136001587,4,0.25,
fixed,2,4235,0.2225607931613922,0.012441382743418217,0.006354244891554117,0.050147294998168945,0.24700279533863068,4,0.5,1.2744380235671997
fixed,2,4236,1.0558589696884155,0.0,0.03277205303311348,0.06910586357116699,1.0929768085479736,4,0.5,
fixed,2,4237,0.6914950609207153,0.0,0.018729178234934807,0.16495871543884277,0.7503472566604614,4,0.25,
fixed,2,4238,0.5880427360534668,0.0,0.018377836793661118,0.06776845455169678,0.6175621747970581,4,0.5,
fixed,2,4239,0.2968883514404297,0.014660787768661976,0.011679807677865028,0.06475913524627686,0.3294863998889923,4,0.5,
fixed,2,4240,0.7434991002082825,0.0,0.022844785824418068,0.08916401863098145,0.7816706895828247,4,0.25,3.8646793365478516
fixed,2,4241,0.4986182749271393,0.0,0.03318542242050171,0.0725477933883667,0.5369753241539001,4,0.5,
fixed,2,4242,1.0249611139297485,0.0,0.006209732033312321,0.13123881816864014,1.0674376487731934,4,0.25,
fixed,2,4243,0.6082617044448853,0.0,0.013789207674562931,0.06903684139251709,0.6358673572540283,4,0.5,
fixed,2,4244,0.61281818151474,0.01154248882085085,0.010298607870936394,0.1193307638168335,0.6595379710197449,4,0.75,
fixed,2,4245,0.5452046394348145,0.0,0.022162873297929764,0.22435510158538818,0.6235926151275635,4,0.75,5.711618900299072
fixed,2,4246,0.26793140172958374,0.0,0.017614122480154037,0.15200304985046387,0.32233938574790955,4,0.75,
fixed,2,4247,0.8655993938446045,0.0,0.010127438232302666,0.217423677444458,0.9358901977539062,4,0.75,
fixed,2,4248,0.7201513648033142,0.0,0.00870686024427414,0.06498265266418457,0.7439996004104614,4,0.5,
fixed,2,4249,0.44246044754981995,0.01729840599000454,0.008926020935177803,0.14520752429962158,0.49913492798805237,4,0.75,
fixed,2,4250,0.46555760502815247,0.0,0.014419461600482464,0.18004631996154785,0.5267812013626099,4,0.75,4.617720603942871
fixed,2,4251,0.6836780309677124,0.012248693965375423,0.00015131026157177985,0.15213561058044434,0.7355186939239502,4,0.25,
fixed,2,4252,1.3981857299804688,0.0,0.011969324201345444,0.05122113227844238,1.4195367097854614,4,0.25,
fixed,2,4253,0.2747330367565155,0.0,0.030096298083662987,0.3223816156387329,0.3864956796169281,4,1.0,
fixed,2,4254,0.3341735005378723,0.015546547248959541,0.001987307798117399,0.06538844108581543,0.36255696415901184,4,0.25,
fixed,2,4255,0.4667508006095886,0.02528326027095318,0.01017969474196434,0.14426589012145996,0.5277620553970337,4,0.75,1.1471545696258545
fixed,2,4256,0.3880820572376251,0.0,0.00044164841528981924,0.41208046674728394,0.5119270086288452,4,0.0,
fixed,2,4257,0.48632022738456726,0.0,0.01164259947836399,0.07359802722930908,0.5142209529876709,4,0.5,
fixed,2,4258,0.5790822505950928,0.0,0.02049938216805458,0.06644797325134277,0.6092663407325745,4,0.5,
fixed,2,4259,1.004441499710083,0.0,0.03859236091375351,0.08704209327697754,1.049850344657898,4,0.75,
fixed,2,4260,0.44058120250701904,0.0,0.027405785396695137,0.07632827758789062,0.4771825671195984,4,0.5,5.518318176269531
fixed,2,4261,0.8061051368713379,0.0,0.011357617564499378,0.13401031494140625,0.8519870638847351,4,0.25,
fixed,2,4262,0.4232300817966461,0.0,0.0133509561419487,0.04815399646759033,0.44435176253318787,4,0.5,
fixed,2,4263,0.374372661113739,0.040530573576688766,0.0018214982701465487,0.03674924373626709,0.40657347440719604,4,0.5,
fixed,2,4264,0.5004891157150269,0.0,0.017653938382864,0.03707587718963623,0.5204388499259949,4,0.5,
fixed,2,4265,0.6290741562843323,0.0,0.02843013033270836,0.3241236209869385,0.7405263185501099,4,1.0,7.740717887878418
fixed,2,4266,0.667639434337616,0.0,0.014199596829712391,0.03947317600250244,0.6865811944007874,4,0.5,
fixed,2,4267,0.7419019937515259,0.013195283710956573,0.0006838686531409621,0.1270902156829834,0.7869686484336853,4,0.25,
fixed,2,4268,0.5801238417625427,0.0,0.017098277807235718,0.03730058670043945,0.5998631715774536,4,0.5,
fixed,2,4269,0.29018279910087585,0.0,0.014777140691876411,0.03340005874633789,0.30759137868881226,4,0.5,
fixed,2,4270,0.6504483819007874,0.017531970515847206,0.007417573127895594,0.048505306243896484,0.6774747371673584,4,0.5,1.9034528732299805
fixed,2,4271,0.51727294921875,0.0,0.012822276912629604,0.051879167556762695,0.5392478108406067,4,0.5,
fixed,2,4272,0.5437370538711548,0.0,0.006309328600764275,0.11298346519470215,0.5807867646217346,4,0.25,
fixed,2,4273,0.5257486701011658,0.0,0.011320104822516441,0.06120502948760986,0.5497702360153198,4,0.5,
fixed,2,4274,0.31465035676956177,0.0,0.027628635987639427,0.11867177486419678,0.3640662133693695,4,0.75,
fixed,2,4275,0.4471082091331482,0.0,0.013187738135457039,0.05593740940093994,0.47048330307006836,4,0.5,3.9198076725006104
fixed,2,4276,0.43677735328674316,0.0,0.029264261946082115,0.11901676654815674,0.4871145188808441,4,0.75,
fixed,2,4277,0.45378175377845764,0.0,0.013808521442115307,0.1661686897277832,0.5105366110801697,4,0.75,
fixed,2,4278,1.0624045133590698,0.0,0.013590502552688122,0.06635308265686035,1.0891057252883911,4,0.5,
fixed,2,4279,0.4834061861038208,0.0,0.003672366961836815,0.12295198440551758,0.5221279859542847,4,0.25,
fixed,2,4280,0.3069360554218292,0.0,0.005555003881454468,0.02834773063659668,0.3182178735733032,4,0.25,1.9361051321029663
fixed,2,4281,0.36347663402557373,0.0,0.0114398542791605,0.05165660381317139,0.38469353318214417,4,0.25,
fixed,2,4282,1.6223570108413696,0.0,0.02022145874798298,0.14417636394500732,1.6757206916809082,4,0.75,
fixed,2,4283,0.7920065522193909,0.0,0.00575853418558836,0.04780292510986328,0.8092266917228699,4,0.25,
fixed,2,4284,0.730951189994812,0.011184378527104855,0.013650178909301758,0.3164377212524414,0.8382998108863831,4,1.0,
fixed,2,4285,0.24804839491844177,0.0,0.017874635756015778,0.06406474113464355,0.2762051224708557,4,0.5,4.280340671539307
fixed,2,4286,0.7185529470443726,0.0,0.01199297048151493,0.18438732624053955,0.7798656225204468,4,0.75,
fixed,2,4287,0.6999737024307251,0.0,0.001196533557958901,0.4426499009132385,0.8333669304847717,4,0.0,
fixed,2,4288,0.5256038904190063,0.0,0.011510703712701797,0.18505704402923584,0.5868763327598572,4,0.75,
fixed,2,4289,0.32873672246932983,0.0,0.007807944435626268,0.041222572326660156,0.3450074791908264,4,0.25,
fixed,2,4290,0.26459822058677673,0.0,0.01860831119120121,0.062406301498413086,0.29262426495552063,4,0.5,4.975961685180664
fixed,2,4291,0.803088903427124,0.010929725132882595,0.015570763498544693,0.29419827461242676,0.9045986533164978,4,1.0,
fixed,2,4292,0.2380586862564087,0.0,0.014655432663857937,0.06991541385650635,0.2663610279560089,4,0.5,
fixed,2,4293,0.25485605001449585,0.0,0.041405871510505676,0.07003533840179443,0.2965695858001709,4,0.75,
fixed,2,4294,0.187550351023674,0.0,0.019275104627013206,0.047902464866638184,0.21155864000320435,4,0.5,
fixed,2,4295,0.46056613326072693,0.0,0.012664144858717918,0.035423874855041504,0.47752535343170166,4,0.5,3.3199594020843506
fixed,2,4296,0.7703753709793091,0.0,0.014939036220312119,0.0375286340713501,0.7891035079956055,4,0.5,
fixed,2,4297,0.47728341817855835,0.0,0.006515365093946457,0.054233551025390625,0.4968111515045166,4,0.25,
fixed,2,4298,0.4026530385017395,0.0,0.0016553427558392286,0.4254409074783325,0.5311129689216614,4,0.0,
fixed,2,4299,0.8625436425209045,0.0,0.013790681026875973,0.04817378520965576,0.8838911056518555,4,0.5,
fixed,2,4300,0.8547496795654297,0.0,0.027792930603027344,0.06590282917022705,0.8884170055389404,4,0.5,4.54525899887085
fixed,2,4301,0.5183796286582947,0.0,0.013480665162205696,0.1464064121246338,0.569041907787323,4,0.75,
fixed,2,4302,0.4626646637916565,0.0,0.009068303741514683,0.04242825508117676,0.47992730140686035,4,0.5,
fixed,2,4303,0.6455334424972534,0.0,0.011749116703867912,0.1325693130493164,0.6911787986755371,4,0.25,
fixed,2,4304,0.8612275123596191,0.0,0.005761740729212761,0.03944551944732666,0.875942051410675,4,0.25,
fixed,2,4305,0.38994237780570984,0.0,0.004365746397525072,0.09244203567504883,0.41985785961151123,4,0.25,1.5443222522735596
fixed,2,4306,0.6079103946685791,0.0,0.009532179683446884,0.2004927396774292,0.6728243231773376,4,0.75,
fixed,2,4307,0.9084429740905762,0.014734682627022266,0.0006577889434993267,0.14404749870300293,0.9593534469604492,4,0.25,
fixed,2,4308,0.4827496409416199,0.012914296239614487,0.0033109828364104033,0.059403181076049805,0.5086832046508789,4,0.5,
fixed,2,4309,0.27924567461013794,0.0,0.008870841935276985,0.217462420463562,0.3489198088645935,4,0.75,
fixed,2,4310,0.7736391425132751,2.1244015442789532e-05,0.0023983630817383528,0.05818307399749756,0.7923038601875305,4,0.25,0.9227181077003479
fixed,2,4311,0.32168033719062805,0.041559066623449326,0.0009926545899361372,0.0406641960144043,0.35515546798706055,4,0.25,
fixed,2,4312,0.26718011498451233,0.0,0.010514618828892708,0.3771003484725952,0.3855675458908081,4,0.75,
fixed,2,4313,0.6480264663696289,0.0,0.009003635495901108,0.06393802165985107,0.6717097163200378,4,0.5,
fixed,2,4314,0.4358772039413452,0.0,0.013906313106417656,0.17994797229766846,0.4968147575855255,4,0.75,
fixed,2,4315,0.6599285006523132,0.008875753730535507,0.004682427737861872,0.046117424964904785,0.6805428266525269,4,0.5,1.9258660078048706
fixed,2,4316,0.3635118305683136,0.0,0.028700731694698334,0.198530912399292,0.4374214708805084,4,0.75,
fixed,2,4317,1.0075409412384033,0.0,0.003527555149048567,0.11280179023742676,1.0431452989578247,4,0.25,
fixed,2,4318,0.3347282409667969,0.019164003431797028,0.008172749541699886,0.26698148250579834,0.4284910559654236,4,0.75,
fixed,2,4319,0.6527623534202576,0.0,0.004467386286705732,0.1268784999847412,0.6930596232414246,4,0.25,
fixed,2,4320,0.23709852993488312,0.009842232801020145,0.033148523420095444,0.2193300724029541,0.3243929445743561,4,1.0,4.043449878692627
fixed,2,4321,0.5999120473861694,0.0,0.014431015588343143,0.3241063356399536,0.7043594717979431,4,0.75,
fixed,2,4322,0.3955530822277069,0.0,0.014591414481401443,0.07544708251953125,0.42548292875289917,4,0.5,
fixed,2,4323,0.5048259496688843,0.0,0.01538833137601614,0.07253527641296387,0.5342807173728943,4,0.5,
fixed,2,4324,0.5967749357223511,0.0,0.013730080798268318,0.07868838310241699,0.6272464990615845,4,0.5,
fixed,2,4325,0.21790456771850586,0.0,0.014835990034043789,0.04705512523651123,0.23943910002708435,4,0.25,3.765306234359741
fixed,2,4326,0.7396270036697388,0.0,0.024215370416641235,0.1279839277267456,0.7901298999786377,4,0.75,
fixed,2,4327,0.4008692502975464,0.0,0.010584637522697449,0.03410494327545166,0.4163930416107178,4,0.25,
fixed,2,4328,0.4261320233345032,0.0,0.013259781524538994,0.05886554718017578,0.4504215717315674,4,0.5,
fixed,2,4329,0.7340158820152283,0.0,0.020832644775509834,0.035282015800476074,0.7550168037414551,4,0.5,
fixed,2,4330,0.17143450677394867,0.0,0.0036010192707180977,0.2750070095062256,0.2557371258735657,4,0.0,2.4079906940460205
fixed,2,4331,0.34081554412841797,0.02376566268503666,0.0075535960495471954,0.06504356861114502,0.375988245010376,4,0.5,
fixed,2,4332,0.4695298969745636,0.0014348969561979175,0.028337091207504272,0.15700161457061768,0.5315163731575012,4,0.75,
fixed,2,4333,0.6792226433753967,0.0,0.01664126291871071,0.18240797519683838,0.7422657012939453,4,0.75,
fixed,2,4334,0.9151262044906616,0.0,0.02049696259200573,0.06911277770996094,0.9461085200309753,4,0.25,
fixed,2,4335,0.6639707684516907,0.0,0.006413785275071859,0.15424156188964844,0.7134501338005066,4,0.25,2.070996046066284
fixed,2,4336,0.5253872871398926,0.0,0.008138508535921574,0.16266155242919922,0.5782549977302551,4,0.25,
fixed,2,4337,0.8952746391296387,0.0,0.02355910837650299,0.03088212013244629,0.9163188338279724,4,0.5,
fixed,2,4338,0.8295612335205078,0.001246495172381401,0.000981602817773819,0.29105257987976074,0.917991042137146,4,0.0,
fixed,2,4339,0.4704003930091858,0.0003445667971391231,0.021975727751851082,0.09796333312988281,0.5109495520591736,4,0.5,
fixed,2,4340,0.48207515478134155,0.0,0.012664890848100185,0.13503646850585938,0.5289185643196106,3,0.75,4.087573528289795
fixed,2,4341,0.3850899934768677,0.0,0.015767795965075493,0.09895038604736328,0.4226590096950531,3,0.5,
fixed,2,4342,0.74233078956604,0.0024396006483584642,0.009257654659450054,0.09241926670074463,0.775905191898346,4,0.5,
fixed,2,4343,1.2378438711166382,0.0021762968972325325,0.005053309258073568,0.06945633888244629,1.2622956037521362,4,0.25,
fixed,2,4344,0.3328901529312134,0.0,0.017336005344986916,0.10328364372253418,0.37254324555397034,4,0.25,
fixed,2,4345,0.4571363627910614,0.0,0.007884371094405651,0.04260909557342529,0.4738612771034241,4,0.5,2.5090219974517822
fixed,2,4346,0.625948965549469,0.0,0.01742446795105934,0.17429935932159424,0.6869510412216187,4,0.75,
fixed,2,4347,0.2403852641582489,0.0,0.005180147010833025,0.04899311065673828,0.2576732635498047,4,0.5,
fixed,2,4348,0.5686393976211548,0.0,0.005521162413060665,0.05825531482696533,0.5888766050338745,4,0.5,
fixed,2,4349,0.6448213458061218,0.0,0.025330590084195137,0.13749289512634277,0.6987345218658447,4,0.75,
fixed,2,4350,0.2924521863460541,0.0,0.013857191428542137,0.17879390716552734,0.35301896929740906,4,0.75,4.185619354248047
fixed,2,4351,0.6586121320724487,1.5616864402545616e-05,0.006238178350031376,0.05730080604553223,0.6789292693138123,4,0.5,
fixed,2,4352,0.5177550911903381,0.018428506329655647,0.002843479160219431,0.041364192962646484,0.5408003330230713,4,0.5,
fixed,2,4353,0.3908666968345642,0.0,0.011372321285307407,0.5697365403175354,0.567473828792572,4,1.0,
fixed,2,4354,0.4415779709815979,0.0,0.0025569808203727007,0.08616852760314941,0.46870702505111694,4,0.25,
fixed,2,4355,0.5890043377876282,0.0,0.014940254390239716,0.08310794830322266,0.6214068531990051,4,0.5,3.460706949234009
fixed,2,4356,0.6203460097312927,0.009811874479055405,0.0034718294627964497,0.054224491119384766,0.6432552337646484,4,0.5,
fixed,2,4357,0.23076118528842926,0.0,0.006604495458304882,0.08309066295623779,0.25899064540863037,4,0.5,
fixed,2,4358,0.6137311458587646,0.0,0.008422190323472023,0.22644591331481934,0.6858760118484497,4,0.75,
fixed,2,4359,0.6602442264556885,0.0,0.008977821096777916,0.09132182598114014,0.6921296715736389,4,0.5,
fixed,2,4360,0.38320305943489075,0.003513398813083768,0.009328329935669899,0.10374188423156738,0.42074650526046753,4,0.5,2.3302836418151855
fixed,2,4361,0.5893560647964478,0.0,0.017038973048329353,0.0714043378829956,0.6192968487739563,4,0.5,
fixed,2,4362,0.6218875050544739,0.0,0.002816732507199049,0.17344272136688232,0.6753286719322205,4,0.25,
fixed,2,4363,0.9316116571426392,0.0,0.011427367106080055,0.19335639476776123,0.9953322410583496,4,0.75,
fixed,2,4364,0.6517988443374634,0.0,0.04201612249016762,0.10102200508117676,0.7031134963035583,4,0.5,
fixed,2,4365,0.1785130351781845,0.0,0.0028503076173365116,0.29027259349823,0.26701998710632324,4,0.0,1.7191834449768066
fixed,2,4366,0.5823475122451782,0.0,0.014761199243366718,0.48795270919799805,0.7361139059066772,4,1.0,
fixed,2,4367,0.30584150552749634,0.0,0.03184053674340248,0.09804272651672363,0.35117459297180176,4,0.5,
fixed,2,4368,0.740806519985199,0.0,0.00886536668986082,0.06734943389892578,0.7654440402984619,4,0.5,
fixed,2,4369,0.5529782176017761,0.014563196338713169,0.03619340434670448,0.10718023777008057,0.6105105876922607,4,0.25,
fixed,2,4370,0.42639419436454773,0.026963023468852043,0.022023582831025124,0.05019521713256836,0.4659460783004761,4,0.5,2.7271718978881836
fixed,2,4371,0.7482398748397827,0.0031056851148605347,0.006641077809035778,0.0850374698638916,0.7786244750022888,4,0.25,
fixed,2,4372,0.38620078563690186,0.0,0.01178686786442995,0.03629016876220703,0.4029812812805176,4,0.5,
fixed,2,4373,0.43071448802948,0.0,0.021729515865445137,0.08913874626159668,0.4683208763599396,4,0.75,
fixed,2,4374,0.6676716208457947,0.0,0.008673316799104214,0.03727579116821289,0.6831910014152527,4,0.25,
fixed,2,4375,0.4775165617465973,0.0,0.04588966816663742,0.24145913124084473,0.5728991031646729,4,0.75,7.444809436798096
fixed,2,4376,0.5056023001670837,0.02527855895459652,0.004850405268371105,0.053946733474731445,0.5368508100509644,4,0.5,
fixed,2,4377,0.9601282477378845,0.0,0.005127300042659044,0.12606549263000488,1.0005115270614624,4,0.25,
fixed,2,4378,0.6744165420532227,0.0,0.02269122190773487,0.10652565956115723,0.7177198529243469,4,0.75,
fixed,2,4379,0.6973085403442383,0.0,0.04985184594988823,0.07392072677612305,0.7444106936454773,4,0.5,
fixed,2,4380,0.3937634229660034,0.0,0.037879664450883865,0.08462929725646973,0.43809205293655396,4,0.75,6.051740646362305
fixed,2,4381,0.34027770161628723,0.01983102783560753,0.00852898508310318,0.1166917085647583,0.38946521282196045,4,0.75,
fixed,2,4382,0.529985249042511,0.0,0.040783051401376724,0.08918237686157227,0.5771315097808838,4,0.25,
fixed,2,4383,0.3329271078109741,0.0,0.0106904786080122,0.041039109230041504,0.35058408975601196,4,0.25,
fixed,2,4384,0.41576942801475525,0.0,0.036053530871868134,0.07542896270751953,0.45642489194869995,4,0.75,
fixed,2,4385,0.5480754971504211,0.02813144586980343,0.007698822766542435,0.14774656295776367,0.6103146076202393,4,0.75,1.562389850616455
fixed,2,4386,0.3090237081050873,0.0,0.03710576146841049,0.07242703437805176,0.3493047058582306,4,0.75,
fixed,2,4387,0.39022010564804077,0.0,0.011117793619632721,0.05838668346405029,0.4132950007915497,4,0.5,
fixed,2,4388,0.5427225232124329,0.0,0.038144081830978394,0.2719813585281372,0.6433889865875244,4,0.0,
fixed,2,4389,0.34758880734443665,0.0,0.0115833580493927,0.04981207847595215,0.3683241009712219,4,0.5,
fixed,2,4390,0.5158531665802002,0.0,0.015392497181892395,0.15098142623901367,0.5688438415527344,4,0.75,4.545359134674072
fixed,2,4391,0.703111469745636,0.03519812971353531,0.007334538735449314,0.05164635181427002,0.7398717403411865,4,0.5,
fixed,2,4392,0.8633471727371216,0.0,0.005718032363802195,0.11422157287597656,0.9004726409912109,4,0.25,
fixed,2,4393,0.2897099554538727,0.0,0.006417492404580116,0.040471553802490234,0.30506017804145813,4,0.25,
fixed,2,4394,0.7340058088302612,0.0,0.010466838255524635,0.17446625232696533,0.7915791273117065,4,0.75,
fixed,2,4395,1.0393567085266113,0.03622070327401161,0.008101280778646469,0.16586339473724365,1.1112767457962036,4,0.75,1.5044867992401123
fixed,2,4396,0.6642984747886658,0.0,0.008667800575494766,0.08997762203216553,0.6956256628036499,4,0.5,
fixed,2,4397,0.8001282215118408,0.055990591645240784,0.000374897412257269,0.04837596416473389,0.8428237438201904,4,0.5,
fixed,2,4398,0.6713094711303711,0.015134600922465324,0.016100071370601654,0.09510540962219238,0.7154584527015686,4,0.75,
fixed,2,4399,1.0997079610824585,0.0,0.029133668169379234,0.1055840253829956,1.1459499597549438,4,0.75,
fixed,2,4400,0.9600238800048828,0.02075863815844059,0.009953029453754425,0.0632016658782959,0.9943402409553528,4,0.5,1.1453622579574585
fixed,2,4401,0.35799506306648254,0.029708197340369225,0.0026128042954951525,0.04495859146118164,0.38764315843582153,4,0.25,
fixed,2,4402,0.5004826188087463,0.0,0.023523157462477684,0.10494768619537354,0.5437285304069519,4,0.75,
fixed,2,4403,0.557244598865509,0.022496765479445457,0.016326570883393288,0.09895968437194824,0.6063441634178162,4,0.75,
fixed,2,4404,1.052303671836853,0.01925494894385338,0.018602347001433372,0.08447146415710449,1.0965737104415894,4,0.5,
fixed,2,4405,0.7302111983299255,0.0,0.009269092231988907,0.17081785202026367,0.7860910892486572,4,0.25,2.3797199726104736
fixed,2,4406,0.5401601195335388,0.0007864400395192206,0.03713604435324669,0.0844731330871582,0.5844632983207703,4,0.75,
fixed,2,4407,0.47208693623542786,0.0,0.01956171914935112,0.06081843376159668,0.500113308429718,4,0.5,
fixed,2,4408,0.2296607345342636,0.0,0.03365887701511383,0.17678534984588623,0.29952579736709595,4,0.75,
fixed,2,4409,0.7883011698722839,0.0,0.01914733462035656,0.09512686729431152,0.8264129161834717,4,0.25,
fixed,2,4410,0.5944133400917053,0.0,0.02028324455022812,0.23710858821868896,0.6756875514984131,4,0.25,3.741626501083374
fixed,2,4411,0.3621926009654999,0.0,0.0013075792230665684,0.5168803930282593,0.5179104804992676,4,0.0,
fixed,2,4412,0.5073031783103943,0.0,0.029885759577155113,0.09746336936950684,0.5514850616455078,4,0.5,
fixed,2,4413,0.8676326274871826,0.01955750398337841,0.02934601902961731,0.24049782752990723,0.9642337560653687,4,1.0,
fixed,2,4414,0.25447210669517517,0.0,0.020655645057559013,0.057157039642333984,0.2819470465183258,4,0.5,
fixed,2,4415,0.5848137140274048,0.0,0.03327967971563339,0.08112239837646484,0.6257902979850769,4,0.75,7.69572639465332
fixed,2,4416,0.1766986846923828,0.0,0.019111499190330505,0.04017007350921631,0.19830545783042908,4,0.5,
fixed,2,4417,0.5466286540031433,0.0,0.014281995594501495,0.108428955078125,0.5862983465194702,4,0.25,
fixed,2,4418,0.5537003874778748,0.0,0.012418595142662525,0.018741726875305176,0.5655322074890137,4,0.25,
fixed,2,4419,0.7606470584869385,0.0,0.001296615693718195,0.3414508104324341,0.8637306094169617,4,0.0,
fixed,2,4420,0.636557400226593,0.022089971229434013,0.01817871257662773,0.18767881393432617,0.7129954099655151,4,0.75,2.1990997791290283
fixed,2,4421,0.6673192381858826,0.0,0.015601998195052147,0.16718041896820068,0.725274384021759,4,0.75,
fixed,2,4422,0.16061843931674957,0.0,0.023987652733922005,0.13487553596496582,0.2130749225616455,4,0.75,
fixed,2,4423,0.47698459029197693,0.0,0.01827237941324711,0.04527592658996582,0.4997035562992096,4,0.5,
fixed,2,4424,0.6147975921630859,0.0,0.010453854687511921,0.1011345386505127,0.650364875793457,4,0.25,
fixed,2,4425,0.5011107325553894,0.0,0.0059309303760528564,0.0934915542602539,0.5321236848831177,4,0.25,1.7036027908325195
fixed,2,4426,0.41959646344184875,0.0,0.010870900005102158,0.11349642276763916,0.45908084511756897,4,0.25,
fixed,2,4427,0.5492163300514221,0.0,0.021679341793060303,0.047103047370910645,0.5741869211196899,4,0.5,
fixed,2,4428,0.5731244683265686,0.0,0.02070508897304535,0.4371199607849121,0.7146130204200745,4,1.0,
fixed,2,4429,0.5650692582130432,5.869717824680265e-06,0.01761021465063095,0.17059683799743652,0.6250563859939575,4,0.75,
fixed,2,4430,0.3374599814414978,9.043469617608935e-06,0.006172398570924997,0.10286164283752441,0.37140920758247375,4,0.25,1.8053983449935913
fixed,2,4431,0.5816459059715271,0.0,0.0220600888133049,0.42887061834335327,0.7213371396064758,4,1.0,
fixed,2,4432,0.2936081290245056,0.02836511842906475,0.009327962063252926,0.060907602310180664,0.3307269513607025,4,0.5,
fixed,2,4433,0.6817120313644409,1.903063639474567e-05,0.005723631475120783,0.09600532054901123,0.7133849859237671,4,0.25,
fixed,2,4434,0.6860318183898926,2.1238211189711365e-08,0.016185980290174484,0.0576244592666626,0.7114121317863464,4,0.5,
fixed,2,4435,0.36308568716049194,0.02050848864018917,0.015410474501550198,0.13066041469573975,0.4202432930469513,4,0.75,0.9976030588150024
fixed,2,4436,0.1380615234375,1.8338385416427627e-05,0.005408482626080513,0.08803188800811768,0.1671845018863678,4,0.25,
fixed,2,4437,0.7210689783096313,1.2775811228493694e-05,0.0301809161901474,0.1179192066192627,0.7715415954589844,4,0.75,
fixed,2,4438,0.8178673982620239,1.9257584426668473e-05,0.012338843196630478,0.04542553424835205,0.837674081325531,4,0.25,
fixed,2,4439,0.44860872626304626,1.4184222436597338e-06,0.0101237203925848,0.10161256790161133,0.4841550588607788,4,0.25,
fixed,2,4440,0.5876484513282776,0.0,0.018171919509768486,0.06333625316619873,0.6157352924346924,4,0.25,3.4394257068634033
fixed,2,4441,0.6957848072052002,0.0212338175624609,0.004879387561231852,0.059897780418395996,0.7268107533454895,4,0.5,
fixed,2,4442,0.7632677555084229,0.0,0.0024580040480941534,0.2255396842956543,0.8321586847305298,4,0.0,
fixed,2,4443,0.6225109100341797,0.0,0.023383410647511482,0.13871383666992188,0.6758167743682861,4,0.75,
fixed,2,4444,1.4028196334838867,0.03212016820907593,0.0063410596922039986,0.06578314304351807,1.441785216331482,4,0.5,
fixed,2,4445,0.4734983444213867,0.02764992229640484,0.00711427628993988,0.06136465072631836,0.5092898607254028,4,0.5,2.045402765274048
fixed,2,4446,0.47169554233551025,0.0,0.00951666571199894,0.02622056007385254,0.4843200445175171,4,0.25,
fixed,2,4447,0.4228643774986267,0.0,0.00047870108392089605,0.35706138610839844,0.5302221775054932,4,0.0,
fixed,2,4448,0.5767263770103455,0.0,0.035540513694286346,0.2884405851364136,0.6810288429260254,4,1.0,
fixed,2,4449,0.3501029908657074,0.0,0.01983901485800743,0.06188488006591797,0.3785879611968994,4,0.5,
fixed,2,4450,0.763404130935669,0.016089383512735367,0.0004447442770469934,0.14858222007751465,0.8162458539009094,4,0.25,3.3710384368896484
fixed,2,4451,0.19454486668109894,0.0,0.013945180922746658,0.03432202339172363,0.2118140608072281,4,0.25,
fixed,2,4452,0.22772738337516785,0.0,0.017732521519064903,0.06532073020935059,0.25618985295295715,4,0.5,
fixed,2,4453,0.6320856213569641,0.0,0.01374246645718813,0.0484929084777832,0.6535047292709351,4,0.5,
fixed,2,4454,0.09921335428953171,0.0,0.00754479318857193,0.09305298328399658,0.13090164959430695,4,0.25,
fixed,2,4455,0.43319156765937805,0.0,0.01209518127143383,0.05502772331237793,0.45574748516082764,4,0.5,3.4570398330688477
fixed,2,4456,0.6611766815185547,0.019468631595373154,0.029636947438120842,0.2436814308166504,0.7588338851928711,4,1.0,
fixed,2,4457,0.33866846561431885,0.014488141052424908,0.0003657260967884213,0.138372540473938,0.3876071572303772,4,0.25,
fixed,2,4458,0.4564203917980194,0.0,0.029666200280189514,0.10777544975280762,0.5035861134529114,4,0.75,
fixed,2,4459,0.7231261730194092,0.02960146777331829,0.0019440961768850684,0.033483266830444336,0.7489439249038696,4,0.25,
fixed,2,4460,1.0281847715377808,0.02743312530219555,0.009754292666912079,0.049437880516052246,1.0616098642349243,4,0.5,1.7714451551437378
fixed,2,4461,0.8023905158042908,0.021803542971611023,0.007679467089474201,0.06269645690917969,0.835940957069397,4,0.5,
fixed,2,4462,1.2502614259719849,0.018325574696063995,0.013626394793391228,0.12045526504516602,1.302374005317688,4,0.75,
fixed,2,4463,0.9230352640151978,0.0,0.017713651061058044,0.05291783809661865,0.947767436504364,4,0.5,
fixed,2,4464,0.8871537446975708,0.0,0.040009476244449615,0.25160324573516846,0.9826394319534302,4,1.0,
fixed,2,4465,0.4093666672706604,0.0,0.013332816772162914,0.05399525165557861,0.4322316646575928,4,0.5,3.793975830078125
fixed,2,4466,0.7042582035064697,0.012370730750262737,0.0016596323112025857,0.07497632503509521,0.7337662577629089,4,0.25,
fixed,2,4467,0.4108799397945404,0.0,0.02117253839969635,0.052231669425964355,0.4371356964111328,4,0.5,
fixed,2,4468,0.5008273124694824,0.013297650031745434,0.009833579882979393,0.07234859466552734,0.5340974926948547,4,0.5,
fixed,2,4469,0.6049451231956482,0.0,0.0327407568693161,0.08137273788452148,0.6457273364067078,4,0.75,
fixed,2,4470,0.48456352949142456,0.0,0.009000405669212341,0.1392759084701538,0.5308464765548706,4,0.25,2.1607120037078857
fixed,2,4471,0.9501498937606812,0.0,0.008088672533631325,0.14091277122497559,0.9964680671691895,4,0.25,
fixed,2,4472,0.42015185952186584,0.0,0.016245316714048386,0.06688618659973145,0.44834038615226746,4,0.5,
fixed,2,4473,0.4038754999637604,0.0,0.0006247873534448445,0.3975207805633545,0.5234441161155701,4,0.0,
fixed,2,4474,0.272535502910614,0.0,0.021968891844153404,0.038920044898986816,0.29519596695899963,4,0.5,
fixed,2,4475,0.815908670425415,0.02060600556433201,0.007904342375695705,0.04262053966522217,0.8429499864578247,4,0.5,1.536237359046936
fixed,2,4476,0.3499559164047241,0.019321711733937263,0.029818955808877945,0.2299797534942627,0.443520188331604,4,1.0,
fixed,2,4477,0.8355392217636108,0.015559965744614601,0.017937876284122467,0.08828091621398926,0.8787724375724792,4,0.75,
fixed,2,4478,0.42953208088874817,0.0,0.002163149882107973,0.22197949886322021,0.49720752239227295,4,0.0,
fixed,2,4479,0.33121681213378906,0.0,0.0191535372287035,0.04295933246612549,0.35368138551712036,4,0.5,
fixed,2,4480,0.21388374269008636,0.02053995430469513,0.02011728286743164,0.08674120903015137,0.2602347135543823,4,0.75,1.328136682510376
fixed,2,4481,0.5358187556266785,0.01930428482592106,0.0005127402255311608,0.11327171325683594,0.5797088146209717,4,0.25,
fixed,2,4482,0.5209952592849731,0.0,0.033786140382289886,0.08702230453491211,0.5639950037002563,4,0.75,
fixed,2,4483,0.33927682042121887,0.0,0.04791660234332085,0.07574677467346191,0.3859591484069824,4,0.5,
fixed,2,4484,0.7521956562995911,0.0,0.010626595467329025,0.09657955169677734,0.7864828109741211,4,0.25,
fixed,2,4485,0.37436726689338684,0.0,0.030021866783499718,0.058509230613708496,0.40693098306655884,4,0.5,5.805001735687256
fixed,2,4486,0.35863691568374634,0.0,0.008163915015757084,0.08240783214569092,0.3874412178993225,4,0.25,
fixed,2,4487,0.40052270889282227,0.0,0.00033042646828107536,0.3096569776535034,0.4935850203037262,4,0.0,
fixed,2,4488,0.46261364221572876,0.023155655711889267,0.02121693082153797,0.09061741828918457,0.511985182762146,4,0.75,
fixed,2,4489,0.8416351675987244,0.0,0.01610925979912281,0.04234170913696289,0.8623923063278198,4,0.5,
fixed,2,4490,0.5266356468200684,0.0,0.0348585769534111,0.09246599674224854,0.5718047618865967,4,0.75,7.477919578552246
fixed,2,4491,0.27883246541023254,0.0,0.020453307777643204,0.12002325057983398,0.32506608963012695,4,0.75,
fixed,2,4492,0.40051814913749695,0.02998480387032032,0.017379023134708405,0.12026715278625488,0.4602802097797394,4,0.75,
fixed,2,4493,0.47663676738739014,0.04079579561948776,0.0,0.04284405708312988,0.5098878741264343,4,0.5,
fixed,2,4494,0.21826763451099396,0.0,0.007594821508973837,0.0724782943725586,0.2438085377216339,4,0.25,
fixed,2,4495,0.4890614151954651,0.0,0.024759624153375626,0.11610889434814453,0.5362738966941833,4,0.75,6.00489616394043
fixed,2,4496,0.3452520966529846,0.0,0.032152581959962845,0.09202802181243896,0.3889367878437042,4,0.75,
fixed,2,4497,0.27407315373420715,0.022466933354735374,3.85419734811876e-05,0.09356272220611572,0.3133947253227234,4,0.25,
fixed,2,4498,0.7016966342926025,0.0,0.01788857765495777,0.04669356346130371,0.7246490120887756,4,0.5,
fixed,2,4499,0.6247209310531616,0.009517945349216461,5.5516113206977025e-05,0.15774202346801758,0.6768302917480469,4,0.25,
fixed,2,4500,0.7424792051315308,0.0178363174200058,0.001369287958368659,0.050816893577575684,0.767327070236206,4,0.25,2.6751699447631836
fixed,2,4501,0.36388111114501953,0.0,0.03355889022350311,0.09289681911468506,0.4085296094417572,4,0.75,
fixed,2,4502,0.6354766488075256,0.0,0.02058624103665352,0.06355571746826172,0.6648364663124084,4,0.5,
fixed,2,4503,0.6275030970573425,0.020088857039809227,0.020452935248613358,0.09967851638793945,0.677677571773529,4,0.75,
fixed,2,4504,0.8828112483024597,0.028246520087122917,0.009125485084950924,0.06043434143066406,0.9196275472640991,4,0.5,
fixed,2,4505,0.724290668964386,0.0,0.039048921316862106,0.09549188613891602,0.7724627256393433,4,0.75,7.511466026306152
fixed,2,4506,0.38949331641197205,0.0,0.02597498521208763,0.07339203357696533,0.42449840903282166,4,0.5,
fixed,2,4507,0.653674840927124,0.0,0.00886332243680954,0.12724196910858154,0.6962791085243225,4,0.25,
fixed,2,4508,0.6398337483406067,0.0,0.017078502103686333,0.059107422828674316,0.6661052107810974,4,0.5,
fixed,2,4509,0.9055496454238892,0.0,0.028072431683540344,0.33355069160461426,1.0196510553359985,4,1.0,
fixed,2,4510,0.3535935878753662,0.03251590579748154,0.01072650495916605,0.25237059593200684,0.4509259760379791,4,1.0,2.991525411605835
fixed,2,4511,0.43805041909217834,0.040079355239868164,0.012611830607056618,0.2713611125946045,0.5458043813705444,4,1.0,
fixed,2,4512,0.4748564660549164,0.0,0.007746583316475153,0.04923069477081299,0.4934989809989929,4,0.25,
fixed,2,4513,0.6791383624076843,0.016953157261013985,0.01866898313164711,0.08573627471923828,0.722670316696167,4,0.75,
fixed,2,4514,0.54551100730896,0.0,0.0008791949367150664,0.41199827194213867,0.6695500612258911,4,0.0,
fixed,2,4515,0.42982277274131775,0.0,0.033320002257823944,0.027225732803344727,0.45465049147605896,4,0.5,6.231013774871826
fixed,2,4516,0.5372275710105896,0.013184146955609322,0.01469765417277813,0.06124889850616455,0.5695431232452393,4,0.5,
fixed,2,4517,0.46509692072868347,0.0,0.0170005951076746,0.15292799472808838,0.5194756388664246,4,0.25,
fixed,2,4518,0.5090653896331787,0.013528002426028252,0.03208280727267265,0.08245611190795898,0.5566076040267944,4,0.75,
fixed,2,4519,0.7630121111869812,0.010353436693549156,0.0339505597949028,0.07193112373352051,0.8067434430122375,4,0.75,
fixed,2,4520,0.9914986491203308,0.0,0.026976538822054863,0.19356930255889893,1.0630576610565186,4,0.25,4.323654651641846
fixed,2,4521,0.3323633670806885,0.0,0.04219263419508934,0.019278883934020996,0.35924336314201355,4,0.5,
fixed,2,4522,0.9351906776428223,0.0,0.01631815731525421,0.13477444648742676,0.9837821125984192,4,0.25,
fixed,2,4523,0.6011718511581421,0.0,0.045330148190259933,0.07925701141357422,0.6476140022277832,4,0.75,
fixed,2,4524,0.3082152307033539,0.00425134738907218,0.026175983250141144,0.06496644020080566,0.3429188132286072,4,0.5,
fixed,2,4525,1.0057648420333862,0.0,0.016088435426354408,0.0512087345123291,1.0291717052459717,4,0.25,3.3060033321380615
fixed,2,4526,0.5543656349182129,0.017368482425808907,0.008068850263953209,0.03924250602722168,0.5788570642471313,4,0.5,
fixed,2,4527,0.5880337357521057,0.0,0.007871761918067932,0.07804954051971436,0.6153844594955444,4,0.25,
fixed,2,4528,0.6410430073738098,0.0,0.015745313838124275,0.11285412311553955,0.6827719211578369,4,0.25,
fixed,2,4529,0.3210556209087372,0.0,0.01557091437280178,0.045360445976257324,0.34244921803474426,4,0.5,
fixed,2,4530,0.9880863428115845,0.0,0.013127036392688751,0.05407428741455078,1.0108721256256104,4,0.5,3.6893534660339355
fixed,2,4531,0.6587676405906677,0.0,0.010776522569358349,0.09109210968017578,0.6914835572242737,4,0.25,
fixed,2,4532,0.32583028078079224,0.0,0.024375230073928833,0.04140329360961914,0.3504388928413391,4,0.5,
fixed,2,4533,0.3747682273387909,0.033536914736032486,0.007673382759094238,0.056084632873535156,0.4121987819671631,4,0.5,
fixed,2,4534,0.419197142124176,0.0,0.018022209405899048,0.18078923225402832,0.48244500160217285,4,0.75,
fixed,2,4535,0.7846171259880066,0.0,0.005153043661266565,0.02961111068725586,0.7960769534111023,4,0.25,1.6634831428527832
fixed,2,4536,0.9229374527931213,1.291319851048911e-08,0.005297601688653231,0.09221196174621582,0.9532498717308044,4,0.25,
fixed,2,4537,0.7561046481132507,0.037518370896577835,0.008328931406140327,0.23716390132904053,0.8501774668693542,4,0.75,
fixed,2,4538,0.47136053442955017,1.2233875850142795e-06,0.008293095976114273,0.08421087265014648,0.5007709264755249,4,0.5,
fixed,2,4539,0.313724160194397,2.8907206797157414e-05,0.008130041882395744,0.0464017391204834,0.3317241668701172,4,0.25,
fixed,2,4540,0.29383373260498047,0.0,0.00468016229569912,0.04807543754577637,0.31059643626213074,4,0.25,1.4577139616012573
fixed,2,4541,0.9250615239143372,0.0,0.011303262785077095,0.0997314453125,0.9606325626373291,4,0.5,
fixed,2,4542,0.4214237332344055,1.2460051657114946e-08,0.006864066235721111,0.10293018817901611,0.45573481917381287,4,0.5,
fixed,2,4543,0.7212198376655579,0.025628942996263504,0.004442420322448015,0.1122894287109375,0.7699423432350159,4,0.5,
fixed,2,4544,0.4837258756160736,0.0,0.015674946829676628,0.21378743648529053,0.5556995868682861,4,0.75,
fixed,2,4545,1.084991693496704,0.02022460289299488,0.02108084037899971,0.3550170660018921,1.2121495008468628,4,1.0,2.2703499794006348
fixed,2,4546,0.395535945892334,0.0,0.014596078544855118,0.06429731845855713,0.4221231937408447,4,0.5,
fixed,2,4547,0.9019656777381897,0.0,0.005259730853140354,0.12946391105651855,0.9434347152709961,4,0.25,
fixed,2,4548,0.29752814769744873,0.0,0.007632379420101643,0.08962714672088623,0.32823246717453003,4,0.5,
fixed,2,4549,0.5442801713943481,0.0,0.0006218760390765965,0.35502946376800537,0.6510999202728271,4,0.0,
fixed,2,4550,0.407472163438797,0.0,0.005387365818023682,0.0900871753692627,0.43719199299812317,4,0.25,1.5530458688735962
fixed,2,4551,0.6323973536491394,0.0,0.006111661437898874,0.03341042995452881,0.6454763412475586,4,0.25,
fixed,2,4552,0.850772500038147,0.0,0.005211609415709972,0.07793903350830078,0.8767600059509277,4,0.25,
fixed,2,4553,0.6010090112686157,0.0,0.004381141159683466,0.06627869606018066,0.6230831742286682,4,0.25,
fixed,2,4554,0.4915461242198944,0.03096814453601837,0.026182441040873528,0.11109304428100586,0.5534493327140808,4,0.75,
fixed,2,4555,0.36262401938438416,0.0,0.015719182789325714,0.3032503128051758,0.4614587128162384,4,0.75,4.580869197845459
fixed,2,4556,0.38908863067626953,0.0,0.019903691485524178,0.049796462059020996,0.4139794111251831,4,0.5,
fixed,2,4557,0.8746490478515625,0.0,0.01565464772284031,0.15869629383087158,0.9300852417945862,4,0.75,
fixed,2,4558,0.5210821628570557,0.0,0.014124603942036629,0.03752720355987549,0.5394026041030884,4,0.5,
fixed,2,4559,0.37147924304008484,0.017882006242871284,0.008971587754786015,0.12227380275726318,0.4215881824493408,4,0.75,
fixed,2,4560,0.35056501626968384,0.0,0.002325537148863077,0.27239060401916504,0.4334449768066406,4,0.0,1.5210705995559692
fixed,2,4561,0.3809165954589844,0.0,0.0027338347863405943,0.22998595237731934,0.45127931237220764,4,0.0,
fixed,2,4562,0.1995936781167984,0.0,0.006995360367000103,0.04650759696960449,0.21704363822937012,4,0.25,
fixed,2,4563,0.33812209963798523,0.0,0.012791193090379238,0.15741980075836182,0.39174363017082214,4,0.25,
fixed,2,4564,0.4206654727458954,0.0,0.03518706560134888,0.3136005401611328,0.5323391556739807,4,1.0,
fixed,2,4565,0.4321914315223694,0.0,0.009348342195153236,0.0894935131072998,0.4637136459350586,4,0.5,2.8569560050964355
fixed,2,4566,0.42852890491485596,0.0,0.006295498460531235,0.11237859725952148,0.46539023518562317,4,0.25,
fixed,2,4567,0.4571243226528168,0.0,0.015836991369724274,0.171919584274292,0.5166186690330505,4,0.75,
fixed,2,4568,0.7734721302986145,0.0,0.013945908285677433,0.08757150173187256,0.8067165613174438,4,0.5,
fixed,2,4569,1.1232889890670776,0.0,0.010391142219305038,0.09592735767364502,1.1572628021240234,4,0.5,
fixed,2,4570,0.5147731304168701,0.0,0.023147284984588623,0.08712625503540039,0.5524846315383911,4,0.5,4.8562331199646
fixed,2,4571,0.5130245089530945,0.0,0.020870646461844444,0.14286792278289795,0.5663201808929443,4,0.75,
fixed,2,4572,0.2788820266723633,0.0,0.017983347177505493,0.07625699043273926,0.3107507824897766,4,0.5,
fixed,2,4573,0.5668487548828125,0.022267211228609085,0.011666063219308853,0.13480782508850098,0.6242577433586121,4,0.75,
fixed,2,4574,0.8924154043197632,0.03368854895234108,0.011532219126820564,0.14784514904022217,0.9593793153762817,4,0.75,
fixed,2,4575,0.31217852234840393,0.0,0.013874813914299011,0.059297800064086914,0.33690527081489563,4,0.5,3.5351617336273193
fixed,2,4576,0.29851293563842773,0.0,0.018508225679397583,0.13271987438201904,0.34758299589157104,4,0.75,
fixed,2,4577,0.6994413733482361,0.0,0.023055747151374817,0.10721015930175781,0.7431322932243347,4,0.75,
fixed,2,4578,0.8299362659454346,0.0,0.0011616015108302236,0.3787224292755127,0.9441338181495667,4,0.0,
fixed,2,4579,0.7069212198257446,0.0,0.01131483819335699,0.13338112831115723,0.7525929808616638,4,0.25,
fixed,2,4580,0.5553073883056641,0.007875273004174232,0.018929485231637955,0.12182474136352539,0.6052572131156921,4,0.75,3.3122763633728027
fixed,2,4581,0.7294787764549255,0.0,0.02111702971160412,0.10753369331359863,0.7722973823547363,4,0.75,
fixed,2,4582,0.5676721930503845,0.0,0.021900415420532227,0.04231452941894531,0.5913167595863342,4,0.5,
fixed,2,4583,0.6317546367645264,0.0,0.021394668146967888,0.0492933988571167,0.6572399735450745,4,0.5,
fixed,2,4584,1.0023221969604492,0.015093778260052204,0.014770649373531342,0.07652437686920166,1.0402116775512695,4,0.75,
fixed,2,4585,0.2985173463821411,0.0,0.02127925306558609,0.10304403305053711,0.3400701880455017,4,0.75,5.520328521728516
fixed,2,4586,0.654487133026123,0.018105357885360718,0.016064252704381943,0.07032632827758789,0.6926698684692383,4,0.75,
fixed,2,4587,0.5178108811378479,0.0,0.0021730479784309864,0.24915647506713867,0.593644380569458,4,0.0,
fixed,2,4588,1.3367799520492554,0.02633797936141491,0.007715051528066397,0.054543495178222656,1.3701695203781128,4,0.5,
fixed,2,4589,0.5586917400360107,0.0,0.012081666849553585,0.16878604888916016,0.6153683662414551,4,0.25,
fixed,2,4590,0.574100136756897,0.0,0.03619707375764847,0.025565624237060547,0.5998683571815491,4,0.5,6.415225028991699
fixed,2,4591,0.6127303838729858,0.0,0.008229630067944527,0.137434720993042,0.6580756306648254,4,0.25,
fixed,2,4592,0.2992890477180481,0.01163780502974987,0.0089612677693367,0.07525908946990967,0.33216631412506104,4,0.5,
fixed,2,4593,0.5024074912071228,0.0,0.0007923908997327089,0.4141284227371216,0.6270422339439392,4,0.0,
fixed,2,4594,0.9973256587982178,0.0,0.00819613691419363,0.10699808597564697,1.0335232019424438,4,0.25,
fixed,2,4595,0.3090817630290985,0.0,0.02695148065686226,0.21072494983673096,0.38577499985694885,4,0.75,6.629820823669434
fixed,2,4596,0.7385411858558655,0.030532261356711388,0.0067359283566474915,0.06951403617858887,0.7780295014381409,4,0.5,
fixed,2,4597,0.8216146230697632,0.0,0.010174219496548176,0.025943517684936523,0.8344848155975342,4,0.25,
fixed,2,4598,0.312094509601593,0.0,0.014286410994827747,0.035703420639038086,0.329948753118515,4,0.5,
fixed,2,4599,0.583557665348053,0.013300220482051373,0.013428379781544209,0.10371077060699463,0.6280351877212524,3,0.75,
fixed,2,4600,0.4276835024356842,0.0,0.022328943014144897,0.13194763660430908,0.4784322679042816,4,0.75,6.070583343505859
fixed,2,4601,0.2757699489593506,0.0,0.020079025998711586,0.04548001289367676,0.299453467130661,4,0.25,
fixed,2,4602,0.40178394317626953,0.0,0.01586936041712761,0.0535891056060791,0.4257953464984894,4,0.5,
fixed,2,4603,0.6114854216575623,0.0,0.006363058462738991,0.0932990312576294,0.642656683921814,4,0.25,
fixed,2,4604,1.2006605863571167,0.0,0.014384357258677483,0.08649218082427979,1.2338004112243652,4,0.5,
fixed,2,4605,0.31669503450393677,0.008099631406366825,0.007458050269633532,0.02986001968383789,0.3334318697452545,4,0.5,2.090731382369995
fixed,2,4606,0.5481597781181335,0.024777129292488098,0.0002552151563577354,0.10484659671783447,0.5921299457550049,4,0.25,
fixed,2,4607,0.5355519652366638,0.0,0.009747077710926533,0.019865751266479492,0.5463852286338806,4,0.25,
fixed,2,4608,0.7156621217727661,0.0,0.010090785101056099,0.032785892486572266,0.7305432558059692,4,0.25,
fixed,2,4609,0.5795842409133911,0.0,0.021957507357001305,0.225807785987854,0.6583053469657898,4,0.75,
fixed,2,4610,0.6561881899833679,0.03243625536561012,0.024687953293323517,0.17495667934417725,0.737237274646759,4,0.75,1.8627790212631226
fixed,2,4611,0.6194274425506592,0.0,0.046510208398103714,0.14609098434448242,0.6865098476409912,4,0.75,
fixed,2,4612,0.9735243320465088,0.0,0.011799926869571209,0.10125160217285156,1.0097997188568115,4,0.5,
fixed,2,4613,1.134775996208191,0.0,0.008004908449947834,0.11828446388244629,1.174263834953308,4,0.5,
fixed,2,4614,0.8920362591743469,0.01577940583229065,0.022933105006814003,0.15317761898040771,0.9573457837104797,4,0.75,
fixed,2,4615,0.4248042106628418,0.0,0.01479363813996315,0.21796798706054688,0.49759143590927124,4,0.75,4.742523193359375
fixed,2,4616,0.7698240280151367,0.0,0.005250356625765562,0.1036757230758667,0.8035519123077393,4,0.25,
fixed,2,4617,0.62657231092453,0.0,0.009051483124494553,0.10428893566131592,0.6623847484588623,4,0.5,
fixed,2,4618,0.976709246635437,0.016180062666535378,0.018739517778158188,0.31594908237457275,1.0889537334442139,4,1.0,
fixed,2,4619,0.6147742867469788,0.019762860611081123,0.00518187927082181,0.04953956604003906,0.6421085000038147,4,0.5,
fixed,2,4620,0.43771103024482727,0.0348232202231884,0.009539513848721981,0.26833784580230713,0.5403937697410583,4,0.75,2.994163990020752
fixed,2,4621,0.44792360067367554,0.0,0.003170546144247055,0.22203028202056885,0.5161179304122925,4,0.0,
fixed,2,4622,1.2660436630249023,0.008474912494421005,0.03629162162542343,0.07920122146606445,1.3121873140335083,4,0.75,
fixed,2,4623,0.4277023375034332,0.0,0.05452386289834976,0.07781660556793213,0.4783092439174652,4,0.5,
fixed,2,4624,0.6915797591209412,0.0,0.023630663752555847,0.17306721210479736,0.7553152441978455,4,0.25,
fixed,2,4625,0.5748568177223206,0.0,0.036034904420375824,0.2590610980987549,0.6705926060676575,4,1.0,9.090523719787598
fixed,2,4626,0.38568541407585144,0.0,0.04609892889857292,0.056296586990356445,0.4256238639354706,4,0.5,
fixed,2,4627,0.44219478964805603,0.008921394124627113,0.02328743040561676,0.050925254821777344,0.47357678413391113,4,0.75,
fixed,2,4628,0.4789300858974457,0.0,0.0204047579318285,0.027771711349487305,0.49746397137641907,4,0.5,
fixed,2,4629,0.7032872438430786,0.0,0.012452161870896816,0.09661531448364258,0.7384979128837585,4,0.25,
fixed,2,4630,1.0090097188949585,0.0,0.012857621535658836,0.10257160663604736,1.0462100505828857,4,0.25,2.872982978820801
fixed,2,4631,0.5885376930236816,0.0,0.018521586433053017,0.0270535945892334,0.6059145927429199,4,0.5,
fixed,2,4632,0.3857899308204651,0.0,0.04472029209136963,0.05601704120635986,0.42495518922805786,4,0.75,
fixed,2,4633,0.28871381282806396,0.0,0.016648393124341965,0.029664993286132812,0.3059374988079071,4,0.5,
fixed,2,4634,0.7268130779266357,0.0,0.010783897712826729,0.06557130813598633,0.7518764138221741,4,0.25,
fixed,2,4635,0.6676405072212219,0.02385234460234642,0.00932777114212513,0.05977976322174072,0.7021644711494446,4,0.75,3.151456356048584
fixed,2,4636,0.33950304985046387,0.0,0.017201099544763565,0.049230337142944336,0.3628726899623871,4,0.5,
fixed,2,4637,0.5438855290412903,0.0,0.005928512196987867,0.10839653015136719,0.5793687701225281,4,0.25,
fixed,2,4638,0.41927942633628845,0.025270050391554832,0.016470782458782196,0.11697101593017578,0.47524115443229675,4,0.75,
fixed,2,4639,0.3303666412830353,0.0,0.006549136713147163,0.04406929016113281,0.34686198830604553,4,0.25,
fixed,2,4640,0.5579004287719727,0.0,0.0003311951586510986,0.3928152918815613,0.6759105920791626,4,0.0,0.7100846767425537
fixed,2,4641,0.3545708954334259,0.0,0.00595964677631855,0.04533529281616211,0.37115129828453064,4,0.25,
fixed,2,4642,0.4479479491710663,0.0,0.0018253290327265859,0.24241399765014648,0.5215848088264465,4,0.0,
fixed,2,4643,0.36847156286239624,0.0,0.018428290262818336,0.07113921642303467,0.3990274667739868,4,0.5,
fixed,2,4644,0.34977656602859497,0.01114707998931408,0.010599443688988686,0.12126433849334717,0.3970291316509247,4,0.75,
fixed,2,4645,0.47399643063545227,0.005902478005737066,0.022617025300860405,0.11573219299316406,0.5229758620262146,4,0.25,2.0475125312805176
fixed,2,4646,0.5016131401062012,0.0,0.03446796536445618,0.12124228477478027,0.555219829082489,4,0.75,
fixed,2,4647,1.008774757385254,0.0005093140644021332,0.008507825434207916,0.08456873893737793,1.0386539697647095,4,0.5,
fixed,2,4648,0.4146609604358673,0.0,0.011258312501013279,0.030980825424194336,0.4295843541622162,4,0.25,
fixed,2,4649,0.5171809196472168,0.021362939849495888,0.011580046266317368,0.13000965118408203,0.5726553201675415,4,0.75,
fixed,2,4650,0.29082241654396057,0.0,0.01094898208975792,0.05120885372161865,0.311659574508667,4,0.5,3.050126075744629
fixed,2,4651,0.679668664932251,0.0,0.007259401027113199,0.09763550758361816,0.7125890254974365,4,0.25,
fixed,2,4652,0.9268576502799988,0.0,0.0048311869613826275,0.08325934410095215,0.9542510509490967,4,0.25,
fixed,2,4653,0.289654940366745,0.0,0.014869697391986847,0.18184614181518555,0.3516436219215393,4,0.75,
fixed,2,4654,0.7580017447471619,0.0,0.0036151655949652195,0.0721825361251831,0.7814640998840332,4,0.25,
fixed,2,4655,0.32939910888671875,0.0,0.022254133597016335,0.14277207851409912,0.38335779309272766,4,0.25,3.8946034908294678
fixed,2,4656,0.6289839148521423,0.0,0.011654164642095566,0.34204018115997314,0.7374230623245239,4,0.75,
fixed,2,4657,0.5460585355758667,0.010984480381011963,0.002895713085308671,0.05655694007873535,0.5699657201766968,4,0.5,
fixed,2,4658,0.744117796421051,0.017377162352204323,0.00013151411258149892,0.08500492572784424,0.7783735990524292,4,0.25,
fixed,2,4659,0.7889035940170288,0.0,0.010821813717484474,0.045966386795043945,0.808104395866394,4,0.5,
fixed,2,4660,1.126440167427063,0.026661759242415428,0.004901883192360401,0.052155494689941406,1.1578686237335205,4,0.5,2.1134848594665527
fixed,2,4661,0.51002436876297,0.012348232790827751,0.006787758320569992,0.02713000774383545,0.5277313590049744,4,0.5,
fixed,2,4662,0.9555909633636475,0.0,0.0031397647690027952,0.058915019035339355,0.9748353362083435,4,0.25,
fixed,2,4663,0.7306236624717712,0.004899273160845041,0.0033534786198288202,0.05678880214691162,0.7517867088317871,4,0.25,
fixed,2,4664,0.8375167846679688,0.0,0.006521155126392841,0.07213783264160156,0.8624187111854553,4,0.25,
fixed,2,4665,0.5007244944572449,0.0,0.005281629040837288,0.03985095024108887,0.5153205990791321,4,0.25,1.6597559452056885
fixed,2,4666,0.9785317778587341,0.0,0.0014242189936339855,0.22122454643249512,1.0456112623214722,4,0.0,
fixed,2,4667,0.5640135407447815,0.0,0.031534116715192795,0.17607510089874268,0.632603108882904,4,0.75,
fixed,2,4668,1.1391104459762573,0.0,0.003205296816304326,0.09483122825622559,1.1691625118255615,4,0.25,
fixed,2,4669,0.5104663372039795,0.0,0.003536486765369773,0.10634565353393555,0.5441382527351379,4,0.25,
fixed,2,4670,0.7188265323638916,0.0,0.030531367287039757,0.08827066421508789,0.7605733871459961,4,0.5,4.738978385925293
fixed,2,4671,0.6915491819381714,0.0,0.012710466049611568,0.06556165218353271,0.7175729274749756,4,0.5,
fixed,2,4672,0.27769285440444946,0.0,0.03547695279121399,0.24153387546539307,0.36789149045944214,4,0.0,
fixed,2,4673,0.9868568778038025,0.0,0.017236389219760895,0.4654626250267029,1.1351138353347778,4,1.0,
fixed,2,4674,0.3632197380065918,0.0,0.023353323340415955,0.08151841163635254,0.39935192465782166,4,0.25,
fixed,2,4675,0.42538055777549744,0.0,0.02929866686463356,0.15286850929260254,0.4858904480934143,4,0.25,4.233592510223389
fixed,2,4676,0.5781174898147583,0.016851915046572685,0.007355596404522657,0.2441565990447998,0.6634682416915894,4,0.75,
fixed,2,4677,0.4469599723815918,0.0,0.013283804059028625,0.07854700088500977,0.47716596722602844,4,0.5,
fixed,2,4678,0.4598662853240967,0.0,0.01569197326898575,0.30254316329956055,0.5584752559661865,4,0.75,
fixed,2,4679,0.5619950890541077,0.0,0.006644027773290873,0.09422004222869873,0.5935831069946289,4,0.5,
fixed,2,4680,0.6865901947021484,0.034748416393995285,0.004139642231166363,0.08321869373321533,0.7309998273849487,4,0.5,2.4682538509368896
fixed,2,4681,0.451192706823349,0.0,0.0068927789106965065,0.01964259147644043,0.4605318605899811,4,0.25,
fixed,2,4682,0.599280059337616,0.0,0.002893395721912384,0.06333708763122559,0.6197279095649719,4,0.25,
fixed,2,4683,0.4143631160259247,0.0,0.0003286633873358369,0.289395809173584,0.5013461709022522,4,0.0,
fixed,2,4684,0.2956443428993225,0.0,0.0069753872230648994,0.09977078437805176,0.3290632665157318,4,0.5,
fixed,2,4685,0.76930832862854,0.016958000138401985,0.008647912181913853,0.1657792329788208,0.8318450450897217,4,0.75,1.5746452808380127
fixed,2,4686,0.33962327241897583,0.0,0.005290620028972626,0.09094715118408203,0.36955273151397705,4,0.25,
fixed,2,4687,0.8980458378791809,0.0,0.009802177548408508,0.08141970634460449,0.9273728132247925,4,0.5,
fixed,2,4688,0.5887752771377563,0.030528847128152847,0.007372294552624226,0.21734678745269775,0.6729298830032349,4,0.75,
fixed,2,4689,0.5985479950904846,0.019191276282072067,0.007928913459181786,0.18925118446350098,0.6688834428787231,4,0.75,
fixed,2,4690,0.3570258319377899,0.0,0.013256780803203583,0.21180295944213867,0.42719513177871704,4,0.75,4.2743754386901855
fixed,2,4691,0.8633632659912109,0.0,0.013038596138358116,0.08832132816314697,0.8963789939880371,4,0.5,
fixed,2,4692,0.5095571875572205,0.0,0.009837779216468334,0.14765381813049316,0.5587722063064575,4,0.25,
fixed,2,4693,0.6138350963592529,0.0,0.028202814981341362,0.03285050392150879,0.637791633605957,4,0.5,
fixed,2,4694,0.6050492525100708,0.02468211203813553,0.01759454980492592,0.08055686950683594,0.6503546237945557,4,0.5,
fixed,2,4695,0.7206275463104248,0.0,0.006971460767090321,0.1280660629272461,0.7625330686569214,4,0.25,1.885868787765503
fixed,2,4696,0.5696859359741211,0.0,0.03617303445935249,0.10582292079925537,0.6195193529129028,4,0.75,
fixed,2,4697,0.2973184585571289,0.007527289912104607,0.030806683003902435,0.08559918403625488,0.3421652019023895,4,0.75,
fixed,2,4698,0.4440290033817291,0.0249414574354887,0.00021836685482412577,0.09873318672180176,0.486228883266449,4,0.25,
fixed,2,4699,0.7917795181274414,0.020070208236575127,0.02777242660522461,0.08119320869445801,0.8400588035583496,4,0.25,
fixed,2,4700,0.46030914783477783,0.0,0.015905288979411125,0.03850603103637695,0.4798136055469513,4,0.5,3.9709689617156982
fixed,2,4701,1.1045646667480469,0.0,0.0309597197920084,0.04934108257293701,1.134846806526184,4,0.5,
fixed,2,4702,0.7183193564414978,0.0,0.011655978858470917,0.08184528350830078,0.7487009167671204,4,0.25,
fixed,2,4703,0.7376397848129272,0.0,0.031874921172857285,0.03632795810699463,0.7644756436347961,4,0.5,
fixed,2,4704,0.258794903755188,0.0,0.011723408475518227,0.0318981409072876,0.27422603964805603,4,0.5,
fixed,2,4705,0.2713993787765503,0.0,0.03013983927667141,0.03225302696228027,0.2961452007293701,4,0.5,5.75904655456543
fixed,2,4706,0.3069015145301819,0.028607023879885674,0.0018837453098967671,0.03699517250061035,0.3332454562187195,4,0.25,
fixed,2,4707,0.2188379317522049,0.0,0.02020016871392727,0.26918041706085205,0.3096921443939209,4,0.75,
fixed,2,4708,0.6128296852111816,0.0,0.026276808232069016,0.358978271484375,0.7336615920066833,4,1.0,
fixed,2,4709,0.6837124824523926,0.012351009994745255,0.00975277554243803,0.05927872657775879,0.712548017501831,4,0.5,
fixed,2,4710,0.574518084526062,0.0,0.007267046254128218,0.046259522438049316,0.5920294523239136,4,0.25,2.038370370864868
fixed,2,4711,0.6965596079826355,0.0,0.03004513867199421,0.06392383575439453,0.73075932264328,4,0.5,
fixed,2,4712,0.5073127746582031,0.0,0.02663339488208294,0.36403143405914307,0.6298388838768005,4,1.0,
fixed,2,4713,0.19026687741279602,0.0,0.013455630280077457,0.05290508270263672,0.21286621689796448,4,0.5,
fixed,2,4714,0.6367723941802979,0.0,0.005242417566478252,0.228751540184021,0.7080190777778625,4,0.0,
fixed,2,4715,0.5900543928146362,0.0,0.009232332929968834,0.11657547950744629,0.6296432018280029,4,0.25,3.147052049636841
fixed,2,4716,0.5688764452934265,0.0,0.005144241265952587,0.24521100521087646,0.6450119018554688,4,0.0,
fixed,2,4717,0.4966582655906677,0.03326039761304855,0.00993614923208952,0.11010050773620605,0.5512866973876953,4,0.5,
fixed,2,4718,0.3906348943710327,0.0,0.0042980266734957695,0.26184308528900146,0.47133684158325195,4,0.0,
fixed,2,4719,0.6063465476036072,0.028371676802635193,0.006349336821585894,0.09636831283569336,0.6526175737380981,4,0.5,
fixed,2,4720,0.25918737053871155,0.0,0.020277101546525955,0.18434762954711914,0.3246302008628845,4,0.75,5.51235294342041
fixed,2,4721,0.3494616150856018,0.0,0.008441782556474209,0.0407710075378418,0.3659138083457947,4,0.25,
fixed,2,4722,0.5284350514411926,0.0,0.010049859061837196,0.043263912200927734,0.5464391708374023,4,0.25,
fixed,2,4723,0.679090142250061,0.0,0.010194950737059116,0.03761553764343262,0.6954723000526428,4,0.25,
fixed,2,4724,1.1312193870544434,0.0437348410487175,0.00017175896209664643,0.1161043643951416,1.1880040168762207,4,0.5,
fixed,2,4725,0.5992913246154785,0.0,0.0005178095307201147,0.43411314487457275,0.7297841906547546,4,0.0,0.8053433299064636
fixed,2,4726,0.6415963172912598,0.012326439842581749,0.02753962203860283,0.2519155740737915,0.7371039986610413,4,1.0,
fixed,2,4727,0.64635169506073,0.0,0.010077354498207569,0.16442465782165527,0.7007177472114563,4,0.25,
fixed,2,4728,0.8135877251625061,0.0,0.027146965265274048,0.11880207061767578,0.8628018498420715,4,0.75,
fixed,2,4729,0.532499372959137,0.0,0.018160054460167885,0.06652867794036865,0.5615379810333252,4,0.5,
fixed,2,4730,0.40611734986305237,0.02881440706551075,0.009217490442097187,0.07405388355255127,0.4473494589328766,4,0.5,1.926198124885559
fixed,2,4731,0.4496877193450928,0.0,0.022020719945430756,0.03717374801635742,0.4718502163887024,4,0.5,
fixed,2,4732,0.6051384210586548,0.0,0.033103276044130325,0.09933006763458252,0.6514890789985657,4,0.75,
fixed,2,4733,0.5106541514396667,0.0,0.01828984171152115,0.03522515296936035,0.5303665995597839,4,0.5,
fixed,2,4734,0.5020939111709595,0.011524942703545094,0.022969653829932213,0.2375319004058838,0.5906007885932922,4,1.0,
fixed,2,4735,0.5814228057861328,0.02203996665775776,0.009107674472033978,0.027475595474243164,0.6052393317222595,4,0.5,1.6760609149932861
fixed,2,4736,0.37304410338401794,0.024851519614458084,0.0288833137601614,0.25536489486694336,0.47652098536491394,4,1.0,
fixed,2,4737,0.60395747423172,0.0,0.023265624418854713,0.02903127670288086,0.6242996454238892,4,0.5,
fixed,2,4738,0.9264563918113708,0.00975140929222107,0.0196961909532547,0.049639344215393066,0.9560719728469849,4,0.75,
fixed,2,4739,0.9031150341033936,0.0,0.018833285197615623,0.04106175899505615,0.9248502254486084,4,0.25,
fixed,2,4740,0.597578227519989,0.0,0.021567683666944504,0.028239011764526367,0.6168337464332581,4,0.5,4.767372131347656
fixed,2,4741,0.25864654779434204,0.0,0.03356992080807686,0.06786620616912842,0.2957913875579834,4,0.75,
fixed,2,4742,0.7094699740409851,0.007024880964308977,0.009870922192931175,0.06617593765258789,0.737770676612854,4,0.5,
fixed,2,4743,0.49459439516067505,0.0,0.014678476378321648,0.039223313331604004,0.5137006044387817,4,0.25,
fixed,2,4744,0.42449307441711426,0.020559342578053474,0.011203981935977936,0.054047584533691406,0.456589013338089,4,0.5,
fixed,2,4745,0.45262032747268677,0.008303561247885227,0.014113769866526127,0.02738368511199951,0.47204411029815674,4,0.5,1.852131724357605
fixed,2,4746,0.46749088168144226,0.0,0.018276797607541084,0.06627810001373291,0.4965127110481262,4,0.5,
fixed,2,4747,0.3718988597393036,0.0,0.026830431073904037,0.08786547183990479,0.41167372465133667,4,0.5,
fixed,2,4748,0.5667654275894165,0.0,0.01517120748758316,0.07818520069122314,0.5978065729141235,4,0.5,
fixed,2,4749,0.41478902101516724,0.0,0.0022141605149954557,0.2334151268005371,0.48592063784599304,4,0.0,
fixed,2,4750,0.37597301602363586,0.0,0.014115341007709503,0.062378883361816406,0.40174436569213867,4,0.25,3.026519536972046
fixed,2,4751,0.5030831694602966,0.009437520056962967,0.009920656681060791,0.032166242599487305,0.522412121295929,4,0.5,
fixed,2,4752,0.7414454817771912,0.0,0.0392288938164711,0.13748621940612793,0.8023058176040649,4,0.5,
fixed,2,4753,0.46672171354293823,0.0,0.011043877340853214,0.08950150012969971,0.4990940988063812,4,0.5,
fixed,2,4754,0.5482635498046875,0.0,0.016319429501891136,0.15099895000457764,0.6017229557037354,4,0.75,
fixed,2,4755,0.4993019700050354,0.0,0.017427030950784683,0.15246331691741943,0.553754448890686,4,0.75,4.764763832092285
fixed,2,4756,0.14954014122486115,0.0,0.0018158010207116604,0.20336413383483887,0.2114572823047638,4,0.0,
fixed,2,4757,0.6643940806388855,0.0,0.018499299883842468,0.14941740036010742,0.718468964099884,4,0.75,
fixed,2,4758,0.2676183581352234,0.027562513947486877,0.005619531497359276,0.07194268703460693,0.3057921826839447,4,0.5,
fixed,2,4759,0.10403089225292206,0.0,0.009581622667610645,0.08785080909729004,0.13517694175243378,4,0.25,
fixed,2,4760,0.34070029854774475,0.0,0.011956796050071716,0.07223618030548096,0.368349552154541,4,0.5,3.3578720092773438
fixed,2,4761,0.7973659634590149,0.0,0.026837896555662155,0.11544835567474365,0.8454194068908691,4,0.75,
fixed,2,4762,0.1977860927581787,0.0,0.01039880607277155,0.08276605606079102,0.22781531512737274,4,0.5,
fixed,2,4763,0.82234787940979,0.0,0.02023179456591606,0.08577537536621094,0.8581963777542114,4,0.5,
fixed,2,4764,0.46131014823913574,0.01386096142232418,0.004771262872964144,0.08805179595947266,0.497041791677475,4,0.5,
fixed,2,4765,0.5998697876930237,0.0,0.015019158832728863,0.3083275556564331,0.6998776197433472,4,0.75,4.3931145668029785
fixed,2,4766,0.5503624081611633,0.0,0.009394189342856407,0.05778336524963379,0.5723944902420044,4,0.5,
fixed,2,4767,0.5551007986068726,0.0,0.019378136843442917,0.1884448528289795,0.6213233470916748,4,0.25,
fixed,2,4768,0.45625120401382446,0.03191033750772476,0.020084548741579056,0.3486572504043579,0.5868458151817322,4,1.0,
fixed,2,4769,0.30053848028182983,0.0,0.019141169264912605,0.4295054078102112,0.4389606714248657,4,1.0,
fixed,2,4770,0.7151092290878296,0.0,0.02537447027862072,0.06785929203033447,0.7481542825698853,4,0.5,4.808252811431885
fixed,2,4771,0.41776636242866516,0.015854932367801666,0.006945937406271696,0.05726194381713867,0.44634538888931274,4,0.5,
fixed,2,4772,0.31861281394958496,0.0,0.012785298749804497,0.11863398551940918,0.3605956733226776,4,0.25,
fixed,2,4773,0.5968963503837585,0.0,0.012711836025118828,0.03788399696350098,0.6146174669265747,4,0.5,
fixed,2,4774,0.3053539991378784,0.027766790241003036,0.0022706440649926662,0.031736135482788086,0.329893559217453,4,0.25,
fixed,2,4775,0.5940566062927246,0.02645212970674038,0.011789519339799881,0.12129819393157959,0.6495668888092041,4,0.75,0.8887295126914978
fixed,2,4776,0.49308180809020996,0.0,0.024798614904284477,0.05018055438995361,0.5205352902412415,4,0.5,
fixed,2,4777,0.383131742477417,0.0,0.02450917661190033,0.03539609909057617,0.4060051739215851,4,0.5,
fixed,2,4778,1.4417510032653809,0.0,0.0013670474290847778,0.35829949378967285,1.549924373626709,4,0.0,
fixed,2,4779,0.5959316492080688,0.023893732577562332,0.015037470497190952,0.10212969779968262,0.6460361480712891,4,0.75,
fixed,2,4780,0.6284039616584778,0.0,0.014619915746152401,0.04431414604187012,0.6490081548690796,4,0.5,3.6596744060516357
fixed,2,4781,0.4748668670654297,0.0,0.020101848989725113,0.11181807518005371,0.5184631943702698,4,0.75,
fixed,2,4782,0.7639508247375488,0.02302437089383602,0.026107624173164368,0.08199048042297363,0.8131139874458313,4,0.75,
fixed,2,4783,0.37040308117866516,0.0,0.01578894816339016,0.05172562599182129,0.3938152492046356,4,0.5,
fixed,2,4784,1.070978045463562,3.672336333693238e-06,0.016108796000480652,0.04631197452545166,1.0929279327392578,4,0.5,
fixed,2,4785,0.653199315071106,0.026354456320405006,0.014887617900967598,0.10875523090362549,0.7064469456672668,4,0.75,0.4039630591869354
fixed,2,4786,0.806736409664154,0.02679259143769741,0.018689922988414764,0.20371246337890625,0.8905913829803467,4,0.75,
fixed,2,4787,0.8587197065353394,0.0,0.0248810313642025,0.09707522392272949,0.9002828001976013,4,0.75,
fixed,2,4788,0.4254171848297119,0.00015190093836281449,0.0075807454995810986,0.10065209865570068,0.4594791531562805,4,0.25,
fixed,2,4789,0.17182718217372894,0.0,0.01948433183133602,0.06533575057983398,0.20117007195949554,4,0.5,
fixed,2,4790,0.6975252628326416,0.0,0.027156997472047806,0.08032345771789551,0.735200822353363,4,0.5,5.080610275268555
fixed,2,4791,0.2461039423942566,0.006666720844805241,0.0003795124066527933,0.23004567623138428,0.3186407685279846,4,0.25,
fixed,2,4792,0.780250608921051,0.0,0.0035298734437674284,0.19655859470367432,0.8409831523895264,4,0.0,
fixed,2,4793,0.6403680443763733,0.0,0.033282652497291565,0.07526624202728271,0.6795892715454102,4,0.75,
fixed,2,4794,0.4571138322353363,0.014520695433020592,0.025394625961780548,0.21678388118743896,0.5421066284179688,4,1.0,
fixed,2,4795,0.4818083643913269,0.01289618294686079,0.03206455335021019,0.18670868873596191,0.5603013634681702,4,1.0,4.678863525390625
fixed,2,4796,0.6356222629547119,0.0,0.012201561592519283,0.1492213010787964,0.686489462852478,4,0.25,
fixed,2,4797,1.059173583984375,0.0,0.03771694377064705,0.2517681121826172,1.1535625457763672,4,1.0,
fixed,2,4798,0.5755182504653931,0.0069625480100512505,0.01687425747513771,0.02516019344329834,0.5949847102165222,4,0.5,
fixed,2,4799,0.2803432047367096,0.0,0.019214291125535965,0.05881035327911377,0.3075934648513794,4,0.25,
fixed,2,4800,0.2338743507862091,0.0,0.01228300854563713,0.14152061939239502,0.28247204422950745,4,0.25,2.7013065814971924
fixed,2,4801,0.3005083203315735,0.0,0.022725820541381836,0.05497324466705322,0.32836320996284485,4,0.5,
fixed,2,4802,0.7235057353973389,0.0,0.009507229551672935,0.10662710666656494,0.7602474689483643,4,0.25,
fixed,2,4803,0.4233633279800415,0.0,0.026786115020513535,0.05553078651428223,0.4534156322479248,4,0.5,
fixed,2,4804,0.3307376503944397,0.0,0.014082628302276134,0.14072763919830322,0.37999725341796875,4,0.25,
fixed,2,4805,0.24764475226402283,0.0,0.03349224478006363,0.2812366485595703,0.3487618565559387,4,1.0,8.393038749694824
fixed,2,4806,0.6605334281921387,0.0,0.01826735958456993,0.14034414291381836,0.7117703557014465,4,0.25,
fixed,2,4807,0.8040721416473389,0.0,0.014562606811523438,0.06099295616149902,0.8296513557434082,4,0.5,
fixed,2,4808,0.5459121465682983,0.0,0.01740109547972679,0.1550889015197754,0.6011393666267395,4,0.75,
fixed,2,4809,0.7746351957321167,0.04021181911230087,0.007538222707808018,0.16527938842773438,0.8480940461158752,4,0.75,
fixed,2,4810,0.4493568539619446,0.011130781844258308,0.011880837380886078,0.1104123592376709,0.4939863681793213,4,0.75,1.9774726629257202
fixed,2,4811,0.28238070011138916,0.0,0.019679907709360123,0.14361464977264404,0.33530503511428833,4,0.75,
fixed,2,4812,0.4074174761772156,2.176530506403651e-05,0.02360890805721283,0.04916262626647949,0.43398159742355347,4,0.5,
fixed,2,4813,0.46119424700737,0.0,0.016147460788488388,0.06019413471221924,0.4873262047767639,4,0.5,
fixed,2,4814,0.6065756678581238,0.0,0.008261755108833313,0.09657704830169678,0.6396796703338623,4,0.25,
fixed,2,4815,0.2513543963432312,0.0,0.01891905814409256,0.14945685863494873,0.3056509792804718,4,0.75,5.357068061828613
fixed,2,4816,0.2565862238407135,0.0,0.008857924491167068,0.035874366760253906,0.27177751064300537,4,0.25,
fixed,2,4817,0.662014365196228,0.0,0.015713205561041832,0.06317496299743652,0.6888234615325928,4,0.5,
fixed,2,4818,0.5902221202850342,0.0,0.028890466317534447,0.03190171718597412,0.6142378449440002,4,0.5,
fixed,2,4819,0.4280698001384735,0.014590923674404621,0.00768960639834404,0.08034908771514893,0.46331480145454407,4,0.5,
fixed,2,4820,0.5950330495834351,0.0,0.021396219730377197,0.13198983669281006,0.6453281044960022,4,0.75,5.64644193649292
fixed,2,4821,0.31955984234809875,0.0,0.019612595438957214,0.14491665363311768,0.37284114956855774,4,0.75,
fixed,2,4822,0.5504781603813171,0.014495065435767174,0.04059382528066635,0.19333100318908691,0.6360219120979309,4,1.0,
fixed,2,4823,0.41323208808898926,0.0,0.0330408550798893,0.3154296875,0.5243813991546631,4,1.0,
fixed,2,4824,0.37987175583839417,0.0,0.022992100566625595,0.2018277645111084,0.4519161283969879,4,0.25,
fixed,2,4825,0.8361808657646179,0.0,0.015798477455973625,0.06597232818603516,0.8638718128204346,4,0.5,3.9477932453155518
fixed,2,4826,0.3132670223712921,0.024280378594994545,0.013552237302064896,0.12063217163085938,0.36837297677993774,4,0.75,
fixed,2,4827,0.6461576223373413,0.032350122928619385,0.009890123270452023,0.06096804141998291,0.6855681538581848,4,0.5,
fixed,2,4828,0.7133240699768066,0.01172244269400835,0.01159164123237133,0.10244297981262207,0.7557139992713928,4,0.75,
fixed,2,4829,0.32935601472854614,0.0,0.020059704780578613,0.03946995735168457,0.3512268662452698,4,0.5,
fixed,2,4830,0.3509518802165985,0.0,0.036177679896354675,0.07867288589477539,0.3926425874233246,4,0.75,6.388007164001465
fixed,2,4831,0.4481876492500305,0.0,0.0021188007667660713,0.2446765899658203,0.5226500034332275,4,0.0,
fixed,2,4832,0.49949702620506287,0.0,0.030605807900428772,0.08830380439758301,0.5412910580635071,4,0.75,
fixed,2,4833,0.549371063709259,0.0,0.02023814246058464,0.05843186378479004,0.5770196914672852,4,0.5,
fixed,2,4834,0.970606803894043,0.0,0.03500493988394737,0.26664936542510986,1.0681040287017822,4,1.0,
fixed,2,4835,1.0790212154388428,0.0,0.043569087982177734,0.21513068675994873,1.1653449535369873,4,1.0,9.077468872070312
fixed,2,4836,0.5321497321128845,0.0,0.019875794649124146,0.0612943172454834,0.5604759454727173,4,0.5,
fixed,2,4837,0.3721669614315033,0.0,0.009411348961293697,0.05584454536437988,0.39362600445747375,4,0.25,
fixed,2,4838,0.6622638702392578,0.020557230338454247,0.009189761243760586,0.06993758678436279,0.6981186270713806,4,0.5,
fixed,2,4839,0.8866862654685974,0.0,0.03506351262331009,0.07465600967407227,0.9266148209571838,4,0.75,
fixed,2,4840,0.5323902368545532,0.01270885206758976,0.01686854660511017,0.07134199142456055,0.5685815215110779,4,0.75,2.214243173599243
fixed,2,4841,0.5338057279586792,0.0,0.022886764258146286,0.07128763198852539,0.5666353702545166,4,0.5,
fixed,2,4842,0.526077389717102,0.010402497835457325,0.05424949899315834,0.11910724639892578,0.594135582447052,4,1.0,
fixed,2,4843,0.5850523114204407,0.0,0.027935586869716644,0.09719312191009521,0.628178060054779,4,0.75,
fixed,2,4844,0.34644293785095215,0.0,0.0024339831434190273,0.2819499969482422,0.4322449266910553,4,0.0,
fixed,2,4845,0.4274590015411377,0.0,0.015133487060666084,0.114471435546875,0.4693671762943268,4,0.25,3.475965976715088
fixed,2,4846,0.24189966917037964,0.0,0.02124376967549324,0.08950984477996826,0.27937451004981995,4,0.5,
fixed,2,4847,0.33048567175865173,0.0,0.043964602053165436,0.09292018413543701,0.380344033241272,4,0.75,
fixed,2,4848,0.6240187883377075,0.010150658898055553,0.02672077715396881,0.20897769927978516,0.7051478028297424,4,1.0,
fixed,2,4849,0.18491297960281372,0.0,0.008884796872735023,0.056287288665771484,0.20624156296253204,4,0.25,
fixed,2,4850,0.44758084416389465,0.0,0.0071077411994338036,0.15935730934143066,0.49894189834594727,4,0.25,1.9075145721435547
fixed,2,4851,0.41757091879844666,0.0,0.025397907942533493,0.09768664836883545,0.4595758616924286,4,0.5,
fixed,2,4852,0.6409803032875061,0.0,0.012967614457011223,0.061429381370544434,0.6658928990364075,4,0.5,
fixed,2,4853,0.6098780632019043,0.0,0.015908772125840187,0.14274048805236816,0.660654604434967,4,0.75,
fixed,2,4854,0.6836050748825073,0.0,0.017404047772288322,0.14505839347839355,0.7358246445655823,4,0.75,
fixed,2,4855,0.40096840262413025,0.0,0.01401181798428297,0.07696211338043213,0.4310629367828369,4,0.5,3.578906536102295
fixed,2,4856,0.7867349982261658,0.0,0.0034288917668163776,0.22620880603790283,0.856312096118927,4,0.0,
fixed,2,4857,0.5811807513237,0.0,0.009589865803718567,0.06682133674621582,0.60602205991745,4,0.5,
fixed,2,4858,0.2696748971939087,0.0,0.019277434796094894,0.42187631130218506,0.4058765172958374,4,1.0,
fixed,2,4859,0.7009021043777466,0.014540474861860275,0.002265117596834898,0.06389689445495605,0.728473961353302,4,0.25,
fixed,2,4860,0.6251624226570129,0.0,0.005932671017944813,0.036768555641174316,0.6391593217849731,4,0.25,1.7806206941604614
fixed,2,4861,0.6047338843345642,0.0,0.009625537320971489,0.09154784679412842,0.6370109915733337,4,0.5,
fixed,2,4862,0.7094278335571289,0.033991456031799316,0.017123769968748093,0.1467992067337036,0.7790251970291138,4,0.75,
fixed,2,4863,0.3201742470264435,0.0,0.005804553162306547,0.16523241996765137,0.3726462423801422,4,0.25,
fixed,2,4864,0.4487721025943756,0.0,0.01107801590114832,0.06757748126983643,0.47458434104919434,4,0.5,
fixed,2,4865,0.8459302186965942,0.0,0.0064107985235750675,0.15257203578948975,0.8949072360992432,4,0.25,1.954148769378662
fixed,2,4866,0.5702880024909973,0.0,0.01782369241118431,0.4358013868331909,0.7099402546882629,4,1.0,
fixed,2,4867,0.4301539957523346,0.0,0.014306532219052315,0.14769995212554932,0.4816172420978546,4,0.75,
fixed,2,4868,0.5856519341468811,0.0,0.0030940708238631487,0.4325277805328369,0.7169573307037354,4,0.0,
fixed,2,4869,0.6704728603363037,0.0,0.007226286921650171,0.12365317344665527,0.7111819386482239,4,0.25,
fixed,2,4870,0.5336343050003052,0.0,0.020344628021121025,0.04259943962097168,0.5565864443778992,4,0.5,4.385680198669434
fixed,2,4871,0.3751021921634674,0.000978821306489408,0.007018703036010265,0.026170015335083008,0.3869519531726837,4,0.25,
fixed,2,4872,0.39413273334503174,0.0,0.011653491295874119,0.030112266540527344,0.4089931547641754,4,0.5,
fixed,2,4873,0.709058403968811,0.0,0.017287077382206917,0.038634657859802246,0.7292923331260681,4,0.5,
fixed,2,4874,0.6756771206855774,0.07169385999441147,0.00728923873975873,0.26538336277008057,0.7947837114334106,4,1.0,
fixed,2,4875,0.6781001687049866,0.0,0.005774284712970257,0.07671713829040527,0.7040024399757385,4,0.25,1.7730121612548828
fixed,2,4876,0.43456336855888367,0.0,0.013986103236675262,0.06700420379638672,0.46165767312049866,4,0.5,
fixed,2,4877,0.48792755603790283,0.018956823274493217,0.01860477216541767,0.09008872509002686,0.5337349772453308,4,0.75,
fixed,2,4878,0.47938233613967896,0.0,0.01575898751616478,0.04683506488800049,0.5013123750686646,4,0.5,
fixed,2,4879,0.9170179963111877,0.018934892490506172,0.018403174355626106,0.07516241073608398,0.9582357406616211,4,0.75,
fixed,2,4880,0.5664376616477966,0.0,0.030843164771795273,0.09636223316192627,0.6107679009437561,4,0.75,6.60387659072876
fixed,2,4881,0.5131303668022156,0.0,0.017247511073946953,0.0701756477355957,0.5428068041801453,4,0.5,
fixed,2,4882,0.8716502785682678,0.0,0.010201005265116692,0.06079363822937012,0.8949888944625854,4,0.25,
fixed,2,4883,1.0420455932617188,0.0,0.0005272185080684721,0.45689815282821655,1.179378628730774,4,0.0,
fixed,2,4884,1.0642541646957397,0.0,0.010780781507492065,0.18319594860076904,1.1246033906936646,4,0.25,
fixed,2,4885,0.5867964029312134,0.0,0.027398014441132545,0.07965505123138428,0.6243919134140015,4,0.5,5.289271831512451
fixed,2,4886,0.5992593765258789,0.02213384583592415,0.03264329209923744,0.2275543212890625,0.6949142217636108,4,1.0,
fixed,2,4887,0.14037954807281494,0.0,0.014833362773060799,0.05435466766357422,0.16410262882709503,4,0.5,
fixed,2,4888,1.005151629447937,0.0,0.017370957881212234,0.04472935199737549,1.027255892753601,4,0.5,
fixed,2,4889,0.31399089097976685,0.0,0.03808044269680977,0.0937882661819458,0.3611676096916199,4,0.75,
fixed,2,4890,0.6407408118247986,0.0,0.005969097372144461,0.07934629917144775,0.6675292253494263,4,0.25,1.6712685823440552
fixed,2,4891,0.5246986150741577,0.023550236597657204,0.023372525349259377,0.09031856060028076,0.5752555727958679,4,0.75,
fixed,2,4892,0.8984341025352478,0.026475168764591217,0.010889674536883831,0.03149831295013428,0.9265660047531128,4,0.5,
fixed,2,4893,1.0845609903335571,0.00994177907705307,0.007433790247887373,0.04532599449157715,1.106846570968628,4,0.5,
fixed,2,4894,0.4783538579940796,0.00952151045203209,0.014470420777797699,0.14536821842193604,0.5339602828025818,4,0.75,
fixed,2,4895,0.23091475665569305,0.0,0.015440376475453377,0.045822739601135254,0.2523817718029022,4,0.5,3.807410478591919
fixed,2,4896,0.6906262636184692,0.023465510457754135,0.014900393784046173,0.11042618751525879,0.7429370880126953,4,0.75,
fixed,2,4897,0.7815072536468506,0.0,0.008190147578716278,0.08809566497802734,0.8120310306549072,4,0.25,
fixed,2,4898,0.8612452745437622,0.031465958803892136,0.006031536031514406,0.052718400955200195,0.895809531211853,4,0.5,
fixed,2,4899,0.527421772480011,0.0,0.009658459573984146,0.04290783405303955,0.5451233386993408,4,0.25,
fixed,2,4900,0.5811573266983032,0.0,0.07966388016939163,0.03912615776062012,0.6327271461486816,4,0.5,10.46263599395752
fixed,2,4901,0.4698493480682373,0.007873395457863808,0.02270745113492012,0.09837329387664795,0.5146517753601074,4,0.75,
fixed,2,4902,0.43286457657814026,0.0,0.03293953463435173,0.034996867179870605,0.45983341336250305,4,0.5,
fixed,2,4903,0.40106719732284546,0.0,0.019555600360035896,0.1809767484664917,0.4651380181312561,4,0.25,
fixed,2,4904,0.9696743488311768,0.012439819984138012,0.017016716301441193,0.10997915267944336,1.017396330833435,4,0.75,
fixed,2,4905,0.931927502155304,0.0123643409460783,0.028607765212655067,0.11418497562408447,0.9866690635681152,4,0.75,2.374514579772949
fixed,2,4906,0.4071842133998871,0.0,0.01790180616080761,0.04866170883178711,0.4307336211204529,4,0.5,
fixed,2,4907,0.2667992115020752,0.0,0.015355641953647137,0.18743908405303955,0.33070874214172363,4,0.75,
fixed,2,4908,0.4034307897090912,0.0,0.019091453403234482,0.062496185302734375,0.4317253828048706,4,0.25,
fixed,2,4909,0.21787694096565247,0.007885648868978024,0.009894712828099728,0.13149511814117432,0.26621565222740173,4,0.75,
fixed,2,4910,0.42568260431289673,0.0,0.03087499737739563,0.09282183647155762,0.46896666288375854,4,0.5,5.160868167877197
fixed,2,4911,0.3477226793766022,0.0,0.0006697133649140596,0.402773380279541,0.4688895642757416,4,0.0,
fixed,2,4912,0.4576714038848877,0.0,0.01646806113421917,0.1871892213821411,0.5220621824264526,4,0.75,
fixed,2,4913,0.9242666959762573,0.03399080038070679,0.011538565158843994,0.2891249656677246,1.033768892288208,4,1.0,
fixed,2,4914,0.809386670589447,0.0,0.014669306576251984,0.05650496482849121,0.833672821521759,4,0.5,
fixed,2,4915,0.9572722911834717,0.0,0.0071786195039749146,0.06918954849243164,0.9816184639930725,4,0.25,1.9938896894454956
fixed,2,4916,0.9485186338424683,0.0,0.020971110090613365,0.039490461349487305,0.9708513021469116,4,0.5,
fixed,2,4917,0.48895859718322754,0.024002177640795708,0.002241971669718623,0.03951561450958252,0.5139353275299072,4,0.25,
fixed,2,4918,0.3253971040248871,0.0,0.01529703289270401,0.0495302677154541,0.3479047119617462,4,0.5,
fixed,2,4919,0.951759397983551,0.0,0.00544462027028203,0.06913745403289795,0.9752229452133179,4,0.25,
fixed,2,4920,0.3691411018371582,0.011885768733918667,0.0019242214038968086,0.06249570846557617,0.3947948217391968,4,0.25,2.7337887287139893
fixed,2,4921,0.2855938673019409,0.0,0.02004043199121952,0.13756442070007324,0.33688342571258545,4,0.25,
fixed,2,4922,0.7691193222999573,0.0,0.034845199435949326,0.09030604362487793,0.8136337399482727,4,0.0,
fixed,2,4923,0.3355404734611511,0.019618559628725052,0.015197700820863247,0.13526368141174316,0.39352771639823914,4,0.75,
fixed,2,4924,0.5801418423652649,0.0,0.013181791640818119,0.055238962173461914,0.6033044457435608,4,0.5,
fixed,2,4925,0.6903601288795471,0.01685667410492897,0.0002541376743465662,0.12294161319732666,0.7357980012893677,4,0.25,3.0812582969665527
fixed,2,4926,0.7537503242492676,0.0,0.020272770896553993,0.06563949584960938,0.7835785746574402,4,0.5,
fixed,2,4927,0.7692711353302002,0.007466376759111881,0.005098112393170595,0.07480823993682861,0.7979958653450012,4,0.0,
fixed,2,4928,0.18792343139648438,0.02627280354499817,0.02819623053073883,0.11158406734466553,0.24863317608833313,4,0.75,
fixed,2,4929,0.563130795955658,0.008463776670396328,0.008647010661661625,0.03719949722290039,0.5828460454940796,4,0.5,
fixed,2,4930,0.5073115825653076,0.0,0.030720489099621773,0.07770848274230957,0.5459843873977661,4,0.5,5.1042656898498535
fixed,2,4931,0.7832473516464233,0.00949748232960701,0.022106342017650604,0.10521817207336426,0.8306146860122681,4,0.75,
fixed,2,4932,0.9774782657623291,0.01137131080031395,0.011938291601836681,0.12271273136138916,1.025946855545044,4,0.75,
fixed,2,4933,0.7285351753234863,0.0,0.010936405509710312,0.08114123344421387,0.7583457231521606,4,0.5,
fixed,2,4934,0.4543047249317169,0.0,0.0037080852780491114,0.10639679431915283,0.4880778193473816,4,0.25,
fixed,2,4935,0.2755812406539917,0.0,0.019651295617222786,0.15533316135406494,0.3320068418979645,4,0.75,5.272363662719727
fixed,2,4936,0.9506288170814514,0.0,0.0007480357890017331,0.1980823278427124,1.0104275941848755,4,0.0,
fixed,2,4937,1.146159291267395,0.0,0.004109866451472044,0.10027992725372314,1.1782982349395752,4,0.25,
fixed,2,4938,0.4682886004447937,0.00965220294892788,0.004968488588929176,0.07080280780792236,0.4968397915363312,4,0.5,
fixed,2,4939,0.6774014830589294,0.017086906358599663,0.012601964175701141,0.19920110702514648,0.7520062327384949,4,0.75,
fixed,2,4940,0.5434895157814026,0.013982114382088184,0.008094343356788158,0.07257747650146484,0.5763009786605835,4,0.5,1.2434632778167725
fixed,2,4941,0.31095945835113525,0.0,0.00845610536634922,0.13115644454956055,0.35453444719314575,4,0.25,
fixed,2,4942,0.5724173188209534,0.0,0.008711696602404118,0.1264643669128418,0.6147124767303467,4,0.25,
fixed,2,4943,0.8407912254333496,0.0,0.026713065803050995,0.06745946407318115,0.8743855953216553,4,0.5,
fixed,2,4944,0.22066856920719147,0.0,0.006782015785574913,0.04491555690765381,0.23753423988819122,4,0.25,
fixed,2,4945,0.5323498249053955,0.0,0.024158945307135582,0.12831354141235352,0.5829233527183533,4,0.75,6.143230438232422
fixed,2,4946,0.32306215167045593,0.0,0.007862412370741367,0.04119753837585449,0.3393526077270508,4,0.25,
fixed,2,4947,0.5010117292404175,0.018017994239926338,0.02610749378800392,0.12959063053131104,0.5619516372680664,4,0.75,
fixed,2,4948,0.47372889518737793,0.04036971926689148,0.012849867343902588,0.10444307327270508,0.5316716432571411,4,0.75,
fixed,2,4949,0.5475980639457703,0.0,0.02630886249244213,0.07093310356140137,0.5820324420928955,4,0.5,
fixed,2,4950,0.4879644215106964,0.0,0.028956571593880653,0.07703697681427002,0.525553822517395,4,0.5,5.498453140258789
fixed,2,4951,0.2825011610984802,0.0,0.014537818729877472,0.05804908275604248,0.30718478560447693,4,0.5,
fixed,2,4952,1.1268808841705322,0.0,0.022445499897003174,0.13532757759094238,1.1787018775939941,4,0.75,
fixed,2,4953,0.3506116271018982,0.0,0.02441462315618992,0.1463010311126709,0.4067092537879944,4,0.75,
fixed,2,4954,0.6850805878639221,0.0,0.013604506850242615,0.061440467834472656,0.7103149890899658,4,0.5,
fixed,2,4955,0.3849168121814728,2.910806506406516e-05,0.009610723704099655,0.10105741024017334,0.42005395889282227,4,0.25,2.2334816455841064
fixed,2,4956,0.4420410692691803,0.0,0.02186772972345352,0.40272057056427,0.5737911462783813,4,1.0,
fixed,2,4957,0.739042341709137,0.0,0.004024726338684559,0.07653176784515381,0.7640142440795898,4,0.25,
fixed,2,4958,0.5520177483558655,0.0,0.01722358912229538,0.15192019939422607,0.6062055826187134,4,0.75,
fixed,2,4959,0.5699154734611511,0.0,0.014069775119423866,0.04326629638671875,0.5899302363395691,4,0.5,
fixed,2,4960,0.573188066482544,0.05404908210039139,0.009221881628036499,0.10426783561706543,0.6361038684844971,4,0.75,5.3584465980529785
fixed,2,4961,0.8008846044540405,0.0,0.029643338173627853,0.10161113739013672,0.8461896181106567,4,0.75,
fixed,2,4962,2.008714437484741,0.027059132233262062,0.0003619740600697696,0.09255588054656982,2.050191640853882,4,0.25,
fixed,2,4963,1.0417038202285767,0.0,0.026881009340286255,0.0990591049194336,1.0848621129989624,4,0.75,
fixed,2,4964,0.2924758791923523,0.0170883946120739,0.0003031945088878274,0.11715221405029297,0.3363173305988312,4,0.25,
fixed,2,4965,0.48603555560112,0.0,0.036763548851013184,0.12636232376098633,0.542326033115387,4,0.0,3.9922897815704346
fixed,2,4966,0.4953307509422302,0.006257048342376947,0.008365193381905556,0.0601499080657959,0.5206868648529053,4,0.25,
fixed,2,4967,0.8263582587242126,0.0,0.0005012222682125866,0.3792083263397217,0.9403713941574097,4,0.0,
fixed,2,4968,0.22583436965942383,0.0,0.02537277340888977,0.09165799617767334,0.2660181522369385,4,0.75,
fixed,2,4969,0.17285501956939697,0.0,0.013585284352302551,0.07709920406341553,0.2027774155139923,4,0.5,
fixed,2,4970,0.8724718689918518,0.023764055222272873,0.016167400404810905,0.09856247901916504,0.922006368637085,4,0.75,0.6975969076156616
fixed,2,4971,0.504475474357605,0.02159830927848816,0.010584639385342598,0.05330681800842285,0.536558985710144,4,0.5,
fixed,2,4972,0.3006627559661865,0.0,0.036225203424692154,0.06199765205383301,0.33737465739250183,4,0.5,
fixed,2,4973,0.4780271351337433,0.008369090035557747,0.011532637290656567,0.08530378341674805,0.5135691165924072,4,0.5,
fixed,2,4974,0.3641386926174164,0.0,0.034526098519563675,0.15399420261383057,0.4275999963283539,4,0.75,
fixed,2,4975,0.6711989641189575,0.011258410289883614,0.014850331470370293,0.08882415294647217,0.710900604724884,4,0.75,2.262991189956665
fixed,2,4976,0.6487184762954712,0.0,0.0228269100189209,0.18677914142608643,0.7161656618118286,4,0.25,
fixed,2,4977,0.4263579547405243,0.0,0.021309269592165947,0.050505757331848145,0.45216432213783264,4,0.5,
fixed,2,4978,0.5718929767608643,0.0,0.027537774294614792,0.03982377052307129,0.5976089835166931,4,0.5,
fixed,2,4979,1.379238247871399,0.0,0.02312733232975006,0.0407102108001709,1.4030150175094604,4,0.5,
fixed,2,4980,0.26989129185676575,0.009321589954197407,0.034331709146499634,0.07717609405517578,0.31487077474594116,4,0.75,3.7249209880828857
fixed,2,4981,0.6231546401977539,0.023634610697627068,0.009865048341453075,0.14888215065002441,0.6845691204071045,4,0.75,
fixed,2,4982,0.5265522003173828,0.0,0.0003174446173943579,0.34499692916870117,0.6302099823951721,4,0.0,
fixed,2,4983,0.3345249891281128,0.0,0.04080513119697571,0.0995640754699707,0.38479676842689514,4,0.75,
fixed,2,4984,0.6116525530815125,0.0,0.03313779458403587,0.1132345199584961,0.6621918082237244,4,0.75,
fixed,2,4985,1.177257776260376,0.0,0.006743565201759338,0.025050640106201172,1.1881448030471802,4,0.25,2.015807628631592
fixed,2,4986,1.0595003366470337,0.025492586195468903,0.018053026869893074,0.06493067741394043,1.100752353668213,4,0.5,
fixed,2,4987,0.45023757219314575,0.0,0.015162168070673943,0.1787494421005249,0.5114434957504272,4,0.75,
fixed,2,4988,0.5291168689727783,0.0,0.013447867706418037,0.05164813995361328,0.5513352155685425,4,0.5,
fixed,2,4989,0.711015522480011,0.038860976696014404,0.020408106967806816,0.24415302276611328,0.8138960003852844,4,1.0,
fixed,2,4990,0.4495902955532074,0.029186956584453583,0.005266587249934673,0.0458829402923584,0.48058193922042847,4,0.5,2.34570050239563
fixed,2,4991,0.7663585543632507,0.0,0.0002243491035187617,0.29997730255126953,0.8564639091491699,4,0.0,
fixed,2,4992,0.6446149945259094,0.0,0.014528490602970123,0.05316019058227539,0.667827308177948,4,0.5,
fixed,2,4993,0.8766894936561584,0.0,0.01931239292025566,0.11863446235656738,0.92193603515625,4,0.25,
fixed,2,4994,0.4678698480129242,0.0,0.012494551949203014,0.04176902770996094,0.4866478443145752,4,0.5,
fixed,2,4995,0.6503310203552246,0.02815358340740204,0.012752102687954903,0.1395329236984253,0.7126437425613403,4,0.75,0.5387863516807556
fixed,2,4996,0.7767180800437927,0.03949763625860214,0.013000593520700932,0.26702845096588135,0.8830757141113281,4,1.0,
fixed,2,4997,0.9867680668830872,0.009535783901810646,0.030265184119343758,0.07031834125518799,1.027764081954956,4,0.75,
fixed,2,4998,1.4025999307632446,0.0004257052205502987,0.022538382560014725,0.1303044557571411,1.453173279762268,4,0.75,
fixed,2,4999,0.7595158815383911,0.0,0.014482688158750534,0.11494505405426025,0.8012407422065735,4,0.25,
fixed,2,5000,0.41883155703544617,0.0,0.029652496799826622,0.05649232864379883,0.45060551166534424,4,0.5,5.721860408782959
fixed,2,5001,0.8066624999046326,0.0,0.021493878215551376,0.042835116386413574,0.8302599787712097,4,0.5,
fixed,2,5002,0.5866262912750244,0.0,0.04192095249891281,0.06921076774597168,0.628350019454956,4,0.75,
fixed,2,5003,0.9229219555854797,0.0,0.05343477055430412,0.05150651931762695,0.9650912880897522,4,0.5,
fixed,2,5004,0.6372398138046265,0.0,0.047201819717884064,0.05644690990447998,0.6777747869491577,4,0.75,
fixed,2,5005,0.4635584056377411,0.0,0.03410791978240013,0.06772911548614502,0.5009310841560364,4,0.75,7.404643535614014
fixed,2,5006,0.37112176418304443,0.012386527843773365,0.02947217971086502,0.04544806480407715,0.40568554401397705,4,0.75,
fixed,2,5007,0.7369911670684814,0.0,0.010347644798457623,0.054593443870544434,0.7585430145263672,4,0.25,
fixed,2,5008,0.5319173336029053,0.0,0.00017366159590892494,0.3996996283531189,0.6519140601158142,4,0.0,
fixed,2,5009,0.6630598902702332,0.021712880581617355,0.00904830452054739,0.06328868865966797,0.6974270939826965,4,0.5,
fixed,2,5010,0.49292153120040894,0.0,0.010375450365245342,0.1296226978302002,0.536996066570282,4,0.25,2.2702834606170654
fixed,2,5011,0.576779842376709,0.0,0.012132677249610424,0.1322648525238037,0.6225256323814392,4,0.25,
fixed,2,5012,0.2408471405506134,0.0,0.016967184841632843,0.10642421245574951,0.2812579870223999,4,0.25,
fixed,2,5013,0.4802386462688446,0.0,0.020943965762853622,0.04575169086456299,0.5044361352920532,4,0.5,
fixed,2,5014,0.3377399444580078,0.0,0.020224789157509804,0.04592132568359375,0.3616287410259247,4,0.5,
fixed,2,5015,0.5580089092254639,0.0,0.010592549107968807,0.05409526824951172,0.5795337557792664,4,0.5,3.054527997970581
fixed,2,5016,0.4575690031051636,0.0,0.01822575554251671,0.05805373191833496,0.48409798741340637,4,0.5,
fixed,2,5017,0.4627171754837036,0.0,0.0019289611373096704,0.19213557243347168,0.5213223099708557,4,0.0,
fixed,2,5018,0.9431009292602539,0.0,0.011365403421223164,0.06670165061950684,0.9687941074371338,4,0.5,
fixed,2,5019,0.6780673861503601,0.0,0.007885781116783619,0.08136177062988281,0.7064188122749329,4,0.25,
fixed,2,5020,0.9074581265449524,0.0,0.004727386403828859,0.02307295799255371,0.9167436957359314,4,0.25,1.5425355434417725
fixed,2,5021,0.38025379180908203,0.0,0.02231551520526409,0.15935957431793213,0.4392194151878357,4,0.75,
fixed,2,5022,0.5481297373771667,0.0,0.003989409189671278,0.09486031532287598,0.5785825252532959,4,0.25,
fixed,2,5023,0.6171517372131348,0.0,0.011566802859306335,0.09955942630767822,0.6528029441833496,4,0.25,
fixed,2,5024,0.7603687047958374,0.034730084240436554,0.0002353280724491924,0.08532226085662842,0.8034480810165405,4,0.25,
fixed,2,5025,0.4146224856376648,0.0,0.02134554646909237,0.4566901922225952,0.5623023509979248,4,1.0,5.515774726867676
fixed,2,5026,0.5953553318977356,0.0,0.0075967987067997456,0.09515762329101562,0.6277010440826416,4,0.5,
fixed,2,5027,0.6169562339782715,0.031768087297677994,0.004310280084609985,0.0828092098236084,0.6598381996154785,4,0.5,
fixed,2,5028,0.6727297306060791,0.0,0.003275397466495633,0.0925133228302002,0.7021214365959167,4,0.25,
fixed,2,5029,0.6231045126914978,0.045059047639369965,0.010928264819085598,0.1362682580947876,0.6919786334037781,4,0.75,
fixed,2,5030,0.4476029872894287,0.02617030031979084,0.020440848544239998,0.3711588382720947,0.5822561979293823,4,1.0,1.3152389526367188
fixed,2,5031,0.4642907977104187,0.03234788402915001,0.0044438811019063,0.09300315380096436,0.5105876326560974,4,0.5,
fixed,2,5032,0.9369257092475891,0.0,0.0006605033995583653,0.3738887310028076,1.0494226217269897,4,0.0,
fixed,2,5033,1.0261576175689697,0.0,0.01635010354220867,0.16620492935180664,1.0841941833496094,4,0.25,
fixed,2,5034,0.5775579810142517,0.0,0.008239733055233955,0.1170957088470459,0.6168065667152405,4,0.25,
fixed,2,5035,0.7071333527565002,0.0,0.028689131140708923,0.3260284662246704,0.8192864656448364,4,1.0,7.396656036376953
fixed,2,5036,0.6496337652206421,0.0,0.00071117770858109,0.32690751552581787,0.7480615973472595,4,0.0,
fixed,2,5037,0.15733975172042847,0.0,0.00042288299300707877,0.2831559181213379,0.242497980594635,4,0.0,
fixed,2,5038,0.39253726601600647,0.01981242373585701,0.03290509805083275,0.23088085651397705,0.48816028237342834,4,1.0,
fixed,2,5039,0.9490464329719543,0.0,0.014161018654704094,0.06395649909973145,0.9753139019012451,4,0.25,
fixed,2,5040,0.4985153377056122,0.0,0.014730685390532017,0.029891014099121094,0.514847993850708,4,0.25,3.1666741371154785
fixed,2,5041,0.5539337396621704,1.3796345683658728e-06,0.009099979884922504,0.045645833015441895,0.5721781849861145,4,0.25,
fixed,2,5042,0.9505895376205444,0.0,0.03849848359823227,0.13252997398376465,1.0095977783203125,4,0.75,
fixed,2,5043,0.4933074116706848,0.015663137659430504,0.021127883344888687,0.07242929935455322,0.5334317088127136,4,0.75,
fixed,2,5044,0.3337605595588684,4.793413245351985e-05,0.009953321889042854,0.04629373550415039,0.3526493012905121,4,0.25,
fixed,2,5045,0.6233775615692139,2.413378570054192e-05,0.03126595541834831,0.09430336952209473,0.6673136353492737,4,0.75,6.855098724365234
fixed,2,5046,0.35569387674331665,5.753902951255441e-05,0.0012157319579273462,0.17853271961212158,0.4098903238773346,4,0.0,
fixed,2,5047,0.41821643710136414,0.0,0.06172938644886017,0.1592942476272583,0.49686941504478455,4,1.0,
fixed,2,5048,0.32671964168548584,1.1979266673733946e-05,0.03634106367826462,0.10355854034423828,0.3759637176990509,4,0.75,
fixed,2,5049,0.616847813129425,2.3676848286413588e-05,0.009636812843382359,0.11461091041564941,0.6560613512992859,4,0.25,
fixed,2,5050,0.6646870374679565,5.14472667418886e-05,0.012283297255635262,0.13488554954528809,0.7113201022148132,4,0.25,2.5282161235809326
fixed,2,5051,0.21979966759681702,3.9731719880364835e-05,0.032781340181827545,0.11035299301147461,0.2693161070346832,4,0.75,
fixed,2,5052,0.8306707739830017,9.664220851846039e-05,0.0,0.29761242866516113,0.920002818107605,4,0.0,
fixed,2,5053,0.3926726281642914,0.011666793376207352,0.01618175022304058,0.11636018753051758,0.44150495529174805,4,0.75,
fixed,2,5054,0.4641830325126648,0.00014778089825995266,0.007792983669787645,0.10575747489929199,0.49988067150115967,4,0.25,
fixed,2,5055,0.22098377346992493,0.0,0.03932514786720276,0.2606452703475952,0.3188399374485016,4,1.0,8.683289527893066
fixed,2,5056,0.623636782169342,3.111072146566585e-05,0.03207779675722122,0.1154470443725586,0.6743253469467163,4,0.75,
fixed,2,5057,1.187620997428894,0.0006726144929416478,0.0,0.18726682662963867,1.2441374063491821,4,0.0,
fixed,2,5058,0.4593016803264618,0.023172428831458092,0.006899552419781685,0.06256651878356934,0.4931076169013977,4,0.5,
fixed,2,5059,0.5620578527450562,0.000370338442735374,0.01419289130717516,0.06136953830718994,0.5877503156661987,4,0.5,
fixed,2,5060,1.3972316980361938,0.0004728046478703618,0.020208170637488365,0.09093666076660156,1.434853196144104,4,0.25,2.8926126956939697
fixed,2,5061,0.7983906865119934,0.012917236424982548,0.009048128500580788,0.04994940757751465,0.8243581652641296,4,0.5,
fixed,2,5062,0.367157518863678,0.00013345936895348132,0.006431268528103828,0.03162884712219238,0.3799285292625427,4,0.25,
fixed,2,5063,0.8944157958030701,0.0004303061868995428,0.015045404434204102,0.05575251579284668,0.9188793897628784,4,0.5,
fixed,2,5064,0.2917501628398895,0.0004779126320499927,0.006557027343660593,0.05674910545349121,0.3122923672199249,4,0.25,
fixed,2,5065,0.38357919454574585,0.012113027274608612,0.010247874073684216,0.05333852767944336,0.4107612073421478,4,0.5,1.0406913757324219
fixed,2,5066,0.5657181143760681,0.011711116880178452,0.005856185685843229,0.06341493129730225,0.5935262441635132,4,0.5,
fixed,2,5067,0.08773525059223175,1.652563332754653e-05,0.0020392457954585552,0.16847479343414307,0.13930557668209076,4,0.0,
fixed,2,5068,0.8443785309791565,0.014197548851370811,0.018637020140886307,0.07677745819091797,0.8838290572166443,4,0.5,
fixed,2,5069,0.3998848795890808,2.1330024537746795e-05,0.013222727924585342,0.07154178619384766,0.42796945571899414,4,0.5,
fixed,2,5070,0.7970626950263977,3.2788244425319135e-05,0.011387340724468231,0.07366704940795898,0.8248728513717651,4,0.5,3.231940507888794
fixed,2,5071,0.8320355415344238,2.7632877390715294e-06,0.00517291808500886,0.11850571632385254,0.8701751232147217,4,0.25,
fixed,2,5072,0.41555461287498474,0.025817178189754486,0.0032494605984538794,0.10062181949615479,0.46027448773384094,4,0.5,
fixed,2,5073,0.4911503195762634,2.969264414787176e-06,0.01914304308593273,0.15468943119049072,0.5471301674842834,4,0.75,
fixed,2,5074,0.9064466953277588,0.0,0.010398794896900654,0.08457565307617188,0.9370188117027283,4,0.5,
fixed,2,5075,0.7131550908088684,0.0,0.0012155898148193955,0.20435881614685059,0.7750705480575562,4,0.0,0.7744265198707581
fixed,2,5076,0.33612892031669617,0.0,0.005374785978347063,0.03670322895050049,0.34982728958129883,4,0.25,
fixed,2,5077,0.5163122415542603,0.0,0.011412475258111954,0.049739718437194824,0.5369403958320618,4,0.25,
fixed,2,5078,0.7234001159667969,0.0,0.010295363143086433,0.1982642412185669,0.7880270481109619,4,0.25,
fixed,2,5079,0.4599604904651642,0.005873828660696745,0.012065590359270573,0.12919247150421143,0.5076879262924194,4,0.5,
fixed,2,5080,0.43367746472358704,0.0,0.02878536656498909,0.34800589084625244,0.552471935749054,4,1.0,7.654543399810791
fixed,2,5081,0.38700202107429504,0.0,0.023891717195510864,0.4017069935798645,0.5194599628448486,4,1.0,
fixed,2,5082,0.5962026715278625,0.0,0.029103951528668404,0.13947856426239014,0.6525982022285461,4,0.75,
fixed,2,5083,0.2256622314453125,0.0,0.004221346229314804,0.16833209991455078,0.2782725393772125,4,0.25,
fixed,2,5084,0.5412407517433167,0.0028904860373586416,0.013412050902843475,0.10791444778442383,0.5817663669586182,4,0.5,
fixed,2,5085,0.4005904495716095,0.0,0.015410052612423897,0.3112286329269409,0.5016640424728394,4,0.75,4.664715766906738
fixed,2,5086,1.2132279872894287,0.0,0.006337418220937252,0.021063804626464844,1.2227158546447754,4,0.25,
fixed,2,5087,0.5818191170692444,0.0,0.004286181181669235,0.1802198886871338,0.6380281448364258,4,0.0,
fixed,2,5088,0.8258068561553955,0.0,0.0020252959802746773,0.41318899393081665,0.950776219367981,4,0.0,
fixed,2,5089,0.2815859615802765,0.0,0.005889333784580231,0.1337960958480835,0.3246694505214691,4,0.25,
fixed,2,5090,0.9370636940002441,0.0,0.01206653006374836,0.06907200813293457,0.9638185501098633,4,0.5,3.43526291847229
fixed,2,5091,1.08534836769104,0.0,0.026844868436455727,0.34431302547454834,1.2020647525787354,4,1.0,
fixed,2,5092,0.6313686966896057,0.0,0.02923412248492241,0.10219597816467285,0.6766445636749268,4,0.75,
fixed,2,5093,0.8869587182998657,0.0,0.01757701486349106,0.03723013401031494,0.9069162607192993,4,0.5,
fixed,2,5094,1.1078307628631592,0.0,0.0011923840502277017,0.35504150390625,1.2149393558502197,4,0.0,
fixed,2,5095,0.7028557658195496,0.0,0.011222422122955322,0.07888805866241455,0.7321333885192871,4,0.5,3.327828884124756
fixed,2,5096,0.4781316816806793,0.0,0.05183056741952896,0.021963953971862793,0.5106361508369446,4,0.25,
fixed,2,5097,0.3128046691417694,0.0,0.026707882061600685,0.35180163383483887,0.43169909715652466,3,1.0,
fixed,2,5098,0.6762312054634094,0.0,0.05225294455885887,0.0740739107131958,0.7245798707008362,4,0.5,
fixed,2,5099,0.6431254744529724,0.007499442435801029,0.01453053206205368,0.07486903667449951,0.6766011714935303,4,0.75,
fixed,2,5100,0.9855153560638428,0.0,0.038551028817892075,0.05467045307159424,1.021191954612732,4,0.5,5.975533962249756
fixed,2,5101,0.31545326113700867,0.0,0.006158078089356422,0.03660476207733154,0.3295137286186218,4,0.25,
fixed,2,5102,0.9312363266944885,0.010963800363242626,0.006955418735742569,0.05043923854827881,0.9553276896476746,4,0.5,
fixed,2,5103,0.5819383263587952,0.0,0.014970988035202026,0.05172419548034668,0.6049410700798035,4,0.5,
fixed,2,5104,0.8259420394897461,0.0,0.016076402738690376,0.15410566329956055,0.8802119493484497,4,0.75,
fixed,2,5105,0.2760425806045532,0.0,0.0317588746547699,0.30519890785217285,0.3834816813468933,4,1.0,7.616044044494629
fixed,2,5106,0.44375157356262207,0.0,0.010313820093870163,0.08410680294036865,0.4741405248641968,4,0.5,
fixed,2,5107,0.8956549167633057,4.1137045627692714e-06,0.005758326034992933,0.023566246032714844,0.9056060314178467,4,0.25,
fixed,2,5108,0.5063556432723999,0.0,0.026909973472356796,0.10539257526397705,0.5514284372329712,4,0.75,
fixed,2,5109,1.6928471326828003,0.0,0.01823267713189125,0.15292978286743164,1.7478424310684204,4,0.75,
fixed,2,5110,0.4695083200931549,0.010660008527338505,0.0038329162634909153,0.09159314632415771,0.5042327046394348,4,0.5,1.7924509048461914
fixed,2,5111,0.29264333844184875,0.0,0.019301019608974457,0.14733219146728516,0.34649351239204407,4,0.75,
fixed,2,5112,0.2699063718318939,0.0,0.028428994119167328,0.11182212829589844,0.31766751408576965,4,0.75,
fixed,2,5113,0.50726717710495,0.0,0.010616614483296871,0.08219599723815918,0.5372343063354492,4,0.5,
fixed,2,5114,0.423190176486969,0.0,0.00959000550210476,0.08627748489379883,0.45386841893196106,4,0.5,
fixed,2,5115,0.9042679071426392,0.0,0.016747640445828438,0.08107852935791016,0.93696528673172,4,0.5,4.185889720916748
fixed,2,5116,0.5662404298782349,0.005398366134613752,0.00026594253722578287,0.28726518154144287,0.6552521586418152,4,0.0,
fixed,2,5117,0.39411863684654236,0.0,0.044470638036727905,0.12488162517547607,0.4538184404373169,4,0.75,
fixed,2,5118,0.5852283835411072,0.0,0.005127647425979376,0.14965319633483887,0.6326881647109985,4,0.25,
fixed,2,5119,1.2575507164001465,0.005284206010401249,0.024722086265683174,0.14674437046051025,1.3165771961212158,4,0.25,
fixed,2,5120,1.3745396137237549,0.0,0.012664906680583954,0.17291438579559326,1.432746410369873,4,0.75,4.309206008911133
fixed,2,5121,0.7579969763755798,0.0,0.007631257176399231,0.13313961029052734,0.8017544746398926,4,0.25,
fixed,2,5122,0.6539006233215332,0.0,0.021844664588570595,0.052962303161621094,0.6807116270065308,4,0.5,
fixed,2,5123,0.665527880191803,0.0,0.005828568246215582,0.033521175384521484,0.6784985065460205,4,0.25,
fixed,2,5124,0.7375195026397705,0.0,0.002021654974669218,0.17321979999542236,0.790496289730072,4,0.0,
fixed,2,5125,0.641946017742157,0.0,0.009242873638868332,0.0577394962310791,0.6638892889022827,4,0.5,2.941509246826172
fixed,2,5126,0.7752190828323364,0.00900075864046812,0.009867558255791664,0.09899139404296875,0.8143506646156311,4,0.75,
fixed,2,5127,0.6032310128211975,0.0,0.02106831967830658,0.04576373100280762,0.6274942755699158,4,0.5,
fixed,2,5128,0.591801643371582,0.0,0.00895173940807581,0.0910881757736206,0.6236039400100708,4,0.5,
fixed,2,5129,0.42596960067749023,0.0,0.010739246383309364,0.055860042572021484,0.44809722900390625,4,0.5,
fixed,2,5130,0.7103943824768066,0.0343012735247612,0.00907406210899353,0.18435466289520264,0.7873884439468384,4,0.75,1.1647788286209106
fixed,2,5131,0.4005829393863678,0.031280454248189926,0.0006346231675706804,0.1185532808303833,0.4521064758300781,4,0.25,
fixed,2,5132,0.4895079731941223,0.0,0.010901246219873428,0.15019798278808594,0.5400179624557495,4,0.25,
fixed,2,5133,0.23589569330215454,0.0,0.0030026892200112343,0.12803113460540771,0.27580636739730835,4,0.25,
fixed,2,5134,0.3907690644264221,0.0,0.008176804520189762,0.0917741060256958,0.4223896861076355,4,0.5,
fixed,2,5135,1.139259696006775,0.0,0.010779540054500103,0.06640267372131348,1.1645702123641968,4,0.5,3.210843563079834
fixed,2,5136,0.26041194796562195,0.0,0.00739893177524209,0.033715009689331055,0.2742259204387665,4,0.25,
fixed,2,5137,1.217518925666809,0.011145167052745819,0.0047394344583153725,0.04063069820404053,1.2376503944396973,4,0.5,
fixed,2,5138,0.577424168586731,0.0,0.016175437718629837,0.48681098222732544,0.7315552234649658,4,1.0,
fixed,2,5139,0.8099913001060486,0.0,0.0056846351362764835,0.030885815620422363,0.8220993876457214,4,0.25,
fixed,2,5140,0.6282429099082947,0.0,0.01842356100678444,0.15302443504333496,0.6833620071411133,4,0.75,5.130921840667725
fixed,2,5141,0.2625560164451599,0.0,0.03711791709065437,0.11585128307342529,0.31587034463882446,4,0.5,
fixed,2,5142,1.0314878225326538,0.0,0.012184611521661282,0.16442656517028809,1.0869081020355225,4,0.25,
fixed,2,5143,0.5391521453857422,0.029149450361728668,0.005560341756790876,0.13855671882629395,0.5980740785598755,4,0.75,
fixed,2,5144,0.5040575265884399,0.0,0.0014782525831833482,0.4235152006149292,0.6318511962890625,4,0.0,
fixed,2,5145,0.5133292078971863,0.0,0.023117870092391968,0.242018461227417,0.5974937081336975,4,0.75,6.0094475746154785
fixed,2,5146,0.524747371673584,0.0,0.031155187636613846,0.33122169971466064,0.6396914720535278,4,1.0,
fixed,2,5147,0.5229388475418091,0.0,0.022219596430659294,0.04522848129272461,0.5476171970367432,4,0.5,
fixed,2,5148,0.6208759546279907,0.020853882655501366,0.015050862915813923,0.0458066463470459,0.6525703072547913,4,0.5,
fixed,2,5149,0.22519539296627045,0.027075577527284622,0.01753983274102211,0.024662137031555176,0.2549017369747162,4,0.5,
fixed,2,5150,1.274410367012024,0.0,0.009953044354915619,0.1229856014251709,1.3162825107574463,4,0.25,2.5561938285827637
fixed,2,5151,0.1376369148492813,0.0,0.025602854788303375,0.058508992195129395,0.167991042137146,4,0.5,
fixed,2,5152,0.8986808657646179,0.0,0.08277685940265656,0.1053011417388916,0.9716596603393555,4,0.75,
fixed,2,5153,0.33635520935058594,0.0,0.03174836188554764,0.0883934497833252,0.37874743342399597,4,0.75,
fixed,2,5154,0.7078705430030823,0.0,0.020380618050694466,0.03666567802429199,0.7290605306625366,4,0.5,
fixed,2,5155,0.24271167814731598,0.0,0.02534651756286621,0.105582594871521,0.2870597243309021,4,0.75,6.448452949523926
fixed,2,5156,0.33999285101890564,0.0,0.05621298402547836,0.06432032585144043,0.387395441532135,4,0.5,
fixed,2,5157,0.6192786693572998,0.0,0.0373113676905632,0.1540745496749878,0.6841567158699036,4,0.75,
fixed,2,5158,0.6267493367195129,0.0,0.024569520726799965,0.03867793083190918,0.6506375074386597,4,0.5,
fixed,2,5159,0.41537123918533325,0.0,0.04968426376581192,0.06492948532104492,0.45969220995903015,4,0.5,
fixed,2,5160,0.8090476393699646,0.0,0.022052964195609093,0.05513501167297363,0.8366146087646484,4,0.5,4.567646026611328
fixed,2,5161,0.38236019015312195,0.0,0.00014303866191767156,0.34306585788726807,0.48535147309303284,4,0.0,
fixed,2,5162,0.6517654061317444,0.0,0.023290490731596947,0.0440824031829834,0.6766353845596313,4,0.5,
fixed,2,5163,0.5274261236190796,0.0,0.008505080826580524,0.05704379081726074,0.5487918257713318,4,0.5,
fixed,2,5164,0.4051121175289154,0.031094802543520927,0.01969996467232704,0.0371394157409668,0.441651314496994,4,0.5,
fixed,2,5165,0.3073830008506775,0.0,0.012104013003408909,0.08503484725952148,0.3389454483985901,4,0.5,3.245126247406006
fixed,2,5166,0.7985096573829651,5.623838319479546e-07,1.8032344542007195e-06,0.2887001037597656,0.8851208686828613,4,0.0,
fixed,2,5167,0.35246312618255615,0.0,0.014324959367513657,0.17869949340820312,0.41323545575141907,4,0.75,
fixed,2,5168,0.5626309514045715,0.015885882079601288,0.003249134635552764,0.052608489990234375,0.5879809856414795,4,0.5,
fixed,2,5169,1.1790237426757812,3.265708983235527e-06,0.003693243255838752,0.07895100116729736,1.2045572996139526,4,0.25,
fixed,2,5170,0.7546340227127075,4.5829469286218227e-07,0.003759656799957156,0.09022033214569092,0.7835801839828491,4,0.25,1.2483596801757812
fixed,2,5171,0.5289748907089233,1.2889420304418309e-06,0.008104687556624413,0.06717240810394287,0.5531796216964722,4,0.5,
fixed,2,5172,0.7475958466529846,0.0,0.009409017860889435,0.22483515739440918,0.8197509050369263,4,0.75,
fixed,2,5173,0.8657733798027039,0.02787083573639393,0.009578075259923935,0.17941796779632568,0.9383232593536377,4,0.75,
fixed,2,5174,0.6845130324363708,0.0,0.0032765765208750963,0.08819031715393066,0.7126083970069885,4,0.25,
fixed,2,5175,0.4677712917327881,0.0,0.0035344117786735296,0.06281721591949463,0.4883836507797241,4,0.25,1.189553141593933
fixed,2,5176,0.28424912691116333,0.0,0.007868802174925804,0.06571638584136963,0.3078984320163727,4,0.5,
fixed,2,5177,0.4705377519130707,0.0,0.006681467872112989,0.07329702377319336,0.4958675801753998,4,0.5,
fixed,2,5178,0.5999857783317566,0.013624308630824089,0.004636751022189856,0.05285918712615967,0.6249740719795227,4,0.5,
fixed,2,5179,0.7611274719238281,0.028644124045968056,0.0072402055375278,0.184309720993042,0.8343625664710999,4,0.75,
fixed,2,5180,0.66219162940979,0.0,0.025820598006248474,0.3886098861694336,0.7916848659515381,4,1.0,6.477027416229248
fixed,2,5181,0.4324309527873993,0.0,0.015867995098233223,0.15343499183654785,0.4863954484462738,4,0.75,
fixed,2,5182,0.43923819065093994,0.0,0.0034148425329476595,0.06926941871643066,0.46172642707824707,4,0.25,
fixed,2,5183,0.862654447555542,1.0008779582904026e-07,0.00026014793547801673,0.3169832229614258,0.9578795433044434,4,0.0,
fixed,2,5184,0.5024375915527344,0.0,0.005775864701718092,0.10151267051696777,0.5357793569564819,4,0.25,
fixed,2,5185,0.5109190344810486,0.0,0.01290124747902155,0.04397106170654297,0.5305609703063965,4,0.5,3.5408811569213867
fixed,2,5186,0.8104453682899475,0.0,0.018825246021151543,0.04793679714202881,0.8342390060424805,4,0.5,
fixed,2,5187,0.8122223615646362,0.0,0.008251938968896866,0.07842361927032471,0.8398754000663757,4,0.25,
fixed,2,5188,0.6563966870307922,0.014955446124076843,0.016344428062438965,0.310579776763916,0.765220582485199,4,1.0,
fixed,2,5189,0.3770502805709839,0.014469027519226074,0.019732508808374405,0.27117371559143066,0.475503146648407,4,1.0,
fixed,2,5190,0.516944944858551,0.0,0.020374244078993797,0.03260481357574463,0.5369135141372681,4,0.5,4.373810291290283
fixed,2,5191,0.2891380190849304,0.011608688160777092,0.006834525614976883,0.35066306591033936,0.40355855226516724,4,0.25,
fixed,2,5192,0.8924016952514648,0.025050431489944458,0.013839812017977238,0.034401893615722656,0.9221673607826233,4,0.5,
fixed,2,5193,0.32156476378440857,0.02579682320356369,0.006287251133471727,0.0361475944519043,0.34845107793807983,4,0.5,
fixed,2,5194,0.649872899055481,0.0,0.028819536790251732,0.08553934097290039,0.6899444460868835,4,0.75,
fixed,2,5195,0.9745744466781616,0.0,0.020414894446730614,0.041749000549316406,0.9973065853118896,4,0.5,4.663938999176025
fixed,2,5196,0.7562810182571411,0.0,0.03957236185669899,0.060738563537597656,0.7942887544631958,4,0.75,
fixed,2,5197,0.5845448970794678,0.0,0.04372447356581688,0.07401728630065918,0.6286123394966125,4,0.75,
fixed,2,5198,0.37696292996406555,0.006666720844805241,0.05348748713731766,0.10607647895812988,0.43886297941207886,4,1.0,
fixed,2,5199,0.47501495480537415,0.0,0.02409115806221962,0.031989336013793945,0.4966573417186737,4,0.5,
fixed,2,5200,0.4816538989543915,0.0,0.032234810292720795,0.07946395874023438,0.5216104984283447,4,0.75,7.2748613357543945
fixed,2,5201,0.6529518961906433,0.0,0.029872456565499306,0.09105467796325684,0.6952045559883118,4,0.5,
fixed,2,5202,0.5279759168624878,0.0,0.01818634569644928,0.07732021808624268,0.5602651834487915,4,0.5,
fixed,2,5203,1.0622625350952148,0.0,0.0164788868278265,0.06089043617248535,1.0887690782546997,4,0.25,
fixed,2,5204,0.3496586084365845,0.0,0.017990121617913246,0.07275474071502686,0.3804800808429718,4,0.5,
fixed,2,5205,0.6607893705368042,0.009902006015181541,0.01400826871395111,0.10178303718566895,0.703279435634613,4,0.75,2.329407215118408
fixed,2,5206,1.2326669692993164,0.0,0.014313144609332085,0.08461380004882812,1.2652076482772827,4,0.5,
fixed,2,5207,0.674230694770813,0.0,0.03241676464676857,0.09707784652709961,0.7195624113082886,4,0.5,
fixed,2,5208,0.5230180025100708,0.0,0.005209105554968119,0.12091064453125,0.5618957281112671,4,0.25,
fixed,2,5209,0.7353217601776123,0.0,0.03910665586590767,0.11435019969940186,0.7891801595687866,4,0.25,
fixed,2,5210,0.5118830800056458,0.0,0.023038968443870544,0.1410212516784668,0.5657089352607727,4,0.75,5.176049709320068
fixed,2,5211,0.6119529604911804,0.0,0.010294564068317413,0.0616452693939209,0.635593831539154,4,0.5,
fixed,2,5212,0.29556265473365784,0.0,0.003962316550314426,0.08397090435028076,0.322735071182251,4,0.25,
fixed,2,5213,0.5589231252670288,0.0,0.00856723077595234,0.06087517738342285,0.5814692974090576,4,0.5,
fixed,2,5214,0.6794797778129578,0.021808357909321785,0.009316888637840748,0.15455734729766846,0.7414095997810364,4,0.75,
fixed,2,5215,0.5382596850395203,0.0,0.00995152909308672,0.20061969757080078,0.6034213304519653,4,0.75,3.3274683952331543
fixed,2,5216,0.2575656473636627,0.0,0.005615184083580971,0.02388477325439453,0.2675386667251587,4,0.25,
fixed,2,5217,0.46993446350097656,0.0,0.008967632427811623,0.21162045001983643,0.5379044413566589,4,0.75,
fixed,2,5218,0.6800846457481384,0.0,0.003957356326282024,0.0678333044052124,0.7024133205413818,4,0.25,
fixed,2,5219,0.6544378399848938,0.0,0.007216239348053932,0.09778976440429688,0.6873828768730164,4,0.5,
fixed,2,5220,0.7728328704833984,0.0,0.009331563487648964,0.08497262001037598,0.8029904365539551,4,0.5,2.801351547241211
fixed,2,5221,0.8020254373550415,0.02306228317320347,0.004919335711747408,0.0550616979598999,0.8325347304344177,4,0.5,
fixed,2,5222,0.4513113498687744,0.0,0.006690767593681812,0.06620180606842041,0.474517285823822,4,0.5,
fixed,2,5223,0.40014007687568665,0.0,0.00805581733584404,0.22266268730163574,0.47096678614616394,4,0.75,
fixed,2,5224,0.20756274461746216,0.0,0.012297367677092552,0.35678255558013916,0.32074618339538574,4,0.75,
fixed,2,5225,1.1636393070220947,0.0,0.0008081069099716842,0.4591050148010254,1.3017748594284058,4,0.0,1.1279611587524414
fixed,2,5226,0.5715928077697754,0.014021949842572212,0.017559800297021866,0.30234813690185547,0.6780881285667419,4,1.0,
fixed,2,5227,0.5024199485778809,0.0,0.022044610232114792,0.39301592111587524,0.6313470602035522,4,1.0,
fixed,2,5228,0.8249202966690063,0.0,0.01776018738746643,0.12582433223724365,0.8715476989746094,4,0.75,
fixed,2,5229,0.16881859302520752,0.0,0.006010234821587801,0.1619882583618164,0.22042018175125122,4,0.25,
fixed,2,5230,0.41572317481040955,0.005470999516546726,0.009880956262350082,0.08832168579101562,0.4498956501483917,4,0.5,2.6165878772735596
fixed,2,5231,0.1852232813835144,0.0,0.01981818489730358,0.10918736457824707,0.2278885841369629,4,0.75,
fixed,2,5232,0.7829397320747375,0.0,0.0063978820107877254,0.1296083927154541,0.8250212073326111,4,0.25,
fixed,2,5233,0.4491170048713684,0.0044978903606534,0.03408505767583847,0.06811928749084473,0.48884427547454834,4,0.25,
fixed,2,5234,0.5808295011520386,0.0,0.015227737836539745,0.06067168712615967,0.606644868850708,4,0.5,
fixed,2,5235,0.46021467447280884,0.0,0.034588221460580826,0.07827925682067871,0.5009925365447998,4,0.75,6.516822814941406
fixed,2,5236,0.6677715182304382,0.027503350749611855,0.013842230662703514,0.10643458366394043,0.7203747034072876,4,0.75,
fixed,2,5237,0.861912727355957,0.00820862129330635,0.02169119194149971,0.040933847427368164,0.8891428112983704,4,0.75,
fixed,2,5238,0.5627045035362244,0.01540095079690218,0.05789187550544739,0.028801441192626953,0.6079913377761841,4,0.5,
fixed,2,5239,0.6922172904014587,0.0,0.03892621397972107,0.06502902507781982,0.7311891317367554,4,0.5,
fixed,2,5240,0.5665917992591858,0.002985610393807292,0.03131663426756859,0.14751875400543213,0.6279985308647156,4,0.75,5.659625053405762
fixed,2,5241,0.39363527297973633,0.0,0.023658279329538345,0.039243221282958984,0.41723737120628357,4,0.5,
fixed,2,5242,0.8405493497848511,0.007878579199314117,0.013423267751932144,0.08516788482666016,0.876750648021698,4,0.75,
fixed,2,5243,1.1735042333602905,0.0,0.011437766253948212,0.06457328796386719,1.1985950469970703,4,0.5,
fixed,2,5244,0.3788881301879883,0.0,0.04788468778133392,0.06444299221038818,0.42216336727142334,4,0.75,
fixed,2,5245,0.46203935146331787,0.0,0.0007718674605712295,0.5018628835678101,0.6129841804504395,4,0.0,1.0870652198791504
fixed,2,5246,0.5007587671279907,0.0,0.015072556212544441,0.08095979690551758,0.5325829982757568,4,0.5,
fixed,2,5247,0.7936818599700928,0.0,0.023728372529149055,0.244096040725708,0.878774881362915,4,0.75,
fixed,2,5248,0.493276983499527,0.0,0.04595019295811653,0.1153569221496582,0.5508591532707214,4,0.25,
fixed,2,5249,0.8590308427810669,0.0,0.037530913949012756,0.07753992080688477,0.9010582566261292,4,0.75,
fixed,2,5250,0.8034603595733643,0.0,0.01876823976635933,0.15701055526733398,0.859947681427002,4,0.25,3.0169074535369873
fixed,2,5251,0.48484107851982117,0.031102243810892105,0.01146690547466278,0.15605223178863525,0.5529413223266602,4,0.75,
fixed,2,5252,1.2937290668487549,0.0,0.000619581202045083,0.3555917739868164,1.4007164239883423,4,0.0,
fixed,2,5253,0.32839635014533997,0.0,0.008459893055260181,0.02660369873046875,0.3406074047088623,4,0.25,
fixed,2,5254,0.7313308715820312,0.0,0.005079871043562889,0.07193541526794434,0.7554514408111572,4,0.25,
fixed,2,5255,0.9279959201812744,0.023941000923514366,0.015273360535502434,0.0422515869140625,0.9602785706520081,4,0.5,1.4356690645217896
fixed,2,5256,0.8027202486991882,0.0,0.01688082329928875,0.1573810577392578,0.8583749532699585,4,0.75,
fixed,2,5257,0.6483388543128967,0.0,0.017835093662142754,0.15128183364868164,0.702640950679779,4,0.75,
fixed,2,5258,0.4328109920024872,0.0,0.008458138443529606,0.057263731956481934,0.45421919226646423,4,0.5,
fixed,2,5259,0.4059273898601532,0.0,0.010294387117028236,0.05124545097351074,0.4264482259750366,4,0.5,
fixed,2,5260,0.5235646963119507,0.0,0.01694435253739357,0.05741453170776367,0.549261212348938,4,0.5,3.8039581775665283
fixed,2,5261,0.3782545328140259,0.0,0.030109699815511703,0.11113595962524414,0.42665016651153564,4,0.75,
fixed,2,5262,0.7426381707191467,0.0,0.014843912795186043,0.324953556060791,0.8475462198257446,4,0.75,
fixed,2,5263,0.28020888566970825,0.0,0.012011476792395115,0.20551776885986328,0.34786996245384216,4,0.75,
fixed,2,5264,0.4782894253730774,0.0,0.014261390082538128,0.06612193584442139,0.505256712436676,4,0.5,
fixed,2,5265,1.454810619354248,0.0,0.0049660359509289265,0.10343563556671143,1.4883242845535278,4,0.25,1.509273648262024
fixed,2,5266,0.3895440101623535,0.0,0.012586556375026703,0.19532155990600586,0.45443373918533325,4,0.75,
fixed,2,5267,1.2919180393218994,0.032844554632902145,2.0003699319204316e-05,0.10784411430358887,1.3407036066055298,4,0.25,
fixed,2,5268,1.0895565748214722,0.0,0.002669912064447999,0.0999915599822998,1.1208889484405518,4,0.25,
fixed,2,5269,0.8017440438270569,0.018313037231564522,0.004242061171680689,0.06884145736694336,0.8336740136146545,4,0.5,
fixed,2,5270,0.09046982228755951,0.0,0.007736776955425739,0.03787553310394287,0.10570087283849716,4,0.25,2.3594369888305664
fixed,2,5271,0.5776224136352539,0.0,0.018763136118650436,0.14701151847839355,0.6311074495315552,4,0.75,
fixed,2,5272,0.4411443769931793,0.0,0.007998043671250343,0.0702524185180664,0.46621912717819214,4,0.5,
fixed,2,5273,0.6340911984443665,0.0,0.007629229687154293,0.07192623615264893,0.6594836711883545,4,0.5,
fixed,2,5274,0.5972501635551453,0.04663567245006561,0.011923598125576973,0.31179726123809814,0.7200689911842346,4,1.0,
fixed,2,5275,0.8220917582511902,0.0,0.016929717734456062,0.157012939453125,0.8776605129241943,4,0.75,4.86740255355835
fixed,2,5276,0.788568377494812,0.02564186416566372,0.024879703298211098,0.08963632583618164,0.8407200574874878,4,0.5,
fixed,2,5277,0.6092227697372437,0.029948074370622635,0.0289252121001482,0.09409213066101074,0.6668870449066162,4,0.75,
fixed,2,5278,0.3713725805282593,0.0,0.011196057312190533,0.04829895496368408,0.3914602994918823,4,0.25,
fixed,2,5279,0.49899664521217346,0.02378774806857109,0.008755659684538841,0.05345737934112549,0.5313055515289307,4,0.5,
fixed,2,5280,0.6018832325935364,0.0,0.02123577892780304,0.05800509452819824,0.6299026608467102,4,0.5,4.825200080871582
fixed,2,5281,0.5216648578643799,0.020794963464140892,0.02484491467475891,0.06681585311889648,0.564529538154602,4,0.75,
fixed,2,5282,0.6807005405426025,0.0,0.03227473795413971,0.0740199089050293,0.7190438508987427,4,0.75,
fixed,2,5283,0.46183162927627563,0.0,0.0007865476654842496,0.41808021068573,0.5876489877700806,4,0.0,
fixed,2,5284,0.2964518666267395,0.0,0.017350271344184875,0.17212915420532227,0.3567657470703125,4,0.25,
fixed,2,5285,0.2899557948112488,0.0,0.013899593614041805,0.13102257251739502,0.3362123668193817,4,0.25,2.6856296062469482
fixed,2,5286,1.0102429389953613,0.019090572372078896,0.015985440462827682,0.08466506004333496,1.053180456161499,4,0.75,
fixed,2,5287,0.8899112343788147,0.0,0.005065653007477522,0.2477027177810669,0.9667548537254333,4,0.0,
fixed,2,5288,1.1328048706054688,0.0,0.031923506408929825,0.04514908790588379,1.162311315536499,4,0.5,
fixed,2,5289,0.5052309036254883,0.0,0.036020442843437195,0.04755878448486328,0.5375087857246399,4,0.5,
fixed,2,5290,0.7259263396263123,0.0,0.0006120852194726467,0.3318682909011841,0.8257928490638733,4,0.0,1.1483941078186035
fixed,2,5291,0.25046682357788086,0.0,0.035869862884283066,0.05271255970001221,0.28421550989151,4,0.75,
fixed,2,5292,0.6629169583320618,0.0,0.05393373221158981,0.05083513259887695,0.705134391784668,4,0.5,
fixed,2,5293,1.012794852256775,0.020223738625645638,0.021163752302527428,0.07773327827453613,1.056808590888977,4,0.75,
fixed,2,5294,0.4186994731426239,0.0,0.010190140455961227,0.07888007164001465,0.44745856523513794,4,0.25,
fixed,2,5295,0.7023144960403442,0.00980502087622881,0.018102772533893585,0.06686580181121826,0.736328125,4,0.75,3.039168357849121
fixed,2,5296,0.8616508841514587,0.0,0.03775133937597275,0.25482475757598877,0.9569739699363708,4,1.0,
fixed,2,5297,0.7548424005508423,0.012012925930321217,1.4314891814137809e-05,0.11278700828552246,0.7946920990943909,4,0.25,
fixed,2,5298,0.2834225296974182,0.0,0.03373393043875694,0.16137266159057617,0.3487012982368469,4,0.75,
fixed,2,5299,0.5264508128166199,0.0,0.022073371335864067,0.0432659387588501,0.5504672527313232,4,0.5,
fixed,2,5300,0.7937148809432983,0.026753181591629982,0.018870405852794647,0.05887913703918457,0.8341904282569885,4,0.5,2.069390058517456
fixed,2,5301,0.45161953568458557,0.0,0.030872490257024765,0.17787659168243408,0.5204187631607056,4,0.75,
fixed,2,5302,1.0614885091781616,0.024457378312945366,0.009659681469202042,0.09517121315002441,1.1070983409881592,4,0.5,
fixed,2,5303,0.4794609844684601,1.7579064888195717e-06,0.028475217521190643,0.02709197998046875,0.5018270611763,4,0.5,
fixed,2,5304,1.4117579460144043,0.0,0.02091282606124878,0.04153716564178467,1.4346754550933838,4,0.5,
fixed,2,5305,0.22840231657028198,0.0,0.016195246949791908,0.07495534420013428,0.25898653268814087,4,0.5,4.116992473602295
fixed,2,5306,1.238778829574585,0.0,0.014800584875047207,0.08168923854827881,1.2706859111785889,4,0.5,
fixed,2,5307,0.8674089908599854,0.031311508268117905,0.005387615412473679,0.1333475112915039,0.9257628321647644,4,0.75,
fixed,2,5308,0.6400496959686279,0.0,0.015240900218486786,0.19418799877166748,0.7059265375137329,4,0.25,
fixed,2,5309,0.48561570048332214,0.0,0.007375068496912718,0.13718438148498535,0.5304585695266724,4,0.25,
fixed,2,5310,0.31338387727737427,0.0,0.029063131660223007,0.1376798152923584,0.3692193925380707,4,0.75,6.750870227813721
fixed,2,5311,0.5943875908851624,0.0,0.024214189499616623,0.08846890926361084,0.6330353617668152,4,0.5,
fixed,2,5312,1.0046697854995728,0.0,0.038616523146629333,0.09592068195343018,1.052754282951355,4,0.5,
fixed,2,5313,0.7101524472236633,0.0,0.0030533703975379467,0.2190563678741455,0.777396023273468,4,0.0,
fixed,2,5314,0.693152666091919,0.024165496230125427,0.015580926090478897,0.13579535484313965,0.7537645101547241,4,0.75,
fixed,2,5315,0.7035228610038757,0.0,0.019875088706612587,0.15205514430999756,0.7590769529342651,4,0.75,5.2722015380859375
fixed,2,5316,0.2921431064605713,0.0,0.022103995084762573,0.22812509536743164,0.3716326355934143,4,0.75,
fixed,2,5317,0.6189152002334595,0.026499420404434204,0.00648227846249938,0.053334832191467285,0.6514065265655518,4,0.5,
fixed,2,5318,1.0755150318145752,0.0,0.02035416103899479,0.14419794082641602,1.1289515495300293,4,0.75,
fixed,2,5319,0.28806358575820923,0.01688120700418949,0.03039010800421238,0.08880972862243652,0.33834215998649597,4,0.75,
fixed,2,5320,1.1397136449813843,0.0,0.0001721873995848,0.25890183448791504,1.2174702882766724,4,0.0,0.5944044589996338
fixed,2,5321,0.31120720505714417,0.007435080129653215,0.007840333506464958,0.029491186141967773,0.32769227027893066,4,0.5,
fixed,2,5322,0.4927796721458435,0.0,0.014667924493551254,0.05128443241119385,0.5154989957809448,4,0.5,
fixed,2,5323,0.2680206298828125,0.0,0.019239045679569244,0.04549872875213623,0.2912897765636444,4,0.5,
fixed,2,5324,0.9570441246032715,4.512405116230411e-09,0.029759641736745834,0.1232832670211792,1.008908987045288,4,0.75,
fixed,2,5325,0.6977555751800537,2.6050871383631602e-05,0.010639333166182041,0.03434479236602783,0.7133917212486267,4,0.25,2.580000400543213
fixed,2,5326,0.6893342137336731,0.031278662383556366,0.012547939084470272,0.146531343460083,0.7552069425582886,4,0.75,
fixed,2,5327,0.7266875505447388,0.0,0.039158016443252563,0.09409582614898682,0.7744953036308289,4,0.75,
fixed,2,5328,0.6374351978302002,0.0,0.006745988503098488,0.08875203132629395,0.6674337983131409,4,0.25,
fixed,2,5329,0.6800300478935242,0.0,0.012428568676114082,0.06981480121612549,0.7071887850761414,4,0.5,
fixed,2,5330,0.6195281147956848,6.765654234186513e-06,0.008755063638091087,0.03626608848571777,0.6347888708114624,4,0.25,2.3129360675811768
fixed,2,5331,0.4538307189941406,0.0,0.008235902525484562,0.13533997535705566,0.4985506534576416,4,0.25,
fixed,2,5332,0.5653595328330994,0.0,0.01549697108566761,0.0766758918762207,0.5961107611656189,4,0.5,
fixed,2,5333,0.6828188896179199,0.01584416814148426,0.017875179648399353,0.11031699180603027,0.7327736616134644,4,0.75,
fixed,2,5334,0.5154966115951538,0.0,0.011965250596404076,0.04859209060668945,0.5360568761825562,4,0.25,
fixed,2,5335,0.7088006138801575,0.0,0.01282911840826273,0.06775426864624023,0.7355414628982544,4,0.5,3.5114715099334717
fixed,2,5336,0.8803583383560181,0.0,0.03171278536319733,0.1323014497756958,0.9359051585197449,4,0.75,
fixed,2,5337,0.9198383688926697,0.0,0.03239928558468819,0.09236514568328857,0.9637475609779358,4,0.5,
fixed,2,5338,0.5127943754196167,0.018680423498153687,0.015595553442835808,0.1839604377746582,0.5851204991340637,4,0.75,
fixed,2,5339,0.6260507702827454,0.0,0.010764792561531067,0.0886763334274292,0.6580360531806946,4,0.5,
fixed,2,5340,0.5362546443939209,0.0,0.010356719605624676,0.07881152629852295,0.565076470375061,4,0.5,2.905273675918579
fixed,2,5341,0.7696917057037354,0.0,0.019521132111549377,0.14586102962493896,0.823210597038269,4,0.75,
fixed,2,5342,0.3440669775009155,0.0,0.006169409956783056,0.1420367956161499,0.3897627294063568,4,0.25,
fixed,2,5343,0.665717363357544,0.0,0.025971049442887306,0.1388939619064331,0.7203710675239563,4,0.75,
fixed,2,5344,0.2156190127134323,0.0,0.013680418953299522,0.05501413345336914,0.23896345496177673,4,0.5,
fixed,2,5345,0.5802499055862427,0.010720971040427685,0.02111784741282463,0.09706974029541016,0.6252902150154114,4,0.75,2.494502305984497
fixed,2,5346,0.9968693256378174,0.0531056672334671,0.018458157777786255,0.11570262908935547,1.0673620700836182,4,0.75,
fixed,2,5347,0.3586162030696869,0.0,0.021808166056871414,0.07528984546661377,0.3921072483062744,4,0.25,
fixed,2,5348,0.2395535707473755,0.0,0.018375953659415245,0.1424175500869751,0.2914668023586273,4,0.75,
fixed,2,5349,0.7848678231239319,0.0,0.019309725612401962,0.04182004928588867,0.8070687055587769,4,0.5,
fixed,2,5350,0.7775689363479614,0.0,0.03295082226395607,0.11090230941772461,0.8273150324821472,4,0.75,6.056741714477539
fixed,2,5351,0.7187587022781372,0.0,0.012793428264558315,0.07455301284790039,0.7475213408470154,4,0.5,
fixed,2,5352,0.680155336856842,0.030575260519981384,0.015125667676329613,0.1239234209060669,0.7401828169822693,4,0.75,
fixed,2,5353,0.5539632439613342,0.0,0.008764652535319328,0.13761687278747559,0.5996306538581848,4,0.25,
fixed,2,5354,1.813533067703247,0.0,0.021645694971084595,0.1271498203277588,1.8625009059906006,4,0.75,
fixed,2,5355,0.4842279255390167,0.0,0.02126927487552166,0.038297057151794434,0.5063517093658447,4,0.5,4.6126227378845215
fixed,2,5356,0.7161381244659424,0.0,0.039002031087875366,0.0917825698852539,0.7631739377975464,4,0.75,
fixed,2,5357,1.0696543455123901,0.028648896142840385,0.0027017188258469105,0.04671430587768555,1.0993438959121704,4,0.25,
fixed,2,5358,0.3971458673477173,0.0,0.013823548331856728,0.16761326789855957,0.4543416202068329,4,0.25,
fixed,2,5359,0.7535615563392639,0.020084010437130928,0.009587627835571766,0.04242432117462158,0.7811246514320374,4,0.5,
fixed,2,5360,0.9597041606903076,0.0,0.013124577701091766,0.06023120880126953,0.9843358397483826,4,0.5,3.4021174907684326
fixed,2,5361,0.49589774012565613,0.0,0.016898401081562042,0.07017648220062256,0.5253998637199402,4,0.5,
fixed,2,5362,0.8909674882888794,0.027859283611178398,0.01414913684129715,0.11697113513946533,0.9470630288124084,4,0.75,
fixed,2,5363,0.2522268295288086,0.0,0.023548323661088943,0.10332560539245605,0.2949986755847931,4,0.75,
fixed,2,5364,0.6251363158226013,0.0,0.008397298865020275,0.14736652374267578,0.6735449433326721,4,0.25,
fixed,2,5365,0.4720621407032013,0.0,0.010793113149702549,0.050885915756225586,0.4927244782447815,4,0.25,2.7092645168304443
fixed,2,5366,0.367317259311676,0.00725671648979187,0.007366170175373554,0.08622431755065918,0.4004960060119629,4,0.5,
fixed,2,5367,0.9300147294998169,0.0,0.007270450703799725,0.1343752145767212,0.9739625453948975,4,0.25,
fixed,2,5368,0.4440348744392395,0.0,0.0059845950454473495,0.12067639827728271,0.4832300841808319,4,0.25,
fixed,2,5369,0.675284206867218,0.0,0.016163865104317665,0.05375218391418457,0.6994917988777161,4,0.5,
fixed,2,5370,0.7274197340011597,0.0,0.022361332550644875,0.10879969596862793,0.7712402939796448,4,0.75,5.6414875984191895
fixed,2,5371,0.7776727676391602,0.026633692905306816,0.011667953804135323,0.1361987590789795,0.8376832008361816,4,0.75,
fixed,2,5372,0.5088384747505188,0.0,0.010527128353714943,0.07330894470214844,0.5360947251319885,4,0.5,
fixed,2,5373,0.9786769151687622,0.0,0.013076461851596832,0.061547160148620605,1.0036792755126953,4,0.5,
fixed,2,5374,0.24792639911174774,0.0,0.007846986874938011,0.031175851821899414,0.2612026333808899,4,0.25,
fixed,2,5375,0.24850648641586304,0.0,0.01512395404279232,0.0550534725189209,0.2725844979286194,4,0.5,3.765486478805542
fixed,2,5376,0.6492809057235718,0.0,0.011753982864320278,0.16289055347442627,0.7040250897407532,4,0.25,
fixed,2,5377,0.6237887144088745,0.0,0.0014034046325832605,0.41800713539123535,0.7498925924301147,4,0.0,
fixed,2,5378,0.6018337607383728,0.0,0.008475378155708313,0.08319711685180664,0.6310305595397949,4,0.5,
fixed,2,5379,0.7409785389900208,0.009418045170605183,0.022846469655632973,0.09600090980529785,0.7859110832214355,4,0.75,
fixed,2,5380,0.6519720554351807,0.0,0.019254762679338455,0.16986870765686035,0.7125600576400757,4,0.75,4.898705959320068
fixed,2,5381,0.8650628328323364,0.037148889154195786,0.00878625363111496,0.19295120239257812,0.9459157586097717,4,0.75,
fixed,2,5382,0.725213885307312,0.05125673860311508,0.003722126828506589,0.14611506462097168,0.7965378165245056,4,0.75,
fixed,2,5383,0.5573884844779968,0.0,0.008789367973804474,0.01523888111114502,0.5663548111915588,4,0.25,
fixed,2,5384,0.8681637048721313,0.0,0.01490974985063076,0.0478365421295166,0.889969527721405,4,0.25,
fixed,2,5385,0.60941082239151,0.0,0.02962760627269745,0.09755778312683105,0.6534919738769531,4,0.75,6.49064826965332
fixed,2,5386,0.7430834174156189,0.0275577362626791,0.0007920537609606981,0.10550594329833984,0.7889100909233093,4,0.25,
fixed,2,5387,0.24691565334796906,0.02007834054529667,0.0007914301240816712,0.11271905899047852,0.2911662459373474,4,0.25,
fixed,2,5388,0.5114892721176147,0.0,0.01509765349328518,0.057047247886657715,0.5361522436141968,4,0.5,
fixed,2,5389,0.5426346063613892,0.0,0.013174960389733315,0.06989240646362305,0.5701898336410522,4,0.5,
fixed,2,5390,0.64376300573349,0.0,0.058752380311489105,0.06827008724212646,0.6936202049255371,4,0.75,9.476753234863281
fixed,2,5391,0.685268759727478,0.0,0.020624268800020218,0.12697172164916992,0.7336723804473877,4,0.75,
fixed,2,5392,1.0134706497192383,0.0,0.0339023694396019,0.09175431728363037,1.057948112487793,4,0.75,
fixed,2,5393,0.4051066040992737,0.0,0.013067936524748802,0.06870806217193604,0.43225300312042236,4,0.5,
fixed,2,5394,0.569580614566803,0.0,0.014106262475252151,0.06349742412567139,0.5956829786300659,4,0.5,
fixed,2,5395,0.518915057182312,0.0,0.01484561525285244,0.07644164562225342,0.5492703318595886,4,0.5,3.79164981842041
fixed,2,5396,0.6385477781295776,0.0,0.0065099759958684444,0.14079523086547852,0.6840413212776184,4,0.25,
fixed,2,5397,0.43497657775878906,0.0,0.012688674032688141,0.06025230884552002,0.4593966007232666,4,0.5,
fixed,2,5398,0.3988216519355774,0.015410197898745537,0.02299783006310463,0.26943159103393555,0.4988551437854767,4,1.0,
fixed,2,5399,0.3261263072490692,0.0,0.02672169916331768,0.12148833274841309,0.3759336471557617,4,0.75,
fixed,2,5400,0.3564535081386566,0.0,0.004933039657771587,0.09278631210327148,0.38675591349601746,4,0.25,1.6107585430145264
fixed,2,5401,0.57172691822052,0.00810927338898182,0.0002691306290216744,0.16659879684448242,0.6258957386016846,4,0.25,
fixed,2,5402,0.4678916335105896,0.01941276527941227,0.01769614778459072,0.10584819316864014,0.5182005763053894,4,0.75,
fixed,2,5403,0.6319060921669006,0.0334128737449646,0.005984094459563494,0.0993567705154419,0.681411623954773,4,0.75,
fixed,2,5404,1.1185123920440674,0.04074806347489357,0.022143138572573662,0.07040572166442871,1.1710797548294067,4,0.75,
fixed,2,5405,0.5621246695518494,0.0,0.00657157925888896,0.08368086814880371,0.5905147194862366,4,0.25,1.8612477779388428
fixed,2,5406,0.625482976436615,0.010500188916921616,0.013552640564739704,0.0799950361251831,0.6615079045295715,4,0.75,
fixed,2,5407,0.5941712856292725,0.0,0.03421822562813759,0.057322025299072266,0.6284769773483276,4,0.5,
fixed,2,5408,1.0528099536895752,0.0,0.009647593833506107,0.06488323211669922,1.0770987272262573,4,0.25,
fixed,2,5409,0.5408810973167419,0.0,0.03341102600097656,0.08626031875610352,0.5834646821022034,4,0.75,
fixed,2,5410,0.6076001524925232,0.0,0.01161644421517849,0.05247378349304199,0.6291505098342896,4,0.5,3.206169843673706
fixed,2,5411,0.3006058931350708,0.0,0.01634494960308075,0.06423020362854004,0.32804742455482483,4,0.5,
fixed,2,5412,0.6745139956474304,0.0,0.008634638041257858,0.1279987096786499,0.7172309160232544,4,0.25,
fixed,2,5413,0.6227846741676331,0.0,0.00789908692240715,0.12014222145080566,0.6627768874168396,4,0.25,
fixed,2,5414,0.71250981092453,0.0,0.06436246633529663,0.17240548133850098,0.7964127063751221,4,0.75,
fixed,2,5415,0.8147370219230652,0.03574402630329132,0.005299846176058054,0.09814679622650146,0.8647029995918274,4,0.75,4.523609161376953
fixed,2,5416,0.4913262128829956,0.0,0.04696648567914963,0.03951060771942139,0.5266626477241516,4,0.25,
fixed,2,5417,0.48825451731681824,0.0,0.047644052654504776,0.07585299015045166,0.5348324179649353,4,0.5,
fixed,2,5418,0.680133581161499,0.0,0.026527712121605873,0.05985832214355469,0.7113549113273621,4,0.5,
fixed,2,5419,0.551978349685669,0.0,0.026018274948000908,0.07157886028289795,0.5864611268043518,4,0.5,
fixed,2,5420,0.5937237739562988,0.0093368636444211,0.008217774331569672,0.06480860710144043,0.6219436526298523,4,0.5,1.2160383462905884
fixed,2,5421,0.7242734432220459,0.0,0.006347103975713253,0.08995926380157471,0.7544347643852234,4,0.25,
fixed,2,5422,0.5243205428123474,0.029484830796718597,0.009908145293593407,0.16042864322662354,0.5921456217765808,4,0.75,
fixed,2,5423,0.445514440536499,0.01645108498632908,0.003311794251203537,0.03549957275390625,0.4660457372665405,4,0.5,
fixed,2,5424,0.5637053847312927,0.0,0.02031886950135231,0.13222742080688477,0.6135330200195312,4,0.75,
fixed,2,5425,0.5423499345779419,0.0,0.026336895301938057,0.3825477361679077,0.6702827215194702,4,1.0,5.884739875793457
fixed,2,5426,0.8825145959854126,0.0,0.0007232667994685471,0.3236684799194336,0.9799767732620239,4,0.0,
fixed,2,5427,0.5012431144714355,0.0,0.017693908885121346,0.14180684089660645,0.5526320934295654,4,0.75,
fixed,2,5428,0.6537538766860962,0.0,0.010009901598095894,0.03799736499786377,0.6701580286026001,4,0.5,
fixed,2,5429,0.5084438920021057,0.0,0.019275810569524765,0.03571963310241699,0.5287976861000061,4,0.5,
fixed,2,5430,0.3648761510848999,0.0,0.013116381131112576,0.036075711250305176,0.38225704431533813,4,0.5,3.4087517261505127
fixed,2,5431,0.4578346312046051,0.0,0.025226768106222153,0.05010569095611572,0.4854797124862671,4,0.5,
fixed,2,5432,0.6187965869903564,0.0,0.0002944439183920622,0.3506888151168823,0.7241504788398743,4,0.0,
fixed,2,5433,0.4892692565917969,0.0,0.006769788917154074,0.10766363143920898,0.5249532461166382,4,0.25,
fixed,2,5434,0.7235984802246094,0.0,0.019856305792927742,0.41127800941467285,0.8569100499153137,4,1.0,
fixed,2,5435,0.4153986871242523,0.0,0.00644700787961483,0.1043621301651001,0.4499308466911316,4,0.25,1.6906429529190063
fixed,2,5436,0.8097625970840454,0.0,0.004690050147473812,0.09039950370788574,0.8392274975776672,4,0.25,
fixed,2,5437,0.7086255550384521,0.0,0.021802619099617004,0.13378524780273438,0.7596624493598938,4,0.75,
fixed,2,5438,0.45201486349105835,0.0,0.007230772171169519,0.051915764808654785,0.4712049663066864,4,0.5,
fixed,2,5439,0.5937392711639404,0.0,0.004071096424013376,0.0729215145111084,0.6176512837409973,4,0.25,
fixed,2,5440,0.7469452023506165,0.0,0.011496576480567455,0.04578661918640137,0.7664294838905334,4,0.5,3.2082180976867676
fixed,2,5441,0.9302017688751221,0.010604792274534702,9.903183672577143e-05,0.14355015754699707,0.9786187410354614,4,0.25,
fixed,2,5442,0.2468891739845276,0.0,0.007240311708301306,0.059061408042907715,0.268227756023407,4,0.25,
fixed,2,5443,0.8209965229034424,0.028241220861673355,0.011423960328102112,0.14318954944610596,0.8837859630584717,4,0.75,
fixed,2,5444,0.7211425304412842,0.0,0.007305310573428869,0.1025552749633789,0.7555617690086365,4,0.25,
fixed,2,5445,0.5489393472671509,0.0,0.01764497347176075,0.054433345794677734,0.5740918517112732,4,0.5,3.8499598503112793
fixed,2,5446,0.14598557353019714,0.0,0.004949943628162146,0.04926133155822754,0.16323894262313843,4,0.25,
fixed,2,5447,1.0331207513809204,0.0,0.032537978142499924,0.3130248785018921,1.1432971954345703,4,1.0,
fixed,2,5448,0.7658116817474365,0.0,0.03249479457736015,0.30928313732147217,0.8748440146446228,4,1.0,
fixed,2,5449,0.7646985650062561,0.02772609144449234,0.006093911360949278,0.07231390476226807,0.8033027648925781,4,0.5,
fixed,2,5450,1.1197843551635742,0.0,0.011170869693160057,0.060489535331726074,1.1435166597366333,4,0.5,3.041332244873047
fixed,2,5451,0.5508159399032593,0.0,0.01833745837211609,0.06296300888061523,0.5788735747337341,4,0.5,
fixed,2,5452,0.27167606353759766,0.0,0.014587653800845146,0.05539071559906006,0.29558712244033813,4,0.5,
fixed,2,5453,0.4516938626766205,0.0,0.010456712916493416,0.06470954418182373,0.4763350784778595,4,0.5,
fixed,2,5454,0.5419550538063049,0.026625726372003555,0.0008904589340090752,0.12624669075012207,0.5935871601104736,4,0.25,
fixed,2,5455,0.3373713493347168,0.0,0.00979203637689352,0.05588638782501221,0.3590332865715027,4,0.5,2.8431472778320312
fixed,2,5456,0.35641494393348694,0.02249475009739399,0.007350442465394735,0.0894242525100708,0.3981648087501526,3,0.5,
fixed,2,5457,0.8951945900917053,0.0,0.010398058220744133,0.1253974437713623,0.9380128383636475,4,0.25,
fixed,2,5458,0.880022406578064,0.022998251020908356,0.021630853414535522,0.3030281066894531,0.9932453632354736,4,1.0,
fixed,2,5459,0.4222143292427063,0.02454170025885105,0.025244468823075294,0.09308397769927979,0.47503259778022766,4,0.75,
fixed,2,5460,0.4275389611721039,0.0,0.012120071798563004,0.05322372913360596,0.449566125869751,4,0.5,3.164684772491455
fixed,2,5461,0.7727290391921997,0.0,0.01383330300450325,0.05534172058105469,0.796248197555542,4,0.5,
fixed,2,5462,1.0369688272476196,0.014011308550834656,0.009548066183924675,0.08059203624725342,1.0729261636734009,4,0.5,
fixed,2,5463,0.8669549226760864,0.0,0.014636196196079254,0.06350994110107422,0.8933259844779968,4,0.5,
fixed,2,5464,0.7317333221435547,0.011633111163973808,0.011667322367429733,0.10367143154144287,0.7744849920272827,4,0.75,
fixed,2,5465,0.4261457026004791,0.0,0.007129911333322525,0.14515435695648193,0.4732569754123688,4,0.25,1.9485466480255127
fixed,2,5466,0.44058555364608765,0.0,0.025033440440893173,0.22969460487365723,0.5220106840133667,4,0.5,
fixed,2,5467,0.34583622217178345,0.0,0.03500991687178612,0.1213681697845459,0.3997516334056854,4,0.0,
fixed,2,5468,0.45512983202934265,0.0,0.014181386679410934,0.05658912658691406,0.47919726371765137,4,0.5,
fixed,2,5469,0.7929462194442749,0.0,0.028511885553598404,0.08656752109527588,0.8331724405288696,4,0.5,
fixed,2,5470,0.46451523900032043,0.0,0.014055928215384483,0.07713091373443604,0.4946824908256531,4,0.5,3.676982879638672
fixed,2,5471,0.6300144195556641,0.0,0.02856222540140152,0.1264646053314209,0.6822349429130554,4,0.75,
fixed,2,5472,0.5874655246734619,0.030744805932044983,0.007846475578844547,0.06643974781036377,0.626693069934845,4,0.5,
fixed,2,5473,0.6294549703598022,0.05260158330202103,0.018596069887280464,0.1301412582397461,0.7040961980819702,4,0.75,
fixed,2,5474,0.9972569942474365,0.03236890584230423,0.007976599968969822,0.10073423385620117,1.0476499795913696,4,0.5,
fixed,2,5475,0.8205822110176086,0.0,0.009852387942373753,0.11603116989135742,0.8603177666664124,4,0.5,2.976186752319336
fixed,2,5476,0.4185192584991455,0.016734400764107704,0.013928096741437912,0.13134229183197021,0.47325319051742554,4,0.5,
fixed,2,5477,0.6405604481697083,0.0,0.011934174224734306,0.048818349838256836,0.6611730456352234,4,0.25,
fixed,2,5478,0.7712283730506897,0.0,0.031722068786621094,0.1043623685836792,0.818398118019104,4,0.75,
fixed,2,5479,0.5907945036888123,0.0,0.02450890839099884,0.0863192081451416,0.6289446949958801,4,0.5,
fixed,2,5480,0.48863527178764343,0.0,0.022832205519080162,0.13761818408966064,0.5413368344306946,4,0.75,6.088294982910156
fixed,2,5481,0.7519175410270691,0.0,0.02277718111872673,0.08684444427490234,0.789359450340271,4,0.5,
fixed,2,5482,0.680397629737854,0.0,0.0014020372182130814,0.42728114128112793,0.8092830181121826,4,0.0,
fixed,2,5483,0.5600824952125549,0.0,0.0258098803460598,0.12708747386932373,0.6111136674880981,4,0.75,
fixed,2,5484,0.2053554505109787,0.0,0.02050374448299408,0.1656203269958496,0.2652934193611145,4,0.25,
fixed,2,5485,0.9006562232971191,0.0,0.016297267749905586,0.04577910900115967,0.9225385785102844,4,0.5,4.156382083892822
fixed,2,5486,0.34535273909568787,0.0,0.013416117057204247,0.0412449836730957,0.36443430185317993,4,0.5,
fixed,2,5487,0.896139919757843,0.0,0.008009967394173145,0.07016599178314209,0.9211946725845337,4,0.25,
fixed,2,5488,0.7167946100234985,0.0,0.011436580680310726,0.037110090255737305,0.7336459159851074,4,0.5,
fixed,2,5489,1.4268393516540527,0.016182277351617813,0.026437804102897644,0.06749272346496582,1.4683972597122192,4,0.75,
fixed,2,5490,0.5090140700340271,0.0,0.01424514502286911,0.03746485710144043,0.527376115322113,4,0.5,3.727546215057373
fixed,2,5491,1.0389890670776367,0.0,0.011145060881972313,0.03763175010681152,1.0558511018753052,4,0.5,
fixed,2,5492,0.6367360353469849,0.022736305370926857,0.002476191148161888,0.05075263977050781,0.6645680665969849,4,0.25,
fixed,2,5493,0.5414329171180725,0.0,0.0025605058763176203,0.04749739170074463,0.5569623708724976,4,0.25,
fixed,2,5494,0.3570130467414856,0.0,0.005884544923901558,0.06861114501953125,0.380538672208786,4,0.5,
fixed,2,5495,0.981331467628479,0.0,0.01082582212984562,0.20938897132873535,1.0495610237121582,4,0.75,3.488595724105835
fixed,2,5496,0.3426770567893982,1.5563793567707762e-05,0.0038540158420801163,0.050148606300354004,0.359656423330307,4,0.25,
fixed,2,5497,0.3399362564086914,0.0,0.011354628019034863,0.20687687397003174,0.407676637172699,4,0.75,
fixed,2,5498,0.7592926025390625,0.0,0.01138792373239994,0.5650104284286499,0.9344897270202637,4,1.0,
fixed,2,5499,0.45498329401016235,0.0,0.0053531816229224205,0.1166224479675293,0.49264663457870483,4,0.5,
fixed,2,5500,0.7132318019866943,0.0,0.009143365547060966,0.20962023735046387,0.780689537525177,4,0.25,2.1269173622131348
fixed,2,5501,0.659758985042572,0.0,0.0054244776256382465,0.06052851676940918,0.6806297898292542,4,0.25,
fixed,2,5502,0.8222107291221619,8.52843004395254e-05,0.010476183146238327,0.07320761680603027,0.8494537472724915,4,0.5,
fixed,2,5503,0.8862975835800171,0.0,0.003369666635990143,0.17177033424377441,0.9395135045051575,4,0.25,
fixed,2,5504,0.5572659373283386,0.0,0.00033578684087842703,0.4899793863296509,0.7044276595115662,4,0.0,
fixed,2,5505,0.9185033440589905,0.03161904215812683,0.008242574520409107,0.16449832916259766,0.987783670425415,4,0.75,1.1547948122024536
fixed,2,5506,0.5732355713844299,0.024206124246120453,0.001938311499543488,0.055608153343200684,0.6029902100563049,4,0.25,
fixed,2,5507,0.6147204041481018,0.0,0.010380417108535767,0.060325026512145996,0.6380081176757812,4,0.5,
fixed,2,5508,0.4189290404319763,0.0,0.008650148287415504,0.04337716102600098,0.43626725673675537,4,0.25,
fixed,2,5509,0.808558464050293,0.0,0.0059019117616117,0.07966184616088867,0.8354079723358154,4,0.25,
fixed,2,5510,0.4198501408100128,0.0,0.021252326667308807,0.11733484268188477,0.46567675471305847,4,0.75,5.148133754730225
fixed,2,5511,0.7355772256851196,0.0,0.005423227325081825,0.06962406635284424,0.7591760754585266,4,0.25,
fixed,2,5512,0.8861839175224304,0.0,0.009254729375243187,0.06872904300689697,0.9114300012588501,4,0.25,
fixed,2,5513,0.5821046829223633,0.0,0.015173990279436111,0.15421009063720703,0.635954737663269,4,0.75,
fixed,2,5514,0.786117434501648,0.0,0.0011249050730839372,0.2966766357421875,0.8756828904151917,4,0.0,
fixed,2,5515,0.600498616695404,0.01637752167880535,0.015544210560619831,0.09336042404174805,0.6444675922393799,4,0.75,1.4464523792266846
fixed,2,5516,0.7109365463256836,0.0,0.007189958821982145,0.1527242660522461,0.7603487968444824,4,0.25,
fixed,2,5517,0.6793146729469299,0.02432953380048275,0.003602567594498396,0.05534660816192627,0.7098847031593323,4,0.5,
fixed,2,5518,0.5403241515159607,2.8594697141670622e-05,0.008451636880636215,0.05377852916717529,0.5606978535652161,4,0.5,
fixed,2,5519,0.1656045913696289,0.021273484453558922,0.010775485076010227,0.07950377464294434,0.20548021793365479,4,0.5,
fixed,2,5520,0.41901955008506775,0.0,0.012835506349802017,0.06275045871734619,0.44426244497299194,4,0.5,3.2266054153442383
fixed,2,5521,0.5826110243797302,0.03135628253221512,0.009633363224565983,0.17123627662658691,0.6544767618179321,4,0.75,
fixed,2,5522,0.6661892533302307,0.0,0.0057359361089766026,0.12493181228637695,0.7065367698669434,4,0.25,
fixed,2,5523,0.7221692204475403,0.022045474499464035,0.008313197642564774,0.16979670524597168,0.7882875800132751,4,0.75,
fixed,2,5524,0.2069265991449356,0.0,0.008847273886203766,0.045113563537597656,0.2248843014240265,4,0.25,
fixed,2,5525,0.5198051333427429,0.0,0.02050354890525341,0.2533365488052368,0.60605788230896,4,0.75,5.293665409088135
fixed,2,5526,0.4849359691143036,0.0,0.01003204844892025,0.05158579349517822,0.5054277181625366,4,0.25,
fixed,2,5527,0.29208359122276306,0.0,0.01995770074427128,0.045073747634887695,0.31558457016944885,4,0.5,
fixed,2,5528,0.5743451714515686,0.0,0.03890164941549301,0.11575019359588623,0.6285210847854614,4,0.75,
fixed,2,5529,0.35837528109550476,0.0,0.013780542649328709,0.061191678047180176,0.38362306356430054,4,0.5,
fixed,2,5530,1.4320496320724487,0.0,0.007215650752186775,0.19107937812805176,1.4929813146591187,4,0.25,1.8574073314666748
fixed,2,5531,0.7993441820144653,0.0,0.04513885825872421,0.11162006855010986,0.8553996086120605,4,0.75,
fixed,2,5532,0.6138114929199219,0.008036648854613304,0.019573310390114784,0.1106109619140625,0.6607997417449951,4,0.75,
fixed,2,5533,0.37705856561660767,0.026258429512381554,0.0058688633143901825,0.11309552192687988,0.4270508587360382,4,0.5,
fixed,2,5534,0.7831516861915588,0.0,0.029391704127192497,0.13041043281555176,0.8369706869125366,4,0.75,
fixed,2,5535,0.40607044100761414,0.0,0.019127316772937775,0.2704843282699585,0.4967793822288513,4,0.75,5.159379959106445
fixed,2,5536,0.4296402335166931,0.0,0.01037686038762331,0.17458927631378174,0.487205445766449,4,0.25,
fixed,2,5537,0.9172639846801758,0.0,0.015183500945568085,0.04818594455718994,0.9393115043640137,4,0.5,
fixed,2,5538,0.9182764291763306,0.03394787758588791,0.006185523699969053,0.03011953830718994,0.9473789930343628,4,0.25,
fixed,2,5539,0.5785799026489258,0.0,0.013858393765985966,0.054938554763793945,0.6019906401634216,4,0.5,
fixed,2,5540,1.0363844633102417,0.0,0.010433067567646503,0.1547403335571289,1.088023066520691,4,0.25,2.4736201763153076
fixed,2,5541,0.5028768181800842,0.0055739739909768105,0.012360467575490475,0.01728677749633789,0.5170300602912903,4,0.25,
fixed,2,5542,0.4392698407173157,0.0,0.014972224831581116,0.05932283401489258,0.4645528197288513,4,0.5,
fixed,2,5543,0.7301550507545471,0.0,0.015516628511250019,0.05971837043762207,0.755828857421875,4,0.5,
fixed,2,5544,1.0651075839996338,0.0,0.004542587790638208,0.2445695400238037,1.1407496929168701,4,0.0,
fixed,2,5545,0.4290212392807007,0.0,0.015891999006271362,0.24272119998931885,0.5097836256027222,4,0.5,5.068852424621582
fixed,2,5546,0.6009101867675781,0.009728184901177883,0.030021917074918747,0.08928346633911133,0.6475702524185181,4,0.75,
fixed,2,5547,0.50949627161026,0.022715602070093155,0.006614455953240395,0.06184279918670654,0.5427141189575195,4,0.5,
fixed,2,5548,0.6272174119949341,0.0,0.031197333708405495,0.14064300060272217,0.6850090026855469,4,0.75,
fixed,2,5549,0.8754724264144897,0.0,0.006915817968547344,0.11939036846160889,0.9147474765777588,4,0.25,
fixed,2,5550,0.5512235760688782,0.0,0.005589433014392853,0.12109684944152832,0.5903473496437073,4,0.25,1.643515706062317
fixed,2,5551,0.6252426505088806,0.0,0.02689182758331299,0.13723409175872803,0.6798588037490845,4,0.75,
fixed,2,5552,0.3849540054798126,0.0,0.012563640251755714,0.21407318115234375,0.45545777678489685,4,0.75,
fixed,2,5553,0.43588393926620483,0.0,0.009299117140471935,0.07777106761932373,0.46386483311653137,4,0.5,
fixed,2,5554,0.7169952392578125,0.0,0.017830993980169296,0.13137388229370117,0.7653229236602783,4,0.25,
fixed,2,5555,0.408075749874115,0.0,0.0004039743507746607,0.34249377250671387,0.5110258460044861,4,0.0,0.9639469385147095
fixed,2,5556,0.8467195630073547,0.0,0.023336956277489662,0.4068341851234436,0.9804382920265198,4,1.0,
fixed,2,5557,0.6170588135719299,0.0,0.024382030591368675,0.04785645008087158,0.6436067819595337,4,0.5,
fixed,2,5558,0.7700608968734741,0.03131740167737007,0.007429611869156361,0.19249558448791504,0.847183108329773,4,0.75,
fixed,2,5559,0.4995320439338684,7.67074161558412e-05,0.006693985778838396,0.046352386474609375,0.5168231129646301,4,0.25,
fixed,2,5560,0.30307579040527344,0.0,0.01309773325920105,0.0688941478729248,0.3302929103374481,4,0.5,3.4823415279388428
fixed,2,5561,1.014318585395813,0.010126082226634026,0.01598791778087616,0.05508410930633545,1.0439008474349976,4,0.5,
fixed,2,5562,0.4877559244632721,0.030454739928245544,6.190122076077387e-05,0.10669827461242676,0.5350237488746643,4,0.25,
fixed,2,5563,0.48258131742477417,0.0,0.0039907656610012054,0.10017025470733643,0.5146277546882629,4,0.25,
fixed,2,5564,0.768996000289917,0.0,0.006047866772860289,0.09600114822387695,0.8008202910423279,4,0.25,
fixed,2,5565,1.048904299736023,0.020156914368271828,0.0021666039247065783,0.05489301681518555,1.0765339136123657,4,0.25,3.3078701496124268
fixed,2,5566,0.6734167337417603,0.0,0.011164961382746696,0.056157588958740234,0.6958464980125427,4,0.5,
fixed,2,5567,0.9596755504608154,0.0272788405418396,0.015253705903887749,0.039449095726013184,0.9927765727043152,4,0.5,
fixed,2,5568,1.3632704019546509,0.0,0.016501015052199364,0.17248308658599854,1.423265814781189,4,0.75,
fixed,2,5569,0.6611068248748779,0.013549335300922394,0.008178320713341236,0.06748557090759277,0.6922163367271423,4,0.5,
fixed,2,5570,0.8945057988166809,0.0,0.0002761425857897848,0.3689155578613281,1.005318522453308,4,0.0,0.7415327429771423
fixed,2,5571,0.4378052353858948,0.0,0.017049472779035568,0.16178667545318604,0.4948659837245941,4,0.75,
fixed,2,5572,0.6979904770851135,0.0,0.009873396717011929,0.06640565395355225,0.7228488922119141,4,0.5,
fixed,2,5573,0.6149928569793701,0.027189644053578377,0.009497655555605888,0.15853488445281982,0.6808969974517822,4,0.75,
fixed,2,5574,0.5792672634124756,0.0,0.014124171808362007,0.07068395614624023,0.6075345277786255,4,0.5,
fixed,2,5575,0.6446473002433777,0.021500084549188614,0.027774088084697723,0.13226759433746338,0.7089646458625793,4,0.75,2.3939549922943115
fixed,2,5576,0.7338523864746094,0.0,0.011256790719926357,0.04637908935546875,0.7533944845199585,4,0.25,
fixed,2,5577,0.6666647791862488,0.0,0.015122431330382824,0.059307217597961426,0.6920181512832642,4,0.5,
fixed,2,5578,0.6885346174240112,0.017022019252181053,0.011075813323259354,0.05145585536956787,0.7180203199386597,4,0.5,
fixed,2,5579,0.3977871537208557,0.0,0.006424854975193739,0.1261967420578003,0.43885859847068787,4,0.25,
fixed,2,5580,0.4336351752281189,0.0,0.03807590901851654,0.029832005500793457,0.4616227447986603,4,0.5,5.555070877075195
fixed,2,5581,0.9828812479972839,0.0,0.014471050351858139,0.06166410446166992,1.0086159706115723,4,0.5,
fixed,2,5582,0.8276630640029907,0.009765063412487507,0.01367197372019291,0.10364890098571777,0.870476245880127,4,0.75,
fixed,2,5583,1.2535312175750732,0.024935320019721985,0.0006025747861713171,0.11675095558166504,1.3013254404067993,4,0.25,
fixed,2,5584,0.38390037417411804,0.01882581226527691,0.00514398654922843,0.05940544605255127,0.41370689868927,4,0.5,
fixed,2,5585,0.7298454642295837,0.0,0.005340509582310915,0.10529637336730957,0.7641046047210693,4,0.25,1.6755530834197998
fixed,2,5586,0.3429473042488098,0.0,0.01076117716729641,0.03357195854187012,0.35839948058128357,4,0.25,
fixed,2,5587,0.4749380052089691,0.0,0.034994546324014664,0.10260844230651855,0.5232177972793579,4,0.75,
fixed,2,5588,0.8768108487129211,0.02466731145977974,0.0006632729200646281,0.10520148277282715,0.9210366010665894,4,0.25,
fixed,2,5589,0.5257344841957092,0.016694020479917526,0.00762097118422389,0.03843033313751221,0.5494210720062256,4,0.5,
fixed,2,5590,0.2974005937576294,0.0,0.027155116200447083,0.11393547058105469,0.34515878558158875,4,0.75,6.3361592292785645
fixed,2,5591,0.6895886659622192,0.0571596622467041,0.005674646236002445,0.1425492763519287,0.763770580291748,4,0.75,
fixed,2,5592,0.6857584714889526,0.0275402944535017,0.00944458320736885,0.05540359020233154,0.7208719849586487,4,0.5,
fixed,2,5593,0.6577150225639343,0.0,0.014853844419121742,0.13093209266662598,0.7044215798377991,4,0.25,
fixed,2,5594,0.5844140648841858,0.01079354714602232,0.03556990250945091,0.1813044548034668,0.6619871258735657,4,1.0,
fixed,2,5595,0.651891827583313,0.0,0.008630559779703617,0.10312676429748535,0.6871451139450073,4,0.25,2.20527982711792
fixed,2,5596,0.5990772247314453,0.0,0.010384549386799335,0.10312271118164062,0.6352063417434692,4,0.25,
fixed,2,5597,0.6342189908027649,0.0,0.0694350153207779,0.13287794589996338,0.7087998986244202,4,1.0,
fixed,2,5598,0.8576133847236633,0.0,0.05491163954138756,0.061844825744628906,0.9036226272583008,4,0.5,
fixed,2,5599,0.41095948219299316,0.006374088581651449,0.03043779358267784,0.05463731288909912,0.44575661420822144,4,0.5,
fixed,2,5600,0.4060427248477936,0.009662587195634842,0.04649195820093155,0.1370713710784912,0.47524142265319824,4,1.0,5.782005310058594
fixed,2,5601,0.487876832485199,0.0040172250010073185,0.012339684180915356,0.07590413093566895,0.5188265442848206,4,0.25,
fixed,2,5602,0.25404906272888184,0.0,0.020600328221917152,0.07805478572845459,0.28776565194129944,4,0.25,
fixed,2,5603,0.3675018846988678,0.0,0.011836644262075424,0.056139469146728516,0.39026203751564026,4,0.25,
fixed,2,5604,1.1479482650756836,0.0,0.033623989671468735,0.05195188522338867,1.1803457736968994,4,0.25,
fixed,2,5605,0.9064170122146606,0.0,0.04686151444911957,0.07491540908813477,0.9523223638534546,4,0.5,6.469391345977783
fixed,2,5606,0.6538977026939392,2.7353186382583772e-08,0.007139401510357857,0.06471693515777588,0.6768825054168701,4,0.25,
fixed,2,5607,0.4613461494445801,0.0,0.0238871518522501,0.11559724807739258,0.5079689025878906,4,0.75,
fixed,2,5608,0.7025279402732849,0.0,0.01909971609711647,0.14416038990020752,0.7553259134292603,4,0.75,
fixed,2,5609,0.25032761693000793,0.013220541179180145,0.006382596679031849,0.054262399673461914,0.2764078974723816,4,0.5,
fixed,2,5610,0.34740644693374634,0.0,0.017642300575971603,0.0752021074295044,0.3787882328033447,4,0.25,2.9315896034240723
fixed,2,5611,0.5679638385772705,0.0,0.021390900015830994,0.049581050872802734,0.5935336351394653,4,0.5,
fixed,2,5612,0.4183681011199951,0.0,0.016958510503172874,0.06605994701385498,0.44666534662246704,4,0.5,
fixed,2,5613,0.4235256612300873,0.0,0.012843609787523746,0.07130110263824463,0.4513377845287323,4,0.5,
fixed,2,5614,0.8386684060096741,0.0,0.009945223107933998,0.2176811695098877,0.9089453816413879,4,0.75,
fixed,2,5615,0.8878334164619446,0.0,0.01668448932468891,0.15459048748016357,0.9425528049468994,4,0.25,2.9504873752593994
fixed,2,5616,0.5976852178573608,0.0,0.0105813043192029,0.07238638401031494,0.6246917843818665,4,0.5,
fixed,2,5617,1.0743147134780884,0.028221432119607925,0.001865262514911592,0.08126497268676758,1.1137375831604004,4,0.5,
fixed,2,5618,0.11517426371574402,0.0,0.007650380954146385,0.09401440620422363,0.14720377326011658,4,0.5,
fixed,2,5619,0.5257291793823242,0.0,0.007972631603479385,0.2471216917037964,0.6038520336151123,4,0.75,
fixed,2,5620,0.9139865636825562,0.02824271470308304,0.003518014680594206,0.08749902248382568,0.9561166167259216,4,0.5,2.4648525714874268
fixed,2,5621,1.2084933519363403,0.0,0.007315849885344505,0.1356511116027832,1.252846598625183,4,0.25,
fixed,2,5622,0.21102112531661987,0.0,0.004898418206721544,0.10227823257446289,0.24415379762649536,4,0.5,
fixed,2,5623,0.9183549880981445,0.0,0.010217409580945969,0.04937541484832764,0.9382762908935547,4,0.25,
fixed,2,5624,0.29396528005599976,0.0,0.00506213866174221,0.04682564735412598,0.31054404377937317,4,0.25,
fixed,2,5625,0.6024772524833679,0.02464406192302704,0.002789883641526103,0.09525084495544434,0.6447694897651672,4,0.5,2.7542006969451904
fixed,2,5626,0.3790197968482971,0.02409481257200241,0.010821297764778137,0.17917370796203613,0.4502299726009369,4,0.75,
fixed,2,5627,0.06467552483081818,0.0,0.008101963438093662,0.0856165885925293,0.09441148489713669,4,0.5,
fixed,2,5628,0.4875924587249756,0.0,0.012623397633433342,0.2007383108139038,0.5541256666183472,4,0.75,
fixed,2,5629,0.5002068281173706,0.05802386254072189,0.004498922266066074,0.04289805889129639,0.5443376302719116,4,0.5,
fixed,2,5630,0.2515338361263275,0.017852766439318657,0.008211099542677402,0.15264356136322021,0.31035885214805603,4,0.75,1.5735328197479248
fixed,2,5631,1.2369335889816284,0.032930195331573486,0.009922726079821587,0.1769481897354126,1.3114445209503174,4,0.75,
fixed,2,5632,0.6061354279518127,0.0,0.01606825366616249,0.0983206033706665,0.6436657309532166,4,0.5,
fixed,2,5633,0.11364411562681198,0.0,0.023682111874222755,0.09479808807373047,0.1539245992898941,4,0.5,
fixed,2,5634,0.6189283728599548,0.01566401496529579,0.007505326997488737,0.09795200824737549,0.6598986387252808,4,0.5,
fixed,2,5635,0.9230054616928101,0.0,0.016867006197571754,0.07214832305908203,0.9530834555625916,4,0.5,3.763404130935669
fixed,2,5636,0.506300687789917,0.0,0.016463734209537506,0.06675183773040771,0.534558117389679,4,0.5,
fixed,2,5637,0.6682978868484497,0.0,0.05248679220676422,0.02339625358581543,0.7015601396560669,4,0.5,
fixed,2,5638,1.0747398138046265,0.0,0.011368097737431526,0.1781771183013916,1.1338770389556885,4,0.25,
fixed,2,5639,0.3136458694934845,0.0,0.01603678986430168,0.052394866943359375,0.3373827338218689,4,0.5,
fixed,2,5640,0.7799713015556335,0.0,0.04462502896785736,0.07719361782073975,0.8254418969154358,4,0.75,7.507411956787109
fixed,2,5641,0.6479125022888184,0.014721177518367767,0.017119504511356354,0.2811892032623291,0.7481896281242371,4,1.0,
fixed,2,5642,0.777729868888855,0.014561613090336323,0.026839222759008408,0.061632752418518066,0.8169201016426086,4,0.75,
fixed,2,5643,0.8903778791427612,0.13151468336582184,0.008558984845876694,0.1673729419708252,1.0106265544891357,4,0.75,
fixed,2,5644,0.4675493836402893,0.0,0.03073212504386902,0.06319832801818848,0.5018749237060547,4,0.5,
fixed,2,5645,0.5450869798660278,0.0,0.014929299242794514,0.04408442974090576,0.5657769441604614,4,0.5,3.4326488971710205
fixed,2,5646,0.8094905614852905,0.0,0.034157514572143555,0.058194875717163086,0.8440277576446533,4,0.5,
fixed,2,5647,0.45734459161758423,0.010543023236095905,0.002667464781552553,0.2025660276412964,0.5247196555137634,4,0.25,
fixed,2,5648,0.20945054292678833,0.0,0.013915539719164371,0.04704117774963379,0.23052066564559937,4,0.25,
fixed,2,5649,0.381181925535202,0.010408797301352024,0.0202729981392622,0.05796670913696289,0.413912832736969,4,0.75,
fixed,2,5650,0.31285858154296875,0.0,0.013432635925710201,0.04848933219909668,0.3341217041015625,4,0.25,2.8291869163513184
fixed,2,5651,0.4845859408378601,0.0132055152207613,0.0014179246500134468,0.1797727346420288,0.5458294749259949,4,0.25,
fixed,2,5652,0.9022469520568848,0.0,0.009769847616553307,0.13475310802459717,0.947557806968689,4,0.25,
fixed,2,5653,0.815359890460968,0.037959299981594086,0.008750880137085915,0.07015371322631836,0.859761118888855,4,0.75,
fixed,2,5654,0.8059472441673279,0.0,0.007731378544121981,0.05214548110961914,0.8254565596580505,4,0.25,
fixed,2,5655,0.3927653133869171,0.0,0.013743169605731964,0.06470751762390137,0.41904914379119873,4,0.5,3.463108777999878
fixed,2,5656,0.32790958881378174,0.0,0.016401605680584908,0.05782580375671387,0.35345813632011414,4,0.5,
fixed,2,5657,0.5917527079582214,0.0,0.02109810896217823,0.05770838260650635,0.61961430311203,4,0.5,
fixed,2,5658,0.4715495705604553,0.0,0.017489884048700333,0.07078194618225098,0.5015290975570679,4,0.5,
fixed,2,5659,0.6336382627487183,0.0,0.03211198002099991,0.09009110927581787,0.6767215728759766,4,0.75,
fixed,2,5660,0.9066533446311951,0.0,0.004996530711650848,0.14466571807861328,0.9525513052940369,4,0.25,1.482417345046997
fixed,2,5661,0.7156535387039185,0.0,0.0008005931740626693,0.4280405044555664,0.844465970993042,4,0.0,
fixed,2,5662,0.6616526246070862,0.0,0.012274958193302155,0.06861233711242676,0.6883738040924072,4,0.5,
fixed,2,5663,0.4983334541320801,0.0,0.009222660213708878,0.07637500762939453,0.5258572697639465,4,0.5,
fixed,2,5664,0.47117453813552856,0.0,0.005249356385320425,0.11239171028137207,0.5075167417526245,4,0.25,
fixed,2,5665,0.4650280773639679,0.0,0.01053104642778635,0.07598650455474854,0.49308955669403076,4,0.5,2.9887325763702393
fixed,2,5666,0.725516140460968,0.0,0.007791606709361076,0.05448174476623535,0.7457564473152161,4,0.5,
fixed,2,5667,0.5145795345306396,0.031031498685479164,0.012773260474205017,0.458892822265625,0.674149751663208,4,1.0,
fixed,2,5668,0.34125199913978577,0.0,0.01318022608757019,0.18482577800750732,0.4032898545265198,4,0.75,
fixed,2,5669,0.6671645641326904,0.0,0.008660532534122467,0.05217087268829346,0.6871460676193237,4,0.5,
fixed,2,5670,0.7275444865226746,0.03511017560958862,0.0071948133409023285,0.05048024654388428,0.7638410329818726,4,0.5,2.224114418029785
fixed,2,5671,0.5556921362876892,0.0,0.020627520978450775,0.04586076736450195,0.5797641277313232,4,0.5,
fixed,2,5672,0.6483170390129089,0.0,0.012347046285867691,0.046942710876464844,0.6685733795166016,4,0.5,
fixed,2,5673,0.7023676633834839,0.0,0.009502273984253407,0.058168649673461914,0.7245693802833557,4,0.5,
fixed,2,5674,0.5733823776245117,0.0,0.005526373628526926,0.09363865852355957,0.6042371392250061,4,0.25,
fixed,2,5675,0.3832094669342041,0.0,0.014460870996117592,0.04501914978027344,0.403945654630661,4,0.5,3.5193920135498047
fixed,2,5676,0.8145439624786377,0.0,0.02632867731153965,0.2075415849685669,0.8899707794189453,4,0.75,
fixed,2,5677,0.4554659426212311,0.0,0.012198669835925102,0.19597172737121582,0.5203567743301392,4,0.75,
fixed,2,5678,0.6788033246994019,0.0,0.006715820170938969,0.0438385009765625,0.6953127980232239,4,0.25,
fixed,2,5679,0.5773093700408936,0.0,0.01103272382169962,0.07175087928771973,0.6043509840965271,4,0.5,
fixed,2,5680,0.46958258748054504,0.0,0.014157811179757118,0.06866288185119629,0.49726036190986633,4,0.5,3.521927833557129
fixed,2,5681,0.23649995028972626,0.0,0.005792479962110519,0.1450488567352295,0.28291085362434387,4,0.25,
fixed,2,5682,0.5926374793052673,0.0,0.007366814650595188,0.14432823657989502,0.6396193504333496,4,0.25,
fixed,2,5683,0.5244392156600952,0.0,0.005580898839980364,0.04923534393310547,0.5420002937316895,4,0.25,
fixed,2,5684,0.2371770143508911,0.0,0.013611406087875366,0.19804084300994873,0.30339497327804565,4,0.75,
fixed,2,5685,0.6862403750419617,0.0,0.003834078088402748,0.13207769393920898,0.7277806997299194,4,0.25,1.30892014503479
fixed,2,5686,0.6257541179656982,0.0,0.005311601795256138,0.15020930767059326,0.6734727025032043,4,0.25,
fixed,2,5687,0.962200403213501,0.0,0.0006948685040697455,0.42032110691070557,1.0886441469192505,4,0.0,
fixed,2,5688,0.5653069615364075,0.0,0.014906304888427258,0.18820273876190186,0.6292209625244141,4,0.75,
fixed,2,5689,0.3268113136291504,0.0,0.008223198354244232,0.06683218479156494,0.35097256302833557,4,0.5,
fixed,2,5690,0.630914032459259,0.0,0.013055354356765747,0.1990525722503662,0.6971575021743774,4,0.75,3.7297911643981934
fixed,2,5691,0.5636511445045471,0.0,0.010599142871797085,0.0793997049331665,0.5927706360816956,4,0.5,
fixed,2,5692,1.2127920389175415,0.0,0.012245413847267628,0.09261775016784668,1.2467000484466553,4,0.25,
fixed,2,5693,0.34129008650779724,0.0,0.007832469418644905,0.065132737159729,0.3647461533546448,4,0.5,
fixed,2,5694,0.4005890488624573,0.0,0.0058368477039039135,0.07005929946899414,0.42452526092529297,4,0.25,
fixed,2,5695,0.37901970744132996,0.0,0.00550147145986557,0.03452146053314209,0.3921268880367279,4,0.25,1.7926901578903198
fixed,2,5696,0.558789849281311,0.03246723487973213,0.011281916871666908,0.1743299961090088,0.6329634189605713,4,0.75,
fixed,2,5697,0.624187171459198,0.0,0.014387896284461021,0.1170351505279541,0.666491687297821,4,0.25,
fixed,2,5698,0.5190635919570923,0.0,0.0048466632142663,0.07997918128967285,0.5454806685447693,4,0.25,
fixed,2,5699,1.2000054121017456,0.0,0.009247621521353722,0.2285141944885254,1.2731834650039673,4,0.75,
fixed,2,5700,0.6238834857940674,0.03679767996072769,0.002837821841239929,0.0677412748336792,0.6640236377716064,4,0.5,2.7826054096221924
fixed,2,5701,0.6070159673690796,0.03155429661273956,0.004511385224759579,0.07041561603546143,0.6461734771728516,4,0.5,
fixed,2,5702,0.613092303276062,0.018831830471754074,0.015440733171999454,0.38144588470458984,0.744662344455719,4,1.0,
fixed,2,5703,1.2521430253982544,0.0,0.00021468433260452002,0.3787654638290405,1.365880012512207,4,0.0,
fixed,2,5704,0.6621771454811096,1.1981225611634727e-07,0.0036483979783952236,0.09731447696685791,0.6931957602500916,4,0.25,
fixed,2,5705,0.56908118724823,0.0,0.013542398810386658,0.14180564880371094,0.6183940768241882,4,0.25,3.3076140880584717
fixed,2,5706,0.7501219511032104,0.0,0.021647688001394272,0.1389225721359253,0.8026225566864014,4,0.75,
fixed,2,5707,0.9940076470375061,0.0,0.006115870084613562,0.08814692497253418,1.0235096216201782,4,0.25,
fixed,2,5708,0.5018811225891113,0.0,0.00015996466390788555,0.3714873790740967,0.6134073138237,4,0.0,
fixed,2,5709,0.4987003207206726,0.0,0.030175847932696342,0.09627580642700195,0.5426709651947021,4,0.75,
fixed,2,5710,0.8590483069419861,0.0,0.03351141884922981,0.025163888931274414,0.8833531737327576,4,0.5,5.6876349449157715
fixed,2,5711,0.5326610803604126,0.04386836290359497,5.298782343743369e-05,0.051611900329589844,0.5701053142547607,4,0.5,
fixed,2,5712,0.6311752200126648,0.0,0.007018685340881348,0.09251713752746582,0.6624397039413452,4,0.25,
fixed,2,5713,0.3114883303642273,0.0,0.0097995949909091,0.13321638107299805,0.3563530445098877,4,0.25,
fixed,2,5714,0.7612318396568298,0.0,0.015414910390973091,0.04283750057220459,0.781790554523468,4,0.5,
fixed,2,5715,0.3392208516597748,0.015680735930800438,0.011846682988107204,0.03394961357116699,0.36316943168640137,4,0.5,1.9959940910339355
fixed,2,5716,0.5501081347465515,0.0,0.008096227422356606,0.11744451522827148,0.5893896222114563,4,0.25,
fixed,2,5717,0.931742787361145,0.0,0.024925939738750458,0.13288211822509766,0.9840704202651978,4,0.75,
fixed,2,5718,1.212124228477478,0.0,0.0092648109421134,0.0413212776184082,1.229153037071228,4,0.25,
fixed,2,5719,0.666252613067627,0.0,0.029406964778900146,0.12506449222564697,0.7184754610061646,4,0.75,
fixed,2,5720,0.47438761591911316,0.0,0.01167011633515358,0.07709908485412598,0.5033524036407471,4,0.5,3.3140318393707275
fixed,2,5721,0.9029884338378906,0.0,0.005595478694885969,0.1501864194869995,0.9508420825004578,4,0.25,
fixed,2,5722,0.28649088740348816,0.0,0.01416036393493414,0.18977999687194824,0.3505050539970398,4,0.75,
fixed,2,5723,0.5925189852714539,0.0,0.013674893416464329,0.06110072135925293,0.6176866292953491,4,0.5,
fixed,2,5724,1.448788046836853,0.019571177661418915,0.013173270970582962,0.39550888538360596,1.583812952041626,4,1.0,
fixed,2,5725,0.45271745324134827,0.0,0.026567034423351288,0.13450837135314941,0.506353497505188,4,0.75,6.198577404022217
fixed,2,5726,0.5311623215675354,0.0,0.00811025407165289,0.03943443298339844,0.5470477938652039,4,0.25,
fixed,2,5727,0.3298593759536743,0.0,0.003753894940018654,0.24330496788024902,0.4047278165817261,4,0.0,
fixed,2,5728,0.5922365188598633,0.0,0.013439475558698177,0.07843542098999023,0.6224868893623352,4,0.5,
fixed,2,5729,0.8059375882148743,0.0,0.024865709245204926,0.1136326789855957,0.8524602651596069,4,0.5,
fixed,2,5730,0.4710197448730469,0.0,0.007822483777999878,0.18674182891845703,0.5309535264968872,4,0.25,1.8863224983215332
fixed,2,5731,0.6216925382614136,0.0167003832757473,0.007928633131086826,0.09169197082519531,0.6615146398544312,4,0.5,
fixed,2,5732,0.5576856732368469,0.0,0.00346722942776978,0.21991825103759766,0.6253947615623474,4,0.0,
fixed,2,5733,0.8002633452415466,0.0,0.012248178943991661,0.05011856555938721,0.8214229941368103,4,0.25,
fixed,2,5734,1.261439561843872,0.02716156095266342,0.011815099976956844,0.4430588483810425,1.4138455390930176,4,1.0,
fixed,2,5735,0.6991679072380066,0.0,0.006891697645187378,0.028316974639892578,0.7111088633537292,4,0.25,2.147932291030884
fixed,2,5736,0.5591297745704651,0.0,0.01466980017721653,0.16631817817687988,0.6163601279258728,4,0.75,
fixed,2,5737,0.3761143982410431,0.0,0.02135344035923481,0.06050300598144531,0.40494203567504883,4,0.5,
fixed,2,5738,0.6284070014953613,0.0,0.008895404636859894,0.03330111503601074,0.6428450345993042,4,0.25,
fixed,2,5739,0.6550248861312866,0.01302188728004694,0.01204557716846466,0.10432064533233643,0.6988548040390015,4,0.75,
fixed,2,5740,0.6882342100143433,0.0,0.00948659610003233,0.05950164794921875,0.7108280062675476,4,0.5,2.7352092266082764
fixed,2,5741,0.8820595145225525,0.013038787059485912,0.006378553342074156,0.03911995887756348,0.9035041928291321,4,0.5,
fixed,2,5742,0.2992808222770691,0.0,0.024760540574789047,0.23253297805786133,0.3814209997653961,4,0.75,
fixed,2,5743,0.6133386492729187,0.010586140677332878,0.013748937286436558,0.10128641128540039,0.6558921337127686,4,0.75,
fixed,2,5744,0.6710829138755798,0.012105537578463554,0.01313683483749628,0.31924498081207275,0.779477596282959,4,1.0,
fixed,2,5745,0.6165977716445923,0.023307720199227333,0.006544114556163549,0.051865220069885254,0.6470832824707031,4,0.5,2.3172988891601562
fixed,2,5746,0.455676794052124,0.008241499774158001,0.012707912363111973,0.09547948837280273,0.4947953522205353,4,0.5,
fixed,2,5747,0.6055960059165955,0.0,0.01811586692929268,0.0494234561920166,0.6294809579849243,4,0.5,
fixed,2,5748,0.508369505405426,0.0,0.021546754986047745,0.0396113395690918,0.531026303768158,4,0.5,
fixed,2,5749,0.7648797035217285,0.01076548919081688,0.0013460381887853146,0.26448774337768555,0.8502817749977112,4,0.25,
fixed,2,5750,0.5661832094192505,0.0,0.01945662498474121,0.08416891098022461,0.6011621952056885,4,0.5,4.426220893859863
fixed,2,5751,0.9878833293914795,0.035718224942684174,0.006115345284342766,0.10288238525390625,1.0396648645401,4,0.75,
fixed,2,5752,0.6632932424545288,0.0,0.04722202941775322,0.1487797498703003,0.7315381765365601,4,0.25,
fixed,2,5753,0.578116774559021,0.0,0.020122632384300232,0.06964397430419922,0.6090712547302246,4,0.25,
fixed,2,5754,0.41754546761512756,0.0,0.02704322710633278,0.023981571197509766,0.43826156854629517,4,0.5,
fixed,2,5755,1.1628080606460571,0.0,0.013764883391559124,0.19128036499023438,1.2270746231079102,4,0.25,2.5898752212524414
fixed,2,5756,0.5610365867614746,0.0,0.010770048946142197,0.047547101974487305,0.5806857347488403,4,0.25,
fixed,2,5757,0.3135346472263336,0.0,0.01709485985338688,0.06374728679656982,0.34120625257492065,4,0.5,
fixed,2,5758,0.518017590045929,0.007043117191642523,0.0159187912940979,0.08288300037384033,0.5543634295463562,4,0.75,
fixed,2,5759,0.24339590966701508,0.0,0.02201097458600998,0.13653957843780518,0.29536327719688416,4,0.75,
fixed,2,5760,0.40117454528808594,0.0,0.018403703346848488,0.08149921894073486,0.43482616543769836,4,0.5,3.885582208633423
fixed,2,5761,0.6482715010643005,0.03834039345383644,0.02280024252831936,0.2148759365081787,0.7433046102523804,4,1.0,
fixed,2,5762,0.3183768689632416,0.0,0.022295132279396057,0.13605833053588867,0.3703419268131256,4,0.75,
fixed,2,5763,0.7761974334716797,0.0,0.00792961847037077,0.10578083992004395,0.8118965029716492,4,0.25,
fixed,2,5764,0.7269630432128906,0.02105514332652092,0.010846002958714962,0.05693042278289795,0.7599927186965942,4,0.5,
fixed,2,5765,0.47250115871429443,0.0,0.01487371139228344,0.04859185218811035,0.4945155680179596,4,0.25,3.031463146209717
fixed,2,5766,0.8820496201515198,0.0,0.006968299858272076,0.11495757102966309,0.9200210571289062,4,0.25,
fixed,2,5767,0.4109293520450592,0.0,0.04296150803565979,0.09417009353637695,0.4606611430644989,4,0.5,
fixed,2,5768,0.803354799747467,0.0,0.011613213457167149,0.1295008659362793,0.8480116724967957,4,0.25,
fixed,2,5769,0.8845622539520264,0.0,0.030454734340310097,0.10343384742736816,0.9308197498321533,4,0.75,
fixed,2,5770,0.7292568683624268,0.0,0.00522232661023736,0.07417869567871094,0.7541216611862183,4,0.25,1.7083345651626587
fixed,2,5771,0.4446670413017273,0.0078061227686703205,0.002033977536484599,0.1795945167541504,0.503465473651886,4,0.25,
fixed,2,5772,0.7497013807296753,0.0,0.004140947479754686,0.0793006420135498,0.775562047958374,4,0.25,
fixed,2,5773,0.6359212398529053,0.0,0.010017797350883484,0.33653461933135986,0.741890549659729,4,0.5,
fixed,2,5774,0.3603613078594208,0.0,0.0418945848941803,0.29651975631713867,0.4702645242214203,4,0.75,
fixed,2,5775,0.8010304570198059,0.0,0.029497133567929268,0.12783288955688477,0.854128897190094,4,0.75,5.666857719421387
fixed,2,5776,0.4580081105232239,0.0,0.021039580926299095,0.1458195447921753,0.5122737884521484,4,0.75,
fixed,2,5777,0.3370434641838074,0.0,0.01693837344646454,0.16186773777008057,0.3940729796886444,4,0.75,
fixed,2,5778,0.7019786834716797,0.0,0.013258497230708599,0.1878345012664795,0.7649582624435425,4,0.75,
fixed,2,5779,0.7923524975776672,0.028620554134249687,0.006440486293286085,0.07415056228637695,0.8321281671524048,4,0.5,
fixed,2,5780,0.3967779278755188,0.0,0.018897850066423416,0.14625310897827148,0.4501027762889862,4,0.75,4.973351955413818
fixed,2,5781,1.2451115846633911,0.026345061138272285,0.005496649537235498,0.06599855422973633,1.280832052230835,4,0.5,
fixed,2,5782,0.5984002351760864,0.0,0.006328004412353039,0.08649706840515137,0.6275133490562439,4,0.5,
fixed,2,5783,1.0503226518630981,0.006940661929547787,0.035652339458465576,0.06888246536254883,1.092283844947815,4,0.75,
fixed,2,5784,0.2891291379928589,0.0,0.020900970324873924,0.14736175537109375,0.34378814697265625,4,0.75,
fixed,2,5785,0.6019643545150757,0.007832623086869717,0.01665540225803852,0.09190034866333008,0.6417784690856934,4,0.75,2.737654209136963
fixed,2,5786,0.694908618927002,0.006701548583805561,0.011600879952311516,0.0646660327911377,0.7234596610069275,4,0.5,
fixed,2,5787,0.39287856221199036,0.0,0.017402559518814087,0.13884365558624268,0.4432329535484314,4,0.75,
fixed,2,5788,0.6661302447319031,0.006252423394471407,0.03255537152290344,0.07800519466400146,0.7089356780052185,4,0.5,
fixed,2,5789,1.1761884689331055,0.0,0.00039747770642861724,0.4593772292137146,1.3142004013061523,4,0.0,
fixed,2,5790,0.7912316918373108,0.0,0.02172071300446987,0.06378686428070068,0.8212280869483948,4,0.5,4.7114996910095215
fixed,2,5791,0.5812142491340637,0.0,0.01844751462340355,0.05194497108459473,0.606021523475647,4,0.5,
fixed,2,5792,1.429362177848816,0.0,0.0638623833656311,0.13466036319732666,1.501691460609436,4,0.25,
fixed,2,5793,0.8731220960617065,0.009633759036660194,0.007960610091686249,0.054511070251464844,0.8982726335525513,4,0.5,
fixed,2,5794,0.6770644783973694,0.0,0.0004365956410765648,0.3774230480194092,0.7905097007751465,4,0.0,
fixed,2,5795,0.5959225296974182,0.0,0.03593007102608681,0.03068828582763672,0.6230940818786621,4,0.5,5.83729887008667
fixed,2,5796,0.5515456199645996,0.0,0.02037571743130684,0.02325308322906494,0.5687093734741211,4,0.5,
fixed,2,5797,0.46930795907974243,0.030028024688363075,0.014372119680047035,0.12454628944396973,0.5288718938827515,4,0.75,
fixed,2,5798,0.8453918695449829,0.0,0.02061210758984089,0.1160573959350586,0.890515148639679,4,0.75,
fixed,2,5799,0.9888795614242554,0.0,0.009195544756948948,0.03318345546722412,1.0034323930740356,4,0.5,
fixed,2,5800,0.5134668946266174,0.0,0.021025527268648148,0.4137575030326843,0.6481069326400757,4,1.0,6.282930850982666
fixed,2,5801,0.6197249293327332,0.0,0.017630701884627342,0.14885032176971436,0.6731953620910645,4,0.75,
fixed,2,5802,0.605933666229248,0.0,0.00523184472694993,0.0637979507446289,0.627689003944397,4,0.25,
fixed,2,5803,0.9863119721412659,0.009594859555363655,0.009250225499272346,0.03369641304016113,1.0058434009552002,4,0.5,
fixed,2,5804,1.064919114112854,0.0,0.008417188189923763,0.1050041913986206,1.1006289720535278,4,0.25,
fixed,2,5805,0.6207919120788574,0.012109964154660702,0.00396937457844615,0.06181466579437256,0.6473760008811951,4,0.5,1.5966708660125732
fixed,2,5806,0.21420685946941376,0.0,0.01232314296066761,0.05713391304016113,0.2375086098909378,4,0.5,
fixed,2,5807,1.048204779624939,0.0,0.016681121662259102,0.1538856029510498,1.1027109622955322,4,0.75,
fixed,2,5808,0.38040924072265625,0.0,0.021490169689059258,0.252726674079895,0.46697232127189636,4,0.75,
fixed,2,5809,0.4938845932483673,0.0,0.021239517256617546,0.250116229057312,0.5795392394065857,4,0.75,
fixed,2,5810,0.5267499089241028,0.0,0.008912662975490093,0.04369926452636719,0.5443159937858582,4,0.25,2.708205461502075
fixed,2,5811,1.1197115182876587,0.0,0.005835626274347305,0.23609685897827148,1.1934584379196167,4,0.0,
fixed,2,5812,0.684706449508667,0.010286490432918072,0.05857348069548607,0.15834903717041016,0.7666411399841309,4,0.75,
fixed,2,5813,0.4949846863746643,0.0,0.030552130192518234,0.11275672912597656,0.5440877676010132,4,0.5,
fixed,2,5814,0.7087262272834778,0.0,0.004475000314414501,0.18081867694854736,0.7652093172073364,4,0.25,
fixed,2,5815,0.5870504975318909,0.0,0.008223499171435833,0.10995113849639893,0.6241475939750671,4,0.5,2.7333853244781494
fixed,2,5816,0.7793854475021362,0.0,0.0004280942666810006,0.4519496560096741,0.9151843786239624,4,0.0,
fixed,2,5817,0.4635951817035675,0.0,0.015742400661110878,0.18595588207244873,0.5272531509399414,4,0.25,
fixed,2,5818,0.6497752070426941,0.043791063129901886,0.0002920550759881735,0.08078086376190186,0.6960510015487671,4,0.5,
fixed,2,5819,0.5690922737121582,0.0,0.006387628614902496,0.08088231086730957,0.5965507626533508,4,0.5,
fixed,2,5820,0.768021285533905,0.0,0.005947638303041458,0.08244729042053223,0.7957292795181274,4,0.25,1.7506898641586304
fixed,2,5821,0.5927590131759644,0.0,0.01439722627401352,0.18276846408843994,0.6547881364822388,4,0.75,
fixed,2,5822,0.6262723207473755,0.012986534275114536,0.00046074518468230963,0.11130034923553467,0.666386067867279,4,0.25,
fixed,2,5823,0.8612143993377686,0.0,0.006474759429693222,0.014602422714233398,0.868832528591156,4,0.25,
fixed,2,5824,0.5811223983764648,0.0,0.007836679928004742,0.0520172119140625,0.600645899772644,4,0.25,
fixed,2,5825,0.6066176891326904,0.0,0.00872331578284502,0.046572208404541016,0.6249510049819946,4,0.5,2.853365421295166
fixed,2,5826,0.7121924161911011,0.0,0.010349205695092678,0.0517420768737793,0.7328896522521973,4,0.5,
fixed,2,5827,0.621787965297699,0.0336913987994194,0.023080766201019287,0.13347864151000977,0.6902176141738892,4,0.75,
fixed,2,5828,0.7738804817199707,0.026920219883322716,0.0027613909915089607,0.03065633773803711,0.7979182004928589,4,0.25,
fixed,2,5829,0.6435654759407043,0.0,0.03906664252281189,0.10715484619140625,0.6952452659606934,4,0.75,
fixed,2,5830,0.457585871219635,0.0,0.012878524139523506,0.056872010231018066,0.48108673095703125,4,0.5,3.5565803050994873
fixed,2,5831,0.6350125074386597,0.0,0.031723663210868835,0.11868667602539062,0.6864803433418274,4,0.75,
fixed,2,5832,0.8437396287918091,0.0,0.009519966319203377,0.0764150619506836,0.87142413854599,4,0.5,
fixed,2,5833,0.6719149351119995,0.0,0.00442533241584897,0.10458588600158691,0.7055033445358276,4,0.25,
fixed,2,5834,0.7437560558319092,0.012729744426906109,0.011126008816063404,0.1357492208480835,0.7964087128639221,4,0.75,
fixed,2,5835,0.40648353099823,0.0,0.027629349380731583,0.19439363479614258,0.47861629724502563,4,0.75,6.029314994812012
fixed,2,5836,0.37537696957588196,0.0,0.007294565439224243,0.09280228614807129,0.4068649411201477,4,0.5,
fixed,2,5837,0.4156109392642975,0.03180708736181259,0.006275978870689869,0.21122336387634277,0.4980194866657257,4,0.75,
fixed,2,5838,0.6408108472824097,0.02469100058078766,0.011090010404586792,0.15404903888702393,0.7049160599708557,4,0.75,
fixed,2,5839,1.0570967197418213,0.0,0.011019298806786537,0.07367944717407227,1.0847102403640747,4,0.5,
fixed,2,5840,0.49406227469444275,0.0,0.00996008887887001,0.0965569019317627,0.5280094146728516,4,0.5,2.9992690086364746
fixed,2,5841,0.37606239318847656,0.0,0.014266474172472954,0.059506893157958984,0.4010477066040039,4,0.5,
fixed,2,5842,1.110040545463562,0.022127514705061913,0.004553668666630983,0.09207272529602051,1.1510030031204224,4,0.5,
fixed,2,5843,0.608652651309967,0.0,0.030249541625380516,0.10273158550262451,0.6545969247817993,4,0.5,
fixed,2,5844,0.24552714824676514,0.0,0.03272034227848053,0.024772167205810547,0.26931896805763245,4,0.5,
fixed,2,5845,0.4951031506061554,0.008875753730535507,0.0123148737475276,0.027719736099243164,0.5140143632888794,4,0.5,2.4867656230926514
fixed,2,5846,0.9782065153121948,0.0,0.013174239546060562,0.19173657894134521,1.0423146486282349,4,0.25,
fixed,2,5847,1.167353630065918,0.04218191280961037,0.000167493533808738,0.09404122829437256,1.2167407274246216,4,0.5,
fixed,2,5848,1.0866172313690186,0.0,0.020568348467350006,0.07563567161560059,1.1195920705795288,4,0.5,
fixed,2,5849,0.5484017729759216,0.0,0.017203276976943016,0.0701979398727417,0.5780627727508545,4,0.5,
fixed,2,5850,0.4900243878364563,0.0,0.009479503147304058,0.1479719877243042,0.5391557216644287,4,0.25,2.2269463539123535
fixed,2,5851,0.5914216637611389,0.0,0.04030607268214226,0.08925521373748779,0.6383512616157532,4,0.75,
fixed,2,5852,0.27455300092697144,0.0,0.04344567656517029,0.07674884796142578,0.31930050253868103,4,0.75,
fixed,2,5853,0.6392359733581543,0.007875410839915276,0.028761744499206543,0.06898880004882812,0.6782512068748474,4,0.75,
fixed,2,5854,0.7140663266181946,0.0,0.03537615388631821,0.0897369384765625,0.7586754560470581,4,0.75,
fixed,2,5855,0.5449519753456116,0.0,0.023017045110464096,0.03333306312561035,0.5664604306221008,4,0.5,4.427021503448486
fixed,2,5856,0.7562921047210693,0.0,0.016364729031920433,0.03844618797302246,0.7760083079338074,4,0.5,
fixed,2,5857,0.218344584107399,0.0,0.01297854259610176,0.03869771957397461,0.2364431768655777,4,0.5,
fixed,2,5858,0.46151357889175415,0.0,0.03579530864953995,0.305263876914978,0.5709903836250305,4,1.0,
fixed,2,5859,0.46471458673477173,0.0,0.013556407764554024,0.04070925712585449,0.4837055802345276,4,0.5,
fixed,2,5860,0.4365933835506439,0.0,0.006688916590064764,0.028394341468811035,0.44845613837242126,4,0.25,2.42612886428833
fixed,2,5861,0.324772447347641,0.0,0.021724920719861984,0.3950618505477905,0.45415347814559937,4,1.0,
fixed,2,5862,0.9558790922164917,0.0,0.014185909181833267,0.038027167320251465,0.9743801951408386,4,0.5,
fixed,2,5863,0.4826572835445404,0.0,0.01120800618082285,0.05087125301361084,0.5035226345062256,4,0.5,
fixed,2,5864,0.48584169149398804,0.0,0.0039805215783417225,0.08355605602264404,0.5128987431526184,4,0.25,
fixed,2,5865,0.4572775363922119,0.0,0.015629466623067856,0.15650200843811035,0.5120428800582886,4,0.75,4.477410793304443
fixed,2,5866,0.4649423062801361,0.0,0.0006044434849172831,0.3924468755722046,0.5829786062240601,4,0.0,
fixed,2,5867,0.31954729557037354,0.0,0.009655790403485298,0.05724644660949707,0.3415491282939911,4,0.5,
fixed,2,5868,0.49023813009262085,0.015380860306322575,0.006066492758691311,0.054947614669799805,0.5174461007118225,4,0.5,
fixed,2,5869,0.36655235290527344,0.0,0.01437400933355093,0.15341317653656006,0.41976332664489746,4,0.75,
fixed,2,5870,0.4882470965385437,0.0,0.013899453915655613,0.15676259994506836,0.5422255992889404,4,0.75,4.180530548095703
fixed,2,5871,1.1246871948242188,0.03008812479674816,0.004717104136943817,0.057953596115112305,1.1594759225845337,4,0.5,
fixed,2,5872,0.9026660323143005,0.017259331420063972,0.010838881134986877,0.04192030429840088,0.9292912483215332,4,0.5,
fixed,2,5873,0.36777615547180176,0.0,0.015938574448227882,0.14975714683532715,0.42067259550094604,4,0.75,
fixed,2,5874,0.26296359300613403,0.0,0.0004362144973129034,0.44497573375701904,0.39667442440986633,4,0.0,
fixed,2,5875,0.5513973832130432,0.0,0.017744924873113632,0.18875789642333984,0.6168972253799438,4,0.25,2.9323770999908447
fixed,2,5876,0.9714152216911316,0.0,0.02951495163142681,0.10275936126708984,1.0170005559921265,4,0.75,
fixed,2,5877,0.473278671503067,0.0,0.005499668885022402,0.11994528770446777,0.5120121240615845,4,0.25,
fixed,2,5878,1.0336499214172363,0.03237533196806908,0.0002711921406444162,0.10514521598815918,1.0815167427062988,4,0.25,
fixed,2,5879,1.3905408382415771,0.0,0.01966874487698078,0.12088453769683838,1.4366406202316284,4,0.75,
fixed,2,5880,0.7364599108695984,0.022834591567516327,0.011877661570906639,0.12384700775146484,0.7909701466560364,4,0.75,1.021846055984497
fixed,2,5881,0.3104410767555237,0.0,0.012043369933962822,0.07466864585876465,0.3388633728027344,4,0.5,
fixed,2,5882,0.25901806354522705,0.0,0.03905627876520157,0.08405947685241699,0.3037640452384949,4,0.75,
fixed,2,5883,1.0336973667144775,0.0,0.025022465735673904,0.3654435873031616,1.1558417081832886,4,1.0,
fixed,2,5884,0.9394758939743042,0.0,0.030386853963136673,0.08774638175964355,0.9809932112693787,4,0.75,
fixed,2,5885,0.6394599676132202,0.014519552700221539,0.008452130481600761,0.050058603286743164,0.6659634113311768,4,0.5,1.2052242755889893
fixed,2,5886,1.2642498016357422,0.0,0.007038998417556286,0.08997011184692383,1.2947603464126587,4,0.25,
fixed,2,5887,1.240321397781372,0.022404056042432785,0.008932571858167648,0.04601418972015381,1.26979398727417,4,0.5,
fixed,2,5888,0.6785382628440857,0.015922535210847855,0.015106976963579655,0.08863794803619385,0.7206444144248962,4,0.75,
fixed,2,5889,0.1821819692850113,0.0,0.011449337005615234,0.05780363082885742,0.20524773001670837,4,0.25,
fixed,2,5890,0.8050572872161865,0.0,0.018914658576250076,0.16944968700408936,0.865349531173706,4,0.25,3.1555728912353516
fixed,2,5891,0.9106791615486145,0.011773758567869663,0.01900676265358925,0.07549452781677246,0.9487177729606628,4,0.75,
fixed,2,5892,0.7600019574165344,0.0,0.014071301557123661,0.05755352973937988,0.7843036651611328,4,0.25,
fixed,2,5893,0.949356198310852,0.025013558566570282,0.01979118213057518,0.32955360412597656,1.070624589920044,4,1.0,
fixed,2,5894,0.8952122330665588,0.0,0.00829353742301464,0.12282145023345947,0.9362054467201233,4,0.25,
fixed,2,5895,0.5454496741294861,0.0,0.015475327149033546,0.05814254283905029,0.5706300735473633,4,0.5,3.8475661277770996
fixed,2,5896,0.8848402500152588,0.0,0.007665005512535572,0.1393589973449707,0.9304804801940918,4,0.25,
fixed,2,5897,0.7590330839157104,0.0,0.029367750510573387,0.12369787693023682,0.810826301574707,4,0.25,
fixed,2,5898,0.662181556224823,0.0,0.02687373012304306,0.06573700904846191,0.6953395009040833,4,0.5,
fixed,2,5899,0.8578405380249023,0.0,0.02512529492378235,0.0668100118637085,0.8904461860656738,4,0.5,
fixed,2,5900,0.8587180376052856,0.0,0.007651936262845993,0.11383533477783203,0.8966946005821228,4,0.25,2.0067174434661865
fixed,2,5901,1.0860204696655273,0.0,0.029821079224348068,0.06775927543640137,1.1212587356567383,4,0.5,
fixed,2,5902,0.45381325483322144,0.0,0.02085276134312153,0.06337833404541016,0.4832531213760376,4,0.5,
fixed,2,5903,0.9567911624908447,0.0,0.03912073001265526,0.07286417484283447,0.9982107877731323,4,0.5,
fixed,2,5904,0.9772768616676331,4.762991738971323e-05,0.005423437803983688,0.06844115257263184,1.000544786453247,4,0.25,
fixed,2,5905,0.4538134038448334,0.0,0.016524910926818848,0.17132782936096191,0.5134742259979248,4,0.75,4.774068355560303
fixed,2,5906,0.9219254851341248,0.0,0.006842879578471184,0.018368244171142578,0.9308574199676514,4,0.25,
fixed,2,5907,0.7902679443359375,0.0,0.007339647971093655,0.06086611747741699,0.8121976256370544,4,0.5,
fixed,2,5908,0.7573428153991699,0.0,0.011851303279399872,0.20596158504486084,0.8250569105148315,4,0.75,
fixed,2,5909,0.6542264819145203,0.028263801708817482,0.0001723739260341972,0.07257294654846191,0.6902164816856384,4,0.25,
fixed,2,5910,0.5526979565620422,0.0,0.00027865692391060293,0.30763792991638184,0.6451286673545837,4,0.0,0.7675594687461853
fixed,2,5911,0.6877744197845459,0.02469242364168167,0.01594943180680275,0.40398097038269043,0.8292896747589111,4,1.0,
fixed,2,5912,1.0674127340316772,0.0,0.007863542065024376,0.09519839286804199,1.0999040603637695,4,0.5,
fixed,2,5913,0.370347261428833,0.0,0.006815804168581963,0.0711984634399414,0.3951147198677063,4,0.5,
fixed,2,5914,1.043125867843628,0.0,0.007883843034505844,0.06892216205596924,1.067744493484497,4,0.5,
fixed,2,5915,0.37552934885025024,0.0,0.0053136348724365234,0.09126877784729004,0.4055668115615845,4,0.25,1.4604601860046387
fixed,2,5916,1.113992691040039,0.0229727141559124,0.003620723495259881,0.06650674343109131,1.147241473197937,4,0.5,
fixed,2,5917,0.5344873070716858,0.02077077515423298,0.015731580555438995,0.3754696846008301,0.6653794050216675,4,1.0,
fixed,2,5918,0.6319754123687744,0.0,0.014260217547416687,0.5076673626899719,0.7914057374000549,4,1.0,
fixed,2,5919,0.2716769576072693,0.0,0.008755289018154144,0.07287704944610596,0.2979177236557007,4,0.5,
fixed,2,5920,0.6227297782897949,0.0,0.003586036153137684,0.10570812225341797,0.6562352180480957,4,0.25,1.1915712356567383
fixed,2,5921,0.5117667317390442,0.02819369174540043,0.00016943449736572802,0.11340844631195068,0.5599708557128906,4,0.25,
fixed,2,5922,0.600135087966919,0.022582896053791046,0.00464556273072958,0.055358290672302246,0.6303567886352539,4,0.5,
fixed,2,5923,0.26962167024612427,0.0,0.01927145943045616,0.1224830150604248,0.3160023093223572,4,0.75,
fixed,2,5924,0.49519482254981995,0.016004273667931557,0.002814576029777527,0.06372010707855225,0.5237202644348145,4,0.25,
fixed,2,5925,0.8060126900672913,0.05528082326054573,8.677975711179897e-05,0.06547784805297852,0.8533398509025574,4,0.75,8.36203384399414
fixed,2,5926,0.6597023010253906,0.0,0.02062598243355751,0.1799468994140625,0.7239993810653687,4,0.25,
fixed,2,5927,0.6958743929862976,0.009818517602980137,0.02122645080089569,0.0537186861038208,0.7275124788284302,4,0.75,
fixed,2,5928,0.44384920597076416,0.021983740851283073,0.03393356874585152,0.20584416389465332,0.533561110496521,4,1.0,
fixed,2,5929,0.622654914855957,0.0,0.021745236590504646,0.037633538246154785,0.644817590713501,4,0.5,
fixed,2,5930,0.1806379109621048,0.0,0.024533353745937347,0.0363621711730957,0.20381323993206024,4,0.5,5.005068302154541
fixed,2,5931,1.0104799270629883,0.0,0.01554209552705288,0.15993618965148926,1.0662318468093872,4,0.25,
fixed,2,5932,1.077689290046692,0.0,0.0003767141024582088,0.3999096155166626,1.1978505849838257,4,0.0,
fixed,2,5933,0.5812230706214905,0.0,0.05794202536344528,0.1369258165359497,0.6512718200683594,4,1.0,
fixed,2,5934,0.5161565542221069,0.005907067563384771,0.0324249342083931,0.03934741020202637,0.5471267700195312,4,0.5,
fixed,2,5935,0.5213640332221985,0.0,0.03083258680999279,0.19005131721496582,0.5937957167625427,4,0.0,3.302163600921631
fixed,2,5936,0.538506805896759,0.0,0.0744500532746315,0.05027592182159424,0.5908145904541016,4,0.25,
fixed,2,5937,0.5543566346168518,0.010597575455904007,0.03705577552318573,0.04363906383514404,0.5912750363349915,4,0.75,
fixed,2,5938,0.8857249617576599,0.0,0.022702328860759735,0.14653456211090088,0.9410365223884583,4,0.25,
fixed,2,5939,1.2737023830413818,0.0,0.011539539322257042,0.08898651599884033,1.3061680793762207,4,0.25,
fixed,2,5940,0.47316089272499084,0.017045501619577408,0.029585424810647964,0.09607315063476562,0.5252982974052429,4,1.0,2.6271071434020996
fixed,2,5941,0.6171193718910217,0.017236648127436638,0.014378317631781101,0.03672897815704346,0.643945574760437,4,0.5,
fixed,2,5942,0.6577621698379517,0.0,0.03356329724192619,0.07661962509155273,0.6975297331809998,4,0.75,
fixed,2,5943,0.679593026638031,0.0,0.036985911428928375,0.25842511653900146,0.77561354637146,4,1.0,
fixed,2,5944,0.7472821474075317,9.976183719118126e-06,0.039792414754629135,0.07493650913238525,0.7896642684936523,4,0.75,
fixed,2,5945,0.3855607211589813,2.1635719349433202e-06,1.7846416085376404e-05,0.26717376708984375,0.46572285890579224,4,0.0,0.11878406256437302
fixed,2,5946,0.8285587430000305,0.0,0.04204384237527847,0.06540036201477051,0.8692007660865784,4,0.75,
fixed,2,5947,0.3889037072658539,0.0,0.02782149612903595,0.09917879104614258,0.43256810307502747,4,0.75,
fixed,2,5948,0.5042452216148376,0.0,0.02981005795300007,0.158341646194458,0.566652774810791,4,0.5,
fixed,2,5949,0.5553097128868103,9.491205673839431e-06,0.01070635486394167,0.04480409622192383,0.5741088390350342,4,0.25,
fixed,2,5950,0.794394314289093,8.615036495029926e-05,0.026646364480257034,0.042499661445617676,0.8205104470252991,4,0.5,4.599720478057861
fixed,2,5951,0.6349122524261475,0.02603316307067871,0.023355187848210335,0.31453073024749756,0.7539656758308411,4,1.0,
fixed,2,5952,0.699547290802002,1.3947486877441406e-05,0.015040969476103783,0.0613095760345459,0.7254676222801208,4,0.5,
fixed,2,5953,0.1870407611131668,0.00010136178752873093,0.0061595928855240345,0.07487618923187256,0.2126341015100479,4,0.25,
fixed,2,5954,0.7412043213844299,1.4477482181973755e-06,0.012741286307573318,0.04324197769165039,0.7605482935905457,4,0.25,
fixed,2,5955,1.3958065509796143,6.905361078679562e-05,0.007714537438005209,0.08282077312469482,1.4245445728302002,4,0.25,1.942936658859253
fixed,2,5956,0.6239032745361328,0.0,0.03581620752811432,0.029270529747009277,0.650592565536499,4,0.5,
fixed,2,5957,0.5679289102554321,4.888073817710392e-05,0.017745982855558395,0.050615787506103516,0.5920110940933228,4,0.25,
fixed,2,5958,1.1447103023529053,7.115310290828347e-05,0.009032831527292728,0.09555351734161377,1.1779283285140991,4,0.5,
fixed,2,5959,0.3927326202392578,0.0,0.013094102963805199,0.06561064720153809,0.41896286606788635,4,0.5,
fixed,2,5960,0.7629764080047607,3.687189664702828e-09,0.009575650095939636,0.09989285469055176,0.7977321147918701,4,0.5,2.790006160736084
fixed,2,5961,0.7089889049530029,0.03356827795505524,0.0,0.12105286121368408,0.7620888948440552,4,0.25,
fixed,2,5962,0.5759034156799316,5.826399865327403e-05,0.010339785367250443,0.10401105880737305,0.612305760383606,4,0.5,
fixed,2,5963,0.47130826115608215,0.0,0.011090530082583427,0.24230599403381348,0.5495453476905823,4,0.75,
fixed,2,5964,0.4556386470794678,0.0,0.014473319053649902,0.2093878984451294,0.5256916880607605,4,0.75,
fixed,2,5965,0.5224644541740417,0.0002192309475503862,5.277841410133988e-05,0.2964545488357544,0.6115368008613586,4,0.0,0.11243606358766556
fixed,2,5966,0.519870936870575,0.0,0.015683626756072044,0.28913426399230957,0.6144530177116394,4,0.75,
fixed,2,5967,0.6826168298721313,0.0,0.01464640349149704,0.20234405994415283,0.750643253326416,4,0.75,
fixed,2,5968,0.25372517108917236,1.485899520048406e-05,0.02664615958929062,0.09185099601745605,0.29461097717285156,4,0.5,
fixed,2,5969,0.5745884776115417,0.0,0.008456949144601822,0.06908965110778809,0.5995438694953918,4,0.5,
fixed,2,5970,0.7141848802566528,0.023560471832752228,0.024321556091308594,0.3168315887451172,0.8331753611564636,4,1.0,2.1712613105773926
fixed,2,5971,0.44443389773368835,0.0,0.010482758283615112,0.12147855758666992,0.4861188530921936,4,0.25,
fixed,2,5972,0.7024900317192078,0.0,0.018109021708369255,0.06921660900115967,0.7323095202445984,4,0.5,
fixed,2,5973,0.6224673390388489,0.0,0.02121865749359131,0.13249719142913818,0.672825813293457,4,0.75,
fixed,2,5974,0.4668926000595093,0.0,0.02873852103948593,0.1595170497894287,0.5291169881820679,4,0.5,
fixed,2,5975,1.0246812105178833,0.0,0.005657462868839502,0.08686065673828125,1.0535681247711182,4,0.25,1.466862678527832
fixed,2,5976,0.9174900650978088,4.556925432552816e-06,0.025119947269558907,0.13221502304077148,0.9697168469429016,4,0.75,
fixed,2,5977,0.8512318134307861,0.0,0.013442456722259521,0.0560152530670166,0.8747576475143433,4,0.5,
fixed,2,5978,0.6443461179733276,0.0,0.015846725553274155,0.06727361679077148,0.6724515557289124,4,0.5,
fixed,2,5979,0.663622260093689,0.0,0.0203314870595932,0.04085803031921387,0.6860454082489014,4,0.5,
fixed,2,5980,0.7750371098518372,0.0,0.006075752433389425,0.08931863307952881,0.80487060546875,4,0.25,1.600894808769226
fixed,2,5981,0.28560829162597656,0.0,0.009336618706583977,0.06972599029541016,0.31119439005851746,4,0.5,
fixed,2,5982,0.5144139528274536,0.0,0.007046785671263933,0.11784803867340088,0.5532917380332947,4,0.25,
fixed,2,5983,0.7507846355438232,0.00015956698916852474,0.015564654022455215,0.07431375980377197,0.7809408903121948,4,0.5,
fixed,2,5984,0.5395776033401489,0.0,0.024036405608057976,0.3790222406387329,0.6653025150299072,4,1.0,
fixed,2,5985,0.6694263815879822,0.0,0.015506184659898281,0.1720108985900879,0.7287827730178833,4,0.75,4.414773941040039
fixed,2,5986,0.4661884903907776,0.0,0.020752064883708954,0.41361892223358154,0.6006501913070679,4,1.0,
fixed,2,5987,0.5364038348197937,0.0,0.009674387983977795,0.03486061096191406,0.5516992211341858,4,0.25,
fixed,2,5988,0.6319411396980286,0.0,0.006100662983953953,0.10056674480438232,0.6651614904403687,4,0.25,
fixed,2,5989,0.34904545545578003,0.024112915620207787,0.015373985283076763,0.09033071994781494,0.3958881199359894,3,0.5,
fixed,2,5990,0.5333406329154968,0.0,0.0195152685046196,0.13138067722320557,0.5825124979019165,4,0.75,4.996353626251221
fixed,2,5991,0.5135874152183533,0.0,0.0038337477017194033,0.23684024810791016,0.5865563750267029,4,0.0,
fixed,2,5992,0.5355997681617737,0.017891956493258476,0.0033097602427005768,0.05133056640625,0.5615997910499573,4,0.25,
fixed,2,5993,0.7643792033195496,0.0,0.018604621291160583,0.06412434577941895,0.7929188013076782,4,0.5,
fixed,2,5994,0.6961295008659363,0.0,0.0179448202252388,0.1327430009841919,0.744924783706665,4,0.75,
fixed,2,5995,0.9881423115730286,0.0,0.012882707640528679,0.05147385597229004,1.0100258588790894,4,0.5,3.3591701984405518
fixed,2,5996,0.39654475450515747,0.0,0.007757615298032761,0.12123656272888184,0.4367945194244385,4,0.25,
fixed,2,5997,0.9186875820159912,0.0,0.030860215425491333,0.09203457832336426,0.9617280960083008,4,0.75,
fixed,2,5998,0.34540873765945435,0.0,0.013889392837882042,0.04832899570465088,0.36685213446617126,4,0.5,
fixed,2,5999,0.4620548188686371,0.0,0.022634346038103104,0.2533421516418457,0.5493746399879456,4,0.75,
fixed,2,6000,0.5916897058486938,0.0,0.01853782869875431,0.04796338081359863,0.6153476238250732,4,0.5,4.2352190017700195
fixed,2,6001,0.8305851221084595,0.0,0.014366090297698975,0.15481507778167725,0.8842126727104187,4,0.25,
fixed,2,6002,0.7508624792098999,0.0,0.005403025075793266,0.24197876453399658,0.8261576294898987,4,0.0,
fixed,2,6003,0.97371506690979,0.0,0.006382236257195473,0.11254620552062988,1.0106700658798218,4,0.25,
fixed,2,6004,0.3526025116443634,0.0,0.014207366853952408,0.05712854862213135,0.37684476375579834,4,0.5,
fixed,2,6005,0.3538534641265869,0.0,0.021387729793787003,0.3997099995613098,0.48446035385131836,4,1.0,6.081055641174316
