=== tsct seed 0 start 2026-09-29T03:12:23Z | System-wide memory free percentage: 75% | total = 10240.00M  used = 8795.81M  free = 1444.19M  (encrypted)
[mlx] loaded 8008 raw examples

[mlx] === condition: fixed ===
[mlx] hedge ids (no resize, mode=reserved): [128002, 128003, 128004, 128005]
[mlx] adapted output projection: lm_head (untied)
Trainable parameters: 0.144% (11.545M/8030.261M)
[mlx] 8008 examples after tokenisation (max_len=128)
[mlx] hedge-head check: logit spread=0.000000 contrast_grad_norm=867.548035
[mlx] fixed pre-train (n=8008) acc=0.4384 majority=0.4995 dist={'[CONFIDENT]': 1.0, '[COND_CONFIDENT]': 0.0, '[TEMPORAL_HEDGE]': 0.0, '[UNKNOWN]': 0.0}
[mlx] fixed step 0 ce=7.1407 total=7.1498 grad=0.5135176777839661 conf_frac=1.000 (1s)
[mlx] fixed step 10 ce=3.5932 total=3.6781 grad=8.809487342834473 conf_frac=1.000 (5s)
[mlx] fixed step 20 ce=2.3686 total=2.4257 grad=3.513796091079712 conf_frac=1.000 (10s)
[mlx] fixed step 30 ce=3.9914 total=4.0820 grad=17.742156982421875 conf_frac=0.000 (16s)
[mlx] fixed step 40 ce=3.5994 total=3.6769 grad=10.638068199157715 conf_frac=1.000 (23s)
[mlx] fixed step 50 ce=2.3709 total=2.4139 grad=4.86555814743042 conf_frac=0.000 (29s)
[mlx] fixed step 60 ce=3.7930 total=3.8478 grad=0.7202578783035278 conf_frac=0.000 (34s)
[mlx] fixed step 70 ce=2.7892 total=2.8332 grad=4.819136619567871 conf_frac=1.000 (44s)
[mlx] fixed step 80 ce=3.1543 total=3.1946 grad=2.5896973609924316 conf_frac=1.000 (50s)
[mlx] fixed step 90 ce=4.7246 total=4.7696 grad=0.49186936020851135 conf_frac=0.000 (55s)
[mlx] fixed step 100 ce=3.9943 total=4.0403 grad=6.557831764221191 conf_frac=0.000 (61s)
[mlx] fixed step 110 ce=3.1987 total=3.2400 grad=3.119415044784546 conf_frac=1.000 (67s)
[mlx] fixed step 120 ce=2.5731 total=2.6267 grad=2.7717764377593994 conf_frac=1.000 (72s)
[mlx] fixed step 130 ce=2.8601 total=2.8934 grad=1.2824565172195435 conf_frac=1.000 (77s)
[mlx] fixed step 140 ce=3.2715 total=3.3239 grad=4.19643497467041 conf_frac=0.000 (82s)
[mlx] fixed step 150 ce=2.5131 total=2.5752 grad=6.399399757385254 conf_frac=0.250 (88s)
[mlx] fixed step 160 ce=3.0746 total=3.1033 grad=1.173929214477539 conf_frac=0.250 (93s)
[mlx] fixed step 170 ce=1.3389 total=1.3819 grad=5.2144389152526855 conf_frac=0.000 (99s)
[mlx] fixed step 180 ce=4.1285 total=4.1771 grad=3.3945353031158447 conf_frac=0.750 (104s)
[mlx] fixed step 190 ce=2.2623 total=2.3240 grad=9.975295066833496 conf_frac=1.000 (109s)
[mlx] fixed step 200 ce=2.3396 total=2.3843 grad=2.5390400886535645 conf_frac=0.750 (115s)
[mlx] fixed step 210 ce=2.2915 total=2.3304 grad=3.943044424057007 conf_frac=0.750 (121s)
[mlx] fixed step 220 ce=5.1482 total=5.1766 grad=2.0380184650421143 conf_frac=0.500 (128s)
[mlx] fixed step 230 ce=2.7689 total=2.8045 grad=3.086103677749634 conf_frac=0.500 (139s)
[mlx] fixed step 240 ce=3.1032 total=3.1519 grad=3.745849132537842 conf_frac=0.250 (150s)
[mlx] fixed step 250 ce=2.2950 total=2.3435 grad=2.661007881164551 conf_frac=0.500 (155s)
[mlx] fixed step 260 ce=1.5102 total=1.5666 grad=3.274921178817749 conf_frac=0.000 (161s)
[mlx] fixed step 270 ce=3.2922 total=3.3306 grad=3.729175329208374 conf_frac=0.500 (168s)
[mlx] fixed step 280 ce=2.9100 total=2.9376 grad=3.6315038204193115 conf_frac=0.750 (174s)
[mlx] fixed step 290 ce=3.2642 total=3.3364 grad=8.751823425292969 conf_frac=0.250 (179s)
[mlx] fixed step 300 ce=2.6702 total=2.7455 grad=3.4950876235961914 conf_frac=1.000 (188s)
[mlx] fixed step 310 ce=2.8637 total=2.8925 grad=3.017770767211914 conf_frac=0.000 (194s)
[mlx] fixed step 320 ce=3.2284 total=3.2760 grad=2.974095344543457 conf_frac=0.500 (200s)
[mlx] fixed step 330 ce=3.2322 total=3.2739 grad=3.6361217498779297 conf_frac=0.250 (206s)
[mlx] fixed step 340 ce=2.9261 total=2.9803 grad=7.416148662567139 conf_frac=1.000 (210s)
[mlx] fixed step 350 ce=3.1748 total=3.2024 grad=1.4185479879379272 conf_frac=0.250 (220s)
[mlx] fixed step 360 ce=3.8095 total=3.8469 grad=2.096843957901001 conf_frac=0.500 (229s)
[mlx] fixed step 370 ce=4.3983 total=4.4452 grad=2.0555660724639893 conf_frac=0.500 (236s)
[mlx] fixed step 380 ce=3.5080 total=3.5514 grad=2.7960002422332764 conf_frac=0.500 (240s)
[mlx] fixed step 390 ce=3.7124 total=3.7891 grad=1.8152397871017456 conf_frac=0.000 (246s)
[mlx] fixed step 400 ce=2.1269 total=2.1696 grad=4.563818454742432 conf_frac=0.500 (253s)
[mlx] fixed step 410 ce=2.4758 total=2.5265 grad=2.9516358375549316 conf_frac=0.500 (264s)
[mlx] fixed step 420 ce=5.4946 total=5.5247 grad=1.105249285697937 conf_frac=0.750 (270s)
[mlx] fixed step 430 ce=2.3062 total=2.3936 grad=1.605865716934204 conf_frac=1.000 (276s)
[mlx] fixed step 440 ce=2.8232 total=2.8970 grad=5.760126113891602 conf_frac=1.000 (282s)
[mlx] fixed step 450 ce=3.0755 total=3.1183 grad=2.9256491661071777 conf_frac=0.250 (291s)
[mlx] fixed step 460 ce=2.6455 total=2.6958 grad=2.4649300575256348 conf_frac=0.750 (302s)
[mlx] fixed step 470 ce=3.5097 total=3.5633 grad=2.7911407947540283 conf_frac=0.250 (309s)
=== PAUSED by agent 2026-09-29T03:22:26Z: swap 22288.94M used (> 10 GB limit), pressure level 2. SIGSTOP train=29350 queue=33497
33548 seed=29315
29329; resume with kill -CONT 29350 33497
33548 29315
29329
=== PAUSE corrected 2026-09-29T03:22:39Z: SIGSTOP pids 29315 29329 29350 33497 33548 ; resume: kill -CONT 29315 29329 29350 33497 33548 
[mlx] fixed step 480 ce=3.2829 total=3.3160 grad=3.886726140975952 conf_frac=0.500 (924s)
[mlx] fixed step 490 ce=2.6080 total=2.6368 grad=1.6251579523086548 conf_frac=0.250 (937s)
[mlx] fixed step 500 ce=3.0938 total=3.1452 grad=5.4069013595581055 conf_frac=0.500 (946s)
[mlx] fixed step 510 ce=1.8123 total=1.8587 grad=2.0208497047424316 conf_frac=0.750 (952s)
[mlx] fixed step 520 ce=2.5865 total=2.6401 grad=1.2737348079681396 conf_frac=0.750 (957s)
[mlx] fixed step 530 ce=2.7393 total=2.7822 grad=3.691390037536621 conf_frac=0.750 (966s)
[mlx] fixed step 540 ce=2.0292 total=2.0709 grad=3.5026915073394775 conf_frac=0.750 (973s)
[mlx] fixed step 550 ce=3.5446 total=3.5771 grad=3.039806842803955 conf_frac=0.250 (978s)
[mlx] fixed step 560 ce=3.6899 total=3.7053 grad=1.4143702983856201 conf_frac=0.500 (983s)
[mlx] fixed step 570 ce=2.6016 total=2.6564 grad=4.4984965324401855 conf_frac=1.000 (988s)
[mlx] fixed step 580 ce=3.3835 total=3.4145 grad=1.2162179946899414 conf_frac=0.250 (993s)
[mlx] fixed step 590 ce=2.8551 total=2.9089 grad=2.857304811477661 conf_frac=0.750 (997s)
[mlx] fixed step 600 ce=2.9726 total=3.0277 grad=1.4501689672470093 conf_frac=0.750 (1002s)
[mlx] fixed step 610 ce=2.7058 total=2.7400 grad=1.9282108545303345 conf_frac=0.500 (1006s)
[mlx] fixed step 620 ce=3.7608 total=3.8029 grad=4.2458648681640625 conf_frac=0.500 (1011s)
[mlx] fixed step 630 ce=2.2474 total=2.2924 grad=3.4936225414276123 conf_frac=0.750 (1017s)
[mlx] fixed step 640 ce=1.8263 total=1.9111 grad=3.985989570617676 conf_frac=1.000 (1022s)
[mlx] fixed step 650 ce=3.0453 total=3.1065 grad=2.7640888690948486 conf_frac=0.250 (1028s)
[mlx] fixed step 660 ce=2.7499 total=2.7828 grad=3.467836856842041 conf_frac=0.500 (1032s)
[mlx] fixed step 670 ce=2.6337 total=2.6571 grad=3.152228593826294 conf_frac=0.500 (1038s)
[mlx] fixed step 680 ce=2.4644 total=2.4882 grad=1.3925750255584717 conf_frac=0.250 (1043s)
[mlx] fixed step 690 ce=2.9770 total=3.0336 grad=3.991589069366455 conf_frac=0.250 (1048s)
[mlx] fixed step 700 ce=3.0604 total=3.1270 grad=0.8383256196975708 conf_frac=0.000 (1053s)
[mlx] fixed step 710 ce=2.9740 total=3.0116 grad=1.8828635215759277 conf_frac=0.750 (1058s)
[mlx] fixed step 720 ce=1.9321 total=2.0305 grad=3.6865551471710205 conf_frac=0.750 (1064s)
[mlx] fixed step 730 ce=2.1243 total=2.1625 grad=2.6945431232452393 conf_frac=0.750 (1070s)
[mlx] fixed step 740 ce=2.7160 total=2.7625 grad=1.7166669368743896 conf_frac=0.500 (1075s)
[mlx] fixed step 750 ce=2.2544 total=2.2770 grad=2.0052239894866943 conf_frac=0.250 (1080s)
[mlx] fixed step 760 ce=2.6720 total=2.7060 grad=2.250807762145996 conf_frac=0.250 (1086s)
[mlx] fixed step 770 ce=3.4053 total=3.4593 grad=0.8963618874549866 conf_frac=1.000 (1091s)
[mlx] fixed step 780 ce=2.5873 total=2.6399 grad=7.432277679443359 conf_frac=0.500 (1097s)
[mlx] fixed step 790 ce=2.5648 total=2.6549 grad=3.6598668098449707 conf_frac=1.000 (1102s)
[mlx] fixed step 800 ce=3.3977 total=3.4363 grad=1.5787371397018433 conf_frac=0.250 (1107s)
[mlx] fixed step 810 ce=1.1381 total=1.1818 grad=3.569437026977539 conf_frac=0.750 (1112s)
[mlx] fixed step 820 ce=2.0669 total=2.0943 grad=2.0420773029327393 conf_frac=0.500 (1118s)
[mlx] fixed step 830 ce=2.7685 total=2.8099 grad=2.7309093475341797 conf_frac=0.750 (1122s)
[mlx] fixed step 840 ce=3.0901 total=3.1060 grad=0.93728107213974 conf_frac=0.250 (1127s)
[mlx] fixed step 850 ce=4.2683 total=4.3002 grad=1.2268444299697876 conf_frac=0.250 (1132s)
[mlx] fixed step 860 ce=2.2982 total=2.3296 grad=1.0311609506607056 conf_frac=0.500 (1137s)
[mlx] fixed step 870 ce=1.5968 total=1.6551 grad=1.7835806608200073 conf_frac=0.500 (1142s)
[mlx] fixed step 880 ce=4.1406 total=4.1685 grad=2.056223154067993 conf_frac=0.250 (1147s)
[mlx] fixed step 890 ce=4.0921 total=4.1310 grad=4.289676189422607 conf_frac=0.500 (1152s)
[mlx] fixed step 900 ce=2.0198 total=2.0634 grad=4.395359516143799 conf_frac=0.500 (1157s)
[mlx] fixed step 910 ce=2.2713 total=2.3604 grad=4.150811672210693 conf_frac=0.750 (1162s)
[mlx] fixed step 920 ce=2.7511 total=2.8001 grad=2.7504451274871826 conf_frac=0.500 (1167s)
[mlx] fixed step 930 ce=2.5051 total=2.5352 grad=1.908460021018982 conf_frac=0.500 (1171s)
[mlx] fixed step 940 ce=2.8256 total=2.8533 grad=0.839006781578064 conf_frac=0.500 (1177s)
[mlx] fixed step 950 ce=1.8262 total=1.8687 grad=3.549858570098877 conf_frac=0.750 (1182s)
[mlx] fixed step 960 ce=2.2597 total=2.3477 grad=2.854973554611206 conf_frac=0.750 (1187s)
[mlx] fixed step 970 ce=3.1948 total=3.2113 grad=0.9340784549713135 conf_frac=0.250 (1192s)
[mlx] fixed step 980 ce=3.0248 total=3.1580 grad=1.0469226837158203 conf_frac=0.000 (1197s)
[mlx] fixed step 990 ce=2.6205 total=2.6550 grad=1.8924378156661987 conf_frac=0.250 (1202s)
[mlx] fixed step 1000 ce=2.3648 total=2.3972 grad=1.6644231081008911 conf_frac=0.500 (1207s)
[mlx] fixed step 1010 ce=1.6122 total=1.6582 grad=4.77658748626709 conf_frac=0.750 (1213s)
[mlx] fixed step 1020 ce=1.8060 total=1.8465 grad=1.9141181707382202 conf_frac=0.500 (1218s)
[mlx] fixed step 1030 ce=1.6688 total=1.7336 grad=2.0032835006713867 conf_frac=0.750 (1223s)
[mlx] fixed step 1040 ce=1.3535 total=1.5144 grad=2.600937604904175 conf_frac=1.000 (1230s)
[mlx] fixed step 1050 ce=3.8490 total=3.8870 grad=3.8167872428894043 conf_frac=0.000 (1237s)
[mlx] fixed step 1060 ce=1.9138 total=1.9947 grad=0.829301655292511 conf_frac=0.750 (1242s)
[mlx] fixed step 1070 ce=1.8967 total=1.9628 grad=2.3747456073760986 conf_frac=0.750 (1247s)
[mlx] fixed step 1080 ce=2.7925 total=2.8785 grad=0.8763779401779175 conf_frac=0.000 (1253s)
[mlx] fixed step 1090 ce=1.2260 total=1.2707 grad=2.389331579208374 conf_frac=0.750 (1259s)
[mlx] fixed step 1100 ce=2.5894 total=2.6168 grad=2.974151611328125 conf_frac=0.500 (1263s)
[mlx] fixed step 1110 ce=3.3664 total=3.3937 grad=2.047783136367798 conf_frac=0.250 (1269s)
[mlx] fixed step 1120 ce=2.1080 total=2.1515 grad=1.5694568157196045 conf_frac=0.250 (1274s)
[mlx] fixed step 1130 ce=2.3975 total=2.4423 grad=1.678412914276123 conf_frac=0.500 (1279s)
[mlx] fixed step 1140 ce=1.8766 total=1.9328 grad=3.5872058868408203 conf_frac=0.000 (1285s)
[mlx] fixed step 1150 ce=2.4663 total=2.4838 grad=1.648292899131775 conf_frac=0.250 (1291s)
[mlx] fixed step 1160 ce=1.6762 total=1.7548 grad=6.407733917236328 conf_frac=0.750 (1300s)
=== queue v1 (swap guard) stopped by agent 2026-09-29T03:38:51Z per new instruction; training pid 29350 untouched
[mlx] fixed step 1170 ce=2.9845 total=3.0528 grad=1.2990022897720337 conf_frac=0.000 (1305s)
[mlx] fixed step 1180 ce=3.1083 total=3.1735 grad=2.373300552368164 conf_frac=0.750 (1310s)
[mlx] fixed step 1190 ce=2.2941 total=2.3514 grad=2.202026128768921 conf_frac=0.750 (1314s)
[mlx] fixed step 1200 ce=1.8139 total=1.8563 grad=6.110498428344727 conf_frac=0.500 (1320s)
[mlx] fixed step 1210 ce=1.9344 total=2.0301 grad=4.411256790161133 conf_frac=1.000 (1325s)
[mlx] fixed step 1220 ce=2.9957 total=3.0443 grad=1.360404372215271 conf_frac=0.750 (1330s)
[mlx] fixed step 1230 ce=2.1966 total=2.2234 grad=1.7345788478851318 conf_frac=0.500 (1335s)
=== watchdog 2026-09-29T03:39:28Z: started (pause only on critical pressure or step time > 1.8 s over 10 min)
[mlx] fixed step 1240 ce=2.3832 total=2.4355 grad=2.045642375946045 conf_frac=0.500 (1341s)
[mlx] fixed step 1250 ce=2.7333 total=2.7570 grad=1.3220750093460083 conf_frac=0.500 (1346s)
[mlx] fixed step 1260 ce=1.6358 total=1.6762 grad=5.371252059936523 conf_frac=0.750 (1351s)
[mlx] fixed step 1270 ce=3.3972 total=3.4994 grad=2.572838306427002 conf_frac=1.000 (1356s)
[mlx] fixed step 1280 ce=2.4747 total=2.5013 grad=2.5661044120788574 conf_frac=0.500 (1361s)
[mlx] fixed step 1290 ce=2.3993 total=2.4208 grad=1.4345908164978027 conf_frac=0.500 (1366s)
[mlx] fixed step 1300 ce=3.0498 total=3.0796 grad=1.7490954399108887 conf_frac=0.500 (1372s)
[mlx] fixed step 1310 ce=1.9042 total=1.9292 grad=1.1391150951385498 conf_frac=0.250 (1378s)
[mlx] fixed step 1320 ce=2.7778 total=2.8940 grad=3.4279773235321045 conf_frac=0.000 (1383s)
[mlx] fixed step 1330 ce=2.5783 total=2.6091 grad=0.6823644638061523 conf_frac=0.250 (1388s)
[mlx] fixed step 1340 ce=2.7612 total=2.9776 grad=1.374733328819275 conf_frac=1.000 (1393s)
[mlx] fixed step 1350 ce=3.5466 total=3.5845 grad=5.271589756011963 conf_frac=0.750 (1398s)
[mlx] fixed step 1360 ce=2.3995 total=2.4604 grad=2.2536463737487793 conf_frac=0.250 (1404s)
[mlx] fixed step 1370 ce=2.0123 total=2.1167 grad=4.151666641235352 conf_frac=1.000 (1409s)
[mlx] fixed step 1380 ce=2.2796 total=2.3167 grad=6.8411993980407715 conf_frac=0.500 (1414s)
[mlx] fixed step 1390 ce=2.5321 total=2.5623 grad=3.7652153968811035 conf_frac=0.500 (1420s)
[mlx] fixed step 1400 ce=1.5045 total=1.6175 grad=0.4310288429260254 conf_frac=0.000 (1425s)
[mlx] fixed step 1410 ce=1.3113 total=1.3467 grad=1.9461532831192017 conf_frac=0.500 (1430s)
[mlx] fixed step 1420 ce=2.7085 total=2.7510 grad=4.414773464202881 conf_frac=0.500 (1436s)
[mlx] fixed step 1430 ce=3.2486 total=3.2957 grad=0.9328059554100037 conf_frac=0.250 (1440s)
[mlx] fixed step 1440 ce=2.3077 total=2.3506 grad=1.875190258026123 conf_frac=0.750 (1445s)
[mlx] fixed step 1450 ce=1.9394 total=1.9860 grad=3.00105357170105 conf_frac=0.750 (1450s)
[mlx] fixed step 1460 ce=1.4666 total=1.5084 grad=3.1529247760772705 conf_frac=0.750 (1455s)
[mlx] fixed step 1470 ce=1.4767 total=1.5005 grad=1.393349051475525 conf_frac=0.500 (1460s)
[mlx] fixed step 1480 ce=2.8036 total=2.8771 grad=2.6089441776275635 conf_frac=0.750 (1466s)
[mlx] fixed step 1490 ce=2.7163 total=2.7727 grad=4.442727088928223 conf_frac=0.500 (1471s)
[mlx] fixed step 1500 ce=1.6369 total=1.7025 grad=0.7066207528114319 conf_frac=0.000 (1476s)
[mlx] fixed step 1510 ce=3.3791 total=3.4041 grad=2.4505271911621094 conf_frac=0.500 (1481s)
[mlx] fixed step 1520 ce=3.0410 total=3.0807 grad=2.1902732849121094 conf_frac=0.250 (1486s)
[mlx] fixed step 1530 ce=2.9089 total=2.9350 grad=2.2557802200317383 conf_frac=0.250 (1491s)
[mlx] fixed step 1540 ce=2.1976 total=2.2663 grad=6.290284156799316 conf_frac=1.000 (1496s)
[mlx] fixed step 1550 ce=2.3829 total=2.4301 grad=1.6420470476150513 conf_frac=0.250 (1502s)
[mlx] fixed step 1560 ce=2.2979 total=2.3482 grad=1.7578260898590088 conf_frac=0.250 (1506s)
[mlx] fixed step 1570 ce=1.6538 total=1.6805 grad=2.4712321758270264 conf_frac=0.500 (1511s)
[mlx] fixed step 1580 ce=3.3051 total=3.3200 grad=0.764462947845459 conf_frac=0.250 (1517s)
[mlx] fixed step 1590 ce=1.5604 total=1.6191 grad=2.4469900131225586 conf_frac=0.750 (1523s)
[mlx] fixed step 1600 ce=1.8685 total=1.9078 grad=0.9073821306228638 conf_frac=0.500 (1528s)
[mlx] fixed step 1610 ce=2.4182 total=2.4604 grad=1.8494588136672974 conf_frac=0.750 (1533s)
[mlx] fixed step 1620 ce=3.1087 total=3.1467 grad=3.4368743896484375 conf_frac=0.500 (1537s)
[mlx] fixed step 1630 ce=2.7308 total=2.7719 grad=0.4864065647125244 conf_frac=0.250 (1543s)
[mlx] fixed step 1640 ce=3.1604 total=3.1765 grad=0.18766547739505768 conf_frac=0.250 (1548s)
[mlx] fixed step 1650 ce=1.6390 total=1.6931 grad=2.3766989707946777 conf_frac=0.750 (1554s)
[mlx] fixed step 1660 ce=2.1754 total=2.2040 grad=2.152188539505005 conf_frac=0.250 (1560s)
[mlx] fixed step 1670 ce=3.5391 total=3.5788 grad=1.9778568744659424 conf_frac=0.500 (1565s)
[mlx] fixed step 1680 ce=4.1441 total=4.1950 grad=1.5428763628005981 conf_frac=0.750 (1570s)
[mlx] fixed step 1690 ce=2.1912 total=2.2265 grad=1.7379069328308105 conf_frac=0.500 (1574s)
[mlx] fixed step 1700 ce=2.7845 total=2.8304 grad=3.4582183361053467 conf_frac=0.500 (1580s)
[mlx] fixed step 1710 ce=2.0867 total=2.1227 grad=0.9851017594337463 conf_frac=0.500 (1585s)
[mlx] fixed step 1720 ce=2.2677 total=2.3235 grad=1.1006969213485718 conf_frac=0.750 (1590s)
[mlx] fixed step 1730 ce=2.4761 total=2.5384 grad=2.2316458225250244 conf_frac=0.750 (1595s)
[mlx] fixed step 1740 ce=2.9847 total=3.0638 grad=2.9074244499206543 conf_frac=0.000 (1600s)
[mlx] fixed step 1750 ce=1.4208 total=1.4352 grad=1.4403609037399292 conf_frac=0.250 (1605s)
[mlx] fixed step 1760 ce=2.9443 total=2.9820 grad=3.0321216583251953 conf_frac=0.500 (1610s)
[mlx] fixed step 1770 ce=2.2850 total=2.3184 grad=2.7687084674835205 conf_frac=0.500 (1615s)
[mlx] fixed step 1780 ce=2.5377 total=2.5586 grad=1.1771259307861328 conf_frac=0.250 (1621s)
[mlx] fixed step 1790 ce=2.8305 total=2.8706 grad=0.8738155961036682 conf_frac=0.250 (1626s)
[mlx] fixed step 1800 ce=2.2071 total=2.2324 grad=1.3559980392456055 conf_frac=0.500 (1632s)
[mlx] fixed step 1810 ce=3.3029 total=3.3536 grad=0.9660026431083679 conf_frac=0.250 (1637s)
[mlx] fixed step 1820 ce=1.9287 total=1.9689 grad=0.9413944482803345 conf_frac=0.500 (1643s)
[mlx] fixed step 1830 ce=3.2469 total=3.2917 grad=1.702800989151001 conf_frac=0.250 (1647s)
[mlx] fixed step 1840 ce=2.0452 total=2.0864 grad=1.2165944576263428 conf_frac=0.500 (1652s)
[mlx] fixed step 1850 ce=2.1429 total=2.1700 grad=1.9708385467529297 conf_frac=0.500 (1657s)
[mlx] fixed step 1860 ce=2.7528 total=2.8073 grad=3.1700453758239746 conf_frac=0.000 (1662s)
[mlx] fixed step 1870 ce=3.0194 total=3.0406 grad=2.0956146717071533 conf_frac=0.500 (1668s)
[mlx] fixed step 1880 ce=2.7380 total=2.7613 grad=1.4589509963989258 conf_frac=0.500 (1672s)
[mlx] fixed step 1890 ce=1.9782 total=2.0272 grad=4.607917785644531 conf_frac=0.750 (1680s)
[mlx] fixed step 1900 ce=3.2003 total=3.3281 grad=3.8152754306793213 conf_frac=1.000 (1685s)
[mlx] fixed step 1910 ce=2.4821 total=2.5296 grad=5.982187747955322 conf_frac=0.500 (1691s)
[mlx] fixed step 1920 ce=1.2763 total=1.3054 grad=2.784735679626465 conf_frac=0.500 (1696s)
[mlx] fixed step 1930 ce=2.2458 total=2.2883 grad=1.4767332077026367 conf_frac=0.500 (1701s)
[mlx] fixed step 1940 ce=2.1981 total=2.2332 grad=1.6986851692199707 conf_frac=0.250 (1706s)
[mlx] fixed step 1950 ce=2.1121 total=2.1766 grad=6.765195846557617 conf_frac=0.500 (1711s)
[mlx] fixed step 1960 ce=2.6612 total=2.7269 grad=1.6044121980667114 conf_frac=0.250 (1716s)
[mlx] fixed step 1970 ce=1.4320 total=1.4559 grad=1.2504321336746216 conf_frac=0.500 (1722s)
[mlx] fixed step 1980 ce=3.0221 total=3.0745 grad=1.483971118927002 conf_frac=0.500 (1727s)
[mlx] fixed step 1990 ce=2.3141 total=2.3389 grad=3.509809970855713 conf_frac=0.500 (1732s)
[mlx] fixed step 2000 ce=2.2029 total=2.2522 grad=2.925832748413086 conf_frac=0.750 (1737s)
[mlx] fixed step 2010 ce=1.3282 total=1.3517 grad=1.6949641704559326 conf_frac=0.250 (1742s)
[mlx] fixed step 2020 ce=1.2633 total=1.3180 grad=5.653949737548828 conf_frac=0.750 (1747s)
[mlx] fixed step 2030 ce=1.4720 total=1.6233 grad=1.917372226715088 conf_frac=0.000 (1752s)
[mlx] fixed step 2040 ce=0.6661 total=0.7355 grad=1.7489960193634033 conf_frac=0.750 (1757s)
[mlx] fixed step 2050 ce=1.9108 total=1.9538 grad=1.9975377321243286 conf_frac=0.250 (1762s)
[mlx] fixed step 2060 ce=0.8031 total=0.8284 grad=3.6600894927978516 conf_frac=0.500 (1767s)
[mlx] fixed step 2070 ce=1.3525 total=1.4215 grad=3.9869883060455322 conf_frac=0.750 (1772s)
[mlx] fixed step 2080 ce=1.3429 total=1.5408 grad=1.3857836723327637 conf_frac=1.000 (1777s)
[mlx] fixed step 2090 ce=1.1754 total=1.2001 grad=2.0420329570770264 conf_frac=0.500 (1783s)
[mlx] fixed step 2100 ce=1.2135 total=1.2467 grad=1.365290641784668 conf_frac=0.500 (1788s)
[mlx] fixed step 2110 ce=0.8941 total=0.9313 grad=0.6722235083580017 conf_frac=0.250 (1793s)
[mlx] fixed step 2120 ce=0.7688 total=0.8073 grad=1.672888159751892 conf_frac=0.500 (1797s)
[mlx] fixed step 2130 ce=0.7633 total=0.8046 grad=1.2995567321777344 conf_frac=0.250 (1802s)
[mlx] fixed step 2140 ce=0.6739 total=0.6997 grad=1.9178199768066406 conf_frac=0.500 (1807s)
[mlx] fixed step 2150 ce=1.0661 total=1.1155 grad=4.336205959320068 conf_frac=0.750 (1813s)
[mlx] fixed step 2160 ce=1.5571 total=1.5967 grad=1.3310257196426392 conf_frac=0.500 (1818s)
[mlx] fixed step 2170 ce=1.6276 total=1.6564 grad=2.4752650260925293 conf_frac=0.250 (1822s)
[mlx] fixed step 2180 ce=1.6943 total=1.7691 grad=1.3289003372192383 conf_frac=0.000 (1827s)
[mlx] fixed step 2190 ce=1.6986 total=1.7384 grad=2.0598883628845215 conf_frac=0.500 (1832s)
[mlx] fixed step 2200 ce=1.0774 total=1.1184 grad=1.7538816928863525 conf_frac=0.500 (1837s)
[mlx] fixed step 2210 ce=0.8557 total=0.9104 grad=1.077978491783142 conf_frac=0.750 (1842s)
[mlx] fixed step 2220 ce=1.5067 total=1.5439 grad=1.1153315305709839 conf_frac=0.500 (1848s)
[mlx] fixed step 2230 ce=0.8596 total=0.8946 grad=1.7914988994598389 conf_frac=0.500 (1853s)
[mlx] fixed step 2240 ce=0.7026 total=0.7740 grad=3.642793655395508 conf_frac=0.750 (1858s)
[mlx] fixed step 2250 ce=0.9129 total=0.9604 grad=0.43772268295288086 conf_frac=0.000 (1863s)
[mlx] fixed step 2260 ce=1.1033 total=1.1269 grad=2.01102876663208 conf_frac=0.500 (1868s)
[mlx] fixed step 2270 ce=1.0092 total=1.0706 grad=3.3488614559173584 conf_frac=0.750 (1874s)
[mlx] fixed step 2280 ce=1.6312 total=1.7976 grad=2.4763975143432617 conf_frac=1.000 (1879s)
[mlx] fixed step 2290 ce=0.9334 total=0.9512 grad=0.6252647638320923 conf_frac=0.250 (1884s)
[mlx] fixed step 2300 ce=0.9050 total=0.9410 grad=2.1498003005981445 conf_frac=0.750 (1890s)
[mlx] fixed step 2310 ce=1.1715 total=1.2056 grad=4.905584812164307 conf_frac=0.500 (1895s)
[mlx] fixed step 2320 ce=1.5220 total=1.5543 grad=3.0158791542053223 conf_frac=0.250 (1901s)
[mlx] fixed step 2330 ce=1.8436 total=1.8852 grad=1.5480570793151855 conf_frac=0.500 (1908s)
[mlx] fixed step 2340 ce=1.1941 total=1.2964 grad=0.2559642493724823 conf_frac=0.000 (1914s)
[mlx] fixed step 2350 ce=1.9046 total=1.9386 grad=1.258000135421753 conf_frac=0.250 (1922s)
[mlx] fixed step 2360 ce=0.7419 total=0.7672 grad=1.6160458326339722 conf_frac=0.500 (1927s)
[mlx] fixed step 2370 ce=1.1560 total=1.2156 grad=0.898644208908081 conf_frac=0.250 (1932s)
[mlx] fixed step 2380 ce=1.2428 total=1.2630 grad=0.9103295207023621 conf_frac=0.250 (1937s)
[mlx] fixed step 2390 ce=1.0209 total=1.0695 grad=1.6121379137039185 conf_frac=0.500 (1942s)
[mlx] fixed step 2400 ce=1.2438 total=1.2805 grad=2.4617037773132324 conf_frac=0.500 (1948s)
[mlx] fixed step 2410 ce=1.8589 total=1.8863 grad=1.2469614744186401 conf_frac=0.500 (1952s)
[mlx] fixed step 2420 ce=1.5362 total=1.5597 grad=2.718630313873291 conf_frac=0.500 (1958s)
[mlx] fixed step 2430 ce=0.7809 total=0.8286 grad=1.6468141078948975 conf_frac=0.250 (1963s)
[mlx] fixed step 2440 ce=1.7503 total=1.8337 grad=1.9913127422332764 conf_frac=0.750 (1968s)
[mlx] fixed step 2450 ce=1.6906 total=1.7424 grad=2.0091638565063477 conf_frac=0.250 (1973s)
[mlx] fixed step 2460 ce=2.0758 total=2.1169 grad=3.193842649459839 conf_frac=0.250 (1977s)
[mlx] fixed step 2470 ce=0.8148 total=0.8515 grad=2.438190460205078 conf_frac=0.250 (1985s)
[mlx] fixed step 2480 ce=0.8782 total=0.9258 grad=3.4877824783325195 conf_frac=0.750 (1993s)
[mlx] fixed step 2490 ce=0.6262 total=0.6490 grad=0.5904167294502258 conf_frac=0.250 (1999s)
[mlx] fixed step 2500 ce=0.7725 total=0.8291 grad=1.3275781869888306 conf_frac=0.750 (2004s)
[mlx] fixed step 2510 ce=0.6326 total=0.6581 grad=1.590154767036438 conf_frac=0.500 (2009s)
[mlx] fixed step 2520 ce=1.6907 total=1.7144 grad=1.7217187881469727 conf_frac=0.500 (2014s)
[mlx] fixed step 2530 ce=0.9186 total=0.9413 grad=3.499357223510742 conf_frac=0.500 (2019s)
[mlx] fixed step 2540 ce=0.5513 total=0.5925 grad=3.078826427459717 conf_frac=0.750 (2024s)
[mlx] fixed step 2550 ce=1.4178 total=1.4754 grad=4.014618396759033 conf_frac=0.250 (2029s)
[mlx] fixed step 2560 ce=1.1750 total=1.2200 grad=3.6040985584259033 conf_frac=0.750 (2034s)
[mlx] fixed step 2570 ce=1.5407 total=1.5852 grad=0.6362960934638977 conf_frac=0.000 (2039s)
[mlx] fixed step 2580 ce=1.4364 total=1.4869 grad=2.3985936641693115 conf_frac=0.750 (2045s)
[mlx] fixed step 2590 ce=1.6659 total=1.6977 grad=3.1156716346740723 conf_frac=0.500 (2050s)
[mlx] fixed step 2600 ce=0.6933 total=0.7684 grad=1.096254825592041 conf_frac=0.750 (2055s)
[mlx] fixed step 2610 ce=1.2821 total=1.3190 grad=1.840061902999878 conf_frac=0.500 (2060s)
[mlx] fixed step 2620 ce=1.2628 total=1.2839 grad=1.7305877208709717 conf_frac=0.250 (2066s)
[mlx] fixed step 2630 ce=1.0682 total=1.0884 grad=3.1320548057556152 conf_frac=0.500 (2071s)
[mlx] fixed step 2640 ce=1.5504 total=1.5980 grad=5.374095439910889 conf_frac=0.750 (2077s)
[mlx] fixed step 2650 ce=1.3051 total=1.3420 grad=3.201045513153076 conf_frac=0.500 (2082s)
[mlx] fixed step 2660 ce=1.4198 total=1.4811 grad=2.1119863986968994 conf_frac=0.250 (2087s)
[mlx] fixed step 2670 ce=1.7152 total=1.7732 grad=0.5488497018814087 conf_frac=0.000 (2092s)
[mlx] fixed step 2680 ce=2.1141 total=2.1644 grad=3.6790177822113037 conf_frac=0.250 (2097s)
[mlx] fixed step 2690 ce=1.0805 total=1.1274 grad=1.0718708038330078 conf_frac=0.750 (2102s)
[mlx] fixed step 2700 ce=1.0467 total=1.1106 grad=1.3060579299926758 conf_frac=0.750 (2107s)
[mlx] fixed step 2710 ce=1.5971 total=1.6175 grad=1.4163981676101685 conf_frac=0.250 (2112s)
[mlx] fixed step 2720 ce=0.8294 total=0.8724 grad=1.8628215789794922 conf_frac=0.500 (2117s)
[mlx] fixed step 2730 ce=1.2178 total=1.2778 grad=3.4968502521514893 conf_frac=0.750 (2122s)
[mlx] fixed step 2740 ce=1.3870 total=1.4570 grad=0.854457437992096 conf_frac=0.000 (2131s)
[mlx] fixed step 2750 ce=1.3982 total=1.4394 grad=1.4497063159942627 conf_frac=0.500 (2136s)
[mlx] fixed step 2760 ce=1.1078 total=1.1372 grad=0.6851496696472168 conf_frac=0.250 (2143s)
[mlx] fixed step 2770 ce=1.9037 total=1.9533 grad=2.028911590576172 conf_frac=0.500 (2148s)
[mlx] fixed step 2780 ce=1.6656 total=1.7292 grad=2.037708282470703 conf_frac=0.250 (2152s)
[mlx] fixed step 2790 ce=1.1340 total=1.1907 grad=5.0122599601745605 conf_frac=0.500 (2159s)
[mlx] fixed step 2800 ce=1.7319 total=1.7687 grad=2.4014978408813477 conf_frac=0.500 (2164s)
[mlx] fixed step 2810 ce=1.2841 total=1.4571 grad=2.6256630420684814 conf_frac=1.000 (2169s)
[mlx] fixed step 2820 ce=1.2041 total=1.2750 grad=0.34209486842155457 conf_frac=0.000 (2174s)
[mlx] fixed step 2830 ce=1.1894 total=1.2135 grad=1.373419165611267 conf_frac=0.500 (2180s)
[mlx] fixed step 2840 ce=0.4924 total=0.5158 grad=3.143177032470703 conf_frac=0.500 (2184s)
[mlx] fixed step 2850 ce=1.4935 total=1.5311 grad=1.1553847789764404 conf_frac=0.250 (2189s)
[mlx] fixed step 2860 ce=1.6676 total=1.7258 grad=0.6657752394676208 conf_frac=0.000 (2194s)
[mlx] fixed step 2870 ce=0.9107 total=0.9324 grad=1.5174747705459595 conf_frac=0.250 (2199s)
[mlx] fixed step 2880 ce=1.4735 total=1.4986 grad=2.706005096435547 conf_frac=0.500 (2205s)
[mlx] fixed step 2890 ce=1.0880 total=1.1565 grad=2.0189616680145264 conf_frac=0.750 (2210s)
[mlx] fixed step 2900 ce=0.9856 total=1.0184 grad=1.951737642288208 conf_frac=0.500 (2215s)
[mlx] fixed step 2910 ce=1.7139 total=1.7936 grad=2.763833999633789 conf_frac=0.250 (2220s)
[mlx] fixed step 2920 ce=1.0466 total=1.1169 grad=1.0057779550552368 conf_frac=0.750 (2225s)
[mlx] fixed step 2930 ce=1.4300 total=1.4993 grad=1.45815908908844 conf_frac=0.750 (2230s)
[mlx] fixed step 2940 ce=1.3938 total=1.4546 grad=1.013848900794983 conf_frac=0.000 (2235s)
[mlx] fixed step 2950 ce=0.9019 total=1.0209 grad=4.941431522369385 conf_frac=1.000 (2240s)
[mlx] fixed step 2960 ce=0.9962 total=1.0851 grad=1.3979673385620117 conf_frac=0.750 (2246s)
[mlx] fixed step 2970 ce=1.5744 total=1.6042 grad=3.5948233604431152 conf_frac=0.500 (2252s)
[mlx] fixed step 2980 ce=1.2161 total=1.2601 grad=4.761880874633789 conf_frac=0.500 (2257s)
[mlx] fixed step 2990 ce=1.7148 total=1.7453 grad=1.9903734922409058 conf_frac=0.500 (2263s)
[mlx] fixed step 3000 ce=1.7937 total=1.8659 grad=2.0672380924224854 conf_frac=0.250 (2268s)
[mlx] fixed step 3010 ce=1.2939 total=1.3973 grad=5.818437099456787 conf_frac=1.000 (2273s)
[mlx] fixed step 3020 ce=1.0742 total=1.1037 grad=2.6093549728393555 conf_frac=0.500 (2277s)
[mlx] fixed step 3030 ce=1.2324 total=1.2659 grad=1.2974611520767212 conf_frac=0.250 (2283s)
[mlx] fixed step 3040 ce=1.1758 total=1.1977 grad=1.6570327281951904 conf_frac=0.250 (2289s)
[mlx] fixed step 3050 ce=1.4320 total=1.4712 grad=3.5048723220825195 conf_frac=0.750 (2294s)
[mlx] fixed step 3060 ce=0.5533 total=0.5865 grad=0.548545241355896 conf_frac=0.250 (2300s)
[mlx] fixed step 3070 ce=1.2474 total=1.2855 grad=1.0952014923095703 conf_frac=0.250 (2306s)
[mlx] fixed step 3080 ce=1.5456 total=1.5679 grad=2.235050678253174 conf_frac=0.500 (2312s)
[mlx] fixed step 3090 ce=1.6254 total=1.6570 grad=0.9173161387443542 conf_frac=0.500 (2317s)
[mlx] fixed step 3100 ce=1.7069 total=1.7248 grad=0.7127468585968018 conf_frac=0.250 (2322s)
[mlx] fixed step 3110 ce=1.3232 total=1.3724 grad=2.0329666137695312 conf_frac=0.750 (2327s)
[mlx] fixed step 3120 ce=1.1663 total=1.2228 grad=2.316368818283081 conf_frac=0.500 (2332s)
[mlx] fixed step 3130 ce=1.5462 total=1.6338 grad=0.14450740814208984 conf_frac=0.000 (2338s)
[mlx] fixed step 3140 ce=1.2855 total=1.3056 grad=0.9659507274627686 conf_frac=0.500 (2343s)
[mlx] fixed step 3150 ce=1.9580 total=2.0705 grad=0.5147364735603333 conf_frac=0.000 (2348s)
[mlx] fixed step 3160 ce=0.4535 total=0.5880 grad=3.2598671913146973 conf_frac=1.000 (2353s)
[mlx] fixed step 3170 ce=0.8193 total=0.8366 grad=1.7097153663635254 conf_frac=0.250 (2358s)
[mlx] fixed step 3180 ce=1.0952 total=1.1274 grad=4.728870868682861 conf_frac=0.500 (2363s)
[mlx] fixed step 3190 ce=1.5861 total=1.6223 grad=1.7136576175689697 conf_frac=0.500 (2369s)
[mlx] fixed step 3200 ce=1.0156 total=1.0725 grad=5.6567158699035645 conf_frac=0.750 (2374s)
[mlx] fixed step 3210 ce=1.4065 total=1.4437 grad=5.942311763763428 conf_frac=0.500 (2379s)
[mlx] fixed step 3220 ce=0.6860 total=0.7402 grad=3.7342143058776855 conf_frac=0.750 (2385s)
[mlx] fixed step 3230 ce=0.6482 total=0.7269 grad=1.7067660093307495 conf_frac=0.750 (2391s)
[mlx] fixed step 3240 ce=1.1892 total=1.2420 grad=6.245474338531494 conf_frac=1.000 (2396s)
[mlx] fixed step 3250 ce=1.3933 total=1.4609 grad=6.943746566772461 conf_frac=1.000 (2402s)
[mlx] fixed step 3260 ce=1.3611 total=1.4395 grad=2.827559471130371 conf_frac=0.750 (2407s)
[mlx] fixed step 3270 ce=1.0588 total=1.0885 grad=0.6224876046180725 conf_frac=0.500 (2412s)
[mlx] fixed step 3280 ce=0.7443 total=0.8314 grad=5.364377498626709 conf_frac=1.000 (2417s)
[mlx] fixed step 3290 ce=1.1872 total=1.2180 grad=1.7699553966522217 conf_frac=0.500 (2422s)
[mlx] fixed step 3300 ce=0.9600 total=0.9825 grad=1.8720601797103882 conf_frac=0.500 (2427s)
[mlx] fixed step 3310 ce=1.1858 total=1.2245 grad=2.9749011993408203 conf_frac=0.750 (2433s)
[mlx] fixed step 3320 ce=1.1858 total=1.2564 grad=4.195307731628418 conf_frac=0.750 (2439s)
[mlx] fixed step 3330 ce=1.6759 total=1.7148 grad=2.7859771251678467 conf_frac=0.500 (2444s)
[mlx] fixed step 3340 ce=1.5848 total=1.6361 grad=4.776277542114258 conf_frac=0.750 (2451s)
[mlx] fixed step 3350 ce=0.8267 total=0.8638 grad=2.719261407852173 conf_frac=0.500 (2456s)
[mlx] fixed step 3360 ce=0.3541 total=0.3864 grad=0.9838440418243408 conf_frac=0.500 (2462s)
[mlx] fixed step 3370 ce=1.4928 total=1.5267 grad=1.6423441171646118 conf_frac=0.250 (2467s)
[mlx] fixed step 3380 ce=0.8180 total=0.8506 grad=1.2880663871765137 conf_frac=0.500 (2471s)
[mlx] fixed step 3390 ce=1.7159 total=1.7669 grad=1.9915766716003418 conf_frac=0.250 (2478s)
[mlx] fixed step 3400 ce=1.2301 total=1.2544 grad=3.080733060836792 conf_frac=0.500 (2484s)
[mlx] fixed step 3410 ce=0.8616 total=0.9083 grad=1.3846077919006348 conf_frac=0.250 (2489s)
[mlx] fixed step 3420 ce=1.5076 total=1.5482 grad=0.797404944896698 conf_frac=0.250 (2494s)
[mlx] fixed step 3430 ce=1.2136 total=1.2588 grad=3.540832996368408 conf_frac=0.750 (2500s)
[mlx] fixed step 3440 ce=0.8257 total=0.8663 grad=4.667604446411133 conf_frac=0.500 (2505s)
[mlx] fixed step 3450 ce=0.7891 total=0.8445 grad=3.4156200885772705 conf_frac=0.750 (2512s)
[mlx] fixed step 3460 ce=1.6713 total=1.6976 grad=2.0967957973480225 conf_frac=0.500 (2517s)
[mlx] fixed step 3470 ce=1.8615 total=1.8884 grad=1.338541865348816 conf_frac=0.250 (2522s)
[mlx] fixed step 3480 ce=0.8847 total=0.9011 grad=1.7459310293197632 conf_frac=0.250 (2527s)
[mlx] fixed step 3490 ce=1.5881 total=1.7063 grad=0.7983410358428955 conf_frac=0.000 (2532s)
[mlx] fixed step 3500 ce=3.1397 total=3.1689 grad=2.9449031352996826 conf_frac=0.500 (2537s)
[mlx] fixed step 3510 ce=0.8368 total=0.9429 grad=1.805495262145996 conf_frac=0.500 (2542s)
[mlx] fixed step 3520 ce=1.0410 total=1.1336 grad=1.4038951396942139 conf_frac=0.750 (2547s)
[mlx] fixed step 3530 ce=1.8847 total=1.9121 grad=2.69840407371521 conf_frac=0.500 (2553s)
[mlx] fixed step 3540 ce=1.2696 total=1.3098 grad=0.9379012584686279 conf_frac=0.500 (2558s)
[mlx] fixed step 3550 ce=1.3606 total=1.3969 grad=3.331057071685791 conf_frac=0.500 (2563s)
[mlx] fixed step 3560 ce=1.6667 total=1.6901 grad=3.391263961791992 conf_frac=0.500 (2568s)
[mlx] fixed step 3570 ce=1.4759 total=1.5408 grad=2.8119020462036133 conf_frac=0.250 (2573s)
[mlx] fixed step 3580 ce=1.4945 total=1.5490 grad=5.504507541656494 conf_frac=0.250 (2579s)
[mlx] fixed step 3590 ce=0.6711 total=0.7573 grad=3.8865504264831543 conf_frac=0.750 (2584s)
[mlx] fixed step 3600 ce=0.8816 total=0.9471 grad=2.9684321880340576 conf_frac=0.500 (2589s)
[mlx] fixed step 3610 ce=1.7557 total=1.7979 grad=1.7980036735534668 conf_frac=0.500 (2594s)
[mlx] fixed step 3620 ce=1.7064 total=1.7337 grad=2.0405638217926025 conf_frac=0.250 (2599s)
[mlx] fixed step 3630 ce=1.9704 total=2.0523 grad=3.2698376178741455 conf_frac=1.000 (2604s)
[mlx] fixed step 3640 ce=1.0864 total=1.1249 grad=2.6749258041381836 conf_frac=0.500 (2610s)
[mlx] fixed step 3650 ce=1.1948 total=1.2901 grad=3.163294792175293 conf_frac=0.750 (2614s)
[mlx] fixed step 3660 ce=0.6573 total=0.7059 grad=1.527449369430542 conf_frac=0.500 (2619s)
[mlx] fixed step 3670 ce=1.8564 total=1.8886 grad=3.0136828422546387 conf_frac=0.500 (2625s)
[mlx] fixed step 3680 ce=1.1998 total=1.2184 grad=0.6110253930091858 conf_frac=0.250 (2630s)
[mlx] fixed step 3690 ce=0.7477 total=0.7954 grad=1.0591187477111816 conf_frac=0.750 (2635s)
[mlx] fixed step 3700 ce=1.3954 total=1.4282 grad=2.7900586128234863 conf_frac=0.500 (2642s)
[mlx] fixed step 3710 ce=1.3031 total=1.3300 grad=3.1931798458099365 conf_frac=0.500 (2647s)
[mlx] fixed step 3720 ce=1.3849 total=1.4333 grad=3.162942886352539 conf_frac=0.750 (2653s)
[mlx] fixed step 3730 ce=1.3073 total=1.3528 grad=1.2604862451553345 conf_frac=0.500 (2659s)
[mlx] fixed step 3740 ce=0.9521 total=0.9734 grad=2.1517672538757324 conf_frac=0.500 (2664s)
[mlx] fixed step 3750 ce=1.5975 total=1.6741 grad=0.22669094800949097 conf_frac=0.000 (2669s)
[mlx] fixed step 3760 ce=1.6900 total=1.7234 grad=0.8801007270812988 conf_frac=0.250 (2674s)
[mlx] fixed step 3770 ce=2.1318 total=2.1489 grad=2.285850763320923 conf_frac=0.500 (2679s)
[mlx] fixed step 3780 ce=0.5568 total=0.6467 grad=1.8844125270843506 conf_frac=1.000 (2684s)
[mlx] fixed step 3790 ce=2.4251 total=2.4742 grad=1.8575855493545532 conf_frac=0.750 (2689s)
[mlx] fixed step 3800 ce=1.4713 total=1.5550 grad=1.1128110885620117 conf_frac=0.750 (2695s)
[mlx] fixed step 3810 ce=1.6176 total=1.6495 grad=1.663495659828186 conf_frac=0.500 (2700s)
[mlx] fixed step 3820 ce=1.2524 total=1.2898 grad=6.408814907073975 conf_frac=0.750 (2705s)
[mlx] fixed step 3830 ce=1.1758 total=1.2375 grad=1.1818361282348633 conf_frac=0.250 (2709s)
[mlx] fixed step 3840 ce=0.6764 total=0.7015 grad=2.423428773880005 conf_frac=0.500 (2715s)
[mlx] fixed step 3850 ce=0.9488 total=0.9700 grad=1.0703929662704468 conf_frac=0.250 (2721s)
[mlx] fixed step 3860 ce=1.0834 total=1.1260 grad=1.1226390600204468 conf_frac=0.500 (2725s)
[mlx] fixed step 3870 ce=0.9926 total=1.0186 grad=1.4047611951828003 conf_frac=0.500 (2731s)
[mlx] fixed step 3880 ce=1.2869 total=1.3159 grad=2.071842908859253 conf_frac=0.500 (2736s)
[mlx] fixed step 3890 ce=1.1471 total=1.2097 grad=3.9634947776794434 conf_frac=0.750 (2741s)
[mlx] fixed step 3900 ce=1.5208 total=1.5645 grad=1.5794620513916016 conf_frac=0.500 (2746s)
[mlx] fixed step 3910 ce=1.4193 total=1.4548 grad=3.143724203109741 conf_frac=0.500 (2751s)
[mlx] fixed step 3920 ce=1.2006 total=1.2915 grad=2.8567469120025635 conf_frac=0.750 (2756s)
[mlx] fixed step 3930 ce=1.4345 total=1.5139 grad=1.3969392776489258 conf_frac=0.750 (2760s)
[mlx] fixed step 3940 ce=0.9079 total=0.9495 grad=3.012331485748291 conf_frac=0.500 (2765s)
[mlx] fixed step 3950 ce=0.9779 total=1.0313 grad=0.8811454176902771 conf_frac=0.000 (2770s)
[mlx] fixed step 3960 ce=1.7089 total=1.7447 grad=3.258812189102173 conf_frac=0.500 (2776s)
[mlx] fixed step 3970 ce=1.6289 total=1.7009 grad=3.85575008392334 conf_frac=0.250 (2781s)
[mlx] fixed step 3980 ce=2.1990 total=2.2343 grad=2.9580624103546143 conf_frac=0.500 (2786s)
[mlx] fixed step 3990 ce=1.1274 total=1.1441 grad=2.0385971069335938 conf_frac=0.250 (2792s)
[mlx] fixed step 4000 ce=1.1286 total=1.1667 grad=3.7728428840637207 conf_frac=0.500 (2797s)
[mlx] fixed step 4010 ce=0.6294 total=0.6843 grad=3.8055500984191895 conf_frac=0.750 (2802s)
[mlx] fixed step 4020 ce=0.9675 total=1.0042 grad=2.5876972675323486 conf_frac=0.500 (2806s)
[mlx] fixed step 4030 ce=0.7480 total=0.7764 grad=1.5268102884292603 conf_frac=0.750 (2811s)
[mlx] fixed step 4040 ce=0.6182 total=0.6624 grad=1.8899966478347778 conf_frac=0.250 (2816s)
[mlx] fixed step 4050 ce=0.6033 total=0.6260 grad=0.5843861699104309 conf_frac=0.250 (2821s)
[mlx] fixed step 4060 ce=0.7238 total=0.7824 grad=4.555729866027832 conf_frac=0.750 (2828s)
[mlx] fixed step 4070 ce=0.8189 total=0.8651 grad=7.39872407913208 conf_frac=0.750 (2832s)
[mlx] fixed step 4080 ce=0.3841 total=0.4023 grad=0.9608352780342102 conf_frac=0.250 (2837s)
[mlx] fixed step 4090 ce=0.9367 total=0.9625 grad=2.562375068664551 conf_frac=0.500 (2843s)
[mlx] fixed step 4100 ce=0.5465 total=0.5668 grad=2.5141665935516357 conf_frac=0.500 (2848s)
[mlx] fixed step 4110 ce=0.4339 total=0.5020 grad=3.3473212718963623 conf_frac=0.750 (2853s)
[mlx] fixed step 4120 ce=0.5092 total=0.5546 grad=2.5831995010375977 conf_frac=0.500 (2858s)
[mlx] fixed step 4130 ce=0.5047 total=0.5435 grad=4.092022895812988 conf_frac=0.500 (2862s)
[mlx] fixed step 4140 ce=0.4076 total=0.5509 grad=3.989553689956665 conf_frac=1.000 (2868s)
[mlx] fixed step 4150 ce=0.6428 total=0.7022 grad=1.3072686195373535 conf_frac=0.750 (2873s)
[mlx] fixed step 4160 ce=0.4447 total=0.4724 grad=2.963334083557129 conf_frac=0.500 (2878s)
[mlx] fixed step 4170 ce=0.4408 total=0.4742 grad=1.449423909187317 conf_frac=0.500 (2883s)
[mlx] fixed step 4180 ce=0.6870 total=0.7229 grad=0.5884039402008057 conf_frac=0.500 (2887s)
[mlx] fixed step 4190 ce=0.5186 total=0.5605 grad=1.6025062799453735 conf_frac=0.250 (2892s)
[mlx] fixed step 4200 ce=0.4451 total=0.5303 grad=1.1057339906692505 conf_frac=0.000 (2897s)
[mlx] fixed step 4210 ce=1.2812 total=1.2981 grad=0.9668874740600586 conf_frac=0.250 (2902s)
[mlx] fixed step 4220 ce=0.6743 total=0.7016 grad=2.226006507873535 conf_frac=0.500 (2906s)
[mlx] fixed step 4230 ce=0.4389 total=0.5883 grad=3.6009933948516846 conf_frac=1.000 (2911s)
[mlx] fixed step 4240 ce=0.7228 total=0.7526 grad=3.952711820602417 conf_frac=0.500 (2917s)
[mlx] fixed step 4250 ce=0.4329 total=0.4633 grad=2.335238456726074 conf_frac=0.500 (2922s)
[mlx] fixed step 4260 ce=0.8016 total=0.8352 grad=1.0512864589691162 conf_frac=0.250 (2927s)
[mlx] fixed step 4270 ce=1.3248 total=1.3651 grad=2.2796874046325684 conf_frac=0.250 (2932s)
[mlx] fixed step 4280 ce=0.5062 total=0.5226 grad=0.911072850227356 conf_frac=0.250 (2937s)
[mlx] fixed step 4290 ce=0.6164 total=0.6669 grad=4.330897808074951 conf_frac=0.750 (2942s)
[mlx] fixed step 4300 ce=0.2802 total=0.3021 grad=1.8155792951583862 conf_frac=0.500 (2947s)
[mlx] fixed step 4310 ce=0.5962 total=0.7685 grad=2.7231462001800537 conf_frac=1.000 (2952s)
[mlx] fixed step 4320 ce=1.0912 total=1.1356 grad=1.1552438735961914 conf_frac=0.250 (2956s)
[mlx] fixed step 4330 ce=0.5355 total=0.5534 grad=1.046041488647461 conf_frac=0.250 (2961s)
[mlx] fixed step 4340 ce=0.4046 total=0.4379 grad=0.9788347482681274 conf_frac=0.500 (2966s)
[mlx] fixed step 4350 ce=0.9997 total=1.0553 grad=1.2634729146957397 conf_frac=0.750 (2971s)
[mlx] fixed step 4360 ce=0.4498 total=0.4803 grad=2.0979504585266113 conf_frac=0.500 (2976s)
[mlx] fixed step 4370 ce=0.4895 total=0.6719 grad=2.4174795150756836 conf_frac=1.000 (2982s)
[mlx] fixed step 4380 ce=0.7457 total=0.7924 grad=4.506640434265137 conf_frac=0.750 (2986s)
[mlx] fixed step 4390 ce=0.5990 total=0.6500 grad=4.945266246795654 conf_frac=0.750 (2992s)
[mlx] fixed step 4400 ce=0.7190 total=0.7743 grad=2.077230215072632 conf_frac=0.500 (2997s)
[mlx] fixed step 4410 ce=1.0189 total=1.0673 grad=0.99806147813797 conf_frac=0.750 (3002s)
[mlx] fixed step 4420 ce=1.0108 total=1.0413 grad=0.9226307272911072 conf_frac=0.250 (3007s)
[mlx] fixed step 4430 ce=0.8202 total=0.8409 grad=1.2079652547836304 conf_frac=0.500 (3012s)
[mlx] fixed step 4440 ce=0.3296 total=0.4502 grad=0.8040227890014648 conf_frac=0.000 (3016s)
[mlx] fixed step 4450 ce=0.2527 total=0.2765 grad=0.8440425395965576 conf_frac=0.500 (3021s)
[mlx] fixed step 4460 ce=0.5976 total=0.6512 grad=5.562013626098633 conf_frac=0.250 (3027s)
[mlx] fixed step 4470 ce=0.6464 total=0.7320 grad=1.177811861038208 conf_frac=0.750 (3032s)
[mlx] fixed step 4480 ce=0.4500 total=0.4912 grad=1.1806010007858276 conf_frac=0.750 (3037s)
[mlx] fixed step 4490 ce=0.8804 total=1.0099 grad=3.9143950939178467 conf_frac=1.000 (3042s)
[mlx] fixed step 4500 ce=0.3857 total=0.4145 grad=1.722503900527954 conf_frac=0.500 (3046s)
[mlx] fixed step 4510 ce=1.1315 total=1.2108 grad=0.4277248978614807 conf_frac=0.000 (3051s)
[mlx] fixed step 4520 ce=0.3433 total=0.3687 grad=2.1738407611846924 conf_frac=0.500 (3056s)
[mlx] fixed step 4530 ce=0.9585 total=0.9968 grad=1.4386940002441406 conf_frac=0.500 (3062s)
[mlx] fixed step 4540 ce=1.0379 total=1.0710 grad=2.7006521224975586 conf_frac=0.500 (3067s)
[mlx] fixed step 4550 ce=0.9483 total=0.9720 grad=1.8303349018096924 conf_frac=0.250 (3072s)
[mlx] fixed step 4560 ce=0.5123 total=0.5866 grad=2.245640277862549 conf_frac=0.750 (3077s)
[mlx] fixed step 4570 ce=0.5801 total=0.6623 grad=0.6275719404220581 conf_frac=0.000 (3081s)
[mlx] fixed step 4580 ce=0.5752 total=0.6237 grad=2.732712984085083 conf_frac=0.250 (3089s)
[mlx] fixed step 4590 ce=0.9831 total=1.0378 grad=4.511902809143066 conf_frac=0.750 (3095s)
[mlx] fixed step 4600 ce=1.0288 total=1.0890 grad=1.614784598350525 conf_frac=0.250 (3100s)
[mlx] fixed step 4610 ce=1.1897 total=1.2275 grad=1.4755403995513916 conf_frac=0.750 (3105s)
[mlx] fixed step 4620 ce=1.2106 total=1.2547 grad=3.3516640663146973 conf_frac=0.750 (3109s)
[mlx] fixed step 4630 ce=0.3980 total=0.4393 grad=6.192698001861572 conf_frac=0.750 (3116s)
[mlx] fixed step 4640 ce=0.4909 total=0.5710 grad=2.2964658737182617 conf_frac=0.750 (3121s)
[mlx] fixed step 4650 ce=0.4265 total=0.4886 grad=3.7237565517425537 conf_frac=0.750 (3126s)
[mlx] fixed step 4660 ce=0.3711 total=0.4444 grad=1.5209234952926636 conf_frac=0.250 (3131s)
[mlx] fixed step 4670 ce=1.0930 total=1.1652 grad=1.9587805271148682 conf_frac=0.250 (3137s)
[mlx] fixed step 4680 ce=0.6021 total=0.6244 grad=2.1481130123138428 conf_frac=0.250 (3141s)
[mlx] fixed step 4690 ce=0.5118 total=0.5284 grad=1.4402172565460205 conf_frac=0.250 (3147s)
[mlx] fixed step 4700 ce=0.6016 total=0.6671 grad=0.5262776017189026 conf_frac=0.000 (3152s)
[mlx] fixed step 4710 ce=0.7179 total=0.7937 grad=0.7763301134109497 conf_frac=0.000 (3157s)
[mlx] fixed step 4720 ce=0.7392 total=0.8050 grad=3.0295703411102295 conf_frac=0.250 (3162s)
[mlx] fixed step 4730 ce=0.4360 total=0.4648 grad=2.2203269004821777 conf_frac=0.500 (3168s)
[mlx] fixed step 4740 ce=0.8550 total=0.9031 grad=1.5354621410369873 conf_frac=0.750 (3172s)
[mlx] fixed step 4750 ce=1.0746 total=1.1119 grad=1.131437063217163 conf_frac=0.250 (3177s)
[mlx] fixed step 4760 ce=0.7269 total=0.7653 grad=1.7571097612380981 conf_frac=0.250 (3182s)
[mlx] fixed step 4770 ce=0.8225 total=0.8449 grad=1.9524270296096802 conf_frac=0.500 (3187s)
[mlx] fixed step 4780 ce=0.7763 total=0.8038 grad=1.4253668785095215 conf_frac=0.500 (3192s)
[mlx] fixed step 4790 ce=0.8438 total=0.8685 grad=3.0860400199890137 conf_frac=0.500 (3196s)
[mlx] fixed step 4800 ce=0.7032 total=0.7430 grad=1.3528854846954346 conf_frac=0.750 (3202s)
[mlx] fixed step 4810 ce=0.5505 total=0.5682 grad=2.442986249923706 conf_frac=0.500 (3207s)
[mlx] fixed step 4820 ce=0.4815 total=0.5127 grad=2.0406582355499268 conf_frac=0.500 (3212s)
[mlx] fixed step 4830 ce=0.4713 total=0.5068 grad=1.8136740922927856 conf_frac=0.500 (3217s)
[mlx] fixed step 4840 ce=0.4912 total=0.5354 grad=5.890027046203613 conf_frac=0.750 (3222s)
[mlx] fixed step 4850 ce=0.6356 total=0.7453 grad=1.3629921674728394 conf_frac=0.750 (3226s)
[mlx] fixed step 4860 ce=1.2276 total=1.3034 grad=0.8353575468063354 conf_frac=0.000 (3231s)
[mlx] fixed step 4870 ce=0.6822 total=0.7140 grad=3.0796310901641846 conf_frac=0.500 (3236s)
[mlx] fixed step 4880 ce=1.4462 total=1.4713 grad=2.312893867492676 conf_frac=0.250 (3241s)
[mlx] fixed step 4890 ce=0.7136 total=0.7484 grad=0.33447420597076416 conf_frac=0.000 (3246s)
[mlx] fixed step 4900 ce=0.4389 total=0.4762 grad=4.647075653076172 conf_frac=0.500 (3251s)
[mlx] fixed step 4910 ce=1.0952 total=1.1231 grad=2.3445446491241455 conf_frac=0.500 (3256s)
[mlx] fixed step 4920 ce=0.8270 total=0.9366 grad=5.951534748077393 conf_frac=1.000 (3261s)
[mlx] fixed step 4930 ce=0.9417 total=0.9799 grad=1.4616339206695557 conf_frac=0.250 (3267s)
[mlx] fixed step 4940 ce=0.6397 total=0.6755 grad=1.8463213443756104 conf_frac=0.500 (3272s)
[mlx] fixed step 4950 ce=0.4085 total=0.4990 grad=1.5493608713150024 conf_frac=0.750 (3277s)
[mlx] fixed step 4960 ce=0.4079 total=0.4887 grad=1.7940678596496582 conf_frac=0.750 (3282s)
[mlx] fixed step 4970 ce=0.8127 total=0.8360 grad=1.3601186275482178 conf_frac=0.500 (3287s)
[mlx] fixed step 4980 ce=0.8991 total=0.9299 grad=2.418384313583374 conf_frac=0.250 (3291s)
[mlx] fixed step 4990 ce=0.6285 total=0.6940 grad=1.6542747020721436 conf_frac=0.750 (3296s)
[mlx] fixed step 5000 ce=0.8788 total=0.9887 grad=2.4345786571502686 conf_frac=0.750 (3301s)
[mlx] fixed step 5010 ce=0.7174 total=0.7590 grad=2.7927565574645996 conf_frac=0.250 (3305s)
[mlx] fixed step 5020 ce=0.7952 total=0.8242 grad=2.1797165870666504 conf_frac=0.500 (3311s)
[mlx] fixed step 5030 ce=0.6196 total=0.7095 grad=1.0514062643051147 conf_frac=0.000 (3317s)
[mlx] fixed step 5040 ce=0.7548 total=0.7748 grad=0.9083060026168823 conf_frac=0.250 (3322s)
[mlx] fixed step 5050 ce=0.5943 total=0.6068 grad=1.3391494750976562 conf_frac=0.250 (3327s)
[mlx] fixed step 5060 ce=1.0691 total=1.0943 grad=1.6014946699142456 conf_frac=0.500 (3332s)
[mlx] fixed step 5070 ce=1.1616 total=1.1905 grad=0.910531759262085 conf_frac=0.250 (3337s)
[mlx] fixed step 5080 ce=0.7734 total=0.7853 grad=0.2999997138977051 conf_frac=0.250 (3344s)
[mlx] fixed step 5090 ce=0.6812 total=0.7689 grad=1.214889645576477 conf_frac=0.750 (3349s)
[mlx] fixed step 5100 ce=0.9070 total=0.9537 grad=6.617336273193359 conf_frac=0.250 (3354s)
[mlx] fixed step 5110 ce=0.7437 total=0.7621 grad=0.48757538199424744 conf_frac=0.250 (3359s)
[mlx] fixed step 5120 ce=1.3216 total=1.3439 grad=0.6404972076416016 conf_frac=0.250 (3364s)
[mlx] fixed step 5130 ce=0.5944 total=0.6191 grad=3.515127420425415 conf_frac=0.500 (3369s)
[mlx] fixed step 5140 ce=0.6404 total=0.7051 grad=1.1583619117736816 conf_frac=0.750 (3374s)
[mlx] fixed step 5150 ce=0.5816 total=0.6866 grad=6.379533290863037 conf_frac=1.000 (3378s)
[mlx] fixed step 5160 ce=0.2939 total=0.3185 grad=2.7071878910064697 conf_frac=0.750 (3383s)
[mlx] fixed step 5170 ce=0.4362 total=0.4730 grad=1.3684847354888916 conf_frac=0.500 (3388s)
[mlx] fixed step 5180 ce=0.7261 total=0.7723 grad=3.9252853393554688 conf_frac=0.750 (3393s)
[mlx] fixed step 5190 ce=1.0294 total=1.0429 grad=0.4259614646434784 conf_frac=0.500 (3398s)
[mlx] fixed step 5200 ce=0.3101 total=0.3409 grad=1.6600492000579834 conf_frac=0.500 (3404s)
[mlx] fixed step 5210 ce=1.7597 total=1.8023 grad=1.711348295211792 conf_frac=0.500 (3408s)
[mlx] fixed step 5220 ce=0.9592 total=1.0151 grad=3.933683156967163 conf_frac=0.750 (3413s)
[mlx] fixed step 5230 ce=0.7885 total=0.8129 grad=1.9977238178253174 conf_frac=0.500 (3419s)
[mlx] fixed step 5240 ce=0.4432 total=0.5511 grad=2.3618385791778564 conf_frac=0.750 (3423s)
[mlx] fixed step 5250 ce=0.6433 total=0.6763 grad=2.9033939838409424 conf_frac=0.500 (3428s)
[mlx] fixed step 5260 ce=0.7696 total=0.8042 grad=3.490901470184326 conf_frac=0.250 (3434s)
[mlx] fixed step 5270 ce=1.0613 total=1.2672 grad=2.2771146297454834 conf_frac=1.000 (3438s)
[mlx] fixed step 5280 ce=0.2458 total=0.4144 grad=3.33329701423645 conf_frac=1.000 (3443s)
[mlx] fixed step 5290 ce=0.7529 total=0.7830 grad=3.6709725856781006 conf_frac=0.500 (3449s)
[mlx] fixed step 5300 ce=1.1521 total=1.1885 grad=0.8979793787002563 conf_frac=0.250 (3454s)
[mlx] fixed step 5310 ce=0.8508 total=0.8708 grad=1.906449556350708 conf_frac=0.500 (3458s)
[mlx] fixed step 5320 ce=1.6102 total=1.6625 grad=1.8989392518997192 conf_frac=0.250 (3463s)
[mlx] fixed step 5330 ce=0.4075 total=0.4646 grad=1.1792501211166382 conf_frac=0.750 (3468s)
[mlx] fixed step 5340 ce=1.6334 total=1.6872 grad=5.812796115875244 conf_frac=0.500 (3473s)
[mlx] fixed step 5350 ce=0.5827 total=0.6146 grad=2.1852591037750244 conf_frac=0.500 (3478s)
[mlx] fixed step 5360 ce=0.4922 total=0.5278 grad=3.2957935333251953 conf_frac=0.500 (3483s)
[mlx] fixed step 5370 ce=0.5806 total=0.6123 grad=2.1358866691589355 conf_frac=0.500 (3488s)
[mlx] fixed step 5380 ce=1.4193 total=1.4415 grad=0.43311747908592224 conf_frac=0.250 (3494s)
[mlx] fixed step 5390 ce=0.8073 total=0.8596 grad=1.158934473991394 conf_frac=0.000 (3498s)
[mlx] fixed step 5400 ce=0.4153 total=0.4465 grad=6.3732008934021 conf_frac=0.750 (3504s)
[mlx] fixed step 5410 ce=1.1166 total=1.1440 grad=5.018563747406006 conf_frac=0.500 (3509s)
[mlx] fixed step 5420 ce=0.4213 total=0.6021 grad=2.0040078163146973 conf_frac=1.000 (3514s)
[mlx] fixed step 5430 ce=0.7358 total=0.8323 grad=3.034493923187256 conf_frac=0.750 (3519s)
[mlx] fixed step 5440 ce=1.0260 total=1.0439 grad=1.7788960933685303 conf_frac=0.250 (3524s)
[mlx] fixed step 5450 ce=0.5772 total=0.7268 grad=3.148407459259033 conf_frac=1.000 (3529s)
[mlx] fixed step 5460 ce=0.8946 total=0.9043 grad=1.6327327489852905 conf_frac=0.250 (3534s)
[mlx] fixed step 5470 ce=0.6336 total=0.7628 grad=0.9065829515457153 conf_frac=0.000 (3539s)
[mlx] fixed step 5480 ce=0.9145 total=1.0646 grad=0.9300156831741333 conf_frac=1.000 (3544s)
[mlx] fixed step 5490 ce=0.5492 total=0.5788 grad=5.573888778686523 conf_frac=0.250 (3549s)
[mlx] fixed step 5500 ce=0.6308 total=0.7399 grad=5.034209728240967 conf_frac=1.000 (3554s)
[mlx] fixed step 5510 ce=0.1822 total=0.1992 grad=0.8933140635490417 conf_frac=0.250 (3559s)
[mlx] fixed step 5520 ce=1.6926 total=1.7473 grad=3.83233904838562 conf_frac=0.750 (3564s)
[mlx] fixed step 5530 ce=1.0777 total=1.0959 grad=2.230454921722412 conf_frac=0.500 (3569s)
[mlx] fixed step 5540 ce=0.7581 total=0.7817 grad=1.3130114078521729 conf_frac=0.500 (3574s)
[mlx] fixed step 5550 ce=1.3186 total=1.3650 grad=1.6795827150344849 conf_frac=0.750 (3579s)
[mlx] fixed step 5560 ce=0.9266 total=0.9634 grad=1.709823727607727 conf_frac=0.500 (3583s)
[mlx] fixed step 5570 ce=0.3739 total=0.3910 grad=1.3982603549957275 conf_frac=0.250 (3588s)
[mlx] fixed step 5580 ce=1.6660 total=1.6928 grad=1.6004023551940918 conf_frac=0.500 (3593s)
[mlx] fixed step 5590 ce=1.1922 total=1.2179 grad=1.250900387763977 conf_frac=0.500 (3599s)
[mlx] fixed step 5600 ce=1.0993 total=1.1443 grad=1.1152290105819702 conf_frac=0.750 (3604s)
[mlx] fixed step 5610 ce=0.9541 total=0.9868 grad=1.1133911609649658 conf_frac=0.500 (3609s)
[mlx] fixed step 5620 ce=1.1813 total=1.2146 grad=2.8561410903930664 conf_frac=0.500 (3614s)
[mlx] fixed step 5630 ce=1.0046 total=1.0473 grad=4.334908962249756 conf_frac=0.750 (3618s)
[mlx] fixed step 5640 ce=0.6148 total=0.6654 grad=2.158816337585449 conf_frac=0.250 (3623s)
[mlx] fixed step 5650 ce=0.6084 total=0.6496 grad=1.2150390148162842 conf_frac=0.500 (3628s)
[mlx] fixed step 5660 ce=1.0092 total=1.1387 grad=1.051770806312561 conf_frac=0.000 (3633s)
[mlx] fixed step 5670 ce=1.1066 total=1.2312 grad=1.3223482370376587 conf_frac=0.000 (3637s)
[mlx] fixed step 5680 ce=1.2540 total=1.2798 grad=0.7137975692749023 conf_frac=0.250 (3642s)
[mlx] fixed step 5690 ce=0.6898 total=0.7128 grad=0.6966730356216431 conf_frac=0.250 (3647s)
[mlx] fixed step 5700 ce=1.1861 total=1.2133 grad=2.4589860439300537 conf_frac=0.500 (3652s)
[mlx] fixed step 5710 ce=1.3417 total=1.3596 grad=1.9427378177642822 conf_frac=0.250 (3657s)
[mlx] fixed step 5720 ce=0.3790 total=0.4026 grad=4.700741767883301 conf_frac=0.500 (3662s)
[mlx] fixed step 5730 ce=1.0256 total=1.0530 grad=1.9302217960357666 conf_frac=0.500 (3667s)
[mlx] fixed step 5740 ce=1.0365 total=1.0619 grad=2.5746066570281982 conf_frac=0.250 (3672s)
[mlx] fixed step 5750 ce=0.7289 total=0.7816 grad=4.977468967437744 conf_frac=0.750 (3677s)
[mlx] fixed step 5760 ce=1.2435 total=1.2618 grad=1.993526577949524 conf_frac=0.500 (3682s)
[mlx] fixed step 5770 ce=0.5184 total=0.5984 grad=1.7353450059890747 conf_frac=0.750 (3688s)
[mlx] fixed step 5780 ce=0.5819 total=0.6824 grad=2.2702510356903076 conf_frac=0.750 (3693s)
[mlx] fixed step 5790 ce=0.8168 total=0.8480 grad=1.4511687755584717 conf_frac=0.500 (3698s)
[mlx] fixed step 5800 ce=0.7792 total=0.8196 grad=0.5672393441200256 conf_frac=0.250 (3703s)
[mlx] fixed step 5810 ce=0.4748 total=0.5100 grad=5.1484456062316895 conf_frac=0.750 (3708s)
[mlx] fixed step 5820 ce=0.8114 total=0.8547 grad=0.6055037975311279 conf_frac=0.500 (3713s)
[mlx] fixed step 5830 ce=1.0384 total=1.0661 grad=2.6694352626800537 conf_frac=0.250 (3719s)
[mlx] fixed step 5840 ce=0.7961 total=0.8655 grad=2.7366318702697754 conf_frac=0.250 (3724s)
[mlx] fixed step 5850 ce=0.6508 total=0.6781 grad=0.9902943968772888 conf_frac=0.250 (3730s)
[mlx] fixed step 5860 ce=0.6475 total=0.6958 grad=4.6250481605529785 conf_frac=0.500 (3736s)
[mlx] fixed step 5870 ce=0.4577 total=0.4874 grad=1.8802627325057983 conf_frac=0.500 (3742s)
[mlx] fixed step 5880 ce=1.7551 total=1.8112 grad=4.241697788238525 conf_frac=0.750 (3747s)
[mlx] fixed step 5890 ce=0.7903 total=0.9204 grad=4.002109527587891 conf_frac=1.000 (3753s)
[mlx] fixed step 5900 ce=1.0291 total=1.1179 grad=6.321753978729248 conf_frac=1.000 (3758s)
[mlx] fixed step 5910 ce=1.4608 total=1.4929 grad=3.928152322769165 conf_frac=0.500 (3764s)
[mlx] fixed step 5920 ce=0.8388 total=0.8580 grad=1.866400957107544 conf_frac=0.500 (3770s)
[mlx] fixed step 5930 ce=0.8082 total=0.8740 grad=2.3029370307922363 conf_frac=0.750 (3775s)
[mlx] fixed step 5940 ce=1.0432 total=1.0693 grad=1.8743752241134644 conf_frac=0.500 (3781s)
[mlx] fixed step 5950 ce=1.0061 total=1.0422 grad=1.5441710948944092 conf_frac=0.500 (3786s)
[mlx] fixed step 5960 ce=1.2397 total=1.2712 grad=3.148881196975708 conf_frac=0.500 (3791s)
[mlx] fixed step 5970 ce=0.6872 total=0.7162 grad=2.4208595752716064 conf_frac=0.500 (3796s)
[mlx] fixed step 5980 ce=0.9068 total=0.9965 grad=2.0932040214538574 conf_frac=0.750 (3802s)
[mlx] fixed step 5990 ce=0.8174 total=0.9009 grad=2.1105456352233887 conf_frac=0.750 (3807s)
[mlx] fixed step 6000 ce=0.4643 total=0.5133 grad=1.3628419637680054 conf_frac=0.500 (3812s)
[mlx] fixed post-train (n=8008) acc=0.9629 majority=0.4995 dist={'[CONFIDENT]': 0.45167332667332666, '[COND_CONFIDENT]': 0.06431068931068931, '[TEMPORAL_HEDGE]': 0.484015984015984, '[UNKNOWN]': 0.0}
[mlx] fixed accuracy lift over majority-class baseline: +0.4634 (discriminating)
[mlx] fixed finished: 6006 steps in 3814.5s
[mlx] saved adapter -> data/prep/tcl_mlx_llama3/tsct_seed0/adapter_fixed

[mlx] wrote data/prep/tcl_mlx_llama3/tsct_seed0/loss_log.csv
[mlx] wrote data/prep/tcl_mlx_llama3/tsct_seed0/run_meta.json
=== train tsct seed 0 wall 4523s
[gen] 3622 examples | source=temporal-delta:test | arm=tsct | adapter=data/prep/tcl_mlx_llama3/tsct_seed0/adapter_fixed
[transformers] Ignoring clean_up_tokenization_spaces=True for BPE tokenizer LlamaTokenizer. The clean_up_tokenization post-processing step is designed for WordPiece tokenizers and is destructive for BPE (it strips spaces before punctuation). Set clean_up_tokenization_spaces=False to suppress this warning, or set clean_up_tokenization_spaces_for_bpe_even_though_it_will_corrupt_output=True to force cleanup anyway.
[gen] 100/3622  EM=0.000 hedge_acc=1.000 fallback=0.030 (19s, 0.19s/ex)
[gen] 200/3622  EM=0.000 hedge_acc=0.995 fallback=0.015 (38s, 0.19s/ex)
[gen] 300/3622  EM=0.000 hedge_acc=0.997 fallback=0.017 (58s, 0.19s/ex)
[gen] 400/3622  EM=0.000 hedge_acc=0.998 fallback=0.015 (79s, 0.20s/ex)
[gen] 500/3622  EM=0.000 hedge_acc=0.998 fallback=0.014 (102s, 0.20s/ex)
[gen] 600/3622  EM=0.000 hedge_acc=0.998 fallback=0.013 (127s, 0.21s/ex)
[gen] 700/3622  EM=0.000 hedge_acc=0.999 fallback=0.011 (149s, 0.21s/ex)
[gen] 800/3622  EM=0.000 hedge_acc=0.999 fallback=0.011 (171s, 0.21s/ex)
[gen] 900/3622  EM=0.000 hedge_acc=0.999 fallback=0.010 (193s, 0.21s/ex)
[gen] 1000/3622  EM=0.000 hedge_acc=0.999 fallback=0.009 (215s, 0.21s/ex)
[gen] 1100/3622  EM=0.000 hedge_acc=0.999 fallback=0.008 (237s, 0.22s/ex)
[gen] 1200/3622  EM=0.000 hedge_acc=0.999 fallback=0.007 (259s, 0.22s/ex)
[gen] 1300/3622  EM=0.000 hedge_acc=0.999 fallback=0.008 (281s, 0.22s/ex)
[gen] 1400/3622  EM=0.000 hedge_acc=0.999 fallback=0.007 (305s, 0.22s/ex)
[gen] 1500/3622  EM=0.000 hedge_acc=0.999 fallback=0.007 (326s, 0.22s/ex)
[gen] 1600/3622  EM=0.000 hedge_acc=0.999 fallback=0.007 (349s, 0.22s/ex)
[gen] 1700/3622  EM=0.000 hedge_acc=0.998 fallback=0.006 (370s, 0.22s/ex)
[gen] 1800/3622  EM=0.000 hedge_acc=0.998 fallback=0.006 (390s, 0.22s/ex)
[gen] 1900/3622  EM=0.000 hedge_acc=0.998 fallback=0.006 (411s, 0.22s/ex)
[gen] 2000/3622  EM=0.000 hedge_acc=0.999 fallback=0.005 (432s, 0.22s/ex)
[gen] 2100/3622  EM=0.000 hedge_acc=0.999 fallback=0.005 (452s, 0.22s/ex)
[gen] 2200/3622  EM=0.000 hedge_acc=0.998 fallback=0.005 (475s, 0.22s/ex)
[gen] 2300/3622  EM=0.000 hedge_acc=0.998 fallback=0.005 (495s, 0.22s/ex)
[gen] 2400/3622  EM=0.000 hedge_acc=0.998 fallback=0.005 (514s, 0.21s/ex)
[gen] 2500/3622  EM=0.000 hedge_acc=0.998 fallback=0.005 (533s, 0.21s/ex)
[gen] 2600/3622  EM=0.000 hedge_acc=0.998 fallback=0.005 (555s, 0.21s/ex)
[gen] 2700/3622  EM=0.000 hedge_acc=0.999 fallback=0.005 (576s, 0.21s/ex)
[gen] 2800/3622  EM=0.000 hedge_acc=0.999 fallback=0.005 (597s, 0.21s/ex)
[gen] 2900/3622  EM=0.000 hedge_acc=0.998 fallback=0.006 (619s, 0.21s/ex)
[gen] 3000/3622  EM=0.000 hedge_acc=0.998 fallback=0.006 (641s, 0.21s/ex)
[gen] 3100/3622  EM=0.000 hedge_acc=0.998 fallback=0.006 (662s, 0.21s/ex)
[gen] 3200/3622  EM=0.000 hedge_acc=0.998 fallback=0.007 (687s, 0.21s/ex)
[gen] 3300/3622  EM=0.000 hedge_acc=0.998 fallback=0.007 (708s, 0.21s/ex)
[gen] 3400/3622  EM=0.001 hedge_acc=0.998 fallback=0.007 (724s, 0.21s/ex)
[gen] 3500/3622  EM=0.001 hedge_acc=0.998 fallback=0.007 (743s, 0.21s/ex)
[gen] 3600/3622  EM=0.001 hedge_acc=0.998 fallback=0.010 (761s, 0.21s/ex)

[gen] wrote data/prep/predictions_llama3/tsct_seed0_test.jsonl
[gen] n=3622  EM=0.0008  hedge_acc=0.9983  fallback_rate=0.0097  wall=765s
=== eval tsct seed 0 test wall 770s
[gen] 413 examples | source=freshqa | arm=tsct | adapter=data/prep/tcl_mlx_llama3/tsct_seed0/adapter_fixed
[transformers] Ignoring clean_up_tokenization_spaces=True for BPE tokenizer LlamaTokenizer. The clean_up_tokenization post-processing step is designed for WordPiece tokenizers and is destructive for BPE (it strips spaces before punctuation). Set clean_up_tokenization_spaces=False to suppress this warning, or set clean_up_tokenization_spaces_for_bpe_even_though_it_will_corrupt_output=True to force cleanup anyway.
[gen] 100/413  EM=0.040 hedge_acc=0.270 fallback=0.020 (17s, 0.17s/ex)
[gen] 200/413  EM=0.055 hedge_acc=0.330 fallback=0.015 (36s, 0.18s/ex)
[gen] 300/413  EM=0.043 hedge_acc=0.300 fallback=0.017 (55s, 0.18s/ex)
[gen] 400/413  EM=0.045 hedge_acc=0.278 fallback=0.022 (75s, 0.19s/ex)

[gen] wrote data/prep/predictions_llama3/tsct_seed0_freshqa.jsonl
[gen] n=413  EM=0.0436  hedge_acc=0.2712  fallback_rate=0.0218  wall=78s
=== eval tsct seed 0 freshqa wall 82s
=== tsct seed 0 done 2026-09-29T04:41:58Z
=== guard 2026-09-29T04:42:27Z pressure_level=1 swap=total = 9216.00M  used = 7595.50M  free = 1620.50M  (encrypted) | System-wide memory free percentage: 85%
=== sft_only seed 0 start 2026-09-29T04:42:27Z | System-wide memory free percentage: 85% | total = 9216.00M  used = 7595.50M  free = 1620.50M  (encrypted)
[mlx] loaded 8008 raw examples

[mlx] === condition: fixed ===
[mlx] hedge ids (no resize, mode=reserved): [128002, 128003, 128004, 128005]
[mlx] adapted output projection: lm_head (untied)
Trainable parameters: 0.144% (11.545M/8030.261M)
[mlx] 8008 examples after tokenisation (max_len=128)
[mlx] hedge-head check: logit spread=0.000000 contrast_grad_norm=867.548035
=== STOPPED by agent 2026-09-29T04:44:17Z: tokenizer bug -- transformers 5.8.1 loads this checkpoint's tokenizer as LlamaTokenizer, which drops spaces at encode time ('Mark Parker' -> Mark,P,arker). tsct seed 0 and the running sft_only seed 0 trained on spaceless text; both invalid. Fixing the tokenizer load before any rerun.
=== invalid run outputs moved to data/prep/{tcl_mlx,predictions}_llama3_invalid_spaceless; base now Meta-Llama-3-8B-4bit-tokfix (tokenizer_class fixed); trainer asserts tokenizer round-trip
=== guard 2026-09-29T04:46:18Z pressure_level=1 swap=total = 8192.00M  used = 7296.25M  free = 895.75M  (encrypted) | System-wide memory free percentage: 78%
=== sft_only seed 0 start 2026-09-29T04:46:18Z | System-wide memory free percentage: 78% | total = 8192.00M  used = 7296.25M  free = 895.75M  (encrypted)
=== watchdog 2026-09-29T04:46:19Z: started (pause only on critical pressure or step time > 1.8 s over 10 min)
[mlx] loaded 8008 raw examples

[mlx] === condition: fixed ===
[transformers] Ignoring clean_up_tokenization_spaces=True for BPE tokenizer TokenizersBackend. The clean_up_tokenization post-processing step is designed for WordPiece tokenizers and is destructive for BPE (it strips spaces before punctuation). Set clean_up_tokenization_spaces=False to suppress this warning, or set clean_up_tokenization_spaces_for_bpe_even_though_it_will_corrupt_output=True to force cleanup anyway.
[mlx] hedge ids (no resize, mode=reserved): [128002, 128003, 128004, 128005]
[mlx] adapted output projection: lm_head (untied)
Trainable parameters: 0.144% (11.545M/8030.261M)
[mlx] 8008 examples after tokenisation (max_len=128)
[mlx] hedge-head check: logit spread=0.000000 contrast_grad_norm=804.066223
=== queue v2 stopped by agent 2026-09-29T04:49:34Z: the v3 edit had not been applied (sed failure earlier in the command chain); sft_only seed 0 (tokfix, valid) left running; queue v3 waits for it, then runs all remaining arm-seeds
[mlx] fixed pre-train (n=8008) acc=0.4384 majority=0.4995 dist={'[CONFIDENT]': 1.0, '[COND_CONFIDENT]': 0.0, '[TEMPORAL_HEDGE]': 0.0, '[UNKNOWN]': 0.0}
[mlx] fixed step 0 ce=6.9848 total=6.9848 grad=0.2383430302143097 conf_frac=1.000 (1s)
[mlx] fixed step 10 ce=2.3278 total=2.3278 grad=4.382307052612305 conf_frac=0.000 (5s)
[mlx] fixed step 20 ce=2.0424 total=2.0424 grad=14.27291202545166 conf_frac=1.000 (9s)
[mlx] fixed step 30 ce=3.1404 total=3.1404 grad=30.053985595703125 conf_frac=0.000 (14s)
[mlx] fixed step 40 ce=2.4877 total=2.4877 grad=16.698200225830078 conf_frac=1.000 (18s)
[mlx] fixed step 50 ce=1.8245 total=1.8245 grad=3.8593733310699463 conf_frac=1.000 (23s)
[mlx] fixed step 60 ce=2.1506 total=2.1506 grad=6.688748359680176 conf_frac=0.000 (27s)
[mlx] fixed step 70 ce=2.1578 total=2.1578 grad=6.4720611572265625 conf_frac=0.000 (32s)
[mlx] fixed step 80 ce=2.1950 total=2.1950 grad=11.39374828338623 conf_frac=1.000 (36s)
[mlx] fixed step 90 ce=2.5982 total=2.5982 grad=8.219202995300293 conf_frac=0.000 (40s)
[mlx] fixed step 100 ce=2.5446 total=2.5446 grad=5.075169563293457 conf_frac=0.000 (44s)
[mlx] fixed step 110 ce=2.1316 total=2.1316 grad=8.822851181030273 conf_frac=0.000 (49s)
[mlx] fixed step 120 ce=1.8237 total=1.8237 grad=2.0246477127075195 conf_frac=0.000 (53s)
[mlx] fixed step 130 ce=1.7501 total=1.7501 grad=8.83597469329834 conf_frac=1.000 (57s)
[mlx] fixed step 140 ce=2.5237 total=2.5237 grad=0.2071935385465622 conf_frac=0.750 (61s)
[mlx] fixed step 150 ce=1.6415 total=1.6415 grad=11.962849617004395 conf_frac=0.000 (66s)
[mlx] fixed step 160 ce=2.1032 total=2.1032 grad=6.213412761688232 conf_frac=0.000 (70s)
[mlx] fixed step 170 ce=1.1745 total=1.1745 grad=5.348800182342529 conf_frac=0.000 (74s)
[mlx] fixed step 180 ce=2.0943 total=2.0943 grad=1.3448225259780884 conf_frac=0.000 (78s)
[mlx] fixed step 190 ce=1.2690 total=1.2690 grad=18.65057373046875 conf_frac=0.500 (82s)
[mlx] fixed step 200 ce=1.5710 total=1.5710 grad=13.356683731079102 conf_frac=1.000 (88s)
[mlx] fixed step 210 ce=1.5841 total=1.5841 grad=4.215729236602783 conf_frac=0.750 (92s)
[mlx] fixed step 220 ce=2.4595 total=2.4595 grad=9.372810363769531 conf_frac=0.000 (97s)
[mlx] fixed step 230 ce=1.6421 total=1.6421 grad=2.306246757507324 conf_frac=0.000 (101s)
[mlx] fixed step 240 ce=1.9893 total=1.9893 grad=4.203530311584473 conf_frac=0.000 (106s)
[mlx] fixed step 250 ce=1.1437 total=1.1437 grad=9.082664489746094 conf_frac=0.000 (110s)
[mlx] fixed step 260 ce=1.3517 total=1.3517 grad=2.7673709392547607 conf_frac=1.000 (114s)
[mlx] fixed step 270 ce=2.8314 total=2.8314 grad=3.740145206451416 conf_frac=1.000 (118s)
[mlx] fixed step 280 ce=2.0718 total=2.0718 grad=14.63991641998291 conf_frac=1.000 (122s)
[mlx] fixed step 290 ce=2.2271 total=2.2271 grad=11.913694381713867 conf_frac=0.000 (126s)
[mlx] fixed step 300 ce=1.4779 total=1.4779 grad=10.028139114379883 conf_frac=0.000 (131s)
[mlx] fixed step 310 ce=2.2698 total=2.2698 grad=14.965632438659668 conf_frac=0.000 (135s)
[mlx] fixed step 320 ce=1.8877 total=1.8877 grad=2.530132532119751 conf_frac=0.000 (139s)
[mlx] fixed step 330 ce=2.3370 total=2.3370 grad=2.0341415405273438 conf_frac=0.000 (143s)
[mlx] fixed step 340 ce=1.7017 total=1.7017 grad=13.540471076965332 conf_frac=1.000 (147s)
[mlx] fixed step 350 ce=2.6389 total=2.6389 grad=8.902741432189941 conf_frac=0.000 (152s)
[mlx] fixed step 360 ce=1.9891 total=1.9891 grad=0.9608091115951538 conf_frac=0.000 (157s)
[mlx] fixed step 370 ce=3.1145 total=3.1145 grad=7.4315690994262695 conf_frac=0.000 (161s)
[mlx] fixed step 380 ce=2.5942 total=2.5942 grad=9.269803047180176 conf_frac=0.500 (165s)
[mlx] fixed step 390 ce=2.6456 total=2.6456 grad=14.76931095123291 conf_frac=0.250 (170s)
[mlx] fixed step 400 ce=1.5694 total=1.5694 grad=7.013415813446045 conf_frac=1.000 (174s)
[mlx] fixed step 410 ce=1.6982 total=1.6982 grad=9.920690536499023 conf_frac=1.000 (179s)
[mlx] fixed step 420 ce=3.4750 total=3.4750 grad=1.0710831880569458 conf_frac=0.000 (184s)
[mlx] fixed step 430 ce=1.7051 total=1.7051 grad=12.28814697265625 conf_frac=0.000 (190s)
[mlx] fixed step 440 ce=1.6516 total=1.6516 grad=15.618158340454102 conf_frac=0.000 (194s)
[mlx] fixed step 450 ce=1.8596 total=1.8596 grad=2.604166030883789 conf_frac=0.000 (198s)
[mlx] fixed step 460 ce=2.2765 total=2.2765 grad=6.591540336608887 conf_frac=0.000 (203s)
[mlx] fixed step 470 ce=2.7618 total=2.7618 grad=6.218227386474609 conf_frac=0.250 (207s)
[mlx] fixed step 480 ce=1.7809 total=1.7809 grad=1.9066643714904785 conf_frac=0.250 (212s)
[mlx] fixed step 490 ce=2.0361 total=2.0361 grad=3.063514471054077 conf_frac=0.000 (216s)
[mlx] fixed step 500 ce=2.4363 total=2.4363 grad=8.542447090148926 conf_frac=0.000 (221s)
[mlx] fixed step 510 ce=1.7155 total=1.7155 grad=1.8923877477645874 conf_frac=0.750 (226s)
[mlx] fixed step 520 ce=1.1109 total=1.1109 grad=2.663679599761963 conf_frac=0.500 (230s)
[mlx] fixed step 530 ce=2.4399 total=2.4399 grad=10.631525993347168 conf_frac=0.500 (234s)
[mlx] fixed step 540 ce=1.6379 total=1.6379 grad=7.804869174957275 conf_frac=0.750 (239s)
[mlx] fixed step 550 ce=2.3624 total=2.3624 grad=9.62236499786377 conf_frac=0.250 (243s)
[mlx] fixed step 560 ce=2.8901 total=2.8901 grad=16.347368240356445 conf_frac=0.750 (247s)
[mlx] fixed step 570 ce=1.9980 total=1.9980 grad=8.403728485107422 conf_frac=0.250 (251s)
[mlx] fixed step 580 ce=1.8722 total=1.8722 grad=7.5355072021484375 conf_frac=0.500 (255s)
[mlx] fixed step 590 ce=1.6757 total=1.6757 grad=6.9011640548706055 conf_frac=0.500 (259s)
[mlx] fixed step 600 ce=1.9544 total=1.9544 grad=0.6744430661201477 conf_frac=0.750 (263s)
[mlx] fixed step 610 ce=0.9492 total=0.9492 grad=9.826523780822754 conf_frac=0.500 (268s)
[mlx] fixed step 620 ce=1.2916 total=1.2916 grad=1.914998173713684 conf_frac=0.750 (272s)
[mlx] fixed step 630 ce=1.5814 total=1.5814 grad=6.421660900115967 conf_frac=0.500 (276s)
[mlx] fixed step 640 ce=1.6467 total=1.6467 grad=14.660250663757324 conf_frac=0.500 (281s)
[mlx] fixed step 650 ce=2.0309 total=2.0309 grad=6.82669734954834 conf_frac=0.000 (285s)
[mlx] fixed step 660 ce=1.3514 total=1.3514 grad=6.113658905029297 conf_frac=0.500 (289s)
[mlx] fixed step 670 ce=2.1618 total=2.1618 grad=9.306607246398926 conf_frac=0.500 (294s)
[mlx] fixed step 680 ce=2.1431 total=2.1431 grad=0.42073342204093933 conf_frac=0.250 (298s)
[mlx] fixed step 690 ce=2.7681 total=2.7681 grad=7.495375633239746 conf_frac=0.750 (303s)
[mlx] fixed step 700 ce=2.4302 total=2.4302 grad=5.787874221801758 conf_frac=0.000 (307s)
[mlx] fixed step 710 ce=2.3957 total=2.3957 grad=2.313458204269409 conf_frac=0.500 (311s)
[mlx] fixed step 720 ce=1.4350 total=1.4350 grad=1.6896872520446777 conf_frac=1.000 (316s)
[mlx] fixed step 730 ce=1.1968 total=1.1968 grad=5.507569789886475 conf_frac=0.500 (320s)
[mlx] fixed step 740 ce=1.9493 total=1.9493 grad=3.6913132667541504 conf_frac=0.500 (324s)
[mlx] fixed step 750 ce=1.5161 total=1.5161 grad=0.9072777032852173 conf_frac=0.250 (328s)
[mlx] fixed step 760 ce=1.3060 total=1.3060 grad=0.46667465567588806 conf_frac=0.250 (333s)
[mlx] fixed step 770 ce=1.9711 total=1.9711 grad=4.177010536193848 conf_frac=0.750 (337s)
[mlx] fixed step 780 ce=2.0025 total=2.0025 grad=1.0844433307647705 conf_frac=0.750 (342s)
[mlx] fixed step 790 ce=1.0655 total=1.0655 grad=4.855493545532227 conf_frac=0.750 (346s)
[mlx] fixed step 800 ce=2.5230 total=2.5230 grad=2.3881454467773438 conf_frac=0.250 (351s)
[mlx] fixed step 810 ce=0.7567 total=0.7567 grad=1.055486798286438 conf_frac=0.500 (355s)
[mlx] fixed step 820 ce=1.3331 total=1.3331 grad=1.1145110130310059 conf_frac=0.500 (359s)
[mlx] fixed step 830 ce=1.6292 total=1.6292 grad=0.20100140571594238 conf_frac=0.500 (363s)
[mlx] fixed step 840 ce=2.3751 total=2.3751 grad=4.692677974700928 conf_frac=0.250 (367s)
[mlx] fixed step 850 ce=2.1928 total=2.1928 grad=3.6739487648010254 conf_frac=0.250 (372s)
[mlx] fixed step 860 ce=1.2874 total=1.2874 grad=3.9421327114105225 conf_frac=0.250 (376s)
[mlx] fixed step 870 ce=1.5691 total=1.5691 grad=2.8317031860351562 conf_frac=0.500 (381s)
[mlx] fixed step 880 ce=2.4042 total=2.4042 grad=0.8122425675392151 conf_frac=0.250 (386s)
[mlx] fixed step 890 ce=2.7449 total=2.7449 grad=2.017765998840332 conf_frac=0.750 (390s)
[mlx] fixed step 900 ce=1.6900 total=1.6900 grad=8.443472862243652 conf_frac=0.500 (394s)
[mlx] fixed step 910 ce=1.6853 total=1.6853 grad=1.063733458518982 conf_frac=1.000 (398s)
[mlx] fixed step 920 ce=1.6328 total=1.6328 grad=3.114361047744751 conf_frac=0.750 (402s)
[mlx] fixed step 930 ce=2.0138 total=2.0138 grad=1.1072781085968018 conf_frac=0.250 (407s)
[mlx] fixed step 940 ce=1.9896 total=1.9896 grad=3.1427931785583496 conf_frac=0.500 (411s)
[mlx] fixed step 950 ce=1.6960 total=1.6960 grad=2.050065517425537 conf_frac=0.750 (416s)
[mlx] fixed step 960 ce=1.5056 total=1.5056 grad=2.1094045639038086 conf_frac=0.750 (420s)
[mlx] fixed step 970 ce=2.6988 total=2.6988 grad=0.5389930009841919 conf_frac=0.250 (424s)
[mlx] fixed step 980 ce=2.5689 total=2.5689 grad=0.00506379920989275 conf_frac=0.000 (428s)
[mlx] fixed step 990 ce=2.0503 total=2.0503 grad=2.6039507389068604 conf_frac=0.250 (432s)
[mlx] fixed step 1000 ce=1.7115 total=1.7115 grad=2.0682425498962402 conf_frac=0.500 (437s)
[mlx] fixed step 1010 ce=1.1945 total=1.1945 grad=1.0976506471633911 conf_frac=0.750 (441s)
[mlx] fixed step 1020 ce=1.1684 total=1.1684 grad=1.775229573249817 conf_frac=0.750 (446s)
[mlx] fixed step 1030 ce=1.4597 total=1.4597 grad=0.9112751483917236 conf_frac=0.750 (450s)
[mlx] fixed step 1040 ce=1.4774 total=1.4774 grad=0.5944727659225464 conf_frac=1.000 (454s)
[mlx] fixed step 1050 ce=3.1033 total=3.1033 grad=1.4173810482025146 conf_frac=0.500 (459s)
[mlx] fixed step 1060 ce=1.8461 total=1.8461 grad=2.5507800579071045 conf_frac=0.750 (464s)
[mlx] fixed step 1070 ce=1.4376 total=1.4376 grad=8.650609016418457 conf_frac=0.750 (469s)
[mlx] fixed step 1080 ce=2.2895 total=2.2895 grad=0.0018331158207729459 conf_frac=0.000 (473s)
[mlx] fixed step 1090 ce=0.8003 total=0.8003 grad=0.5357254147529602 conf_frac=0.750 (477s)
[mlx] fixed step 1100 ce=1.4038 total=1.4038 grad=3.2635445594787598 conf_frac=0.500 (481s)
[mlx] fixed step 1110 ce=1.0075 total=1.0075 grad=0.21301212906837463 conf_frac=0.250 (486s)
[mlx] fixed step 1120 ce=1.2149 total=1.2149 grad=0.11809343844652176 conf_frac=0.250 (491s)
[mlx] fixed step 1130 ce=1.5168 total=1.5168 grad=0.1114974170923233 conf_frac=0.500 (495s)
[mlx] fixed step 1140 ce=1.0913 total=1.0913 grad=0.2602130174636841 conf_frac=0.250 (500s)
[mlx] fixed step 1150 ce=1.5645 total=1.5645 grad=0.19023418426513672 conf_frac=0.250 (505s)
[mlx] fixed step 1160 ce=1.2677 total=1.2677 grad=1.6723438501358032 conf_frac=1.000 (509s)
[mlx] fixed step 1170 ce=2.0174 total=2.0174 grad=0.06824956834316254 conf_frac=0.000 (514s)
[mlx] fixed step 1180 ce=1.6892 total=1.6892 grad=0.09838862717151642 conf_frac=0.750 (518s)
[mlx] fixed step 1190 ce=1.3546 total=1.3546 grad=1.885876178741455 conf_frac=0.750 (522s)
[mlx] fixed step 1200 ce=1.3386 total=1.3386 grad=2.019429922103882 conf_frac=0.750 (527s)
[mlx] fixed step 1210 ce=1.1238 total=1.1238 grad=3.366279125213623 conf_frac=1.000 (531s)
[mlx] fixed step 1220 ce=2.0636 total=2.0636 grad=1.5540117025375366 conf_frac=0.750 (536s)
[mlx] fixed step 1230 ce=1.8380 total=1.8380 grad=1.5281981229782104 conf_frac=0.500 (540s)
[mlx] fixed step 1240 ce=1.5695 total=1.5695 grad=2.0276708602905273 conf_frac=0.750 (545s)
[mlx] fixed step 1250 ce=1.6252 total=1.6252 grad=5.62691068649292 conf_frac=0.500 (549s)
[mlx] fixed step 1260 ce=1.3508 total=1.3508 grad=11.94325065612793 conf_frac=0.750 (554s)
[mlx] fixed step 1270 ce=2.5351 total=2.5351 grad=9.575440406799316 conf_frac=1.000 (558s)
[mlx] fixed step 1280 ce=1.9277 total=1.9277 grad=1.8165419101715088 conf_frac=0.500 (562s)
[mlx] fixed step 1290 ce=1.5129 total=1.5129 grad=4.274031639099121 conf_frac=0.250 (567s)
[mlx] fixed step 1300 ce=2.5640 total=2.5640 grad=0.5231301784515381 conf_frac=0.500 (571s)
[mlx] fixed step 1310 ce=1.4631 total=1.4631 grad=4.675382137298584 conf_frac=0.250 (576s)
[mlx] fixed step 1320 ce=2.2750 total=2.2750 grad=0.5797114968299866 conf_frac=0.250 (580s)
[mlx] fixed step 1330 ce=1.9072 total=1.9072 grad=0.5719960331916809 conf_frac=0.250 (585s)
[mlx] fixed step 1340 ce=2.1686 total=2.1686 grad=0.27609431743621826 conf_frac=1.000 (589s)
[mlx] fixed step 1350 ce=1.6538 total=1.6538 grad=0.43336325883865356 conf_frac=0.750 (594s)
[mlx] fixed step 1360 ce=1.7362 total=1.7362 grad=0.10030778497457504 conf_frac=0.250 (598s)
[mlx] fixed step 1370 ce=1.2563 total=1.2563 grad=2.838005542755127 conf_frac=1.000 (603s)
[mlx] fixed step 1380 ce=1.6140 total=1.6140 grad=9.95532512664795 conf_frac=0.500 (607s)
[mlx] fixed step 1390 ce=2.0110 total=2.0110 grad=2.318450927734375 conf_frac=0.500 (612s)
[mlx] fixed step 1400 ce=0.8916 total=0.8916 grad=0.005927425343543291 conf_frac=0.000 (616s)
[mlx] fixed step 1410 ce=0.6964 total=0.6964 grad=1.5411001443862915 conf_frac=0.500 (621s)
[mlx] fixed step 1420 ce=2.1177 total=2.1177 grad=1.606581211090088 conf_frac=0.750 (626s)
[mlx] fixed step 1430 ce=1.9141 total=1.9141 grad=0.8057354688644409 conf_frac=0.250 (630s)
[mlx] fixed step 1440 ce=1.6728 total=1.6728 grad=3.1672961711883545 conf_frac=0.750 (635s)
[mlx] fixed step 1450 ce=1.3094 total=1.3094 grad=0.5361121892929077 conf_frac=0.750 (640s)
[mlx] fixed step 1460 ce=1.1670 total=1.1670 grad=0.4300578236579895 conf_frac=0.750 (644s)
[mlx] fixed step 1470 ce=1.0545 total=1.0545 grad=1.1666003465652466 conf_frac=0.500 (648s)
[mlx] fixed step 1480 ce=1.7742 total=1.7742 grad=0.6324182152748108 conf_frac=0.750 (653s)
[mlx] fixed step 1490 ce=1.5987 total=1.5987 grad=2.3995673656463623 conf_frac=0.500 (658s)
[mlx] fixed step 1500 ce=1.0021 total=1.0021 grad=0.0004469767154660076 conf_frac=0.000 (662s)
[mlx] fixed step 1510 ce=2.1967 total=2.1967 grad=1.1105550527572632 conf_frac=0.500 (667s)
[mlx] fixed step 1520 ce=2.5181 total=2.5181 grad=0.10734494775533676 conf_frac=0.750 (671s)
[mlx] fixed step 1530 ce=2.4716 total=2.4716 grad=5.8723273277282715 conf_frac=0.250 (675s)
[mlx] fixed step 1540 ce=1.5518 total=1.5518 grad=1.9107997417449951 conf_frac=1.000 (680s)
[mlx] fixed step 1550 ce=1.6844 total=1.6844 grad=4.0930938720703125 conf_frac=0.500 (684s)
[mlx] fixed step 1560 ce=1.7565 total=1.7565 grad=2.2360353469848633 conf_frac=0.250 (688s)
[mlx] fixed step 1570 ce=1.1619 total=1.1619 grad=1.221698522567749 conf_frac=0.500 (692s)
[mlx] fixed step 1580 ce=2.2264 total=2.2264 grad=0.017330873757600784 conf_frac=0.250 (697s)
[mlx] fixed step 1590 ce=1.2553 total=1.2553 grad=0.04264046996831894 conf_frac=0.750 (701s)
[mlx] fixed step 1600 ce=1.3748 total=1.3748 grad=2.227691650390625 conf_frac=0.500 (706s)
[mlx] fixed step 1610 ce=1.8936 total=1.8936 grad=0.7029165625572205 conf_frac=0.750 (710s)
[mlx] fixed step 1620 ce=2.2436 total=2.2436 grad=3.74853515625 conf_frac=0.500 (715s)
[mlx] fixed step 1630 ce=1.7292 total=1.7292 grad=0.1660028100013733 conf_frac=0.250 (719s)
[mlx] fixed step 1640 ce=2.0935 total=2.0935 grad=0.07128342241048813 conf_frac=0.250 (723s)
[mlx] fixed step 1650 ce=0.7477 total=0.7477 grad=0.6357304453849792 conf_frac=0.750 (728s)
[mlx] fixed step 1660 ce=1.8255 total=1.8255 grad=5.985691070556641 conf_frac=0.500 (733s)
[mlx] fixed step 1670 ce=2.1950 total=2.1950 grad=2.419013261795044 conf_frac=0.500 (737s)
[mlx] fixed step 1680 ce=2.9145 total=2.9145 grad=3.3886961936950684 conf_frac=0.750 (742s)
[mlx] fixed step 1690 ce=1.7140 total=1.7140 grad=1.0339322090148926 conf_frac=0.500 (746s)
[mlx] fixed step 1700 ce=2.1044 total=2.1044 grad=7.167331218719482 conf_frac=0.500 (750s)
[mlx] fixed step 1710 ce=1.1092 total=1.1092 grad=2.345284938812256 conf_frac=0.500 (755s)
[mlx] fixed step 1720 ce=1.6457 total=1.6457 grad=5.473390579223633 conf_frac=0.750 (759s)
[mlx] fixed step 1730 ce=1.6216 total=1.6216 grad=1.5752891302108765 conf_frac=0.750 (764s)
[mlx] fixed step 1740 ce=2.0817 total=2.0817 grad=5.843312740325928 conf_frac=0.000 (769s)
[mlx] fixed step 1750 ce=0.9068 total=0.9068 grad=0.38530418276786804 conf_frac=0.250 (773s)
[mlx] fixed step 1760 ce=2.2694 total=2.2694 grad=3.9541146755218506 conf_frac=0.500 (777s)
[mlx] fixed step 1770 ce=1.3813 total=1.3813 grad=1.1692816019058228 conf_frac=0.500 (782s)
[mlx] fixed step 1780 ce=1.6023 total=1.6023 grad=0.43469342589378357 conf_frac=0.250 (786s)
[mlx] fixed step 1790 ce=1.9979 total=1.9979 grad=0.07616554200649261 conf_frac=0.250 (790s)
[mlx] fixed step 1800 ce=1.3523 total=1.3523 grad=0.2689451277256012 conf_frac=0.500 (795s)
[mlx] fixed step 1810 ce=2.5563 total=2.5563 grad=0.3009102940559387 conf_frac=0.250 (800s)
[mlx] fixed step 1820 ce=1.7830 total=1.7830 grad=5.014699459075928 conf_frac=0.500 (804s)
[mlx] fixed step 1830 ce=2.3698 total=2.3698 grad=0.800288736820221 conf_frac=0.250 (808s)
[mlx] fixed step 1840 ce=1.1396 total=1.1396 grad=1.8561294078826904 conf_frac=0.500 (812s)
[mlx] fixed step 1850 ce=1.6710 total=1.6710 grad=1.3145108222961426 conf_frac=0.500 (817s)
[mlx] fixed step 1860 ce=1.7138 total=1.7138 grad=1.0086828470230103 conf_frac=0.250 (821s)
[mlx] fixed step 1870 ce=1.7499 total=1.7499 grad=0.5995392203330994 conf_frac=0.500 (825s)
[mlx] fixed step 1880 ce=1.7242 total=1.7242 grad=1.6399987936019897 conf_frac=0.250 (830s)
[mlx] fixed step 1890 ce=1.6271 total=1.6271 grad=3.108513832092285 conf_frac=0.750 (835s)
[mlx] fixed step 1900 ce=2.0830 total=2.0830 grad=2.158649444580078 conf_frac=1.000 (839s)
[mlx] fixed step 1910 ce=1.2605 total=1.2605 grad=2.8718273639678955 conf_frac=0.750 (844s)
[mlx] fixed step 1920 ce=0.7172 total=0.7172 grad=2.2092437744140625 conf_frac=0.500 (848s)
[mlx] fixed step 1930 ce=1.5561 total=1.5561 grad=2.7263708114624023 conf_frac=0.500 (852s)
[mlx] fixed step 1940 ce=1.9439 total=1.9439 grad=2.2655656337738037 conf_frac=0.250 (857s)
[mlx] fixed step 1950 ce=1.4593 total=1.4593 grad=6.898527145385742 conf_frac=1.000 (861s)
[mlx] fixed step 1960 ce=2.1151 total=2.1151 grad=3.0455942153930664 conf_frac=0.250 (865s)
[mlx] fixed step 1970 ce=1.1195 total=1.1195 grad=3.7124791145324707 conf_frac=0.500 (870s)
[mlx] fixed step 1980 ce=2.1749 total=2.1749 grad=4.634518623352051 conf_frac=0.500 (875s)
[mlx] fixed step 1990 ce=1.7146 total=1.7146 grad=4.026639461517334 conf_frac=0.500 (879s)
[mlx] fixed step 2000 ce=1.3083 total=1.3083 grad=4.833521842956543 conf_frac=0.750 (884s)
[mlx] fixed step 2010 ce=0.9297 total=0.9297 grad=1.7247984409332275 conf_frac=0.250 (888s)
[mlx] fixed step 2020 ce=0.7905 total=0.7905 grad=3.0430397987365723 conf_frac=0.750 (893s)
[mlx] fixed step 2030 ce=0.7385 total=0.7385 grad=0.00043244182597845793 conf_frac=0.000 (898s)
[mlx] fixed step 2040 ce=0.5544 total=0.5544 grad=0.3319704234600067 conf_frac=0.750 (902s)
[mlx] fixed step 2050 ce=0.5483 total=0.5483 grad=0.08844629675149918 conf_frac=0.250 (907s)
[mlx] fixed step 2060 ce=0.4820 total=0.4820 grad=1.6442227363586426 conf_frac=0.500 (912s)
[mlx] fixed step 2070 ce=1.3051 total=1.3051 grad=3.784416675567627 conf_frac=0.750 (916s)
[mlx] fixed step 2080 ce=1.0367 total=1.0367 grad=0.8534262776374817 conf_frac=1.000 (921s)
[mlx] fixed step 2090 ce=0.8517 total=0.8517 grad=4.815354824066162 conf_frac=0.750 (926s)
[mlx] fixed step 2100 ce=1.1209 total=1.1209 grad=2.8046200275421143 conf_frac=0.500 (931s)
[mlx] fixed step 2110 ce=0.7532 total=0.7532 grad=0.09007656574249268 conf_frac=0.250 (935s)
[mlx] fixed step 2120 ce=0.4646 total=0.4646 grad=0.10309470444917679 conf_frac=0.500 (939s)
[mlx] fixed step 2130 ce=0.7011 total=0.7011 grad=0.020541217178106308 conf_frac=0.250 (944s)
[mlx] fixed step 2140 ce=0.4178 total=0.4178 grad=0.19162975251674652 conf_frac=0.500 (949s)
[mlx] fixed step 2150 ce=0.7032 total=0.7032 grad=3.2482221126556396 conf_frac=0.750 (953s)
[mlx] fixed step 2160 ce=1.0788 total=1.0788 grad=0.21525557339191437 conf_frac=0.500 (958s)
[mlx] fixed step 2170 ce=1.3043 total=1.3043 grad=0.5395592451095581 conf_frac=0.250 (962s)
[mlx] fixed step 2180 ce=1.2084 total=1.2084 grad=0.07865902036428452 conf_frac=0.000 (966s)
[mlx] fixed step 2190 ce=0.8370 total=0.8370 grad=0.4144255220890045 conf_frac=0.500 (971s)
[mlx] fixed step 2200 ce=0.5358 total=0.5358 grad=4.579635143280029 conf_frac=0.500 (975s)
[mlx] fixed step 2210 ce=0.8138 total=0.8138 grad=2.1137969493865967 conf_frac=0.750 (980s)
[mlx] fixed step 2220 ce=1.2186 total=1.2186 grad=0.40406227111816406 conf_frac=0.500 (985s)
[mlx] fixed step 2230 ce=0.4848 total=0.4848 grad=0.08925533294677734 conf_frac=0.500 (989s)
[mlx] fixed step 2240 ce=0.5647 total=0.5647 grad=0.4918413758277893 conf_frac=0.750 (994s)
[mlx] fixed step 2250 ce=0.5841 total=0.5841 grad=0.00792025402188301 conf_frac=0.000 (999s)
[mlx] fixed step 2260 ce=0.4996 total=0.4996 grad=0.45631179213523865 conf_frac=0.500 (1003s)
[mlx] fixed step 2270 ce=1.3149 total=1.3149 grad=1.05315101146698 conf_frac=0.750 (1008s)
[mlx] fixed step 2280 ce=1.1122 total=1.1122 grad=0.5739319920539856 conf_frac=1.000 (1013s)
[mlx] fixed step 2290 ce=0.7830 total=0.7830 grad=0.015525851398706436 conf_frac=0.250 (1017s)
[mlx] fixed step 2300 ce=0.6829 total=0.6829 grad=4.455480575561523 conf_frac=0.750 (1022s)
[mlx] fixed step 2310 ce=0.7731 total=0.7731 grad=11.412631034851074 conf_frac=0.250 (1026s)
[mlx] fixed step 2320 ce=1.2844 total=1.2844 grad=3.9194822311401367 conf_frac=0.250 (1031s)
[mlx] fixed step 2330 ce=1.0600 total=1.0600 grad=0.03749943897128105 conf_frac=0.500 (1035s)
[mlx] fixed step 2340 ce=0.7197 total=0.7197 grad=0.009253320284187794 conf_frac=0.000 (1041s)
[mlx] fixed step 2350 ce=0.9109 total=0.9109 grad=0.19862769544124603 conf_frac=0.250 (1048s)
[mlx] fixed step 2360 ce=0.7161 total=0.7161 grad=0.4326380789279938 conf_frac=0.500 (1053s)
[mlx] fixed step 2370 ce=1.0252 total=1.0252 grad=0.30427059531211853 conf_frac=0.250 (1061s)
[mlx] fixed step 2380 ce=0.5702 total=0.5702 grad=0.32100263237953186 conf_frac=0.250 (1069s)
[mlx] fixed step 2390 ce=0.8977 total=0.8977 grad=5.390715599060059 conf_frac=0.250 (1076s)
[mlx] fixed step 2400 ce=1.0883 total=1.0883 grad=0.6331402659416199 conf_frac=0.500 (1081s)
[mlx] fixed step 2410 ce=1.3311 total=1.3311 grad=0.27031898498535156 conf_frac=0.500 (1085s)
[mlx] fixed step 2420 ce=1.3252 total=1.3252 grad=0.334428608417511 conf_frac=0.500 (1089s)
[mlx] fixed step 2430 ce=0.4697 total=0.4697 grad=2.444141387939453 conf_frac=0.250 (1093s)
[mlx] fixed step 2440 ce=0.9692 total=0.9692 grad=1.374301791191101 conf_frac=0.750 (1097s)
[mlx] fixed step 2450 ce=1.1432 total=1.1432 grad=0.10311362147331238 conf_frac=0.250 (1101s)
[mlx] fixed step 2460 ce=0.5516 total=0.5516 grad=3.8463423252105713 conf_frac=0.500 (1105s)
[mlx] fixed step 2470 ce=0.6283 total=0.6283 grad=6.288607120513916 conf_frac=0.000 (1109s)
[mlx] fixed step 2480 ce=0.6171 total=0.6171 grad=0.29240623116493225 conf_frac=0.750 (1113s)
[mlx] fixed step 2490 ce=0.0447 total=0.0447 grad=0.13368290662765503 conf_frac=0.250 (1117s)
[mlx] fixed step 2500 ce=0.7576 total=0.7576 grad=4.5659565925598145 conf_frac=0.750 (1121s)
[mlx] fixed step 2510 ce=0.5436 total=0.5436 grad=0.44736695289611816 conf_frac=0.500 (1125s)
[mlx] fixed step 2520 ce=1.3435 total=1.3435 grad=0.18218518793582916 conf_frac=0.500 (1129s)
[mlx] fixed step 2530 ce=0.6396 total=0.6396 grad=0.3865239918231964 conf_frac=0.500 (1133s)
[mlx] fixed step 2540 ce=0.2602 total=0.2602 grad=0.35493162274360657 conf_frac=0.750 (1141s)
[mlx] fixed step 2550 ce=1.0705 total=1.0705 grad=0.5695428252220154 conf_frac=0.500 (1145s)
[mlx] fixed step 2560 ce=0.9147 total=0.9147 grad=2.0999233722686768 conf_frac=0.750 (1149s)
[mlx] fixed step 2570 ce=0.8918 total=0.8918 grad=6.232682062545791e-05 conf_frac=0.000 (1155s)
[mlx] fixed step 2580 ce=1.0305 total=1.0305 grad=7.071225166320801 conf_frac=0.250 (1159s)
[mlx] fixed step 2590 ce=0.3585 total=0.3585 grad=1.148978590965271 conf_frac=0.500 (1163s)
[mlx] fixed step 2600 ce=0.5844 total=0.5844 grad=1.0273027420043945 conf_frac=0.750 (1167s)
[mlx] fixed step 2610 ce=0.7262 total=0.7262 grad=0.4535539746284485 conf_frac=0.500 (1172s)
[mlx] fixed step 2620 ce=0.7104 total=0.7104 grad=0.45053723454475403 conf_frac=0.250 (1176s)
[mlx] fixed step 2630 ce=0.3846 total=0.3846 grad=1.321265697479248 conf_frac=0.500 (1180s)
[mlx] fixed step 2640 ce=0.6471 total=0.6471 grad=3.1401631832122803 conf_frac=0.750 (1184s)
[mlx] fixed step 2650 ce=0.5283 total=0.5283 grad=4.650763034820557 conf_frac=0.500 (1188s)
[mlx] fixed step 2660 ce=0.9263 total=0.9263 grad=2.0502312183380127 conf_frac=0.250 (1193s)
[mlx] fixed step 2670 ce=0.9669 total=0.9669 grad=0.001611656742170453 conf_frac=0.000 (1197s)
[mlx] fixed step 2680 ce=1.5951 total=1.5951 grad=0.17087890207767487 conf_frac=0.250 (1201s)
[mlx] fixed step 2690 ce=0.8680 total=0.8680 grad=4.336896896362305 conf_frac=0.750 (1205s)
[mlx] fixed step 2700 ce=0.9364 total=0.9364 grad=0.6652834415435791 conf_frac=0.750 (1209s)
[mlx] fixed step 2710 ce=1.1638 total=1.1638 grad=0.22322461009025574 conf_frac=0.250 (1214s)
[mlx] fixed step 2720 ce=0.5521 total=0.5521 grad=0.5410208702087402 conf_frac=0.500 (1218s)
[mlx] fixed step 2730 ce=0.6273 total=0.6273 grad=1.3827526569366455 conf_frac=0.750 (1223s)
[mlx] fixed step 2740 ce=0.9636 total=0.9636 grad=0.00018675581668503582 conf_frac=0.000 (1227s)
[mlx] fixed step 2750 ce=1.0452 total=1.0452 grad=1.5756126642227173 conf_frac=0.500 (1235s)
[mlx] fixed step 2760 ce=0.9067 total=0.9067 grad=0.08552317321300507 conf_frac=0.250 (1239s)
[mlx] fixed step 2770 ce=1.3258 total=1.3258 grad=2.435948371887207 conf_frac=0.500 (1243s)
[mlx] fixed step 2780 ce=0.9173 total=0.9173 grad=0.3373149335384369 conf_frac=0.250 (1247s)
[mlx] fixed step 2790 ce=0.9191 total=0.9191 grad=10.253150939941406 conf_frac=0.500 (1253s)
[mlx] fixed step 2800 ce=1.4796 total=1.4796 grad=1.2882726192474365 conf_frac=0.500 (1257s)
[mlx] fixed step 2810 ce=0.7768 total=0.7768 grad=0.52994704246521 conf_frac=1.000 (1262s)
[mlx] fixed step 2820 ce=0.8928 total=0.8928 grad=0.00036204978823661804 conf_frac=0.000 (1266s)
[mlx] fixed step 2830 ce=1.1976 total=1.1976 grad=0.07994280755519867 conf_frac=0.500 (1270s)
[mlx] fixed step 2840 ce=0.3650 total=0.3650 grad=0.22278422117233276 conf_frac=0.500 (1274s)
[mlx] fixed step 2850 ce=0.3202 total=0.3202 grad=0.10109741240739822 conf_frac=0.250 (1279s)
[mlx] fixed step 2860 ce=0.7173 total=0.7173 grad=0.00018706901755649596 conf_frac=0.000 (1283s)
[mlx] fixed step 2870 ce=0.5569 total=0.5569 grad=6.01547908782959 conf_frac=0.500 (1287s)
[mlx] fixed step 2880 ce=0.8007 total=0.8007 grad=5.46531867980957 conf_frac=0.500 (1291s)
[mlx] fixed step 2890 ce=0.6871 total=0.6871 grad=0.33341237902641296 conf_frac=0.750 (1296s)
[mlx] fixed step 2900 ce=0.5043 total=0.5043 grad=4.626725196838379 conf_frac=0.750 (1301s)
[mlx] fixed step 2910 ce=0.9191 total=0.9191 grad=0.8958601355552673 conf_frac=0.250 (1305s)
[mlx] fixed step 2920 ce=0.6159 total=0.6159 grad=2.631187677383423 conf_frac=0.750 (1309s)
[mlx] fixed step 2930 ce=1.2041 total=1.2041 grad=0.1894582211971283 conf_frac=0.750 (1314s)
[mlx] fixed step 2940 ce=1.0490 total=1.0490 grad=0.0001243692240677774 conf_frac=0.000 (1318s)
[mlx] fixed step 2950 ce=0.7112 total=0.7112 grad=1.4753613471984863 conf_frac=1.000 (1322s)
[mlx] fixed step 2960 ce=0.5955 total=0.5955 grad=2.0334930419921875 conf_frac=0.750 (1327s)
[mlx] fixed step 2970 ce=0.9393 total=0.9393 grad=0.7930722236633301 conf_frac=0.500 (1332s)
[mlx] fixed step 2980 ce=1.0143 total=1.0143 grad=6.851267337799072 conf_frac=0.250 (1336s)
[mlx] fixed step 2990 ce=1.6054 total=1.6054 grad=0.34954020380973816 conf_frac=0.500 (1340s)
[mlx] fixed step 3000 ce=1.1698 total=1.1698 grad=4.537271499633789 conf_frac=0.250 (1345s)
[mlx] fixed step 3010 ce=1.1489 total=1.1489 grad=1.6357825994491577 conf_frac=1.000 (1349s)
[mlx] fixed step 3020 ce=0.8031 total=0.8031 grad=1.7445303201675415 conf_frac=0.500 (1353s)
[mlx] fixed step 3030 ce=0.8561 total=0.8561 grad=0.05683474242687225 conf_frac=0.250 (1357s)
[mlx] fixed step 3040 ce=0.7284 total=0.7284 grad=0.19053484499454498 conf_frac=0.250 (1361s)
[mlx] fixed step 3050 ce=0.5596 total=0.5596 grad=0.25804027915000916 conf_frac=0.750 (1366s)
[mlx] fixed step 3060 ce=0.3549 total=0.3549 grad=0.06642492860555649 conf_frac=0.250 (1370s)
[mlx] fixed step 3070 ce=0.8344 total=0.8344 grad=0.3356543779373169 conf_frac=0.250 (1374s)
[mlx] fixed step 3080 ce=1.2041 total=1.2041 grad=0.5084258913993835 conf_frac=0.500 (1379s)
[mlx] fixed step 3090 ce=1.5210 total=1.5210 grad=0.01976747438311577 conf_frac=0.500 (1383s)
[mlx] fixed step 3100 ce=0.7576 total=0.7576 grad=0.028935980051755905 conf_frac=0.250 (1387s)
[mlx] fixed step 3110 ce=0.5136 total=0.5136 grad=4.606757640838623 conf_frac=0.750 (1392s)
[mlx] fixed step 3120 ce=0.9859 total=0.9859 grad=0.7827563285827637 conf_frac=0.500 (1396s)
[mlx] fixed step 3130 ce=0.6296 total=0.6296 grad=6.116726581240073e-05 conf_frac=0.000 (1400s)
[mlx] fixed step 3140 ce=0.5132 total=0.5132 grad=3.941019296646118 conf_frac=0.250 (1405s)
[mlx] fixed step 3150 ce=1.2769 total=1.2769 grad=0.0040483903139829636 conf_frac=0.000 (1409s)
[mlx] fixed step 3160 ce=0.4241 total=0.4241 grad=0.27403730154037476 conf_frac=1.000 (1413s)
[mlx] fixed step 3170 ce=0.3523 total=0.3523 grad=0.13343697786331177 conf_frac=0.250 (1418s)
[mlx] fixed step 3180 ce=0.6224 total=0.6224 grad=2.3220887184143066 conf_frac=0.500 (1422s)
[mlx] fixed step 3190 ce=0.9128 total=0.9128 grad=0.5919454097747803 conf_frac=0.500 (1427s)
[mlx] fixed step 3200 ce=0.5362 total=0.5362 grad=3.0645151138305664 conf_frac=0.750 (1431s)
[mlx] fixed step 3210 ce=0.6403 total=0.6403 grad=7.032487869262695 conf_frac=0.250 (1435s)
[mlx] fixed step 3220 ce=0.4933 total=0.4933 grad=5.991420269012451 conf_frac=0.750 (1440s)
[mlx] fixed step 3230 ce=0.7150 total=0.7150 grad=0.5347837209701538 conf_frac=0.750 (1444s)
[mlx] fixed step 3240 ce=0.8413 total=0.8413 grad=3.4948196411132812 conf_frac=1.000 (1449s)
[mlx] fixed step 3250 ce=0.6772 total=0.6772 grad=5.365905284881592 conf_frac=0.750 (1453s)
[mlx] fixed step 3260 ce=0.8480 total=0.8480 grad=0.9351809024810791 conf_frac=0.750 (1458s)
[mlx] fixed step 3270 ce=0.9491 total=0.9491 grad=5.511022090911865 conf_frac=0.500 (1462s)
[mlx] fixed step 3280 ce=0.5037 total=0.5037 grad=1.5805268287658691 conf_frac=1.000 (1467s)
[mlx] fixed step 3290 ce=0.7448 total=0.7448 grad=0.3498636782169342 conf_frac=0.500 (1471s)
[mlx] fixed step 3300 ce=0.9966 total=0.9966 grad=0.43531492352485657 conf_frac=0.500 (1475s)
[mlx] fixed step 3310 ce=0.6366 total=0.6366 grad=1.7162761688232422 conf_frac=0.750 (1479s)
[mlx] fixed step 3320 ce=1.0276 total=1.0276 grad=7.056386947631836 conf_frac=0.750 (1484s)
[mlx] fixed step 3330 ce=1.1697 total=1.1697 grad=4.133724212646484 conf_frac=0.500 (1489s)
[mlx] fixed step 3340 ce=1.1943 total=1.1943 grad=3.223971128463745 conf_frac=0.750 (1493s)
[mlx] fixed step 3350 ce=0.6071 total=0.6071 grad=1.0296626091003418 conf_frac=0.500 (1498s)
[mlx] fixed step 3360 ce=0.2823 total=0.2823 grad=0.13186956942081451 conf_frac=0.500 (1502s)
[mlx] fixed step 3370 ce=1.0967 total=1.0967 grad=0.15352600812911987 conf_frac=0.250 (1506s)
[mlx] fixed step 3380 ce=0.7299 total=0.7299 grad=0.515954852104187 conf_frac=0.500 (1511s)
[mlx] fixed step 3390 ce=1.5745 total=1.5745 grad=4.035738468170166 conf_frac=0.250 (1515s)
[mlx] fixed step 3400 ce=0.7019 total=0.7019 grad=2.9508056640625 conf_frac=0.500 (1520s)
[mlx] fixed step 3410 ce=0.7511 total=0.7511 grad=0.3955456018447876 conf_frac=0.250 (1524s)
[mlx] fixed step 3420 ce=1.4416 total=1.4416 grad=0.19545866549015045 conf_frac=0.250 (1529s)
[mlx] fixed step 3430 ce=0.9180 total=0.9180 grad=0.506886899471283 conf_frac=0.750 (1533s)
[mlx] fixed step 3440 ce=0.5586 total=0.5586 grad=1.4340782165527344 conf_frac=0.500 (1538s)
[mlx] fixed step 3450 ce=0.4025 total=0.4025 grad=2.265519618988037 conf_frac=0.750 (1542s)
[mlx] fixed step 3460 ce=1.0837 total=1.0837 grad=0.5600339770317078 conf_frac=0.500 (1547s)
[mlx] fixed step 3470 ce=0.9923 total=0.9923 grad=0.25316864252090454 conf_frac=0.250 (1552s)
[mlx] fixed step 3480 ce=0.4907 total=0.4907 grad=0.10973042249679565 conf_frac=0.250 (1556s)
[mlx] fixed step 3490 ce=0.7955 total=0.7955 grad=5.958925612503663e-05 conf_frac=0.000 (1560s)
[mlx] fixed step 3500 ce=2.1830 total=2.1830 grad=4.0214152336120605 conf_frac=0.500 (1565s)
[mlx] fixed step 3510 ce=0.6200 total=0.6200 grad=1.417766809463501 conf_frac=0.500 (1569s)
[mlx] fixed step 3520 ce=0.6600 total=0.6600 grad=0.5147081017494202 conf_frac=0.750 (1574s)
[mlx] fixed step 3530 ce=1.4086 total=1.4086 grad=0.4529684782028198 conf_frac=0.500 (1578s)
[mlx] fixed step 3540 ce=1.2372 total=1.2372 grad=3.4634816646575928 conf_frac=0.500 (1583s)
[mlx] fixed step 3550 ce=1.3071 total=1.3071 grad=0.7446708679199219 conf_frac=0.500 (1588s)
[mlx] fixed step 3560 ce=1.5653 total=1.5653 grad=0.8295316696166992 conf_frac=0.500 (1592s)
[mlx] fixed step 3570 ce=0.8649 total=0.8649 grad=2.559743881225586 conf_frac=0.250 (1596s)
[mlx] fixed step 3580 ce=0.7472 total=0.7472 grad=5.783995151519775 conf_frac=0.500 (1601s)
[mlx] fixed step 3590 ce=0.5916 total=0.5916 grad=2.5975213050842285 conf_frac=0.750 (1606s)
[mlx] fixed step 3600 ce=0.5239 total=0.5239 grad=0.4023279845714569 conf_frac=0.500 (1611s)
[mlx] fixed step 3610 ce=1.1243 total=1.1243 grad=4.352754592895508 conf_frac=0.500 (1615s)
[mlx] fixed step 3620 ce=1.1549 total=1.1549 grad=1.9027773141860962 conf_frac=0.250 (1620s)
[mlx] fixed step 3630 ce=0.8487 total=0.8487 grad=1.1035476922988892 conf_frac=1.000 (1624s)
[mlx] fixed step 3640 ce=0.9133 total=0.9133 grad=2.186333656311035 conf_frac=0.500 (1629s)
[mlx] fixed step 3650 ce=0.8236 total=0.8236 grad=0.5457207560539246 conf_frac=0.750 (1633s)
[mlx] fixed step 3660 ce=0.5690 total=0.5690 grad=3.9257020950317383 conf_frac=0.500 (1637s)
[mlx] fixed step 3670 ce=1.4213 total=1.4213 grad=0.8619524836540222 conf_frac=0.500 (1642s)
[mlx] fixed step 3680 ce=0.6476 total=0.6476 grad=0.04168011620640755 conf_frac=0.250 (1646s)
[mlx] fixed step 3690 ce=0.4492 total=0.4492 grad=4.1378865242004395 conf_frac=0.750 (1651s)
[mlx] fixed step 3700 ce=0.9990 total=0.9990 grad=3.3324294090270996 conf_frac=0.500 (1655s)
[mlx] fixed step 3710 ce=1.1771 total=1.1771 grad=2.875337600708008 conf_frac=0.500 (1659s)
[mlx] fixed step 3720 ce=0.7120 total=0.7120 grad=1.8036893606185913 conf_frac=0.750 (1664s)
[mlx] fixed step 3730 ce=0.6665 total=0.6665 grad=4.131539344787598 conf_frac=0.500 (1669s)
[mlx] fixed step 3740 ce=0.5822 total=0.5822 grad=0.14744649827480316 conf_frac=0.500 (1674s)
[mlx] fixed step 3750 ce=1.3212 total=1.3212 grad=0.0005655731656588614 conf_frac=0.000 (1678s)
[mlx] fixed step 3760 ce=1.7342 total=1.7342 grad=0.06559555977582932 conf_frac=0.250 (1682s)
[mlx] fixed step 3770 ce=0.7408 total=0.7408 grad=1.090928077697754 conf_frac=0.500 (1686s)
[mlx] fixed step 3780 ce=0.4221 total=0.4221 grad=4.083907604217529 conf_frac=1.000 (1690s)
[mlx] fixed step 3790 ce=1.7494 total=1.7494 grad=1.9006152153015137 conf_frac=0.750 (1695s)
[mlx] fixed step 3800 ce=1.1651 total=1.1651 grad=3.3819916248321533 conf_frac=0.750 (1699s)
[mlx] fixed step 3810 ce=0.7576 total=0.7576 grad=1.4760322570800781 conf_frac=0.500 (1704s)
[mlx] fixed step 3820 ce=0.6101 total=0.6101 grad=0.8632122278213501 conf_frac=0.750 (1708s)
[mlx] fixed step 3830 ce=0.7361 total=0.7361 grad=0.28259918093681335 conf_frac=0.250 (1712s)
[mlx] fixed step 3840 ce=0.5345 total=0.5345 grad=1.990815281867981 conf_frac=0.500 (1716s)
[mlx] fixed step 3850 ce=0.8054 total=0.8054 grad=8.388440132141113 conf_frac=0.750 (1720s)
[mlx] fixed step 3860 ce=0.6250 total=0.6250 grad=0.14636945724487305 conf_frac=0.500 (1725s)
[mlx] fixed step 3870 ce=0.4722 total=0.4722 grad=3.4422123432159424 conf_frac=0.500 (1729s)
[mlx] fixed step 3880 ce=0.7809 total=0.7809 grad=0.5283392667770386 conf_frac=0.500 (1733s)
[mlx] fixed step 3890 ce=0.5965 total=0.5965 grad=3.7441041469573975 conf_frac=0.750 (1737s)
[mlx] fixed step 3900 ce=1.0089 total=1.0089 grad=2.806025743484497 conf_frac=0.500 (1742s)
[mlx] fixed step 3910 ce=0.7632 total=0.7632 grad=1.7295883893966675 conf_frac=0.500 (1746s)
[mlx] fixed step 3920 ce=0.6215 total=0.6215 grad=3.7217962741851807 conf_frac=0.750 (1750s)
[mlx] fixed step 3930 ce=1.0200 total=1.0200 grad=0.19420868158340454 conf_frac=0.750 (1754s)
[mlx] fixed step 3940 ce=0.6613 total=0.6613 grad=1.22296142578125 conf_frac=0.500 (1759s)
[mlx] fixed step 3950 ce=0.8923 total=0.8923 grad=0.0 conf_frac=0.000 (1763s)
[mlx] fixed step 3960 ce=1.3934 total=1.3934 grad=2.686232805252075 conf_frac=0.500 (1767s)
[mlx] fixed step 3970 ce=1.1901 total=1.1901 grad=1.724839210510254 conf_frac=0.500 (1772s)
[mlx] fixed step 3980 ce=1.2196 total=1.2196 grad=0.6564708352088928 conf_frac=0.500 (1777s)
[mlx] fixed step 3990 ce=0.6421 total=0.6421 grad=0.015925679355859756 conf_frac=0.250 (1781s)
[mlx] fixed step 4000 ce=1.2942 total=1.2942 grad=0.06579788029193878 conf_frac=0.500 (1786s)
[mlx] fixed step 4010 ce=0.4547 total=0.4547 grad=1.7148319482803345 conf_frac=1.000 (1790s)
[mlx] fixed step 4020 ce=0.5343 total=0.5343 grad=1.451134443283081 conf_frac=0.500 (1794s)
[mlx] fixed step 4030 ce=0.4985 total=0.4985 grad=1.229983925819397 conf_frac=0.500 (1799s)
[mlx] fixed step 4040 ce=0.7523 total=0.7523 grad=4.048544406890869 conf_frac=0.000 (1803s)
[mlx] fixed step 4050 ce=0.5697 total=0.5697 grad=0.13265995681285858 conf_frac=0.250 (1808s)
[mlx] fixed step 4060 ce=0.4113 total=0.4113 grad=5.397781848907471 conf_frac=0.750 (1812s)
[mlx] fixed step 4070 ce=0.3401 total=0.3401 grad=3.054826259613037 conf_frac=0.750 (1816s)
[mlx] fixed step 4080 ce=0.1950 total=0.1950 grad=0.7546582221984863 conf_frac=0.250 (1821s)
[mlx] fixed step 4090 ce=0.6752 total=0.6752 grad=2.7230019569396973 conf_frac=0.500 (1826s)
[mlx] fixed step 4100 ce=0.4945 total=0.4945 grad=2.7798190116882324 conf_frac=0.750 (1830s)
[mlx] fixed step 4110 ce=0.3544 total=0.3544 grad=2.7134311199188232 conf_frac=0.750 (1834s)
[mlx] fixed step 4120 ce=0.4185 total=0.4185 grad=3.9789137840270996 conf_frac=0.500 (1838s)
[mlx] fixed step 4130 ce=0.2357 total=0.2357 grad=1.6500777006149292 conf_frac=0.750 (1842s)
[mlx] fixed step 4140 ce=0.2607 total=0.2607 grad=0.9558683037757874 conf_frac=1.000 (1847s)
[mlx] fixed step 4150 ce=0.3513 total=0.3513 grad=6.617555141448975 conf_frac=0.750 (1851s)
[mlx] fixed step 4160 ce=0.4548 total=0.4548 grad=0.15240119397640228 conf_frac=0.500 (1855s)
[mlx] fixed step 4170 ce=0.3879 total=0.3879 grad=0.051359280943870544 conf_frac=0.500 (1860s)
[mlx] fixed step 4180 ce=0.6168 total=0.6168 grad=0.040344566106796265 conf_frac=0.500 (1864s)
[mlx] fixed step 4190 ce=0.6006 total=0.6006 grad=0.13813969492912292 conf_frac=0.250 (1868s)
[mlx] fixed step 4200 ce=0.3000 total=0.3000 grad=0.0 conf_frac=0.000 (1873s)
[mlx] fixed step 4210 ce=1.2855 total=1.2855 grad=0.022597091272473335 conf_frac=0.250 (1878s)
[mlx] fixed step 4220 ce=0.7951 total=0.7951 grad=4.908185005187988 conf_frac=0.500 (1882s)
[mlx] fixed step 4230 ce=0.5966 total=0.5966 grad=0.1091904565691948 conf_frac=1.000 (1887s)
[mlx] fixed step 4240 ce=0.3910 total=0.3910 grad=2.6647117137908936 conf_frac=0.750 (1891s)
[mlx] fixed step 4250 ce=0.1836 total=0.1836 grad=0.771273136138916 conf_frac=0.500 (1897s)
[mlx] fixed step 4260 ce=0.3447 total=0.3447 grad=0.552985429763794 conf_frac=0.250 (1901s)
[mlx] fixed step 4270 ce=1.3081 total=1.3081 grad=1.9345977306365967 conf_frac=0.250 (1905s)
[mlx] fixed step 4280 ce=0.2097 total=0.2097 grad=0.03357989341020584 conf_frac=0.250 (1910s)
[mlx] fixed step 4290 ce=0.4378 total=0.4378 grad=0.4524041712284088 conf_frac=0.750 (1914s)
[mlx] fixed step 4300 ce=0.2521 total=0.2521 grad=1.1494008302688599 conf_frac=0.500 (1919s)
[mlx] fixed step 4310 ce=0.5023 total=0.5023 grad=2.5203230381011963 conf_frac=1.000 (1923s)
[mlx] fixed step 4320 ce=0.3691 total=0.3691 grad=0.08666609227657318 conf_frac=0.250 (1927s)
[mlx] fixed step 4330 ce=0.2223 total=0.2223 grad=0.03164772316813469 conf_frac=0.250 (1931s)
[mlx] fixed step 4340 ce=0.2204 total=0.2204 grad=1.713343620300293 conf_frac=0.750 (1935s)
[mlx] fixed step 4350 ce=0.9840 total=0.9840 grad=4.671844005584717 conf_frac=0.750 (1940s)
[mlx] fixed step 4360 ce=0.3909 total=0.3909 grad=1.3113290071487427 conf_frac=0.500 (1944s)
[mlx] fixed step 4370 ce=0.2273 total=0.2273 grad=2.022879123687744 conf_frac=1.000 (1948s)
[mlx] fixed step 4380 ce=0.1835 total=0.1835 grad=0.47619542479515076 conf_frac=0.750 (1952s)
[mlx] fixed step 4390 ce=0.3795 total=0.3795 grad=0.758492648601532 conf_frac=0.750 (1957s)
[mlx] fixed step 4400 ce=0.7109 total=0.7109 grad=1.6341089010238647 conf_frac=0.500 (1961s)
[mlx] fixed step 4410 ce=0.7573 total=0.7573 grad=4.52440881729126 conf_frac=0.750 (1965s)
[mlx] fixed step 4420 ce=0.7512 total=0.7512 grad=0.3770628571510315 conf_frac=0.250 (1970s)
[mlx] fixed step 4430 ce=0.5528 total=0.5528 grad=2.3732550144195557 conf_frac=0.500 (1974s)
[mlx] fixed step 4440 ce=0.1974 total=0.1974 grad=5.828695066156797e-05 conf_frac=0.000 (1978s)
[mlx] fixed step 4450 ce=0.6417 total=0.6417 grad=2.9418439865112305 conf_frac=0.500 (1982s)
[mlx] fixed step 4460 ce=0.4174 total=0.4174 grad=5.125905513763428 conf_frac=0.250 (1986s)
[mlx] fixed step 4470 ce=0.6011 total=0.6011 grad=3.9219207763671875 conf_frac=0.750 (1990s)
[mlx] fixed step 4480 ce=0.4473 total=0.4473 grad=3.477987766265869 conf_frac=0.750 (1994s)
[mlx] fixed step 4490 ce=0.6569 total=0.6569 grad=2.163172960281372 conf_frac=1.000 (1998s)
[mlx] fixed step 4500 ce=0.3426 total=0.3426 grad=8.2171630859375 conf_frac=0.750 (2002s)
[mlx] fixed step 4510 ce=1.2902 total=1.2902 grad=0.000903259904589504 conf_frac=0.000 (2006s)
[mlx] fixed step 4520 ce=0.2191 total=0.2191 grad=1.812496304512024 conf_frac=0.500 (2010s)
[mlx] fixed step 4530 ce=0.7598 total=0.7598 grad=0.03360389918088913 conf_frac=0.500 (2015s)
[mlx] fixed step 4540 ce=0.3058 total=0.3058 grad=0.7463589906692505 conf_frac=0.500 (2021s)
[mlx] fixed step 4550 ce=0.5250 total=0.5250 grad=0.9184379577636719 conf_frac=0.250 (2025s)
[mlx] fixed step 4560 ce=0.3080 total=0.3080 grad=2.330284595489502 conf_frac=0.750 (2029s)
[mlx] fixed step 4570 ce=0.3636 total=0.3636 grad=0.0009220325737260282 conf_frac=0.000 (2033s)
[mlx] fixed step 4580 ce=0.4561 total=0.4561 grad=0.2601304054260254 conf_frac=0.250 (2038s)
[mlx] fixed step 4590 ce=0.7501 total=0.7501 grad=1.6685066223144531 conf_frac=0.750 (2042s)
[mlx] fixed step 4600 ce=0.8154 total=0.8154 grad=4.894066333770752 conf_frac=0.250 (2047s)
[mlx] fixed step 4610 ce=0.8880 total=0.8880 grad=3.6466901302337646 conf_frac=0.750 (2051s)
[mlx] fixed step 4620 ce=0.9400 total=0.9400 grad=5.838104724884033 conf_frac=0.750 (2055s)
[mlx] fixed step 4630 ce=0.3313 total=0.3313 grad=1.0485552549362183 conf_frac=0.750 (2059s)
[mlx] fixed step 4640 ce=0.4249 total=0.4249 grad=0.31285595893859863 conf_frac=0.750 (2063s)
[mlx] fixed step 4650 ce=0.3509 total=0.3509 grad=0.13852185010910034 conf_frac=0.750 (2068s)
[mlx] fixed step 4660 ce=0.1354 total=0.1354 grad=0.04726605489850044 conf_frac=0.250 (2073s)
[mlx] fixed step 4670 ce=0.9093 total=0.9093 grad=0.393301397562027 conf_frac=0.250 (2077s)
[mlx] fixed step 4680 ce=0.5368 total=0.5368 grad=0.06581438332796097 conf_frac=0.250 (2081s)
[mlx] fixed step 4690 ce=0.5896 total=0.5896 grad=0.027872256934642792 conf_frac=0.250 (2086s)
[mlx] fixed step 4700 ce=0.4654 total=0.4654 grad=5.833125760545954e-05 conf_frac=0.000 (2090s)
[mlx] fixed step 4710 ce=0.7255 total=0.7255 grad=0.00011895287752849981 conf_frac=0.000 (2094s)
[mlx] fixed step 4720 ce=0.3411 total=0.3411 grad=0.8075953125953674 conf_frac=0.250 (2099s)
[mlx] fixed step 4730 ce=0.3608 total=0.3608 grad=0.0689820721745491 conf_frac=0.500 (2103s)
[mlx] fixed step 4740 ce=0.4779 total=0.4779 grad=1.6024028062820435 conf_frac=0.750 (2107s)
[mlx] fixed step 4750 ce=0.7403 total=0.7403 grad=0.29336804151535034 conf_frac=0.250 (2111s)
[mlx] fixed step 4760 ce=0.3186 total=0.3186 grad=0.198951855301857 conf_frac=0.250 (2116s)
[mlx] fixed step 4770 ce=0.9948 total=0.9948 grad=0.5024980306625366 conf_frac=0.500 (2120s)
[mlx] fixed step 4780 ce=0.5221 total=0.5221 grad=0.07729769498109818 conf_frac=0.500 (2124s)
[mlx] fixed step 4790 ce=0.4424 total=0.4424 grad=0.6633586287498474 conf_frac=0.500 (2128s)
[mlx] fixed step 4800 ce=0.3733 total=0.3733 grad=4.080052852630615 conf_frac=0.750 (2133s)
[mlx] fixed step 4810 ce=0.3674 total=0.3674 grad=0.2671327590942383 conf_frac=0.500 (2138s)
[mlx] fixed step 4820 ce=0.7701 total=0.7701 grad=5.012603759765625 conf_frac=0.500 (2142s)
[mlx] fixed step 4830 ce=0.2969 total=0.2969 grad=0.7098687887191772 conf_frac=0.500 (2147s)
[mlx] fixed step 4840 ce=0.5262 total=0.5262 grad=4.739343643188477 conf_frac=0.750 (2151s)
[mlx] fixed step 4850 ce=0.5322 total=0.5322 grad=0.9316908717155457 conf_frac=0.750 (2155s)
[mlx] fixed step 4860 ce=0.5770 total=0.5770 grad=4.474966526031494 conf_frac=0.250 (2159s)
[mlx] fixed step 4870 ce=0.4501 total=0.4501 grad=1.837654948234558 conf_frac=0.500 (2163s)
[mlx] fixed step 4880 ce=0.8783 total=0.8783 grad=1.7324973344802856 conf_frac=0.500 (2167s)
[mlx] fixed step 4890 ce=0.1766 total=0.1766 grad=0.00039352558087557554 conf_frac=0.000 (2172s)
[mlx] fixed step 4900 ce=0.4450 total=0.4450 grad=0.43477076292037964 conf_frac=0.500 (2176s)
[mlx] fixed step 4910 ce=0.7009 total=0.7009 grad=0.24413074553012848 conf_frac=0.500 (2181s)
[mlx] fixed step 4920 ce=0.5551 total=0.5551 grad=4.180527687072754 conf_frac=1.000 (2185s)
[mlx] fixed step 4930 ce=0.5911 total=0.5911 grad=0.44905179738998413 conf_frac=0.250 (2190s)
[mlx] fixed step 4940 ce=0.3537 total=0.3537 grad=2.064596176147461 conf_frac=0.500 (2195s)
[mlx] fixed step 4950 ce=0.4526 total=0.4526 grad=0.47224104404449463 conf_frac=0.750 (2201s)
[mlx] fixed step 4960 ce=0.2456 total=0.2456 grad=0.33976277709007263 conf_frac=0.750 (2206s)
[mlx] fixed step 4970 ce=0.6267 total=0.6267 grad=3.606581687927246 conf_frac=0.500 (2212s)
[mlx] fixed step 4980 ce=0.8691 total=0.8691 grad=3.267332077026367 conf_frac=0.250 (2218s)
[mlx] fixed step 4990 ce=0.5746 total=0.5746 grad=4.217875957489014 conf_frac=0.750 (2226s)
[mlx] fixed step 5000 ce=0.2404 total=0.2404 grad=0.6547806262969971 conf_frac=0.750 (2230s)
[mlx] fixed step 5010 ce=0.3314 total=0.3314 grad=9.168882369995117 conf_frac=0.500 (2234s)
[mlx] fixed step 5020 ce=0.3322 total=0.3322 grad=0.40079694986343384 conf_frac=0.500 (2242s)
[mlx] fixed step 5030 ce=0.4039 total=0.4039 grad=0.0 conf_frac=0.000 (2249s)
[mlx] fixed step 5040 ce=0.5095 total=0.5095 grad=0.27917373180389404 conf_frac=0.250 (2258s)
[mlx] fixed step 5050 ce=0.3322 total=0.3322 grad=0.15609295666217804 conf_frac=0.250 (2262s)
[mlx] fixed step 5060 ce=1.0202 total=1.0202 grad=3.0501699447631836 conf_frac=0.500 (2266s)
[mlx] fixed step 5070 ce=0.7745 total=0.7745 grad=0.3404562473297119 conf_frac=0.250 (2274s)
[mlx] fixed step 5080 ce=0.6674 total=0.6674 grad=0.5413968563079834 conf_frac=0.250 (2278s)
[mlx] fixed step 5090 ce=0.4130 total=0.4130 grad=0.06589158624410629 conf_frac=0.750 (2283s)
[mlx] fixed step 5100 ce=0.7156 total=0.7156 grad=2.938826322555542 conf_frac=0.500 (2287s)
[mlx] fixed step 5110 ce=0.4346 total=0.4346 grad=3.6073503494262695 conf_frac=0.500 (2291s)
[mlx] fixed step 5120 ce=0.6738 total=0.6738 grad=0.20052967965602875 conf_frac=0.250 (2295s)
[mlx] fixed step 5130 ce=0.3072 total=0.3072 grad=1.4990118741989136 conf_frac=0.500 (2299s)
[mlx] fixed step 5140 ce=0.4986 total=0.4986 grad=4.108585357666016 conf_frac=0.750 (2304s)
[mlx] fixed step 5150 ce=0.6586 total=0.6586 grad=5.347536087036133 conf_frac=1.000 (2308s)
[mlx] fixed step 5160 ce=0.5814 total=0.5814 grad=10.152520179748535 conf_frac=0.750 (2312s)
[mlx] fixed step 5170 ce=0.3119 total=0.3119 grad=0.6084931492805481 conf_frac=0.500 (2316s)
[mlx] fixed step 5180 ce=0.4897 total=0.4897 grad=1.0277810096740723 conf_frac=0.750 (2322s)
[mlx] fixed step 5190 ce=0.5919 total=0.5919 grad=0.46660539507865906 conf_frac=0.250 (2327s)
[mlx] fixed step 5200 ce=0.1512 total=0.1512 grad=0.35400399565696716 conf_frac=0.500 (2331s)
[mlx] fixed step 5210 ce=1.1177 total=1.1177 grad=0.758858323097229 conf_frac=0.500 (2335s)
[mlx] fixed step 5220 ce=0.4773 total=0.4773 grad=1.66374671459198 conf_frac=0.750 (2340s)
[mlx] fixed step 5230 ce=0.5482 total=0.5482 grad=0.5592861175537109 conf_frac=0.500 (2344s)
[mlx] fixed step 5240 ce=0.3050 total=0.3050 grad=4.249964714050293 conf_frac=0.750 (2348s)
[mlx] fixed step 5250 ce=0.4229 total=0.4229 grad=0.2683253288269043 conf_frac=0.500 (2353s)
[mlx] fixed step 5260 ce=0.3044 total=0.3044 grad=2.4562559127807617 conf_frac=0.500 (2357s)
[mlx] fixed step 5270 ce=1.0930 total=1.0930 grad=2.9399144649505615 conf_frac=1.000 (2361s)
[mlx] fixed step 5280 ce=0.2185 total=0.2185 grad=0.4983941316604614 conf_frac=1.000 (2365s)
[mlx] fixed step 5290 ce=0.3594 total=0.3594 grad=0.7075993418693542 conf_frac=0.500 (2370s)
[mlx] fixed step 5300 ce=0.8431 total=0.8431 grad=0.026088137179613113 conf_frac=0.250 (2374s)
[mlx] fixed step 5310 ce=0.4897 total=0.4897 grad=1.3182560205459595 conf_frac=0.500 (2378s)
[mlx] fixed step 5320 ce=1.0921 total=1.0921 grad=0.038898907601833344 conf_frac=0.250 (2383s)
[mlx] fixed step 5330 ce=0.5637 total=0.5637 grad=2.1507880687713623 conf_frac=0.750 (2387s)
[mlx] fixed step 5340 ce=0.5805 total=0.5805 grad=3.2770988941192627 conf_frac=0.750 (2392s)
[mlx] fixed step 5350 ce=0.4100 total=0.4100 grad=2.1756362915039062 conf_frac=0.500 (2396s)
[mlx] fixed step 5360 ce=0.3321 total=0.3321 grad=0.27640339732170105 conf_frac=0.500 (2401s)
[mlx] fixed step 5370 ce=0.4186 total=0.4186 grad=1.0736417770385742 conf_frac=0.500 (2406s)
[mlx] fixed step 5380 ce=1.3403 total=1.3403 grad=0.024359025061130524 conf_frac=0.250 (2410s)
[mlx] fixed step 5390 ce=0.6413 total=0.6413 grad=0.0 conf_frac=0.000 (2415s)
[mlx] fixed step 5400 ce=0.2423 total=0.2423 grad=2.0407233238220215 conf_frac=0.750 (2419s)
[mlx] fixed step 5410 ce=1.0431 total=1.0431 grad=6.417358875274658 conf_frac=0.250 (2423s)
[mlx] fixed step 5420 ce=0.3094 total=0.3094 grad=0.16823312640190125 conf_frac=1.000 (2428s)
[mlx] fixed step 5430 ce=0.3659 total=0.3659 grad=0.1292683333158493 conf_frac=0.750 (2432s)
[mlx] fixed step 5440 ce=0.6574 total=0.6574 grad=0.5782806873321533 conf_frac=0.250 (2437s)
[mlx] fixed step 5450 ce=0.4264 total=0.4264 grad=2.2398478984832764 conf_frac=1.000 (2441s)
[mlx] fixed step 5460 ce=0.7396 total=0.7396 grad=0.18915186822414398 conf_frac=0.250 (2445s)
[mlx] fixed step 5470 ce=0.8015 total=0.8015 grad=0.0 conf_frac=0.000 (2449s)
[mlx] fixed step 5480 ce=0.6158 total=0.6158 grad=2.9840798377990723 conf_frac=1.000 (2454s)
[mlx] fixed step 5490 ce=0.4641 total=0.4641 grad=5.811368465423584 conf_frac=0.250 (2459s)
[mlx] fixed step 5500 ce=0.4332 total=0.4332 grad=3.1005566120147705 conf_frac=1.000 (2463s)
[mlx] fixed step 5510 ce=0.1170 total=0.1170 grad=0.0024190128315240145 conf_frac=0.250 (2468s)
[mlx] fixed step 5520 ce=0.8521 total=0.8521 grad=0.23217783868312836 conf_frac=0.750 (2472s)
[mlx] fixed step 5530 ce=0.5352 total=0.5352 grad=2.3812808990478516 conf_frac=0.500 (2477s)
[mlx] fixed step 5540 ce=0.6944 total=0.6944 grad=4.204835414886475 conf_frac=0.500 (2481s)
[mlx] fixed step 5550 ce=0.6271 total=0.6271 grad=3.9060277938842773 conf_frac=0.750 (2485s)
[mlx] fixed step 5560 ce=0.5850 total=0.5850 grad=0.9872621893882751 conf_frac=0.500 (2490s)
[mlx] fixed step 5570 ce=0.3931 total=0.3931 grad=0.25212427973747253 conf_frac=0.250 (2494s)
[mlx] fixed step 5580 ce=1.3146 total=1.3146 grad=4.3782196044921875 conf_frac=0.500 (2499s)
[mlx] fixed step 5590 ce=0.9795 total=0.9795 grad=0.3673844039440155 conf_frac=0.500 (2503s)
[mlx] fixed step 5600 ce=0.8930 total=0.8930 grad=1.9912302494049072 conf_frac=0.750 (2508s)
[mlx] fixed step 5610 ce=0.8581 total=0.8581 grad=0.05247296392917633 conf_frac=0.500 (2513s)
[mlx] fixed step 5620 ce=0.6386 total=0.6386 grad=5.164492607116699 conf_frac=0.500 (2517s)
[mlx] fixed step 5630 ce=0.8851 total=0.8851 grad=2.8519341945648193 conf_frac=0.750 (2521s)
[mlx] fixed step 5640 ce=0.4297 total=0.4297 grad=0.6447591185569763 conf_frac=0.250 (2525s)
[mlx] fixed step 5650 ce=0.5065 total=0.5065 grad=0.6420174241065979 conf_frac=0.500 (2530s)
[mlx] fixed step 5660 ce=0.5852 total=0.5852 grad=0.0 conf_frac=0.000 (2534s)
[mlx] fixed step 5670 ce=0.7926 total=0.7926 grad=0.0002678828896023333 conf_frac=0.000 (2538s)
[mlx] fixed step 5680 ce=0.8018 total=0.8018 grad=0.05778152495622635 conf_frac=0.250 (2543s)
[mlx] fixed step 5690 ce=0.5087 total=0.5087 grad=0.270830363035202 conf_frac=0.250 (2547s)
[mlx] fixed step 5700 ce=0.9456 total=0.9456 grad=1.099415898323059 conf_frac=0.500 (2551s)
[mlx] fixed step 5710 ce=1.2971 total=1.2971 grad=2.065068006515503 conf_frac=0.250 (2556s)
[mlx] fixed step 5720 ce=0.3209 total=0.3209 grad=0.16053639352321625 conf_frac=0.500 (2560s)
[mlx] fixed step 5730 ce=0.4504 total=0.4504 grad=0.30694690346717834 conf_frac=0.500 (2565s)
[mlx] fixed step 5740 ce=1.0158 total=1.0158 grad=0.3721387982368469 conf_frac=0.250 (2570s)
[mlx] fixed step 5750 ce=0.5737 total=0.5737 grad=3.386420488357544 conf_frac=0.750 (2574s)
[mlx] fixed step 5760 ce=0.8826 total=0.8826 grad=0.21238552033901215 conf_frac=0.500 (2580s)
[mlx] fixed step 5770 ce=0.3829 total=0.3829 grad=6.089500904083252 conf_frac=1.000 (2584s)
[mlx] fixed step 5780 ce=0.3088 total=0.3088 grad=0.0749349445104599 conf_frac=0.750 (2588s)
[mlx] fixed step 5790 ce=0.5778 total=0.5778 grad=2.2771880626678467 conf_frac=0.500 (2592s)
[mlx] fixed step 5800 ce=0.4144 total=0.4144 grad=0.029237447306513786 conf_frac=0.250 (2597s)
[mlx] fixed step 5810 ce=0.2821 total=0.2821 grad=0.2265673130750656 conf_frac=0.750 (2601s)
[mlx] fixed step 5820 ce=0.6203 total=0.6203 grad=2.659334659576416 conf_frac=0.500 (2605s)
[mlx] fixed step 5830 ce=0.5433 total=0.5433 grad=0.009870556183159351 conf_frac=0.250 (2610s)
[mlx] fixed step 5840 ce=0.4275 total=0.4275 grad=0.13656574487686157 conf_frac=0.250 (2615s)
[mlx] fixed step 5850 ce=0.6074 total=0.6074 grad=0.05667368695139885 conf_frac=0.250 (2619s)
[mlx] fixed step 5860 ce=0.5368 total=0.5368 grad=2.746873378753662 conf_frac=0.750 (2625s)
[mlx] fixed step 5870 ce=0.1422 total=0.1422 grad=0.12870503962039948 conf_frac=0.500 (2629s)
[mlx] fixed step 5880 ce=1.1225 total=1.1225 grad=0.3833984136581421 conf_frac=0.750 (2634s)
[mlx] fixed step 5890 ce=0.6771 total=0.6771 grad=0.052163686603307724 conf_frac=1.000 (2639s)
[mlx] fixed step 5900 ce=0.7766 total=0.7766 grad=0.974204957485199 conf_frac=1.000 (2644s)
[mlx] fixed step 5910 ce=0.9190 total=0.9190 grad=3.0726163387298584 conf_frac=0.500 (2649s)
[mlx] fixed step 5920 ce=0.3581 total=0.3581 grad=4.239197731018066 conf_frac=0.500 (2654s)
[mlx] fixed step 5930 ce=0.6845 total=0.6845 grad=0.3404635488986969 conf_frac=0.750 (2658s)
[mlx] fixed step 5940 ce=0.7688 total=0.7688 grad=0.10428974777460098 conf_frac=0.500 (2663s)
[mlx] fixed step 5950 ce=0.4434 total=0.4434 grad=0.10275208950042725 conf_frac=0.500 (2667s)
[mlx] fixed step 5960 ce=0.7182 total=0.7182 grad=2.3098552227020264 conf_frac=0.500 (2672s)
[mlx] fixed step 5970 ce=0.5318 total=0.5318 grad=0.8246792554855347 conf_frac=0.500 (2676s)
[mlx] fixed step 5980 ce=0.4228 total=0.4228 grad=0.4223189353942871 conf_frac=0.750 (2681s)
[mlx] fixed step 5990 ce=0.6555 total=0.6555 grad=3.2486870288848877 conf_frac=0.750 (2686s)
[mlx] fixed step 6000 ce=0.3451 total=0.3451 grad=0.9413899183273315 conf_frac=0.500 (2690s)
[mlx] fixed post-train (n=8008) acc=0.9324 majority=0.4995 dist={'[CONFIDENT]': 0.4822677322677323, '[COND_CONFIDENT]': 0.062187812187812185, '[TEMPORAL_HEDGE]': 0.45554445554445555, '[UNKNOWN]': 0.0}
[mlx] fixed accuracy lift over majority-class baseline: +0.4329 (discriminating)
[mlx] fixed finished: 6006 steps in 2692.2s
[mlx] saved adapter -> data/prep/tcl_mlx_llama3/sft_only_seed0/adapter_fixed

[mlx] wrote data/prep/tcl_mlx_llama3/sft_only_seed0/loss_log.csv
[mlx] wrote data/prep/tcl_mlx_llama3/sft_only_seed0/run_meta.json
=== train sft_only seed 0 wall 3264s
[gen] 3622 examples | source=temporal-delta:test | arm=sft_only | adapter=data/prep/tcl_mlx_llama3/sft_only_seed0/adapter_fixed
[transformers] Ignoring clean_up_tokenization_spaces=True for BPE tokenizer TokenizersBackend. The clean_up_tokenization post-processing step is designed for WordPiece tokenizers and is destructive for BPE (it strips spaces before punctuation). Set clean_up_tokenization_spaces=False to suppress this warning, or set clean_up_tokenization_spaces_for_bpe_even_though_it_will_corrupt_output=True to force cleanup anyway.
[gen] 100/3622  EM=0.030 hedge_acc=1.000 fallback=0.000 (20s, 0.20s/ex)
[gen] 200/3622  EM=0.020 hedge_acc=1.000 fallback=0.000 (41s, 0.20s/ex)
[gen] 300/3622  EM=0.040 hedge_acc=1.000 fallback=0.000 (63s, 0.21s/ex)
[gen] 400/3622  EM=0.040 hedge_acc=1.000 fallback=0.000 (85s, 0.21s/ex)
[gen] 500/3622  EM=0.040 hedge_acc=1.000 fallback=0.000 (110s, 0.22s/ex)
[gen] 600/3622  EM=0.033 hedge_acc=1.000 fallback=0.000 (138s, 0.23s/ex)
[gen] 700/3622  EM=0.034 hedge_acc=1.000 fallback=0.000 (161s, 0.23s/ex)
[gen] 800/3622  EM=0.030 hedge_acc=1.000 fallback=0.000 (181s, 0.23s/ex)
[gen] 900/3622  EM=0.027 hedge_acc=1.000 fallback=0.000 (202s, 0.22s/ex)
[gen] 1000/3622  EM=0.024 hedge_acc=1.000 fallback=0.000 (223s, 0.22s/ex)
[gen] 1100/3622  EM=0.022 hedge_acc=1.000 fallback=0.000 (243s, 0.22s/ex)
[gen] 1200/3622  EM=0.020 hedge_acc=1.000 fallback=0.000 (264s, 0.22s/ex)
[gen] 1300/3622  EM=0.019 hedge_acc=1.000 fallback=0.000 (287s, 0.22s/ex)
[gen] 1400/3622  EM=0.019 hedge_acc=1.000 fallback=0.000 (311s, 0.22s/ex)
[gen] 1500/3622  EM=0.018 hedge_acc=1.000 fallback=0.000 (332s, 0.22s/ex)
[gen] 1600/3622  EM=0.018 hedge_acc=1.000 fallback=0.000 (354s, 0.22s/ex)
[gen] 1700/3622  EM=0.019 hedge_acc=1.000 fallback=0.001 (376s, 0.22s/ex)
[gen] 1800/3622  EM=0.019 hedge_acc=1.000 fallback=0.001 (397s, 0.22s/ex)
[gen] 1900/3622  EM=0.018 hedge_acc=1.000 fallback=0.001 (420s, 0.22s/ex)
[gen] 2000/3622  EM=0.019 hedge_acc=1.000 fallback=0.001 (443s, 0.22s/ex)
[gen] 2100/3622  EM=0.018 hedge_acc=1.000 fallback=0.001 (464s, 0.22s/ex)
[gen] 2200/3622  EM=0.017 hedge_acc=1.000 fallback=0.001 (485s, 0.22s/ex)
[gen] 2300/3622  EM=0.017 hedge_acc=1.000 fallback=0.001 (507s, 0.22s/ex)
[gen] 2400/3622  EM=0.019 hedge_acc=1.000 fallback=0.001 (528s, 0.22s/ex)
[gen] 2500/3622  EM=0.023 hedge_acc=1.000 fallback=0.001 (549s, 0.22s/ex)
[gen] 2600/3622  EM=0.023 hedge_acc=1.000 fallback=0.001 (573s, 0.22s/ex)
[gen] 2700/3622  EM=0.023 hedge_acc=1.000 fallback=0.001 (594s, 0.22s/ex)
[gen] 2800/3622  EM=0.022 hedge_acc=1.000 fallback=0.001 (614s, 0.22s/ex)
[gen] 2900/3622  EM=0.023 hedge_acc=1.000 fallback=0.001 (636s, 0.22s/ex)
[gen] 3000/3622  EM=0.023 hedge_acc=1.000 fallback=0.001 (658s, 0.22s/ex)
[gen] 3100/3622  EM=0.022 hedge_acc=1.000 fallback=0.001 (677s, 0.22s/ex)
[gen] 3200/3622  EM=0.021 hedge_acc=1.000 fallback=0.001 (699s, 0.22s/ex)
[gen] 3300/3622  EM=0.022 hedge_acc=0.999 fallback=0.001 (719s, 0.22s/ex)
[gen] 3400/3622  EM=0.023 hedge_acc=0.999 fallback=0.001 (736s, 0.22s/ex)
[gen] 3500/3622  EM=0.023 hedge_acc=0.999 fallback=0.001 (755s, 0.22s/ex)
[gen] 3600/3622  EM=0.023 hedge_acc=0.999 fallback=0.001 (774s, 0.21s/ex)

[gen] wrote data/prep/predictions_llama3/sft_only_seed0_test.jsonl
[gen] n=3622  EM=0.0226  hedge_acc=0.9992  fallback_rate=0.0008  wall=778s
=== eval sft_only seed 0 test wall 783s
[gen] 413 examples | source=freshqa | arm=sft_only | adapter=data/prep/tcl_mlx_llama3/sft_only_seed0/adapter_fixed
[transformers] Ignoring clean_up_tokenization_spaces=True for BPE tokenizer TokenizersBackend. The clean_up_tokenization post-processing step is designed for WordPiece tokenizers and is destructive for BPE (it strips spaces before punctuation). Set clean_up_tokenization_spaces=False to suppress this warning, or set clean_up_tokenization_spaces_for_bpe_even_though_it_will_corrupt_output=True to force cleanup anyway.
[gen] 100/413  EM=0.080 hedge_acc=0.060 fallback=0.040 (20s, 0.20s/ex)
[gen] 200/413  EM=0.135 hedge_acc=0.385 fallback=0.020 (37s, 0.19s/ex)
[gen] 300/413  EM=0.100 hedge_acc=0.363 fallback=0.013 (55s, 0.18s/ex)
[gen] 400/413  EM=0.098 hedge_acc=0.330 fallback=0.010 (74s, 0.19s/ex)

[gen] wrote data/prep/predictions_llama3/sft_only_seed0_freshqa.jsonl
[gen] n=413  EM=0.0944  hedge_acc=0.3196  fallback_rate=0.0097  wall=76s
=== eval sft_only seed 0 freshqa wall 81s
=== sft_only seed 0 done 2026-09-29T05:55:06Z
=== queue v3 start 2026-09-29T05:55:36Z (tokenizer fixed; all 10 arm-seeds)
=== guard 2026-09-29T05:55:36Z pressure_level=1 swap=total = 16384.00M  used = 15188.38M  free = 1195.62M  (encrypted) | System-wide memory free percentage: 89%
=== tsct seed 0 start 2026-09-29T05:55:36Z | System-wide memory free percentage: 89% | total = 16384.00M  used = 15188.38M  free = 1195.62M  (encrypted)
[mlx] loaded 8008 raw examples

[mlx] === condition: fixed ===
[transformers] Ignoring clean_up_tokenization_spaces=True for BPE tokenizer TokenizersBackend. The clean_up_tokenization post-processing step is designed for WordPiece tokenizers and is destructive for BPE (it strips spaces before punctuation). Set clean_up_tokenization_spaces=False to suppress this warning, or set clean_up_tokenization_spaces_for_bpe_even_though_it_will_corrupt_output=True to force cleanup anyway.
[mlx] hedge ids (no resize, mode=reserved): [128002, 128003, 128004, 128005]
[mlx] adapted output projection: lm_head (untied)
Trainable parameters: 0.144% (11.545M/8030.261M)
[mlx] 8008 examples after tokenisation (max_len=128)
[mlx] hedge-head check: logit spread=0.000000 contrast_grad_norm=804.066223
[mlx] fixed pre-train (n=8008) acc=0.4384 majority=0.4995 dist={'[CONFIDENT]': 1.0, '[COND_CONFIDENT]': 0.0, '[TEMPORAL_HEDGE]': 0.0, '[UNKNOWN]': 0.0}
[mlx] fixed step 0 ce=6.9848 total=6.9940 grad=0.2383430302143097 conf_frac=1.000 (1s)
[mlx] fixed step 10 ce=2.4048 total=2.4739 grad=7.683355331420898 conf_frac=0.000 (5s)
[mlx] fixed step 20 ce=2.0410 total=2.1016 grad=2.2730050086975098 conf_frac=1.000 (9s)
[mlx] fixed step 30 ce=2.9699 total=3.0347 grad=29.36726188659668 conf_frac=1.000 (13s)
[mlx] fixed step 40 ce=2.4831 total=2.5238 grad=5.080296039581299 conf_frac=1.000 (17s)
[mlx] fixed step 50 ce=1.8546 total=1.8984 grad=5.446876049041748 conf_frac=0.750 (22s)
[mlx] fixed step 60 ce=2.1947 total=2.2396 grad=1.861177921295166 conf_frac=0.000 (27s)
[mlx] fixed step 70 ce=2.2114 total=2.2587 grad=6.352052211761475 conf_frac=0.000 (31s)
[mlx] fixed step 80 ce=2.2618 total=2.3077 grad=5.561081886291504 conf_frac=1.000 (35s)
[mlx] fixed step 90 ce=2.6146 total=2.6532 grad=0.20353150367736816 conf_frac=0.000 (39s)
[mlx] fixed step 100 ce=2.6506 total=2.7003 grad=6.4090704917907715 conf_frac=0.000 (43s)
[mlx] fixed step 110 ce=2.1810 total=2.2298 grad=5.323822975158691 conf_frac=1.000 (47s)
[mlx] fixed step 120 ce=1.9035 total=1.9500 grad=6.548015117645264 conf_frac=0.000 (51s)
[mlx] fixed step 130 ce=1.7761 total=1.8143 grad=3.6922380924224854 conf_frac=1.000 (55s)
[mlx] fixed step 140 ce=2.5509 total=2.6030 grad=5.303349494934082 conf_frac=1.000 (59s)
[mlx] fixed step 150 ce=1.6668 total=1.7324 grad=13.589797973632812 conf_frac=0.000 (63s)
[mlx] fixed step 160 ce=2.1751 total=2.2090 grad=2.402157783508301 conf_frac=0.000 (67s)
[mlx] fixed step 170 ce=1.2338 total=1.2834 grad=6.772010326385498 conf_frac=0.000 (71s)
[mlx] fixed step 180 ce=2.1355 total=2.1873 grad=3.9780969619750977 conf_frac=1.000 (76s)
[mlx] fixed step 190 ce=1.2922 total=1.3624 grad=21.800893783569336 conf_frac=1.000 (80s)
[mlx] fixed step 200 ce=1.6405 total=1.6798 grad=4.176187992095947 conf_frac=1.000 (85s)
[mlx] fixed step 210 ce=1.5496 total=1.5971 grad=9.094415664672852 conf_frac=1.000 (89s)
[mlx] fixed step 220 ce=2.4861 total=2.5222 grad=3.7840332984924316 conf_frac=0.250 (93s)
[mlx] fixed step 230 ce=1.7108 total=1.7607 grad=6.462000370025635 conf_frac=0.000 (98s)
[mlx] fixed step 240 ce=2.0121 total=2.0620 grad=5.916001319885254 conf_frac=0.000 (102s)
[mlx] fixed step 250 ce=1.1789 total=1.2252 grad=4.852819442749023 conf_frac=1.000 (106s)
[mlx] fixed step 260 ce=1.4023 total=1.4495 grad=5.24734354019165 conf_frac=1.000 (111s)
[mlx] fixed step 270 ce=2.8705 total=2.9184 grad=4.553735733032227 conf_frac=1.000 (115s)
[mlx] fixed step 280 ce=2.1014 total=2.1281 grad=6.942620754241943 conf_frac=1.000 (119s)
[mlx] fixed step 290 ce=2.2464 total=2.3188 grad=15.204524993896484 conf_frac=0.000 (123s)
[mlx] fixed step 300 ce=1.5211 total=1.5764 grad=10.43910026550293 conf_frac=1.000 (127s)
[mlx] fixed step 310 ce=2.3543 total=2.3881 grad=10.753885269165039 conf_frac=1.000 (132s)
[mlx] fixed step 320 ce=1.9100 total=1.9606 grad=6.479491233825684 conf_frac=0.000 (136s)
[mlx] fixed step 330 ce=2.3753 total=2.4240 grad=4.348431587219238 conf_frac=0.250 (140s)
[mlx] fixed step 340 ce=1.6530 total=1.7081 grad=14.45431900024414 conf_frac=1.000 (144s)
[mlx] fixed step 350 ce=2.6940 total=2.7259 grad=2.7726058959960938 conf_frac=0.250 (148s)
[mlx] fixed step 360 ce=2.0188 total=2.0630 grad=5.851783752441406 conf_frac=0.000 (153s)
[mlx] fixed step 370 ce=3.1601 total=3.2043 grad=4.553430557250977 conf_frac=1.000 (158s)
[mlx] fixed step 380 ce=2.6715 total=2.7149 grad=3.2295048236846924 conf_frac=1.000 (162s)
[mlx] fixed step 390 ce=2.6127 total=2.6390 grad=5.315025806427002 conf_frac=0.250 (166s)
[mlx] fixed step 400 ce=1.5903 total=1.6435 grad=9.950045585632324 conf_frac=1.000 (171s)
[mlx] fixed step 410 ce=1.7851 total=1.8221 grad=1.2550545930862427 conf_frac=0.250 (176s)
[mlx] fixed step 420 ce=3.4823 total=3.5142 grad=2.2462637424468994 conf_frac=0.250 (181s)
[mlx] fixed step 430 ce=1.6966 total=1.7550 grad=9.677979469299316 conf_frac=0.750 (185s)
[mlx] fixed step 440 ce=1.6549 total=1.7169 grad=15.821512222290039 conf_frac=1.000 (189s)
[mlx] fixed step 450 ce=1.8864 total=1.9348 grad=6.080746650695801 conf_frac=0.250 (194s)
[mlx] fixed step 460 ce=2.2858 total=2.3275 grad=5.508751392364502 conf_frac=0.750 (198s)
[mlx] fixed step 470 ce=2.8085 total=2.8600 grad=3.4565021991729736 conf_frac=0.250 (202s)
[mlx] fixed step 480 ce=1.8078 total=1.8376 grad=5.446356773376465 conf_frac=0.500 (207s)
[mlx] fixed step 490 ce=2.0513 total=2.1046 grad=2.279547929763794 conf_frac=0.250 (212s)
[mlx] fixed step 500 ce=2.5036 total=2.5381 grad=7.115296363830566 conf_frac=0.500 (216s)
[mlx] fixed step 510 ce=1.7142 total=1.7400 grad=7.376540184020996 conf_frac=0.750 (221s)
[mlx] fixed step 520 ce=1.1295 total=1.1521 grad=5.225199222564697 conf_frac=0.500 (225s)
[mlx] fixed step 530 ce=2.3602 total=2.4160 grad=4.423388957977295 conf_frac=0.750 (229s)
[mlx] fixed step 540 ce=1.6467 total=1.6956 grad=7.008604049682617 conf_frac=0.750 (234s)
[mlx] fixed step 550 ce=2.3724 total=2.4158 grad=8.493599891662598 conf_frac=0.250 (238s)
[mlx] fixed step 560 ce=2.9459 total=2.9676 grad=2.111051321029663 conf_frac=0.250 (243s)
[mlx] fixed step 570 ce=2.0294 total=2.0818 grad=9.020657539367676 conf_frac=0.500 (247s)
[mlx] fixed step 580 ce=1.9695 total=1.9986 grad=2.652242422103882 conf_frac=0.500 (251s)
[mlx] fixed step 590 ce=1.6643 total=1.7059 grad=6.757009506225586 conf_frac=0.750 (255s)
[mlx] fixed step 600 ce=1.9894 total=2.0328 grad=3.808262825012207 conf_frac=0.750 (259s)
[mlx] fixed step 610 ce=1.0477 total=1.0839 grad=5.921493053436279 conf_frac=0.750 (264s)
[mlx] fixed step 620 ce=1.3497 total=1.3847 grad=8.730419158935547 conf_frac=0.750 (268s)
[mlx] fixed step 630 ce=1.6063 total=1.6656 grad=6.51238489151001 conf_frac=1.000 (273s)
[mlx] fixed step 640 ce=1.6656 total=1.7512 grad=8.616891860961914 conf_frac=1.000 (277s)
[mlx] fixed step 650 ce=2.1180 total=2.2122 grad=6.283529281616211 conf_frac=0.000 (281s)
[mlx] fixed step 660 ce=1.4014 total=1.4504 grad=9.61343002319336 conf_frac=0.250 (286s)
[mlx] fixed step 670 ce=2.2700 total=2.3080 grad=2.6806247234344482 conf_frac=0.750 (290s)
[mlx] fixed step 680 ce=2.1813 total=2.2169 grad=2.451517343521118 conf_frac=0.250 (295s)
[mlx] fixed step 690 ce=2.7254 total=2.7491 grad=3.688431739807129 conf_frac=0.500 (299s)
[mlx] fixed step 700 ce=2.4586 total=2.4861 grad=4.585604190826416 conf_frac=0.250 (304s)
[mlx] fixed step 710 ce=2.4176 total=2.4564 grad=4.7584943771362305 conf_frac=0.500 (308s)
[mlx] fixed step 720 ce=1.4846 total=1.5759 grad=4.400348663330078 conf_frac=1.000 (313s)
[mlx] fixed step 730 ce=1.2260 total=1.2533 grad=6.262338161468506 conf_frac=0.750 (318s)
[mlx] fixed step 740 ce=1.9843 total=2.0206 grad=1.2987123727798462 conf_frac=0.500 (322s)
[mlx] fixed step 750 ce=1.6112 total=1.6393 grad=4.307794094085693 conf_frac=0.250 (327s)
[mlx] fixed step 760 ce=1.4028 total=1.4194 grad=2.7126646041870117 conf_frac=0.500 (331s)
[mlx] fixed step 770 ce=2.1013 total=2.1714 grad=1.1335687637329102 conf_frac=1.000 (335s)
[mlx] fixed step 780 ce=2.0743 total=2.1207 grad=8.457144737243652 conf_frac=0.750 (340s)
[mlx] fixed step 790 ce=1.1434 total=1.1981 grad=12.769181251525879 conf_frac=0.750 (345s)
[mlx] fixed step 800 ce=2.5329 total=2.5928 grad=3.8826138973236084 conf_frac=0.250 (350s)
[mlx] fixed step 810 ce=0.8476 total=0.8822 grad=7.8881916999816895 conf_frac=0.500 (354s)
[mlx] fixed step 820 ce=1.3958 total=1.4153 grad=3.5704643726348877 conf_frac=0.500 (358s)
[mlx] fixed step 830 ce=1.6639 total=1.6919 grad=5.029849529266357 conf_frac=0.500 (362s)
[mlx] fixed step 840 ce=2.4687 total=2.4965 grad=1.2619742155075073 conf_frac=0.500 (367s)
[mlx] fixed step 850 ce=2.2619 total=2.2990 grad=3.4054267406463623 conf_frac=0.250 (371s)
[mlx] fixed step 860 ce=1.3550 total=1.3821 grad=1.1021301746368408 conf_frac=0.500 (376s)
[mlx] fixed step 870 ce=1.5972 total=1.6338 grad=1.5756349563598633 conf_frac=0.500 (380s)
[mlx] fixed step 880 ce=2.3725 total=2.3917 grad=3.5100486278533936 conf_frac=0.250 (385s)
[mlx] fixed step 890 ce=2.7339 total=2.7942 grad=5.298095703125 conf_frac=0.750 (389s)
[mlx] fixed step 900 ce=1.6782 total=1.7290 grad=6.60585880279541 conf_frac=0.750 (393s)
[mlx] fixed step 910 ce=1.7514 total=1.8498 grad=10.487948417663574 conf_frac=1.000 (398s)
[mlx] fixed step 920 ce=1.7532 total=1.7887 grad=9.892243385314941 conf_frac=0.750 (403s)
[mlx] fixed step 930 ce=2.0995 total=2.1405 grad=2.0509583950042725 conf_frac=0.250 (407s)
[mlx] fixed step 940 ce=2.0597 total=2.1003 grad=2.813852548599243 conf_frac=0.500 (411s)
[mlx] fixed step 950 ce=1.7143 total=1.7680 grad=7.559160232543945 conf_frac=0.750 (416s)
[mlx] fixed step 960 ce=1.5651 total=1.6303 grad=8.192242622375488 conf_frac=0.750 (420s)
[mlx] fixed step 970 ce=2.7410 total=2.7586 grad=3.495555877685547 conf_frac=0.250 (425s)
[mlx] fixed step 980 ce=2.6602 total=2.7839 grad=1.811161994934082 conf_frac=0.000 (429s)
[mlx] fixed step 990 ce=2.1425 total=2.1818 grad=3.3213462829589844 conf_frac=0.250 (433s)
[mlx] fixed step 1000 ce=1.7365 total=1.7833 grad=3.044830322265625 conf_frac=0.500 (438s)
[mlx] fixed step 1010 ce=1.2405 total=1.2845 grad=9.17784309387207 conf_frac=0.750 (442s)
[mlx] fixed step 1020 ce=1.2309 total=1.2605 grad=5.87453556060791 conf_frac=0.750 (447s)
[mlx] fixed step 1030 ce=1.4531 total=1.5144 grad=4.468491554260254 conf_frac=0.750 (451s)
[mlx] fixed step 1040 ce=1.5307 total=1.6856 grad=5.508504867553711 conf_frac=1.000 (455s)
[mlx] fixed step 1050 ce=3.1994 total=3.2291 grad=6.610745429992676 conf_frac=0.500 (459s)
[mlx] fixed step 1060 ce=1.9304 total=1.9901 grad=0.8753419518470764 conf_frac=0.750 (464s)
[mlx] fixed step 1070 ce=1.4943 total=1.5621 grad=5.883998870849609 conf_frac=0.750 (469s)
[mlx] fixed step 1080 ce=2.3194 total=2.4220 grad=1.4887593984603882 conf_frac=0.000 (473s)
[mlx] fixed step 1090 ce=0.8495 total=0.9076 grad=5.699110507965088 conf_frac=0.750 (478s)
[mlx] fixed step 1100 ce=1.4211 total=1.4488 grad=7.01905632019043 conf_frac=0.500 (482s)
[mlx] fixed step 1110 ce=1.0320 total=1.0500 grad=3.215498685836792 conf_frac=0.250 (487s)
[mlx] fixed step 1120 ce=1.2535 total=1.2839 grad=2.3876399993896484 conf_frac=0.250 (491s)
[mlx] fixed step 1130 ce=1.6658 total=1.7097 grad=3.7516493797302246 conf_frac=0.500 (496s)
[mlx] fixed step 1140 ce=1.1465 total=1.1732 grad=4.064519882202148 conf_frac=0.250 (500s)
[mlx] fixed step 1150 ce=1.6044 total=1.6239 grad=2.9864041805267334 conf_frac=0.500 (505s)
[mlx] fixed step 1160 ce=1.1979 total=1.3157 grad=8.538732528686523 conf_frac=1.000 (510s)
[mlx] fixed step 1170 ce=2.1243 total=2.1508 grad=1.3616660833358765 conf_frac=0.250 (514s)
[mlx] fixed step 1180 ce=1.6804 total=1.7352 grad=6.180851459503174 conf_frac=0.750 (518s)
[mlx] fixed step 1190 ce=1.4303 total=1.4846 grad=5.74701452255249 conf_frac=0.750 (522s)
[mlx] fixed step 1200 ce=1.3074 total=1.3438 grad=12.743559837341309 conf_frac=0.750 (527s)
[mlx] fixed step 1210 ce=1.2255 total=1.3243 grad=10.532936096191406 conf_frac=1.000 (531s)
[mlx] fixed step 1220 ce=2.0496 total=2.1029 grad=1.1630041599273682 conf_frac=0.750 (536s)
[mlx] fixed step 1230 ce=1.8767 total=1.9057 grad=5.525169372558594 conf_frac=0.500 (540s)
[mlx] fixed step 1240 ce=1.6323 total=1.7037 grad=0.39905521273612976 conf_frac=0.750 (544s)
[mlx] fixed step 1250 ce=1.6570 total=1.6859 grad=0.6893796324729919 conf_frac=0.500 (549s)
[mlx] fixed step 1260 ce=1.3852 total=1.4291 grad=9.072425842285156 conf_frac=0.750 (553s)
[mlx] fixed step 1270 ce=2.5632 total=2.6605 grad=3.4032511711120605 conf_frac=1.000 (557s)
[mlx] fixed step 1280 ce=2.0383 total=2.0659 grad=5.833471298217773 conf_frac=0.500 (561s)
[mlx] fixed step 1290 ce=1.5833 total=1.6055 grad=2.0436768531799316 conf_frac=0.500 (565s)
[mlx] fixed step 1300 ce=2.6377 total=2.6581 grad=5.653585910797119 conf_frac=0.500 (570s)
[mlx] fixed step 1310 ce=1.5435 total=1.5739 grad=1.1238285303115845 conf_frac=0.500 (574s)
[mlx] fixed step 1320 ce=2.2781 total=2.3394 grad=3.51212739944458 conf_frac=0.250 (578s)
[mlx] fixed step 1330 ce=1.9993 total=2.0376 grad=2.8819925785064697 conf_frac=0.250 (583s)
[mlx] fixed step 1340 ce=2.2194 total=2.3758 grad=4.986457824707031 conf_frac=1.000 (587s)
[mlx] fixed step 1350 ce=1.7190 total=1.7654 grad=8.172675132751465 conf_frac=0.750 (592s)
[mlx] fixed step 1360 ce=1.7939 total=1.8304 grad=2.8596861362457275 conf_frac=0.250 (596s)
[mlx] fixed step 1370 ce=1.3224 total=1.4273 grad=10.438158988952637 conf_frac=1.000 (601s)
[mlx] fixed step 1380 ce=1.6099 total=1.6587 grad=10.251683235168457 conf_frac=0.750 (605s)
[mlx] fixed step 1390 ce=2.0532 total=2.0859 grad=5.664165019989014 conf_frac=0.500 (609s)
[mlx] fixed step 1400 ce=0.9564 total=1.0394 grad=0.11208388209342957 conf_frac=0.000 (614s)
[mlx] fixed step 1410 ce=0.7710 total=0.8097 grad=3.250593900680542 conf_frac=0.500 (618s)
[mlx] fixed step 1420 ce=2.2388 total=2.2837 grad=9.047904968261719 conf_frac=0.750 (623s)
[mlx] fixed step 1430 ce=1.9066 total=1.9557 grad=2.7333805561065674 conf_frac=0.250 (627s)
[mlx] fixed step 1440 ce=1.6792 total=1.7324 grad=0.8422253727912903 conf_frac=0.750 (632s)
[mlx] fixed step 1450 ce=1.3692 total=1.4116 grad=7.568251132965088 conf_frac=0.750 (637s)
[mlx] fixed step 1460 ce=1.2573 total=1.3040 grad=7.051912784576416 conf_frac=0.750 (641s)
[mlx] fixed step 1470 ce=1.1557 total=1.1917 grad=6.539727687835693 conf_frac=0.500 (645s)
[mlx] fixed step 1480 ce=1.8170 total=1.8736 grad=7.651079177856445 conf_frac=0.750 (649s)
[mlx] fixed step 1490 ce=1.7622 total=1.7954 grad=5.826244354248047 conf_frac=0.500 (654s)
[mlx] fixed step 1500 ce=1.1275 total=1.2040 grad=1.542291283607483 conf_frac=0.000 (658s)
[mlx] fixed step 1510 ce=2.2361 total=2.2596 grad=4.466394424438477 conf_frac=0.500 (662s)
[mlx] fixed step 1520 ce=2.5555 total=2.6060 grad=4.723669052124023 conf_frac=0.750 (667s)
[mlx] fixed step 1530 ce=2.5266 total=2.5572 grad=4.193170070648193 conf_frac=0.250 (671s)
[mlx] fixed step 1540 ce=1.5922 total=1.6834 grad=11.306394577026367 conf_frac=1.000 (675s)
[mlx] fixed step 1550 ce=1.7570 total=1.7847 grad=0.4088817536830902 conf_frac=0.500 (679s)
[mlx] fixed step 1560 ce=1.7985 total=1.8431 grad=3.8219430446624756 conf_frac=0.250 (684s)
[mlx] fixed step 1570 ce=1.1807 total=1.2107 grad=4.3566203117370605 conf_frac=0.500 (688s)
[mlx] fixed step 1580 ce=2.2760 total=2.3002 grad=1.8113250732421875 conf_frac=0.250 (692s)
[mlx] fixed step 1590 ce=1.2746 total=1.3414 grad=5.056700229644775 conf_frac=0.750 (697s)
[mlx] fixed step 1600 ce=1.3910 total=1.4214 grad=2.140122175216675 conf_frac=0.500 (701s)
[mlx] fixed step 1610 ce=2.0081 total=2.0611 grad=2.798455238342285 conf_frac=0.750 (705s)
[mlx] fixed step 1620 ce=2.3621 total=2.3937 grad=4.783351421356201 conf_frac=0.500 (710s)
[mlx] fixed step 1630 ce=1.7984 total=1.8240 grad=1.8958135843276978 conf_frac=0.250 (714s)
[mlx] fixed step 1640 ce=2.1826 total=2.2118 grad=1.7485047578811646 conf_frac=0.250 (718s)
[mlx] fixed step 1650 ce=0.7768 total=0.8396 grad=5.333467483520508 conf_frac=0.750 (722s)
[mlx] fixed step 1660 ce=1.8945 total=1.9172 grad=1.8200548887252808 conf_frac=0.500 (727s)
[mlx] fixed step 1670 ce=2.2784 total=2.3138 grad=7.059510707855225 conf_frac=0.500 (732s)
[mlx] fixed step 1680 ce=2.9549 total=3.0138 grad=0.6043233275413513 conf_frac=0.750 (736s)
[mlx] fixed step 1690 ce=1.7293 total=1.7675 grad=4.617627143859863 conf_frac=0.500 (739s)
[mlx] fixed step 1700 ce=2.1290 total=2.1687 grad=7.043102741241455 conf_frac=0.500 (744s)
[mlx] fixed step 1710 ce=1.0917 total=1.1309 grad=2.258090019226074 conf_frac=0.500 (748s)
[mlx] fixed step 1720 ce=1.7213 total=1.7815 grad=2.250202178955078 conf_frac=0.750 (752s)
[mlx] fixed step 1730 ce=1.5598 total=1.6401 grad=1.8161307573318481 conf_frac=0.750 (756s)
[mlx] fixed step 1740 ce=2.1414 total=2.1846 grad=4.12393856048584 conf_frac=0.250 (761s)
[mlx] fixed step 1750 ce=0.9243 total=0.9547 grad=2.8091413974761963 conf_frac=0.250 (765s)
[mlx] fixed step 1760 ce=2.3710 total=2.3982 grad=4.935263156890869 conf_frac=0.500 (769s)
[mlx] fixed step 1770 ce=1.4687 total=1.4924 grad=5.178086280822754 conf_frac=0.500 (774s)
[mlx] fixed step 1780 ce=1.7080 total=1.7248 grad=2.7047033309936523 conf_frac=0.250 (778s)
[mlx] fixed step 1790 ce=2.0608 total=2.0985 grad=2.296356439590454 conf_frac=0.250 (782s)
[mlx] fixed step 1800 ce=1.4273 total=1.4491 grad=3.6438143253326416 conf_frac=0.500 (787s)
[mlx] fixed step 1810 ce=2.6161 total=2.6762 grad=2.2648892402648926 conf_frac=0.250 (791s)
[mlx] fixed step 1820 ce=1.8131 total=1.8497 grad=1.4880661964416504 conf_frac=0.500 (795s)
[mlx] fixed step 1830 ce=2.4534 total=2.4979 grad=3.393664598464966 conf_frac=0.250 (800s)
[mlx] fixed step 1840 ce=1.1792 total=1.2102 grad=0.6756232380867004 conf_frac=0.500 (804s)
[mlx] fixed step 1850 ce=1.6362 total=1.6576 grad=4.752230167388916 conf_frac=0.500 (808s)
[mlx] fixed step 1860 ce=1.7631 total=1.7818 grad=3.324479341506958 conf_frac=0.250 (812s)
[mlx] fixed step 1870 ce=1.7119 total=1.7358 grad=4.750188827514648 conf_frac=0.500 (816s)
[mlx] fixed step 1880 ce=1.7320 total=1.7571 grad=0.45410120487213135 conf_frac=0.500 (821s)
[mlx] fixed step 1890 ce=1.6666 total=1.7260 grad=5.380096912384033 conf_frac=0.750 (826s)
[mlx] fixed step 1900 ce=2.0854 total=2.2210 grad=7.1582932472229 conf_frac=1.000 (830s)
[mlx] fixed step 1910 ce=1.3931 total=1.4415 grad=11.946412086486816 conf_frac=0.500 (834s)
[mlx] fixed step 1920 ce=0.7908 total=0.8289 grad=6.163965702056885 conf_frac=0.500 (839s)
[mlx] fixed step 1930 ce=1.5227 total=1.5463 grad=3.424496650695801 conf_frac=0.500 (843s)
[mlx] fixed step 1940 ce=1.9824 total=2.0216 grad=2.9770781993865967 conf_frac=0.250 (847s)
[mlx] fixed step 1950 ce=1.4881 total=1.5625 grad=11.912117958068848 conf_frac=1.000 (851s)
[mlx] fixed step 1960 ce=2.1351 total=2.1811 grad=4.043066501617432 conf_frac=0.250 (855s)
[mlx] fixed step 1970 ce=1.1761 total=1.2045 grad=1.4407554864883423 conf_frac=0.500 (860s)
[mlx] fixed step 1980 ce=2.2213 total=2.2663 grad=1.504982352256775 conf_frac=0.500 (864s)
[mlx] fixed step 1990 ce=1.7590 total=1.7803 grad=7.126560688018799 conf_frac=0.500 (868s)
[mlx] fixed step 2000 ce=1.3032 total=1.3521 grad=6.7592620849609375 conf_frac=0.750 (873s)
[mlx] fixed step 2010 ce=0.9606 total=0.9857 grad=2.967050790786743 conf_frac=0.250 (878s)
[mlx] fixed step 2020 ce=0.8010 total=0.8595 grad=8.450803756713867 conf_frac=0.750 (883s)
[mlx] fixed step 2030 ce=0.9080 total=1.0124 grad=1.5231363773345947 conf_frac=0.000 (887s)
[mlx] fixed step 2040 ce=0.5580 total=0.6229 grad=4.453816890716553 conf_frac=0.750 (892s)
[mlx] fixed step 2050 ce=0.5400 total=0.5577 grad=2.5618348121643066 conf_frac=0.250 (896s)
[mlx] fixed step 2060 ce=0.5092 total=0.5333 grad=7.245797157287598 conf_frac=0.500 (901s)
[mlx] fixed step 2070 ce=1.3127 total=1.3677 grad=7.104912281036377 conf_frac=0.750 (905s)
[mlx] fixed step 2080 ce=1.0672 total=1.2407 grad=0.8658879995346069 conf_frac=1.000 (910s)
[mlx] fixed step 2090 ce=0.9597 total=0.9919 grad=2.1823782920837402 conf_frac=0.750 (915s)
[mlx] fixed step 2100 ce=1.1624 total=1.1975 grad=1.8528661727905273 conf_frac=0.500 (919s)
[mlx] fixed step 2110 ce=0.8496 total=0.8739 grad=1.1713591814041138 conf_frac=0.250 (924s)
[mlx] fixed step 2120 ce=0.5632 total=0.6224 grad=1.496681809425354 conf_frac=0.750 (928s)
[mlx] fixed step 2130 ce=0.7760 total=0.8270 grad=1.7183022499084473 conf_frac=0.250 (932s)
[mlx] fixed step 2140 ce=0.4772 total=0.5001 grad=4.490568161010742 conf_frac=0.500 (937s)
[mlx] fixed step 2150 ce=0.8093 total=0.8465 grad=8.984590530395508 conf_frac=0.750 (942s)
[mlx] fixed step 2160 ce=1.1373 total=1.1733 grad=3.4103634357452393 conf_frac=0.500 (946s)
[mlx] fixed step 2170 ce=1.4135 total=1.4303 grad=2.761467218399048 conf_frac=0.250 (951s)
[mlx] fixed step 2180 ce=1.3214 total=1.3869 grad=0.5048688054084778 conf_frac=0.000 (955s)
[mlx] fixed step 2190 ce=0.8950 total=0.9258 grad=2.9492039680480957 conf_frac=0.500 (959s)
[mlx] fixed step 2200 ce=0.5864 total=0.6205 grad=2.679048776626587 conf_frac=0.500 (964s)
[mlx] fixed step 2210 ce=0.8901 total=0.9614 grad=1.2342480421066284 conf_frac=0.750 (968s)
[mlx] fixed step 2220 ce=1.3180 total=1.3487 grad=4.1068620681762695 conf_frac=0.500 (973s)
[mlx] fixed step 2230 ce=0.5417 total=0.5771 grad=4.543516635894775 conf_frac=0.500 (978s)
[mlx] fixed step 2240 ce=0.5744 total=0.6520 grad=7.203937530517578 conf_frac=0.750 (982s)
[mlx] fixed step 2250 ce=0.6293 total=0.6938 grad=0.1014481708407402 conf_frac=0.000 (987s)
[mlx] fixed step 2260 ce=0.5336 total=0.5668 grad=4.544932842254639 conf_frac=0.500 (991s)
[mlx] fixed step 2270 ce=1.2962 total=1.3566 grad=5.853991508483887 conf_frac=0.750 (995s)
[mlx] fixed step 2280 ce=1.1643 total=1.2835 grad=8.479016304016113 conf_frac=1.000 (1000s)
[mlx] fixed step 2290 ce=0.8550 total=0.8715 grad=1.6598454713821411 conf_frac=0.250 (1004s)
[mlx] fixed step 2300 ce=0.7131 total=0.7527 grad=3.7717649936676025 conf_frac=0.750 (1008s)
[mlx] fixed step 2310 ce=0.8284 total=0.8611 grad=8.571636199951172 conf_frac=0.500 (1012s)
[mlx] fixed step 2320 ce=1.3224 total=1.3745 grad=3.833050489425659 conf_frac=0.250 (1016s)
[mlx] fixed step 2330 ce=1.1264 total=1.1549 grad=3.5646798610687256 conf_frac=0.500 (1021s)
[mlx] fixed step 2340 ce=0.7999 total=0.9136 grad=1.3809882402420044 conf_frac=0.000 (1025s)
[mlx] fixed step 2350 ce=0.9280 total=0.9588 grad=1.9532203674316406 conf_frac=0.250 (1030s)
[mlx] fixed step 2360 ce=0.6863 total=0.7062 grad=3.522230625152588 conf_frac=0.500 (1034s)
[mlx] fixed step 2370 ce=1.0544 total=1.0973 grad=1.8724033832550049 conf_frac=0.250 (1039s)
[mlx] fixed step 2380 ce=0.5981 total=0.6124 grad=1.972535252571106 conf_frac=0.250 (1042s)
[mlx] fixed step 2390 ce=0.9588 total=0.9909 grad=6.463159561157227 conf_frac=0.500 (1047s)
[mlx] fixed step 2400 ce=1.1506 total=1.1811 grad=4.408980846405029 conf_frac=0.500 (1051s)
[mlx] fixed step 2410 ce=1.4067 total=1.4362 grad=3.4751758575439453 conf_frac=0.500 (1055s)
[mlx] fixed step 2420 ce=1.3973 total=1.4160 grad=3.65610671043396 conf_frac=0.500 (1059s)
[mlx] fixed step 2430 ce=0.4922 total=0.5498 grad=3.492547035217285 conf_frac=0.250 (1063s)
[mlx] fixed step 2440 ce=1.0114 total=1.0741 grad=4.60513973236084 conf_frac=0.750 (1067s)
[mlx] fixed step 2450 ce=1.1913 total=1.2369 grad=2.785660743713379 conf_frac=0.250 (1071s)
[mlx] fixed step 2460 ce=0.5784 total=0.6081 grad=6.3709516525268555 conf_frac=0.500 (1075s)
[mlx] fixed step 2470 ce=0.7776 total=0.8123 grad=3.645275831222534 conf_frac=0.250 (1079s)
[mlx] fixed step 2480 ce=0.6586 total=0.7152 grad=5.791909694671631 conf_frac=0.750 (1083s)
[mlx] fixed step 2490 ce=0.1269 total=0.1513 grad=2.149108409881592 conf_frac=0.250 (1087s)
[mlx] fixed step 2500 ce=0.7803 total=0.8421 grad=1.2069147825241089 conf_frac=0.750 (1091s)
[mlx] fixed step 2510 ce=0.6196 total=0.6443 grad=4.408154010772705 conf_frac=0.500 (1095s)
[mlx] fixed step 2520 ce=1.3442 total=1.3633 grad=4.085517406463623 conf_frac=0.500 (1099s)
[mlx] fixed step 2530 ce=0.6126 total=0.6357 grad=6.023927688598633 conf_frac=0.500 (1103s)
[mlx] fixed step 2540 ce=0.3085 total=0.3604 grad=6.125064849853516 conf_frac=0.750 (1108s)
[mlx] fixed step 2550 ce=1.1538 total=1.1840 grad=5.007900714874268 conf_frac=0.500 (1112s)
[mlx] fixed step 2560 ce=0.9804 total=1.0251 grad=6.820615291595459 conf_frac=0.750 (1116s)
[mlx] fixed step 2570 ce=1.0005 total=1.0675 grad=1.372240424156189 conf_frac=0.000 (1120s)
[mlx] fixed step 2580 ce=1.0893 total=1.1376 grad=2.834941864013672 conf_frac=0.750 (1125s)
[mlx] fixed step 2590 ce=0.3729 total=0.4013 grad=5.3922271728515625 conf_frac=0.500 (1129s)
[mlx] fixed step 2600 ce=0.5837 total=0.6707 grad=0.9911022782325745 conf_frac=0.750 (1133s)
[mlx] fixed step 2610 ce=0.7402 total=0.7717 grad=2.6288034915924072 conf_frac=0.500 (1138s)
[mlx] fixed step 2620 ce=0.8469 total=0.8657 grad=3.404177188873291 conf_frac=0.250 (1142s)
[mlx] fixed step 2630 ce=0.4272 total=0.4513 grad=5.689313888549805 conf_frac=0.500 (1146s)
[mlx] fixed step 2640 ce=0.6852 total=0.7482 grad=6.562253475189209 conf_frac=0.750 (1150s)
[mlx] fixed step 2650 ce=0.5752 total=0.6033 grad=4.7162556648254395 conf_frac=0.500 (1154s)
[mlx] fixed step 2660 ce=0.9549 total=1.0149 grad=3.348400354385376 conf_frac=0.250 (1158s)
[mlx] fixed step 2670 ce=0.9690 total=1.0401 grad=1.0901851654052734 conf_frac=0.000 (1162s)
[mlx] fixed step 2680 ce=1.6078 total=1.6292 grad=3.1716980934143066 conf_frac=0.250 (1167s)
[mlx] fixed step 2690 ce=0.9012 total=0.9494 grad=2.207993268966675 conf_frac=0.750 (1171s)
[mlx] fixed step 2700 ce=1.0138 total=1.0599 grad=2.3325889110565186 conf_frac=0.750 (1175s)
[mlx] fixed step 2710 ce=1.2622 total=1.2798 grad=1.8663158416748047 conf_frac=0.250 (1180s)
[mlx] fixed step 2720 ce=0.6814 total=0.7189 grad=3.621420383453369 conf_frac=0.500 (1184s)
[mlx] fixed step 2730 ce=0.6470 total=0.6923 grad=6.193373203277588 conf_frac=0.750 (1188s)
[mlx] fixed step 2740 ce=1.0244 total=1.1114 grad=2.20407772064209 conf_frac=0.000 (1192s)
[mlx] fixed step 2750 ce=1.0624 total=1.0922 grad=3.4429054260253906 conf_frac=0.500 (1197s)
[mlx] fixed step 2760 ce=1.0030 total=1.0314 grad=1.150149941444397 conf_frac=0.250 (1201s)
[mlx] fixed step 2770 ce=1.4196 total=1.4590 grad=2.5257389545440674 conf_frac=0.500 (1205s)
[mlx] fixed step 2780 ce=1.0367 total=1.0662 grad=2.659656047821045 conf_frac=0.250 (1209s)
[mlx] fixed step 2790 ce=0.8347 total=0.8849 grad=9.96476936340332 conf_frac=0.750 (1214s)
[mlx] fixed step 2800 ce=1.5387 total=1.5709 grad=4.894320011138916 conf_frac=0.500 (1218s)
[mlx] fixed step 2810 ce=0.8122 total=0.9503 grad=6.474122524261475 conf_frac=1.000 (1222s)
[mlx] fixed step 2820 ce=0.9736 total=1.0441 grad=1.6891731023788452 conf_frac=0.000 (1226s)
[mlx] fixed step 2830 ce=1.2737 total=1.3033 grad=3.0301787853240967 conf_frac=0.500 (1230s)
[mlx] fixed step 2840 ce=0.4240 total=0.4469 grad=4.6601786613464355 conf_frac=0.500 (1234s)
[mlx] fixed step 2850 ce=0.3392 total=0.3695 grad=2.037712812423706 conf_frac=0.250 (1238s)
[mlx] fixed step 2860 ce=0.7469 total=0.8060 grad=1.364424228668213 conf_frac=0.000 (1242s)
[mlx] fixed step 2870 ce=0.6632 total=0.6939 grad=1.958377718925476 conf_frac=0.500 (1247s)
[mlx] fixed step 2880 ce=0.8313 total=0.8538 grad=6.395337104797363 conf_frac=0.500 (1251s)
[mlx] fixed step 2890 ce=0.8040 total=0.8561 grad=5.040966033935547 conf_frac=0.750 (1255s)
[mlx] fixed step 2900 ce=0.5807 total=0.6201 grad=3.259296417236328 conf_frac=0.750 (1260s)
[mlx] fixed step 2910 ce=0.9477 total=1.0041 grad=3.0647647380828857 conf_frac=0.250 (1264s)
[mlx] fixed step 2920 ce=0.7227 total=0.8010 grad=1.0542287826538086 conf_frac=0.750 (1268s)
[mlx] fixed step 2930 ce=1.2193 total=1.2957 grad=3.2431585788726807 conf_frac=0.750 (1272s)
[mlx] fixed step 2940 ce=1.1031 total=1.1833 grad=3.5716748237609863 conf_frac=0.000 (1277s)
[mlx] fixed step 2950 ce=0.6867 total=0.8065 grad=7.930230617523193 conf_frac=1.000 (1281s)
[mlx] fixed step 2960 ce=0.5796 total=0.6450 grad=0.7317454814910889 conf_frac=0.750 (1285s)
[mlx] fixed step 2970 ce=0.9480 total=0.9725 grad=5.555083751678467 conf_frac=0.500 (1290s)
[mlx] fixed step 2980 ce=1.0762 total=1.1186 grad=6.572432518005371 conf_frac=0.500 (1294s)
[mlx] fixed step 2990 ce=1.5253 total=1.5541 grad=3.279658555984497 conf_frac=0.500 (1298s)
[mlx] fixed step 3000 ce=1.1260 total=1.1927 grad=3.6752705574035645 conf_frac=0.250 (1302s)
[mlx] fixed step 3010 ce=1.1078 total=1.1914 grad=10.448534965515137 conf_frac=1.000 (1306s)
[mlx] fixed step 3020 ce=0.9168 total=0.9389 grad=4.627455234527588 conf_frac=0.500 (1310s)
[mlx] fixed step 3030 ce=0.9974 total=1.0285 grad=1.8421746492385864 conf_frac=0.250 (1314s)
[mlx] fixed step 3040 ce=0.7935 total=0.8086 grad=1.8562164306640625 conf_frac=0.250 (1319s)
[mlx] fixed step 3050 ce=0.7149 total=0.7561 grad=6.438277244567871 conf_frac=0.750 (1323s)
[mlx] fixed step 3060 ce=0.3990 total=0.4446 grad=1.9102131128311157 conf_frac=0.250 (1328s)
[mlx] fixed step 3070 ce=0.8901 total=0.9183 grad=2.070253610610962 conf_frac=0.250 (1332s)
[mlx] fixed step 3080 ce=1.2972 total=1.3206 grad=3.4117021560668945 conf_frac=0.500 (1336s)
[mlx] fixed step 3090 ce=1.4980 total=1.5222 grad=2.688775062561035 conf_frac=0.500 (1340s)
[mlx] fixed step 3100 ce=0.8789 total=0.8961 grad=2.3552937507629395 conf_frac=0.250 (1344s)
[mlx] fixed step 3110 ce=0.5897 total=0.6313 grad=3.3387370109558105 conf_frac=0.750 (1348s)
[mlx] fixed step 3120 ce=1.1111 total=1.1511 grad=1.4516346454620361 conf_frac=0.500 (1352s)
[mlx] fixed step 3130 ce=0.8350 total=0.9319 grad=0.5834813117980957 conf_frac=0.000 (1356s)
[mlx] fixed step 3140 ce=0.5476 total=0.5761 grad=2.3038928508758545 conf_frac=0.500 (1361s)
[mlx] fixed step 3150 ce=1.3193 total=1.4337 grad=1.1023542881011963 conf_frac=0.000 (1365s)
[mlx] fixed step 3160 ce=0.4571 total=0.5705 grad=7.705170154571533 conf_frac=1.000 (1369s)
[mlx] fixed step 3170 ce=0.4057 total=0.4256 grad=2.8032381534576416 conf_frac=0.250 (1373s)
[mlx] fixed step 3180 ce=0.6316 total=0.6553 grad=6.206949710845947 conf_frac=0.500 (1378s)
[mlx] fixed step 3190 ce=0.9675 total=0.9912 grad=4.002107620239258 conf_frac=0.500 (1382s)
[mlx] fixed step 3200 ce=0.5667 total=0.6390 grad=7.122262477874756 conf_frac=0.750 (1387s)
[mlx] fixed step 3210 ce=0.6726 total=0.7020 grad=7.988126754760742 conf_frac=0.500 (1391s)
[mlx] fixed step 3220 ce=0.5670 total=0.6150 grad=8.51511287689209 conf_frac=0.750 (1396s)
[mlx] fixed step 3230 ce=0.7140 total=0.7663 grad=4.801396369934082 conf_frac=0.750 (1400s)
[mlx] fixed step 3240 ce=0.8267 total=0.8981 grad=7.658779621124268 conf_frac=1.000 (1404s)
[mlx] fixed step 3250 ce=0.7831 total=0.8580 grad=10.303218841552734 conf_frac=1.000 (1408s)
[mlx] fixed step 3260 ce=0.8917 total=0.9464 grad=5.699479579925537 conf_frac=0.750 (1413s)
[mlx] fixed step 3270 ce=0.9674 total=1.0047 grad=1.0772559642791748 conf_frac=0.500 (1417s)
[mlx] fixed step 3280 ce=0.5012 total=0.5955 grad=10.676843643188477 conf_frac=1.000 (1421s)
[mlx] fixed step 3290 ce=0.8092 total=0.8331 grad=4.144591331481934 conf_frac=0.500 (1425s)
[mlx] fixed step 3300 ce=1.0906 total=1.1121 grad=2.9730570316314697 conf_frac=0.500 (1429s)
[mlx] fixed step 3310 ce=0.7123 total=0.7701 grad=1.46888267993927 conf_frac=0.750 (1433s)
[mlx] fixed step 3320 ce=1.0955 total=1.1535 grad=5.219768047332764 conf_frac=0.750 (1438s)
[mlx] fixed step 3330 ce=1.4099 total=1.4374 grad=4.632023811340332 conf_frac=0.500 (1442s)
[mlx] fixed step 3340 ce=1.2622 total=1.3053 grad=7.068190574645996 conf_frac=0.750 (1446s)
[mlx] fixed step 3350 ce=0.6641 total=0.6978 grad=4.918694496154785 conf_frac=0.500 (1450s)
[mlx] fixed step 3360 ce=0.4056 total=0.4254 grad=3.561757802963257 conf_frac=0.500 (1454s)
[mlx] fixed step 3370 ce=1.1021 total=1.1363 grad=1.5293396711349487 conf_frac=0.250 (1458s)
[mlx] fixed step 3380 ce=0.8060 total=0.8275 grad=2.752312183380127 conf_frac=0.500 (1463s)
[mlx] fixed step 3390 ce=1.6463 total=1.6925 grad=3.705146074295044 conf_frac=0.250 (1467s)
[mlx] fixed step 3400 ce=0.7083 total=0.7290 grad=6.2056379318237305 conf_frac=0.500 (1471s)
[mlx] fixed step 3410 ce=0.7793 total=0.8361 grad=2.4942920207977295 conf_frac=0.250 (1475s)
[mlx] fixed step 3420 ce=1.6162 total=1.6424 grad=2.192713737487793 conf_frac=0.250 (1479s)
[mlx] fixed step 3430 ce=0.9564 total=1.0069 grad=5.693357467651367 conf_frac=0.750 (1483s)
[mlx] fixed step 3440 ce=0.6151 total=0.6476 grad=5.756622314453125 conf_frac=0.500 (1488s)
[mlx] fixed step 3450 ce=0.4644 total=0.5073 grad=8.088613510131836 conf_frac=0.750 (1492s)
[mlx] fixed step 3460 ce=1.1364 total=1.1690 grad=3.7962534427642822 conf_frac=0.500 (1496s)
[mlx] fixed step 3470 ce=1.0754 total=1.1030 grad=2.324610471725464 conf_frac=0.250 (1501s)
[mlx] fixed step 3480 ce=0.5615 total=0.5777 grad=2.195239305496216 conf_frac=0.250 (1505s)
[mlx] fixed step 3490 ce=0.7985 total=0.9111 grad=1.003722071647644 conf_frac=0.000 (1509s)
[mlx] fixed step 3500 ce=2.1095 total=2.1381 grad=5.406002998352051 conf_frac=0.500 (1513s)
[mlx] fixed step 3510 ce=0.6110 total=0.6881 grad=5.041255474090576 conf_frac=0.500 (1517s)
[mlx] fixed step 3520 ce=0.7021 total=0.7808 grad=3.5687828063964844 conf_frac=0.750 (1521s)
[mlx] fixed step 3530 ce=1.3533 total=1.3757 grad=3.4733197689056396 conf_frac=0.500 (1525s)
[mlx] fixed step 3540 ce=1.1622 total=1.1992 grad=1.1944984197616577 conf_frac=0.500 (1530s)
[mlx] fixed step 3550 ce=1.3616 total=1.3903 grad=4.544572830200195 conf_frac=0.500 (1534s)
[mlx] fixed step 3560 ce=1.6440 total=1.6660 grad=5.027336597442627 conf_frac=0.500 (1538s)
[mlx] fixed step 3570 ce=0.9729 total=1.0356 grad=3.859456777572632 conf_frac=0.250 (1543s)
[mlx] fixed step 3580 ce=0.8182 total=0.8566 grad=6.937346458435059 conf_frac=0.500 (1547s)
[mlx] fixed step 3590 ce=0.6857 total=0.7642 grad=5.473966598510742 conf_frac=0.750 (1552s)
[mlx] fixed step 3600 ce=0.6350 total=0.7215 grad=3.9899659156799316 conf_frac=0.500 (1556s)
[mlx] fixed step 3610 ce=1.1719 total=1.2028 grad=2.12858247756958 conf_frac=0.500 (1560s)
[mlx] fixed step 3620 ce=1.1931 total=1.2162 grad=2.942250967025757 conf_frac=0.250 (1565s)
[mlx] fixed step 3630 ce=0.9330 total=1.0137 grad=4.873326301574707 conf_frac=1.000 (1569s)
[mlx] fixed step 3640 ce=1.2313 total=1.2695 grad=4.704638957977295 conf_frac=0.500 (1573s)
[mlx] fixed step 3650 ce=0.8390 total=0.9284 grad=5.8602070808410645 conf_frac=0.750 (1577s)
[mlx] fixed step 3660 ce=0.6085 total=0.7024 grad=2.2206242084503174 conf_frac=0.500 (1582s)
[mlx] fixed step 3670 ce=1.5134 total=1.5408 grad=4.1137261390686035 conf_frac=0.500 (1586s)
[mlx] fixed step 3680 ce=0.7303 total=0.7743 grad=2.351005792617798 conf_frac=0.250 (1591s)
[mlx] fixed step 3690 ce=0.5167 total=0.5589 grad=1.4118411540985107 conf_frac=0.750 (1596s)
[mlx] fixed step 3700 ce=1.0256 total=1.0607 grad=4.974015235900879 conf_frac=0.500 (1600s)
[mlx] fixed step 3710 ce=1.3274 total=1.3604 grad=4.286421775817871 conf_frac=0.500 (1604s)
[mlx] fixed step 3720 ce=0.5690 total=0.6069 grad=6.347595691680908 conf_frac=0.750 (1609s)
[mlx] fixed step 3730 ce=0.6853 total=0.7097 grad=0.7906684875488281 conf_frac=0.500 (1614s)
[mlx] fixed step 3740 ce=0.5851 total=0.6095 grad=3.164789915084839 conf_frac=0.500 (1618s)
[mlx] fixed step 3750 ce=1.3786 total=1.4898 grad=0.6056793928146362 conf_frac=0.000 (1622s)
[mlx] fixed step 3760 ce=1.7130 total=1.7390 grad=2.2629661560058594 conf_frac=0.250 (1627s)
[mlx] fixed step 3770 ce=0.8219 total=0.8512 grad=4.134633541107178 conf_frac=0.500 (1631s)
[mlx] fixed step 3780 ce=0.4552 total=0.5658 grad=2.568180799484253 conf_frac=1.000 (1635s)
[mlx] fixed step 3790 ce=1.7402 total=1.8128 grad=1.8779869079589844 conf_frac=0.750 (1640s)
[mlx] fixed step 3800 ce=1.1781 total=1.2326 grad=1.0147939920425415 conf_frac=0.750 (1644s)
[mlx] fixed step 3810 ce=0.8854 total=0.9136 grad=3.929647207260132 conf_frac=0.500 (1648s)
[mlx] fixed step 3820 ce=0.6465 total=0.6993 grad=6.9792280197143555 conf_frac=0.750 (1653s)
[mlx] fixed step 3830 ce=0.8297 total=0.8795 grad=2.3040647506713867 conf_frac=0.250 (1657s)
[mlx] fixed step 3840 ce=0.5976 total=0.6144 grad=4.006518840789795 conf_frac=0.500 (1662s)
[mlx] fixed step 3850 ce=0.7207 total=0.7913 grad=5.716499328613281 conf_frac=0.750 (1666s)
[mlx] fixed step 3860 ce=0.6789 total=0.7050 grad=3.0371041297912598 conf_frac=0.500 (1670s)
[mlx] fixed step 3870 ce=0.5506 total=0.5809 grad=2.2204017639160156 conf_frac=0.500 (1675s)
[mlx] fixed step 3880 ce=0.8392 total=0.8625 grad=4.304506778717041 conf_frac=0.500 (1680s)
[mlx] fixed step 3890 ce=0.5925 total=0.6385 grad=6.943779468536377 conf_frac=0.750 (1684s)
[mlx] fixed step 3900 ce=1.0390 total=1.0730 grad=1.2355687618255615 conf_frac=0.500 (1689s)
[mlx] fixed step 3910 ce=0.9714 total=0.9958 grad=5.738402366638184 conf_frac=0.500 (1693s)
[mlx] fixed step 3920 ce=0.6661 total=0.7352 grad=6.306184768676758 conf_frac=0.750 (1698s)
[mlx] fixed step 3930 ce=1.0426 total=1.1169 grad=3.252469778060913 conf_frac=0.750 (1702s)
[mlx] fixed step 3940 ce=0.6245 total=0.6527 grad=4.430578231811523 conf_frac=0.500 (1707s)
[mlx] fixed step 3950 ce=0.8997 total=0.9769 grad=3.117396354675293 conf_frac=0.000 (1711s)
[mlx] fixed step 3960 ce=1.3735 total=1.3988 grad=5.099076271057129 conf_frac=0.500 (1716s)
[mlx] fixed step 3970 ce=1.2997 total=1.3246 grad=4.028494358062744 conf_frac=0.500 (1721s)
[mlx] fixed step 3980 ce=1.1780 total=1.2050 grad=3.684394121170044 conf_frac=0.500 (1725s)
[mlx] fixed step 3990 ce=0.6477 total=0.6638 grad=2.3315351009368896 conf_frac=0.250 (1730s)
[mlx] fixed step 4000 ce=1.3811 total=1.4111 grad=3.670504093170166 conf_frac=0.500 (1735s)
[mlx] fixed step 4010 ce=0.7292 total=0.8409 grad=1.8749638795852661 conf_frac=1.000 (1740s)
[mlx] fixed step 4020 ce=0.5043 total=0.5431 grad=4.9507622718811035 conf_frac=0.500 (1744s)
[mlx] fixed step 4030 ce=0.5871 total=0.6164 grad=2.6364026069641113 conf_frac=0.750 (1748s)
[mlx] fixed step 4040 ce=0.8464 total=0.8871 grad=3.1570756435394287 conf_frac=0.250 (1753s)
[mlx] fixed step 4050 ce=0.6576 total=0.6912 grad=1.4047068357467651 conf_frac=0.250 (1758s)
[mlx] fixed step 4060 ce=0.3960 total=0.4664 grad=5.882759094238281 conf_frac=0.750 (1762s)
[mlx] fixed step 4070 ce=0.4347 total=0.4848 grad=9.232089042663574 conf_frac=0.750 (1767s)
[mlx] fixed step 4080 ce=0.2262 total=0.2484 grad=2.7455978393554688 conf_frac=0.250 (1772s)
[mlx] fixed step 4090 ce=0.7210 total=0.7467 grad=4.103376388549805 conf_frac=0.500 (1776s)
[mlx] fixed step 4100 ce=0.5051 total=0.5555 grad=1.5557513236999512 conf_frac=0.750 (1780s)
[mlx] fixed step 4110 ce=0.3667 total=0.4206 grad=6.2734479904174805 conf_frac=0.750 (1785s)
[mlx] fixed step 4120 ce=0.3699 total=0.4275 grad=2.7202093601226807 conf_frac=0.500 (1789s)
[mlx] fixed step 4130 ce=0.3942 total=0.4382 grad=3.0200085639953613 conf_frac=0.750 (1793s)
[mlx] fixed step 4140 ce=0.8701 total=0.9929 grad=6.721670627593994 conf_frac=1.000 (1797s)
[mlx] fixed step 4150 ce=0.3647 total=0.4857 grad=3.898582696914673 conf_frac=1.000 (1802s)
[mlx] fixed step 4160 ce=0.4327 total=0.4583 grad=3.7823729515075684 conf_frac=0.500 (1806s)
[mlx] fixed step 4170 ce=0.4237 total=0.4506 grad=3.4446072578430176 conf_frac=0.500 (1811s)
[mlx] fixed step 4180 ce=0.7074 total=0.7435 grad=1.9036182165145874 conf_frac=0.500 (1815s)
[mlx] fixed step 4190 ce=0.7539 total=0.7815 grad=1.5406782627105713 conf_frac=0.250 (1819s)
[mlx] fixed step 4200 ce=0.4915 total=0.5636 grad=2.004908800125122 conf_frac=0.000 (1824s)
[mlx] fixed step 4210 ce=1.2823 total=1.3065 grad=2.792306423187256 conf_frac=0.250 (1828s)
[mlx] fixed step 4220 ce=0.7552 total=0.7752 grad=2.00470232963562 conf_frac=0.500 (1833s)
[mlx] fixed step 4230 ce=0.5694 total=0.6912 grad=7.310817718505859 conf_frac=1.000 (1837s)
[mlx] fixed step 4240 ce=0.4955 total=0.5397 grad=1.973166584968567 conf_frac=0.750 (1841s)
[mlx] fixed step 4250 ce=0.1897 total=0.2154 grad=4.795834064483643 conf_frac=0.500 (1847s)
[mlx] fixed step 4260 ce=0.4825 total=0.5062 grad=1.5963793992996216 conf_frac=0.250 (1851s)
[mlx] fixed step 4270 ce=1.3753 total=1.4160 grad=3.781163215637207 conf_frac=0.250 (1856s)
[mlx] fixed step 4280 ce=0.4287 total=0.4511 grad=2.7214958667755127 conf_frac=0.250 (1861s)
[mlx] fixed step 4290 ce=0.5492 total=0.5921 grad=6.996354579925537 conf_frac=0.750 (1866s)
[mlx] fixed step 4300 ce=0.2585 total=0.2785 grad=4.359268665313721 conf_frac=0.500 (1870s)
[mlx] fixed step 4310 ce=0.5864 total=0.7187 grad=6.055140495300293 conf_frac=1.000 (1875s)
[mlx] fixed step 4320 ce=0.4115 total=0.4308 grad=1.395349383354187 conf_frac=0.250 (1879s)
[mlx] fixed step 4330 ce=0.2910 total=0.3059 grad=1.6761201620101929 conf_frac=0.250 (1884s)
[mlx] fixed step 4340 ce=0.2589 total=0.3232 grad=0.6789311170578003 conf_frac=0.750 (1888s)
[mlx] fixed step 4350 ce=0.9848 total=1.0207 grad=2.0196268558502197 conf_frac=0.750 (1894s)
[mlx] fixed step 4360 ce=0.4297 total=0.4525 grad=4.467054843902588 conf_frac=0.500 (1898s)
[mlx] fixed step 4370 ce=0.2531 total=0.3945 grad=5.231060028076172 conf_frac=1.000 (1902s)
[mlx] fixed step 4380 ce=0.3290 total=0.3705 grad=6.4635090827941895 conf_frac=0.750 (1907s)
[mlx] fixed step 4390 ce=0.4028 total=0.4476 grad=5.910069465637207 conf_frac=0.750 (1911s)
[mlx] fixed step 4400 ce=0.7787 total=0.8218 grad=1.0484272241592407 conf_frac=0.500 (1916s)
[mlx] fixed step 4410 ce=0.8818 total=0.9352 grad=1.094640851020813 conf_frac=0.750 (1920s)
[mlx] fixed step 4420 ce=0.8452 total=0.8853 grad=2.209373950958252 conf_frac=0.250 (1925s)
[mlx] fixed step 4430 ce=0.5732 total=0.6091 grad=1.3077385425567627 conf_frac=0.500 (1929s)
[mlx] fixed step 4440 ce=0.3546 total=0.4503 grad=0.44942888617515564 conf_frac=0.000 (1934s)
[mlx] fixed step 4450 ce=0.5298 total=0.5587 grad=0.8877485394477844 conf_frac=0.500 (1938s)
[mlx] fixed step 4460 ce=0.5105 total=0.5475 grad=5.688347339630127 conf_frac=0.500 (1942s)
[mlx] fixed step 4470 ce=0.5952 total=0.6690 grad=1.639965295791626 conf_frac=0.750 (1946s)
[mlx] fixed step 4480 ce=0.5302 total=0.5839 grad=1.1396079063415527 conf_frac=0.750 (1951s)
[mlx] fixed step 4490 ce=0.7344 total=0.8478 grad=7.152205944061279 conf_frac=1.000 (1955s)
[mlx] fixed step 4500 ce=0.3486 total=0.4011 grad=5.684172630310059 conf_frac=0.750 (1959s)
[mlx] fixed step 4510 ce=1.1020 total=1.1719 grad=0.8399922251701355 conf_frac=0.000 (1963s)
[mlx] fixed step 4520 ce=0.2477 total=0.2858 grad=3.7949025630950928 conf_frac=0.500 (1968s)
[mlx] fixed step 4530 ce=0.8337 total=0.8704 grad=2.4687979221343994 conf_frac=0.500 (1973s)
[mlx] fixed step 4540 ce=0.4133 total=0.4447 grad=3.9148778915405273 conf_frac=0.500 (1980s)
[mlx] fixed step 4550 ce=0.4941 total=0.5291 grad=2.160515546798706 conf_frac=0.250 (1985s)
[mlx] fixed step 4560 ce=0.3631 total=0.4176 grad=5.059696674346924 conf_frac=0.750 (1989s)
[mlx] fixed step 4570 ce=0.4184 total=0.4862 grad=1.3562631607055664 conf_frac=0.000 (1994s)
[mlx] fixed step 4580 ce=0.5747 total=0.6072 grad=2.3851468563079834 conf_frac=0.250 (1998s)
[mlx] fixed step 4590 ce=0.6822 total=0.7283 grad=6.797540187835693 conf_frac=0.750 (2002s)
[mlx] fixed step 4600 ce=0.9182 total=0.9727 grad=2.781687021255493 conf_frac=0.250 (2007s)
[mlx] fixed step 4610 ce=0.8419 total=0.9122 grad=1.0529776811599731 conf_frac=0.750 (2011s)
[mlx] fixed step 4620 ce=0.8948 total=0.9429 grad=1.0285595655441284 conf_frac=0.750 (2015s)
[mlx] fixed step 4630 ce=0.3649 total=0.4222 grad=6.728177070617676 conf_frac=0.750 (2020s)
[mlx] fixed step 4640 ce=0.5169 total=0.5668 grad=5.287107467651367 conf_frac=0.750 (2024s)
[mlx] fixed step 4650 ce=0.3682 total=0.4329 grad=4.168631076812744 conf_frac=0.750 (2029s)
[mlx] fixed step 4660 ce=0.2129 total=0.2611 grad=1.9618467092514038 conf_frac=0.250 (2033s)
[mlx] fixed step 4670 ce=0.9109 total=0.9466 grad=2.0974485874176025 conf_frac=0.250 (2038s)
[mlx] fixed step 4680 ce=0.4474 total=0.4646 grad=2.406644582748413 conf_frac=0.250 (2042s)
[mlx] fixed step 4690 ce=0.6625 total=0.6773 grad=1.7431604862213135 conf_frac=0.250 (2046s)
[mlx] fixed step 4700 ce=0.4952 total=0.5555 grad=1.6773641109466553 conf_frac=0.000 (2050s)
[mlx] fixed step 4710 ce=0.6779 total=0.7325 grad=1.3008592128753662 conf_frac=0.000 (2054s)
[mlx] fixed step 4720 ce=0.3719 total=0.4263 grad=2.939890146255493 conf_frac=0.250 (2061s)
[mlx] fixed step 4730 ce=0.4436 total=0.4720 grad=3.4222285747528076 conf_frac=0.500 (2065s)
[mlx] fixed step 4740 ce=0.5431 total=0.5952 grad=0.9662798047065735 conf_frac=0.750 (2070s)
[mlx] fixed step 4750 ce=0.8770 total=0.9098 grad=2.2605204582214355 conf_frac=0.250 (2074s)
[mlx] fixed step 4760 ce=0.3931 total=0.4384 grad=2.7243146896362305 conf_frac=0.250 (2078s)
[mlx] fixed step 4770 ce=0.8502 total=0.8809 grad=2.3470466136932373 conf_frac=0.500 (2083s)
[mlx] fixed step 4780 ce=0.7033 total=0.7303 grad=2.676754951477051 conf_frac=0.500 (2087s)
[mlx] fixed step 4790 ce=0.5716 total=0.5958 grad=4.7033610343933105 conf_frac=0.500 (2092s)
[mlx] fixed step 4800 ce=0.4436 total=0.4935 grad=2.1424472332000732 conf_frac=0.750 (2097s)
[mlx] fixed step 4810 ce=0.4537 total=0.4798 grad=4.187038421630859 conf_frac=0.500 (2102s)
[mlx] fixed step 4820 ce=0.7641 total=0.7871 grad=1.6810100078582764 conf_frac=0.500 (2107s)
[mlx] fixed step 4830 ce=0.4257 total=0.4510 grad=3.15207576751709 conf_frac=0.500 (2112s)
[mlx] fixed step 4840 ce=0.5286 total=0.5835 grad=8.167781829833984 conf_frac=0.750 (2116s)
[mlx] fixed step 4850 ce=0.5296 total=0.5904 grad=0.9463605880737305 conf_frac=0.750 (2120s)
[mlx] fixed step 4860 ce=0.7411 total=0.7877 grad=2.467059373855591 conf_frac=0.250 (2125s)
[mlx] fixed step 4870 ce=0.4796 total=0.5167 grad=5.090116024017334 conf_frac=0.500 (2129s)
[mlx] fixed step 4880 ce=1.1594 total=1.1833 grad=3.434311628341675 conf_frac=0.250 (2133s)
[mlx] fixed step 4890 ce=0.2270 total=0.2647 grad=0.6518809795379639 conf_frac=0.000 (2138s)
[mlx] fixed step 4900 ce=0.3884 total=0.4201 grad=4.834021091461182 conf_frac=0.500 (2143s)
[mlx] fixed step 4910 ce=0.7831 total=0.8051 grad=4.260313034057617 conf_frac=0.500 (2147s)
[mlx] fixed step 4920 ce=0.4960 total=0.5772 grad=9.678668022155762 conf_frac=1.000 (2152s)
[mlx] fixed step 4930 ce=0.7627 total=0.7939 grad=1.9625533819198608 conf_frac=0.250 (2157s)
[mlx] fixed step 4940 ce=0.3109 total=0.3361 grad=3.3552956581115723 conf_frac=0.500 (2161s)
[mlx] fixed step 4950 ce=0.5312 total=0.6027 grad=3.2141382694244385 conf_frac=0.750 (2166s)
[mlx] fixed step 4960 ce=0.3475 total=0.4121 grad=1.1957513093948364 conf_frac=0.750 (2171s)
[mlx] fixed step 4970 ce=0.5706 total=0.5952 grad=1.0670913457870483 conf_frac=0.500 (2175s)
[mlx] fixed step 4980 ce=1.0642 total=1.0949 grad=3.869417190551758 conf_frac=0.250 (2179s)
[mlx] fixed step 4990 ce=0.6650 total=0.7272 grad=1.8022570610046387 conf_frac=0.750 (2183s)
[mlx] fixed step 5000 ce=0.2907 total=0.3869 grad=4.324862480163574 conf_frac=0.750 (2187s)
[mlx] fixed step 5010 ce=0.4295 total=0.4696 grad=5.5606303215026855 conf_frac=0.500 (2192s)
[mlx] fixed step 5020 ce=0.3810 total=0.4092 grad=4.5348310470581055 conf_frac=0.500 (2197s)
[mlx] fixed step 5030 ce=0.4450 total=0.5313 grad=2.8824729919433594 conf_frac=0.000 (2201s)
[mlx] fixed step 5040 ce=0.6427 total=0.6740 grad=1.9702882766723633 conf_frac=0.250 (2205s)
[mlx] fixed step 5050 ce=0.3502 total=0.3666 grad=2.7170681953430176 conf_frac=0.250 (2209s)
[mlx] fixed step 5060 ce=1.1525 total=1.1903 grad=2.500493288040161 conf_frac=0.500 (2214s)
[mlx] fixed step 5070 ce=0.9214 total=0.9503 grad=1.864764928817749 conf_frac=0.250 (2222s)
[mlx] fixed step 5080 ce=0.7884 total=0.8077 grad=1.6158342361450195 conf_frac=0.250 (2226s)
[mlx] fixed step 5090 ce=0.3827 total=0.4441 grad=4.5687432289123535 conf_frac=0.750 (2231s)
[mlx] fixed step 5100 ce=0.8081 total=0.8325 grad=6.256123065948486 conf_frac=0.500 (2235s)
[mlx] fixed step 5110 ce=0.4758 total=0.4976 grad=1.2925825119018555 conf_frac=0.500 (2240s)
[mlx] fixed step 5120 ce=0.7400 total=0.7551 grad=1.233596920967102 conf_frac=0.250 (2245s)
[mlx] fixed step 5130 ce=0.4755 total=0.5067 grad=4.651345729827881 conf_frac=0.500 (2250s)
[mlx] fixed step 5140 ce=0.5262 total=0.5761 grad=1.3328176736831665 conf_frac=0.750 (2254s)
[mlx] fixed step 5150 ce=0.7489 total=0.8345 grad=10.221686363220215 conf_frac=1.000 (2258s)
[mlx] fixed step 5160 ce=0.2162 total=0.2670 grad=5.0812225341796875 conf_frac=0.750 (2263s)
[mlx] fixed step 5170 ce=0.3575 total=0.3836 grad=3.80903697013855 conf_frac=0.500 (2267s)
[mlx] fixed step 5180 ce=0.4943 total=0.5479 grad=4.6837944984436035 conf_frac=0.750 (2272s)
[mlx] fixed step 5190 ce=0.6161 total=0.6367 grad=2.4107728004455566 conf_frac=0.250 (2277s)
[mlx] fixed step 5200 ce=0.1629 total=0.1916 grad=3.295008897781372 conf_frac=0.500 (2281s)
[mlx] fixed step 5210 ce=1.2767 total=1.3284 grad=2.440796375274658 conf_frac=0.500 (2286s)
[mlx] fixed step 5220 ce=0.5303 total=0.5785 grad=7.075716495513916 conf_frac=0.750 (2291s)
[mlx] fixed step 5230 ce=0.5974 total=0.6174 grad=3.9383604526519775 conf_frac=0.500 (2295s)
[mlx] fixed step 5240 ce=0.3573 total=0.4363 grad=5.460536956787109 conf_frac=0.750 (2299s)
[mlx] fixed step 5250 ce=0.4746 total=0.5131 grad=3.9456448554992676 conf_frac=0.500 (2303s)
[mlx] fixed step 5260 ce=0.3782 total=0.4044 grad=5.013839244842529 conf_frac=0.500 (2308s)
[mlx] fixed step 5270 ce=1.1207 total=1.2374 grad=2.6642401218414307 conf_frac=1.000 (2312s)
[mlx] fixed step 5280 ce=0.2930 total=0.4550 grad=4.991323947906494 conf_frac=1.000 (2316s)
[mlx] fixed step 5290 ce=0.4996 total=0.5347 grad=5.6887640953063965 conf_frac=0.500 (2321s)
[mlx] fixed step 5300 ce=0.9450 total=0.9792 grad=2.2123637199401855 conf_frac=0.250 (2325s)
[mlx] fixed step 5310 ce=0.5905 total=0.6161 grad=3.698634147644043 conf_frac=0.500 (2330s)
[mlx] fixed step 5320 ce=1.0921 total=1.1292 grad=1.4805079698562622 conf_frac=0.250 (2334s)
[mlx] fixed step 5330 ce=0.5411 total=0.5923 grad=3.0603935718536377 conf_frac=0.750 (2339s)
[mlx] fixed step 5340 ce=0.5919 total=0.6382 grad=7.859788417816162 conf_frac=0.750 (2343s)
[mlx] fixed step 5350 ce=0.5348 total=0.5587 grad=4.610630035400391 conf_frac=0.500 (2348s)
[mlx] fixed step 5360 ce=0.4638 total=0.4913 grad=4.01004695892334 conf_frac=0.500 (2352s)
[mlx] fixed step 5370 ce=0.4537 total=0.4794 grad=3.9133689403533936 conf_frac=0.500 (2358s)
[mlx] fixed step 5380 ce=1.3885 total=1.4207 grad=1.1257623434066772 conf_frac=0.250 (2362s)
[mlx] fixed step 5390 ce=0.7167 total=0.7903 grad=1.3895378112792969 conf_frac=0.000 (2367s)
[mlx] fixed step 5400 ce=0.5479 total=0.5897 grad=7.2446722984313965 conf_frac=0.750 (2371s)
[mlx] fixed step 5410 ce=1.0585 total=1.1056 grad=6.830338001251221 conf_frac=0.500 (2375s)
[mlx] fixed step 5420 ce=0.3868 total=0.5509 grad=4.053691387176514 conf_frac=1.000 (2380s)
[mlx] fixed step 5430 ce=0.3231 total=0.4226 grad=4.235043525695801 conf_frac=0.750 (2385s)
[mlx] fixed step 5440 ce=0.6787 total=0.6977 grad=2.89426326751709 conf_frac=0.250 (2389s)
[mlx] fixed step 5450 ce=0.4595 total=0.5791 grad=7.1863226890563965 conf_frac=1.000 (2394s)
[mlx] fixed step 5460 ce=0.9306 total=0.9454 grad=1.8207210302352905 conf_frac=0.250 (2398s)
[mlx] fixed step 5470 ce=0.7769 total=0.8991 grad=0.5124594569206238 conf_frac=0.000 (2402s)
[mlx] fixed step 5480 ce=0.6860 total=0.8120 grad=1.746797800064087 conf_frac=1.000 (2407s)
[mlx] fixed step 5490 ce=0.5780 total=0.6067 grad=6.415438175201416 conf_frac=0.250 (2412s)
[mlx] fixed step 5500 ce=0.4899 total=0.5887 grad=8.772335052490234 conf_frac=1.000 (2417s)
[mlx] fixed step 5510 ce=0.1636 total=0.1786 grad=1.955913782119751 conf_frac=0.250 (2421s)
[mlx] fixed step 5520 ce=0.9560 total=1.0035 grad=6.783100128173828 conf_frac=0.750 (2426s)
[mlx] fixed step 5530 ce=0.5604 total=0.5913 grad=4.940080642700195 conf_frac=0.500 (2431s)
[mlx] fixed step 5540 ce=0.9626 total=0.9868 grad=1.3799728155136108 conf_frac=0.500 (2435s)
[mlx] fixed step 5550 ce=0.8229 total=0.8639 grad=2.9288153648376465 conf_frac=0.750 (2439s)
[mlx] fixed step 5560 ce=0.6119 total=0.6505 grad=2.7045154571533203 conf_frac=0.500 (2443s)
[mlx] fixed step 5570 ce=0.4691 total=0.4787 grad=1.9068702459335327 conf_frac=0.250 (2448s)
[mlx] fixed step 5580 ce=1.5000 total=1.5301 grad=1.8834433555603027 conf_frac=0.500 (2452s)
[mlx] fixed step 5590 ce=1.0381 total=1.0545 grad=3.2107112407684326 conf_frac=0.500 (2457s)
[mlx] fixed step 5600 ce=0.8448 total=0.9099 grad=0.6143675446510315 conf_frac=0.750 (2461s)
[mlx] fixed step 5610 ce=0.8787 total=0.8992 grad=2.3522238731384277 conf_frac=0.500 (2466s)
[mlx] fixed step 5620 ce=0.4479 total=0.4753 grad=2.1344385147094727 conf_frac=0.500 (2470s)
[mlx] fixed step 5630 ce=0.7976 total=0.8415 grad=5.618372917175293 conf_frac=0.750 (2474s)
[mlx] fixed step 5640 ce=0.4513 total=0.4893 grad=2.124500036239624 conf_frac=0.250 (2479s)
[mlx] fixed step 5650 ce=0.5883 total=0.6190 grad=3.712684154510498 conf_frac=0.500 (2483s)
[mlx] fixed step 5660 ce=0.5273 total=0.6340 grad=1.223402976989746 conf_frac=0.000 (2487s)
[mlx] fixed step 5670 ce=0.9499 total=1.0533 grad=1.0576326847076416 conf_frac=0.000 (2492s)
[mlx] fixed step 5680 ce=0.7913 total=0.8203 grad=1.4205219745635986 conf_frac=0.250 (2496s)
[mlx] fixed step 5690 ce=0.5273 total=0.5654 grad=2.0502214431762695 conf_frac=0.250 (2500s)
[mlx] fixed step 5700 ce=0.9029 total=0.9272 grad=3.047945261001587 conf_frac=0.500 (2505s)
[mlx] fixed step 5710 ce=1.3740 total=1.3897 grad=2.2354161739349365 conf_frac=0.250 (2509s)
[mlx] fixed step 5720 ce=0.4375 total=0.4626 grad=3.991046190261841 conf_frac=0.500 (2514s)
[mlx] fixed step 5730 ce=0.4107 total=0.4352 grad=3.0403597354888916 conf_frac=0.500 (2518s)
[mlx] fixed step 5740 ce=1.0900 total=1.1097 grad=3.8071932792663574 conf_frac=0.250 (2523s)
[mlx] fixed step 5750 ce=0.7480 total=0.7916 grad=7.7998433113098145 conf_frac=0.750 (2527s)
[mlx] fixed step 5760 ce=1.0637 total=1.0841 grad=4.468721866607666 conf_frac=0.500 (2532s)
[mlx] fixed step 5770 ce=0.4155 total=0.5320 grad=3.2262496948242188 conf_frac=1.000 (2537s)
[mlx] fixed step 5780 ce=0.3017 total=0.3886 grad=4.949529647827148 conf_frac=0.750 (2541s)
[mlx] fixed step 5790 ce=0.6534 total=0.6810 grad=1.5242111682891846 conf_frac=0.500 (2545s)
[mlx] fixed step 5800 ce=0.5318 total=0.5622 grad=1.0198907852172852 conf_frac=0.250 (2549s)
[mlx] fixed step 5810 ce=0.4054 total=0.4580 grad=4.781233787536621 conf_frac=0.750 (2554s)
[mlx] fixed step 5820 ce=0.6354 total=0.6715 grad=2.069859743118286 conf_frac=0.500 (2558s)
[mlx] fixed step 5830 ce=0.5917 total=0.6125 grad=3.2300355434417725 conf_frac=0.250 (2563s)
[mlx] fixed step 5840 ce=0.4618 total=0.4830 grad=1.4502732753753662 conf_frac=0.250 (2568s)
[mlx] fixed step 5850 ce=0.7042 total=0.7355 grad=1.7872830629348755 conf_frac=0.250 (2572s)
[mlx] fixed step 5860 ce=0.6480 total=0.6956 grad=5.903960227966309 conf_frac=0.750 (2577s)
[mlx] fixed step 5870 ce=0.1541 total=0.1871 grad=2.9008853435516357 conf_frac=0.500 (2581s)
[mlx] fixed step 5880 ce=1.0543 total=1.1114 grad=5.779217720031738 conf_frac=0.750 (2586s)
[mlx] fixed step 5890 ce=1.0379 total=1.1636 grad=6.87522554397583 conf_frac=1.000 (2591s)
[mlx] fixed step 5900 ce=0.7050 total=0.8056 grad=8.589958190917969 conf_frac=1.000 (2596s)
[mlx] fixed step 5910 ce=0.7869 total=0.8240 grad=5.063920497894287 conf_frac=0.500 (2600s)
[mlx] fixed step 5920 ce=0.5382 total=0.5628 grad=2.0753262042999268 conf_frac=0.500 (2606s)
[mlx] fixed step 5930 ce=0.7027 total=0.7617 grad=4.086401462554932 conf_frac=0.750 (2610s)
[mlx] fixed step 5940 ce=0.7692 total=0.8053 grad=2.8470571041107178 conf_frac=0.500 (2615s)
[mlx] fixed step 5950 ce=0.5268 total=0.5496 grad=3.204472541809082 conf_frac=0.500 (2619s)
[mlx] fixed step 5960 ce=0.9023 total=0.9285 grad=4.533073425292969 conf_frac=0.500 (2623s)
[mlx] fixed step 5970 ce=0.5871 total=0.6141 grad=2.8647565841674805 conf_frac=0.500 (2629s)
[mlx] fixed step 5980 ce=0.5135 total=0.6006 grad=2.3030476570129395 conf_frac=0.750 (2634s)
[mlx] fixed step 5990 ce=0.6941 total=0.7695 grad=1.801599383354187 conf_frac=0.750 (2638s)
[mlx] fixed step 6000 ce=0.4173 total=0.4602 grad=2.497981548309326 conf_frac=0.500 (2643s)
[mlx] fixed post-train (n=8008) acc=0.9289 majority=0.4995 dist={'[CONFIDENT]': 0.4704045954045954, '[COND_CONFIDENT]': 0.062187812187812185, '[TEMPORAL_HEDGE]': 0.4674075924075924, '[UNKNOWN]': 0.0}
[mlx] fixed accuracy lift over majority-class baseline: +0.4294 (discriminating)
[mlx] fixed finished: 6006 steps in 2645.0s
[mlx] saved adapter -> data/prep/tcl_mlx_llama3/tsct_seed0/adapter_fixed

[mlx] wrote data/prep/tcl_mlx_llama3/tsct_seed0/loss_log.csv
[mlx] wrote data/prep/tcl_mlx_llama3/tsct_seed0/run_meta.json
=== train tsct seed 0 wall 3170s
[gen] 3622 examples | source=temporal-delta:test | arm=tsct | adapter=data/prep/tcl_mlx_llama3/tsct_seed0/adapter_fixed
[transformers] Ignoring clean_up_tokenization_spaces=True for BPE tokenizer TokenizersBackend. The clean_up_tokenization post-processing step is designed for WordPiece tokenizers and is destructive for BPE (it strips spaces before punctuation). Set clean_up_tokenization_spaces=False to suppress this warning, or set clean_up_tokenization_spaces_for_bpe_even_though_it_will_corrupt_output=True to force cleanup anyway.
[gen] 100/3622  EM=0.030 hedge_acc=0.960 fallback=0.000 (20s, 0.20s/ex)
[gen] 200/3622  EM=0.025 hedge_acc=0.960 fallback=0.000 (40s, 0.20s/ex)
[gen] 300/3622  EM=0.057 hedge_acc=0.967 fallback=0.000 (61s, 0.20s/ex)
[gen] 400/3622  EM=0.048 hedge_acc=0.975 fallback=0.000 (84s, 0.21s/ex)
[gen] 500/3622  EM=0.046 hedge_acc=0.980 fallback=0.000 (107s, 0.21s/ex)
[gen] 600/3622  EM=0.038 hedge_acc=0.983 fallback=0.000 (133s, 0.22s/ex)
[gen] 700/3622  EM=0.037 hedge_acc=0.986 fallback=0.000 (155s, 0.22s/ex)
[gen] 800/3622  EM=0.033 hedge_acc=0.988 fallback=0.000 (176s, 0.22s/ex)
[gen] 900/3622  EM=0.029 hedge_acc=0.989 fallback=0.000 (197s, 0.22s/ex)
[gen] 1000/3622  EM=0.026 hedge_acc=0.990 fallback=0.000 (218s, 0.22s/ex)
[gen] 1100/3622  EM=0.024 hedge_acc=0.991 fallback=0.000 (239s, 0.22s/ex)
[gen] 1200/3622  EM=0.022 hedge_acc=0.992 fallback=0.000 (260s, 0.22s/ex)
[gen] 1300/3622  EM=0.021 hedge_acc=0.992 fallback=0.000 (282s, 0.22s/ex)
[gen] 1400/3622  EM=0.021 hedge_acc=0.993 fallback=0.000 (305s, 0.22s/ex)
[gen] 1500/3622  EM=0.021 hedge_acc=0.993 fallback=0.000 (327s, 0.22s/ex)
[gen] 1600/3622  EM=0.020 hedge_acc=0.994 fallback=0.000 (348s, 0.22s/ex)
[gen] 1700/3622  EM=0.021 hedge_acc=0.994 fallback=0.000 (370s, 0.22s/ex)
[gen] 1800/3622  EM=0.022 hedge_acc=0.994 fallback=0.000 (391s, 0.22s/ex)
[gen] 1900/3622  EM=0.022 hedge_acc=0.993 fallback=0.000 (413s, 0.22s/ex)
[gen] 2000/3622  EM=0.022 hedge_acc=0.994 fallback=0.000 (435s, 0.22s/ex)
[gen] 2100/3622  EM=0.022 hedge_acc=0.993 fallback=0.000 (458s, 0.22s/ex)
[gen] 2200/3622  EM=0.021 hedge_acc=0.994 fallback=0.000 (480s, 0.22s/ex)
[gen] 2300/3622  EM=0.020 hedge_acc=0.993 fallback=0.000 (502s, 0.22s/ex)
[gen] 2400/3622  EM=0.023 hedge_acc=0.994 fallback=0.000 (523s, 0.22s/ex)
[gen] 2500/3622  EM=0.028 hedge_acc=0.994 fallback=0.000 (544s, 0.22s/ex)
[gen] 2600/3622  EM=0.028 hedge_acc=0.994 fallback=0.000 (567s, 0.22s/ex)
[gen] 2700/3622  EM=0.027 hedge_acc=0.994 fallback=0.000 (589s, 0.22s/ex)
[gen] 2800/3622  EM=0.026 hedge_acc=0.995 fallback=0.000 (611s, 0.22s/ex)
[gen] 2900/3622  EM=0.027 hedge_acc=0.995 fallback=0.000 (633s, 0.22s/ex)
[gen] 3000/3622  EM=0.026 hedge_acc=0.995 fallback=0.000 (655s, 0.22s/ex)
[gen] 3100/3622  EM=0.025 hedge_acc=0.995 fallback=0.000 (676s, 0.22s/ex)
[gen] 3200/3622  EM=0.025 hedge_acc=0.995 fallback=0.000 (698s, 0.22s/ex)
[gen] 3300/3622  EM=0.025 hedge_acc=0.995 fallback=0.000 (719s, 0.22s/ex)
[gen] 3400/3622  EM=0.026 hedge_acc=0.995 fallback=0.000 (736s, 0.22s/ex)
[gen] 3500/3622  EM=0.027 hedge_acc=0.993 fallback=0.000 (756s, 0.22s/ex)
[gen] 3600/3622  EM=0.026 hedge_acc=0.993 fallback=0.000 (773s, 0.21s/ex)

[gen] wrote data/prep/predictions_llama3/tsct_seed0_test.jsonl
[gen] n=3622  EM=0.0257  hedge_acc=0.9934  fallback_rate=0.0000  wall=777s
=== eval tsct seed 0 test wall 782s
[gen] 413 examples | source=freshqa | arm=tsct | adapter=data/prep/tcl_mlx_llama3/tsct_seed0/adapter_fixed
[transformers] Ignoring clean_up_tokenization_spaces=True for BPE tokenizer TokenizersBackend. The clean_up_tokenization post-processing step is designed for WordPiece tokenizers and is destructive for BPE (it strips spaces before punctuation). Set clean_up_tokenization_spaces=False to suppress this warning, or set clean_up_tokenization_spaces_for_bpe_even_though_it_will_corrupt_output=True to force cleanup anyway.
[gen] 100/413  EM=0.060 hedge_acc=0.060 fallback=0.020 (20s, 0.20s/ex)
[gen] 200/413  EM=0.130 hedge_acc=0.360 fallback=0.010 (37s, 0.19s/ex)
[gen] 300/413  EM=0.100 hedge_acc=0.353 fallback=0.013 (56s, 0.19s/ex)
[gen] 400/413  EM=0.102 hedge_acc=0.310 fallback=0.010 (74s, 0.19s/ex)

[gen] wrote data/prep/predictions_llama3/tsct_seed0_freshqa.jsonl
[gen] n=413  EM=0.1017  hedge_acc=0.3002  fallback_rate=0.0097  wall=77s
=== eval tsct seed 0 freshqa wall 81s
=== tsct seed 0 done 2026-09-29T07:02:49Z
=== guard 2026-09-29T07:02:49Z pressure_level=1 swap=total = 10240.00M  used = 8703.25M  free = 1536.75M  (encrypted) | System-wide memory free percentage: 88%
=== sft_only seed 0 start 2026-09-29T07:02:49Z | System-wide memory free percentage: 88% | total = 10240.00M  used = 8703.25M  free = 1536.75M  (encrypted)
=== sft_only seed 0 done 2026-09-29T07:02:49Z
=== committed seed 0 pair 676d44a Item 5 LLaMA-3: seed 0 pair (TSCT and plain fine-tuning), trained and evaluated
=== guard 2026-09-29T07:02:49Z pressure_level=1 swap=total = 10240.00M  used = 8703.25M  free = 1536.75M  (encrypted) | System-wide memory free percentage: 88%
=== tsct seed 1 start 2026-09-29T07:02:49Z | System-wide memory free percentage: 88% | total = 10240.00M  used = 8703.25M  free = 1536.75M  (encrypted)
[mlx] loaded 8008 raw examples

[mlx] === condition: fixed ===
[transformers] Ignoring clean_up_tokenization_spaces=True for BPE tokenizer TokenizersBackend. The clean_up_tokenization post-processing step is designed for WordPiece tokenizers and is destructive for BPE (it strips spaces before punctuation). Set clean_up_tokenization_spaces=False to suppress this warning, or set clean_up_tokenization_spaces_for_bpe_even_though_it_will_corrupt_output=True to force cleanup anyway.
[mlx] hedge ids (no resize, mode=reserved): [128002, 128003, 128004, 128005]
[mlx] adapted output projection: lm_head (untied)
Trainable parameters: 0.144% (11.545M/8030.261M)
[mlx] 8008 examples after tokenisation (max_len=128)
[mlx] hedge-head check: logit spread=0.000000 contrast_grad_norm=816.571716
[mlx] fixed pre-train (n=8008) acc=0.4412 majority=0.4994 dist={'[CONFIDENT]': 1.0, '[COND_CONFIDENT]': 0.0, '[TEMPORAL_HEDGE]': 0.0, '[UNKNOWN]': 0.0}
[mlx] fixed step 0 ce=6.5309 total=6.5544 grad=0.5177306532859802 conf_frac=1.000 (1s)
[mlx] fixed step 10 ce=1.9751 total=2.0779 grad=12.979451179504395 conf_frac=1.000 (5s)
[mlx] fixed step 20 ce=2.0124 total=2.0852 grad=2.2434611320495605 conf_frac=0.750 (9s)
[mlx] fixed step 30 ce=2.4760 total=2.5444 grad=4.678403854370117 conf_frac=0.000 (13s)
[mlx] fixed step 40 ce=2.1389 total=2.1704 grad=1.248914122581482 conf_frac=1.000 (18s)
[mlx] fixed step 50 ce=2.3086 total=2.3535 grad=2.410658359527588 conf_frac=0.000 (22s)
[mlx] fixed step 60 ce=1.2727 total=1.3311 grad=16.022279739379883 conf_frac=1.000 (26s)
[mlx] fixed step 70 ce=2.5226 total=2.5584 grad=2.5569167137145996 conf_frac=1.000 (31s)
[mlx] fixed step 80 ce=2.7087 total=2.7391 grad=11.774735450744629 conf_frac=0.000 (35s)
[mlx] fixed step 90 ce=1.9420 total=2.0041 grad=13.507232666015625 conf_frac=0.000 (39s)
[mlx] fixed step 100 ce=1.7321 total=1.7835 grad=4.08344030380249 conf_frac=1.000 (44s)
[mlx] fixed step 110 ce=2.3257 total=2.3691 grad=5.077004432678223 conf_frac=1.000 (48s)
[mlx] fixed step 120 ce=2.4952 total=2.5428 grad=6.4743170738220215 conf_frac=0.000 (52s)
[mlx] fixed step 130 ce=2.3730 total=2.4338 grad=15.975147247314453 conf_frac=0.000 (57s)
[mlx] fixed step 140 ce=2.7153 total=2.7599 grad=4.733822822570801 conf_frac=1.000 (61s)
[mlx] fixed step 150 ce=1.9279 total=1.9758 grad=3.9580180644989014 conf_frac=1.000 (65s)
[mlx] fixed step 160 ce=2.1171 total=2.1585 grad=1.4833307266235352 conf_frac=0.000 (70s)
[mlx] fixed step 170 ce=2.4485 total=2.4970 grad=10.160099983215332 conf_frac=0.000 (74s)
[mlx] fixed step 180 ce=2.2503 total=2.2949 grad=3.422149419784546 conf_frac=0.750 (78s)
[mlx] fixed step 190 ce=2.1218 total=2.1762 grad=7.141913414001465 conf_frac=0.000 (83s)
[mlx] fixed step 200 ce=2.1711 total=2.2332 grad=14.227594375610352 conf_frac=0.000 (87s)
[mlx] fixed step 210 ce=1.9944 total=2.0357 grad=2.6278531551361084 conf_frac=1.000 (92s)
[mlx] fixed step 220 ce=1.3530 total=1.3898 grad=2.111095428466797 conf_frac=0.250 (96s)
[mlx] fixed step 230 ce=1.7113 total=1.7687 grad=10.834283828735352 conf_frac=1.000 (101s)
[mlx] fixed step 240 ce=2.2738 total=2.3144 grad=3.97023868560791 conf_frac=1.000 (105s)
[mlx] fixed step 250 ce=2.5729 total=2.6033 grad=2.1685149669647217 conf_frac=0.500 (109s)
[mlx] fixed step 260 ce=2.3092 total=2.3470 grad=1.1800979375839233 conf_frac=1.000 (114s)
[mlx] fixed step 270 ce=1.7326 total=1.7945 grad=13.35576343536377 conf_frac=0.250 (119s)
[mlx] fixed step 280 ce=2.2837 total=2.3109 grad=10.948124885559082 conf_frac=0.750 (123s)
[mlx] fixed step 290 ce=1.6697 total=1.7167 grad=6.9272308349609375 conf_frac=0.000 (127s)
[mlx] fixed step 300 ce=2.0527 total=2.1041 grad=5.196681499481201 conf_frac=0.250 (131s)
[mlx] fixed step 310 ce=2.0240 total=2.0787 grad=14.059674263000488 conf_frac=0.250 (135s)
[mlx] fixed step 320 ce=2.0709 total=2.0950 grad=9.792498588562012 conf_frac=0.500 (140s)
[mlx] fixed step 330 ce=2.6408 total=2.6973 grad=13.196053504943848 conf_frac=0.750 (144s)
[mlx] fixed step 340 ce=1.8290 total=1.8723 grad=2.7137718200683594 conf_frac=1.000 (150s)
[mlx] fixed step 350 ce=1.6406 total=1.6637 grad=6.253354072570801 conf_frac=0.000 (154s)
[mlx] fixed step 360 ce=2.0774 total=2.1223 grad=1.8148397207260132 conf_frac=1.000 (159s)
[mlx] fixed step 370 ce=2.5843 total=2.6129 grad=5.576601028442383 conf_frac=0.250 (164s)
[mlx] fixed step 380 ce=2.1457 total=2.1705 grad=7.8398637771606445 conf_frac=0.250 (168s)
[mlx] fixed step 390 ce=1.4136 total=1.4388 grad=2.6187262535095215 conf_frac=0.250 (173s)
[mlx] fixed step 400 ce=2.5677 total=2.6667 grad=4.427842140197754 conf_frac=1.000 (177s)
[mlx] fixed step 410 ce=2.0436 total=2.1171 grad=5.995532989501953 conf_frac=0.250 (181s)
[mlx] fixed step 420 ce=1.5037 total=1.6011 grad=2.7860636711120605 conf_frac=1.000 (186s)
[mlx] fixed step 430 ce=1.5754 total=1.6092 grad=4.55361795425415 conf_frac=0.500 (190s)
[mlx] fixed step 440 ce=1.7111 total=1.7803 grad=8.385598182678223 conf_frac=0.000 (195s)
[mlx] fixed step 450 ce=2.2621 total=2.3036 grad=12.578950881958008 conf_frac=0.750 (199s)
[mlx] fixed step 460 ce=1.3907 total=1.4358 grad=7.414351940155029 conf_frac=0.750 (204s)
[mlx] fixed step 470 ce=1.8699 total=1.9355 grad=0.5449551939964294 conf_frac=0.000 (208s)
[mlx] fixed step 480 ce=1.9821 total=2.0302 grad=0.9589617848396301 conf_frac=0.750 (213s)
[mlx] fixed step 490 ce=1.6060 total=1.6714 grad=13.997054100036621 conf_frac=1.000 (217s)
[mlx] fixed step 500 ce=1.5112 total=1.5956 grad=6.927207946777344 conf_frac=1.000 (222s)
[mlx] fixed step 510 ce=1.9738 total=2.0337 grad=4.436691761016846 conf_frac=0.250 (226s)
[mlx] fixed step 520 ce=2.1407 total=2.1959 grad=0.5502665042877197 conf_frac=0.750 (231s)
[mlx] fixed step 530 ce=1.5130 total=1.5348 grad=3.5231921672821045 conf_frac=0.500 (235s)
[mlx] fixed step 540 ce=2.8148 total=2.8888 grad=1.5414905548095703 conf_frac=0.750 (240s)
[mlx] fixed step 550 ce=1.6585 total=1.6823 grad=6.094874858856201 conf_frac=0.500 (244s)
[mlx] fixed step 560 ce=1.9329 total=1.9721 grad=1.7556326389312744 conf_frac=0.750 (249s)
[mlx] fixed step 570 ce=1.3729 total=1.4199 grad=5.311535835266113 conf_frac=0.750 (253s)
[mlx] fixed step 580 ce=2.0373 total=2.0651 grad=4.101061820983887 conf_frac=0.500 (257s)
[mlx] fixed step 590 ce=1.6262 total=1.6648 grad=6.718287944793701 conf_frac=0.750 (262s)
[mlx] fixed step 600 ce=1.3900 total=1.4219 grad=5.616726875305176 conf_frac=0.500 (266s)
[mlx] fixed step 610 ce=2.6730 total=2.7305 grad=4.674091339111328 conf_frac=0.750 (271s)
[mlx] fixed step 620 ce=0.9425 total=0.9692 grad=1.5419548749923706 conf_frac=0.500 (276s)
[mlx] fixed step 630 ce=1.6689 total=1.7256 grad=3.4063949584960938 conf_frac=0.250 (280s)
[mlx] fixed step 640 ce=1.2526 total=1.2924 grad=6.811391353607178 conf_frac=0.750 (285s)
[mlx] fixed step 650 ce=1.3464 total=1.3722 grad=5.9771833419799805 conf_frac=0.500 (289s)
[mlx] fixed step 660 ce=2.1407 total=2.1855 grad=5.890913009643555 conf_frac=0.750 (294s)
[mlx] fixed step 670 ce=2.3580 total=2.3822 grad=1.503918170928955 conf_frac=0.500 (299s)
[mlx] fixed step 680 ce=1.5374 total=1.5601 grad=8.884830474853516 conf_frac=0.500 (304s)
[mlx] fixed step 690 ce=1.7655 total=1.8106 grad=7.608150959014893 conf_frac=0.750 (308s)
[mlx] fixed step 700 ce=2.1430 total=2.1894 grad=3.6411259174346924 conf_frac=0.250 (313s)
[mlx] fixed step 710 ce=1.6772 total=1.6959 grad=5.233410358428955 conf_frac=0.500 (317s)
[mlx] fixed step 720 ce=2.0567 total=2.0828 grad=6.370523452758789 conf_frac=0.500 (322s)
[mlx] fixed step 730 ce=2.0520 total=2.1636 grad=8.88967514038086 conf_frac=1.000 (327s)
[mlx] fixed step 740 ce=1.0482 total=1.0846 grad=7.850792407989502 conf_frac=0.750 (331s)
[mlx] fixed step 750 ce=1.6819 total=1.7196 grad=2.977233409881592 conf_frac=0.500 (335s)
[mlx] fixed step 760 ce=1.8806 total=1.9015 grad=6.102448463439941 conf_frac=0.500 (340s)
[mlx] fixed step 770 ce=0.9268 total=0.9518 grad=7.328953266143799 conf_frac=0.500 (344s)
[mlx] fixed step 780 ce=1.4522 total=1.5016 grad=5.916392803192139 conf_frac=0.750 (349s)
[mlx] fixed step 790 ce=1.0352 total=1.0539 grad=4.958516597747803 conf_frac=0.500 (353s)
[mlx] fixed step 800 ce=1.2225 total=1.3218 grad=3.6412973403930664 conf_frac=1.000 (358s)
[mlx] fixed step 810 ce=1.4446 total=1.4875 grad=1.6817861795425415 conf_frac=0.250 (362s)
[mlx] fixed step 820 ce=2.1808 total=2.2284 grad=3.2713623046875 conf_frac=0.250 (367s)
[mlx] fixed step 830 ce=2.2139 total=2.2306 grad=5.37992525100708 conf_frac=0.750 (372s)
[mlx] fixed step 840 ce=1.8329 total=1.8597 grad=6.775205612182617 conf_frac=0.750 (376s)
[mlx] fixed step 850 ce=2.2515 total=2.2866 grad=2.160858154296875 conf_frac=0.500 (380s)
[mlx] fixed step 860 ce=2.1515 total=2.2008 grad=4.811354637145996 conf_frac=0.750 (384s)
[mlx] fixed step 870 ce=1.7204 total=1.7357 grad=3.3808956146240234 conf_frac=0.500 (389s)
[mlx] fixed step 880 ce=2.1741 total=2.1933 grad=3.2152466773986816 conf_frac=0.500 (394s)
[mlx] fixed step 890 ce=2.4499 total=2.5020 grad=6.6918768882751465 conf_frac=0.750 (398s)
[mlx] fixed step 900 ce=2.6662 total=2.6764 grad=2.9751243591308594 conf_frac=0.250 (403s)
[mlx] fixed step 910 ce=1.9712 total=2.0117 grad=2.2769649028778076 conf_frac=0.500 (407s)
[mlx] fixed step 920 ce=1.3969 total=1.4201 grad=4.5747222900390625 conf_frac=0.500 (412s)
[mlx] fixed step 930 ce=1.5391 total=1.6024 grad=1.3456578254699707 conf_frac=0.750 (417s)
[mlx] fixed step 940 ce=1.1755 total=1.1942 grad=2.8647682666778564 conf_frac=0.500 (421s)
[mlx] fixed step 950 ce=1.4544 total=1.4713 grad=4.626065731048584 conf_frac=0.500 (426s)
[mlx] fixed step 960 ce=0.5043 total=0.5400 grad=8.222278594970703 conf_frac=0.750 (430s)
[mlx] fixed step 970 ce=1.9052 total=1.9270 grad=4.897323131561279 conf_frac=0.500 (435s)
[mlx] fixed step 980 ce=2.1425 total=2.1692 grad=3.3651316165924072 conf_frac=0.500 (440s)
[mlx] fixed step 990 ce=0.9500 total=1.0284 grad=1.8016130924224854 conf_frac=1.000 (444s)
[mlx] fixed step 1000 ce=2.5291 total=2.5696 grad=8.956738471984863 conf_frac=0.250 (449s)
[mlx] fixed step 1010 ce=1.4295 total=1.5012 grad=1.1260827779769897 conf_frac=0.750 (453s)
[mlx] fixed step 1020 ce=1.7000 total=1.7513 grad=6.116738319396973 conf_frac=0.750 (458s)
[mlx] fixed step 1030 ce=2.7163 total=2.7805 grad=2.674123525619507 conf_frac=0.000 (463s)
[mlx] fixed step 1040 ce=2.4784 total=2.5640 grad=10.05551528930664 conf_frac=1.000 (468s)
[mlx] fixed step 1050 ce=1.7627 total=1.7885 grad=4.427515029907227 conf_frac=0.500 (473s)
[mlx] fixed step 1060 ce=1.1642 total=1.2207 grad=5.1277570724487305 conf_frac=0.750 (478s)
[mlx] fixed step 1070 ce=2.1191 total=2.1788 grad=5.984023571014404 conf_frac=0.750 (483s)
[mlx] fixed step 1080 ce=1.1937 total=1.2634 grad=11.752788543701172 conf_frac=1.000 (488s)
[mlx] fixed step 1090 ce=1.9428 total=1.9578 grad=3.961376190185547 conf_frac=0.250 (492s)
[mlx] fixed step 1100 ce=3.2611 total=3.3134 grad=0.9924769997596741 conf_frac=0.000 (497s)
[mlx] fixed step 1110 ce=1.7955 total=1.8197 grad=2.7774949073791504 conf_frac=0.500 (502s)
[mlx] fixed step 1120 ce=2.5204 total=2.5446 grad=3.1136889457702637 conf_frac=0.500 (506s)
[mlx] fixed step 1130 ce=0.8722 total=0.8958 grad=4.416290760040283 conf_frac=0.500 (510s)
[mlx] fixed step 1140 ce=2.1588 total=2.1822 grad=5.438929557800293 conf_frac=0.500 (515s)
[mlx] fixed step 1150 ce=1.7547 total=1.7801 grad=4.41676664352417 conf_frac=0.500 (520s)
[mlx] fixed step 1160 ce=1.3510 total=1.4027 grad=6.257513046264648 conf_frac=0.750 (524s)
[mlx] fixed step 1170 ce=2.4414 total=2.5234 grad=5.874088287353516 conf_frac=0.750 (529s)
[mlx] fixed step 1180 ce=1.3057 total=1.3672 grad=9.167946815490723 conf_frac=0.750 (534s)
[mlx] fixed step 1190 ce=1.3501 total=1.3945 grad=8.117822647094727 conf_frac=0.750 (538s)
[mlx] fixed step 1200 ce=0.9296 total=1.0042 grad=2.4512720108032227 conf_frac=0.000 (543s)
[mlx] fixed step 1210 ce=1.4522 total=1.4779 grad=5.218774795532227 conf_frac=0.500 (547s)
[mlx] fixed step 1220 ce=0.8069 total=0.9301 grad=7.591165065765381 conf_frac=1.000 (552s)
[mlx] fixed step 1230 ce=1.8020 total=1.8240 grad=2.735373020172119 conf_frac=0.500 (556s)
[mlx] fixed step 1240 ce=2.6773 total=2.7076 grad=2.2654030323028564 conf_frac=0.250 (560s)
[mlx] fixed step 1250 ce=2.7413 total=2.7841 grad=7.027668476104736 conf_frac=0.750 (565s)
[mlx] fixed step 1260 ce=1.8148 total=1.8385 grad=2.29003643989563 conf_frac=0.250 (570s)
[mlx] fixed step 1270 ce=0.6711 total=0.7169 grad=9.927877426147461 conf_frac=0.750 (574s)
[mlx] fixed step 1280 ce=2.0063 total=2.0490 grad=11.51772689819336 conf_frac=0.750 (579s)
[mlx] fixed step 1290 ce=1.8105 total=1.8542 grad=1.6513830423355103 conf_frac=0.000 (584s)
[mlx] fixed step 1300 ce=1.6337 total=1.6658 grad=2.7162771224975586 conf_frac=0.250 (588s)
[mlx] fixed step 1310 ce=1.1745 total=1.2016 grad=1.0131542682647705 conf_frac=0.500 (592s)
[mlx] fixed step 1320 ce=1.7628 total=1.8002 grad=8.692153930664062 conf_frac=0.750 (596s)
[mlx] fixed step 1330 ce=1.4028 total=1.4486 grad=6.542880058288574 conf_frac=0.750 (601s)
[mlx] fixed step 1340 ce=1.3684 total=1.4699 grad=0.5877847671508789 conf_frac=0.000 (605s)
[mlx] fixed step 1350 ce=1.6766 total=1.7040 grad=3.8378162384033203 conf_frac=0.500 (610s)
[mlx] fixed step 1360 ce=1.9970 total=2.0301 grad=2.376476764678955 conf_frac=0.500 (614s)
[mlx] fixed step 1370 ce=1.6559 total=1.6839 grad=5.3531317710876465 conf_frac=0.500 (619s)
[mlx] fixed step 1380 ce=1.6862 total=1.7802 grad=2.1954638957977295 conf_frac=1.000 (623s)
[mlx] fixed step 1390 ce=1.8943 total=1.9380 grad=2.1719179153442383 conf_frac=0.750 (627s)
[mlx] fixed step 1400 ce=1.7686 total=1.8067 grad=8.789440155029297 conf_frac=0.750 (631s)
[mlx] fixed step 1410 ce=1.7983 total=1.8721 grad=0.3446860611438751 conf_frac=0.000 (636s)
[mlx] fixed step 1420 ce=1.7992 total=1.8228 grad=1.5931057929992676 conf_frac=0.250 (640s)
[mlx] fixed step 1430 ce=2.0631 total=2.0919 grad=3.7778971195220947 conf_frac=0.500 (645s)
[mlx] fixed step 1440 ce=1.9993 total=2.0502 grad=4.913217544555664 conf_frac=0.750 (649s)
[mlx] fixed step 1450 ce=1.1296 total=1.1581 grad=6.144784450531006 conf_frac=0.500 (654s)
[mlx] fixed step 1460 ce=2.4703 total=2.5428 grad=6.88323450088501 conf_frac=0.750 (659s)
[mlx] fixed step 1470 ce=1.8827 total=1.9449 grad=3.857776641845703 conf_frac=0.750 (664s)
[mlx] fixed step 1480 ce=1.2234 total=1.2623 grad=4.61837100982666 conf_frac=0.750 (669s)
[mlx] fixed step 1490 ce=2.0880 total=2.1457 grad=3.625380039215088 conf_frac=0.250 (673s)
[mlx] fixed step 1500 ce=1.6028 total=1.6467 grad=7.382095813751221 conf_frac=0.750 (678s)
[mlx] fixed step 1510 ce=2.3682 total=2.4143 grad=7.974948406219482 conf_frac=0.750 (683s)
[mlx] fixed step 1520 ce=1.2104 total=1.2289 grad=3.3619260787963867 conf_frac=0.500 (687s)
[mlx] fixed step 1530 ce=2.1073 total=2.1555 grad=6.217139720916748 conf_frac=0.750 (692s)
[mlx] fixed step 1540 ce=2.4928 total=2.5222 grad=4.635509490966797 conf_frac=0.500 (698s)
[mlx] fixed step 1550 ce=2.0929 total=2.1175 grad=3.6102471351623535 conf_frac=0.250 (702s)
[mlx] fixed step 1560 ce=1.5987 total=1.6486 grad=1.8259601593017578 conf_frac=0.750 (707s)
[mlx] fixed step 1570 ce=1.5645 total=1.6088 grad=8.669148445129395 conf_frac=0.750 (711s)
[mlx] fixed step 1580 ce=2.0318 total=2.0728 grad=3.992158889770508 conf_frac=0.250 (718s)
[mlx] fixed step 1590 ce=1.8507 total=1.8868 grad=2.5031979084014893 conf_frac=0.750 (723s)
[mlx] fixed step 1600 ce=2.7340 total=2.7635 grad=4.347896575927734 conf_frac=0.500 (727s)
[mlx] fixed step 1610 ce=1.5157 total=1.5581 grad=9.565324783325195 conf_frac=0.750 (731s)
[mlx] fixed step 1620 ce=1.8080 total=1.8465 grad=2.0548436641693115 conf_frac=0.750 (736s)
[mlx] fixed step 1630 ce=1.6437 total=1.6950 grad=2.4329049587249756 conf_frac=0.250 (741s)
[mlx] fixed step 1640 ce=1.7593 total=1.7848 grad=2.561549186706543 conf_frac=0.250 (745s)
[mlx] fixed step 1650 ce=1.7418 total=1.7666 grad=5.6271772384643555 conf_frac=0.500 (749s)
[mlx] fixed step 1660 ce=1.5824 total=1.6059 grad=0.8112993836402893 conf_frac=0.500 (755s)
[mlx] fixed step 1670 ce=1.1962 total=1.2127 grad=2.3537814617156982 conf_frac=0.250 (759s)
[mlx] fixed step 1680 ce=1.5167 total=1.5610 grad=1.2443652153015137 conf_frac=0.750 (764s)
[mlx] fixed step 1690 ce=2.3895 total=2.4096 grad=3.09871506690979 conf_frac=0.250 (768s)
[mlx] fixed step 1700 ce=2.3320 total=2.4374 grad=3.9229626655578613 conf_frac=0.750 (773s)
[mlx] fixed step 1710 ce=1.5723 total=1.6283 grad=5.209362983703613 conf_frac=0.750 (777s)
[mlx] fixed step 1720 ce=2.1038 total=2.1400 grad=3.9893181324005127 conf_frac=0.250 (782s)
[mlx] fixed step 1730 ce=1.0383 total=1.1039 grad=5.923946380615234 conf_frac=0.750 (787s)
[mlx] fixed step 1740 ce=2.5029 total=2.5783 grad=7.052037239074707 conf_frac=0.750 (791s)
[mlx] fixed step 1750 ce=0.9458 total=0.9786 grad=4.0198516845703125 conf_frac=0.500 (796s)
[mlx] fixed step 1760 ce=1.6601 total=1.7229 grad=5.002082347869873 conf_frac=0.750 (801s)
[mlx] fixed step 1770 ce=1.4646 total=1.5177 grad=4.370834827423096 conf_frac=0.750 (805s)
[mlx] fixed step 1780 ce=1.4188 total=1.4465 grad=3.770411968231201 conf_frac=0.500 (810s)
[mlx] fixed step 1790 ce=1.3595 total=1.3823 grad=3.6608662605285645 conf_frac=0.250 (814s)
[mlx] fixed step 1800 ce=2.4860 total=2.5110 grad=1.9127702713012695 conf_frac=0.500 (818s)
[mlx] fixed step 1810 ce=1.2857 total=1.3163 grad=6.054721832275391 conf_frac=0.500 (823s)
[mlx] fixed step 1820 ce=1.5390 total=1.5743 grad=7.020576477050781 conf_frac=0.500 (828s)
[mlx] fixed step 1830 ce=2.5873 total=2.6346 grad=1.7182965278625488 conf_frac=0.750 (832s)
[mlx] fixed step 1840 ce=1.6434 total=1.7021 grad=2.138018846511841 conf_frac=0.000 (837s)
[mlx] fixed step 1850 ce=1.1519 total=1.1724 grad=2.042940139770508 conf_frac=0.250 (841s)
[mlx] fixed step 1860 ce=1.7434 total=1.8793 grad=3.6957170963287354 conf_frac=1.000 (846s)
[mlx] fixed step 1870 ce=2.0909 total=2.1284 grad=3.4139490127563477 conf_frac=0.750 (850s)
[mlx] fixed step 1880 ce=1.6610 total=1.6888 grad=4.506437301635742 conf_frac=0.500 (854s)
[mlx] fixed step 1890 ce=1.4162 total=1.4472 grad=5.556156635284424 conf_frac=0.500 (859s)
[mlx] fixed step 1900 ce=2.3260 total=2.3544 grad=4.3739237785339355 conf_frac=0.500 (863s)
[mlx] fixed step 1910 ce=2.7499 total=2.7741 grad=3.472855567932129 conf_frac=0.500 (868s)
[mlx] fixed step 1920 ce=2.1537 total=2.1922 grad=2.282799243927002 conf_frac=0.250 (872s)
[mlx] fixed step 1930 ce=1.6381 total=1.7403 grad=9.179429054260254 conf_frac=1.000 (876s)
[mlx] fixed step 1940 ce=2.0956 total=2.1365 grad=3.52034068107605 conf_frac=0.500 (881s)
[mlx] fixed step 1950 ce=2.0680 total=2.0850 grad=2.4724748134613037 conf_frac=0.250 (885s)
[mlx] fixed step 1960 ce=1.6305 total=1.6589 grad=3.3957691192626953 conf_frac=0.500 (889s)
[mlx] fixed step 1970 ce=2.5225 total=2.5646 grad=4.1550493240356445 conf_frac=0.250 (894s)
[mlx] fixed step 1980 ce=2.2516 total=2.3760 grad=1.234556794166565 conf_frac=0.000 (898s)
[mlx] fixed step 1990 ce=1.2604 total=1.3542 grad=10.35964584350586 conf_frac=1.000 (902s)
[mlx] fixed step 2000 ce=1.7452 total=1.7622 grad=2.7229151725769043 conf_frac=0.250 (907s)
[mlx] fixed step 2010 ce=1.1908 total=1.2229 grad=1.0146420001983643 conf_frac=0.500 (912s)
[mlx] fixed step 2020 ce=0.4694 total=0.5091 grad=2.6010842323303223 conf_frac=0.250 (916s)
[mlx] fixed step 2030 ce=1.0543 total=1.0749 grad=4.130874156951904 conf_frac=0.500 (920s)
[mlx] fixed step 2040 ce=1.0225 total=1.0397 grad=3.240478754043579 conf_frac=0.250 (925s)
[mlx] fixed step 2050 ce=0.5132 total=0.5852 grad=1.1878496408462524 conf_frac=1.000 (929s)
[mlx] fixed step 2060 ce=1.1132 total=1.1850 grad=14.615255355834961 conf_frac=1.000 (933s)
[mlx] fixed step 2070 ce=1.1978 total=1.2401 grad=9.427556991577148 conf_frac=0.750 (938s)
[mlx] fixed step 2080 ce=0.2397 total=0.2895 grad=2.437361001968384 conf_frac=0.250 (942s)
[mlx] fixed step 2090 ce=0.7143 total=0.7460 grad=2.250680685043335 conf_frac=0.500 (946s)
[mlx] fixed step 2100 ce=0.5868 total=0.6128 grad=6.968527793884277 conf_frac=0.500 (950s)
[mlx] fixed step 2110 ce=0.8480 total=0.8707 grad=3.5071609020233154 conf_frac=0.500 (955s)
[mlx] fixed step 2120 ce=0.6232 total=0.6520 grad=4.303764343261719 conf_frac=0.500 (959s)
[mlx] fixed step 2130 ce=0.5191 total=0.5466 grad=4.228477954864502 conf_frac=0.500 (964s)
[mlx] fixed step 2140 ce=0.9726 total=0.9947 grad=4.68917989730835 conf_frac=0.500 (968s)
[mlx] fixed step 2150 ce=1.0071 total=1.0934 grad=6.603004455566406 conf_frac=0.750 (973s)
[mlx] fixed step 2160 ce=0.4794 total=0.5194 grad=8.294501304626465 conf_frac=0.750 (977s)
[mlx] fixed step 2170 ce=0.9474 total=1.0002 grad=3.0304298400878906 conf_frac=0.250 (982s)
[mlx] fixed step 2180 ce=0.8708 total=0.9584 grad=11.854475021362305 conf_frac=1.000 (986s)
[mlx] fixed step 2190 ce=0.7411 total=0.7930 grad=8.657901763916016 conf_frac=0.750 (991s)
[mlx] fixed step 2200 ce=0.6578 total=0.7000 grad=7.146498680114746 conf_frac=0.500 (995s)
[mlx] fixed step 2210 ce=1.1049 total=1.1259 grad=4.3633317947387695 conf_frac=0.500 (999s)
[mlx] fixed step 2220 ce=1.1850 total=1.2161 grad=4.0056538581848145 conf_frac=0.500 (1004s)
[mlx] fixed step 2230 ce=0.7120 total=0.7426 grad=3.645073413848877 conf_frac=0.500 (1009s)
[mlx] fixed step 2240 ce=0.9696 total=1.0118 grad=7.267026901245117 conf_frac=0.750 (1013s)
[mlx] fixed step 2250 ce=0.7101 total=0.7294 grad=4.768947601318359 conf_frac=0.500 (1017s)
[mlx] fixed step 2260 ce=0.5563 total=0.6091 grad=2.1572585105895996 conf_frac=0.750 (1022s)
[mlx] fixed step 2270 ce=0.5716 total=0.6022 grad=4.481648921966553 conf_frac=0.500 (1027s)
[mlx] fixed step 2280 ce=0.7984 total=0.8332 grad=7.535857200622559 conf_frac=0.500 (1032s)
[mlx] fixed step 2290 ce=1.1140 total=1.1454 grad=1.3888421058654785 conf_frac=0.250 (1037s)
[mlx] fixed step 2300 ce=0.5814 total=0.6161 grad=5.602181911468506 conf_frac=0.500 (1042s)
[mlx] fixed step 2310 ce=0.7459 total=0.7954 grad=1.2647171020507812 conf_frac=0.000 (1046s)
[mlx] fixed step 2320 ce=0.9110 total=0.9381 grad=1.3341288566589355 conf_frac=0.250 (1050s)
[mlx] fixed step 2330 ce=1.4297 total=1.4507 grad=3.324089765548706 conf_frac=0.500 (1054s)
[mlx] fixed step 2340 ce=0.8290 total=0.8506 grad=0.9928955435752869 conf_frac=0.500 (1059s)
[mlx] fixed step 2350 ce=1.5881 total=1.6618 grad=2.2050156593322754 conf_frac=1.000 (1063s)
[mlx] fixed step 2360 ce=1.0447 total=1.0616 grad=2.2941391468048096 conf_frac=0.250 (1068s)
[mlx] fixed step 2370 ce=1.3378 total=1.3778 grad=2.3565406799316406 conf_frac=0.750 (1072s)
[mlx] fixed step 2380 ce=0.6670 total=0.7091 grad=3.5497050285339355 conf_frac=0.250 (1077s)
[mlx] fixed step 2390 ce=0.3633 total=0.3925 grad=5.289271354675293 conf_frac=0.500 (1081s)
[mlx] fixed step 2400 ce=0.4692 total=0.5284 grad=4.953171730041504 conf_frac=0.750 (1086s)
[mlx] fixed step 2410 ce=0.5913 total=0.6252 grad=3.5995304584503174 conf_frac=0.500 (1091s)
[mlx] fixed step 2420 ce=0.5766 total=0.6092 grad=2.552377223968506 conf_frac=0.500 (1095s)
[mlx] fixed step 2430 ce=0.5797 total=0.6038 grad=1.5143853425979614 conf_frac=0.500 (1099s)
[mlx] fixed step 2440 ce=1.1647 total=1.2068 grad=2.5658702850341797 conf_frac=0.250 (1104s)
[mlx] fixed step 2450 ce=0.7883 total=0.8133 grad=2.3509185314178467 conf_frac=0.500 (1108s)
[mlx] fixed step 2460 ce=1.1121 total=1.1422 grad=3.0865767002105713 conf_frac=0.500 (1113s)
[mlx] fixed step 2470 ce=0.3871 total=0.4349 grad=6.47051477432251 conf_frac=0.750 (1117s)
[mlx] fixed step 2480 ce=1.5517 total=1.6704 grad=1.2475364208221436 conf_frac=0.000 (1121s)
[mlx] fixed step 2490 ce=0.8939 total=0.9342 grad=0.8025556802749634 conf_frac=0.000 (1126s)
[mlx] fixed step 2500 ce=1.3136 total=1.4140 grad=0.7136751413345337 conf_frac=0.000 (1130s)
[mlx] fixed step 2510 ce=0.6524 total=0.6915 grad=1.989714503288269 conf_frac=0.750 (1135s)
[mlx] fixed step 2520 ce=0.8057 total=0.8376 grad=2.376892566680908 conf_frac=0.250 (1139s)
[mlx] fixed step 2530 ce=1.3680 total=1.4210 grad=6.613890647888184 conf_frac=0.750 (1143s)
[mlx] fixed step 2540 ce=0.7587 total=0.7991 grad=2.588744878768921 conf_frac=0.250 (1148s)
[mlx] fixed step 2550 ce=0.9485 total=0.9994 grad=8.363805770874023 conf_frac=0.750 (1152s)
[mlx] fixed step 2560 ce=1.1331 total=1.2526 grad=5.361393928527832 conf_frac=1.000 (1156s)
[mlx] fixed step 2570 ce=0.5424 total=0.5917 grad=9.396854400634766 conf_frac=0.750 (1161s)
[mlx] fixed step 2580 ce=0.8621 total=0.9568 grad=0.8133729696273804 conf_frac=0.000 (1165s)
[mlx] fixed step 2590 ce=1.3449 total=1.3971 grad=1.9026082754135132 conf_frac=0.750 (1170s)
[mlx] fixed step 2600 ce=0.5935 total=0.6426 grad=7.638844966888428 conf_frac=0.750 (1174s)
[mlx] fixed step 2610 ce=1.6156 total=1.7469 grad=5.738959789276123 conf_frac=0.000 (1179s)
[mlx] fixed step 2620 ce=0.3776 total=0.4054 grad=5.505572319030762 conf_frac=0.500 (1185s)
[mlx] fixed step 2630 ce=1.1269 total=1.1533 grad=5.175921440124512 conf_frac=0.500 (1190s)
[mlx] fixed step 2640 ce=1.2897 total=1.3086 grad=2.199028730392456 conf_frac=0.250 (1195s)
[mlx] fixed step 2650 ce=0.8938 total=0.9416 grad=6.434978008270264 conf_frac=0.750 (1199s)
[mlx] fixed step 2660 ce=0.6120 total=0.6390 grad=6.214423656463623 conf_frac=0.500 (1204s)
[mlx] fixed step 2670 ce=0.9956 total=1.0253 grad=3.636333703994751 conf_frac=0.500 (1208s)
[mlx] fixed step 2680 ce=0.8687 total=0.9027 grad=2.345452070236206 conf_frac=0.500 (1212s)
[mlx] fixed step 2690 ce=0.5894 total=0.6624 grad=2.2167224884033203 conf_frac=0.000 (1216s)
[mlx] fixed step 2700 ce=0.6664 total=0.7389 grad=12.681469917297363 conf_frac=1.000 (1221s)
[mlx] fixed step 2710 ce=0.5139 total=0.5366 grad=4.7765793800354 conf_frac=0.500 (1225s)
[mlx] fixed step 2720 ce=0.8674 total=0.9901 grad=7.510452747344971 conf_frac=1.000 (1230s)
[mlx] fixed step 2730 ce=1.0990 total=1.1270 grad=3.7315239906311035 conf_frac=0.500 (1234s)
[mlx] fixed step 2740 ce=1.2148 total=1.2398 grad=3.4780681133270264 conf_frac=0.500 (1239s)
[mlx] fixed step 2750 ce=0.7350 total=0.7520 grad=2.2739500999450684 conf_frac=0.250 (1243s)
[mlx] fixed step 2760 ce=1.2325 total=1.2723 grad=6.910780429840088 conf_frac=0.750 (1247s)
[mlx] fixed step 2770 ce=0.4610 total=0.5386 grad=1.2046751976013184 conf_frac=0.750 (1251s)
[mlx] fixed step 2780 ce=1.3593 total=1.3910 grad=5.8802971839904785 conf_frac=0.500 (1256s)
[mlx] fixed step 2790 ce=0.6626 total=0.6887 grad=4.949728965759277 conf_frac=0.500 (1261s)
[mlx] fixed step 2800 ce=0.5550 total=0.5715 grad=2.941126823425293 conf_frac=0.250 (1265s)
[mlx] fixed step 2810 ce=0.8928 total=0.9605 grad=4.347747802734375 conf_frac=0.750 (1269s)
[mlx] fixed step 2820 ce=1.1134 total=1.1491 grad=2.475029706954956 conf_frac=0.500 (1274s)
[mlx] fixed step 2830 ce=1.0457 total=1.0629 grad=2.009514570236206 conf_frac=0.250 (1278s)
[mlx] fixed step 2840 ce=0.6465 total=0.7747 grad=9.86291790008545 conf_frac=1.000 (1283s)
[mlx] fixed step 2850 ce=1.0789 total=1.1767 grad=4.1284098625183105 conf_frac=1.000 (1287s)
[mlx] fixed step 2860 ce=0.9523 total=0.9993 grad=3.812861442565918 conf_frac=0.250 (1292s)
[mlx] fixed step 2870 ce=0.7133 total=0.7409 grad=3.3977785110473633 conf_frac=0.500 (1296s)
[mlx] fixed step 2880 ce=0.9286 total=0.9911 grad=1.4425370693206787 conf_frac=0.750 (1300s)
[mlx] fixed step 2890 ce=0.9514 total=1.0444 grad=4.690512657165527 conf_frac=0.750 (1304s)
[mlx] fixed step 2900 ce=1.2210 total=1.2816 grad=4.443976879119873 conf_frac=0.750 (1309s)
[mlx] fixed step 2910 ce=0.5722 total=0.6250 grad=5.139860153198242 conf_frac=0.750 (1313s)
[mlx] fixed step 2920 ce=0.8957 total=0.9242 grad=3.6795880794525146 conf_frac=0.250 (1317s)
[mlx] fixed step 2930 ce=0.9460 total=1.0031 grad=4.195831775665283 conf_frac=0.750 (1321s)
[mlx] fixed step 2940 ce=0.4089 total=0.4534 grad=5.972252368927002 conf_frac=0.750 (1325s)
[mlx] fixed step 2950 ce=0.6208 total=0.6801 grad=0.6770362257957458 conf_frac=0.750 (1330s)
[mlx] fixed step 2960 ce=1.3194 total=1.3945 grad=1.859795331954956 conf_frac=0.000 (1335s)
[mlx] fixed step 2970 ce=0.9392 total=0.9795 grad=2.6830837726593018 conf_frac=0.250 (1339s)
[mlx] fixed step 2980 ce=1.2719 total=1.3251 grad=5.973400115966797 conf_frac=0.750 (1343s)
[mlx] fixed step 2990 ce=0.9207 total=0.9476 grad=4.083847522735596 conf_frac=0.500 (1348s)
[mlx] fixed step 3000 ce=1.3082 total=1.3737 grad=4.314358234405518 conf_frac=0.250 (1354s)
[mlx] fixed step 3010 ce=0.4633 total=0.5055 grad=2.869544506072998 conf_frac=0.250 (1359s)
[mlx] fixed step 3020 ce=0.8441 total=0.9050 grad=5.568281173706055 conf_frac=0.750 (1363s)
[mlx] fixed step 3030 ce=0.8544 total=0.9164 grad=5.147689342498779 conf_frac=0.750 (1368s)
[mlx] fixed step 3040 ce=0.6653 total=0.7722 grad=9.317761421203613 conf_frac=1.000 (1372s)
[mlx] fixed step 3050 ce=0.3478 total=0.3885 grad=3.037189245223999 conf_frac=0.250 (1376s)
[mlx] fixed step 3060 ce=1.3287 total=1.3647 grad=5.443859100341797 conf_frac=0.500 (1381s)
[mlx] fixed step 3070 ce=0.6928 total=0.7157 grad=5.945815086364746 conf_frac=0.500 (1385s)
[mlx] fixed step 3080 ce=0.6272 total=0.6609 grad=2.2720754146575928 conf_frac=0.250 (1390s)
[mlx] fixed step 3090 ce=2.0948 total=2.1145 grad=1.0169768333435059 conf_frac=0.250 (1395s)
[mlx] fixed step 3100 ce=0.5207 total=0.5526 grad=2.559300184249878 conf_frac=0.500 (1399s)
[mlx] fixed step 3110 ce=0.9908 total=1.0307 grad=5.369022846221924 conf_frac=0.750 (1404s)
[mlx] fixed step 3120 ce=0.9277 total=0.9694 grad=6.429874897003174 conf_frac=0.750 (1408s)
[mlx] fixed step 3130 ce=0.7377 total=0.7769 grad=1.483708143234253 conf_frac=0.250 (1417s)
[mlx] fixed step 3140 ce=1.2476 total=1.2700 grad=0.9627370834350586 conf_frac=0.250 (1422s)
[mlx] fixed step 3150 ce=1.0750 total=1.2157 grad=5.681074619293213 conf_frac=1.000 (1427s)
[mlx] fixed step 3160 ce=0.9256 total=1.0655 grad=0.9653250575065613 conf_frac=1.000 (1431s)
[mlx] fixed step 3170 ce=0.3196 total=0.3552 grad=6.638458251953125 conf_frac=0.750 (1436s)
[mlx] fixed step 3180 ce=0.6184 total=0.6505 grad=4.4660468101501465 conf_frac=0.250 (1444s)
[mlx] fixed step 3190 ce=0.8692 total=0.9188 grad=6.051827907562256 conf_frac=0.750 (1448s)
[mlx] fixed step 3200 ce=0.7841 total=0.9072 grad=2.418308734893799 conf_frac=0.000 (1453s)
[mlx] fixed step 3210 ce=1.0526 total=1.0794 grad=3.925804376602173 conf_frac=0.500 (1458s)
[mlx] fixed step 3220 ce=1.3080 total=1.3755 grad=4.220860004425049 conf_frac=0.250 (1463s)
[mlx] fixed step 3230 ce=0.9418 total=0.9641 grad=1.7000967264175415 conf_frac=0.250 (1467s)
[mlx] fixed step 3240 ce=0.6992 total=0.7344 grad=3.6881723403930664 conf_frac=0.500 (1472s)
[mlx] fixed step 3250 ce=1.0045 total=1.0355 grad=2.4494574069976807 conf_frac=0.250 (1476s)
[mlx] fixed step 3260 ce=0.5888 total=0.6123 grad=3.2642765045166016 conf_frac=0.500 (1481s)
[mlx] fixed step 3270 ce=0.7471 total=0.8094 grad=4.476362705230713 conf_frac=0.750 (1485s)
[mlx] fixed step 3280 ce=0.7855 total=0.8062 grad=3.285104513168335 conf_frac=0.250 (1490s)
[mlx] fixed step 3290 ce=1.0290 total=1.0930 grad=8.210103988647461 conf_frac=1.000 (1495s)
[mlx] fixed step 3300 ce=0.7856 total=0.8471 grad=2.421623468399048 conf_frac=0.250 (1499s)
[mlx] fixed step 3310 ce=1.4303 total=1.4691 grad=1.4374979734420776 conf_frac=0.750 (1504s)
[mlx] fixed step 3320 ce=1.0069 total=1.0691 grad=3.24792218208313 conf_frac=0.750 (1509s)
[mlx] fixed step 3330 ce=1.2590 total=1.3042 grad=7.5294060707092285 conf_frac=0.750 (1514s)
[mlx] fixed step 3340 ce=0.6808 total=0.7036 grad=5.335838317871094 conf_frac=0.500 (1518s)
[mlx] fixed step 3350 ce=0.6599 total=0.6904 grad=1.5551207065582275 conf_frac=0.250 (1522s)
[mlx] fixed step 3360 ce=0.4219 total=0.4800 grad=0.9035876989364624 conf_frac=0.000 (1527s)
[mlx] fixed step 3370 ce=0.5118 total=0.5370 grad=1.7337417602539062 conf_frac=0.250 (1533s)
[mlx] fixed step 3380 ce=0.9340 total=1.0400 grad=3.121898889541626 conf_frac=1.000 (1539s)
[mlx] fixed step 3390 ce=0.5960 total=0.6410 grad=2.0547425746917725 conf_frac=0.250 (1544s)
[mlx] fixed step 3400 ce=0.9482 total=0.9636 grad=2.016007423400879 conf_frac=0.250 (1558s)
[mlx] fixed step 3410 ce=1.4491 total=1.5097 grad=1.6969479322433472 conf_frac=0.250 (1562s)
[mlx] fixed step 3420 ce=0.8544 total=0.9038 grad=7.6586713790893555 conf_frac=0.750 (1566s)
[mlx] fixed step 3430 ce=0.8528 total=0.8818 grad=4.134034633636475 conf_frac=0.500 (1575s)
[mlx] fixed step 3440 ce=0.3601 total=0.4279 grad=3.5928518772125244 conf_frac=0.750 (1582s)
[mlx] fixed step 3450 ce=0.8691 total=0.8886 grad=4.172430992126465 conf_frac=0.250 (1587s)
[mlx] fixed step 3460 ce=0.4039 total=0.4378 grad=1.7668107748031616 conf_frac=0.250 (1592s)
[mlx] fixed step 3470 ce=0.7055 total=0.7407 grad=2.6162173748016357 conf_frac=0.500 (1599s)
[mlx] fixed step 3480 ce=1.3036 total=1.3811 grad=4.987746238708496 conf_frac=0.250 (1604s)
[mlx] fixed step 3490 ce=1.1653 total=1.2093 grad=7.87827205657959 conf_frac=0.750 (1609s)
[mlx] fixed step 3500 ce=0.3715 total=0.4272 grad=2.8619964122772217 conf_frac=0.500 (1614s)
[mlx] fixed step 3510 ce=0.7421 total=0.7723 grad=3.9896299839019775 conf_frac=0.500 (1618s)
[mlx] fixed step 3520 ce=1.2147 total=1.2344 grad=4.08768367767334 conf_frac=0.500 (1623s)
[mlx] fixed step 3530 ce=0.9258 total=0.9447 grad=3.5993893146514893 conf_frac=0.500 (1629s)
[mlx] fixed step 3540 ce=0.8777 total=0.9097 grad=1.7870843410491943 conf_frac=0.250 (1633s)
[mlx] fixed step 3550 ce=0.4090 total=0.4524 grad=2.1149399280548096 conf_frac=0.250 (1637s)
[mlx] fixed step 3560 ce=0.3299 total=0.4054 grad=3.293684244155884 conf_frac=0.750 (1642s)
[mlx] fixed step 3570 ce=0.9758 total=1.0828 grad=0.5270195007324219 conf_frac=0.000 (1646s)
[mlx] fixed step 3580 ce=0.6949 total=0.7266 grad=3.276803731918335 conf_frac=0.500 (1651s)
[mlx] fixed step 3590 ce=0.3515 total=0.3786 grad=3.5828018188476562 conf_frac=0.500 (1655s)
[mlx] fixed step 3600 ce=1.0224 total=1.0583 grad=2.425441265106201 conf_frac=0.250 (1660s)
[mlx] fixed step 3610 ce=1.1572 total=1.2063 grad=7.555941581726074 conf_frac=0.750 (1664s)
[mlx] fixed step 3620 ce=1.3686 total=1.4216 grad=6.091507434844971 conf_frac=0.750 (1669s)
[mlx] fixed step 3630 ce=0.9186 total=0.9548 grad=1.7942851781845093 conf_frac=0.500 (1673s)
[mlx] fixed step 3640 ce=1.1542 total=1.1986 grad=7.457279205322266 conf_frac=0.750 (1678s)
[mlx] fixed step 3650 ce=0.6240 total=0.6579 grad=5.362111568450928 conf_frac=0.500 (1683s)
[mlx] fixed step 3660 ce=0.8196 total=0.8458 grad=1.3801825046539307 conf_frac=0.250 (1687s)
[mlx] fixed step 3670 ce=1.3118 total=1.3378 grad=3.3477323055267334 conf_frac=0.500 (1692s)
[mlx] fixed step 3680 ce=1.4429 total=1.4905 grad=2.8625380992889404 conf_frac=0.250 (1697s)
[mlx] fixed step 3690 ce=0.7472 total=0.7924 grad=6.634509086608887 conf_frac=0.750 (1702s)
[mlx] fixed step 3700 ce=0.8738 total=0.9207 grad=1.92274010181427 conf_frac=0.750 (1707s)
[mlx] fixed step 3710 ce=0.6119 total=0.6539 grad=4.076444149017334 conf_frac=0.750 (1711s)
[mlx] fixed step 3720 ce=0.8014 total=0.8583 grad=3.8209774494171143 conf_frac=0.250 (1716s)
[mlx] fixed step 3730 ce=0.7230 total=0.8314 grad=8.840839385986328 conf_frac=1.000 (1720s)
[mlx] fixed step 3740 ce=0.9867 total=1.0419 grad=5.791664123535156 conf_frac=0.750 (1724s)
[mlx] fixed step 3750 ce=0.8178 total=0.8617 grad=6.303926944732666 conf_frac=0.750 (1729s)
[mlx] fixed step 3760 ce=1.3574 total=1.4734 grad=0.3025384545326233 conf_frac=0.000 (1733s)
[mlx] fixed step 3770 ce=0.8913 total=0.9212 grad=4.043369770050049 conf_frac=0.250 (1738s)
[mlx] fixed step 3780 ce=1.3190 total=1.3617 grad=4.2398881912231445 conf_frac=0.500 (1742s)
[mlx] fixed step 3790 ce=0.6068 total=0.6303 grad=3.9712772369384766 conf_frac=0.500 (1747s)
[mlx] fixed step 3800 ce=0.8696 total=0.9140 grad=1.476054072380066 conf_frac=0.750 (1752s)
[mlx] fixed step 3810 ce=0.7048 total=0.7356 grad=5.42725133895874 conf_frac=0.500 (1757s)
[mlx] fixed step 3820 ce=0.8383 total=0.8762 grad=2.752519130706787 conf_frac=0.250 (1761s)
[mlx] fixed step 3830 ce=0.7403 total=0.7567 grad=2.771235942840576 conf_frac=0.250 (1766s)
[mlx] fixed step 3840 ce=0.5206 total=0.5639 grad=3.8173067569732666 conf_frac=0.250 (1770s)
[mlx] fixed step 3850 ce=1.0917 total=1.1216 grad=1.5376152992248535 conf_frac=0.250 (1775s)
[mlx] fixed step 3860 ce=1.0885 total=1.1142 grad=4.680488586425781 conf_frac=0.500 (1780s)
[mlx] fixed step 3870 ce=0.6279 total=0.6806 grad=3.692197799682617 conf_frac=0.250 (1785s)
[mlx] fixed step 3880 ce=1.0281 total=1.0425 grad=3.3040757179260254 conf_frac=0.250 (1789s)
[mlx] fixed step 3890 ce=1.0790 total=1.1066 grad=4.546059608459473 conf_frac=0.500 (1794s)
[mlx] fixed step 3900 ce=0.3339 total=0.3811 grad=6.681074142456055 conf_frac=0.750 (1799s)
[mlx] fixed step 3910 ce=0.5986 total=0.6613 grad=7.747376441955566 conf_frac=1.000 (1804s)
[mlx] fixed step 3920 ce=0.8832 total=0.9155 grad=5.351065158843994 conf_frac=0.500 (1808s)
[mlx] fixed step 3930 ce=1.0549 total=1.0790 grad=4.254998683929443 conf_frac=0.500 (1813s)
[mlx] fixed step 3940 ce=1.0031 total=1.0252 grad=2.395836114883423 conf_frac=0.500 (1817s)
[mlx] fixed step 3950 ce=1.8366 total=1.8764 grad=2.267066240310669 conf_frac=0.500 (1821s)
[mlx] fixed step 3960 ce=1.0897 total=1.1476 grad=2.4849495887756348 conf_frac=0.750 (1825s)
[mlx] fixed step 3970 ce=0.6470 total=0.6744 grad=5.305432319641113 conf_frac=0.500 (1829s)
[mlx] fixed step 3980 ce=1.3859 total=1.4806 grad=0.6079715490341187 conf_frac=0.000 (1834s)
[mlx] fixed step 3990 ce=1.1805 total=1.2143 grad=2.2436859607696533 conf_frac=0.250 (1838s)
[mlx] fixed step 4000 ce=0.8997 total=0.9260 grad=4.25697660446167 conf_frac=0.500 (1843s)
[mlx] fixed step 4010 ce=0.9018 total=0.9501 grad=2.5279667377471924 conf_frac=0.250 (1847s)
[mlx] fixed step 4020 ce=0.7444 total=0.7625 grad=4.796478748321533 conf_frac=0.500 (1851s)
[mlx] fixed step 4030 ce=0.8170 total=0.9149 grad=0.03688938543200493 conf_frac=0.000 (1856s)
[mlx] fixed step 4040 ce=0.9416 total=0.9651 grad=3.1736464500427246 conf_frac=0.500 (1861s)
[mlx] fixed step 4050 ce=0.4497 total=0.4722 grad=4.075305461883545 conf_frac=0.500 (1865s)
[mlx] fixed step 4060 ce=0.8174 total=0.8340 grad=2.269228935241699 conf_frac=0.250 (1870s)
[mlx] fixed step 4070 ce=0.3022 total=0.3838 grad=10.974847793579102 conf_frac=1.000 (1874s)
[mlx] fixed step 4080 ce=0.3502 total=0.4446 grad=3.0102975368499756 conf_frac=1.000 (1879s)
[mlx] fixed step 4090 ce=0.5902 total=0.6150 grad=4.042128562927246 conf_frac=0.500 (1884s)
[mlx] fixed step 4100 ce=0.7588 total=0.7830 grad=3.8545780181884766 conf_frac=0.500 (1889s)
[mlx] fixed step 4110 ce=0.6036 total=0.6369 grad=4.423301696777344 conf_frac=0.500 (1894s)
[mlx] fixed step 4120 ce=0.2889 total=0.3378 grad=3.030858278274536 conf_frac=0.250 (1900s)
[mlx] fixed step 4130 ce=0.2848 total=0.3091 grad=4.302639961242676 conf_frac=0.500 (1908s)
[mlx] fixed step 4140 ce=0.5452 total=0.5789 grad=2.192594528198242 conf_frac=0.500 (1916s)
[mlx] fixed step 4150 ce=0.5650 total=0.5902 grad=1.4952313899993896 conf_frac=0.250 (1924s)
[mlx] fixed step 4160 ce=0.6890 total=0.7076 grad=2.5273914337158203 conf_frac=0.250 (1928s)
[mlx] fixed step 4170 ce=0.2627 total=0.2863 grad=3.4262304306030273 conf_frac=0.500 (1937s)
[mlx] fixed step 4180 ce=0.3328 total=0.3537 grad=2.985867738723755 conf_frac=0.500 (1941s)
[mlx] fixed step 4190 ce=0.5350 total=0.5583 grad=2.9653680324554443 conf_frac=0.500 (1946s)
[mlx] fixed step 4200 ce=0.5659 total=0.6938 grad=6.365022659301758 conf_frac=1.000 (1950s)
[mlx] fixed step 4210 ce=0.3812 total=0.4101 grad=3.0379855632781982 conf_frac=0.500 (1954s)
[mlx] fixed step 4220 ce=0.6954 total=0.7317 grad=4.46981954574585 conf_frac=0.250 (1958s)
[mlx] fixed step 4230 ce=0.3489 total=0.3657 grad=2.1461212635040283 conf_frac=0.500 (1963s)
[mlx] fixed step 4240 ce=0.7435 total=0.7817 grad=3.8646793365478516 conf_frac=0.250 (1967s)
[mlx] fixed step 4250 ce=0.4656 total=0.5268 grad=4.617720603942871 conf_frac=0.750 (1971s)
[mlx] fixed step 4260 ce=0.4406 total=0.4772 grad=5.518318176269531 conf_frac=0.500 (1976s)
[mlx] fixed step 4270 ce=0.6504 total=0.6775 grad=1.9034528732299805 conf_frac=0.500 (1981s)
[mlx] fixed step 4280 ce=0.3069 total=0.3182 grad=1.9361051321029663 conf_frac=0.250 (1985s)
[mlx] fixed step 4290 ce=0.2646 total=0.2926 grad=4.975961685180664 conf_frac=0.500 (1991s)
[mlx] fixed step 4300 ce=0.8547 total=0.8884 grad=4.54525899887085 conf_frac=0.500 (1995s)
[mlx] fixed step 4310 ce=0.7736 total=0.7923 grad=0.9227181077003479 conf_frac=0.250 (1999s)
[mlx] fixed step 4320 ce=0.2371 total=0.3244 grad=4.043449878692627 conf_frac=1.000 (2004s)
[mlx] fixed step 4330 ce=0.1714 total=0.2557 grad=2.4079906940460205 conf_frac=0.000 (2008s)
[mlx] fixed step 4340 ce=0.4821 total=0.5289 grad=4.087573528289795 conf_frac=0.750 (2012s)
[mlx] fixed step 4350 ce=0.2925 total=0.3530 grad=4.185619354248047 conf_frac=0.750 (2017s)
[mlx] fixed step 4360 ce=0.3832 total=0.4207 grad=2.3302836418151855 conf_frac=0.500 (2021s)
[mlx] fixed step 4370 ce=0.4264 total=0.4659 grad=2.7271718978881836 conf_frac=0.500 (2025s)
[mlx] fixed step 4380 ce=0.3938 total=0.4381 grad=6.051740646362305 conf_frac=0.750 (2029s)
[mlx] fixed step 4390 ce=0.5159 total=0.5688 grad=4.545359134674072 conf_frac=0.750 (2034s)
[mlx] fixed step 4400 ce=0.9600 total=0.9943 grad=1.1453622579574585 conf_frac=0.500 (2038s)
[mlx] fixed step 4410 ce=0.5944 total=0.6757 grad=3.741626501083374 conf_frac=0.250 (2043s)
[mlx] fixed step 4420 ce=0.6366 total=0.7130 grad=2.1990997791290283 conf_frac=0.750 (2048s)
[mlx] fixed step 4430 ce=0.3375 total=0.3714 grad=1.8053983449935913 conf_frac=0.250 (2052s)
[mlx] fixed step 4440 ce=0.5876 total=0.6157 grad=3.4394257068634033 conf_frac=0.250 (2057s)
[mlx] fixed step 4450 ce=0.7634 total=0.8162 grad=3.3710384368896484 conf_frac=0.250 (2066s)
[mlx] fixed step 4460 ce=1.0282 total=1.0616 grad=1.7714451551437378 conf_frac=0.500 (2073s)
[mlx] fixed step 4470 ce=0.4846 total=0.5308 grad=2.1607120037078857 conf_frac=0.250 (2077s)
[mlx] fixed step 4480 ce=0.2139 total=0.2602 grad=1.328136682510376 conf_frac=0.750 (2082s)
[mlx] fixed step 4490 ce=0.5266 total=0.5718 grad=7.477919578552246 conf_frac=0.750 (2086s)
[mlx] fixed step 4500 ce=0.7425 total=0.7673 grad=2.6751699447631836 conf_frac=0.250 (2091s)
[mlx] fixed step 4510 ce=0.3536 total=0.4509 grad=2.991525411605835 conf_frac=1.000 (2096s)
[mlx] fixed step 4520 ce=0.9915 total=1.0631 grad=4.323654651641846 conf_frac=0.250 (2101s)
[mlx] fixed step 4530 ce=0.9881 total=1.0109 grad=3.6893534660339355 conf_frac=0.500 (2105s)
[mlx] fixed step 4540 ce=0.2938 total=0.3106 grad=1.4577139616012573 conf_frac=0.250 (2110s)
[mlx] fixed step 4550 ce=0.4075 total=0.4372 grad=1.5530458688735962 conf_frac=0.250 (2114s)
[mlx] fixed step 4560 ce=0.3506 total=0.4334 grad=1.5210705995559692 conf_frac=0.000 (2119s)
[mlx] fixed step 4570 ce=0.5148 total=0.5525 grad=4.8562331199646 conf_frac=0.500 (2123s)
[mlx] fixed step 4580 ce=0.5553 total=0.6053 grad=3.3122763633728027 conf_frac=0.750 (2128s)
[mlx] fixed step 4590 ce=0.5741 total=0.5999 grad=6.415225028991699 conf_frac=0.500 (2132s)
[mlx] fixed step 4600 ce=0.4277 total=0.4784 grad=6.070583343505859 conf_frac=0.750 (2136s)
[mlx] fixed step 4610 ce=0.6562 total=0.7372 grad=1.8627790212631226 conf_frac=0.750 (2141s)
[mlx] fixed step 4620 ce=0.4377 total=0.5404 grad=2.994163990020752 conf_frac=0.750 (2146s)
[mlx] fixed step 4630 ce=1.0090 total=1.0462 grad=2.872982978820801 conf_frac=0.250 (2150s)
[mlx] fixed step 4640 ce=0.5579 total=0.6759 grad=0.7100846767425537 conf_frac=0.000 (2154s)
[mlx] fixed step 4650 ce=0.2908 total=0.3117 grad=3.050126075744629 conf_frac=0.500 (2159s)
[mlx] fixed step 4660 ce=1.1264 total=1.1579 grad=2.1134848594665527 conf_frac=0.500 (2163s)
[mlx] fixed step 4670 ce=0.7188 total=0.7606 grad=4.738978385925293 conf_frac=0.500 (2168s)
[mlx] fixed step 4680 ce=0.6866 total=0.7310 grad=2.4682538509368896 conf_frac=0.500 (2172s)
[mlx] fixed step 4690 ce=0.3570 total=0.4272 grad=4.2743754386901855 conf_frac=0.750 (2176s)
[mlx] fixed step 4700 ce=0.4603 total=0.4798 grad=3.9709689617156982 conf_frac=0.500 (2181s)
[mlx] fixed step 4710 ce=0.5745 total=0.5920 grad=2.038370370864868 conf_frac=0.250 (2185s)
[mlx] fixed step 4720 ce=0.2592 total=0.3246 grad=5.51235294342041 conf_frac=0.750 (2190s)
[mlx] fixed step 4730 ce=0.4061 total=0.4473 grad=1.926198124885559 conf_frac=0.500 (2194s)
[mlx] fixed step 4740 ce=0.5976 total=0.6168 grad=4.767372131347656 conf_frac=0.500 (2199s)
[mlx] fixed step 4750 ce=0.3760 total=0.4017 grad=3.026519536972046 conf_frac=0.250 (2203s)
[mlx] fixed step 4760 ce=0.3407 total=0.3683 grad=3.3578720092773438 conf_frac=0.500 (2208s)
[mlx] fixed step 4770 ce=0.7151 total=0.7482 grad=4.808252811431885 conf_frac=0.500 (2213s)
[mlx] fixed step 4780 ce=0.6284 total=0.6490 grad=3.6596744060516357 conf_frac=0.500 (2217s)
[mlx] fixed step 4790 ce=0.6975 total=0.7352 grad=5.080610275268555 conf_frac=0.500 (2222s)
[mlx] fixed step 4800 ce=0.2339 total=0.2825 grad=2.7013065814971924 conf_frac=0.250 (2227s)
[mlx] fixed step 4810 ce=0.4494 total=0.4940 grad=1.9774726629257202 conf_frac=0.750 (2232s)
[mlx] fixed step 4820 ce=0.5950 total=0.6453 grad=5.64644193649292 conf_frac=0.750 (2236s)
[mlx] fixed step 4830 ce=0.3510 total=0.3926 grad=6.388007164001465 conf_frac=0.750 (2241s)
[mlx] fixed step 4840 ce=0.5324 total=0.5686 grad=2.214243173599243 conf_frac=0.750 (2245s)
[mlx] fixed step 4850 ce=0.4476 total=0.4989 grad=1.9075145721435547 conf_frac=0.250 (2250s)
[mlx] fixed step 4860 ce=0.6252 total=0.6392 grad=1.7806206941604614 conf_frac=0.250 (2254s)
[mlx] fixed step 4870 ce=0.5336 total=0.5566 grad=4.385680198669434 conf_frac=0.500 (2259s)
[mlx] fixed step 4880 ce=0.5664 total=0.6108 grad=6.60387659072876 conf_frac=0.750 (2263s)
[mlx] fixed step 4890 ce=0.6407 total=0.6675 grad=1.6712685823440552 conf_frac=0.250 (2268s)
[mlx] fixed step 4900 ce=0.5812 total=0.6327 grad=10.46263599395752 conf_frac=0.500 (2273s)
[mlx] fixed step 4910 ce=0.4257 total=0.4690 grad=5.160868167877197 conf_frac=0.500 (2277s)
[mlx] fixed step 4920 ce=0.3691 total=0.3948 grad=2.7337887287139893 conf_frac=0.250 (2282s)
[mlx] fixed step 4930 ce=0.5073 total=0.5460 grad=5.1042656898498535 conf_frac=0.500 (2286s)
[mlx] fixed step 4940 ce=0.5435 total=0.5763 grad=1.2434632778167725 conf_frac=0.500 (2291s)
[mlx] fixed step 4950 ce=0.4880 total=0.5256 grad=5.498453140258789 conf_frac=0.500 (2297s)
[mlx] fixed step 4960 ce=0.5732 total=0.6361 grad=5.3584465980529785 conf_frac=0.750 (2301s)
[mlx] fixed step 4970 ce=0.8725 total=0.9220 grad=0.6975969076156616 conf_frac=0.750 (2306s)
[mlx] fixed step 4980 ce=0.2699 total=0.3149 grad=3.7249209880828857 conf_frac=0.750 (2310s)
[mlx] fixed step 4990 ce=0.4496 total=0.4806 grad=2.34570050239563 conf_frac=0.500 (2315s)
[mlx] fixed step 5000 ce=0.4188 total=0.4506 grad=5.721860408782959 conf_frac=0.500 (2319s)
[mlx] fixed step 5010 ce=0.4929 total=0.5370 grad=2.2702834606170654 conf_frac=0.250 (2324s)
[mlx] fixed step 5020 ce=0.9075 total=0.9167 grad=1.5425355434417725 conf_frac=0.250 (2329s)
[mlx] fixed step 5030 ce=0.4476 total=0.5823 grad=1.3152389526367188 conf_frac=1.000 (2333s)
[mlx] fixed step 5040 ce=0.4985 total=0.5148 grad=3.1666741371154785 conf_frac=0.250 (2338s)
[mlx] fixed step 5050 ce=0.6647 total=0.7113 grad=2.5282161235809326 conf_frac=0.250 (2342s)
[mlx] fixed step 5060 ce=1.3972 total=1.4349 grad=2.8926126956939697 conf_frac=0.250 (2346s)
[mlx] fixed step 5070 ce=0.7971 total=0.8249 grad=3.231940507888794 conf_frac=0.500 (2351s)
[mlx] fixed step 5080 ce=0.4337 total=0.5525 grad=7.654543399810791 conf_frac=1.000 (2355s)
[mlx] fixed step 5090 ce=0.9371 total=0.9638 grad=3.43526291847229 conf_frac=0.500 (2359s)
[mlx] fixed step 5100 ce=0.9855 total=1.0212 grad=5.975533962249756 conf_frac=0.500 (2364s)
[mlx] fixed step 5110 ce=0.4695 total=0.5042 grad=1.7924509048461914 conf_frac=0.500 (2368s)
[mlx] fixed step 5120 ce=1.3745 total=1.4327 grad=4.309206008911133 conf_frac=0.750 (2373s)
[mlx] fixed step 5130 ce=0.7104 total=0.7874 grad=1.1647788286209106 conf_frac=0.750 (2378s)
[mlx] fixed step 5140 ce=0.6282 total=0.6834 grad=5.130921840667725 conf_frac=0.750 (2383s)
[mlx] fixed step 5150 ce=1.2744 total=1.3163 grad=2.5561938285827637 conf_frac=0.250 (2388s)
[mlx] fixed step 5160 ce=0.8090 total=0.8366 grad=4.567646026611328 conf_frac=0.500 (2392s)
[mlx] fixed step 5170 ce=0.7546 total=0.7836 grad=1.2483596801757812 conf_frac=0.250 (2397s)
[mlx] fixed step 5180 ce=0.6622 total=0.7917 grad=6.477027416229248 conf_frac=1.000 (2402s)
[mlx] fixed step 5190 ce=0.5169 total=0.5369 grad=4.373810291290283 conf_frac=0.500 (2406s)
[mlx] fixed step 5200 ce=0.4817 total=0.5216 grad=7.2748613357543945 conf_frac=0.750 (2412s)
[mlx] fixed step 5210 ce=0.5119 total=0.5657 grad=5.176049709320068 conf_frac=0.750 (2418s)
[mlx] fixed step 5220 ce=0.7728 total=0.8030 grad=2.801351547241211 conf_frac=0.500 (2423s)
[mlx] fixed step 5230 ce=0.4157 total=0.4499 grad=2.6165878772735596 conf_frac=0.500 (2429s)
[mlx] fixed step 5240 ce=0.5666 total=0.6280 grad=5.659625053405762 conf_frac=0.750 (2434s)
[mlx] fixed step 5250 ce=0.8035 total=0.8599 grad=3.0169074535369873 conf_frac=0.250 (2439s)
[mlx] fixed step 5260 ce=0.5236 total=0.5493 grad=3.8039581775665283 conf_frac=0.500 (2443s)
[mlx] fixed step 5270 ce=0.0905 total=0.1057 grad=2.3594369888305664 conf_frac=0.250 (2448s)
[mlx] fixed step 5280 ce=0.6019 total=0.6299 grad=4.825200080871582 conf_frac=0.500 (2452s)
[mlx] fixed step 5290 ce=0.7259 total=0.8258 grad=1.1483941078186035 conf_frac=0.000 (2457s)
[mlx] fixed step 5300 ce=0.7937 total=0.8342 grad=2.069390058517456 conf_frac=0.500 (2461s)
[mlx] fixed step 5310 ce=0.3134 total=0.3692 grad=6.750870227813721 conf_frac=0.750 (2465s)
[mlx] fixed step 5320 ce=1.1397 total=1.2175 grad=0.5944044589996338 conf_frac=0.000 (2470s)
[mlx] fixed step 5330 ce=0.6195 total=0.6348 grad=2.3129360675811768 conf_frac=0.250 (2474s)
[mlx] fixed step 5340 ce=0.5363 total=0.5651 grad=2.905273675918579 conf_frac=0.500 (2478s)
[mlx] fixed step 5350 ce=0.7776 total=0.8273 grad=6.056741714477539 conf_frac=0.750 (2482s)
[mlx] fixed step 5360 ce=0.9597 total=0.9843 grad=3.4021174907684326 conf_frac=0.500 (2487s)
[mlx] fixed step 5370 ce=0.7274 total=0.7712 grad=5.6414875984191895 conf_frac=0.750 (2491s)
[mlx] fixed step 5380 ce=0.6520 total=0.7126 grad=4.898705959320068 conf_frac=0.750 (2496s)
[mlx] fixed step 5390 ce=0.6438 total=0.6936 grad=9.476753234863281 conf_frac=0.750 (2500s)
[mlx] fixed step 5400 ce=0.3565 total=0.3868 grad=1.6107585430145264 conf_frac=0.250 (2505s)
[mlx] fixed step 5410 ce=0.6076 total=0.6292 grad=3.206169843673706 conf_frac=0.500 (2509s)
[mlx] fixed step 5420 ce=0.5937 total=0.6219 grad=1.2160383462905884 conf_frac=0.500 (2514s)
[mlx] fixed step 5430 ce=0.3649 total=0.3823 grad=3.4087517261505127 conf_frac=0.500 (2518s)
[mlx] fixed step 5440 ce=0.7469 total=0.7664 grad=3.2082180976867676 conf_frac=0.500 (2523s)
[mlx] fixed step 5450 ce=1.1198 total=1.1435 grad=3.041332244873047 conf_frac=0.500 (2527s)
[mlx] fixed step 5460 ce=0.4275 total=0.4496 grad=3.164684772491455 conf_frac=0.500 (2532s)
[mlx] fixed step 5470 ce=0.4645 total=0.4947 grad=3.676982879638672 conf_frac=0.500 (2536s)
[mlx] fixed step 5480 ce=0.4886 total=0.5413 grad=6.088294982910156 conf_frac=0.750 (2540s)
[mlx] fixed step 5490 ce=0.5090 total=0.5274 grad=3.727546215057373 conf_frac=0.500 (2545s)
[mlx] fixed step 5500 ce=0.7132 total=0.7807 grad=2.1269173622131348 conf_frac=0.250 (2549s)
[mlx] fixed step 5510 ce=0.4199 total=0.4657 grad=5.148133754730225 conf_frac=0.750 (2553s)
[mlx] fixed step 5520 ce=0.4190 total=0.4443 grad=3.2266054153442383 conf_frac=0.500 (2558s)
[mlx] fixed step 5530 ce=1.4320 total=1.4930 grad=1.8574073314666748 conf_frac=0.250 (2562s)
[mlx] fixed step 5540 ce=1.0364 total=1.0880 grad=2.4736201763153076 conf_frac=0.250 (2566s)
[mlx] fixed step 5550 ce=0.5512 total=0.5903 grad=1.643515706062317 conf_frac=0.250 (2571s)
[mlx] fixed step 5560 ce=0.3031 total=0.3303 grad=3.4823415279388428 conf_frac=0.500 (2576s)
[mlx] fixed step 5570 ce=0.8945 total=1.0053 grad=0.7415327429771423 conf_frac=0.000 (2580s)
[mlx] fixed step 5580 ce=0.4336 total=0.4616 grad=5.555070877075195 conf_frac=0.500 (2585s)
[mlx] fixed step 5590 ce=0.2974 total=0.3452 grad=6.3361592292785645 conf_frac=0.750 (2589s)
[mlx] fixed step 5600 ce=0.4060 total=0.4752 grad=5.782005310058594 conf_frac=1.000 (2593s)
[mlx] fixed step 5610 ce=0.3474 total=0.3788 grad=2.9315896034240723 conf_frac=0.250 (2598s)
[mlx] fixed step 5620 ce=0.9140 total=0.9561 grad=2.4648525714874268 conf_frac=0.500 (2603s)
[mlx] fixed step 5630 ce=0.2515 total=0.3104 grad=1.5735328197479248 conf_frac=0.750 (2607s)
[mlx] fixed step 5640 ce=0.7800 total=0.8254 grad=7.507411956787109 conf_frac=0.750 (2611s)
[mlx] fixed step 5650 ce=0.3129 total=0.3341 grad=2.8291869163513184 conf_frac=0.250 (2616s)
[mlx] fixed step 5660 ce=0.9067 total=0.9526 grad=1.482417345046997 conf_frac=0.250 (2621s)
[mlx] fixed step 5670 ce=0.7275 total=0.7638 grad=2.224114418029785 conf_frac=0.500 (2625s)
[mlx] fixed step 5680 ce=0.4696 total=0.4973 grad=3.521927833557129 conf_frac=0.500 (2630s)
[mlx] fixed step 5690 ce=0.6309 total=0.6972 grad=3.7297911643981934 conf_frac=0.750 (2634s)
[mlx] fixed step 5700 ce=0.6239 total=0.6640 grad=2.7826054096221924 conf_frac=0.500 (2639s)
[mlx] fixed step 5710 ce=0.8590 total=0.8834 grad=5.6876349449157715 conf_frac=0.500 (2644s)
[mlx] fixed step 5720 ce=0.4744 total=0.5034 grad=3.3140318393707275 conf_frac=0.500 (2648s)
[mlx] fixed step 5730 ce=0.4710 total=0.5310 grad=1.8863224983215332 conf_frac=0.250 (2653s)
[mlx] fixed step 5740 ce=0.6882 total=0.7108 grad=2.7352092266082764 conf_frac=0.500 (2658s)
[mlx] fixed step 5750 ce=0.5662 total=0.6012 grad=4.426220893859863 conf_frac=0.500 (2662s)
[mlx] fixed step 5760 ce=0.4012 total=0.4348 grad=3.885582208633423 conf_frac=0.500 (2667s)
[mlx] fixed step 5770 ce=0.7293 total=0.7541 grad=1.7083345651626587 conf_frac=0.250 (2671s)
[mlx] fixed step 5780 ce=0.3968 total=0.4501 grad=4.973351955413818 conf_frac=0.750 (2674s)
[mlx] fixed step 5790 ce=0.7912 total=0.8212 grad=4.7114996910095215 conf_frac=0.500 (2679s)
[mlx] fixed step 5800 ce=0.5135 total=0.6481 grad=6.282930850982666 conf_frac=1.000 (2683s)
[mlx] fixed step 5810 ce=0.5267 total=0.5443 grad=2.708205461502075 conf_frac=0.250 (2687s)
[mlx] fixed step 5820 ce=0.7680 total=0.7957 grad=1.7506898641586304 conf_frac=0.250 (2692s)
[mlx] fixed step 5830 ce=0.4576 total=0.4811 grad=3.5565803050994873 conf_frac=0.500 (2697s)
[mlx] fixed step 5840 ce=0.4941 total=0.5280 grad=2.9992690086364746 conf_frac=0.500 (2701s)
[mlx] fixed step 5850 ce=0.4900 total=0.5392 grad=2.2269463539123535 conf_frac=0.250 (2706s)
[mlx] fixed step 5860 ce=0.4366 total=0.4485 grad=2.42612886428833 conf_frac=0.250 (2710s)
[mlx] fixed step 5870 ce=0.4882 total=0.5422 grad=4.180530548095703 conf_frac=0.750 (2714s)
[mlx] fixed step 5880 ce=0.7365 total=0.7910 grad=1.021846055984497 conf_frac=0.750 (2719s)
[mlx] fixed step 5890 ce=0.8051 total=0.8653 grad=3.1555728912353516 conf_frac=0.250 (2723s)
[mlx] fixed step 5900 ce=0.8587 total=0.8967 grad=2.0067174434661865 conf_frac=0.250 (2727s)
[mlx] fixed step 5910 ce=0.5527 total=0.6451 grad=0.7675594687461853 conf_frac=0.000 (2732s)
[mlx] fixed step 5920 ce=0.6227 total=0.6562 grad=1.1915712356567383 conf_frac=0.250 (2738s)
[mlx] fixed step 5930 ce=0.1806 total=0.2038 grad=5.005068302154541 conf_frac=0.500 (2743s)
[mlx] fixed step 5940 ce=0.4732 total=0.5253 grad=2.6271071434020996 conf_frac=1.000 (2747s)
[mlx] fixed step 5950 ce=0.7944 total=0.8205 grad=4.599720478057861 conf_frac=0.500 (2751s)
[mlx] fixed step 5960 ce=0.7630 total=0.7977 grad=2.790006160736084 conf_frac=0.500 (2756s)
[mlx] fixed step 5970 ce=0.7142 total=0.8332 grad=2.1712613105773926 conf_frac=1.000 (2760s)
[mlx] fixed step 5980 ce=0.7750 total=0.8049 grad=1.600894808769226 conf_frac=0.250 (2764s)
[mlx] fixed step 5990 ce=0.5333 total=0.5825 grad=4.996353626251221 conf_frac=0.750 (2768s)
[mlx] fixed step 6000 ce=0.5917 total=0.6153 grad=4.2352190017700195 conf_frac=0.500 (2775s)
[mlx] fixed post-train (n=8008) acc=0.9326 majority=0.4994 dist={'[CONFIDENT]': 0.5086163836163836, '[COND_CONFIDENT]': 0.05919080919080919, '[TEMPORAL_HEDGE]': 0.43219280719280717, '[UNKNOWN]': 0.0}
[mlx] fixed accuracy lift over majority-class baseline: +0.4332 (discriminating)
[mlx] fixed finished: 6006 steps in 2777.3s
[mlx] saved adapter -> data/prep/tcl_mlx_llama3/tsct_seed1/adapter_fixed

[mlx] wrote data/prep/tcl_mlx_llama3/tsct_seed1/loss_log.csv
[mlx] wrote data/prep/tcl_mlx_llama3/tsct_seed1/run_meta.json
=== train tsct seed 1 wall 3341s
[gen] 3622 examples | source=temporal-delta:test | arm=tsct | adapter=data/prep/tcl_mlx_llama3/tsct_seed1/adapter_fixed
[transformers] Ignoring clean_up_tokenization_spaces=True for BPE tokenizer TokenizersBackend. The clean_up_tokenization post-processing step is designed for WordPiece tokenizers and is destructive for BPE (it strips spaces before punctuation). Set clean_up_tokenization_spaces=False to suppress this warning, or set clean_up_tokenization_spaces_for_bpe_even_though_it_will_corrupt_output=True to force cleanup anyway.
[gen] 100/3622  EM=0.030 hedge_acc=1.000 fallback=0.000 (21s, 0.21s/ex)
[gen] 200/3622  EM=0.020 hedge_acc=0.995 fallback=0.005 (42s, 0.21s/ex)
[gen] 300/3622  EM=0.073 hedge_acc=0.997 fallback=0.003 (65s, 0.22s/ex)
[gen] 400/3622  EM=0.070 hedge_acc=0.995 fallback=0.003 (87s, 0.22s/ex)
[gen] 500/3622  EM=0.066 hedge_acc=0.996 fallback=0.002 (112s, 0.22s/ex)
[gen] 600/3622  EM=0.055 hedge_acc=0.997 fallback=0.002 (139s, 0.23s/ex)
[gen] 700/3622  EM=0.053 hedge_acc=0.994 fallback=0.004 (165s, 0.24s/ex)
[gen] 800/3622  EM=0.046 hedge_acc=0.995 fallback=0.004 (191s, 0.24s/ex)
[gen] 900/3622  EM=0.041 hedge_acc=0.996 fallback=0.003 (216s, 0.24s/ex)
[gen] 1000/3622  EM=0.037 hedge_acc=0.996 fallback=0.003 (242s, 0.24s/ex)
[gen] 1100/3622  EM=0.035 hedge_acc=0.996 fallback=0.003 (267s, 0.24s/ex)
[gen] 1200/3622  EM=0.032 hedge_acc=0.997 fallback=0.003 (292s, 0.24s/ex)
[gen] 1300/3622  EM=0.031 hedge_acc=0.997 fallback=0.002 (316s, 0.24s/ex)
[gen] 1400/3622  EM=0.029 hedge_acc=0.997 fallback=0.002 (345s, 0.25s/ex)
[gen] 1500/3622  EM=0.027 hedge_acc=0.997 fallback=0.002 (370s, 0.25s/ex)
[gen] 1600/3622  EM=0.025 hedge_acc=0.998 fallback=0.002 (395s, 0.25s/ex)
[gen] 1700/3622  EM=0.028 hedge_acc=0.997 fallback=0.002 (416s, 0.24s/ex)
[gen] 1800/3622  EM=0.028 hedge_acc=0.997 fallback=0.002 (438s, 0.24s/ex)
[gen] 1900/3622  EM=0.028 hedge_acc=0.997 fallback=0.002 (459s, 0.24s/ex)
[gen] 2000/3622  EM=0.029 hedge_acc=0.998 fallback=0.002 (482s, 0.24s/ex)
[gen] 2100/3622  EM=0.028 hedge_acc=0.998 fallback=0.001 (504s, 0.24s/ex)
[gen] 2200/3622  EM=0.027 hedge_acc=0.997 fallback=0.001 (526s, 0.24s/ex)
[gen] 2300/3622  EM=0.026 hedge_acc=0.997 fallback=0.001 (547s, 0.24s/ex)
[gen] 2400/3622  EM=0.032 hedge_acc=0.998 fallback=0.001 (568s, 0.24s/ex)
[gen] 2500/3622  EM=0.033 hedge_acc=0.998 fallback=0.001 (589s, 0.24s/ex)
[gen] 2600/3622  EM=0.033 hedge_acc=0.997 fallback=0.001 (613s, 0.24s/ex)
[gen] 2700/3622  EM=0.033 hedge_acc=0.997 fallback=0.001 (634s, 0.23s/ex)
[gen] 2800/3622  EM=0.032 hedge_acc=0.998 fallback=0.001 (655s, 0.23s/ex)
[gen] 2900/3622  EM=0.032 hedge_acc=0.998 fallback=0.001 (677s, 0.23s/ex)
[gen] 3000/3622  EM=0.031 hedge_acc=0.998 fallback=0.001 (700s, 0.23s/ex)
[gen] 3100/3622  EM=0.030 hedge_acc=0.998 fallback=0.001 (722s, 0.23s/ex)
[gen] 3200/3622  EM=0.029 hedge_acc=0.998 fallback=0.001 (747s, 0.23s/ex)
[gen] 3300/3622  EM=0.030 hedge_acc=0.998 fallback=0.001 (768s, 0.23s/ex)
[gen] 3400/3622  EM=0.031 hedge_acc=0.998 fallback=0.001 (785s, 0.23s/ex)
[gen] 3500/3622  EM=0.032 hedge_acc=0.998 fallback=0.001 (805s, 0.23s/ex)
[gen] 3600/3622  EM=0.031 hedge_acc=0.998 fallback=0.001 (825s, 0.23s/ex)

[gen] wrote data/prep/predictions_llama3/tsct_seed1_test.jsonl
[gen] n=3622  EM=0.0306  hedge_acc=0.9981  fallback_rate=0.0008  wall=829s
=== eval tsct seed 1 test wall 834s
[gen] 413 examples | source=freshqa | arm=tsct | adapter=data/prep/tcl_mlx_llama3/tsct_seed1/adapter_fixed
[transformers] Ignoring clean_up_tokenization_spaces=True for BPE tokenizer TokenizersBackend. The clean_up_tokenization post-processing step is designed for WordPiece tokenizers and is destructive for BPE (it strips spaces before punctuation). Set clean_up_tokenization_spaces=False to suppress this warning, or set clean_up_tokenization_spaces_for_bpe_even_though_it_will_corrupt_output=True to force cleanup anyway.
[gen] 100/413  EM=0.080 hedge_acc=0.050 fallback=0.050 (21s, 0.21s/ex)
[gen] 200/413  EM=0.165 hedge_acc=0.425 fallback=0.030 (40s, 0.20s/ex)
[gen] 300/413  EM=0.117 hedge_acc=0.393 fallback=0.020 (58s, 0.19s/ex)
[gen] 400/413  EM=0.110 hedge_acc=0.365 fallback=0.025 (79s, 0.20s/ex)

[gen] wrote data/prep/predictions_llama3/tsct_seed1_freshqa.jsonl
[gen] n=413  EM=0.1065  hedge_acc=0.3535  fallback_rate=0.0266  wall=82s
=== eval tsct seed 1 freshqa wall 86s
=== tsct seed 1 done 2026-09-29T08:13:50Z
=== guard 2026-09-29T08:13:50Z pressure_level=1 swap=total = 13312.00M  used = 12156.19M  free = 1155.81M  (encrypted) | System-wide memory free percentage: 88%
=== sft_only seed 1 start 2026-09-29T08:13:50Z | System-wide memory free percentage: 88% | total = 13312.00M  used = 12156.19M  free = 1155.81M  (encrypted)
[mlx] loaded 8008 raw examples

[mlx] === condition: fixed ===
[transformers] Ignoring clean_up_tokenization_spaces=True for BPE tokenizer TokenizersBackend. The clean_up_tokenization post-processing step is designed for WordPiece tokenizers and is destructive for BPE (it strips spaces before punctuation). Set clean_up_tokenization_spaces=False to suppress this warning, or set clean_up_tokenization_spaces_for_bpe_even_though_it_will_corrupt_output=True to force cleanup anyway.
[mlx] hedge ids (no resize, mode=reserved): [128002, 128003, 128004, 128005]
[mlx] adapted output projection: lm_head (untied)
Trainable parameters: 0.144% (11.545M/8030.261M)
[mlx] 8008 examples after tokenisation (max_len=128)
[mlx] hedge-head check: logit spread=0.000000 contrast_grad_norm=816.571716
[mlx] fixed pre-train (n=8008) acc=0.4412 majority=0.4994 dist={'[CONFIDENT]': 1.0, '[COND_CONFIDENT]': 0.0, '[TEMPORAL_HEDGE]': 0.0, '[UNKNOWN]': 0.0}
[mlx] fixed step 0 ce=6.5309 total=6.5309 grad=0.5177306532859802 conf_frac=1.000 (1s)
[mlx] fixed step 10 ce=1.9123 total=1.9123 grad=22.980575561523438 conf_frac=1.000 (5s)
[mlx] fixed step 20 ce=1.9227 total=1.9227 grad=14.845060348510742 conf_frac=0.000 (9s)
[mlx] fixed step 30 ce=2.5405 total=2.5405 grad=4.487647533416748 conf_frac=0.000 (13s)
[mlx] fixed step 40 ce=1.8002 total=1.8002 grad=11.180484771728516 conf_frac=0.000 (17s)
[mlx] fixed step 50 ce=2.2024 total=2.2024 grad=13.185186386108398 conf_frac=1.000 (22s)
[mlx] fixed step 60 ce=1.1753 total=1.1753 grad=21.891691207885742 conf_frac=0.000 (26s)
[mlx] fixed step 70 ce=2.4562 total=2.4562 grad=14.597153663635254 conf_frac=1.000 (31s)
[mlx] fixed step 80 ce=2.5029 total=2.5029 grad=20.691835403442383 conf_frac=0.000 (35s)
[mlx] fixed step 90 ce=1.9322 total=1.9322 grad=13.675795555114746 conf_frac=0.000 (40s)
[mlx] fixed step 100 ce=1.6721 total=1.6721 grad=2.434110164642334 conf_frac=0.000 (44s)
[mlx] fixed step 110 ce=2.2405 total=2.2405 grad=16.23982048034668 conf_frac=1.000 (49s)
[mlx] fixed step 120 ce=2.4470 total=2.4470 grad=2.9067821502685547 conf_frac=0.000 (53s)
[mlx] fixed step 130 ce=2.2853 total=2.2853 grad=15.844802856445312 conf_frac=0.000 (58s)
[mlx] fixed step 140 ce=2.6141 total=2.6141 grad=7.211457252502441 conf_frac=0.000 (62s)
[mlx] fixed step 150 ce=1.8499 total=1.8499 grad=3.8030591011047363 conf_frac=1.000 (66s)
[mlx] fixed step 160 ce=2.0466 total=2.0466 grad=6.2159037590026855 conf_frac=0.000 (70s)
[mlx] fixed step 170 ce=2.3666 total=2.3666 grad=8.752143859863281 conf_frac=0.000 (75s)
[mlx] fixed step 180 ce=2.2556 total=2.2556 grad=4.064055919647217 conf_frac=0.000 (79s)
[mlx] fixed step 190 ce=2.1990 total=2.1990 grad=4.63582181930542 conf_frac=0.000 (83s)
[mlx] fixed step 200 ce=2.1471 total=2.1471 grad=15.092033386230469 conf_frac=0.000 (88s)
[mlx] fixed step 210 ce=1.9367 total=1.9367 grad=6.348761081695557 conf_frac=0.000 (92s)
[mlx] fixed step 220 ce=1.3470 total=1.3470 grad=7.4778313636779785 conf_frac=0.000 (97s)
[mlx] fixed step 230 ce=1.7449 total=1.7449 grad=8.444723129272461 conf_frac=1.000 (101s)
[mlx] fixed step 240 ce=2.1059 total=2.1059 grad=13.208945274353027 conf_frac=1.000 (105s)
[mlx] fixed step 250 ce=1.9895 total=1.9895 grad=5.35703706741333 conf_frac=0.000 (110s)
[mlx] fixed step 260 ce=2.4191 total=2.4191 grad=3.209010362625122 conf_frac=0.000 (115s)
[mlx] fixed step 270 ce=1.7066 total=1.7066 grad=10.426509857177734 conf_frac=0.000 (119s)
[mlx] fixed step 280 ce=2.2160 total=2.2160 grad=17.433063507080078 conf_frac=0.000 (123s)
[mlx] fixed step 290 ce=1.6970 total=1.6970 grad=2.116377830505371 conf_frac=0.000 (127s)
[mlx] fixed step 300 ce=1.8404 total=1.8404 grad=2.2897589206695557 conf_frac=0.000 (131s)
[mlx] fixed step 310 ce=2.1487 total=2.1487 grad=12.55092716217041 conf_frac=0.000 (136s)
[mlx] fixed step 320 ce=2.0458 total=2.0458 grad=18.39731216430664 conf_frac=1.000 (140s)
[mlx] fixed step 330 ce=2.6590 total=2.6590 grad=12.12562084197998 conf_frac=0.000 (145s)
[mlx] fixed step 340 ce=1.6476 total=1.6476 grad=1.7556606531143188 conf_frac=0.750 (150s)
[mlx] fixed step 350 ce=1.6486 total=1.6486 grad=20.716909408569336 conf_frac=1.000 (154s)
[mlx] fixed step 360 ce=1.9520 total=1.9520 grad=4.665541648864746 conf_frac=1.000 (159s)
[mlx] fixed step 370 ce=2.4429 total=2.4429 grad=14.091493606567383 conf_frac=0.000 (163s)
[mlx] fixed step 380 ce=2.1452 total=2.1452 grad=12.790962219238281 conf_frac=0.000 (167s)
[mlx] fixed step 390 ce=1.2935 total=1.2935 grad=5.290658950805664 conf_frac=0.000 (172s)
[mlx] fixed step 400 ce=2.5768 total=2.5768 grad=14.759544372558594 conf_frac=0.000 (176s)
[mlx] fixed step 410 ce=1.8768 total=1.8768 grad=14.444344520568848 conf_frac=1.000 (181s)
[mlx] fixed step 420 ce=1.4450 total=1.4450 grad=6.743063926696777 conf_frac=1.000 (185s)
[mlx] fixed step 430 ce=1.5036 total=1.5036 grad=3.5356931686401367 conf_frac=0.000 (189s)
[mlx] fixed step 440 ce=1.6988 total=1.6988 grad=3.1826908588409424 conf_frac=0.000 (194s)
[mlx] fixed step 450 ce=2.2593 total=2.2593 grad=10.930943489074707 conf_frac=0.000 (199s)
[mlx] fixed step 460 ce=1.3975 total=1.3975 grad=7.664039134979248 conf_frac=0.500 (204s)
[mlx] fixed step 470 ce=1.7647 total=1.7647 grad=16.483049392700195 conf_frac=0.000 (208s)
[mlx] fixed step 480 ce=1.8781 total=1.8781 grad=4.318648338317871 conf_frac=0.000 (212s)
[mlx] fixed step 490 ce=1.5809 total=1.5809 grad=20.83597755432129 conf_frac=0.000 (217s)
[mlx] fixed step 500 ce=1.6998 total=1.6998 grad=11.171525001525879 conf_frac=0.500 (221s)
[mlx] fixed step 510 ce=2.0953 total=2.0953 grad=9.048773765563965 conf_frac=0.500 (226s)
[mlx] fixed step 520 ce=2.0730 total=2.0730 grad=1.3009352684020996 conf_frac=0.500 (230s)
[mlx] fixed step 530 ce=1.4568 total=1.4568 grad=2.8342928886413574 conf_frac=0.250 (235s)
[mlx] fixed step 540 ce=2.8140 total=2.8140 grad=3.3047237396240234 conf_frac=0.750 (239s)
[mlx] fixed step 550 ce=1.7611 total=1.7611 grad=3.477766513824463 conf_frac=0.500 (244s)
[mlx] fixed step 560 ce=2.0624 total=2.0624 grad=3.8942246437072754 conf_frac=0.250 (248s)
[mlx] fixed step 570 ce=1.4451 total=1.4451 grad=14.048377990722656 conf_frac=0.250 (253s)
[mlx] fixed step 580 ce=2.0744 total=2.0744 grad=9.483122825622559 conf_frac=0.500 (257s)
[mlx] fixed step 590 ce=1.7884 total=1.7884 grad=6.973818778991699 conf_frac=0.500 (261s)
[mlx] fixed step 600 ce=1.3944 total=1.3944 grad=9.816651344299316 conf_frac=1.000 (266s)
[mlx] fixed step 610 ce=2.3967 total=2.3967 grad=4.816583156585693 conf_frac=0.750 (270s)
[mlx] fixed step 620 ce=0.9357 total=0.9357 grad=7.408076286315918 conf_frac=0.250 (275s)
[mlx] fixed step 630 ce=1.6584 total=1.6584 grad=20.506732940673828 conf_frac=1.000 (279s)
[mlx] fixed step 640 ce=1.2816 total=1.2816 grad=2.014125108718872 conf_frac=0.750 (285s)
[mlx] fixed step 650 ce=1.4585 total=1.4585 grad=7.451919078826904 conf_frac=0.500 (289s)
[mlx] fixed step 660 ce=2.0763 total=2.0763 grad=2.618227481842041 conf_frac=0.750 (293s)
[mlx] fixed step 670 ce=2.2114 total=2.2114 grad=5.6845221519470215 conf_frac=0.500 (298s)
[mlx] fixed step 680 ce=1.6087 total=1.6087 grad=7.587833404541016 conf_frac=0.500 (302s)
[mlx] fixed step 690 ce=1.6937 total=1.6937 grad=2.1382358074188232 conf_frac=0.750 (307s)
[mlx] fixed step 700 ce=2.0321 total=2.0321 grad=1.7974225282669067 conf_frac=0.250 (311s)
[mlx] fixed step 710 ce=1.7362 total=1.7362 grad=1.74349844455719 conf_frac=0.500 (315s)
[mlx] fixed step 720 ce=2.1430 total=2.1430 grad=4.914023399353027 conf_frac=0.500 (320s)
[mlx] fixed step 730 ce=2.0592 total=2.0592 grad=2.5515286922454834 conf_frac=1.000 (324s)
[mlx] fixed step 740 ce=0.9949 total=0.9949 grad=4.728392124176025 conf_frac=0.750 (328s)
[mlx] fixed step 750 ce=1.6130 total=1.6130 grad=3.825814962387085 conf_frac=0.500 (332s)
[mlx] fixed step 760 ce=1.7376 total=1.7376 grad=9.81651782989502 conf_frac=0.500 (337s)
[mlx] fixed step 770 ce=0.9473 total=0.9473 grad=3.1972405910491943 conf_frac=0.750 (341s)
[mlx] fixed step 780 ce=1.4624 total=1.4624 grad=3.678417444229126 conf_frac=0.750 (345s)
[mlx] fixed step 790 ce=0.9346 total=0.9346 grad=4.290640354156494 conf_frac=0.500 (350s)
[mlx] fixed step 800 ce=1.0733 total=1.0733 grad=11.663786888122559 conf_frac=0.750 (354s)
[mlx] fixed step 810 ce=1.5663 total=1.5663 grad=0.8107078075408936 conf_frac=0.250 (359s)
[mlx] fixed step 820 ce=2.2314 total=2.2314 grad=1.7505806684494019 conf_frac=0.250 (363s)
[mlx] fixed step 830 ce=2.1534 total=2.1534 grad=1.471451759338379 conf_frac=0.750 (368s)
[mlx] fixed step 840 ce=1.8862 total=1.8862 grad=5.1778645515441895 conf_frac=0.750 (372s)
[mlx] fixed step 850 ce=2.1304 total=2.1304 grad=5.040240287780762 conf_frac=0.500 (376s)
[mlx] fixed step 860 ce=2.1924 total=2.1924 grad=2.4429166316986084 conf_frac=0.750 (380s)
[mlx] fixed step 870 ce=1.7500 total=1.7500 grad=1.0818018913269043 conf_frac=0.750 (385s)
[mlx] fixed step 880 ce=2.0694 total=2.0694 grad=1.0741389989852905 conf_frac=0.500 (389s)
[mlx] fixed step 890 ce=2.4308 total=2.4308 grad=11.03783130645752 conf_frac=0.750 (394s)
[mlx] fixed step 900 ce=2.6586 total=2.6586 grad=0.8774002194404602 conf_frac=0.500 (398s)
[mlx] fixed step 910 ce=1.8724 total=1.8724 grad=2.269850254058838 conf_frac=0.500 (403s)
[mlx] fixed step 920 ce=1.2884 total=1.2884 grad=0.46677225828170776 conf_frac=0.500 (407s)
[mlx] fixed step 930 ce=1.4548 total=1.4548 grad=2.653311252593994 conf_frac=0.750 (412s)
[mlx] fixed step 940 ce=1.0500 total=1.0500 grad=0.7529963850975037 conf_frac=0.500 (416s)
[mlx] fixed step 950 ce=1.4123 total=1.4123 grad=0.6735138297080994 conf_frac=0.500 (420s)
[mlx] fixed step 960 ce=0.4408 total=0.4408 grad=1.7688329219818115 conf_frac=0.750 (425s)
[mlx] fixed step 970 ce=1.9283 total=1.9283 grad=1.5316598415374756 conf_frac=0.500 (429s)
[mlx] fixed step 980 ce=2.1058 total=2.1058 grad=0.3246156573295593 conf_frac=0.500 (434s)
[mlx] fixed step 990 ce=0.8850 total=0.8850 grad=13.581878662109375 conf_frac=1.000 (438s)
[mlx] fixed step 1000 ce=2.3338 total=2.3338 grad=17.3961124420166 conf_frac=0.000 (442s)
[mlx] fixed step 1010 ce=1.4867 total=1.4867 grad=3.587169885635376 conf_frac=0.750 (447s)
[mlx] fixed step 1020 ce=1.6990 total=1.6990 grad=5.636445045471191 conf_frac=0.750 (452s)
[mlx] fixed step 1030 ce=2.5937 total=2.5937 grad=0.028798433020710945 conf_frac=0.000 (456s)
[mlx] fixed step 1040 ce=2.5304 total=2.5304 grad=7.153696060180664 conf_frac=1.000 (461s)
[mlx] fixed step 1050 ce=1.8284 total=1.8284 grad=1.398089051246643 conf_frac=0.500 (465s)
[mlx] fixed step 1060 ce=0.9716 total=0.9716 grad=1.8107613325119019 conf_frac=0.750 (469s)
[mlx] fixed step 1070 ce=2.1794 total=2.1794 grad=8.512112617492676 conf_frac=0.750 (474s)
[mlx] fixed step 1080 ce=1.1767 total=1.1767 grad=9.177152633666992 conf_frac=1.000 (479s)
[mlx] fixed step 1090 ce=1.8646 total=1.8646 grad=3.3302500247955322 conf_frac=0.250 (483s)
[mlx] fixed step 1100 ce=3.2038 total=3.2038 grad=0.005046169273555279 conf_frac=0.000 (487s)
[mlx] fixed step 1110 ce=1.7940 total=1.7940 grad=0.3753948211669922 conf_frac=0.500 (492s)
[mlx] fixed step 1120 ce=2.6490 total=2.6490 grad=0.2961502969264984 conf_frac=0.500 (496s)
[mlx] fixed step 1130 ce=0.9350 total=0.9350 grad=2.5925912857055664 conf_frac=0.500 (500s)
[mlx] fixed step 1140 ce=1.9628 total=1.9628 grad=2.447051525115967 conf_frac=0.500 (505s)
[mlx] fixed step 1150 ce=1.9577 total=1.9577 grad=0.6052848696708679 conf_frac=0.500 (510s)
[mlx] fixed step 1160 ce=1.3912 total=1.3912 grad=0.3712327182292938 conf_frac=0.750 (515s)
[mlx] fixed step 1170 ce=2.1102 total=2.1102 grad=0.46983981132507324 conf_frac=0.750 (519s)
[mlx] fixed step 1180 ce=1.2289 total=1.2289 grad=2.3454177379608154 conf_frac=0.750 (524s)
[mlx] fixed step 1190 ce=1.2929 total=1.2929 grad=4.370471477508545 conf_frac=0.750 (528s)
[mlx] fixed step 1200 ce=0.9064 total=0.9064 grad=0.0006332032498903573 conf_frac=0.000 (533s)
[mlx] fixed step 1210 ce=1.4266 total=1.4266 grad=0.5112598538398743 conf_frac=0.500 (537s)
[mlx] fixed step 1220 ce=0.7570 total=0.7570 grad=0.5523821115493774 conf_frac=1.000 (542s)
[mlx] fixed step 1230 ce=1.9485 total=1.9485 grad=0.21101249754428864 conf_frac=0.500 (546s)
[mlx] fixed step 1240 ce=2.6088 total=2.6088 grad=0.17219854891300201 conf_frac=0.250 (550s)
[mlx] fixed step 1250 ce=2.7324 total=2.7324 grad=6.493727207183838 conf_frac=0.750 (555s)
[mlx] fixed step 1260 ce=1.7761 total=1.7761 grad=0.5072385668754578 conf_frac=0.250 (559s)
[mlx] fixed step 1270 ce=0.7224 total=0.7224 grad=9.615857124328613 conf_frac=0.500 (563s)
[mlx] fixed step 1280 ce=1.8768 total=1.8768 grad=1.0268919467926025 conf_frac=0.750 (568s)
[mlx] fixed step 1290 ce=1.8426 total=1.8426 grad=2.4416000843048096 conf_frac=0.000 (573s)
[mlx] fixed step 1300 ce=1.6878 total=1.6878 grad=0.9536455273628235 conf_frac=0.250 (577s)
[mlx] fixed step 1310 ce=1.2162 total=1.2162 grad=6.464211940765381 conf_frac=0.500 (581s)
[mlx] fixed step 1320 ce=1.7985 total=1.7985 grad=9.470499038696289 conf_frac=0.500 (585s)
[mlx] fixed step 1330 ce=1.2829 total=1.2829 grad=1.8628809452056885 conf_frac=0.500 (589s)
[mlx] fixed step 1340 ce=1.1492 total=1.1492 grad=0.06243240833282471 conf_frac=0.000 (594s)
[mlx] fixed step 1350 ce=1.6175 total=1.6175 grad=0.659484326839447 conf_frac=0.500 (598s)
[mlx] fixed step 1360 ce=1.9607 total=1.9607 grad=4.50076150894165 conf_frac=0.500 (603s)
[mlx] fixed step 1370 ce=1.5530 total=1.5530 grad=1.1144447326660156 conf_frac=0.500 (607s)
[mlx] fixed step 1380 ce=1.7376 total=1.7376 grad=10.543333053588867 conf_frac=1.000 (611s)
[mlx] fixed step 1390 ce=1.9489 total=1.9489 grad=4.274952411651611 conf_frac=0.750 (616s)
[mlx] fixed step 1400 ce=1.7843 total=1.7843 grad=9.581731796264648 conf_frac=0.750 (620s)
[mlx] fixed step 1410 ce=1.9062 total=1.9062 grad=0.007128350902348757 conf_frac=0.000 (624s)
[mlx] fixed step 1420 ce=1.7446 total=1.7446 grad=0.045229364186525345 conf_frac=0.250 (629s)
[mlx] fixed step 1430 ce=1.9212 total=1.9212 grad=0.3669497072696686 conf_frac=0.500 (634s)
[mlx] fixed step 1440 ce=1.9930 total=1.9930 grad=0.19191013276576996 conf_frac=0.750 (638s)
[mlx] fixed step 1450 ce=1.1419 total=1.1419 grad=3.2102861404418945 conf_frac=0.500 (643s)
[mlx] fixed step 1460 ce=2.2789 total=2.2789 grad=13.671751022338867 conf_frac=0.750 (647s)
[mlx] fixed step 1470 ce=1.8385 total=1.8385 grad=0.48320814967155457 conf_frac=0.750 (652s)
[mlx] fixed step 1480 ce=1.1592 total=1.1592 grad=11.606287956237793 conf_frac=0.750 (657s)
[mlx] fixed step 1490 ce=1.9537 total=1.9537 grad=6.310028076171875 conf_frac=0.000 (661s)
[mlx] fixed step 1500 ce=1.6568 total=1.6568 grad=7.003886699676514 conf_frac=0.750 (665s)
[mlx] fixed step 1510 ce=2.2618 total=2.2618 grad=1.1334831714630127 conf_frac=0.750 (670s)
[mlx] fixed step 1520 ce=1.1470 total=1.1470 grad=0.19180350005626678 conf_frac=0.500 (674s)
[mlx] fixed step 1530 ce=2.0847 total=2.0847 grad=0.10985857993364334 conf_frac=0.750 (678s)
[mlx] fixed step 1540 ce=2.4939 total=2.4939 grad=0.32896730303764343 conf_frac=0.500 (683s)
[mlx] fixed step 1550 ce=1.8382 total=1.8382 grad=0.4253544509410858 conf_frac=0.250 (688s)
[mlx] fixed step 1560 ce=1.5223 total=1.5223 grad=3.457204818725586 conf_frac=0.750 (692s)
[mlx] fixed step 1570 ce=1.6012 total=1.6012 grad=2.7361979484558105 conf_frac=0.750 (697s)
[mlx] fixed step 1580 ce=1.9342 total=1.9342 grad=2.380061626434326 conf_frac=0.250 (702s)
[mlx] fixed step 1590 ce=1.6897 total=1.6897 grad=5.183120250701904 conf_frac=0.750 (707s)
[mlx] fixed step 1600 ce=2.8050 total=2.8050 grad=1.399469017982483 conf_frac=0.500 (711s)
[mlx] fixed step 1610 ce=1.5512 total=1.5512 grad=7.087484359741211 conf_frac=0.750 (716s)
[mlx] fixed step 1620 ce=1.6574 total=1.6574 grad=5.567896366119385 conf_frac=0.750 (721s)
[mlx] fixed step 1630 ce=1.5824 total=1.5824 grad=0.5045912265777588 conf_frac=0.250 (725s)
[mlx] fixed step 1640 ce=1.7512 total=1.7512 grad=3.3649871349334717 conf_frac=0.250 (729s)
[mlx] fixed step 1650 ce=1.7251 total=1.7251 grad=4.12140417098999 conf_frac=0.500 (734s)
[mlx] fixed step 1660 ce=1.5314 total=1.5314 grad=6.075748920440674 conf_frac=0.500 (739s)
[mlx] fixed step 1670 ce=1.1732 total=1.1732 grad=0.5563995838165283 conf_frac=0.500 (743s)
[mlx] fixed step 1680 ce=1.4815 total=1.4815 grad=6.820596218109131 conf_frac=0.750 (748s)
[mlx] fixed step 1690 ce=2.2827 total=2.2827 grad=1.3322796821594238 conf_frac=0.250 (752s)
[mlx] fixed step 1700 ce=2.1474 total=2.1474 grad=0.8090766072273254 conf_frac=0.750 (757s)
[mlx] fixed step 1710 ce=1.4614 total=1.4614 grad=1.7449630498886108 conf_frac=0.750 (761s)
[mlx] fixed step 1720 ce=2.1857 total=2.1857 grad=1.2304176092147827 conf_frac=0.250 (766s)
[mlx] fixed step 1730 ce=0.9043 total=0.9043 grad=2.5009336471557617 conf_frac=0.750 (771s)
[mlx] fixed step 1740 ce=2.4046 total=2.4046 grad=3.450324296951294 conf_frac=0.750 (775s)
[mlx] fixed step 1750 ce=1.1165 total=1.1165 grad=0.5672131776809692 conf_frac=0.500 (779s)
[mlx] fixed step 1760 ce=1.6439 total=1.6439 grad=0.34245017170906067 conf_frac=0.750 (784s)
[mlx] fixed step 1770 ce=1.4079 total=1.4079 grad=0.07118996232748032 conf_frac=0.750 (788s)
[mlx] fixed step 1780 ce=1.2760 total=1.2760 grad=0.20646950602531433 conf_frac=0.500 (793s)
[mlx] fixed step 1790 ce=1.3181 total=1.3181 grad=5.80544376373291 conf_frac=0.250 (797s)
[mlx] fixed step 1800 ce=2.4117 total=2.4117 grad=5.8427414894104 conf_frac=0.500 (802s)
[mlx] fixed step 1810 ce=1.2061 total=1.2061 grad=3.357607126235962 conf_frac=0.500 (807s)
[mlx] fixed step 1820 ce=1.5404 total=1.5404 grad=4.078711986541748 conf_frac=0.500 (811s)
[mlx] fixed step 1830 ce=2.5381 total=2.5381 grad=4.55187463760376 conf_frac=0.750 (816s)
[mlx] fixed step 1840 ce=1.6007 total=1.6007 grad=0.019730038940906525 conf_frac=0.000 (821s)
[mlx] fixed step 1850 ce=0.9528 total=0.9528 grad=0.47988173365592957 conf_frac=0.250 (825s)
[mlx] fixed step 1860 ce=1.7965 total=1.7965 grad=3.7421066761016846 conf_frac=1.000 (830s)
[mlx] fixed step 1870 ce=1.8945 total=1.8945 grad=3.902296543121338 conf_frac=0.750 (834s)
[mlx] fixed step 1880 ce=1.5780 total=1.5780 grad=0.6442784070968628 conf_frac=0.500 (838s)
[mlx] fixed step 1890 ce=1.2937 total=1.2937 grad=0.5584176182746887 conf_frac=0.500 (843s)
[mlx] fixed step 1900 ce=2.0935 total=2.0935 grad=0.31182345747947693 conf_frac=0.500 (848s)
[mlx] fixed step 1910 ce=2.7135 total=2.7135 grad=0.5318165421485901 conf_frac=0.500 (852s)
[mlx] fixed step 1920 ce=2.1650 total=2.1650 grad=0.26672300696372986 conf_frac=0.250 (856s)
[mlx] fixed step 1930 ce=1.5643 total=1.5643 grad=5.725240230560303 conf_frac=1.000 (860s)
[mlx] fixed step 1940 ce=2.0027 total=2.0027 grad=1.1523946523666382 conf_frac=0.500 (865s)
[mlx] fixed step 1950 ce=2.0708 total=2.0708 grad=0.12570928037166595 conf_frac=0.250 (870s)
[mlx] fixed step 1960 ce=1.6358 total=1.6358 grad=0.2103588730096817 conf_frac=0.500 (874s)
[mlx] fixed step 1970 ce=2.5186 total=2.5186 grad=2.2135274410247803 conf_frac=0.250 (878s)
[mlx] fixed step 1980 ce=2.1136 total=2.1136 grad=0.002176810521632433 conf_frac=0.000 (883s)
[mlx] fixed step 1990 ce=1.0770 total=1.0770 grad=4.226571083068848 conf_frac=1.000 (888s)
[mlx] fixed step 2000 ce=1.5066 total=1.5066 grad=0.09336481988430023 conf_frac=0.250 (892s)
[mlx] fixed step 2010 ce=1.1462 total=1.1462 grad=2.8242433071136475 conf_frac=0.500 (898s)
[mlx] fixed step 2020 ce=0.4069 total=0.4069 grad=0.02470393292605877 conf_frac=0.250 (902s)
[mlx] fixed step 2030 ce=0.9497 total=0.9497 grad=0.1648378223180771 conf_frac=0.500 (907s)
[mlx] fixed step 2040 ce=0.9561 total=0.9561 grad=0.43146422505378723 conf_frac=0.250 (911s)
[mlx] fixed step 2050 ce=0.4962 total=0.4962 grad=10.026145935058594 conf_frac=1.000 (916s)
[mlx] fixed step 2060 ce=1.2014 total=1.2014 grad=8.011317253112793 conf_frac=1.000 (920s)
[mlx] fixed step 2070 ce=1.4299 total=1.4299 grad=11.053675651550293 conf_frac=0.500 (925s)
[mlx] fixed step 2080 ce=0.1276 total=0.1276 grad=0.3841515779495239 conf_frac=0.250 (929s)
[mlx] fixed step 2090 ce=0.7127 total=0.7127 grad=2.299863338470459 conf_frac=0.500 (933s)
[mlx] fixed step 2100 ce=0.5459 total=0.5459 grad=1.4522695541381836 conf_frac=0.500 (937s)
[mlx] fixed step 2110 ce=0.7859 total=0.7859 grad=0.04100358486175537 conf_frac=0.500 (941s)
[mlx] fixed step 2120 ce=0.5497 total=0.5497 grad=0.1605079174041748 conf_frac=0.500 (946s)
[mlx] fixed step 2130 ce=0.2997 total=0.2997 grad=0.22052732110023499 conf_frac=0.500 (950s)
[mlx] fixed step 2140 ce=0.9741 total=0.9741 grad=2.4866983890533447 conf_frac=0.500 (955s)
[mlx] fixed step 2150 ce=1.0897 total=1.0897 grad=5.455259799957275 conf_frac=0.750 (960s)
[mlx] fixed step 2160 ce=0.4711 total=0.4711 grad=1.127427577972412 conf_frac=0.750 (964s)
[mlx] fixed step 2170 ce=0.9614 total=0.9614 grad=0.6432256698608398 conf_frac=0.250 (969s)
[mlx] fixed step 2180 ce=0.8035 total=0.8035 grad=6.827682971954346 conf_frac=1.000 (974s)
[mlx] fixed step 2190 ce=0.6779 total=0.6779 grad=8.77346420288086 conf_frac=0.750 (978s)
[mlx] fixed step 2200 ce=0.6551 total=0.6551 grad=6.285014629364014 conf_frac=0.250 (983s)
[mlx] fixed step 2210 ce=1.2606 total=1.2606 grad=0.4342232644557953 conf_frac=0.500 (987s)
[mlx] fixed step 2220 ce=1.1712 total=1.1712 grad=0.12289605289697647 conf_frac=0.500 (992s)
[mlx] fixed step 2230 ce=0.7212 total=0.7212 grad=0.05940975248813629 conf_frac=0.500 (997s)
[mlx] fixed step 2240 ce=0.8600 total=0.8600 grad=2.7535102367401123 conf_frac=0.750 (1001s)
[mlx] fixed step 2250 ce=0.5959 total=0.5959 grad=3.2812345027923584 conf_frac=0.500 (1005s)
[mlx] fixed step 2260 ce=0.4877 total=0.4877 grad=0.7030912637710571 conf_frac=0.750 (1011s)
[mlx] fixed step 2270 ce=0.5635 total=0.5635 grad=1.1581087112426758 conf_frac=0.500 (1016s)
[mlx] fixed step 2280 ce=0.8580 total=0.8580 grad=9.296698570251465 conf_frac=0.500 (1021s)
[mlx] fixed step 2290 ce=1.0780 total=1.0780 grad=4.900296211242676 conf_frac=0.250 (1026s)
[mlx] fixed step 2300 ce=0.5274 total=0.5274 grad=3.0836586952209473 conf_frac=0.500 (1031s)
[mlx] fixed step 2310 ce=0.4710 total=0.4710 grad=0.0007524184766225517 conf_frac=0.000 (1035s)
[mlx] fixed step 2320 ce=0.8603 total=0.8603 grad=0.4704839885234833 conf_frac=0.250 (1039s)
[mlx] fixed step 2330 ce=1.2756 total=1.2756 grad=1.2059879302978516 conf_frac=0.500 (1044s)
[mlx] fixed step 2340 ce=0.7238 total=0.7238 grad=3.7467751502990723 conf_frac=0.250 (1048s)
[mlx] fixed step 2350 ce=1.4427 total=1.4427 grad=0.7605997920036316 conf_frac=0.750 (1053s)
[mlx] fixed step 2360 ce=0.9608 total=0.9608 grad=1.2405470609664917 conf_frac=0.250 (1058s)
[mlx] fixed step 2370 ce=1.0893 total=1.0893 grad=4.978151798248291 conf_frac=0.750 (1062s)
[mlx] fixed step 2380 ce=0.6649 total=0.6649 grad=4.746290683746338 conf_frac=0.250 (1067s)
[mlx] fixed step 2390 ce=0.3139 total=0.3139 grad=1.4960696697235107 conf_frac=0.500 (1071s)
[mlx] fixed step 2400 ce=0.4098 total=0.4098 grad=1.877563238143921 conf_frac=0.750 (1076s)
[mlx] fixed step 2410 ce=0.5723 total=0.5723 grad=0.4909030497074127 conf_frac=0.500 (1080s)
[mlx] fixed step 2420 ce=0.9696 total=0.9696 grad=0.05934516340494156 conf_frac=0.500 (1085s)
[mlx] fixed step 2430 ce=0.4818 total=0.4818 grad=4.749168872833252 conf_frac=0.500 (1089s)
[mlx] fixed step 2440 ce=0.8647 total=0.8647 grad=1.30608332157135 conf_frac=0.250 (1093s)
[mlx] fixed step 2450 ce=0.9058 total=0.9058 grad=6.7917585372924805 conf_frac=0.500 (1097s)
[mlx] fixed step 2460 ce=0.7650 total=0.7650 grad=0.26367780566215515 conf_frac=0.500 (1102s)
[mlx] fixed step 2470 ce=0.3925 total=0.3925 grad=1.4734364748001099 conf_frac=0.750 (1106s)
[mlx] fixed step 2480 ce=1.4848 total=1.4848 grad=0.003346293466165662 conf_frac=0.000 (1110s)
[mlx] fixed step 2490 ce=0.7143 total=0.7143 grad=0.0025220245588570833 conf_frac=0.000 (1114s)
[mlx] fixed step 2500 ce=1.2657 total=1.2657 grad=0.0008208404760807753 conf_frac=0.000 (1119s)
[mlx] fixed step 2510 ce=0.5360 total=0.5360 grad=5.181955337524414 conf_frac=0.750 (1123s)
[mlx] fixed step 2520 ce=0.7298 total=0.7298 grad=0.13391868770122528 conf_frac=0.250 (1127s)
[mlx] fixed step 2530 ce=1.2783 total=1.2783 grad=0.5678738355636597 conf_frac=0.750 (1132s)
[mlx] fixed step 2540 ce=0.7421 total=0.7421 grad=0.7587146162986755 conf_frac=0.250 (1136s)
[mlx] fixed step 2550 ce=0.8841 total=0.8841 grad=5.7397589683532715 conf_frac=0.750 (1141s)
[mlx] fixed step 2560 ce=1.1161 total=1.1161 grad=11.494811058044434 conf_frac=0.750 (1145s)
[mlx] fixed step 2570 ce=0.4561 total=0.4561 grad=2.997089147567749 conf_frac=0.750 (1149s)
[mlx] fixed step 2580 ce=0.8963 total=0.8963 grad=0.09025145322084427 conf_frac=0.000 (1154s)
[mlx] fixed step 2590 ce=1.2033 total=1.2033 grad=7.3581671714782715 conf_frac=0.750 (1159s)
[mlx] fixed step 2600 ce=0.5512 total=0.5512 grad=5.364504814147949 conf_frac=0.750 (1163s)
[mlx] fixed step 2610 ce=1.5856 total=1.5856 grad=7.2951531410217285 conf_frac=0.000 (1171s)
[mlx] fixed step 2620 ce=0.2690 total=0.2690 grad=2.6778016090393066 conf_frac=0.500 (1176s)
[mlx] fixed step 2630 ce=1.0208 total=1.0208 grad=5.723699569702148 conf_frac=0.500 (1180s)
[mlx] fixed step 2640 ce=1.1079 total=1.1079 grad=0.504765510559082 conf_frac=0.250 (1185s)
[mlx] fixed step 2650 ce=0.8505 total=0.8505 grad=3.274125099182129 conf_frac=0.750 (1189s)
[mlx] fixed step 2660 ce=0.5669 total=0.5669 grad=2.365424156188965 conf_frac=0.500 (1193s)
[mlx] fixed step 2670 ce=0.8021 total=0.8021 grad=0.21368461847305298 conf_frac=0.500 (1197s)
[mlx] fixed step 2680 ce=0.8006 total=0.8006 grad=6.187694549560547 conf_frac=0.500 (1202s)
[mlx] fixed step 2690 ce=0.5467 total=0.5467 grad=0.0009859086712822318 conf_frac=0.000 (1206s)
[mlx] fixed step 2700 ce=0.6497 total=0.6497 grad=5.660521984100342 conf_frac=1.000 (1210s)
[mlx] fixed step 2710 ce=0.4351 total=0.4351 grad=0.14321652054786682 conf_frac=0.500 (1215s)
[mlx] fixed step 2720 ce=0.8282 total=0.8282 grad=0.587648332118988 conf_frac=1.000 (1219s)
[mlx] fixed step 2730 ce=1.0927 total=1.0927 grad=0.5360909104347229 conf_frac=0.500 (1224s)
[mlx] fixed step 2740 ce=1.1691 total=1.1691 grad=0.19085939228534698 conf_frac=0.500 (1228s)
[mlx] fixed step 2750 ce=0.5170 total=0.5170 grad=0.09285089373588562 conf_frac=0.250 (1232s)
[mlx] fixed step 2760 ce=1.0214 total=1.0214 grad=4.048975467681885 conf_frac=0.750 (1237s)
[mlx] fixed step 2770 ce=0.3883 total=0.3883 grad=4.862419605255127 conf_frac=0.750 (1241s)
[mlx] fixed step 2780 ce=1.3062 total=1.3062 grad=5.939818859100342 conf_frac=0.500 (1245s)
[mlx] fixed step 2790 ce=0.7149 total=0.7149 grad=0.48963746428489685 conf_frac=0.500 (1250s)
[mlx] fixed step 2800 ce=0.4597 total=0.4597 grad=0.4090709686279297 conf_frac=0.250 (1254s)
[mlx] fixed step 2810 ce=0.7761 total=0.7761 grad=1.2764703035354614 conf_frac=0.500 (1259s)
[mlx] fixed step 2820 ce=1.0860 total=1.0860 grad=0.10299879312515259 conf_frac=0.500 (1263s)
[mlx] fixed step 2830 ce=0.9687 total=0.9687 grad=0.15776437520980835 conf_frac=0.250 (1268s)
[mlx] fixed step 2840 ce=0.6468 total=0.6468 grad=12.560538291931152 conf_frac=1.000 (1273s)
[mlx] fixed step 2850 ce=1.1497 total=1.1497 grad=1.3360909223556519 conf_frac=1.000 (1277s)
[mlx] fixed step 2860 ce=1.0897 total=1.0897 grad=6.440865993499756 conf_frac=0.250 (1281s)
[mlx] fixed step 2870 ce=0.6353 total=0.6353 grad=0.3808627426624298 conf_frac=0.500 (1286s)
[mlx] fixed step 2880 ce=1.0003 total=1.0003 grad=1.8492529392242432 conf_frac=0.750 (1290s)
[mlx] fixed step 2890 ce=0.7829 total=0.7829 grad=0.4969457685947418 conf_frac=0.750 (1294s)
[mlx] fixed step 2900 ce=1.3149 total=1.3149 grad=0.3805483877658844 conf_frac=0.750 (1299s)
[mlx] fixed step 2910 ce=0.7036 total=0.7036 grad=0.5310186147689819 conf_frac=0.750 (1303s)
[mlx] fixed step 2920 ce=0.8443 total=0.8443 grad=0.21322576701641083 conf_frac=0.250 (1307s)
[mlx] fixed step 2930 ce=1.1261 total=1.1261 grad=0.6456732749938965 conf_frac=0.750 (1311s)
[mlx] fixed step 2940 ce=0.2341 total=0.2341 grad=1.7894707918167114 conf_frac=0.750 (1315s)
[mlx] fixed step 2950 ce=0.7024 total=0.7024 grad=2.7720770835876465 conf_frac=0.750 (1320s)
[mlx] fixed step 2960 ce=1.2719 total=1.2719 grad=0.0001147879011114128 conf_frac=0.000 (1324s)
[mlx] fixed step 2970 ce=0.8705 total=0.8705 grad=0.011996526271104813 conf_frac=0.250 (1328s)
[mlx] fixed step 2980 ce=1.1216 total=1.1216 grad=1.3493072986602783 conf_frac=0.750 (1333s)
[mlx] fixed step 2990 ce=0.8159 total=0.8159 grad=0.5829443335533142 conf_frac=0.500 (1338s)
[mlx] fixed step 3000 ce=1.2819 total=1.2819 grad=6.098632335662842 conf_frac=0.000 (1343s)
[mlx] fixed step 3010 ce=0.4443 total=0.4443 grad=0.24224911630153656 conf_frac=0.250 (1347s)
[mlx] fixed step 3020 ce=0.8470 total=0.8470 grad=6.128297328948975 conf_frac=0.750 (1351s)
[mlx] fixed step 3030 ce=0.9288 total=0.9288 grad=0.1776253581047058 conf_frac=0.750 (1356s)
[mlx] fixed step 3040 ce=0.5179 total=0.5179 grad=0.5261189937591553 conf_frac=1.000 (1360s)
[mlx] fixed step 3050 ce=0.3970 total=0.3970 grad=0.26933449506759644 conf_frac=0.250 (1364s)
[mlx] fixed step 3060 ce=1.1659 total=1.1659 grad=5.3620405197143555 conf_frac=0.500 (1369s)
[mlx] fixed step 3070 ce=0.7382 total=0.7382 grad=0.49950337409973145 conf_frac=0.500 (1373s)
[mlx] fixed step 3080 ce=0.5591 total=0.5591 grad=0.8246936202049255 conf_frac=0.250 (1378s)
[mlx] fixed step 3090 ce=2.0220 total=2.0220 grad=0.01964116282761097 conf_frac=0.250 (1383s)
[mlx] fixed step 3100 ce=0.5220 total=0.5220 grad=0.07401102036237717 conf_frac=0.500 (1388s)
[mlx] fixed step 3110 ce=1.0009 total=1.0009 grad=0.3141458332538605 conf_frac=0.750 (1392s)
[mlx] fixed step 3120 ce=0.8713 total=0.8713 grad=1.8703336715698242 conf_frac=0.750 (1397s)
[mlx] fixed step 3130 ce=0.7085 total=0.7085 grad=0.016923245042562485 conf_frac=0.250 (1402s)
[mlx] fixed step 3140 ce=1.1612 total=1.1612 grad=0.006797540467232466 conf_frac=0.250 (1406s)
[mlx] fixed step 3150 ce=1.1050 total=1.1050 grad=0.20079250633716583 conf_frac=1.000 (1411s)
[mlx] fixed step 3160 ce=0.9659 total=0.9659 grad=0.6771293878555298 conf_frac=1.000 (1416s)
[mlx] fixed step 3170 ce=0.3629 total=0.3629 grad=0.2790987193584442 conf_frac=0.750 (1420s)
[mlx] fixed step 3180 ce=0.5979 total=0.5979 grad=4.628514289855957 conf_frac=0.250 (1426s)
[mlx] fixed step 3190 ce=0.8118 total=0.8118 grad=0.9407966732978821 conf_frac=0.750 (1430s)
[mlx] fixed step 3200 ce=0.8359 total=0.8359 grad=0.00016327346384059638 conf_frac=0.000 (1435s)
[mlx] fixed step 3210 ce=0.8759 total=0.8759 grad=0.513898491859436 conf_frac=0.500 (1440s)
[mlx] fixed step 3220 ce=1.1294 total=1.1294 grad=3.9375762939453125 conf_frac=0.250 (1445s)
[mlx] fixed step 3230 ce=0.8628 total=0.8628 grad=0.1348617523908615 conf_frac=0.250 (1449s)
[mlx] fixed step 3240 ce=0.6333 total=0.6333 grad=0.21005575358867645 conf_frac=0.500 (1454s)
[mlx] fixed step 3250 ce=0.9394 total=0.9394 grad=0.014245494268834591 conf_frac=0.250 (1458s)
[mlx] fixed step 3260 ce=0.4636 total=0.4636 grad=0.12970300018787384 conf_frac=0.500 (1462s)
[mlx] fixed step 3270 ce=0.8801 total=0.8801 grad=0.565291702747345 conf_frac=0.750 (1467s)
[mlx] fixed step 3280 ce=0.7854 total=0.7854 grad=5.3174238204956055 conf_frac=0.000 (1471s)
[mlx] fixed step 3290 ce=0.9238 total=0.9238 grad=4.818941593170166 conf_frac=1.000 (1476s)
[mlx] fixed step 3300 ce=0.6596 total=0.6596 grad=0.04424494504928589 conf_frac=0.250 (1481s)
[mlx] fixed step 3310 ce=1.6643 total=1.6643 grad=5.750272750854492 conf_frac=0.750 (1485s)
[mlx] fixed step 3320 ce=0.8334 total=0.8334 grad=2.8544602394104004 conf_frac=0.750 (1490s)
[mlx] fixed step 3330 ce=1.0783 total=1.0783 grad=4.891786575317383 conf_frac=0.750 (1494s)
[mlx] fixed step 3340 ce=0.6638 total=0.6638 grad=0.7937599420547485 conf_frac=0.500 (1499s)
[mlx] fixed step 3350 ce=0.5526 total=0.5526 grad=0.03345165774226189 conf_frac=0.250 (1503s)
[mlx] fixed step 3360 ce=0.3808 total=0.3808 grad=0.0005187764763832092 conf_frac=0.000 (1507s)
[mlx] fixed step 3370 ce=0.4142 total=0.4142 grad=0.2583490014076233 conf_frac=0.250 (1511s)
[mlx] fixed step 3380 ce=0.8216 total=0.8216 grad=5.502740383148193 conf_frac=1.000 (1515s)
[mlx] fixed step 3390 ce=0.5804 total=0.5804 grad=0.00943073071539402 conf_frac=0.250 (1520s)
[mlx] fixed step 3400 ce=0.9644 total=0.9644 grad=0.09013920277357101 conf_frac=0.250 (1524s)
[mlx] fixed step 3410 ce=1.4537 total=1.4537 grad=0.08956883102655411 conf_frac=0.250 (1529s)
[mlx] fixed step 3420 ce=0.8912 total=0.8912 grad=8.500618934631348 conf_frac=0.750 (1534s)
[mlx] fixed step 3430 ce=0.6738 total=0.6738 grad=4.671791076660156 conf_frac=0.500 (1539s)
[mlx] fixed step 3440 ce=0.2687 total=0.2687 grad=0.16384972631931305 conf_frac=0.750 (1543s)
[mlx] fixed step 3450 ce=0.8764 total=0.8764 grad=0.0067710112780332565 conf_frac=0.250 (1548s)
[mlx] fixed step 3460 ce=0.4018 total=0.4018 grad=0.028977911919355392 conf_frac=0.250 (1553s)
[mlx] fixed step 3470 ce=0.7406 total=0.7406 grad=0.991815984249115 conf_frac=0.500 (1559s)
[mlx] fixed step 3480 ce=1.3338 total=1.3338 grad=5.583929538726807 conf_frac=0.000 (1564s)
[mlx] fixed step 3490 ce=1.2481 total=1.2481 grad=5.531135559082031 conf_frac=0.750 (1568s)
[mlx] fixed step 3500 ce=0.3581 total=0.3581 grad=3.515181541442871 conf_frac=0.500 (1573s)
[mlx] fixed step 3510 ce=0.6906 total=0.6906 grad=0.09642647951841354 conf_frac=0.500 (1577s)
[mlx] fixed step 3520 ce=0.9792 total=0.9792 grad=0.19639082252979279 conf_frac=0.500 (1582s)
[mlx] fixed step 3530 ce=1.0149 total=1.0149 grad=0.6713094115257263 conf_frac=0.500 (1587s)
[mlx] fixed step 3540 ce=0.9007 total=0.9007 grad=0.22896979749202728 conf_frac=0.250 (1591s)
[mlx] fixed step 3550 ce=0.3440 total=0.3440 grad=0.5579439401626587 conf_frac=0.250 (1595s)
[mlx] fixed step 3560 ce=0.3221 total=0.3221 grad=0.2589486539363861 conf_frac=0.750 (1599s)
[mlx] fixed step 3570 ce=1.9974 total=1.9974 grad=0.001409726683050394 conf_frac=0.000 (1603s)
[mlx] fixed step 3580 ce=0.5941 total=0.5941 grad=0.039956219494342804 conf_frac=0.500 (1608s)
[mlx] fixed step 3590 ce=0.4055 total=0.4055 grad=0.02718980610370636 conf_frac=0.500 (1612s)
[mlx] fixed step 3600 ce=0.9229 total=0.9229 grad=0.06004064157605171 conf_frac=0.250 (1616s)
[mlx] fixed step 3610 ce=1.0297 total=1.0297 grad=4.434948921203613 conf_frac=0.750 (1621s)
[mlx] fixed step 3620 ce=1.5336 total=1.5336 grad=0.38234224915504456 conf_frac=0.750 (1625s)
[mlx] fixed step 3630 ce=0.7758 total=0.7758 grad=0.7917429804801941 conf_frac=0.500 (1629s)
[mlx] fixed step 3640 ce=1.1253 total=1.1253 grad=1.0358312129974365 conf_frac=0.750 (1634s)
[mlx] fixed step 3650 ce=0.6332 total=0.6332 grad=2.491774320602417 conf_frac=0.500 (1639s)
[mlx] fixed step 3660 ce=0.8041 total=0.8041 grad=0.04424765706062317 conf_frac=0.250 (1643s)
[mlx] fixed step 3670 ce=1.3203 total=1.3203 grad=0.07509925216436386 conf_frac=0.500 (1648s)
[mlx] fixed step 3680 ce=1.5416 total=1.5416 grad=0.10540834814310074 conf_frac=0.250 (1653s)
[mlx] fixed step 3690 ce=0.6949 total=0.6949 grad=1.858097791671753 conf_frac=0.750 (1658s)
[mlx] fixed step 3700 ce=0.7802 total=0.7802 grad=2.0624375343322754 conf_frac=0.500 (1662s)
[mlx] fixed step 3710 ce=0.6048 total=0.6048 grad=1.2967454195022583 conf_frac=0.500 (1666s)
[mlx] fixed step 3720 ce=0.6172 total=0.6172 grad=2.2192153930664062 conf_frac=0.250 (1672s)
[mlx] fixed step 3730 ce=0.7474 total=0.7474 grad=3.0402438640594482 conf_frac=1.000 (1677s)
[mlx] fixed step 3740 ce=1.0239 total=1.0239 grad=0.7288826107978821 conf_frac=0.750 (1681s)
[mlx] fixed step 3750 ce=0.8024 total=0.8024 grad=0.6752287745475769 conf_frac=0.750 (1685s)
[mlx] fixed step 3760 ce=1.1530 total=1.1530 grad=0.0 conf_frac=0.000 (1689s)
[mlx] fixed step 3770 ce=0.9389 total=0.9389 grad=2.7054598331451416 conf_frac=0.250 (1694s)
[mlx] fixed step 3780 ce=1.1447 total=1.1447 grad=1.3589246273040771 conf_frac=0.500 (1698s)
[mlx] fixed step 3790 ce=0.6840 total=0.6840 grad=0.29604795575141907 conf_frac=0.500 (1702s)
[mlx] fixed step 3800 ce=0.8213 total=0.8213 grad=3.2622714042663574 conf_frac=0.750 (1707s)
[mlx] fixed step 3810 ce=0.6253 total=0.6253 grad=1.6129710674285889 conf_frac=0.500 (1711s)
[mlx] fixed step 3820 ce=0.6700 total=0.6700 grad=1.645195722579956 conf_frac=0.250 (1715s)
[mlx] fixed step 3830 ce=0.6371 total=0.6371 grad=0.15419909358024597 conf_frac=0.250 (1720s)
[mlx] fixed step 3840 ce=0.5232 total=0.5232 grad=0.7822480201721191 conf_frac=0.250 (1725s)
[mlx] fixed step 3850 ce=1.1757 total=1.1757 grad=0.08256348967552185 conf_frac=0.250 (1729s)
[mlx] fixed step 3860 ce=0.9951 total=0.9951 grad=1.9798903465270996 conf_frac=0.500 (1734s)
[mlx] fixed step 3870 ce=0.5544 total=0.5544 grad=3.5128817558288574 conf_frac=0.250 (1738s)
[mlx] fixed step 3880 ce=1.0590 total=1.0590 grad=0.07157234102487564 conf_frac=0.250 (1742s)
[mlx] fixed step 3890 ce=0.8856 total=0.8856 grad=0.5538881421089172 conf_frac=0.500 (1747s)
[mlx] fixed step 3900 ce=0.2816 total=0.2816 grad=1.281592607498169 conf_frac=0.750 (1752s)
[mlx] fixed step 3910 ce=0.5335 total=0.5335 grad=0.4842481315135956 conf_frac=1.000 (1757s)
[mlx] fixed step 3920 ce=0.6040 total=0.6040 grad=0.7839668393135071 conf_frac=0.500 (1761s)
[mlx] fixed step 3930 ce=0.8154 total=0.8154 grad=1.3466339111328125 conf_frac=0.500 (1765s)
[mlx] fixed step 3940 ce=0.5546 total=0.5546 grad=4.86716890335083 conf_frac=0.500 (1769s)
[mlx] fixed step 3950 ce=1.7249 total=1.7249 grad=1.7944581508636475 conf_frac=0.500 (1774s)
[mlx] fixed step 3960 ce=1.0949 total=1.0949 grad=3.820319652557373 conf_frac=0.750 (1778s)
[mlx] fixed step 3970 ce=0.5689 total=0.5689 grad=4.349762439727783 conf_frac=0.500 (1782s)
[mlx] fixed step 3980 ce=1.1823 total=1.1823 grad=0.0 conf_frac=0.000 (1786s)
[mlx] fixed step 3990 ce=1.0674 total=1.0674 grad=0.356201708316803 conf_frac=0.250 (1791s)
[mlx] fixed step 4000 ce=0.8459 total=0.8459 grad=1.1741371154785156 conf_frac=0.500 (1795s)
[mlx] fixed step 4010 ce=0.8712 total=0.8712 grad=0.6375922560691833 conf_frac=0.250 (1799s)
[mlx] fixed step 4020 ce=1.0125 total=1.0125 grad=1.2957215309143066 conf_frac=0.500 (1804s)
[mlx] fixed step 4030 ce=0.7144 total=0.7144 grad=5.8206100220559165e-05 conf_frac=0.000 (1808s)
[mlx] fixed step 4040 ce=0.8286 total=0.8286 grad=0.1483422964811325 conf_frac=0.500 (1813s)
[mlx] fixed step 4050 ce=0.4601 total=0.4601 grad=0.878627598285675 conf_frac=0.500 (1817s)
[mlx] fixed step 4060 ce=0.6347 total=0.6347 grad=0.06685804575681686 conf_frac=0.250 (1821s)
[mlx] fixed step 4070 ce=0.2960 total=0.2960 grad=7.817724227905273 conf_frac=1.000 (1826s)
[mlx] fixed step 4080 ce=0.3821 total=0.3821 grad=3.3673460483551025 conf_frac=1.000 (1830s)
[mlx] fixed step 4090 ce=0.5766 total=0.5766 grad=2.053820848464966 conf_frac=0.500 (1835s)
[mlx] fixed step 4100 ce=0.6768 total=0.6768 grad=2.9935786724090576 conf_frac=0.500 (1840s)
[mlx] fixed step 4110 ce=0.5761 total=0.5761 grad=0.2109908014535904 conf_frac=0.500 (1844s)
[mlx] fixed step 4120 ce=0.2130 total=0.2130 grad=0.402152419090271 conf_frac=0.250 (1849s)
[mlx] fixed step 4130 ce=0.2964 total=0.2964 grad=4.591601371765137 conf_frac=0.500 (1854s)
[mlx] fixed step 4140 ce=0.3976 total=0.3976 grad=0.09113938361406326 conf_frac=0.500 (1858s)
[mlx] fixed step 4150 ce=0.6050 total=0.6050 grad=0.015495200641453266 conf_frac=0.250 (1862s)
[mlx] fixed step 4160 ce=0.6023 total=0.6023 grad=0.25263145565986633 conf_frac=0.250 (1867s)
[mlx] fixed step 4170 ce=0.2674 total=0.2674 grad=0.39352917671203613 conf_frac=0.500 (1872s)
[mlx] fixed step 4180 ce=0.2565 total=0.2565 grad=0.30687400698661804 conf_frac=0.500 (1877s)
[mlx] fixed step 4190 ce=0.4043 total=0.4043 grad=0.12364417314529419 conf_frac=0.500 (1881s)
[mlx] fixed step 4200 ce=0.5045 total=0.5045 grad=1.2562344074249268 conf_frac=1.000 (1885s)
[mlx] fixed step 4210 ce=0.4213 total=0.4213 grad=0.20277142524719238 conf_frac=0.500 (1889s)
[mlx] fixed step 4220 ce=0.6451 total=0.6451 grad=0.11622506380081177 conf_frac=0.250 (1893s)
[mlx] fixed step 4230 ce=0.3706 total=0.3706 grad=6.129495620727539 conf_frac=0.500 (1898s)
[mlx] fixed step 4240 ce=0.5725 total=0.5725 grad=3.8716111183166504 conf_frac=0.250 (1902s)
[mlx] fixed step 4250 ce=0.4885 total=0.4885 grad=0.47628793120384216 conf_frac=0.750 (1906s)
[mlx] fixed step 4260 ce=0.3909 total=0.3909 grad=3.599900722503662 conf_frac=0.500 (1911s)
[mlx] fixed step 4270 ce=0.7037 total=0.7037 grad=4.378303527832031 conf_frac=0.500 (1915s)
[mlx] fixed step 4280 ce=0.1796 total=0.1796 grad=0.07680054008960724 conf_frac=0.250 (1920s)
[mlx] fixed step 4290 ce=0.2732 total=0.2732 grad=0.7419805526733398 conf_frac=0.750 (1925s)
[mlx] fixed step 4300 ce=0.9740 total=0.9740 grad=1.4626164436340332 conf_frac=0.500 (1929s)
[mlx] fixed step 4310 ce=0.6231 total=0.6231 grad=0.009857374243438244 conf_frac=0.250 (1934s)
[mlx] fixed step 4320 ce=0.2385 total=0.2385 grad=2.304941415786743 conf_frac=0.500 (1938s)
[mlx] fixed step 4330 ce=0.1132 total=0.1132 grad=0.0 conf_frac=0.000 (1942s)
[mlx] fixed step 4340 ce=0.3700 total=0.3700 grad=0.42364391684532166 conf_frac=0.750 (1947s)
[mlx] fixed step 4350 ce=0.3099 total=0.3099 grad=1.4413105249404907 conf_frac=0.750 (1951s)
[mlx] fixed step 4360 ce=0.4418 total=0.4418 grad=5.42449426651001 conf_frac=0.750 (1955s)
[mlx] fixed step 4370 ce=0.4496 total=0.4496 grad=2.8715105056762695 conf_frac=0.500 (1959s)
[mlx] fixed step 4380 ce=0.3071 total=0.3071 grad=6.391051292419434 conf_frac=0.500 (1963s)
[mlx] fixed step 4390 ce=0.6543 total=0.6543 grad=0.15574254095554352 conf_frac=0.750 (1968s)
[mlx] fixed step 4400 ce=0.7489 total=0.7489 grad=4.231931209564209 conf_frac=0.500 (1972s)
[mlx] fixed step 4410 ce=0.5033 total=0.5033 grad=5.153331279754639 conf_frac=0.250 (1977s)
[mlx] fixed step 4420 ce=0.6299 total=0.6299 grad=4.32100772857666 conf_frac=0.750 (1982s)
[mlx] fixed step 4430 ce=0.2907 total=0.2907 grad=0.21131300926208496 conf_frac=0.250 (1986s)
[mlx] fixed step 4440 ce=0.5332 total=0.5332 grad=0.9241726398468018 conf_frac=0.250 (1991s)
[mlx] fixed step 4450 ce=0.7122 total=0.7122 grad=5.519716262817383 conf_frac=0.250 (1996s)
[mlx] fixed step 4460 ce=0.8573 total=0.8573 grad=2.042574644088745 conf_frac=0.500 (2000s)
[mlx] fixed step 4470 ce=0.3541 total=0.3541 grad=1.1306248903274536 conf_frac=0.250 (2005s)
[mlx] fixed step 4480 ce=0.2229 total=0.2229 grad=2.475099802017212 conf_frac=0.750 (2009s)
[mlx] fixed step 4490 ce=0.4709 total=0.4709 grad=5.971432685852051 conf_frac=0.750 (2014s)
[mlx] fixed step 4500 ce=0.5615 total=0.5615 grad=5.916959762573242 conf_frac=0.250 (2018s)
[mlx] fixed step 4510 ce=0.5227 total=0.5227 grad=8.578832626342773 conf_frac=0.750 (2023s)
[mlx] fixed step 4520 ce=0.9564 total=0.9564 grad=4.501759052276611 conf_frac=0.250 (2028s)
[mlx] fixed step 4530 ce=0.9299 total=0.9299 grad=0.7129561901092529 conf_frac=0.500 (2033s)
[mlx] fixed step 4540 ce=0.2573 total=0.2573 grad=0.11487734317779541 conf_frac=0.250 (2037s)
[mlx] fixed step 4550 ce=0.3556 total=0.3556 grad=0.2757563889026642 conf_frac=0.250 (2042s)
[mlx] fixed step 4560 ce=0.2572 total=0.2572 grad=0.00011316518066450953 conf_frac=0.000 (2046s)
[mlx] fixed step 4570 ce=0.5268 total=0.5268 grad=1.8750089406967163 conf_frac=0.500 (2051s)
[mlx] fixed step 4580 ce=0.7304 total=0.7304 grad=5.482484817504883 conf_frac=0.750 (2055s)
[mlx] fixed step 4590 ce=0.4862 total=0.4862 grad=3.6257808208465576 conf_frac=0.500 (2060s)
[mlx] fixed step 4600 ce=0.3791 total=0.3791 grad=3.0015130043029785 conf_frac=0.750 (2064s)
[mlx] fixed step 4610 ce=0.5031 total=0.5031 grad=2.888497829437256 conf_frac=0.500 (2069s)
[mlx] fixed step 4620 ce=0.3516 total=0.3516 grad=7.805081844329834 conf_frac=1.000 (2073s)
[mlx] fixed step 4630 ce=0.9093 total=0.9093 grad=0.7971183061599731 conf_frac=0.250 (2078s)
[mlx] fixed step 4640 ce=0.6115 total=0.6115 grad=0.00015034724492579699 conf_frac=0.000 (2082s)
[mlx] fixed step 4650 ce=0.1727 total=0.1727 grad=1.4748146533966064 conf_frac=0.500 (2086s)
[mlx] fixed step 4660 ce=0.6666 total=0.6666 grad=5.250278949737549 conf_frac=0.500 (2091s)
[mlx] fixed step 4670 ce=0.6615 total=0.6615 grad=5.493586540222168 conf_frac=0.250 (2095s)
[mlx] fixed step 4680 ce=0.6505 total=0.6505 grad=2.275503158569336 conf_frac=0.500 (2100s)
[mlx] fixed step 4690 ce=0.3504 total=0.3504 grad=0.11816748231649399 conf_frac=0.750 (2104s)
[mlx] fixed step 4700 ce=0.4169 total=0.4169 grad=0.11681347340345383 conf_frac=0.500 (2109s)
[mlx] fixed step 4710 ce=0.5604 total=0.5604 grad=0.09294283390045166 conf_frac=0.250 (2113s)
[mlx] fixed step 4720 ce=0.2420 total=0.2420 grad=1.5942646265029907 conf_frac=0.750 (2118s)
[mlx] fixed step 4730 ce=0.3930 total=0.3930 grad=3.976656675338745 conf_frac=0.500 (2122s)
[mlx] fixed step 4740 ce=0.5164 total=0.5164 grad=1.715032696723938 conf_frac=0.500 (2127s)
[mlx] fixed step 4750 ce=0.3665 total=0.3665 grad=2.167060375213623 conf_frac=0.250 (2131s)
[mlx] fixed step 4760 ce=0.2352 total=0.2352 grad=0.634099006652832 conf_frac=0.500 (2136s)
[mlx] fixed step 4770 ce=0.6493 total=0.6493 grad=3.579716444015503 conf_frac=0.500 (2140s)
[mlx] fixed step 4780 ce=0.4854 total=0.4854 grad=0.556881844997406 conf_frac=0.500 (2145s)
[mlx] fixed step 4790 ce=0.6908 total=0.6908 grad=5.267902374267578 conf_frac=0.250 (2150s)
[mlx] fixed step 4800 ce=0.1126 total=0.1126 grad=0.888720691204071 conf_frac=0.250 (2154s)
[mlx] fixed step 4810 ce=0.4117 total=0.4117 grad=5.845425128936768 conf_frac=0.750 (2159s)
[mlx] fixed step 4820 ce=0.9606 total=0.9606 grad=0.2675141990184784 conf_frac=0.750 (2163s)
[mlx] fixed step 4830 ce=0.2965 total=0.2965 grad=2.010131597518921 conf_frac=0.750 (2168s)
[mlx] fixed step 4840 ce=0.4977 total=0.4977 grad=5.612199783325195 conf_frac=0.750 (2173s)
[mlx] fixed step 4850 ce=0.3902 total=0.3902 grad=0.06507496535778046 conf_frac=0.250 (2177s)
[mlx] fixed step 4860 ce=0.6021 total=0.6021 grad=0.026737244799733162 conf_frac=0.250 (2182s)
[mlx] fixed step 4870 ce=0.5578 total=0.5578 grad=0.6853061318397522 conf_frac=0.500 (2187s)
[mlx] fixed step 4880 ce=0.5946 total=0.5946 grad=4.9586992263793945 conf_frac=0.750 (2191s)
[mlx] fixed step 4890 ce=0.5930 total=0.5930 grad=0.026678647845983505 conf_frac=0.250 (2196s)
[mlx] fixed step 4900 ce=0.5382 total=0.5382 grad=13.781007766723633 conf_frac=0.250 (2201s)
[mlx] fixed step 4910 ce=0.3429 total=0.3429 grad=3.8263301849365234 conf_frac=0.500 (2205s)
[mlx] fixed step 4920 ce=0.3978 total=0.3978 grad=5.346789360046387 conf_frac=0.250 (2210s)
[mlx] fixed step 4930 ce=0.4974 total=0.4974 grad=5.576888084411621 conf_frac=0.250 (2214s)
[mlx] fixed step 4940 ce=0.4776 total=0.4776 grad=3.3970909118652344 conf_frac=0.500 (2219s)
[mlx] fixed step 4950 ce=0.6110 total=0.6110 grad=6.304255962371826 conf_frac=0.250 (2224s)
[mlx] fixed step 4960 ce=0.4711 total=0.4711 grad=3.3627712726593018 conf_frac=0.750 (2229s)
[mlx] fixed step 4970 ce=0.7859 total=0.7859 grad=3.0412535667419434 conf_frac=0.750 (2233s)
[mlx] fixed step 4980 ce=0.2574 total=0.2574 grad=2.8517141342163086 conf_frac=0.500 (2238s)
[mlx] fixed step 4990 ce=0.4013 total=0.4013 grad=2.959972858428955 conf_frac=0.500 (2242s)
[mlx] fixed step 5000 ce=0.3582 total=0.3582 grad=2.2214624881744385 conf_frac=0.500 (2247s)
[mlx] fixed step 5010 ce=0.4532 total=0.4532 grad=0.3346099555492401 conf_frac=0.250 (2252s)
[mlx] fixed step 5020 ce=0.7203 total=0.7203 grad=0.16687914729118347 conf_frac=0.250 (2257s)
[mlx] fixed step 5030 ce=0.3865 total=0.3865 grad=2.312936305999756 conf_frac=1.000 (2261s)
[mlx] fixed step 5040 ce=0.4488 total=0.4488 grad=0.9089680910110474 conf_frac=0.250 (2266s)
[mlx] fixed step 5050 ce=0.7963 total=0.7963 grad=0.8884633183479309 conf_frac=0.250 (2270s)
[mlx] fixed step 5060 ce=0.9411 total=0.9411 grad=1.4160332679748535 conf_frac=0.250 (2275s)
[mlx] fixed step 5070 ce=0.9354 total=0.9354 grad=0.24640806019306183 conf_frac=0.500 (2280s)
[mlx] fixed step 5080 ce=0.4459 total=0.4459 grad=4.383358955383301 conf_frac=1.000 (2284s)
[mlx] fixed step 5090 ce=0.7862 total=0.7862 grad=0.07060038298368454 conf_frac=0.500 (2288s)
[mlx] fixed step 5100 ce=0.9025 total=0.9025 grad=1.0253639221191406 conf_frac=0.500 (2293s)
[mlx] fixed step 5110 ce=0.3425 total=0.3425 grad=3.987173080444336 conf_frac=0.500 (2297s)
[mlx] fixed step 5120 ce=1.3588 total=1.3588 grad=0.008323474787175655 conf_frac=0.750 (2302s)
[mlx] fixed step 5130 ce=0.5412 total=0.5412 grad=1.5285494327545166 conf_frac=0.750 (2307s)
[mlx] fixed step 5140 ce=0.6877 total=0.6877 grad=1.3493860960006714 conf_frac=0.750 (2311s)
[mlx] fixed step 5150 ce=1.1282 total=1.1282 grad=0.06962373107671738 conf_frac=0.250 (2316s)
[mlx] fixed step 5160 ce=0.6306 total=0.6306 grad=0.47039487957954407 conf_frac=0.500 (2321s)
[mlx] fixed step 5170 ce=0.6943 total=0.6943 grad=0.007064848206937313 conf_frac=0.250 (2326s)
[mlx] fixed step 5180 ce=0.6499 total=0.6499 grad=1.3206645250320435 conf_frac=1.000 (2330s)
[mlx] fixed step 5190 ce=0.5932 total=0.5932 grad=1.2226314544677734 conf_frac=0.500 (2335s)
[mlx] fixed step 5200 ce=0.4280 total=0.4280 grad=2.194868326187134 conf_frac=0.750 (2340s)
[mlx] fixed step 5210 ce=0.4272 total=0.4272 grad=1.4747951030731201 conf_frac=0.750 (2344s)
[mlx] fixed step 5220 ce=0.5755 total=0.5755 grad=0.12188452482223511 conf_frac=0.500 (2349s)
[mlx] fixed step 5230 ce=0.4162 total=0.4162 grad=5.168924331665039 conf_frac=0.750 (2353s)
[mlx] fixed step 5240 ce=0.3781 total=0.3781 grad=1.9315451383590698 conf_frac=0.750 (2358s)
[mlx] fixed step 5250 ce=0.4034 total=0.4034 grad=2.2454848289489746 conf_frac=0.250 (2362s)
[mlx] fixed step 5260 ce=0.4654 total=0.4654 grad=2.170022964477539 conf_frac=0.500 (2367s)
[mlx] fixed step 5270 ce=0.0326 total=0.0326 grad=0.06306204944849014 conf_frac=0.250 (2371s)
[mlx] fixed step 5280 ce=0.4910 total=0.4910 grad=1.262641429901123 conf_frac=0.500 (2376s)
[mlx] fixed step 5290 ce=0.6052 total=0.6052 grad=0.0 conf_frac=0.000 (2380s)
[mlx] fixed step 5300 ce=0.9793 total=0.9793 grad=1.9394276142120361 conf_frac=0.500 (2385s)
[mlx] fixed step 5310 ce=0.3083 total=0.3083 grad=2.3418331146240234 conf_frac=0.750 (2389s)
[mlx] fixed step 5320 ce=0.8326 total=0.8326 grad=0.0004558841174002737 conf_frac=0.000 (2393s)
[mlx] fixed step 5330 ce=0.4554 total=0.4554 grad=0.14520786702632904 conf_frac=0.250 (2398s)
[mlx] fixed step 5340 ce=0.4405 total=0.4405 grad=0.11268118023872375 conf_frac=0.500 (2402s)
[mlx] fixed step 5350 ce=0.3787 total=0.3787 grad=1.2313169240951538 conf_frac=0.750 (2407s)
[mlx] fixed step 5360 ce=0.9373 total=0.9373 grad=0.29598456621170044 conf_frac=0.500 (2411s)
[mlx] fixed step 5370 ce=0.8143 total=0.8143 grad=1.4645633697509766 conf_frac=0.750 (2416s)
[mlx] fixed step 5380 ce=0.7166 total=0.7166 grad=2.9678521156311035 conf_frac=0.750 (2420s)
[mlx] fixed step 5390 ce=0.4395 total=0.4395 grad=10.909614562988281 conf_frac=0.500 (2425s)
[mlx] fixed step 5400 ce=0.3234 total=0.3234 grad=0.019994569942355156 conf_frac=0.250 (2429s)
[mlx] fixed step 5410 ce=0.4963 total=0.4963 grad=0.8077974319458008 conf_frac=0.500 (2434s)
[mlx] fixed step 5420 ce=0.5522 total=0.5522 grad=4.651666641235352 conf_frac=0.500 (2439s)
[mlx] fixed step 5430 ce=0.2884 total=0.2884 grad=0.43860000371932983 conf_frac=0.500 (2443s)
[mlx] fixed step 5440 ce=0.7806 total=0.7806 grad=0.05611725524067879 conf_frac=0.500 (2448s)
[mlx] fixed step 5450 ce=0.7925 total=0.7925 grad=0.017307519912719727 conf_frac=0.500 (2453s)
[mlx] fixed step 5460 ce=0.4095 total=0.4095 grad=0.2182835340499878 conf_frac=0.500 (2457s)
[mlx] fixed step 5470 ce=0.3658 total=0.3658 grad=0.1682472825050354 conf_frac=0.500 (2461s)
[mlx] fixed step 5480 ce=0.4240 total=0.4240 grad=3.0244410037994385 conf_frac=0.750 (2465s)
[mlx] fixed step 5490 ce=0.4353 total=0.4353 grad=0.9466242790222168 conf_frac=0.500 (2470s)
[mlx] fixed step 5500 ce=0.5944 total=0.5944 grad=1.2050138711929321 conf_frac=0.250 (2474s)
[mlx] fixed step 5510 ce=0.3642 total=0.3642 grad=0.8412364721298218 conf_frac=0.750 (2478s)
[mlx] fixed step 5520 ce=0.3565 total=0.3565 grad=0.24519507586956024 conf_frac=0.500 (2482s)
[mlx] fixed step 5530 ce=1.0957 total=1.0957 grad=0.08072301000356674 conf_frac=0.250 (2487s)
[mlx] fixed step 5540 ce=1.1589 total=1.1589 grad=1.1983790397644043 conf_frac=0.250 (2491s)
[mlx] fixed step 5550 ce=0.4626 total=0.4626 grad=0.33369097113609314 conf_frac=0.250 (2495s)
[mlx] fixed step 5560 ce=0.2040 total=0.2040 grad=0.9778675436973572 conf_frac=0.500 (2500s)
[mlx] fixed step 5570 ce=0.6829 total=0.6829 grad=0.0012427672045305371 conf_frac=0.000 (2504s)
[mlx] fixed step 5580 ce=0.4147 total=0.4147 grad=5.701319694519043 conf_frac=0.250 (2508s)
[mlx] fixed step 5590 ce=0.3626 total=0.3626 grad=6.110002040863037 conf_frac=0.750 (2512s)
[mlx] fixed step 5600 ce=0.3771 total=0.3771 grad=2.1235461235046387 conf_frac=0.750 (2516s)
[mlx] fixed step 5610 ce=0.3197 total=0.3197 grad=1.063571810722351 conf_frac=0.250 (2521s)
[mlx] fixed step 5620 ce=0.7988 total=0.7988 grad=2.9580283164978027 conf_frac=0.500 (2526s)
[mlx] fixed step 5630 ce=0.3682 total=0.3682 grad=4.620448112487793 conf_frac=0.750 (2530s)
[mlx] fixed step 5640 ce=0.6752 total=0.6752 grad=6.4818315505981445 conf_frac=0.750 (2535s)
[mlx] fixed step 5650 ce=0.3652 total=0.3652 grad=0.6012821793556213 conf_frac=0.250 (2539s)
[mlx] fixed step 5660 ce=1.0388 total=1.0388 grad=0.21039922535419464 conf_frac=0.250 (2544s)
[mlx] fixed step 5670 ce=0.8075 total=0.8075 grad=2.0319387912750244 conf_frac=0.500 (2549s)
[mlx] fixed step 5680 ce=0.4293 total=0.4293 grad=1.0934653282165527 conf_frac=0.500 (2553s)
[mlx] fixed step 5690 ce=0.5411 total=0.5411 grad=1.3613719940185547 conf_frac=0.750 (2557s)
[mlx] fixed step 5700 ce=0.7517 total=0.7517 grad=3.0839314460754395 conf_frac=0.500 (2562s)
[mlx] fixed step 5710 ce=0.7313 total=0.7313 grad=5.129861831665039 conf_frac=0.500 (2567s)
[mlx] fixed step 5720 ce=0.7933 total=0.7933 grad=0.6385414004325867 conf_frac=0.500 (2572s)
[mlx] fixed step 5730 ce=0.4182 total=0.4182 grad=0.23824350535869598 conf_frac=0.250 (2577s)
[mlx] fixed step 5740 ce=0.4016 total=0.4016 grad=0.027564609423279762 conf_frac=0.500 (2582s)
[mlx] fixed step 5750 ce=0.5901 total=0.5901 grad=0.7509697675704956 conf_frac=0.500 (2587s)
[mlx] fixed step 5760 ce=0.3100 total=0.3100 grad=0.6930548548698425 conf_frac=0.500 (2592s)
[mlx] fixed step 5770 ce=0.6601 total=0.6601 grad=0.034318991005420685 conf_frac=0.250 (2596s)
[mlx] fixed step 5780 ce=0.3042 total=0.3042 grad=0.14854419231414795 conf_frac=0.750 (2600s)
[mlx] fixed step 5790 ce=1.1314 total=1.1314 grad=0.3029623329639435 conf_frac=0.500 (2604s)
[mlx] fixed step 5800 ce=0.4801 total=0.4801 grad=2.3766355514526367 conf_frac=1.000 (2609s)
[mlx] fixed step 5810 ce=0.5964 total=0.5964 grad=0.04544612392783165 conf_frac=0.250 (2614s)
[mlx] fixed step 5820 ce=0.6104 total=0.6104 grad=0.06736883521080017 conf_frac=0.250 (2618s)
[mlx] fixed step 5830 ce=0.6312 total=0.6312 grad=0.41109150648117065 conf_frac=0.500 (2622s)
[mlx] fixed step 5840 ce=0.5512 total=0.5512 grad=0.11193085461854935 conf_frac=0.500 (2626s)
[mlx] fixed step 5850 ce=0.6133 total=0.6133 grad=0.38684818148612976 conf_frac=0.250 (2630s)
[mlx] fixed step 5860 ce=0.3579 total=0.3579 grad=0.0471932515501976 conf_frac=0.250 (2634s)
[mlx] fixed step 5870 ce=0.4905 total=0.4905 grad=0.07587442547082901 conf_frac=0.750 (2638s)
[mlx] fixed step 5880 ce=0.8837 total=0.8837 grad=2.979733943939209 conf_frac=0.750 (2642s)
[mlx] fixed step 5890 ce=0.6342 total=0.6342 grad=2.0532374382019043 conf_frac=0.250 (2646s)
[mlx] fixed step 5900 ce=0.7871 total=0.7871 grad=0.35845035314559937 conf_frac=0.250 (2650s)
[mlx] fixed step 5910 ce=0.4799 total=0.4799 grad=0.0003416681138332933 conf_frac=0.000 (2654s)
[mlx] fixed step 5920 ce=0.4018 total=0.4018 grad=0.030655408278107643 conf_frac=0.250 (2658s)
[mlx] fixed step 5930 ce=0.1787 total=0.1787 grad=0.6336793303489685 conf_frac=0.500 (2662s)
[mlx] fixed step 5940 ce=0.6274 total=0.6274 grad=1.6698310375213623 conf_frac=0.500 (2666s)
[mlx] fixed step 5950 ce=0.7299 total=0.7299 grad=2.882236957550049 conf_frac=0.500 (2670s)
[mlx] fixed step 5960 ce=0.6831 total=0.6831 grad=0.15047518908977509 conf_frac=0.500 (2675s)
[mlx] fixed step 5970 ce=0.7637 total=0.7637 grad=3.3848888874053955 conf_frac=1.000 (2679s)
[mlx] fixed step 5980 ce=0.6769 total=0.6769 grad=0.02344585210084915 conf_frac=0.250 (2683s)
[mlx] fixed step 5990 ce=0.4504 total=0.4504 grad=0.03907579556107521 conf_frac=0.750 (2687s)
[mlx] fixed step 6000 ce=0.5498 total=0.5498 grad=0.1120351105928421 conf_frac=0.500 (2692s)
[mlx] fixed post-train (n=8008) acc=0.9321 majority=0.4994 dist={'[CONFIDENT]': 0.5091158841158842, '[COND_CONFIDENT]': 0.05856643356643357, '[TEMPORAL_HEDGE]': 0.4323176823176823, '[UNKNOWN]': 0.0}
[mlx] fixed accuracy lift over majority-class baseline: +0.4327 (discriminating)
[mlx] fixed finished: 6006 steps in 2693.5s
[mlx] saved adapter -> data/prep/tcl_mlx_llama3/sft_only_seed1/adapter_fixed

[mlx] wrote data/prep/tcl_mlx_llama3/sft_only_seed1/loss_log.csv
[mlx] wrote data/prep/tcl_mlx_llama3/sft_only_seed1/run_meta.json
=== train sft_only seed 1 wall 3247s
[gen] 3622 examples | source=temporal-delta:test | arm=sft_only | adapter=data/prep/tcl_mlx_llama3/sft_only_seed1/adapter_fixed
[transformers] Ignoring clean_up_tokenization_spaces=True for BPE tokenizer TokenizersBackend. The clean_up_tokenization post-processing step is designed for WordPiece tokenizers and is destructive for BPE (it strips spaces before punctuation). Set clean_up_tokenization_spaces=False to suppress this warning, or set clean_up_tokenization_spaces_for_bpe_even_though_it_will_corrupt_output=True to force cleanup anyway.
[gen] 100/3622  EM=0.040 hedge_acc=1.000 fallback=0.000 (21s, 0.21s/ex)
[gen] 200/3622  EM=0.025 hedge_acc=0.995 fallback=0.005 (43s, 0.21s/ex)
[gen] 300/3622  EM=0.053 hedge_acc=0.997 fallback=0.003 (65s, 0.22s/ex)
[gen] 400/3622  EM=0.052 hedge_acc=0.998 fallback=0.003 (87s, 0.22s/ex)
[gen] 500/3622  EM=0.050 hedge_acc=0.998 fallback=0.002 (110s, 0.22s/ex)
[gen] 600/3622  EM=0.042 hedge_acc=0.998 fallback=0.002 (135s, 0.23s/ex)
[gen] 700/3622  EM=0.041 hedge_acc=0.999 fallback=0.001 (159s, 0.23s/ex)
[gen] 800/3622  EM=0.036 hedge_acc=0.999 fallback=0.001 (183s, 0.23s/ex)
[gen] 900/3622  EM=0.032 hedge_acc=0.999 fallback=0.001 (207s, 0.23s/ex)
[gen] 1000/3622  EM=0.029 hedge_acc=0.999 fallback=0.001 (231s, 0.23s/ex)
[gen] 1100/3622  EM=0.027 hedge_acc=0.999 fallback=0.001 (255s, 0.23s/ex)
[gen] 1200/3622  EM=0.026 hedge_acc=0.999 fallback=0.001 (278s, 0.23s/ex)
[gen] 1300/3622  EM=0.025 hedge_acc=0.999 fallback=0.001 (301s, 0.23s/ex)
[gen] 1400/3622  EM=0.024 hedge_acc=0.999 fallback=0.001 (326s, 0.23s/ex)
[gen] 1500/3622  EM=0.023 hedge_acc=0.999 fallback=0.001 (349s, 0.23s/ex)
[gen] 1600/3622  EM=0.021 hedge_acc=0.999 fallback=0.001 (373s, 0.23s/ex)
[gen] 1700/3622  EM=0.025 hedge_acc=0.997 fallback=0.001 (394s, 0.23s/ex)
[gen] 1800/3622  EM=0.024 hedge_acc=0.997 fallback=0.001 (415s, 0.23s/ex)
[gen] 1900/3622  EM=0.025 hedge_acc=0.997 fallback=0.001 (437s, 0.23s/ex)
[gen] 2000/3622  EM=0.025 hedge_acc=0.998 fallback=0.001 (460s, 0.23s/ex)
[gen] 2100/3622  EM=0.025 hedge_acc=0.998 fallback=0.000 (482s, 0.23s/ex)
[gen] 2200/3622  EM=0.024 hedge_acc=0.998 fallback=0.000 (503s, 0.23s/ex)
[gen] 2300/3622  EM=0.023 hedge_acc=0.998 fallback=0.000 (524s, 0.23s/ex)
[gen] 2400/3622  EM=0.026 hedge_acc=0.998 fallback=0.000 (544s, 0.23s/ex)
[gen] 2500/3622  EM=0.031 hedge_acc=0.998 fallback=0.000 (564s, 0.23s/ex)
[gen] 2600/3622  EM=0.032 hedge_acc=0.998 fallback=0.000 (586s, 0.23s/ex)
[gen] 2700/3622  EM=0.031 hedge_acc=0.998 fallback=0.000 (607s, 0.22s/ex)
[gen] 2800/3622  EM=0.030 hedge_acc=0.998 fallback=0.000 (628s, 0.22s/ex)
[gen] 2900/3622  EM=0.029 hedge_acc=0.998 fallback=0.000 (649s, 0.22s/ex)
[gen] 3000/3622  EM=0.029 hedge_acc=0.998 fallback=0.000 (672s, 0.22s/ex)
[gen] 3100/3622  EM=0.028 hedge_acc=0.998 fallback=0.000 (694s, 0.22s/ex)
[gen] 3200/3622  EM=0.027 hedge_acc=0.998 fallback=0.000 (718s, 0.22s/ex)
[gen] 3300/3622  EM=0.028 hedge_acc=0.997 fallback=0.000 (738s, 0.22s/ex)
[gen] 3400/3622  EM=0.030 hedge_acc=0.996 fallback=0.000 (756s, 0.22s/ex)
[gen] 3500/3622  EM=0.030 hedge_acc=0.996 fallback=0.000 (776s, 0.22s/ex)
[gen] 3600/3622  EM=0.029 hedge_acc=0.996 fallback=0.000 (796s, 0.22s/ex)

[gen] wrote data/prep/predictions_llama3/sft_only_seed1_test.jsonl
[gen] n=3622  EM=0.0290  hedge_acc=0.9959  fallback_rate=0.0003  wall=801s
=== eval sft_only seed 1 test wall 806s
[gen] 413 examples | source=freshqa | arm=sft_only | adapter=data/prep/tcl_mlx_llama3/sft_only_seed1/adapter_fixed
[transformers] Ignoring clean_up_tokenization_spaces=True for BPE tokenizer TokenizersBackend. The clean_up_tokenization post-processing step is designed for WordPiece tokenizers and is destructive for BPE (it strips spaces before punctuation). Set clean_up_tokenization_spaces=False to suppress this warning, or set clean_up_tokenization_spaces_for_bpe_even_though_it_will_corrupt_output=True to force cleanup anyway.
[gen] 100/413  EM=0.080 hedge_acc=0.000 fallback=0.030 (22s, 0.22s/ex)
[gen] 200/413  EM=0.140 hedge_acc=0.415 fallback=0.030 (42s, 0.21s/ex)
[gen] 300/413  EM=0.100 hedge_acc=0.390 fallback=0.023 (61s, 0.20s/ex)
[gen] 400/413  EM=0.100 hedge_acc=0.347 fallback=0.022 (80s, 0.20s/ex)

[gen] wrote data/prep/predictions_llama3/sft_only_seed1_freshqa.jsonl
[gen] n=413  EM=0.0969  hedge_acc=0.3366  fallback_rate=0.0218  wall=82s
=== eval sft_only seed 1 freshqa wall 87s
=== sft_only seed 1 done 2026-09-29T09:22:50Z
=== committed seed 1 pair a2574c5 Item 5 LLaMA-3: seed 1 pair (TSCT and plain fine-tuning), trained and evaluated
=== guard 2026-09-29T09:22:50Z pressure_level=1 swap=total = 10240.00M  used = 9167.62M  free = 1072.38M  (encrypted) | System-wide memory free percentage: 89%
=== tsct seed 2 start 2026-09-29T09:22:50Z | System-wide memory free percentage: 89% | total = 10240.00M  used = 9167.62M  free = 1072.38M  (encrypted)
[mlx] loaded 8008 raw examples

[mlx] === condition: fixed ===
[transformers] Ignoring clean_up_tokenization_spaces=True for BPE tokenizer TokenizersBackend. The clean_up_tokenization post-processing step is designed for WordPiece tokenizers and is destructive for BPE (it strips spaces before punctuation). Set clean_up_tokenization_spaces=False to suppress this warning, or set clean_up_tokenization_spaces_for_bpe_even_though_it_will_corrupt_output=True to force cleanup anyway.
[mlx] hedge ids (no resize, mode=reserved): [128002, 128003, 128004, 128005]
[mlx] adapted output projection: lm_head (untied)
Trainable parameters: 0.144% (11.545M/8030.261M)
[mlx] 8008 examples after tokenisation (max_len=128)
[mlx] hedge-head check: logit spread=0.000000 contrast_grad_norm=1184.289551
[mlx] fixed pre-train (n=8008) acc=0.4377 majority=0.4994 dist={'[CONFIDENT]': 1.0, '[COND_CONFIDENT]': 0.0, '[TEMPORAL_HEDGE]': 0.0, '[UNKNOWN]': 0.0}
[mlx] fixed step 0 ce=6.8642 total=6.9250 grad=5.295085430145264 conf_frac=1.000 (1s)
[mlx] fixed step 10 ce=2.0683 total=2.1554 grad=2.8571293354034424 conf_frac=1.000 (5s)
[mlx] fixed step 20 ce=1.8081 total=1.8929 grad=25.40205192565918 conf_frac=0.000 (9s)
[mlx] fixed step 30 ce=2.5549 total=2.6060 grad=16.382308959960938 conf_frac=0.000 (13s)
[mlx] fixed step 40 ce=2.0344 total=2.1104 grad=24.24517250061035 conf_frac=1.000 (18s)
[mlx] fixed step 50 ce=2.9779 total=3.0228 grad=4.570664882659912 conf_frac=0.000 (22s)
[mlx] fixed step 60 ce=1.8776 total=1.9257 grad=7.331182956695557 conf_frac=0.000 (27s)
[mlx] fixed step 70 ce=1.9198 total=1.9595 grad=0.5906015038490295 conf_frac=0.000 (31s)
[mlx] fixed step 80 ce=2.7303 total=2.7762 grad=4.145371913909912 conf_frac=1.000 (35s)
[mlx] fixed step 90 ce=1.8046 total=1.8560 grad=7.253240585327148 conf_frac=0.000 (40s)
[mlx] fixed step 100 ce=1.4471 total=1.4982 grad=9.070302963256836 conf_frac=1.000 (44s)
[mlx] fixed step 110 ce=1.7495 total=1.8078 grad=14.082259178161621 conf_frac=0.000 (49s)
[mlx] fixed step 120 ce=2.4395 total=2.4730 grad=2.5369839668273926 conf_frac=1.000 (53s)
[mlx] fixed step 130 ce=2.4107 total=2.4753 grad=15.862611770629883 conf_frac=0.000 (58s)
[mlx] fixed step 140 ce=2.5611 total=2.6027 grad=4.879923343658447 conf_frac=1.000 (62s)
[mlx] fixed step 150 ce=2.0423 total=2.0838 grad=1.0898749828338623 conf_frac=1.000 (66s)
[mlx] fixed step 160 ce=1.7057 total=1.7563 grad=5.180934429168701 conf_frac=1.000 (71s)
[mlx] fixed step 170 ce=1.5798 total=1.6299 grad=8.550079345703125 conf_frac=0.000 (75s)
[mlx] fixed step 180 ce=2.1268 total=2.1869 grad=13.5725679397583 conf_frac=1.000 (79s)
[mlx] fixed step 190 ce=1.9294 total=1.9785 grad=3.4931137561798096 conf_frac=1.000 (84s)
[mlx] fixed step 200 ce=1.3484 total=1.4020 grad=16.52044677734375 conf_frac=1.000 (88s)
[mlx] fixed step 210 ce=2.3329 total=2.3894 grad=12.278608322143555 conf_frac=1.000 (93s)
[mlx] fixed step 220 ce=1.4642 total=1.5150 grad=5.692326545715332 conf_frac=1.000 (98s)
[mlx] fixed step 230 ce=2.1104 total=2.1530 grad=2.9150850772857666 conf_frac=1.000 (103s)
[mlx] fixed step 240 ce=1.6256 total=1.6820 grad=13.082706451416016 conf_frac=0.000 (107s)
[mlx] fixed step 250 ce=1.8860 total=1.9406 grad=12.429377555847168 conf_frac=1.000 (112s)
[mlx] fixed step 260 ce=2.0370 total=2.0923 grad=5.5399675369262695 conf_frac=1.000 (117s)
[mlx] fixed step 270 ce=2.1811 total=2.2220 grad=3.3992717266082764 conf_frac=1.000 (121s)
[mlx] fixed step 280 ce=1.8344 total=1.8826 grad=10.618942260742188 conf_frac=0.000 (126s)
[mlx] fixed step 290 ce=1.3795 total=1.4284 grad=3.033825397491455 conf_frac=1.000 (130s)
[mlx] fixed step 300 ce=1.5176 total=1.5565 grad=3.6504013538360596 conf_frac=0.000 (137s)
[mlx] fixed step 310 ce=1.4053 total=1.4501 grad=8.28763484954834 conf_frac=1.000 (141s)
[mlx] fixed step 320 ce=2.5225 total=2.5642 grad=3.936603307723999 conf_frac=1.000 (146s)
[mlx] fixed step 330 ce=1.9457 total=1.9966 grad=6.1589484214782715 conf_frac=0.250 (150s)
[mlx] fixed step 340 ce=1.2923 total=1.3423 grad=5.035201072692871 conf_frac=1.000 (155s)
[mlx] fixed step 350 ce=2.1158 total=2.1609 grad=4.35269832611084 conf_frac=1.000 (159s)
[mlx] fixed step 360 ce=1.8885 total=1.9153 grad=9.466402053833008 conf_frac=1.000 (164s)
[mlx] fixed step 370 ce=1.7220 total=1.7870 grad=18.34381866455078 conf_frac=0.500 (169s)
[mlx] fixed step 380 ce=1.7012 total=1.7512 grad=11.445335388183594 conf_frac=0.750 (174s)
[mlx] fixed step 390 ce=2.1995 total=2.2314 grad=10.18215560913086 conf_frac=0.000 (179s)
[mlx] fixed step 400 ce=1.5309 total=1.6152 grad=14.190683364868164 conf_frac=0.000 (183s)
[mlx] fixed step 410 ce=2.7299 total=2.7587 grad=11.121274948120117 conf_frac=0.250 (187s)
[mlx] fixed step 420 ce=1.8115 total=1.8716 grad=13.28509521484375 conf_frac=0.000 (192s)
[mlx] fixed step 430 ce=1.2956 total=1.3322 grad=3.772017240524292 conf_frac=0.250 (197s)
[mlx] fixed step 440 ce=1.9365 total=1.9819 grad=7.718017578125 conf_frac=0.750 (202s)
[mlx] fixed step 450 ce=1.7664 total=1.8068 grad=3.8771822452545166 conf_frac=0.500 (206s)
[mlx] fixed step 460 ce=1.2148 total=1.2526 grad=7.705198287963867 conf_frac=0.500 (210s)
[mlx] fixed step 470 ce=1.4723 total=1.5031 grad=1.1394805908203125 conf_frac=0.500 (214s)
[mlx] fixed step 480 ce=1.7622 total=1.8043 grad=2.3939452171325684 conf_frac=0.750 (219s)
[mlx] fixed step 490 ce=2.3499 total=2.3953 grad=9.224817276000977 conf_frac=0.750 (224s)
[mlx] fixed step 500 ce=2.5830 total=2.6016 grad=2.5405783653259277 conf_frac=0.250 (228s)
[mlx] fixed step 510 ce=1.8158 total=1.8669 grad=6.666158199310303 conf_frac=0.250 (233s)
[mlx] fixed step 520 ce=2.0614 total=2.0998 grad=5.458329200744629 conf_frac=0.500 (237s)
[mlx] fixed step 530 ce=1.7092 total=1.7632 grad=9.169987678527832 conf_frac=0.000 (241s)
[mlx] fixed step 540 ce=2.1778 total=2.2353 grad=2.095207452774048 conf_frac=0.000 (246s)
[mlx] fixed step 550 ce=2.0450 total=2.0807 grad=5.051364421844482 conf_frac=0.750 (250s)
[mlx] fixed step 560 ce=1.6030 total=1.6287 grad=1.7039387226104736 conf_frac=0.250 (255s)
[mlx] fixed step 570 ce=2.0801 total=2.1009 grad=4.465424060821533 conf_frac=0.500 (260s)
[mlx] fixed step 580 ce=1.2810 total=1.3010 grad=2.6974198818206787 conf_frac=0.500 (264s)
[mlx] fixed step 590 ce=2.1262 total=2.1492 grad=2.735682964324951 conf_frac=0.500 (268s)
[mlx] fixed step 600 ce=1.3833 total=1.3954 grad=1.5679106712341309 conf_frac=0.500 (272s)
[mlx] fixed step 610 ce=1.2756 total=1.3127 grad=1.494826316833496 conf_frac=0.500 (277s)
[mlx] fixed step 620 ce=1.9210 total=1.9507 grad=2.1999599933624268 conf_frac=0.500 (281s)
[mlx] fixed step 630 ce=1.4033 total=1.4297 grad=6.918124198913574 conf_frac=0.500 (286s)
[mlx] fixed step 640 ce=1.5891 total=1.6265 grad=7.6176886558532715 conf_frac=0.750 (290s)
[mlx] fixed step 650 ce=1.6698 total=1.6935 grad=4.585114479064941 conf_frac=0.500 (295s)
[mlx] fixed step 660 ce=1.8890 total=1.9299 grad=3.921797752380371 conf_frac=0.250 (299s)
[mlx] fixed step 670 ce=2.1979 total=2.2205 grad=5.395809650421143 conf_frac=0.500 (304s)
[mlx] fixed step 680 ce=1.2322 total=1.2600 grad=1.87430739402771 conf_frac=0.250 (309s)
[mlx] fixed step 690 ce=2.1236 total=2.1439 grad=4.903746604919434 conf_frac=0.500 (313s)
[mlx] fixed step 700 ce=2.4224 total=2.4401 grad=3.46948504447937 conf_frac=0.500 (317s)
[mlx] fixed step 710 ce=1.5480 total=1.6299 grad=10.684439659118652 conf_frac=1.000 (321s)
[mlx] fixed step 720 ce=1.0353 total=1.0878 grad=1.039238691329956 conf_frac=0.750 (326s)
[mlx] fixed step 730 ce=1.9237 total=1.9656 grad=2.3507285118103027 conf_frac=0.250 (330s)
[mlx] fixed step 740 ce=1.9809 total=2.0049 grad=0.6529374122619629 conf_frac=0.750 (335s)
[mlx] fixed step 750 ce=1.0460 total=1.0853 grad=11.490829467773438 conf_frac=0.750 (340s)
[mlx] fixed step 760 ce=1.8055 total=1.8350 grad=5.485343933105469 conf_frac=0.500 (344s)
[mlx] fixed step 770 ce=1.8358 total=1.8817 grad=1.1684153079986572 conf_frac=0.750 (349s)
[mlx] fixed step 780 ce=1.7892 total=1.8649 grad=1.6163426637649536 conf_frac=0.750 (354s)
[mlx] fixed step 790 ce=1.6015 total=1.6248 grad=1.0684220790863037 conf_frac=0.500 (359s)
[mlx] fixed step 800 ce=2.1664 total=2.2016 grad=3.6444621086120605 conf_frac=0.750 (363s)
[mlx] fixed step 810 ce=2.4034 total=2.4228 grad=1.356522560119629 conf_frac=0.250 (368s)
[mlx] fixed step 820 ce=1.4774 total=1.5088 grad=5.970907688140869 conf_frac=0.500 (372s)
[mlx] fixed step 830 ce=1.6097 total=1.6468 grad=9.047168731689453 conf_frac=0.750 (377s)
[mlx] fixed step 840 ce=1.5913 total=1.6242 grad=1.141175627708435 conf_frac=0.750 (381s)
[mlx] fixed step 850 ce=1.9275 total=1.9455 grad=4.349154949188232 conf_frac=0.500 (386s)
[mlx] fixed step 860 ce=2.0458 total=2.0832 grad=2.278597831726074 conf_frac=0.250 (391s)
[mlx] fixed step 870 ce=2.2288 total=2.2539 grad=5.172975063323975 conf_frac=0.500 (395s)
[mlx] fixed step 880 ce=2.1073 total=2.1314 grad=5.879916667938232 conf_frac=0.500 (400s)
[mlx] fixed step 890 ce=1.9868 total=2.0102 grad=4.593905925750732 conf_frac=0.500 (404s)
[mlx] fixed step 900 ce=1.5192 total=1.5414 grad=5.143920421600342 conf_frac=0.500 (409s)
[mlx] fixed step 910 ce=1.8162 total=1.8523 grad=6.828254222869873 conf_frac=0.750 (413s)
[mlx] fixed step 920 ce=1.8577 total=1.8980 grad=3.2517714500427246 conf_frac=0.250 (418s)
[mlx] fixed step 930 ce=1.2755 total=1.3817 grad=2.7199578285217285 conf_frac=0.750 (423s)
[mlx] fixed step 940 ce=1.1400 total=1.1857 grad=5.596759796142578 conf_frac=0.750 (427s)
[mlx] fixed step 950 ce=2.1713 total=2.1890 grad=3.7934868335723877 conf_frac=0.500 (432s)
[mlx] fixed step 960 ce=1.5710 total=1.6001 grad=1.8268619775772095 conf_frac=0.500 (436s)
[mlx] fixed step 970 ce=2.3451 total=2.3971 grad=1.4816083908081055 conf_frac=0.750 (440s)
[mlx] fixed step 980 ce=2.3372 total=2.3590 grad=1.0221573114395142 conf_frac=0.500 (445s)
[mlx] fixed step 990 ce=2.1719 total=2.3133 grad=0.9955023527145386 conf_frac=1.000 (450s)
[mlx] fixed step 1000 ce=2.7252 total=2.7446 grad=4.721736907958984 conf_frac=0.500 (454s)
[mlx] fixed step 1010 ce=2.9345 total=2.9663 grad=2.350327491760254 conf_frac=0.500 (459s)
[mlx] fixed step 1020 ce=2.5491 total=2.6647 grad=1.0683497190475464 conf_frac=0.000 (464s)
[mlx] fixed step 1030 ce=2.1510 total=2.1703 grad=5.4340362548828125 conf_frac=0.500 (468s)
[mlx] fixed step 1040 ce=1.8303 total=1.8832 grad=3.330188035964966 conf_frac=0.250 (473s)
[mlx] fixed step 1050 ce=1.7430 total=1.8043 grad=1.9649602174758911 conf_frac=0.750 (477s)
[mlx] fixed step 1060 ce=2.4465 total=2.5368 grad=0.2985762059688568 conf_frac=0.000 (483s)
[mlx] fixed step 1070 ce=1.7646 total=1.7842 grad=3.966114044189453 conf_frac=0.500 (488s)
[mlx] fixed step 1080 ce=1.4432 total=1.4964 grad=3.408055543899536 conf_frac=0.250 (493s)
[mlx] fixed step 1090 ce=1.1865 total=1.2215 grad=10.183176040649414 conf_frac=0.750 (497s)
[mlx] fixed step 1100 ce=1.6266 total=1.6690 grad=3.5633091926574707 conf_frac=0.250 (501s)
[mlx] fixed step 1110 ce=1.8886 total=1.9206 grad=4.3773345947265625 conf_frac=0.500 (506s)
[mlx] fixed step 1120 ce=1.3438 total=1.3586 grad=3.060500383377075 conf_frac=0.250 (510s)
[mlx] fixed step 1130 ce=1.4664 total=1.5319 grad=3.4411540031433105 conf_frac=0.750 (515s)
[mlx] fixed step 1140 ce=0.9847 total=1.0198 grad=8.387157440185547 conf_frac=0.750 (520s)
[mlx] fixed step 1150 ce=1.3928 total=1.5319 grad=0.6722920536994934 conf_frac=1.000 (524s)
[mlx] fixed step 1160 ce=1.3205 total=1.3557 grad=1.8702452182769775 conf_frac=0.750 (529s)
[mlx] fixed step 1170 ce=2.3781 total=2.3999 grad=3.1848535537719727 conf_frac=0.500 (534s)
[mlx] fixed step 1180 ce=0.7737 total=0.8117 grad=2.06412935256958 conf_frac=0.750 (539s)
[mlx] fixed step 1190 ce=1.6381 total=1.6576 grad=3.980576515197754 conf_frac=0.500 (545s)
[mlx] fixed step 1200 ce=1.9962 total=2.0253 grad=5.70211124420166 conf_frac=0.500 (552s)
[mlx] fixed step 1210 ce=1.2601 total=1.2802 grad=2.9789247512817383 conf_frac=0.500 (557s)
[mlx] fixed step 1220 ce=1.4302 total=1.4523 grad=2.8818016052246094 conf_frac=0.500 (563s)
[mlx] fixed step 1230 ce=1.0273 total=1.2231 grad=0.9578495025634766 conf_frac=1.000 (568s)
[mlx] fixed step 1240 ce=1.3485 total=1.3834 grad=1.6742345094680786 conf_frac=0.500 (573s)
[mlx] fixed step 1250 ce=1.4494 total=1.4690 grad=3.5846505165100098 conf_frac=0.500 (577s)
[mlx] fixed step 1260 ce=1.6464 total=1.6732 grad=2.266230344772339 conf_frac=0.500 (582s)
[mlx] fixed step 1270 ce=1.5305 total=1.5544 grad=7.074742794036865 conf_frac=0.500 (587s)
[mlx] fixed step 1280 ce=2.3561 total=2.3795 grad=2.366178274154663 conf_frac=0.500 (592s)
[mlx] fixed step 1290 ce=1.5550 total=1.5829 grad=3.0503225326538086 conf_frac=0.500 (596s)
[mlx] fixed step 1300 ce=1.7717 total=1.7921 grad=5.444446086883545 conf_frac=0.500 (601s)
[mlx] fixed step 1310 ce=1.3522 total=1.4486 grad=3.03747820854187 conf_frac=0.000 (605s)
[mlx] fixed step 1320 ce=2.0658 total=2.1364 grad=1.867601752281189 conf_frac=0.000 (610s)
[mlx] fixed step 1330 ce=0.6887 total=0.7650 grad=1.6663258075714111 conf_frac=0.750 (615s)
[mlx] fixed step 1340 ce=1.7931 total=1.8177 grad=4.252185821533203 conf_frac=0.500 (619s)
[mlx] fixed step 1350 ce=1.3936 total=1.4186 grad=4.42173433303833 conf_frac=0.250 (624s)
[mlx] fixed step 1360 ce=1.8487 total=1.8812 grad=2.5392322540283203 conf_frac=0.500 (628s)
[mlx] fixed step 1370 ce=1.2012 total=1.2308 grad=2.679410934448242 conf_frac=0.750 (632s)
[mlx] fixed step 1380 ce=2.1129 total=2.1434 grad=1.8665343523025513 conf_frac=0.250 (637s)
[mlx] fixed step 1390 ce=1.4909 total=1.5415 grad=4.0687150955200195 conf_frac=0.750 (642s)
[mlx] fixed step 1400 ce=1.6795 total=1.7098 grad=1.0999046564102173 conf_frac=0.500 (646s)
[mlx] fixed step 1410 ce=1.2865 total=1.3138 grad=4.312094688415527 conf_frac=0.500 (651s)
[mlx] fixed step 1420 ce=1.7747 total=1.8146 grad=2.4770021438598633 conf_frac=0.250 (655s)
[mlx] fixed step 1430 ce=1.7030 total=1.7784 grad=3.424912214279175 conf_frac=0.750 (660s)
[mlx] fixed step 1440 ce=1.4164 total=1.4568 grad=7.802862167358398 conf_frac=0.750 (665s)
[mlx] fixed step 1450 ce=1.9680 total=1.9860 grad=3.0694663524627686 conf_frac=0.250 (670s)
[mlx] fixed step 1460 ce=1.5380 total=1.6149 grad=6.39486026763916 conf_frac=0.750 (676s)
[mlx] fixed step 1470 ce=2.3138 total=2.3583 grad=7.086704730987549 conf_frac=0.750 (680s)
[mlx] fixed step 1480 ce=2.0947 total=2.1691 grad=2.706533908843994 conf_frac=0.750 (685s)
[mlx] fixed step 1490 ce=1.3802 total=1.4053 grad=1.3681538105010986 conf_frac=0.500 (689s)
[mlx] fixed step 1500 ce=1.5931 total=1.6438 grad=2.746152877807617 conf_frac=0.250 (696s)
[mlx] fixed step 1510 ce=1.5750 total=1.6219 grad=5.689321517944336 conf_frac=0.750 (701s)
[mlx] fixed step 1520 ce=1.7106 total=1.7286 grad=1.1020082235336304 conf_frac=0.250 (705s)
[mlx] fixed step 1530 ce=1.0274 total=1.0558 grad=5.86521053314209 conf_frac=0.500 (709s)
[mlx] fixed step 1540 ce=1.5685 total=1.6535 grad=3.449361562728882 conf_frac=0.000 (714s)
[mlx] fixed step 1550 ce=1.8119 total=1.8273 grad=2.7938740253448486 conf_frac=0.500 (721s)
[mlx] fixed step 1560 ce=2.1527 total=2.2753 grad=1.252684473991394 conf_frac=0.000 (726s)
[mlx] fixed step 1570 ce=2.4347 total=2.4647 grad=2.1865227222442627 conf_frac=0.250 (732s)
[mlx] fixed step 1580 ce=1.2410 total=1.2719 grad=2.2977187633514404 conf_frac=0.250 (736s)
[mlx] fixed step 1590 ce=1.1167 total=1.1569 grad=2.5654830932617188 conf_frac=0.750 (744s)
[mlx] fixed step 1600 ce=1.6711 total=1.6881 grad=3.2173616886138916 conf_frac=0.250 (749s)
[mlx] fixed step 1610 ce=1.9086 total=1.9718 grad=4.152290344238281 conf_frac=0.250 (753s)
[mlx] fixed step 1620 ce=1.8902 total=1.9630 grad=3.779268264770508 conf_frac=0.250 (757s)
[mlx] fixed step 1630 ce=1.9076 total=1.9342 grad=1.3253237009048462 conf_frac=0.250 (762s)
[mlx] fixed step 1640 ce=2.9989 total=3.0351 grad=2.104659080505371 conf_frac=0.250 (766s)
[mlx] fixed step 1650 ce=1.1425 total=1.1776 grad=2.8104095458984375 conf_frac=0.750 (770s)
[mlx] fixed step 1660 ce=1.6531 total=1.7427 grad=4.537601470947266 conf_frac=1.000 (775s)
[mlx] fixed step 1670 ce=1.3988 total=1.4108 grad=1.7820574045181274 conf_frac=0.250 (779s)
[mlx] fixed step 1680 ce=1.7678 total=1.8270 grad=4.745585918426514 conf_frac=0.750 (784s)
[mlx] fixed step 1690 ce=1.4871 total=1.5284 grad=10.821076393127441 conf_frac=0.750 (789s)
[mlx] fixed step 1700 ce=1.3615 total=1.3841 grad=3.8773388862609863 conf_frac=0.500 (793s)
[mlx] fixed step 1710 ce=2.1342 total=2.1442 grad=1.3264552354812622 conf_frac=0.250 (797s)
[mlx] fixed step 1720 ce=2.5396 total=2.5607 grad=3.7403082847595215 conf_frac=0.500 (802s)
[mlx] fixed step 1730 ce=3.0903 total=3.1408 grad=2.360042095184326 conf_frac=0.250 (806s)
[mlx] fixed step 1740 ce=1.6658 total=1.6913 grad=4.866508483886719 conf_frac=0.500 (811s)
[mlx] fixed step 1750 ce=2.4791 total=2.5340 grad=0.6523435711860657 conf_frac=0.000 (815s)
[mlx] fixed step 1760 ce=1.1402 total=1.1739 grad=1.709177851676941 conf_frac=0.250 (820s)
[mlx] fixed step 1770 ce=1.6380 total=1.7109 grad=13.496220588684082 conf_frac=1.000 (824s)
[mlx] fixed step 1780 ce=2.0447 total=2.0929 grad=6.1782636642456055 conf_frac=0.750 (828s)
[mlx] fixed step 1790 ce=1.6719 total=1.7244 grad=1.1059738397598267 conf_frac=0.750 (833s)
[mlx] fixed step 1800 ce=2.1291 total=2.1526 grad=4.475515842437744 conf_frac=0.500 (837s)
[mlx] fixed step 1810 ce=1.9854 total=2.0761 grad=0.6764299869537354 conf_frac=0.750 (842s)
[mlx] fixed step 1820 ce=1.9327 total=1.9569 grad=6.4683122634887695 conf_frac=0.500 (846s)
[mlx] fixed step 1830 ce=1.9102 total=1.9512 grad=1.5461456775665283 conf_frac=0.500 (850s)
[mlx] fixed step 1840 ce=1.8367 total=1.9358 grad=2.2890467643737793 conf_frac=0.750 (855s)
[mlx] fixed step 1850 ce=1.2856 total=1.3677 grad=2.0868327617645264 conf_frac=0.000 (860s)
[mlx] fixed step 1860 ce=2.0937 total=2.1150 grad=4.359060764312744 conf_frac=0.500 (865s)
[mlx] fixed step 1870 ce=1.8428 total=1.9251 grad=1.5938876867294312 conf_frac=0.750 (869s)
[mlx] fixed step 1880 ce=1.6589 total=1.6987 grad=1.6457164287567139 conf_frac=0.250 (873s)
[mlx] fixed step 1890 ce=2.5220 total=2.5528 grad=2.1089084148406982 conf_frac=0.750 (878s)
[mlx] fixed step 1900 ce=2.3871 total=2.4215 grad=1.515325665473938 conf_frac=0.250 (882s)
[mlx] fixed step 1910 ce=3.0472 total=3.0879 grad=2.7422726154327393 conf_frac=0.250 (887s)
[mlx] fixed step 1920 ce=2.4032 total=2.5156 grad=0.9423993825912476 conf_frac=0.000 (891s)
[mlx] fixed step 1930 ce=1.9384 total=2.0365 grad=0.549651563167572 conf_frac=0.000 (896s)
[mlx] fixed step 1940 ce=1.7588 total=1.8094 grad=3.449066162109375 conf_frac=0.250 (900s)
[mlx] fixed step 1950 ce=1.5052 total=1.5486 grad=8.32841968536377 conf_frac=0.750 (905s)
[mlx] fixed step 1960 ce=1.3018 total=1.3195 grad=1.9535222053527832 conf_frac=0.250 (910s)
[mlx] fixed step 1970 ce=0.9228 total=0.9546 grad=2.5166890621185303 conf_frac=0.500 (915s)
[mlx] fixed step 1980 ce=1.2171 total=1.2395 grad=2.9535248279571533 conf_frac=0.500 (919s)
[mlx] fixed step 1990 ce=1.6920 total=1.7232 grad=1.1832150220870972 conf_frac=0.500 (923s)
[mlx] fixed step 2000 ce=2.0520 total=2.1052 grad=1.756883144378662 conf_frac=0.250 (928s)
[mlx] fixed step 2010 ce=0.5522 total=0.5755 grad=2.075316905975342 conf_frac=0.500 (932s)
[mlx] fixed step 2020 ce=0.3706 total=0.4964 grad=1.418700098991394 conf_frac=0.000 (937s)
[mlx] fixed step 2030 ce=0.5205 total=0.5393 grad=3.6346607208251953 conf_frac=0.500 (941s)
[mlx] fixed step 2040 ce=0.9373 total=0.9645 grad=4.039976596832275 conf_frac=0.500 (946s)
[mlx] fixed step 2050 ce=0.8133 total=0.8436 grad=4.4761786460876465 conf_frac=0.500 (950s)
[mlx] fixed step 2060 ce=1.1834 total=1.2367 grad=0.7965900897979736 conf_frac=0.750 (961s)
[mlx] fixed step 2070 ce=0.9669 total=1.1139 grad=5.669018268585205 conf_frac=1.000 (965s)
[mlx] fixed step 2080 ce=0.5816 total=0.6352 grad=2.152776002883911 conf_frac=0.250 (970s)
[mlx] fixed step 2090 ce=0.3214 total=0.3482 grad=4.205545425415039 conf_frac=0.500 (974s)
[mlx] fixed step 2100 ce=1.0462 total=1.1512 grad=1.2525054216384888 conf_frac=0.000 (978s)
[mlx] fixed step 2110 ce=1.0442 total=1.1036 grad=8.667705535888672 conf_frac=0.750 (982s)
[mlx] fixed step 2120 ce=1.0797 total=1.1080 grad=3.5764596462249756 conf_frac=0.500 (986s)
[mlx] fixed step 2130 ce=0.6909 total=0.7770 grad=5.53896951675415 conf_frac=0.750 (990s)
[mlx] fixed step 2140 ce=0.7351 total=0.7926 grad=6.719462871551514 conf_frac=0.500 (995s)
[mlx] fixed step 2150 ce=1.0009 total=1.0443 grad=2.954155206680298 conf_frac=0.250 (999s)
[mlx] fixed step 2160 ce=0.7212 total=0.7595 grad=2.375304937362671 conf_frac=0.500 (1003s)
[mlx] fixed step 2170 ce=0.6153 total=0.6567 grad=7.626481056213379 conf_frac=0.500 (1007s)
[mlx] fixed step 2180 ce=0.5445 total=0.5809 grad=0.9526517391204834 conf_frac=0.500 (1011s)
[mlx] fixed step 2190 ce=1.0234 total=1.0593 grad=2.7477762699127197 conf_frac=0.250 (1015s)
[mlx] fixed step 2200 ce=0.7524 total=0.8158 grad=1.1000356674194336 conf_frac=0.000 (1019s)
[mlx] fixed step 2210 ce=0.5249 total=0.6879 grad=4.551366806030273 conf_frac=1.000 (1024s)
[mlx] fixed step 2220 ce=0.9174 total=0.9387 grad=3.8689751625061035 conf_frac=0.500 (1028s)
[mlx] fixed step 2230 ce=1.3369 total=1.3709 grad=2.3469791412353516 conf_frac=0.500 (1034s)
[mlx] fixed step 2240 ce=0.7819 total=0.8088 grad=2.6681532859802246 conf_frac=0.250 (1038s)
[mlx] fixed step 2250 ce=1.1514 total=1.1989 grad=8.536206245422363 conf_frac=0.750 (1042s)
[mlx] fixed step 2260 ce=0.7005 total=0.7261 grad=3.9498391151428223 conf_frac=0.500 (1046s)
[mlx] fixed step 2270 ce=1.6002 total=1.6290 grad=6.235457897186279 conf_frac=0.500 (1051s)
[mlx] fixed step 2280 ce=1.0451 total=1.0688 grad=3.394362211227417 conf_frac=0.500 (1057s)
[mlx] fixed step 2290 ce=0.8053 total=0.8458 grad=2.0433762073516846 conf_frac=0.250 (1062s)
[mlx] fixed step 2300 ce=0.6396 total=0.7086 grad=2.1511876583099365 conf_frac=1.000 (1068s)
[mlx] fixed step 2310 ce=0.4963 total=0.5232 grad=5.9966959953308105 conf_frac=0.500 (1073s)
[mlx] fixed step 2320 ce=1.2573 total=1.4451 grad=4.726622581481934 conf_frac=1.000 (1079s)
[mlx] fixed step 2330 ce=1.1881 total=1.2651 grad=0.6034729480743408 conf_frac=0.750 (1085s)
[mlx] fixed step 2340 ce=1.0457 total=1.1264 grad=3.565253973007202 conf_frac=0.500 (1090s)
[mlx] fixed step 2350 ce=0.8272 total=0.8833 grad=5.39506196975708 conf_frac=0.750 (1095s)
[mlx] fixed step 2360 ce=0.6528 total=0.6846 grad=6.550561428070068 conf_frac=0.500 (1100s)
[mlx] fixed step 2370 ce=0.7224 total=0.7497 grad=1.0427913665771484 conf_frac=0.500 (1104s)
[mlx] fixed step 2380 ce=0.3785 total=0.4313 grad=6.970296859741211 conf_frac=0.750 (1108s)
[mlx] fixed step 2390 ce=1.0575 total=1.0903 grad=1.633497714996338 conf_frac=0.250 (1113s)
[mlx] fixed step 2400 ce=0.6585 total=0.7086 grad=2.7854278087615967 conf_frac=0.250 (1117s)
[mlx] fixed step 2410 ce=0.7755 total=0.8064 grad=2.4203617572784424 conf_frac=0.250 (1121s)
[mlx] fixed step 2420 ce=0.9838 total=0.9991 grad=2.2323555946350098 conf_frac=0.250 (1126s)
[mlx] fixed step 2430 ce=0.7993 total=0.8541 grad=3.3966782093048096 conf_frac=0.250 (1131s)
[mlx] fixed step 2440 ce=1.1138 total=1.1415 grad=2.1096653938293457 conf_frac=0.250 (1136s)
[mlx] fixed step 2450 ce=1.1852 total=1.2270 grad=1.5697381496429443 conf_frac=0.250 (1140s)
[mlx] fixed step 2460 ce=1.0082 total=1.0294 grad=3.3622264862060547 conf_frac=0.500 (1145s)
[mlx] fixed step 2470 ce=1.2254 total=1.3083 grad=4.070231914520264 conf_frac=0.250 (1149s)
[mlx] fixed step 2480 ce=0.8202 total=0.8666 grad=2.555543899536133 conf_frac=0.500 (1154s)
[mlx] fixed step 2490 ce=1.1692 total=1.2176 grad=2.297821044921875 conf_frac=0.250 (1158s)
[mlx] fixed step 2500 ce=0.9960 total=1.0727 grad=6.018731594085693 conf_frac=0.750 (1163s)
[mlx] fixed step 2510 ce=1.2624 total=1.2880 grad=5.082485198974609 conf_frac=0.500 (1167s)
[mlx] fixed step 2520 ce=0.7372 total=0.8027 grad=5.467718124389648 conf_frac=0.750 (1172s)
[mlx] fixed step 2530 ce=1.5025 total=1.6026 grad=0.6344670653343201 conf_frac=0.000 (1176s)
[mlx] fixed step 2540 ce=0.6903 total=0.7110 grad=4.259294509887695 conf_frac=0.500 (1180s)
[mlx] fixed step 2550 ce=0.7056 total=0.7489 grad=9.085512161254883 conf_frac=0.750 (1185s)
[mlx] fixed step 2560 ce=0.6139 total=0.6440 grad=2.270092248916626 conf_frac=0.250 (1189s)
[mlx] fixed step 2570 ce=0.8664 total=0.9621 grad=0.4508216679096222 conf_frac=0.000 (1194s)
[mlx] fixed step 2580 ce=0.3161 total=0.3512 grad=1.7828327417373657 conf_frac=0.250 (1199s)
[mlx] fixed step 2590 ce=0.5269 total=0.5583 grad=2.8173258304595947 conf_frac=0.500 (1203s)
[mlx] fixed step 2600 ce=1.3037 total=1.3457 grad=1.970462679862976 conf_frac=0.750 (1207s)
[mlx] fixed step 2610 ce=1.5682 total=1.5877 grad=4.676748752593994 conf_frac=0.500 (1212s)
[mlx] fixed step 2620 ce=1.2622 total=1.3136 grad=5.894903659820557 conf_frac=0.750 (1216s)
[mlx] fixed step 2630 ce=0.9025 total=0.9723 grad=4.718453884124756 conf_frac=0.750 (1220s)
[mlx] fixed step 2640 ce=0.8639 total=0.8903 grad=5.20115852355957 conf_frac=0.500 (1225s)
[mlx] fixed step 2650 ce=0.8964 total=0.9083 grad=2.8022079467773438 conf_frac=0.250 (1229s)
[mlx] fixed step 2660 ce=0.8419 total=0.8749 grad=5.481625556945801 conf_frac=0.500 (1234s)
[mlx] fixed step 2670 ce=1.4645 total=1.4928 grad=6.091041088104248 conf_frac=0.500 (1239s)
[mlx] fixed step 2680 ce=0.5859 total=0.6341 grad=6.644779682159424 conf_frac=0.750 (1243s)
[mlx] fixed step 2690 ce=0.9596 total=1.0084 grad=2.8316614627838135 conf_frac=0.250 (1248s)
[mlx] fixed step 2700 ce=1.8120 total=1.8337 grad=1.5820512771606445 conf_frac=0.250 (1253s)
[mlx] fixed step 2710 ce=0.7012 total=0.7489 grad=4.643625736236572 conf_frac=0.750 (1257s)
[mlx] fixed step 2720 ce=0.4924 total=0.5442 grad=4.43203067779541 conf_frac=0.750 (1261s)
[mlx] fixed step 2730 ce=0.8533 total=0.9032 grad=5.589539051055908 conf_frac=0.750 (1266s)
[mlx] fixed step 2740 ce=0.5841 total=0.6115 grad=1.4907478094100952 conf_frac=0.250 (1270s)
[mlx] fixed step 2750 ce=1.0924 total=1.1526 grad=4.500686168670654 conf_frac=0.750 (1275s)
[mlx] fixed step 2760 ce=1.1621 total=1.2042 grad=1.4839740991592407 conf_frac=0.250 (1280s)
[mlx] fixed step 2770 ce=0.6185 total=0.6388 grad=2.101738452911377 conf_frac=0.500 (1285s)
[mlx] fixed step 2780 ce=0.9671 total=1.0049 grad=1.8430625200271606 conf_frac=0.250 (1289s)
[mlx] fixed step 2790 ce=1.7711 total=1.7950 grad=5.018605709075928 conf_frac=0.500 (1294s)
[mlx] fixed step 2800 ce=0.4743 total=0.6290 grad=4.861705780029297 conf_frac=1.000 (1298s)
[mlx] fixed step 2810 ce=1.2395 total=1.2705 grad=2.807668447494507 conf_frac=0.500 (1303s)
[mlx] fixed step 2820 ce=0.9036 total=0.9251 grad=1.3946692943572998 conf_frac=0.500 (1307s)
[mlx] fixed step 2830 ce=0.8940 total=0.9177 grad=3.8632383346557617 conf_frac=0.250 (1312s)
[mlx] fixed step 2840 ce=1.4171 total=1.4567 grad=2.693239688873291 conf_frac=0.250 (1316s)
[mlx] fixed step 2850 ce=0.4059 total=0.4352 grad=2.499483585357666 conf_frac=0.250 (1321s)
[mlx] fixed step 2860 ce=1.0675 total=1.1530 grad=1.309687852859497 conf_frac=0.750 (1325s)
[mlx] fixed step 2870 ce=0.6420 total=0.6814 grad=2.7720327377319336 conf_frac=0.250 (1330s)
[mlx] fixed step 2880 ce=0.9835 total=1.0716 grad=0.5210129022598267 conf_frac=0.000 (1335s)
[mlx] fixed step 2890 ce=0.8856 total=0.9101 grad=4.445834636688232 conf_frac=0.500 (1340s)
[mlx] fixed step 2900 ce=0.7867 total=0.8486 grad=5.726205825805664 conf_frac=0.750 (1344s)
[mlx] fixed step 2910 ce=0.4912 total=0.5859 grad=9.491758346557617 conf_frac=1.000 (1349s)
[mlx] fixed step 2920 ce=0.4084 total=0.4366 grad=1.2013587951660156 conf_frac=0.250 (1353s)
[mlx] fixed step 2930 ce=0.9999 total=1.0251 grad=3.2442800998687744 conf_frac=0.250 (1358s)
[mlx] fixed step 2940 ce=1.3055 total=1.3735 grad=2.9923598766326904 conf_frac=0.250 (1363s)
[mlx] fixed step 2950 ce=0.5939 total=0.6501 grad=10.173832893371582 conf_frac=0.750 (1367s)
[mlx] fixed step 2960 ce=0.5514 total=0.6911 grad=7.142124176025391 conf_frac=1.000 (1372s)
[mlx] fixed step 2970 ce=0.8841 total=0.9157 grad=6.012690544128418 conf_frac=0.500 (1376s)
[mlx] fixed step 2980 ce=1.0111 total=1.0328 grad=3.2567834854125977 conf_frac=0.250 (1382s)
[mlx] fixed step 2990 ce=0.9859 total=1.0029 grad=2.4988162517547607 conf_frac=0.250 (1387s)
[mlx] fixed step 3000 ce=0.7126 total=0.7701 grad=6.106196403503418 conf_frac=0.750 (1391s)
[mlx] fixed step 3010 ce=0.8387 total=0.8691 grad=4.1934590339660645 conf_frac=0.500 (1396s)
[mlx] fixed step 3020 ce=1.0523 total=1.1306 grad=1.3468345403671265 conf_frac=0.000 (1401s)
[mlx] fixed step 3030 ce=1.3250 total=1.3542 grad=1.3365821838378906 conf_frac=0.250 (1405s)
[mlx] fixed step 3040 ce=1.0614 total=1.1127 grad=3.482442617416382 conf_frac=0.250 (1409s)
[mlx] fixed step 3050 ce=1.0396 total=1.0932 grad=7.263246536254883 conf_frac=0.750 (1413s)
[mlx] fixed step 3060 ce=1.1740 total=1.2210 grad=6.698085308074951 conf_frac=0.750 (1418s)
[mlx] fixed step 3070 ce=1.0910 total=1.1270 grad=2.127986431121826 conf_frac=0.500 (1423s)
[mlx] fixed step 3080 ce=1.1227 total=1.1793 grad=1.098625898361206 conf_frac=0.000 (1427s)
[mlx] fixed step 3090 ce=0.8413 total=0.9166 grad=1.8145004510879517 conf_frac=0.750 (1432s)
[mlx] fixed step 3100 ce=1.2388 total=1.2672 grad=5.370361328125 conf_frac=0.500 (1436s)
[mlx] fixed step 3110 ce=0.7876 total=0.8390 grad=5.687038898468018 conf_frac=0.750 (1441s)
[mlx] fixed step 3120 ce=0.8491 total=0.8850 grad=4.405267238616943 conf_frac=0.250 (1446s)
[mlx] fixed step 3130 ce=0.3404 total=0.3950 grad=3.771500825881958 conf_frac=0.250 (1451s)
[mlx] fixed step 3140 ce=0.7813 total=0.8086 grad=3.6316421031951904 conf_frac=0.500 (1455s)
[mlx] fixed step 3150 ce=0.5007 total=0.5276 grad=1.4303138256072998 conf_frac=0.250 (1459s)
[mlx] fixed step 3160 ce=0.6279 total=0.6539 grad=4.355987071990967 conf_frac=0.500 (1464s)
[mlx] fixed step 3170 ce=0.5781 total=0.6117 grad=5.561166763305664 conf_frac=0.500 (1468s)
[mlx] fixed step 3180 ce=0.7152 total=0.7417 grad=4.551876068115234 conf_frac=0.500 (1472s)
[mlx] fixed step 3190 ce=0.9948 total=1.0093 grad=0.49144861102104187 conf_frac=0.250 (1477s)
[mlx] fixed step 3200 ce=0.5010 total=0.6062 grad=4.3371968269348145 conf_frac=0.750 (1482s)
[mlx] fixed step 3210 ce=1.1912 total=1.2298 grad=1.3170225620269775 conf_frac=0.500 (1486s)
[mlx] fixed step 3220 ce=1.0357 total=1.0644 grad=3.6727023124694824 conf_frac=0.500 (1490s)
[mlx] fixed step 3230 ce=1.3840 total=1.4033 grad=4.328813076019287 conf_frac=0.500 (1495s)
[mlx] fixed step 3240 ce=0.4987 total=0.5237 grad=3.8457467555999756 conf_frac=0.500 (1499s)
[mlx] fixed step 3250 ce=0.7112 total=0.7530 grad=4.292834281921387 conf_frac=0.500 (1504s)
[mlx] fixed step 3260 ce=0.4180 total=0.4466 grad=7.467808246612549 conf_frac=0.500 (1509s)
[mlx] fixed step 3270 ce=0.8709 total=0.8857 grad=1.36042320728302 conf_frac=0.250 (1513s)
[mlx] fixed step 3280 ce=0.5626 total=0.6293 grad=4.321774005889893 conf_frac=0.750 (1518s)
[mlx] fixed step 3290 ce=0.4455 total=0.4735 grad=3.9560956954956055 conf_frac=0.500 (1522s)
[mlx] fixed step 3300 ce=1.2329 total=1.2939 grad=0.6641280055046082 conf_frac=0.750 (1527s)
[mlx] fixed step 3310 ce=1.0920 total=1.1170 grad=3.8807902336120605 conf_frac=0.500 (1531s)
[mlx] fixed step 3320 ce=1.2710 total=1.3343 grad=1.242658257484436 conf_frac=0.000 (1536s)
[mlx] fixed step 3330 ce=1.0322 total=1.1036 grad=5.704667568206787 conf_frac=0.500 (1540s)
[mlx] fixed step 3340 ce=1.2385 total=1.2897 grad=8.689431190490723 conf_frac=0.750 (1545s)
[mlx] fixed step 3350 ce=0.6423 total=0.6704 grad=3.7823991775512695 conf_frac=0.500 (1549s)
[mlx] fixed step 3360 ce=1.0707 total=1.1108 grad=1.895418405532837 conf_frac=0.250 (1554s)
[mlx] fixed step 3370 ce=1.0542 total=1.0754 grad=3.769575834274292 conf_frac=0.500 (1559s)
[mlx] fixed step 3380 ce=0.4711 total=0.4916 grad=3.858398199081421 conf_frac=0.500 (1564s)
[mlx] fixed step 3390 ce=0.8145 total=0.9212 grad=8.031234741210938 conf_frac=1.000 (1568s)
[mlx] fixed step 3400 ce=0.7453 total=0.7860 grad=2.837189197540283 conf_frac=0.750 (1573s)
[mlx] fixed step 3410 ce=0.9081 total=0.9378 grad=2.185499429702759 conf_frac=0.500 (1577s)
[mlx] fixed step 3420 ce=1.1687 total=1.2245 grad=0.45251476764678955 conf_frac=0.750 (1582s)
[mlx] fixed step 3430 ce=1.0373 total=1.0795 grad=5.6151018142700195 conf_frac=0.750 (1587s)
[mlx] fixed step 3440 ce=0.6695 total=0.7662 grad=3.1856398582458496 conf_frac=0.500 (1592s)
[mlx] fixed step 3450 ce=1.1074 total=1.1773 grad=1.130042314529419 conf_frac=0.750 (1599s)
[mlx] fixed step 3460 ce=0.6511 total=0.6839 grad=4.148914813995361 conf_frac=0.750 (1604s)
[mlx] fixed step 3470 ce=0.9831 total=1.0540 grad=6.252707004547119 conf_frac=0.750 (1609s)
[mlx] fixed step 3480 ce=0.2565 total=0.3648 grad=7.259807109832764 conf_frac=1.000 (1616s)
[mlx] fixed step 3490 ce=0.9387 total=1.0307 grad=1.63914155960083 conf_frac=1.000 (1620s)
[mlx] fixed step 3500 ce=0.7571 total=0.8202 grad=6.990334987640381 conf_frac=0.750 (1625s)
[mlx] fixed step 3510 ce=0.3684 total=0.4427 grad=6.210380554199219 conf_frac=0.750 (1630s)
[mlx] fixed step 3520 ce=0.5413 total=0.5969 grad=4.518452167510986 conf_frac=0.750 (1634s)
[mlx] fixed step 3530 ce=1.5013 total=1.5202 grad=3.6765754222869873 conf_frac=0.500 (1639s)
[mlx] fixed step 3540 ce=2.0095 total=2.0430 grad=7.175110816955566 conf_frac=0.500 (1644s)
[mlx] fixed step 3550 ce=0.9032 total=0.9443 grad=1.8075463771820068 conf_frac=0.500 (1648s)
[mlx] fixed step 3560 ce=0.4003 total=0.4180 grad=2.449467182159424 conf_frac=0.250 (1653s)
[mlx] fixed step 3570 ce=1.1128 total=1.1451 grad=1.5559430122375488 conf_frac=0.250 (1657s)
[mlx] fixed step 3580 ce=0.9250 total=0.9819 grad=3.0638322830200195 conf_frac=0.250 (1661s)
[mlx] fixed step 3590 ce=1.0388 total=1.0628 grad=2.8876869678497314 conf_frac=0.250 (1666s)
[mlx] fixed step 3600 ce=0.8014 total=0.8245 grad=4.733449935913086 conf_frac=0.500 (1671s)
[mlx] fixed step 3610 ce=0.7259 total=0.7556 grad=1.3697919845581055 conf_frac=0.250 (1675s)
[mlx] fixed step 3620 ce=1.0108 total=1.0361 grad=3.0600457191467285 conf_frac=0.500 (1679s)
[mlx] fixed step 3630 ce=0.4615 total=0.5034 grad=2.191453695297241 conf_frac=0.250 (1684s)
[mlx] fixed step 3640 ce=1.0194 total=1.0563 grad=1.5380761623382568 conf_frac=0.250 (1688s)
[mlx] fixed step 3650 ce=0.7784 total=0.8517 grad=6.003252983093262 conf_frac=0.750 (1693s)
[mlx] fixed step 3660 ce=1.2833 total=1.3063 grad=4.786736488342285 conf_frac=0.500 (1697s)
[mlx] fixed step 3670 ce=0.6276 total=0.6674 grad=3.5449440479278564 conf_frac=0.250 (1701s)
[mlx] fixed step 3680 ce=0.8763 total=0.8913 grad=2.5068702697753906 conf_frac=0.250 (1706s)
[mlx] fixed step 3690 ce=1.1166 total=1.1624 grad=2.0953447818756104 conf_frac=0.250 (1710s)
[mlx] fixed step 3700 ce=0.8426 total=0.8665 grad=4.907504558563232 conf_frac=0.500 (1714s)
[mlx] fixed step 3710 ce=0.8568 total=0.9016 grad=6.824547290802002 conf_frac=0.750 (1719s)
[mlx] fixed step 3720 ce=1.2571 total=1.3214 grad=1.064881443977356 conf_frac=0.750 (1723s)
[mlx] fixed step 3730 ce=1.2071 total=1.2299 grad=4.643702030181885 conf_frac=0.500 (1729s)
[mlx] fixed step 3740 ce=0.8354 total=0.8997 grad=3.355907440185547 conf_frac=0.250 (1733s)
[mlx] fixed step 3750 ce=1.1687 total=1.2040 grad=1.6255042552947998 conf_frac=0.500 (1739s)
[mlx] fixed step 3760 ce=0.8655 total=0.9555 grad=6.6675214767456055 conf_frac=1.000 (1743s)
[mlx] fixed step 3770 ce=1.2032 total=1.2200 grad=3.089266777038574 conf_frac=0.250 (1748s)
[mlx] fixed step 3780 ce=0.5532 total=0.5792 grad=3.213693618774414 conf_frac=0.500 (1752s)
[mlx] fixed step 3790 ce=0.4434 total=0.4687 grad=2.2839176654815674 conf_frac=0.500 (1757s)
[mlx] fixed step 3800 ce=1.0659 total=1.1210 grad=4.025165557861328 conf_frac=0.750 (1762s)
[mlx] fixed step 3810 ce=0.9602 total=0.9813 grad=5.747469902038574 conf_frac=0.500 (1766s)
[mlx] fixed step 3820 ce=1.0590 total=1.1227 grad=1.9098230600357056 conf_frac=0.000 (1771s)
[mlx] fixed step 3830 ce=0.9839 total=1.0094 grad=4.635242938995361 conf_frac=0.500 (1775s)
[mlx] fixed step 3840 ce=0.8256 total=0.8389 grad=1.7656878232955933 conf_frac=0.250 (1780s)
[mlx] fixed step 3850 ce=0.9063 total=0.9633 grad=5.986348628997803 conf_frac=0.750 (1785s)
[mlx] fixed step 3860 ce=1.1439 total=1.1746 grad=0.7171476483345032 conf_frac=0.500 (1790s)
[mlx] fixed step 3870 ce=1.5044 total=1.5411 grad=6.797467231750488 conf_frac=0.250 (1797s)
[mlx] fixed step 3880 ce=1.0525 total=1.0893 grad=4.322371006011963 conf_frac=0.500 (1802s)
[mlx] fixed step 3890 ce=0.7822 total=0.8072 grad=3.5707530975341797 conf_frac=0.500 (1807s)
[mlx] fixed step 3900 ce=1.0982 total=1.1325 grad=2.066962242126465 conf_frac=0.250 (1818s)
[mlx] fixed step 3910 ce=0.6659 total=0.6897 grad=3.2903318405151367 conf_frac=0.250 (1824s)
[mlx] fixed step 3920 ce=0.9770 total=1.0162 grad=1.8393305540084839 conf_frac=0.250 (1828s)
[mlx] fixed step 3930 ce=0.9773 total=1.0072 grad=3.026665210723877 conf_frac=0.500 (1832s)
[mlx] fixed step 3940 ce=0.5674 total=0.6231 grad=3.992424964904785 conf_frac=0.750 (1836s)
[mlx] fixed step 3950 ce=1.1342 total=1.1717 grad=3.2757349014282227 conf_frac=0.750 (1840s)
[mlx] fixed step 3960 ce=1.0571 total=1.0907 grad=1.9571759700775146 conf_frac=0.500 (1844s)
[mlx] fixed step 3970 ce=0.8763 total=0.9836 grad=3.321770668029785 conf_frac=1.000 (1848s)
[mlx] fixed step 3980 ce=1.1583 total=1.2045 grad=2.095367908477783 conf_frac=0.250 (1853s)
[mlx] fixed step 3990 ce=0.6372 total=0.6913 grad=1.9336251020431519 conf_frac=0.750 (1857s)
[mlx] fixed step 4000 ce=0.7858 total=0.8774 grad=9.847516059875488 conf_frac=1.000 (1861s)
[mlx] fixed step 4010 ce=0.2634 total=0.3224 grad=7.716377258300781 conf_frac=0.750 (1865s)
[mlx] fixed step 4020 ce=0.6543 total=0.6806 grad=2.856894016265869 conf_frac=0.250 (1869s)
[mlx] fixed step 4030 ce=0.2246 total=0.2549 grad=0.7916575074195862 conf_frac=0.500 (1874s)
[mlx] fixed step 4040 ce=0.2499 total=0.2875 grad=2.552175760269165 conf_frac=0.750 (1878s)
[mlx] fixed step 4050 ce=0.4722 total=0.5405 grad=0.18090708553791046 conf_frac=0.000 (1887s)
[mlx] fixed step 4060 ce=0.8948 total=0.9205 grad=0.9642813801765442 conf_frac=0.250 (1891s)
[mlx] fixed step 4070 ce=0.2845 total=0.3144 grad=1.2390286922454834 conf_frac=0.250 (1895s)
[mlx] fixed step 4080 ce=0.4440 total=0.4809 grad=5.929118633270264 conf_frac=0.500 (1899s)
[mlx] fixed step 4090 ce=0.4908 total=0.5520 grad=4.728565216064453 conf_frac=0.750 (1903s)
[mlx] fixed step 4100 ce=0.5820 total=0.6213 grad=7.542856693267822 conf_frac=0.750 (1907s)
[mlx] fixed step 4110 ce=0.3127 total=0.3913 grad=4.880571365356445 conf_frac=1.000 (1912s)
[mlx] fixed step 4120 ce=0.4814 total=0.4986 grad=2.0695736408233643 conf_frac=0.250 (1916s)
[mlx] fixed step 4130 ce=0.6491 total=0.6818 grad=1.7882189750671387 conf_frac=0.500 (1920s)
[mlx] fixed step 4140 ce=0.5030 total=0.5330 grad=4.466042518615723 conf_frac=0.500 (1924s)
[mlx] fixed step 4150 ce=1.0017 total=1.0274 grad=3.972883701324463 conf_frac=0.500 (1928s)
[mlx] fixed step 4160 ce=0.3622 total=0.4160 grad=0.9048541784286499 conf_frac=0.000 (1933s)
[mlx] fixed step 4170 ce=0.5070 total=0.5618 grad=3.2934179306030273 conf_frac=0.250 (1937s)
[mlx] fixed step 4180 ce=0.3618 total=0.4375 grad=4.4845356941223145 conf_frac=1.000 (1941s)
[mlx] fixed step 4190 ce=0.3664 total=0.3916 grad=4.2347564697265625 conf_frac=0.500 (1946s)
[mlx] fixed step 4200 ce=0.6405 total=0.6896 grad=3.41917085647583 conf_frac=0.250 (1951s)
[mlx] fixed step 4210 ce=1.1831 total=1.2378 grad=4.989384174346924 conf_frac=0.750 (1955s)
[mlx] fixed step 4220 ce=0.6107 total=0.6408 grad=2.952054023742676 conf_frac=0.500 (1960s)
[mlx] fixed step 4230 ce=0.7136 total=0.7932 grad=6.315283298492432 conf_frac=0.750 (1964s)
[mlx] fixed step 4240 ce=0.6846 total=0.7525 grad=1.1490949392318726 conf_frac=0.750 (1968s)
[mlx] fixed step 4250 ce=0.7934 total=0.8646 grad=5.723771095275879 conf_frac=0.500 (1972s)
[mlx] fixed step 4260 ce=0.2676 total=0.2932 grad=3.9085381031036377 conf_frac=0.500 (1977s)
[mlx] fixed step 4270 ce=0.3932 total=0.4588 grad=4.6182146072387695 conf_frac=0.750 (1981s)
[mlx] fixed step 4280 ce=0.5491 total=0.5920 grad=6.449038505554199 conf_frac=0.750 (1986s)
[mlx] fixed step 4290 ce=0.3020 total=0.4044 grad=0.9555457830429077 conf_frac=0.000 (1990s)
[mlx] fixed step 4300 ce=0.7102 total=0.7431 grad=2.119955062866211 conf_frac=0.500 (1995s)
[mlx] fixed step 4310 ce=0.2563 total=0.3649 grad=6.4551777839660645 conf_frac=1.000 (1999s)
[mlx] fixed step 4320 ce=0.6328 total=0.6627 grad=2.8105688095092773 conf_frac=0.500 (2004s)
[mlx] fixed step 4330 ce=0.5957 total=0.6533 grad=4.551063537597656 conf_frac=0.750 (2008s)
[mlx] fixed step 4340 ce=0.2715 total=0.3449 grad=5.8810553550720215 conf_frac=0.000 (2013s)
[mlx] fixed step 4350 ce=0.7665 total=0.7900 grad=1.5293055772781372 conf_frac=0.500 (2017s)
[mlx] fixed step 4360 ce=0.3849 total=0.4252 grad=2.152313709259033 conf_frac=0.750 (2021s)
[mlx] fixed step 4370 ce=0.7885 total=0.8412 grad=5.5416107177734375 conf_frac=0.750 (2026s)
[mlx] fixed step 4380 ce=0.5567 total=0.5932 grad=1.9256525039672852 conf_frac=0.500 (2030s)
[mlx] fixed step 4390 ce=0.6963 total=0.7417 grad=5.068216800689697 conf_frac=0.500 (2035s)
[mlx] fixed step 4400 ce=0.5654 total=0.6060 grad=5.008106231689453 conf_frac=0.500 (2039s)
[mlx] fixed step 4410 ce=0.6676 total=0.6893 grad=2.808446168899536 conf_frac=0.500 (2044s)
[mlx] fixed step 4420 ce=0.9620 total=0.9976 grad=4.474210739135742 conf_frac=0.500 (2049s)
[mlx] fixed step 4430 ce=1.1411 total=1.1620 grad=3.0108325481414795 conf_frac=0.250 (2053s)
[mlx] fixed step 4440 ce=0.6553 total=0.6661 grad=2.321368455886841 conf_frac=0.250 (2058s)
[mlx] fixed step 4450 ce=0.2816 total=0.3259 grad=5.929427623748779 conf_frac=0.750 (2062s)
[mlx] fixed step 4460 ce=0.6342 total=0.6751 grad=5.499787330627441 conf_frac=0.500 (2067s)
[mlx] fixed step 4470 ce=0.2758 total=0.2892 grad=2.2970516681671143 conf_frac=0.250 (2071s)
[mlx] fixed step 4480 ce=0.5343 total=0.5628 grad=1.3400877714157104 conf_frac=0.250 (2075s)
[mlx] fixed step 4490 ce=0.3260 total=0.3675 grad=4.464505672454834 conf_frac=0.500 (2080s)
[mlx] fixed step 4500 ce=0.5765 total=0.5984 grad=3.406256675720215 conf_frac=0.250 (2084s)
[mlx] fixed step 4510 ce=0.4029 total=0.4489 grad=0.6793081164360046 conf_frac=0.750 (2089s)
[mlx] fixed step 4520 ce=0.4675 total=0.5031 grad=5.044713973999023 conf_frac=0.500 (2093s)
[mlx] fixed step 4530 ce=0.5567 total=0.5884 grad=3.6538245677948 conf_frac=0.500 (2097s)
[mlx] fixed step 4540 ce=0.4468 total=0.4848 grad=4.352854251861572 conf_frac=0.500 (2102s)
[mlx] fixed step 4550 ce=0.2222 total=0.2779 grad=5.533323764801025 conf_frac=0.750 (2106s)
[mlx] fixed step 4560 ce=0.7654 total=0.8946 grad=6.117636203765869 conf_frac=1.000 (2110s)
[mlx] fixed step 4570 ce=0.5811 total=0.6752 grad=0.3736657500267029 conf_frac=0.000 (2116s)
[mlx] fixed step 4580 ce=0.5907 total=0.6135 grad=3.636281728744507 conf_frac=0.500 (2121s)
[mlx] fixed step 4590 ce=0.5452 total=0.5940 grad=1.846039056777954 conf_frac=0.250 (2127s)
[mlx] fixed step 4600 ce=0.6159 total=0.6340 grad=3.5394091606140137 conf_frac=0.500 (2133s)
[mlx] fixed step 4610 ce=0.3188 total=0.3460 grad=6.357110977172852 conf_frac=0.500 (2138s)
[mlx] fixed step 4620 ce=0.4399 total=0.4962 grad=0.9238229393959045 conf_frac=0.750 (2144s)
[mlx] fixed step 4630 ce=0.6745 total=0.6938 grad=2.8921358585357666 conf_frac=0.500 (2149s)
[mlx] fixed step 4640 ce=0.2504 total=0.2799 grad=3.3710949420928955 conf_frac=0.250 (2153s)
[mlx] fixed step 4650 ce=0.4348 total=0.4747 grad=1.0561597347259521 conf_frac=0.250 (2158s)
[mlx] fixed step 4660 ce=0.7424 total=0.7802 grad=6.272943496704102 conf_frac=0.500 (2163s)
[mlx] fixed step 4670 ce=0.3388 total=0.3765 grad=7.730594635009766 conf_frac=0.750 (2168s)
[mlx] fixed step 4680 ce=1.0309 total=1.0677 grad=1.4547268152236938 conf_frac=0.250 (2172s)
[mlx] fixed step 4690 ce=0.2537 total=0.2852 grad=3.803598642349243 conf_frac=0.500 (2178s)
[mlx] fixed step 4700 ce=0.2906 total=0.3006 grad=2.0458226203918457 conf_frac=0.250 (2182s)
[mlx] fixed step 4710 ce=0.2985 total=0.3476 grad=5.932122230529785 conf_frac=0.750 (2187s)
[mlx] fixed step 4720 ce=0.7129 total=0.7479 grad=2.9344184398651123 conf_frac=0.750 (2192s)
[mlx] fixed step 4730 ce=0.3724 total=0.4143 grad=2.5844156742095947 conf_frac=0.250 (2198s)
[mlx] fixed step 4740 ce=0.5231 total=0.5803 grad=4.218830108642578 conf_frac=0.750 (2202s)
[mlx] fixed step 4750 ce=0.5197 total=0.5531 grad=4.173981666564941 conf_frac=0.500 (2208s)
[mlx] fixed step 4760 ce=0.5984 total=0.6538 grad=0.9918678998947144 conf_frac=0.750 (2213s)
[mlx] fixed step 4770 ce=0.5867 total=0.6472 grad=2.360844135284424 conf_frac=0.250 (2217s)
[mlx] fixed step 4780 ce=0.4991 total=0.5499 grad=2.2393436431884766 conf_frac=0.750 (2222s)
[mlx] fixed step 4790 ce=0.4066 total=0.4277 grad=4.9324517250061035 conf_frac=0.500 (2226s)
[mlx] fixed step 4800 ce=0.5650 total=0.6789 grad=1.2595728635787964 conf_frac=0.000 (2231s)
[mlx] fixed step 4810 ce=0.3805 total=0.4024 grad=1.3961979150772095 conf_frac=0.250 (2235s)
[mlx] fixed step 4820 ce=0.6081 total=0.6459 grad=1.5706464052200317 conf_frac=0.250 (2240s)
[mlx] fixed step 4830 ce=0.2810 total=0.3005 grad=3.174363613128662 conf_frac=0.500 (2245s)
[mlx] fixed step 4840 ce=0.5600 total=0.5798 grad=4.318530082702637 conf_frac=0.500 (2249s)
[mlx] fixed step 4850 ce=0.5102 total=0.5283 grad=2.4444220066070557 conf_frac=0.250 (2254s)
[mlx] fixed step 4860 ce=0.3648 total=0.4091 grad=5.521821975708008 conf_frac=0.250 (2259s)
[mlx] fixed step 4870 ce=0.5640 total=0.5865 grad=3.6070168018341064 conf_frac=0.500 (2263s)
[mlx] fixed step 4880 ce=0.3574 total=0.3874 grad=2.866337299346924 conf_frac=0.500 (2269s)
[mlx] fixed step 4890 ce=0.5498 total=0.5718 grad=2.615184783935547 conf_frac=0.500 (2273s)
[mlx] fixed step 4900 ce=0.5314 total=0.5594 grad=0.8402606844902039 conf_frac=0.250 (2279s)
[mlx] fixed step 4910 ce=0.8406 total=0.8652 grad=5.360145092010498 conf_frac=0.500 (2284s)
[mlx] fixed step 4920 ce=0.4548 total=0.5203 grad=2.2312049865722656 conf_frac=0.250 (2289s)
[mlx] fixed step 4930 ce=0.6606 total=0.7190 grad=4.1024980545043945 conf_frac=0.750 (2294s)
[mlx] fixed step 4940 ce=0.7101 total=0.7414 grad=2.5359373092651367 conf_frac=0.500 (2299s)
[mlx] fixed step 4950 ce=0.6632 total=0.7098 grad=2.993271589279175 conf_frac=0.750 (2303s)
[mlx] fixed step 4960 ce=1.2028 total=1.2272 grad=3.32437801361084 conf_frac=0.500 (2308s)
[mlx] fixed step 4970 ce=0.6282 total=0.6965 grad=1.512778878211975 conf_frac=0.000 (2312s)
[mlx] fixed step 4980 ce=0.8459 total=0.8866 grad=6.28324031829834 conf_frac=0.750 (2317s)
[mlx] fixed step 4990 ce=0.5194 total=0.5630 grad=3.3427894115448 conf_frac=0.750 (2322s)
[mlx] fixed step 5000 ce=0.1983 total=0.2807 grad=5.209842205047607 conf_frac=0.750 (2326s)
[mlx] fixed step 5010 ce=0.7555 total=0.7919 grad=2.228165864944458 conf_frac=0.500 (2330s)
[mlx] fixed step 5020 ce=0.5848 total=0.6121 grad=3.2198359966278076 conf_frac=0.500 (2334s)
[mlx] fixed step 5030 ce=1.1405 total=1.1740 grad=1.6112855672836304 conf_frac=0.500 (2339s)
[mlx] fixed step 5040 ce=0.3166 total=0.3570 grad=5.634169101715088 conf_frac=0.750 (2344s)
[mlx] fixed step 5050 ce=0.5112 total=0.5599 grad=5.624471187591553 conf_frac=0.750 (2349s)
[mlx] fixed step 5060 ce=0.4940 total=0.5190 grad=5.611752986907959 conf_frac=0.500 (2353s)
[mlx] fixed step 5070 ce=0.6858 total=0.7244 grad=1.8840398788452148 conf_frac=0.250 (2358s)
[mlx] fixed step 5080 ce=1.0086 total=1.0639 grad=3.3757410049438477 conf_frac=0.750 (2363s)
[mlx] fixed step 5090 ce=0.8055 total=0.8337 grad=2.836212158203125 conf_frac=0.500 (2368s)
[mlx] fixed step 5100 ce=0.3653 total=0.4973 grad=1.1745270490646362 conf_frac=0.000 (2373s)
[mlx] fixed step 5110 ce=0.5288 total=0.5582 grad=2.332289218902588 conf_frac=0.500 (2377s)
[mlx] fixed step 5120 ce=0.3809 total=0.4260 grad=4.753134250640869 conf_frac=0.750 (2382s)
[mlx] fixed step 5130 ce=0.5594 total=0.6313 grad=5.4117207527160645 conf_frac=1.000 (2389s)
[mlx] fixed step 5140 ce=0.7564 total=0.8048 grad=2.6991429328918457 conf_frac=0.250 (2393s)
[mlx] fixed step 5150 ce=1.0058 total=1.0294 grad=1.5208957195281982 conf_frac=0.500 (2398s)
[mlx] fixed step 5160 ce=0.4756 total=0.5089 grad=2.232558250427246 conf_frac=0.500 (2402s)
[mlx] fixed step 5170 ce=0.9696 total=0.9960 grad=2.8223681449890137 conf_frac=0.500 (2407s)
[mlx] fixed step 5180 ce=0.6981 total=0.7682 grad=5.203554630279541 conf_frac=0.750 (2411s)
[mlx] fixed step 5190 ce=0.3118 total=0.3356 grad=3.6805427074432373 conf_frac=0.250 (2416s)
[mlx] fixed step 5200 ce=0.9836 total=1.0650 grad=1.2835553884506226 conf_frac=0.750 (2421s)
[mlx] fixed step 5210 ce=0.7768 total=0.8111 grad=5.383985996246338 conf_frac=0.500 (2426s)
[mlx] fixed step 5220 ce=0.8321 total=0.9087 grad=4.7128586769104 conf_frac=0.750 (2430s)
[mlx] fixed step 5230 ce=0.8301 total=0.8448 grad=2.4262776374816895 conf_frac=0.250 (2435s)
[mlx] fixed step 5240 ce=0.7480 total=0.7943 grad=5.73544979095459 conf_frac=0.750 (2440s)
[mlx] fixed step 5250 ce=0.6693 total=0.7097 grad=2.387566089630127 conf_frac=0.750 (2444s)
[mlx] fixed step 5260 ce=0.2789 total=0.3141 grad=4.850906848907471 conf_frac=0.500 (2449s)
[mlx] fixed step 5270 ce=0.8089 total=0.8335 grad=4.720239639282227 conf_frac=0.500 (2454s)
[mlx] fixed step 5280 ce=0.7346 total=0.7581 grad=2.624821186065674 conf_frac=0.500 (2458s)
[mlx] fixed step 5290 ce=1.0015 total=1.0207 grad=2.7990729808807373 conf_frac=0.500 (2462s)
[mlx] fixed step 5300 ce=1.5233 total=1.5402 grad=3.1709368228912354 conf_frac=0.500 (2467s)
[mlx] fixed step 5310 ce=0.5441 total=0.6262 grad=1.9959410429000854 conf_frac=0.000 (2472s)
[mlx] fixed step 5320 ce=0.6854 total=0.7103 grad=3.626136064529419 conf_frac=0.500 (2477s)
[mlx] fixed step 5330 ce=0.1600 total=0.3107 grad=1.0607541799545288 conf_frac=0.000 (2482s)
[mlx] fixed step 5340 ce=0.4846 total=0.5278 grad=2.689422369003296 conf_frac=0.500 (2486s)
[mlx] fixed step 5350 ce=0.3979 total=0.4281 grad=4.387499809265137 conf_frac=0.500 (2490s)
[mlx] fixed step 5360 ce=0.6798 total=0.7295 grad=1.5886046886444092 conf_frac=0.750 (2495s)
[mlx] fixed step 5370 ce=0.8722 total=0.9201 grad=2.61006498336792 conf_frac=0.750 (2503s)
[mlx] fixed step 5380 ce=0.3686 total=0.3974 grad=2.3290226459503174 conf_frac=0.250 (2507s)
[mlx] fixed step 5390 ce=0.8730 total=0.9358 grad=5.072000026702881 conf_frac=0.750 (2515s)
[mlx] fixed step 5400 ce=0.4323 total=0.5470 grad=0.7453789710998535 conf_frac=0.000 (2522s)
[mlx] fixed step 5410 ce=0.9022 total=0.9316 grad=1.306219220161438 conf_frac=0.250 (2526s)
[mlx] fixed step 5420 ce=0.9005 total=1.0245 grad=3.1490442752838135 conf_frac=1.000 (2535s)
[mlx] fixed step 5430 ce=0.6509 total=0.6952 grad=6.788681983947754 conf_frac=0.750 (2539s)
[mlx] fixed step 5440 ce=0.3789 total=0.5021 grad=0.7352112531661987 conf_frac=0.000 (2543s)
[mlx] fixed step 5450 ce=0.7092 total=0.7338 grad=4.216691493988037 conf_frac=0.500 (2547s)
[mlx] fixed step 5460 ce=0.4995 total=0.5976 grad=0.8194807171821594 conf_frac=0.000 (2553s)
[mlx] fixed step 5470 ce=0.3400 total=0.3651 grad=4.311076641082764 conf_frac=0.500 (2557s)
[mlx] fixed step 5480 ce=1.0897 total=1.1261 grad=1.5837229490280151 conf_frac=0.250 (2561s)
[mlx] fixed step 5490 ce=0.6125 total=0.6586 grad=3.765753746032715 conf_frac=0.750 (2566s)
[mlx] fixed step 5500 ce=0.3253 total=0.4694 grad=5.351724147796631 conf_frac=1.000 (2571s)
[mlx] fixed step 5510 ce=0.6928 total=0.7674 grad=2.0317914485931396 conf_frac=0.750 (2575s)
[mlx] fixed step 5520 ce=0.6550 total=0.6918 grad=2.2255027294158936 conf_frac=0.750 (2580s)
[mlx] fixed step 5530 ce=0.3117 total=0.3878 grad=4.095478057861328 conf_frac=0.750 (2585s)
[mlx] fixed step 5540 ce=0.9876 total=1.0334 grad=1.493595004081726 conf_frac=0.750 (2590s)
[mlx] fixed step 5550 ce=0.5240 total=0.5739 grad=1.1140717267990112 conf_frac=0.750 (2594s)
[mlx] fixed step 5560 ce=0.5590 total=0.6185 grad=3.704373359680176 conf_frac=0.250 (2599s)
[mlx] fixed step 5570 ce=0.8695 total=0.9037 grad=0.7451618313789368 conf_frac=0.500 (2604s)
[mlx] fixed step 5580 ce=0.5503 total=0.6379 grad=2.441502332687378 conf_frac=0.750 (2609s)
[mlx] fixed step 5590 ce=1.1274 total=1.1702 grad=6.332758903503418 conf_frac=0.750 (2613s)
[mlx] fixed step 5600 ce=0.2679 total=0.3114 grad=5.327367782592773 conf_frac=0.750 (2618s)
[mlx] fixed step 5610 ce=0.4100 total=0.5618 grad=4.4474406242370605 conf_frac=1.000 (2623s)
[mlx] fixed step 5620 ce=0.4655 total=0.4991 grad=1.2321149110794067 conf_frac=0.500 (2628s)
[mlx] fixed step 5630 ce=0.5227 total=0.5648 grad=2.175783157348633 conf_frac=0.500 (2632s)
[mlx] fixed step 5640 ce=0.6173 total=0.6849 grad=1.9059714078903198 conf_frac=0.250 (2636s)
[mlx] fixed step 5650 ce=0.4977 total=0.5713 grad=5.734907627105713 conf_frac=0.750 (2642s)
[mlx] fixed step 5660 ce=0.7152 total=0.7423 grad=3.369389533996582 conf_frac=0.500 (2647s)
[mlx] fixed step 5670 ce=0.5717 total=0.6703 grad=7.222924709320068 conf_frac=1.000 (2651s)
[mlx] fixed step 5680 ce=1.1381 total=1.1770 grad=4.686108589172363 conf_frac=0.250 (2655s)
[mlx] fixed step 5690 ce=0.5228 total=0.5472 grad=3.4162185192108154 conf_frac=0.500 (2659s)
[mlx] fixed step 5700 ce=0.6752 total=0.7528 grad=2.2985353469848633 conf_frac=0.750 (2664s)
[mlx] fixed step 5710 ce=1.0732 total=1.0935 grad=2.5488650798797607 conf_frac=0.500 (2668s)
[mlx] fixed step 5720 ce=0.4999 total=0.5246 grad=4.576488971710205 conf_frac=0.500 (2673s)
[mlx] fixed step 5730 ce=0.5418 total=0.5516 grad=0.95375657081604 conf_frac=0.250 (2677s)
[mlx] fixed step 5740 ce=1.0300 total=1.0530 grad=1.0885858535766602 conf_frac=0.250 (2681s)
[mlx] fixed step 5750 ce=0.6948 total=0.7207 grad=1.5698177814483643 conf_frac=0.500 (2685s)
[mlx] fixed step 5760 ce=1.3191 total=1.4575 grad=1.095672607421875 conf_frac=0.000 (2690s)
[mlx] fixed step 5770 ce=0.8603 total=0.9019 grad=1.9511653184890747 conf_frac=0.250 (2694s)
[mlx] fixed step 5780 ce=0.9756 total=0.9981 grad=0.8278138637542725 conf_frac=0.250 (2698s)
[mlx] fixed step 5790 ce=0.8896 total=0.9127 grad=0.6151508688926697 conf_frac=0.250 (2703s)
[mlx] fixed step 5800 ce=1.0711 total=1.0861 grad=1.7360478639602661 conf_frac=0.250 (2708s)
[mlx] fixed step 5810 ce=0.4053 total=0.5007 grad=6.576285362243652 conf_frac=0.000 (2712s)
[mlx] fixed step 5820 ce=0.2804 total=0.3627 grad=4.5444016456604 conf_frac=0.500 (2717s)
[mlx] fixed step 5830 ce=0.4070 total=0.5072 grad=3.673956871032715 conf_frac=0.750 (2721s)
[mlx] fixed step 5840 ce=0.5370 total=0.5662 grad=2.8714957237243652 conf_frac=0.500 (2726s)
[mlx] fixed step 5850 ce=0.6845 total=0.7078 grad=3.0150938034057617 conf_frac=0.250 (2730s)
[mlx] fixed step 5860 ce=0.7767 total=0.9072 grad=4.945677757263184 conf_frac=0.000 (2735s)
[mlx] fixed step 5870 ce=0.8939 total=0.9255 grad=3.104217290878296 conf_frac=0.500 (2739s)
[mlx] fixed step 5880 ce=0.4457 total=0.5407 grad=3.935333490371704 conf_frac=0.750 (2743s)
[mlx] fixed step 5890 ce=0.3381 total=0.4008 grad=2.1085448265075684 conf_frac=0.000 (2747s)
[mlx] fixed step 5900 ce=0.2454 total=0.2736 grad=3.2786340713500977 conf_frac=0.500 (2752s)
[mlx] fixed step 5910 ce=0.7895 total=0.8365 grad=3.2054505348205566 conf_frac=0.750 (2756s)
[mlx] fixed step 5920 ce=0.2367 total=0.2830 grad=6.002023696899414 conf_frac=0.750 (2761s)
[mlx] fixed step 5930 ce=0.7912 total=0.8142 grad=2.0398809909820557 conf_frac=0.500 (2765s)
[mlx] fixed step 5940 ce=0.4156 total=0.4472 grad=1.370592713356018 conf_frac=0.500 (2769s)
[mlx] fixed step 5950 ce=0.4896 total=0.5189 grad=2.4966259002685547 conf_frac=0.500 (2775s)
[mlx] fixed step 5960 ce=0.7606 total=0.8035 grad=1.4278857707977295 conf_frac=0.500 (2779s)
[mlx] fixed step 5970 ce=1.9860 total=2.0702 grad=8.625249862670898 conf_frac=1.000 (2784s)
[mlx] fixed step 5980 ce=0.6001 total=0.6327 grad=3.2485952377319336 conf_frac=0.500 (2789s)
[mlx] fixed step 5990 ce=0.8522 total=1.0101 grad=4.04817008972168 conf_frac=1.000 (2793s)
[mlx] fixed step 6000 ce=0.6639 total=0.6924 grad=3.9637506008148193 conf_frac=0.500 (2798s)
[mlx] fixed post-train (n=8008) acc=0.9339 majority=0.4994 dist={'[CONFIDENT]': 0.47527472527472525, '[COND_CONFIDENT]': 0.06343656343656344, '[TEMPORAL_HEDGE]': 0.4612887112887113, '[UNKNOWN]': 0.0}
[mlx] fixed accuracy lift over majority-class baseline: +0.4346 (discriminating)
[mlx] fixed finished: 6006 steps in 2799.6s
[mlx] saved adapter -> data/prep/tcl_mlx_llama3/tsct_seed2/adapter_fixed

[mlx] wrote data/prep/tcl_mlx_llama3/tsct_seed2/loss_log.csv
[mlx] wrote data/prep/tcl_mlx_llama3/tsct_seed2/run_meta.json
=== train tsct seed 2 wall 3442s
[gen] 3622 examples | source=temporal-delta:test | arm=tsct | adapter=data/prep/tcl_mlx_llama3/tsct_seed2/adapter_fixed
[transformers] Ignoring clean_up_tokenization_spaces=True for BPE tokenizer TokenizersBackend. The clean_up_tokenization post-processing step is designed for WordPiece tokenizers and is destructive for BPE (it strips spaces before punctuation). Set clean_up_tokenization_spaces=False to suppress this warning, or set clean_up_tokenization_spaces_for_bpe_even_though_it_will_corrupt_output=True to force cleanup anyway.
[gen] 100/3622  EM=0.060 hedge_acc=1.000 fallback=0.000 (21s, 0.21s/ex)
[gen] 200/3622  EM=0.030 hedge_acc=0.995 fallback=0.005 (42s, 0.21s/ex)
[gen] 300/3622  EM=0.060 hedge_acc=0.997 fallback=0.003 (63s, 0.21s/ex)
[gen] 400/3622  EM=0.055 hedge_acc=0.998 fallback=0.003 (86s, 0.21s/ex)
[gen] 500/3622  EM=0.048 hedge_acc=0.998 fallback=0.002 (110s, 0.22s/ex)
[gen] 600/3622  EM=0.040 hedge_acc=0.998 fallback=0.002 (136s, 0.23s/ex)
[gen] 700/3622  EM=0.036 hedge_acc=0.999 fallback=0.001 (159s, 0.23s/ex)
[gen] 800/3622  EM=0.031 hedge_acc=0.999 fallback=0.001 (184s, 0.23s/ex)
[gen] 900/3622  EM=0.028 hedge_acc=0.999 fallback=0.001 (208s, 0.23s/ex)
[gen] 1000/3622  EM=0.025 hedge_acc=0.999 fallback=0.001 (232s, 0.23s/ex)
[gen] 1100/3622  EM=0.023 hedge_acc=0.999 fallback=0.001 (256s, 0.23s/ex)
[gen] 1200/3622  EM=0.021 hedge_acc=0.999 fallback=0.001 (281s, 0.23s/ex)
[gen] 1300/3622  EM=0.021 hedge_acc=0.999 fallback=0.001 (305s, 0.23s/ex)
[gen] 1400/3622  EM=0.021 hedge_acc=0.999 fallback=0.001 (329s, 0.23s/ex)
[gen] 1500/3622  EM=0.019 hedge_acc=0.999 fallback=0.001 (354s, 0.24s/ex)
[gen] 1600/3622  EM=0.018 hedge_acc=0.999 fallback=0.001 (378s, 0.24s/ex)
[gen] 1700/3622  EM=0.021 hedge_acc=0.999 fallback=0.001 (399s, 0.23s/ex)
[gen] 1800/3622  EM=0.022 hedge_acc=0.999 fallback=0.001 (421s, 0.23s/ex)
[gen] 1900/3622  EM=0.022 hedge_acc=0.999 fallback=0.001 (443s, 0.23s/ex)
[gen] 2000/3622  EM=0.022 hedge_acc=1.000 fallback=0.001 (465s, 0.23s/ex)
[gen] 2100/3622  EM=0.021 hedge_acc=1.000 fallback=0.001 (488s, 0.23s/ex)
[gen] 2200/3622  EM=0.021 hedge_acc=1.000 fallback=0.001 (510s, 0.23s/ex)
[gen] 2300/3622  EM=0.020 hedge_acc=1.000 fallback=0.001 (532s, 0.23s/ex)
[gen] 2400/3622  EM=0.023 hedge_acc=0.999 fallback=0.001 (553s, 0.23s/ex)
[gen] 2500/3622  EM=0.025 hedge_acc=0.999 fallback=0.001 (573s, 0.23s/ex)
[gen] 2600/3622  EM=0.025 hedge_acc=0.999 fallback=0.001 (596s, 0.23s/ex)
[gen] 2700/3622  EM=0.025 hedge_acc=0.999 fallback=0.001 (616s, 0.23s/ex)
[gen] 2800/3622  EM=0.025 hedge_acc=0.999 fallback=0.001 (638s, 0.23s/ex)
[gen] 2900/3622  EM=0.025 hedge_acc=0.999 fallback=0.001 (660s, 0.23s/ex)
[gen] 3000/3622  EM=0.025 hedge_acc=0.999 fallback=0.001 (683s, 0.23s/ex)
[gen] 3100/3622  EM=0.025 hedge_acc=0.999 fallback=0.001 (706s, 0.23s/ex)
[gen] 3200/3622  EM=0.024 hedge_acc=0.999 fallback=0.001 (730s, 0.23s/ex)
[gen] 3300/3622  EM=0.025 hedge_acc=0.999 fallback=0.001 (750s, 0.23s/ex)
[gen] 3400/3622  EM=0.026 hedge_acc=0.999 fallback=0.001 (769s, 0.23s/ex)
[gen] 3500/3622  EM=0.026 hedge_acc=0.999 fallback=0.001 (790s, 0.23s/ex)
[gen] 3600/3622  EM=0.025 hedge_acc=0.999 fallback=0.001 (810s, 0.22s/ex)

[gen] wrote data/prep/predictions_llama3/tsct_seed2_test.jsonl
[gen] n=3622  EM=0.0248  hedge_acc=0.9989  fallback_rate=0.0006  wall=814s
=== eval tsct seed 2 test wall 818s
[gen] 413 examples | source=freshqa | arm=tsct | adapter=data/prep/tcl_mlx_llama3/tsct_seed2/adapter_fixed
[transformers] Ignoring clean_up_tokenization_spaces=True for BPE tokenizer TokenizersBackend. The clean_up_tokenization post-processing step is designed for WordPiece tokenizers and is destructive for BPE (it strips spaces before punctuation). Set clean_up_tokenization_spaces=False to suppress this warning, or set clean_up_tokenization_spaces_for_bpe_even_though_it_will_corrupt_output=True to force cleanup anyway.
[gen] 100/413  EM=0.060 hedge_acc=0.380 fallback=0.000 (18s, 0.18s/ex)
[gen] 200/413  EM=0.115 hedge_acc=0.315 fallback=0.000 (36s, 0.18s/ex)
[gen] 300/413  EM=0.087 hedge_acc=0.267 fallback=0.000 (54s, 0.18s/ex)
[gen] 400/413  EM=0.085 hedge_acc=0.247 fallback=0.000 (72s, 0.18s/ex)

[gen] wrote data/prep/predictions_llama3/tsct_seed2_freshqa.jsonl
[gen] n=413  EM=0.0847  hedge_acc=0.2397  fallback_rate=0.0000  wall=74s
=== eval tsct seed 2 freshqa wall 78s
=== tsct seed 2 done 2026-09-29T10:35:08Z
=== guard 2026-09-29T10:35:08Z pressure_level=1 swap=total = 10240.00M  used = 8872.88M  free = 1367.12M  (encrypted) | System-wide memory free percentage: 88%
=== sft_only seed 2 start 2026-09-29T10:35:08Z | System-wide memory free percentage: 88% | total = 10240.00M  used = 8872.88M  free = 1367.12M  (encrypted)
[mlx] loaded 8008 raw examples

[mlx] === condition: fixed ===
[transformers] Ignoring clean_up_tokenization_spaces=True for BPE tokenizer TokenizersBackend. The clean_up_tokenization post-processing step is designed for WordPiece tokenizers and is destructive for BPE (it strips spaces before punctuation). Set clean_up_tokenization_spaces=False to suppress this warning, or set clean_up_tokenization_spaces_for_bpe_even_though_it_will_corrupt_output=True to force cleanup anyway.
[mlx] hedge ids (no resize, mode=reserved): [128002, 128003, 128004, 128005]
[mlx] adapted output projection: lm_head (untied)
Trainable parameters: 0.144% (11.545M/8030.261M)
[mlx] 8008 examples after tokenisation (max_len=128)
[mlx] hedge-head check: logit spread=0.000000 contrast_grad_norm=1184.289551
[mlx] fixed pre-train (n=8008) acc=0.4377 majority=0.4994 dist={'[CONFIDENT]': 1.0, '[COND_CONFIDENT]': 0.0, '[TEMPORAL_HEDGE]': 0.0, '[UNKNOWN]': 0.0}
[mlx] fixed step 0 ce=6.8642 total=6.8642 grad=5.295085430145264 conf_frac=1.000 (1s)
[mlx] fixed step 10 ce=1.9546 total=1.9546 grad=3.2398946285247803 conf_frac=1.000 (5s)
[mlx] fixed step 20 ce=1.8449 total=1.8449 grad=27.896766662597656 conf_frac=0.000 (9s)
[mlx] fixed step 30 ce=2.5160 total=2.5160 grad=4.606294631958008 conf_frac=1.000 (14s)
[mlx] fixed step 40 ce=1.8572 total=1.8572 grad=36.302635192871094 conf_frac=0.000 (18s)
[mlx] fixed step 50 ce=3.0142 total=3.0142 grad=11.30886173248291 conf_frac=1.000 (23s)
[mlx] fixed step 60 ce=1.7771 total=1.7771 grad=6.995391845703125 conf_frac=0.000 (27s)
[mlx] fixed step 70 ce=1.9532 total=1.9532 grad=4.26511812210083 conf_frac=0.000 (32s)
[mlx] fixed step 80 ce=2.5975 total=2.5975 grad=1.2718520164489746 conf_frac=1.000 (36s)
[mlx] fixed step 90 ce=1.7840 total=1.7840 grad=2.5291378498077393 conf_frac=1.000 (41s)
[mlx] fixed step 100 ce=1.4563 total=1.4563 grad=6.056055068969727 conf_frac=1.000 (46s)
[mlx] fixed step 110 ce=1.6365 total=1.6365 grad=12.351531028747559 conf_frac=0.000 (50s)
[mlx] fixed step 120 ce=2.2988 total=2.2988 grad=8.622878074645996 conf_frac=0.000 (55s)
[mlx] fixed step 130 ce=2.4160 total=2.4160 grad=14.798440933227539 conf_frac=0.000 (59s)
[mlx] fixed step 140 ce=2.4246 total=2.4246 grad=9.433520317077637 conf_frac=0.000 (64s)
[mlx] fixed step 150 ce=2.0915 total=2.0915 grad=8.634580612182617 conf_frac=1.000 (68s)
[mlx] fixed step 160 ce=1.6821 total=1.6821 grad=3.594176769256592 conf_frac=1.000 (72s)
[mlx] fixed step 170 ce=1.4618 total=1.4618 grad=6.323663234710693 conf_frac=0.000 (77s)
[mlx] fixed step 180 ce=2.0463 total=2.0463 grad=14.779359817504883 conf_frac=0.000 (81s)
[mlx] fixed step 190 ce=2.1046 total=2.1046 grad=2.3222920894622803 conf_frac=1.000 (85s)
[mlx] fixed step 200 ce=1.4778 total=1.4778 grad=12.379647254943848 conf_frac=1.000 (90s)
[mlx] fixed step 210 ce=2.1764 total=2.1764 grad=8.072848320007324 conf_frac=1.000 (95s)
[mlx] fixed step 220 ce=1.4768 total=1.4768 grad=1.307977318763733 conf_frac=1.000 (100s)
[mlx] fixed step 230 ce=2.1834 total=2.1834 grad=10.590255737304688 conf_frac=0.000 (105s)
[mlx] fixed step 240 ce=1.5897 total=1.5897 grad=14.577383041381836 conf_frac=0.000 (110s)
[mlx] fixed step 250 ce=1.8689 total=1.8689 grad=9.850967407226562 conf_frac=1.000 (114s)
[mlx] fixed step 260 ce=2.0723 total=2.0723 grad=3.051006555557251 conf_frac=1.000 (119s)
[mlx] fixed step 270 ce=1.9822 total=1.9822 grad=14.092971801757812 conf_frac=1.000 (123s)
[mlx] fixed step 280 ce=1.9172 total=1.9172 grad=11.754182815551758 conf_frac=0.000 (128s)
[mlx] fixed step 290 ce=1.3690 total=1.3690 grad=0.8227927684783936 conf_frac=0.250 (133s)
[mlx] fixed step 300 ce=1.5408 total=1.5408 grad=3.476468086242676 conf_frac=0.250 (138s)
[mlx] fixed step 310 ce=1.4118 total=1.4118 grad=6.049406051635742 conf_frac=0.000 (143s)
[mlx] fixed step 320 ce=2.5130 total=2.5130 grad=11.78955364227295 conf_frac=0.500 (147s)
[mlx] fixed step 330 ce=1.9612 total=1.9612 grad=3.1298129558563232 conf_frac=0.000 (151s)
[mlx] fixed step 340 ce=1.1811 total=1.1811 grad=14.600394248962402 conf_frac=1.000 (156s)
[mlx] fixed step 350 ce=1.9855 total=1.9855 grad=2.7042698860168457 conf_frac=1.000 (160s)
[mlx] fixed step 360 ce=1.8468 total=1.8468 grad=19.2952938079834 conf_frac=1.000 (165s)
[mlx] fixed step 370 ce=1.5541 total=1.5541 grad=18.09311866760254 conf_frac=0.250 (170s)
[mlx] fixed step 380 ce=1.6520 total=1.6520 grad=8.292340278625488 conf_frac=0.250 (175s)
[mlx] fixed step 390 ce=2.2355 total=2.2355 grad=19.094770431518555 conf_frac=0.000 (179s)
[mlx] fixed step 400 ce=1.5243 total=1.5243 grad=15.863481521606445 conf_frac=0.000 (184s)
[mlx] fixed step 410 ce=2.6732 total=2.6732 grad=20.610492706298828 conf_frac=0.250 (188s)
[mlx] fixed step 420 ce=1.6689 total=1.6689 grad=13.193331718444824 conf_frac=0.000 (192s)
[mlx] fixed step 430 ce=1.1470 total=1.1470 grad=2.901578664779663 conf_frac=0.500 (197s)
[mlx] fixed step 440 ce=1.7567 total=1.7567 grad=5.556492805480957 conf_frac=0.750 (202s)
[mlx] fixed step 450 ce=1.8052 total=1.8052 grad=3.9928102493286133 conf_frac=0.500 (206s)
[mlx] fixed step 460 ce=1.1888 total=1.1888 grad=8.60470962524414 conf_frac=0.500 (210s)
[mlx] fixed step 470 ce=1.6255 total=1.6255 grad=8.904841423034668 conf_frac=0.750 (215s)
[mlx] fixed step 480 ce=1.7606 total=1.7606 grad=7.784177780151367 conf_frac=0.000 (219s)
[mlx] fixed step 490 ce=2.4098 total=2.4098 grad=14.632418632507324 conf_frac=0.750 (224s)
[mlx] fixed step 500 ce=2.3644 total=2.3644 grad=2.1865220069885254 conf_frac=0.250 (228s)
[mlx] fixed step 510 ce=1.7951 total=1.7951 grad=3.8457484245300293 conf_frac=0.250 (232s)
[mlx] fixed step 520 ce=2.1203 total=2.1203 grad=13.438437461853027 conf_frac=1.000 (237s)
[mlx] fixed step 530 ce=1.7362 total=1.7362 grad=7.661317825317383 conf_frac=0.000 (241s)
[mlx] fixed step 540 ce=2.0704 total=2.0704 grad=4.217409133911133 conf_frac=0.000 (246s)
[mlx] fixed step 550 ce=2.0423 total=2.0423 grad=3.0864038467407227 conf_frac=0.750 (250s)
[mlx] fixed step 560 ce=1.6531 total=1.6531 grad=10.363011360168457 conf_frac=0.500 (255s)
[mlx] fixed step 570 ce=2.0229 total=2.0229 grad=1.9746477603912354 conf_frac=0.500 (260s)
[mlx] fixed step 580 ce=1.2078 total=1.2078 grad=2.4045159816741943 conf_frac=0.500 (265s)
[mlx] fixed step 590 ce=2.0234 total=2.0234 grad=5.153620719909668 conf_frac=0.250 (269s)
[mlx] fixed step 600 ce=1.3293 total=1.3293 grad=5.024172306060791 conf_frac=0.750 (274s)
[mlx] fixed step 610 ce=1.2911 total=1.2911 grad=5.41732120513916 conf_frac=0.500 (278s)
[mlx] fixed step 620 ce=1.8773 total=1.8773 grad=2.624971628189087 conf_frac=0.250 (282s)
[mlx] fixed step 630 ce=1.4752 total=1.4752 grad=0.808795690536499 conf_frac=0.750 (287s)
[mlx] fixed step 640 ce=1.5349 total=1.5349 grad=6.999922752380371 conf_frac=0.750 (291s)
[mlx] fixed step 650 ce=1.6553 total=1.6553 grad=2.231252670288086 conf_frac=0.500 (296s)
[mlx] fixed step 660 ce=1.8048 total=1.8048 grad=5.427026748657227 conf_frac=0.000 (300s)
[mlx] fixed step 670 ce=2.1741 total=2.1741 grad=1.1135963201522827 conf_frac=0.500 (304s)
[mlx] fixed step 680 ce=1.1519 total=1.1519 grad=1.265214204788208 conf_frac=0.250 (309s)
[mlx] fixed step 690 ce=2.1807 total=2.1807 grad=11.977378845214844 conf_frac=0.000 (313s)
[mlx] fixed step 700 ce=2.4453 total=2.4453 grad=0.7158735990524292 conf_frac=0.500 (317s)
[mlx] fixed step 710 ce=1.4245 total=1.4245 grad=4.376030921936035 conf_frac=1.000 (322s)
[mlx] fixed step 720 ce=0.9959 total=0.9959 grad=5.034499168395996 conf_frac=0.750 (327s)
[mlx] fixed step 730 ce=1.9085 total=1.9085 grad=1.670192003250122 conf_frac=0.250 (331s)
[mlx] fixed step 740 ce=1.9886 total=1.9886 grad=5.49857759475708 conf_frac=0.750 (336s)
[mlx] fixed step 750 ce=0.9547 total=0.9547 grad=7.1299896240234375 conf_frac=0.750 (340s)
[mlx] fixed step 760 ce=1.7975 total=1.7975 grad=1.6710096597671509 conf_frac=0.500 (345s)
[mlx] fixed step 770 ce=1.8082 total=1.8082 grad=2.1600699424743652 conf_frac=0.750 (350s)
[mlx] fixed step 780 ce=1.7235 total=1.7235 grad=3.266116142272949 conf_frac=0.750 (355s)
[mlx] fixed step 790 ce=1.4773 total=1.4773 grad=3.197514295578003 conf_frac=0.250 (359s)
[mlx] fixed step 800 ce=2.1353 total=2.1353 grad=0.6795244812965393 conf_frac=0.500 (363s)
[mlx] fixed step 810 ce=2.2554 total=2.2554 grad=0.4442261755466461 conf_frac=0.250 (368s)
[mlx] fixed step 820 ce=1.4288 total=1.4288 grad=0.49544239044189453 conf_frac=0.500 (373s)
[mlx] fixed step 830 ce=1.6044 total=1.6044 grad=10.384004592895508 conf_frac=0.500 (378s)
[mlx] fixed step 840 ce=1.7118 total=1.7118 grad=3.0757150650024414 conf_frac=0.750 (382s)
[mlx] fixed step 850 ce=1.8153 total=1.8153 grad=0.46321678161621094 conf_frac=0.500 (387s)
[mlx] fixed step 860 ce=1.9546 total=1.9546 grad=1.69014573097229 conf_frac=0.250 (392s)
[mlx] fixed step 870 ce=2.5547 total=2.5547 grad=4.6228461265563965 conf_frac=0.500 (396s)
[mlx] fixed step 880 ce=2.0797 total=2.0797 grad=2.0203325748443604 conf_frac=0.500 (401s)
[mlx] fixed step 890 ce=1.8951 total=1.8951 grad=3.8865137100219727 conf_frac=0.500 (406s)
[mlx] fixed step 900 ce=1.4871 total=1.4871 grad=0.18586179614067078 conf_frac=0.500 (410s)
[mlx] fixed step 910 ce=1.7400 total=1.7400 grad=10.939797401428223 conf_frac=0.500 (415s)
[mlx] fixed step 920 ce=1.6928 total=1.6928 grad=5.3945088386535645 conf_frac=0.250 (420s)
[mlx] fixed step 930 ce=1.3256 total=1.3256 grad=3.9107742309570312 conf_frac=0.750 (424s)
[mlx] fixed step 940 ce=0.9996 total=0.9996 grad=0.5548897981643677 conf_frac=0.750 (429s)
[mlx] fixed step 950 ce=2.0514 total=2.0514 grad=0.7801361083984375 conf_frac=0.500 (433s)
[mlx] fixed step 960 ce=1.4468 total=1.4468 grad=5.248073101043701 conf_frac=0.500 (437s)
[mlx] fixed step 970 ce=2.4742 total=2.4742 grad=1.9885878562927246 conf_frac=0.750 (442s)
[mlx] fixed step 980 ce=2.2352 total=2.2352 grad=5.657083511352539 conf_frac=0.500 (446s)
[mlx] fixed step 990 ce=2.2139 total=2.2139 grad=6.408470630645752 conf_frac=1.000 (451s)
[mlx] fixed step 1000 ce=2.9155 total=2.9155 grad=1.6141135692596436 conf_frac=0.500 (456s)
[mlx] fixed step 1010 ce=2.9308 total=2.9308 grad=1.49966561794281 conf_frac=0.500 (460s)
[mlx] fixed step 1020 ce=2.6524 total=2.6524 grad=0.010457110591232777 conf_frac=0.000 (465s)
[mlx] fixed step 1030 ce=2.0867 total=2.0867 grad=0.27421674132347107 conf_frac=0.500 (469s)
[mlx] fixed step 1040 ce=1.7320 total=1.7320 grad=0.4641675353050232 conf_frac=0.250 (474s)
[mlx] fixed step 1050 ce=1.6637 total=1.6637 grad=6.584623336791992 conf_frac=0.750 (478s)
[mlx] fixed step 1060 ce=2.3569 total=2.3569 grad=0.002135047921910882 conf_frac=0.000 (483s)
[mlx] fixed step 1070 ce=1.6346 total=1.6346 grad=0.3641990125179291 conf_frac=0.500 (487s)
[mlx] fixed step 1080 ce=1.3332 total=1.3332 grad=0.8839434385299683 conf_frac=0.250 (492s)
[mlx] fixed step 1090 ce=1.1307 total=1.1307 grad=7.264659881591797 conf_frac=0.750 (496s)
[mlx] fixed step 1100 ce=1.6100 total=1.6100 grad=6.488648891448975 conf_frac=0.250 (501s)
[mlx] fixed step 1110 ce=1.7574 total=1.7574 grad=0.14699426293373108 conf_frac=0.500 (505s)
[mlx] fixed step 1120 ce=1.2258 total=1.2258 grad=0.06597694754600525 conf_frac=0.250 (509s)
[mlx] fixed step 1130 ce=1.3774 total=1.3774 grad=0.21594762802124023 conf_frac=0.750 (514s)
[mlx] fixed step 1140 ce=0.9499 total=0.9499 grad=1.0505534410476685 conf_frac=0.750 (519s)
[mlx] fixed step 1150 ce=1.3144 total=1.3144 grad=1.0350828170776367 conf_frac=1.000 (523s)
[mlx] fixed step 1160 ce=1.3800 total=1.3800 grad=4.973271369934082 conf_frac=0.750 (528s)
[mlx] fixed step 1170 ce=2.5675 total=2.5675 grad=7.75602912902832 conf_frac=0.500 (533s)
[mlx] fixed step 1180 ce=0.7481 total=0.7481 grad=3.8759639263153076 conf_frac=0.750 (537s)
[mlx] fixed step 1190 ce=1.7192 total=1.7192 grad=0.18696095049381256 conf_frac=0.500 (542s)
[mlx] fixed step 1200 ce=1.9612 total=1.9612 grad=5.820057392120361 conf_frac=0.500 (546s)
[mlx] fixed step 1210 ce=1.2054 total=1.2054 grad=3.7673988342285156 conf_frac=0.500 (551s)
[mlx] fixed step 1220 ce=1.3763 total=1.3763 grad=1.753506064414978 conf_frac=0.500 (555s)
[mlx] fixed step 1230 ce=1.0214 total=1.0214 grad=2.2827250957489014 conf_frac=1.000 (560s)
[mlx] fixed step 1240 ce=1.3462 total=1.3462 grad=0.886350691318512 conf_frac=0.500 (564s)
[mlx] fixed step 1250 ce=1.4248 total=1.4248 grad=1.25316321849823 conf_frac=0.500 (569s)
[mlx] fixed step 1260 ce=1.5401 total=1.5401 grad=0.20764979720115662 conf_frac=0.500 (573s)
[mlx] fixed step 1270 ce=1.4987 total=1.4987 grad=0.7566817998886108 conf_frac=0.500 (578s)
[mlx] fixed step 1280 ce=2.1712 total=2.1712 grad=1.5637487173080444 conf_frac=0.500 (582s)
[mlx] fixed step 1290 ce=1.5504 total=1.5504 grad=0.06187339872121811 conf_frac=0.500 (587s)
[mlx] fixed step 1300 ce=1.9102 total=1.9102 grad=0.3395906984806061 conf_frac=0.500 (591s)
[mlx] fixed step 1310 ce=1.4371 total=1.4371 grad=0.0008763313526287675 conf_frac=0.000 (596s)
[mlx] fixed step 1320 ce=2.0238 total=2.0238 grad=0.003400467336177826 conf_frac=0.000 (600s)
[mlx] fixed step 1330 ce=0.7039 total=0.7039 grad=1.3099243640899658 conf_frac=0.750 (605s)
[mlx] fixed step 1340 ce=1.7939 total=1.7939 grad=1.2538135051727295 conf_frac=0.500 (609s)
[mlx] fixed step 1350 ce=1.5199 total=1.5199 grad=1.6603566408157349 conf_frac=0.250 (614s)
[mlx] fixed step 1360 ce=1.7703 total=1.7703 grad=0.08151751011610031 conf_frac=0.500 (618s)
[mlx] fixed step 1370 ce=1.1014 total=1.1014 grad=5.516777038574219 conf_frac=0.750 (622s)
[mlx] fixed step 1380 ce=2.1650 total=2.1650 grad=0.00930048618465662 conf_frac=0.250 (627s)
[mlx] fixed step 1390 ce=1.4742 total=1.4742 grad=0.1223674863576889 conf_frac=0.750 (631s)
[mlx] fixed step 1400 ce=1.7851 total=1.7851 grad=3.2753686904907227 conf_frac=0.500 (636s)
[mlx] fixed step 1410 ce=1.2066 total=1.2066 grad=2.284430503845215 conf_frac=0.500 (640s)
[mlx] fixed step 1420 ce=1.7000 total=1.7000 grad=0.2475423365831375 conf_frac=0.250 (645s)
[mlx] fixed step 1430 ce=1.7704 total=1.7704 grad=0.14161352813243866 conf_frac=0.750 (650s)
[mlx] fixed step 1440 ce=1.3834 total=1.3834 grad=0.3774529695510864 conf_frac=0.750 (654s)
[mlx] fixed step 1450 ce=1.9281 total=1.9281 grad=0.8703595995903015 conf_frac=0.250 (659s)
[mlx] fixed step 1460 ce=1.4344 total=1.4344 grad=2.3868937492370605 conf_frac=0.750 (664s)
[mlx] fixed step 1470 ce=2.3941 total=2.3941 grad=2.5083024501800537 conf_frac=0.750 (669s)
[mlx] fixed step 1480 ce=2.0529 total=2.0529 grad=0.048136621713638306 conf_frac=0.750 (673s)
[mlx] fixed step 1490 ce=1.3979 total=1.3979 grad=5.763504505157471 conf_frac=0.500 (678s)
[mlx] fixed step 1500 ce=1.3729 total=1.3729 grad=0.439436137676239 conf_frac=0.250 (683s)
[mlx] fixed step 1510 ce=1.4949 total=1.4949 grad=0.3584042191505432 conf_frac=0.750 (687s)
[mlx] fixed step 1520 ce=1.7155 total=1.7155 grad=0.012505140155553818 conf_frac=0.250 (692s)
[mlx] fixed step 1530 ce=1.0719 total=1.0719 grad=0.5348292589187622 conf_frac=0.500 (696s)
[mlx] fixed step 1540 ce=1.4979 total=1.4979 grad=0.00488785095512867 conf_frac=0.000 (701s)
[mlx] fixed step 1550 ce=1.8031 total=1.8031 grad=0.38605788350105286 conf_frac=0.500 (706s)
[mlx] fixed step 1560 ce=1.9560 total=1.9560 grad=0.01589640974998474 conf_frac=0.000 (710s)
[mlx] fixed step 1570 ce=2.4108 total=2.4108 grad=0.19870255887508392 conf_frac=0.250 (715s)
[mlx] fixed step 1580 ce=1.2529 total=1.2529 grad=0.5531260371208191 conf_frac=0.250 (720s)
[mlx] fixed step 1590 ce=1.0625 total=1.0625 grad=1.1009199619293213 conf_frac=0.500 (725s)
[mlx] fixed step 1600 ce=1.5710 total=1.5710 grad=0.3600348234176636 conf_frac=0.250 (730s)
[mlx] fixed step 1610 ce=1.8874 total=1.8874 grad=4.037398815155029 conf_frac=0.250 (734s)
[mlx] fixed step 1620 ce=1.8781 total=1.8781 grad=0.38272908329963684 conf_frac=0.250 (739s)
[mlx] fixed step 1630 ce=1.9006 total=1.9006 grad=0.04445570707321167 conf_frac=0.250 (744s)
[mlx] fixed step 1640 ce=2.7453 total=2.7453 grad=0.0074497549794614315 conf_frac=0.250 (750s)
[mlx] fixed step 1650 ce=1.0136 total=1.0136 grad=4.540825366973877 conf_frac=0.750 (754s)
[mlx] fixed step 1660 ce=1.4536 total=1.4536 grad=3.9112117290496826 conf_frac=0.500 (759s)
[mlx] fixed step 1670 ce=1.3523 total=1.3523 grad=0.1438547819852829 conf_frac=0.250 (763s)
[mlx] fixed step 1680 ce=1.8394 total=1.8394 grad=0.44550102949142456 conf_frac=0.750 (768s)
[mlx] fixed step 1690 ce=1.4172 total=1.4172 grad=4.624624729156494 conf_frac=0.750 (773s)
[mlx] fixed step 1700 ce=1.3092 total=1.3092 grad=0.8923289179801941 conf_frac=0.500 (777s)
[mlx] fixed step 1710 ce=2.0717 total=2.0717 grad=0.06027727201581001 conf_frac=0.250 (781s)
[mlx] fixed step 1720 ce=2.4674 total=2.4674 grad=0.5339439511299133 conf_frac=0.500 (785s)
[mlx] fixed step 1730 ce=2.9460 total=2.9460 grad=0.07189679890871048 conf_frac=0.250 (790s)
[mlx] fixed step 1740 ce=1.7299 total=1.7299 grad=6.5010809898376465 conf_frac=0.500 (794s)
[mlx] fixed step 1750 ce=2.4596 total=2.4596 grad=0.00033539673313498497 conf_frac=0.000 (799s)
[mlx] fixed step 1760 ce=1.0778 total=1.0778 grad=0.23919525742530823 conf_frac=0.250 (804s)
[mlx] fixed step 1770 ce=1.6658 total=1.6658 grad=6.1995673179626465 conf_frac=1.000 (809s)
[mlx] fixed step 1780 ce=1.8105 total=1.8105 grad=0.991939902305603 conf_frac=0.750 (813s)
[mlx] fixed step 1790 ce=1.7598 total=1.7598 grad=4.8577880859375 conf_frac=0.750 (818s)
[mlx] fixed step 1800 ce=1.9805 total=1.9805 grad=0.5331997871398926 conf_frac=0.500 (823s)
[mlx] fixed step 1810 ce=1.7976 total=1.7976 grad=2.5294933319091797 conf_frac=0.750 (828s)
[mlx] fixed step 1820 ce=2.0486 total=2.0486 grad=1.2220174074172974 conf_frac=0.500 (832s)
[mlx] fixed step 1830 ce=1.9331 total=1.9331 grad=0.2711280286312103 conf_frac=0.500 (836s)
[mlx] fixed step 1840 ce=1.8027 total=1.8027 grad=1.8606765270233154 conf_frac=0.750 (841s)
[mlx] fixed step 1850 ce=1.2825 total=1.2825 grad=0.0033625331707298756 conf_frac=0.000 (845s)
[mlx] fixed step 1860 ce=2.0342 total=2.0342 grad=0.46386682987213135 conf_frac=0.500 (850s)
[mlx] fixed step 1870 ce=1.6836 total=1.6836 grad=3.735980749130249 conf_frac=0.750 (854s)
[mlx] fixed step 1880 ce=1.6243 total=1.6243 grad=3.8407223224639893 conf_frac=0.000 (858s)
[mlx] fixed step 1890 ce=2.5868 total=2.5868 grad=4.420891284942627 conf_frac=0.750 (862s)
[mlx] fixed step 1900 ce=2.3590 total=2.3590 grad=0.03200814127922058 conf_frac=0.250 (866s)
[mlx] fixed step 1910 ce=3.1476 total=3.1476 grad=0.22505730390548706 conf_frac=0.250 (870s)
[mlx] fixed step 1920 ce=2.4374 total=2.4374 grad=0.013532372191548347 conf_frac=0.000 (874s)
[mlx] fixed step 1930 ce=1.7857 total=1.7857 grad=0.0018580547766759992 conf_frac=0.000 (879s)
[mlx] fixed step 1940 ce=1.6854 total=1.6854 grad=2.7182276248931885 conf_frac=0.250 (883s)
[mlx] fixed step 1950 ce=1.4530 total=1.4530 grad=4.803365230560303 conf_frac=0.750 (887s)
[mlx] fixed step 1960 ce=1.3015 total=1.3015 grad=0.08176965266466141 conf_frac=0.250 (892s)
[mlx] fixed step 1970 ce=0.8987 total=0.8987 grad=0.23274801671504974 conf_frac=0.500 (896s)
[mlx] fixed step 1980 ce=0.9758 total=0.9758 grad=0.1128179132938385 conf_frac=0.500 (900s)
[mlx] fixed step 1990 ce=1.6856 total=1.6856 grad=5.736154556274414 conf_frac=0.500 (904s)
[mlx] fixed step 2000 ce=2.2263 total=2.2263 grad=0.023964673280715942 conf_frac=0.250 (908s)
[mlx] fixed step 2010 ce=0.4632 total=0.4632 grad=0.9809363484382629 conf_frac=0.500 (912s)
[mlx] fixed step 2020 ce=0.2982 total=0.2982 grad=0.0011987020261585712 conf_frac=0.000 (916s)
[mlx] fixed step 2030 ce=0.4426 total=0.4426 grad=0.17119193077087402 conf_frac=0.500 (920s)
[mlx] fixed step 2040 ce=0.8539 total=0.8539 grad=0.3522200584411621 conf_frac=0.500 (924s)
[mlx] fixed step 2050 ce=0.6737 total=0.6737 grad=0.800468385219574 conf_frac=0.500 (929s)
[mlx] fixed step 2060 ce=1.3285 total=1.3285 grad=4.022125720977783 conf_frac=0.750 (937s)
[mlx] fixed step 2070 ce=0.9433 total=0.9433 grad=10.373274803161621 conf_frac=1.000 (941s)
[mlx] fixed step 2080 ce=0.5097 total=0.5097 grad=0.08515762537717819 conf_frac=0.250 (946s)
[mlx] fixed step 2090 ce=0.3172 total=0.3172 grad=1.0369151830673218 conf_frac=0.500 (950s)
[mlx] fixed step 2100 ce=0.9067 total=0.9067 grad=0.0013765617040917277 conf_frac=0.000 (954s)
[mlx] fixed step 2110 ce=1.0538 total=1.0538 grad=2.034672737121582 conf_frac=0.750 (958s)
[mlx] fixed step 2120 ce=0.9228 total=0.9228 grad=0.10468260943889618 conf_frac=0.500 (962s)
[mlx] fixed step 2130 ce=0.6589 total=0.6589 grad=0.45914673805236816 conf_frac=0.750 (967s)
[mlx] fixed step 2140 ce=0.7473 total=0.7473 grad=1.3481009006500244 conf_frac=0.500 (971s)
[mlx] fixed step 2150 ce=0.7687 total=0.7687 grad=5.542849540710449 conf_frac=0.250 (975s)
[mlx] fixed step 2160 ce=0.4425 total=0.4425 grad=2.1272706985473633 conf_frac=0.500 (979s)
[mlx] fixed step 2170 ce=0.5281 total=0.5281 grad=11.179083824157715 conf_frac=0.500 (983s)
[mlx] fixed step 2180 ce=0.5253 total=0.5253 grad=2.1054294109344482 conf_frac=0.500 (987s)
[mlx] fixed step 2190 ce=1.0739 total=1.0739 grad=0.5159045457839966 conf_frac=0.250 (991s)
[mlx] fixed step 2200 ce=0.7771 total=0.7771 grad=0.0011887288419529796 conf_frac=0.000 (995s)
[mlx] fixed step 2210 ce=0.5680 total=0.5680 grad=0.08206099271774292 conf_frac=1.000 (999s)
[mlx] fixed step 2220 ce=0.8504 total=0.8504 grad=0.2312222421169281 conf_frac=0.500 (1004s)
[mlx] fixed step 2230 ce=1.3616 total=1.3616 grad=0.07069525122642517 conf_frac=0.500 (1011s)
[mlx] fixed step 2240 ce=0.8142 total=0.8142 grad=0.11186147481203079 conf_frac=0.250 (1015s)
[mlx] fixed step 2250 ce=1.1815 total=1.1815 grad=1.0453985929489136 conf_frac=0.750 (1020s)
[mlx] fixed step 2260 ce=0.6455 total=0.6455 grad=0.1377597153186798 conf_frac=0.500 (1024s)
[mlx] fixed step 2270 ce=1.4400 total=1.4400 grad=4.50203275680542 conf_frac=0.500 (1029s)
[mlx] fixed step 2280 ce=1.0042 total=1.0042 grad=0.016289135441184044 conf_frac=0.500 (1033s)
[mlx] fixed step 2290 ce=0.7081 total=0.7081 grad=0.010384018532931805 conf_frac=0.250 (1038s)
[mlx] fixed step 2300 ce=0.5372 total=0.5372 grad=11.618203163146973 conf_frac=1.000 (1042s)
[mlx] fixed step 2310 ce=0.4755 total=0.4755 grad=4.580689907073975 conf_frac=0.500 (1046s)
[mlx] fixed step 2320 ce=1.1698 total=1.1698 grad=6.345489025115967 conf_frac=1.000 (1051s)
[mlx] fixed step 2330 ce=1.1319 total=1.1319 grad=0.8642516732215881 conf_frac=0.750 (1056s)
[mlx] fixed step 2340 ce=0.9093 total=0.9093 grad=0.524042546749115 conf_frac=0.500 (1060s)
[mlx] fixed step 2350 ce=0.7376 total=0.7376 grad=0.2617568075656891 conf_frac=0.750 (1064s)
[mlx] fixed step 2360 ce=0.6762 total=0.6762 grad=1.5795323848724365 conf_frac=0.500 (1069s)
[mlx] fixed step 2370 ce=0.5909 total=0.5909 grad=5.835570335388184 conf_frac=0.500 (1073s)
[mlx] fixed step 2380 ce=0.5432 total=0.5432 grad=5.735175609588623 conf_frac=0.750 (1077s)
[mlx] fixed step 2390 ce=1.1599 total=1.1599 grad=0.018028564751148224 conf_frac=0.250 (1082s)
[mlx] fixed step 2400 ce=0.7870 total=0.7870 grad=0.16662219166755676 conf_frac=0.250 (1086s)
[mlx] fixed step 2410 ce=0.7601 total=0.7601 grad=0.31877875328063965 conf_frac=0.250 (1090s)
[mlx] fixed step 2420 ce=0.8528 total=0.8528 grad=0.028964698314666748 conf_frac=0.250 (1094s)
[mlx] fixed step 2430 ce=0.9977 total=0.9977 grad=6.174583435058594 conf_frac=0.250 (1099s)
[mlx] fixed step 2440 ce=1.2226 total=1.2226 grad=0.32823270559310913 conf_frac=0.250 (1103s)
[mlx] fixed step 2450 ce=0.7552 total=0.7552 grad=0.06121860444545746 conf_frac=0.250 (1108s)
[mlx] fixed step 2460 ce=0.9012 total=0.9012 grad=0.08422964811325073 conf_frac=0.500 (1112s)
[mlx] fixed step 2470 ce=1.0974 total=1.0974 grad=1.6873894929885864 conf_frac=0.250 (1116s)
[mlx] fixed step 2480 ce=0.7007 total=0.7007 grad=0.8556238412857056 conf_frac=0.500 (1121s)
[mlx] fixed step 2490 ce=1.1366 total=1.1366 grad=0.24148975312709808 conf_frac=0.250 (1125s)
[mlx] fixed step 2500 ce=0.9896 total=0.9896 grad=5.532382488250732 conf_frac=0.500 (1129s)
[mlx] fixed step 2510 ce=1.2065 total=1.2065 grad=1.2757799625396729 conf_frac=0.500 (1133s)
[mlx] fixed step 2520 ce=0.7432 total=0.7432 grad=0.08674059808254242 conf_frac=0.750 (1138s)
[mlx] fixed step 2530 ce=1.3857 total=1.3857 grad=0.00056318542920053 conf_frac=0.000 (1142s)
[mlx] fixed step 2540 ce=0.6146 total=0.6146 grad=1.8223700523376465 conf_frac=0.500 (1146s)
[mlx] fixed step 2550 ce=0.6781 total=0.6781 grad=4.47112512588501 conf_frac=0.750 (1151s)
[mlx] fixed step 2560 ce=0.8522 total=0.8522 grad=0.20159614086151123 conf_frac=0.250 (1155s)
[mlx] fixed step 2570 ce=0.8584 total=0.8584 grad=0.001665577874518931 conf_frac=0.000 (1159s)
[mlx] fixed step 2580 ce=0.2396 total=0.2396 grad=0.08013014495372772 conf_frac=0.250 (1164s)
[mlx] fixed step 2590 ce=0.4425 total=0.4425 grad=0.14374415576457977 conf_frac=0.500 (1168s)
[mlx] fixed step 2600 ce=1.2120 total=1.2120 grad=4.79187536239624 conf_frac=0.750 (1172s)
[mlx] fixed step 2610 ce=1.3501 total=1.3501 grad=0.1798161417245865 conf_frac=0.500 (1176s)
[mlx] fixed step 2620 ce=1.2053 total=1.2053 grad=1.1025902032852173 conf_frac=0.750 (1181s)
[mlx] fixed step 2630 ce=0.8550 total=0.8550 grad=0.5876009464263916 conf_frac=0.750 (1185s)
[mlx] fixed step 2640 ce=0.8639 total=0.8639 grad=0.41783809661865234 conf_frac=0.500 (1189s)
[mlx] fixed step 2650 ce=0.9863 total=0.9863 grad=0.02648759074509144 conf_frac=0.250 (1193s)
[mlx] fixed step 2660 ce=0.8447 total=0.8447 grad=1.0033053159713745 conf_frac=0.500 (1198s)
[mlx] fixed step 2670 ce=1.3769 total=1.3769 grad=1.3912838697433472 conf_frac=0.500 (1202s)
[mlx] fixed step 2680 ce=0.6032 total=0.6032 grad=1.475810170173645 conf_frac=0.750 (1207s)
[mlx] fixed step 2690 ce=0.9540 total=0.9540 grad=1.2698402404785156 conf_frac=0.250 (1212s)
[mlx] fixed step 2700 ce=1.8036 total=1.8036 grad=0.213507741689682 conf_frac=0.250 (1216s)
[mlx] fixed step 2710 ce=0.5973 total=0.5973 grad=0.0322871208190918 conf_frac=0.750 (1220s)
[mlx] fixed step 2720 ce=0.5551 total=0.5551 grad=1.0163018703460693 conf_frac=0.750 (1225s)
[mlx] fixed step 2730 ce=0.8762 total=0.8762 grad=0.5385481119155884 conf_frac=0.750 (1229s)
[mlx] fixed step 2740 ce=0.6222 total=0.6222 grad=0.137887105345726 conf_frac=0.250 (1233s)
[mlx] fixed step 2750 ce=1.0096 total=1.0096 grad=0.32174861431121826 conf_frac=0.750 (1238s)
[mlx] fixed step 2760 ce=1.1210 total=1.1210 grad=0.004765063989907503 conf_frac=0.250 (1243s)
[mlx] fixed step 2770 ce=0.5530 total=0.5530 grad=0.010323707014322281 conf_frac=0.500 (1248s)
[mlx] fixed step 2780 ce=0.7621 total=0.7621 grad=0.05153010040521622 conf_frac=0.250 (1252s)
[mlx] fixed step 2790 ce=1.6662 total=1.6662 grad=2.5160796642303467 conf_frac=0.500 (1257s)
[mlx] fixed step 2800 ce=0.3803 total=0.3803 grad=1.215578556060791 conf_frac=1.000 (1261s)
[mlx] fixed step 2810 ce=1.1449 total=1.1449 grad=0.07439570873975754 conf_frac=0.500 (1266s)
[mlx] fixed step 2820 ce=0.5542 total=0.5542 grad=5.79260778427124 conf_frac=0.500 (1270s)
[mlx] fixed step 2830 ce=0.7796 total=0.7796 grad=1.0968918800354004 conf_frac=0.250 (1275s)
[mlx] fixed step 2840 ce=1.5584 total=1.5584 grad=0.38934963941574097 conf_frac=0.250 (1279s)
[mlx] fixed step 2850 ce=0.4638 total=0.4638 grad=0.6445357203483582 conf_frac=0.250 (1284s)
[mlx] fixed step 2860 ce=0.9610 total=0.9610 grad=1.3993899822235107 conf_frac=0.750 (1288s)
[mlx] fixed step 2870 ce=0.6980 total=0.6980 grad=0.11180804669857025 conf_frac=0.250 (1293s)
[mlx] fixed step 2880 ce=1.0513 total=1.0513 grad=0.002212206134572625 conf_frac=0.000 (1299s)
[mlx] fixed step 2890 ce=0.8257 total=0.8257 grad=1.490922212600708 conf_frac=0.500 (1303s)
[mlx] fixed step 2900 ce=0.5701 total=0.5701 grad=1.1618574857711792 conf_frac=0.750 (1308s)
[mlx] fixed step 2910 ce=0.4048 total=0.4048 grad=2.881831407546997 conf_frac=1.000 (1312s)
[mlx] fixed step 2920 ce=0.4155 total=0.4155 grad=0.019183361902832985 conf_frac=0.250 (1317s)
[mlx] fixed step 2930 ce=0.8424 total=0.8424 grad=0.12790441513061523 conf_frac=0.250 (1321s)
[mlx] fixed step 2940 ce=1.2663 total=1.2663 grad=4.249990463256836 conf_frac=0.250 (1326s)
[mlx] fixed step 2950 ce=0.4552 total=0.4552 grad=4.026882171630859 conf_frac=0.750 (1331s)
[mlx] fixed step 2960 ce=0.4151 total=0.4151 grad=2.300137996673584 conf_frac=1.000 (1336s)
[mlx] fixed step 2970 ce=0.7295 total=0.7295 grad=5.278578281402588 conf_frac=0.500 (1341s)
[mlx] fixed step 2980 ce=0.9431 total=0.9431 grad=1.5237069129943848 conf_frac=0.250 (1346s)
[mlx] fixed step 2990 ce=0.9853 total=0.9853 grad=0.46071135997772217 conf_frac=0.250 (1351s)
[mlx] fixed step 3000 ce=0.7222 total=0.7222 grad=2.906031847000122 conf_frac=0.750 (1355s)
[mlx] fixed step 3010 ce=0.6338 total=0.6338 grad=0.6643646359443665 conf_frac=0.500 (1360s)
[mlx] fixed step 3020 ce=0.9019 total=0.9019 grad=0.0017495941137894988 conf_frac=0.000 (1364s)
[mlx] fixed step 3030 ce=1.1305 total=1.1305 grad=0.5437554121017456 conf_frac=0.250 (1369s)
[mlx] fixed step 3040 ce=0.9012 total=0.9012 grad=4.395669937133789 conf_frac=0.250 (1374s)
[mlx] fixed step 3050 ce=0.9418 total=0.9418 grad=7.110020160675049 conf_frac=0.750 (1378s)
[mlx] fixed step 3060 ce=1.1356 total=1.1356 grad=2.2916364669799805 conf_frac=0.750 (1383s)
[mlx] fixed step 3070 ce=1.0077 total=1.0077 grad=2.898923397064209 conf_frac=0.500 (1388s)
[mlx] fixed step 3080 ce=1.0092 total=1.0092 grad=0.007352299522608519 conf_frac=0.000 (1393s)
[mlx] fixed step 3090 ce=0.8896 total=0.8896 grad=4.147429943084717 conf_frac=0.750 (1399s)
[mlx] fixed step 3100 ce=1.1033 total=1.1033 grad=5.279560565948486 conf_frac=0.500 (1404s)
[mlx] fixed step 3110 ce=0.6917 total=0.6917 grad=2.2518396377563477 conf_frac=0.750 (1410s)
[mlx] fixed step 3120 ce=1.0652 total=1.0652 grad=3.6881258487701416 conf_frac=0.250 (1415s)
[mlx] fixed step 3130 ce=0.2741 total=0.2741 grad=1.3720210790634155 conf_frac=0.250 (1421s)
[mlx] fixed step 3140 ce=0.7072 total=0.7072 grad=2.066962480545044 conf_frac=0.500 (1425s)
[mlx] fixed step 3150 ce=0.5006 total=0.5006 grad=1.2617605924606323 conf_frac=0.250 (1430s)
[mlx] fixed step 3160 ce=0.5231 total=0.5231 grad=2.0637385845184326 conf_frac=0.500 (1434s)
[mlx] fixed step 3170 ce=0.6102 total=0.6102 grad=2.5507049560546875 conf_frac=0.500 (1438s)
[mlx] fixed step 3180 ce=0.5224 total=0.5224 grad=6.689363956451416 conf_frac=0.250 (1443s)
[mlx] fixed step 3190 ce=0.9106 total=0.9106 grad=0.017887938767671585 conf_frac=0.250 (1447s)
[mlx] fixed step 3200 ce=0.5192 total=0.5192 grad=0.14617829024791718 conf_frac=0.750 (1454s)
[mlx] fixed step 3210 ce=1.2088 total=1.2088 grad=5.305962562561035 conf_frac=0.500 (1458s)
[mlx] fixed step 3220 ce=0.8070 total=0.8070 grad=0.9115043878555298 conf_frac=0.500 (1463s)
[mlx] fixed step 3230 ce=1.2365 total=1.2365 grad=4.1301655769348145 conf_frac=0.500 (1467s)
[mlx] fixed step 3240 ce=0.4765 total=0.4765 grad=0.4235231876373291 conf_frac=0.500 (1472s)
[mlx] fixed step 3250 ce=0.7132 total=0.7132 grad=0.9614953994750977 conf_frac=0.500 (1477s)
[mlx] fixed step 3260 ce=0.3894 total=0.3894 grad=3.6294941902160645 conf_frac=0.500 (1482s)
[mlx] fixed step 3270 ce=0.9184 total=0.9184 grad=0.04098657891154289 conf_frac=0.250 (1486s)
[mlx] fixed step 3280 ce=0.6105 total=0.6105 grad=1.520493745803833 conf_frac=0.750 (1491s)
[mlx] fixed step 3290 ce=0.3661 total=0.3661 grad=0.1695815622806549 conf_frac=0.500 (1496s)
[mlx] fixed step 3300 ce=1.1856 total=1.1856 grad=1.7663757801055908 conf_frac=0.750 (1500s)
[mlx] fixed step 3310 ce=1.0851 total=1.0851 grad=1.7059634923934937 conf_frac=0.500 (1505s)
[mlx] fixed step 3320 ce=1.1723 total=1.1723 grad=0.0 conf_frac=0.000 (1509s)
[mlx] fixed step 3330 ce=1.0227 total=1.0227 grad=0.3530583679676056 conf_frac=0.500 (1513s)
[mlx] fixed step 3340 ce=1.1234 total=1.1234 grad=2.3244805335998535 conf_frac=0.750 (1518s)
[mlx] fixed step 3350 ce=0.5792 total=0.5792 grad=1.1199219226837158 conf_frac=0.500 (1523s)
[mlx] fixed step 3360 ce=0.9363 total=0.9363 grad=0.30430328845977783 conf_frac=0.250 (1528s)
[mlx] fixed step 3370 ce=0.8506 total=0.8506 grad=0.06349743157625198 conf_frac=0.500 (1533s)
[mlx] fixed step 3380 ce=0.4902 total=0.4902 grad=0.1108209416270256 conf_frac=0.500 (1538s)
[mlx] fixed step 3390 ce=0.7325 total=0.7325 grad=0.2515721023082733 conf_frac=1.000 (1543s)
[mlx] fixed step 3400 ce=0.5891 total=0.5891 grad=0.7171124815940857 conf_frac=0.500 (1547s)
[mlx] fixed step 3410 ce=0.8451 total=0.8451 grad=0.03563789650797844 conf_frac=0.500 (1552s)
[mlx] fixed step 3420 ce=0.8038 total=0.8038 grad=4.09028434753418 conf_frac=0.750 (1557s)
[mlx] fixed step 3430 ce=0.9962 total=0.9962 grad=0.2693326771259308 conf_frac=0.750 (1562s)
[mlx] fixed step 3440 ce=0.7139 total=0.7139 grad=0.03970523178577423 conf_frac=0.500 (1567s)
[mlx] fixed step 3450 ce=1.1424 total=1.1424 grad=1.745165467262268 conf_frac=0.750 (1571s)
[mlx] fixed step 3460 ce=0.7517 total=0.7517 grad=1.8122819662094116 conf_frac=0.500 (1576s)
[mlx] fixed step 3470 ce=0.9087 total=0.9087 grad=5.395172119140625 conf_frac=0.500 (1581s)
[mlx] fixed step 3480 ce=0.2660 total=0.2660 grad=2.939114570617676 conf_frac=1.000 (1590s)
[mlx] fixed step 3490 ce=0.8856 total=0.8856 grad=7.0359063148498535 conf_frac=1.000 (1595s)
[mlx] fixed step 3500 ce=0.6738 total=0.6738 grad=1.7555458545684814 conf_frac=0.750 (1599s)
[mlx] fixed step 3510 ce=0.4998 total=0.4998 grad=1.6664748191833496 conf_frac=0.750 (1604s)
[mlx] fixed step 3520 ce=0.4610 total=0.4610 grad=0.026623185724020004 conf_frac=0.750 (1609s)
[mlx] fixed step 3530 ce=1.1459 total=1.1459 grad=0.8460602164268494 conf_frac=0.500 (1614s)
[mlx] fixed step 3540 ce=2.2534 total=2.2534 grad=4.641433238983154 conf_frac=0.500 (1619s)
[mlx] fixed step 3550 ce=0.9530 total=0.9530 grad=1.6045316457748413 conf_frac=0.500 (1623s)
[mlx] fixed step 3560 ce=0.3353 total=0.3353 grad=0.3711857497692108 conf_frac=0.250 (1628s)
[mlx] fixed step 3570 ce=1.0470 total=1.0470 grad=0.12600913643836975 conf_frac=0.250 (1632s)
[mlx] fixed step 3580 ce=0.9507 total=0.9507 grad=1.1134544610977173 conf_frac=0.250 (1637s)
[mlx] fixed step 3590 ce=0.9431 total=0.9431 grad=5.414994239807129 conf_frac=0.250 (1642s)
[mlx] fixed step 3600 ce=0.7799 total=0.7799 grad=2.911896228790283 conf_frac=0.500 (1646s)
[mlx] fixed step 3610 ce=0.7976 total=0.7976 grad=0.1876971572637558 conf_frac=0.250 (1651s)
[mlx] fixed step 3620 ce=1.0186 total=1.0186 grad=0.06482773274183273 conf_frac=0.500 (1655s)
[mlx] fixed step 3630 ce=0.3610 total=0.3610 grad=0.06193459779024124 conf_frac=0.250 (1659s)
[mlx] fixed step 3640 ce=0.8938 total=0.8938 grad=0.031299229711294174 conf_frac=0.250 (1664s)
[mlx] fixed step 3650 ce=0.7943 total=0.7943 grad=4.783584117889404 conf_frac=0.750 (1668s)
[mlx] fixed step 3660 ce=1.2746 total=1.2746 grad=2.6354408264160156 conf_frac=0.500 (1672s)
[mlx] fixed step 3670 ce=0.6601 total=0.6601 grad=0.019434086978435516 conf_frac=0.250 (1677s)
[mlx] fixed step 3680 ce=0.7223 total=0.7223 grad=0.4287371337413788 conf_frac=0.250 (1681s)
[mlx] fixed step 3690 ce=1.1037 total=1.1037 grad=0.12141725420951843 conf_frac=0.250 (1686s)
[mlx] fixed step 3700 ce=0.7026 total=0.7026 grad=4.083690166473389 conf_frac=0.500 (1690s)
[mlx] fixed step 3710 ce=0.8340 total=0.8340 grad=2.6483333110809326 conf_frac=0.750 (1694s)
[mlx] fixed step 3720 ce=1.2535 total=1.2535 grad=1.2134294509887695 conf_frac=0.750 (1698s)
[mlx] fixed step 3730 ce=1.2923 total=1.2923 grad=0.6371573805809021 conf_frac=0.500 (1704s)
[mlx] fixed step 3740 ce=0.7955 total=0.7955 grad=2.9989888668060303 conf_frac=0.250 (1708s)
[mlx] fixed step 3750 ce=1.1088 total=1.1088 grad=5.22653865814209 conf_frac=0.500 (1713s)
[mlx] fixed step 3760 ce=0.8656 total=0.8656 grad=10.493718147277832 conf_frac=0.750 (1718s)
[mlx] fixed step 3770 ce=1.1816 total=1.1816 grad=0.1838783323764801 conf_frac=0.250 (1723s)
[mlx] fixed step 3780 ce=0.4782 total=0.4782 grad=0.18966570496559143 conf_frac=0.500 (1728s)
[mlx] fixed step 3790 ce=0.4036 total=0.4036 grad=0.4448554813861847 conf_frac=0.500 (1732s)
[mlx] fixed step 3800 ce=1.0273 total=1.0273 grad=0.027987180277705193 conf_frac=0.750 (1737s)
[mlx] fixed step 3810 ce=1.1674 total=1.1674 grad=0.42261838912963867 conf_frac=0.500 (1742s)
[mlx] fixed step 3820 ce=0.9226 total=0.9226 grad=0.0 conf_frac=0.000 (1747s)
[mlx] fixed step 3830 ce=0.8437 total=0.8437 grad=0.7012879848480225 conf_frac=0.500 (1751s)
[mlx] fixed step 3840 ce=0.7816 total=0.7816 grad=0.006310650613158941 conf_frac=0.250 (1756s)
[mlx] fixed step 3850 ce=0.8508 total=0.8508 grad=5.377875804901123 conf_frac=0.750 (1761s)
[mlx] fixed step 3860 ce=1.0186 total=1.0186 grad=3.710733652114868 conf_frac=0.500 (1766s)
[mlx] fixed step 3870 ce=1.2879 total=1.2879 grad=6.2036285400390625 conf_frac=0.250 (1770s)
[mlx] fixed step 3880 ce=1.0006 total=1.0006 grad=6.711912631988525 conf_frac=0.500 (1775s)
[mlx] fixed step 3890 ce=0.7251 total=0.7251 grad=2.073268413543701 conf_frac=0.500 (1779s)
[mlx] fixed step 3900 ce=0.8257 total=0.8257 grad=0.03430430591106415 conf_frac=0.250 (1784s)
[mlx] fixed step 3910 ce=0.5499 total=0.5499 grad=0.17497825622558594 conf_frac=0.250 (1788s)
[mlx] fixed step 3920 ce=0.8916 total=0.8916 grad=0.5296822786331177 conf_frac=0.250 (1793s)
[mlx] fixed step 3930 ce=0.9422 total=0.9422 grad=0.7476851344108582 conf_frac=0.500 (1797s)
[mlx] fixed step 3940 ce=0.5623 total=0.5623 grad=2.339810609817505 conf_frac=0.750 (1802s)
[mlx] fixed step 3950 ce=1.3590 total=1.3590 grad=2.1158559322357178 conf_frac=0.500 (1806s)
[mlx] fixed step 3960 ce=0.8524 total=0.8524 grad=3.3551039695739746 conf_frac=0.500 (1810s)
[mlx] fixed step 3970 ce=0.7235 total=0.7235 grad=3.8933680057525635 conf_frac=0.750 (1815s)
[mlx] fixed step 3980 ce=0.8917 total=0.8917 grad=0.19467748701572418 conf_frac=0.250 (1819s)
[mlx] fixed step 3990 ce=0.7377 total=0.7377 grad=3.927330255508423 conf_frac=0.750 (1824s)
[mlx] fixed step 4000 ce=0.7373 total=0.7373 grad=1.8143184185028076 conf_frac=1.000 (1828s)
[mlx] fixed step 4010 ce=0.1766 total=0.1766 grad=2.9690017700195312 conf_frac=0.750 (1833s)
[mlx] fixed step 4020 ce=0.5696 total=0.5696 grad=3.3658246994018555 conf_frac=0.250 (1837s)
[mlx] fixed step 4030 ce=0.1699 total=0.1699 grad=3.551706314086914 conf_frac=0.500 (1841s)
[mlx] fixed step 4040 ce=0.1727 total=0.1727 grad=0.7465828061103821 conf_frac=0.750 (1846s)
[mlx] fixed step 4050 ce=0.4152 total=0.4152 grad=0.00041092315223068 conf_frac=0.000 (1850s)
[mlx] fixed step 4060 ce=0.5752 total=0.5752 grad=0.0433010496199131 conf_frac=0.250 (1855s)
[mlx] fixed step 4070 ce=0.2810 total=0.2810 grad=0.04659604653716087 conf_frac=0.250 (1859s)
[mlx] fixed step 4080 ce=0.8239 total=0.8239 grad=4.670644760131836 conf_frac=0.500 (1863s)
[mlx] fixed step 4090 ce=0.3952 total=0.3952 grad=0.11876951903104782 conf_frac=0.750 (1868s)
[mlx] fixed step 4100 ce=0.5842 total=0.5842 grad=1.2083338499069214 conf_frac=0.750 (1873s)
[mlx] fixed step 4110 ce=0.2402 total=0.2402 grad=1.4130059480667114 conf_frac=0.750 (1877s)
[mlx] fixed step 4120 ce=0.4397 total=0.4397 grad=0.23363512754440308 conf_frac=0.250 (1881s)
[mlx] fixed step 4130 ce=0.3643 total=0.3643 grad=3.249889850616455 conf_frac=0.250 (1886s)
[mlx] fixed step 4140 ce=0.4086 total=0.4086 grad=3.548492431640625 conf_frac=0.500 (1890s)
[mlx] fixed step 4150 ce=1.2002 total=1.2002 grad=2.2301647663116455 conf_frac=0.500 (1895s)
[mlx] fixed step 4160 ce=0.2586 total=0.2586 grad=0.0004324361798353493 conf_frac=0.000 (1899s)
[mlx] fixed step 4170 ce=0.2841 total=0.2841 grad=4.717312812805176 conf_frac=0.250 (1904s)
[mlx] fixed step 4180 ce=0.3638 total=0.3638 grad=3.8699679374694824 conf_frac=0.750 (1908s)
[mlx] fixed step 4190 ce=0.3767 total=0.3767 grad=0.7327143549919128 conf_frac=0.500 (1912s)
[mlx] fixed step 4200 ce=0.7291 total=0.7291 grad=3.6756932735443115 conf_frac=0.250 (1917s)
[mlx] fixed step 4210 ce=1.2616 total=1.2616 grad=0.28089669346809387 conf_frac=0.750 (1922s)
[mlx] fixed step 4220 ce=0.6071 total=0.6071 grad=0.25184717774391174 conf_frac=0.500 (1926s)
[mlx] fixed step 4230 ce=0.5547 total=0.5547 grad=2.808750629425049 conf_frac=0.750 (1930s)
[mlx] fixed step 4240 ce=0.5679 total=0.5679 grad=5.082584381103516 conf_frac=0.750 (1935s)
[mlx] fixed step 4250 ce=0.5106 total=0.5106 grad=1.2035939693450928 conf_frac=0.500 (1939s)
[mlx] fixed step 4260 ce=0.3299 total=0.3299 grad=0.8045687079429626 conf_frac=0.500 (1944s)
[mlx] fixed step 4270 ce=0.4127 total=0.4127 grad=0.42782697081565857 conf_frac=0.750 (1949s)
[mlx] fixed step 4280 ce=0.5197 total=0.5197 grad=0.7062432765960693 conf_frac=0.750 (1953s)
[mlx] fixed step 4290 ce=0.3035 total=0.3035 grad=0.0015397983370348811 conf_frac=0.000 (1957s)
[mlx] fixed step 4300 ce=0.6106 total=0.6106 grad=5.59401798248291 conf_frac=0.500 (1962s)
[mlx] fixed step 4310 ce=0.3289 total=0.3289 grad=6.84141206741333 conf_frac=0.750 (1967s)
[mlx] fixed step 4320 ce=0.6429 total=0.6429 grad=0.09789782762527466 conf_frac=0.500 (1971s)
[mlx] fixed step 4330 ce=0.5720 total=0.5720 grad=0.28043755888938904 conf_frac=0.750 (1976s)
[mlx] fixed step 4340 ce=0.1709 total=0.1709 grad=0.0 conf_frac=0.000 (1980s)
[mlx] fixed step 4350 ce=0.7274 total=0.7274 grad=2.1911239624023438 conf_frac=0.500 (1985s)
[mlx] fixed step 4360 ce=0.2709 total=0.2709 grad=1.3519638776779175 conf_frac=0.500 (1989s)
[mlx] fixed step 4370 ce=0.9478 total=0.9478 grad=3.1807174682617188 conf_frac=0.750 (1993s)
[mlx] fixed step 4380 ce=0.4765 total=0.4765 grad=0.13283771276474 conf_frac=0.500 (1998s)
[mlx] fixed step 4390 ce=0.5969 total=0.5969 grad=2.166651487350464 conf_frac=0.500 (2003s)
[mlx] fixed step 4400 ce=0.5058 total=0.5058 grad=5.211043834686279 conf_frac=0.250 (2007s)
[mlx] fixed step 4410 ce=0.6047 total=0.6047 grad=0.9455726742744446 conf_frac=0.500 (2012s)
[mlx] fixed step 4420 ce=0.9094 total=0.9094 grad=1.0792146921157837 conf_frac=0.500 (2017s)
[mlx] fixed step 4430 ce=1.1881 total=1.1881 grad=0.2947351038455963 conf_frac=0.250 (2022s)
[mlx] fixed step 4440 ce=0.8484 total=0.8484 grad=0.9070857763290405 conf_frac=0.500 (2026s)
[mlx] fixed step 4450 ce=0.3851 total=0.3851 grad=6.728350639343262 conf_frac=0.500 (2031s)
[mlx] fixed step 4460 ce=0.5211 total=0.5211 grad=3.9011030197143555 conf_frac=0.500 (2035s)
[mlx] fixed step 4470 ce=0.2324 total=0.2324 grad=0.015851713716983795 conf_frac=0.250 (2039s)
[mlx] fixed step 4480 ce=0.4907 total=0.4907 grad=0.08452640473842621 conf_frac=0.250 (2044s)
[mlx] fixed step 4490 ce=0.2016 total=0.2016 grad=1.928416132926941 conf_frac=0.500 (2048s)
[mlx] fixed step 4500 ce=0.6199 total=0.6199 grad=0.43583717942237854 conf_frac=0.250 (2053s)
[mlx] fixed step 4510 ce=0.2930 total=0.2930 grad=1.7164549827575684 conf_frac=0.750 (2057s)
[mlx] fixed step 4520 ce=0.4236 total=0.4236 grad=5.878518104553223 conf_frac=0.250 (2061s)
[mlx] fixed step 4530 ce=0.5819 total=0.5819 grad=0.20705926418304443 conf_frac=0.500 (2066s)
[mlx] fixed step 4540 ce=0.3533 total=0.3533 grad=0.46719294786453247 conf_frac=0.500 (2070s)
[mlx] fixed step 4550 ce=0.1949 total=0.1949 grad=2.0793843269348145 conf_frac=0.750 (2075s)
[mlx] fixed step 4560 ce=0.6188 total=0.6188 grad=1.5000193119049072 conf_frac=1.000 (2079s)
[mlx] fixed step 4570 ce=0.6215 total=0.6215 grad=0.11428727954626083 conf_frac=0.000 (2083s)
[mlx] fixed step 4580 ce=0.5299 total=0.5299 grad=0.05831485614180565 conf_frac=0.500 (2087s)
[mlx] fixed step 4590 ce=0.5496 total=0.5496 grad=0.057789262384176254 conf_frac=0.250 (2093s)
[mlx] fixed step 4600 ce=0.6742 total=0.6742 grad=0.04018545150756836 conf_frac=0.500 (2098s)
[mlx] fixed step 4610 ce=0.3194 total=0.3194 grad=5.914058685302734 conf_frac=0.250 (2102s)
[mlx] fixed step 4620 ce=0.4198 total=0.4198 grad=2.9306929111480713 conf_frac=0.500 (2108s)
[mlx] fixed step 4630 ce=0.8714 total=0.8714 grad=0.10198324918746948 conf_frac=0.500 (2112s)
[mlx] fixed step 4640 ce=0.0727 total=0.0727 grad=2.613440990447998 conf_frac=0.250 (2117s)
[mlx] fixed step 4650 ce=0.4465 total=0.4465 grad=0.004248109180480242 conf_frac=0.250 (2121s)
[mlx] fixed step 4660 ce=0.5860 total=0.5860 grad=9.09131908416748 conf_frac=0.500 (2126s)
[mlx] fixed step 4670 ce=0.3137 total=0.3137 grad=6.119400978088379 conf_frac=0.500 (2131s)
[mlx] fixed step 4680 ce=0.7158 total=0.7158 grad=0.03459171578288078 conf_frac=0.250 (2135s)
[mlx] fixed step 4690 ce=0.2602 total=0.2602 grad=1.8186808824539185 conf_frac=0.500 (2140s)
[mlx] fixed step 4700 ce=0.2826 total=0.2826 grad=0.09590687602758408 conf_frac=0.250 (2145s)
[mlx] fixed step 4710 ce=0.2632 total=0.2632 grad=4.901337623596191 conf_frac=0.500 (2149s)
[mlx] fixed step 4720 ce=0.6781 total=0.6781 grad=4.1658244132995605 conf_frac=0.750 (2154s)
[mlx] fixed step 4730 ce=0.2787 total=0.2787 grad=3.1403143405914307 conf_frac=0.250 (2160s)
[mlx] fixed step 4740 ce=0.4201 total=0.4201 grad=0.12126386910676956 conf_frac=0.750 (2164s)
[mlx] fixed step 4750 ce=0.4926 total=0.4926 grad=1.7711267471313477 conf_frac=0.500 (2170s)
[mlx] fixed step 4760 ce=0.6399 total=0.6399 grad=1.7135863304138184 conf_frac=0.750 (2175s)
[mlx] fixed step 4770 ce=0.5028 total=0.5028 grad=5.4994001388549805 conf_frac=0.250 (2179s)
[mlx] fixed step 4780 ce=0.4516 total=0.4516 grad=1.6585156917572021 conf_frac=0.500 (2184s)
[mlx] fixed step 4790 ce=0.4854 total=0.4854 grad=3.6265976428985596 conf_frac=0.500 (2188s)
[mlx] fixed step 4800 ce=0.5685 total=0.5685 grad=0.0 conf_frac=0.000 (2193s)
[mlx] fixed step 4810 ce=0.2873 total=0.2873 grad=0.04024101793766022 conf_frac=0.250 (2198s)
[mlx] fixed step 4820 ce=0.6598 total=0.6598 grad=0.062058549374341965 conf_frac=0.250 (2202s)
[mlx] fixed step 4830 ce=0.2302 total=0.2302 grad=0.07415223866701126 conf_frac=0.500 (2207s)
[mlx] fixed step 4840 ce=0.4910 total=0.4910 grad=3.823378086090088 conf_frac=0.500 (2212s)
[mlx] fixed step 4850 ce=0.4926 total=0.4926 grad=0.6510985493659973 conf_frac=0.250 (2216s)
[mlx] fixed step 4860 ce=0.2999 total=0.2999 grad=5.493300914764404 conf_frac=0.250 (2221s)
[mlx] fixed step 4870 ce=0.5833 total=0.5833 grad=0.4906184673309326 conf_frac=0.500 (2226s)
[mlx] fixed step 4880 ce=0.3355 total=0.3355 grad=0.10503530502319336 conf_frac=0.500 (2231s)
[mlx] fixed step 4890 ce=0.5101 total=0.5101 grad=0.038470786064863205 conf_frac=0.500 (2236s)
[mlx] fixed step 4900 ce=0.4295 total=0.4295 grad=0.0014124811859801412 conf_frac=0.250 (2241s)
[mlx] fixed step 4910 ce=0.7739 total=0.7739 grad=3.592930555343628 conf_frac=0.500 (2245s)
[mlx] fixed step 4920 ce=0.4146 total=0.4146 grad=0.21330416202545166 conf_frac=0.250 (2250s)
[mlx] fixed step 4930 ce=0.4000 total=0.4000 grad=0.26040270924568176 conf_frac=0.750 (2255s)
[mlx] fixed step 4940 ce=0.6669 total=0.6669 grad=3.478731155395508 conf_frac=0.500 (2259s)
[mlx] fixed step 4950 ce=0.5766 total=0.5766 grad=1.2506074905395508 conf_frac=0.500 (2264s)
[mlx] fixed step 4960 ce=1.0745 total=1.0745 grad=0.044436194002628326 conf_frac=0.500 (2269s)
[mlx] fixed step 4970 ce=0.6366 total=0.6366 grad=0.0011326262028887868 conf_frac=0.000 (2273s)
[mlx] fixed step 4980 ce=0.6176 total=0.6176 grad=1.1307507753372192 conf_frac=0.750 (2278s)
[mlx] fixed step 4990 ce=0.4566 total=0.4566 grad=1.506591796875 conf_frac=0.750 (2283s)
[mlx] fixed step 5000 ce=0.3301 total=0.3301 grad=0.4463917315006256 conf_frac=0.750 (2288s)
[mlx] fixed step 5010 ce=0.5500 total=0.5500 grad=0.9473289251327515 conf_frac=0.500 (2292s)
[mlx] fixed step 5020 ce=0.5400 total=0.5400 grad=0.4771650731563568 conf_frac=0.500 (2296s)
[mlx] fixed step 5030 ce=1.4123 total=1.4123 grad=4.488637447357178 conf_frac=0.500 (2301s)
[mlx] fixed step 5040 ce=0.2168 total=0.2168 grad=0.5320746302604675 conf_frac=0.750 (2306s)
[mlx] fixed step 5050 ce=0.4635 total=0.4635 grad=2.8346898555755615 conf_frac=0.750 (2311s)
[mlx] fixed step 5060 ce=0.5880 total=0.5880 grad=2.0826661586761475 conf_frac=0.500 (2315s)
[mlx] fixed step 5070 ce=0.5727 total=0.5727 grad=0.012403110042214394 conf_frac=0.250 (2320s)
[mlx] fixed step 5080 ce=0.9257 total=0.9257 grad=0.02825736254453659 conf_frac=0.750 (2324s)
[mlx] fixed step 5090 ce=0.9645 total=0.9645 grad=0.8152700066566467 conf_frac=0.500 (2329s)
[mlx] fixed step 5100 ce=0.3839 total=0.3839 grad=0.0 conf_frac=0.000 (2334s)
[mlx] fixed step 5110 ce=0.5748 total=0.5748 grad=5.0279364585876465 conf_frac=0.500 (2338s)
[mlx] fixed step 5120 ce=0.4716 total=0.4716 grad=0.12933951616287231 conf_frac=0.750 (2343s)
[mlx] fixed step 5130 ce=0.4140 total=0.4140 grad=2.8690130710601807 conf_frac=1.000 (2351s)
[mlx] fixed step 5140 ce=0.8822 total=0.8822 grad=0.7501634359359741 conf_frac=0.250 (2356s)
[mlx] fixed step 5150 ce=0.7283 total=0.7283 grad=2.2503013610839844 conf_frac=0.500 (2360s)
[mlx] fixed step 5160 ce=0.4352 total=0.4352 grad=2.8617935180664062 conf_frac=0.500 (2365s)
[mlx] fixed step 5170 ce=0.8081 total=0.8081 grad=0.023875143378973007 conf_frac=0.500 (2369s)
[mlx] fixed step 5180 ce=0.5272 total=0.5272 grad=5.500887393951416 conf_frac=0.750 (2374s)
[mlx] fixed step 5190 ce=0.2821 total=0.2821 grad=2.0231831073760986 conf_frac=0.250 (2378s)
[mlx] fixed step 5200 ce=1.3056 total=1.3056 grad=7.1764750480651855 conf_frac=0.750 (2383s)
[mlx] fixed step 5210 ce=0.9598 total=0.9598 grad=3.084261655807495 conf_frac=0.500 (2388s)
[mlx] fixed step 5220 ce=0.9357 total=0.9357 grad=3.2978925704956055 conf_frac=0.750 (2392s)
[mlx] fixed step 5230 ce=0.7832 total=0.7832 grad=0.014683080837130547 conf_frac=0.250 (2397s)
[mlx] fixed step 5240 ce=0.5060 total=0.5060 grad=1.7192057371139526 conf_frac=0.750 (2402s)
[mlx] fixed step 5250 ce=0.7544 total=0.7544 grad=4.592417240142822 conf_frac=0.750 (2406s)
[mlx] fixed step 5260 ce=0.2345 total=0.2345 grad=3.212700605392456 conf_frac=0.500 (2411s)
[mlx] fixed step 5270 ce=0.6570 total=0.6570 grad=3.4143145084381104 conf_frac=0.500 (2416s)
[mlx] fixed step 5280 ce=0.7636 total=0.7636 grad=0.24927936494350433 conf_frac=0.500 (2420s)
[mlx] fixed step 5290 ce=0.7253 total=0.7253 grad=0.5902347564697266 conf_frac=0.500 (2425s)
[mlx] fixed step 5300 ce=1.2831 total=1.2831 grad=0.3195260465145111 conf_frac=0.500 (2430s)
[mlx] fixed step 5310 ce=0.5163 total=0.5163 grad=5.889964086236432e-05 conf_frac=0.000 (2434s)
[mlx] fixed step 5320 ce=0.5032 total=0.5032 grad=0.15316158533096313 conf_frac=0.500 (2439s)
[mlx] fixed step 5330 ce=0.1464 total=0.1464 grad=0.00023470194719266146 conf_frac=0.000 (2444s)
[mlx] fixed step 5340 ce=0.4692 total=0.4692 grad=3.568859815597534 conf_frac=0.500 (2448s)
[mlx] fixed step 5350 ce=0.4120 total=0.4120 grad=5.246013641357422 conf_frac=0.250 (2452s)
[mlx] fixed step 5360 ce=0.7837 total=0.7837 grad=1.8877800703048706 conf_frac=0.750 (2457s)
[mlx] fixed step 5370 ce=0.8590 total=0.8590 grad=2.5254554748535156 conf_frac=0.750 (2465s)
[mlx] fixed step 5380 ce=0.3815 total=0.3815 grad=3.1719486713409424 conf_frac=0.250 (2469s)
[mlx] fixed step 5390 ce=0.8542 total=0.8542 grad=5.681636810302734 conf_frac=0.750 (2478s)
[mlx] fixed step 5400 ce=0.3810 total=0.3810 grad=0.00024467724142596126 conf_frac=0.000 (2485s)
[mlx] fixed step 5410 ce=0.8923 total=0.8923 grad=0.01351301372051239 conf_frac=0.250 (2489s)
[mlx] fixed step 5420 ce=0.9278 total=0.9278 grad=5.6096110343933105 conf_frac=0.750 (2495s)
[mlx] fixed step 5430 ce=0.7142 total=0.7142 grad=2.6979684829711914 conf_frac=0.750 (2499s)
[mlx] fixed step 5440 ce=0.3246 total=0.3246 grad=0.0 conf_frac=0.000 (2504s)
[mlx] fixed step 5450 ce=0.7606 total=0.7606 grad=1.2711377143859863 conf_frac=0.500 (2508s)
[mlx] fixed step 5460 ce=0.4870 total=0.4870 grad=6.217142072273418e-05 conf_frac=0.000 (2513s)
[mlx] fixed step 5470 ce=0.2213 total=0.2213 grad=0.42621302604675293 conf_frac=0.500 (2517s)
[mlx] fixed step 5480 ce=0.8472 total=0.8472 grad=0.011829948984086514 conf_frac=0.250 (2522s)
[mlx] fixed step 5490 ce=0.5040 total=0.5040 grad=10.73945140838623 conf_frac=0.750 (2526s)
[mlx] fixed step 5500 ce=0.3947 total=0.3947 grad=0.33579427003860474 conf_frac=1.000 (2531s)
[mlx] fixed step 5510 ce=0.6753 total=0.6753 grad=2.3565964698791504 conf_frac=0.750 (2536s)
[mlx] fixed step 5520 ce=0.5120 total=0.5120 grad=5.345315456390381 conf_frac=0.750 (2540s)
[mlx] fixed step 5530 ce=0.3055 total=0.3055 grad=1.4350171089172363 conf_frac=0.750 (2545s)
[mlx] fixed step 5540 ce=0.7120 total=0.7120 grad=2.1540887355804443 conf_frac=0.750 (2550s)
[mlx] fixed step 5550 ce=0.4393 total=0.4393 grad=5.213281631469727 conf_frac=0.750 (2554s)
[mlx] fixed step 5560 ce=0.5973 total=0.5973 grad=1.0111867189407349 conf_frac=0.250 (2559s)
[mlx] fixed step 5570 ce=0.6458 total=0.6458 grad=4.227327823638916 conf_frac=0.000 (2564s)
[mlx] fixed step 5580 ce=0.5976 total=0.5976 grad=0.9504491090774536 conf_frac=0.750 (2568s)
[mlx] fixed step 5590 ce=0.9419 total=0.9419 grad=0.2262878268957138 conf_frac=0.750 (2573s)
[mlx] fixed step 5600 ce=0.3335 total=0.3335 grad=0.07503225654363632 conf_frac=0.750 (2577s)
[mlx] fixed step 5610 ce=0.3936 total=0.3936 grad=0.4466143250465393 conf_frac=1.000 (2582s)
[mlx] fixed step 5620 ce=0.4321 total=0.4321 grad=0.00029847637051716447 conf_frac=0.500 (2587s)
[mlx] fixed step 5630 ce=0.5911 total=0.5911 grad=4.2834625244140625 conf_frac=0.500 (2591s)
[mlx] fixed step 5640 ce=0.4348 total=0.4348 grad=1.5517560243606567 conf_frac=0.000 (2596s)
[mlx] fixed step 5650 ce=0.5177 total=0.5177 grad=7.0134053230285645 conf_frac=0.500 (2600s)
[mlx] fixed step 5660 ce=0.6862 total=0.6862 grad=0.3062590956687927 conf_frac=0.500 (2605s)
[mlx] fixed step 5670 ce=0.5560 total=0.5560 grad=4.64633321762085 conf_frac=1.000 (2609s)
[mlx] fixed step 5680 ce=1.2969 total=1.2969 grad=3.3497729301452637 conf_frac=0.500 (2614s)
[mlx] fixed step 5690 ce=0.5062 total=0.5062 grad=3.3447580337524414 conf_frac=0.500 (2618s)
[mlx] fixed step 5700 ce=0.6187 total=0.6187 grad=0.08023036271333694 conf_frac=0.750 (2623s)
[mlx] fixed step 5710 ce=0.8665 total=0.8665 grad=0.054624997079372406 conf_frac=0.500 (2627s)
[mlx] fixed step 5720 ce=0.5827 total=0.5827 grad=0.7195403575897217 conf_frac=0.500 (2632s)
[mlx] fixed step 5730 ce=0.5379 total=0.5379 grad=0.016468556597828865 conf_frac=0.250 (2636s)
[mlx] fixed step 5740 ce=0.8811 total=0.8811 grad=0.06242036074399948 conf_frac=0.250 (2640s)
[mlx] fixed step 5750 ce=0.6099 total=0.6099 grad=5.897707939147949 conf_frac=0.500 (2645s)
[mlx] fixed step 5760 ce=1.1852 total=1.1852 grad=0.00034108926774933934 conf_frac=0.000 (2649s)
[mlx] fixed step 5770 ce=0.9196 total=0.9196 grad=0.025145672261714935 conf_frac=0.250 (2654s)
[mlx] fixed step 5780 ce=0.9694 total=0.9694 grad=0.0010891822166740894 conf_frac=0.250 (2659s)
[mlx] fixed step 5790 ce=0.7156 total=0.7156 grad=0.0008108450565487146 conf_frac=0.250 (2664s)
[mlx] fixed step 5800 ce=0.8340 total=0.8340 grad=0.0024885779712349176 conf_frac=0.250 (2668s)
[mlx] fixed step 5810 ce=0.4028 total=0.4028 grad=11.079156875610352 conf_frac=0.000 (2673s)
[mlx] fixed step 5820 ce=0.2151 total=0.2151 grad=0.19361816346645355 conf_frac=0.500 (2677s)
[mlx] fixed step 5830 ce=0.2495 total=0.2495 grad=0.4129025936126709 conf_frac=0.750 (2682s)
[mlx] fixed step 5840 ce=0.6187 total=0.6187 grad=0.24606549739837646 conf_frac=0.500 (2686s)
[mlx] fixed step 5850 ce=0.6748 total=0.6748 grad=0.06471486389636993 conf_frac=0.250 (2691s)
[mlx] fixed step 5860 ce=0.7255 total=0.7255 grad=0.0 conf_frac=0.000 (2695s)
[mlx] fixed step 5870 ce=1.0206 total=1.0206 grad=1.3243567943572998 conf_frac=0.500 (2700s)
[mlx] fixed step 5880 ce=0.3407 total=0.3407 grad=0.21999189257621765 conf_frac=0.750 (2704s)
[mlx] fixed step 5890 ce=0.2863 total=0.2863 grad=0.003287204308435321 conf_frac=0.000 (2708s)
[mlx] fixed step 5900 ce=0.4966 total=0.4966 grad=0.08081696182489395 conf_frac=0.500 (2713s)
[mlx] fixed step 5910 ce=0.5634 total=0.5634 grad=1.7059475183486938 conf_frac=0.500 (2717s)
[mlx] fixed step 5920 ce=0.2613 total=0.2613 grad=9.87723445892334 conf_frac=0.750 (2722s)
[mlx] fixed step 5930 ce=0.8498 total=0.8498 grad=0.12192153185606003 conf_frac=0.500 (2726s)
[mlx] fixed step 5940 ce=0.3799 total=0.3799 grad=0.05250407010316849 conf_frac=0.500 (2731s)
[mlx] fixed step 5950 ce=0.5317 total=0.5317 grad=0.2426818609237671 conf_frac=0.500 (2736s)
[mlx] fixed step 5960 ce=0.6448 total=0.6448 grad=3.0761594772338867 conf_frac=0.500 (2740s)
[mlx] fixed step 5970 ce=1.8735 total=1.8735 grad=11.456154823303223 conf_frac=0.750 (2745s)
[mlx] fixed step 5980 ce=0.4891 total=0.4891 grad=0.3715381324291229 conf_frac=0.500 (2750s)
[mlx] fixed step 5990 ce=0.6733 total=0.6733 grad=3.6634902954101562 conf_frac=1.000 (2755s)
[mlx] fixed step 6000 ce=0.5025 total=0.5025 grad=0.3918997049331665 conf_frac=0.500 (2759s)
[mlx] fixed post-train (n=8008) acc=0.9449 majority=0.4994 dist={'[CONFIDENT]': 0.48801198801198803, '[COND_CONFIDENT]': 0.06293706293706294, '[TEMPORAL_HEDGE]': 0.44905094905094906, '[UNKNOWN]': 0.0}
[mlx] fixed accuracy lift over majority-class baseline: +0.4456 (discriminating)
[mlx] fixed finished: 6006 steps in 2761.2s
[mlx] saved adapter -> data/prep/tcl_mlx_llama3/sft_only_seed2/adapter_fixed

[mlx] wrote data/prep/tcl_mlx_llama3/sft_only_seed2/loss_log.csv
[mlx] wrote data/prep/tcl_mlx_llama3/sft_only_seed2/run_meta.json
=== train sft_only seed 2 wall 3301s
[gen] 3622 examples | source=temporal-delta:test | arm=sft_only | adapter=data/prep/tcl_mlx_llama3/sft_only_seed2/adapter_fixed
[transformers] Ignoring clean_up_tokenization_spaces=True for BPE tokenizer TokenizersBackend. The clean_up_tokenization post-processing step is designed for WordPiece tokenizers and is destructive for BPE (it strips spaces before punctuation). Set clean_up_tokenization_spaces=False to suppress this warning, or set clean_up_tokenization_spaces_for_bpe_even_though_it_will_corrupt_output=True to force cleanup anyway.
[gen] 100/3622  EM=0.030 hedge_acc=1.000 fallback=0.000 (20s, 0.20s/ex)
[gen] 200/3622  EM=0.020 hedge_acc=1.000 fallback=0.005 (42s, 0.21s/ex)
[gen] 300/3622  EM=0.043 hedge_acc=1.000 fallback=0.003 (63s, 0.21s/ex)
[gen] 400/3622  EM=0.037 hedge_acc=1.000 fallback=0.003 (85s, 0.21s/ex)
[gen] 500/3622  EM=0.038 hedge_acc=1.000 fallback=0.002 (109s, 0.22s/ex)
[gen] 600/3622  EM=0.032 hedge_acc=1.000 fallback=0.002 (134s, 0.22s/ex)
[gen] 700/3622  EM=0.029 hedge_acc=1.000 fallback=0.001 (157s, 0.22s/ex)
[gen] 800/3622  EM=0.025 hedge_acc=1.000 fallback=0.001 (182s, 0.23s/ex)
[gen] 900/3622  EM=0.022 hedge_acc=1.000 fallback=0.001 (207s, 0.23s/ex)
[gen] 1000/3622  EM=0.020 hedge_acc=1.000 fallback=0.001 (232s, 0.23s/ex)
[gen] 1100/3622  EM=0.018 hedge_acc=1.000 fallback=0.001 (256s, 0.23s/ex)
[gen] 1200/3622  EM=0.017 hedge_acc=1.000 fallback=0.001 (280s, 0.23s/ex)
[gen] 1300/3622  EM=0.017 hedge_acc=1.000 fallback=0.001 (303s, 0.23s/ex)
[gen] 1400/3622  EM=0.016 hedge_acc=1.000 fallback=0.001 (327s, 0.23s/ex)
[gen] 1500/3622  EM=0.015 hedge_acc=1.000 fallback=0.001 (351s, 0.23s/ex)
[gen] 1600/3622  EM=0.015 hedge_acc=1.000 fallback=0.001 (375s, 0.23s/ex)
[gen] 1700/3622  EM=0.015 hedge_acc=1.000 fallback=0.001 (396s, 0.23s/ex)
[gen] 1800/3622  EM=0.016 hedge_acc=1.000 fallback=0.001 (417s, 0.23s/ex)
[gen] 1900/3622  EM=0.016 hedge_acc=1.000 fallback=0.001 (440s, 0.23s/ex)
[gen] 2000/3622  EM=0.017 hedge_acc=1.000 fallback=0.001 (463s, 0.23s/ex)
[gen] 2100/3622  EM=0.016 hedge_acc=1.000 fallback=0.000 (486s, 0.23s/ex)
[gen] 2200/3622  EM=0.016 hedge_acc=1.000 fallback=0.000 (508s, 0.23s/ex)
[gen] 2300/3622  EM=0.016 hedge_acc=1.000 fallback=0.000 (530s, 0.23s/ex)
[gen] 2400/3622  EM=0.018 hedge_acc=1.000 fallback=0.000 (551s, 0.23s/ex)
[gen] 2500/3622  EM=0.018 hedge_acc=1.000 fallback=0.000 (572s, 0.23s/ex)
[gen] 2600/3622  EM=0.018 hedge_acc=1.000 fallback=0.000 (595s, 0.23s/ex)
[gen] 2700/3622  EM=0.018 hedge_acc=1.000 fallback=0.000 (616s, 0.23s/ex)
[gen] 2800/3622  EM=0.018 hedge_acc=1.000 fallback=0.000 (637s, 0.23s/ex)
[gen] 2900/3622  EM=0.018 hedge_acc=1.000 fallback=0.000 (659s, 0.23s/ex)
[gen] 3000/3622  EM=0.018 hedge_acc=1.000 fallback=0.000 (682s, 0.23s/ex)
[gen] 3100/3622  EM=0.018 hedge_acc=1.000 fallback=0.000 (705s, 0.23s/ex)
[gen] 3200/3622  EM=0.018 hedge_acc=1.000 fallback=0.000 (729s, 0.23s/ex)
[gen] 3300/3622  EM=0.018 hedge_acc=1.000 fallback=0.000 (749s, 0.23s/ex)
[gen] 3400/3622  EM=0.019 hedge_acc=1.000 fallback=0.000 (767s, 0.23s/ex)
[gen] 3500/3622  EM=0.019 hedge_acc=1.000 fallback=0.000 (786s, 0.22s/ex)
[gen] 3600/3622  EM=0.019 hedge_acc=1.000 fallback=0.000 (805s, 0.22s/ex)

[gen] wrote data/prep/predictions_llama3/sft_only_seed2_test.jsonl
[gen] n=3622  EM=0.0185  hedge_acc=0.9997  fallback_rate=0.0003  wall=809s
=== eval sft_only seed 2 test wall 814s
[gen] 413 examples | source=freshqa | arm=sft_only | adapter=data/prep/tcl_mlx_llama3/sft_only_seed2/adapter_fixed
[transformers] Ignoring clean_up_tokenization_spaces=True for BPE tokenizer TokenizersBackend. The clean_up_tokenization post-processing step is designed for WordPiece tokenizers and is destructive for BPE (it strips spaces before punctuation). Set clean_up_tokenization_spaces=False to suppress this warning, or set clean_up_tokenization_spaces_for_bpe_even_though_it_will_corrupt_output=True to force cleanup anyway.
[gen] 100/413  EM=0.070 hedge_acc=0.030 fallback=0.030 (19s, 0.19s/ex)
[gen] 200/413  EM=0.140 hedge_acc=0.420 fallback=0.015 (36s, 0.18s/ex)
[gen] 300/413  EM=0.103 hedge_acc=0.390 fallback=0.010 (54s, 0.18s/ex)
[gen] 400/413  EM=0.102 hedge_acc=0.347 fallback=0.013 (73s, 0.18s/ex)

[gen] wrote data/prep/predictions_llama3/sft_only_seed2_freshqa.jsonl
[gen] n=413  EM=0.1017  hedge_acc=0.3366  fallback_rate=0.0121  wall=75s
=== eval sft_only seed 2 freshqa wall 78s
=== sft_only seed 2 done 2026-09-29T11:45:01Z
=== committed seed 2 pair 4cd6a1a Item 5 LLaMA-3: seed 2 pair (TSCT and plain fine-tuning), trained and evaluated
=== guard 2026-09-29T11:45:01Z pressure_level=1 swap=total = 14336.00M  used = 12645.00M  free = 1691.00M  (encrypted) | System-wide memory free percentage: 88%
=== tsct seed 3 start 2026-09-29T11:45:01Z | System-wide memory free percentage: 88% | total = 14336.00M  used = 12645.00M  free = 1691.00M  (encrypted)
[mlx] loaded 8008 raw examples

[mlx] === condition: fixed ===
[transformers] Ignoring clean_up_tokenization_spaces=True for BPE tokenizer TokenizersBackend. The clean_up_tokenization post-processing step is designed for WordPiece tokenizers and is destructive for BPE (it strips spaces before punctuation). Set clean_up_tokenization_spaces=False to suppress this warning, or set clean_up_tokenization_spaces_for_bpe_even_though_it_will_corrupt_output=True to force cleanup anyway.
[mlx] hedge ids (no resize, mode=reserved): [128002, 128003, 128004, 128005]
[mlx] adapted output projection: lm_head (untied)
Trainable parameters: 0.144% (11.545M/8030.261M)
[mlx] 8008 examples after tokenisation (max_len=128)
[mlx] hedge-head check: logit spread=0.000000 contrast_grad_norm=1098.876587
[mlx] fixed pre-train (n=8008) acc=0.4404 majority=0.4994 dist={'[CONFIDENT]': 1.0, '[COND_CONFIDENT]': 0.0, '[TEMPORAL_HEDGE]': 0.0, '[UNKNOWN]': 0.0}
[mlx] fixed step 0 ce=7.8877 total=7.9112 grad=0.5001813173294067 conf_frac=1.000 (1s)
[mlx] fixed step 10 ce=1.9952 total=2.1167 grad=5.620080471038818 conf_frac=1.000 (5s)
[mlx] fixed step 20 ce=1.7651 total=1.8196 grad=2.9454874992370605 conf_frac=1.000 (9s)
[mlx] fixed step 30 ce=2.3269 total=2.3769 grad=27.576513290405273 conf_frac=1.000 (13s)
[mlx] fixed step 40 ce=2.6009 total=2.6690 grad=5.387831211090088 conf_frac=1.000 (17s)
[mlx] fixed step 50 ce=2.5448 total=2.5849 grad=11.91276741027832 conf_frac=0.000 (21s)
[mlx] fixed step 60 ce=2.0543 total=2.1054 grad=0.4202052652835846 conf_frac=0.000 (26s)
[mlx] fixed step 70 ce=2.0844 total=2.1393 grad=13.512469291687012 conf_frac=1.000 (30s)
[mlx] fixed step 80 ce=1.9799 total=2.0245 grad=3.737793207168579 conf_frac=1.000 (34s)
[mlx] fixed step 90 ce=2.1787 total=2.2334 grad=4.99763298034668 conf_frac=1.000 (39s)
[mlx] fixed step 100 ce=2.1751 total=2.2237 grad=3.266885995864868 conf_frac=1.000 (43s)
[mlx] fixed step 110 ce=2.6296 total=2.6589 grad=11.01585865020752 conf_frac=0.000 (47s)
[mlx] fixed step 120 ce=1.9053 total=1.9617 grad=12.074861526489258 conf_frac=1.000 (52s)
[mlx] fixed step 130 ce=2.2759 total=2.3069 grad=11.049975395202637 conf_frac=1.000 (56s)
[mlx] fixed step 140 ce=2.2045 total=2.2563 grad=7.0392165184021 conf_frac=0.000 (60s)
[mlx] fixed step 150 ce=2.4372 total=2.4880 grad=6.371950626373291 conf_frac=0.000 (64s)
[mlx] fixed step 160 ce=1.5108 total=1.5580 grad=7.782279968261719 conf_frac=1.000 (69s)
[mlx] fixed step 170 ce=1.7176 total=1.7597 grad=4.953092575073242 conf_frac=1.000 (73s)
[mlx] fixed step 180 ce=1.9961 total=2.0422 grad=4.457469463348389 conf_frac=1.000 (78s)
[mlx] fixed step 190 ce=2.8753 total=2.9144 grad=0.7484290599822998 conf_frac=0.000 (82s)
[mlx] fixed step 200 ce=1.2735 total=1.3112 grad=0.4381425380706787 conf_frac=0.000 (87s)
[mlx] fixed step 210 ce=1.3583 total=1.4055 grad=5.19299840927124 conf_frac=0.000 (92s)
[mlx] fixed step 220 ce=2.0803 total=2.1384 grad=12.262298583984375 conf_frac=1.000 (96s)
[mlx] fixed step 230 ce=1.8679 total=1.9063 grad=3.0541718006134033 conf_frac=1.000 (100s)
[mlx] fixed step 240 ce=2.4559 total=2.5006 grad=4.592316150665283 conf_frac=1.000 (105s)
[mlx] fixed step 250 ce=2.6439 total=2.6971 grad=5.707553386688232 conf_frac=1.000 (109s)
[mlx] fixed step 260 ce=1.9819 total=2.0588 grad=23.883914947509766 conf_frac=1.000 (113s)
[mlx] fixed step 270 ce=1.6950 total=1.7416 grad=3.462584972381592 conf_frac=1.000 (118s)
[mlx] fixed step 280 ce=1.8713 total=1.9282 grad=12.577424049377441 conf_frac=0.000 (123s)
[mlx] fixed step 290 ce=2.8768 total=2.9311 grad=2.5837385654449463 conf_frac=1.000 (127s)
[mlx] fixed step 300 ce=3.6593 total=3.6986 grad=1.482263207435608 conf_frac=1.000 (132s)
[mlx] fixed step 310 ce=1.4573 total=1.5011 grad=8.472126960754395 conf_frac=1.000 (136s)
[mlx] fixed step 320 ce=1.6909 total=1.7500 grad=10.790709495544434 conf_frac=1.000 (141s)
[mlx] fixed step 330 ce=2.0213 total=2.0560 grad=1.6121286153793335 conf_frac=1.000 (145s)
[mlx] fixed step 340 ce=1.9318 total=1.9751 grad=3.7689008712768555 conf_frac=1.000 (150s)
[mlx] fixed step 350 ce=2.4382 total=2.4806 grad=3.9406116008758545 conf_frac=1.000 (154s)
[mlx] fixed step 360 ce=0.8405 total=0.8746 grad=1.921947956085205 conf_frac=0.250 (158s)
[mlx] fixed step 370 ce=1.5150 total=1.5369 grad=9.094651222229004 conf_frac=0.000 (162s)
[mlx] fixed step 380 ce=2.0373 total=2.0662 grad=6.706079483032227 conf_frac=1.000 (167s)
[mlx] fixed step 390 ce=1.7909 total=1.8353 grad=5.187892436981201 conf_frac=0.500 (171s)
[mlx] fixed step 400 ce=1.7378 total=1.7835 grad=5.186717510223389 conf_frac=1.000 (175s)
[mlx] fixed step 410 ce=1.6836 total=1.7370 grad=12.803764343261719 conf_frac=0.750 (180s)
[mlx] fixed step 420 ce=1.4819 total=1.5141 grad=1.3789699077606201 conf_frac=0.250 (185s)
[mlx] fixed step 430 ce=1.9235 total=1.9827 grad=12.634358406066895 conf_frac=0.750 (189s)
[mlx] fixed step 440 ce=2.6634 total=2.7074 grad=8.573945045471191 conf_frac=1.000 (193s)
[mlx] fixed step 450 ce=1.8588 total=1.9032 grad=5.326874256134033 conf_frac=0.500 (198s)
[mlx] fixed step 460 ce=1.9036 total=1.9300 grad=8.967774391174316 conf_frac=0.250 (202s)
[mlx] fixed step 470 ce=1.1987 total=1.2434 grad=7.4378275871276855 conf_frac=0.500 (207s)
[mlx] fixed step 480 ce=1.8768 total=1.9172 grad=4.3441081047058105 conf_frac=0.500 (212s)
[mlx] fixed step 490 ce=1.8786 total=1.9249 grad=3.6781840324401855 conf_frac=0.500 (216s)
[mlx] fixed step 500 ce=1.1902 total=1.2095 grad=3.4385011196136475 conf_frac=0.250 (221s)
[mlx] fixed step 510 ce=1.3471 total=1.4083 grad=13.050878524780273 conf_frac=0.250 (226s)
[mlx] fixed step 520 ce=2.0408 total=2.0893 grad=11.979762077331543 conf_frac=0.500 (230s)
[mlx] fixed step 530 ce=2.4630 total=2.4954 grad=7.1997270584106445 conf_frac=0.500 (235s)
[mlx] fixed step 540 ce=1.8123 total=1.8428 grad=7.494372367858887 conf_frac=0.750 (239s)
[mlx] fixed step 550 ce=2.0135 total=2.0842 grad=1.4594917297363281 conf_frac=0.750 (243s)
[mlx] fixed step 560 ce=1.9453 total=1.9827 grad=1.6400146484375 conf_frac=0.500 (248s)
[mlx] fixed step 570 ce=1.9603 total=2.0035 grad=9.073610305786133 conf_frac=0.750 (252s)
[mlx] fixed step 580 ce=2.2318 total=2.2795 grad=4.859184741973877 conf_frac=0.750 (257s)
[mlx] fixed step 590 ce=2.2124 total=2.3043 grad=10.99841022491455 conf_frac=1.000 (261s)
[mlx] fixed step 600 ce=2.3452 total=2.3713 grad=2.1377134323120117 conf_frac=0.250 (266s)
[mlx] fixed step 610 ce=1.5152 total=1.5976 grad=12.782700538635254 conf_frac=1.000 (270s)
[mlx] fixed step 620 ce=1.9985 total=2.0367 grad=2.08441424369812 conf_frac=0.250 (274s)
[mlx] fixed step 630 ce=1.2591 total=1.2947 grad=2.7073888778686523 conf_frac=0.250 (278s)
[mlx] fixed step 640 ce=1.2434 total=1.2614 grad=0.8855181932449341 conf_frac=0.250 (282s)
[mlx] fixed step 650 ce=1.4733 total=1.5070 grad=2.420353651046753 conf_frac=0.250 (287s)
[mlx] fixed step 660 ce=2.3672 total=2.4100 grad=6.221269607543945 conf_frac=0.750 (291s)
[mlx] fixed step 670 ce=1.9771 total=1.9934 grad=5.551761627197266 conf_frac=0.500 (296s)
[mlx] fixed step 680 ce=2.2505 total=2.3063 grad=2.1751770973205566 conf_frac=0.250 (300s)
[mlx] fixed step 690 ce=1.2748 total=1.2959 grad=6.245595455169678 conf_frac=0.500 (304s)
[mlx] fixed step 700 ce=2.2451 total=2.2664 grad=4.079430103302002 conf_frac=0.000 (309s)
[mlx] fixed step 710 ce=1.8022 total=1.8268 grad=8.419001579284668 conf_frac=0.500 (313s)
[mlx] fixed step 720 ce=1.8351 total=1.8718 grad=3.8471808433532715 conf_frac=0.250 (317s)
[mlx] fixed step 730 ce=2.1585 total=2.1803 grad=4.890806674957275 conf_frac=0.500 (322s)
[mlx] fixed step 740 ce=1.8036 total=1.8343 grad=2.1235103607177734 conf_frac=0.250 (326s)
[mlx] fixed step 750 ce=2.4557 total=2.4844 grad=0.9124150276184082 conf_frac=0.750 (330s)
[mlx] fixed step 760 ce=1.7187 total=1.7515 grad=0.6978846788406372 conf_frac=0.750 (334s)
[mlx] fixed step 770 ce=1.7472 total=1.7708 grad=3.1887805461883545 conf_frac=0.500 (339s)
[mlx] fixed step 780 ce=2.2452 total=2.2674 grad=7.257773399353027 conf_frac=0.500 (343s)
[mlx] fixed step 790 ce=1.2983 total=1.3134 grad=6.729098320007324 conf_frac=0.500 (347s)
[mlx] fixed step 800 ce=1.2691 total=1.3059 grad=11.630462646484375 conf_frac=0.750 (352s)
[mlx] fixed step 810 ce=1.6834 total=1.7044 grad=5.404915809631348 conf_frac=0.500 (357s)
[mlx] fixed step 820 ce=1.8904 total=1.9105 grad=5.836026668548584 conf_frac=0.500 (361s)
[mlx] fixed step 830 ce=1.9032 total=1.9363 grad=1.2019480466842651 conf_frac=0.500 (366s)
[mlx] fixed step 840 ce=1.9288 total=1.9803 grad=0.4887988567352295 conf_frac=0.750 (371s)
[mlx] fixed step 850 ce=1.3874 total=1.4237 grad=9.276226043701172 conf_frac=0.750 (375s)
[mlx] fixed step 860 ce=2.9728 total=3.0189 grad=2.5965118408203125 conf_frac=0.250 (379s)
[mlx] fixed step 870 ce=2.3187 total=2.3585 grad=4.234090805053711 conf_frac=0.250 (383s)
[mlx] fixed step 880 ce=2.3281 total=2.3651 grad=4.843975067138672 conf_frac=0.250 (388s)
[mlx] fixed step 890 ce=1.5891 total=1.6267 grad=8.180380821228027 conf_frac=0.750 (392s)
[mlx] fixed step 900 ce=1.9679 total=2.0167 grad=4.066946983337402 conf_frac=0.250 (396s)
[mlx] fixed step 910 ce=1.7748 total=1.8045 grad=6.186389923095703 conf_frac=0.750 (401s)
[mlx] fixed step 920 ce=1.2308 total=1.2903 grad=2.5584676265716553 conf_frac=0.000 (406s)
[mlx] fixed step 930 ce=1.8536 total=1.8673 grad=1.5010371208190918 conf_frac=0.500 (410s)
[mlx] fixed step 940 ce=2.0597 total=2.0769 grad=4.945804119110107 conf_frac=0.500 (416s)
[mlx] fixed step 950 ce=2.2419 total=2.2806 grad=7.04805326461792 conf_frac=0.750 (420s)
[mlx] fixed step 960 ce=1.8044 total=1.8404 grad=2.0060267448425293 conf_frac=0.500 (424s)
[mlx] fixed step 970 ce=1.9450 total=1.9779 grad=9.918293952941895 conf_frac=0.750 (429s)
[mlx] fixed step 980 ce=2.2252 total=2.2761 grad=4.137162208557129 conf_frac=0.250 (434s)
[mlx] fixed step 990 ce=1.9167 total=1.9757 grad=5.978600978851318 conf_frac=0.750 (439s)
[mlx] fixed step 1000 ce=1.4561 total=1.4797 grad=2.4429569244384766 conf_frac=0.500 (443s)
[mlx] fixed step 1010 ce=1.8105 total=1.8938 grad=0.7555310130119324 conf_frac=0.000 (448s)
[mlx] fixed step 1020 ce=1.6784 total=1.7433 grad=1.4515150785446167 conf_frac=0.750 (453s)
[mlx] fixed step 1030 ce=2.1824 total=2.2630 grad=5.490898132324219 conf_frac=0.000 (457s)
[mlx] fixed step 1040 ce=0.8508 total=1.0295 grad=4.490472793579102 conf_frac=1.000 (461s)
[mlx] fixed step 1050 ce=2.3532 total=2.3859 grad=9.628164291381836 conf_frac=0.750 (465s)
[mlx] fixed step 1060 ce=1.3780 total=1.4166 grad=7.005640506744385 conf_frac=0.750 (470s)
[mlx] fixed step 1070 ce=1.6475 total=1.7189 grad=3.849830389022827 conf_frac=0.750 (474s)
[mlx] fixed step 1080 ce=1.7975 total=1.8291 grad=2.2140088081359863 conf_frac=0.250 (478s)
[mlx] fixed step 1090 ce=1.4886 total=1.5138 grad=7.9135870933532715 conf_frac=0.250 (483s)
[mlx] fixed step 1100 ce=1.8799 total=2.0143 grad=6.351184368133545 conf_frac=1.000 (487s)
[mlx] fixed step 1110 ce=1.6377 total=1.7467 grad=4.14016056060791 conf_frac=1.000 (492s)
[mlx] fixed step 1120 ce=2.1262 total=2.1827 grad=4.1888813972473145 conf_frac=0.250 (496s)
[mlx] fixed step 1130 ce=1.6286 total=1.6870 grad=5.02839994430542 conf_frac=0.750 (501s)
[mlx] fixed step 1140 ce=1.6672 total=1.8283 grad=10.481719970703125 conf_frac=1.000 (507s)
[mlx] fixed step 1150 ce=2.3755 total=2.3992 grad=6.363241672515869 conf_frac=0.500 (512s)
[mlx] fixed step 1160 ce=1.9068 total=1.9425 grad=1.8405768871307373 conf_frac=0.250 (516s)
[mlx] fixed step 1170 ce=1.5383 total=1.5590 grad=4.344437122344971 conf_frac=0.500 (521s)
[mlx] fixed step 1180 ce=2.8807 total=2.9297 grad=5.762729167938232 conf_frac=0.750 (526s)
[mlx] fixed step 1190 ce=1.7234 total=1.7655 grad=3.188215732574463 conf_frac=0.250 (530s)
[mlx] fixed step 1200 ce=2.6790 total=2.7120 grad=1.9145230054855347 conf_frac=0.250 (535s)
[mlx] fixed step 1210 ce=1.8298 total=1.8549 grad=1.758281946182251 conf_frac=0.500 (540s)
[mlx] fixed step 1220 ce=1.5510 total=1.6065 grad=0.8251065611839294 conf_frac=0.750 (545s)
[mlx] fixed step 1230 ce=2.4775 total=2.4985 grad=4.66519021987915 conf_frac=0.500 (549s)
[mlx] fixed step 1240 ce=1.6826 total=1.7044 grad=4.651113986968994 conf_frac=0.500 (554s)
[mlx] fixed step 1250 ce=1.0927 total=1.1147 grad=1.8733181953430176 conf_frac=0.500 (558s)
[mlx] fixed step 1260 ce=2.2054 total=2.2987 grad=0.7545445561408997 conf_frac=0.000 (563s)
[mlx] fixed step 1270 ce=1.9447 total=1.9863 grad=1.3852481842041016 conf_frac=0.750 (568s)
[mlx] fixed step 1280 ce=2.7871 total=2.8194 grad=6.863022327423096 conf_frac=0.500 (572s)
[mlx] fixed step 1290 ce=1.0736 total=1.1322 grad=5.05787467956543 conf_frac=0.750 (576s)
[mlx] fixed step 1300 ce=2.1591 total=2.3293 grad=11.38497543334961 conf_frac=1.000 (581s)
[mlx] fixed step 1310 ce=2.7860 total=2.8108 grad=7.252109050750732 conf_frac=0.500 (585s)
[mlx] fixed step 1320 ce=1.7239 total=1.7729 grad=3.5845367908477783 conf_frac=0.250 (590s)
[mlx] fixed step 1330 ce=0.8615 total=0.8845 grad=3.2188339233398438 conf_frac=0.500 (594s)
[mlx] fixed step 1340 ce=1.9513 total=2.0090 grad=8.561823844909668 conf_frac=0.750 (599s)
[mlx] fixed step 1350 ce=2.2960 total=2.3237 grad=3.886995792388916 conf_frac=0.500 (604s)
[mlx] fixed step 1360 ce=1.8333 total=1.8603 grad=3.5300168991088867 conf_frac=0.500 (608s)
[mlx] fixed step 1370 ce=1.1479 total=1.2107 grad=2.1856212615966797 conf_frac=0.750 (613s)
[mlx] fixed step 1380 ce=1.4264 total=1.4512 grad=5.7943196296691895 conf_frac=0.500 (617s)
[mlx] fixed step 1390 ce=2.0014 total=2.0301 grad=2.609787940979004 conf_frac=0.500 (622s)
[mlx] fixed step 1400 ce=1.9769 total=2.0046 grad=3.693692684173584 conf_frac=0.500 (627s)
[mlx] fixed step 1410 ce=1.6406 total=1.6577 grad=4.197402477264404 conf_frac=0.500 (631s)
[mlx] fixed step 1420 ce=1.5197 total=1.5447 grad=4.251233100891113 conf_frac=0.500 (636s)
[mlx] fixed step 1430 ce=1.3496 total=1.4263 grad=6.76703405380249 conf_frac=0.750 (640s)
[mlx] fixed step 1440 ce=2.3252 total=2.3534 grad=3.9639461040496826 conf_frac=0.500 (645s)
[mlx] fixed step 1450 ce=1.4404 total=1.4773 grad=10.257394790649414 conf_frac=0.750 (649s)
[mlx] fixed step 1460 ce=1.5823 total=1.6097 grad=6.506296634674072 conf_frac=0.500 (653s)
[mlx] fixed step 1470 ce=2.2302 total=2.2625 grad=2.4307918548583984 conf_frac=0.250 (658s)
[mlx] fixed step 1480 ce=2.0299 total=2.0516 grad=3.0836145877838135 conf_frac=0.250 (663s)
[mlx] fixed step 1490 ce=1.5746 total=1.5999 grad=4.926682949066162 conf_frac=0.500 (667s)
[mlx] fixed step 1500 ce=1.5504 total=1.5627 grad=2.027216672897339 conf_frac=0.250 (671s)
[mlx] fixed step 1510 ce=1.2683 total=1.3255 grad=5.279167175292969 conf_frac=0.750 (675s)
[mlx] fixed step 1520 ce=1.4475 total=1.4766 grad=0.8109487295150757 conf_frac=0.500 (680s)
[mlx] fixed step 1530 ce=1.9608 total=1.9940 grad=3.1475484371185303 conf_frac=0.750 (684s)
[mlx] fixed step 1540 ce=1.2616 total=1.2922 grad=6.411377429962158 conf_frac=0.500 (688s)
[mlx] fixed step 1550 ce=1.2680 total=1.2890 grad=2.2212839126586914 conf_frac=0.250 (693s)
[mlx] fixed step 1560 ce=1.5447 total=1.6395 grad=11.22315502166748 conf_frac=1.000 (698s)
[mlx] fixed step 1570 ce=1.8109 total=1.8485 grad=6.8192291259765625 conf_frac=0.500 (702s)
[mlx] fixed step 1580 ce=1.2735 total=1.3030 grad=0.9744870662689209 conf_frac=0.500 (707s)
[mlx] fixed step 1590 ce=2.1051 total=2.1380 grad=2.026663064956665 conf_frac=0.250 (712s)
[mlx] fixed step 1600 ce=1.6935 total=1.7366 grad=10.446215629577637 conf_frac=0.750 (717s)
[mlx] fixed step 1610 ce=1.1579 total=1.1872 grad=6.439532279968262 conf_frac=0.500 (721s)
[mlx] fixed step 1620 ce=1.9188 total=1.9377 grad=3.208275556564331 conf_frac=0.250 (726s)
[mlx] fixed step 1630 ce=1.1129 total=1.1328 grad=5.390397548675537 conf_frac=0.500 (730s)
[mlx] fixed step 1640 ce=2.0532 total=2.0912 grad=3.12463641166687 conf_frac=0.250 (735s)
[mlx] fixed step 1650 ce=2.1787 total=2.2579 grad=2.188957452774048 conf_frac=0.000 (741s)
[mlx] fixed step 1660 ce=2.0186 total=2.0729 grad=4.365039348602295 conf_frac=0.250 (747s)
[mlx] fixed step 1670 ce=1.7851 total=1.8065 grad=4.576258659362793 conf_frac=0.500 (751s)
[mlx] fixed step 1680 ce=1.5276 total=1.5715 grad=10.115545272827148 conf_frac=0.750 (756s)
[mlx] fixed step 1690 ce=1.2180 total=1.2640 grad=3.145688533782959 conf_frac=0.250 (760s)
[mlx] fixed step 1700 ce=2.5400 total=2.6437 grad=3.0984435081481934 conf_frac=1.000 (765s)
[mlx] fixed step 1710 ce=2.0123 total=2.0373 grad=4.164508819580078 conf_frac=0.500 (770s)
[mlx] fixed step 1720 ce=2.8763 total=2.8990 grad=6.049083709716797 conf_frac=0.500 (775s)
[mlx] fixed step 1730 ce=1.9361 total=1.9721 grad=2.457077741622925 conf_frac=0.250 (780s)
[mlx] fixed step 1740 ce=0.9520 total=0.9735 grad=4.0553507804870605 conf_frac=0.500 (785s)
[mlx] fixed step 1750 ce=1.6640 total=1.6965 grad=2.441283702850342 conf_frac=0.500 (790s)
[mlx] fixed step 1760 ce=1.1596 total=1.2236 grad=8.65651798248291 conf_frac=0.750 (794s)
[mlx] fixed step 1770 ce=2.0198 total=2.0507 grad=6.3819708824157715 conf_frac=0.500 (799s)
[mlx] fixed step 1780 ce=1.7682 total=1.8090 grad=1.6098278760910034 conf_frac=0.500 (805s)
[mlx] fixed step 1790 ce=2.0120 total=2.0396 grad=4.307036399841309 conf_frac=0.500 (809s)
[mlx] fixed step 1800 ce=1.7170 total=1.7447 grad=4.6877827644348145 conf_frac=0.500 (814s)
[mlx] fixed step 1810 ce=1.2759 total=1.3317 grad=5.717390060424805 conf_frac=0.750 (819s)
[mlx] fixed step 1820 ce=1.8649 total=1.9100 grad=1.7377625703811646 conf_frac=0.750 (823s)
[mlx] fixed step 1830 ce=1.4520 total=1.4779 grad=7.597942352294922 conf_frac=0.500 (828s)
[mlx] fixed step 1840 ce=1.2998 total=1.3474 grad=6.602867603302002 conf_frac=0.750 (832s)
[mlx] fixed step 1850 ce=2.2714 total=2.2989 grad=3.4867711067199707 conf_frac=0.500 (836s)
[mlx] fixed step 1860 ce=1.9342 total=1.9756 grad=5.20451545715332 conf_frac=0.750 (841s)
[mlx] fixed step 1870 ce=1.9771 total=2.0009 grad=4.451177597045898 conf_frac=0.500 (845s)
[mlx] fixed step 1880 ce=1.9941 total=2.0404 grad=1.4436949491500854 conf_frac=0.000 (850s)
[mlx] fixed step 1890 ce=1.3214 total=1.3866 grad=8.641460418701172 conf_frac=0.750 (854s)
[mlx] fixed step 1900 ce=1.5636 total=1.5837 grad=3.746419668197632 conf_frac=0.500 (859s)
[mlx] fixed step 1910 ce=1.3727 total=1.3995 grad=3.273380994796753 conf_frac=0.500 (864s)
[mlx] fixed step 1920 ce=2.1643 total=2.2085 grad=6.571054458618164 conf_frac=0.750 (868s)
[mlx] fixed step 1930 ce=1.6222 total=1.6366 grad=1.5788955688476562 conf_frac=0.250 (872s)
[mlx] fixed step 1940 ce=1.5961 total=1.6372 grad=1.2086776494979858 conf_frac=0.000 (877s)
[mlx] fixed step 1950 ce=2.1427 total=2.1697 grad=3.4108853340148926 conf_frac=0.250 (881s)
[mlx] fixed step 1960 ce=0.8725 total=0.8998 grad=6.331912994384766 conf_frac=0.500 (885s)
[mlx] fixed step 1970 ce=1.6680 total=1.7131 grad=7.479250431060791 conf_frac=0.750 (890s)
[mlx] fixed step 1980 ce=1.6833 total=1.7097 grad=4.726277828216553 conf_frac=0.500 (894s)
[mlx] fixed step 1990 ce=1.6690 total=1.7194 grad=8.386174201965332 conf_frac=0.500 (898s)
[mlx] fixed step 2000 ce=1.7160 total=1.7381 grad=4.363452434539795 conf_frac=0.500 (903s)
[mlx] fixed step 2010 ce=1.0044 total=1.0483 grad=2.2089478969573975 conf_frac=0.500 (908s)
[mlx] fixed step 2020 ce=0.9848 total=1.0058 grad=4.427056312561035 conf_frac=0.500 (912s)
[mlx] fixed step 2030 ce=0.4900 total=0.5173 grad=3.895062208175659 conf_frac=0.500 (916s)
[mlx] fixed step 2040 ce=0.7675 total=0.7951 grad=4.40291690826416 conf_frac=0.500 (921s)
[mlx] fixed step 2050 ce=0.5457 total=0.5872 grad=1.3064117431640625 conf_frac=0.750 (926s)
[mlx] fixed step 2060 ce=0.7691 total=0.7965 grad=4.1998467445373535 conf_frac=0.500 (930s)
[mlx] fixed step 2070 ce=0.2613 total=0.2860 grad=1.5007901191711426 conf_frac=0.250 (935s)
[mlx] fixed step 2080 ce=0.6442 total=0.7200 grad=0.178409606218338 conf_frac=0.000 (940s)
[mlx] fixed step 2090 ce=0.5805 total=0.6120 grad=1.4485281705856323 conf_frac=0.250 (945s)
[mlx] fixed step 2100 ce=0.7883 total=0.8142 grad=3.75167179107666 conf_frac=0.500 (948s)
[mlx] fixed step 2110 ce=1.1065 total=1.1270 grad=3.2967617511749268 conf_frac=0.250 (953s)
[mlx] fixed step 2120 ce=0.6375 total=0.6820 grad=0.7986817955970764 conf_frac=0.750 (957s)
[mlx] fixed step 2130 ce=0.6489 total=0.6691 grad=3.971764087677002 conf_frac=0.500 (961s)
[mlx] fixed step 2140 ce=1.4507 total=1.5052 grad=5.912637710571289 conf_frac=0.750 (966s)
[mlx] fixed step 2150 ce=0.4832 total=0.5309 grad=7.2198309898376465 conf_frac=0.750 (970s)
[mlx] fixed step 2160 ce=1.1463 total=1.2039 grad=3.9122021198272705 conf_frac=0.250 (974s)
[mlx] fixed step 2170 ce=0.8406 total=0.8809 grad=9.171547889709473 conf_frac=0.750 (979s)
[mlx] fixed step 2180 ce=0.5300 total=0.5698 grad=2.0008363723754883 conf_frac=0.500 (984s)
[mlx] fixed step 2190 ce=0.7672 total=0.7981 grad=5.778860092163086 conf_frac=0.500 (988s)
[mlx] fixed step 2200 ce=0.6850 total=0.7249 grad=2.561124563217163 conf_frac=0.500 (992s)
[mlx] fixed step 2210 ce=1.0267 total=1.0738 grad=1.1518758535385132 conf_frac=0.750 (997s)
[mlx] fixed step 2220 ce=1.5115 total=1.5571 grad=3.3118410110473633 conf_frac=0.250 (1004s)
[mlx] fixed step 2230 ce=1.0876 total=1.1126 grad=4.551759243011475 conf_frac=0.500 (1009s)
[mlx] fixed step 2240 ce=1.1838 total=1.2362 grad=3.5371952056884766 conf_frac=0.250 (1013s)
[mlx] fixed step 2250 ce=0.4434 total=0.5109 grad=0.16375768184661865 conf_frac=0.000 (1017s)
[mlx] fixed step 2260 ce=0.4842 total=0.5442 grad=0.6939416527748108 conf_frac=0.750 (1022s)
[mlx] fixed step 2270 ce=0.7575 total=0.8938 grad=1.7977800369262695 conf_frac=0.000 (1026s)
[mlx] fixed step 2280 ce=0.3585 total=0.3824 grad=5.268609523773193 conf_frac=0.500 (1031s)
[mlx] fixed step 2290 ce=0.8840 total=0.9611 grad=3.190537691116333 conf_frac=0.750 (1035s)
[mlx] fixed step 2300 ce=1.0836 total=1.1293 grad=6.9144487380981445 conf_frac=0.750 (1039s)
[mlx] fixed step 2310 ce=0.4221 total=0.5603 grad=5.400516033172607 conf_frac=1.000 (1044s)
[mlx] fixed step 2320 ce=0.6985 total=0.7538 grad=4.416188716888428 conf_frac=0.750 (1048s)
[mlx] fixed step 2330 ce=0.6437 total=0.7133 grad=4.662100315093994 conf_frac=1.000 (1052s)
[mlx] fixed step 2340 ce=0.6299 total=0.6584 grad=4.525910377502441 conf_frac=0.500 (1056s)
[mlx] fixed step 2350 ce=0.8533 total=0.9411 grad=2.32812237739563 conf_frac=0.750 (1061s)
[mlx] fixed step 2360 ce=1.1400 total=1.2060 grad=8.24107837677002 conf_frac=0.750 (1065s)
[mlx] fixed step 2370 ce=0.7521 total=0.8710 grad=7.970168113708496 conf_frac=1.000 (1073s)
[mlx] fixed step 2380 ce=0.3077 total=0.4145 grad=0.9384517073631287 conf_frac=0.000 (1077s)
[mlx] fixed step 2390 ce=1.2759 total=1.3001 grad=3.987804412841797 conf_frac=0.500 (1081s)
[mlx] fixed step 2400 ce=0.8243 total=0.8982 grad=1.416300892829895 conf_frac=0.000 (1085s)
[mlx] fixed step 2410 ce=0.6395 total=0.7410 grad=4.713595867156982 conf_frac=0.750 (1090s)
[mlx] fixed step 2420 ce=0.8753 total=0.8979 grad=4.430290222167969 conf_frac=0.500 (1094s)
[mlx] fixed step 2430 ce=0.7903 total=0.8887 grad=0.7228962779045105 conf_frac=0.000 (1099s)
[mlx] fixed step 2440 ce=1.0143 total=1.0418 grad=2.224464178085327 conf_frac=0.250 (1103s)
[mlx] fixed step 2450 ce=0.9906 total=1.0254 grad=2.6106741428375244 conf_frac=0.250 (1107s)
[mlx] fixed step 2460 ce=0.7431 total=0.7770 grad=2.0144190788269043 conf_frac=0.500 (1112s)
[mlx] fixed step 2470 ce=0.9680 total=0.9909 grad=1.3047716617584229 conf_frac=0.500 (1116s)
[mlx] fixed step 2480 ce=0.9806 total=1.0073 grad=4.412271976470947 conf_frac=0.500 (1120s)
[mlx] fixed step 2490 ce=0.3948 total=0.4271 grad=5.090009689331055 conf_frac=0.500 (1125s)
[mlx] fixed step 2500 ce=0.8423 total=0.8672 grad=4.020063400268555 conf_frac=0.500 (1130s)
[mlx] fixed step 2510 ce=0.6507 total=0.6873 grad=4.640854835510254 conf_frac=0.750 (1134s)
[mlx] fixed step 2520 ce=1.2936 total=1.3249 grad=6.082119464874268 conf_frac=0.500 (1139s)
[mlx] fixed step 2530 ce=0.6989 total=0.8287 grad=6.6862993240356445 conf_frac=1.000 (1145s)
[mlx] fixed step 2540 ce=1.1238 total=1.1618 grad=2.966097116470337 conf_frac=0.500 (1149s)
[mlx] fixed step 2550 ce=0.5711 total=0.5943 grad=7.1322784423828125 conf_frac=0.500 (1154s)
[mlx] fixed step 2560 ce=0.3526 total=0.3785 grad=4.571590900421143 conf_frac=0.500 (1158s)
[mlx] fixed step 2570 ce=0.6049 total=0.6324 grad=4.748083114624023 conf_frac=0.500 (1164s)
[mlx] fixed step 2580 ce=0.2078 total=0.2310 grad=2.1525461673736572 conf_frac=0.500 (1168s)
[mlx] fixed step 2590 ce=0.5271 total=0.5788 grad=3.100229501724243 conf_frac=0.250 (1173s)
[mlx] fixed step 2600 ce=0.8790 total=0.9233 grad=4.506718635559082 conf_frac=0.750 (1177s)
[mlx] fixed step 2610 ce=0.6708 total=0.6994 grad=5.423830986022949 conf_frac=0.500 (1181s)
[mlx] fixed step 2620 ce=1.1301 total=1.1938 grad=6.869438648223877 conf_frac=0.750 (1186s)
[mlx] fixed step 2630 ce=0.6905 total=0.7250 grad=2.6463394165039062 conf_frac=0.250 (1190s)
[mlx] fixed step 2640 ce=0.7190 total=0.7680 grad=5.349735260009766 conf_frac=0.750 (1194s)
[mlx] fixed step 2650 ce=0.9575 total=1.0084 grad=3.128157377243042 conf_frac=0.250 (1198s)
[mlx] fixed step 2660 ce=0.3824 total=0.4656 grad=4.714824199676514 conf_frac=0.500 (1204s)
[mlx] fixed step 2670 ce=0.8854 total=0.9246 grad=2.136975049972534 conf_frac=0.250 (1210s)
[mlx] fixed step 2680 ce=0.8330 total=0.8650 grad=6.260494709014893 conf_frac=0.500 (1218s)
[mlx] fixed step 2690 ce=0.8653 total=0.9019 grad=5.106768608093262 conf_frac=0.500 (1223s)
[mlx] fixed step 2700 ce=0.5864 total=0.6138 grad=3.8793492317199707 conf_frac=0.250 (1227s)
[mlx] fixed step 2710 ce=0.7204 total=0.7741 grad=5.497776985168457 conf_frac=0.750 (1232s)
[mlx] fixed step 2720 ce=0.9243 total=0.9450 grad=4.153487682342529 conf_frac=0.500 (1236s)
[mlx] fixed step 2730 ce=1.1057 total=1.1574 grad=9.364967346191406 conf_frac=0.750 (1241s)
[mlx] fixed step 2740 ce=0.9938 total=1.0378 grad=6.325130939483643 conf_frac=0.750 (1245s)
[mlx] fixed step 2750 ce=0.7259 total=0.7841 grad=8.821990013122559 conf_frac=0.500 (1249s)
[mlx] fixed step 2760 ce=0.4859 total=0.5141 grad=4.303996562957764 conf_frac=0.250 (1254s)
[mlx] fixed step 2770 ce=0.9285 total=0.9637 grad=2.301436185836792 conf_frac=0.250 (1259s)
[mlx] fixed step 2780 ce=1.0683 total=1.0885 grad=1.3542428016662598 conf_frac=0.250 (1263s)
[mlx] fixed step 2790 ce=1.2076 total=1.3337 grad=1.3464094400405884 conf_frac=0.000 (1268s)
[mlx] fixed step 2800 ce=0.7373 total=0.7678 grad=1.7355992794036865 conf_frac=0.500 (1272s)
[mlx] fixed step 2810 ce=0.7782 total=0.8297 grad=10.737641334533691 conf_frac=0.750 (1277s)
[mlx] fixed step 2820 ce=0.7159 total=0.7420 grad=4.209451198577881 conf_frac=0.500 (1282s)
[mlx] fixed step 2830 ce=1.0265 total=1.0734 grad=6.8806586265563965 conf_frac=0.750 (1286s)
[mlx] fixed step 2840 ce=0.9394 total=0.9580 grad=2.478394031524658 conf_frac=0.250 (1290s)
[mlx] fixed step 2850 ce=0.6062 total=0.6496 grad=8.262626647949219 conf_frac=0.750 (1295s)
[mlx] fixed step 2860 ce=0.5699 total=0.6281 grad=2.101208448410034 conf_frac=0.000 (1300s)
[mlx] fixed step 2870 ce=0.6322 total=0.6795 grad=3.0418779850006104 conf_frac=0.250 (1304s)
[mlx] fixed step 2880 ce=0.9770 total=0.9874 grad=1.4021072387695312 conf_frac=0.250 (1309s)
[mlx] fixed step 2890 ce=1.4627 total=1.5070 grad=3.8844826221466064 conf_frac=0.250 (1313s)
[mlx] fixed step 2900 ce=1.0910 total=1.1600 grad=1.8539856672286987 conf_frac=0.000 (1317s)
[mlx] fixed step 2910 ce=0.7275 total=0.7493 grad=2.9642412662506104 conf_frac=0.500 (1322s)
[mlx] fixed step 2920 ce=0.4632 total=0.5053 grad=1.4639159440994263 conf_frac=0.750 (1327s)
[mlx] fixed step 2930 ce=0.8105 total=0.8656 grad=2.142418384552002 conf_frac=0.250 (1332s)
[mlx] fixed step 2940 ce=1.0162 total=1.0558 grad=7.481936931610107 conf_frac=0.750 (1337s)
[mlx] fixed step 2950 ce=0.8507 total=0.8988 grad=3.3074934482574463 conf_frac=0.250 (1342s)
[mlx] fixed step 2960 ce=0.8868 total=0.9152 grad=2.703050374984741 conf_frac=0.500 (1346s)
[mlx] fixed step 2970 ce=1.0699 total=1.1019 grad=1.8453247547149658 conf_frac=0.250 (1350s)
[mlx] fixed step 2980 ce=1.5502 total=1.5897 grad=2.9091410636901855 conf_frac=0.250 (1354s)
[mlx] fixed step 2990 ce=0.7636 total=0.8449 grad=0.9540708661079407 conf_frac=0.750 (1359s)
[mlx] fixed step 3000 ce=0.3851 total=0.4727 grad=11.872188568115234 conf_frac=1.000 (1364s)
[mlx] fixed step 3010 ce=0.9055 total=0.9888 grad=0.7590991854667664 conf_frac=0.000 (1369s)
[mlx] fixed step 3020 ce=0.8490 total=0.9959 grad=5.840139865875244 conf_frac=1.000 (1374s)
[mlx] fixed step 3030 ce=1.2670 total=1.3067 grad=7.548673629760742 conf_frac=0.750 (1379s)
[mlx] fixed step 3040 ce=1.0492 total=1.0676 grad=5.160789966583252 conf_frac=0.500 (1384s)
[mlx] fixed step 3050 ce=0.6911 total=0.7202 grad=2.128659248352051 conf_frac=0.500 (1389s)
[mlx] fixed step 3060 ce=0.3252 total=0.3814 grad=6.553390979766846 conf_frac=0.500 (1393s)
[mlx] fixed step 3070 ce=0.7810 total=0.8226 grad=2.4638967514038086 conf_frac=0.500 (1398s)
[mlx] fixed step 3080 ce=0.4329 total=0.4625 grad=1.8032569885253906 conf_frac=0.250 (1402s)
[mlx] fixed step 3090 ce=0.9909 total=1.0143 grad=5.1260833740234375 conf_frac=0.500 (1406s)
[mlx] fixed step 3100 ce=0.9005 total=0.9241 grad=5.646602153778076 conf_frac=0.500 (1411s)
[mlx] fixed step 3110 ce=0.5770 total=0.6028 grad=4.285958290100098 conf_frac=0.500 (1416s)
[mlx] fixed step 3120 ce=0.8517 total=0.9255 grad=6.093924522399902 conf_frac=0.750 (1421s)
[mlx] fixed step 3130 ce=1.2936 total=1.3234 grad=2.1026864051818848 conf_frac=0.250 (1425s)
[mlx] fixed step 3140 ce=0.8157 total=0.8450 grad=3.3998141288757324 conf_frac=0.500 (1429s)
[mlx] fixed step 3150 ce=0.6492 total=0.6928 grad=3.011241912841797 conf_frac=0.250 (1433s)
[mlx] fixed step 3160 ce=1.8121 total=1.8453 grad=1.3558114767074585 conf_frac=0.250 (1437s)
[mlx] fixed step 3170 ce=0.8173 total=0.8350 grad=3.171923875808716 conf_frac=0.500 (1442s)
[mlx] fixed step 3180 ce=0.6249 total=0.6841 grad=1.6842676401138306 conf_frac=0.750 (1446s)
[mlx] fixed step 3190 ce=1.2926 total=1.3321 grad=7.679934024810791 conf_frac=0.750 (1451s)
[mlx] fixed step 3200 ce=0.7641 total=0.7925 grad=4.8701252937316895 conf_frac=0.500 (1456s)
[mlx] fixed step 3210 ce=0.7144 total=0.7814 grad=1.4592905044555664 conf_frac=0.000 (1461s)
[mlx] fixed step 3220 ce=1.4852 total=1.5215 grad=1.7580840587615967 conf_frac=0.500 (1467s)
[mlx] fixed step 3230 ce=1.1001 total=1.1395 grad=3.158961057662964 conf_frac=0.750 (1471s)
[mlx] fixed step 3240 ce=0.7710 total=0.8132 grad=1.325108289718628 conf_frac=0.500 (1476s)
[mlx] fixed step 3250 ce=1.3244 total=1.3590 grad=2.748833179473877 conf_frac=0.250 (1480s)
[mlx] fixed step 3260 ce=0.9703 total=1.0127 grad=2.6293396949768066 conf_frac=0.250 (1484s)
[mlx] fixed step 3270 ce=0.6231 total=0.6503 grad=2.3031933307647705 conf_frac=0.500 (1489s)
[mlx] fixed step 3280 ce=0.7733 total=0.7966 grad=1.915536880493164 conf_frac=0.500 (1493s)
[mlx] fixed step 3290 ce=1.1305 total=1.1651 grad=6.451425075531006 conf_frac=0.500 (1498s)
[mlx] fixed step 3300 ce=1.0627 total=1.1067 grad=2.3164126873016357 conf_frac=0.250 (1502s)
[mlx] fixed step 3310 ce=0.7404 total=0.7746 grad=2.566528797149658 conf_frac=0.500 (1507s)
[mlx] fixed step 3320 ce=0.6573 total=0.6919 grad=1.3340420722961426 conf_frac=0.500 (1512s)
[mlx] fixed step 3330 ce=0.5076 total=0.5935 grad=2.8961963653564453 conf_frac=0.000 (1516s)
[mlx] fixed step 3340 ce=1.0350 total=1.0810 grad=6.265978813171387 conf_frac=0.750 (1520s)
[mlx] fixed step 3350 ce=0.5148 total=0.5673 grad=2.3400866985321045 conf_frac=0.250 (1525s)
[mlx] fixed step 3360 ce=0.4072 total=0.4391 grad=2.676588773727417 conf_frac=0.500 (1529s)
[mlx] fixed step 3370 ce=0.9621 total=0.9968 grad=2.3301868438720703 conf_frac=0.500 (1533s)
[mlx] fixed step 3380 ce=0.5679 total=0.6709 grad=4.220517635345459 conf_frac=0.750 (1538s)
[mlx] fixed step 3390 ce=1.2187 total=1.2431 grad=1.8141876459121704 conf_frac=0.500 (1543s)
[mlx] fixed step 3400 ce=0.9266 total=1.0147 grad=3.935145139694214 conf_frac=1.000 (1548s)
[mlx] fixed step 3410 ce=1.3662 total=1.4166 grad=5.667399883270264 conf_frac=0.750 (1554s)
[mlx] fixed step 3420 ce=2.1902 total=2.3285 grad=1.1765779256820679 conf_frac=0.000 (1559s)
[mlx] fixed step 3430 ce=1.3243 total=1.3393 grad=2.416738510131836 conf_frac=0.250 (1563s)
[mlx] fixed step 3440 ce=1.3501 total=1.3887 grad=2.892781972885132 conf_frac=0.500 (1567s)
[mlx] fixed step 3450 ce=0.7185 total=0.7888 grad=1.1086912155151367 conf_frac=0.750 (1572s)
[mlx] fixed step 3460 ce=1.2924 total=1.3180 grad=1.2074813842773438 conf_frac=0.500 (1576s)
[mlx] fixed step 3470 ce=0.9809 total=1.0645 grad=4.355130672454834 conf_frac=0.250 (1581s)
[mlx] fixed step 3480 ce=1.3924 total=1.4494 grad=1.2103018760681152 conf_frac=0.750 (1585s)
[mlx] fixed step 3490 ce=0.9454 total=0.9614 grad=2.3013031482696533 conf_frac=0.250 (1590s)
[mlx] fixed step 3500 ce=0.3860 total=0.4237 grad=2.707059860229492 conf_frac=0.250 (1594s)
[mlx] fixed step 3510 ce=0.6438 total=0.6689 grad=6.028946876525879 conf_frac=0.500 (1598s)
[mlx] fixed step 3520 ce=0.5108 total=0.5481 grad=5.428475379943848 conf_frac=0.500 (1603s)
[mlx] fixed step 3530 ce=1.0317 total=1.0485 grad=3.207066535949707 conf_frac=0.250 (1607s)
[mlx] fixed step 3540 ce=1.0633 total=1.0923 grad=1.5223814249038696 conf_frac=0.500 (1611s)
[mlx] fixed step 3550 ce=1.1044 total=1.1311 grad=3.820113182067871 conf_frac=0.500 (1616s)
[mlx] fixed step 3560 ce=1.6778 total=1.7035 grad=3.843416452407837 conf_frac=0.250 (1621s)
[mlx] fixed step 3570 ce=0.6325 total=0.6690 grad=4.947278022766113 conf_frac=0.500 (1625s)
[mlx] fixed step 3580 ce=0.5832 total=0.6133 grad=1.6850943565368652 conf_frac=0.500 (1629s)
[mlx] fixed step 3590 ce=0.9471 total=0.9933 grad=3.121131420135498 conf_frac=0.250 (1634s)
[mlx] fixed step 3600 ce=0.3908 total=0.4216 grad=2.1798243522644043 conf_frac=0.250 (1638s)
[mlx] fixed step 3610 ce=1.1451 total=1.1975 grad=1.9265893697738647 conf_frac=0.750 (1643s)
[mlx] fixed step 3620 ce=2.0895 total=2.1841 grad=4.0121941566467285 conf_frac=1.000 (1649s)
[mlx] fixed step 3630 ce=0.5330 total=0.5922 grad=2.6975982189178467 conf_frac=0.750 (1653s)
[mlx] fixed step 3640 ce=1.3336 total=1.3880 grad=3.143558979034424 conf_frac=0.250 (1658s)
[mlx] fixed step 3650 ce=1.1463 total=1.1713 grad=1.561382532119751 conf_frac=0.250 (1663s)
[mlx] fixed step 3660 ce=1.1949 total=1.2316 grad=2.184837818145752 conf_frac=0.250 (1667s)
[mlx] fixed step 3670 ce=1.8066 total=1.8584 grad=3.576453924179077 conf_frac=0.250 (1672s)
[mlx] fixed step 3680 ce=0.7728 total=0.8088 grad=6.220523834228516 conf_frac=0.500 (1676s)
[mlx] fixed step 3690 ce=1.1303 total=1.1775 grad=6.479195594787598 conf_frac=0.750 (1680s)
[mlx] fixed step 3700 ce=1.3367 total=1.3760 grad=3.9399375915527344 conf_frac=0.250 (1684s)
[mlx] fixed step 3710 ce=0.8055 total=0.8533 grad=3.201547145843506 conf_frac=0.250 (1689s)
[mlx] fixed step 3720 ce=1.5018 total=1.5175 grad=2.0460827350616455 conf_frac=0.250 (1693s)
[mlx] fixed step 3730 ce=1.2439 total=1.2662 grad=5.9360127449035645 conf_frac=0.500 (1698s)
[mlx] fixed step 3740 ce=1.0245 total=1.0705 grad=4.302006244659424 conf_frac=0.250 (1703s)
[mlx] fixed step 3750 ce=1.5163 total=1.5426 grad=2.186703681945801 conf_frac=0.500 (1707s)
[mlx] fixed step 3760 ce=1.3736 total=1.4066 grad=2.266352653503418 conf_frac=0.500 (1712s)
[mlx] fixed step 3770 ce=1.3176 total=1.3419 grad=4.089343547821045 conf_frac=0.500 (1717s)
[mlx] fixed step 3780 ce=0.6043 total=0.6510 grad=5.859127044677734 conf_frac=0.750 (1721s)
[mlx] fixed step 3790 ce=1.0398 total=1.0772 grad=2.0988776683807373 conf_frac=0.750 (1726s)
[mlx] fixed step 3800 ce=0.9179 total=0.9430 grad=4.133701801300049 conf_frac=0.500 (1731s)
[mlx] fixed step 3810 ce=0.5485 total=0.6425 grad=8.921151161193848 conf_frac=1.000 (1735s)
[mlx] fixed step 3820 ce=1.1201 total=1.1640 grad=3.9670398235321045 conf_frac=0.250 (1740s)
[mlx] fixed step 3830 ce=0.7410 total=0.7769 grad=2.2621572017669678 conf_frac=0.500 (1745s)
[mlx] fixed step 3840 ce=0.2578 total=0.3008 grad=7.798974990844727 conf_frac=0.750 (1750s)
[mlx] fixed step 3850 ce=0.8103 total=0.8469 grad=3.5354177951812744 conf_frac=0.500 (1755s)
[mlx] fixed step 3860 ce=1.3085 total=1.3675 grad=4.505060195922852 conf_frac=0.750 (1759s)
[mlx] fixed step 3870 ce=0.8957 total=0.9097 grad=2.170584201812744 conf_frac=0.250 (1764s)
[mlx] fixed step 3880 ce=0.4993 total=0.5575 grad=0.7184001207351685 conf_frac=0.750 (1769s)
[mlx] fixed step 3890 ce=0.5789 total=0.6349 grad=1.329624056816101 conf_frac=0.750 (1773s)
[mlx] fixed step 3900 ce=0.9903 total=1.0666 grad=3.4080991744995117 conf_frac=0.250 (1777s)
[mlx] fixed step 3910 ce=0.9306 total=0.9716 grad=2.57610821723938 conf_frac=0.250 (1782s)
[mlx] fixed step 3920 ce=0.6295 total=0.6998 grad=1.24698007106781 conf_frac=0.750 (1786s)
[mlx] fixed step 3930 ce=1.1266 total=1.1712 grad=6.39240837097168 conf_frac=0.250 (1790s)
[mlx] fixed step 3940 ce=0.5098 total=0.5654 grad=8.246355056762695 conf_frac=0.500 (1795s)
[mlx] fixed step 3950 ce=0.9855 total=1.0412 grad=2.4827492237091064 conf_frac=0.750 (1799s)
[mlx] fixed step 3960 ce=0.8759 total=0.9012 grad=5.154677867889404 conf_frac=0.500 (1804s)
[mlx] fixed step 3970 ce=1.1648 total=1.1957 grad=1.8062952756881714 conf_frac=0.250 (1808s)
[mlx] fixed step 3980 ce=1.2352 total=1.2593 grad=2.873636245727539 conf_frac=0.500 (1812s)
[mlx] fixed step 3990 ce=0.8835 total=0.9046 grad=5.369137763977051 conf_frac=0.500 (1817s)
[mlx] fixed step 4000 ce=0.6234 total=0.6981 grad=1.7052764892578125 conf_frac=0.000 (1822s)
[mlx] fixed step 4010 ce=0.7708 total=0.8036 grad=4.7666544914245605 conf_frac=0.500 (1827s)
[mlx] fixed step 4020 ce=0.7525 total=0.7777 grad=1.5510005950927734 conf_frac=0.250 (1832s)
[mlx] fixed step 4030 ce=0.3668 total=0.4220 grad=1.961683988571167 conf_frac=0.750 (1836s)
[mlx] fixed step 4040 ce=0.6490 total=0.6750 grad=3.3546462059020996 conf_frac=0.500 (1841s)
[mlx] fixed step 4050 ce=0.3032 total=0.3652 grad=3.949749708175659 conf_frac=0.750 (1845s)
[mlx] fixed step 4060 ce=0.4123 total=0.4347 grad=3.084733486175537 conf_frac=0.500 (1850s)
[mlx] fixed step 4070 ce=0.8134 total=0.8507 grad=2.4505133628845215 conf_frac=0.500 (1854s)
[mlx] fixed step 4080 ce=0.3548 total=0.3927 grad=1.9370607137680054 conf_frac=0.250 (1859s)
[mlx] fixed step 4090 ce=0.6599 total=0.7538 grad=2.551421880722046 conf_frac=1.000 (1863s)
[mlx] fixed step 4100 ce=0.4437 total=0.4668 grad=4.735872745513916 conf_frac=0.500 (1868s)
[mlx] fixed step 4110 ce=0.8671 total=0.8933 grad=1.8486517667770386 conf_frac=0.250 (1872s)
[mlx] fixed step 4120 ce=0.3076 total=0.4424 grad=1.735102891921997 conf_frac=1.000 (1877s)
[mlx] fixed step 4130 ce=0.8594 total=0.8881 grad=3.799018383026123 conf_frac=0.750 (1881s)
[mlx] fixed step 4140 ce=0.6827 total=0.7056 grad=4.80188512802124 conf_frac=0.500 (1886s)
[mlx] fixed step 4150 ce=0.6378 total=0.6618 grad=4.846873760223389 conf_frac=0.500 (1890s)
[mlx] fixed step 4160 ce=0.5674 total=0.6049 grad=2.0115857124328613 conf_frac=0.500 (1895s)
[mlx] fixed step 4170 ce=0.3243 total=0.3664 grad=4.255707740783691 conf_frac=0.750 (1899s)
[mlx] fixed step 4180 ce=0.4073 total=0.4198 grad=2.918693780899048 conf_frac=0.250 (1904s)
[mlx] fixed step 4190 ce=0.6275 total=0.6811 grad=4.3672261238098145 conf_frac=0.750 (1908s)
[mlx] fixed step 4200 ce=0.8544 total=0.9307 grad=5.185446262359619 conf_frac=1.000 (1912s)
[mlx] fixed step 4210 ce=1.4313 total=1.4527 grad=4.633086204528809 conf_frac=0.500 (1917s)
[mlx] fixed step 4220 ce=0.4226 total=0.4503 grad=1.247009038925171 conf_frac=0.500 (1922s)
[mlx] fixed step 4230 ce=0.1846 total=0.2378 grad=9.032821655273438 conf_frac=0.500 (1926s)
[mlx] fixed step 4240 ce=0.4590 total=0.4918 grad=1.761534571647644 conf_frac=0.500 (1930s)
[mlx] fixed step 4250 ce=0.6781 total=0.7145 grad=1.6604535579681396 conf_frac=0.250 (1935s)
[mlx] fixed step 4260 ce=0.6745 total=0.8316 grad=2.188117265701294 conf_frac=0.750 (1939s)
[mlx] fixed step 4270 ce=0.4874 total=0.5138 grad=4.148314476013184 conf_frac=0.500 (1943s)
[mlx] fixed step 4280 ce=0.5681 total=0.5862 grad=2.924211025238037 conf_frac=0.250 (1947s)
[mlx] fixed step 4290 ce=0.7198 total=0.7857 grad=1.856073021888733 conf_frac=0.750 (1952s)
[mlx] fixed step 4300 ce=0.6009 total=0.6962 grad=8.365942001342773 conf_frac=1.000 (1957s)
[mlx] fixed step 4310 ce=0.4574 total=0.5025 grad=6.02897834777832 conf_frac=0.750 (1961s)
[mlx] fixed step 4320 ce=0.8883 total=0.9369 grad=1.853326678276062 conf_frac=0.250 (1965s)
[mlx] fixed step 4330 ce=0.5537 total=0.5738 grad=3.425018072128296 conf_frac=0.500 (1970s)
[mlx] fixed step 4340 ce=0.4805 total=0.5020 grad=3.3059592247009277 conf_frac=0.500 (1975s)
[mlx] fixed step 4350 ce=0.3582 total=0.3867 grad=3.0124034881591797 conf_frac=0.500 (1979s)
[mlx] fixed step 4360 ce=1.1358 total=1.1602 grad=1.0538711547851562 conf_frac=0.500 (1984s)
[mlx] fixed step 4370 ce=0.7835 total=0.8262 grad=1.6382911205291748 conf_frac=0.250 (1988s)
[mlx] fixed step 4380 ce=0.5166 total=0.6517 grad=2.2305431365966797 conf_frac=1.000 (1992s)
[mlx] fixed step 4390 ce=0.9265 total=0.9604 grad=1.4606131315231323 conf_frac=0.500 (1997s)
[mlx] fixed step 4400 ce=0.6206 total=0.6454 grad=1.5396662950515747 conf_frac=0.500 (2002s)
[mlx] fixed step 4410 ce=0.5894 total=0.6106 grad=3.042593479156494 conf_frac=0.250 (2006s)
[mlx] fixed step 4420 ce=0.1391 total=0.1633 grad=2.9811301231384277 conf_frac=0.500 (2012s)
[mlx] fixed step 4430 ce=0.6009 total=0.6228 grad=4.645833969116211 conf_frac=0.500 (2016s)
[mlx] fixed step 4440 ce=0.7089 total=0.7257 grad=2.1212830543518066 conf_frac=0.250 (2021s)
[mlx] fixed step 4450 ce=0.4003 total=0.4263 grad=4.574922561645508 conf_frac=0.500 (2025s)
[mlx] fixed step 4460 ce=0.3921 total=0.4263 grad=4.098419666290283 conf_frac=0.500 (2029s)
[mlx] fixed step 4470 ce=0.2576 total=0.4396 grad=3.459735870361328 conf_frac=1.000 (2034s)
[mlx] fixed step 4480 ce=0.8889 total=0.9100 grad=2.673447370529175 conf_frac=0.250 (2038s)
[mlx] fixed step 4490 ce=0.5817 total=0.6050 grad=3.0839602947235107 conf_frac=0.500 (2042s)
[mlx] fixed step 4500 ce=0.4763 total=0.6636 grad=4.264118194580078 conf_frac=1.000 (2047s)
[mlx] fixed step 4510 ce=0.2816 total=0.3408 grad=5.073554992675781 conf_frac=0.750 (2052s)
[mlx] fixed step 4520 ce=0.7520 total=0.7781 grad=3.048403739929199 conf_frac=0.500 (2057s)
[mlx] fixed step 4530 ce=0.5540 total=0.6004 grad=1.8947786092758179 conf_frac=0.750 (2061s)
[mlx] fixed step 4540 ce=0.5440 total=0.6109 grad=6.774952411651611 conf_frac=0.750 (2066s)
[mlx] fixed step 4550 ce=0.8159 total=0.9582 grad=1.660394310951233 conf_frac=0.000 (2070s)
[mlx] fixed step 4560 ce=0.5046 total=0.5343 grad=2.0530619621276855 conf_frac=0.250 (2075s)
[mlx] fixed step 4570 ce=0.5637 total=0.6307 grad=0.8299599885940552 conf_frac=0.000 (2080s)
[mlx] fixed step 4580 ce=0.5503 total=0.5975 grad=5.838543891906738 conf_frac=0.750 (2088s)
[mlx] fixed step 4590 ce=0.6373 total=0.6612 grad=1.7021814584732056 conf_frac=0.500 (2094s)
[mlx] fixed step 4600 ce=0.5748 total=0.6365 grad=5.340466499328613 conf_frac=0.750 (2102s)
[mlx] fixed step 4610 ce=0.9918 total=1.1083 grad=1.0873725414276123 conf_frac=0.000 (2110s)
[mlx] fixed step 4620 ce=0.5041 total=0.5375 grad=5.962177276611328 conf_frac=0.500 (2114s)
[mlx] fixed step 4630 ce=0.8366 total=0.9480 grad=0.6397871971130371 conf_frac=0.000 (2118s)
[mlx] fixed step 4640 ce=0.6890 total=0.7247 grad=4.3457350730896 conf_frac=0.500 (2127s)
[mlx] fixed step 4650 ce=0.4878 total=0.5121 grad=2.7426514625549316 conf_frac=0.500 (2131s)
[mlx] fixed step 4660 ce=0.8858 total=0.9034 grad=2.97198748588562 conf_frac=0.250 (2135s)
[mlx] fixed step 4670 ce=1.1443 total=1.1803 grad=1.484920620918274 conf_frac=0.500 (2139s)
[mlx] fixed step 4680 ce=0.4533 total=0.5760 grad=7.460218906402588 conf_frac=1.000 (2144s)
[mlx] fixed step 4690 ce=0.5775 total=0.5999 grad=4.076115131378174 conf_frac=0.250 (2148s)
[mlx] fixed step 4700 ce=0.3392 total=0.4011 grad=4.340058326721191 conf_frac=0.750 (2152s)
[mlx] fixed step 4710 ce=0.3535 total=0.3976 grad=3.684340476989746 conf_frac=0.250 (2156s)
[mlx] fixed step 4720 ce=0.4085 total=0.5074 grad=8.948626518249512 conf_frac=1.000 (2160s)
[mlx] fixed step 4730 ce=0.4662 total=0.4865 grad=1.948475956916809 conf_frac=0.500 (2164s)
[mlx] fixed step 4740 ce=0.7548 total=0.8086 grad=0.18174922466278076 conf_frac=0.500 (2169s)
[mlx] fixed step 4750 ce=1.0466 total=1.1075 grad=0.8771170973777771 conf_frac=0.750 (2173s)
[mlx] fixed step 4760 ce=0.9525 total=1.0381 grad=3.7603859901428223 conf_frac=1.000 (2177s)
[mlx] fixed step 4770 ce=0.6195 total=0.6460 grad=4.4942708015441895 conf_frac=0.500 (2181s)
[mlx] fixed step 4780 ce=0.8037 total=0.8252 grad=3.3694629669189453 conf_frac=0.500 (2190s)
[mlx] fixed step 4790 ce=0.2643 total=0.3624 grad=3.343345880508423 conf_frac=1.000 (2195s)
[mlx] fixed step 4800 ce=0.2998 total=0.3125 grad=1.6207900047302246 conf_frac=0.250 (2199s)
[mlx] fixed step 4810 ce=0.4476 total=0.5090 grad=4.4254584312438965 conf_frac=0.750 (2209s)
[mlx] fixed step 4820 ce=0.7405 total=0.8438 grad=2.952683925628662 conf_frac=1.000 (2214s)
[mlx] fixed step 4830 ce=0.5098 total=0.5866 grad=4.122221946716309 conf_frac=0.000 (2218s)
[mlx] fixed step 4840 ce=0.2968 total=0.3182 grad=4.891928672790527 conf_frac=0.500 (2223s)
[mlx] fixed step 4850 ce=1.0209 total=1.0710 grad=2.290240526199341 conf_frac=0.500 (2227s)
[mlx] fixed step 4860 ce=0.4019 total=0.4490 grad=1.736284852027893 conf_frac=0.250 (2236s)
[mlx] fixed step 4870 ce=0.8637 total=0.8903 grad=1.4162839651107788 conf_frac=0.500 (2241s)
[mlx] fixed step 4880 ce=0.2961 total=0.3254 grad=3.2447404861450195 conf_frac=0.250 (2245s)
[mlx] fixed step 4890 ce=0.7140 total=0.7467 grad=2.6410107612609863 conf_frac=0.750 (2249s)
[mlx] fixed step 4900 ce=0.6780 total=0.7259 grad=2.0554425716400146 conf_frac=0.250 (2253s)
[mlx] fixed step 4910 ce=0.6904 total=0.7163 grad=4.514011859893799 conf_frac=0.500 (2257s)
[mlx] fixed step 4920 ce=0.6335 total=0.6611 grad=0.930342972278595 conf_frac=0.500 (2262s)
[mlx] fixed step 4930 ce=0.6749 total=0.7220 grad=4.831239223480225 conf_frac=0.750 (2266s)
[mlx] fixed step 4940 ce=0.9134 total=0.9564 grad=2.1969032287597656 conf_frac=0.250 (2270s)
[mlx] fixed step 4950 ce=0.4530 total=0.4975 grad=2.8667964935302734 conf_frac=0.500 (2275s)
[mlx] fixed step 4960 ce=1.2955 total=1.3847 grad=0.5300466418266296 conf_frac=0.000 (2279s)
[mlx] fixed step 4970 ce=0.3686 total=0.3962 grad=3.6260433197021484 conf_frac=0.500 (2284s)
[mlx] fixed step 4980 ce=0.8470 total=0.8947 grad=3.738095760345459 conf_frac=0.250 (2288s)
[mlx] fixed step 4990 ce=0.9407 total=0.9844 grad=3.288066864013672 conf_frac=0.250 (2293s)
[mlx] fixed step 5000 ce=0.5132 total=0.5522 grad=7.3627471923828125 conf_frac=0.750 (2297s)
[mlx] fixed step 5010 ce=0.6516 total=0.7155 grad=4.214142322540283 conf_frac=0.750 (2302s)
[mlx] fixed step 5020 ce=0.7772 total=0.8023 grad=1.211593747138977 conf_frac=0.250 (2306s)
[mlx] fixed step 5030 ce=0.2773 total=0.3028 grad=3.357661008834839 conf_frac=0.500 (2311s)
[mlx] fixed step 5040 ce=0.7138 total=0.7629 grad=2.0574634075164795 conf_frac=0.250 (2316s)
[mlx] fixed step 5050 ce=0.7787 total=0.8223 grad=5.80040979385376 conf_frac=0.750 (2320s)
[mlx] fixed step 5060 ce=0.4323 total=0.5425 grad=7.385762691497803 conf_frac=1.000 (2324s)
[mlx] fixed step 5070 ce=0.6771 total=0.7005 grad=3.9760444164276123 conf_frac=0.500 (2329s)
[mlx] fixed step 5080 ce=0.3812 total=0.4098 grad=2.7912065982818604 conf_frac=0.500 (2333s)
[mlx] fixed step 5090 ce=0.3050 total=0.4562 grad=4.95713996887207 conf_frac=1.000 (2337s)
[mlx] fixed step 5100 ce=0.4785 total=0.5091 grad=4.291937351226807 conf_frac=0.500 (2342s)
[mlx] fixed step 5110 ce=0.5872 total=0.6377 grad=3.242037534713745 conf_frac=0.250 (2346s)
[mlx] fixed step 5120 ce=0.5613 total=0.5849 grad=3.8052358627319336 conf_frac=0.500 (2351s)
[mlx] fixed step 5130 ce=0.7948 total=0.8472 grad=1.926762580871582 conf_frac=0.250 (2355s)
[mlx] fixed step 5140 ce=0.4953 total=0.6182 grad=6.589843273162842 conf_frac=1.000 (2359s)
[mlx] fixed step 5150 ce=0.4932 total=0.5373 grad=1.1134610176086426 conf_frac=0.750 (2364s)
[mlx] fixed step 5160 ce=0.2647 total=0.2955 grad=1.5786702632904053 conf_frac=0.500 (2368s)
[mlx] fixed step 5170 ce=0.5751 total=0.6435 grad=0.6828265190124512 conf_frac=0.750 (2373s)
[mlx] fixed step 5180 ce=0.5615 total=0.5946 grad=3.9193432331085205 conf_frac=0.500 (2377s)
[mlx] fixed step 5190 ce=1.1484 total=1.1712 grad=3.1067278385162354 conf_frac=0.500 (2382s)
[mlx] fixed step 5200 ce=0.3429 total=0.3786 grad=1.9132860898971558 conf_frac=0.250 (2386s)
[mlx] fixed step 5210 ce=0.5403 total=0.5921 grad=5.141820430755615 conf_frac=0.750 (2390s)
[mlx] fixed step 5220 ce=0.8430 total=0.9361 grad=8.457761764526367 conf_frac=1.000 (2394s)
[mlx] fixed step 5230 ce=0.3191 total=0.3396 grad=3.7463974952697754 conf_frac=0.500 (2399s)
[mlx] fixed step 5240 ce=0.3448 total=0.3765 grad=1.4593727588653564 conf_frac=0.250 (2403s)
[mlx] fixed step 5250 ce=0.3127 total=0.4384 grad=6.153282642364502 conf_frac=1.000 (2408s)
[mlx] fixed step 5260 ce=1.0164 total=1.0913 grad=4.176547050476074 conf_frac=0.250 (2412s)
[mlx] fixed step 5270 ce=0.6382 total=0.7040 grad=1.2400197982788086 conf_frac=0.750 (2417s)
[mlx] fixed step 5280 ce=0.4929 total=0.5555 grad=4.636104106903076 conf_frac=0.750 (2421s)
[mlx] fixed step 5290 ce=0.4093 total=0.4480 grad=2.013960361480713 conf_frac=0.750 (2426s)
[mlx] fixed step 5300 ce=0.5385 total=0.5645 grad=5.283548831939697 conf_frac=0.500 (2431s)
[mlx] fixed step 5310 ce=0.4230 total=0.4475 grad=3.5027823448181152 conf_frac=0.500 (2436s)
[mlx] fixed step 5320 ce=0.3384 total=0.4165 grad=5.166098594665527 conf_frac=0.750 (2440s)
[mlx] fixed step 5330 ce=0.4527 total=0.5374 grad=9.69836139678955 conf_frac=1.000 (2444s)
[mlx] fixed step 5340 ce=0.7605 total=0.8104 grad=6.618150234222412 conf_frac=0.750 (2449s)
[mlx] fixed step 5350 ce=1.0265 total=1.0695 grad=3.127852201461792 conf_frac=0.250 (2454s)
[mlx] fixed step 5360 ce=0.9396 total=0.9645 grad=1.2691054344177246 conf_frac=0.500 (2458s)
[mlx] fixed step 5370 ce=0.5879 total=0.6082 grad=1.5122655630111694 conf_frac=0.250 (2463s)
[mlx] fixed step 5380 ce=0.3590 total=0.4090 grad=5.403621673583984 conf_frac=0.750 (2467s)
[mlx] fixed step 5390 ce=0.4151 total=0.5744 grad=4.421290874481201 conf_frac=1.000 (2472s)
[mlx] fixed step 5400 ce=0.8546 total=0.9744 grad=0.9383407831192017 conf_frac=0.000 (2476s)
[mlx] fixed step 5410 ce=0.9168 total=0.9364 grad=2.8171474933624268 conf_frac=0.500 (2480s)
[mlx] fixed step 5420 ce=0.7128 total=0.7439 grad=1.7992033958435059 conf_frac=0.250 (2485s)
[mlx] fixed step 5430 ce=0.4436 total=0.5577 grad=0.746381938457489 conf_frac=0.000 (2489s)
[mlx] fixed step 5440 ce=0.3870 total=0.4118 grad=1.7722585201263428 conf_frac=0.250 (2494s)
[mlx] fixed step 5450 ce=0.5940 total=0.6487 grad=7.2761616706848145 conf_frac=0.750 (2498s)
[mlx] fixed step 5460 ce=0.5154 total=0.5768 grad=8.153534889221191 conf_frac=0.750 (2503s)
[mlx] fixed step 5470 ce=0.6020 total=0.6977 grad=1.6145931482315063 conf_frac=0.000 (2507s)
[mlx] fixed step 5480 ce=0.6806 total=0.7053 grad=1.8047761917114258 conf_frac=0.250 (2512s)
[mlx] fixed step 5490 ce=0.4431 total=0.5055 grad=4.80068302154541 conf_frac=0.750 (2517s)
[mlx] fixed step 5500 ce=0.3447 total=0.4369 grad=8.594195365905762 conf_frac=1.000 (2521s)
[mlx] fixed step 5510 ce=0.4991 total=0.5298 grad=4.07927131652832 conf_frac=0.500 (2526s)
[mlx] fixed step 5520 ce=0.7962 total=0.8281 grad=2.0687928199768066 conf_frac=0.500 (2530s)
[mlx] fixed step 5530 ce=0.2915 total=0.3199 grad=2.4140384197235107 conf_frac=0.500 (2535s)
[mlx] fixed step 5540 ce=0.3872 total=0.3998 grad=2.0486226081848145 conf_frac=0.250 (2540s)
[mlx] fixed step 5550 ce=1.1585 total=1.2021 grad=7.696401596069336 conf_frac=0.750 (2544s)
[mlx] fixed step 5560 ce=0.5993 total=0.6558 grad=7.355567455291748 conf_frac=0.750 (2550s)
[mlx] fixed step 5570 ce=0.9989 total=1.0382 grad=5.329855918884277 conf_frac=0.500 (2555s)
[mlx] fixed step 5580 ce=0.9854 total=1.0160 grad=2.2677361965179443 conf_frac=0.500 (2560s)
[mlx] fixed step 5590 ce=0.5265 total=0.5543 grad=3.479402780532837 conf_frac=0.500 (2565s)
[mlx] fixed step 5600 ce=0.6188 total=0.6450 grad=2.342602252960205 conf_frac=0.500 (2569s)
[mlx] fixed step 5610 ce=0.5741 total=0.6016 grad=1.5561463832855225 conf_frac=0.250 (2574s)
[mlx] fixed step 5620 ce=0.8331 total=0.8842 grad=5.1849365234375 conf_frac=0.750 (2578s)
[mlx] fixed step 5630 ce=0.5272 total=0.5714 grad=2.3056576251983643 conf_frac=0.250 (2582s)
[mlx] fixed step 5640 ce=0.6747 total=0.6927 grad=2.7837343215942383 conf_frac=0.500 (2586s)
[mlx] fixed step 5650 ce=0.5563 total=0.6804 grad=1.6838524341583252 conf_frac=1.000 (2590s)
[mlx] fixed step 5660 ce=0.1257 total=0.1574 grad=3.5870203971862793 conf_frac=0.250 (2595s)
[mlx] fixed step 5670 ce=0.6006 total=0.7058 grad=1.1860283613204956 conf_frac=0.000 (2599s)
[mlx] fixed step 5680 ce=0.5707 total=0.5987 grad=1.584773063659668 conf_frac=0.500 (2603s)
[mlx] fixed step 5690 ce=0.5748 total=0.6672 grad=0.24515290558338165 conf_frac=0.000 (2608s)
[mlx] fixed step 5700 ce=0.6769 total=0.7908 grad=7.687470436096191 conf_frac=1.000 (2613s)
[mlx] fixed step 5710 ce=0.1964 total=0.2404 grad=6.808208465576172 conf_frac=0.750 (2617s)
[mlx] fixed step 5720 ce=0.7746 total=0.8295 grad=7.087349891662598 conf_frac=0.750 (2622s)
[mlx] fixed step 5730 ce=0.4558 total=0.4832 grad=0.7818306088447571 conf_frac=0.500 (2626s)
[mlx] fixed step 5740 ce=1.0273 total=1.0946 grad=0.6630658507347107 conf_frac=0.750 (2630s)
[mlx] fixed step 5750 ce=0.8999 total=0.9567 grad=4.150585174560547 conf_frac=0.750 (2635s)
[mlx] fixed step 5760 ce=0.5293 total=0.5691 grad=5.6413421630859375 conf_frac=0.750 (2639s)
[mlx] fixed step 5770 ce=0.2949 total=0.3122 grad=2.8763575553894043 conf_frac=0.250 (2644s)
[mlx] fixed step 5780 ce=0.7654 total=0.7877 grad=4.595035076141357 conf_frac=0.500 (2649s)
[mlx] fixed step 5790 ce=0.4448 total=0.4672 grad=4.2196197509765625 conf_frac=0.500 (2653s)
[mlx] fixed step 5800 ce=0.5973 total=0.6812 grad=4.428412914276123 conf_frac=1.000 (2657s)
[mlx] fixed step 5810 ce=0.4148 total=0.4481 grad=3.6802494525909424 conf_frac=0.250 (2662s)
[mlx] fixed step 5820 ce=0.7663 total=0.7974 grad=1.9196213483810425 conf_frac=0.500 (2666s)
[mlx] fixed step 5830 ce=0.4195 total=0.4455 grad=1.2285159826278687 conf_frac=0.250 (2671s)
[mlx] fixed step 5840 ce=0.5434 total=0.5742 grad=1.6899441480636597 conf_frac=0.250 (2675s)
[mlx] fixed step 5850 ce=1.1845 total=1.2215 grad=3.2498979568481445 conf_frac=0.750 (2679s)
[mlx] fixed step 5860 ce=0.6490 total=0.6756 grad=3.6130406856536865 conf_frac=0.500 (2684s)
[mlx] fixed step 5870 ce=0.7149 total=0.7386 grad=2.288054943084717 conf_frac=0.500 (2688s)
[mlx] fixed step 5880 ce=1.0835 total=1.1636 grad=2.318174123764038 conf_frac=0.750 (2693s)
[mlx] fixed step 5890 ce=0.3934 total=0.4917 grad=4.9698028564453125 conf_frac=0.750 (2698s)
[mlx] fixed step 5900 ce=0.6499 total=0.6833 grad=4.038266181945801 conf_frac=0.500 (2703s)
[mlx] fixed step 5910 ce=0.5752 total=0.5898 grad=2.2083218097686768 conf_frac=0.250 (2707s)
[mlx] fixed step 5920 ce=1.0033 total=1.0392 grad=2.31160306930542 conf_frac=0.500 (2712s)
[mlx] fixed step 5930 ce=0.6706 total=0.6918 grad=3.6450579166412354 conf_frac=0.500 (2716s)
[mlx] fixed step 5940 ce=0.8713 total=0.9087 grad=4.188357830047607 conf_frac=0.500 (2721s)
[mlx] fixed step 5950 ce=0.7022 total=0.7217 grad=3.264448881149292 conf_frac=0.500 (2725s)
[mlx] fixed step 5960 ce=0.5082 total=0.5275 grad=3.632505178451538 conf_frac=0.500 (2729s)
[mlx] fixed step 5970 ce=0.6999 total=0.7490 grad=3.3411879539489746 conf_frac=0.750 (2734s)
[mlx] fixed step 5980 ce=0.8552 total=0.8833 grad=3.694528102874756 conf_frac=0.500 (2738s)
[mlx] fixed step 5990 ce=0.5572 total=0.5921 grad=1.0556385517120361 conf_frac=0.500 (2742s)
[mlx] fixed step 6000 ce=1.1472 total=1.1886 grad=6.33786678314209 conf_frac=0.750 (2747s)
[mlx] fixed post-train (n=8008) acc=0.9317 majority=0.4994 dist={'[CONFIDENT]': 0.5081168831168831, '[COND_CONFIDENT]': 0.06056443556443557, '[TEMPORAL_HEDGE]': 0.43131868131868134, '[UNKNOWN]': 0.0}
[mlx] fixed accuracy lift over majority-class baseline: +0.4323 (discriminating)
[mlx] fixed finished: 6006 steps in 2748.9s
[mlx] saved adapter -> data/prep/tcl_mlx_llama3/tsct_seed3/adapter_fixed

[mlx] wrote data/prep/tcl_mlx_llama3/tsct_seed3/loss_log.csv
[mlx] wrote data/prep/tcl_mlx_llama3/tsct_seed3/run_meta.json
=== train tsct seed 3 wall 3311s
[gen] 3622 examples | source=temporal-delta:test | arm=tsct | adapter=data/prep/tcl_mlx_llama3/tsct_seed3/adapter_fixed
[transformers] Ignoring clean_up_tokenization_spaces=True for BPE tokenizer TokenizersBackend. The clean_up_tokenization post-processing step is designed for WordPiece tokenizers and is destructive for BPE (it strips spaces before punctuation). Set clean_up_tokenization_spaces=False to suppress this warning, or set clean_up_tokenization_spaces_for_bpe_even_though_it_will_corrupt_output=True to force cleanup anyway.
[gen] 100/3622  EM=0.060 hedge_acc=1.000 fallback=0.000 (20s, 0.20s/ex)
[gen] 200/3622  EM=0.030 hedge_acc=0.995 fallback=0.000 (41s, 0.21s/ex)
[gen] 300/3622  EM=0.050 hedge_acc=0.997 fallback=0.000 (62s, 0.21s/ex)
[gen] 400/3622  EM=0.050 hedge_acc=0.995 fallback=0.000 (84s, 0.21s/ex)
[gen] 500/3622  EM=0.048 hedge_acc=0.996 fallback=0.000 (107s, 0.21s/ex)
[gen] 600/3622  EM=0.040 hedge_acc=0.997 fallback=0.000 (130s, 0.22s/ex)
[gen] 700/3622  EM=0.037 hedge_acc=0.997 fallback=0.000 (153s, 0.22s/ex)
[gen] 800/3622  EM=0.033 hedge_acc=0.998 fallback=0.000 (180s, 0.23s/ex)
[gen] 900/3622  EM=0.029 hedge_acc=0.998 fallback=0.000 (207s, 0.23s/ex)
[gen] 1000/3622  EM=0.027 hedge_acc=0.998 fallback=0.000 (234s, 0.23s/ex)
[gen] 1100/3622  EM=0.025 hedge_acc=0.998 fallback=0.000 (261s, 0.24s/ex)
[gen] 1200/3622  EM=0.022 hedge_acc=0.998 fallback=0.000 (288s, 0.24s/ex)
[gen] 1300/3622  EM=0.022 hedge_acc=0.998 fallback=0.000 (312s, 0.24s/ex)
[gen] 1400/3622  EM=0.020 hedge_acc=0.999 fallback=0.000 (336s, 0.24s/ex)
[gen] 1500/3622  EM=0.019 hedge_acc=0.999 fallback=0.000 (361s, 0.24s/ex)
[gen] 1600/3622  EM=0.018 hedge_acc=0.999 fallback=0.000 (386s, 0.24s/ex)
[gen] 1700/3622  EM=0.018 hedge_acc=0.998 fallback=0.000 (408s, 0.24s/ex)
[gen] 1800/3622  EM=0.018 hedge_acc=0.998 fallback=0.000 (429s, 0.24s/ex)
[gen] 1900/3622  EM=0.019 hedge_acc=0.998 fallback=0.000 (452s, 0.24s/ex)
[gen] 2000/3622  EM=0.019 hedge_acc=0.998 fallback=0.000 (474s, 0.24s/ex)
[gen] 2100/3622  EM=0.019 hedge_acc=0.998 fallback=0.000 (496s, 0.24s/ex)
[gen] 2200/3622  EM=0.018 hedge_acc=0.998 fallback=0.000 (517s, 0.24s/ex)
[gen] 2300/3622  EM=0.017 hedge_acc=0.998 fallback=0.000 (539s, 0.23s/ex)
[gen] 2400/3622  EM=0.019 hedge_acc=0.998 fallback=0.000 (559s, 0.23s/ex)
[gen] 2500/3622  EM=0.025 hedge_acc=0.998 fallback=0.000 (579s, 0.23s/ex)
[gen] 2600/3622  EM=0.025 hedge_acc=0.998 fallback=0.000 (601s, 0.23s/ex)
[gen] 2700/3622  EM=0.025 hedge_acc=0.998 fallback=0.000 (622s, 0.23s/ex)
[gen] 2800/3622  EM=0.024 hedge_acc=0.998 fallback=0.000 (644s, 0.23s/ex)
[gen] 2900/3622  EM=0.024 hedge_acc=0.998 fallback=0.000 (665s, 0.23s/ex)
[gen] 3000/3622  EM=0.024 hedge_acc=0.998 fallback=0.000 (689s, 0.23s/ex)
[gen] 3100/3622  EM=0.024 hedge_acc=0.998 fallback=0.000 (714s, 0.23s/ex)
[gen] 3200/3622  EM=0.023 hedge_acc=0.998 fallback=0.000 (740s, 0.23s/ex)
[gen] 3300/3622  EM=0.023 hedge_acc=0.998 fallback=0.000 (760s, 0.23s/ex)
[gen] 3400/3622  EM=0.024 hedge_acc=0.998 fallback=0.000 (777s, 0.23s/ex)
[gen] 3500/3622  EM=0.024 hedge_acc=0.998 fallback=0.000 (797s, 0.23s/ex)
[gen] 3600/3622  EM=0.023 hedge_acc=0.998 fallback=0.000 (817s, 0.23s/ex)

[gen] wrote data/prep/predictions_llama3/tsct_seed3_test.jsonl
[gen] n=3622  EM=0.0229  hedge_acc=0.9978  fallback_rate=0.0000  wall=822s
=== eval tsct seed 3 test wall 826s
[gen] 413 examples | source=freshqa | arm=tsct | adapter=data/prep/tcl_mlx_llama3/tsct_seed3/adapter_fixed
[transformers] Ignoring clean_up_tokenization_spaces=True for BPE tokenizer TokenizersBackend. The clean_up_tokenization post-processing step is designed for WordPiece tokenizers and is destructive for BPE (it strips spaces before punctuation). Set clean_up_tokenization_spaces=False to suppress this warning, or set clean_up_tokenization_spaces_for_bpe_even_though_it_will_corrupt_output=True to force cleanup anyway.
[gen] 100/413  EM=0.110 hedge_acc=0.170 fallback=0.020 (18s, 0.18s/ex)
[gen] 200/413  EM=0.145 hedge_acc=0.325 fallback=0.010 (36s, 0.18s/ex)
[gen] 300/413  EM=0.107 hedge_acc=0.313 fallback=0.007 (54s, 0.18s/ex)
[gen] 400/413  EM=0.113 hedge_acc=0.295 fallback=0.007 (72s, 0.18s/ex)

[gen] wrote data/prep/predictions_llama3/tsct_seed3_freshqa.jsonl
[gen] n=413  EM=0.1090  hedge_acc=0.2857  fallback_rate=0.0073  wall=74s
=== eval tsct seed 3 freshqa wall 79s
=== tsct seed 3 done 2026-09-29T12:55:17Z
=== guard 2026-09-29T12:55:17Z pressure_level=1 swap=total = 14336.00M  used = 13001.50M  free = 1334.50M  (encrypted) | System-wide memory free percentage: 87%
=== sft_only seed 3 start 2026-09-29T12:55:17Z | System-wide memory free percentage: 87% | total = 14336.00M  used = 13001.50M  free = 1334.50M  (encrypted)
[mlx] loaded 8008 raw examples

[mlx] === condition: fixed ===
[transformers] Ignoring clean_up_tokenization_spaces=True for BPE tokenizer TokenizersBackend. The clean_up_tokenization post-processing step is designed for WordPiece tokenizers and is destructive for BPE (it strips spaces before punctuation). Set clean_up_tokenization_spaces=False to suppress this warning, or set clean_up_tokenization_spaces_for_bpe_even_though_it_will_corrupt_output=True to force cleanup anyway.
[mlx] hedge ids (no resize, mode=reserved): [128002, 128003, 128004, 128005]
[mlx] adapted output projection: lm_head (untied)
Trainable parameters: 0.144% (11.545M/8030.261M)
[mlx] 8008 examples after tokenisation (max_len=128)
[mlx] hedge-head check: logit spread=0.000000 contrast_grad_norm=1098.876587
[mlx] fixed pre-train (n=8008) acc=0.4404 majority=0.4994 dist={'[CONFIDENT]': 1.0, '[COND_CONFIDENT]': 0.0, '[TEMPORAL_HEDGE]': 0.0, '[UNKNOWN]': 0.0}
[mlx] fixed step 0 ce=7.8877 total=7.8877 grad=0.5001813173294067 conf_frac=1.000 (1s)
[mlx] fixed step 10 ce=1.9456 total=1.9456 grad=7.673557281494141 conf_frac=1.000 (5s)
[mlx] fixed step 20 ce=1.7028 total=1.7028 grad=2.1228857040405273 conf_frac=0.000 (9s)
[mlx] fixed step 30 ce=2.3920 total=2.3920 grad=31.482450485229492 conf_frac=0.000 (13s)
[mlx] fixed step 40 ce=2.5848 total=2.5848 grad=8.454410552978516 conf_frac=1.000 (17s)
[mlx] fixed step 50 ce=2.4804 total=2.4804 grad=6.272283554077148 conf_frac=0.000 (21s)
[mlx] fixed step 60 ce=2.0333 total=2.0333 grad=2.603821277618408 conf_frac=0.000 (26s)
[mlx] fixed step 70 ce=2.0129 total=2.0129 grad=7.699978828430176 conf_frac=1.000 (30s)
[mlx] fixed step 80 ce=2.0806 total=2.0806 grad=7.219603538513184 conf_frac=1.000 (35s)
[mlx] fixed step 90 ce=2.1479 total=2.1479 grad=1.6060367822647095 conf_frac=0.000 (39s)
[mlx] fixed step 100 ce=2.1420 total=2.1420 grad=3.9315125942230225 conf_frac=1.000 (43s)
[mlx] fixed step 110 ce=2.6109 total=2.6109 grad=23.65483283996582 conf_frac=0.500 (48s)
[mlx] fixed step 120 ce=1.8007 total=1.8007 grad=11.06428337097168 conf_frac=0.000 (52s)
[mlx] fixed step 130 ce=2.2003 total=2.2003 grad=22.455354690551758 conf_frac=1.000 (56s)
[mlx] fixed step 140 ce=2.1868 total=2.1868 grad=4.608096599578857 conf_frac=0.000 (60s)
[mlx] fixed step 150 ce=2.3423 total=2.3423 grad=5.940704345703125 conf_frac=0.000 (64s)
[mlx] fixed step 160 ce=1.5068 total=1.5068 grad=3.813663959503174 conf_frac=1.000 (69s)
[mlx] fixed step 170 ce=1.7181 total=1.7181 grad=15.351115226745605 conf_frac=1.000 (73s)
[mlx] fixed step 180 ce=1.9456 total=1.9456 grad=4.81437873840332 conf_frac=1.000 (78s)
[mlx] fixed step 190 ce=2.8665 total=2.8665 grad=7.386275768280029 conf_frac=0.000 (82s)
[mlx] fixed step 200 ce=1.1840 total=1.1840 grad=1.7117223739624023 conf_frac=0.000 (87s)
[mlx] fixed step 210 ce=1.3343 total=1.3343 grad=5.482458114624023 conf_frac=0.000 (92s)
[mlx] fixed step 220 ce=2.0143 total=2.0143 grad=9.15764331817627 conf_frac=0.000 (96s)
[mlx] fixed step 230 ce=1.8137 total=1.8137 grad=11.412766456604004 conf_frac=1.000 (100s)
[mlx] fixed step 240 ce=2.4059 total=2.4059 grad=1.2649972438812256 conf_frac=1.000 (105s)
[mlx] fixed step 250 ce=2.5926 total=2.5926 grad=1.182262897491455 conf_frac=0.000 (109s)
[mlx] fixed step 260 ce=1.9283 total=1.9283 grad=26.223756790161133 conf_frac=0.000 (113s)
[mlx] fixed step 270 ce=1.6037 total=1.6037 grad=5.479701519012451 conf_frac=1.000 (118s)
[mlx] fixed step 280 ce=1.7725 total=1.7725 grad=10.862751960754395 conf_frac=0.000 (123s)
[mlx] fixed step 290 ce=2.8050 total=2.8050 grad=0.7067302465438843 conf_frac=1.000 (127s)
[mlx] fixed step 300 ce=3.6676 total=3.6676 grad=4.593535900115967 conf_frac=1.000 (132s)
[mlx] fixed step 310 ce=1.4470 total=1.4470 grad=3.468557119369507 conf_frac=1.000 (136s)
[mlx] fixed step 320 ce=1.5937 total=1.5937 grad=5.512136459350586 conf_frac=1.000 (141s)
[mlx] fixed step 330 ce=1.9866 total=1.9866 grad=10.593748092651367 conf_frac=1.000 (145s)
[mlx] fixed step 340 ce=1.9156 total=1.9156 grad=11.206789016723633 conf_frac=1.000 (149s)
[mlx] fixed step 350 ce=2.3750 total=2.3750 grad=11.754293441772461 conf_frac=1.000 (154s)
[mlx] fixed step 360 ce=0.7571 total=0.7571 grad=9.647869110107422 conf_frac=0.000 (158s)
[mlx] fixed step 370 ce=1.4347 total=1.4347 grad=15.04056167602539 conf_frac=0.000 (162s)
[mlx] fixed step 380 ce=2.0089 total=2.0089 grad=10.101948738098145 conf_frac=0.000 (167s)
[mlx] fixed step 390 ce=1.7269 total=1.7269 grad=2.3725016117095947 conf_frac=0.000 (171s)
[mlx] fixed step 400 ce=1.6859 total=1.6859 grad=10.416354179382324 conf_frac=1.000 (176s)
[mlx] fixed step 410 ce=1.6062 total=1.6062 grad=4.799074649810791 conf_frac=1.000 (180s)
[mlx] fixed step 420 ce=1.4498 total=1.4498 grad=9.85119915008545 conf_frac=1.000 (185s)
[mlx] fixed step 430 ce=1.9225 total=1.9225 grad=13.09901237487793 conf_frac=0.000 (189s)
[mlx] fixed step 440 ce=2.7300 total=2.7300 grad=8.687599182128906 conf_frac=0.000 (193s)
[mlx] fixed step 450 ce=1.8027 total=1.8027 grad=0.27909648418426514 conf_frac=1.000 (198s)
[mlx] fixed step 460 ce=1.8918 total=1.8918 grad=19.316259384155273 conf_frac=1.000 (202s)
[mlx] fixed step 470 ce=1.0564 total=1.0564 grad=2.5509040355682373 conf_frac=0.000 (207s)
[mlx] fixed step 480 ce=1.8652 total=1.8652 grad=1.9313023090362549 conf_frac=0.000 (212s)
[mlx] fixed step 490 ce=1.8228 total=1.8228 grad=5.456060409545898 conf_frac=1.000 (217s)
[mlx] fixed step 500 ce=1.1928 total=1.1928 grad=11.12104320526123 conf_frac=1.000 (222s)
[mlx] fixed step 510 ce=1.3276 total=1.3276 grad=8.124391555786133 conf_frac=0.250 (226s)
[mlx] fixed step 520 ce=1.9843 total=1.9843 grad=8.812567710876465 conf_frac=0.000 (231s)
[mlx] fixed step 530 ce=2.5833 total=2.5833 grad=5.50835657119751 conf_frac=0.000 (235s)
[mlx] fixed step 540 ce=1.8602 total=1.8602 grad=4.614355087280273 conf_frac=0.250 (240s)
[mlx] fixed step 550 ce=1.9404 total=1.9404 grad=0.3686862289905548 conf_frac=0.250 (244s)
[mlx] fixed step 560 ce=1.9175 total=1.9175 grad=6.355511665344238 conf_frac=0.000 (248s)
[mlx] fixed step 570 ce=1.9650 total=1.9650 grad=10.030924797058105 conf_frac=0.000 (253s)
[mlx] fixed step 580 ce=2.2903 total=2.2903 grad=5.840835094451904 conf_frac=0.750 (257s)
[mlx] fixed step 590 ce=2.3231 total=2.3231 grad=18.1451473236084 conf_frac=1.000 (262s)
[mlx] fixed step 600 ce=2.3786 total=2.3786 grad=7.370299816131592 conf_frac=0.000 (266s)
[mlx] fixed step 610 ce=1.4710 total=1.4710 grad=22.333667755126953 conf_frac=0.250 (271s)
[mlx] fixed step 620 ce=2.0274 total=2.0274 grad=11.18419075012207 conf_frac=0.250 (274s)
[mlx] fixed step 630 ce=1.2259 total=1.2259 grad=5.051588535308838 conf_frac=0.000 (279s)
[mlx] fixed step 640 ce=1.2959 total=1.2959 grad=11.015294075012207 conf_frac=0.250 (283s)
[mlx] fixed step 650 ce=1.5003 total=1.5003 grad=10.622709274291992 conf_frac=0.250 (288s)
[mlx] fixed step 660 ce=2.3918 total=2.3918 grad=14.021753311157227 conf_frac=0.250 (292s)
[mlx] fixed step 670 ce=1.9669 total=1.9669 grad=4.607669830322266 conf_frac=0.750 (297s)
[mlx] fixed step 680 ce=2.2165 total=2.2165 grad=9.454258918762207 conf_frac=0.250 (301s)
[mlx] fixed step 690 ce=1.2639 total=1.2639 grad=6.7147626876831055 conf_frac=0.250 (305s)
[mlx] fixed step 700 ce=2.3064 total=2.3064 grad=4.415018558502197 conf_frac=0.250 (310s)
[mlx] fixed step 710 ce=1.7871 total=1.7871 grad=7.651177406311035 conf_frac=0.250 (314s)
[mlx] fixed step 720 ce=1.8627 total=1.8627 grad=2.7201640605926514 conf_frac=0.250 (319s)
[mlx] fixed step 730 ce=2.1626 total=2.1626 grad=8.773330688476562 conf_frac=0.000 (323s)
[mlx] fixed step 740 ce=1.7791 total=1.7791 grad=6.840017318725586 conf_frac=0.250 (327s)
[mlx] fixed step 750 ce=2.4601 total=2.4601 grad=1.9865498542785645 conf_frac=0.250 (332s)
[mlx] fixed step 760 ce=1.7502 total=1.7502 grad=5.897493839263916 conf_frac=0.000 (336s)
[mlx] fixed step 770 ce=1.7062 total=1.7062 grad=5.99167013168335 conf_frac=0.500 (340s)
[mlx] fixed step 780 ce=2.2266 total=2.2266 grad=1.0556600093841553 conf_frac=0.750 (344s)
[mlx] fixed step 790 ce=1.3617 total=1.3617 grad=1.3194268941879272 conf_frac=0.750 (348s)
[mlx] fixed step 800 ce=1.2767 total=1.2767 grad=5.852408409118652 conf_frac=0.750 (353s)
[mlx] fixed step 810 ce=1.6240 total=1.6240 grad=3.8035523891448975 conf_frac=0.500 (357s)
[mlx] fixed step 820 ce=1.9131 total=1.9131 grad=0.986057460308075 conf_frac=0.500 (361s)
[mlx] fixed step 830 ce=1.8736 total=1.8736 grad=11.84599494934082 conf_frac=0.500 (367s)
[mlx] fixed step 840 ce=1.9140 total=1.9140 grad=1.7601853609085083 conf_frac=0.500 (371s)
[mlx] fixed step 850 ce=1.2833 total=1.2833 grad=1.1614470481872559 conf_frac=0.750 (376s)
[mlx] fixed step 860 ce=2.9395 total=2.9395 grad=0.3976666331291199 conf_frac=0.250 (380s)
[mlx] fixed step 870 ce=2.2670 total=2.2670 grad=2.8571808338165283 conf_frac=0.250 (384s)
[mlx] fixed step 880 ce=2.2973 total=2.2973 grad=8.1702299118042 conf_frac=0.500 (388s)
[mlx] fixed step 890 ce=1.5306 total=1.5306 grad=13.016279220581055 conf_frac=0.500 (392s)
[mlx] fixed step 900 ce=1.9168 total=1.9168 grad=1.0624711513519287 conf_frac=0.250 (396s)
[mlx] fixed step 910 ce=1.7941 total=1.7941 grad=0.3950062096118927 conf_frac=0.750 (401s)
[mlx] fixed step 920 ce=1.2558 total=1.2558 grad=0.7064179182052612 conf_frac=0.250 (405s)
[mlx] fixed step 930 ce=1.8441 total=1.8441 grad=0.40609896183013916 conf_frac=0.500 (411s)
[mlx] fixed step 940 ce=2.0049 total=2.0049 grad=1.2135533094406128 conf_frac=0.500 (416s)
[mlx] fixed step 950 ce=2.2208 total=2.2208 grad=1.9900848865509033 conf_frac=0.750 (420s)
[mlx] fixed step 960 ce=1.7707 total=1.7707 grad=7.351717948913574 conf_frac=0.750 (424s)
[mlx] fixed step 970 ce=1.8673 total=1.8673 grad=15.283797264099121 conf_frac=0.500 (429s)
[mlx] fixed step 980 ce=2.1349 total=2.1349 grad=5.8554158210754395 conf_frac=0.250 (433s)
[mlx] fixed step 990 ce=1.8941 total=1.8941 grad=8.199828147888184 conf_frac=0.750 (438s)
[mlx] fixed step 1000 ce=1.4384 total=1.4384 grad=0.8576965928077698 conf_frac=0.500 (442s)
[mlx] fixed step 1010 ce=1.7713 total=1.7713 grad=7.960205554962158 conf_frac=0.250 (447s)
[mlx] fixed step 1020 ce=1.6064 total=1.6064 grad=4.922323226928711 conf_frac=0.750 (451s)
[mlx] fixed step 1030 ce=2.0949 total=2.0949 grad=1.0125268697738647 conf_frac=0.250 (455s)
[mlx] fixed step 1040 ce=0.8743 total=0.8743 grad=1.9473832845687866 conf_frac=1.000 (459s)
[mlx] fixed step 1050 ce=2.3421 total=2.3421 grad=6.339020729064941 conf_frac=0.750 (464s)
[mlx] fixed step 1060 ce=1.3533 total=1.3533 grad=5.293385028839111 conf_frac=0.750 (468s)
[mlx] fixed step 1070 ce=1.5862 total=1.5862 grad=2.600372791290283 conf_frac=0.750 (472s)
[mlx] fixed step 1080 ce=1.7313 total=1.7313 grad=6.806985855102539 conf_frac=0.500 (476s)
[mlx] fixed step 1090 ce=1.3191 total=1.3191 grad=1.257088303565979 conf_frac=0.500 (481s)
[mlx] fixed step 1100 ce=1.8178 total=1.8178 grad=0.9482185244560242 conf_frac=1.000 (485s)
[mlx] fixed step 1110 ce=1.6501 total=1.6501 grad=11.869196891784668 conf_frac=1.000 (490s)
[mlx] fixed step 1120 ce=2.0857 total=2.0857 grad=7.419600486755371 conf_frac=0.250 (494s)
[mlx] fixed step 1130 ce=1.5968 total=1.5968 grad=1.7995508909225464 conf_frac=0.750 (499s)
[mlx] fixed step 1140 ce=1.6613 total=1.6613 grad=10.283080101013184 conf_frac=1.000 (504s)
[mlx] fixed step 1150 ce=2.3360 total=2.3360 grad=4.4047651290893555 conf_frac=0.500 (509s)
[mlx] fixed step 1160 ce=1.8926 total=1.8926 grad=0.2699882388114929 conf_frac=0.250 (514s)
[mlx] fixed step 1170 ce=1.4482 total=1.4482 grad=2.4242520332336426 conf_frac=0.500 (518s)
[mlx] fixed step 1180 ce=2.8791 total=2.8791 grad=0.7571166753768921 conf_frac=0.750 (523s)
[mlx] fixed step 1190 ce=1.6651 total=1.6651 grad=0.984130859375 conf_frac=0.250 (527s)
[mlx] fixed step 1200 ce=2.6266 total=2.6266 grad=1.0031498670578003 conf_frac=0.250 (532s)
[mlx] fixed step 1210 ce=1.8465 total=1.8465 grad=1.1598540544509888 conf_frac=0.500 (536s)
[mlx] fixed step 1220 ce=1.5107 total=1.5107 grad=3.6431758403778076 conf_frac=0.750 (541s)
[mlx] fixed step 1230 ce=2.3125 total=2.3125 grad=0.7241856455802917 conf_frac=0.500 (546s)
[mlx] fixed step 1240 ce=1.6094 total=1.6094 grad=1.3802437782287598 conf_frac=0.500 (550s)
[mlx] fixed step 1250 ce=1.0438 total=1.0438 grad=0.41277194023132324 conf_frac=0.500 (555s)
[mlx] fixed step 1260 ce=2.0974 total=2.0974 grad=0.01553633064031601 conf_frac=0.000 (559s)
[mlx] fixed step 1270 ce=1.9078 total=1.9078 grad=1.6146833896636963 conf_frac=0.750 (564s)
[mlx] fixed step 1280 ce=2.6772 total=2.6772 grad=15.132820129394531 conf_frac=0.500 (568s)
[mlx] fixed step 1290 ce=1.0242 total=1.0242 grad=1.4162545204162598 conf_frac=0.750 (572s)
[mlx] fixed step 1300 ce=2.2632 total=2.2632 grad=9.477027893066406 conf_frac=1.000 (577s)
[mlx] fixed step 1310 ce=2.5115 total=2.5115 grad=2.273735284805298 conf_frac=0.500 (581s)
[mlx] fixed step 1320 ce=1.5952 total=1.5952 grad=8.547390937805176 conf_frac=0.250 (585s)
[mlx] fixed step 1330 ce=0.7982 total=0.7982 grad=0.540343165397644 conf_frac=0.500 (590s)
[mlx] fixed step 1340 ce=1.8637 total=1.8637 grad=1.9881023168563843 conf_frac=0.750 (594s)
[mlx] fixed step 1350 ce=2.3287 total=2.3287 grad=0.4979288876056671 conf_frac=0.500 (599s)
[mlx] fixed step 1360 ce=1.7825 total=1.7825 grad=0.19597597420215607 conf_frac=0.500 (603s)
[mlx] fixed step 1370 ce=1.1443 total=1.1443 grad=3.9382429122924805 conf_frac=0.750 (608s)
[mlx] fixed step 1380 ce=1.3368 total=1.3368 grad=2.0126307010650635 conf_frac=0.500 (612s)
[mlx] fixed step 1390 ce=2.0055 total=2.0055 grad=0.7061967253684998 conf_frac=0.500 (616s)
[mlx] fixed step 1400 ce=1.9911 total=1.9911 grad=1.4267712831497192 conf_frac=0.500 (621s)
[mlx] fixed step 1410 ce=1.6457 total=1.6457 grad=3.5450730323791504 conf_frac=0.500 (625s)
[mlx] fixed step 1420 ce=1.4116 total=1.4116 grad=0.8227444291114807 conf_frac=0.500 (630s)
[mlx] fixed step 1430 ce=1.2686 total=1.2686 grad=7.56560754776001 conf_frac=0.750 (634s)
[mlx] fixed step 1440 ce=2.1934 total=2.1934 grad=0.82353675365448 conf_frac=0.500 (638s)
[mlx] fixed step 1450 ce=1.3916 total=1.3916 grad=4.659591197967529 conf_frac=0.750 (643s)
[mlx] fixed step 1460 ce=1.5417 total=1.5417 grad=4.101205825805664 conf_frac=0.500 (647s)
[mlx] fixed step 1470 ce=2.1085 total=2.1085 grad=0.39180949330329895 conf_frac=0.250 (651s)
[mlx] fixed step 1480 ce=1.9175 total=1.9175 grad=0.4295813739299774 conf_frac=0.250 (656s)
[mlx] fixed step 1490 ce=1.4902 total=1.4902 grad=0.4134693741798401 conf_frac=0.500 (661s)
[mlx] fixed step 1500 ce=1.4825 total=1.4825 grad=0.1032368540763855 conf_frac=0.250 (664s)
[mlx] fixed step 1510 ce=1.2164 total=1.2164 grad=4.255537033081055 conf_frac=0.750 (669s)
[mlx] fixed step 1520 ce=1.4633 total=1.4633 grad=5.511484146118164 conf_frac=0.500 (673s)
[mlx] fixed step 1530 ce=1.8728 total=1.8728 grad=11.26300048828125 conf_frac=0.750 (678s)
[mlx] fixed step 1540 ce=1.2164 total=1.2164 grad=3.5811123847961426 conf_frac=0.500 (682s)
[mlx] fixed step 1550 ce=1.1076 total=1.1076 grad=0.20619705319404602 conf_frac=0.250 (687s)
[mlx] fixed step 1560 ce=1.5254 total=1.5254 grad=0.7706555128097534 conf_frac=1.000 (691s)
[mlx] fixed step 1570 ce=1.8303 total=1.8303 grad=1.5129027366638184 conf_frac=0.500 (696s)
[mlx] fixed step 1580 ce=1.1835 total=1.1835 grad=3.8950436115264893 conf_frac=0.500 (700s)
[mlx] fixed step 1590 ce=2.0561 total=2.0561 grad=0.7342937588691711 conf_frac=0.250 (705s)
[mlx] fixed step 1600 ce=1.6749 total=1.6749 grad=9.865540504455566 conf_frac=0.750 (710s)
[mlx] fixed step 1610 ce=1.1496 total=1.1496 grad=2.7485203742980957 conf_frac=0.500 (715s)
[mlx] fixed step 1620 ce=1.8459 total=1.8459 grad=0.5041626691818237 conf_frac=0.250 (719s)
[mlx] fixed step 1630 ce=1.0320 total=1.0320 grad=0.9971920847892761 conf_frac=0.500 (724s)
[mlx] fixed step 1640 ce=1.9343 total=1.9343 grad=1.017647385597229 conf_frac=0.250 (729s)
[mlx] fixed step 1650 ce=2.1909 total=2.1909 grad=0.06988420337438583 conf_frac=0.000 (734s)
[mlx] fixed step 1660 ce=2.0248 total=2.0248 grad=5.406085968017578 conf_frac=0.250 (738s)
[mlx] fixed step 1670 ce=1.7334 total=1.7334 grad=0.3016655147075653 conf_frac=0.500 (743s)
[mlx] fixed step 1680 ce=1.4604 total=1.4604 grad=5.530313014984131 conf_frac=0.750 (748s)
[mlx] fixed step 1690 ce=1.1916 total=1.1916 grad=0.2737939655780792 conf_frac=0.250 (752s)
[mlx] fixed step 1700 ce=2.3381 total=2.3381 grad=2.808483600616455 conf_frac=1.000 (757s)
[mlx] fixed step 1710 ce=1.8934 total=1.8934 grad=0.981354296207428 conf_frac=0.500 (762s)
[mlx] fixed step 1720 ce=2.7454 total=2.7454 grad=5.268208980560303 conf_frac=0.500 (767s)
[mlx] fixed step 1730 ce=1.8033 total=1.8033 grad=0.220094695687294 conf_frac=0.250 (771s)
[mlx] fixed step 1740 ce=0.8091 total=0.8091 grad=0.8728203773498535 conf_frac=0.500 (776s)
[mlx] fixed step 1750 ce=1.6225 total=1.6225 grad=3.0137405395507812 conf_frac=0.500 (780s)
[mlx] fixed step 1760 ce=1.0702 total=1.0702 grad=2.709977865219116 conf_frac=0.750 (784s)
[mlx] fixed step 1770 ce=1.9562 total=1.9562 grad=1.8305155038833618 conf_frac=0.500 (788s)
[mlx] fixed step 1780 ce=1.6906 total=1.6906 grad=2.474714756011963 conf_frac=0.500 (794s)
[mlx] fixed step 1790 ce=1.9754 total=1.9754 grad=0.4281051754951477 conf_frac=0.500 (798s)
[mlx] fixed step 1800 ce=1.5902 total=1.5902 grad=0.9728765487670898 conf_frac=0.500 (802s)
[mlx] fixed step 1810 ce=1.2279 total=1.2279 grad=0.2595493793487549 conf_frac=0.750 (806s)
[mlx] fixed step 1820 ce=1.7155 total=1.7155 grad=1.5744417905807495 conf_frac=0.750 (811s)
[mlx] fixed step 1830 ce=1.4892 total=1.4892 grad=8.788787841796875 conf_frac=0.250 (815s)
[mlx] fixed step 1840 ce=1.2767 total=1.2767 grad=7.1097798347473145 conf_frac=0.500 (819s)
[mlx] fixed step 1850 ce=2.2501 total=2.2501 grad=0.06272032856941223 conf_frac=0.500 (823s)
[mlx] fixed step 1860 ce=1.9760 total=1.9760 grad=6.819209575653076 conf_frac=0.500 (828s)
[mlx] fixed step 1870 ce=1.8569 total=1.8569 grad=0.4410107135772705 conf_frac=0.500 (832s)
[mlx] fixed step 1880 ce=1.9306 total=1.9306 grad=0.0388769768178463 conf_frac=0.000 (836s)
[mlx] fixed step 1890 ce=1.2984 total=1.2984 grad=8.735147476196289 conf_frac=0.500 (841s)
[mlx] fixed step 1900 ce=1.4860 total=1.4860 grad=1.667250156402588 conf_frac=0.500 (845s)
[mlx] fixed step 1910 ce=1.4016 total=1.4016 grad=0.1464933454990387 conf_frac=0.500 (850s)
[mlx] fixed step 1920 ce=2.0284 total=2.0284 grad=1.3153765201568604 conf_frac=0.750 (854s)
[mlx] fixed step 1930 ce=1.5331 total=1.5331 grad=0.2544071078300476 conf_frac=0.250 (859s)
[mlx] fixed step 1940 ce=1.6683 total=1.6683 grad=0.0011276305885985494 conf_frac=0.000 (863s)
[mlx] fixed step 1950 ce=2.0528 total=2.0528 grad=6.0564799308776855 conf_frac=0.250 (868s)
[mlx] fixed step 1960 ce=0.8297 total=0.8297 grad=3.946743965148926 conf_frac=0.500 (873s)
[mlx] fixed step 1970 ce=1.6211 total=1.6211 grad=1.5963575839996338 conf_frac=0.750 (878s)
[mlx] fixed step 1980 ce=1.7272 total=1.7272 grad=1.5475002527236938 conf_frac=0.500 (882s)
[mlx] fixed step 1990 ce=1.6694 total=1.6694 grad=7.081778049468994 conf_frac=0.500 (886s)
[mlx] fixed step 2000 ce=1.5840 total=1.5840 grad=0.7908085584640503 conf_frac=0.500 (891s)
[mlx] fixed step 2010 ce=1.0187 total=1.0187 grad=3.4077649116516113 conf_frac=0.500 (896s)
[mlx] fixed step 2020 ce=0.9586 total=0.9586 grad=0.801791250705719 conf_frac=0.500 (900s)
[mlx] fixed step 2030 ce=0.4164 total=0.4164 grad=1.0198479890823364 conf_frac=0.500 (905s)
[mlx] fixed step 2040 ce=0.7689 total=0.7689 grad=1.1597671508789062 conf_frac=0.500 (910s)
[mlx] fixed step 2050 ce=0.5395 total=0.5395 grad=1.6253502368927002 conf_frac=0.750 (914s)
[mlx] fixed step 2060 ce=0.6451 total=0.6451 grad=1.7486878633499146 conf_frac=0.500 (919s)
[mlx] fixed step 2070 ce=0.2663 total=0.2663 grad=0.30089476704597473 conf_frac=0.250 (923s)
[mlx] fixed step 2080 ce=0.6087 total=0.6087 grad=0.003547728294506669 conf_frac=0.000 (928s)
[mlx] fixed step 2090 ce=0.4991 total=0.4991 grad=0.09290990233421326 conf_frac=0.250 (933s)
[mlx] fixed step 2100 ce=0.7390 total=0.7390 grad=0.13723963499069214 conf_frac=0.500 (937s)
[mlx] fixed step 2110 ce=1.0920 total=1.0920 grad=0.28537553548812866 conf_frac=0.250 (941s)
[mlx] fixed step 2120 ce=0.5642 total=0.5642 grad=5.319405555725098 conf_frac=0.750 (945s)
[mlx] fixed step 2130 ce=0.5958 total=0.5958 grad=0.8212057948112488 conf_frac=0.500 (950s)
[mlx] fixed step 2140 ce=1.4835 total=1.4835 grad=0.3610658049583435 conf_frac=0.750 (954s)
[mlx] fixed step 2150 ce=0.4265 total=0.4265 grad=0.8106293678283691 conf_frac=0.750 (958s)
[mlx] fixed step 2160 ce=1.0542 total=1.0542 grad=5.729546546936035 conf_frac=0.250 (962s)
[mlx] fixed step 2170 ce=0.7535 total=0.7535 grad=9.845842361450195 conf_frac=0.750 (967s)
[mlx] fixed step 2180 ce=0.4665 total=0.4665 grad=2.4754536151885986 conf_frac=0.500 (972s)
[mlx] fixed step 2190 ce=0.5390 total=0.5390 grad=0.8808514475822449 conf_frac=0.500 (976s)
[mlx] fixed step 2200 ce=0.5684 total=0.5684 grad=3.675676107406616 conf_frac=0.500 (980s)
[mlx] fixed step 2210 ce=0.9669 total=0.9669 grad=5.043356418609619 conf_frac=0.750 (985s)
[mlx] fixed step 2220 ce=1.4669 total=1.4669 grad=6.148716926574707 conf_frac=0.250 (993s)
[mlx] fixed step 2230 ce=1.0406 total=1.0406 grad=0.964461088180542 conf_frac=0.500 (997s)
[mlx] fixed step 2240 ce=1.1511 total=1.1511 grad=1.4360936880111694 conf_frac=0.250 (1001s)
[mlx] fixed step 2250 ce=0.2877 total=0.2877 grad=2.5317904949188232 conf_frac=0.000 (1006s)
[mlx] fixed step 2260 ce=0.5286 total=0.5286 grad=3.7772531509399414 conf_frac=0.750 (1010s)
[mlx] fixed step 2270 ce=0.7018 total=0.7018 grad=0.0 conf_frac=0.000 (1014s)
[mlx] fixed step 2280 ce=0.2863 total=0.2863 grad=3.3797948360443115 conf_frac=0.500 (1019s)
[mlx] fixed step 2290 ce=0.8817 total=0.8817 grad=0.18451887369155884 conf_frac=0.750 (1023s)
[mlx] fixed step 2300 ce=0.9553 total=0.9553 grad=2.918668508529663 conf_frac=0.750 (1027s)
[mlx] fixed step 2310 ce=0.4057 total=0.4057 grad=0.20589545369148254 conf_frac=1.000 (1032s)
[mlx] fixed step 2320 ce=0.4998 total=0.4998 grad=0.05593322962522507 conf_frac=0.750 (1036s)
[mlx] fixed step 2330 ce=0.6067 total=0.6067 grad=5.986017227172852 conf_frac=1.000 (1040s)
[mlx] fixed step 2340 ce=0.7623 total=0.7623 grad=0.6683134436607361 conf_frac=0.500 (1044s)
[mlx] fixed step 2350 ce=0.8374 total=0.8374 grad=2.5703659057617188 conf_frac=0.750 (1048s)
[mlx] fixed step 2360 ce=1.1216 total=1.1216 grad=5.6765642166137695 conf_frac=0.750 (1052s)
[mlx] fixed step 2370 ce=0.6976 total=0.6976 grad=1.8152557611465454 conf_frac=1.000 (1058s)
[mlx] fixed step 2380 ce=0.2348 total=0.2348 grad=6.913700053701177e-05 conf_frac=0.000 (1062s)
[mlx] fixed step 2390 ce=1.2004 total=1.2004 grad=0.24423237144947052 conf_frac=0.500 (1067s)
[mlx] fixed step 2400 ce=0.8330 total=0.8330 grad=0.0 conf_frac=0.000 (1071s)
[mlx] fixed step 2410 ce=0.5467 total=0.5467 grad=0.6683433651924133 conf_frac=0.750 (1075s)
[mlx] fixed step 2420 ce=0.7729 total=0.7729 grad=0.72445148229599 conf_frac=0.500 (1080s)
[mlx] fixed step 2430 ce=0.6646 total=0.6646 grad=0.0007786541245877743 conf_frac=0.000 (1084s)
[mlx] fixed step 2440 ce=1.0008 total=1.0008 grad=0.039530668407678604 conf_frac=0.250 (1089s)
[mlx] fixed step 2450 ce=0.9836 total=0.9836 grad=0.12944619357585907 conf_frac=0.250 (1093s)
[mlx] fixed step 2460 ce=0.6839 total=0.6839 grad=4.461793422698975 conf_frac=0.500 (1098s)
[mlx] fixed step 2470 ce=0.9191 total=0.9191 grad=2.2445554733276367 conf_frac=0.250 (1102s)
[mlx] fixed step 2480 ce=0.9281 total=0.9281 grad=1.974411129951477 conf_frac=0.500 (1107s)
[mlx] fixed step 2490 ce=0.3549 total=0.3549 grad=3.0260701179504395 conf_frac=0.500 (1111s)
[mlx] fixed step 2500 ce=0.8114 total=0.8114 grad=0.5690258741378784 conf_frac=0.500 (1116s)
[mlx] fixed step 2510 ce=0.6117 total=0.6117 grad=4.599655628204346 conf_frac=0.750 (1121s)
[mlx] fixed step 2520 ce=1.2365 total=1.2365 grad=5.077849864959717 conf_frac=0.500 (1125s)
[mlx] fixed step 2530 ce=0.6170 total=0.6170 grad=2.5299298763275146 conf_frac=1.000 (1130s)
[mlx] fixed step 2540 ce=1.1900 total=1.1900 grad=3.1079978942871094 conf_frac=0.500 (1135s)
[mlx] fixed step 2550 ce=0.4960 total=0.4960 grad=5.915177822113037 conf_frac=0.500 (1139s)
[mlx] fixed step 2560 ce=0.3763 total=0.3763 grad=2.724778652191162 conf_frac=0.500 (1144s)
[mlx] fixed step 2570 ce=0.5175 total=0.5175 grad=6.12327241897583 conf_frac=0.500 (1148s)
[mlx] fixed step 2580 ce=0.1435 total=0.1435 grad=0.020663604140281677 conf_frac=0.500 (1153s)
[mlx] fixed step 2590 ce=0.4840 total=0.4840 grad=1.1369091272354126 conf_frac=0.250 (1157s)
[mlx] fixed step 2600 ce=0.7818 total=0.7818 grad=6.251371383666992 conf_frac=0.500 (1161s)
[mlx] fixed step 2610 ce=0.6588 total=0.6588 grad=4.614138126373291 conf_frac=0.500 (1166s)
[mlx] fixed step 2620 ce=1.0283 total=1.0283 grad=2.7169833183288574 conf_frac=0.750 (1170s)
[mlx] fixed step 2630 ce=0.6916 total=0.6916 grad=5.4642252922058105 conf_frac=0.250 (1174s)
[mlx] fixed step 2640 ce=0.6913 total=0.6913 grad=0.476226270198822 conf_frac=0.750 (1179s)
[mlx] fixed step 2650 ce=0.8117 total=0.8117 grad=6.404632568359375 conf_frac=0.250 (1183s)
[mlx] fixed step 2660 ce=0.3337 total=0.3337 grad=1.0163861513137817 conf_frac=0.500 (1188s)
[mlx] fixed step 2670 ce=0.7927 total=0.7927 grad=0.6251991391181946 conf_frac=0.250 (1193s)
[mlx] fixed step 2680 ce=0.7614 total=0.7614 grad=2.3161919116973877 conf_frac=0.500 (1198s)
[mlx] fixed step 2690 ce=0.8284 total=0.8284 grad=3.2480297088623047 conf_frac=0.500 (1203s)
[mlx] fixed step 2700 ce=0.5435 total=0.5435 grad=2.8713300228118896 conf_frac=0.250 (1207s)
[mlx] fixed step 2710 ce=0.7485 total=0.7485 grad=0.5733709335327148 conf_frac=0.750 (1212s)
[mlx] fixed step 2720 ce=0.8983 total=0.8983 grad=0.21482503414154053 conf_frac=0.500 (1217s)
[mlx] fixed step 2730 ce=1.0941 total=1.0941 grad=8.918436050415039 conf_frac=0.500 (1221s)
[mlx] fixed step 2740 ce=0.8977 total=0.8977 grad=2.3693349361419678 conf_frac=0.750 (1225s)
[mlx] fixed step 2750 ce=0.6574 total=0.6574 grad=6.089768886566162 conf_frac=0.500 (1230s)
[mlx] fixed step 2760 ce=0.4053 total=0.4053 grad=0.7133054733276367 conf_frac=0.250 (1234s)
[mlx] fixed step 2770 ce=0.8835 total=0.8835 grad=1.9019739627838135 conf_frac=0.250 (1239s)
[mlx] fixed step 2780 ce=1.0246 total=1.0246 grad=0.34023213386535645 conf_frac=0.250 (1243s)
[mlx] fixed step 2790 ce=1.1290 total=1.1290 grad=0.0018155771540477872 conf_frac=0.000 (1248s)
[mlx] fixed step 2800 ce=0.8370 total=0.8370 grad=2.4179229736328125 conf_frac=0.500 (1253s)
[mlx] fixed step 2810 ce=0.7194 total=0.7194 grad=7.9804887771606445 conf_frac=0.750 (1257s)
[mlx] fixed step 2820 ce=0.6432 total=0.6432 grad=0.6700300574302673 conf_frac=0.500 (1262s)
[mlx] fixed step 2830 ce=0.9742 total=0.9742 grad=4.907872200012207 conf_frac=0.750 (1266s)
[mlx] fixed step 2840 ce=0.8671 total=0.8671 grad=0.4474337697029114 conf_frac=0.250 (1270s)
[mlx] fixed step 2850 ce=0.6026 total=0.6026 grad=1.3207794427871704 conf_frac=0.750 (1275s)
[mlx] fixed step 2860 ce=0.4866 total=0.4866 grad=0.0010396847501397133 conf_frac=0.000 (1279s)
[mlx] fixed step 2870 ce=0.6245 total=0.6245 grad=5.614390850067139 conf_frac=0.250 (1284s)
[mlx] fixed step 2880 ce=0.8597 total=0.8597 grad=0.054828960448503494 conf_frac=0.250 (1288s)
[mlx] fixed step 2890 ce=1.3487 total=1.3487 grad=1.041198968887329 conf_frac=0.250 (1292s)
[mlx] fixed step 2900 ce=1.0587 total=1.0587 grad=0.9044128060340881 conf_frac=0.000 (1296s)
[mlx] fixed step 2910 ce=0.6242 total=0.6242 grad=0.169088214635849 conf_frac=0.500 (1301s)
[mlx] fixed step 2920 ce=0.4445 total=0.4445 grad=5.74776029586792 conf_frac=0.750 (1306s)
[mlx] fixed step 2930 ce=0.6190 total=0.6190 grad=6.114006519317627 conf_frac=0.250 (1311s)
[mlx] fixed step 2940 ce=1.0896 total=1.0896 grad=1.1480034589767456 conf_frac=0.750 (1316s)
[mlx] fixed step 2950 ce=0.8545 total=0.8545 grad=1.6981794834136963 conf_frac=0.250 (1320s)
[mlx] fixed step 2960 ce=0.8863 total=0.8863 grad=0.3586072325706482 conf_frac=0.500 (1324s)
[mlx] fixed step 2970 ce=0.9495 total=0.9495 grad=0.24059811234474182 conf_frac=0.250 (1328s)
[mlx] fixed step 2980 ce=1.5810 total=1.5810 grad=5.940648555755615 conf_frac=0.250 (1332s)
[mlx] fixed step 2990 ce=0.7056 total=0.7056 grad=6.076038360595703 conf_frac=0.750 (1337s)
[mlx] fixed step 3000 ce=0.3018 total=0.3018 grad=3.974402904510498 conf_frac=1.000 (1342s)
[mlx] fixed step 3010 ce=0.8561 total=0.8561 grad=0.0010673000942915678 conf_frac=0.000 (1347s)
[mlx] fixed step 3020 ce=0.8223 total=0.8223 grad=0.042620010673999786 conf_frac=1.000 (1351s)
[mlx] fixed step 3030 ce=1.0483 total=1.0483 grad=0.24021215736865997 conf_frac=0.750 (1356s)
[mlx] fixed step 3040 ce=1.0033 total=1.0033 grad=0.2656048536300659 conf_frac=0.500 (1361s)
[mlx] fixed step 3050 ce=0.7338 total=0.7338 grad=3.7145066261291504 conf_frac=0.500 (1366s)
[mlx] fixed step 3060 ce=0.3017 total=0.3017 grad=5.733114242553711 conf_frac=0.500 (1370s)
[mlx] fixed step 3070 ce=0.7746 total=0.7746 grad=3.089184522628784 conf_frac=0.500 (1375s)
[mlx] fixed step 3080 ce=0.3844 total=0.3844 grad=0.1611519753932953 conf_frac=0.250 (1379s)
[mlx] fixed step 3090 ce=0.9911 total=0.9911 grad=1.128614068031311 conf_frac=0.500 (1383s)
[mlx] fixed step 3100 ce=0.9421 total=0.9421 grad=1.729122519493103 conf_frac=0.500 (1388s)
[mlx] fixed step 3110 ce=0.4498 total=0.4498 grad=0.7561463713645935 conf_frac=0.500 (1393s)
[mlx] fixed step 3120 ce=0.8038 total=0.8038 grad=9.627388000488281 conf_frac=0.750 (1398s)
[mlx] fixed step 3130 ce=1.1514 total=1.1514 grad=0.38602396845817566 conf_frac=0.250 (1402s)
[mlx] fixed step 3140 ce=0.8131 total=0.8131 grad=0.6483638882637024 conf_frac=0.500 (1406s)
[mlx] fixed step 3150 ce=0.5783 total=0.5783 grad=4.861045837402344 conf_frac=0.250 (1410s)
[mlx] fixed step 3160 ce=1.7445 total=1.7445 grad=0.18756788969039917 conf_frac=0.250 (1414s)
[mlx] fixed step 3170 ce=0.7294 total=0.7294 grad=0.5714390277862549 conf_frac=0.500 (1419s)
[mlx] fixed step 3180 ce=0.5562 total=0.5562 grad=5.851560592651367 conf_frac=0.750 (1424s)
[mlx] fixed step 3190 ce=1.2090 total=1.2090 grad=1.98611319065094 conf_frac=0.750 (1428s)
[mlx] fixed step 3200 ce=0.7101 total=0.7101 grad=2.3571555614471436 conf_frac=0.500 (1432s)
[mlx] fixed step 3210 ce=0.6155 total=0.6155 grad=0.00033259112387895584 conf_frac=0.000 (1436s)
[mlx] fixed step 3220 ce=1.4689 total=1.4689 grad=0.5949038863182068 conf_frac=0.500 (1441s)
[mlx] fixed step 3230 ce=0.8797 total=0.8797 grad=2.4389147758483887 conf_frac=0.750 (1445s)
[mlx] fixed step 3240 ce=0.5873 total=0.5873 grad=5.315333843231201 conf_frac=0.500 (1450s)
[mlx] fixed step 3250 ce=1.1613 total=1.1613 grad=1.1058837175369263 conf_frac=0.250 (1454s)
[mlx] fixed step 3260 ce=0.9008 total=0.9008 grad=2.444597005844116 conf_frac=0.250 (1458s)
[mlx] fixed step 3270 ce=0.5343 total=0.5343 grad=5.007847309112549 conf_frac=0.500 (1462s)
[mlx] fixed step 3280 ce=0.6693 total=0.6693 grad=4.5226616859436035 conf_frac=0.500 (1467s)
[mlx] fixed step 3290 ce=1.0731 total=1.0731 grad=7.629519939422607 conf_frac=0.500 (1472s)
[mlx] fixed step 3300 ce=0.9008 total=0.9008 grad=6.596829414367676 conf_frac=0.250 (1476s)
[mlx] fixed step 3310 ce=0.5634 total=0.5634 grad=0.03898322209715843 conf_frac=0.500 (1480s)
[mlx] fixed step 3320 ce=0.6186 total=0.6186 grad=2.8314952850341797 conf_frac=0.500 (1485s)
[mlx] fixed step 3330 ce=0.4688 total=0.4688 grad=0.00013121335359755903 conf_frac=0.000 (1489s)
[mlx] fixed step 3340 ce=1.0658 total=1.0658 grad=1.599760890007019 conf_frac=0.750 (1493s)
[mlx] fixed step 3350 ce=0.4805 total=0.4805 grad=0.34874072670936584 conf_frac=0.250 (1498s)
[mlx] fixed step 3360 ce=0.3933 total=0.3933 grad=0.41229498386383057 conf_frac=0.500 (1502s)
[mlx] fixed step 3370 ce=0.9189 total=0.9189 grad=0.04716538265347481 conf_frac=0.500 (1506s)
[mlx] fixed step 3380 ce=0.4807 total=0.4807 grad=0.1611921787261963 conf_frac=0.750 (1510s)
[mlx] fixed step 3390 ce=1.2397 total=1.2397 grad=3.4433929920196533 conf_frac=0.500 (1515s)
[mlx] fixed step 3400 ce=0.9343 total=0.9343 grad=5.565316677093506 conf_frac=1.000 (1519s)
[mlx] fixed step 3410 ce=1.2063 total=1.2063 grad=0.16158287227153778 conf_frac=0.750 (1526s)
[mlx] fixed step 3420 ce=2.0354 total=2.0354 grad=0.0 conf_frac=0.000 (1530s)
[mlx] fixed step 3430 ce=1.3639 total=1.3639 grad=0.27180296182632446 conf_frac=0.250 (1534s)
[mlx] fixed step 3440 ce=1.3781 total=1.3781 grad=4.77162504196167 conf_frac=0.500 (1539s)
[mlx] fixed step 3450 ce=0.6721 total=0.6721 grad=0.8225106596946716 conf_frac=0.750 (1543s)
[mlx] fixed step 3460 ce=1.3614 total=1.3614 grad=5.3798980712890625 conf_frac=0.500 (1547s)
[mlx] fixed step 3470 ce=1.0254 total=1.0254 grad=4.473183631896973 conf_frac=0.250 (1552s)
[mlx] fixed step 3480 ce=1.2993 total=1.2993 grad=3.9332377910614014 conf_frac=0.750 (1556s)
[mlx] fixed step 3490 ce=0.8115 total=0.8115 grad=0.816481351852417 conf_frac=0.250 (1561s)
[mlx] fixed step 3500 ce=0.2942 total=0.2942 grad=0.11966966837644577 conf_frac=0.250 (1565s)
[mlx] fixed step 3510 ce=0.6576 total=0.6576 grad=0.6117809414863586 conf_frac=0.500 (1569s)
[mlx] fixed step 3520 ce=0.3747 total=0.3747 grad=2.6662607192993164 conf_frac=0.500 (1573s)
[mlx] fixed step 3530 ce=1.1091 total=1.1091 grad=0.38889652490615845 conf_frac=0.250 (1578s)
[mlx] fixed step 3540 ce=1.0865 total=1.0865 grad=4.160799503326416 conf_frac=0.500 (1582s)
[mlx] fixed step 3550 ce=1.3154 total=1.3154 grad=0.2707279324531555 conf_frac=0.500 (1587s)
[mlx] fixed step 3560 ce=1.9288 total=1.9288 grad=1.4096331596374512 conf_frac=0.250 (1591s)
[mlx] fixed step 3570 ce=0.5651 total=0.5651 grad=2.432781934738159 conf_frac=0.500 (1596s)
[mlx] fixed step 3580 ce=0.5444 total=0.5444 grad=4.576294422149658 conf_frac=0.500 (1600s)
[mlx] fixed step 3590 ce=0.8731 total=0.8731 grad=3.550809144973755 conf_frac=0.250 (1605s)
[mlx] fixed step 3600 ce=0.3175 total=0.3175 grad=1.3392314910888672 conf_frac=0.250 (1609s)
[mlx] fixed step 3610 ce=1.1400 total=1.1400 grad=4.356542587280273 conf_frac=0.750 (1614s)
[mlx] fixed step 3620 ce=2.0387 total=2.0387 grad=1.350603461265564 conf_frac=1.000 (1620s)
[mlx] fixed step 3630 ce=0.5713 total=0.5713 grad=2.187986373901367 conf_frac=0.750 (1625s)
[mlx] fixed step 3640 ce=1.2699 total=1.2699 grad=0.4535664916038513 conf_frac=0.250 (1629s)
[mlx] fixed step 3650 ce=0.9287 total=0.9287 grad=0.13760977983474731 conf_frac=0.250 (1634s)
[mlx] fixed step 3660 ce=1.2906 total=1.2906 grad=0.1521579921245575 conf_frac=0.250 (1639s)
[mlx] fixed step 3670 ce=1.7732 total=1.7732 grad=1.2773605585098267 conf_frac=0.250 (1643s)
[mlx] fixed step 3680 ce=0.7483 total=0.7483 grad=10.01246166229248 conf_frac=0.250 (1647s)
[mlx] fixed step 3690 ce=1.2063 total=1.2063 grad=2.0027310848236084 conf_frac=0.750 (1652s)
[mlx] fixed step 3700 ce=1.2862 total=1.2862 grad=3.641511917114258 conf_frac=0.250 (1656s)
[mlx] fixed step 3710 ce=0.6586 total=0.6586 grad=1.0298315286636353 conf_frac=0.250 (1661s)
[mlx] fixed step 3720 ce=1.4177 total=1.4177 grad=0.2002113163471222 conf_frac=0.250 (1666s)
[mlx] fixed step 3730 ce=0.9739 total=0.9739 grad=0.6928536295890808 conf_frac=0.500 (1671s)
[mlx] fixed step 3740 ce=1.0357 total=1.0357 grad=2.8269543647766113 conf_frac=0.250 (1675s)
[mlx] fixed step 3750 ce=1.5511 total=1.5511 grad=3.7173051834106445 conf_frac=0.500 (1680s)
[mlx] fixed step 3760 ce=1.2816 total=1.2816 grad=2.5729053020477295 conf_frac=0.500 (1684s)
[mlx] fixed step 3770 ce=1.3512 total=1.3512 grad=1.7561283111572266 conf_frac=0.500 (1689s)
[mlx] fixed step 3780 ce=0.5615 total=0.5615 grad=1.6366890668869019 conf_frac=0.750 (1694s)
[mlx] fixed step 3790 ce=1.2126 total=1.2126 grad=4.9931840896606445 conf_frac=0.750 (1698s)
[mlx] fixed step 3800 ce=0.9087 total=0.9087 grad=0.9692145586013794 conf_frac=0.500 (1703s)
[mlx] fixed step 3810 ce=0.4888 total=0.4888 grad=2.165415048599243 conf_frac=1.000 (1707s)
[mlx] fixed step 3820 ce=1.1819 total=1.1819 grad=1.673539400100708 conf_frac=0.250 (1712s)
[mlx] fixed step 3830 ce=0.7920 total=0.7920 grad=1.3683732748031616 conf_frac=0.500 (1716s)
[mlx] fixed step 3840 ce=0.1422 total=0.1422 grad=2.112480401992798 conf_frac=0.750 (1721s)
[mlx] fixed step 3850 ce=0.9041 total=0.9041 grad=0.866862416267395 conf_frac=0.500 (1725s)
[mlx] fixed step 3860 ce=1.1623 total=1.1623 grad=0.27748656272888184 conf_frac=0.750 (1730s)
[mlx] fixed step 3870 ce=0.9292 total=0.9292 grad=0.04464894160628319 conf_frac=0.250 (1735s)
[mlx] fixed step 3880 ce=0.4215 total=0.4215 grad=4.400440692901611 conf_frac=0.750 (1740s)
[mlx] fixed step 3890 ce=0.5286 total=0.5286 grad=5.078066349029541 conf_frac=0.750 (1745s)
[mlx] fixed step 3900 ce=1.0335 total=1.0335 grad=0.36693936586380005 conf_frac=0.250 (1749s)
[mlx] fixed step 3910 ce=0.8938 total=0.8938 grad=0.5280589461326599 conf_frac=0.250 (1753s)
[mlx] fixed step 3920 ce=0.5896 total=0.5896 grad=2.6958987712860107 conf_frac=0.750 (1759s)
[mlx] fixed step 3930 ce=0.9173 total=0.9173 grad=5.839113235473633 conf_frac=0.250 (1763s)
[mlx] fixed step 3940 ce=0.4537 total=0.4537 grad=5.63262939453125 conf_frac=0.750 (1767s)
[mlx] fixed step 3950 ce=1.0045 total=1.0045 grad=1.084580421447754 conf_frac=0.750 (1771s)
[mlx] fixed step 3960 ce=0.8352 total=0.8352 grad=1.2009556293487549 conf_frac=0.500 (1776s)
[mlx] fixed step 3970 ce=1.0631 total=1.0631 grad=0.6373772621154785 conf_frac=0.250 (1780s)
[mlx] fixed step 3980 ce=1.1523 total=1.1523 grad=0.4460553228855133 conf_frac=0.500 (1784s)
[mlx] fixed step 3990 ce=0.8390 total=0.8390 grad=0.8510170578956604 conf_frac=0.500 (1789s)
[mlx] fixed step 4000 ce=0.7356 total=0.7356 grad=0.00018927259952761233 conf_frac=0.000 (1793s)
[mlx] fixed step 4010 ce=0.6888 total=0.6888 grad=1.3712679147720337 conf_frac=0.500 (1798s)
[mlx] fixed step 4020 ce=0.5078 total=0.5078 grad=0.13606908917427063 conf_frac=0.250 (1802s)
[mlx] fixed step 4030 ce=0.3278 total=0.3278 grad=1.8728766441345215 conf_frac=0.750 (1807s)
[mlx] fixed step 4040 ce=0.6124 total=0.6124 grad=0.180653378367424 conf_frac=0.500 (1811s)
[mlx] fixed step 4050 ce=0.2733 total=0.2733 grad=0.13372929394245148 conf_frac=0.750 (1815s)
[mlx] fixed step 4060 ce=0.3303 total=0.3303 grad=0.15025703608989716 conf_frac=0.500 (1819s)
[mlx] fixed step 4070 ce=0.7550 total=0.7550 grad=1.337674617767334 conf_frac=0.500 (1824s)
[mlx] fixed step 4080 ce=0.2802 total=0.2802 grad=0.054508328437805176 conf_frac=0.250 (1828s)
[mlx] fixed step 4090 ce=0.6011 total=0.6011 grad=8.139436721801758 conf_frac=1.000 (1833s)
[mlx] fixed step 4100 ce=0.4107 total=0.4107 grad=4.545161247253418 conf_frac=0.500 (1837s)
[mlx] fixed step 4110 ce=1.0456 total=1.0456 grad=1.1589845418930054 conf_frac=0.250 (1842s)
[mlx] fixed step 4120 ce=0.2697 total=0.2697 grad=4.860258102416992 conf_frac=1.000 (1847s)
[mlx] fixed step 4130 ce=0.8154 total=0.8154 grad=4.076387882232666 conf_frac=0.750 (1851s)
[mlx] fixed step 4140 ce=0.8280 total=0.8280 grad=0.7211951613426208 conf_frac=0.500 (1856s)
[mlx] fixed step 4150 ce=0.5499 total=0.5499 grad=2.3494038581848145 conf_frac=0.500 (1860s)
[mlx] fixed step 4160 ce=0.6223 total=0.6223 grad=2.4594578742980957 conf_frac=0.500 (1864s)
[mlx] fixed step 4170 ce=0.2900 total=0.2900 grad=0.44138625264167786 conf_frac=0.500 (1868s)
[mlx] fixed step 4180 ce=0.5454 total=0.5454 grad=0.344217449426651 conf_frac=0.250 (1873s)
[mlx] fixed step 4190 ce=0.4830 total=0.4830 grad=2.9468882083892822 conf_frac=0.000 (1877s)
[mlx] fixed step 4200 ce=0.8960 total=0.8960 grad=3.657504081726074 conf_frac=1.000 (1881s)
[mlx] fixed step 4210 ce=1.4879 total=1.4879 grad=0.10513566434383392 conf_frac=0.500 (1886s)
[mlx] fixed step 4220 ce=0.3986 total=0.3986 grad=4.513544082641602 conf_frac=0.250 (1890s)
[mlx] fixed step 4230 ce=0.2142 total=0.2142 grad=7.736072540283203 conf_frac=0.250 (1895s)
[mlx] fixed step 4240 ce=0.3985 total=0.3985 grad=5.276780605316162 conf_frac=0.500 (1899s)
[mlx] fixed step 4250 ce=0.6810 total=0.6810 grad=0.029456524178385735 conf_frac=0.250 (1903s)
[mlx] fixed step 4260 ce=0.5067 total=0.5067 grad=2.2821033000946045 conf_frac=0.750 (1907s)
[mlx] fixed step 4270 ce=0.3611 total=0.3611 grad=1.0293880701065063 conf_frac=0.500 (1911s)
[mlx] fixed step 4280 ce=0.5840 total=0.5840 grad=0.022777453064918518 conf_frac=0.250 (1915s)
[mlx] fixed step 4290 ce=0.8932 total=0.8932 grad=4.630318641662598 conf_frac=0.750 (1920s)
[mlx] fixed step 4300 ce=0.5675 total=0.5675 grad=0.125413715839386 conf_frac=1.000 (1925s)
[mlx] fixed step 4310 ce=0.4397 total=0.4397 grad=0.6568450331687927 conf_frac=0.750 (1929s)
[mlx] fixed step 4320 ce=0.9064 total=0.9064 grad=0.12027283757925034 conf_frac=0.250 (1933s)
[mlx] fixed step 4330 ce=0.6755 total=0.6755 grad=0.1251082867383957 conf_frac=0.500 (1938s)
[mlx] fixed step 4340 ce=0.4941 total=0.4941 grad=0.21266265213489532 conf_frac=0.500 (1942s)
[mlx] fixed step 4350 ce=0.3252 total=0.3252 grad=0.15740187466144562 conf_frac=0.500 (1947s)
[mlx] fixed step 4360 ce=0.9913 total=0.9913 grad=2.153909206390381 conf_frac=0.500 (1951s)
[mlx] fixed step 4370 ce=0.8138 total=0.8138 grad=0.048002660274505615 conf_frac=0.250 (1955s)
[mlx] fixed step 4380 ce=0.4978 total=0.4978 grad=0.46678873896598816 conf_frac=1.000 (1959s)
[mlx] fixed step 4390 ce=0.8627 total=0.8627 grad=2.721233367919922 conf_frac=0.500 (1964s)
[mlx] fixed step 4400 ce=0.5393 total=0.5393 grad=5.630675315856934 conf_frac=0.500 (1969s)
[mlx] fixed step 4410 ce=0.6457 total=0.6457 grad=2.3922841548919678 conf_frac=0.250 (1973s)
[mlx] fixed step 4420 ce=0.1138 total=0.1138 grad=1.2473186254501343 conf_frac=0.500 (1977s)
[mlx] fixed step 4430 ce=0.5729 total=0.5729 grad=1.627375602722168 conf_frac=0.500 (1982s)
[mlx] fixed step 4440 ce=0.6179 total=0.6179 grad=0.051418401300907135 conf_frac=0.250 (1986s)
[mlx] fixed step 4450 ce=0.2927 total=0.2927 grad=0.6475041508674622 conf_frac=0.500 (1990s)
[mlx] fixed step 4460 ce=0.3761 total=0.3761 grad=1.7515568733215332 conf_frac=0.500 (1995s)
[mlx] fixed step 4470 ce=0.2955 total=0.2955 grad=0.10390233993530273 conf_frac=1.000 (1999s)
[mlx] fixed step 4480 ce=0.8448 total=0.8448 grad=0.010087682865560055 conf_frac=0.250 (2004s)
[mlx] fixed step 4490 ce=0.5003 total=0.5003 grad=0.09362293779850006 conf_frac=0.500 (2008s)
[mlx] fixed step 4500 ce=0.4513 total=0.4513 grad=2.7742185592651367 conf_frac=1.000 (2012s)
[mlx] fixed step 4510 ce=0.3183 total=0.3183 grad=3.201845169067383 conf_frac=0.750 (2018s)
[mlx] fixed step 4520 ce=0.5697 total=0.5697 grad=1.107126235961914 conf_frac=0.500 (2022s)
[mlx] fixed step 4530 ce=0.5166 total=0.5166 grad=5.054837226867676 conf_frac=0.500 (2026s)
[mlx] fixed step 4540 ce=0.6278 total=0.6278 grad=3.0146114826202393 conf_frac=0.750 (2031s)
[mlx] fixed step 4550 ce=0.6830 total=0.6830 grad=6.124899664428085e-05 conf_frac=0.000 (2035s)
[mlx] fixed step 4560 ce=0.4716 total=0.4716 grad=0.06521501392126083 conf_frac=0.250 (2040s)
[mlx] fixed step 4570 ce=0.4484 total=0.4484 grad=0.000810320838354528 conf_frac=0.000 (2045s)
[mlx] fixed step 4580 ce=0.4992 total=0.4992 grad=0.26168596744537354 conf_frac=0.750 (2052s)
[mlx] fixed step 4590 ce=0.9471 total=0.9471 grad=3.7074108123779297 conf_frac=0.500 (2057s)
[mlx] fixed step 4600 ce=0.4818 total=0.4818 grad=8.52696418762207 conf_frac=0.750 (2062s)
[mlx] fixed step 4610 ce=0.8787 total=0.8787 grad=0.0 conf_frac=0.000 (2066s)
[mlx] fixed step 4620 ce=0.5050 total=0.5050 grad=2.983259439468384 conf_frac=0.500 (2071s)
[mlx] fixed step 4630 ce=0.5284 total=0.5284 grad=6.333977216854692e-05 conf_frac=0.000 (2075s)
[mlx] fixed step 4640 ce=0.5923 total=0.5923 grad=0.8514841198921204 conf_frac=0.500 (2080s)
[mlx] fixed step 4650 ce=0.4239 total=0.4239 grad=0.3655523955821991 conf_frac=0.500 (2084s)
[mlx] fixed step 4660 ce=0.7300 total=0.7300 grad=0.41426655650138855 conf_frac=0.250 (2089s)
[mlx] fixed step 4670 ce=1.0069 total=1.0069 grad=4.364336967468262 conf_frac=0.500 (2094s)
[mlx] fixed step 4680 ce=0.3445 total=0.3445 grad=1.940230369567871 conf_frac=1.000 (2099s)
[mlx] fixed step 4690 ce=0.4582 total=0.4582 grad=0.39439162611961365 conf_frac=0.250 (2104s)
[mlx] fixed step 4700 ce=0.2949 total=0.2949 grad=6.400224208831787 conf_frac=0.750 (2108s)
[mlx] fixed step 4710 ce=0.2419 total=0.2419 grad=3.340303659439087 conf_frac=0.250 (2113s)
[mlx] fixed step 4720 ce=0.4306 total=0.4306 grad=4.798679828643799 conf_frac=1.000 (2117s)
[mlx] fixed step 4730 ce=0.4113 total=0.4113 grad=3.944121837615967 conf_frac=0.500 (2122s)
[mlx] fixed step 4740 ce=1.0520 total=1.0520 grad=3.6366472244262695 conf_frac=0.500 (2126s)
[mlx] fixed step 4750 ce=0.9882 total=0.9882 grad=1.7948052883148193 conf_frac=0.750 (2131s)
[mlx] fixed step 4760 ce=0.7761 total=0.7761 grad=3.5338187217712402 conf_frac=1.000 (2135s)
[mlx] fixed step 4770 ce=0.5681 total=0.5681 grad=0.12262069433927536 conf_frac=0.500 (2140s)
[mlx] fixed step 4780 ce=0.7426 total=0.7426 grad=0.10519701987504959 conf_frac=0.500 (2145s)
[mlx] fixed step 4790 ce=0.2257 total=0.2257 grad=1.8284093141555786 conf_frac=1.000 (2150s)
[mlx] fixed step 4800 ce=0.1816 total=0.1816 grad=0.015280347317457199 conf_frac=0.250 (2154s)
[mlx] fixed step 4810 ce=0.5226 total=0.5226 grad=0.20213019847869873 conf_frac=0.750 (2159s)
[mlx] fixed step 4820 ce=0.7417 total=0.7417 grad=4.3887128829956055 conf_frac=1.000 (2164s)
[mlx] fixed step 4830 ce=0.3439 total=0.3439 grad=0.0 conf_frac=0.000 (2168s)
[mlx] fixed step 4840 ce=0.2693 total=0.2693 grad=6.335687637329102 conf_frac=0.500 (2173s)
[mlx] fixed step 4850 ce=1.0199 total=1.0199 grad=0.25424158573150635 conf_frac=0.500 (2177s)
[mlx] fixed step 4860 ce=0.4410 total=0.4410 grad=0.00514781242236495 conf_frac=0.250 (2182s)
[mlx] fixed step 4870 ce=0.7282 total=0.7282 grad=5.250744819641113 conf_frac=0.500 (2187s)
[mlx] fixed step 4880 ce=0.1950 total=0.1950 grad=5.0124969482421875 conf_frac=0.250 (2191s)
[mlx] fixed step 4890 ce=0.7541 total=0.7541 grad=0.8661025762557983 conf_frac=0.500 (2195s)
[mlx] fixed step 4900 ce=0.6717 total=0.6717 grad=5.688365936279297 conf_frac=0.250 (2200s)
[mlx] fixed step 4910 ce=0.5695 total=0.5695 grad=0.3707764744758606 conf_frac=0.500 (2204s)
[mlx] fixed step 4920 ce=0.4715 total=0.4715 grad=4.388016700744629 conf_frac=0.500 (2209s)
[mlx] fixed step 4930 ce=0.5948 total=0.5948 grad=0.032649677246809006 conf_frac=0.750 (2213s)
[mlx] fixed step 4940 ce=0.6655 total=0.6655 grad=0.8300976157188416 conf_frac=0.250 (2218s)
[mlx] fixed step 4950 ce=0.3455 total=0.3455 grad=1.722451090812683 conf_frac=0.500 (2223s)
[mlx] fixed step 4960 ce=1.1696 total=1.1696 grad=0.0007403194322250783 conf_frac=0.000 (2227s)
[mlx] fixed step 4970 ce=0.3352 total=0.3352 grad=0.33303821086883545 conf_frac=0.500 (2232s)
[mlx] fixed step 4980 ce=0.9724 total=0.9724 grad=2.065044403076172 conf_frac=0.250 (2237s)
[mlx] fixed step 4990 ce=0.8651 total=0.8651 grad=5.093915939331055 conf_frac=0.250 (2242s)
[mlx] fixed step 5000 ce=0.4384 total=0.4384 grad=2.0679538249969482 conf_frac=0.750 (2247s)
[mlx] fixed step 5010 ce=0.5804 total=0.5804 grad=0.36594244837760925 conf_frac=0.750 (2252s)
[mlx] fixed step 5020 ce=0.7586 total=0.7586 grad=0.004668893292546272 conf_frac=0.250 (2256s)
[mlx] fixed step 5030 ce=0.2052 total=0.2052 grad=0.12754905223846436 conf_frac=0.500 (2261s)
[mlx] fixed step 5040 ce=0.6214 total=0.6214 grad=0.05805912986397743 conf_frac=0.250 (2266s)
[mlx] fixed step 5050 ce=0.6949 total=0.6949 grad=1.1697144508361816 conf_frac=0.750 (2271s)
[mlx] fixed step 5060 ce=0.4187 total=0.4187 grad=4.442805767059326 conf_frac=1.000 (2275s)
[mlx] fixed step 5070 ce=0.4789 total=0.4789 grad=1.3297866582870483 conf_frac=0.500 (2279s)
[mlx] fixed step 5080 ce=0.2606 total=0.2606 grad=0.06856852769851685 conf_frac=0.500 (2284s)
[mlx] fixed step 5090 ce=0.2865 total=0.2865 grad=0.18278104066848755 conf_frac=1.000 (2288s)
[mlx] fixed step 5100 ce=0.3665 total=0.3665 grad=1.4527939558029175 conf_frac=0.500 (2293s)
[mlx] fixed step 5110 ce=0.5290 total=0.5290 grad=2.7944180965423584 conf_frac=0.250 (2297s)
[mlx] fixed step 5120 ce=0.5104 total=0.5104 grad=0.1276252418756485 conf_frac=0.500 (2302s)
[mlx] fixed step 5130 ce=0.7197 total=0.7197 grad=0.03000466153025627 conf_frac=0.250 (2307s)
[mlx] fixed step 5140 ce=0.4418 total=0.4418 grad=1.3215800523757935 conf_frac=1.000 (2311s)
[mlx] fixed step 5150 ce=0.4418 total=0.4418 grad=3.0701215267181396 conf_frac=0.750 (2316s)
[mlx] fixed step 5160 ce=0.3920 total=0.3920 grad=1.9608724117279053 conf_frac=0.500 (2320s)
[mlx] fixed step 5170 ce=0.4226 total=0.4226 grad=4.2013163566589355 conf_frac=0.750 (2326s)
[mlx] fixed step 5180 ce=0.7195 total=0.7195 grad=0.7310788631439209 conf_frac=0.500 (2330s)
[mlx] fixed step 5190 ce=0.9978 total=0.9978 grad=0.18981188535690308 conf_frac=0.500 (2335s)
[mlx] fixed step 5200 ce=0.2700 total=0.2700 grad=0.37507688999176025 conf_frac=0.250 (2339s)
[mlx] fixed step 5210 ce=0.4472 total=0.4472 grad=2.5320088863372803 conf_frac=0.750 (2343s)
[mlx] fixed step 5220 ce=0.6891 total=0.6891 grad=1.8153120279312134 conf_frac=1.000 (2348s)
[mlx] fixed step 5230 ce=0.3196 total=0.3196 grad=0.41270989179611206 conf_frac=0.500 (2353s)
[mlx] fixed step 5240 ce=0.2657 total=0.2657 grad=0.03781350702047348 conf_frac=0.250 (2357s)
[mlx] fixed step 5250 ce=0.3557 total=0.3557 grad=0.22412315011024475 conf_frac=1.000 (2361s)
[mlx] fixed step 5260 ce=0.8478 total=0.8478 grad=4.178674697875977 conf_frac=0.250 (2366s)
[mlx] fixed step 5270 ce=0.5460 total=0.5460 grad=0.6281332969665527 conf_frac=0.750 (2370s)
[mlx] fixed step 5280 ce=0.7809 total=0.7809 grad=2.346259832382202 conf_frac=0.750 (2374s)
[mlx] fixed step 5290 ce=0.3223 total=0.3223 grad=3.4092793464660645 conf_frac=0.750 (2378s)
[mlx] fixed step 5300 ce=0.5592 total=0.5592 grad=1.3067069053649902 conf_frac=0.500 (2383s)
[mlx] fixed step 5310 ce=0.4700 total=0.4700 grad=1.140349268913269 conf_frac=0.500 (2387s)
[mlx] fixed step 5320 ce=0.2646 total=0.2646 grad=1.5217435359954834 conf_frac=0.750 (2392s)
[mlx] fixed step 5330 ce=0.3532 total=0.3532 grad=1.0317225456237793 conf_frac=1.000 (2396s)
[mlx] fixed step 5340 ce=0.6577 total=0.6577 grad=3.2987232208251953 conf_frac=0.750 (2400s)
[mlx] fixed step 5350 ce=0.7870 total=0.7870 grad=1.7891782522201538 conf_frac=0.250 (2404s)
[mlx] fixed step 5360 ce=0.8621 total=0.8621 grad=3.824186086654663 conf_frac=0.250 (2409s)
[mlx] fixed step 5370 ce=0.4435 total=0.4435 grad=3.3250091075897217 conf_frac=0.250 (2413s)
[mlx] fixed step 5380 ce=0.3042 total=0.3042 grad=3.502817392349243 conf_frac=0.750 (2417s)
[mlx] fixed step 5390 ce=0.4765 total=0.4765 grad=0.3844880759716034 conf_frac=1.000 (2421s)
[mlx] fixed step 5400 ce=0.8727 total=0.8727 grad=0.00023827511176932603 conf_frac=0.000 (2426s)
[mlx] fixed step 5410 ce=0.9103 total=0.9103 grad=0.06262616813182831 conf_frac=0.500 (2430s)
[mlx] fixed step 5420 ce=0.5570 total=0.5570 grad=0.04692169651389122 conf_frac=0.250 (2434s)
[mlx] fixed step 5430 ce=0.4363 total=0.4363 grad=0.0 conf_frac=0.000 (2438s)
[mlx] fixed step 5440 ce=0.3591 total=0.3591 grad=0.010400254279375076 conf_frac=0.250 (2442s)
[mlx] fixed step 5450 ce=0.5827 total=0.5827 grad=5.215134143829346 conf_frac=0.500 (2447s)
[mlx] fixed step 5460 ce=0.4781 total=0.4781 grad=5.588380813598633 conf_frac=0.750 (2451s)
[mlx] fixed step 5470 ce=0.5009 total=0.5009 grad=0.00012644988601095974 conf_frac=0.000 (2456s)
[mlx] fixed step 5480 ce=0.5772 total=0.5772 grad=0.07158608734607697 conf_frac=0.250 (2460s)
[mlx] fixed step 5490 ce=0.4010 total=0.4010 grad=0.3946184515953064 conf_frac=0.750 (2465s)
[mlx] fixed step 5500 ce=0.2933 total=0.2933 grad=0.3375883996486664 conf_frac=1.000 (2470s)
[mlx] fixed step 5510 ce=0.4528 total=0.4528 grad=0.16748611629009247 conf_frac=0.500 (2474s)
[mlx] fixed step 5520 ce=0.9909 total=0.9909 grad=4.057443618774414 conf_frac=0.500 (2478s)
[mlx] fixed step 5530 ce=0.2683 total=0.2683 grad=0.3008175790309906 conf_frac=0.500 (2482s)
[mlx] fixed step 5540 ce=0.3434 total=0.3434 grad=0.4924354553222656 conf_frac=0.250 (2488s)
[mlx] fixed step 5550 ce=1.0724 total=1.0724 grad=13.988502502441406 conf_frac=0.750 (2492s)
[mlx] fixed step 5560 ce=0.5507 total=0.5507 grad=4.283125877380371 conf_frac=0.750 (2497s)
[mlx] fixed step 5570 ce=1.1261 total=1.1261 grad=9.184701919555664 conf_frac=0.500 (2502s)
[mlx] fixed step 5580 ce=0.9178 total=0.9178 grad=4.105226516723633 conf_frac=0.500 (2506s)
[mlx] fixed step 5590 ce=0.3829 total=0.3829 grad=2.2173423767089844 conf_frac=0.500 (2511s)
[mlx] fixed step 5600 ce=0.6510 total=0.6510 grad=0.07412250339984894 conf_frac=0.500 (2516s)
[mlx] fixed step 5610 ce=0.5924 total=0.5924 grad=0.04952782765030861 conf_frac=0.250 (2520s)
[mlx] fixed step 5620 ce=0.8404 total=0.8404 grad=0.4520367980003357 conf_frac=0.750 (2525s)
[mlx] fixed step 5630 ce=0.5129 total=0.5129 grad=0.22706356644630432 conf_frac=0.250 (2529s)
[mlx] fixed step 5640 ce=0.6313 total=0.6313 grad=0.007354929111897945 conf_frac=0.500 (2533s)
[mlx] fixed step 5650 ce=0.4910 total=0.4910 grad=1.7645237445831299 conf_frac=1.000 (2537s)
[mlx] fixed step 5660 ce=0.1206 total=0.1206 grad=0.14845025539398193 conf_frac=0.250 (2542s)
[mlx] fixed step 5670 ce=0.4403 total=0.4403 grad=0.0 conf_frac=0.000 (2546s)
[mlx] fixed step 5680 ce=0.4185 total=0.4185 grad=4.0716729164123535 conf_frac=0.500 (2550s)
[mlx] fixed step 5690 ce=0.4518 total=0.4518 grad=0.00012386954040266573 conf_frac=0.000 (2555s)
[mlx] fixed step 5700 ce=0.4822 total=0.4822 grad=5.044209957122803 conf_frac=0.750 (2560s)
[mlx] fixed step 5710 ce=0.1365 total=0.1365 grad=4.013988018035889 conf_frac=0.750 (2565s)
[mlx] fixed step 5720 ce=0.8283 total=0.8283 grad=5.0321946144104 conf_frac=0.500 (2569s)
[mlx] fixed step 5730 ce=0.4827 total=0.4827 grad=2.373289108276367 conf_frac=0.500 (2574s)
[mlx] fixed step 5740 ce=1.3576 total=1.3576 grad=4.450385093688965 conf_frac=0.750 (2578s)
[mlx] fixed step 5750 ce=0.9584 total=0.9584 grad=0.1382632702589035 conf_frac=0.750 (2582s)
[mlx] fixed step 5760 ce=0.5067 total=0.5067 grad=0.41624370217323303 conf_frac=0.750 (2586s)
[mlx] fixed step 5770 ce=0.4963 total=0.4963 grad=0.22852453589439392 conf_frac=0.250 (2591s)
[mlx] fixed step 5780 ce=0.6211 total=0.6211 grad=0.021443648263812065 conf_frac=0.500 (2595s)
[mlx] fixed step 5790 ce=0.4105 total=0.4105 grad=0.279786080121994 conf_frac=0.500 (2600s)
[mlx] fixed step 5800 ce=0.5809 total=0.5809 grad=1.5203676223754883 conf_frac=1.000 (2604s)
[mlx] fixed step 5810 ce=0.4387 total=0.4387 grad=4.273284912109375 conf_frac=0.000 (2609s)
[mlx] fixed step 5820 ce=0.7037 total=0.7037 grad=0.07901359349489212 conf_frac=0.500 (2613s)
[mlx] fixed step 5830 ce=0.5013 total=0.5013 grad=0.03335146978497505 conf_frac=0.250 (2618s)
[mlx] fixed step 5840 ce=0.5179 total=0.5179 grad=0.04525691643357277 conf_frac=0.250 (2622s)
[mlx] fixed step 5850 ce=0.9868 total=0.9868 grad=10.02978801727295 conf_frac=0.750 (2626s)
[mlx] fixed step 5860 ce=0.5702 total=0.5702 grad=0.9176885485649109 conf_frac=0.500 (2631s)
[mlx] fixed step 5870 ce=0.7288 total=0.7288 grad=0.10789396613836288 conf_frac=0.500 (2635s)
[mlx] fixed step 5880 ce=1.1206 total=1.1206 grad=0.0076140412129461765 conf_frac=0.750 (2640s)
[mlx] fixed step 5890 ce=0.3886 total=0.3886 grad=0.2546749413013458 conf_frac=0.750 (2644s)
[mlx] fixed step 5900 ce=0.6473 total=0.6473 grad=0.12779353559017181 conf_frac=0.500 (2649s)
[mlx] fixed step 5910 ce=0.5209 total=0.5209 grad=0.013233527541160583 conf_frac=0.250 (2653s)
[mlx] fixed step 5920 ce=0.9689 total=0.9689 grad=3.9258193969726562 conf_frac=0.250 (2658s)
[mlx] fixed step 5930 ce=0.5390 total=0.5390 grad=0.5449666380882263 conf_frac=0.500 (2662s)
[mlx] fixed step 5940 ce=0.7497 total=0.7497 grad=0.8755771517753601 conf_frac=0.500 (2667s)
[mlx] fixed step 5950 ce=0.6405 total=0.6405 grad=0.21175538003444672 conf_frac=0.500 (2671s)
[mlx] fixed step 5960 ce=0.4269 total=0.4269 grad=0.353665828704834 conf_frac=0.500 (2675s)
[mlx] fixed step 5970 ce=0.6295 total=0.6295 grad=4.128772735595703 conf_frac=0.750 (2679s)
[mlx] fixed step 5980 ce=0.5265 total=0.5265 grad=0.26003530621528625 conf_frac=0.500 (2683s)
[mlx] fixed step 5990 ce=0.7019 total=0.7019 grad=4.194983005523682 conf_frac=0.500 (2688s)
[mlx] fixed step 6000 ce=0.9504 total=0.9504 grad=3.7171173095703125 conf_frac=0.750 (2692s)
[mlx] fixed post-train (n=8008) acc=0.9401 majority=0.4994 dist={'[CONFIDENT]': 0.4662837162837163, '[COND_CONFIDENT]': 0.06018981018981019, '[TEMPORAL_HEDGE]': 0.47352647352647353, '[UNKNOWN]': 0.0}
[mlx] fixed accuracy lift over majority-class baseline: +0.4407 (discriminating)
[mlx] fixed finished: 6006 steps in 2694.6s
[mlx] saved adapter -> data/prep/tcl_mlx_llama3/sft_only_seed3/adapter_fixed

[mlx] wrote data/prep/tcl_mlx_llama3/sft_only_seed3/loss_log.csv
[mlx] wrote data/prep/tcl_mlx_llama3/sft_only_seed3/run_meta.json
=== train sft_only seed 3 wall 3236s
[gen] 3622 examples | source=temporal-delta:test | arm=sft_only | adapter=data/prep/tcl_mlx_llama3/sft_only_seed3/adapter_fixed
[transformers] Ignoring clean_up_tokenization_spaces=True for BPE tokenizer TokenizersBackend. The clean_up_tokenization post-processing step is designed for WordPiece tokenizers and is destructive for BPE (it strips spaces before punctuation). Set clean_up_tokenization_spaces=False to suppress this warning, or set clean_up_tokenization_spaces_for_bpe_even_though_it_will_corrupt_output=True to force cleanup anyway.
[gen] 100/3622  EM=0.060 hedge_acc=1.000 fallback=0.000 (20s, 0.20s/ex)
[gen] 200/3622  EM=0.030 hedge_acc=0.985 fallback=0.000 (41s, 0.20s/ex)
[gen] 300/3622  EM=0.047 hedge_acc=0.987 fallback=0.003 (63s, 0.21s/ex)
[gen] 400/3622  EM=0.050 hedge_acc=0.990 fallback=0.003 (85s, 0.21s/ex)
[gen] 500/3622  EM=0.044 hedge_acc=0.992 fallback=0.002 (108s, 0.22s/ex)
[gen] 600/3622  EM=0.037 hedge_acc=0.992 fallback=0.002 (132s, 0.22s/ex)
[gen] 700/3622  EM=0.034 hedge_acc=0.991 fallback=0.003 (157s, 0.22s/ex)
[gen] 800/3622  EM=0.031 hedge_acc=0.993 fallback=0.004 (185s, 0.23s/ex)
[gen] 900/3622  EM=0.028 hedge_acc=0.993 fallback=0.003 (213s, 0.24s/ex)
[gen] 1000/3622  EM=0.025 hedge_acc=0.993 fallback=0.004 (243s, 0.24s/ex)
[gen] 1100/3622  EM=0.023 hedge_acc=0.994 fallback=0.004 (270s, 0.25s/ex)
[gen] 1200/3622  EM=0.021 hedge_acc=0.994 fallback=0.003 (297s, 0.25s/ex)
[gen] 1300/3622  EM=0.020 hedge_acc=0.995 fallback=0.003 (322s, 0.25s/ex)
[gen] 1400/3622  EM=0.019 hedge_acc=0.994 fallback=0.003 (344s, 0.25s/ex)
[gen] 1500/3622  EM=0.018 hedge_acc=0.995 fallback=0.003 (371s, 0.25s/ex)
[gen] 1600/3622  EM=0.017 hedge_acc=0.995 fallback=0.003 (397s, 0.25s/ex)
[gen] 1700/3622  EM=0.018 hedge_acc=0.995 fallback=0.002 (419s, 0.25s/ex)
[gen] 1800/3622  EM=0.017 hedge_acc=0.996 fallback=0.002 (440s, 0.24s/ex)
[gen] 1900/3622  EM=0.018 hedge_acc=0.996 fallback=0.002 (461s, 0.24s/ex)
[gen] 2000/3622  EM=0.019 hedge_acc=0.996 fallback=0.002 (483s, 0.24s/ex)
[gen] 2100/3622  EM=0.018 hedge_acc=0.996 fallback=0.002 (504s, 0.24s/ex)
[gen] 2200/3622  EM=0.017 hedge_acc=0.996 fallback=0.002 (526s, 0.24s/ex)
[gen] 2300/3622  EM=0.017 hedge_acc=0.997 fallback=0.002 (547s, 0.24s/ex)
[gen] 2400/3622  EM=0.019 hedge_acc=0.996 fallback=0.002 (568s, 0.24s/ex)
[gen] 2500/3622  EM=0.026 hedge_acc=0.996 fallback=0.002 (589s, 0.24s/ex)
[gen] 2600/3622  EM=0.027 hedge_acc=0.996 fallback=0.002 (610s, 0.23s/ex)
[gen] 2700/3622  EM=0.027 hedge_acc=0.996 fallback=0.001 (631s, 0.23s/ex)
[gen] 2800/3622  EM=0.027 hedge_acc=0.996 fallback=0.001 (653s, 0.23s/ex)
[gen] 2900/3622  EM=0.027 hedge_acc=0.996 fallback=0.001 (674s, 0.23s/ex)
[gen] 3000/3622  EM=0.027 hedge_acc=0.996 fallback=0.001 (697s, 0.23s/ex)
[gen] 3100/3622  EM=0.026 hedge_acc=0.996 fallback=0.001 (722s, 0.23s/ex)
[gen] 3200/3622  EM=0.025 hedge_acc=0.996 fallback=0.001 (748s, 0.23s/ex)
[gen] 3300/3622  EM=0.025 hedge_acc=0.996 fallback=0.001 (769s, 0.23s/ex)
[gen] 3400/3622  EM=0.026 hedge_acc=0.996 fallback=0.001 (786s, 0.23s/ex)
[gen] 3500/3622  EM=0.026 hedge_acc=0.995 fallback=0.001 (805s, 0.23s/ex)
[gen] 3600/3622  EM=0.025 hedge_acc=0.996 fallback=0.001 (826s, 0.23s/ex)

[gen] wrote data/prep/predictions_llama3/sft_only_seed3_test.jsonl
[gen] n=3622  EM=0.0248  hedge_acc=0.9956  fallback_rate=0.0011  wall=830s
=== eval sft_only seed 3 test wall 834s
[gen] 413 examples | source=freshqa | arm=sft_only | adapter=data/prep/tcl_mlx_llama3/sft_only_seed3/adapter_fixed
[transformers] Ignoring clean_up_tokenization_spaces=True for BPE tokenizer TokenizersBackend. The clean_up_tokenization post-processing step is designed for WordPiece tokenizers and is destructive for BPE (it strips spaces before punctuation). Set clean_up_tokenization_spaces=False to suppress this warning, or set clean_up_tokenization_spaces_for_bpe_even_though_it_will_corrupt_output=True to force cleanup anyway.
[gen] 100/413  EM=0.070 hedge_acc=0.010 fallback=0.020 (19s, 0.19s/ex)
[gen] 200/413  EM=0.125 hedge_acc=0.400 fallback=0.010 (37s, 0.18s/ex)
[gen] 300/413  EM=0.090 hedge_acc=0.383 fallback=0.010 (54s, 0.18s/ex)
[gen] 400/413  EM=0.100 hedge_acc=0.347 fallback=0.007 (73s, 0.18s/ex)

[gen] wrote data/prep/predictions_llama3/sft_only_seed3_freshqa.jsonl
[gen] n=413  EM=0.0969  hedge_acc=0.3366  fallback_rate=0.0073  wall=75s
=== eval sft_only seed 3 freshqa wall 80s
=== sft_only seed 3 done 2026-09-29T14:04:27Z
=== committed seed 3 pair 4b3a413 Item 5 LLaMA-3: seed 3 pair (TSCT and plain fine-tuning), trained and evaluated
=== guard 2026-09-29T14:04:27Z pressure_level=1 swap=total = 17408.00M  used = 16289.38M  free = 1118.62M  (encrypted) | System-wide memory free percentage: 87%
=== tsct seed 4 start 2026-09-29T14:04:27Z | System-wide memory free percentage: 87% | total = 17408.00M  used = 16289.38M  free = 1118.62M  (encrypted)
[mlx] loaded 8008 raw examples

[mlx] === condition: fixed ===
[transformers] Ignoring clean_up_tokenization_spaces=True for BPE tokenizer TokenizersBackend. The clean_up_tokenization post-processing step is designed for WordPiece tokenizers and is destructive for BPE (it strips spaces before punctuation). Set clean_up_tokenization_spaces=False to suppress this warning, or set clean_up_tokenization_spaces_for_bpe_even_though_it_will_corrupt_output=True to force cleanup anyway.
[mlx] hedge ids (no resize, mode=reserved): [128002, 128003, 128004, 128005]
[mlx] adapted output projection: lm_head (untied)
Trainable parameters: 0.144% (11.545M/8030.261M)
[mlx] 8008 examples after tokenisation (max_len=128)
[mlx] hedge-head check: logit spread=0.000000 contrast_grad_norm=677.567078
[mlx] fixed pre-train (n=8008) acc=0.4396 majority=0.4993 dist={'[CONFIDENT]': 1.0, '[COND_CONFIDENT]': 0.0, '[TEMPORAL_HEDGE]': 0.0, '[UNKNOWN]': 0.0}
[mlx] fixed step 0 ce=6.0661 total=6.1240 grad=2.146697998046875 conf_frac=1.000 (1s)
[mlx] fixed step 10 ce=2.2340 total=2.2981 grad=11.351162910461426 conf_frac=0.000 (5s)
[mlx] fixed step 20 ce=2.4187 total=2.4792 grad=33.55497360229492 conf_frac=0.000 (9s)
[mlx] fixed step 30 ce=2.1939 total=2.2229 grad=10.913673400878906 conf_frac=0.000 (13s)
[mlx] fixed step 40 ce=2.4525 total=2.5242 grad=0.2327553629875183 conf_frac=1.000 (17s)
[mlx] fixed step 50 ce=3.2458 total=3.2998 grad=5.992758750915527 conf_frac=0.000 (22s)
[mlx] fixed step 60 ce=2.2604 total=2.3141 grad=13.810297966003418 conf_frac=1.000 (25s)
[mlx] fixed step 70 ce=2.0036 total=2.0586 grad=10.297839164733887 conf_frac=1.000 (30s)
[mlx] fixed step 80 ce=1.8393 total=1.8879 grad=8.044909477233887 conf_frac=0.000 (34s)
[mlx] fixed step 90 ce=2.8333 total=2.8873 grad=4.705695629119873 conf_frac=1.000 (38s)
[mlx] fixed step 100 ce=2.6360 total=2.6731 grad=5.2188639640808105 conf_frac=1.000 (42s)
[mlx] fixed step 110 ce=2.2839 total=2.3345 grad=7.855201244354248 conf_frac=0.000 (46s)
[mlx] fixed step 120 ce=2.5091 total=2.5565 grad=4.900871753692627 conf_frac=1.000 (50s)
[mlx] fixed step 130 ce=2.2883 total=2.3325 grad=4.739368915557861 conf_frac=1.000 (54s)
[mlx] fixed step 140 ce=3.0225 total=3.0826 grad=18.945817947387695 conf_frac=1.000 (58s)
[mlx] fixed step 150 ce=1.8818 total=1.9373 grad=12.78012752532959 conf_frac=1.000 (62s)
[mlx] fixed step 160 ce=2.9057 total=2.9636 grad=13.7515869140625 conf_frac=1.000 (67s)
[mlx] fixed step 170 ce=1.7299 total=1.7761 grad=6.099355220794678 conf_frac=1.000 (72s)
[mlx] fixed step 180 ce=2.2549 total=2.3186 grad=22.055479049682617 conf_frac=1.000 (76s)
[mlx] fixed step 190 ce=2.1987 total=2.2497 grad=5.982701778411865 conf_frac=0.500 (80s)
[mlx] fixed step 200 ce=2.2414 total=2.2965 grad=13.565773010253906 conf_frac=1.000 (85s)
[mlx] fixed step 210 ce=2.0057 total=2.0580 grad=7.800288677215576 conf_frac=0.000 (89s)
[mlx] fixed step 220 ce=2.3953 total=2.4389 grad=9.64158821105957 conf_frac=1.000 (94s)
[mlx] fixed step 230 ce=2.6580 total=2.7034 grad=11.494487762451172 conf_frac=0.000 (98s)
[mlx] fixed step 240 ce=2.6336 total=2.6910 grad=1.2997446060180664 conf_frac=1.000 (102s)
[mlx] fixed step 250 ce=2.5067 total=2.5649 grad=13.940933227539062 conf_frac=0.750 (106s)
[mlx] fixed step 260 ce=1.9550 total=1.9867 grad=1.4845236539840698 conf_frac=0.250 (110s)
[mlx] fixed step 270 ce=1.6804 total=1.7300 grad=10.340473175048828 conf_frac=0.750 (115s)
[mlx] fixed step 280 ce=2.4355 total=2.4619 grad=2.299917221069336 conf_frac=0.250 (119s)
[mlx] fixed step 290 ce=2.4503 total=2.4836 grad=2.1671204566955566 conf_frac=0.500 (123s)
[mlx] fixed step 300 ce=2.0799 total=2.1138 grad=3.1183502674102783 conf_frac=0.250 (128s)
[mlx] fixed step 310 ce=2.1674 total=2.2097 grad=11.043570518493652 conf_frac=0.500 (132s)
[mlx] fixed step 320 ce=1.8745 total=1.9181 grad=3.6282167434692383 conf_frac=0.750 (136s)
[mlx] fixed step 330 ce=3.2444 total=3.2647 grad=3.720341205596924 conf_frac=0.500 (141s)
[mlx] fixed step 340 ce=1.2441 total=1.3328 grad=4.945480823516846 conf_frac=1.000 (145s)
[mlx] fixed step 350 ce=2.4620 total=2.4916 grad=5.560875415802002 conf_frac=0.250 (150s)
[mlx] fixed step 360 ce=2.0379 total=2.0686 grad=2.8041064739227295 conf_frac=0.500 (154s)
[mlx] fixed step 370 ce=1.3595 total=1.3894 grad=2.7605838775634766 conf_frac=0.500 (158s)
[mlx] fixed step 380 ce=3.0383 total=3.0586 grad=4.9236602783203125 conf_frac=0.500 (162s)
[mlx] fixed step 390 ce=2.2947 total=2.3620 grad=9.811732292175293 conf_frac=0.750 (167s)
[mlx] fixed step 400 ce=2.6841 total=2.7225 grad=3.659837484359741 conf_frac=0.500 (171s)
[mlx] fixed step 410 ce=1.3885 total=1.4142 grad=3.2025768756866455 conf_frac=0.250 (175s)
[mlx] fixed step 420 ce=3.1086 total=3.1308 grad=4.455933094024658 conf_frac=0.500 (179s)
[mlx] fixed step 430 ce=1.6969 total=1.7441 grad=2.7961912155151367 conf_frac=0.750 (183s)
[mlx] fixed step 440 ce=1.9821 total=2.0184 grad=9.975972175598145 conf_frac=0.500 (187s)
[mlx] fixed step 450 ce=1.9481 total=1.9717 grad=5.548379421234131 conf_frac=0.500 (191s)
[mlx] fixed step 460 ce=1.7396 total=1.7736 grad=10.52935791015625 conf_frac=0.750 (195s)
[mlx] fixed step 470 ce=1.5867 total=1.6117 grad=7.410784721374512 conf_frac=0.500 (200s)
[mlx] fixed step 480 ce=1.4726 total=1.5244 grad=7.754315376281738 conf_frac=0.750 (204s)
[mlx] fixed step 490 ce=2.4872 total=2.5346 grad=4.49386739730835 conf_frac=0.250 (208s)
[mlx] fixed step 500 ce=1.9687 total=2.0008 grad=2.260436534881592 conf_frac=0.500 (213s)
[mlx] fixed step 510 ce=3.0951 total=3.1170 grad=5.234704494476318 conf_frac=0.500 (217s)
[mlx] fixed step 520 ce=2.6770 total=2.7247 grad=3.529398202896118 conf_frac=0.250 (221s)
[mlx] fixed step 530 ce=2.3919 total=2.4651 grad=15.047407150268555 conf_frac=1.000 (225s)
[mlx] fixed step 540 ce=1.6767 total=1.7055 grad=7.8802900314331055 conf_frac=0.500 (230s)
[mlx] fixed step 550 ce=1.9840 total=2.0234 grad=9.966464042663574 conf_frac=0.750 (235s)
[mlx] fixed step 560 ce=1.9067 total=1.9284 grad=5.966017246246338 conf_frac=0.500 (239s)
[mlx] fixed step 570 ce=1.8775 total=1.9146 grad=2.995042085647583 conf_frac=0.250 (243s)
[mlx] fixed step 580 ce=2.4195 total=2.4358 grad=6.096449375152588 conf_frac=0.500 (248s)
[mlx] fixed step 590 ce=1.2363 total=1.2490 grad=3.294492244720459 conf_frac=0.500 (253s)
[mlx] fixed step 600 ce=1.9078 total=2.0296 grad=1.7481547594070435 conf_frac=0.000 (257s)
[mlx] fixed step 610 ce=1.8553 total=1.8757 grad=1.5713690519332886 conf_frac=0.250 (262s)
[mlx] fixed step 620 ce=1.4766 total=1.5969 grad=8.128792762756348 conf_frac=1.000 (266s)
[mlx] fixed step 630 ce=2.3417 total=2.3637 grad=1.7308462858200073 conf_frac=0.500 (271s)
[mlx] fixed step 640 ce=1.0143 total=1.1170 grad=3.5915374755859375 conf_frac=1.000 (275s)
[mlx] fixed step 650 ce=1.9430 total=1.9924 grad=3.745854377746582 conf_frac=0.250 (279s)
[mlx] fixed step 660 ce=1.4858 total=1.5074 grad=2.214264154434204 conf_frac=0.250 (284s)
[mlx] fixed step 670 ce=1.8100 total=1.8330 grad=3.849241018295288 conf_frac=0.500 (289s)
[mlx] fixed step 680 ce=2.8083 total=2.8248 grad=2.2850334644317627 conf_frac=0.500 (293s)
[mlx] fixed step 690 ce=1.4644 total=1.5040 grad=3.127711057662964 conf_frac=0.250 (297s)
[mlx] fixed step 700 ce=1.9418 total=1.9777 grad=8.831157684326172 conf_frac=0.750 (301s)
[mlx] fixed step 710 ce=1.5559 total=1.5707 grad=4.012059211730957 conf_frac=0.500 (306s)
[mlx] fixed step 720 ce=1.2963 total=1.3510 grad=7.78021764755249 conf_frac=0.750 (311s)
[mlx] fixed step 730 ce=1.7588 total=1.7779 grad=3.60528564453125 conf_frac=0.500 (315s)
[mlx] fixed step 740 ce=2.1107 total=2.1296 grad=5.025636196136475 conf_frac=0.500 (319s)
[mlx] fixed step 750 ce=2.0591 total=2.0834 grad=2.2134792804718018 conf_frac=0.250 (324s)
[mlx] fixed step 760 ce=2.6521 total=2.6775 grad=2.083252191543579 conf_frac=0.250 (328s)
[mlx] fixed step 770 ce=0.5287 total=0.5624 grad=8.89902114868164 conf_frac=0.500 (332s)
[mlx] fixed step 780 ce=1.4934 total=1.5560 grad=7.29631233215332 conf_frac=0.750 (337s)
[mlx] fixed step 790 ce=1.6922 total=1.7101 grad=5.2800984382629395 conf_frac=0.500 (341s)
[mlx] fixed step 800 ce=1.7361 total=1.7505 grad=3.4374964237213135 conf_frac=0.500 (345s)
[mlx] fixed step 810 ce=1.8757 total=2.0095 grad=2.0509917736053467 conf_frac=0.000 (350s)
[mlx] fixed step 820 ce=1.3355 total=1.3849 grad=0.3830888867378235 conf_frac=0.750 (355s)
[mlx] fixed step 830 ce=1.7252 total=1.8088 grad=13.346314430236816 conf_frac=1.000 (359s)
[mlx] fixed step 840 ce=2.4586 total=2.4975 grad=10.164782524108887 conf_frac=0.750 (363s)
[mlx] fixed step 850 ce=1.7859 total=1.8275 grad=0.9402197003364563 conf_frac=0.750 (367s)
[mlx] fixed step 860 ce=1.2806 total=1.3384 grad=7.471425533294678 conf_frac=1.000 (371s)
[mlx] fixed step 870 ce=2.8585 total=2.8966 grad=11.015769958496094 conf_frac=0.750 (376s)
[mlx] fixed step 880 ce=1.6392 total=1.6763 grad=1.280694603919983 conf_frac=0.250 (381s)
[mlx] fixed step 890 ce=1.4350 total=1.4581 grad=5.524600982666016 conf_frac=0.500 (385s)
[mlx] fixed step 900 ce=1.9008 total=1.9384 grad=12.860186576843262 conf_frac=0.500 (389s)
[mlx] fixed step 910 ce=1.7464 total=1.7802 grad=2.6030540466308594 conf_frac=0.250 (394s)
[mlx] fixed step 920 ce=1.8556 total=1.9045 grad=5.613394260406494 conf_frac=0.750 (399s)
[mlx] fixed step 930 ce=1.4277 total=1.5158 grad=4.343719959259033 conf_frac=1.000 (403s)
[mlx] fixed step 940 ce=2.3814 total=2.4370 grad=3.896111249923706 conf_frac=0.250 (407s)
[mlx] fixed step 950 ce=1.5522 total=1.5947 grad=3.4752326011657715 conf_frac=0.750 (412s)
[mlx] fixed step 960 ce=1.4719 total=1.5084 grad=5.956376552581787 conf_frac=0.250 (416s)
[mlx] fixed step 970 ce=1.1945 total=1.2326 grad=1.7318849563598633 conf_frac=0.750 (421s)
[mlx] fixed step 980 ce=2.1042 total=2.1226 grad=5.340574741363525 conf_frac=0.500 (425s)
[mlx] fixed step 990 ce=2.9482 total=2.9701 grad=4.5477447509765625 conf_frac=0.500 (430s)
[mlx] fixed step 1000 ce=1.7180 total=1.7416 grad=6.286104679107666 conf_frac=0.500 (434s)
[mlx] fixed step 1010 ce=1.2528 total=1.2727 grad=3.7171289920806885 conf_frac=0.500 (439s)
[mlx] fixed step 1020 ce=1.9843 total=2.0049 grad=6.6060791015625 conf_frac=0.500 (443s)
[mlx] fixed step 1030 ce=1.4258 total=1.5253 grad=3.803060293197632 conf_frac=1.000 (447s)
[mlx] fixed step 1040 ce=0.6711 total=0.7050 grad=11.111579895019531 conf_frac=0.750 (452s)
[mlx] fixed step 1050 ce=1.2320 total=1.2537 grad=3.8797309398651123 conf_frac=0.500 (456s)
[mlx] fixed step 1060 ce=2.9436 total=2.9651 grad=4.400781631469727 conf_frac=0.500 (461s)
[mlx] fixed step 1070 ce=1.8801 total=1.9174 grad=8.070773124694824 conf_frac=0.750 (465s)
[mlx] fixed step 1080 ce=1.5106 total=1.5354 grad=8.256285667419434 conf_frac=0.500 (470s)
[mlx] fixed step 1090 ce=2.0005 total=2.0450 grad=6.9673171043396 conf_frac=0.750 (474s)
[mlx] fixed step 1100 ce=1.9969 total=2.0259 grad=2.0917327404022217 conf_frac=0.250 (479s)
[mlx] fixed step 1110 ce=2.4440 total=2.4634 grad=5.174098491668701 conf_frac=0.500 (483s)
[mlx] fixed step 1120 ce=1.9203 total=1.9487 grad=3.1990365982055664 conf_frac=0.500 (488s)
[mlx] fixed step 1130 ce=2.0215 total=2.0429 grad=3.7348358631134033 conf_frac=0.500 (493s)
[mlx] fixed step 1140 ce=1.2760 total=1.3907 grad=3.6487135887145996 conf_frac=0.000 (497s)
[mlx] fixed step 1150 ce=2.0905 total=2.1145 grad=5.221944808959961 conf_frac=0.500 (501s)
[mlx] fixed step 1160 ce=1.1041 total=1.1285 grad=5.075608730316162 conf_frac=0.500 (505s)
[mlx] fixed step 1170 ce=2.4052 total=2.5147 grad=9.386869430541992 conf_frac=1.000 (509s)
[mlx] fixed step 1180 ce=2.3250 total=2.3465 grad=5.469176769256592 conf_frac=0.500 (514s)
[mlx] fixed step 1190 ce=2.2001 total=2.2496 grad=5.347199440002441 conf_frac=0.750 (518s)
[mlx] fixed step 1200 ce=2.6857 total=2.7239 grad=8.235170364379883 conf_frac=0.750 (523s)
[mlx] fixed step 1210 ce=1.3413 total=1.3535 grad=2.301729679107666 conf_frac=0.500 (527s)
[mlx] fixed step 1220 ce=2.0169 total=2.0380 grad=5.457942008972168 conf_frac=0.500 (532s)
[mlx] fixed step 1230 ce=1.6394 total=1.6682 grad=4.769061088562012 conf_frac=0.500 (536s)
[mlx] fixed step 1240 ce=1.1148 total=1.1990 grad=10.94208812713623 conf_frac=1.000 (540s)
[mlx] fixed step 1250 ce=1.3490 total=1.4478 grad=9.694852828979492 conf_frac=1.000 (545s)
[mlx] fixed step 1260 ce=2.7456 total=2.7943 grad=6.07987117767334 conf_frac=0.750 (550s)
[mlx] fixed step 1270 ce=1.5825 total=1.6265 grad=6.993612289428711 conf_frac=0.250 (554s)
[mlx] fixed step 1280 ce=1.7543 total=1.7867 grad=2.3046669960021973 conf_frac=0.750 (559s)
[mlx] fixed step 1290 ce=2.1801 total=2.2073 grad=4.067042827606201 conf_frac=0.500 (564s)
[mlx] fixed step 1300 ce=2.3965 total=2.4240 grad=2.7234067916870117 conf_frac=0.250 (568s)
[mlx] fixed step 1310 ce=2.2881 total=2.3284 grad=8.276369094848633 conf_frac=0.500 (573s)
[mlx] fixed step 1320 ce=2.5057 total=2.5339 grad=6.1447601318359375 conf_frac=0.500 (577s)
[mlx] fixed step 1330 ce=1.5514 total=1.5751 grad=5.673642635345459 conf_frac=0.500 (581s)
[mlx] fixed step 1340 ce=2.0526 total=2.1381 grad=2.1635308265686035 conf_frac=0.000 (586s)
[mlx] fixed step 1350 ce=1.2562 total=1.2940 grad=9.631399154663086 conf_frac=0.750 (590s)
[mlx] fixed step 1360 ce=2.8335 total=2.8809 grad=4.7414937019348145 conf_frac=0.750 (595s)
[mlx] fixed step 1370 ce=1.7586 total=1.7856 grad=1.7977033853530884 conf_frac=0.250 (599s)
[mlx] fixed step 1380 ce=1.4990 total=1.5262 grad=3.2170379161834717 conf_frac=0.500 (604s)
[mlx] fixed step 1390 ce=2.0124 total=2.0676 grad=6.125377655029297 conf_frac=0.750 (609s)
[mlx] fixed step 1400 ce=0.8766 total=0.9006 grad=4.99683952331543 conf_frac=0.500 (613s)
[mlx] fixed step 1410 ce=1.3488 total=1.3717 grad=3.6259500980377197 conf_frac=0.500 (618s)
[mlx] fixed step 1420 ce=1.2019 total=1.2283 grad=3.8578662872314453 conf_frac=0.250 (622s)
[mlx] fixed step 1430 ce=1.5184 total=1.5418 grad=5.9487152099609375 conf_frac=0.500 (627s)
[mlx] fixed step 1440 ce=2.0149 total=2.0351 grad=3.583385467529297 conf_frac=0.500 (631s)
[mlx] fixed step 1450 ce=1.6076 total=1.6362 grad=6.295115947723389 conf_frac=0.500 (635s)
[mlx] fixed step 1460 ce=1.0718 total=1.1114 grad=8.504732131958008 conf_frac=0.750 (639s)
[mlx] fixed step 1470 ce=1.5016 total=1.6348 grad=8.826766967773438 conf_frac=1.000 (644s)
[mlx] fixed step 1480 ce=2.2398 total=2.2599 grad=4.434286117553711 conf_frac=0.500 (648s)
[mlx] fixed step 1490 ce=1.0689 total=1.0897 grad=5.791043758392334 conf_frac=0.500 (653s)
[mlx] fixed step 1500 ce=2.5353 total=2.5801 grad=3.4424917697906494 conf_frac=0.250 (657s)
[mlx] fixed step 1510 ce=1.1076 total=1.1358 grad=4.501931667327881 conf_frac=0.250 (662s)
[mlx] fixed step 1520 ce=1.5984 total=1.6251 grad=4.5601630210876465 conf_frac=0.500 (667s)
[mlx] fixed step 1530 ce=1.2562 total=1.3468 grad=1.5368090867996216 conf_frac=0.750 (672s)
[mlx] fixed step 1540 ce=1.8769 total=1.9344 grad=0.6489508152008057 conf_frac=0.750 (676s)
[mlx] fixed step 1550 ce=0.8788 total=0.9086 grad=6.161432266235352 conf_frac=0.500 (681s)
[mlx] fixed step 1560 ce=1.4759 total=1.5073 grad=2.465576171875 conf_frac=0.250 (685s)
[mlx] fixed step 1570 ce=1.3222 total=1.3551 grad=4.31666374206543 conf_frac=0.500 (690s)
[mlx] fixed step 1580 ce=0.9242 total=1.0375 grad=10.76296329498291 conf_frac=1.000 (694s)
[mlx] fixed step 1590 ce=0.9074 total=0.9799 grad=1.7005923986434937 conf_frac=0.750 (699s)
[mlx] fixed step 1600 ce=1.9015 total=1.9327 grad=1.4225997924804688 conf_frac=0.500 (703s)
[mlx] fixed step 1610 ce=2.9369 total=2.9657 grad=3.4848759174346924 conf_frac=0.250 (708s)
[mlx] fixed step 1620 ce=1.7576 total=1.7783 grad=4.34193229675293 conf_frac=0.250 (713s)
[mlx] fixed step 1630 ce=1.4239 total=1.4767 grad=4.8190598487854 conf_frac=0.750 (718s)
[mlx] fixed step 1640 ce=1.6234 total=1.6665 grad=7.062310218811035 conf_frac=0.750 (722s)
[mlx] fixed step 1650 ce=2.4973 total=2.5233 grad=1.2301214933395386 conf_frac=0.250 (727s)
[mlx] fixed step 1660 ce=1.5364 total=1.6111 grad=1.5172919034957886 conf_frac=0.000 (731s)
[mlx] fixed step 1670 ce=1.9135 total=1.9434 grad=4.502961158752441 conf_frac=0.250 (735s)
[mlx] fixed step 1680 ce=1.5773 total=1.6175 grad=2.9750821590423584 conf_frac=0.500 (740s)
[mlx] fixed step 1690 ce=1.6423 total=1.6903 grad=2.4053032398223877 conf_frac=0.500 (744s)
[mlx] fixed step 1700 ce=1.7341 total=1.8744 grad=0.9401611089706421 conf_frac=1.000 (749s)
[mlx] fixed step 1710 ce=2.1982 total=2.2214 grad=6.366183757781982 conf_frac=0.500 (753s)
[mlx] fixed step 1720 ce=2.0294 total=2.1491 grad=2.6251583099365234 conf_frac=1.000 (758s)
[mlx] fixed step 1730 ce=1.9354 total=2.0055 grad=15.009077072143555 conf_frac=1.000 (762s)
[mlx] fixed step 1740 ce=1.8214 total=1.8748 grad=7.751071929931641 conf_frac=0.750 (767s)
[mlx] fixed step 1750 ce=2.1514 total=2.2207 grad=5.459855556488037 conf_frac=0.750 (771s)
[mlx] fixed step 1760 ce=2.0125 total=2.0433 grad=7.525650978088379 conf_frac=0.500 (776s)
[mlx] fixed step 1770 ce=1.3776 total=1.4131 grad=1.4915950298309326 conf_frac=0.500 (780s)
[mlx] fixed step 1780 ce=2.4559 total=2.4866 grad=4.378020286560059 conf_frac=0.250 (784s)
[mlx] fixed step 1790 ce=1.4474 total=1.4908 grad=8.91412353515625 conf_frac=0.750 (788s)
[mlx] fixed step 1800 ce=1.8934 total=1.9362 grad=9.399303436279297 conf_frac=0.750 (793s)
[mlx] fixed step 1810 ce=1.4864 total=1.5141 grad=3.7889533042907715 conf_frac=0.250 (797s)
[mlx] fixed step 1820 ce=1.2097 total=1.2679 grad=5.931546211242676 conf_frac=0.750 (802s)
[mlx] fixed step 1830 ce=1.9858 total=2.0425 grad=6.715754508972168 conf_frac=0.750 (806s)
[mlx] fixed step 1840 ce=1.6844 total=1.7233 grad=1.9141417741775513 conf_frac=0.500 (811s)
[mlx] fixed step 1850 ce=1.6285 total=1.6558 grad=4.0733561515808105 conf_frac=0.500 (815s)
[mlx] fixed step 1860 ce=1.6796 total=1.7039 grad=3.510667085647583 conf_frac=0.250 (820s)
[mlx] fixed step 1870 ce=1.5734 total=1.5984 grad=4.775240421295166 conf_frac=0.500 (824s)
[mlx] fixed step 1880 ce=1.3035 total=1.3533 grad=11.902249336242676 conf_frac=0.750 (829s)
[mlx] fixed step 1890 ce=2.4435 total=2.4956 grad=6.413561820983887 conf_frac=0.750 (834s)
[mlx] fixed step 1900 ce=1.8876 total=1.9029 grad=2.995563507080078 conf_frac=0.250 (838s)
[mlx] fixed step 1910 ce=2.5556 total=2.6009 grad=7.7224555015563965 conf_frac=0.750 (843s)
[mlx] fixed step 1920 ce=1.7617 total=1.8294 grad=1.8577765226364136 conf_frac=0.000 (848s)
[mlx] fixed step 1930 ce=2.1751 total=2.2084 grad=1.7761263847351074 conf_frac=0.250 (852s)
[mlx] fixed step 1940 ce=0.8581 total=0.9780 grad=7.979951858520508 conf_frac=1.000 (857s)
[mlx] fixed step 1950 ce=1.8618 total=1.8884 grad=4.509768486022949 conf_frac=0.500 (861s)
[mlx] fixed step 1960 ce=2.3718 total=2.4787 grad=3.00293231010437 conf_frac=0.500 (865s)
[mlx] fixed step 1970 ce=1.0104 total=1.0745 grad=4.995903015136719 conf_frac=0.750 (869s)
[mlx] fixed step 1980 ce=1.1798 total=1.2016 grad=4.412532806396484 conf_frac=0.500 (874s)
[mlx] fixed step 1990 ce=1.1374 total=1.2463 grad=1.0246180295944214 conf_frac=0.000 (879s)
[mlx] fixed step 2000 ce=2.1215 total=2.1465 grad=5.1754231452941895 conf_frac=0.500 (883s)
[mlx] fixed step 2010 ce=0.7541 total=0.7794 grad=4.752137184143066 conf_frac=0.500 (888s)
[mlx] fixed step 2020 ce=0.3028 total=0.3571 grad=6.725539684295654 conf_frac=0.750 (892s)
[mlx] fixed step 2030 ce=0.9066 total=0.9382 grad=1.4188774824142456 conf_frac=0.250 (897s)
[mlx] fixed step 2040 ce=0.5809 total=0.5983 grad=1.2547661066055298 conf_frac=0.250 (902s)
[mlx] fixed step 2050 ce=1.0415 total=1.0924 grad=5.337368965148926 conf_frac=0.750 (907s)
[mlx] fixed step 2060 ce=0.3750 total=0.4104 grad=6.8568315505981445 conf_frac=0.500 (911s)
[mlx] fixed step 2070 ce=0.9767 total=1.0023 grad=2.541637420654297 conf_frac=0.500 (916s)
[mlx] fixed step 2080 ce=0.9128 total=0.9462 grad=2.5447514057159424 conf_frac=0.500 (920s)
[mlx] fixed step 2090 ce=1.2419 total=1.3004 grad=4.358046054840088 conf_frac=0.250 (924s)
[mlx] fixed step 2100 ce=0.7113 total=0.7552 grad=9.735190391540527 conf_frac=0.750 (929s)
[mlx] fixed step 2110 ce=0.3895 total=0.4044 grad=1.4572874307632446 conf_frac=0.250 (933s)
[mlx] fixed step 2120 ce=0.5744 total=0.6109 grad=3.370993137359619 conf_frac=0.500 (937s)
[mlx] fixed step 2130 ce=0.4532 total=0.5453 grad=0.7309679388999939 conf_frac=0.000 (942s)
[mlx] fixed step 2140 ce=0.4387 total=0.4819 grad=6.431572914123535 conf_frac=0.750 (946s)
[mlx] fixed step 2150 ce=1.1080 total=1.1738 grad=1.0632209777832031 conf_frac=0.000 (951s)
[mlx] fixed step 2160 ce=0.7130 total=0.7720 grad=10.277186393737793 conf_frac=0.750 (955s)
[mlx] fixed step 2170 ce=0.9334 total=0.9908 grad=3.874690294265747 conf_frac=0.250 (960s)
[mlx] fixed step 2180 ce=1.1157 total=1.1411 grad=1.827391505241394 conf_frac=0.500 (964s)
[mlx] fixed step 2190 ce=0.4925 total=0.5283 grad=2.183030605316162 conf_frac=0.250 (969s)
[mlx] fixed step 2200 ce=0.9051 total=0.9673 grad=8.494311332702637 conf_frac=0.750 (974s)
[mlx] fixed step 2210 ce=0.5815 total=0.6206 grad=6.218793869018555 conf_frac=0.500 (978s)
[mlx] fixed step 2220 ce=0.5630 total=0.5928 grad=3.1627142429351807 conf_frac=0.500 (983s)
[mlx] fixed step 2230 ce=0.5458 total=0.5743 grad=3.4977989196777344 conf_frac=0.500 (987s)
[mlx] fixed step 2240 ce=0.2835 total=0.3560 grad=0.730800986289978 conf_frac=0.000 (991s)
[mlx] fixed step 2250 ce=1.3309 total=1.3654 grad=1.4431440830230713 conf_frac=0.250 (996s)
[mlx] fixed step 2260 ce=0.8100 total=0.8336 grad=3.6475212574005127 conf_frac=0.500 (1001s)
[mlx] fixed step 2270 ce=1.0454 total=1.0743 grad=6.049172878265381 conf_frac=0.500 (1005s)
[mlx] fixed step 2280 ce=1.7128 total=1.7452 grad=1.7261922359466553 conf_frac=0.250 (1010s)
[mlx] fixed step 2290 ce=0.5490 total=0.5733 grad=2.6793434619903564 conf_frac=0.500 (1015s)
[mlx] fixed step 2300 ce=0.8382 total=0.8635 grad=3.627641201019287 conf_frac=0.500 (1019s)
[mlx] fixed step 2310 ce=1.3410 total=1.3704 grad=5.920068264007568 conf_frac=0.500 (1023s)
[mlx] fixed step 2320 ce=0.7440 total=0.7674 grad=5.90242862701416 conf_frac=0.500 (1028s)
[mlx] fixed step 2330 ce=0.9845 total=1.0274 grad=1.8086694478988647 conf_frac=0.500 (1033s)
[mlx] fixed step 2340 ce=0.9520 total=0.9656 grad=2.739577054977417 conf_frac=0.250 (1037s)
[mlx] fixed step 2350 ce=0.9772 total=1.1034 grad=0.95048987865448 conf_frac=0.000 (1041s)
[mlx] fixed step 2360 ce=0.5944 total=0.6148 grad=5.839932441711426 conf_frac=0.500 (1046s)
[mlx] fixed step 2370 ce=0.9077 total=0.9517 grad=9.786431312561035 conf_frac=0.750 (1051s)
[mlx] fixed step 2380 ce=0.8063 total=0.8382 grad=4.380323886871338 conf_frac=0.500 (1055s)
[mlx] fixed step 2390 ce=0.9151 total=0.9297 grad=3.4729368686676025 conf_frac=0.500 (1059s)
[mlx] fixed step 2400 ce=1.0893 total=1.1305 grad=8.057669639587402 conf_frac=0.750 (1064s)
[mlx] fixed step 2410 ce=1.0563 total=1.0783 grad=5.855660438537598 conf_frac=0.500 (1068s)
[mlx] fixed step 2420 ce=0.5935 total=0.6261 grad=2.482991933822632 conf_frac=0.500 (1073s)
[mlx] fixed step 2430 ce=1.2369 total=1.2593 grad=3.391587972640991 conf_frac=0.500 (1077s)
[mlx] fixed step 2440 ce=0.9410 total=0.9783 grad=2.4129819869995117 conf_frac=0.250 (1082s)
[mlx] fixed step 2450 ce=0.4833 total=0.5002 grad=3.4893205165863037 conf_frac=0.250 (1087s)
[mlx] fixed step 2460 ce=0.9378 total=1.0476 grad=2.7650413513183594 conf_frac=1.000 (1091s)
[mlx] fixed step 2470 ce=1.6724 total=1.7534 grad=2.7529351711273193 conf_frac=0.750 (1095s)
[mlx] fixed step 2480 ce=1.0632 total=1.0939 grad=6.765700817108154 conf_frac=0.500 (1100s)
[mlx] fixed step 2490 ce=0.4327 total=0.5469 grad=1.701393961906433 conf_frac=0.000 (1104s)
[mlx] fixed step 2500 ce=1.1733 total=1.2014 grad=3.6418495178222656 conf_frac=0.500 (1109s)
[mlx] fixed step 2510 ce=1.1636 total=1.2066 grad=2.5065369606018066 conf_frac=0.500 (1113s)
[mlx] fixed step 2520 ce=0.1820 total=0.2237 grad=9.439460754394531 conf_frac=0.750 (1118s)
[mlx] fixed step 2530 ce=1.1375 total=1.1685 grad=6.353912353515625 conf_frac=0.500 (1122s)
[mlx] fixed step 2540 ce=0.6068 total=0.6540 grad=8.445055961608887 conf_frac=0.750 (1127s)
[mlx] fixed step 2550 ce=0.6943 total=0.7152 grad=1.220485806465149 conf_frac=0.250 (1131s)
[mlx] fixed step 2560 ce=0.9377 total=0.9828 grad=1.7095521688461304 conf_frac=0.250 (1135s)
[mlx] fixed step 2570 ce=0.8929 total=0.9207 grad=3.3857195377349854 conf_frac=0.500 (1139s)
[mlx] fixed step 2580 ce=0.6561 total=0.6889 grad=2.285257577896118 conf_frac=0.500 (1144s)
[mlx] fixed step 2590 ce=1.5223 total=1.5461 grad=4.6639909744262695 conf_frac=0.250 (1148s)
[mlx] fixed step 2600 ce=1.2592 total=1.2995 grad=6.904837131500244 conf_frac=0.500 (1153s)
[mlx] fixed step 2610 ce=0.9898 total=1.0804 grad=10.296767234802246 conf_frac=1.000 (1158s)
[mlx] fixed step 2620 ce=1.3626 total=1.4032 grad=0.9533703327178955 conf_frac=0.000 (1162s)
[mlx] fixed step 2630 ce=0.9054 total=0.9350 grad=4.389021873474121 conf_frac=0.500 (1167s)
[mlx] fixed step 2640 ce=0.8917 total=0.9243 grad=2.161864757537842 conf_frac=0.500 (1171s)
[mlx] fixed step 2650 ce=0.8222 total=0.8869 grad=0.7050384283065796 conf_frac=0.750 (1175s)
[mlx] fixed step 2660 ce=0.9518 total=0.9829 grad=0.6459899544715881 conf_frac=0.500 (1180s)
[mlx] fixed step 2670 ce=1.1596 total=1.2078 grad=5.184628963470459 conf_frac=0.750 (1184s)
[mlx] fixed step 2680 ce=0.4984 total=0.5216 grad=7.4256110191345215 conf_frac=0.500 (1189s)
[mlx] fixed step 2690 ce=1.0552 total=1.1121 grad=8.263320922851562 conf_frac=0.750 (1194s)
[mlx] fixed step 2700 ce=0.5432 total=0.6056 grad=0.40481194853782654 conf_frac=0.750 (1198s)
[mlx] fixed step 2710 ce=0.5506 total=0.5746 grad=1.873213529586792 conf_frac=0.500 (1202s)
[mlx] fixed step 2720 ce=0.9900 total=1.0349 grad=10.395045280456543 conf_frac=0.750 (1207s)
[mlx] fixed step 2730 ce=0.4523 total=0.5233 grad=7.086414813995361 conf_frac=0.750 (1211s)
[mlx] fixed step 2740 ce=0.8959 total=0.9500 grad=6.898767471313477 conf_frac=0.750 (1216s)
[mlx] fixed step 2750 ce=0.8563 total=0.8956 grad=3.3002336025238037 conf_frac=0.250 (1221s)
[mlx] fixed step 2760 ce=1.1691 total=1.2023 grad=5.788543701171875 conf_frac=0.500 (1225s)
[mlx] fixed step 2770 ce=0.9648 total=0.9881 grad=4.941248416900635 conf_frac=0.500 (1230s)
[mlx] fixed step 2780 ce=0.7056 total=0.7376 grad=3.1848764419555664 conf_frac=0.500 (1234s)
[mlx] fixed step 2790 ce=0.8357 total=0.9068 grad=4.587135314941406 conf_frac=0.750 (1239s)
[mlx] fixed step 2800 ce=0.5775 total=0.6012 grad=4.467905521392822 conf_frac=0.500 (1243s)
[mlx] fixed step 2810 ce=0.8975 total=0.9414 grad=8.842984199523926 conf_frac=0.750 (1247s)
[mlx] fixed step 2820 ce=0.8805 total=0.9244 grad=7.104520797729492 conf_frac=0.750 (1252s)
[mlx] fixed step 2830 ce=0.7508 total=0.7958 grad=3.728705644607544 conf_frac=0.750 (1257s)
[mlx] fixed step 2840 ce=0.6283 total=0.6851 grad=10.716684341430664 conf_frac=0.750 (1261s)
[mlx] fixed step 2850 ce=0.8053 total=0.8322 grad=1.218151330947876 conf_frac=0.500 (1266s)
[mlx] fixed step 2860 ce=1.2199 total=1.2634 grad=7.815995216369629 conf_frac=0.500 (1271s)
[mlx] fixed step 2870 ce=1.2987 total=1.3294 grad=5.554840087890625 conf_frac=0.500 (1275s)
[mlx] fixed step 2880 ce=0.6478 total=0.6907 grad=8.095686912536621 conf_frac=0.750 (1280s)
[mlx] fixed step 2890 ce=1.2637 total=1.2838 grad=2.831268072128296 conf_frac=0.500 (1284s)
[mlx] fixed step 2900 ce=0.7192 total=0.8149 grad=0.9222792983055115 conf_frac=0.000 (1288s)
[mlx] fixed step 2910 ce=1.3244 total=1.4718 grad=5.273614883422852 conf_frac=1.000 (1292s)
[mlx] fixed step 2920 ce=0.8133 total=0.8487 grad=9.025113105773926 conf_frac=0.750 (1296s)
[mlx] fixed step 2930 ce=0.6608 total=0.7477 grad=5.209595680236816 conf_frac=1.000 (1300s)
[mlx] fixed step 2940 ce=1.4622 total=1.5003 grad=6.949409008026123 conf_frac=0.500 (1305s)
[mlx] fixed step 2950 ce=0.8148 total=0.8333 grad=2.0681278705596924 conf_frac=0.500 (1309s)
[mlx] fixed step 2960 ce=0.7166 total=0.7567 grad=1.351265549659729 conf_frac=0.250 (1314s)
[mlx] fixed step 2970 ce=0.9648 total=1.1262 grad=5.368349552154541 conf_frac=1.000 (1319s)
[mlx] fixed step 2980 ce=0.5507 total=0.5677 grad=4.17966365814209 conf_frac=0.500 (1323s)
[mlx] fixed step 2990 ce=0.3534 total=0.3902 grad=4.999229907989502 conf_frac=0.500 (1328s)
[mlx] fixed step 3000 ce=1.0649 total=1.0876 grad=4.807126045227051 conf_frac=0.500 (1332s)
[mlx] fixed step 3010 ce=0.7090 total=0.7344 grad=4.621573448181152 conf_frac=0.500 (1336s)
[mlx] fixed step 3020 ce=0.8707 total=0.9242 grad=3.5602240562438965 conf_frac=0.250 (1341s)
[mlx] fixed step 3030 ce=0.8674 total=0.8978 grad=4.547093868255615 conf_frac=0.250 (1345s)
[mlx] fixed step 3040 ce=1.1648 total=1.1911 grad=4.206796646118164 conf_frac=0.500 (1349s)
[mlx] fixed step 3050 ce=1.0949 total=1.1097 grad=2.1104512214660645 conf_frac=0.250 (1353s)
[mlx] fixed step 3060 ce=1.5209 total=1.5641 grad=4.372064113616943 conf_frac=0.250 (1357s)
[mlx] fixed step 3070 ce=1.2211 total=1.2715 grad=3.610179901123047 conf_frac=0.250 (1362s)
[mlx] fixed step 3080 ce=0.9027 total=0.9493 grad=9.22294807434082 conf_frac=0.750 (1366s)
[mlx] fixed step 3090 ce=0.9751 total=1.0271 grad=3.9404897689819336 conf_frac=0.250 (1371s)
[mlx] fixed step 3100 ce=0.2156 total=0.2373 grad=5.0577311515808105 conf_frac=0.500 (1375s)
[mlx] fixed step 3110 ce=0.6642 total=0.6902 grad=4.480258941650391 conf_frac=0.500 (1380s)
[mlx] fixed step 3120 ce=0.3989 total=0.4593 grad=5.782212734222412 conf_frac=0.750 (1384s)
[mlx] fixed step 3130 ce=0.4938 total=0.5349 grad=6.522526264190674 conf_frac=0.750 (1389s)
[mlx] fixed step 3140 ce=0.7559 total=0.8099 grad=4.834963321685791 conf_frac=0.750 (1393s)
[mlx] fixed step 3150 ce=0.9579 total=1.0252 grad=4.249517440795898 conf_frac=0.750 (1397s)
[mlx] fixed step 3160 ce=1.2347 total=1.2662 grad=6.22309684753418 conf_frac=0.500 (1402s)
[mlx] fixed step 3170 ce=1.2129 total=1.2368 grad=6.156462669372559 conf_frac=0.500 (1406s)
[mlx] fixed step 3180 ce=0.8893 total=0.9374 grad=2.2585036754608154 conf_frac=0.250 (1411s)
[mlx] fixed step 3190 ce=1.0422 total=1.1310 grad=6.749797344207764 conf_frac=0.750 (1415s)
[mlx] fixed step 3200 ce=0.9665 total=0.9942 grad=6.7945685386657715 conf_frac=0.500 (1419s)
[mlx] fixed step 3210 ce=1.1372 total=1.1697 grad=4.29905366897583 conf_frac=0.500 (1423s)
[mlx] fixed step 3220 ce=1.6820 total=1.7258 grad=2.2293951511383057 conf_frac=0.250 (1428s)
[mlx] fixed step 3230 ce=1.1038 total=1.1529 grad=6.5983991622924805 conf_frac=0.750 (1432s)
[mlx] fixed step 3240 ce=0.8445 total=0.8699 grad=4.912088871002197 conf_frac=0.500 (1437s)
[mlx] fixed step 3250 ce=0.5294 total=0.5503 grad=4.215465545654297 conf_frac=0.500 (1441s)
[mlx] fixed step 3260 ce=1.2597 total=1.2904 grad=5.248071670532227 conf_frac=0.500 (1445s)
[mlx] fixed step 3270 ce=1.1070 total=1.1430 grad=5.846016883850098 conf_frac=0.500 (1450s)
[mlx] fixed step 3280 ce=1.2927 total=1.3375 grad=2.6634888648986816 conf_frac=0.250 (1454s)
[mlx] fixed step 3290 ce=0.8315 total=0.9953 grad=5.564548015594482 conf_frac=1.000 (1458s)
[mlx] fixed step 3300 ce=1.0394 total=1.1551 grad=8.977668762207031 conf_frac=1.000 (1463s)
[mlx] fixed step 3310 ce=1.0083 total=1.0497 grad=2.7939674854278564 conf_frac=0.250 (1467s)
[mlx] fixed step 3320 ce=1.3641 total=1.4728 grad=9.912253379821777 conf_frac=1.000 (1472s)
[mlx] fixed step 3330 ce=1.0880 total=1.1378 grad=2.1868364810943604 conf_frac=0.250 (1476s)
[mlx] fixed step 3340 ce=0.8515 total=0.9345 grad=6.319939613342285 conf_frac=0.750 (1481s)
[mlx] fixed step 3350 ce=1.1614 total=1.1928 grad=7.170904636383057 conf_frac=0.500 (1485s)
[mlx] fixed step 3360 ce=1.0672 total=1.0869 grad=3.9648337364196777 conf_frac=0.500 (1490s)
[mlx] fixed step 3370 ce=0.7418 total=0.7940 grad=4.654646396636963 conf_frac=0.250 (1494s)
[mlx] fixed step 3380 ce=0.9729 total=0.9935 grad=4.861695766448975 conf_frac=0.500 (1499s)
[mlx] fixed step 3390 ce=1.2505 total=1.3129 grad=8.518031120300293 conf_frac=0.250 (1503s)
[mlx] fixed step 3400 ce=0.8746 total=0.8991 grad=1.1966904401779175 conf_frac=0.500 (1508s)
[mlx] fixed step 3410 ce=0.8177 total=0.9007 grad=3.279881477355957 conf_frac=0.000 (1512s)
[mlx] fixed step 3420 ce=1.0325 total=1.1948 grad=1.153369426727295 conf_frac=0.000 (1517s)
[mlx] fixed step 3430 ce=0.7079 total=0.7629 grad=1.4827080965042114 conf_frac=0.750 (1521s)
[mlx] fixed step 3440 ce=0.9133 total=0.9440 grad=4.623929023742676 conf_frac=0.500 (1526s)
[mlx] fixed step 3450 ce=0.6969 total=0.7234 grad=8.073319435119629 conf_frac=0.500 (1531s)
[mlx] fixed step 3460 ce=0.9658 total=1.0323 grad=5.890554904937744 conf_frac=0.750 (1535s)
[mlx] fixed step 3470 ce=0.7068 total=0.7392 grad=5.525746822357178 conf_frac=0.500 (1539s)
[mlx] fixed step 3480 ce=0.5160 total=0.5744 grad=4.887197017669678 conf_frac=0.750 (1544s)
[mlx] fixed step 3490 ce=1.2311 total=1.2922 grad=3.8420896530151367 conf_frac=0.750 (1548s)
[mlx] fixed step 3500 ce=1.1873 total=1.2265 grad=1.52263605594635 conf_frac=0.750 (1553s)
[mlx] fixed step 3510 ce=1.4165 total=1.4553 grad=8.019486427307129 conf_frac=0.750 (1557s)
[mlx] fixed step 3520 ce=0.9760 total=1.0262 grad=5.74167537689209 conf_frac=0.750 (1562s)
[mlx] fixed step 3530 ce=1.6704 total=1.7093 grad=3.270106554031372 conf_frac=0.250 (1567s)
[mlx] fixed step 3540 ce=0.9741 total=1.0165 grad=3.0060572624206543 conf_frac=0.250 (1572s)
[mlx] fixed step 3550 ce=1.1432 total=1.1683 grad=3.0651931762695312 conf_frac=0.500 (1576s)
[mlx] fixed step 3560 ce=0.7734 total=0.8400 grad=1.4835172891616821 conf_frac=0.000 (1581s)
[mlx] fixed step 3570 ce=1.2953 total=1.3513 grad=4.3907341957092285 conf_frac=0.750 (1585s)
[mlx] fixed step 3580 ce=1.1219 total=1.1739 grad=1.8726167678833008 conf_frac=0.250 (1590s)
[mlx] fixed step 3590 ce=1.5134 total=1.5370 grad=2.731492757797241 conf_frac=0.500 (1595s)
[mlx] fixed step 3600 ce=1.2593 total=1.2857 grad=1.5637171268463135 conf_frac=0.250 (1599s)
[mlx] fixed step 3610 ce=1.3123 total=1.3622 grad=6.4084014892578125 conf_frac=0.750 (1604s)
[mlx] fixed step 3620 ce=1.2704 total=1.3257 grad=2.409064292907715 conf_frac=0.250 (1608s)
[mlx] fixed step 3630 ce=1.2020 total=1.2666 grad=1.787217140197754 conf_frac=1.000 (1612s)
[mlx] fixed step 3640 ce=0.7123 total=0.7839 grad=4.698179244995117 conf_frac=0.750 (1616s)
[mlx] fixed step 3650 ce=1.0292 total=1.0525 grad=3.1995317935943604 conf_frac=0.250 (1621s)
[mlx] fixed step 3660 ce=0.7562 total=0.8030 grad=1.7876747846603394 conf_frac=0.500 (1626s)
[mlx] fixed step 3670 ce=1.3175 total=1.3419 grad=5.033651351928711 conf_frac=0.500 (1630s)
[mlx] fixed step 3680 ce=0.4006 total=0.4276 grad=2.2823634147644043 conf_frac=0.500 (1635s)
[mlx] fixed step 3690 ce=1.3862 total=1.4298 grad=7.804590225219727 conf_frac=0.500 (1639s)
[mlx] fixed step 3700 ce=1.0891 total=1.1348 grad=6.962784290313721 conf_frac=0.500 (1643s)
[mlx] fixed step 3710 ce=0.9465 total=0.9775 grad=2.2937350273132324 conf_frac=0.250 (1648s)
[mlx] fixed step 3720 ce=1.0405 total=1.0850 grad=3.3034884929656982 conf_frac=0.500 (1652s)
[mlx] fixed step 3730 ce=1.2252 total=1.2497 grad=4.803521156311035 conf_frac=0.500 (1657s)
[mlx] fixed step 3740 ce=0.8856 total=0.9099 grad=2.2704734802246094 conf_frac=0.500 (1661s)
[mlx] fixed step 3750 ce=1.6211 total=1.6923 grad=1.769465446472168 conf_frac=0.000 (1666s)
[mlx] fixed step 3760 ce=0.7820 total=0.8168 grad=5.529059886932373 conf_frac=0.500 (1671s)
[mlx] fixed step 3770 ce=0.3651 total=0.4002 grad=2.2762813568115234 conf_frac=0.500 (1675s)
[mlx] fixed step 3780 ce=0.9581 total=0.9796 grad=3.72187876701355 conf_frac=0.500 (1679s)
[mlx] fixed step 3790 ce=1.3134 total=1.3608 grad=2.3640294075012207 conf_frac=0.250 (1684s)
[mlx] fixed step 3800 ce=0.8983 total=0.9534 grad=6.251779079437256 conf_frac=0.750 (1688s)
[mlx] fixed step 3810 ce=1.2749 total=1.3225 grad=9.990983009338379 conf_frac=0.750 (1692s)
[mlx] fixed step 3820 ce=1.5158 total=1.5406 grad=6.947873592376709 conf_frac=0.500 (1697s)
[mlx] fixed step 3830 ce=1.2724 total=1.3360 grad=5.291285514831543 conf_frac=0.750 (1702s)
[mlx] fixed step 3840 ce=0.5450 total=0.6125 grad=3.467514991760254 conf_frac=0.750 (1706s)
[mlx] fixed step 3850 ce=1.0310 total=1.0831 grad=1.688331961631775 conf_frac=0.750 (1712s)
[mlx] fixed step 3860 ce=0.9517 total=1.0430 grad=2.373730421066284 conf_frac=0.000 (1716s)
[mlx] fixed step 3870 ce=0.8692 total=0.8981 grad=3.6790127754211426 conf_frac=0.250 (1720s)
[mlx] fixed step 3880 ce=1.1011 total=1.1403 grad=2.1414623260498047 conf_frac=0.250 (1724s)
[mlx] fixed step 3890 ce=0.8120 total=0.8408 grad=1.4917571544647217 conf_frac=0.500 (1729s)
[mlx] fixed step 3900 ce=1.2155 total=1.2991 grad=1.0882210731506348 conf_frac=0.000 (1733s)
[mlx] fixed step 3910 ce=0.5780 total=0.6629 grad=3.7291224002838135 conf_frac=0.750 (1738s)
[mlx] fixed step 3920 ce=1.7518 total=1.7725 grad=4.433657169342041 conf_frac=0.500 (1742s)
[mlx] fixed step 3930 ce=0.9393 total=0.9864 grad=3.020836114883423 conf_frac=0.750 (1747s)
[mlx] fixed step 3940 ce=1.5499 total=1.6634 grad=0.6797187328338623 conf_frac=0.000 (1751s)
[mlx] fixed step 3950 ce=0.6773 total=0.6986 grad=5.866376876831055 conf_frac=0.500 (1756s)
[mlx] fixed step 3960 ce=0.7237 total=0.7582 grad=4.6503586769104 conf_frac=0.500 (1760s)
[mlx] fixed step 3970 ce=0.7951 total=0.8487 grad=8.013382911682129 conf_frac=0.750 (1765s)
[mlx] fixed step 3980 ce=0.8904 total=0.9688 grad=6.520535469055176 conf_frac=0.750 (1769s)
[mlx] fixed step 3990 ce=0.8362 total=0.8704 grad=4.256467342376709 conf_frac=0.250 (1774s)
[mlx] fixed step 4000 ce=0.4530 total=0.4829 grad=5.179861068725586 conf_frac=0.500 (1778s)
[mlx] fixed step 4010 ce=0.4868 total=0.5354 grad=9.797590255737305 conf_frac=0.750 (1783s)
[mlx] fixed step 4020 ce=0.6131 total=0.6383 grad=5.042867660522461 conf_frac=0.500 (1787s)
[mlx] fixed step 4030 ce=0.4173 total=0.5235 grad=3.3337244987487793 conf_frac=1.000 (1792s)
[mlx] fixed step 4040 ce=0.6245 total=0.6602 grad=2.164937973022461 conf_frac=0.500 (1797s)
[mlx] fixed step 4050 ce=0.3719 total=0.4163 grad=8.003809928894043 conf_frac=0.750 (1801s)
[mlx] fixed step 4060 ce=0.7153 total=0.7330 grad=3.477801561355591 conf_frac=0.250 (1806s)
[mlx] fixed step 4070 ce=0.2921 total=0.3540 grad=0.9528729915618896 conf_frac=0.750 (1811s)
[mlx] fixed step 4080 ce=0.2376 total=0.2624 grad=4.060898780822754 conf_frac=0.500 (1815s)
[mlx] fixed step 4090 ce=0.8310 total=0.8867 grad=1.278111457824707 conf_frac=0.500 (1820s)
[mlx] fixed step 4100 ce=0.4646 total=0.6004 grad=6.248010635375977 conf_frac=1.000 (1824s)
[mlx] fixed step 4110 ce=0.2204 total=0.2490 grad=0.9520539045333862 conf_frac=0.500 (1828s)
[mlx] fixed step 4120 ce=0.2685 total=0.3180 grad=5.276542663574219 conf_frac=0.500 (1833s)
[mlx] fixed step 4130 ce=0.5982 total=0.6559 grad=5.005851745605469 conf_frac=0.750 (1837s)
[mlx] fixed step 4140 ce=0.3387 total=0.3871 grad=6.496516704559326 conf_frac=0.750 (1842s)
[mlx] fixed step 4150 ce=0.5915 total=0.6148 grad=5.976227283477783 conf_frac=0.500 (1846s)
[mlx] fixed step 4160 ce=0.3116 total=0.4184 grad=1.045042634010315 conf_frac=0.000 (1851s)
[mlx] fixed step 4170 ce=0.3961 total=0.4227 grad=4.501464366912842 conf_frac=0.500 (1857s)
[mlx] fixed step 4180 ce=0.6686 total=0.7113 grad=2.4037413597106934 conf_frac=0.500 (1861s)
[mlx] fixed step 4190 ce=0.8657 total=0.8810 grad=1.7079447507858276 conf_frac=0.250 (1866s)
[mlx] fixed step 4200 ce=0.5664 total=0.6011 grad=5.213421821594238 conf_frac=0.500 (1870s)
[mlx] fixed step 4210 ce=0.2941 total=0.3700 grad=6.1014404296875 conf_frac=0.750 (1874s)
[mlx] fixed step 4220 ce=0.5541 total=0.6148 grad=1.0634711980819702 conf_frac=0.750 (1879s)
[mlx] fixed step 4230 ce=0.7222 total=0.7779 grad=1.8476365804672241 conf_frac=0.750 (1884s)
[mlx] fixed step 4240 ce=0.4209 total=0.4455 grad=3.127598524093628 conf_frac=0.500 (1889s)
[mlx] fixed step 4250 ce=0.5793 total=0.6083 grad=4.085814476013184 conf_frac=0.500 (1894s)
[mlx] fixed step 4260 ce=0.8259 total=0.8532 grad=4.137200832366943 conf_frac=0.500 (1899s)
[mlx] fixed step 4270 ce=0.4010 total=0.5027 grad=9.899538040161133 conf_frac=1.000 (1905s)
[mlx] fixed step 4280 ce=0.2416 total=0.2907 grad=7.189909934997559 conf_frac=0.750 (1909s)
[mlx] fixed step 4290 ce=0.3698 total=0.4007 grad=3.1137495040893555 conf_frac=0.500 (1917s)
[mlx] fixed step 4300 ce=0.3891 total=0.4245 grad=2.562063217163086 conf_frac=0.500 (1921s)
[mlx] fixed step 4310 ce=0.5613 total=0.6232 grad=2.706305980682373 conf_frac=0.250 (1926s)
[mlx] fixed step 4320 ce=0.6776 total=0.6962 grad=3.2576050758361816 conf_frac=0.500 (1930s)
[mlx] fixed step 4330 ce=0.6584 total=0.7157 grad=2.0242269039154053 conf_frac=0.250 (1935s)
[mlx] fixed step 4340 ce=0.4776 total=0.4988 grad=5.183216571807861 conf_frac=0.500 (1939s)
[mlx] fixed step 4350 ce=0.4351 total=0.4593 grad=6.279655933380127 conf_frac=0.500 (1944s)
[mlx] fixed step 4360 ce=0.2859 total=0.3158 grad=3.396991729736328 conf_frac=0.500 (1949s)
[mlx] fixed step 4370 ce=0.4717 total=0.5301 grad=8.082280158996582 conf_frac=0.750 (1953s)
[mlx] fixed step 4380 ce=0.4169 total=0.4500 grad=2.1946334838867188 conf_frac=0.500 (1957s)
[mlx] fixed step 4390 ce=0.7218 total=0.7679 grad=1.8768459558486938 conf_frac=0.750 (1961s)
[mlx] fixed step 4400 ce=0.8430 total=0.8706 grad=2.208706855773926 conf_frac=0.250 (1965s)
[mlx] fixed step 4410 ce=1.0949 total=1.1587 grad=4.785665512084961 conf_frac=0.750 (1970s)
[mlx] fixed step 4420 ce=0.4515 total=0.4900 grad=2.7553138732910156 conf_frac=0.750 (1974s)
[mlx] fixed step 4430 ce=0.1872 total=0.2157 grad=3.2532427310943604 conf_frac=0.500 (1978s)
[mlx] fixed step 4440 ce=0.9449 total=0.9901 grad=8.141357421875 conf_frac=0.750 (1982s)
[mlx] fixed step 4450 ce=0.3221 total=0.3390 grad=1.8699150085449219 conf_frac=0.250 (1986s)
[mlx] fixed step 4460 ce=0.6372 total=0.6700 grad=2.2964677810668945 conf_frac=0.500 (1990s)
[mlx] fixed step 4470 ce=0.3390 total=0.3650 grad=5.275571346282959 conf_frac=0.500 (1995s)
[mlx] fixed step 4480 ce=0.3861 total=0.4107 grad=4.481224536895752 conf_frac=0.500 (1999s)
[mlx] fixed step 4490 ce=0.5615 total=0.5991 grad=5.299985408782959 conf_frac=0.500 (2004s)
[mlx] fixed step 4500 ce=1.1205 total=1.1558 grad=2.2957983016967773 conf_frac=0.250 (2008s)
[mlx] fixed step 4510 ce=0.6187 total=0.6520 grad=1.8119163513183594 conf_frac=0.250 (2013s)
[mlx] fixed step 4520 ce=0.4999 total=0.6005 grad=3.238579750061035 conf_frac=1.000 (2017s)
[mlx] fixed step 4530 ce=0.8148 total=0.8687 grad=7.313029766082764 conf_frac=0.750 (2022s)
[mlx] fixed step 4540 ce=0.6245 total=0.6702 grad=1.7495471239089966 conf_frac=0.750 (2026s)
[mlx] fixed step 4550 ce=0.4530 total=0.5092 grad=5.333220481872559 conf_frac=0.750 (2030s)
[mlx] fixed step 4560 ce=0.3976 total=0.4649 grad=1.4881935119628906 conf_frac=0.750 (2035s)
[mlx] fixed step 4570 ce=0.4796 total=0.5166 grad=2.3483784198760986 conf_frac=0.250 (2039s)
[mlx] fixed step 4580 ce=0.3622 total=0.3881 grad=4.993448734283447 conf_frac=0.500 (2044s)
[mlx] fixed step 4590 ce=0.5989 total=0.6281 grad=5.947092056274414 conf_frac=0.500 (2048s)
[mlx] fixed step 4600 ce=0.5189 total=0.5518 grad=4.062765121459961 conf_frac=0.500 (2053s)
[mlx] fixed step 4610 ce=0.9237 total=0.9682 grad=2.5139048099517822 conf_frac=0.250 (2057s)
[mlx] fixed step 4620 ce=0.1931 total=0.2172 grad=5.718760013580322 conf_frac=0.500 (2062s)
[mlx] fixed step 4630 ce=0.5272 total=0.5601 grad=3.0788261890411377 conf_frac=0.500 (2066s)
[mlx] fixed step 4640 ce=0.2456 total=0.2681 grad=1.2860320806503296 conf_frac=0.500 (2070s)
[mlx] fixed step 4650 ce=0.5514 total=0.5776 grad=1.4934391975402832 conf_frac=0.500 (2074s)
[mlx] fixed step 4660 ce=0.4905 total=0.5142 grad=3.653881311416626 conf_frac=0.500 (2079s)
[mlx] fixed step 4670 ce=0.3551 total=0.4216 grad=1.9527955055236816 conf_frac=0.000 (2083s)
[mlx] fixed step 4680 ce=0.6076 total=0.6210 grad=2.2805652618408203 conf_frac=0.250 (2088s)
[mlx] fixed step 4690 ce=0.4273 total=0.4615 grad=2.2162296772003174 conf_frac=0.250 (2093s)
[mlx] fixed step 4700 ce=0.3107 total=0.3564 grad=3.8605294227600098 conf_frac=0.250 (2097s)
[mlx] fixed step 4710 ce=0.4964 total=0.5139 grad=3.1510894298553467 conf_frac=0.250 (2102s)
[mlx] fixed step 4720 ce=0.3931 total=0.4095 grad=3.6580629348754883 conf_frac=0.250 (2107s)
[mlx] fixed step 4730 ce=0.7907 total=0.8461 grad=6.780007362365723 conf_frac=0.750 (2111s)
[mlx] fixed step 4740 ce=0.6508 total=0.6834 grad=2.1249892711639404 conf_frac=0.250 (2116s)
[mlx] fixed step 4750 ce=0.3540 total=0.3753 grad=3.9005398750305176 conf_frac=0.500 (2120s)
[mlx] fixed step 4760 ce=0.9786 total=1.0581 grad=1.4735462665557861 conf_frac=0.750 (2124s)
[mlx] fixed step 4770 ce=0.5805 total=0.6985 grad=7.151429653167725 conf_frac=1.000 (2128s)
[mlx] fixed step 4780 ce=0.5640 total=0.5837 grad=2.290215015411377 conf_frac=0.250 (2133s)
[mlx] fixed step 4790 ce=0.1406 total=0.1726 grad=2.665580987930298 conf_frac=0.500 (2137s)
[mlx] fixed step 4800 ce=0.2962 total=0.3346 grad=3.039346218109131 conf_frac=0.250 (2142s)
[mlx] fixed step 4810 ce=1.0665 total=1.1286 grad=4.942676544189453 conf_frac=0.750 (2147s)
[mlx] fixed step 4820 ce=0.5302 total=0.5652 grad=2.236323595046997 conf_frac=0.500 (2152s)
[mlx] fixed step 4830 ce=0.5542 total=0.5990 grad=2.3762176036834717 conf_frac=0.250 (2156s)
[mlx] fixed step 4840 ce=0.3083 total=0.3593 grad=2.448420286178589 conf_frac=0.250 (2161s)
[mlx] fixed step 4850 ce=0.4124 total=0.4469 grad=1.788841962814331 conf_frac=0.250 (2166s)
[mlx] fixed step 4860 ce=0.7870 total=0.8102 grad=4.464077949523926 conf_frac=0.500 (2170s)
[mlx] fixed step 4870 ce=0.3570 total=0.4193 grad=4.5716552734375 conf_frac=0.750 (2174s)
[mlx] fixed step 4880 ce=0.5207 total=0.5707 grad=10.265961647033691 conf_frac=0.750 (2179s)
[mlx] fixed step 4890 ce=0.4468 total=0.4706 grad=4.97941255569458 conf_frac=0.500 (2183s)
[mlx] fixed step 4900 ce=0.4132 total=0.4606 grad=7.293724060058594 conf_frac=0.500 (2187s)
[mlx] fixed step 4910 ce=1.0819 total=1.1372 grad=1.071168303489685 conf_frac=0.750 (2192s)
[mlx] fixed step 4920 ce=0.3273 total=0.4300 grad=4.029582500457764 conf_frac=0.750 (2196s)
[mlx] fixed step 4930 ce=0.6609 total=0.7080 grad=2.761643171310425 conf_frac=0.250 (2201s)
[mlx] fixed step 4940 ce=1.1170 total=1.1648 grad=3.308521270751953 conf_frac=0.250 (2205s)
[mlx] fixed step 4950 ce=0.4392 total=0.4747 grad=7.535982608795166 conf_frac=0.500 (2210s)
[mlx] fixed step 4960 ce=0.5404 total=0.5868 grad=5.912208080291748 conf_frac=0.750 (2215s)
[mlx] fixed step 4970 ce=0.1877 total=0.2244 grad=3.746345043182373 conf_frac=0.500 (2219s)
[mlx] fixed step 4980 ce=0.5492 total=0.5881 grad=7.157979965209961 conf_frac=0.750 (2224s)
[mlx] fixed step 4990 ce=0.5431 total=0.6499 grad=0.6391850709915161 conf_frac=0.000 (2228s)
[mlx] fixed step 5000 ce=0.6522 total=0.6812 grad=4.932977676391602 conf_frac=0.500 (2233s)
[mlx] fixed step 5010 ce=0.3993 total=0.4200 grad=4.223846435546875 conf_frac=0.500 (2237s)
[mlx] fixed step 5020 ce=0.7437 total=0.8146 grad=5.582110404968262 conf_frac=0.750 (2242s)
[mlx] fixed step 5030 ce=0.5418 total=0.5898 grad=7.29583215713501 conf_frac=0.750 (2247s)
[mlx] fixed step 5040 ce=0.7169 total=0.7610 grad=6.951870441436768 conf_frac=0.750 (2251s)
[mlx] fixed step 5050 ce=0.8170 total=0.8346 grad=2.100287914276123 conf_frac=0.500 (2257s)
[mlx] fixed step 5060 ce=0.9580 total=0.9902 grad=4.53786039352417 conf_frac=0.500 (2261s)
[mlx] fixed step 5070 ce=0.5387 total=0.5715 grad=2.4537994861602783 conf_frac=0.500 (2266s)
[mlx] fixed step 5080 ce=0.8722 total=0.8974 grad=2.345573663711548 conf_frac=0.500 (2270s)
[mlx] fixed step 5090 ce=0.5875 total=0.6349 grad=3.7701709270477295 conf_frac=0.250 (2278s)
[mlx] fixed step 5100 ce=0.7434 total=0.7874 grad=1.420505404472351 conf_frac=0.250 (2282s)
[mlx] fixed step 5110 ce=0.6145 total=0.6323 grad=2.6272332668304443 conf_frac=0.500 (2287s)
[mlx] fixed step 5120 ce=0.4905 total=0.5427 grad=5.4373064041137695 conf_frac=0.750 (2291s)
[mlx] fixed step 5130 ce=0.4894 total=0.5389 grad=2.9551098346710205 conf_frac=0.500 (2295s)
[mlx] fixed step 5140 ce=0.5536 total=0.5840 grad=1.6319305896759033 conf_frac=0.250 (2300s)
[mlx] fixed step 5150 ce=0.3468 total=0.4004 grad=3.144063711166382 conf_frac=0.250 (2305s)
[mlx] fixed step 5160 ce=0.8337 total=0.8547 grad=4.437480926513672 conf_frac=0.500 (2309s)
[mlx] fixed step 5170 ce=0.7362 total=0.7661 grad=2.9527549743652344 conf_frac=0.500 (2314s)
[mlx] fixed step 5180 ce=0.8257 total=0.8960 grad=3.2804088592529297 conf_frac=0.750 (2318s)
[mlx] fixed step 5190 ce=0.5130 total=0.5364 grad=5.7483320236206055 conf_frac=0.500 (2323s)
[mlx] fixed step 5200 ce=0.5693 total=0.6008 grad=1.9338797330856323 conf_frac=0.500 (2329s)
[mlx] fixed step 5210 ce=0.4318 total=0.4631 grad=3.583998203277588 conf_frac=0.500 (2333s)
[mlx] fixed step 5220 ce=0.7532 total=0.7982 grad=7.108062267303467 conf_frac=0.750 (2337s)
[mlx] fixed step 5230 ce=0.5006 total=0.5323 grad=4.102680683135986 conf_frac=0.500 (2342s)
[mlx] fixed step 5240 ce=0.4526 total=0.5528 grad=3.9828996658325195 conf_frac=0.500 (2346s)
[mlx] fixed step 5250 ce=0.6903 total=0.7248 grad=2.380073308944702 conf_frac=0.500 (2350s)
[mlx] fixed step 5260 ce=0.6484 total=0.6716 grad=2.603912591934204 conf_frac=0.250 (2355s)
[mlx] fixed step 5270 ce=0.4199 total=0.4588 grad=3.3672807216644287 conf_frac=0.750 (2359s)
[mlx] fixed step 5280 ce=0.5728 total=0.6117 grad=2.09779691696167 conf_frac=0.250 (2364s)
[mlx] fixed step 5290 ce=0.5631 total=0.5971 grad=2.557452440261841 conf_frac=0.500 (2369s)
[mlx] fixed step 5300 ce=0.3576 total=0.3793 grad=2.4290499687194824 conf_frac=0.500 (2374s)
[mlx] fixed step 5310 ce=0.2902 total=0.3139 grad=0.9236806035041809 conf_frac=0.500 (2378s)
[mlx] fixed step 5320 ce=0.8721 total=0.9009 grad=1.7806893587112427 conf_frac=0.500 (2384s)
[mlx] fixed step 5330 ce=0.7111 total=0.8048 grad=10.155284881591797 conf_frac=1.000 (2388s)
[mlx] fixed step 5340 ce=0.5345 total=0.5889 grad=6.366477012634277 conf_frac=0.750 (2393s)
[mlx] fixed step 5350 ce=0.4122 total=0.4372 grad=3.487870931625366 conf_frac=0.500 (2397s)
[mlx] fixed step 5360 ce=0.6471 total=0.6694 grad=2.6971182823181152 conf_frac=0.500 (2402s)
[mlx] fixed step 5370 ce=0.5131 total=0.5507 grad=1.1417641639709473 conf_frac=0.250 (2407s)
[mlx] fixed step 5380 ce=0.6241 total=0.6549 grad=2.6454763412475586 conf_frac=0.500 (2412s)
[mlx] fixed step 5390 ce=0.3112 total=0.4465 grad=5.92691707611084 conf_frac=1.000 (2416s)
[mlx] fixed step 5400 ce=0.4458 total=0.4722 grad=4.575628757476807 conf_frac=0.500 (2421s)
[mlx] fixed step 5410 ce=0.3236 total=0.3655 grad=2.361046314239502 conf_frac=0.250 (2426s)
[mlx] fixed step 5420 ce=1.1941 total=1.2149 grad=3.7237040996551514 conf_frac=0.500 (2430s)
[mlx] fixed step 5430 ce=0.6225 total=0.6901 grad=3.1654956340789795 conf_frac=0.750 (2435s)
[mlx] fixed step 5440 ce=0.6496 total=0.7575 grad=2.750549793243408 conf_frac=1.000 (2440s)
[mlx] fixed step 5450 ce=0.5336 total=0.5578 grad=5.219131946563721 conf_frac=0.500 (2444s)
[mlx] fixed step 5460 ce=0.5976 total=0.7094 grad=7.55504846572876 conf_frac=1.000 (2448s)
[mlx] fixed step 5470 ce=0.8744 total=0.9563 grad=0.046832140535116196 conf_frac=0.000 (2453s)
[mlx] fixed step 5480 ce=0.4700 total=0.5101 grad=2.5790798664093018 conf_frac=0.750 (2457s)
[mlx] fixed step 5490 ce=0.4273 total=0.4723 grad=1.9628946781158447 conf_frac=0.250 (2462s)
[mlx] fixed step 5500 ce=0.6498 total=0.6970 grad=4.5814971923828125 conf_frac=0.750 (2466s)
[mlx] fixed step 5510 ce=0.6054 total=0.6339 grad=3.4338293075561523 conf_frac=0.250 (2471s)
[mlx] fixed step 5520 ce=0.2658 total=0.2811 grad=3.5938198566436768 conf_frac=0.500 (2475s)
[mlx] fixed step 5530 ce=1.3579 total=1.3831 grad=1.4216398000717163 conf_frac=0.250 (2480s)
[mlx] fixed step 5540 ce=0.9711 total=1.0278 grad=8.471477508544922 conf_frac=0.500 (2484s)
[mlx] fixed step 5550 ce=0.6431 total=0.7008 grad=5.719122886657715 conf_frac=0.750 (2489s)
[mlx] fixed step 5560 ce=0.5983 total=0.6135 grad=2.213371992111206 conf_frac=0.250 (2493s)
[mlx] fixed step 5570 ce=0.4340 total=0.4635 grad=4.0194830894470215 conf_frac=0.500 (2498s)
[mlx] fixed step 5580 ce=0.7928 total=0.8144 grad=4.897716999053955 conf_frac=0.500 (2503s)
[mlx] fixed step 5590 ce=0.5616 total=0.5974 grad=2.1501801013946533 conf_frac=0.250 (2507s)
[mlx] fixed step 5600 ce=0.1820 total=0.2074 grad=4.712228775024414 conf_frac=0.500 (2512s)
[mlx] fixed step 5610 ce=0.6425 total=0.6739 grad=1.0471456050872803 conf_frac=0.250 (2516s)
[mlx] fixed step 5620 ce=0.2830 total=0.4069 grad=3.320596218109131 conf_frac=0.750 (2520s)
[mlx] fixed step 5630 ce=1.0156 total=1.0583 grad=1.805878758430481 conf_frac=0.250 (2525s)
[mlx] fixed step 5640 ce=1.1348 total=1.1776 grad=5.513260841369629 conf_frac=0.750 (2529s)
[mlx] fixed step 5650 ce=0.8494 total=0.8926 grad=7.532638072967529 conf_frac=0.500 (2533s)
[mlx] fixed step 5660 ce=0.5673 total=0.6109 grad=2.044426679611206 conf_frac=0.250 (2538s)
[mlx] fixed step 5670 ce=0.5035 total=0.5820 grad=3.062960624694824 conf_frac=0.750 (2542s)
[mlx] fixed step 5680 ce=0.4309 total=0.5129 grad=4.198718070983887 conf_frac=0.750 (2547s)
[mlx] fixed step 5690 ce=0.7720 total=0.8010 grad=1.7350915670394897 conf_frac=0.250 (2551s)
[mlx] fixed step 5700 ce=0.4731 total=0.5289 grad=8.797733306884766 conf_frac=0.500 (2555s)
[mlx] fixed step 5710 ce=0.8784 total=0.9344 grad=5.3161749839782715 conf_frac=0.750 (2560s)
[mlx] fixed step 5720 ce=0.8104 total=0.8798 grad=3.8258614540100098 conf_frac=0.750 (2565s)
[mlx] fixed step 5730 ce=0.4500 total=0.4932 grad=6.018754005432129 conf_frac=0.750 (2569s)
[mlx] fixed step 5740 ce=0.3251 total=0.3629 grad=7.71397066116333 conf_frac=0.750 (2574s)
[mlx] fixed step 5750 ce=0.3572 total=0.3813 grad=1.9343658685684204 conf_frac=0.500 (2578s)
[mlx] fixed step 5760 ce=0.5850 total=0.6228 grad=2.6633081436157227 conf_frac=0.250 (2583s)
[mlx] fixed step 5770 ce=0.9478 total=1.0260 grad=4.600120544433594 conf_frac=1.000 (2588s)
[mlx] fixed step 5780 ce=0.5387 total=0.5738 grad=4.306430339813232 conf_frac=0.250 (2592s)
[mlx] fixed step 5790 ce=0.4784 total=0.4920 grad=2.19425630569458 conf_frac=0.250 (2597s)
[mlx] fixed step 5800 ce=0.2863 total=0.3878 grad=4.470364093780518 conf_frac=0.750 (2601s)
[mlx] fixed step 5810 ce=0.4252 total=0.4506 grad=3.495739698410034 conf_frac=0.500 (2605s)
[mlx] fixed step 5820 ce=1.4697 total=1.4950 grad=5.40317440032959 conf_frac=0.500 (2610s)
[mlx] fixed step 5830 ce=0.4756 total=0.5011 grad=3.396345853805542 conf_frac=0.500 (2614s)
[mlx] fixed step 5840 ce=0.5556 total=0.6512 grad=6.079126358032227 conf_frac=0.750 (2618s)
[mlx] fixed step 5850 ce=0.4363 total=0.5066 grad=9.335084915161133 conf_frac=0.750 (2623s)
[mlx] fixed step 5860 ce=1.1845 total=1.2260 grad=2.1936287879943848 conf_frac=0.250 (2627s)
[mlx] fixed step 5870 ce=0.4989 total=0.5467 grad=1.5300536155700684 conf_frac=0.750 (2632s)
[mlx] fixed step 5880 ce=0.7480 total=0.7864 grad=1.5591866970062256 conf_frac=0.250 (2637s)
[mlx] fixed step 5890 ce=0.6371 total=0.6799 grad=7.30289363861084 conf_frac=0.750 (2641s)
[mlx] fixed step 5900 ce=0.9489 total=0.9823 grad=2.7553977966308594 conf_frac=0.500 (2646s)
[mlx] fixed step 5910 ce=0.9479 total=0.9669 grad=1.5828001499176025 conf_frac=0.250 (2650s)
[mlx] fixed step 5920 ce=0.5195 total=0.5848 grad=3.682452440261841 conf_frac=0.750 (2655s)
[mlx] fixed step 5930 ce=0.3956 total=0.4366 grad=2.062258243560791 conf_frac=0.500 (2659s)
[mlx] fixed step 5940 ce=0.8951 total=0.9411 grad=3.106034278869629 conf_frac=0.250 (2664s)
[mlx] fixed step 5950 ce=1.0658 total=1.0841 grad=3.386418104171753 conf_frac=0.250 (2669s)
[mlx] fixed step 5960 ce=0.4865 total=0.5176 grad=1.4264765977859497 conf_frac=0.250 (2674s)
[mlx] fixed step 5970 ce=0.7792 total=0.7881 grad=2.1874821186065674 conf_frac=0.250 (2679s)
[mlx] fixed step 5980 ce=0.5143 total=0.5743 grad=3.2233500480651855 conf_frac=0.250 (2684s)
[mlx] fixed step 5990 ce=0.3964 total=0.4308 grad=3.68456768989563 conf_frac=0.250 (2689s)
[mlx] fixed step 6000 ce=0.6745 total=0.6981 grad=1.4821032285690308 conf_frac=0.500 (2694s)
[mlx] fixed post-train (n=8008) acc=0.9307 majority=0.4993 dist={'[CONFIDENT]': 0.48676323676323674, '[COND_CONFIDENT]': 0.06143856143856144, '[TEMPORAL_HEDGE]': 0.4517982017982018, '[UNKNOWN]': 0.0}
[mlx] fixed accuracy lift over majority-class baseline: +0.4314 (discriminating)
[mlx] fixed finished: 6006 steps in 2696.6s
[mlx] saved adapter -> data/prep/tcl_mlx_llama3/tsct_seed4/adapter_fixed

[mlx] wrote data/prep/tcl_mlx_llama3/tsct_seed4/loss_log.csv
[mlx] wrote data/prep/tcl_mlx_llama3/tsct_seed4/run_meta.json
=== train tsct seed 4 wall 3259s
[gen] 3622 examples | source=temporal-delta:test | arm=tsct | adapter=data/prep/tcl_mlx_llama3/tsct_seed4/adapter_fixed
[transformers] Ignoring clean_up_tokenization_spaces=True for BPE tokenizer TokenizersBackend. The clean_up_tokenization post-processing step is designed for WordPiece tokenizers and is destructive for BPE (it strips spaces before punctuation). Set clean_up_tokenization_spaces=False to suppress this warning, or set clean_up_tokenization_spaces_for_bpe_even_though_it_will_corrupt_output=True to force cleanup anyway.
[gen] 100/3622  EM=0.050 hedge_acc=1.000 fallback=0.000 (20s, 0.20s/ex)
[gen] 200/3622  EM=0.025 hedge_acc=0.995 fallback=0.005 (43s, 0.21s/ex)
[gen] 300/3622  EM=0.057 hedge_acc=0.997 fallback=0.003 (65s, 0.22s/ex)
[gen] 400/3622  EM=0.058 hedge_acc=0.998 fallback=0.003 (87s, 0.22s/ex)
[gen] 500/3622  EM=0.054 hedge_acc=0.998 fallback=0.002 (107s, 0.21s/ex)
[gen] 600/3622  EM=0.045 hedge_acc=0.998 fallback=0.002 (126s, 0.21s/ex)
[gen] 700/3622  EM=0.041 hedge_acc=0.999 fallback=0.001 (147s, 0.21s/ex)
[gen] 800/3622  EM=0.036 hedge_acc=0.999 fallback=0.001 (171s, 0.21s/ex)
[gen] 900/3622  EM=0.032 hedge_acc=0.999 fallback=0.001 (194s, 0.22s/ex)
[gen] 1000/3622  EM=0.029 hedge_acc=0.999 fallback=0.001 (217s, 0.22s/ex)
[gen] 1100/3622  EM=0.026 hedge_acc=0.998 fallback=0.001 (239s, 0.22s/ex)
[gen] 1200/3622  EM=0.024 hedge_acc=0.998 fallback=0.001 (262s, 0.22s/ex)
[gen] 1300/3622  EM=0.023 hedge_acc=0.998 fallback=0.001 (284s, 0.22s/ex)
[gen] 1400/3622  EM=0.023 hedge_acc=0.999 fallback=0.001 (305s, 0.22s/ex)
[gen] 1500/3622  EM=0.021 hedge_acc=0.999 fallback=0.001 (328s, 0.22s/ex)
[gen] 1600/3622  EM=0.020 hedge_acc=0.999 fallback=0.001 (350s, 0.22s/ex)
[gen] 1700/3622  EM=0.021 hedge_acc=0.999 fallback=0.001 (371s, 0.22s/ex)
[gen] 1800/3622  EM=0.021 hedge_acc=0.999 fallback=0.001 (393s, 0.22s/ex)
[gen] 1900/3622  EM=0.021 hedge_acc=0.999 fallback=0.001 (415s, 0.22s/ex)
[gen] 2000/3622  EM=0.021 hedge_acc=0.999 fallback=0.001 (437s, 0.22s/ex)
[gen] 2100/3622  EM=0.020 hedge_acc=0.999 fallback=0.000 (458s, 0.22s/ex)
[gen] 2200/3622  EM=0.020 hedge_acc=0.999 fallback=0.000 (480s, 0.22s/ex)
[gen] 2300/3622  EM=0.020 hedge_acc=0.999 fallback=0.000 (502s, 0.22s/ex)
[gen] 2400/3622  EM=0.022 hedge_acc=0.999 fallback=0.000 (522s, 0.22s/ex)
[gen] 2500/3622  EM=0.023 hedge_acc=0.999 fallback=0.001 (543s, 0.22s/ex)
[gen] 2600/3622  EM=0.024 hedge_acc=0.999 fallback=0.001 (564s, 0.22s/ex)
[gen] 2700/3622  EM=0.024 hedge_acc=0.999 fallback=0.001 (587s, 0.22s/ex)
[gen] 2800/3622  EM=0.023 hedge_acc=0.999 fallback=0.001 (609s, 0.22s/ex)
[gen] 2900/3622  EM=0.022 hedge_acc=0.999 fallback=0.001 (629s, 0.22s/ex)
[gen] 3000/3622  EM=0.021 hedge_acc=0.999 fallback=0.001 (651s, 0.22s/ex)
[gen] 3100/3622  EM=0.021 hedge_acc=0.999 fallback=0.001 (671s, 0.22s/ex)
[gen] 3200/3622  EM=0.020 hedge_acc=0.999 fallback=0.001 (694s, 0.22s/ex)
[gen] 3300/3622  EM=0.020 hedge_acc=0.998 fallback=0.001 (714s, 0.22s/ex)
[gen] 3400/3622  EM=0.022 hedge_acc=0.998 fallback=0.001 (733s, 0.22s/ex)
[gen] 3500/3622  EM=0.021 hedge_acc=0.997 fallback=0.001 (754s, 0.22s/ex)
[gen] 3600/3622  EM=0.021 hedge_acc=0.996 fallback=0.001 (773s, 0.21s/ex)

[gen] wrote data/prep/predictions_llama3/tsct_seed4_test.jsonl
[gen] n=3622  EM=0.0207  hedge_acc=0.9964  fallback_rate=0.0008  wall=777s
=== eval tsct seed 4 test wall 781s
[gen] 413 examples | source=freshqa | arm=tsct | adapter=data/prep/tcl_mlx_llama3/tsct_seed4/adapter_fixed
[transformers] Ignoring clean_up_tokenization_spaces=True for BPE tokenizer TokenizersBackend. The clean_up_tokenization post-processing step is designed for WordPiece tokenizers and is destructive for BPE (it strips spaces before punctuation). Set clean_up_tokenization_spaces=False to suppress this warning, or set clean_up_tokenization_spaces_for_bpe_even_though_it_will_corrupt_output=True to force cleanup anyway.
[gen] 100/413  EM=0.080 hedge_acc=0.150 fallback=0.030 (21s, 0.21s/ex)
[gen] 200/413  EM=0.160 hedge_acc=0.275 fallback=0.020 (39s, 0.19s/ex)
[gen] 300/413  EM=0.117 hedge_acc=0.257 fallback=0.020 (60s, 0.20s/ex)
[gen] 400/413  EM=0.110 hedge_acc=0.237 fallback=0.018 (77s, 0.19s/ex)

[gen] wrote data/prep/predictions_llama3/tsct_seed4_freshqa.jsonl
[gen] n=413  EM=0.1090  hedge_acc=0.2300  fallback_rate=0.0169  wall=79s
=== eval tsct seed 4 freshqa wall 84s
=== tsct seed 4 done 2026-09-29T15:13:11Z
=== guard 2026-09-29T15:13:11Z pressure_level=1 swap=total = 17408.00M  used = 15874.69M  free = 1533.31M  (encrypted) | System-wide memory free percentage: 88%
=== sft_only seed 4 start 2026-09-29T15:13:11Z | System-wide memory free percentage: 88% | total = 17408.00M  used = 15874.69M  free = 1533.31M  (encrypted)
[mlx] loaded 8008 raw examples

[mlx] === condition: fixed ===
[transformers] Ignoring clean_up_tokenization_spaces=True for BPE tokenizer TokenizersBackend. The clean_up_tokenization post-processing step is designed for WordPiece tokenizers and is destructive for BPE (it strips spaces before punctuation). Set clean_up_tokenization_spaces=False to suppress this warning, or set clean_up_tokenization_spaces_for_bpe_even_though_it_will_corrupt_output=True to force cleanup anyway.
[mlx] hedge ids (no resize, mode=reserved): [128002, 128003, 128004, 128005]
[mlx] adapted output projection: lm_head (untied)
Trainable parameters: 0.144% (11.545M/8030.261M)
[mlx] 8008 examples after tokenisation (max_len=128)
[mlx] hedge-head check: logit spread=0.000000 contrast_grad_norm=677.567078
[mlx] fixed pre-train (n=8008) acc=0.4396 majority=0.4993 dist={'[CONFIDENT]': 1.0, '[COND_CONFIDENT]': 0.0, '[TEMPORAL_HEDGE]': 0.0, '[UNKNOWN]': 0.0}
[mlx] fixed step 0 ce=6.0661 total=6.0661 grad=2.146697998046875 conf_frac=1.000 (1s)
[mlx] fixed step 10 ce=2.2985 total=2.2985 grad=17.00523567199707 conf_frac=0.000 (5s)
[mlx] fixed step 20 ce=2.2642 total=2.2642 grad=2.6121411323547363 conf_frac=1.000 (9s)
[mlx] fixed step 30 ce=2.0797 total=2.0797 grad=11.802206993103027 conf_frac=0.000 (13s)
[mlx] fixed step 40 ce=2.4845 total=2.4845 grad=8.645228385925293 conf_frac=1.000 (17s)
[mlx] fixed step 50 ce=3.0559 total=3.0559 grad=6.348586082458496 conf_frac=1.000 (22s)
[mlx] fixed step 60 ce=2.2654 total=2.2654 grad=15.295676231384277 conf_frac=0.000 (25s)
[mlx] fixed step 70 ce=1.9401 total=1.9401 grad=2.4363317489624023 conf_frac=1.000 (30s)
[mlx] fixed step 80 ce=1.7863 total=1.7863 grad=4.7006096839904785 conf_frac=1.000 (34s)
[mlx] fixed step 90 ce=2.8164 total=2.8164 grad=0.18965062499046326 conf_frac=1.000 (38s)
[mlx] fixed step 100 ce=2.6336 total=2.6336 grad=11.169822692871094 conf_frac=1.000 (42s)
[mlx] fixed step 110 ce=2.2664 total=2.2664 grad=0.1819549947977066 conf_frac=0.000 (46s)
[mlx] fixed step 120 ce=2.4444 total=2.4444 grad=3.0591607093811035 conf_frac=0.000 (50s)
[mlx] fixed step 130 ce=2.0964 total=2.0964 grad=0.8014202117919922 conf_frac=1.000 (55s)
[mlx] fixed step 140 ce=3.1592 total=3.1592 grad=14.607430458068848 conf_frac=1.000 (59s)
[mlx] fixed step 150 ce=1.7881 total=1.7881 grad=10.155936241149902 conf_frac=0.750 (63s)
[mlx] fixed step 160 ce=2.9243 total=2.9243 grad=9.59465503692627 conf_frac=1.000 (69s)
[mlx] fixed step 170 ce=1.6236 total=1.6236 grad=1.7452168464660645 conf_frac=1.000 (74s)
[mlx] fixed step 180 ce=2.2089 total=2.2089 grad=16.574108123779297 conf_frac=1.000 (78s)
[mlx] fixed step 190 ce=2.2327 total=2.2327 grad=1.2838631868362427 conf_frac=1.000 (83s)
[mlx] fixed step 200 ce=2.0835 total=2.0835 grad=10.33678150177002 conf_frac=0.000 (87s)
[mlx] fixed step 210 ce=1.9644 total=1.9644 grad=4.035855770111084 conf_frac=0.000 (92s)
[mlx] fixed step 220 ce=2.2333 total=2.2333 grad=13.78373908996582 conf_frac=1.000 (96s)
[mlx] fixed step 230 ce=2.6012 total=2.6012 grad=4.731485843658447 conf_frac=1.000 (100s)
[mlx] fixed step 240 ce=2.6184 total=2.6184 grad=1.603865623474121 conf_frac=1.000 (104s)
[mlx] fixed step 250 ce=2.6037 total=2.6037 grad=7.893620014190674 conf_frac=1.000 (108s)
[mlx] fixed step 260 ce=2.0151 total=2.0151 grad=12.246421813964844 conf_frac=1.000 (113s)
[mlx] fixed step 270 ce=1.6748 total=1.6748 grad=13.759099960327148 conf_frac=0.000 (117s)
[mlx] fixed step 280 ce=2.2522 total=2.2522 grad=9.854432106018066 conf_frac=1.000 (122s)
[mlx] fixed step 290 ce=2.5061 total=2.5061 grad=2.0004401206970215 conf_frac=0.000 (126s)
[mlx] fixed step 300 ce=2.0254 total=2.0254 grad=1.9480977058410645 conf_frac=0.000 (130s)
[mlx] fixed step 310 ce=2.0708 total=2.0708 grad=12.910483360290527 conf_frac=0.000 (135s)
[mlx] fixed step 320 ce=2.0138 total=2.0138 grad=4.546192169189453 conf_frac=0.000 (139s)
[mlx] fixed step 330 ce=3.4036 total=3.4036 grad=7.198409080505371 conf_frac=1.000 (143s)
[mlx] fixed step 340 ce=1.1556 total=1.1556 grad=9.311034202575684 conf_frac=1.000 (148s)
[mlx] fixed step 350 ce=2.5327 total=2.5327 grad=4.083908557891846 conf_frac=0.000 (153s)
[mlx] fixed step 360 ce=2.0895 total=2.0895 grad=5.61807107925415 conf_frac=0.000 (157s)
[mlx] fixed step 370 ce=1.1911 total=1.1911 grad=3.0564165115356445 conf_frac=0.000 (161s)
[mlx] fixed step 380 ce=2.9217 total=2.9217 grad=5.859576225280762 conf_frac=0.000 (165s)
[mlx] fixed step 390 ce=2.4473 total=2.4473 grad=14.435396194458008 conf_frac=0.000 (170s)
[mlx] fixed step 400 ce=2.6284 total=2.6284 grad=12.953028678894043 conf_frac=1.000 (174s)
[mlx] fixed step 410 ce=1.5009 total=1.5009 grad=8.121750831604004 conf_frac=0.000 (178s)
[mlx] fixed step 420 ce=3.1623 total=3.1623 grad=5.391083717346191 conf_frac=0.000 (182s)
[mlx] fixed step 430 ce=1.6791 total=1.6791 grad=0.7405847907066345 conf_frac=0.000 (186s)
[mlx] fixed step 440 ce=1.9298 total=1.9298 grad=6.396798133850098 conf_frac=1.000 (191s)
[mlx] fixed step 450 ce=1.8529 total=1.8529 grad=2.111964464187622 conf_frac=1.000 (198s)
[mlx] fixed step 460 ce=1.8813 total=1.8813 grad=13.948407173156738 conf_frac=0.000 (203s)
[mlx] fixed step 470 ce=1.4607 total=1.4607 grad=2.45473051071167 conf_frac=0.000 (212s)
[mlx] fixed step 480 ce=1.3910 total=1.3910 grad=11.171917915344238 conf_frac=0.000 (216s)
[mlx] fixed step 490 ce=2.3756 total=2.3756 grad=11.207469940185547 conf_frac=0.000 (220s)
[mlx] fixed step 500 ce=1.9621 total=1.9621 grad=9.054146766662598 conf_frac=0.750 (224s)
[mlx] fixed step 510 ce=3.1395 total=3.1395 grad=2.6589274406433105 conf_frac=0.250 (228s)
[mlx] fixed step 520 ce=2.6719 total=2.6719 grad=6.995851993560791 conf_frac=0.000 (234s)
[mlx] fixed step 530 ce=2.3076 total=2.3076 grad=22.629451751708984 conf_frac=0.250 (238s)
[mlx] fixed step 540 ce=1.4420 total=1.4420 grad=4.672909259796143 conf_frac=0.000 (242s)
[mlx] fixed step 550 ce=2.0910 total=2.0910 grad=15.751667022705078 conf_frac=0.000 (247s)
[mlx] fixed step 560 ce=1.9349 total=1.9349 grad=3.859001636505127 conf_frac=0.750 (251s)
[mlx] fixed step 570 ce=1.9751 total=1.9751 grad=3.127805471420288 conf_frac=0.250 (255s)
[mlx] fixed step 580 ce=2.4132 total=2.4132 grad=3.5832362174987793 conf_frac=0.250 (260s)
[mlx] fixed step 590 ce=1.2815 total=1.2815 grad=8.539471626281738 conf_frac=0.750 (264s)
[mlx] fixed step 600 ce=1.9203 total=1.9203 grad=21.598918914794922 conf_frac=0.000 (269s)
[mlx] fixed step 610 ce=1.9660 total=1.9660 grad=1.269635796546936 conf_frac=0.250 (273s)
[mlx] fixed step 620 ce=1.5053 total=1.5053 grad=24.378368377685547 conf_frac=0.250 (279s)
[mlx] fixed step 630 ce=2.2943 total=2.2943 grad=14.263205528259277 conf_frac=0.750 (284s)
[mlx] fixed step 640 ce=1.4034 total=1.4034 grad=15.698601722717285 conf_frac=0.250 (288s)
[mlx] fixed step 650 ce=1.9473 total=1.9473 grad=10.622406005859375 conf_frac=0.250 (292s)
[mlx] fixed step 660 ce=1.5580 total=1.5580 grad=14.052141189575195 conf_frac=0.750 (296s)
[mlx] fixed step 670 ce=1.7888 total=1.7888 grad=8.319299697875977 conf_frac=0.500 (300s)
[mlx] fixed step 680 ce=3.0669 total=3.0669 grad=2.434777021408081 conf_frac=0.500 (304s)
[mlx] fixed step 690 ce=1.4462 total=1.4462 grad=11.909882545471191 conf_frac=0.250 (308s)
[mlx] fixed step 700 ce=2.0533 total=2.0533 grad=4.552415370941162 conf_frac=0.750 (312s)
[mlx] fixed step 710 ce=1.7145 total=1.7145 grad=2.187901020050049 conf_frac=0.500 (317s)
[mlx] fixed step 720 ce=1.2403 total=1.2403 grad=14.582076072692871 conf_frac=0.750 (321s)
[mlx] fixed step 730 ce=1.6886 total=1.6886 grad=8.224907875061035 conf_frac=0.250 (325s)
[mlx] fixed step 740 ce=2.1446 total=2.1446 grad=6.665361404418945 conf_frac=0.500 (329s)
[mlx] fixed step 750 ce=2.0214 total=2.0214 grad=1.330446481704712 conf_frac=0.250 (333s)
[mlx] fixed step 760 ce=2.6256 total=2.6256 grad=0.9223031401634216 conf_frac=0.250 (337s)
[mlx] fixed step 770 ce=0.6130 total=0.6130 grad=16.483623504638672 conf_frac=0.000 (341s)
[mlx] fixed step 780 ce=1.4686 total=1.4686 grad=19.724149703979492 conf_frac=1.000 (345s)
[mlx] fixed step 790 ce=1.7100 total=1.7100 grad=9.234484672546387 conf_frac=0.250 (349s)
[mlx] fixed step 800 ce=1.7018 total=1.7018 grad=0.9422968029975891 conf_frac=0.500 (353s)
[mlx] fixed step 810 ce=1.7295 total=1.7295 grad=0.17943044006824493 conf_frac=0.000 (357s)
[mlx] fixed step 820 ce=1.2577 total=1.2577 grad=2.685358762741089 conf_frac=0.750 (361s)
[mlx] fixed step 830 ce=1.6653 total=1.6653 grad=10.484660148620605 conf_frac=1.000 (365s)
[mlx] fixed step 840 ce=2.2904 total=2.2904 grad=11.763206481933594 conf_frac=0.500 (369s)
[mlx] fixed step 850 ce=1.7120 total=1.7120 grad=4.496646404266357 conf_frac=0.750 (373s)
[mlx] fixed step 860 ce=1.2092 total=1.2092 grad=17.560447692871094 conf_frac=0.750 (377s)
[mlx] fixed step 870 ce=2.9006 total=2.9006 grad=16.31509780883789 conf_frac=0.750 (381s)
[mlx] fixed step 880 ce=1.4221 total=1.4221 grad=0.5556825399398804 conf_frac=0.000 (385s)
[mlx] fixed step 890 ce=1.3254 total=1.3254 grad=1.4748764038085938 conf_frac=0.500 (389s)
[mlx] fixed step 900 ce=1.7765 total=1.7765 grad=13.35801887512207 conf_frac=0.500 (393s)
[mlx] fixed step 910 ce=1.7097 total=1.7097 grad=0.7221973538398743 conf_frac=0.250 (397s)
[mlx] fixed step 920 ce=1.7804 total=1.7804 grad=2.3822765350341797 conf_frac=0.750 (402s)
[mlx] fixed step 930 ce=1.4045 total=1.4045 grad=1.7002925872802734 conf_frac=1.000 (406s)
[mlx] fixed step 940 ce=2.2336 total=2.2336 grad=3.0498390197753906 conf_frac=0.250 (411s)
[mlx] fixed step 950 ce=1.6645 total=1.6645 grad=2.6954996585845947 conf_frac=0.750 (415s)
[mlx] fixed step 960 ce=1.3899 total=1.3899 grad=1.354095458984375 conf_frac=0.250 (419s)
[mlx] fixed step 970 ce=1.0284 total=1.0284 grad=5.509032249450684 conf_frac=0.750 (424s)
[mlx] fixed step 980 ce=2.0415 total=2.0415 grad=1.281595230102539 conf_frac=0.500 (428s)
[mlx] fixed step 990 ce=2.8737 total=2.8737 grad=0.7106178998947144 conf_frac=0.500 (432s)
[mlx] fixed step 1000 ce=1.6082 total=1.6082 grad=1.4198875427246094 conf_frac=0.500 (436s)
[mlx] fixed step 1010 ce=1.2929 total=1.2929 grad=6.74747371673584 conf_frac=0.750 (440s)
[mlx] fixed step 1020 ce=2.0583 total=2.0583 grad=5.367630481719971 conf_frac=0.250 (444s)
[mlx] fixed step 1030 ce=1.2367 total=1.2367 grad=9.064261436462402 conf_frac=0.750 (448s)
[mlx] fixed step 1040 ce=0.6618 total=0.6618 grad=4.17069673538208 conf_frac=0.750 (453s)
[mlx] fixed step 1050 ce=1.0505 total=1.0505 grad=1.3487746715545654 conf_frac=0.500 (457s)
[mlx] fixed step 1060 ce=3.0152 total=3.0152 grad=2.40728759765625 conf_frac=0.500 (462s)
[mlx] fixed step 1070 ce=1.7274 total=1.7274 grad=3.705247402191162 conf_frac=0.750 (466s)
[mlx] fixed step 1080 ce=1.4058 total=1.4058 grad=9.722064971923828 conf_frac=0.500 (470s)
[mlx] fixed step 1090 ce=1.9356 total=1.9356 grad=9.987691879272461 conf_frac=0.500 (474s)
[mlx] fixed step 1100 ce=1.9436 total=1.9436 grad=0.14183026552200317 conf_frac=0.250 (478s)
[mlx] fixed step 1110 ce=2.4194 total=2.4194 grad=1.2568249702453613 conf_frac=0.500 (483s)
[mlx] fixed step 1120 ce=1.7633 total=1.7633 grad=0.8557150363922119 conf_frac=0.500 (487s)
[mlx] fixed step 1130 ce=1.7878 total=1.7878 grad=0.2387959510087967 conf_frac=0.500 (492s)
[mlx] fixed step 1140 ce=1.2409 total=1.2409 grad=0.00063772511202842 conf_frac=0.000 (496s)
[mlx] fixed step 1150 ce=2.1224 total=2.1224 grad=2.9029836654663086 conf_frac=0.500 (500s)
[mlx] fixed step 1160 ce=1.0387 total=1.0387 grad=2.2405447959899902 conf_frac=0.500 (504s)
[mlx] fixed step 1170 ce=2.3384 total=2.3384 grad=1.7551584243774414 conf_frac=1.000 (508s)
[mlx] fixed step 1180 ce=2.2013 total=2.2013 grad=0.6576904058456421 conf_frac=0.500 (512s)
[mlx] fixed step 1190 ce=2.1694 total=2.1694 grad=13.505204200744629 conf_frac=0.750 (517s)
[mlx] fixed step 1200 ce=2.7225 total=2.7225 grad=5.186777114868164 conf_frac=0.500 (521s)
[mlx] fixed step 1210 ce=1.2756 total=1.2756 grad=0.4296485483646393 conf_frac=0.250 (526s)
[mlx] fixed step 1220 ce=1.9332 total=1.9332 grad=2.61574125289917 conf_frac=0.250 (530s)
[mlx] fixed step 1230 ce=1.4471 total=1.4471 grad=1.8247860670089722 conf_frac=0.500 (534s)
[mlx] fixed step 1240 ce=1.0923 total=1.0923 grad=1.8740768432617188 conf_frac=1.000 (538s)
[mlx] fixed step 1250 ce=1.3494 total=1.3494 grad=5.079524517059326 conf_frac=1.000 (543s)
[mlx] fixed step 1260 ce=2.7369 total=2.7369 grad=1.4614050388336182 conf_frac=0.750 (548s)
[mlx] fixed step 1270 ce=1.5500 total=1.5500 grad=1.4487178325653076 conf_frac=0.500 (552s)
[mlx] fixed step 1280 ce=1.6662 total=1.6662 grad=4.584392547607422 conf_frac=0.750 (556s)
[mlx] fixed step 1290 ce=2.1969 total=2.1969 grad=0.9285651445388794 conf_frac=0.500 (561s)
[mlx] fixed step 1300 ce=2.1237 total=2.1237 grad=1.115706205368042 conf_frac=0.250 (565s)
[mlx] fixed step 1310 ce=2.1976 total=2.1976 grad=9.274107933044434 conf_frac=0.500 (570s)
[mlx] fixed step 1320 ce=2.5931 total=2.5931 grad=1.7519981861114502 conf_frac=0.500 (574s)
[mlx] fixed step 1330 ce=1.5428 total=1.5428 grad=1.6726038455963135 conf_frac=0.500 (578s)
[mlx] fixed step 1340 ce=2.0072 total=2.0072 grad=0.004955470561981201 conf_frac=0.000 (582s)
[mlx] fixed step 1350 ce=1.1668 total=1.1668 grad=10.207438468933105 conf_frac=0.750 (586s)
[mlx] fixed step 1360 ce=2.5986 total=2.5986 grad=6.1645283699035645 conf_frac=0.500 (591s)
[mlx] fixed step 1370 ce=1.6372 total=1.6372 grad=0.444698303937912 conf_frac=0.250 (596s)
[mlx] fixed step 1380 ce=1.4725 total=1.4725 grad=0.5081220865249634 conf_frac=0.500 (601s)
[mlx] fixed step 1390 ce=1.9354 total=1.9354 grad=0.7065677642822266 conf_frac=0.750 (605s)
[mlx] fixed step 1400 ce=0.8414 total=0.8414 grad=0.4063204824924469 conf_frac=0.500 (609s)
[mlx] fixed step 1410 ce=1.3708 total=1.3708 grad=0.4454880654811859 conf_frac=0.500 (614s)
[mlx] fixed step 1420 ce=1.2603 total=1.2603 grad=1.2305601835250854 conf_frac=0.250 (618s)
[mlx] fixed step 1430 ce=1.2235 total=1.2235 grad=1.511261224746704 conf_frac=0.500 (622s)
[mlx] fixed step 1440 ce=2.0342 total=2.0342 grad=0.43997034430503845 conf_frac=0.500 (627s)
[mlx] fixed step 1450 ce=1.4467 total=1.4467 grad=0.8700757026672363 conf_frac=0.500 (631s)
[mlx] fixed step 1460 ce=0.9670 total=0.9670 grad=4.336173057556152 conf_frac=0.750 (636s)
[mlx] fixed step 1470 ce=1.4916 total=1.4916 grad=3.7783472537994385 conf_frac=1.000 (640s)
[mlx] fixed step 1480 ce=1.9943 total=1.9943 grad=0.44041907787323 conf_frac=0.500 (645s)
[mlx] fixed step 1490 ce=1.0006 total=1.0006 grad=0.5683580040931702 conf_frac=0.500 (649s)
[mlx] fixed step 1500 ce=2.5522 total=2.5522 grad=1.2663649320602417 conf_frac=0.250 (654s)
[mlx] fixed step 1510 ce=1.0463 total=1.0463 grad=4.262617588043213 conf_frac=0.250 (658s)
[mlx] fixed step 1520 ce=1.3777 total=1.3777 grad=1.375528335571289 conf_frac=0.500 (663s)
[mlx] fixed step 1530 ce=1.3875 total=1.3875 grad=2.069267749786377 conf_frac=0.750 (668s)
[mlx] fixed step 1540 ce=1.8796 total=1.8796 grad=2.8617773056030273 conf_frac=0.750 (673s)
[mlx] fixed step 1550 ce=0.7814 total=0.7814 grad=1.8828905820846558 conf_frac=0.500 (678s)
[mlx] fixed step 1560 ce=1.4284 total=1.4284 grad=0.9655292630195618 conf_frac=0.250 (682s)
[mlx] fixed step 1570 ce=1.2640 total=1.2640 grad=2.534163475036621 conf_frac=0.500 (687s)
[mlx] fixed step 1580 ce=0.8986 total=0.8986 grad=13.118745803833008 conf_frac=1.000 (692s)
[mlx] fixed step 1590 ce=0.8702 total=0.8702 grad=5.668524265289307 conf_frac=0.750 (697s)
[mlx] fixed step 1600 ce=1.8177 total=1.8177 grad=1.9812816381454468 conf_frac=0.250 (701s)
[mlx] fixed step 1610 ce=2.8970 total=2.8970 grad=5.4200849533081055 conf_frac=0.250 (705s)
[mlx] fixed step 1620 ce=1.6763 total=1.6763 grad=6.428140163421631 conf_frac=0.250 (710s)
[mlx] fixed step 1630 ce=1.3782 total=1.3782 grad=7.987773895263672 conf_frac=0.750 (715s)
[mlx] fixed step 1640 ce=1.5820 total=1.5820 grad=1.2915723323822021 conf_frac=0.750 (720s)
[mlx] fixed step 1650 ce=2.2931 total=2.2931 grad=1.4417941570281982 conf_frac=0.250 (725s)
[mlx] fixed step 1660 ce=1.3974 total=1.3974 grad=0.00016078735643532127 conf_frac=0.000 (729s)
[mlx] fixed step 1670 ce=1.8800 total=1.8800 grad=6.793793678283691 conf_frac=0.250 (733s)
[mlx] fixed step 1680 ce=1.4542 total=1.4542 grad=3.805924415588379 conf_frac=0.500 (738s)
[mlx] fixed step 1690 ce=1.6968 total=1.6968 grad=1.901314616203308 conf_frac=0.500 (742s)
[mlx] fixed step 1700 ce=1.7307 total=1.7307 grad=5.517969608306885 conf_frac=1.000 (747s)
[mlx] fixed step 1710 ce=2.1082 total=2.1082 grad=1.9081605672836304 conf_frac=0.500 (752s)
[mlx] fixed step 1720 ce=1.9139 total=1.9139 grad=3.8849871158599854 conf_frac=1.000 (756s)
[mlx] fixed step 1730 ce=1.8382 total=1.8382 grad=7.3787689208984375 conf_frac=1.000 (761s)
[mlx] fixed step 1740 ce=1.8324 total=1.8324 grad=4.589992046356201 conf_frac=0.750 (765s)
[mlx] fixed step 1750 ce=1.9573 total=1.9573 grad=7.138614654541016 conf_frac=0.750 (769s)
[mlx] fixed step 1760 ce=1.8862 total=1.8862 grad=5.973667144775391 conf_frac=0.500 (774s)
[mlx] fixed step 1770 ce=1.2751 total=1.2751 grad=3.823622465133667 conf_frac=0.500 (778s)
[mlx] fixed step 1780 ce=2.3637 total=2.3637 grad=2.3215672969818115 conf_frac=0.250 (783s)
[mlx] fixed step 1790 ce=1.3386 total=1.3386 grad=1.5574973821640015 conf_frac=0.750 (787s)
[mlx] fixed step 1800 ce=2.0231 total=2.0231 grad=3.725687026977539 conf_frac=0.750 (791s)
[mlx] fixed step 1810 ce=1.4781 total=1.4781 grad=1.9035965204238892 conf_frac=0.250 (796s)
[mlx] fixed step 1820 ce=1.2056 total=1.2056 grad=2.7567389011383057 conf_frac=0.750 (800s)
[mlx] fixed step 1830 ce=2.1039 total=2.1039 grad=4.092491149902344 conf_frac=0.750 (805s)
[mlx] fixed step 1840 ce=1.5913 total=1.5913 grad=6.456993103027344 conf_frac=0.500 (809s)
[mlx] fixed step 1850 ce=1.5467 total=1.5467 grad=0.058794666081666946 conf_frac=0.500 (814s)
[mlx] fixed step 1860 ce=1.6291 total=1.6291 grad=0.5458992123603821 conf_frac=0.250 (818s)
[mlx] fixed step 1870 ce=1.7357 total=1.7357 grad=1.8167778253555298 conf_frac=0.500 (823s)
[mlx] fixed step 1880 ce=1.1674 total=1.1674 grad=5.649602890014648 conf_frac=0.750 (828s)
[mlx] fixed step 1890 ce=2.3089 total=2.3089 grad=0.9776466488838196 conf_frac=0.750 (832s)
[mlx] fixed step 1900 ce=1.8273 total=1.8273 grad=0.4190053343772888 conf_frac=0.250 (837s)
[mlx] fixed step 1910 ce=2.4708 total=2.4708 grad=0.5514554977416992 conf_frac=0.750 (841s)
[mlx] fixed step 1920 ce=2.0660 total=2.0660 grad=8.741330384509638e-05 conf_frac=0.000 (846s)
[mlx] fixed step 1930 ce=2.0766 total=2.0766 grad=0.1060793474316597 conf_frac=0.250 (850s)
[mlx] fixed step 1940 ce=0.7721 total=0.7721 grad=1.0165468454360962 conf_frac=1.000 (855s)
[mlx] fixed step 1950 ce=1.6394 total=1.6394 grad=0.08929493278265 conf_frac=0.500 (859s)
[mlx] fixed step 1960 ce=2.4870 total=2.4870 grad=3.344310760498047 conf_frac=0.500 (863s)
[mlx] fixed step 1970 ce=0.9520 total=0.9520 grad=0.10104531049728394 conf_frac=0.750 (867s)
[mlx] fixed step 1980 ce=1.0544 total=1.0544 grad=1.6722530126571655 conf_frac=0.500 (871s)
[mlx] fixed step 1990 ce=1.1062 total=1.1062 grad=0.00010531391308177263 conf_frac=0.000 (876s)
[mlx] fixed step 2000 ce=1.9016 total=1.9016 grad=0.37963566184043884 conf_frac=0.500 (880s)
[mlx] fixed step 2010 ce=0.6928 total=0.6928 grad=0.3410918116569519 conf_frac=0.500 (885s)
[mlx] fixed step 2020 ce=0.2483 total=0.2483 grad=2.607679605484009 conf_frac=0.750 (889s)
[mlx] fixed step 2030 ce=0.9042 total=0.9042 grad=0.007121535483747721 conf_frac=0.250 (894s)
[mlx] fixed step 2040 ce=0.5428 total=0.5428 grad=0.02629002369940281 conf_frac=0.250 (898s)
[mlx] fixed step 2050 ce=0.8581 total=0.8581 grad=0.3065524697303772 conf_frac=0.750 (903s)
[mlx] fixed step 2060 ce=0.2417 total=0.2417 grad=1.985685110092163 conf_frac=0.500 (907s)
[mlx] fixed step 2070 ce=0.8834 total=0.8834 grad=1.4362666606903076 conf_frac=0.500 (912s)
[mlx] fixed step 2080 ce=0.9858 total=0.9858 grad=3.3768444061279297 conf_frac=0.500 (916s)
[mlx] fixed step 2090 ce=1.1972 total=1.1972 grad=3.1555886268615723 conf_frac=0.250 (921s)
[mlx] fixed step 2100 ce=0.7564 total=0.7564 grad=5.7168474197387695 conf_frac=0.750 (925s)
[mlx] fixed step 2110 ce=0.3775 total=0.3775 grad=0.3417845666408539 conf_frac=0.250 (930s)
[mlx] fixed step 2120 ce=0.4750 total=0.4750 grad=0.426481693983078 conf_frac=0.500 (934s)
[mlx] fixed step 2130 ce=0.3763 total=0.3763 grad=0.0005227170186117291 conf_frac=0.000 (939s)
[mlx] fixed step 2140 ce=0.3456 total=0.3456 grad=0.5758852362632751 conf_frac=0.750 (943s)
[mlx] fixed step 2150 ce=1.0340 total=1.0340 grad=0.000105026934761554 conf_frac=0.000 (947s)
[mlx] fixed step 2160 ce=0.5638 total=0.5638 grad=7.311812877655029 conf_frac=0.750 (952s)
[mlx] fixed step 2170 ce=0.8811 total=0.8811 grad=1.7660998106002808 conf_frac=0.250 (957s)
[mlx] fixed step 2180 ce=1.1037 total=1.1037 grad=4.654029846191406 conf_frac=0.500 (961s)
[mlx] fixed step 2190 ce=0.3839 total=0.3839 grad=0.30358991026878357 conf_frac=0.250 (966s)
[mlx] fixed step 2200 ce=1.0264 total=1.0264 grad=3.166353464126587 conf_frac=1.000 (971s)
[mlx] fixed step 2210 ce=0.5343 total=0.5343 grad=5.141134262084961 conf_frac=0.500 (975s)
[mlx] fixed step 2220 ce=0.5271 total=0.5271 grad=0.7767333388328552 conf_frac=0.500 (980s)
[mlx] fixed step 2230 ce=0.5295 total=0.5295 grad=0.4674725830554962 conf_frac=0.500 (984s)
[mlx] fixed step 2240 ce=0.3432 total=0.3432 grad=0.000331143761286512 conf_frac=0.000 (989s)
[mlx] fixed step 2250 ce=1.2583 total=1.2583 grad=0.03380097448825836 conf_frac=0.250 (995s)
[mlx] fixed step 2260 ce=0.7297 total=0.7297 grad=0.053694531321525574 conf_frac=0.500 (999s)
[mlx] fixed step 2270 ce=1.0107 total=1.0107 grad=1.9316949844360352 conf_frac=0.500 (1004s)
[mlx] fixed step 2280 ce=1.5944 total=1.5944 grad=0.11297274380922318 conf_frac=0.250 (1008s)
[mlx] fixed step 2290 ce=0.6123 total=0.6123 grad=0.027795040979981422 conf_frac=0.500 (1013s)
[mlx] fixed step 2300 ce=0.7432 total=0.7432 grad=0.05340230464935303 conf_frac=0.500 (1017s)
[mlx] fixed step 2310 ce=1.2176 total=1.2176 grad=0.7890785336494446 conf_frac=0.500 (1022s)
[mlx] fixed step 2320 ce=0.6992 total=0.6992 grad=1.8201040029525757 conf_frac=0.500 (1027s)
[mlx] fixed step 2330 ce=0.8520 total=0.8520 grad=3.766298532485962 conf_frac=0.500 (1032s)
[mlx] fixed step 2340 ce=1.0104 total=1.0104 grad=0.2212418168783188 conf_frac=0.250 (1036s)
[mlx] fixed step 2350 ce=0.8996 total=0.8996 grad=0.0002629650116432458 conf_frac=0.000 (1040s)
[mlx] fixed step 2360 ce=0.5743 total=0.5743 grad=0.2706649601459503 conf_frac=0.500 (1046s)
[mlx] fixed step 2370 ce=0.9429 total=0.9429 grad=5.786904335021973 conf_frac=0.750 (1051s)
[mlx] fixed step 2380 ce=0.7022 total=0.7022 grad=0.20284651219844818 conf_frac=0.500 (1055s)
[mlx] fixed step 2390 ce=0.8777 total=0.8777 grad=0.1678861379623413 conf_frac=0.500 (1061s)
[mlx] fixed step 2400 ce=1.1540 total=1.1540 grad=1.0873523950576782 conf_frac=0.750 (1066s)
[mlx] fixed step 2410 ce=0.8792 total=0.8792 grad=0.7333059310913086 conf_frac=0.500 (1071s)
[mlx] fixed step 2420 ce=0.6361 total=0.6361 grad=0.3648131787776947 conf_frac=0.500 (1076s)
[mlx] fixed step 2430 ce=1.0474 total=1.0474 grad=1.2211921215057373 conf_frac=0.500 (1081s)
[mlx] fixed step 2440 ce=0.7797 total=0.7797 grad=0.04588347300887108 conf_frac=0.250 (1085s)
[mlx] fixed step 2450 ce=0.5103 total=0.5103 grad=0.08729715645313263 conf_frac=0.250 (1090s)
[mlx] fixed step 2460 ce=1.1315 total=1.1315 grad=3.1853549480438232 conf_frac=1.000 (1095s)
[mlx] fixed step 2470 ce=2.0042 total=2.0042 grad=1.8449523448944092 conf_frac=0.750 (1099s)
[mlx] fixed step 2480 ce=0.8492 total=0.8492 grad=2.9300894737243652 conf_frac=0.500 (1104s)
[mlx] fixed step 2490 ce=0.3232 total=0.3232 grad=0.00015313368930947036 conf_frac=0.000 (1109s)
[mlx] fixed step 2500 ce=0.9657 total=0.9657 grad=0.2113117128610611 conf_frac=0.500 (1114s)
[mlx] fixed step 2510 ce=1.3078 total=1.3078 grad=1.4281871318817139 conf_frac=0.500 (1119s)
[mlx] fixed step 2520 ce=0.1434 total=0.1434 grad=3.7562997341156006 conf_frac=0.750 (1123s)
[mlx] fixed step 2530 ce=1.0672 total=1.0672 grad=0.6611994504928589 conf_frac=0.500 (1128s)
[mlx] fixed step 2540 ce=0.7719 total=0.7719 grad=5.025272369384766 conf_frac=0.750 (1133s)
[mlx] fixed step 2550 ce=0.6330 total=0.6330 grad=0.026583824306726456 conf_frac=0.250 (1137s)
[mlx] fixed step 2560 ce=0.9999 total=0.9999 grad=0.012193524278700352 conf_frac=0.250 (1141s)
[mlx] fixed step 2570 ce=0.9603 total=0.9603 grad=0.014824669808149338 conf_frac=0.500 (1146s)
[mlx] fixed step 2580 ce=0.5853 total=0.5853 grad=4.823667526245117 conf_frac=0.500 (1153s)
[mlx] fixed step 2590 ce=1.6192 total=1.6192 grad=0.3807573616504669 conf_frac=0.500 (1158s)
[mlx] fixed step 2600 ce=1.0460 total=1.0460 grad=3.1558289527893066 conf_frac=0.500 (1163s)
[mlx] fixed step 2610 ce=0.9850 total=0.9850 grad=4.589087963104248 conf_frac=1.000 (1167s)
[mlx] fixed step 2620 ce=1.2733 total=1.2733 grad=0.021527299657464027 conf_frac=0.000 (1172s)
[mlx] fixed step 2630 ce=0.8279 total=0.8279 grad=0.12044361978769302 conf_frac=0.500 (1176s)
[mlx] fixed step 2640 ce=0.9886 total=0.9886 grad=1.479651927947998 conf_frac=0.500 (1181s)
[mlx] fixed step 2650 ce=0.7186 total=0.7186 grad=1.2196505069732666 conf_frac=0.750 (1185s)
[mlx] fixed step 2660 ce=0.9149 total=0.9149 grad=4.990852355957031 conf_frac=0.500 (1189s)
[mlx] fixed step 2670 ce=1.2715 total=1.2715 grad=7.117401599884033 conf_frac=0.500 (1194s)
[mlx] fixed step 2680 ce=0.4106 total=0.4106 grad=4.0273871421813965 conf_frac=0.500 (1199s)
[mlx] fixed step 2690 ce=0.9314 total=0.9314 grad=1.0409049987792969 conf_frac=0.750 (1203s)
[mlx] fixed step 2700 ce=0.5814 total=0.5814 grad=1.1735022068023682 conf_frac=0.750 (1208s)
[mlx] fixed step 2710 ce=0.5445 total=0.5445 grad=8.701079368591309 conf_frac=0.500 (1212s)
[mlx] fixed step 2720 ce=0.8273 total=0.8273 grad=12.633894920349121 conf_frac=0.500 (1216s)
[mlx] fixed step 2730 ce=0.4969 total=0.4969 grad=7.298651218414307 conf_frac=0.750 (1221s)
[mlx] fixed step 2740 ce=0.8519 total=0.8519 grad=0.6945697665214539 conf_frac=0.750 (1225s)
[mlx] fixed step 2750 ce=0.9293 total=0.9293 grad=0.37772136926651 conf_frac=0.250 (1230s)
[mlx] fixed step 2760 ce=1.1491 total=1.1491 grad=3.7458255290985107 conf_frac=0.500 (1234s)
[mlx] fixed step 2770 ce=0.9234 total=0.9234 grad=0.92894047498703 conf_frac=0.500 (1240s)
[mlx] fixed step 2780 ce=0.6963 total=0.6963 grad=0.572270393371582 conf_frac=0.500 (1244s)
[mlx] fixed step 2790 ce=0.7058 total=0.7058 grad=0.5303197503089905 conf_frac=0.750 (1249s)
[mlx] fixed step 2800 ce=0.4989 total=0.4989 grad=0.5499904155731201 conf_frac=0.500 (1253s)
[mlx] fixed step 2810 ce=0.4704 total=0.4704 grad=1.4563482999801636 conf_frac=0.750 (1258s)
[mlx] fixed step 2820 ce=0.8250 total=0.8250 grad=1.5058507919311523 conf_frac=0.750 (1263s)
[mlx] fixed step 2830 ce=0.6580 total=0.6580 grad=1.074471354484558 conf_frac=0.500 (1267s)
[mlx] fixed step 2840 ce=0.6681 total=0.6681 grad=6.092230796813965 conf_frac=0.750 (1272s)
[mlx] fixed step 2850 ce=0.8162 total=0.8162 grad=5.620377540588379 conf_frac=0.500 (1276s)
[mlx] fixed step 2860 ce=1.2531 total=1.2531 grad=5.149997234344482 conf_frac=0.500 (1280s)
[mlx] fixed step 2870 ce=1.2274 total=1.2274 grad=4.585171699523926 conf_frac=0.500 (1285s)
[mlx] fixed step 2880 ce=0.6024 total=0.6024 grad=0.6657666563987732 conf_frac=0.750 (1289s)
[mlx] fixed step 2890 ce=1.2884 total=1.2884 grad=0.11843497306108475 conf_frac=0.500 (1294s)
[mlx] fixed step 2900 ce=0.6990 total=0.6990 grad=0.00047847715904936194 conf_frac=0.000 (1298s)
[mlx] fixed step 2910 ce=1.2218 total=1.2218 grad=7.146383762359619 conf_frac=1.000 (1302s)
[mlx] fixed step 2920 ce=0.7387 total=0.7387 grad=3.2976937294006348 conf_frac=0.750 (1305s)
[mlx] fixed step 2930 ce=0.6419 total=0.6419 grad=1.497902750968933 conf_frac=0.750 (1310s)
[mlx] fixed step 2940 ce=1.3191 total=1.3191 grad=6.0896897315979 conf_frac=0.500 (1314s)
[mlx] fixed step 2950 ce=0.7945 total=0.7945 grad=3.613858461380005 conf_frac=0.250 (1321s)
[mlx] fixed step 2960 ce=0.7898 total=0.7898 grad=0.0652904137969017 conf_frac=0.250 (1326s)
[mlx] fixed step 2970 ce=1.0239 total=1.0239 grad=1.3011151552200317 conf_frac=1.000 (1330s)
[mlx] fixed step 2980 ce=0.6081 total=0.6081 grad=0.16772498190402985 conf_frac=0.500 (1335s)
[mlx] fixed step 2990 ce=0.3284 total=0.3284 grad=0.4491758942604065 conf_frac=0.500 (1339s)
[mlx] fixed step 3000 ce=0.9626 total=0.9626 grad=3.806698799133301 conf_frac=0.500 (1343s)
[mlx] fixed step 3010 ce=0.6620 total=0.6620 grad=0.9927712082862854 conf_frac=0.500 (1347s)
[mlx] fixed step 3020 ce=0.8281 total=0.8281 grad=0.5956082344055176 conf_frac=0.250 (1352s)
[mlx] fixed step 3030 ce=0.7312 total=0.7312 grad=1.0142338275909424 conf_frac=0.250 (1356s)
[mlx] fixed step 3040 ce=1.2001 total=1.2001 grad=0.2551784813404083 conf_frac=0.500 (1361s)
[mlx] fixed step 3050 ce=1.0553 total=1.0553 grad=0.04477414861321449 conf_frac=0.250 (1365s)
[mlx] fixed step 3060 ce=1.6758 total=1.6758 grad=0.9813395142555237 conf_frac=0.250 (1369s)
[mlx] fixed step 3070 ce=1.0784 total=1.0784 grad=6.012852191925049 conf_frac=0.250 (1373s)
[mlx] fixed step 3080 ce=0.8552 total=0.8552 grad=11.14220905303955 conf_frac=0.250 (1378s)
[mlx] fixed step 3090 ce=0.8474 total=0.8474 grad=3.7302255630493164 conf_frac=0.250 (1382s)
[mlx] fixed step 3100 ce=0.3046 total=0.3046 grad=0.6936529278755188 conf_frac=0.500 (1386s)
[mlx] fixed step 3110 ce=0.7633 total=0.7633 grad=0.4679115414619446 conf_frac=0.500 (1390s)
[mlx] fixed step 3120 ce=0.3805 total=0.3805 grad=1.0417680740356445 conf_frac=0.750 (1395s)
[mlx] fixed step 3130 ce=0.3683 total=0.3683 grad=0.16198138892650604 conf_frac=0.750 (1399s)
[mlx] fixed step 3140 ce=0.7692 total=0.7692 grad=0.9562983512878418 conf_frac=0.750 (1404s)
[mlx] fixed step 3150 ce=0.9559 total=0.9559 grad=0.2808540463447571 conf_frac=0.750 (1408s)
[mlx] fixed step 3160 ce=1.3030 total=1.3030 grad=0.6293490529060364 conf_frac=0.500 (1413s)
[mlx] fixed step 3170 ce=1.1920 total=1.1920 grad=0.7725281715393066 conf_frac=0.500 (1417s)
[mlx] fixed step 3180 ce=0.8811 total=0.8811 grad=0.42476963996887207 conf_frac=0.250 (1421s)
[mlx] fixed step 3190 ce=1.0580 total=1.0580 grad=6.277080535888672 conf_frac=0.750 (1425s)
[mlx] fixed step 3200 ce=0.8137 total=0.8137 grad=3.7054569721221924 conf_frac=0.500 (1430s)
[mlx] fixed step 3210 ce=1.0806 total=1.0806 grad=0.3332311809062958 conf_frac=0.500 (1434s)
[mlx] fixed step 3220 ce=1.7652 total=1.7652 grad=0.05910486355423927 conf_frac=0.250 (1442s)
[mlx] fixed step 3230 ce=1.0405 total=1.0405 grad=1.206339955329895 conf_frac=0.750 (1446s)
[mlx] fixed step 3240 ce=0.7517 total=0.7517 grad=2.101487874984741 conf_frac=0.500 (1451s)
[mlx] fixed step 3250 ce=0.4881 total=0.4881 grad=0.4420584738254547 conf_frac=0.500 (1455s)
[mlx] fixed step 3260 ce=1.1423 total=1.1423 grad=2.818567991256714 conf_frac=0.500 (1459s)
[mlx] fixed step 3270 ce=1.1552 total=1.1552 grad=2.887495994567871 conf_frac=0.500 (1464s)
[mlx] fixed step 3280 ce=0.9584 total=0.9584 grad=0.20252829790115356 conf_frac=0.250 (1468s)
[mlx] fixed step 3290 ce=0.7429 total=0.7429 grad=0.22695253789424896 conf_frac=1.000 (1473s)
[mlx] fixed step 3300 ce=0.9805 total=0.9805 grad=0.3348110318183899 conf_frac=1.000 (1477s)
[mlx] fixed step 3310 ce=1.0781 total=1.0781 grad=0.034363530576229095 conf_frac=0.250 (1481s)
[mlx] fixed step 3320 ce=1.7644 total=1.7644 grad=0.16800811886787415 conf_frac=1.000 (1486s)
[mlx] fixed step 3330 ce=1.0691 total=1.0691 grad=0.23999422788619995 conf_frac=0.250 (1490s)
[mlx] fixed step 3340 ce=0.7183 total=0.7183 grad=0.15938949584960938 conf_frac=0.750 (1495s)
[mlx] fixed step 3350 ce=0.8467 total=0.8467 grad=4.002037525177002 conf_frac=0.500 (1500s)
[mlx] fixed step 3360 ce=0.9074 total=0.9074 grad=0.07435368001461029 conf_frac=0.500 (1504s)
[mlx] fixed step 3370 ce=0.7419 total=0.7419 grad=2.209517002105713 conf_frac=0.250 (1509s)
[mlx] fixed step 3380 ce=0.9219 total=0.9219 grad=0.30347222089767456 conf_frac=0.500 (1513s)
[mlx] fixed step 3390 ce=1.0975 total=1.0975 grad=8.308656692504883 conf_frac=0.250 (1518s)
[mlx] fixed step 3400 ce=0.7403 total=0.7403 grad=5.135069370269775 conf_frac=0.500 (1522s)
[mlx] fixed step 3410 ce=0.6484 total=0.6484 grad=0.0007483605877496302 conf_frac=0.000 (1527s)
[mlx] fixed step 3420 ce=0.9718 total=0.9718 grad=4.9761067202780396e-05 conf_frac=0.000 (1532s)
[mlx] fixed step 3430 ce=0.6685 total=0.6685 grad=5.027521133422852 conf_frac=0.750 (1536s)
[mlx] fixed step 3440 ce=0.8941 total=0.8941 grad=0.3119012713432312 conf_frac=0.500 (1541s)
[mlx] fixed step 3450 ce=0.5807 total=0.5807 grad=3.288863182067871 conf_frac=0.500 (1546s)
[mlx] fixed step 3460 ce=0.9938 total=0.9938 grad=5.903053283691406 conf_frac=0.750 (1550s)
[mlx] fixed step 3470 ce=0.7040 total=0.7040 grad=6.39064884185791 conf_frac=0.250 (1555s)
[mlx] fixed step 3480 ce=0.4106 total=0.4106 grad=0.3642732799053192 conf_frac=0.750 (1559s)
[mlx] fixed step 3490 ce=1.0108 total=1.0108 grad=0.04831915721297264 conf_frac=0.750 (1564s)
[mlx] fixed step 3500 ce=1.2962 total=1.2962 grad=5.4323015213012695 conf_frac=0.750 (1569s)
[mlx] fixed step 3510 ce=1.2406 total=1.2406 grad=12.965021133422852 conf_frac=0.750 (1573s)
[mlx] fixed step 3520 ce=0.7703 total=0.7703 grad=1.5105526447296143 conf_frac=0.750 (1577s)
[mlx] fixed step 3530 ce=1.5404 total=1.5404 grad=4.085389614105225 conf_frac=0.250 (1582s)
[mlx] fixed step 3540 ce=0.8749 total=0.8749 grad=0.9810173511505127 conf_frac=0.250 (1588s)
[mlx] fixed step 3550 ce=1.2544 total=1.2544 grad=0.09021861106157303 conf_frac=0.500 (1592s)
[mlx] fixed step 3560 ce=0.7264 total=0.7264 grad=0.0015371661866083741 conf_frac=0.000 (1597s)
[mlx] fixed step 3570 ce=1.4716 total=1.4716 grad=0.14787890017032623 conf_frac=0.750 (1601s)
[mlx] fixed step 3580 ce=1.0504 total=1.0504 grad=0.10611019283533096 conf_frac=0.250 (1605s)
[mlx] fixed step 3590 ce=1.3895 total=1.3895 grad=5.698155879974365 conf_frac=0.500 (1610s)
[mlx] fixed step 3600 ce=1.1992 total=1.1992 grad=0.013906863518059254 conf_frac=0.250 (1614s)
[mlx] fixed step 3610 ce=1.2216 total=1.2216 grad=0.10548844188451767 conf_frac=0.750 (1619s)
[mlx] fixed step 3620 ce=1.0679 total=1.0679 grad=4.862083911895752 conf_frac=0.000 (1623s)
[mlx] fixed step 3630 ce=1.0841 total=1.0841 grad=2.9565255641937256 conf_frac=0.500 (1627s)
[mlx] fixed step 3640 ce=0.8201 total=0.8201 grad=3.0167994499206543 conf_frac=0.750 (1631s)
[mlx] fixed step 3650 ce=0.9234 total=0.9234 grad=0.4259357452392578 conf_frac=0.250 (1636s)
[mlx] fixed step 3660 ce=0.7326 total=0.7326 grad=3.7071359157562256 conf_frac=0.500 (1640s)
[mlx] fixed step 3670 ce=1.1643 total=1.1643 grad=3.2890677452087402 conf_frac=0.500 (1645s)
[mlx] fixed step 3680 ce=0.3936 total=0.3936 grad=0.12495315074920654 conf_frac=0.500 (1649s)
[mlx] fixed step 3690 ce=1.3420 total=1.3420 grad=5.237312316894531 conf_frac=0.750 (1654s)
[mlx] fixed step 3700 ce=1.0287 total=1.0287 grad=6.737680912017822 conf_frac=0.250 (1658s)
[mlx] fixed step 3710 ce=0.9085 total=0.9085 grad=0.3884888291358948 conf_frac=0.250 (1663s)
[mlx] fixed step 3720 ce=1.1307 total=1.1307 grad=5.725930690765381 conf_frac=0.500 (1667s)
[mlx] fixed step 3730 ce=1.2291 total=1.2291 grad=2.1994943618774414 conf_frac=0.500 (1672s)
[mlx] fixed step 3740 ce=0.9635 total=0.9635 grad=5.57531213760376 conf_frac=0.500 (1676s)
[mlx] fixed step 3750 ce=1.1166 total=1.1166 grad=2.7731709480285645 conf_frac=0.000 (1681s)
[mlx] fixed step 3760 ce=0.7212 total=0.7212 grad=4.849612712860107 conf_frac=0.500 (1685s)
[mlx] fixed step 3770 ce=0.3120 total=0.3120 grad=0.11491258442401886 conf_frac=0.500 (1689s)
[mlx] fixed step 3780 ce=0.9133 total=0.9133 grad=0.6938968896865845 conf_frac=0.500 (1694s)
[mlx] fixed step 3790 ce=1.3703 total=1.3703 grad=0.04695528373122215 conf_frac=0.250 (1698s)
[mlx] fixed step 3800 ce=1.1372 total=1.1372 grad=0.4590397775173187 conf_frac=0.750 (1702s)
[mlx] fixed step 3810 ce=1.2171 total=1.2171 grad=5.0788774490356445 conf_frac=0.750 (1707s)
[mlx] fixed step 3820 ce=1.1570 total=1.1570 grad=6.226905345916748 conf_frac=0.250 (1711s)
[mlx] fixed step 3830 ce=1.2189 total=1.2189 grad=0.6404163241386414 conf_frac=0.750 (1716s)
[mlx] fixed step 3840 ce=0.5728 total=0.5728 grad=0.045704953372478485 conf_frac=0.750 (1721s)
[mlx] fixed step 3850 ce=1.5132 total=1.5132 grad=2.6255273818969727 conf_frac=0.750 (1726s)
[mlx] fixed step 3860 ce=0.8001 total=0.8001 grad=0.0051931580528616905 conf_frac=0.000 (1731s)
[mlx] fixed step 3870 ce=0.9502 total=0.9502 grad=2.1682798862457275 conf_frac=0.250 (1735s)
[mlx] fixed step 3880 ce=0.8629 total=0.8629 grad=0.13853557407855988 conf_frac=0.250 (1739s)
[mlx] fixed step 3890 ce=0.5966 total=0.5966 grad=4.802695274353027 conf_frac=0.500 (1744s)
[mlx] fixed step 3900 ce=1.1546 total=1.1546 grad=6.554453284479678e-05 conf_frac=0.000 (1748s)
[mlx] fixed step 3910 ce=0.6571 total=0.6571 grad=3.792222023010254 conf_frac=0.750 (1753s)
[mlx] fixed step 3920 ce=1.5316 total=1.5316 grad=2.2831718921661377 conf_frac=0.500 (1758s)
[mlx] fixed step 3930 ce=0.7831 total=0.7831 grad=4.699591159820557 conf_frac=0.250 (1764s)
[mlx] fixed step 3940 ce=1.2912 total=1.2912 grad=5.437284562503919e-05 conf_frac=0.000 (1768s)
[mlx] fixed step 3950 ce=0.6405 total=0.6405 grad=0.5132978558540344 conf_frac=0.500 (1772s)
[mlx] fixed step 3960 ce=0.7742 total=0.7742 grad=0.7563018798828125 conf_frac=0.500 (1777s)
[mlx] fixed step 3970 ce=0.7660 total=0.7660 grad=5.066574573516846 conf_frac=0.750 (1781s)
[mlx] fixed step 3980 ce=0.8141 total=0.8141 grad=2.211280107498169 conf_frac=0.750 (1786s)
[mlx] fixed step 3990 ce=0.9927 total=0.9927 grad=2.397831916809082 conf_frac=0.250 (1790s)
[mlx] fixed step 4000 ce=0.5065 total=0.5065 grad=2.1911537647247314 conf_frac=0.500 (1795s)
[mlx] fixed step 4010 ce=0.5746 total=0.5746 grad=11.46419906616211 conf_frac=0.250 (1799s)
[mlx] fixed step 4020 ce=0.6747 total=0.6747 grad=2.1675124168395996 conf_frac=0.500 (1804s)
[mlx] fixed step 4030 ce=0.4342 total=0.4342 grad=5.351828575134277 conf_frac=1.000 (1809s)
[mlx] fixed step 4040 ce=0.6517 total=0.6517 grad=1.9611338376998901 conf_frac=0.500 (1813s)
[mlx] fixed step 4050 ce=0.3058 total=0.3058 grad=3.879369020462036 conf_frac=0.750 (1818s)
[mlx] fixed step 4060 ce=0.6681 total=0.6681 grad=1.9015151262283325 conf_frac=0.250 (1823s)
[mlx] fixed step 4070 ce=0.3301 total=0.3301 grad=4.270559787750244 conf_frac=0.750 (1827s)
[mlx] fixed step 4080 ce=0.0839 total=0.0839 grad=1.6537020206451416 conf_frac=0.500 (1832s)
[mlx] fixed step 4090 ce=0.5942 total=0.5942 grad=3.207805871963501 conf_frac=0.500 (1836s)
[mlx] fixed step 4100 ce=0.4234 total=0.4234 grad=2.3514249324798584 conf_frac=1.000 (1840s)
[mlx] fixed step 4110 ce=0.2689 total=0.2689 grad=5.2259016036987305 conf_frac=0.500 (1845s)
[mlx] fixed step 4120 ce=0.2108 total=0.2108 grad=4.160387992858887 conf_frac=0.500 (1849s)
[mlx] fixed step 4130 ce=0.5588 total=0.5588 grad=2.3828749656677246 conf_frac=0.750 (1854s)
[mlx] fixed step 4140 ce=0.3151 total=0.3151 grad=1.0641940832138062 conf_frac=0.750 (1858s)
[mlx] fixed step 4150 ce=0.5544 total=0.5544 grad=0.5229742527008057 conf_frac=0.500 (1863s)
[mlx] fixed step 4160 ce=0.1842 total=0.1842 grad=0.0008629859075881541 conf_frac=0.000 (1867s)
[mlx] fixed step 4170 ce=0.3136 total=0.3136 grad=0.30562812089920044 conf_frac=0.500 (1872s)
[mlx] fixed step 4180 ce=0.5123 total=0.5123 grad=4.447490215301514 conf_frac=0.500 (1876s)
[mlx] fixed step 4190 ce=0.4696 total=0.4696 grad=0.030539024621248245 conf_frac=0.250 (1881s)
[mlx] fixed step 4200 ce=0.5739 total=0.5739 grad=4.832559585571289 conf_frac=0.250 (1886s)
[mlx] fixed step 4210 ce=0.3653 total=0.3653 grad=3.084815740585327 conf_frac=0.750 (1890s)
[mlx] fixed step 4220 ce=0.4546 total=0.4546 grad=3.9954442977905273 conf_frac=0.750 (1894s)
[mlx] fixed step 4230 ce=0.6834 total=0.6834 grad=0.7384887337684631 conf_frac=0.750 (1898s)
[mlx] fixed step 4240 ce=0.2664 total=0.2664 grad=0.4109567105770111 conf_frac=0.500 (1903s)
[mlx] fixed step 4250 ce=0.5373 total=0.5373 grad=0.19510561227798462 conf_frac=0.500 (1908s)
[mlx] fixed step 4260 ce=0.8584 total=0.8584 grad=0.2427889108657837 conf_frac=0.500 (1912s)
[mlx] fixed step 4270 ce=0.4459 total=0.4459 grad=4.846190929412842 conf_frac=1.000 (1917s)
[mlx] fixed step 4280 ce=0.2317 total=0.2317 grad=0.7790217995643616 conf_frac=0.750 (1921s)
[mlx] fixed step 4290 ce=0.4417 total=0.4417 grad=0.66730135679245 conf_frac=0.500 (1926s)
[mlx] fixed step 4300 ce=0.3600 total=0.3600 grad=6.170584201812744 conf_frac=0.500 (1931s)
[mlx] fixed step 4310 ce=0.5411 total=0.5411 grad=0.23802132904529572 conf_frac=0.250 (1935s)
[mlx] fixed step 4320 ce=0.6176 total=0.6176 grad=0.3455035388469696 conf_frac=0.500 (1939s)
[mlx] fixed step 4330 ce=0.6786 total=0.6786 grad=0.02169591374695301 conf_frac=0.250 (1944s)
[mlx] fixed step 4340 ce=0.4671 total=0.4671 grad=0.5594102740287781 conf_frac=0.500 (1948s)
[mlx] fixed step 4350 ce=0.3002 total=0.3002 grad=6.082400798797607 conf_frac=0.500 (1953s)
[mlx] fixed step 4360 ce=0.3122 total=0.3122 grad=0.35776495933532715 conf_frac=0.500 (1957s)
[mlx] fixed step 4370 ce=0.3830 total=0.3830 grad=5.3060383796691895 conf_frac=0.750 (1961s)
[mlx] fixed step 4380 ce=0.3519 total=0.3519 grad=4.77800178527832 conf_frac=0.500 (1965s)
[mlx] fixed step 4390 ce=0.6941 total=0.6941 grad=4.522220611572266 conf_frac=0.750 (1970s)
[mlx] fixed step 4400 ce=0.6581 total=0.6581 grad=0.3718496859073639 conf_frac=0.250 (1974s)
[mlx] fixed step 4410 ce=0.9502 total=0.9502 grad=0.3946807384490967 conf_frac=0.750 (1979s)
[mlx] fixed step 4420 ce=0.3609 total=0.3609 grad=3.93082594871521 conf_frac=0.750 (1983s)
[mlx] fixed step 4430 ce=0.1750 total=0.1750 grad=0.14304201304912567 conf_frac=0.500 (1988s)
[mlx] fixed step 4440 ce=0.9735 total=0.9735 grad=5.241875648498535 conf_frac=0.750 (1993s)
[mlx] fixed step 4450 ce=0.2228 total=0.2228 grad=0.025177158415317535 conf_frac=0.250 (1997s)
[mlx] fixed step 4460 ce=0.6839 total=0.6839 grad=1.8501170873641968 conf_frac=0.500 (2001s)
[mlx] fixed step 4470 ce=0.1995 total=0.1995 grad=1.550243616104126 conf_frac=0.500 (2005s)
[mlx] fixed step 4480 ce=0.3737 total=0.3737 grad=0.1860646903514862 conf_frac=0.500 (2010s)
[mlx] fixed step 4490 ce=0.5832 total=0.5832 grad=6.53440523147583 conf_frac=0.250 (2015s)
[mlx] fixed step 4500 ce=1.2373 total=1.2373 grad=0.09304210543632507 conf_frac=0.250 (2019s)
[mlx] fixed step 4510 ce=0.4900 total=0.4900 grad=0.12901698052883148 conf_frac=0.250 (2024s)
[mlx] fixed step 4520 ce=0.4155 total=0.4155 grad=4.078676223754883 conf_frac=1.000 (2028s)
[mlx] fixed step 4530 ce=0.7193 total=0.7193 grad=2.284487724304199 conf_frac=0.750 (2033s)
[mlx] fixed step 4540 ce=0.5442 total=0.5442 grad=5.309205532073975 conf_frac=0.750 (2038s)
[mlx] fixed step 4550 ce=0.6309 total=0.6309 grad=0.2705215811729431 conf_frac=0.750 (2042s)
[mlx] fixed step 4560 ce=0.5688 total=0.5688 grad=0.8983210325241089 conf_frac=0.750 (2046s)
[mlx] fixed step 4570 ce=0.4736 total=0.4736 grad=0.18473364412784576 conf_frac=0.250 (2051s)
[mlx] fixed step 4580 ce=0.3958 total=0.3958 grad=0.7424219846725464 conf_frac=0.500 (2055s)
[mlx] fixed step 4590 ce=0.5278 total=0.5278 grad=4.362071990966797 conf_frac=0.500 (2059s)
[mlx] fixed step 4600 ce=0.3813 total=0.3813 grad=0.38807007670402527 conf_frac=0.500 (2064s)
[mlx] fixed step 4610 ce=0.7958 total=0.7958 grad=0.022904545068740845 conf_frac=0.250 (2068s)
[mlx] fixed step 4620 ce=0.1510 total=0.1510 grad=0.3971460461616516 conf_frac=0.500 (2073s)
[mlx] fixed step 4630 ce=0.4842 total=0.4842 grad=0.1840134859085083 conf_frac=0.500 (2078s)
[mlx] fixed step 4640 ce=0.1408 total=0.1408 grad=5.096948146820068 conf_frac=0.500 (2082s)
[mlx] fixed step 4650 ce=0.3639 total=0.3639 grad=4.081589221954346 conf_frac=0.500 (2086s)
[mlx] fixed step 4660 ce=0.1921 total=0.1921 grad=0.017807062715291977 conf_frac=0.500 (2091s)
[mlx] fixed step 4670 ce=0.2062 total=0.2062 grad=0.0 conf_frac=0.000 (2095s)
[mlx] fixed step 4680 ce=0.4686 total=0.4686 grad=0.01268145814538002 conf_frac=0.250 (2100s)
[mlx] fixed step 4690 ce=0.4050 total=0.4050 grad=0.018403660506010056 conf_frac=0.250 (2104s)
[mlx] fixed step 4700 ce=0.1450 total=0.1450 grad=2.5885415077209473 conf_frac=0.250 (2109s)
[mlx] fixed step 4710 ce=0.3859 total=0.3859 grad=0.05032241344451904 conf_frac=0.250 (2113s)
[mlx] fixed step 4720 ce=0.3216 total=0.3216 grad=0.11703861504793167 conf_frac=0.250 (2118s)
[mlx] fixed step 4730 ce=0.7187 total=0.7187 grad=2.477445125579834 conf_frac=0.750 (2122s)
[mlx] fixed step 4740 ce=0.6130 total=0.6130 grad=0.013316618278622627 conf_frac=0.250 (2127s)
[mlx] fixed step 4750 ce=0.5945 total=0.5945 grad=0.33476153016090393 conf_frac=0.500 (2131s)
[mlx] fixed step 4760 ce=0.9652 total=0.9652 grad=2.9670495986938477 conf_frac=0.750 (2135s)
[mlx] fixed step 4770 ce=0.4324 total=0.4324 grad=2.0299875736236572 conf_frac=1.000 (2140s)
[mlx] fixed step 4780 ce=0.6373 total=0.6373 grad=0.026015454903244972 conf_frac=0.250 (2144s)
[mlx] fixed step 4790 ce=0.1013 total=0.1013 grad=0.0776163786649704 conf_frac=0.500 (2149s)
[mlx] fixed step 4800 ce=0.2907 total=0.2907 grad=0.19637222588062286 conf_frac=0.250 (2153s)
[mlx] fixed step 4810 ce=0.9292 total=0.9292 grad=1.2517974376678467 conf_frac=0.750 (2158s)
[mlx] fixed step 4820 ce=0.4414 total=0.4414 grad=1.9355300664901733 conf_frac=0.500 (2163s)
[mlx] fixed step 4830 ce=0.5598 total=0.5598 grad=0.1855531632900238 conf_frac=0.250 (2167s)
[mlx] fixed step 4840 ce=0.2950 total=0.2950 grad=0.7179927825927734 conf_frac=0.250 (2171s)
[mlx] fixed step 4850 ce=0.3366 total=0.3366 grad=0.16885289549827576 conf_frac=0.250 (2176s)
[mlx] fixed step 4860 ce=0.6236 total=0.6236 grad=3.585745096206665 conf_frac=0.500 (2180s)
[mlx] fixed step 4870 ce=0.1747 total=0.1747 grad=0.6199259757995605 conf_frac=0.750 (2184s)
[mlx] fixed step 4880 ce=0.5117 total=0.5117 grad=5.1291399002075195 conf_frac=0.750 (2189s)
[mlx] fixed step 4890 ce=0.4321 total=0.4321 grad=2.767406702041626 conf_frac=0.500 (2193s)
[mlx] fixed step 4900 ce=0.4744 total=0.4744 grad=6.596133708953857 conf_frac=0.500 (2197s)
[mlx] fixed step 4910 ce=1.0159 total=1.0159 grad=5.088217258453369 conf_frac=0.750 (2201s)
[mlx] fixed step 4920 ce=0.3140 total=0.3140 grad=0.17008011043071747 conf_frac=0.750 (2206s)
[mlx] fixed step 4930 ce=0.6172 total=0.6172 grad=0.9693855047225952 conf_frac=0.250 (2211s)
[mlx] fixed step 4940 ce=0.9899 total=0.9899 grad=4.445777893066406 conf_frac=0.250 (2215s)
[mlx] fixed step 4950 ce=0.3781 total=0.3781 grad=10.271546363830566 conf_frac=0.000 (2220s)
[mlx] fixed step 4960 ce=0.7097 total=0.7097 grad=0.19300495088100433 conf_frac=0.750 (2225s)
[mlx] fixed step 4970 ce=0.2764 total=0.2764 grad=0.8997694849967957 conf_frac=0.500 (2230s)
[mlx] fixed step 4980 ce=0.5460 total=0.5460 grad=7.744838237762451 conf_frac=0.500 (2234s)
[mlx] fixed step 4990 ce=0.5460 total=0.5460 grad=5.049083483754657e-05 conf_frac=0.000 (2239s)
[mlx] fixed step 5000 ce=0.5899 total=0.5899 grad=0.5366995334625244 conf_frac=0.500 (2244s)
[mlx] fixed step 5010 ce=0.3371 total=0.3371 grad=1.0216526985168457 conf_frac=0.500 (2249s)
[mlx] fixed step 5020 ce=0.8518 total=0.8518 grad=6.396103858947754 conf_frac=0.750 (2253s)
[mlx] fixed step 5030 ce=0.5088 total=0.5088 grad=5.036517143249512 conf_frac=0.750 (2258s)
[mlx] fixed step 5040 ce=0.6913 total=0.6913 grad=5.103936672210693 conf_frac=0.750 (2262s)
[mlx] fixed step 5050 ce=0.8298 total=0.8298 grad=1.8379056453704834 conf_frac=0.250 (2267s)
[mlx] fixed step 5060 ce=1.0054 total=1.0054 grad=3.995479106903076 conf_frac=0.500 (2271s)
[mlx] fixed step 5070 ce=0.4693 total=0.4693 grad=0.228061705827713 conf_frac=0.500 (2276s)
[mlx] fixed step 5080 ce=1.0269 total=1.0269 grad=0.12269856780767441 conf_frac=0.500 (2280s)
[mlx] fixed step 5090 ce=0.5978 total=0.5978 grad=1.3943318128585815 conf_frac=0.250 (2285s)
[mlx] fixed step 5100 ce=0.7181 total=0.7181 grad=0.014710417948663235 conf_frac=0.250 (2290s)
[mlx] fixed step 5110 ce=0.6838 total=0.6838 grad=5.009010314941406 conf_frac=0.500 (2294s)
[mlx] fixed step 5120 ce=0.5600 total=0.5600 grad=1.359000325202942 conf_frac=0.750 (2298s)
[mlx] fixed step 5130 ce=0.4251 total=0.4251 grad=1.473201870918274 conf_frac=0.500 (2302s)
[mlx] fixed step 5140 ce=0.5210 total=0.5210 grad=0.08814935386180878 conf_frac=0.250 (2307s)
[mlx] fixed step 5150 ce=0.3761 total=0.3761 grad=0.7277947068214417 conf_frac=0.250 (2311s)
[mlx] fixed step 5160 ce=0.6108 total=0.6108 grad=2.1481549739837646 conf_frac=0.500 (2315s)
[mlx] fixed step 5170 ce=0.4928 total=0.4928 grad=0.17170166969299316 conf_frac=0.500 (2320s)
[mlx] fixed step 5180 ce=0.8514 total=0.8514 grad=0.011375641450285912 conf_frac=0.750 (2324s)
[mlx] fixed step 5190 ce=0.5046 total=0.5046 grad=1.6876094341278076 conf_frac=0.500 (2329s)
[mlx] fixed step 5200 ce=0.4377 total=0.4377 grad=4.245213985443115 conf_frac=0.500 (2335s)
[mlx] fixed step 5210 ce=0.3646 total=0.3646 grad=0.515108585357666 conf_frac=0.500 (2339s)
[mlx] fixed step 5220 ce=0.5852 total=0.5852 grad=0.7915708422660828 conf_frac=0.750 (2343s)
[mlx] fixed step 5230 ce=0.3675 total=0.3675 grad=0.8561269044876099 conf_frac=0.500 (2347s)
[mlx] fixed step 5240 ce=0.4003 total=0.4003 grad=0.9566860795021057 conf_frac=0.500 (2351s)
[mlx] fixed step 5250 ce=0.6109 total=0.6109 grad=5.0548272132873535 conf_frac=0.500 (2356s)
[mlx] fixed step 5260 ce=0.6169 total=0.6169 grad=0.4108242690563202 conf_frac=0.250 (2360s)
[mlx] fixed step 5270 ce=0.3720 total=0.3720 grad=2.3697848320007324 conf_frac=0.750 (2365s)
[mlx] fixed step 5280 ce=0.4827 total=0.4827 grad=0.10394666343927383 conf_frac=0.250 (2369s)
[mlx] fixed step 5290 ce=0.4600 total=0.4600 grad=0.032947927713394165 conf_frac=0.500 (2374s)
[mlx] fixed step 5300 ce=0.3392 total=0.3392 grad=0.29539045691490173 conf_frac=0.500 (2379s)
[mlx] fixed step 5310 ce=0.1811 total=0.1811 grad=1.1371638774871826 conf_frac=0.250 (2383s)
[mlx] fixed step 5320 ce=0.6947 total=0.6947 grad=4.345708847045898 conf_frac=0.500 (2389s)
[mlx] fixed step 5330 ce=0.8174 total=0.8174 grad=1.5015075206756592 conf_frac=1.000 (2393s)
[mlx] fixed step 5340 ce=0.5825 total=0.5825 grad=1.044724464416504 conf_frac=0.750 (2398s)
[mlx] fixed step 5350 ce=0.3486 total=0.3486 grad=0.7572452425956726 conf_frac=0.500 (2402s)
[mlx] fixed step 5360 ce=0.7278 total=0.7278 grad=0.056534960865974426 conf_frac=0.500 (2406s)
[mlx] fixed step 5370 ce=0.6234 total=0.6234 grad=0.009251094423234463 conf_frac=0.250 (2411s)
[mlx] fixed step 5380 ce=0.5051 total=0.5051 grad=0.8869974613189697 conf_frac=0.500 (2416s)
[mlx] fixed step 5390 ce=0.2714 total=0.2714 grad=0.5258967876434326 conf_frac=1.000 (2420s)
[mlx] fixed step 5400 ce=0.5282 total=0.5282 grad=0.05373801663517952 conf_frac=0.500 (2425s)
[mlx] fixed step 5410 ce=0.2929 total=0.2929 grad=0.1683119684457779 conf_frac=0.250 (2430s)
[mlx] fixed step 5420 ce=0.9424 total=0.9424 grad=1.3005640506744385 conf_frac=0.500 (2434s)
[mlx] fixed step 5430 ce=0.5035 total=0.5035 grad=5.521780490875244 conf_frac=0.500 (2438s)
[mlx] fixed step 5440 ce=0.6551 total=0.6551 grad=6.927340030670166 conf_frac=1.000 (2443s)
[mlx] fixed step 5450 ce=0.4471 total=0.4471 grad=1.4483721256256104 conf_frac=0.500 (2447s)
[mlx] fixed step 5460 ce=0.5315 total=0.5315 grad=3.1942925453186035 conf_frac=1.000 (2451s)
[mlx] fixed step 5470 ce=0.8984 total=0.8984 grad=0.0002274419239256531 conf_frac=0.000 (2456s)
[mlx] fixed step 5480 ce=0.3744 total=0.3744 grad=3.486821413040161 conf_frac=0.750 (2460s)
[mlx] fixed step 5490 ce=0.4454 total=0.4454 grad=0.042633865028619766 conf_frac=0.250 (2464s)
[mlx] fixed step 5500 ce=0.6143 total=0.6143 grad=8.511067390441895 conf_frac=0.750 (2469s)
[mlx] fixed step 5510 ce=0.6020 total=0.6020 grad=3.572676181793213 conf_frac=0.250 (2473s)
[mlx] fixed step 5520 ce=0.2201 total=0.2201 grad=0.24191908538341522 conf_frac=0.500 (2478s)
[mlx] fixed step 5530 ce=0.9654 total=0.9654 grad=3.879915475845337 conf_frac=0.250 (2482s)
[mlx] fixed step 5540 ce=0.9627 total=0.9627 grad=7.301638603210449 conf_frac=0.500 (2486s)
[mlx] fixed step 5550 ce=0.5409 total=0.5409 grad=0.8203973770141602 conf_frac=0.750 (2491s)
[mlx] fixed step 5560 ce=0.7082 total=0.7082 grad=0.040818359702825546 conf_frac=0.250 (2495s)
[mlx] fixed step 5570 ce=0.3724 total=0.3724 grad=0.20337548851966858 conf_frac=0.500 (2500s)
[mlx] fixed step 5580 ce=0.7289 total=0.7289 grad=0.021843597292900085 conf_frac=0.500 (2504s)
[mlx] fixed step 5590 ce=0.4560 total=0.4560 grad=2.4922714233398438 conf_frac=0.500 (2509s)
[mlx] fixed step 5600 ce=0.1685 total=0.1685 grad=5.326353073120117 conf_frac=0.250 (2513s)
[mlx] fixed step 5610 ce=0.7422 total=0.7422 grad=0.10268191248178482 conf_frac=0.250 (2518s)
[mlx] fixed step 5620 ce=0.2646 total=0.2646 grad=0.16783376038074493 conf_frac=0.750 (2522s)
[mlx] fixed step 5630 ce=0.8170 total=0.8170 grad=0.049955543130636215 conf_frac=0.250 (2526s)
[mlx] fixed step 5640 ce=1.0799 total=1.0799 grad=0.415159672498703 conf_frac=0.750 (2530s)
[mlx] fixed step 5650 ce=0.7592 total=0.7592 grad=5.308407783508301 conf_frac=0.500 (2535s)
[mlx] fixed step 5660 ce=0.5241 total=0.5241 grad=0.352863609790802 conf_frac=0.250 (2539s)
[mlx] fixed step 5670 ce=0.5120 total=0.5120 grad=0.1205253079533577 conf_frac=0.750 (2543s)
[mlx] fixed step 5680 ce=0.5067 total=0.5067 grad=1.484864592552185 conf_frac=0.750 (2548s)
[mlx] fixed step 5690 ce=0.6619 total=0.6619 grad=0.12939828634262085 conf_frac=0.250 (2552s)
[mlx] fixed step 5700 ce=0.4802 total=0.4802 grad=8.79450511932373 conf_frac=0.250 (2556s)
[mlx] fixed step 5710 ce=0.7698 total=0.7698 grad=0.20607739686965942 conf_frac=0.750 (2561s)
[mlx] fixed step 5720 ce=0.7962 total=0.7962 grad=0.009605025872588158 conf_frac=0.750 (2566s)
[mlx] fixed step 5730 ce=0.5142 total=0.5142 grad=0.006901166867464781 conf_frac=0.750 (2571s)
[mlx] fixed step 5740 ce=0.2230 total=0.2230 grad=1.082360863685608 conf_frac=0.750 (2575s)
[mlx] fixed step 5750 ce=0.3367 total=0.3367 grad=4.623673915863037 conf_frac=0.500 (2580s)
[mlx] fixed step 5760 ce=0.4410 total=0.4410 grad=0.03738303482532501 conf_frac=0.250 (2584s)
[mlx] fixed step 5770 ce=0.7993 total=0.7993 grad=3.7115015983581543 conf_frac=1.000 (2589s)
[mlx] fixed step 5780 ce=0.4636 total=0.4636 grad=3.836686849594116 conf_frac=0.250 (2593s)
[mlx] fixed step 5790 ce=0.4567 total=0.4567 grad=0.12110710889101028 conf_frac=0.250 (2598s)
[mlx] fixed step 5800 ce=0.2852 total=0.2852 grad=0.11349314451217651 conf_frac=0.750 (2602s)
[mlx] fixed step 5810 ce=0.2697 total=0.2697 grad=0.16196541488170624 conf_frac=0.500 (2606s)
[mlx] fixed step 5820 ce=1.3420 total=1.3420 grad=2.8527045249938965 conf_frac=0.500 (2611s)
[mlx] fixed step 5830 ce=0.3720 total=0.3720 grad=0.08035100251436234 conf_frac=0.500 (2615s)
[mlx] fixed step 5840 ce=0.4672 total=0.4672 grad=5.093716621398926 conf_frac=0.750 (2619s)
[mlx] fixed step 5850 ce=0.2421 total=0.2421 grad=0.9759043455123901 conf_frac=1.000 (2623s)
[mlx] fixed step 5860 ce=0.9837 total=0.9837 grad=0.20602311193943024 conf_frac=0.250 (2628s)
[mlx] fixed step 5870 ce=0.2934 total=0.2934 grad=4.699995517730713 conf_frac=0.750 (2632s)
[mlx] fixed step 5880 ce=0.6133 total=0.6133 grad=1.9269208908081055 conf_frac=0.250 (2637s)
[mlx] fixed step 5890 ce=0.5946 total=0.5946 grad=5.722897529602051 conf_frac=0.500 (2641s)
[mlx] fixed step 5900 ce=0.7491 total=0.7491 grad=4.985507011413574 conf_frac=0.750 (2646s)
[mlx] fixed step 5910 ce=0.9279 total=0.9279 grad=0.031829848885536194 conf_frac=0.250 (2650s)
[mlx] fixed step 5920 ce=0.6815 total=0.6815 grad=0.22401964664459229 conf_frac=0.750 (2655s)
[mlx] fixed step 5930 ce=0.4069 total=0.4069 grad=1.3970719575881958 conf_frac=0.500 (2660s)
[mlx] fixed step 5940 ce=0.9053 total=0.9053 grad=5.20175313949585 conf_frac=0.250 (2664s)
[mlx] fixed step 5950 ce=0.8596 total=0.8596 grad=0.5187305808067322 conf_frac=0.250 (2669s)
[mlx] fixed step 5960 ce=0.4048 total=0.4048 grad=0.013617727905511856 conf_frac=0.250 (2674s)
[mlx] fixed step 5970 ce=0.8148 total=0.8148 grad=0.04314211755990982 conf_frac=0.250 (2678s)
[mlx] fixed step 5980 ce=0.5554 total=0.5554 grad=5.467088222503662 conf_frac=0.250 (2683s)
[mlx] fixed step 5990 ce=0.2880 total=0.2880 grad=0.004631164018064737 conf_frac=0.250 (2688s)
[mlx] fixed step 6000 ce=0.6444 total=0.6444 grad=5.45783805847168 conf_frac=0.500 (2693s)
[mlx] fixed post-train (n=8008) acc=0.9377 majority=0.4993 dist={'[CONFIDENT]': 0.4737762237762238, '[COND_CONFIDENT]': 0.060814185814185816, '[TEMPORAL_HEDGE]': 0.4654095904095904, '[UNKNOWN]': 0.0}
[mlx] fixed accuracy lift over majority-class baseline: +0.4384 (discriminating)
[mlx] fixed finished: 6006 steps in 2695.2s
[mlx] saved adapter -> data/prep/tcl_mlx_llama3/sft_only_seed4/adapter_fixed

[mlx] wrote data/prep/tcl_mlx_llama3/sft_only_seed4/loss_log.csv
[mlx] wrote data/prep/tcl_mlx_llama3/sft_only_seed4/run_meta.json
=== train sft_only seed 4 wall 3226s
[gen] 3622 examples | source=temporal-delta:test | arm=sft_only | adapter=data/prep/tcl_mlx_llama3/sft_only_seed4/adapter_fixed
[transformers] Ignoring clean_up_tokenization_spaces=True for BPE tokenizer TokenizersBackend. The clean_up_tokenization post-processing step is designed for WordPiece tokenizers and is destructive for BPE (it strips spaces before punctuation). Set clean_up_tokenization_spaces=False to suppress this warning, or set clean_up_tokenization_spaces_for_bpe_even_though_it_will_corrupt_output=True to force cleanup anyway.
[gen] 100/3622  EM=0.030 hedge_acc=0.980 fallback=0.000 (20s, 0.20s/ex)
[gen] 200/3622  EM=0.020 hedge_acc=0.985 fallback=0.005 (42s, 0.21s/ex)
[gen] 300/3622  EM=0.063 hedge_acc=0.983 fallback=0.003 (64s, 0.21s/ex)
[gen] 400/3622  EM=0.065 hedge_acc=0.988 fallback=0.003 (86s, 0.21s/ex)
[gen] 500/3622  EM=0.058 hedge_acc=0.990 fallback=0.002 (107s, 0.21s/ex)
[gen] 600/3622  EM=0.048 hedge_acc=0.992 fallback=0.002 (126s, 0.21s/ex)
[gen] 700/3622  EM=0.046 hedge_acc=0.993 fallback=0.001 (147s, 0.21s/ex)
[gen] 800/3622  EM=0.041 hedge_acc=0.994 fallback=0.001 (171s, 0.21s/ex)
[gen] 900/3622  EM=0.037 hedge_acc=0.994 fallback=0.001 (195s, 0.22s/ex)
[gen] 1000/3622  EM=0.033 hedge_acc=0.995 fallback=0.001 (218s, 0.22s/ex)
[gen] 1100/3622  EM=0.030 hedge_acc=0.995 fallback=0.001 (241s, 0.22s/ex)
[gen] 1200/3622  EM=0.028 hedge_acc=0.996 fallback=0.001 (264s, 0.22s/ex)
[gen] 1300/3622  EM=0.027 hedge_acc=0.996 fallback=0.001 (286s, 0.22s/ex)
[gen] 1400/3622  EM=0.026 hedge_acc=0.996 fallback=0.001 (307s, 0.22s/ex)
[gen] 1500/3622  EM=0.024 hedge_acc=0.997 fallback=0.001 (329s, 0.22s/ex)
[gen] 1600/3622  EM=0.022 hedge_acc=0.997 fallback=0.001 (352s, 0.22s/ex)
[gen] 1700/3622  EM=0.024 hedge_acc=0.996 fallback=0.001 (373s, 0.22s/ex)
[gen] 1800/3622  EM=0.024 hedge_acc=0.996 fallback=0.001 (395s, 0.22s/ex)
[gen] 1900/3622  EM=0.024 hedge_acc=0.996 fallback=0.001 (416s, 0.22s/ex)
[gen] 2000/3622  EM=0.025 hedge_acc=0.997 fallback=0.001 (438s, 0.22s/ex)
[gen] 2100/3622  EM=0.024 hedge_acc=0.997 fallback=0.000 (460s, 0.22s/ex)
[gen] 2200/3622  EM=0.024 hedge_acc=0.997 fallback=0.000 (482s, 0.22s/ex)
[gen] 2300/3622  EM=0.023 hedge_acc=0.997 fallback=0.000 (503s, 0.22s/ex)
[gen] 2400/3622  EM=0.025 hedge_acc=0.997 fallback=0.000 (524s, 0.22s/ex)
[gen] 2500/3622  EM=0.026 hedge_acc=0.997 fallback=0.001 (545s, 0.22s/ex)
[gen] 2600/3622  EM=0.026 hedge_acc=0.997 fallback=0.001 (567s, 0.22s/ex)
[gen] 2700/3622  EM=0.025 hedge_acc=0.997 fallback=0.001 (589s, 0.22s/ex)
[gen] 2800/3622  EM=0.025 hedge_acc=0.997 fallback=0.001 (611s, 0.22s/ex)
[gen] 2900/3622  EM=0.024 hedge_acc=0.997 fallback=0.001 (632s, 0.22s/ex)
[gen] 3000/3622  EM=0.023 hedge_acc=0.997 fallback=0.001 (655s, 0.22s/ex)
[gen] 3100/3622  EM=0.023 hedge_acc=0.997 fallback=0.001 (678s, 0.22s/ex)
[gen] 3200/3622  EM=0.022 hedge_acc=0.998 fallback=0.001 (701s, 0.22s/ex)
[gen] 3300/3622  EM=0.022 hedge_acc=0.998 fallback=0.001 (721s, 0.22s/ex)
[gen] 3400/3622  EM=0.024 hedge_acc=0.997 fallback=0.001 (739s, 0.22s/ex)
[gen] 3500/3622  EM=0.023 hedge_acc=0.997 fallback=0.001 (758s, 0.22s/ex)
[gen] 3600/3622  EM=0.022 hedge_acc=0.998 fallback=0.001 (778s, 0.22s/ex)

[gen] wrote data/prep/predictions_llama3/sft_only_seed4_test.jsonl
[gen] n=3622  EM=0.0224  hedge_acc=0.9975  fallback_rate=0.0006  wall=783s
=== eval sft_only seed 4 test wall 787s
[gen] 413 examples | source=freshqa | arm=sft_only | adapter=data/prep/tcl_mlx_llama3/sft_only_seed4/adapter_fixed
[transformers] Ignoring clean_up_tokenization_spaces=True for BPE tokenizer TokenizersBackend. The clean_up_tokenization post-processing step is designed for WordPiece tokenizers and is destructive for BPE (it strips spaces before punctuation). Set clean_up_tokenization_spaces=False to suppress this warning, or set clean_up_tokenization_spaces_for_bpe_even_though_it_will_corrupt_output=True to force cleanup anyway.
[gen] 100/413  EM=0.070 hedge_acc=0.000 fallback=0.030 (20s, 0.20s/ex)
[gen] 200/413  EM=0.125 hedge_acc=0.405 fallback=0.020 (40s, 0.20s/ex)
[gen] 300/413  EM=0.090 hedge_acc=0.383 fallback=0.017 (58s, 0.19s/ex)
[gen] 400/413  EM=0.095 hedge_acc=0.338 fallback=0.013 (77s, 0.19s/ex)

[gen] wrote data/prep/predictions_llama3/sft_only_seed4_freshqa.jsonl
[gen] n=413  EM=0.0944  hedge_acc=0.3269  fallback_rate=0.0121  wall=79s
=== eval sft_only seed 4 freshqa wall 83s
=== sft_only seed 4 done 2026-09-29T16:21:27Z
=== committed seed 4 pair 1643cd3 Item 5 LLaMA-3: seed 4 pair (TSCT and plain fine-tuning), trained and evaluated
=== ALL LLAMA3 SEEDS DONE 2026-09-29T16:21:27Z
=== watchdog 2026-09-29T16:21:44Z: exiting
