=== start 2026-09-28T10:40:48Z
[mlx] loaded 4008 raw examples

[mlx] === condition: fixed ===
Fetching 9 files:   0%|          | 0/9 [00:00<?, ?it/s]Fetching 9 files: 100%|██████████| 9/9 [00:00<00:00, 57281.85it/s]
[mlx] hedge ids (no resize): [151665, 151666, 151667, 151668]
[mlx] adapted output projection: lm_head (untied)
Trainable parameters: 0.168% (12.780M/7615.617M)
[mlx] 4008 examples after tokenisation (max_len=128)
[mlx] hedge-head check: logit spread=0.000000 contrast_grad_norm=1293.093872
[mlx] fixed pre-train (n=4008) acc=0.4394 majority=0.4988 dist={'[CONFIDENT]': 1.0, '[COND_CONFIDENT]': 0.0, '[TEMPORAL_HEDGE]': 0.0, '[UNKNOWN]': 0.0}
[mlx] fixed step 0 ce=11.7797 total=11.8204 grad=3.5471248626708984 conf_frac=1.000 (1s)
[mlx] fixed step 10 ce=2.8318 total=2.9147 grad=6.72068452835083 conf_frac=0.000 (8s)
[mlx] fixed step 20 ce=2.9359 total=3.0419 grad=0.7016642689704895 conf_frac=0.000 (17s)
[mlx] fixed step 30 ce=2.0239 total=2.0802 grad=10.945931434631348 conf_frac=0.000 (25s)
[mlx] fixed step 40 ce=1.6429 total=1.7083 grad=41.256134033203125 conf_frac=1.000 (35s)
=== NOTE 2026-09-28T10:46:35Z: item5 seed-2 run aborted by the agent: --n-per-volatility 2000 gave 4,008 examples vs the Aug seeds' 8,008. Rescheduled with 4000 in run_queue_d3b.sh
=== start 2026-09-28T12:47:38Z
[mlx] loaded 8008 raw examples

[mlx] === condition: fixed ===
Fetching 9 files:   0%|          | 0/9 [00:00<?, ?it/s]Fetching 9 files: 100%|██████████| 9/9 [00:00<00:00, 22166.02it/s]
[mlx] hedge ids (no resize): [151665, 151666, 151667, 151668]
[mlx] adapted output projection: lm_head (untied)
Trainable parameters: 0.168% (12.780M/7615.617M)
[mlx] 8008 examples after tokenisation (max_len=128)
[mlx] hedge-head check: logit spread=0.000000 contrast_grad_norm=1048.275024
[mlx] fixed pre-train (n=8008) acc=0.4377 majority=0.4994 dist={'[CONFIDENT]': 1.0, '[COND_CONFIDENT]': 0.0, '[TEMPORAL_HEDGE]': 0.0, '[UNKNOWN]': 0.0}
[mlx] fixed step 0 ce=13.0909 total=13.1516 grad=4.913531303405762 conf_frac=1.000 (1s)
[mlx] fixed step 10 ce=2.8906 total=2.9629 grad=6.416396617889404 conf_frac=0.000 (9s)
[mlx] fixed step 20 ce=2.1450 total=2.2569 grad=51.58316421508789 conf_frac=1.000 (17s)
[mlx] fixed step 30 ce=2.9908 total=3.0670 grad=4.118063926696777 conf_frac=0.000 (26s)
[mlx] fixed step 40 ce=1.7056 total=1.7240 grad=23.99365234375 conf_frac=0.250 (34s)
[mlx] fixed step 50 ce=2.7981 total=2.8485 grad=6.92824649810791 conf_frac=1.000 (43s)
[mlx] fixed step 60 ce=2.0878 total=2.1280 grad=6.903944492340088 conf_frac=0.750 (51s)
[mlx] fixed step 70 ce=2.0524 total=2.0983 grad=1.121984839439392 conf_frac=0.000 (59s)
[mlx] fixed step 80 ce=2.5542 total=2.6099 grad=2.0068931579589844 conf_frac=1.000 (68s)
[mlx] fixed step 90 ce=1.8557 total=1.9062 grad=17.519145965576172 conf_frac=0.000 (76s)
[mlx] fixed step 100 ce=1.0938 total=1.1426 grad=11.420759201049805 conf_frac=1.000 (85s)
[mlx] fixed step 110 ce=2.2829 total=2.3345 grad=13.803071975708008 conf_frac=0.500 (94s)
[mlx] fixed step 120 ce=1.9881 total=2.0178 grad=3.8788464069366455 conf_frac=0.250 (102s)
[mlx] fixed step 130 ce=2.6263 total=2.6812 grad=16.166372299194336 conf_frac=0.500 (111s)
[mlx] fixed step 140 ce=2.2461 total=2.3018 grad=7.236489772796631 conf_frac=0.000 (120s)
[mlx] fixed step 150 ce=2.0359 total=2.0973 grad=7.3377885818481445 conf_frac=0.750 (130s)
[mlx] fixed step 160 ce=1.7023 total=1.7548 grad=4.741257190704346 conf_frac=1.000 (142s)
[mlx] fixed step 170 ce=1.6326 total=1.7873 grad=20.759376525878906 conf_frac=0.000 (150s)
[mlx] fixed step 180 ce=2.0379 total=2.0976 grad=8.396075248718262 conf_frac=0.750 (159s)
[mlx] fixed step 190 ce=1.7070 total=1.7744 grad=14.030274391174316 conf_frac=0.250 (167s)
[mlx] fixed step 200 ce=1.7593 total=1.8377 grad=13.510735511779785 conf_frac=1.000 (176s)
[mlx] fixed step 210 ce=2.4406 total=2.5409 grad=3.696634531021118 conf_frac=1.000 (185s)
[mlx] fixed step 220 ce=1.4379 total=1.4781 grad=5.050398349761963 conf_frac=0.750 (193s)
[mlx] fixed step 230 ce=2.2415 total=2.3067 grad=6.7891621589660645 conf_frac=0.250 (202s)
[mlx] fixed step 240 ce=1.6651 total=1.7078 grad=14.217164039611816 conf_frac=0.500 (212s)
[mlx] fixed step 250 ce=1.7469 total=1.8143 grad=11.160773277282715 conf_frac=1.000 (221s)
[mlx] fixed step 260 ce=1.6447 total=1.6871 grad=3.728057384490967 conf_frac=0.750 (229s)
[mlx] fixed step 270 ce=1.4523 total=1.4932 grad=5.465969085693359 conf_frac=0.250 (238s)
[mlx] fixed step 280 ce=2.3117 total=2.3877 grad=0.8624348640441895 conf_frac=0.750 (247s)
[mlx] fixed step 290 ce=1.8829 total=1.9099 grad=9.474523544311523 conf_frac=0.500 (256s)
[mlx] fixed step 300 ce=1.8054 total=1.8255 grad=1.4986165761947632 conf_frac=0.500 (264s)
[mlx] fixed step 310 ce=1.6570 total=1.6948 grad=6.912444591522217 conf_frac=0.750 (273s)
[mlx] fixed step 320 ce=2.7880 total=2.8184 grad=2.244035482406616 conf_frac=0.500 (282s)
[mlx] fixed step 330 ce=1.9777 total=2.0041 grad=6.614978313446045 conf_frac=0.500 (290s)
[mlx] fixed step 340 ce=1.9786 total=2.0160 grad=4.141092300415039 conf_frac=0.250 (299s)
[mlx] fixed step 350 ce=2.3769 total=2.4195 grad=6.929591178894043 conf_frac=0.500 (307s)
[mlx] fixed step 360 ce=1.8349 total=1.8988 grad=6.419386863708496 conf_frac=0.250 (317s)
[mlx] fixed step 370 ce=1.4106 total=1.4998 grad=13.657708168029785 conf_frac=1.000 (325s)
[mlx] fixed step 380 ce=1.9675 total=2.0280 grad=16.382034301757812 conf_frac=0.500 (333s)
[mlx] fixed step 390 ce=2.0330 total=2.0929 grad=1.23159921169281 conf_frac=0.000 (342s)
[mlx] fixed step 400 ce=1.6426 total=1.6822 grad=18.908599853515625 conf_frac=0.750 (351s)
[mlx] fixed step 410 ce=2.9451 total=2.9671 grad=8.587858200073242 conf_frac=0.500 (359s)
[mlx] fixed step 420 ce=1.9254 total=1.9597 grad=16.730453491210938 conf_frac=0.750 (367s)
[mlx] fixed step 430 ce=1.6360 total=1.6976 grad=4.900885581970215 conf_frac=0.750 (376s)
[mlx] fixed step 440 ce=1.5438 total=1.5821 grad=10.111085891723633 conf_frac=0.750 (385s)
[mlx] fixed step 450 ce=1.8886 total=1.9138 grad=6.770150184631348 conf_frac=0.500 (393s)
[mlx] fixed step 460 ce=1.0765 total=1.1012 grad=14.618968963623047 conf_frac=0.500 (401s)
[mlx] fixed step 470 ce=1.7795 total=1.8125 grad=5.330140590667725 conf_frac=0.500 (410s)
[mlx] fixed step 480 ce=2.1729 total=2.2156 grad=3.306945562362671 conf_frac=0.750 (418s)
[mlx] fixed step 490 ce=2.4309 total=2.4603 grad=10.046126365661621 conf_frac=0.750 (427s)
[mlx] fixed step 500 ce=2.7008 total=2.7342 grad=3.583618402481079 conf_frac=0.250 (435s)
[mlx] fixed step 510 ce=2.0705 total=2.0921 grad=8.50174617767334 conf_frac=0.500 (443s)
[mlx] fixed step 520 ce=2.1449 total=2.1690 grad=2.9346930980682373 conf_frac=0.500 (451s)
[mlx] fixed step 530 ce=1.9105 total=1.9304 grad=6.232844352722168 conf_frac=0.500 (459s)
[mlx] fixed step 540 ce=2.0127 total=2.1256 grad=2.8472506999969482 conf_frac=0.000 (468s)
[mlx] fixed step 550 ce=2.6825 total=2.7047 grad=10.083637237548828 conf_frac=0.500 (477s)
[mlx] fixed step 560 ce=1.6300 total=1.6950 grad=5.72977352142334 conf_frac=0.250 (485s)
[mlx] fixed step 570 ce=2.1172 total=2.1330 grad=4.3089752197265625 conf_frac=0.500 (495s)
[mlx] fixed step 580 ce=1.4926 total=1.5138 grad=5.576873779296875 conf_frac=0.500 (503s)
[mlx] fixed step 590 ce=2.1471 total=2.1649 grad=3.114555835723877 conf_frac=0.500 (511s)
[mlx] fixed step 600 ce=2.0624 total=2.0833 grad=6.524141788482666 conf_frac=0.250 (519s)
[mlx] fixed step 610 ce=1.3060 total=1.3561 grad=5.147617340087891 conf_frac=0.250 (529s)
[mlx] fixed step 620 ce=1.1583 total=1.1866 grad=2.953310966491699 conf_frac=0.500 (537s)
[mlx] fixed step 630 ce=1.6283 total=1.6454 grad=7.752173900604248 conf_frac=0.750 (546s)
[mlx] fixed step 640 ce=1.9703 total=2.0079 grad=13.785310745239258 conf_frac=0.750 (555s)
[mlx] fixed step 650 ce=1.7816 total=1.8040 grad=6.700560569763184 conf_frac=0.500 (563s)
[mlx] fixed step 660 ce=1.6861 total=1.7260 grad=5.215681552886963 conf_frac=0.250 (572s)
[mlx] fixed step 670 ce=1.8924 total=1.9177 grad=8.052926063537598 conf_frac=0.500 (580s)
[mlx] fixed step 680 ce=1.3227 total=1.3630 grad=3.514145612716675 conf_frac=0.250 (589s)
[mlx] fixed step 690 ce=2.8034 total=2.8221 grad=5.714645862579346 conf_frac=0.500 (597s)
[mlx] fixed step 700 ce=2.4399 total=2.4580 grad=4.896950721740723 conf_frac=0.500 (606s)
[mlx] fixed step 710 ce=2.0856 total=2.1593 grad=16.821834564208984 conf_frac=1.000 (614s)
[mlx] fixed step 720 ce=1.2664 total=1.3178 grad=0.6791666150093079 conf_frac=0.750 (623s)
[mlx] fixed step 730 ce=1.5119 total=1.5763 grad=6.773554801940918 conf_frac=0.250 (631s)
[mlx] fixed step 740 ce=2.1411 total=2.1750 grad=1.6326162815093994 conf_frac=0.750 (640s)
[mlx] fixed step 750 ce=1.2016 total=1.2435 grad=18.243898391723633 conf_frac=0.500 (648s)
[mlx] fixed step 760 ce=1.7283 total=1.7556 grad=8.513655662536621 conf_frac=0.500 (657s)
[mlx] fixed step 770 ce=1.5252 total=1.5760 grad=1.1613035202026367 conf_frac=0.750 (665s)
[mlx] fixed step 780 ce=1.8352 total=1.8972 grad=1.5024656057357788 conf_frac=0.750 (674s)
[mlx] fixed step 790 ce=1.8522 total=1.8780 grad=2.3243019580841064 conf_frac=0.500 (683s)
[mlx] fixed step 800 ce=2.3385 total=2.3652 grad=8.043396949768066 conf_frac=0.750 (691s)
[mlx] fixed step 810 ce=2.5341 total=2.5648 grad=2.840897798538208 conf_frac=0.250 (701s)
[mlx] fixed step 820 ce=1.5315 total=1.5573 grad=8.36705207824707 conf_frac=0.500 (709s)
[mlx] fixed step 830 ce=2.1349 total=2.1750 grad=13.111414909362793 conf_frac=0.750 (718s)
[mlx] fixed step 840 ce=1.7363 total=1.7929 grad=5.298949718475342 conf_frac=0.750 (726s)
[mlx] fixed step 850 ce=2.1252 total=2.1459 grad=7.478202819824219 conf_frac=0.500 (735s)
[mlx] fixed step 860 ce=1.7692 total=1.8104 grad=4.026686191558838 conf_frac=0.250 (744s)
[mlx] fixed step 870 ce=1.9155 total=1.9353 grad=6.6448163986206055 conf_frac=0.500 (753s)
[mlx] fixed step 880 ce=1.9369 total=1.9703 grad=10.080680847167969 conf_frac=0.500 (762s)
[mlx] fixed step 890 ce=2.5237 total=2.5472 grad=7.1835408210754395 conf_frac=0.500 (772s)
[mlx] fixed step 900 ce=1.9435 total=1.9651 grad=7.028069972991943 conf_frac=0.500 (780s)
[mlx] fixed step 910 ce=1.9203 total=1.9588 grad=11.188599586486816 conf_frac=0.500 (788s)
[mlx] fixed step 920 ce=1.8828 total=1.9258 grad=5.359053611755371 conf_frac=0.250 (797s)
[mlx] fixed step 930 ce=1.7031 total=1.7941 grad=3.8896429538726807 conf_frac=0.750 (806s)
[mlx] fixed step 940 ce=1.3018 total=1.3558 grad=7.695566654205322 conf_frac=0.750 (815s)
[mlx] fixed step 950 ce=2.4447 total=2.4652 grad=7.719650745391846 conf_frac=0.500 (823s)
[mlx] fixed step 960 ce=2.3069 total=2.3410 grad=2.7066311836242676 conf_frac=0.500 (831s)
[mlx] fixed step 970 ce=2.0568 total=2.1038 grad=3.3154284954071045 conf_frac=0.750 (841s)
[mlx] fixed step 980 ce=1.8852 total=1.9067 grad=2.45078706741333 conf_frac=0.500 (850s)
[mlx] fixed step 990 ce=2.2061 total=2.3527 grad=1.212991714477539 conf_frac=1.000 (859s)
[mlx] fixed step 1000 ce=3.2669 total=3.2927 grad=8.37735366821289 conf_frac=0.250 (868s)
[mlx] fixed step 1010 ce=3.0328 total=3.0682 grad=4.177114963531494 conf_frac=0.500 (876s)
[mlx] fixed step 1020 ce=2.5924 total=2.7169 grad=3.1263680458068848 conf_frac=0.000 (884s)
[mlx] fixed step 1030 ce=2.3358 total=2.3571 grad=7.101681232452393 conf_frac=0.500 (893s)
[mlx] fixed step 1040 ce=1.8078 total=1.8581 grad=4.8858795166015625 conf_frac=0.250 (901s)
[mlx] fixed step 1050 ce=2.3112 total=2.3695 grad=0.8451036810874939 conf_frac=0.750 (909s)
[mlx] fixed step 1060 ce=2.3142 total=2.4225 grad=1.3456854820251465 conf_frac=0.000 (918s)
[mlx] fixed step 1070 ce=1.6484 total=1.6709 grad=8.039165496826172 conf_frac=0.500 (925s)
[mlx] fixed step 1080 ce=1.5110 total=1.5637 grad=4.802101135253906 conf_frac=0.250 (934s)
[mlx] fixed step 1090 ce=1.5249 total=1.5572 grad=13.804117202758789 conf_frac=0.750 (942s)
[mlx] fixed step 1100 ce=1.8526 total=1.9099 grad=5.293858051300049 conf_frac=0.250 (950s)
[mlx] fixed step 1110 ce=1.9370 total=1.9599 grad=6.7840094566345215 conf_frac=0.500 (957s)
[mlx] fixed step 1120 ce=1.6302 total=1.6432 grad=3.20082950592041 conf_frac=0.500 (965s)
[mlx] fixed step 1130 ce=1.3608 total=1.4115 grad=8.724344253540039 conf_frac=0.750 (973s)
[mlx] fixed step 1140 ce=1.0916 total=1.1295 grad=12.036322593688965 conf_frac=0.750 (982s)
[mlx] fixed step 1150 ce=1.8538 total=1.9550 grad=4.0366435050964355 conf_frac=0.750 (990s)
[mlx] fixed step 1160 ce=1.5985 total=1.6396 grad=3.9745304584503174 conf_frac=0.750 (998s)
[mlx] fixed step 1170 ce=2.7610 total=2.7917 grad=7.090621471405029 conf_frac=0.500 (1006s)
[mlx] fixed step 1180 ce=1.0817 total=1.1260 grad=1.906551718711853 conf_frac=0.750 (1014s)
[mlx] fixed step 1190 ce=1.8475 total=1.8710 grad=6.632618427276611 conf_frac=0.500 (1022s)
[mlx] fixed step 1200 ce=2.1429 total=2.1738 grad=9.761946678161621 conf_frac=0.500 (1031s)
[mlx] fixed step 1210 ce=1.5514 total=1.5679 grad=8.646173477172852 conf_frac=0.500 (1040s)
[mlx] fixed step 1220 ce=1.3198 total=1.3483 grad=4.694720268249512 conf_frac=0.500 (1049s)
[mlx] fixed step 1230 ce=1.0811 total=1.2859 grad=2.291508913040161 conf_frac=1.000 (1057s)
[mlx] fixed step 1240 ce=1.3864 total=1.4255 grad=1.8096355199813843 conf_frac=0.500 (1065s)
[mlx] fixed step 1250 ce=2.0976 total=2.1205 grad=5.709705829620361 conf_frac=0.500 (1074s)
[mlx] fixed step 1260 ce=1.8250 total=1.8521 grad=2.9992833137512207 conf_frac=0.500 (1084s)
[mlx] fixed step 1270 ce=1.5826 total=1.6110 grad=10.54969310760498 conf_frac=0.250 (1093s)
[mlx] fixed step 1280 ce=2.9685 total=3.0069 grad=7.758912563323975 conf_frac=0.500 (1102s)
[mlx] fixed step 1290 ce=1.4637 total=1.4941 grad=4.554725646972656 conf_frac=0.500 (1114s)
[mlx] fixed step 1300 ce=2.6437 total=2.6651 grad=8.10091781616211 conf_frac=0.500 (1123s)
[mlx] fixed step 1310 ce=1.4789 total=1.5688 grad=4.0803303718566895 conf_frac=0.000 (1131s)
[mlx] fixed step 1320 ce=1.8546 total=1.9405 grad=1.5033600330352783 conf_frac=0.000 (1140s)
[mlx] fixed step 1330 ce=0.6642 total=0.7442 grad=2.175776720046997 conf_frac=0.750 (1149s)
[mlx] fixed step 1340 ce=2.3108 total=2.3432 grad=6.931543827056885 conf_frac=0.500 (1158s)
[mlx] fixed step 1350 ce=1.8810 total=1.9095 grad=6.492762088775635 conf_frac=0.250 (1166s)
[mlx] fixed step 1360 ce=2.0074 total=2.0414 grad=3.442930221557617 conf_frac=0.500 (1175s)
[mlx] fixed step 1370 ce=1.2073 total=1.2525 grad=2.3989474773406982 conf_frac=0.750 (1184s)
[mlx] fixed step 1380 ce=1.8223 total=1.8564 grad=3.4437973499298096 conf_frac=0.250 (1193s)
[mlx] fixed step 1390 ce=1.6299 total=1.6850 grad=6.670910358428955 conf_frac=0.750 (1201s)
[mlx] fixed step 1400 ce=2.8079 total=2.8382 grad=2.1300344467163086 conf_frac=0.500 (1209s)
[mlx] fixed step 1410 ce=1.2135 total=1.2454 grad=8.294551849365234 conf_frac=0.500 (1218s)
[mlx] fixed step 1420 ce=1.9634 total=2.0249 grad=4.023705005645752 conf_frac=0.250 (1226s)
[mlx] fixed step 1430 ce=1.8976 total=1.9627 grad=7.246217250823975 conf_frac=0.750 (1234s)
[mlx] fixed step 1440 ce=1.5689 total=1.6041 grad=12.126715660095215 conf_frac=0.750 (1243s)
[mlx] fixed step 1450 ce=1.8597 total=1.8749 grad=5.150298118591309 conf_frac=0.250 (1252s)
[mlx] fixed step 1460 ce=1.6672 total=1.7571 grad=8.036271095275879 conf_frac=0.750 (1260s)
[mlx] fixed step 1470 ce=2.3621 total=2.4041 grad=14.869078636169434 conf_frac=0.750 (1269s)
[mlx] fixed step 1480 ce=2.3835 total=2.4576 grad=5.3980488777160645 conf_frac=0.750 (1277s)
[mlx] fixed step 1490 ce=1.4591 total=1.4927 grad=2.916492223739624 conf_frac=0.500 (1286s)
[mlx] fixed step 1500 ce=1.9008 total=1.9565 grad=5.815042495727539 conf_frac=0.250 (1295s)
[mlx] fixed step 1510 ce=1.4834 total=1.5335 grad=9.438106536865234 conf_frac=0.750 (1303s)
[mlx] fixed step 1520 ce=2.1779 total=2.2018 grad=2.2396275997161865 conf_frac=0.250 (1312s)
[mlx] fixed step 1530 ce=1.3330 total=1.3607 grad=6.0752081871032715 conf_frac=0.500 (1320s)
[mlx] fixed step 1540 ce=1.6805 total=1.7104 grad=0.2954701781272888 conf_frac=0.000 (1328s)
[mlx] fixed step 1550 ce=1.9910 total=2.0255 grad=5.70900297164917 conf_frac=0.500 (1336s)
[mlx] fixed step 1560 ce=2.6831 total=2.7962 grad=2.815187692642212 conf_frac=0.000 (1345s)
[mlx] fixed step 1570 ce=1.9431 total=1.9710 grad=3.2142415046691895 conf_frac=0.250 (1353s)
[mlx] fixed step 1580 ce=1.2589 total=1.3142 grad=4.222709655761719 conf_frac=0.250 (1361s)
[mlx] fixed step 1590 ce=1.4623 total=1.5035 grad=2.5984771251678467 conf_frac=0.750 (1370s)
[mlx] fixed step 1600 ce=1.6089 total=1.6280 grad=4.042356014251709 conf_frac=0.250 (1378s)
[mlx] fixed step 1610 ce=2.0122 total=2.0691 grad=6.473930835723877 conf_frac=0.250 (1386s)
[mlx] fixed step 1620 ce=1.5284 total=1.5812 grad=6.181506156921387 conf_frac=0.250 (1395s)
[mlx] fixed step 1630 ce=1.7895 total=1.8148 grad=2.5751185417175293 conf_frac=0.250 (1403s)
[mlx] fixed step 1640 ce=3.0624 total=3.1001 grad=3.2620646953582764 conf_frac=0.250 (1412s)
[mlx] fixed step 1650 ce=1.0066 total=1.0511 grad=5.727120399475098 conf_frac=0.750 (1420s)
[mlx] fixed step 1660 ce=1.5156 total=1.6070 grad=8.208372116088867 conf_frac=1.000 (1428s)
[mlx] fixed step 1670 ce=1.7887 total=1.8007 grad=3.6727917194366455 conf_frac=0.250 (1436s)
[mlx] fixed step 1680 ce=1.7752 total=1.8412 grad=7.916323184967041 conf_frac=0.750 (1445s)
[mlx] fixed step 1690 ce=1.5036 total=1.5464 grad=16.346946716308594 conf_frac=0.750 (1453s)
[mlx] fixed step 1700 ce=1.5194 total=1.5446 grad=8.417710304260254 conf_frac=0.500 (1461s)
[mlx] fixed step 1710 ce=2.2267 total=2.2487 grad=1.7839245796203613 conf_frac=0.250 (1469s)
[mlx] fixed step 1720 ce=2.4523 total=2.4740 grad=6.091567039489746 conf_frac=0.500 (1476s)
[mlx] fixed step 1730 ce=2.9795 total=3.0355 grad=4.31319522857666 conf_frac=0.250 (1485s)
[mlx] fixed step 1740 ce=2.2672 total=2.2884 grad=7.8126702308654785 conf_frac=0.500 (1492s)
[mlx] fixed step 1750 ce=2.1643 total=2.2258 grad=0.6199238300323486 conf_frac=0.000 (1500s)
[mlx] fixed step 1760 ce=1.2630 total=1.2979 grad=2.7983896732330322 conf_frac=0.250 (1508s)
[mlx] fixed step 1770 ce=2.0776 total=2.1476 grad=21.041603088378906 conf_frac=1.000 (1516s)
[mlx] fixed step 1780 ce=1.9345 total=1.9845 grad=11.928559303283691 conf_frac=0.750 (1524s)
[mlx] fixed step 1790 ce=1.9054 total=1.9581 grad=1.3625733852386475 conf_frac=0.750 (1532s)
[mlx] fixed step 1800 ce=2.0715 total=2.0956 grad=7.660426616668701 conf_frac=0.500 (1541s)
[mlx] fixed step 1810 ce=2.0112 total=2.0992 grad=0.6092552542686462 conf_frac=0.750 (1549s)
[mlx] fixed step 1820 ce=2.0783 total=2.1046 grad=11.00943374633789 conf_frac=0.500 (1558s)
[mlx] fixed step 1830 ce=1.8127 total=1.8479 grad=4.090814113616943 conf_frac=0.500 (1566s)
[mlx] fixed step 1840 ce=1.8562 total=1.9560 grad=2.67885684967041 conf_frac=0.750 (1575s)
[mlx] fixed step 1850 ce=1.3018 total=1.3865 grad=1.927237629890442 conf_frac=0.000 (1583s)
[mlx] fixed step 1860 ce=2.3934 total=2.4150 grad=7.194255828857422 conf_frac=0.500 (1591s)
[mlx] fixed step 1870 ce=2.4606 total=2.5535 grad=2.2783737182617188 conf_frac=0.750 (1599s)
[mlx] fixed step 1880 ce=1.7336 total=1.7704 grad=4.1234002113342285 conf_frac=0.250 (1607s)
[mlx] fixed step 1890 ce=2.6769 total=2.7143 grad=3.620528221130371 conf_frac=0.750 (1616s)
[mlx] fixed step 1900 ce=3.1717 total=3.2103 grad=2.927199363708496 conf_frac=0.250 (1624s)
[mlx] fixed step 1910 ce=3.2575 total=3.3036 grad=4.059990882873535 conf_frac=0.250 (1632s)
[mlx] fixed step 1920 ce=2.9092 total=3.0247 grad=1.7508585453033447 conf_frac=0.000 (1641s)
[mlx] fixed step 1930 ce=2.4148 total=2.5017 grad=0.6711215972900391 conf_frac=0.000 (1649s)
[mlx] fixed step 1940 ce=1.3563 total=1.4100 grad=5.657778263092041 conf_frac=0.250 (1659s)
[mlx] fixed step 1950 ce=2.1478 total=2.1935 grad=13.658212661743164 conf_frac=0.750 (1667s)
[mlx] fixed step 1960 ce=1.6176 total=1.6355 grad=3.46459698677063 conf_frac=0.250 (1676s)
[mlx] fixed step 1970 ce=1.5562 total=1.5894 grad=4.17125940322876 conf_frac=0.500 (1684s)
[mlx] fixed step 1980 ce=1.4125 total=1.4308 grad=4.8920207023620605 conf_frac=0.500 (1693s)
[mlx] fixed step 1990 ce=2.2609 total=2.3004 grad=1.3939275741577148 conf_frac=0.500 (1701s)
[mlx] fixed step 2000 ce=1.8866 total=1.9443 grad=4.227866172790527 conf_frac=0.250 (1710s)
[mlx] fixed step 2010 ce=0.8355 total=0.8579 grad=3.4474551677703857 conf_frac=0.500 (1718s)
[mlx] fixed step 2020 ce=0.5177 total=0.6545 grad=1.3908134698867798 conf_frac=0.000 (1727s)
[mlx] fixed step 2030 ce=1.1705 total=1.1870 grad=6.006166458129883 conf_frac=0.500 (1736s)
[mlx] fixed step 2040 ce=0.8931 total=0.9298 grad=8.378310203552246 conf_frac=0.500 (1744s)
[mlx] fixed step 2050 ce=1.1064 total=1.1333 grad=7.027279853820801 conf_frac=0.500 (1753s)
[mlx] fixed step 2060 ce=1.2885 total=1.3599 grad=2.5117368698120117 conf_frac=0.750 (1761s)
[mlx] fixed step 2070 ce=1.0495 total=1.1899 grad=9.280448913574219 conf_frac=1.000 (1769s)
[mlx] fixed step 2080 ce=1.4065 total=1.4647 grad=4.484695911407471 conf_frac=0.250 (1778s)
[mlx] fixed step 2090 ce=0.5939 total=0.6159 grad=5.603527069091797 conf_frac=0.500 (1787s)
[mlx] fixed step 2100 ce=1.3083 total=1.4197 grad=1.2025244235992432 conf_frac=0.000 (1796s)
[mlx] fixed step 2110 ce=1.1173 total=1.1800 grad=13.286764144897461 conf_frac=0.750 (1806s)
[mlx] fixed step 2120 ce=1.2887 total=1.3159 grad=5.791122913360596 conf_frac=0.500 (1814s)
[mlx] fixed step 2130 ce=0.7173 total=0.7991 grad=9.515027046203613 conf_frac=0.750 (1822s)
[mlx] fixed step 2140 ce=0.8637 total=0.9243 grad=11.801952362060547 conf_frac=0.500 (1830s)
[mlx] fixed step 2150 ce=1.0913 total=1.1332 grad=5.452579021453857 conf_frac=0.250 (1837s)
[mlx] fixed step 2160 ce=1.1552 total=1.1747 grad=2.5633606910705566 conf_frac=0.500 (1846s)
[mlx] fixed step 2170 ce=0.8464 total=0.8909 grad=12.653064727783203 conf_frac=0.500 (1855s)
[mlx] fixed step 2180 ce=0.9322 total=0.9761 grad=1.3268764019012451 conf_frac=0.500 (1863s)
[mlx] fixed step 2190 ce=1.7379 total=1.7678 grad=4.0697407722473145 conf_frac=0.250 (1871s)
[mlx] fixed step 2200 ce=1.2420 total=1.2945 grad=1.1922489404678345 conf_frac=0.000 (1880s)
[mlx] fixed step 2210 ce=0.5848 total=0.7615 grad=6.569499492645264 conf_frac=1.000 (1887s)
[mlx] fixed step 2220 ce=1.3165 total=1.3378 grad=6.106264591217041 conf_frac=0.500 (1896s)
[mlx] fixed step 2230 ce=1.4494 total=1.4852 grad=3.5749871730804443 conf_frac=0.500 (1904s)
[mlx] fixed step 2240 ce=1.3066 total=1.3247 grad=3.4636824131011963 conf_frac=0.250 (1912s)
[mlx] fixed step 2250 ce=1.5385 total=1.5810 grad=15.757804870605469 conf_frac=0.750 (1921s)
[mlx] fixed step 2260 ce=0.9517 total=0.9812 grad=7.398743152618408 conf_frac=0.500 (1929s)
[mlx] fixed step 2270 ce=1.3968 total=1.4206 grad=8.541177749633789 conf_frac=0.500 (1937s)
[mlx] fixed step 2280 ce=1.8543 total=1.8809 grad=5.859617233276367 conf_frac=0.500 (1946s)
[mlx] fixed step 2290 ce=1.3318 total=1.3833 grad=4.27079963684082 conf_frac=0.250 (1955s)
[mlx] fixed step 2300 ce=1.0429 total=1.1088 grad=2.6132757663726807 conf_frac=1.000 (1963s)
[mlx] fixed step 2310 ce=0.3798 total=0.4038 grad=9.531152725219727 conf_frac=0.500 (1971s)
[mlx] fixed step 2320 ce=1.2946 total=1.4793 grad=8.407291412353516 conf_frac=1.000 (1980s)
[mlx] fixed step 2330 ce=1.6702 total=1.7378 grad=0.6605976223945618 conf_frac=0.750 (1989s)
[mlx] fixed step 2340 ce=0.7259 total=0.7991 grad=7.801126003265381 conf_frac=0.500 (1997s)
[mlx] fixed step 2350 ce=1.0788 total=1.1325 grad=9.5013427734375 conf_frac=0.750 (2005s)
[mlx] fixed step 2360 ce=1.5046 total=1.5399 grad=10.177288055419922 conf_frac=0.500 (2013s)
[mlx] fixed step 2370 ce=1.5021 total=1.5378 grad=1.4631602764129639 conf_frac=0.500 (2021s)
[mlx] fixed step 2380 ce=0.6563 total=0.7044 grad=13.13705825805664 conf_frac=0.750 (2030s)
[mlx] fixed step 2390 ce=1.8760 total=1.9139 grad=2.767603874206543 conf_frac=0.250 (2038s)
[mlx] fixed step 2400 ce=0.8657 total=0.9012 grad=4.427492141723633 conf_frac=0.250 (2047s)
[mlx] fixed step 2410 ce=0.8202 total=0.8538 grad=3.658022880554199 conf_frac=0.250 (2055s)
[mlx] fixed step 2420 ce=1.3627 total=1.3785 grad=4.373595714569092 conf_frac=0.250 (2064s)
[mlx] fixed step 2430 ce=2.0010 total=2.0453 grad=6.672631740570068 conf_frac=0.250 (2073s)
[mlx] fixed step 2440 ce=1.8394 total=1.8703 grad=3.5332179069519043 conf_frac=0.250 (2081s)
[mlx] fixed step 2450 ce=1.3710 total=1.4059 grad=3.3101625442504883 conf_frac=0.250 (2090s)
[mlx] fixed step 2460 ce=0.8664 total=0.8930 grad=6.247255325317383 conf_frac=0.500 (2099s)
[mlx] fixed step 2470 ce=1.3388 total=1.4037 grad=6.491674900054932 conf_frac=0.250 (2108s)
[mlx] fixed step 2480 ce=1.1123 total=1.1547 grad=3.9409067630767822 conf_frac=0.500 (2117s)
[mlx] fixed step 2490 ce=1.0233 total=1.0816 grad=4.516605377197266 conf_frac=0.250 (2126s)
[mlx] fixed step 2500 ce=1.7590 total=1.8362 grad=10.140654563903809 conf_frac=0.750 (2133s)
[mlx] fixed step 2510 ce=1.3022 total=1.3253 grad=8.494757652282715 conf_frac=0.500 (2141s)
[mlx] fixed step 2520 ce=1.2880 total=1.3538 grad=8.9371976852417 conf_frac=0.750 (2151s)
[mlx] fixed step 2530 ce=2.0731 total=2.1739 grad=1.148975133895874 conf_frac=0.000 (2160s)
[mlx] fixed step 2540 ce=0.7960 total=0.8188 grad=7.120917320251465 conf_frac=0.500 (2168s)
[mlx] fixed step 2550 ce=0.7938 total=0.8367 grad=15.384590148925781 conf_frac=0.750 (2177s)
[mlx] fixed step 2560 ce=1.1284 total=1.1561 grad=3.4861032962799072 conf_frac=0.250 (2185s)
[mlx] fixed step 2570 ce=1.1779 total=1.2722 grad=0.744143545627594 conf_frac=0.000 (2194s)
[mlx] fixed step 2580 ce=0.4559 total=0.4867 grad=3.118960380554199 conf_frac=0.250 (2203s)
[mlx] fixed step 2590 ce=0.3866 total=0.4175 grad=5.68263578414917 conf_frac=0.500 (2211s)
[mlx] fixed step 2600 ce=1.3573 total=1.4052 grad=2.9448018074035645 conf_frac=0.750 (2219s)
[mlx] fixed step 2610 ce=1.4573 total=1.4776 grad=9.067909240722656 conf_frac=0.500 (2228s)
[mlx] fixed step 2620 ce=1.3703 total=1.4182 grad=9.742776870727539 conf_frac=0.750 (2236s)
[mlx] fixed step 2630 ce=1.1989 total=1.2627 grad=8.601909637451172 conf_frac=0.750 (2243s)
[mlx] fixed step 2640 ce=1.1840 total=1.2116 grad=10.57497787475586 conf_frac=0.500 (2252s)
[mlx] fixed step 2650 ce=1.2126 total=1.2272 grad=6.218522071838379 conf_frac=0.250 (2261s)
[mlx] fixed step 2660 ce=1.2844 total=1.3123 grad=8.813563346862793 conf_frac=0.500 (2270s)
[mlx] fixed step 2670 ce=1.5676 total=1.5891 grad=9.592300415039062 conf_frac=0.500 (2278s)
[mlx] fixed step 2680 ce=0.8585 total=0.9129 grad=12.415340423583984 conf_frac=0.750 (2287s)
[mlx] fixed step 2690 ce=1.8905 total=1.9274 grad=4.475564956665039 conf_frac=0.250 (2296s)
[mlx] fixed step 2700 ce=1.6051 total=1.6328 grad=2.023988723754883 conf_frac=0.250 (2304s)
[mlx] fixed step 2710 ce=0.9182 total=0.9610 grad=8.430133819580078 conf_frac=0.750 (2311s)
[mlx] fixed step 2720 ce=0.7266 total=0.7787 grad=6.662680625915527 conf_frac=0.750 (2321s)
[mlx] fixed step 2730 ce=0.9636 total=1.0321 grad=6.130862236022949 conf_frac=0.750 (2329s)
[mlx] fixed step 2740 ce=0.6986 total=0.7342 grad=3.0286221504211426 conf_frac=0.250 (2338s)
[mlx] fixed step 2750 ce=1.2793 total=1.3338 grad=8.978989601135254 conf_frac=0.750 (2346s)
[mlx] fixed step 2760 ce=2.0813 total=2.1246 grad=2.4304747581481934 conf_frac=0.250 (2355s)
[mlx] fixed step 2770 ce=1.0236 total=1.0428 grad=3.12408709526062 conf_frac=0.500 (2365s)
[mlx] fixed step 2780 ce=0.9391 total=0.9844 grad=3.1901862621307373 conf_frac=0.250 (2373s)
[mlx] fixed step 2790 ce=2.0040 total=2.0251 grad=7.204225540161133 conf_frac=0.500 (2382s)
[mlx] fixed step 2800 ce=0.5352 total=0.6865 grad=8.182342529296875 conf_frac=1.000 (2390s)
[mlx] fixed step 2810 ce=1.6022 total=1.6343 grad=4.54425048828125 conf_frac=0.500 (2399s)
[mlx] fixed step 2820 ce=1.0531 total=1.0748 grad=2.4682464599609375 conf_frac=0.500 (2407s)
[mlx] fixed step 2830 ce=0.8097 total=0.8232 grad=4.884839057922363 conf_frac=0.250 (2416s)
[mlx] fixed step 2840 ce=1.8234 total=1.8712 grad=4.3444013595581055 conf_frac=0.250 (2424s)
[mlx] fixed step 2850 ce=0.6018 total=0.6243 grad=4.129611015319824 conf_frac=0.250 (2434s)
[mlx] fixed step 2860 ce=1.4128 total=1.5115 grad=2.326589822769165 conf_frac=0.750 (2442s)
[mlx] fixed step 2870 ce=1.0879 total=1.1339 grad=5.515961170196533 conf_frac=0.250 (2451s)
[mlx] fixed step 2880 ce=1.7407 total=1.8416 grad=1.0329099893569946 conf_frac=0.000 (2461s)
[mlx] fixed step 2890 ce=0.8544 total=0.8795 grad=5.358616352081299 conf_frac=0.500 (2470s)
[mlx] fixed step 2900 ce=1.0128 total=1.0831 grad=6.797792911529541 conf_frac=0.750 (2478s)
[mlx] fixed step 2910 ce=0.6360 total=0.7228 grad=17.73752212524414 conf_frac=1.000 (2486s)
[mlx] fixed step 2920 ce=0.7604 total=0.7940 grad=1.9487240314483643 conf_frac=0.250 (2495s)
[mlx] fixed step 2930 ce=0.9053 total=0.9383 grad=6.18259859085083 conf_frac=0.250 (2504s)
[mlx] fixed step 2940 ce=1.6506 total=1.7146 grad=5.807619571685791 conf_frac=0.250 (2513s)
[mlx] fixed step 2950 ce=1.1061 total=1.1607 grad=16.23626708984375 conf_frac=0.750 (2520s)
[mlx] fixed step 2960 ce=0.5648 total=0.7090 grad=10.872157096862793 conf_frac=1.000 (2529s)
[mlx] fixed step 2970 ce=1.2142 total=1.2425 grad=10.65394115447998 conf_frac=0.500 (2537s)
[mlx] fixed step 2980 ce=1.4530 total=1.4769 grad=5.283909797668457 conf_frac=0.250 (2547s)
[mlx] fixed step 2990 ce=1.0786 total=1.0940 grad=3.5298142433166504 conf_frac=0.250 (2556s)
[mlx] fixed step 3000 ce=1.0641 total=1.1202 grad=9.903182983398438 conf_frac=0.750 (2565s)
[mlx] fixed step 3010 ce=1.1612 total=1.1954 grad=7.441070079803467 conf_frac=0.500 (2573s)
[mlx] fixed step 3020 ce=1.1131 total=1.1934 grad=2.429072141647339 conf_frac=0.000 (2581s)
[mlx] fixed step 3030 ce=1.7906 total=1.8209 grad=2.6897904872894287 conf_frac=0.250 (2590s)
[mlx] fixed step 3040 ce=1.1672 total=1.2235 grad=5.740494251251221 conf_frac=0.250 (2599s)
[mlx] fixed step 3050 ce=1.6546 total=1.7056 grad=11.48550796508789 conf_frac=0.750 (2607s)
[mlx] fixed step 3060 ce=1.6784 total=1.7162 grad=13.393325805664062 conf_frac=0.750 (2615s)
[mlx] fixed step 3070 ce=1.3571 total=1.3889 grad=2.218334197998047 conf_frac=0.500 (2625s)
[mlx] fixed step 3080 ce=1.3589 total=1.4135 grad=1.9517441987991333 conf_frac=0.000 (2633s)
[mlx] fixed step 3090 ce=0.8525 total=0.9257 grad=2.3275630474090576 conf_frac=1.000 (2641s)
[mlx] fixed step 3100 ce=1.3799 total=1.4050 grad=8.094247817993164 conf_frac=0.500 (2649s)
[mlx] fixed step 3110 ce=0.8705 total=0.9266 grad=10.713936805725098 conf_frac=0.750 (2658s)
[mlx] fixed step 3120 ce=1.7549 total=1.7814 grad=7.437088489532471 conf_frac=0.250 (2668s)
[mlx] fixed step 3130 ce=0.6351 total=0.6880 grad=6.070404052734375 conf_frac=0.250 (2677s)
[mlx] fixed step 3140 ce=0.9647 total=0.9916 grad=6.7505202293396 conf_frac=0.500 (2685s)
[mlx] fixed step 3150 ce=0.8141 total=0.8439 grad=2.6757633686065674 conf_frac=0.250 (2692s)
[mlx] fixed step 3160 ce=1.2993 total=1.3255 grad=6.974277019500732 conf_frac=0.500 (2701s)
[mlx] fixed step 3170 ce=1.2927 total=1.3270 grad=9.009014129638672 conf_frac=0.500 (2709s)
[mlx] fixed step 3180 ce=1.2151 total=1.2454 grad=8.2000732421875 conf_frac=0.500 (2717s)
[mlx] fixed step 3190 ce=1.3380 total=1.3565 grad=0.9248729348182678 conf_frac=0.250 (2726s)
[mlx] fixed step 3200 ce=0.4199 total=0.5181 grad=7.473927021026611 conf_frac=0.750 (2734s)
[mlx] fixed step 3210 ce=1.9280 total=1.9558 grad=1.5046710968017578 conf_frac=0.500 (2741s)
[mlx] fixed step 3220 ce=1.0703 total=1.0950 grad=7.066959381103516 conf_frac=0.500 (2749s)
[mlx] fixed step 3230 ce=1.5800 total=1.6047 grad=5.797048568725586 conf_frac=0.500 (2758s)
[mlx] fixed step 3240 ce=1.3130 total=1.3362 grad=7.565993309020996 conf_frac=0.500 (2767s)
[mlx] fixed step 3250 ce=1.4323 total=1.4736 grad=8.526480674743652 conf_frac=0.500 (2776s)
[mlx] fixed step 3260 ce=0.6310 total=0.6600 grad=12.340913772583008 conf_frac=0.500 (2785s)
[mlx] fixed step 3270 ce=0.9807 total=0.9997 grad=2.6480214595794678 conf_frac=0.250 (2793s)
[mlx] fixed step 3280 ce=0.8873 total=0.9499 grad=8.650212287902832 conf_frac=0.750 (2801s)
[mlx] fixed step 3290 ce=0.6975 total=0.7249 grad=6.363291263580322 conf_frac=0.500 (2810s)
[mlx] fixed step 3300 ce=1.3143 total=1.3836 grad=1.0245015621185303 conf_frac=0.750 (2818s)
[mlx] fixed step 3310 ce=1.7039 total=1.7244 grad=7.256901741027832 conf_frac=0.500 (2826s)
[mlx] fixed step 3320 ce=1.2136 total=1.2791 grad=1.680062174797058 conf_frac=0.000 (2834s)
[mlx] fixed step 3330 ce=1.0482 total=1.1188 grad=10.749585151672363 conf_frac=0.500 (2844s)
[mlx] fixed step 3340 ce=1.8158 total=1.8633 grad=14.87813663482666 conf_frac=0.750 (2853s)
[mlx] fixed step 3350 ce=0.8023 total=0.8319 grad=6.189516544342041 conf_frac=0.500 (2861s)
[mlx] fixed step 3360 ce=1.4576 total=1.4993 grad=3.3971521854400635 conf_frac=0.250 (2870s)
[mlx] fixed step 3370 ce=1.1573 total=1.1792 grad=6.389215469360352 conf_frac=0.500 (2879s)
[mlx] fixed step 3380 ce=0.6824 total=0.7054 grad=6.424989700317383 conf_frac=0.500 (2887s)
[mlx] fixed step 3390 ce=0.6972 total=0.7946 grad=14.267584800720215 conf_frac=1.000 (2895s)
[mlx] fixed step 3400 ce=0.9740 total=1.0319 grad=1.348598599433899 conf_frac=0.750 (2904s)
[mlx] fixed step 3410 ce=0.8796 total=0.9073 grad=4.874291896820068 conf_frac=0.500 (2912s)
[mlx] fixed step 3420 ce=1.2093 total=1.2794 grad=1.396172285079956 conf_frac=0.750 (2921s)
[mlx] fixed step 3430 ce=1.2506 total=1.2976 grad=8.25401496887207 conf_frac=0.750 (2930s)
[mlx] fixed step 3440 ce=0.9401 total=1.0190 grad=6.07472562789917 conf_frac=0.500 (2939s)
[mlx] fixed step 3450 ce=1.1256 total=1.1931 grad=1.0272117853164673 conf_frac=0.750 (2949s)
[mlx] fixed step 3460 ce=0.9949 total=1.0284 grad=6.4647674560546875 conf_frac=0.750 (2958s)
[mlx] fixed step 3470 ce=1.4242 total=1.5066 grad=9.107436180114746 conf_frac=0.750 (2966s)
[mlx] fixed step 3480 ce=0.5761 total=0.6786 grad=14.115127563476562 conf_frac=1.000 (2976s)
[mlx] fixed step 3490 ce=1.2323 total=1.3258 grad=2.846954822540283 conf_frac=1.000 (2984s)
[mlx] fixed step 3500 ce=1.2446 total=1.3057 grad=13.08475399017334 conf_frac=0.750 (2993s)
[mlx] fixed step 3510 ce=0.5305 total=0.6040 grad=10.799391746520996 conf_frac=0.750 (3002s)
[mlx] fixed step 3520 ce=0.7279 total=0.7852 grad=7.446317195892334 conf_frac=0.750 (3011s)
[mlx] fixed step 3530 ce=1.3653 total=1.3909 grad=5.695156574249268 conf_frac=0.500 (3019s)
[mlx] fixed step 3540 ce=2.1461 total=2.1801 grad=10.29178237915039 conf_frac=0.500 (3029s)
[mlx] fixed step 3550 ce=1.2795 total=1.3168 grad=2.491010904312134 conf_frac=0.500 (3037s)
[mlx] fixed step 3560 ce=0.8709 total=0.8890 grad=5.209801197052002 conf_frac=0.250 (3046s)
[mlx] fixed step 3570 ce=0.9240 total=0.9704 grad=3.259291172027588 conf_frac=0.250 (3054s)
[mlx] fixed step 3580 ce=1.1967 total=1.2495 grad=5.763675689697266 conf_frac=0.250 (3063s)
[mlx] fixed step 3590 ce=1.3206 total=1.3481 grad=4.04029655456543 conf_frac=0.250 (3071s)
[mlx] fixed step 3600 ce=0.8019 total=0.8206 grad=8.453121185302734 conf_frac=0.500 (3080s)
[mlx] fixed step 3610 ce=0.8233 total=0.8518 grad=2.011862277984619 conf_frac=0.250 (3088s)
[mlx] fixed step 3620 ce=1.1279 total=1.1502 grad=6.072694778442383 conf_frac=0.500 (3095s)
[mlx] fixed step 3630 ce=0.7819 total=0.8208 grad=3.6386983394622803 conf_frac=0.250 (3104s)
[mlx] fixed step 3640 ce=1.5279 total=1.5633 grad=2.4785685539245605 conf_frac=0.250 (3112s)
[mlx] fixed step 3650 ce=1.1084 total=1.1807 grad=10.693122863769531 conf_frac=0.750 (3120s)
[mlx] fixed step 3660 ce=1.0074 total=1.0280 grad=8.730384826660156 conf_frac=0.500 (3128s)
[mlx] fixed step 3670 ce=1.0052 total=1.0393 grad=6.134267330169678 conf_frac=0.250 (3137s)
[mlx] fixed step 3680 ce=1.0592 total=1.0702 grad=5.082517623901367 conf_frac=0.250 (3146s)
[mlx] fixed step 3690 ce=1.7909 total=1.8467 grad=3.658114194869995 conf_frac=0.250 (3155s)
[mlx] fixed step 3700 ce=1.3966 total=1.4175 grad=8.635146141052246 conf_frac=0.500 (3163s)
[mlx] fixed step 3710 ce=1.5633 total=1.6153 grad=10.854657173156738 conf_frac=0.750 (3172s)
[mlx] fixed step 3720 ce=1.8788 total=1.9419 grad=0.9375241994857788 conf_frac=0.750 (3181s)
[mlx] fixed step 3730 ce=1.3786 total=1.4054 grad=8.114151954650879 conf_frac=0.500 (3190s)
[mlx] fixed step 3740 ce=1.1463 total=1.2145 grad=5.955918788909912 conf_frac=0.250 (3198s)
[mlx] fixed step 3750 ce=1.2421 total=1.2682 grad=2.7818448543548584 conf_frac=0.500 (3207s)
[mlx] fixed step 3760 ce=1.2435 total=1.3255 grad=10.925658226013184 conf_frac=1.000 (3216s)
[mlx] fixed step 3770 ce=1.7024 total=1.7153 grad=4.643019199371338 conf_frac=0.250 (3224s)
[mlx] fixed step 3780 ce=1.0902 total=1.1128 grad=6.006082534790039 conf_frac=0.500 (3233s)
[mlx] fixed step 3790 ce=0.6685 total=0.7262 grad=2.111135244369507 conf_frac=0.750 (3241s)
[mlx] fixed step 3800 ce=1.0542 total=1.1044 grad=7.0530619621276855 conf_frac=0.750 (3250s)
[mlx] fixed step 3810 ce=1.5635 total=1.5865 grad=7.667215824127197 conf_frac=0.500 (3259s)
[mlx] fixed step 3820 ce=1.5208 total=1.5665 grad=2.2830724716186523 conf_frac=0.000 (3268s)
[mlx] fixed step 3830 ce=0.8693 total=0.8954 grad=6.644940376281738 conf_frac=0.500 (3276s)
[mlx] fixed step 3840 ce=1.1918 total=1.2024 grad=3.3842220306396484 conf_frac=0.250 (3284s)
[mlx] fixed step 3850 ce=0.8226 total=0.8828 grad=9.51504898071289 conf_frac=0.750 (3293s)
[mlx] fixed step 3860 ce=1.4938 total=1.5245 grad=2.247067928314209 conf_frac=0.500 (3301s)
[mlx] fixed step 3870 ce=2.0701 total=2.1252 grad=12.412766456604004 conf_frac=0.250 (3309s)
[mlx] fixed step 3880 ce=0.9506 total=0.9805 grad=8.587827682495117 conf_frac=0.500 (3317s)
[mlx] fixed step 3890 ce=0.8460 total=0.8715 grad=5.752928733825684 conf_frac=0.500 (3326s)
[mlx] fixed step 3900 ce=1.3199 total=1.3612 grad=3.0635409355163574 conf_frac=0.250 (3334s)
[mlx] fixed step 3910 ce=0.7546 total=0.7784 grad=5.223606586456299 conf_frac=0.250 (3342s)
[mlx] fixed step 3920 ce=1.2544 total=1.2883 grad=2.818351984024048 conf_frac=0.250 (3351s)
[mlx] fixed step 3930 ce=1.3297 total=1.3500 grad=4.754856586456299 conf_frac=0.500 (3359s)
[mlx] fixed step 3940 ce=0.5485 total=0.6041 grad=3.754413366317749 conf_frac=0.750 (3368s)
[mlx] fixed step 3950 ce=1.5179 total=1.5535 grad=6.258663654327393 conf_frac=0.750 (3376s)
[mlx] fixed step 3960 ce=1.2958 total=1.3330 grad=3.4593844413757324 conf_frac=0.500 (3384s)
[mlx] fixed step 3970 ce=1.0717 total=1.1854 grad=5.375381946563721 conf_frac=1.000 (3393s)
[mlx] fixed step 3980 ce=1.2302 total=1.2714 grad=3.9222426414489746 conf_frac=0.250 (3401s)
[mlx] fixed step 3990 ce=0.8558 total=0.9030 grad=3.2443687915802 conf_frac=0.750 (3409s)
[mlx] fixed step 4000 ce=0.9733 total=1.0635 grad=15.90513801574707 conf_frac=1.000 (3418s)
[mlx] fixed step 4010 ce=0.4493 total=0.5047 grad=14.682499885559082 conf_frac=0.750 (3426s)
[mlx] fixed step 4020 ce=0.9844 total=1.0109 grad=6.0325026512146 conf_frac=0.250 (3434s)
[mlx] fixed step 4030 ce=0.2058 total=0.2447 grad=1.865760326385498 conf_frac=0.500 (3442s)
[mlx] fixed step 4040 ce=0.7816 total=0.8240 grad=3.3655738830566406 conf_frac=0.750 (3451s)
[mlx] fixed step 4050 ce=1.1026 total=1.1618 grad=1.648372769355774 conf_frac=0.000 (3459s)
[mlx] fixed step 4060 ce=0.9832 total=1.0125 grad=1.8276594877243042 conf_frac=0.250 (3467s)
[mlx] fixed step 4070 ce=0.5721 total=0.6048 grad=3.0702457427978516 conf_frac=0.250 (3474s)
[mlx] fixed step 4080 ce=0.5182 total=0.5467 grad=9.669780731201172 conf_frac=0.500 (3482s)
[mlx] fixed step 4090 ce=0.6291 total=0.6935 grad=6.9301934242248535 conf_frac=0.750 (3491s)
[mlx] fixed step 4100 ce=0.6025 total=0.6386 grad=15.517616271972656 conf_frac=0.750 (3500s)
[mlx] fixed step 4110 ce=0.6011 total=0.6711 grad=8.397631645202637 conf_frac=1.000 (3509s)
[mlx] fixed step 4120 ce=0.8373 total=0.8534 grad=2.9754750728607178 conf_frac=0.250 (3516s)
[mlx] fixed step 4130 ce=0.5028 total=0.5404 grad=3.4435441493988037 conf_frac=0.500 (3525s)
[mlx] fixed step 4140 ce=0.9547 total=0.9858 grad=9.218213081359863 conf_frac=0.500 (3533s)
[mlx] fixed step 4150 ce=1.0282 total=1.0526 grad=7.32981538772583 conf_frac=0.500 (3541s)
[mlx] fixed step 4160 ce=0.7481 total=0.7950 grad=1.334494948387146 conf_frac=0.000 (3550s)
[mlx] fixed step 4170 ce=0.6487 total=0.7012 grad=6.394891262054443 conf_frac=0.250 (3559s)
[mlx] fixed step 4180 ce=0.4187 total=0.5022 grad=6.8967976570129395 conf_frac=1.000 (3567s)
[mlx] fixed step 4190 ce=0.6344 total=0.6609 grad=6.009732246398926 conf_frac=0.500 (3576s)
[mlx] fixed step 4200 ce=0.8188 total=0.8729 grad=3.2469992637634277 conf_frac=0.250 (3584s)
[mlx] fixed step 4210 ce=1.0860 total=1.1365 grad=10.257790565490723 conf_frac=0.750 (3593s)
[mlx] fixed step 4220 ce=0.7617 total=0.7933 grad=5.6083502769470215 conf_frac=0.500 (3601s)
[mlx] fixed step 4230 ce=0.6315 total=0.7172 grad=10.211628913879395 conf_frac=0.750 (3610s)
[mlx] fixed step 4240 ce=0.6699 total=0.7236 grad=0.8400580286979675 conf_frac=0.750 (3618s)
[mlx] fixed step 4250 ce=0.7822 total=0.8708 grad=7.497488021850586 conf_frac=0.500 (3626s)
[mlx] fixed step 4260 ce=0.4062 total=0.4334 grad=5.885598659515381 conf_frac=0.500 (3635s)
[mlx] fixed step 4270 ce=0.8949 total=0.9621 grad=7.489439964294434 conf_frac=0.750 (3643s)
[mlx] fixed step 4280 ce=0.8679 total=0.9094 grad=14.092292785644531 conf_frac=0.750 (3651s)
[mlx] fixed step 4290 ce=0.4331 total=0.5520 grad=1.23722505569458 conf_frac=0.000 (3659s)
[mlx] fixed step 4300 ce=0.9962 total=1.0247 grad=3.4947664737701416 conf_frac=0.500 (3667s)
[mlx] fixed step 4310 ce=0.3959 total=0.4988 grad=13.443218231201172 conf_frac=1.000 (3676s)
[mlx] fixed step 4320 ce=0.7255 total=0.7514 grad=5.5487895011901855 conf_frac=0.500 (3685s)
[mlx] fixed step 4330 ce=0.9643 total=1.0159 grad=9.493812561035156 conf_frac=0.750 (3693s)
[mlx] fixed step 4340 ce=0.3880 total=0.4647 grad=8.159539222717285 conf_frac=0.000 (3702s)
[mlx] fixed step 4350 ce=0.8294 total=0.8623 grad=3.274794816970825 conf_frac=0.500 (3711s)
[mlx] fixed step 4360 ce=0.8218 total=0.8706 grad=1.838658094406128 conf_frac=0.750 (3720s)
[mlx] fixed step 4370 ce=0.5006 total=0.5467 grad=11.147478103637695 conf_frac=0.750 (3729s)
[mlx] fixed step 4380 ce=0.6224 total=0.6545 grad=3.614105224609375 conf_frac=0.500 (3736s)
[mlx] fixed step 4390 ce=0.7761 total=0.8220 grad=10.910184860229492 conf_frac=0.500 (3744s)
[mlx] fixed step 4400 ce=0.4750 total=0.5075 grad=9.193166732788086 conf_frac=0.500 (3752s)
[mlx] fixed step 4410 ce=0.8748 total=0.8961 grad=4.856755256652832 conf_frac=0.500 (3760s)
[mlx] fixed step 4420 ce=1.1974 total=1.2462 grad=10.192049980163574 conf_frac=0.500 (3769s)
[mlx] fixed step 4430 ce=1.4861 total=1.5009 grad=5.396370887756348 conf_frac=0.250 (3777s)
[mlx] fixed step 4440 ce=0.3407 total=0.3544 grad=3.7749860286712646 conf_frac=0.250 (3786s)
[mlx] fixed step 4450 ce=0.6152 total=0.6584 grad=10.685737609863281 conf_frac=0.750 (3794s)
[mlx] fixed step 4460 ce=0.8027 total=0.8363 grad=10.255934715270996 conf_frac=0.500 (3803s)
[mlx] fixed step 4470 ce=0.3057 total=0.3199 grad=4.351014614105225 conf_frac=0.250 (3811s)
[mlx] fixed step 4480 ce=0.6486 total=0.6744 grad=2.5614962577819824 conf_frac=0.250 (3819s)
[mlx] fixed step 4490 ce=0.5388 total=0.5757 grad=7.99454402923584 conf_frac=0.500 (3826s)
[mlx] fixed step 4500 ce=1.1517 total=1.1776 grad=6.93648099899292 conf_frac=0.250 (3835s)
[mlx] fixed step 4510 ce=0.4552 total=0.4995 grad=1.2805336713790894 conf_frac=0.750 (3844s)
[mlx] fixed step 4520 ce=0.7976 total=0.8322 grad=8.068098068237305 conf_frac=0.500 (3852s)
[mlx] fixed step 4530 ce=1.2014 total=1.2314 grad=6.252603054046631 conf_frac=0.500 (3860s)
[mlx] fixed step 4540 ce=0.2943 total=0.3293 grad=7.194879531860352 conf_frac=0.500 (3869s)
[mlx] fixed step 4550 ce=0.6188 total=0.6763 grad=8.930522918701172 conf_frac=0.750 (3877s)
[mlx] fixed step 4560 ce=0.6377 total=0.7425 grad=14.645530700683594 conf_frac=1.000 (3885s)
[mlx] fixed step 4570 ce=1.6236 total=1.7358 grad=1.433641791343689 conf_frac=0.000 (3893s)
[mlx] fixed step 4580 ce=0.7971 total=0.8237 grad=5.649027347564697 conf_frac=0.500 (3901s)
[mlx] fixed step 4590 ce=0.8325 total=0.8909 grad=4.389474391937256 conf_frac=0.250 (3909s)
[mlx] fixed step 4600 ce=0.7283 total=0.7432 grad=7.858297824859619 conf_frac=0.500 (3918s)
[mlx] fixed step 4610 ce=0.7030 total=0.7290 grad=11.083064079284668 conf_frac=0.500 (3925s)
[mlx] fixed step 4620 ce=0.4888 total=0.5553 grad=1.4193824529647827 conf_frac=0.750 (3934s)
[mlx] fixed step 4630 ce=0.7095 total=0.7306 grad=5.639144420623779 conf_frac=0.500 (3944s)
[mlx] fixed step 4640 ce=0.4952 total=0.5183 grad=5.507824420928955 conf_frac=0.250 (3952s)
[mlx] fixed step 4650 ce=0.4222 total=0.4579 grad=1.516625165939331 conf_frac=0.250 (3960s)
[mlx] fixed step 4660 ce=0.9774 total=1.0137 grad=11.340740203857422 conf_frac=0.500 (3968s)
[mlx] fixed step 4670 ce=0.6284 total=0.6706 grad=13.124163627624512 conf_frac=0.500 (3977s)
[mlx] fixed step 4680 ce=1.1266 total=1.1607 grad=2.5777034759521484 conf_frac=0.250 (3985s)
[mlx] fixed step 4690 ce=0.4715 total=0.5020 grad=8.055438041687012 conf_frac=0.500 (3993s)
[mlx] fixed step 4700 ce=0.4985 total=0.5080 grad=3.697766065597534 conf_frac=0.250 (4002s)
[mlx] fixed step 4710 ce=0.3333 total=0.3805 grad=11.20270824432373 conf_frac=0.750 (4010s)
[mlx] fixed step 4720 ce=0.6911 total=0.7274 grad=5.330048084259033 conf_frac=0.750 (4018s)
[mlx] fixed step 4730 ce=0.7834 total=0.8206 grad=4.149254322052002 conf_frac=0.250 (4028s)
[mlx] fixed step 4740 ce=0.4865 total=0.5384 grad=8.106560707092285 conf_frac=0.750 (4036s)
[mlx] fixed step 4750 ce=0.7544 total=0.7844 grad=8.566884994506836 conf_frac=0.500 (4044s)
[mlx] fixed step 4760 ce=1.1490 total=1.2064 grad=0.5066947937011719 conf_frac=0.750 (4052s)
[mlx] fixed step 4770 ce=1.1137 total=1.1776 grad=4.834856033325195 conf_frac=0.250 (4060s)
[mlx] fixed step 4780 ce=0.5480 total=0.6004 grad=2.8661961555480957 conf_frac=0.750 (4068s)
[mlx] fixed step 4790 ce=0.5057 total=0.5386 grad=8.995656967163086 conf_frac=0.750 (4077s)
[mlx] fixed step 4800 ce=0.9168 total=1.0263 grad=2.0550782680511475 conf_frac=0.000 (4086s)
[mlx] fixed step 4810 ce=0.6548 total=0.6769 grad=2.480198621749878 conf_frac=0.250 (4093s)
[mlx] fixed step 4820 ce=0.8518 total=0.8972 grad=2.8026955127716064 conf_frac=0.250 (4101s)
[mlx] fixed step 4830 ce=0.5073 total=0.5267 grad=6.728072166442871 conf_frac=0.500 (4111s)
[mlx] fixed step 4840 ce=0.7878 total=0.8048 grad=7.740536212921143 conf_frac=0.500 (4119s)
[mlx] fixed step 4850 ce=0.8964 total=0.9124 grad=5.177946090698242 conf_frac=0.250 (4128s)
[mlx] fixed step 4860 ce=0.5100 total=0.5485 grad=10.971305847167969 conf_frac=0.500 (4136s)
[mlx] fixed step 4870 ce=0.6055 total=0.6335 grad=7.710283279418945 conf_frac=0.500 (4145s)
[mlx] fixed step 4880 ce=0.4630 total=0.4960 grad=5.454619407653809 conf_frac=0.500 (4153s)
[mlx] fixed step 4890 ce=1.0626 total=1.0792 grad=5.296024322509766 conf_frac=0.500 (4161s)
[mlx] fixed step 4900 ce=0.8283 total=0.8621 grad=1.3549914360046387 conf_frac=0.250 (4170s)
[mlx] fixed step 4910 ce=1.1556 total=1.1793 grad=10.017830848693848 conf_frac=0.500 (4177s)
[mlx] fixed step 4920 ce=0.6266 total=0.7114 grad=4.768940448760986 conf_frac=0.250 (4186s)
[mlx] fixed step 4930 ce=0.6435 total=0.6943 grad=8.72209358215332 conf_frac=0.750 (4194s)
[mlx] fixed step 4940 ce=0.7991 total=0.8320 grad=4.064197540283203 conf_frac=0.500 (4202s)
[mlx] fixed step 4950 ce=0.7889 total=0.8371 grad=5.3390326499938965 conf_frac=0.750 (4209s)
[mlx] fixed step 4960 ce=1.0719 total=1.0935 grad=7.256789207458496 conf_frac=0.500 (4217s)
[mlx] fixed step 4970 ce=0.8386 total=0.9258 grad=3.124403238296509 conf_frac=0.000 (4225s)
[mlx] fixed step 4980 ce=1.1040 total=1.1463 grad=10.453878402709961 conf_frac=0.750 (4234s)
[mlx] fixed step 4990 ce=0.9302 total=0.9789 grad=5.507166385650635 conf_frac=0.750 (4242s)
[mlx] fixed step 5000 ce=0.2551 total=0.3300 grad=11.342639923095703 conf_frac=0.750 (4251s)
[mlx] fixed step 5010 ce=1.1297 total=1.1688 grad=4.364384174346924 conf_frac=0.500 (4259s)
[mlx] fixed step 5020 ce=0.8204 total=0.8547 grad=7.452981472015381 conf_frac=0.500 (4267s)
[mlx] fixed step 5030 ce=2.2969 total=2.3293 grad=2.7118570804595947 conf_frac=0.500 (4275s)
[mlx] fixed step 5040 ce=0.5902 total=0.6307 grad=10.414326667785645 conf_frac=0.750 (4284s)
[mlx] fixed step 5050 ce=0.4589 total=0.5113 grad=9.8850679397583 conf_frac=0.750 (4293s)
[mlx] fixed step 5060 ce=0.6407 total=0.6650 grad=11.260398864746094 conf_frac=0.500 (4301s)
[mlx] fixed step 5070 ce=1.2080 total=1.2480 grad=3.3624374866485596 conf_frac=0.250 (4310s)
[mlx] fixed step 5080 ce=1.2518 total=1.3104 grad=5.683934211730957 conf_frac=0.750 (4318s)
[mlx] fixed step 5090 ce=0.7585 total=0.7882 grad=6.475518226623535 conf_frac=0.500 (4326s)
[mlx] fixed step 5100 ce=0.8909 total=1.0299 grad=2.333136796951294 conf_frac=0.000 (4335s)
[mlx] fixed step 5110 ce=1.0893 total=1.1248 grad=3.4450395107269287 conf_frac=0.500 (4343s)
[mlx] fixed step 5120 ce=0.5369 total=0.5805 grad=9.366677284240723 conf_frac=0.750 (4352s)
[mlx] fixed step 5130 ce=0.7246 total=0.7915 grad=13.286164283752441 conf_frac=1.000 (4360s)
[mlx] fixed step 5140 ce=0.9323 total=0.9726 grad=5.452464580535889 conf_frac=0.250 (4368s)
[mlx] fixed step 5150 ce=0.9875 total=1.0197 grad=2.6098544597625732 conf_frac=0.500 (4376s)
[mlx] fixed step 5160 ce=0.3099 total=0.3306 grad=4.125342845916748 conf_frac=0.500 (4385s)
[mlx] fixed step 5170 ce=0.9014 total=0.9320 grad=3.669032335281372 conf_frac=0.500 (4394s)
[mlx] fixed step 5180 ce=0.8012 total=0.8847 grad=10.626346588134766 conf_frac=0.750 (4403s)
[mlx] fixed step 5190 ce=0.3626 total=0.3870 grad=6.759678363800049 conf_frac=0.250 (4410s)
[mlx] fixed step 5200 ce=0.7650 total=0.8589 grad=3.548877000808716 conf_frac=1.000 (4419s)
[mlx] fixed step 5210 ce=0.9716 total=1.0058 grad=8.711583137512207 conf_frac=0.500 (4427s)
[mlx] fixed step 5220 ce=0.9098 total=0.9841 grad=8.764463424682617 conf_frac=0.750 (4434s)
[mlx] fixed step 5230 ce=0.8358 total=0.8539 grad=5.148361682891846 conf_frac=0.250 (4442s)
[mlx] fixed step 5240 ce=0.6902 total=0.7384 grad=9.673264503479004 conf_frac=0.750 (4451s)
[mlx] fixed step 5250 ce=0.9174 total=0.9589 grad=3.795957088470459 conf_frac=0.750 (4460s)
[mlx] fixed step 5260 ce=0.3617 total=0.3943 grad=8.434708595275879 conf_frac=0.500 (4468s)
[mlx] fixed step 5270 ce=0.7014 total=0.7270 grad=8.134355545043945 conf_frac=0.500 (4477s)
[mlx] fixed step 5280 ce=1.0139 total=1.0395 grad=4.418690204620361 conf_frac=0.500 (4484s)
[mlx] fixed step 5290 ce=1.3849 total=1.4013 grad=4.724643707275391 conf_frac=0.500 (4493s)
[mlx] fixed step 5300 ce=1.6446 total=1.6695 grad=6.1108198165893555 conf_frac=0.500 (4501s)
[mlx] fixed step 5310 ce=0.8014 total=0.8809 grad=4.155695915222168 conf_frac=0.000 (4509s)
[mlx] fixed step 5320 ce=0.9110 total=0.9380 grad=5.5316033363342285 conf_frac=0.500 (4517s)
[mlx] fixed step 5330 ce=0.6315 total=0.7852 grad=1.8328763246536255 conf_frac=0.000 (4525s)
[mlx] fixed step 5340 ce=0.6590 total=0.6977 grad=4.42701530456543 conf_frac=0.500 (4533s)
[mlx] fixed step 5350 ce=0.6040 total=0.6370 grad=7.390783309936523 conf_frac=0.500 (4541s)
[mlx] fixed step 5360 ce=1.0184 total=1.0610 grad=4.9426774978637695 conf_frac=0.750 (4549s)
[mlx] fixed step 5370 ce=0.9541 total=1.0012 grad=5.189019203186035 conf_frac=0.750 (4557s)
[mlx] fixed step 5380 ce=0.4426 total=0.4669 grad=4.060259819030762 conf_frac=0.250 (4565s)
[mlx] fixed step 5390 ce=0.8714 total=0.9396 grad=9.226676940917969 conf_frac=0.750 (4572s)
[mlx] fixed step 5400 ce=0.5183 total=0.6274 grad=1.9942022562026978 conf_frac=0.000 (4580s)
[mlx] fixed step 5410 ce=0.8734 total=0.9064 grad=2.1011974811553955 conf_frac=0.250 (4588s)
[mlx] fixed step 5420 ce=1.2284 total=1.3483 grad=4.871242523193359 conf_frac=1.000 (4596s)
[mlx] fixed step 5430 ce=1.1223 total=1.1696 grad=11.787312507629395 conf_frac=0.750 (4604s)
[mlx] fixed step 5440 ce=0.6152 total=0.7319 grad=1.3519890308380127 conf_frac=0.000 (4612s)
[mlx] fixed step 5450 ce=0.8697 total=0.9006 grad=9.5194091796875 conf_frac=0.500 (4619s)
[mlx] fixed step 5460 ce=0.6714 total=0.7645 grad=0.6218425631523132 conf_frac=0.000 (4628s)
[mlx] fixed step 5470 ce=0.4901 total=0.5142 grad=9.236503601074219 conf_frac=0.500 (4636s)
[mlx] fixed step 5480 ce=1.1568 total=1.1865 grad=3.1270549297332764 conf_frac=0.250 (4644s)
[mlx] fixed step 5490 ce=0.5848 total=0.6430 grad=9.059941291809082 conf_frac=0.750 (4653s)
[mlx] fixed step 5500 ce=0.6026 total=0.7063 grad=13.489409446716309 conf_frac=1.000 (4661s)
[mlx] fixed step 5510 ce=0.9759 total=1.0688 grad=2.9184393882751465 conf_frac=0.750 (4669s)
[mlx] fixed step 5520 ce=0.5610 total=0.6039 grad=3.105299234390259 conf_frac=0.750 (4678s)
[mlx] fixed step 5530 ce=0.5827 total=0.6758 grad=5.369544506072998 conf_frac=1.000 (4686s)
[mlx] fixed step 5540 ce=0.7722 total=0.8125 grad=4.204093933105469 conf_frac=0.750 (4694s)
[mlx] fixed step 5550 ce=0.5850 total=0.6474 grad=1.8002276420593262 conf_frac=0.750 (4702s)
[mlx] fixed step 5560 ce=0.9205 total=0.9741 grad=6.6289215087890625 conf_frac=0.250 (4711s)
[mlx] fixed step 5570 ce=1.0769 total=1.1112 grad=1.0037922859191895 conf_frac=0.500 (4719s)
[mlx] fixed step 5580 ce=0.6031 total=0.6923 grad=4.424943923950195 conf_frac=0.750 (4727s)
[mlx] fixed step 5590 ce=1.4077 total=1.4507 grad=12.547542572021484 conf_frac=0.750 (4736s)
[mlx] fixed step 5600 ce=0.6815 total=0.7212 grad=9.692346572875977 conf_frac=0.750 (4745s)
[mlx] fixed step 5610 ce=0.2704 total=0.4300 grad=7.286337852478027 conf_frac=1.000 (4753s)
[mlx] fixed step 5620 ce=0.4849 total=0.5150 grad=2.2989144325256348 conf_frac=0.500 (4761s)
[mlx] fixed step 5630 ce=0.9975 total=1.0405 grad=4.233771800994873 conf_frac=0.500 (4769s)
[mlx] fixed step 5640 ce=0.7952 total=0.8772 grad=2.6522159576416016 conf_frac=0.000 (4777s)
[mlx] fixed step 5650 ce=0.6494 total=0.7215 grad=10.48043441772461 conf_frac=0.750 (4784s)
[mlx] fixed step 5660 ce=0.8021 total=0.8299 grad=6.969552516937256 conf_frac=0.500 (4793s)
[mlx] fixed step 5670 ce=0.4590 total=0.5489 grad=15.316972732543945 conf_frac=0.750 (4801s)
[mlx] fixed step 5680 ce=1.2893 total=1.3251 grad=8.961507797241211 conf_frac=0.250 (4809s)
[mlx] fixed step 5690 ce=0.6993 total=0.7244 grad=7.756709575653076 conf_frac=0.500 (4816s)
[mlx] fixed step 5700 ce=0.8186 total=0.8937 grad=4.410484790802002 conf_frac=0.750 (4825s)
[mlx] fixed step 5710 ce=1.3093 total=1.3320 grad=4.208577632904053 conf_frac=0.500 (4833s)
[mlx] fixed step 5720 ce=0.5165 total=0.5403 grad=7.9850993156433105 conf_frac=0.500 (4841s)
[mlx] fixed step 5730 ce=0.6438 total=0.6535 grad=2.2646288871765137 conf_frac=0.250 (4849s)
[mlx] fixed step 5740 ce=0.9584 total=0.9813 grad=1.9119186401367188 conf_frac=0.250 (4857s)
[mlx] fixed step 5750 ce=0.8994 total=0.9298 grad=2.7631216049194336 conf_frac=0.500 (4865s)
[mlx] fixed step 5760 ce=1.4275 total=1.5768 grad=2.7212400436401367 conf_frac=0.000 (4873s)
[mlx] fixed step 5770 ce=1.2232 total=1.2691 grad=3.6580731868743896 conf_frac=0.250 (4882s)
[mlx] fixed step 5780 ce=1.2782 total=1.2980 grad=0.9995418787002563 conf_frac=0.250 (4890s)
[mlx] fixed step 5790 ce=1.0371 total=1.0599 grad=1.087978482246399 conf_frac=0.250 (4900s)
[mlx] fixed step 5800 ce=1.3140 total=1.3265 grad=2.4740846157073975 conf_frac=0.250 (4907s)
[mlx] fixed step 5810 ce=0.6992 total=0.8034 grad=13.313770294189453 conf_frac=0.000 (4916s)
[mlx] fixed step 5820 ce=0.6517 total=0.7306 grad=5.961044788360596 conf_frac=0.500 (4923s)
[mlx] fixed step 5830 ce=0.3893 total=0.5004 grad=5.520822048187256 conf_frac=0.750 (4932s)
[mlx] fixed step 5840 ce=0.7365 total=0.7605 grad=5.6287970542907715 conf_frac=0.500 (4940s)
[mlx] fixed step 5850 ce=0.6474 total=0.6721 grad=5.739659786224365 conf_frac=0.250 (4949s)
[mlx] fixed step 5860 ce=1.2148 total=1.3490 grad=7.373783111572266 conf_frac=0.000 (4958s)
[mlx] fixed step 5870 ce=1.4550 total=1.4841 grad=6.938302040100098 conf_frac=0.500 (4967s)
[mlx] fixed step 5880 ce=0.6352 total=0.7250 grad=7.309998512268066 conf_frac=0.750 (4976s)
[mlx] fixed step 5890 ce=0.6139 total=0.6596 grad=2.217200756072998 conf_frac=0.000 (4984s)
[mlx] fixed step 5900 ce=0.2921 total=0.3258 grad=8.49362564086914 conf_frac=0.500 (4992s)
[mlx] fixed step 5910 ce=0.7845 total=0.8496 grad=4.211354732513428 conf_frac=0.750 (5000s)
[mlx] fixed step 5920 ce=0.4653 total=0.5078 grad=12.763909339904785 conf_frac=0.750 (5008s)
[mlx] fixed step 5930 ce=1.1082 total=1.1376 grad=3.415334463119507 conf_frac=0.500 (5016s)
[mlx] fixed step 5940 ce=0.8155 total=0.8456 grad=3.270824432373047 conf_frac=0.500 (5024s)
[mlx] fixed step 5950 ce=0.5930 total=0.6192 grad=5.491366386413574 conf_frac=0.500 (5033s)
[mlx] fixed step 5960 ce=0.7039 total=0.7381 grad=0.8053840398788452 conf_frac=0.500 (5040s)
[mlx] fixed step 5970 ce=1.8761 total=1.9528 grad=17.44371223449707 conf_frac=0.750 (5049s)
[mlx] fixed step 5980 ce=0.6374 total=0.6668 grad=5.046713829040527 conf_frac=0.500 (5057s)
[mlx] fixed step 5990 ce=0.7277 total=0.8665 grad=6.927122116088867 conf_frac=1.000 (5065s)
[mlx] fixed step 6000 ce=0.5494 total=0.5859 grad=8.175064086914062 conf_frac=0.500 (5074s)
[mlx] fixed post-train (n=8008) acc=0.9326 majority=0.4994 dist={'[CONFIDENT]': 0.4846403596403596, '[COND_CONFIDENT]': 0.06343656343656344, '[TEMPORAL_HEDGE]': 0.4519230769230769, '[UNKNOWN]': 0.0}
[mlx] fixed accuracy lift over majority-class baseline: +0.4332 (discriminating)
[mlx] fixed finished: 6006 steps in 5077.3s
[mlx] saved adapter -> data/prep/tcl_mlx_7b/tsct_seed2_r2/adapter_fixed

[mlx] wrote data/prep/tcl_mlx_7b/tsct_seed2_r2/loss_log.csv
[mlx] wrote data/prep/tcl_mlx_7b/tsct_seed2_r2/run_meta.json
=== train tsct seed 2 wall 7162s
Fetching 9 files:   0%|          | 0/9 [00:00<?, ?it/s]Fetching 9 files: 100%|██████████| 9/9 [00:00<00:00, 21782.31it/s]
[gen] 3622 examples | source=temporal-delta:test | arm=tsct | adapter=data/prep/tcl_mlx_7b/tsct_seed2_r2/adapter_fixed
[gen] 100/3622  EM=0.030 hedge_acc=0.980 fallback=0.000 (23s, 0.23s/ex)
[gen] 200/3622  EM=0.015 hedge_acc=0.985 fallback=0.000 (47s, 0.24s/ex)
[gen] 300/3622  EM=0.050 hedge_acc=0.990 fallback=0.000 (71s, 0.24s/ex)
[gen] 400/3622  EM=0.043 hedge_acc=0.990 fallback=0.000 (95s, 0.24s/ex)
[gen] 500/3622  EM=0.042 hedge_acc=0.992 fallback=0.000 (123s, 0.25s/ex)
[gen] 600/3622  EM=0.035 hedge_acc=0.993 fallback=0.000 (152s, 0.25s/ex)
[gen] 700/3622  EM=0.031 hedge_acc=0.994 fallback=0.000 (178s, 0.25s/ex)
[gen] 800/3622  EM=0.028 hedge_acc=0.995 fallback=0.000 (202s, 0.25s/ex)
[gen] 900/3622  EM=0.024 hedge_acc=0.996 fallback=0.000 (227s, 0.25s/ex)
[gen] 1000/3622  EM=0.022 hedge_acc=0.996 fallback=0.000 (253s, 0.25s/ex)
[gen] 1100/3622  EM=0.020 hedge_acc=0.996 fallback=0.000 (279s, 0.25s/ex)
[gen] 1200/3622  EM=0.018 hedge_acc=0.997 fallback=0.000 (305s, 0.25s/ex)
[gen] 1300/3622  EM=0.018 hedge_acc=0.997 fallback=0.000 (331s, 0.25s/ex)
[gen] 1400/3622  EM=0.016 hedge_acc=0.997 fallback=0.000 (358s, 0.26s/ex)
[gen] 1500/3622  EM=0.015 hedge_acc=0.997 fallback=0.000 (384s, 0.26s/ex)
[gen] 1600/3622  EM=0.015 hedge_acc=0.997 fallback=0.000 (409s, 0.26s/ex)
[gen] 1700/3622  EM=0.018 hedge_acc=0.997 fallback=0.000 (433s, 0.25s/ex)
[gen] 1800/3622  EM=0.017 hedge_acc=0.997 fallback=0.000 (458s, 0.25s/ex)
[gen] 1900/3622  EM=0.017 hedge_acc=0.997 fallback=0.000 (483s, 0.25s/ex)
[gen] 2000/3622  EM=0.018 hedge_acc=0.998 fallback=0.000 (508s, 0.25s/ex)
[gen] 2100/3622  EM=0.018 hedge_acc=0.998 fallback=0.000 (532s, 0.25s/ex)
[gen] 2200/3622  EM=0.017 hedge_acc=0.997 fallback=0.000 (558s, 0.25s/ex)
[gen] 2300/3622  EM=0.017 hedge_acc=0.997 fallback=0.000 (582s, 0.25s/ex)
[gen] 2400/3622  EM=0.020 hedge_acc=0.998 fallback=0.000 (605s, 0.25s/ex)
[gen] 2500/3622  EM=0.021 hedge_acc=0.997 fallback=0.000 (628s, 0.25s/ex)
[gen] 2600/3622  EM=0.020 hedge_acc=0.997 fallback=0.000 (652s, 0.25s/ex)
[gen] 2700/3622  EM=0.020 hedge_acc=0.997 fallback=0.000 (676s, 0.25s/ex)
[gen] 2800/3622  EM=0.019 hedge_acc=0.998 fallback=0.000 (700s, 0.25s/ex)
[gen] 2900/3622  EM=0.019 hedge_acc=0.998 fallback=0.000 (724s, 0.25s/ex)
[gen] 3000/3622  EM=0.019 hedge_acc=0.998 fallback=0.000 (749s, 0.25s/ex)
[gen] 3100/3622  EM=0.018 hedge_acc=0.998 fallback=0.000 (774s, 0.25s/ex)
[gen] 3200/3622  EM=0.018 hedge_acc=0.998 fallback=0.000 (800s, 0.25s/ex)
[gen] 3300/3622  EM=0.018 hedge_acc=0.998 fallback=0.000 (823s, 0.25s/ex)
[gen] 3400/3622  EM=0.020 hedge_acc=0.998 fallback=0.000 (842s, 0.25s/ex)
[gen] 3500/3622  EM=0.019 hedge_acc=0.998 fallback=0.001 (866s, 0.25s/ex)
[gen] 3600/3622  EM=0.019 hedge_acc=0.998 fallback=0.001 (888s, 0.25s/ex)

[gen] wrote data/prep/predictions_7b/tsct_seed2_test.jsonl
[gen] n=3622  EM=0.0188  hedge_acc=0.9978  fallback_rate=0.0006  wall=893s
=== eval tsct seed 2 wall 900s
[mlx] loaded 8008 raw examples

[mlx] === condition: fixed ===
Fetching 9 files:   0%|          | 0/9 [00:00<?, ?it/s]Fetching 9 files: 100%|██████████| 9/9 [00:00<00:00, 28489.61it/s]
[mlx] hedge ids (no resize): [151665, 151666, 151667, 151668]
[mlx] adapted output projection: lm_head (untied)
Trainable parameters: 0.168% (12.780M/7615.617M)
[mlx] 8008 examples after tokenisation (max_len=128)
[mlx] hedge-head check: logit spread=0.000000 contrast_grad_norm=1048.275024
[mlx] fixed pre-train (n=8008) acc=0.4377 majority=0.4994 dist={'[CONFIDENT]': 1.0, '[COND_CONFIDENT]': 0.0, '[TEMPORAL_HEDGE]': 0.0, '[UNKNOWN]': 0.0}
[mlx] fixed step 0 ce=13.0909 total=13.0909 grad=4.913531303405762 conf_frac=1.000 (1s)
[mlx] fixed step 10 ce=2.6584 total=2.6584 grad=10.396200180053711 conf_frac=0.000 (9s)
[mlx] fixed step 20 ce=2.2291 total=2.2291 grad=27.212547302246094 conf_frac=0.000 (17s)
[mlx] fixed step 30 ce=2.8457 total=2.8457 grad=14.376826286315918 conf_frac=1.000 (26s)
[mlx] fixed step 40 ce=1.8165 total=1.8165 grad=73.55748748779297 conf_frac=1.000 (34s)
[mlx] fixed step 50 ce=2.5434 total=2.5434 grad=6.478644847869873 conf_frac=0.750 (43s)
[mlx] fixed step 60 ce=2.0905 total=2.0905 grad=9.117941856384277 conf_frac=0.000 (51s)
[mlx] fixed step 70 ce=1.9773 total=1.9773 grad=11.104944229125977 conf_frac=0.000 (59s)
[mlx] fixed step 80 ce=2.4997 total=2.4997 grad=2.471269130706787 conf_frac=1.000 (67s)
[mlx] fixed step 90 ce=1.8572 total=1.8572 grad=4.30454158782959 conf_frac=1.000 (76s)
[mlx] fixed step 100 ce=1.0645 total=1.0645 grad=9.893904685974121 conf_frac=0.750 (85s)
[mlx] fixed step 110 ce=2.0790 total=2.0790 grad=24.773752212524414 conf_frac=0.000 (93s)
[mlx] fixed step 120 ce=2.0867 total=2.0867 grad=16.0522518157959 conf_frac=0.250 (101s)
[mlx] fixed step 130 ce=2.5993 total=2.5993 grad=28.637479782104492 conf_frac=0.000 (110s)
[mlx] fixed step 140 ce=2.2894 total=2.2894 grad=26.191238403320312 conf_frac=1.000 (118s)
[mlx] fixed step 150 ce=2.0445 total=2.0445 grad=16.192655563354492 conf_frac=0.750 (129s)
[mlx] fixed step 160 ce=1.6584 total=1.6584 grad=14.719422340393066 conf_frac=0.500 (149s)
[mlx] fixed step 170 ce=1.7305 total=1.7305 grad=8.657196998596191 conf_frac=0.000 (157s)
[mlx] fixed step 180 ce=1.9872 total=1.9872 grad=4.512290954589844 conf_frac=0.750 (172s)
[mlx] fixed step 190 ce=1.6519 total=1.6519 grad=7.009913444519043 conf_frac=0.250 (185s)
[mlx] fixed step 200 ce=1.8815 total=1.8815 grad=6.755492687225342 conf_frac=1.000 (194s)
[mlx] fixed step 210 ce=2.4529 total=2.4529 grad=8.443328857421875 conf_frac=1.000 (202s)
[mlx] fixed step 220 ce=1.2683 total=1.2683 grad=8.224693298339844 conf_frac=0.500 (211s)
[mlx] fixed step 230 ce=2.1824 total=2.1824 grad=7.318297863006592 conf_frac=0.250 (219s)
[mlx] fixed step 240 ce=1.5574 total=1.5574 grad=15.678383827209473 conf_frac=0.500 (228s)
[mlx] fixed step 250 ce=1.7256 total=1.7256 grad=2.836594581604004 conf_frac=1.000 (237s)
[mlx] fixed step 260 ce=1.7062 total=1.7062 grad=2.57739520072937 conf_frac=0.500 (245s)
[mlx] fixed step 270 ce=1.4994 total=1.4994 grad=0.7193392515182495 conf_frac=0.250 (254s)
[mlx] fixed step 280 ce=2.2637 total=2.2637 grad=0.3967015743255615 conf_frac=0.750 (263s)
[mlx] fixed step 290 ce=1.9063 total=1.9063 grad=4.693288803100586 conf_frac=0.500 (272s)
[mlx] fixed step 300 ce=1.8291 total=1.8291 grad=5.202277660369873 conf_frac=0.500 (284s)
[mlx] fixed step 310 ce=1.6563 total=1.6563 grad=0.843379020690918 conf_frac=0.750 (294s)
[mlx] fixed step 320 ce=2.8972 total=2.8972 grad=3.93179988861084 conf_frac=0.500 (302s)
[mlx] fixed step 330 ce=1.7985 total=1.7985 grad=8.635221481323242 conf_frac=0.500 (310s)
[mlx] fixed step 340 ce=1.6155 total=1.6155 grad=7.40103006362915 conf_frac=0.250 (319s)
[mlx] fixed step 350 ce=2.4207 total=2.4207 grad=3.4089581966400146 conf_frac=0.500 (327s)
[mlx] fixed step 360 ce=1.8238 total=1.8238 grad=10.31182861328125 conf_frac=0.250 (336s)
[mlx] fixed step 370 ce=1.4881 total=1.4881 grad=11.7693452835083 conf_frac=1.000 (344s)
[mlx] fixed step 380 ce=1.8289 total=1.8289 grad=9.428801536560059 conf_frac=0.500 (352s)
[mlx] fixed step 390 ce=1.9824 total=1.9824 grad=0.32647863030433655 conf_frac=0.000 (360s)
[mlx] fixed step 400 ce=1.5754 total=1.5754 grad=15.659241676330566 conf_frac=0.750 (369s)
[mlx] fixed step 410 ce=2.7917 total=2.7917 grad=10.556926727294922 conf_frac=0.250 (377s)
[mlx] fixed step 420 ce=1.8807 total=1.8807 grad=2.82694673538208 conf_frac=0.750 (385s)
[mlx] fixed step 430 ce=1.5788 total=1.5788 grad=3.9153389930725098 conf_frac=0.750 (394s)
[mlx] fixed step 440 ce=1.5647 total=1.5647 grad=1.9502043724060059 conf_frac=0.750 (403s)
[mlx] fixed step 450 ce=1.8814 total=1.8814 grad=7.619039535522461 conf_frac=0.500 (410s)
[mlx] fixed step 460 ce=1.1351 total=1.1351 grad=19.152454376220703 conf_frac=0.750 (419s)
[mlx] fixed step 470 ce=1.5617 total=1.5617 grad=6.7783522605896 conf_frac=0.500 (427s)
[mlx] fixed step 480 ce=2.1928 total=2.1928 grad=0.8259891867637634 conf_frac=0.750 (435s)
[mlx] fixed step 490 ce=2.4253 total=2.4253 grad=16.27873420715332 conf_frac=0.750 (443s)
[mlx] fixed step 500 ce=2.3983 total=2.3983 grad=1.3507494926452637 conf_frac=0.250 (451s)
[mlx] fixed step 510 ce=1.9831 total=1.9831 grad=4.698747634887695 conf_frac=0.500 (459s)
[mlx] fixed step 520 ce=2.1339 total=2.1339 grad=6.277062892913818 conf_frac=0.500 (468s)
[mlx] fixed step 530 ce=1.7872 total=1.7872 grad=0.9635576605796814 conf_frac=0.500 (475s)
[mlx] fixed step 540 ce=1.9390 total=1.9390 grad=0.042010966688394547 conf_frac=0.000 (484s)
[mlx] fixed step 550 ce=2.5322 total=2.5322 grad=5.647485733032227 conf_frac=0.750 (493s)
[mlx] fixed step 560 ce=1.6290 total=1.6290 grad=5.20080041885376 conf_frac=0.250 (501s)
[mlx] fixed step 570 ce=2.0424 total=2.0424 grad=1.9139509201049805 conf_frac=0.500 (511s)
[mlx] fixed step 580 ce=1.4056 total=1.4056 grad=1.691645860671997 conf_frac=0.500 (519s)
[mlx] fixed step 590 ce=2.1503 total=2.1503 grad=1.2775393724441528 conf_frac=0.500 (526s)
[mlx] fixed step 600 ce=2.0472 total=2.0472 grad=0.8611516356468201 conf_frac=0.250 (534s)
[mlx] fixed step 610 ce=1.2167 total=1.2167 grad=2.426927089691162 conf_frac=0.000 (544s)
[mlx] fixed step 620 ce=1.0505 total=1.0505 grad=11.199003219604492 conf_frac=0.500 (552s)
[mlx] fixed step 630 ce=1.4878 total=1.4878 grad=0.5057552456855774 conf_frac=0.250 (562s)
[mlx] fixed step 640 ce=1.7923 total=1.7923 grad=9.422993659973145 conf_frac=0.750 (570s)
[mlx] fixed step 650 ce=1.6987 total=1.6987 grad=3.4088847637176514 conf_frac=0.500 (578s)
[mlx] fixed step 660 ce=1.6920 total=1.6920 grad=4.901578426361084 conf_frac=0.250 (586s)
[mlx] fixed step 670 ce=1.8553 total=1.8553 grad=2.413893699645996 conf_frac=0.500 (596s)
[mlx] fixed step 680 ce=1.2299 total=1.2299 grad=0.5744237303733826 conf_frac=0.250 (604s)
[mlx] fixed step 690 ce=2.6427 total=2.6427 grad=3.619150161743164 conf_frac=0.500 (612s)
[mlx] fixed step 700 ce=2.3168 total=2.3168 grad=2.9810791015625 conf_frac=0.250 (621s)
[mlx] fixed step 710 ce=2.0289 total=2.0289 grad=17.69350242614746 conf_frac=1.000 (629s)
[mlx] fixed step 720 ce=1.2203 total=1.2203 grad=4.5487589836120605 conf_frac=0.750 (637s)
[mlx] fixed step 730 ce=1.5506 total=1.5506 grad=4.091785430908203 conf_frac=0.250 (645s)
[mlx] fixed step 740 ce=2.0922 total=2.0922 grad=11.78183364868164 conf_frac=0.500 (654s)
[mlx] fixed step 750 ce=1.1790 total=1.1790 grad=13.104969024658203 conf_frac=0.750 (663s)
[mlx] fixed step 760 ce=1.7212 total=1.7212 grad=12.305181503295898 conf_frac=0.500 (671s)
[mlx] fixed step 770 ce=1.4747 total=1.4747 grad=4.572972774505615 conf_frac=0.750 (680s)
[mlx] fixed step 780 ce=1.7735 total=1.7735 grad=8.612582206726074 conf_frac=0.750 (689s)
[mlx] fixed step 790 ce=1.9214 total=1.9214 grad=10.452826499938965 conf_frac=0.500 (697s)
[mlx] fixed step 800 ce=2.1420 total=2.1420 grad=2.3160300254821777 conf_frac=0.500 (705s)
[mlx] fixed step 810 ce=2.5158 total=2.5158 grad=0.18964384496212006 conf_frac=0.250 (715s)
[mlx] fixed step 820 ce=1.4823 total=1.4823 grad=0.811098575592041 conf_frac=0.500 (723s)
[mlx] fixed step 830 ce=2.1176 total=2.1176 grad=10.932998657226562 conf_frac=0.750 (732s)
[mlx] fixed step 840 ce=1.6480 total=1.6480 grad=13.018648147583008 conf_frac=0.750 (740s)
[mlx] fixed step 850 ce=2.1199 total=2.1199 grad=0.7268789410591125 conf_frac=0.500 (749s)
[mlx] fixed step 860 ce=1.7745 total=1.7745 grad=1.6793811321258545 conf_frac=0.250 (758s)
[mlx] fixed step 870 ce=1.9117 total=1.9117 grad=10.481538772583008 conf_frac=0.500 (767s)
[mlx] fixed step 880 ce=2.0000 total=2.0000 grad=3.579756498336792 conf_frac=0.500 (775s)
[mlx] fixed step 890 ce=2.4666 total=2.4666 grad=4.717874050140381 conf_frac=0.500 (785s)
[mlx] fixed step 900 ce=1.8686 total=1.8686 grad=1.3928033113479614 conf_frac=0.500 (793s)
[mlx] fixed step 910 ce=1.7565 total=1.7565 grad=21.687849044799805 conf_frac=0.500 (801s)
[mlx] fixed step 920 ce=1.7178 total=1.7178 grad=5.890247821807861 conf_frac=0.250 (809s)
[mlx] fixed step 930 ce=1.6459 total=1.6459 grad=9.915509223937988 conf_frac=0.750 (818s)
[mlx] fixed step 940 ce=1.2375 total=1.2375 grad=0.8636212348937988 conf_frac=0.750 (826s)
[mlx] fixed step 950 ce=2.4439 total=2.4439 grad=2.1362874507904053 conf_frac=0.500 (834s)
[mlx] fixed step 960 ce=2.2376 total=2.2376 grad=10.112485885620117 conf_frac=0.500 (843s)
[mlx] fixed step 970 ce=1.9553 total=1.9553 grad=6.014352798461914 conf_frac=0.750 (851s)
[mlx] fixed step 980 ce=1.9128 total=1.9128 grad=11.915224075317383 conf_frac=0.500 (860s)
[mlx] fixed step 990 ce=2.2759 total=2.2759 grad=11.876715660095215 conf_frac=1.000 (869s)
[mlx] fixed step 1000 ce=3.1960 total=3.1960 grad=12.431702613830566 conf_frac=0.250 (877s)
[mlx] fixed step 1010 ce=3.0032 total=3.0032 grad=5.636104106903076 conf_frac=0.500 (885s)
[mlx] fixed step 1020 ce=2.5750 total=2.5750 grad=0.0010487079853191972 conf_frac=0.000 (892s)
[mlx] fixed step 1030 ce=2.2182 total=2.2182 grad=0.23886629939079285 conf_frac=0.500 (900s)
[mlx] fixed step 1040 ce=1.7326 total=1.7326 grad=0.10275760293006897 conf_frac=0.250 (909s)
[mlx] fixed step 1050 ce=2.2355 total=2.2355 grad=13.157791137695312 conf_frac=0.750 (917s)
[mlx] fixed step 1060 ce=2.2623 total=2.2623 grad=0.0012661381624639034 conf_frac=0.000 (925s)
[mlx] fixed step 1070 ce=1.6835 total=1.6835 grad=1.014510154724121 conf_frac=0.500 (933s)
[mlx] fixed step 1080 ce=1.4213 total=1.4213 grad=3.6842942237854004 conf_frac=0.250 (942s)
[mlx] fixed step 1090 ce=1.4485 total=1.4485 grad=7.5741047859191895 conf_frac=0.750 (950s)
[mlx] fixed step 1100 ce=1.8036 total=1.8036 grad=11.992400169372559 conf_frac=0.250 (958s)
[mlx] fixed step 1110 ce=1.9515 total=1.9515 grad=1.8331267833709717 conf_frac=0.250 (966s)
[mlx] fixed step 1120 ce=1.5568 total=1.5568 grad=1.1412500143051147 conf_frac=0.500 (975s)
[mlx] fixed step 1130 ce=1.3152 total=1.3152 grad=0.5662037134170532 conf_frac=0.750 (983s)
[mlx] fixed step 1140 ce=1.1009 total=1.1009 grad=0.8462097644805908 conf_frac=0.750 (992s)
[mlx] fixed step 1150 ce=1.9549 total=1.9549 grad=5.61311149597168 conf_frac=0.750 (1000s)
[mlx] fixed step 1160 ce=1.4813 total=1.4813 grad=8.20248031616211 conf_frac=0.750 (1009s)
[mlx] fixed step 1170 ce=2.9293 total=2.9293 grad=14.522868156433105 conf_frac=0.500 (1018s)
[mlx] fixed step 1180 ce=0.9836 total=0.9836 grad=5.885180950164795 conf_frac=0.750 (1026s)
[mlx] fixed step 1190 ce=1.7184 total=1.7184 grad=0.4563676416873932 conf_frac=0.500 (1034s)
[mlx] fixed step 1200 ce=2.0865 total=2.0865 grad=5.541745662689209 conf_frac=0.500 (1043s)
[mlx] fixed step 1210 ce=1.5272 total=1.5272 grad=12.208142280578613 conf_frac=0.500 (1052s)
[mlx] fixed step 1220 ce=1.2735 total=1.2735 grad=2.6705570220947266 conf_frac=0.500 (1061s)
[mlx] fixed step 1230 ce=1.0483 total=1.0483 grad=9.408336639404297 conf_frac=1.000 (1070s)
[mlx] fixed step 1240 ce=1.4329 total=1.4329 grad=0.7923346757888794 conf_frac=0.500 (1078s)
[mlx] fixed step 1250 ce=2.0498 total=2.0498 grad=0.18931376934051514 conf_frac=0.500 (1087s)
[mlx] fixed step 1260 ce=1.6676 total=1.6676 grad=0.09220512211322784 conf_frac=0.500 (1096s)
[mlx] fixed step 1270 ce=1.4732 total=1.4732 grad=0.6444307565689087 conf_frac=0.500 (1104s)
[mlx] fixed step 1280 ce=2.7584 total=2.7584 grad=1.8536266088485718 conf_frac=0.500 (1112s)
[mlx] fixed step 1290 ce=1.5019 total=1.5019 grad=0.23838713765144348 conf_frac=0.500 (1120s)
[mlx] fixed step 1300 ce=2.5344 total=2.5344 grad=0.9214110970497131 conf_frac=0.500 (1129s)
[mlx] fixed step 1310 ce=1.4551 total=1.4551 grad=0.0004295678227208555 conf_frac=0.000 (1136s)
[mlx] fixed step 1320 ce=1.7229 total=1.7229 grad=0.0002848296135198325 conf_frac=0.000 (1145s)
[mlx] fixed step 1330 ce=0.7033 total=0.7033 grad=1.5677422285079956 conf_frac=0.750 (1154s)
[mlx] fixed step 1340 ce=2.2289 total=2.2289 grad=0.7421927452087402 conf_frac=0.500 (1163s)
[mlx] fixed step 1350 ce=1.9104 total=1.9104 grad=7.397719860076904 conf_frac=0.250 (1171s)
[mlx] fixed step 1360 ce=2.0306 total=2.0306 grad=0.08742133527994156 conf_frac=0.500 (1180s)
[mlx] fixed step 1370 ce=1.1634 total=1.1634 grad=4.535470008850098 conf_frac=0.750 (1188s)
[mlx] fixed step 1380 ce=1.6922 total=1.6922 grad=0.03684685379266739 conf_frac=0.250 (1197s)
[mlx] fixed step 1390 ce=1.5886 total=1.5886 grad=0.18949271738529205 conf_frac=0.750 (1205s)
[mlx] fixed step 1400 ce=2.6254 total=2.6254 grad=8.659642219543457 conf_frac=0.500 (1214s)
[mlx] fixed step 1410 ce=1.1853 total=1.1853 grad=4.235523223876953 conf_frac=0.500 (1222s)
[mlx] fixed step 1420 ce=1.7970 total=1.7970 grad=2.312997579574585 conf_frac=0.250 (1231s)
[mlx] fixed step 1430 ce=1.8823 total=1.8823 grad=0.6514992713928223 conf_frac=0.750 (1238s)
[mlx] fixed step 1440 ce=1.5751 total=1.5751 grad=0.7455130219459534 conf_frac=0.750 (1247s)
[mlx] fixed step 1450 ce=1.7446 total=1.7446 grad=1.3534643650054932 conf_frac=0.250 (1256s)
[mlx] fixed step 1460 ce=1.5146 total=1.5146 grad=3.940887212753296 conf_frac=0.750 (1265s)
[mlx] fixed step 1470 ce=2.2066 total=2.2066 grad=5.434825420379639 conf_frac=0.750 (1274s)
[mlx] fixed step 1480 ce=2.2482 total=2.2482 grad=0.1943875253200531 conf_frac=0.750 (1282s)
[mlx] fixed step 1490 ce=1.4176 total=1.4176 grad=10.288844108581543 conf_frac=0.500 (1290s)
[mlx] fixed step 1500 ce=1.8455 total=1.8455 grad=1.641300916671753 conf_frac=0.250 (1299s)
[mlx] fixed step 1510 ce=1.3625 total=1.3625 grad=3.9620587825775146 conf_frac=0.750 (1307s)
[mlx] fixed step 1520 ce=2.0824 total=2.0824 grad=0.01310087088495493 conf_frac=0.250 (1316s)
[mlx] fixed step 1530 ce=1.2894 total=1.2894 grad=0.20000064373016357 conf_frac=0.500 (1324s)
[mlx] fixed step 1540 ce=1.5478 total=1.5478 grad=0.03964482992887497 conf_frac=0.000 (1333s)
[mlx] fixed step 1550 ce=2.0369 total=2.0369 grad=0.4700944125652313 conf_frac=0.500 (1341s)
[mlx] fixed step 1560 ce=2.6326 total=2.6326 grad=0.0027835960499942303 conf_frac=0.000 (1349s)
[mlx] fixed step 1570 ce=1.8788 total=1.8788 grad=0.26310139894485474 conf_frac=0.250 (1358s)
[mlx] fixed step 1580 ce=1.2737 total=1.2737 grad=0.7586832642555237 conf_frac=0.250 (1366s)
[mlx] fixed step 1590 ce=1.3950 total=1.3950 grad=2.481292247772217 conf_frac=0.750 (1375s)
[mlx] fixed step 1600 ce=1.5232 total=1.5232 grad=1.1838284730911255 conf_frac=0.250 (1383s)
[mlx] fixed step 1610 ce=1.9786 total=1.9786 grad=13.860994338989258 conf_frac=0.250 (1391s)
[mlx] fixed step 1620 ce=1.4178 total=1.4178 grad=0.6352102160453796 conf_frac=0.250 (1400s)
[mlx] fixed step 1630 ce=1.7124 total=1.7124 grad=0.01833825744688511 conf_frac=0.250 (1408s)
[mlx] fixed step 1640 ce=2.9849 total=2.9849 grad=0.013968448154628277 conf_frac=0.250 (1417s)
[mlx] fixed step 1650 ce=1.1270 total=1.1270 grad=6.230661869049072 conf_frac=0.750 (1425s)
[mlx] fixed step 1660 ce=1.4109 total=1.4109 grad=1.908534049987793 conf_frac=0.750 (1433s)
[mlx] fixed step 1670 ce=1.7115 total=1.7115 grad=1.5442432165145874 conf_frac=0.250 (1442s)
[mlx] fixed step 1680 ce=1.7417 total=1.7417 grad=1.1220462322235107 conf_frac=0.750 (1451s)
[mlx] fixed step 1690 ce=1.4272 total=1.4272 grad=3.2431321144104004 conf_frac=0.750 (1459s)
[mlx] fixed step 1700 ce=1.4305 total=1.4305 grad=1.898594617843628 conf_frac=0.500 (1467s)
[mlx] fixed step 1710 ce=2.1272 total=2.1272 grad=0.25035056471824646 conf_frac=0.250 (1475s)
[mlx] fixed step 1720 ce=2.3239 total=2.3239 grad=0.47873491048812866 conf_frac=0.500 (1483s)
[mlx] fixed step 1730 ce=2.9846 total=2.9846 grad=0.29783928394317627 conf_frac=0.250 (1491s)
[mlx] fixed step 1740 ce=2.1229 total=2.1229 grad=9.277840614318848 conf_frac=0.500 (1500s)
[mlx] fixed step 1750 ce=2.1720 total=2.1720 grad=0.019333012402057648 conf_frac=0.000 (1508s)
[mlx] fixed step 1760 ce=1.2406 total=1.2406 grad=0.19083751738071442 conf_frac=0.250 (1516s)
[mlx] fixed step 1770 ce=2.0120 total=2.0120 grad=7.955600738525391 conf_frac=1.000 (1525s)
[mlx] fixed step 1780 ce=1.8610 total=1.8610 grad=2.4567315578460693 conf_frac=0.750 (1532s)
[mlx] fixed step 1790 ce=1.7522 total=1.7522 grad=9.4429931640625 conf_frac=0.750 (1541s)
[mlx] fixed step 1800 ce=2.1304 total=2.1304 grad=4.593191146850586 conf_frac=0.500 (1549s)
[mlx] fixed step 1810 ce=2.0101 total=2.0101 grad=4.929756164550781 conf_frac=0.750 (1558s)
[mlx] fixed step 1820 ce=2.0601 total=2.0601 grad=1.2975404262542725 conf_frac=0.500 (1567s)
[mlx] fixed step 1830 ce=1.7411 total=1.7411 grad=1.2129580974578857 conf_frac=0.500 (1575s)
[mlx] fixed step 1840 ce=1.8615 total=1.8615 grad=3.752840042114258 conf_frac=0.750 (1584s)
[mlx] fixed step 1850 ce=1.2613 total=1.2613 grad=0.0034759249538183212 conf_frac=0.000 (1592s)
[mlx] fixed step 1860 ce=2.3836 total=2.3836 grad=1.146493673324585 conf_frac=0.500 (1600s)
[mlx] fixed step 1870 ce=2.4313 total=2.4313 grad=6.208324432373047 conf_frac=0.750 (1608s)
[mlx] fixed step 1880 ce=1.6126 total=1.6126 grad=10.099836349487305 conf_frac=0.250 (1617s)
[mlx] fixed step 1890 ce=2.6823 total=2.6823 grad=7.6099066734313965 conf_frac=0.750 (1625s)
[mlx] fixed step 1900 ce=3.0729 total=3.0729 grad=0.17559979856014252 conf_frac=0.250 (1634s)
[mlx] fixed step 1910 ce=3.2640 total=3.2640 grad=0.37003618478775024 conf_frac=0.250 (1642s)
[mlx] fixed step 1920 ce=2.8389 total=2.8389 grad=0.0002880894753616303 conf_frac=0.000 (1650s)
[mlx] fixed step 1930 ce=2.4394 total=2.4394 grad=0.0 conf_frac=0.000 (1659s)
[mlx] fixed step 1940 ce=1.3105 total=1.3105 grad=3.4286162853240967 conf_frac=0.250 (1668s)
[mlx] fixed step 1950 ce=1.8523 total=1.8523 grad=4.663066864013672 conf_frac=0.750 (1676s)
[mlx] fixed step 1960 ce=1.5814 total=1.5814 grad=0.21556776762008667 conf_frac=0.250 (1686s)
[mlx] fixed step 1970 ce=1.4290 total=1.4290 grad=0.29836198687553406 conf_frac=0.500 (1694s)
[mlx] fixed step 1980 ce=1.3726 total=1.3726 grad=0.16930074989795685 conf_frac=0.500 (1703s)
[mlx] fixed step 1990 ce=2.2462 total=2.2462 grad=10.691792488098145 conf_frac=0.500 (1711s)
[mlx] fixed step 2000 ce=1.8464 total=1.8464 grad=0.15686196088790894 conf_frac=0.250 (1721s)
[mlx] fixed step 2010 ce=0.7348 total=0.7348 grad=1.5179340839385986 conf_frac=0.500 (1730s)
[mlx] fixed step 2020 ce=0.5039 total=0.5039 grad=0.0001907017722260207 conf_frac=0.000 (1739s)
[mlx] fixed step 2030 ce=1.0145 total=1.0145 grad=0.2597790062427521 conf_frac=0.500 (1748s)
[mlx] fixed step 2040 ce=0.7946 total=0.7946 grad=1.0001131296157837 conf_frac=0.500 (1755s)
[mlx] fixed step 2050 ce=1.0693 total=1.0693 grad=1.2915229797363281 conf_frac=0.500 (1764s)
[mlx] fixed step 2060 ce=1.1740 total=1.1740 grad=9.03919506072998 conf_frac=0.750 (1772s)
[mlx] fixed step 2070 ce=1.0469 total=1.0469 grad=16.748889923095703 conf_frac=1.000 (1781s)
[mlx] fixed step 2080 ce=1.4680 total=1.4680 grad=0.13682666420936584 conf_frac=0.250 (1789s)
[mlx] fixed step 2090 ce=0.5996 total=0.5996 grad=0.6088127493858337 conf_frac=0.500 (1798s)
[mlx] fixed step 2100 ce=1.1986 total=1.1986 grad=0.0009000084828585386 conf_frac=0.000 (1806s)
[mlx] fixed step 2110 ce=1.1671 total=1.1671 grad=2.447568655014038 conf_frac=0.750 (1815s)
[mlx] fixed step 2120 ce=1.3779 total=1.3779 grad=0.4856119155883789 conf_frac=0.500 (1824s)
[mlx] fixed step 2130 ce=0.6209 total=0.6209 grad=0.9390992522239685 conf_frac=0.750 (1833s)
[mlx] fixed step 2140 ce=0.8849 total=0.8849 grad=1.5032639503479004 conf_frac=0.500 (1841s)
[mlx] fixed step 2150 ce=0.9042 total=0.9042 grad=9.720091819763184 conf_frac=0.250 (1848s)
[mlx] fixed step 2160 ce=1.1023 total=1.1023 grad=3.167745351791382 conf_frac=0.500 (1857s)
[mlx] fixed step 2170 ce=0.9569 total=0.9569 grad=17.75208282470703 conf_frac=0.500 (1866s)
[mlx] fixed step 2180 ce=0.8809 total=0.8809 grad=5.139113426208496 conf_frac=0.500 (1874s)
[mlx] fixed step 2190 ce=1.6439 total=1.6439 grad=0.33329036831855774 conf_frac=0.250 (1882s)
[mlx] fixed step 2200 ce=1.2105 total=1.2105 grad=0.001787077751941979 conf_frac=0.000 (1891s)
[mlx] fixed step 2210 ce=0.5685 total=0.5685 grad=0.2411734014749527 conf_frac=1.000 (1899s)
[mlx] fixed step 2220 ce=1.2352 total=1.2352 grad=0.44826942682266235 conf_frac=0.500 (1907s)
[mlx] fixed step 2230 ce=1.2664 total=1.2664 grad=0.1517750471830368 conf_frac=0.500 (1915s)
[mlx] fixed step 2240 ce=1.2689 total=1.2689 grad=0.12350306659936905 conf_frac=0.250 (1923s)
[mlx] fixed step 2250 ce=1.5598 total=1.5598 grad=1.496099591255188 conf_frac=0.750 (1932s)
[mlx] fixed step 2260 ce=0.8149 total=0.8149 grad=0.37715476751327515 conf_frac=0.500 (1941s)
[mlx] fixed step 2270 ce=1.3674 total=1.3674 grad=5.435844898223877 conf_frac=0.500 (1949s)
[mlx] fixed step 2280 ce=1.7733 total=1.7733 grad=0.21452058851718903 conf_frac=0.500 (1959s)
[mlx] fixed step 2290 ce=1.3473 total=1.3473 grad=0.023361366242170334 conf_frac=0.250 (1967s)
[mlx] fixed step 2300 ce=0.9167 total=0.9167 grad=17.624502182006836 conf_frac=1.000 (1976s)
[mlx] fixed step 2310 ce=0.4302 total=0.4302 grad=8.094059944152832 conf_frac=0.500 (1985s)
[mlx] fixed step 2320 ce=1.1999 total=1.1999 grad=14.293539047241211 conf_frac=1.000 (1993s)
[mlx] fixed step 2330 ce=1.4948 total=1.4948 grad=1.6394177675247192 conf_frac=0.750 (2003s)
[mlx] fixed step 2340 ce=0.6668 total=0.6668 grad=3.0508298873901367 conf_frac=0.500 (2011s)
[mlx] fixed step 2350 ce=1.3181 total=1.3181 grad=0.8897760510444641 conf_frac=0.750 (2019s)
[mlx] fixed step 2360 ce=1.4093 total=1.4093 grad=1.2691179513931274 conf_frac=0.500 (2027s)
[mlx] fixed step 2370 ce=1.3695 total=1.3695 grad=8.540104866027832 conf_frac=0.500 (2035s)
[mlx] fixed step 2380 ce=0.6892 total=0.6892 grad=10.583934783935547 conf_frac=0.750 (2044s)
[mlx] fixed step 2390 ce=1.7615 total=1.7615 grad=0.11976100504398346 conf_frac=0.250 (2053s)
[mlx] fixed step 2400 ce=0.8200 total=0.8200 grad=0.172812819480896 conf_frac=0.250 (2061s)
[mlx] fixed step 2410 ce=0.7645 total=0.7645 grad=0.3918592631816864 conf_frac=0.250 (2070s)
[mlx] fixed step 2420 ce=1.5331 total=1.5331 grad=0.09404554218053818 conf_frac=0.250 (2079s)
[mlx] fixed step 2430 ce=1.9451 total=1.9451 grad=11.16947078704834 conf_frac=0.250 (2088s)
[mlx] fixed step 2440 ce=1.6806 total=1.6806 grad=0.32020893692970276 conf_frac=0.250 (2096s)
[mlx] fixed step 2450 ce=1.2742 total=1.2742 grad=0.04628148674964905 conf_frac=0.250 (2105s)
[mlx] fixed step 2460 ce=0.9574 total=0.9574 grad=0.1078006848692894 conf_frac=0.500 (2114s)
[mlx] fixed step 2470 ce=1.2945 total=1.2945 grad=1.6090084314346313 conf_frac=0.250 (2123s)
[mlx] fixed step 2480 ce=1.1164 total=1.1164 grad=2.0060994625091553 conf_frac=0.500 (2131s)
[mlx] fixed step 2490 ce=1.0068 total=1.0068 grad=0.8048967719078064 conf_frac=0.250 (2140s)
[mlx] fixed step 2500 ce=1.6284 total=1.6284 grad=9.86890697479248 conf_frac=0.500 (2148s)
[mlx] fixed step 2510 ce=1.2312 total=1.2312 grad=2.3591935634613037 conf_frac=0.500 (2156s)
[mlx] fixed step 2520 ce=1.1410 total=1.1410 grad=0.2737358510494232 conf_frac=0.750 (2164s)
[mlx] fixed step 2530 ce=1.9357 total=1.9357 grad=0.0005787563277408481 conf_frac=0.000 (2173s)
[mlx] fixed step 2540 ce=0.6632 total=0.6632 grad=1.0997858047485352 conf_frac=0.500 (2181s)
[mlx] fixed step 2550 ce=0.7111 total=0.7111 grad=9.065821647644043 conf_frac=0.750 (2189s)
[mlx] fixed step 2560 ce=1.1497 total=1.1497 grad=0.21280121803283691 conf_frac=0.250 (2198s)
[mlx] fixed step 2570 ce=1.1032 total=1.1032 grad=0.0008530914201401174 conf_frac=0.000 (2207s)
[mlx] fixed step 2580 ce=0.4322 total=0.4322 grad=0.14896829426288605 conf_frac=0.250 (2216s)
[mlx] fixed step 2590 ce=0.3930 total=0.3930 grad=0.6623385548591614 conf_frac=0.500 (2225s)
[mlx] fixed step 2600 ce=1.1977 total=1.1977 grad=9.23120403289795 conf_frac=0.750 (2234s)
[mlx] fixed step 2610 ce=1.3863 total=1.3863 grad=1.4913862943649292 conf_frac=0.500 (2250s)
[mlx] fixed step 2620 ce=1.3736 total=1.3736 grad=3.615166425704956 conf_frac=0.750 (2262s)
[mlx] fixed step 2630 ce=1.1653 total=1.1653 grad=0.8204892873764038 conf_frac=0.750 (2276s)
[mlx] fixed step 2640 ce=1.2641 total=1.2641 grad=7.433324813842773 conf_frac=0.500 (2298s)
[mlx] fixed step 2650 ce=1.2508 total=1.2508 grad=0.10003077238798141 conf_frac=0.250 (2320s)
[mlx] fixed step 2660 ce=1.0429 total=1.0429 grad=0.5770754218101501 conf_frac=0.500 (2328s)
[mlx] fixed step 2670 ce=1.4822 total=1.4822 grad=0.72984379529953 conf_frac=0.500 (2342s)
[mlx] fixed step 2680 ce=0.8105 total=0.8105 grad=3.9464833736419678 conf_frac=0.750 (2351s)
[mlx] fixed step 2690 ce=1.7934 total=1.7934 grad=3.6466050148010254 conf_frac=0.250 (2360s)
[mlx] fixed step 2700 ce=1.4564 total=1.4564 grad=0.19467046856880188 conf_frac=0.250 (2368s)
[mlx] fixed step 2710 ce=0.8268 total=0.8268 grad=0.08174286782741547 conf_frac=0.750 (2376s)
[mlx] fixed step 2720 ce=0.6443 total=0.6443 grad=4.662178039550781 conf_frac=0.750 (2385s)
[mlx] fixed step 2730 ce=1.0851 total=1.0851 grad=1.2420601844787598 conf_frac=0.750 (2393s)
[mlx] fixed step 2740 ce=0.7152 total=0.7152 grad=0.49124306440353394 conf_frac=0.250 (2402s)
[mlx] fixed step 2750 ce=1.2215 total=1.2215 grad=0.47818341851234436 conf_frac=0.750 (2410s)
[mlx] fixed step 2760 ce=1.9570 total=1.9570 grad=0.01079251803457737 conf_frac=0.250 (2419s)
[mlx] fixed step 2770 ce=0.9991 total=0.9991 grad=0.05800408497452736 conf_frac=0.500 (2429s)
[mlx] fixed step 2780 ce=0.8802 total=0.8802 grad=0.2961506247520447 conf_frac=0.250 (2437s)
[mlx] fixed step 2790 ce=1.9482 total=1.9482 grad=3.939636468887329 conf_frac=0.500 (2446s)
[mlx] fixed step 2800 ce=0.5114 total=0.5114 grad=2.064284324645996 conf_frac=1.000 (2457s)
[mlx] fixed step 2810 ce=1.5713 total=1.5713 grad=0.43991619348526 conf_frac=0.500 (2466s)
[mlx] fixed step 2820 ce=1.0204 total=1.0204 grad=9.709301948547363 conf_frac=0.500 (2474s)
[mlx] fixed step 2830 ce=0.7112 total=0.7112 grad=0.8715819716453552 conf_frac=0.250 (2483s)
[mlx] fixed step 2840 ce=1.7665 total=1.7665 grad=1.0174347162246704 conf_frac=0.250 (2492s)
[mlx] fixed step 2850 ce=0.5562 total=0.5562 grad=0.5412686467170715 conf_frac=0.250 (2501s)
[mlx] fixed step 2860 ce=1.3761 total=1.3761 grad=1.630653977394104 conf_frac=0.750 (2510s)
[mlx] fixed step 2870 ce=0.9716 total=0.9716 grad=0.19318978488445282 conf_frac=0.250 (2519s)
[mlx] fixed step 2880 ce=1.5281 total=1.5281 grad=0.00010000268957810476 conf_frac=0.000 (2529s)
[mlx] fixed step 2890 ce=0.9445 total=0.9445 grad=2.5580437183380127 conf_frac=0.500 (2538s)
[mlx] fixed step 2900 ce=0.9817 total=0.9817 grad=1.3869965076446533 conf_frac=0.750 (2547s)
[mlx] fixed step 2910 ce=0.6463 total=0.6463 grad=7.616598606109619 conf_frac=1.000 (2557s)
[mlx] fixed step 2920 ce=0.6159 total=0.6159 grad=0.047182846814394 conf_frac=0.250 (2569s)
[mlx] fixed step 2930 ce=0.8866 total=0.8866 grad=0.2872404158115387 conf_frac=0.250 (2577s)
[mlx] fixed step 2940 ce=1.5901 total=1.5901 grad=7.193057537078857 conf_frac=0.250 (2586s)
[mlx] fixed step 2950 ce=1.0786 total=1.0786 grad=8.48831558227539 conf_frac=0.750 (2594s)
[mlx] fixed step 2960 ce=0.5303 total=0.5303 grad=4.28887939453125 conf_frac=1.000 (2602s)
[mlx] fixed step 2970 ce=1.1404 total=1.1404 grad=12.830281257629395 conf_frac=0.500 (2610s)
[mlx] fixed step 2980 ce=1.4610 total=1.4610 grad=5.161777973175049 conf_frac=0.250 (2619s)
[mlx] fixed step 2990 ce=1.1354 total=1.1354 grad=0.39756956696510315 conf_frac=0.250 (2629s)
[mlx] fixed step 3000 ce=0.9901 total=0.9901 grad=3.616119623184204 conf_frac=0.750 (2638s)
[mlx] fixed step 3010 ce=1.1327 total=1.1327 grad=0.7041739821434021 conf_frac=0.500 (2647s)
[mlx] fixed step 3020 ce=1.0032 total=1.0032 grad=0.0 conf_frac=0.000 (2658s)
[mlx] fixed step 3030 ce=1.6695 total=1.6695 grad=1.2084591388702393 conf_frac=0.250 (2669s)
[mlx] fixed step 3040 ce=1.2343 total=1.2343 grad=6.33744478225708 conf_frac=0.250 (2678s)
[mlx] fixed step 3050 ce=1.5354 total=1.5354 grad=23.130084991455078 conf_frac=0.500 (2687s)
[mlx] fixed step 3060 ce=1.6496 total=1.6496 grad=2.857731819152832 conf_frac=0.750 (2695s)
[mlx] fixed step 3070 ce=1.3057 total=1.3057 grad=6.60395622253418 conf_frac=0.500 (2705s)
[mlx] fixed step 3080 ce=1.3408 total=1.3408 grad=0.0017635576659813523 conf_frac=0.000 (2713s)
[mlx] fixed step 3090 ce=1.0290 total=1.0290 grad=8.723846435546875 conf_frac=0.750 (2722s)
[mlx] fixed step 3100 ce=1.3023 total=1.3023 grad=8.207767486572266 conf_frac=0.500 (2730s)
[mlx] fixed step 3110 ce=0.7971 total=0.7971 grad=2.9711694717407227 conf_frac=0.750 (2739s)
[mlx] fixed step 3120 ce=1.9522 total=1.9522 grad=4.798471450805664 conf_frac=0.250 (2749s)
[mlx] fixed step 3130 ce=0.5947 total=0.5947 grad=3.111732006072998 conf_frac=0.250 (2758s)
[mlx] fixed step 3140 ce=1.1109 total=1.1109 grad=5.056577205657959 conf_frac=0.500 (2766s)
[mlx] fixed step 3150 ce=0.6790 total=0.6790 grad=2.448932647705078 conf_frac=0.250 (2774s)
[mlx] fixed step 3160 ce=1.2809 total=1.2809 grad=3.0234463214874268 conf_frac=0.500 (2783s)
[mlx] fixed step 3170 ce=1.2541 total=1.2541 grad=6.295318603515625 conf_frac=0.500 (2792s)
[mlx] fixed step 3180 ce=1.1755 total=1.1755 grad=9.315074920654297 conf_frac=0.250 (2801s)
[mlx] fixed step 3190 ce=1.2762 total=1.2762 grad=0.05219598487019539 conf_frac=0.250 (2811s)
[mlx] fixed step 3200 ce=0.3672 total=0.3672 grad=0.19308149814605713 conf_frac=0.750 (2820s)
[mlx] fixed step 3210 ce=1.5681 total=1.5681 grad=7.774374961853027 conf_frac=0.500 (2829s)
[mlx] fixed step 3220 ce=0.9164 total=0.9164 grad=2.232149600982666 conf_frac=0.500 (2837s)
[mlx] fixed step 3230 ce=1.4751 total=1.4751 grad=10.720701217651367 conf_frac=0.250 (2852s)
[mlx] fixed step 3240 ce=1.2107 total=1.2107 grad=0.6367005705833435 conf_frac=0.500 (2867s)
[mlx] fixed step 3250 ce=1.2581 total=1.2581 grad=3.1449108123779297 conf_frac=0.500 (2886s)
[mlx] fixed step 3260 ce=0.5846 total=0.5846 grad=3.49590802192688 conf_frac=0.500 (2895s)
[mlx] fixed step 3270 ce=0.9966 total=0.9966 grad=0.1374664455652237 conf_frac=0.250 (2903s)
[mlx] fixed step 3280 ce=0.8252 total=0.8252 grad=2.1628146171569824 conf_frac=0.750 (2911s)
[mlx] fixed step 3290 ce=0.7860 total=0.7860 grad=0.4074147045612335 conf_frac=0.500 (2920s)
[mlx] fixed step 3300 ce=1.3076 total=1.3076 grad=1.4053566455841064 conf_frac=0.750 (2930s)
[mlx] fixed step 3310 ce=1.7663 total=1.7663 grad=1.9479840993881226 conf_frac=0.500 (2939s)
[mlx] fixed step 3320 ce=1.1486 total=1.1486 grad=0.0 conf_frac=0.000 (2947s)
[mlx] fixed step 3330 ce=0.8773 total=0.8773 grad=0.7776052355766296 conf_frac=0.500 (2956s)
[mlx] fixed step 3340 ce=1.8631 total=1.8631 grad=6.338268280029297 conf_frac=0.750 (2966s)
[mlx] fixed step 3350 ce=0.6704 total=0.6704 grad=0.733638346195221 conf_frac=0.500 (2976s)
[mlx] fixed step 3360 ce=1.4541 total=1.4541 grad=1.1415388584136963 conf_frac=0.250 (2986s)
[mlx] fixed step 3370 ce=1.0710 total=1.0710 grad=0.7665057182312012 conf_frac=0.500 (2994s)
[mlx] fixed step 3380 ce=0.5983 total=0.5983 grad=0.2201131135225296 conf_frac=0.500 (3002s)
[mlx] fixed step 3390 ce=0.6645 total=0.6645 grad=0.7454514503479004 conf_frac=1.000 (3011s)
[mlx] fixed step 3400 ce=0.8752 total=0.8752 grad=3.7483322620391846 conf_frac=0.750 (3019s)
[mlx] fixed step 3410 ce=0.8136 total=0.8136 grad=0.2852383255958557 conf_frac=0.500 (3028s)
[mlx] fixed step 3420 ce=1.2597 total=1.2597 grad=4.158271312713623 conf_frac=0.750 (3037s)
[mlx] fixed step 3430 ce=1.1818 total=1.1818 grad=0.5627682209014893 conf_frac=0.750 (3046s)
[mlx] fixed step 3440 ce=0.8554 total=0.8554 grad=0.1380346268415451 conf_frac=0.500 (3055s)
[mlx] fixed step 3450 ce=1.1579 total=1.1579 grad=2.5447826385498047 conf_frac=0.750 (3065s)
[mlx] fixed step 3460 ce=0.9702 total=0.9702 grad=3.5297696590423584 conf_frac=0.500 (3074s)
[mlx] fixed step 3470 ce=1.2752 total=1.2752 grad=8.482281684875488 conf_frac=0.750 (3082s)
[mlx] fixed step 3480 ce=0.4455 total=0.4455 grad=2.6763432025909424 conf_frac=1.000 (3093s)
[mlx] fixed step 3490 ce=1.2989 total=1.2989 grad=13.192111015319824 conf_frac=1.000 (3107s)
[mlx] fixed step 3500 ce=1.1145 total=1.1145 grad=3.483717203140259 conf_frac=0.750 (3116s)
[mlx] fixed step 3510 ce=0.4638 total=0.4638 grad=1.7124384641647339 conf_frac=0.750 (3125s)
[mlx] fixed step 3520 ce=0.6734 total=0.6734 grad=0.20786415040493011 conf_frac=0.750 (3137s)
[mlx] fixed step 3530 ce=1.2966 total=1.2966 grad=0.1317308247089386 conf_frac=0.500 (3148s)
[mlx] fixed step 3540 ce=2.0537 total=2.0537 grad=4.70971155166626 conf_frac=0.500 (3158s)
[mlx] fixed step 3550 ce=1.2828 total=1.2828 grad=0.9800398349761963 conf_frac=0.500 (3170s)
[mlx] fixed step 3560 ce=0.7938 total=0.7938 grad=0.6162098050117493 conf_frac=0.250 (3179s)
[mlx] fixed step 3570 ce=0.8458 total=0.8458 grad=0.22741647064685822 conf_frac=0.250 (3188s)
[mlx] fixed step 3580 ce=1.0599 total=1.0599 grad=3.1746373176574707 conf_frac=0.250 (3196s)
[mlx] fixed step 3590 ce=1.2841 total=1.2841 grad=6.2217698097229 conf_frac=0.250 (3205s)
[mlx] fixed step 3600 ce=0.7647 total=0.7647 grad=4.3638715744018555 conf_frac=0.500 (3213s)
[mlx] fixed step 3610 ce=0.7921 total=0.7921 grad=0.6784590482711792 conf_frac=0.250 (3221s)
[mlx] fixed step 3620 ce=1.0572 total=1.0572 grad=0.3195968270301819 conf_frac=0.500 (3229s)
[mlx] fixed step 3630 ce=0.7831 total=0.7831 grad=0.05731482803821564 conf_frac=0.250 (3237s)
[mlx] fixed step 3640 ce=1.4962 total=1.4962 grad=0.04969481751322746 conf_frac=0.250 (3246s)
[mlx] fixed step 3650 ce=1.1660 total=1.1660 grad=7.929064750671387 conf_frac=0.750 (3254s)
[mlx] fixed step 3660 ce=0.9932 total=0.9932 grad=4.352793216705322 conf_frac=0.500 (3262s)
[mlx] fixed step 3670 ce=0.8002 total=0.8002 grad=0.19888056814670563 conf_frac=0.250 (3270s)
[mlx] fixed step 3680 ce=0.9131 total=0.9131 grad=0.3222041726112366 conf_frac=0.250 (3278s)
[mlx] fixed step 3690 ce=1.6835 total=1.6835 grad=0.6199974417686462 conf_frac=0.250 (3287s)
[mlx] fixed step 3700 ce=1.1875 total=1.1875 grad=11.37271499633789 conf_frac=0.500 (3296s)
[mlx] fixed step 3710 ce=1.4542 total=1.4542 grad=1.5758981704711914 conf_frac=0.750 (3304s)
[mlx] fixed step 3720 ce=1.8892 total=1.8892 grad=1.3833644390106201 conf_frac=0.750 (3313s)
[mlx] fixed step 3730 ce=1.2901 total=1.2901 grad=1.0402195453643799 conf_frac=0.500 (3321s)
[mlx] fixed step 3740 ce=1.0757 total=1.0757 grad=3.957096815109253 conf_frac=0.250 (3330s)
[mlx] fixed step 3750 ce=1.2320 total=1.2320 grad=8.983794212341309 conf_frac=0.500 (3338s)
[mlx] fixed step 3760 ce=1.1679 total=1.1679 grad=6.995223522186279 conf_frac=0.000 (3348s)
[mlx] fixed step 3770 ce=1.6068 total=1.6068 grad=0.8943771719932556 conf_frac=0.500 (3356s)
[mlx] fixed step 3780 ce=0.9662 total=0.9662 grad=0.18295986950397491 conf_frac=0.500 (3365s)
[mlx] fixed step 3790 ce=0.5762 total=0.5762 grad=7.958656311035156 conf_frac=0.500 (3373s)
[mlx] fixed step 3800 ce=1.0453 total=1.0453 grad=0.009222758002579212 conf_frac=0.750 (3382s)
[mlx] fixed step 3810 ce=1.3575 total=1.3575 grad=0.2158406376838684 conf_frac=0.500 (3391s)
[mlx] fixed step 3820 ce=1.4533 total=1.4533 grad=9.504511399427429e-05 conf_frac=0.000 (3400s)
[mlx] fixed step 3830 ce=0.7919 total=0.7919 grad=1.880697250366211 conf_frac=0.500 (3408s)
[mlx] fixed step 3840 ce=1.2630 total=1.2630 grad=0.0842900425195694 conf_frac=0.250 (3417s)
[mlx] fixed step 3850 ce=0.6995 total=0.6995 grad=2.801727533340454 conf_frac=0.750 (3427s)
[mlx] fixed step 3860 ce=1.4159 total=1.4159 grad=4.4260783195495605 conf_frac=0.500 (3440s)
[mlx] fixed step 3870 ce=1.9858 total=1.9858 grad=9.912362098693848 conf_frac=0.250 (3449s)
[mlx] fixed step 3880 ce=0.9113 total=0.9113 grad=4.38726806640625 conf_frac=0.500 (3466s)
[mlx] fixed step 3890 ce=0.7575 total=0.7575 grad=2.305877447128296 conf_frac=0.500 (3485s)
[mlx] fixed step 3900 ce=1.2604 total=1.2604 grad=0.034012194722890854 conf_frac=0.250 (3494s)
[mlx] fixed step 3910 ce=0.6376 total=0.6376 grad=0.2995743751525879 conf_frac=0.250 (3502s)
[mlx] fixed step 3920 ce=1.2696 total=1.2696 grad=0.808759331703186 conf_frac=0.250 (3511s)
[mlx] fixed step 3930 ce=1.3358 total=1.3358 grad=5.6016082763671875 conf_frac=0.750 (3520s)
[mlx] fixed step 3940 ce=0.5038 total=0.5038 grad=3.542198657989502 conf_frac=0.750 (3529s)
[mlx] fixed step 3950 ce=1.6470 total=1.6470 grad=4.082774639129639 conf_frac=0.750 (3537s)
[mlx] fixed step 3960 ce=1.3632 total=1.3632 grad=3.1030759811401367 conf_frac=0.500 (3546s)
[mlx] fixed step 3970 ce=0.9794 total=0.9794 grad=2.509941816329956 conf_frac=1.000 (3556s)
[mlx] fixed step 3980 ce=1.0397 total=1.0397 grad=0.33875006437301636 conf_frac=0.250 (3565s)
[mlx] fixed step 3990 ce=0.7749 total=0.7749 grad=7.7497406005859375 conf_frac=0.750 (3574s)
[mlx] fixed step 4000 ce=0.8906 total=0.8906 grad=5.011744499206543 conf_frac=1.000 (3583s)
[mlx] fixed step 4010 ce=0.4039 total=0.4039 grad=5.195732116699219 conf_frac=0.750 (3591s)
[mlx] fixed step 4020 ce=0.9031 total=0.9031 grad=3.230560302734375 conf_frac=0.250 (3600s)
[mlx] fixed step 4030 ce=0.1791 total=0.1791 grad=4.819456577301025 conf_frac=0.500 (3608s)
[mlx] fixed step 4040 ce=0.7607 total=0.7607 grad=1.9505997896194458 conf_frac=0.750 (3617s)
[mlx] fixed step 4050 ce=0.9087 total=0.9087 grad=8.5471234342549e-05 conf_frac=0.000 (3626s)
[mlx] fixed step 4060 ce=0.9322 total=0.9322 grad=0.08057329803705215 conf_frac=0.250 (3634s)
[mlx] fixed step 4070 ce=0.5178 total=0.5178 grad=0.1072796955704689 conf_frac=0.250 (3641s)
[mlx] fixed step 4080 ce=0.5313 total=0.5313 grad=6.6396989822387695 conf_frac=0.500 (3650s)
[mlx] fixed step 4090 ce=0.8362 total=0.8362 grad=0.05968954786658287 conf_frac=0.750 (3658s)
[mlx] fixed step 4100 ce=0.5751 total=0.5751 grad=1.7847977876663208 conf_frac=0.750 (3667s)
[mlx] fixed step 4110 ce=0.4219 total=0.4219 grad=1.380044937133789 conf_frac=1.000 (3676s)
[mlx] fixed step 4120 ce=0.7561 total=0.7561 grad=0.6017483472824097 conf_frac=0.250 (3684s)
[mlx] fixed step 4130 ce=0.4038 total=0.4038 grad=5.168787956237793 conf_frac=0.250 (3692s)
[mlx] fixed step 4140 ce=0.7534 total=0.7534 grad=6.107676982879639 conf_frac=0.500 (3700s)
[mlx] fixed step 4150 ce=0.9846 total=0.9846 grad=3.0370171070098877 conf_frac=0.500 (3709s)
[mlx] fixed step 4160 ce=0.6666 total=0.6666 grad=0.00018271178123541176 conf_frac=0.000 (3717s)
[mlx] fixed step 4170 ce=0.6019 total=0.6019 grad=3.279999017715454 conf_frac=0.250 (3726s)
[mlx] fixed step 4180 ce=0.4366 total=0.4366 grad=3.7560389041900635 conf_frac=0.750 (3735s)
[mlx] fixed step 4190 ce=0.7433 total=0.7433 grad=0.5881109237670898 conf_frac=0.500 (3744s)
[mlx] fixed step 4200 ce=0.7373 total=0.7373 grad=9.362054824829102 conf_frac=0.250 (3757s)
[mlx] fixed step 4210 ce=1.0630 total=1.0630 grad=0.3139548897743225 conf_frac=0.750 (3767s)
[mlx] fixed step 4220 ce=0.6522 total=0.6522 grad=0.4092952311038971 conf_frac=0.500 (3778s)
[mlx] fixed step 4230 ce=0.6222 total=0.6222 grad=2.839958667755127 conf_frac=0.750 (3788s)
[mlx] fixed step 4240 ce=0.6435 total=0.6435 grad=3.6079657077789307 conf_frac=0.750 (3798s)
[mlx] fixed step 4250 ce=0.6378 total=0.6378 grad=2.677598476409912 conf_frac=0.500 (3806s)
[mlx] fixed step 4260 ce=0.3507 total=0.3507 grad=2.0218799114227295 conf_frac=0.500 (3815s)
[mlx] fixed step 4270 ce=0.9539 total=0.9539 grad=0.2807617783546448 conf_frac=0.750 (3823s)
[mlx] fixed step 4280 ce=0.8174 total=0.8174 grad=0.9928111433982849 conf_frac=0.750 (3831s)
[mlx] fixed step 4290 ce=0.3528 total=0.3528 grad=0.0001705324393697083 conf_frac=0.000 (3839s)
[mlx] fixed step 4300 ce=0.9922 total=0.9922 grad=9.01378059387207 conf_frac=0.500 (3848s)
[mlx] fixed step 4310 ce=0.4054 total=0.4054 grad=8.083291053771973 conf_frac=1.000 (3857s)
[mlx] fixed step 4320 ce=0.7838 total=0.7838 grad=0.678253173828125 conf_frac=0.500 (3866s)
[mlx] fixed step 4330 ce=0.8710 total=0.8710 grad=0.9952455163002014 conf_frac=0.750 (3875s)
[mlx] fixed step 4340 ce=0.2656 total=0.2656 grad=0.0010205950820818543 conf_frac=0.000 (3887s)
[mlx] fixed step 4350 ce=0.6397 total=0.6397 grad=5.087982177734375 conf_frac=0.500 (3896s)
[mlx] fixed step 4360 ce=0.6300 total=0.6300 grad=6.269148826599121 conf_frac=0.500 (3905s)
[mlx] fixed step 4370 ce=0.5267 total=0.5267 grad=3.9764766693115234 conf_frac=0.750 (3914s)
[mlx] fixed step 4380 ce=0.7071 total=0.7071 grad=0.08775065839290619 conf_frac=0.500 (3922s)
[mlx] fixed step 4390 ce=0.7571 total=0.7571 grad=2.3274927139282227 conf_frac=0.500 (3930s)
[mlx] fixed step 4400 ce=0.2338 total=0.2338 grad=6.643513202667236 conf_frac=0.500 (3938s)
[mlx] fixed step 4410 ce=0.8951 total=0.8951 grad=5.060886859893799 conf_frac=0.500 (3946s)
[mlx] fixed step 4420 ce=1.1363 total=1.1363 grad=2.5353591442108154 conf_frac=0.500 (3955s)
[mlx] fixed step 4430 ce=1.4445 total=1.4445 grad=0.2010359913110733 conf_frac=0.250 (3963s)
[mlx] fixed step 4440 ce=0.3761 total=0.3761 grad=0.46933215856552124 conf_frac=0.250 (3972s)
[mlx] fixed step 4450 ce=0.4638 total=0.4638 grad=12.17884349822998 conf_frac=0.750 (3980s)
[mlx] fixed step 4460 ce=0.7621 total=0.7621 grad=2.7240402698516846 conf_frac=0.500 (3988s)
[mlx] fixed step 4470 ce=0.2453 total=0.2453 grad=0.21556387841701508 conf_frac=0.250 (3996s)
[mlx] fixed step 4480 ce=0.5228 total=0.5228 grad=0.21062815189361572 conf_frac=0.250 (4004s)
[mlx] fixed step 4490 ce=0.5531 total=0.5531 grad=3.8349192142486572 conf_frac=0.500 (4012s)
[mlx] fixed step 4500 ce=0.8696 total=0.8696 grad=0.137472465634346 conf_frac=0.250 (4020s)
[mlx] fixed step 4510 ce=0.3754 total=0.3754 grad=4.981513023376465 conf_frac=0.750 (4029s)
[mlx] fixed step 4520 ce=0.8139 total=0.8139 grad=11.310589790344238 conf_frac=0.250 (4037s)
[mlx] fixed step 4530 ce=1.1614 total=1.1614 grad=0.9468027949333191 conf_frac=0.500 (4046s)
[mlx] fixed step 4540 ce=0.2132 total=0.2132 grad=0.34257832169532776 conf_frac=0.500 (4054s)
[mlx] fixed step 4550 ce=0.4777 total=0.4777 grad=3.8759946823120117 conf_frac=0.750 (4062s)
[mlx] fixed step 4560 ce=0.6141 total=0.6141 grad=5.970325469970703 conf_frac=1.000 (4070s)
[mlx] fixed step 4570 ce=1.1786 total=1.1786 grad=0.0005825471016578376 conf_frac=0.000 (4079s)
[mlx] fixed step 4580 ce=0.7541 total=0.7541 grad=0.0817173421382904 conf_frac=0.500 (4086s)
[mlx] fixed step 4590 ce=0.8148 total=0.8148 grad=0.7240157127380371 conf_frac=0.250 (4094s)
[mlx] fixed step 4600 ce=0.6367 total=0.6367 grad=0.044483620673418045 conf_frac=0.500 (4102s)
[mlx] fixed step 4610 ce=0.5396 total=0.5396 grad=9.169336318969727 conf_frac=0.250 (4110s)
[mlx] fixed step 4620 ce=0.5104 total=0.5104 grad=6.986727714538574 conf_frac=0.750 (4120s)
[mlx] fixed step 4630 ce=0.7149 total=0.7149 grad=0.2637994587421417 conf_frac=0.500 (4128s)
[mlx] fixed step 4640 ce=0.4094 total=0.4094 grad=2.6594879627227783 conf_frac=0.250 (4136s)
[mlx] fixed step 4650 ce=0.4083 total=0.4083 grad=0.011798257939517498 conf_frac=0.250 (4143s)
[mlx] fixed step 4660 ce=0.9231 total=0.9231 grad=15.520245552062988 conf_frac=0.500 (4151s)
[mlx] fixed step 4670 ce=0.5903 total=0.5903 grad=9.58240795135498 conf_frac=0.500 (4160s)
[mlx] fixed step 4680 ce=1.1217 total=1.1217 grad=0.03611767664551735 conf_frac=0.250 (4168s)
[mlx] fixed step 4690 ce=0.3959 total=0.3959 grad=3.9681293964385986 conf_frac=0.500 (4177s)
[mlx] fixed step 4700 ce=0.4355 total=0.4355 grad=0.0946248322725296 conf_frac=0.250 (4186s)
[mlx] fixed step 4710 ce=0.3250 total=0.3250 grad=8.8380708694458 conf_frac=0.500 (4194s)
[mlx] fixed step 4720 ce=0.6495 total=0.6495 grad=6.673919200897217 conf_frac=0.750 (4202s)
[mlx] fixed step 4730 ce=0.6872 total=0.6872 grad=2.7488253116607666 conf_frac=0.250 (4212s)
[mlx] fixed step 4740 ce=0.3405 total=0.3405 grad=0.5659204721450806 conf_frac=0.750 (4220s)
[mlx] fixed step 4750 ce=0.7771 total=0.7771 grad=2.2387874126434326 conf_frac=0.500 (4228s)
[mlx] fixed step 4760 ce=1.1652 total=1.1652 grad=3.919060468673706 conf_frac=0.750 (4236s)
[mlx] fixed step 4770 ce=0.9174 total=0.9174 grad=8.468320846557617 conf_frac=0.250 (4243s)
[mlx] fixed step 4780 ce=0.5058 total=0.5058 grad=1.6975222826004028 conf_frac=0.500 (4252s)
[mlx] fixed step 4790 ce=0.4138 total=0.4138 grad=7.331607818603516 conf_frac=0.500 (4260s)
[mlx] fixed step 4800 ce=0.8521 total=0.8521 grad=0.0 conf_frac=0.000 (4268s)
[mlx] fixed step 4810 ce=0.5889 total=0.5889 grad=0.0542498379945755 conf_frac=0.250 (4276s)
[mlx] fixed step 4820 ce=0.7034 total=0.7034 grad=0.05000797286629677 conf_frac=0.250 (4284s)
[mlx] fixed step 4830 ce=0.4449 total=0.4449 grad=0.2091515213251114 conf_frac=0.500 (4293s)
[mlx] fixed step 4840 ce=0.6852 total=0.6852 grad=1.1992322206497192 conf_frac=0.500 (4301s)
[mlx] fixed step 4850 ce=0.8549 total=0.8549 grad=1.6615203619003296 conf_frac=0.250 (4310s)
[mlx] fixed step 4860 ce=0.5825 total=0.5825 grad=8.843260765075684 conf_frac=0.250 (4318s)
[mlx] fixed step 4870 ce=0.5712 total=0.5712 grad=1.6241724491119385 conf_frac=0.500 (4327s)
[mlx] fixed step 4880 ce=0.3787 total=0.3787 grad=0.21952329576015472 conf_frac=0.500 (4335s)
[mlx] fixed step 4890 ce=1.0034 total=1.0034 grad=0.12270611524581909 conf_frac=0.500 (4344s)
[mlx] fixed step 4900 ce=0.8962 total=0.8962 grad=0.03644692525267601 conf_frac=0.250 (4353s)
[mlx] fixed step 4910 ce=1.1810 total=1.1810 grad=9.667362213134766 conf_frac=0.500 (4360s)
[mlx] fixed step 4920 ce=0.7093 total=0.7093 grad=0.944785475730896 conf_frac=0.250 (4369s)
[mlx] fixed step 4930 ce=0.5495 total=0.5495 grad=0.8388429880142212 conf_frac=0.750 (4376s)
[mlx] fixed step 4940 ce=0.7472 total=0.7472 grad=8.332749366760254 conf_frac=0.500 (4384s)
[mlx] fixed step 4950 ce=0.8342 total=0.8342 grad=1.731207251548767 conf_frac=0.500 (4392s)
[mlx] fixed step 4960 ce=0.9030 total=0.9030 grad=0.072243832051754 conf_frac=0.500 (4400s)
[mlx] fixed step 4970 ce=0.7563 total=0.7563 grad=0.00025487912353128195 conf_frac=0.000 (4408s)
[mlx] fixed step 4980 ce=0.9584 total=0.9584 grad=0.48009535670280457 conf_frac=0.750 (4417s)
[mlx] fixed step 4990 ce=0.7489 total=0.7489 grad=4.243499755859375 conf_frac=0.750 (4425s)
[mlx] fixed step 5000 ce=0.2265 total=0.2265 grad=0.9980627298355103 conf_frac=0.750 (4434s)
[mlx] fixed step 5010 ce=1.0280 total=1.0280 grad=2.1853721141815186 conf_frac=0.500 (4441s)
[mlx] fixed step 5020 ce=0.7341 total=0.7341 grad=0.8543856143951416 conf_frac=0.500 (4449s)
[mlx] fixed step 5030 ce=2.0089 total=2.0089 grad=7.837835788726807 conf_frac=0.500 (4458s)
[mlx] fixed step 5040 ce=0.6852 total=0.6852 grad=1.9599257707595825 conf_frac=0.750 (4467s)
[mlx] fixed step 5050 ce=0.4637 total=0.4637 grad=3.4394450187683105 conf_frac=0.750 (4476s)
[mlx] fixed step 5060 ce=0.6635 total=0.6635 grad=3.637834310531616 conf_frac=0.500 (4484s)
[mlx] fixed step 5070 ce=1.0767 total=1.0767 grad=0.08305301517248154 conf_frac=0.250 (4493s)
[mlx] fixed step 5080 ce=1.3083 total=1.3083 grad=0.05101276934146881 conf_frac=0.750 (4501s)
[mlx] fixed step 5090 ce=0.8207 total=0.8207 grad=2.1932876110076904 conf_frac=0.500 (4510s)
[mlx] fixed step 5100 ce=0.7365 total=0.7365 grad=0.0 conf_frac=0.000 (4519s)
[mlx] fixed step 5110 ce=1.0505 total=1.0505 grad=3.773329973220825 conf_frac=0.500 (4528s)
[mlx] fixed step 5120 ce=0.3542 total=0.3542 grad=0.6751561164855957 conf_frac=0.750 (4536s)
[mlx] fixed step 5130 ce=0.7564 total=0.7564 grad=3.1567606925964355 conf_frac=1.000 (4544s)
[mlx] fixed step 5140 ce=0.8797 total=0.8797 grad=1.225154995918274 conf_frac=0.250 (4552s)
[mlx] fixed step 5150 ce=0.9234 total=0.9234 grad=6.4377875328063965 conf_frac=0.500 (4560s)
[mlx] fixed step 5160 ce=0.4245 total=0.4245 grad=8.33019733428955 conf_frac=0.500 (4569s)
[mlx] fixed step 5170 ce=1.0428 total=1.0428 grad=0.06373760849237442 conf_frac=0.500 (4578s)
[mlx] fixed step 5180 ce=0.5256 total=0.5256 grad=4.663627624511719 conf_frac=0.750 (4586s)
[mlx] fixed step 5190 ce=0.3163 total=0.3163 grad=0.646729052066803 conf_frac=0.250 (4594s)
[mlx] fixed step 5200 ce=0.6229 total=0.6229 grad=8.312073707580566 conf_frac=0.750 (4602s)
[mlx] fixed step 5210 ce=0.9024 total=0.9024 grad=2.048691987991333 conf_frac=0.500 (4610s)
[mlx] fixed step 5220 ce=0.8530 total=0.8530 grad=7.161437034606934 conf_frac=0.750 (4618s)
[mlx] fixed step 5230 ce=0.8028 total=0.8028 grad=0.33513692021369934 conf_frac=0.250 (4626s)
[mlx] fixed step 5240 ce=0.6084 total=0.6084 grad=3.2109105587005615 conf_frac=0.750 (4635s)
[mlx] fixed step 5250 ce=0.8896 total=0.8896 grad=7.989124298095703 conf_frac=0.750 (4643s)
[mlx] fixed step 5260 ce=0.3461 total=0.3461 grad=3.0510501861572266 conf_frac=0.500 (4651s)
[mlx] fixed step 5270 ce=0.4502 total=0.4502 grad=5.561288833618164 conf_frac=0.500 (4660s)
[mlx] fixed step 5280 ce=1.0346 total=1.0346 grad=0.12922252714633942 conf_frac=0.500 (4668s)
[mlx] fixed step 5290 ce=1.2928 total=1.2928 grad=0.20478960871696472 conf_frac=0.500 (4677s)
[mlx] fixed step 5300 ce=1.2614 total=1.2614 grad=0.7259239554405212 conf_frac=0.500 (4685s)
[mlx] fixed step 5310 ce=0.6933 total=0.6933 grad=0.0 conf_frac=0.000 (4693s)
[mlx] fixed step 5320 ce=0.8849 total=0.8849 grad=0.13641151785850525 conf_frac=0.500 (4702s)
[mlx] fixed step 5330 ce=0.6874 total=0.6874 grad=0.0 conf_frac=0.000 (4711s)
[mlx] fixed step 5340 ce=0.6818 total=0.6818 grad=5.406458854675293 conf_frac=0.500 (4719s)
[mlx] fixed step 5350 ce=0.5917 total=0.5917 grad=10.056626319885254 conf_frac=0.250 (4727s)
[mlx] fixed step 5360 ce=0.8263 total=0.8263 grad=2.046910047531128 conf_frac=0.500 (4736s)
[mlx] fixed step 5370 ce=0.9088 total=0.9088 grad=7.2958292961120605 conf_frac=0.750 (4744s)
[mlx] fixed step 5380 ce=0.3248 total=0.3248 grad=7.900631904602051 conf_frac=0.250 (4752s)
[mlx] fixed step 5390 ce=0.9281 total=0.9281 grad=4.717911720275879 conf_frac=0.750 (4760s)
[mlx] fixed step 5400 ce=0.5223 total=0.5223 grad=0.0003713478799909353 conf_frac=0.000 (4768s)
[mlx] fixed step 5410 ce=0.9075 total=0.9075 grad=0.18503788113594055 conf_frac=0.250 (4776s)
[mlx] fixed step 5420 ce=1.2870 total=1.2870 grad=6.582779884338379 conf_frac=1.000 (4784s)
[mlx] fixed step 5430 ce=0.8026 total=0.8026 grad=5.738558769226074 conf_frac=0.750 (4792s)
[mlx] fixed step 5440 ce=0.5459 total=0.5459 grad=8.96783167263493e-05 conf_frac=0.000 (4800s)
[mlx] fixed step 5450 ce=0.8220 total=0.8220 grad=4.292633056640625 conf_frac=0.500 (4808s)
[mlx] fixed step 5460 ce=0.7747 total=0.7747 grad=0.0021338979713618755 conf_frac=0.000 (4817s)
[mlx] fixed step 5470 ce=0.4715 total=0.4715 grad=2.178358316421509 conf_frac=0.500 (4825s)
[mlx] fixed step 5480 ce=1.0023 total=1.0023 grad=0.10156689584255219 conf_frac=0.250 (4834s)
[mlx] fixed step 5490 ce=0.6205 total=0.6205 grad=15.673526763916016 conf_frac=0.750 (4843s)
[mlx] fixed step 5500 ce=0.4989 total=0.4989 grad=1.052409052848816 conf_frac=1.000 (4851s)
[mlx] fixed step 5510 ce=0.9610 total=0.9610 grad=3.3856589794158936 conf_frac=0.750 (4859s)
[mlx] fixed step 5520 ce=0.5344 total=0.5344 grad=7.729771137237549 conf_frac=0.750 (4868s)
[mlx] fixed step 5530 ce=0.6148 total=0.6148 grad=5.032530784606934 conf_frac=0.750 (4877s)
[mlx] fixed step 5540 ce=0.6939 total=0.6939 grad=2.4763987064361572 conf_frac=0.500 (4885s)
[mlx] fixed step 5550 ce=0.5693 total=0.5693 grad=8.189287185668945 conf_frac=0.750 (4893s)
[mlx] fixed step 5560 ce=0.9655 total=0.9655 grad=1.3793559074401855 conf_frac=0.250 (4902s)
[mlx] fixed step 5570 ce=1.0366 total=1.0366 grad=3.8009138107299805 conf_frac=0.000 (4911s)
[mlx] fixed step 5580 ce=0.5911 total=0.5911 grad=0.296669602394104 conf_frac=0.750 (4920s)
[mlx] fixed step 5590 ce=1.0673 total=1.0673 grad=0.677690863609314 conf_frac=0.750 (4929s)
[mlx] fixed step 5600 ce=0.5143 total=0.5143 grad=0.13361836969852448 conf_frac=0.750 (4938s)
[mlx] fixed step 5610 ce=0.2430 total=0.2430 grad=0.17131978273391724 conf_frac=1.000 (4946s)
[mlx] fixed step 5620 ce=0.5363 total=0.5363 grad=0.0012245764955878258 conf_frac=0.500 (4954s)
[mlx] fixed step 5630 ce=0.8997 total=0.8997 grad=6.394633769989014 conf_frac=0.500 (4962s)
[mlx] fixed step 5640 ce=0.8033 total=0.8033 grad=2.4054789543151855 conf_frac=0.000 (4970s)
[mlx] fixed step 5650 ce=0.7745 total=0.7745 grad=7.992416858673096 conf_frac=0.250 (4978s)
[mlx] fixed step 5660 ce=0.8574 total=0.8574 grad=0.19257038831710815 conf_frac=0.500 (4986s)
[mlx] fixed step 5670 ce=0.5291 total=0.5291 grad=7.581743240356445 conf_frac=1.000 (4994s)
[mlx] fixed step 5680 ce=1.1981 total=1.1981 grad=7.410638809204102 conf_frac=0.250 (5002s)
[mlx] fixed step 5690 ce=0.5399 total=0.5399 grad=6.001827716827393 conf_frac=0.500 (5010s)
[mlx] fixed step 5700 ce=0.9167 total=0.9167 grad=0.5264004468917847 conf_frac=0.750 (5018s)
[mlx] fixed step 5710 ce=1.3458 total=1.3458 grad=0.1093985065817833 conf_frac=0.500 (5027s)
[mlx] fixed step 5720 ce=0.4505 total=0.4505 grad=1.1581584215164185 conf_frac=0.500 (5036s)
[mlx] fixed step 5730 ce=0.6335 total=0.6335 grad=0.03895638883113861 conf_frac=0.250 (5044s)
[mlx] fixed step 5740 ce=0.7837 total=0.7837 grad=0.040267761796712875 conf_frac=0.250 (5051s)
[mlx] fixed step 5750 ce=0.8998 total=0.8998 grad=8.21410083770752 conf_frac=0.500 (5059s)
[mlx] fixed step 5760 ce=1.4116 total=1.4116 grad=0.0 conf_frac=0.000 (5067s)
[mlx] fixed step 5770 ce=1.1738 total=1.1738 grad=0.055040959268808365 conf_frac=0.250 (5075s)
[mlx] fixed step 5780 ce=1.1905 total=1.1905 grad=0.01387100014835596 conf_frac=0.250 (5084s)
[mlx] fixed step 5790 ce=1.1177 total=1.1177 grad=0.009051301516592503 conf_frac=0.250 (5093s)
[mlx] fixed step 5800 ce=1.3066 total=1.3066 grad=0.0015194257721304893 conf_frac=0.250 (5101s)
[mlx] fixed step 5810 ce=0.5525 total=0.5525 grad=15.666633605957031 conf_frac=0.000 (5109s)
[mlx] fixed step 5820 ce=0.6342 total=0.6342 grad=0.1653759777545929 conf_frac=0.500 (5117s)
[mlx] fixed step 5830 ce=0.2710 total=0.2710 grad=0.2934457063674927 conf_frac=0.750 (5126s)
[mlx] fixed step 5840 ce=0.6129 total=0.6129 grad=0.360624760389328 conf_frac=0.500 (5134s)
[mlx] fixed step 5850 ce=0.6770 total=0.6770 grad=0.2461680918931961 conf_frac=0.250 (5143s)
[mlx] fixed step 5860 ce=1.0841 total=1.0841 grad=0.0 conf_frac=0.000 (5151s)
[mlx] fixed step 5870 ce=1.3702 total=1.3702 grad=2.893889904022217 conf_frac=0.500 (5160s)
[mlx] fixed step 5880 ce=0.6744 total=0.6744 grad=0.692019522190094 conf_frac=0.750 (5168s)
[mlx] fixed step 5890 ce=0.5476 total=0.5476 grad=0.0012321699177846313 conf_frac=0.000 (5176s)
[mlx] fixed step 5900 ce=0.2659 total=0.2659 grad=0.12062356621026993 conf_frac=0.500 (5185s)
[mlx] fixed step 5910 ce=0.9922 total=0.9922 grad=2.9769787788391113 conf_frac=0.750 (5193s)
[mlx] fixed step 5920 ce=0.4041 total=0.4041 grad=16.95438003540039 conf_frac=0.500 (5201s)
[mlx] fixed step 5930 ce=0.9730 total=0.9730 grad=0.5091143250465393 conf_frac=0.500 (5209s)
[mlx] fixed step 5940 ce=0.7640 total=0.7640 grad=0.1616867482662201 conf_frac=0.500 (5218s)
[mlx] fixed step 5950 ce=0.7492 total=0.7492 grad=0.06267137825489044 conf_frac=0.500 (5226s)
[mlx] fixed step 5960 ce=0.5827 total=0.5827 grad=2.548715114593506 conf_frac=0.500 (5234s)
[mlx] fixed step 5970 ce=1.9523 total=1.9523 grad=5.490389823913574 conf_frac=1.000 (5243s)
[mlx] fixed step 5980 ce=0.5960 total=0.5960 grad=0.7163068652153015 conf_frac=0.500 (5251s)
[mlx] fixed step 5990 ce=0.6728 total=0.6728 grad=9.205981254577637 conf_frac=1.000 (5259s)
[mlx] fixed step 6000 ce=0.5700 total=0.5700 grad=0.7676228284835815 conf_frac=0.500 (5267s)
[mlx] fixed post-train (n=8008) acc=0.9374 majority=0.4994 dist={'[CONFIDENT]': 0.4768981018981019, '[COND_CONFIDENT]': 0.06293706293706294, '[TEMPORAL_HEDGE]': 0.46016483516483514, '[UNKNOWN]': 0.0}
[mlx] fixed accuracy lift over majority-class baseline: +0.4381 (discriminating)
[mlx] fixed finished: 6006 steps in 5270.5s
[mlx] saved adapter -> data/prep/tcl_mlx_7b/sft_only_seed2_r2/adapter_fixed

[mlx] wrote data/prep/tcl_mlx_7b/sft_only_seed2_r2/loss_log.csv
[mlx] wrote data/prep/tcl_mlx_7b/sft_only_seed2_r2/run_meta.json
=== train sft_only seed 2 wall 6688s
Fetching 9 files:   0%|          | 0/9 [00:00<?, ?it/s]Fetching 9 files: 100%|██████████| 9/9 [00:00<00:00, 47542.49it/s]
[gen] 3622 examples | source=temporal-delta:test | arm=sft_only | adapter=data/prep/tcl_mlx_7b/sft_only_seed2_r2/adapter_fixed
[gen] 100/3622  EM=0.040 hedge_acc=0.980 fallback=0.000 (23s, 0.23s/ex)
[gen] 200/3622  EM=0.025 hedge_acc=0.985 fallback=0.000 (46s, 0.23s/ex)
[gen] 300/3622  EM=0.053 hedge_acc=0.987 fallback=0.000 (70s, 0.23s/ex)
[gen] 400/3622  EM=0.043 hedge_acc=0.990 fallback=0.000 (94s, 0.23s/ex)
[gen] 500/3622  EM=0.038 hedge_acc=0.992 fallback=0.000 (119s, 0.24s/ex)
[gen] 600/3622  EM=0.032 hedge_acc=0.993 fallback=0.000 (146s, 0.24s/ex)
[gen] 700/3622  EM=0.029 hedge_acc=0.994 fallback=0.000 (170s, 0.24s/ex)
[gen] 800/3622  EM=0.025 hedge_acc=0.995 fallback=0.000 (194s, 0.24s/ex)
[gen] 900/3622  EM=0.022 hedge_acc=0.996 fallback=0.000 (219s, 0.24s/ex)
[gen] 1000/3622  EM=0.020 hedge_acc=0.996 fallback=0.000 (243s, 0.24s/ex)
[gen] 1100/3622  EM=0.018 hedge_acc=0.996 fallback=0.000 (269s, 0.24s/ex)
[gen] 1200/3622  EM=0.017 hedge_acc=0.997 fallback=0.000 (293s, 0.24s/ex)
[gen] 1300/3622  EM=0.017 hedge_acc=0.997 fallback=0.000 (318s, 0.24s/ex)
[gen] 1400/3622  EM=0.016 hedge_acc=0.997 fallback=0.000 (344s, 0.25s/ex)
[gen] 1500/3622  EM=0.015 hedge_acc=0.997 fallback=0.000 (368s, 0.25s/ex)
[gen] 1600/3622  EM=0.014 hedge_acc=0.998 fallback=0.000 (393s, 0.25s/ex)
[gen] 1700/3622  EM=0.015 hedge_acc=0.998 fallback=0.000 (416s, 0.24s/ex)
[gen] 1800/3622  EM=0.016 hedge_acc=0.998 fallback=0.000 (440s, 0.24s/ex)
[gen] 1900/3622  EM=0.017 hedge_acc=0.998 fallback=0.000 (465s, 0.24s/ex)
[gen] 2000/3622  EM=0.018 hedge_acc=0.998 fallback=0.000 (489s, 0.24s/ex)
[gen] 2100/3622  EM=0.017 hedge_acc=0.998 fallback=0.000 (513s, 0.24s/ex)
[gen] 2200/3622  EM=0.016 hedge_acc=0.998 fallback=0.000 (537s, 0.24s/ex)
[gen] 2300/3622  EM=0.016 hedge_acc=0.998 fallback=0.000 (561s, 0.24s/ex)
[gen] 2400/3622  EM=0.020 hedge_acc=0.998 fallback=0.000 (584s, 0.24s/ex)
[gen] 2500/3622  EM=0.021 hedge_acc=0.998 fallback=0.000 (607s, 0.24s/ex)
[gen] 2600/3622  EM=0.020 hedge_acc=0.998 fallback=0.000 (631s, 0.24s/ex)
[gen] 2700/3622  EM=0.020 hedge_acc=0.999 fallback=0.000 (653s, 0.24s/ex)
[gen] 2800/3622  EM=0.020 hedge_acc=0.999 fallback=0.000 (676s, 0.24s/ex)
[gen] 2900/3622  EM=0.019 hedge_acc=0.999 fallback=0.000 (700s, 0.24s/ex)
[gen] 3000/3622  EM=0.019 hedge_acc=0.999 fallback=0.000 (724s, 0.24s/ex)
[gen] 3100/3622  EM=0.018 hedge_acc=0.999 fallback=0.000 (748s, 0.24s/ex)
[gen] 3200/3622  EM=0.018 hedge_acc=0.999 fallback=0.000 (773s, 0.24s/ex)
[gen] 3300/3622  EM=0.019 hedge_acc=0.999 fallback=0.000 (796s, 0.24s/ex)
[gen] 3400/3622  EM=0.020 hedge_acc=0.999 fallback=0.000 (815s, 0.24s/ex)
[gen] 3500/3622  EM=0.020 hedge_acc=0.999 fallback=0.000 (837s, 0.24s/ex)
[gen] 3600/3622  EM=0.019 hedge_acc=0.999 fallback=0.000 (858s, 0.24s/ex)

[gen] wrote data/prep/predictions_7b/sft_only_seed2_test.jsonl
[gen] n=3622  EM=0.0193  hedge_acc=0.9989  fallback_rate=0.0000  wall=863s
=== eval sft_only seed 2 wall 869s
[mlx] loaded 8008 raw examples

[mlx] === condition: fixed ===
Fetching 9 files:   0%|          | 0/9 [00:00<?, ?it/s]Fetching 9 files: 100%|██████████| 9/9 [00:00<00:00, 22218.21it/s]
[mlx] hedge ids (no resize): [151665, 151666, 151667, 151668]
[mlx] adapted output projection: lm_head (untied)
Trainable parameters: 0.168% (12.780M/7615.617M)
[mlx] 8008 examples after tokenisation (max_len=128)
[mlx] hedge-head check: logit spread=0.000000 contrast_grad_norm=1959.318848
[mlx] fixed pre-train (n=8008) acc=0.4404 majority=0.4994 dist={'[CONFIDENT]': 1.0, '[COND_CONFIDENT]': 0.0, '[TEMPORAL_HEDGE]': 0.0, '[UNKNOWN]': 0.0}
[mlx] fixed step 0 ce=14.0863 total=14.1098 grad=1.5884405374526978 conf_frac=1.000 (1s)
[mlx] fixed step 10 ce=2.7176 total=2.8385 grad=7.496795177459717 conf_frac=1.000 (9s)
[mlx] fixed step 20 ce=2.0997 total=2.1506 grad=15.564441680908203 conf_frac=0.000 (17s)
[mlx] fixed step 30 ce=2.6721 total=2.7364 grad=64.5791015625 conf_frac=0.000 (25s)
[mlx] fixed step 40 ce=2.9274 total=3.0031 grad=1.2015876770019531 conf_frac=1.000 (33s)
[mlx] fixed step 50 ce=2.6614 total=2.7003 grad=14.600286483764648 conf_frac=0.000 (41s)
[mlx] fixed step 60 ce=2.0414 total=2.0820 grad=2.0077784061431885 conf_frac=0.000 (49s)
[mlx] fixed step 70 ce=2.3893 total=2.4463 grad=24.72469711303711 conf_frac=1.000 (57s)
[mlx] fixed step 80 ce=1.5024 total=1.5416 grad=12.960227012634277 conf_frac=0.250 (65s)
[mlx] fixed step 90 ce=2.6068 total=2.6674 grad=17.73919677734375 conf_frac=0.250 (73s)
[mlx] fixed step 100 ce=2.4946 total=2.5445 grad=19.314067840576172 conf_frac=0.250 (81s)
[mlx] fixed step 110 ce=2.5530 total=2.5924 grad=18.92210578918457 conf_frac=0.250 (89s)
[mlx] fixed step 120 ce=1.9426 total=1.9887 grad=14.244969367980957 conf_frac=0.750 (98s)
[mlx] fixed step 130 ce=2.7294 total=2.8824 grad=6.941040992736816 conf_frac=0.000 (106s)
[mlx] fixed step 140 ce=1.7752 total=1.7939 grad=5.67473030090332 conf_frac=0.500 (115s)
[mlx] fixed step 150 ce=2.7241 total=2.7587 grad=10.909431457519531 conf_frac=0.500 (122s)
[mlx] fixed step 160 ce=1.2849 total=1.3414 grad=10.005426406860352 conf_frac=1.000 (131s)
[mlx] fixed step 170 ce=1.6267 total=1.6520 grad=6.154512882232666 conf_frac=0.250 (140s)
[mlx] fixed step 180 ce=1.7918 total=1.8175 grad=8.463844299316406 conf_frac=0.500 (150s)
[mlx] fixed step 190 ce=2.9727 total=3.0128 grad=5.9280314445495605 conf_frac=0.500 (184s)
[mlx] fixed step 200 ce=1.2389 total=1.2749 grad=9.159063339233398 conf_frac=0.500 (199s)
[mlx] fixed step 210 ce=1.0561 total=1.0948 grad=11.336743354797363 conf_frac=0.500 (208s)
[mlx] fixed step 220 ce=1.9489 total=2.0011 grad=29.660634994506836 conf_frac=0.250 (216s)
[mlx] fixed step 230 ce=2.2652 total=2.2870 grad=2.7325422763824463 conf_frac=0.250 (225s)
[mlx] fixed step 240 ce=2.1930 total=2.2130 grad=7.285993576049805 conf_frac=0.500 (233s)
[mlx] fixed step 250 ce=2.5329 total=2.5622 grad=10.86289119720459 conf_frac=0.500 (242s)
[mlx] fixed step 260 ce=2.4031 total=2.4700 grad=26.00316619873047 conf_frac=1.000 (250s)
[mlx] fixed step 270 ce=1.4294 total=1.4582 grad=5.621198654174805 conf_frac=0.750 (260s)
[mlx] fixed step 280 ce=2.0870 total=2.1214 grad=13.442514419555664 conf_frac=0.750 (269s)
[mlx] fixed step 290 ce=3.2577 total=3.3507 grad=9.521867752075195 conf_frac=0.750 (277s)
[mlx] fixed step 300 ce=3.2573 total=3.2917 grad=4.298404693603516 conf_frac=0.750 (286s)
[mlx] fixed step 310 ce=1.2919 total=1.3271 grad=11.502828598022461 conf_frac=0.750 (293s)
[mlx] fixed step 320 ce=1.3526 total=1.3936 grad=23.277189254760742 conf_frac=0.750 (301s)
[mlx] fixed step 330 ce=2.1574 total=2.1884 grad=6.842264652252197 conf_frac=0.250 (310s)
[mlx] fixed step 340 ce=2.0298 total=2.0641 grad=3.890597105026245 conf_frac=0.500 (318s)
[mlx] fixed step 350 ce=2.3098 total=2.3429 grad=4.485607147216797 conf_frac=0.250 (326s)
[mlx] fixed step 360 ce=0.9014 total=0.9309 grad=3.9776346683502197 conf_frac=0.500 (334s)
[mlx] fixed step 370 ce=1.6440 total=1.6774 grad=11.24597454071045 conf_frac=0.500 (342s)
[mlx] fixed step 380 ce=2.0022 total=2.0367 grad=8.31075382232666 conf_frac=0.500 (350s)
[mlx] fixed step 390 ce=1.9075 total=1.9757 grad=1.9679449796676636 conf_frac=0.750 (358s)
[mlx] fixed step 400 ce=1.7310 total=1.8035 grad=6.510026931762695 conf_frac=0.250 (367s)
[mlx] fixed step 410 ce=1.6630 total=1.7053 grad=19.257368087768555 conf_frac=0.750 (379s)
[mlx] fixed step 420 ce=1.5091 total=1.5378 grad=2.852078437805176 conf_frac=0.500 (391s)
[mlx] fixed step 430 ce=1.8807 total=1.9301 grad=8.053268432617188 conf_frac=0.750 (399s)
[mlx] fixed step 440 ce=2.2499 total=2.2956 grad=3.8447659015655518 conf_frac=0.750 (408s)
[mlx] fixed step 450 ce=1.8479 total=1.8712 grad=4.6909708976745605 conf_frac=0.500 (417s)
[mlx] fixed step 460 ce=1.8266 total=1.8746 grad=6.5950751304626465 conf_frac=0.250 (425s)
[mlx] fixed step 470 ce=1.2503 total=1.2902 grad=12.049822807312012 conf_frac=0.500 (434s)
[mlx] fixed step 480 ce=1.9710 total=2.0012 grad=6.2265119552612305 conf_frac=0.500 (443s)
[mlx] fixed step 490 ce=1.6763 total=1.7062 grad=2.431626319885254 conf_frac=0.500 (451s)
[mlx] fixed step 500 ce=0.9110 total=0.9487 grad=4.168522357940674 conf_frac=0.250 (461s)
[mlx] fixed step 510 ce=1.5064 total=1.5402 grad=13.886178016662598 conf_frac=0.750 (470s)
[mlx] fixed step 520 ce=1.9123 total=1.9560 grad=10.811053276062012 conf_frac=0.750 (478s)
[mlx] fixed step 530 ce=2.7771 total=2.8138 grad=5.060701370239258 conf_frac=0.500 (487s)
[mlx] fixed step 540 ce=1.7499 total=1.7764 grad=16.204998016357422 conf_frac=0.750 (497s)
[mlx] fixed step 550 ce=2.0358 total=2.0969 grad=2.8692398071289062 conf_frac=0.750 (505s)
[mlx] fixed step 560 ce=2.3235 total=2.3517 grad=2.8183953762054443 conf_frac=0.500 (516s)
[mlx] fixed step 570 ce=2.1923 total=2.2450 grad=15.361983299255371 conf_frac=0.750 (524s)
[mlx] fixed step 580 ce=1.9249 total=1.9526 grad=9.62003231048584 conf_frac=0.500 (536s)
[mlx] fixed step 590 ce=2.5017 total=2.6431 grad=10.461427688598633 conf_frac=1.000 (544s)
[mlx] fixed step 600 ce=2.1006 total=2.1354 grad=3.8018386363983154 conf_frac=0.250 (553s)
[mlx] fixed step 610 ce=1.2970 total=1.3962 grad=24.18634605407715 conf_frac=1.000 (561s)
[mlx] fixed step 620 ce=1.7745 total=1.7930 grad=3.028501033782959 conf_frac=0.250 (568s)
[mlx] fixed step 630 ce=0.9855 total=1.0325 grad=5.712774276733398 conf_frac=0.250 (576s)
[mlx] fixed step 640 ce=1.3947 total=1.4599 grad=1.574639916419983 conf_frac=0.000 (585s)
[mlx] fixed step 650 ce=1.5862 total=1.6454 grad=3.5952212810516357 conf_frac=0.250 (594s)
[mlx] fixed step 660 ce=2.2148 total=2.2707 grad=8.487632751464844 conf_frac=0.750 (602s)
[mlx] fixed step 670 ce=2.0784 total=2.0996 grad=9.732030868530273 conf_frac=0.500 (611s)
[mlx] fixed step 680 ce=1.8289 total=1.9229 grad=4.134684085845947 conf_frac=0.000 (620s)
[mlx] fixed step 690 ce=1.1094 total=1.1292 grad=8.815394401550293 conf_frac=0.500 (630s)
[mlx] fixed step 700 ce=2.4210 total=2.4697 grad=2.299191951751709 conf_frac=0.000 (639s)
[mlx] fixed step 710 ce=2.0234 total=2.0554 grad=15.524849891662598 conf_frac=0.500 (648s)
[mlx] fixed step 720 ce=2.5993 total=2.6395 grad=5.411634922027588 conf_frac=0.250 (657s)
[mlx] fixed step 730 ce=2.3783 total=2.4140 grad=9.130239486694336 conf_frac=0.500 (666s)
[mlx] fixed step 740 ce=1.8594 total=1.8897 grad=4.082546234130859 conf_frac=0.250 (674s)
[mlx] fixed step 750 ce=2.5908 total=2.6253 grad=2.4182684421539307 conf_frac=0.500 (682s)
[mlx] fixed step 760 ce=1.6111 total=1.6395 grad=2.729313373565674 conf_frac=0.500 (690s)
[mlx] fixed step 770 ce=1.7838 total=1.8177 grad=4.271634578704834 conf_frac=0.500 (699s)
[mlx] fixed step 780 ce=2.1384 total=2.1719 grad=7.528780937194824 conf_frac=0.500 (708s)
[mlx] fixed step 790 ce=1.1612 total=1.2058 grad=6.185801029205322 conf_frac=0.250 (716s)
[mlx] fixed step 800 ce=1.2132 total=1.2588 grad=17.699817657470703 conf_frac=0.750 (724s)
[mlx] fixed step 810 ce=1.7826 total=1.8127 grad=12.731048583984375 conf_frac=0.500 (732s)
[mlx] fixed step 820 ce=2.1006 total=2.1268 grad=6.631153583526611 conf_frac=0.500 (740s)
[mlx] fixed step 830 ce=2.2911 total=2.3202 grad=1.8686861991882324 conf_frac=0.500 (749s)
[mlx] fixed step 840 ce=2.0885 total=2.1352 grad=1.6507526636123657 conf_frac=0.750 (757s)
[mlx] fixed step 850 ce=2.2953 total=2.3495 grad=16.931011199951172 conf_frac=0.750 (766s)
[mlx] fixed step 860 ce=3.0659 total=3.1056 grad=4.468265533447266 conf_frac=0.250 (775s)
[mlx] fixed step 870 ce=2.2492 total=2.3089 grad=3.9871749877929688 conf_frac=0.000 (783s)
[mlx] fixed step 880 ce=2.6098 total=2.6385 grad=8.341292381286621 conf_frac=0.250 (791s)
[mlx] fixed step 890 ce=1.3664 total=1.4227 grad=10.943552017211914 conf_frac=0.750 (799s)
[mlx] fixed step 900 ce=2.0140 total=2.0628 grad=6.774165153503418 conf_frac=0.250 (806s)
[mlx] fixed step 910 ce=2.0754 total=2.1030 grad=8.275651931762695 conf_frac=0.500 (815s)
[mlx] fixed step 920 ce=1.8339 total=1.9134 grad=3.3012266159057617 conf_frac=0.000 (822s)
[mlx] fixed step 930 ce=2.1557 total=2.1737 grad=2.398186445236206 conf_frac=0.250 (830s)
[mlx] fixed step 940 ce=2.3768 total=2.4131 grad=8.483878135681152 conf_frac=0.500 (839s)
[mlx] fixed step 950 ce=2.4298 total=2.4687 grad=16.89904022216797 conf_frac=0.750 (846s)
[mlx] fixed step 960 ce=1.9369 total=1.9735 grad=4.7162861824035645 conf_frac=0.500 (854s)
[mlx] fixed step 970 ce=2.2999 total=2.3458 grad=14.896712303161621 conf_frac=0.750 (863s)
[mlx] fixed step 980 ce=2.3008 total=2.3628 grad=7.330957412719727 conf_frac=0.250 (871s)
[mlx] fixed step 990 ce=1.9553 total=2.0155 grad=13.598519325256348 conf_frac=0.750 (880s)
[mlx] fixed step 1000 ce=1.7243 total=1.7517 grad=4.8455400466918945 conf_frac=0.500 (889s)
[mlx] fixed step 1010 ce=2.2989 total=2.4112 grad=0.6201785802841187 conf_frac=0.000 (897s)
[mlx] fixed step 1020 ce=1.3420 total=1.4040 grad=1.7006778717041016 conf_frac=0.750 (906s)
[mlx] fixed step 1030 ce=2.1332 total=2.2111 grad=7.7496209144592285 conf_frac=0.250 (913s)
[mlx] fixed step 1040 ce=1.2236 total=1.3726 grad=11.110138893127441 conf_frac=1.000 (921s)
[mlx] fixed step 1050 ce=2.2439 total=2.2906 grad=19.416973114013672 conf_frac=0.750 (929s)
[mlx] fixed step 1060 ce=1.3244 total=1.3586 grad=16.56532859802246 conf_frac=0.750 (937s)
[mlx] fixed step 1070 ce=1.8263 total=1.8959 grad=8.070854187011719 conf_frac=0.750 (945s)
[mlx] fixed step 1080 ce=1.7859 total=1.8277 grad=5.404575824737549 conf_frac=0.250 (953s)
[mlx] fixed step 1090 ce=1.8584 total=1.9781 grad=4.227014064788818 conf_frac=0.250 (962s)
[mlx] fixed step 1100 ce=2.4679 total=2.6095 grad=12.506043434143066 conf_frac=1.000 (970s)
[mlx] fixed step 1110 ce=2.3612 total=2.4452 grad=3.810479164123535 conf_frac=0.750 (978s)
[mlx] fixed step 1120 ce=2.7720 total=2.8188 grad=6.5427727699279785 conf_frac=0.250 (986s)
[mlx] fixed step 1130 ce=1.6928 total=1.7359 grad=12.706991195678711 conf_frac=0.750 (1007s)
[mlx] fixed step 1140 ce=1.5941 total=1.7538 grad=18.181861877441406 conf_frac=1.000 (1029s)
[mlx] fixed step 1150 ce=2.4269 total=2.4534 grad=10.226046562194824 conf_frac=0.500 (1038s)
[mlx] fixed step 1160 ce=1.9100 total=1.9462 grad=2.4969282150268555 conf_frac=0.250 (1046s)
[mlx] fixed step 1170 ce=1.8653 total=1.8844 grad=7.028810977935791 conf_frac=0.500 (1053s)
[mlx] fixed step 1180 ce=2.9591 total=3.0289 grad=8.605464935302734 conf_frac=0.750 (1062s)
[mlx] fixed step 1190 ce=1.8791 total=1.9215 grad=7.4456257820129395 conf_frac=0.250 (1069s)
[mlx] fixed step 1200 ce=2.9400 total=2.9836 grad=4.5501017570495605 conf_frac=0.250 (1077s)
[mlx] fixed step 1210 ce=2.1657 total=2.1880 grad=3.987830638885498 conf_frac=0.500 (1086s)
[mlx] fixed step 1220 ce=1.4650 total=1.5343 grad=1.6333401203155518 conf_frac=0.750 (1094s)
[mlx] fixed step 1230 ce=2.1645 total=2.1911 grad=9.690852165222168 conf_frac=0.500 (1102s)
[mlx] fixed step 1240 ce=1.6775 total=1.6995 grad=9.18768310546875 conf_frac=0.500 (1110s)
[mlx] fixed step 1250 ce=1.2226 total=1.2473 grad=3.784931182861328 conf_frac=0.500 (1118s)
[mlx] fixed step 1260 ce=2.2416 total=2.3337 grad=1.9725279808044434 conf_frac=0.000 (1127s)
[mlx] fixed step 1270 ce=2.1722 total=2.2238 grad=3.083867073059082 conf_frac=0.750 (1135s)
[mlx] fixed step 1280 ce=2.8042 total=2.8381 grad=12.44243049621582 conf_frac=0.500 (1143s)
[mlx] fixed step 1290 ce=1.2418 total=1.2984 grad=12.054306030273438 conf_frac=0.750 (1151s)
[mlx] fixed step 1300 ce=1.7810 total=1.9022 grad=19.483064651489258 conf_frac=1.000 (1159s)
[mlx] fixed step 1310 ce=2.6856 total=2.7132 grad=12.274523735046387 conf_frac=0.500 (1167s)
[mlx] fixed step 1320 ce=1.6314 total=1.6890 grad=7.423101425170898 conf_frac=0.250 (1175s)
[mlx] fixed step 1330 ce=1.1805 total=1.1975 grad=6.154892921447754 conf_frac=0.500 (1183s)
[mlx] fixed step 1340 ce=1.9392 total=1.9993 grad=14.714456558227539 conf_frac=0.750 (1191s)
[mlx] fixed step 1350 ce=2.3463 total=2.3775 grad=4.274447441101074 conf_frac=0.500 (1200s)
[mlx] fixed step 1360 ce=1.9127 total=1.9403 grad=5.887027740478516 conf_frac=0.500 (1208s)
[mlx] fixed step 1370 ce=1.4330 total=1.4917 grad=4.958065986633301 conf_frac=0.750 (1216s)
[mlx] fixed step 1380 ce=1.2668 total=1.2881 grad=10.284323692321777 conf_frac=0.500 (1224s)
[mlx] fixed step 1390 ce=1.7585 total=1.7783 grad=6.1508469581604 conf_frac=0.500 (1233s)
[mlx] fixed step 1400 ce=1.5987 total=1.6696 grad=2.4679160118103027 conf_frac=0.750 (1241s)
[mlx] fixed step 1410 ce=1.5391 total=1.5662 grad=11.057973861694336 conf_frac=0.500 (1250s)
[mlx] fixed step 1420 ce=1.5568 total=1.5799 grad=6.131838321685791 conf_frac=0.500 (1259s)
[mlx] fixed step 1430 ce=1.1482 total=1.2366 grad=11.621026992797852 conf_frac=0.750 (1268s)
[mlx] fixed step 1440 ce=2.3525 total=2.3824 grad=6.865865707397461 conf_frac=0.500 (1276s)
[mlx] fixed step 1450 ce=2.2286 total=2.2671 grad=17.125038146972656 conf_frac=0.750 (1286s)
[mlx] fixed step 1460 ce=1.5244 total=1.5547 grad=7.539306640625 conf_frac=0.500 (1294s)
[mlx] fixed step 1470 ce=2.2363 total=2.2698 grad=4.481088638305664 conf_frac=0.250 (1303s)
[mlx] fixed step 1480 ce=2.3865 total=2.4084 grad=4.376214981079102 conf_frac=0.250 (1312s)
[mlx] fixed step 1490 ce=2.0801 total=2.1106 grad=8.561620712280273 conf_frac=0.500 (1321s)
[mlx] fixed step 1500 ce=1.6976 total=1.7092 grad=2.897319793701172 conf_frac=0.250 (1328s)
[mlx] fixed step 1510 ce=1.1904 total=1.2487 grad=9.058832168579102 conf_frac=0.750 (1336s)
[mlx] fixed step 1520 ce=1.5565 total=1.5811 grad=1.422437310218811 conf_frac=0.500 (1344s)
[mlx] fixed step 1530 ce=2.0091 total=2.0439 grad=5.0093584060668945 conf_frac=0.750 (1352s)
[mlx] fixed step 1540 ce=1.2102 total=1.2397 grad=10.914994239807129 conf_frac=0.500 (1362s)
[mlx] fixed step 1550 ce=1.4540 total=1.4729 grad=4.128527641296387 conf_frac=0.250 (1371s)
[mlx] fixed step 1560 ce=2.0161 total=2.1233 grad=18.83304786682129 conf_frac=1.000 (1379s)
[mlx] fixed step 1570 ce=1.9279 total=1.9740 grad=13.798783302307129 conf_frac=0.500 (1388s)
[mlx] fixed step 1580 ce=1.2454 total=1.2704 grad=1.1462472677230835 conf_frac=0.500 (1396s)
[mlx] fixed step 1590 ce=2.3230 total=2.3718 grad=2.782064914703369 conf_frac=0.250 (1406s)
[mlx] fixed step 1600 ce=1.8091 total=1.8484 grad=16.299650192260742 conf_frac=0.750 (1415s)
[mlx] fixed step 1610 ce=1.4157 total=1.4481 grad=9.014565467834473 conf_frac=0.500 (1423s)
[mlx] fixed step 1620 ce=2.4994 total=2.5124 grad=3.7270994186401367 conf_frac=0.250 (1430s)
[mlx] fixed step 1630 ce=1.0999 total=1.1201 grad=8.844711303710938 conf_frac=0.500 (1439s)
[mlx] fixed step 1640 ce=2.3439 total=2.3906 grad=5.914673328399658 conf_frac=0.250 (1447s)
[mlx] fixed step 1650 ce=2.0911 total=2.1766 grad=3.289673089981079 conf_frac=0.000 (1456s)
[mlx] fixed step 1660 ce=2.5482 total=2.6270 grad=9.27368450164795 conf_frac=0.250 (1464s)
[mlx] fixed step 1670 ce=1.9196 total=1.9366 grad=6.797049045562744 conf_frac=0.500 (1472s)
[mlx] fixed step 1680 ce=1.4530 total=1.4961 grad=16.758071899414062 conf_frac=0.750 (1481s)
[mlx] fixed step 1690 ce=1.9444 total=1.9802 grad=5.2869439125061035 conf_frac=0.250 (1488s)
[mlx] fixed step 1700 ce=2.8631 total=2.9666 grad=4.247483253479004 conf_frac=1.000 (1497s)
[mlx] fixed step 1710 ce=2.2149 total=2.2455 grad=7.930600166320801 conf_frac=0.500 (1505s)
[mlx] fixed step 1720 ce=2.7549 total=2.7763 grad=10.82839584350586 conf_frac=0.500 (1513s)
[mlx] fixed step 1730 ce=1.6545 total=1.6918 grad=2.2821242809295654 conf_frac=0.250 (1521s)
[mlx] fixed step 1740 ce=0.8341 total=0.8565 grad=7.1199951171875 conf_frac=0.500 (1531s)
[mlx] fixed step 1750 ce=1.8944 total=1.9244 grad=3.0283010005950928 conf_frac=0.500 (1539s)
[mlx] fixed step 1760 ce=1.0804 total=1.1378 grad=18.327342987060547 conf_frac=0.750 (1546s)
[mlx] fixed step 1770 ce=2.5227 total=2.5503 grad=10.97143840789795 conf_frac=0.500 (1556s)
[mlx] fixed step 1780 ce=3.2366 total=3.2740 grad=3.8244259357452393 conf_frac=0.500 (1565s)
[mlx] fixed step 1790 ce=2.1594 total=2.1917 grad=8.007611274719238 conf_frac=0.500 (1573s)
[mlx] fixed step 1800 ce=1.7475 total=1.7725 grad=8.633927345275879 conf_frac=0.500 (1582s)
[mlx] fixed step 1810 ce=1.0325 total=1.0944 grad=7.301492214202881 conf_frac=0.750 (1590s)
[mlx] fixed step 1820 ce=1.6718 total=1.7184 grad=2.733975648880005 conf_frac=0.750 (1599s)
[mlx] fixed step 1830 ce=1.6889 total=1.7153 grad=15.212152481079102 conf_frac=0.500 (1607s)
[mlx] fixed step 1840 ce=1.3344 total=1.3786 grad=12.025650978088379 conf_frac=0.750 (1616s)
[mlx] fixed step 1850 ce=2.0652 total=2.0925 grad=8.899150848388672 conf_frac=0.500 (1623s)
[mlx] fixed step 1860 ce=2.4366 total=2.4753 grad=10.864533424377441 conf_frac=0.750 (1631s)
[mlx] fixed step 1870 ce=1.8022 total=1.8296 grad=8.747186660766602 conf_frac=0.500 (1640s)
[mlx] fixed step 1880 ce=1.9059 total=1.9257 grad=2.565978765487671 conf_frac=0.000 (1648s)
[mlx] fixed step 1890 ce=1.8512 total=1.9111 grad=16.594274520874023 conf_frac=0.750 (1657s)
[mlx] fixed step 1900 ce=1.5919 total=1.6121 grad=5.228574275970459 conf_frac=0.500 (1665s)
[mlx] fixed step 1910 ce=1.5052 total=1.5286 grad=4.851884841918945 conf_frac=0.500 (1674s)
[mlx] fixed step 1920 ce=2.5449 total=2.5872 grad=12.251433372497559 conf_frac=0.750 (1682s)
[mlx] fixed step 1930 ce=1.7652 total=1.7828 grad=1.5354031324386597 conf_frac=0.250 (1690s)
[mlx] fixed step 1940 ce=2.4180 total=2.4793 grad=2.3157236576080322 conf_frac=0.000 (1699s)
[mlx] fixed step 1950 ce=2.4118 total=2.4345 grad=4.719858169555664 conf_frac=0.250 (1707s)
[mlx] fixed step 1960 ce=1.2306 total=1.2526 grad=9.975479125976562 conf_frac=0.500 (1716s)
[mlx] fixed step 1970 ce=1.8206 total=1.8648 grad=10.09325885772705 conf_frac=0.750 (1725s)
[mlx] fixed step 1980 ce=1.7524 total=1.7799 grad=9.450716018676758 conf_frac=0.500 (1733s)
[mlx] fixed step 1990 ce=1.5555 total=1.6095 grad=14.736063957214355 conf_frac=0.250 (1742s)
[mlx] fixed step 2000 ce=1.7747 total=1.7982 grad=4.4737396240234375 conf_frac=0.500 (1751s)
[mlx] fixed step 2010 ce=1.7198 total=1.7685 grad=3.504966974258423 conf_frac=0.500 (1759s)
[mlx] fixed step 2020 ce=1.1503 total=1.1658 grad=6.880121231079102 conf_frac=0.500 (1767s)
[mlx] fixed step 2030 ce=0.4545 total=0.4791 grad=5.783995151519775 conf_frac=0.500 (1775s)
[mlx] fixed step 2040 ce=0.7518 total=0.7831 grad=3.6262528896331787 conf_frac=0.500 (1783s)
[mlx] fixed step 2050 ce=0.7999 total=0.8490 grad=1.145015001296997 conf_frac=0.750 (1790s)
[mlx] fixed step 2060 ce=0.9675 total=0.9990 grad=6.720090389251709 conf_frac=0.500 (1798s)
[mlx] fixed step 2070 ce=0.8007 total=0.8316 grad=2.9154984951019287 conf_frac=0.250 (1807s)
[mlx] fixed step 2080 ce=1.3897 total=1.4741 grad=0.6622691750526428 conf_frac=0.000 (1815s)
[mlx] fixed step 2090 ce=0.7906 total=0.8272 grad=2.4496800899505615 conf_frac=0.250 (1824s)
[mlx] fixed step 2100 ce=1.0858 total=1.1131 grad=5.859498500823975 conf_frac=0.500 (1831s)
[mlx] fixed step 2110 ce=1.5798 total=1.6025 grad=6.1534199714660645 conf_frac=0.250 (1840s)
[mlx] fixed step 2120 ce=0.8986 total=0.9397 grad=2.1560475826263428 conf_frac=0.750 (1848s)
[mlx] fixed step 2130 ce=0.8295 total=0.8500 grad=7.730453968048096 conf_frac=0.500 (1856s)
[mlx] fixed step 2140 ce=1.6295 total=1.6872 grad=8.445176124572754 conf_frac=0.750 (1864s)
[mlx] fixed step 2150 ce=0.7823 total=0.8307 grad=11.394420623779297 conf_frac=0.750 (1873s)
[mlx] fixed step 2160 ce=1.0267 total=1.0820 grad=6.083215236663818 conf_frac=0.250 (1881s)
[mlx] fixed step 2170 ce=0.7657 total=0.8116 grad=13.644089698791504 conf_frac=0.750 (1890s)
[mlx] fixed step 2180 ce=0.8314 total=0.8658 grad=3.2039794921875 conf_frac=0.500 (1898s)
[mlx] fixed step 2190 ce=1.1179 total=1.1470 grad=10.36650562286377 conf_frac=0.500 (1907s)
[mlx] fixed step 2200 ce=0.9114 total=0.9525 grad=4.78193473815918 conf_frac=0.500 (1915s)
[mlx] fixed step 2210 ce=1.2015 total=1.2437 grad=3.020043134689331 conf_frac=0.750 (1924s)
[mlx] fixed step 2220 ce=1.6539 total=1.6998 grad=6.760385990142822 conf_frac=0.250 (1932s)
[mlx] fixed step 2230 ce=1.3048 total=1.3311 grad=6.922080993652344 conf_frac=0.500 (1941s)
[mlx] fixed step 2240 ce=1.5668 total=1.6241 grad=7.189961910247803 conf_frac=0.250 (1949s)
[mlx] fixed step 2250 ce=1.1018 total=1.1688 grad=0.21217548847198486 conf_frac=0.000 (1957s)
[mlx] fixed step 2260 ce=1.0189 total=1.0706 grad=2.6761245727539062 conf_frac=0.750 (1965s)
[mlx] fixed step 2270 ce=1.3601 total=1.4833 grad=3.2048733234405518 conf_frac=0.000 (1973s)
[mlx] fixed step 2280 ce=0.5831 total=0.6109 grad=6.444355487823486 conf_frac=0.500 (1982s)
[mlx] fixed step 2290 ce=0.9415 total=1.0217 grad=4.977287769317627 conf_frac=0.750 (1990s)
[mlx] fixed step 2300 ce=1.0726 total=1.1198 grad=13.951581001281738 conf_frac=0.750 (1997s)
[mlx] fixed step 2310 ce=0.8506 total=1.0167 grad=6.754823207855225 conf_frac=1.000 (2006s)
[mlx] fixed step 2320 ce=0.7525 total=0.8048 grad=7.796281814575195 conf_frac=0.750 (2014s)
[mlx] fixed step 2330 ce=0.9838 total=1.0522 grad=8.2328519821167 conf_frac=1.000 (2023s)
[mlx] fixed step 2340 ce=1.0291 total=1.0616 grad=6.035157680511475 conf_frac=0.500 (2031s)
[mlx] fixed step 2350 ce=0.9509 total=1.0354 grad=3.831542491912842 conf_frac=0.750 (2039s)
[mlx] fixed step 2360 ce=1.5360 total=1.5987 grad=15.141645431518555 conf_frac=0.750 (2048s)
[mlx] fixed step 2370 ce=0.9303 total=1.0646 grad=11.922025680541992 conf_frac=1.000 (2056s)
[mlx] fixed step 2380 ce=0.9192 total=1.0272 grad=1.1744680404663086 conf_frac=0.000 (2064s)
[mlx] fixed step 2390 ce=2.0472 total=2.0717 grad=6.194749355316162 conf_frac=0.500 (2073s)
[mlx] fixed step 2400 ce=0.8638 total=0.9364 grad=2.817356824874878 conf_frac=0.000 (2081s)
[mlx] fixed step 2410 ce=0.7412 total=0.8452 grad=7.752625942230225 conf_frac=0.750 (2090s)
[mlx] fixed step 2420 ce=0.9758 total=1.0052 grad=7.997921466827393 conf_frac=0.500 (2098s)
[mlx] fixed step 2430 ce=1.1445 total=1.2385 grad=1.0285203456878662 conf_frac=0.000 (2106s)
[mlx] fixed step 2440 ce=1.4256 total=1.4551 grad=3.3658032417297363 conf_frac=0.250 (2115s)
[mlx] fixed step 2450 ce=1.2916 total=1.3301 grad=3.924603223800659 conf_frac=0.250 (2123s)
[mlx] fixed step 2460 ce=1.0543 total=1.0782 grad=2.490084409713745 conf_frac=0.500 (2132s)
[mlx] fixed step 2470 ce=1.2258 total=1.2539 grad=1.8802335262298584 conf_frac=0.500 (2140s)
[mlx] fixed step 2480 ce=1.2313 total=1.2546 grad=8.008295059204102 conf_frac=0.500 (2148s)
[mlx] fixed step 2490 ce=0.5660 total=0.6023 grad=10.287274360656738 conf_frac=0.500 (2156s)
[mlx] fixed step 2500 ce=1.2831 total=1.3082 grad=8.01125431060791 conf_frac=0.500 (2165s)
[mlx] fixed step 2510 ce=0.8237 total=0.8621 grad=8.545981407165527 conf_frac=0.750 (2173s)
[mlx] fixed step 2520 ce=1.7189 total=1.7468 grad=10.096336364746094 conf_frac=0.500 (2180s)
[mlx] fixed step 2530 ce=1.0545 total=1.1981 grad=10.225093841552734 conf_frac=1.000 (2189s)
[mlx] fixed step 2540 ce=1.6217 total=1.6621 grad=4.743829727172852 conf_frac=0.500 (2197s)
[mlx] fixed step 2550 ce=0.8077 total=0.8322 grad=14.401301383972168 conf_frac=0.500 (2205s)
[mlx] fixed step 2560 ce=0.6301 total=0.6570 grad=7.3280415534973145 conf_frac=0.500 (2213s)
[mlx] fixed step 2570 ce=1.1919 total=1.2221 grad=5.979759693145752 conf_frac=0.500 (2221s)
[mlx] fixed step 2580 ce=0.3811 total=0.4009 grad=4.8413920402526855 conf_frac=0.500 (2229s)
[mlx] fixed step 2590 ce=1.0427 total=1.0925 grad=3.4812164306640625 conf_frac=0.250 (2238s)
[mlx] fixed step 2600 ce=1.2498 total=1.3031 grad=6.594590663909912 conf_frac=0.750 (2246s)
[mlx] fixed step 2610 ce=1.5164 total=1.5433 grad=9.527390480041504 conf_frac=0.500 (2255s)
[mlx] fixed step 2620 ce=1.6058 total=1.6788 grad=11.531885147094727 conf_frac=0.750 (2264s)
[mlx] fixed step 2630 ce=0.8537 total=0.8827 grad=4.080624103546143 conf_frac=0.250 (2272s)
[mlx] fixed step 2640 ce=1.0207 total=1.0878 grad=6.340346336364746 conf_frac=0.750 (2281s)
[mlx] fixed step 2650 ce=1.4343 total=1.4925 grad=5.057778358459473 conf_frac=0.250 (2288s)
[mlx] fixed step 2660 ce=0.6377 total=0.7185 grad=9.801002502441406 conf_frac=0.500 (2297s)
[mlx] fixed step 2670 ce=1.2935 total=1.3398 grad=3.1795191764831543 conf_frac=0.250 (2304s)
[mlx] fixed step 2680 ce=1.1259 total=1.1542 grad=11.24630069732666 conf_frac=0.500 (2314s)
[mlx] fixed step 2690 ce=0.9972 total=1.0302 grad=8.909880638122559 conf_frac=0.500 (2323s)
[mlx] fixed step 2700 ce=0.9333 total=0.9610 grad=6.798576354980469 conf_frac=0.250 (2331s)
[mlx] fixed step 2710 ce=1.2759 total=1.3290 grad=9.86528205871582 conf_frac=0.750 (2340s)
[mlx] fixed step 2720 ce=0.8751 total=0.9044 grad=8.616371154785156 conf_frac=0.500 (2348s)
[mlx] fixed step 2730 ce=1.4469 total=1.5005 grad=16.3463077545166 conf_frac=0.750 (2356s)
[mlx] fixed step 2740 ce=1.6444 total=1.6837 grad=13.62222671508789 conf_frac=0.750 (2364s)
[mlx] fixed step 2750 ce=1.0098 total=1.0769 grad=15.558422088623047 conf_frac=0.500 (2373s)
[mlx] fixed step 2760 ce=0.4233 total=0.4419 grad=6.914310932159424 conf_frac=0.250 (2381s)
[mlx] fixed step 2770 ce=1.5587 total=1.6002 grad=4.428184986114502 conf_frac=0.250 (2389s)
[mlx] fixed step 2780 ce=1.0889 total=1.1046 grad=2.3844478130340576 conf_frac=0.250 (2398s)
[mlx] fixed step 2790 ce=1.1045 total=1.2332 grad=1.557250738143921 conf_frac=0.000 (2407s)
[mlx] fixed step 2800 ce=1.0002 total=1.0304 grad=3.8713738918304443 conf_frac=0.500 (2415s)
[mlx] fixed step 2810 ce=1.1991 total=1.2552 grad=20.485946655273438 conf_frac=0.750 (2423s)
[mlx] fixed step 2820 ce=1.9784 total=2.0082 grad=6.992644309997559 conf_frac=0.500 (2432s)
[mlx] fixed step 2830 ce=1.1862 total=1.2308 grad=10.909698486328125 conf_frac=0.750 (2440s)
[mlx] fixed step 2840 ce=1.3139 total=1.3372 grad=6.129856586456299 conf_frac=0.250 (2448s)
[mlx] fixed step 2850 ce=0.9237 total=0.9691 grad=14.60234546661377 conf_frac=0.750 (2457s)
[mlx] fixed step 2860 ce=0.9688 total=1.0287 grad=2.7543585300445557 conf_frac=0.000 (2465s)
[mlx] fixed step 2870 ce=0.8849 total=0.9338 grad=4.927639484405518 conf_frac=0.250 (2473s)
[mlx] fixed step 2880 ce=1.0336 total=1.0417 grad=3.0364694595336914 conf_frac=0.250 (2482s)
[mlx] fixed step 2890 ce=1.7994 total=1.8458 grad=6.355011463165283 conf_frac=0.250 (2491s)
[mlx] fixed step 2900 ce=1.2988 total=1.3743 grad=2.7044568061828613 conf_frac=0.000 (2499s)
[mlx] fixed step 2910 ce=0.7103 total=0.7305 grad=4.6984734535217285 conf_frac=0.500 (2508s)
[mlx] fixed step 2920 ce=0.6910 total=0.7393 grad=2.236020803451538 conf_frac=0.750 (2516s)
[mlx] fixed step 2930 ce=0.9074 total=0.9585 grad=3.731044054031372 conf_frac=0.250 (2525s)
[mlx] fixed step 2940 ce=0.8730 total=0.9166 grad=11.542274475097656 conf_frac=0.750 (2534s)
[mlx] fixed step 2950 ce=0.9193 total=0.9522 grad=3.9925060272216797 conf_frac=0.250 (2543s)
[mlx] fixed step 2960 ce=0.9019 total=0.9307 grad=4.789127826690674 conf_frac=0.500 (2550s)
[mlx] fixed step 2970 ce=1.2123 total=1.2508 grad=3.7784717082977295 conf_frac=0.250 (2558s)
[mlx] fixed step 2980 ce=2.2308 total=2.2713 grad=5.324313163757324 conf_frac=0.250 (2565s)
[mlx] fixed step 2990 ce=0.9076 total=0.9888 grad=3.3404691219329834 conf_frac=0.750 (2574s)
[mlx] fixed step 3000 ce=0.3377 total=0.4203 grad=22.48403549194336 conf_frac=1.000 (2583s)
[mlx] fixed step 3010 ce=1.0473 total=1.1276 grad=1.0131477117538452 conf_frac=0.000 (2592s)
[mlx] fixed step 3020 ce=1.7100 total=1.8636 grad=8.301163673400879 conf_frac=1.000 (2600s)
[mlx] fixed step 3030 ce=1.1910 total=1.2255 grad=15.628349304199219 conf_frac=0.750 (2609s)
[mlx] fixed step 3040 ce=1.2554 total=1.2771 grad=7.261757850646973 conf_frac=0.500 (2617s)
[mlx] fixed step 3050 ce=1.4258 total=1.4557 grad=4.208236217498779 conf_frac=0.500 (2626s)
[mlx] fixed step 3060 ce=0.3666 total=0.4272 grad=11.187094688415527 conf_frac=0.500 (2634s)
[mlx] fixed step 3070 ce=0.7775 total=0.8250 grad=4.569802761077881 conf_frac=0.500 (2642s)
[mlx] fixed step 3080 ce=0.7849 total=0.8149 grad=3.286621332168579 conf_frac=0.250 (2650s)
[mlx] fixed step 3090 ce=1.5081 total=1.5322 grad=12.160421371459961 conf_frac=0.500 (2658s)
[mlx] fixed step 3100 ce=1.0318 total=1.0546 grad=11.32437801361084 conf_frac=0.500 (2666s)
[mlx] fixed step 3110 ce=0.7284 total=0.7536 grad=7.457362651824951 conf_frac=0.500 (2674s)
[mlx] fixed step 3120 ce=1.0313 total=1.1024 grad=11.364139556884766 conf_frac=0.750 (2683s)
[mlx] fixed step 3130 ce=1.8165 total=1.8367 grad=1.4718660116195679 conf_frac=0.500 (2691s)
[mlx] fixed step 3140 ce=1.2077 total=1.2382 grad=7.796976089477539 conf_frac=0.500 (2699s)
[mlx] fixed step 3150 ce=0.8871 total=0.9318 grad=5.012834548950195 conf_frac=0.250 (2708s)
[mlx] fixed step 3160 ce=1.5323 total=1.5586 grad=1.7995550632476807 conf_frac=0.250 (2715s)
[mlx] fixed step 3170 ce=0.8882 total=0.9072 grad=8.780329704284668 conf_frac=0.500 (2724s)
[mlx] fixed step 3180 ce=0.9052 total=0.9683 grad=2.607940196990967 conf_frac=0.750 (2733s)
[mlx] fixed step 3190 ce=1.4865 total=1.5221 grad=15.761979103088379 conf_frac=0.750 (2741s)
[mlx] fixed step 3200 ce=0.9203 total=0.9507 grad=8.850184440612793 conf_frac=0.500 (2749s)
[mlx] fixed step 3210 ce=0.8671 total=0.9299 grad=2.173597574234009 conf_frac=0.000 (2758s)
[mlx] fixed step 3220 ce=1.2678 total=1.3033 grad=1.585323452949524 conf_frac=0.500 (2766s)
[mlx] fixed step 3230 ce=1.1571 total=1.1905 grad=6.491064548492432 conf_frac=0.750 (2774s)
[mlx] fixed step 3240 ce=1.0290 total=1.0685 grad=2.2838592529296875 conf_frac=0.500 (2783s)
[mlx] fixed step 3250 ce=1.4193 total=1.4511 grad=4.833188533782959 conf_frac=0.250 (2791s)
[mlx] fixed step 3260 ce=1.4547 total=1.4995 grad=5.051718711853027 conf_frac=0.250 (2799s)
[mlx] fixed step 3270 ce=0.7739 total=0.8029 grad=3.3949785232543945 conf_frac=0.500 (2808s)
[mlx] fixed step 3280 ce=1.1648 total=1.1840 grad=4.085939884185791 conf_frac=0.500 (2816s)
[mlx] fixed step 3290 ce=1.2796 total=1.3140 grad=12.84659194946289 conf_frac=0.500 (2825s)
[mlx] fixed step 3300 ce=1.1594 total=1.1960 grad=5.440342903137207 conf_frac=0.250 (2833s)
[mlx] fixed step 3310 ce=1.3594 total=1.3898 grad=4.515254974365234 conf_frac=0.500 (2841s)
[mlx] fixed step 3320 ce=0.8623 total=0.8915 grad=2.333327054977417 conf_frac=0.500 (2850s)
[mlx] fixed step 3330 ce=1.0110 total=1.0946 grad=3.8948590755462646 conf_frac=0.000 (2858s)
[mlx] fixed step 3340 ce=1.6577 total=1.7035 grad=10.940747261047363 conf_frac=0.750 (2867s)
[mlx] fixed step 3350 ce=0.7368 total=0.7914 grad=5.460679531097412 conf_frac=0.250 (2875s)
[mlx] fixed step 3360 ce=0.6913 total=0.7281 grad=3.5314722061157227 conf_frac=0.500 (2883s)
[mlx] fixed step 3370 ce=1.2283 total=1.2668 grad=3.0252676010131836 conf_frac=0.500 (2892s)
[mlx] fixed step 3380 ce=0.4702 total=0.5665 grad=8.848085403442383 conf_frac=0.750 (2900s)
[mlx] fixed step 3390 ce=1.6185 total=1.6443 grad=2.053921937942505 conf_frac=0.500 (2908s)
[mlx] fixed step 3400 ce=1.3788 total=1.4748 grad=5.340878963470459 conf_frac=1.000 (2916s)
[mlx] fixed step 3410 ce=1.5629 total=1.5996 grad=11.305290222167969 conf_frac=0.500 (2924s)
[mlx] fixed step 3420 ce=2.0535 total=2.2056 grad=1.646721363067627 conf_frac=0.000 (2933s)
[mlx] fixed step 3430 ce=1.2636 total=1.2761 grad=4.9012675285339355 conf_frac=0.250 (2942s)
[mlx] fixed step 3440 ce=1.4870 total=1.5206 grad=4.868919849395752 conf_frac=0.500 (2950s)
[mlx] fixed step 3450 ce=0.8039 total=0.8676 grad=1.1818288564682007 conf_frac=0.750 (2959s)
[mlx] fixed step 3460 ce=1.1322 total=1.1627 grad=1.3023221492767334 conf_frac=0.500 (2967s)
[mlx] fixed step 3470 ce=1.6150 total=1.7136 grad=9.233595848083496 conf_frac=0.000 (2975s)
[mlx] fixed step 3480 ce=1.3974 total=1.4523 grad=1.554792046546936 conf_frac=0.750 (2983s)
[mlx] fixed step 3490 ce=1.2241 total=1.2472 grad=3.6805830001831055 conf_frac=0.250 (2991s)
[mlx] fixed step 3500 ce=0.6479 total=0.6959 grad=5.79440450668335 conf_frac=0.250 (2999s)
[mlx] fixed step 3510 ce=0.8654 total=0.8885 grad=11.363912582397461 conf_frac=0.500 (3007s)
[mlx] fixed step 3520 ce=0.4862 total=0.5263 grad=8.090141296386719 conf_frac=0.500 (3015s)
[mlx] fixed step 3530 ce=1.5356 total=1.5525 grad=6.206906318664551 conf_frac=0.250 (3023s)
[mlx] fixed step 3540 ce=0.8836 total=0.9122 grad=2.448800563812256 conf_frac=0.500 (3031s)
[mlx] fixed step 3550 ce=1.7984 total=1.8320 grad=3.8728106021881104 conf_frac=0.750 (3040s)
[mlx] fixed step 3560 ce=2.0517 total=2.0698 grad=4.315792083740234 conf_frac=0.500 (3048s)
[mlx] fixed step 3570 ce=1.1140 total=1.1498 grad=8.515811920166016 conf_frac=0.500 (3056s)
[mlx] fixed step 3580 ce=0.9351 total=0.9613 grad=3.0007429122924805 conf_frac=0.500 (3065s)
[mlx] fixed step 3590 ce=1.2026 total=1.2528 grad=6.054703235626221 conf_frac=0.250 (3072s)
[mlx] fixed step 3600 ce=0.8190 total=0.8483 grad=2.499584197998047 conf_frac=0.250 (3082s)
[mlx] fixed step 3610 ce=1.3043 total=1.3436 grad=4.540534496307373 conf_frac=0.750 (3090s)
[mlx] fixed step 3620 ce=1.7946 total=1.8612 grad=10.323386192321777 conf_frac=0.750 (3100s)
[mlx] fixed step 3630 ce=0.6731 total=0.7415 grad=3.9290049076080322 conf_frac=0.750 (3109s)
[mlx] fixed step 3640 ce=2.1595 total=2.2100 grad=6.227945804595947 conf_frac=0.250 (3117s)
[mlx] fixed step 3650 ce=1.3882 total=1.4109 grad=2.6714751720428467 conf_frac=0.250 (3125s)
[mlx] fixed step 3660 ce=1.5560 total=1.5958 grad=3.5739705562591553 conf_frac=0.250 (3133s)
[mlx] fixed step 3670 ce=2.0344 total=2.0835 grad=7.134973049163818 conf_frac=0.250 (3142s)
[mlx] fixed step 3680 ce=1.1772 total=1.2162 grad=11.453444480895996 conf_frac=0.500 (3150s)
[mlx] fixed step 3690 ce=1.5099 total=1.5591 grad=11.132854461669922 conf_frac=0.750 (3158s)
[mlx] fixed step 3700 ce=1.5754 total=1.6192 grad=6.403892517089844 conf_frac=0.250 (3166s)
[mlx] fixed step 3710 ce=1.4588 total=1.5026 grad=5.435295581817627 conf_frac=0.250 (3175s)
[mlx] fixed step 3720 ce=1.8778 total=1.8911 grad=4.691680908203125 conf_frac=0.250 (3184s)
[mlx] fixed step 3730 ce=1.3771 total=1.3992 grad=12.596010208129883 conf_frac=0.500 (3193s)
[mlx] fixed step 3740 ce=1.1815 total=1.2125 grad=6.574894905090332 conf_frac=0.250 (3201s)
[mlx] fixed step 3750 ce=1.4107 total=1.4393 grad=3.479473352432251 conf_frac=0.500 (3210s)
[mlx] fixed step 3760 ce=1.4863 total=1.5159 grad=3.38594651222229 conf_frac=0.500 (3218s)
[mlx] fixed step 3770 ce=1.3144 total=1.3406 grad=7.298097133636475 conf_frac=0.500 (3226s)
[mlx] fixed step 3780 ce=1.1945 total=1.2411 grad=9.850672721862793 conf_frac=0.750 (3235s)
[mlx] fixed step 3790 ce=1.2834 total=1.3043 grad=3.182509183883667 conf_frac=0.500 (3243s)
[mlx] fixed step 3800 ce=1.2183 total=1.2393 grad=9.972936630249023 conf_frac=0.500 (3252s)
[mlx] fixed step 3810 ce=0.5186 total=0.6057 grad=17.75605010986328 conf_frac=1.000 (3260s)
[mlx] fixed step 3820 ce=1.2796 total=1.3228 grad=6.99478816986084 conf_frac=0.250 (3269s)
[mlx] fixed step 3830 ce=0.8659 total=0.8992 grad=4.191705226898193 conf_frac=0.500 (3277s)
[mlx] fixed step 3840 ce=0.4126 total=0.4547 grad=14.74852466583252 conf_frac=0.750 (3286s)
[mlx] fixed step 3850 ce=0.8868 total=0.9153 grad=5.360555171966553 conf_frac=0.500 (3295s)
[mlx] fixed step 3860 ce=2.0297 total=2.0940 grad=6.949040412902832 conf_frac=0.750 (3304s)
[mlx] fixed step 3870 ce=1.2410 total=1.2558 grad=3.9912209510803223 conf_frac=0.250 (3314s)
[mlx] fixed step 3880 ce=1.0018 total=1.0595 grad=0.8907300233840942 conf_frac=0.750 (3323s)
[mlx] fixed step 3890 ce=1.0780 total=1.1264 grad=2.8120789527893066 conf_frac=0.750 (3332s)
[mlx] fixed step 3900 ce=1.1355 total=1.2129 grad=7.185297012329102 conf_frac=0.250 (3340s)
[mlx] fixed step 3910 ce=1.1249 total=1.1577 grad=3.153975248336792 conf_frac=0.250 (3348s)
[mlx] fixed step 3920 ce=0.6411 total=0.7215 grad=3.229585647583008 conf_frac=0.750 (3357s)
[mlx] fixed step 3930 ce=1.4694 total=1.5171 grad=12.835232734680176 conf_frac=0.250 (3365s)
[mlx] fixed step 3940 ce=0.6364 total=0.6945 grad=14.36707592010498 conf_frac=0.750 (3373s)
[mlx] fixed step 3950 ce=1.0349 total=1.0886 grad=3.8585610389709473 conf_frac=0.750 (3381s)
[mlx] fixed step 3960 ce=1.3070 total=1.3298 grad=9.037631034851074 conf_frac=0.500 (3390s)
[mlx] fixed step 3970 ce=1.5852 total=1.6124 grad=3.057037830352783 conf_frac=0.250 (3398s)
[mlx] fixed step 3980 ce=1.4380 total=1.4658 grad=5.2277069091796875 conf_frac=0.500 (3406s)
[mlx] fixed step 3990 ce=1.4659 total=1.4879 grad=9.826091766357422 conf_frac=0.500 (3415s)
[mlx] fixed step 4000 ce=0.7536 total=0.8269 grad=2.9981863498687744 conf_frac=0.000 (3423s)
[mlx] fixed step 4010 ce=1.1318 total=1.1638 grad=9.345568656921387 conf_frac=0.500 (3432s)
[mlx] fixed step 4020 ce=1.2737 total=1.2942 grad=2.3957359790802 conf_frac=0.250 (3440s)
[mlx] fixed step 4030 ce=0.3819 total=0.4408 grad=3.9620578289031982 conf_frac=0.750 (3449s)
[mlx] fixed step 4040 ce=0.5644 total=0.5945 grad=6.346512317657471 conf_frac=0.500 (3456s)
[mlx] fixed step 4050 ce=0.3478 total=0.4085 grad=7.151998519897461 conf_frac=0.750 (3465s)
[mlx] fixed step 4060 ce=0.4737 total=0.4963 grad=5.439177989959717 conf_frac=0.500 (3474s)
[mlx] fixed step 4070 ce=0.8063 total=0.8383 grad=4.36072301864624 conf_frac=0.500 (3483s)
[mlx] fixed step 4080 ce=0.3508 total=0.3947 grad=3.3954665660858154 conf_frac=0.250 (3491s)
[mlx] fixed step 4090 ce=0.6627 total=0.7534 grad=5.1213226318359375 conf_frac=1.000 (3500s)
[mlx] fixed step 4100 ce=0.6011 total=0.6229 grad=7.710352897644043 conf_frac=0.500 (3508s)
[mlx] fixed step 4110 ce=1.3717 total=1.3992 grad=3.525951862335205 conf_frac=0.250 (3517s)
[mlx] fixed step 4120 ce=0.6808 total=0.8153 grad=2.1233901977539062 conf_frac=1.000 (3525s)
[mlx] fixed step 4130 ce=1.2705 total=1.3027 grad=9.187213897705078 conf_frac=0.500 (3533s)
[mlx] fixed step 4140 ce=0.5878 total=0.6126 grad=8.030134201049805 conf_frac=0.500 (3542s)
[mlx] fixed step 4150 ce=0.5953 total=0.6216 grad=7.736897945404053 conf_frac=0.500 (3551s)
[mlx] fixed step 4160 ce=0.9313 total=0.9709 grad=3.135943651199341 conf_frac=0.500 (3560s)
[mlx] fixed step 4170 ce=0.7844 total=0.8265 grad=8.511590003967285 conf_frac=0.750 (3568s)
[mlx] fixed step 4180 ce=0.7690 total=0.7846 grad=5.463980197906494 conf_frac=0.250 (3577s)
[mlx] fixed step 4190 ce=0.8031 total=0.8506 grad=6.9010467529296875 conf_frac=0.750 (3585s)
[mlx] fixed step 4200 ce=1.0478 total=1.1286 grad=8.681418418884277 conf_frac=1.000 (3593s)
[mlx] fixed step 4210 ce=0.7664 total=0.7944 grad=10.487970352172852 conf_frac=0.500 (3601s)
[mlx] fixed step 4220 ce=0.6460 total=0.6749 grad=1.5345628261566162 conf_frac=0.500 (3610s)
[mlx] fixed step 4230 ce=0.4583 total=0.5120 grad=17.768482208251953 conf_frac=0.500 (3617s)
[mlx] fixed step 4240 ce=0.6414 total=0.6767 grad=4.043221473693848 conf_frac=0.500 (3625s)
[mlx] fixed step 4250 ce=1.2695 total=1.3014 grad=2.318113327026367 conf_frac=0.250 (3633s)
[mlx] fixed step 4260 ce=0.8708 total=1.0152 grad=3.0694468021392822 conf_frac=0.750 (3641s)
[mlx] fixed step 4270 ce=0.5223 total=0.5503 grad=9.518662452697754 conf_frac=0.500 (3649s)
[mlx] fixed step 4280 ce=0.8067 total=0.8258 grad=4.7104010581970215 conf_frac=0.250 (3656s)
[mlx] fixed step 4290 ce=0.8870 total=0.9953 grad=7.610113620758057 conf_frac=1.000 (3665s)
[mlx] fixed step 4300 ce=0.8312 total=0.9161 grad=17.16427230834961 conf_frac=1.000 (3674s)
[mlx] fixed step 4310 ce=0.8357 total=0.8824 grad=11.02718734741211 conf_frac=0.750 (3682s)
[mlx] fixed step 4320 ce=1.2072 total=1.2553 grad=3.664138078689575 conf_frac=0.250 (3690s)
[mlx] fixed step 4330 ce=0.8085 total=0.8294 grad=7.103518009185791 conf_frac=0.500 (3699s)
[mlx] fixed step 4340 ce=0.8684 total=0.8921 grad=5.876030921936035 conf_frac=0.500 (3708s)
[mlx] fixed step 4350 ce=0.5159 total=0.5422 grad=5.870824813842773 conf_frac=0.500 (3716s)
[mlx] fixed step 4360 ce=1.3262 total=1.3516 grad=2.500692844390869 conf_frac=0.500 (3725s)
[mlx] fixed step 4370 ce=0.9908 total=1.0333 grad=2.2514264583587646 conf_frac=0.250 (3734s)
[mlx] fixed step 4380 ce=0.5087 total=0.6384 grad=3.50531005859375 conf_frac=1.000 (3742s)
[mlx] fixed step 4390 ce=1.2114 total=1.2430 grad=1.5856775045394897 conf_frac=0.500 (3750s)
[mlx] fixed step 4400 ce=0.5789 total=0.6023 grad=3.7482786178588867 conf_frac=0.500 (3758s)
[mlx] fixed step 4410 ce=1.2603 total=1.2814 grad=6.273594856262207 conf_frac=0.250 (3767s)
[mlx] fixed step 4420 ce=0.2200 total=0.2463 grad=6.112982749938965 conf_frac=0.500 (3775s)
[mlx] fixed step 4430 ce=0.9823 total=1.0077 grad=8.131146430969238 conf_frac=0.500 (3783s)
[mlx] fixed step 4440 ce=1.1291 total=1.1425 grad=3.433697462081909 conf_frac=0.250 (3791s)
[mlx] fixed step 4450 ce=0.3532 total=0.3828 grad=10.304316520690918 conf_frac=0.500 (3799s)
[mlx] fixed step 4460 ce=0.3210 total=0.3584 grad=8.65957260131836 conf_frac=0.500 (3807s)
[mlx] fixed step 4470 ce=0.2452 total=0.4336 grad=5.279107570648193 conf_frac=1.000 (3817s)
[mlx] fixed step 4480 ce=0.8580 total=0.8854 grad=4.715146541595459 conf_frac=0.250 (3825s)
[mlx] fixed step 4490 ce=0.9396 total=0.9644 grad=5.8013200759887695 conf_frac=0.500 (3833s)
[mlx] fixed step 4500 ce=0.6296 total=0.8343 grad=7.742574214935303 conf_frac=1.000 (3841s)
[mlx] fixed step 4510 ce=0.4899 total=0.5418 grad=12.889152526855469 conf_frac=0.750 (3850s)
[mlx] fixed step 4520 ce=0.7486 total=0.7744 grad=6.103679180145264 conf_frac=0.500 (3857s)
[mlx] fixed step 4530 ce=0.6328 total=0.6900 grad=2.8980135917663574 conf_frac=0.750 (3864s)
[mlx] fixed step 4540 ce=0.8134 total=0.8717 grad=15.349963188171387 conf_frac=0.750 (3873s)
[mlx] fixed step 4550 ce=1.0926 total=1.2329 grad=2.7001216411590576 conf_frac=0.000 (3882s)
[mlx] fixed step 4560 ce=0.6819 total=0.7064 grad=2.6996779441833496 conf_frac=0.250 (3890s)
[mlx] fixed step 4570 ce=0.6475 total=0.7217 grad=0.7397159337997437 conf_frac=0.000 (3898s)
[mlx] fixed step 4580 ce=0.3745 total=0.4238 grad=11.027886390686035 conf_frac=0.750 (3907s)
[mlx] fixed step 4590 ce=1.6449 total=1.6693 grad=3.4129960536956787 conf_frac=0.500 (3916s)
[mlx] fixed step 4600 ce=0.9208 total=0.9954 grad=11.023296356201172 conf_frac=0.750 (3924s)
[mlx] fixed step 4610 ce=1.2072 total=1.3219 grad=2.492438316345215 conf_frac=0.000 (3932s)
[mlx] fixed step 4620 ce=0.6207 total=0.6569 grad=10.388997077941895 conf_frac=0.500 (3940s)
[mlx] fixed step 4630 ce=0.8145 total=0.9203 grad=0.6978397965431213 conf_frac=0.000 (3949s)
[mlx] fixed step 4640 ce=0.8156 total=0.8482 grad=7.22544002532959 conf_frac=0.500 (3958s)
[mlx] fixed step 4650 ce=0.8352 total=0.8585 grad=5.859755039215088 conf_frac=0.500 (3966s)
[mlx] fixed step 4660 ce=0.7929 total=0.8158 grad=5.666696071624756 conf_frac=0.250 (3975s)
[mlx] fixed step 4670 ce=1.5004 total=1.5379 grad=3.7068870067596436 conf_frac=0.500 (3983s)
[mlx] fixed step 4680 ce=0.6862 total=0.8088 grad=14.851104736328125 conf_frac=1.000 (3992s)
[mlx] fixed step 4690 ce=0.8900 total=0.9138 grad=7.109618186950684 conf_frac=0.250 (4001s)
[mlx] fixed step 4700 ce=0.7472 total=0.8106 grad=8.989632606506348 conf_frac=0.750 (4008s)
[mlx] fixed step 4710 ce=0.3970 total=0.4451 grad=6.781229019165039 conf_frac=0.250 (4017s)
[mlx] fixed step 4720 ce=0.6171 total=0.7124 grad=17.003389358520508 conf_frac=1.000 (4024s)
[mlx] fixed step 4730 ce=0.7828 total=0.8038 grad=3.137152671813965 conf_frac=0.500 (4033s)
[mlx] fixed step 4740 ce=0.5625 total=0.6116 grad=0.32402658462524414 conf_frac=0.500 (4042s)
[mlx] fixed step 4750 ce=1.0223 total=1.0778 grad=1.5540156364440918 conf_frac=0.750 (4051s)
[mlx] fixed step 4760 ce=0.9933 total=1.0696 grad=9.217368125915527 conf_frac=1.000 (4060s)
[mlx] fixed step 4770 ce=0.8296 total=0.8531 grad=7.748094081878662 conf_frac=0.500 (4068s)
[mlx] fixed step 4780 ce=1.1986 total=1.2224 grad=4.731264591217041 conf_frac=0.500 (4077s)
[mlx] fixed step 4790 ce=0.7266 total=0.8351 grad=4.099294662475586 conf_frac=1.000 (4086s)
[mlx] fixed step 4800 ce=0.4491 total=0.4635 grad=3.932180881500244 conf_frac=0.250 (4095s)
[mlx] fixed step 4810 ce=0.8371 total=0.8907 grad=8.675826072692871 conf_frac=0.750 (4103s)
[mlx] fixed step 4820 ce=0.9931 total=1.0953 grad=4.628141403198242 conf_frac=1.000 (4112s)
[mlx] fixed step 4830 ce=0.7269 total=0.8015 grad=7.263260841369629 conf_frac=0.000 (4120s)
[mlx] fixed step 4840 ce=0.2985 total=0.3244 grad=6.275535583496094 conf_frac=0.500 (4128s)
[mlx] fixed step 4850 ce=1.0184 total=1.0700 grad=3.1888298988342285 conf_frac=0.500 (4136s)
[mlx] fixed step 4860 ce=0.9217 total=0.9629 grad=3.1149544715881348 conf_frac=0.250 (4144s)
[mlx] fixed step 4870 ce=1.1057 total=1.1354 grad=2.4294841289520264 conf_frac=0.500 (4152s)
[mlx] fixed step 4880 ce=0.3760 total=0.4051 grad=6.391607284545898 conf_frac=0.250 (4159s)
[mlx] fixed step 4890 ce=0.7356 total=0.7690 grad=4.337610721588135 conf_frac=0.750 (4167s)
[mlx] fixed step 4900 ce=1.1291 total=1.1904 grad=3.5868372917175293 conf_frac=0.000 (4175s)
[mlx] fixed step 4910 ce=0.7913 total=0.8155 grad=9.510626792907715 conf_frac=0.500 (4183s)
[mlx] fixed step 4920 ce=0.9944 total=1.0268 grad=0.7366103529930115 conf_frac=0.500 (4191s)
[mlx] fixed step 4930 ce=0.7993 total=0.8567 grad=8.171710968017578 conf_frac=0.750 (4200s)
[mlx] fixed step 4940 ce=0.8485 total=0.8961 grad=5.474048137664795 conf_frac=0.250 (4209s)
[mlx] fixed step 4950 ce=0.4619 total=0.5044 grad=2.852717638015747 conf_frac=0.500 (4217s)
[mlx] fixed step 4960 ce=1.6459 total=1.7384 grad=1.1375737190246582 conf_frac=0.000 (4225s)
[mlx] fixed step 4970 ce=0.4910 total=0.5171 grad=6.969680309295654 conf_frac=0.500 (4233s)
[mlx] fixed step 4980 ce=0.9259 total=0.9796 grad=6.4091339111328125 conf_frac=0.250 (4242s)
[mlx] fixed step 4990 ce=0.9652 total=1.0001 grad=6.419748783111572 conf_frac=0.250 (4250s)
[mlx] fixed step 5000 ce=0.5104 total=0.5544 grad=11.849268913269043 conf_frac=0.750 (4258s)
[mlx] fixed step 5010 ce=0.8149 total=0.8686 grad=9.140334129333496 conf_frac=0.750 (4267s)
[mlx] fixed step 5020 ce=0.8765 total=0.8989 grad=1.5999053716659546 conf_frac=0.250 (4275s)
[mlx] fixed step 5030 ce=0.5595 total=0.5863 grad=5.805072784423828 conf_frac=0.500 (4284s)
[mlx] fixed step 5040 ce=1.0531 total=1.0995 grad=3.8284523487091064 conf_frac=0.250 (4292s)
[mlx] fixed step 5050 ce=0.6811 total=0.7298 grad=10.171222686767578 conf_frac=0.750 (4300s)
[mlx] fixed step 5060 ce=0.5781 total=0.6880 grad=14.900200843811035 conf_frac=1.000 (4307s)
[mlx] fixed step 5070 ce=0.8828 total=0.9071 grad=9.537066459655762 conf_frac=0.500 (4315s)
[mlx] fixed step 5080 ce=0.4989 total=0.5286 grad=4.20227575302124 conf_frac=0.500 (4323s)
[mlx] fixed step 5090 ce=0.5390 total=0.6697 grad=10.148298263549805 conf_frac=1.000 (4331s)
[mlx] fixed step 5100 ce=0.6091 total=0.6378 grad=8.795998573303223 conf_frac=0.500 (4340s)
[mlx] fixed step 5110 ce=0.9287 total=0.9809 grad=7.040249347686768 conf_frac=0.250 (4348s)
[mlx] fixed step 5120 ce=0.5391 total=0.5626 grad=6.868975639343262 conf_frac=0.500 (4357s)
[mlx] fixed step 5130 ce=0.8727 total=0.9173 grad=3.667799234390259 conf_frac=0.250 (4365s)
[mlx] fixed step 5140 ce=0.5223 total=0.6359 grad=13.376435279846191 conf_frac=1.000 (4373s)
[mlx] fixed step 5150 ce=0.6299 total=0.6766 grad=1.8838963508605957 conf_frac=0.750 (4381s)
[mlx] fixed step 5160 ce=0.4559 total=0.4786 grad=1.7786844968795776 conf_frac=0.500 (4389s)
[mlx] fixed step 5170 ce=0.9168 total=0.9903 grad=0.8925654292106628 conf_frac=0.750 (4398s)
[mlx] fixed step 5180 ce=0.6947 total=0.7229 grad=9.423993110656738 conf_frac=0.500 (4406s)
[mlx] fixed step 5190 ce=1.0613 total=1.0862 grad=4.547456741333008 conf_frac=0.500 (4414s)
[mlx] fixed step 5200 ce=0.5458 total=0.5872 grad=4.137277126312256 conf_frac=0.250 (4423s)
[mlx] fixed step 5210 ce=0.5834 total=0.6320 grad=10.196976661682129 conf_frac=0.750 (4430s)
[mlx] fixed step 5220 ce=0.9529 total=1.0514 grad=16.375598907470703 conf_frac=1.000 (4438s)
[mlx] fixed step 5230 ce=0.6790 total=0.6983 grad=6.189913272857666 conf_frac=0.500 (4445s)
[mlx] fixed step 5240 ce=0.3459 total=0.3733 grad=2.5141708850860596 conf_frac=0.250 (4453s)
[mlx] fixed step 5250 ce=0.5446 total=0.6610 grad=12.848185539245605 conf_frac=1.000 (4461s)
[mlx] fixed step 5260 ce=1.0802 total=1.1317 grad=7.3937458992004395 conf_frac=0.250 (4469s)
[mlx] fixed step 5270 ce=0.6015 total=0.6778 grad=1.2156896591186523 conf_frac=0.750 (4478s)
[mlx] fixed step 5280 ce=0.7755 total=0.8332 grad=9.179977416992188 conf_frac=0.750 (4486s)
[mlx] fixed step 5290 ce=0.6609 total=0.6928 grad=4.77957820892334 conf_frac=0.750 (4495s)
[mlx] fixed step 5300 ce=0.7140 total=0.7504 grad=10.969526290893555 conf_frac=0.500 (4503s)
[mlx] fixed step 5310 ce=0.7251 total=0.7466 grad=4.380833625793457 conf_frac=0.500 (4511s)
[mlx] fixed step 5320 ce=0.4804 total=0.5564 grad=9.902722358703613 conf_frac=0.750 (4519s)
[mlx] fixed step 5330 ce=0.5232 total=0.6129 grad=16.547258377075195 conf_frac=1.000 (4527s)
[mlx] fixed step 5340 ce=1.1532 total=1.2034 grad=14.004159927368164 conf_frac=0.750 (4534s)
[mlx] fixed step 5350 ce=1.0344 total=1.0722 grad=5.708189487457275 conf_frac=0.250 (4542s)
[mlx] fixed step 5360 ce=0.9031 total=0.9330 grad=1.5435014963150024 conf_frac=0.500 (4551s)
[mlx] fixed step 5370 ce=0.5341 total=0.5508 grad=2.0666122436523438 conf_frac=0.250 (4559s)
[mlx] fixed step 5380 ce=0.5458 total=0.6008 grad=9.588531494140625 conf_frac=0.750 (4567s)
[mlx] fixed step 5390 ce=0.5056 total=0.6721 grad=6.58273458480835 conf_frac=1.000 (4576s)
[mlx] fixed step 5400 ce=1.1881 total=1.3224 grad=2.2765350341796875 conf_frac=0.000 (4585s)
[mlx] fixed step 5410 ce=0.6945 total=0.7112 grad=6.4941725730896 conf_frac=0.500 (4593s)
[mlx] fixed step 5420 ce=0.8531 total=0.8956 grad=3.491349220275879 conf_frac=0.250 (4601s)
[mlx] fixed step 5430 ce=0.7274 total=0.8314 grad=1.6905971765518188 conf_frac=0.000 (4609s)
[mlx] fixed step 5440 ce=1.0698 total=1.0959 grad=3.659576892852783 conf_frac=0.250 (4617s)
[mlx] fixed step 5450 ce=0.5669 total=0.6270 grad=14.321965217590332 conf_frac=0.750 (4626s)
[mlx] fixed step 5460 ce=0.6658 total=0.7281 grad=17.333147048950195 conf_frac=0.750 (4635s)
[mlx] fixed step 5470 ce=1.0018 total=1.0959 grad=2.2216737270355225 conf_frac=0.000 (4643s)
[mlx] fixed step 5480 ce=0.9111 total=0.9383 grad=3.132206916809082 conf_frac=0.250 (4652s)
[mlx] fixed step 5490 ce=0.9551 total=1.0191 grad=7.254306793212891 conf_frac=0.750 (4660s)
[mlx] fixed step 5500 ce=0.4635 total=0.5380 grad=21.285675048828125 conf_frac=1.000 (4669s)
[mlx] fixed step 5510 ce=0.5668 total=0.5991 grad=7.473483085632324 conf_frac=0.500 (4677s)
[mlx] fixed step 5520 ce=1.0148 total=1.0492 grad=3.7281274795532227 conf_frac=0.500 (4686s)
[mlx] fixed step 5530 ce=0.3740 total=0.4063 grad=2.810833215713501 conf_frac=0.500 (4695s)
[mlx] fixed step 5540 ce=0.6757 total=0.6870 grad=4.477242469787598 conf_frac=0.250 (4704s)
[mlx] fixed step 5550 ce=1.3536 total=1.3966 grad=14.887511253356934 conf_frac=0.750 (4712s)
[mlx] fixed step 5560 ce=0.6888 total=0.7460 grad=14.265152931213379 conf_frac=0.750 (4720s)
[mlx] fixed step 5570 ce=1.1501 total=1.1884 grad=11.499519348144531 conf_frac=0.500 (4730s)
[mlx] fixed step 5580 ce=0.9987 total=1.0267 grad=4.56049108505249 conf_frac=0.500 (4738s)
[mlx] fixed step 5590 ce=0.5751 total=0.6013 grad=7.136753082275391 conf_frac=0.500 (4746s)
[mlx] fixed step 5600 ce=0.7484 total=0.7763 grad=4.312798023223877 conf_frac=0.500 (4755s)
[mlx] fixed step 5610 ce=0.7119 total=0.7473 grad=3.2179555892944336 conf_frac=0.250 (4763s)
[mlx] fixed step 5620 ce=1.0297 total=1.0780 grad=9.948100090026855 conf_frac=0.750 (4771s)
[mlx] fixed step 5630 ce=0.4983 total=0.5379 grad=4.611110687255859 conf_frac=0.250 (4779s)
[mlx] fixed step 5640 ce=1.2077 total=1.2285 grad=3.5545129776000977 conf_frac=0.500 (4787s)
[mlx] fixed step 5650 ce=0.3509 total=0.4485 grad=3.948225736618042 conf_frac=1.000 (4795s)
[mlx] fixed step 5660 ce=0.3191 total=0.3473 grad=7.105724334716797 conf_frac=0.250 (4804s)
[mlx] fixed step 5670 ce=0.4696 total=0.5828 grad=2.020779609680176 conf_frac=0.000 (4812s)
[mlx] fixed step 5680 ce=1.5596 total=1.5989 grad=3.344870090484619 conf_frac=0.500 (4820s)
[mlx] fixed step 5690 ce=0.5053 total=0.6202 grad=0.5565125346183777 conf_frac=0.000 (4829s)
[mlx] fixed step 5700 ce=1.0358 total=1.1291 grad=17.430803298950195 conf_frac=1.000 (4837s)
[mlx] fixed step 5710 ce=0.4281 total=0.4766 grad=13.817719459533691 conf_frac=0.750 (4846s)
[mlx] fixed step 5720 ce=1.0866 total=1.1460 grad=11.703303337097168 conf_frac=0.750 (4855s)
[mlx] fixed step 5730 ce=0.8621 total=0.8911 grad=0.6445448994636536 conf_frac=0.500 (4863s)
[mlx] fixed step 5740 ce=1.0699 total=1.1322 grad=0.9982376098632812 conf_frac=0.750 (4870s)
[mlx] fixed step 5750 ce=1.1121 total=1.1756 grad=6.156060218811035 conf_frac=0.750 (4879s)
[mlx] fixed step 5760 ce=0.6960 total=0.7398 grad=10.639678001403809 conf_frac=0.750 (4887s)
[mlx] fixed step 5770 ce=0.9497 total=0.9730 grad=7.055311679840088 conf_frac=0.250 (4896s)
[mlx] fixed step 5780 ce=0.9982 total=1.0202 grad=10.796282768249512 conf_frac=0.500 (4905s)
[mlx] fixed step 5790 ce=0.4483 total=0.4718 grad=6.809085845947266 conf_frac=0.500 (4914s)
[mlx] fixed step 5800 ce=0.9490 total=1.0380 grad=7.077070713043213 conf_frac=1.000 (4923s)
[mlx] fixed step 5810 ce=0.5480 total=0.5801 grad=7.601919174194336 conf_frac=0.250 (4931s)
[mlx] fixed step 5820 ce=0.5832 total=0.6151 grad=2.780120849609375 conf_frac=0.500 (4940s)
[mlx] fixed step 5830 ce=0.6008 total=0.6273 grad=1.8219411373138428 conf_frac=0.250 (4948s)
[mlx] fixed step 5840 ce=0.8691 total=0.9123 grad=5.098124980926514 conf_frac=0.250 (4956s)
[mlx] fixed step 5850 ce=1.1182 total=1.1603 grad=7.542510509490967 conf_frac=0.750 (4965s)
[mlx] fixed step 5860 ce=0.6437 total=0.6657 grad=6.646500110626221 conf_frac=0.500 (4972s)
[mlx] fixed step 5870 ce=1.1869 total=1.2175 grad=3.7259342670440674 conf_frac=0.500 (4981s)
[mlx] fixed step 5880 ce=0.9647 total=1.0452 grad=4.04783821105957 conf_frac=0.750 (4990s)
[mlx] fixed step 5890 ce=0.4502 total=0.5373 grad=10.017142295837402 conf_frac=0.750 (5000s)
[mlx] fixed step 5900 ce=0.8695 total=0.9077 grad=7.788774490356445 conf_frac=0.500 (5009s)
[mlx] fixed step 5910 ce=0.5108 total=0.5234 grad=3.4917545318603516 conf_frac=0.250 (5017s)
[mlx] fixed step 5920 ce=1.5002 total=1.5339 grad=4.97300386428833 conf_frac=0.500 (5026s)
[mlx] fixed step 5930 ce=0.5708 total=0.5922 grad=7.066027641296387 conf_frac=0.500 (5034s)
[mlx] fixed step 5940 ce=0.8757 total=0.9233 grad=8.563394546508789 conf_frac=0.500 (5042s)
[mlx] fixed step 5950 ce=0.7989 total=0.8178 grad=4.523454189300537 conf_frac=0.500 (5050s)
[mlx] fixed step 5960 ce=0.6087 total=0.6329 grad=7.3723554611206055 conf_frac=0.500 (5057s)
[mlx] fixed step 5970 ce=1.0323 total=1.0775 grad=5.014245510101318 conf_frac=0.750 (5065s)
[mlx] fixed step 5980 ce=0.8474 total=0.8685 grad=5.12209939956665 conf_frac=0.500 (5072s)
[mlx] fixed step 5990 ce=0.6063 total=0.6427 grad=3.314420223236084 conf_frac=0.500 (5081s)
[mlx] fixed step 6000 ce=0.8232 total=0.8656 grad=11.37071418762207 conf_frac=0.750 (5089s)
[mlx] fixed post-train (n=8008) acc=0.9377 majority=0.4994 dist={'[CONFIDENT]': 0.5002497502497503, '[COND_CONFIDENT]': 0.060814185814185816, '[TEMPORAL_HEDGE]': 0.43893606393606394, '[UNKNOWN]': 0.0}
[mlx] fixed accuracy lift over majority-class baseline: +0.4383 (discriminating)
[mlx] fixed finished: 6006 steps in 5092.8s
[mlx] saved adapter -> data/prep/tcl_mlx_7b/tsct_seed3_r2/adapter_fixed

[mlx] wrote data/prep/tcl_mlx_7b/tsct_seed3_r2/loss_log.csv
[mlx] wrote data/prep/tcl_mlx_7b/tsct_seed3_r2/run_meta.json
=== train tsct seed 3 wall 6662s
Fetching 9 files:   0%|          | 0/9 [00:00<?, ?it/s]Fetching 9 files: 100%|██████████| 9/9 [00:00<00:00, 31909.33it/s]
[gen] 3622 examples | source=temporal-delta:test | arm=tsct | adapter=data/prep/tcl_mlx_7b/tsct_seed3_r2/adapter_fixed
[gen] 100/3622  EM=0.040 hedge_acc=0.990 fallback=0.000 (22s, 0.22s/ex)
[gen] 200/3622  EM=0.020 hedge_acc=0.990 fallback=0.005 (44s, 0.22s/ex)
[gen] 300/3622  EM=0.063 hedge_acc=0.993 fallback=0.003 (68s, 0.23s/ex)
[gen] 400/3622  EM=0.055 hedge_acc=0.995 fallback=0.003 (93s, 0.23s/ex)
[gen] 500/3622  EM=0.050 hedge_acc=0.996 fallback=0.002 (118s, 0.24s/ex)
[gen] 600/3622  EM=0.042 hedge_acc=0.997 fallback=0.002 (146s, 0.24s/ex)
[gen] 700/3622  EM=0.039 hedge_acc=0.997 fallback=0.001 (173s, 0.25s/ex)
[gen] 800/3622  EM=0.034 hedge_acc=0.996 fallback=0.001 (204s, 0.25s/ex)
[gen] 900/3622  EM=0.030 hedge_acc=0.997 fallback=0.001 (234s, 0.26s/ex)
[gen] 1000/3622  EM=0.027 hedge_acc=0.997 fallback=0.001 (265s, 0.27s/ex)
[gen] 1100/3622  EM=0.025 hedge_acc=0.997 fallback=0.001 (296s, 0.27s/ex)
[gen] 1200/3622  EM=0.022 hedge_acc=0.998 fallback=0.001 (326s, 0.27s/ex)
[gen] 1300/3622  EM=0.022 hedge_acc=0.997 fallback=0.001 (354s, 0.27s/ex)
[gen] 1400/3622  EM=0.020 hedge_acc=0.997 fallback=0.001 (379s, 0.27s/ex)
[gen] 1500/3622  EM=0.019 hedge_acc=0.997 fallback=0.001 (407s, 0.27s/ex)
[gen] 1600/3622  EM=0.018 hedge_acc=0.998 fallback=0.001 (436s, 0.27s/ex)
[gen] 1700/3622  EM=0.018 hedge_acc=0.998 fallback=0.001 (460s, 0.27s/ex)
[gen] 1800/3622  EM=0.018 hedge_acc=0.998 fallback=0.001 (483s, 0.27s/ex)
[gen] 1900/3622  EM=0.019 hedge_acc=0.998 fallback=0.001 (507s, 0.27s/ex)
[gen] 2000/3622  EM=0.018 hedge_acc=0.998 fallback=0.001 (531s, 0.27s/ex)
[gen] 2100/3622  EM=0.018 hedge_acc=0.998 fallback=0.000 (555s, 0.26s/ex)
[gen] 2200/3622  EM=0.017 hedge_acc=0.998 fallback=0.000 (578s, 0.26s/ex)
[gen] 2300/3622  EM=0.016 hedge_acc=0.998 fallback=0.000 (601s, 0.26s/ex)
[gen] 2400/3622  EM=0.018 hedge_acc=0.998 fallback=0.000 (624s, 0.26s/ex)
[gen] 2500/3622  EM=0.023 hedge_acc=0.998 fallback=0.000 (646s, 0.26s/ex)
[gen] 2600/3622  EM=0.023 hedge_acc=0.998 fallback=0.000 (670s, 0.26s/ex)
[gen] 2700/3622  EM=0.023 hedge_acc=0.998 fallback=0.000 (693s, 0.26s/ex)
[gen] 2800/3622  EM=0.022 hedge_acc=0.998 fallback=0.000 (716s, 0.26s/ex)
[gen] 2900/3622  EM=0.022 hedge_acc=0.998 fallback=0.000 (739s, 0.25s/ex)
[gen] 3000/3622  EM=0.022 hedge_acc=0.998 fallback=0.000 (766s, 0.26s/ex)
[gen] 3100/3622  EM=0.021 hedge_acc=0.998 fallback=0.000 (794s, 0.26s/ex)
[gen] 3200/3622  EM=0.020 hedge_acc=0.998 fallback=0.000 (822s, 0.26s/ex)
[gen] 3300/3622  EM=0.021 hedge_acc=0.998 fallback=0.000 (844s, 0.26s/ex)
[gen] 3400/3622  EM=0.021 hedge_acc=0.998 fallback=0.000 (862s, 0.25s/ex)
[gen] 3500/3622  EM=0.021 hedge_acc=0.998 fallback=0.000 (885s, 0.25s/ex)
[gen] 3600/3622  EM=0.021 hedge_acc=0.998 fallback=0.000 (907s, 0.25s/ex)

[gen] wrote data/prep/predictions_7b/tsct_seed3_test.jsonl
[gen] n=3622  EM=0.0207  hedge_acc=0.9983  fallback_rate=0.0003  wall=912s
=== eval tsct seed 3 wall 917s
[mlx] loaded 8008 raw examples

[mlx] === condition: fixed ===
Fetching 9 files:   0%|          | 0/9 [00:00<?, ?it/s]Fetching 9 files: 100%|██████████| 9/9 [00:00<00:00, 39652.03it/s]
[mlx] hedge ids (no resize): [151665, 151666, 151667, 151668]
[mlx] adapted output projection: lm_head (untied)
Trainable parameters: 0.168% (12.780M/7615.617M)
[mlx] 8008 examples after tokenisation (max_len=128)
[mlx] hedge-head check: logit spread=0.000000 contrast_grad_norm=1959.318848
[mlx] fixed pre-train (n=8008) acc=0.4404 majority=0.4994 dist={'[CONFIDENT]': 1.0, '[COND_CONFIDENT]': 0.0, '[TEMPORAL_HEDGE]': 0.0, '[UNKNOWN]': 0.0}
[mlx] fixed step 0 ce=14.0863 total=14.0863 grad=1.5884405374526978 conf_frac=1.000 (1s)
[mlx] fixed step 10 ce=2.6110 total=2.6110 grad=15.706829071044922 conf_frac=1.000 (9s)
[mlx] fixed step 20 ce=2.1212 total=2.1212 grad=21.005842208862305 conf_frac=1.000 (17s)
[mlx] fixed step 30 ce=2.5645 total=2.5645 grad=46.290611267089844 conf_frac=0.000 (25s)
[mlx] fixed step 40 ce=2.9995 total=2.9995 grad=4.267246246337891 conf_frac=1.000 (33s)
[mlx] fixed step 50 ce=2.5785 total=2.5785 grad=7.760608196258545 conf_frac=0.000 (41s)
[mlx] fixed step 60 ce=2.0272 total=2.0272 grad=5.137520790100098 conf_frac=0.000 (50s)
[mlx] fixed step 70 ce=2.3801 total=2.3801 grad=8.28946590423584 conf_frac=1.000 (58s)
[mlx] fixed step 80 ce=1.4720 total=1.4720 grad=11.76101016998291 conf_frac=0.250 (66s)
[mlx] fixed step 90 ce=2.5661 total=2.5661 grad=2.147961378097534 conf_frac=0.500 (75s)
[mlx] fixed step 100 ce=2.3902 total=2.3902 grad=2.103506088256836 conf_frac=0.500 (82s)
[mlx] fixed step 110 ce=2.5768 total=2.5768 grad=18.334033966064453 conf_frac=0.250 (90s)
[mlx] fixed step 120 ce=2.0446 total=2.0446 grad=8.074421882629395 conf_frac=0.750 (99s)
[mlx] fixed step 130 ce=2.5886 total=2.5886 grad=3.7345950603485107 conf_frac=0.000 (108s)
[mlx] fixed step 140 ce=1.7585 total=1.7585 grad=5.792352676391602 conf_frac=0.500 (116s)
[mlx] fixed step 150 ce=2.5492 total=2.5492 grad=18.552841186523438 conf_frac=0.750 (124s)
[mlx] fixed step 160 ce=1.3895 total=1.3895 grad=7.1310319900512695 conf_frac=1.000 (133s)
[mlx] fixed step 170 ce=1.4761 total=1.4761 grad=0.6868703365325928 conf_frac=0.250 (141s)
[mlx] fixed step 180 ce=1.7319 total=1.7319 grad=0.6561087369918823 conf_frac=0.500 (150s)
[mlx] fixed step 190 ce=2.9862 total=2.9862 grad=3.3996472358703613 conf_frac=0.500 (159s)
[mlx] fixed step 200 ce=1.2282 total=1.2282 grad=24.065792083740234 conf_frac=0.500 (168s)
[mlx] fixed step 210 ce=1.0473 total=1.0473 grad=12.542529106140137 conf_frac=0.250 (176s)
[mlx] fixed step 220 ce=1.8174 total=1.8174 grad=3.3728396892547607 conf_frac=0.750 (185s)
[mlx] fixed step 230 ce=2.1869 total=2.1869 grad=0.6996142268180847 conf_frac=0.250 (193s)
[mlx] fixed step 240 ce=2.1223 total=2.1223 grad=6.5805535316467285 conf_frac=0.500 (202s)
[mlx] fixed step 250 ce=2.4312 total=2.4312 grad=4.146425724029541 conf_frac=0.500 (210s)
[mlx] fixed step 260 ce=2.2808 total=2.2808 grad=9.955184936523438 conf_frac=1.000 (219s)
[mlx] fixed step 270 ce=1.3898 total=1.3898 grad=7.433455944061279 conf_frac=0.750 (229s)
[mlx] fixed step 280 ce=1.9984 total=1.9984 grad=9.564912796020508 conf_frac=0.750 (238s)
[mlx] fixed step 290 ce=3.1142 total=3.1142 grad=15.12014102935791 conf_frac=1.000 (246s)
[mlx] fixed step 300 ce=3.2195 total=3.2195 grad=11.147977828979492 conf_frac=0.750 (254s)
[mlx] fixed step 310 ce=1.2227 total=1.2227 grad=1.118537187576294 conf_frac=0.500 (262s)
[mlx] fixed step 320 ce=1.2841 total=1.2841 grad=2.040842056274414 conf_frac=0.750 (269s)
[mlx] fixed step 330 ce=2.0838 total=2.0838 grad=3.221006155014038 conf_frac=0.250 (278s)
[mlx] fixed step 340 ce=2.0591 total=2.0591 grad=5.903647422790527 conf_frac=0.500 (286s)
[mlx] fixed step 350 ce=2.1056 total=2.1056 grad=0.3825836181640625 conf_frac=0.250 (294s)
[mlx] fixed step 360 ce=0.8602 total=0.8602 grad=7.9063401222229 conf_frac=0.500 (303s)
[mlx] fixed step 370 ce=1.6353 total=1.6353 grad=12.620365142822266 conf_frac=0.250 (311s)
[mlx] fixed step 380 ce=1.9294 total=1.9294 grad=12.36832332611084 conf_frac=0.250 (319s)
[mlx] fixed step 390 ce=1.7285 total=1.7285 grad=4.741451263427734 conf_frac=0.750 (327s)
[mlx] fixed step 400 ce=1.7172 total=1.7172 grad=0.2592405676841736 conf_frac=0.250 (336s)
[mlx] fixed step 410 ce=1.5820 total=1.5820 grad=10.731298446655273 conf_frac=0.750 (345s)
[mlx] fixed step 420 ce=1.5184 total=1.5184 grad=1.46927809715271 conf_frac=0.250 (354s)
[mlx] fixed step 430 ce=1.8423 total=1.8423 grad=4.455078125 conf_frac=0.750 (361s)
[mlx] fixed step 440 ce=2.3734 total=2.3734 grad=0.6916390657424927 conf_frac=0.750 (370s)
[mlx] fixed step 450 ce=1.7642 total=1.7642 grad=0.07367954403162003 conf_frac=0.500 (379s)
[mlx] fixed step 460 ce=1.8204 total=1.8204 grad=1.6469297409057617 conf_frac=0.250 (387s)
[mlx] fixed step 470 ce=1.2185 total=1.2185 grad=16.550479888916016 conf_frac=0.250 (396s)
[mlx] fixed step 480 ce=1.9343 total=1.9343 grad=1.6607064008712769 conf_frac=0.500 (405s)
[mlx] fixed step 490 ce=1.6533 total=1.6533 grad=3.8694498538970947 conf_frac=0.500 (413s)
[mlx] fixed step 500 ce=0.8737 total=0.8737 grad=0.07725273817777634 conf_frac=0.250 (423s)
[mlx] fixed step 510 ce=1.3510 total=1.3510 grad=5.436177730560303 conf_frac=0.750 (432s)
[mlx] fixed step 520 ce=1.9182 total=1.9182 grad=12.405173301696777 conf_frac=0.750 (440s)
[mlx] fixed step 530 ce=2.7424 total=2.7424 grad=0.5250665545463562 conf_frac=0.500 (449s)
[mlx] fixed step 540 ce=1.7616 total=1.7616 grad=0.6882583498954773 conf_frac=0.500 (458s)
[mlx] fixed step 550 ce=1.9597 total=1.9597 grad=5.4499711990356445 conf_frac=0.750 (466s)
[mlx] fixed step 560 ce=2.1699 total=2.1699 grad=6.026694297790527 conf_frac=0.500 (475s)
[mlx] fixed step 570 ce=2.0945 total=2.0945 grad=2.6013925075531006 conf_frac=0.750 (483s)
[mlx] fixed step 580 ce=1.8826 total=1.8826 grad=0.2880347967147827 conf_frac=0.500 (493s)
[mlx] fixed step 590 ce=2.3892 total=2.3892 grad=0.40538761019706726 conf_frac=1.000 (502s)
[mlx] fixed step 600 ce=1.9757 total=1.9757 grad=0.09093030542135239 conf_frac=0.250 (510s)
[mlx] fixed step 610 ce=1.1885 total=1.1885 grad=8.514812469482422 conf_frac=1.000 (518s)
[mlx] fixed step 620 ce=1.6286 total=1.6286 grad=0.9710624814033508 conf_frac=0.250 (525s)
[mlx] fixed step 630 ce=0.9159 total=0.9159 grad=1.3584091663360596 conf_frac=0.250 (532s)
[mlx] fixed step 640 ce=1.3442 total=1.3442 grad=0.00046233617467805743 conf_frac=0.000 (541s)
[mlx] fixed step 650 ce=1.5477 total=1.5477 grad=0.08939605951309204 conf_frac=0.250 (549s)
[mlx] fixed step 660 ce=2.1544 total=2.1544 grad=0.46450820565223694 conf_frac=0.750 (557s)
[mlx] fixed step 670 ce=2.0694 total=2.0694 grad=0.9832853674888611 conf_frac=0.500 (566s)
[mlx] fixed step 680 ce=1.8268 total=1.8268 grad=0.3246943950653076 conf_frac=0.000 (574s)
[mlx] fixed step 690 ce=1.0499 total=1.0499 grad=8.26784896850586 conf_frac=0.500 (583s)
[mlx] fixed step 700 ce=2.3333 total=2.3333 grad=0.00019037307356484234 conf_frac=0.000 (591s)
[mlx] fixed step 710 ce=1.9107 total=1.9107 grad=8.011787414550781 conf_frac=0.500 (599s)
[mlx] fixed step 720 ce=2.5259 total=2.5259 grad=4.310553073883057 conf_frac=0.250 (607s)
[mlx] fixed step 730 ce=2.2799 total=2.2799 grad=6.622684478759766 conf_frac=0.500 (615s)
[mlx] fixed step 740 ce=1.7283 total=1.7283 grad=0.19257590174674988 conf_frac=0.250 (622s)
[mlx] fixed step 750 ce=2.5451 total=2.5451 grad=2.3399195671081543 conf_frac=0.500 (630s)
[mlx] fixed step 760 ce=1.6065 total=1.6065 grad=11.814356803894043 conf_frac=0.500 (637s)
[mlx] fixed step 770 ce=1.7539 total=1.7539 grad=0.32683253288269043 conf_frac=0.500 (646s)
[mlx] fixed step 780 ce=2.0976 total=2.0976 grad=0.08878783136606216 conf_frac=0.500 (654s)
[mlx] fixed step 790 ce=1.1293 total=1.1293 grad=0.23402933776378632 conf_frac=0.250 (662s)
[mlx] fixed step 800 ce=1.1891 total=1.1891 grad=11.40963363647461 conf_frac=0.750 (670s)
[mlx] fixed step 810 ce=1.7535 total=1.7535 grad=21.768356323242188 conf_frac=0.250 (679s)
[mlx] fixed step 820 ce=2.0307 total=2.0307 grad=0.13610629737377167 conf_frac=0.500 (687s)
[mlx] fixed step 830 ce=2.1793 total=2.1793 grad=8.539591789245605 conf_frac=0.500 (695s)
[mlx] fixed step 840 ce=2.0088 total=2.0088 grad=6.0660200119018555 conf_frac=0.750 (704s)
[mlx] fixed step 850 ce=2.1999 total=2.1999 grad=5.806139945983887 conf_frac=0.750 (712s)
[mlx] fixed step 860 ce=3.0499 total=3.0499 grad=0.6227429509162903 conf_frac=0.250 (720s)
[mlx] fixed step 870 ce=2.2318 total=2.2318 grad=4.959701061248779 conf_frac=0.000 (730s)
[mlx] fixed step 880 ce=2.6146 total=2.6146 grad=20.485658645629883 conf_frac=0.500 (739s)
[mlx] fixed step 890 ce=1.3200 total=1.3200 grad=5.065157890319824 conf_frac=0.750 (746s)
[mlx] fixed step 900 ce=1.9904 total=1.9904 grad=12.844979286193848 conf_frac=0.000 (755s)
[mlx] fixed step 910 ce=2.0017 total=2.0017 grad=0.20811112225055695 conf_frac=0.500 (763s)
[mlx] fixed step 920 ce=1.7296 total=1.7296 grad=0.005014907103031874 conf_frac=0.000 (771s)
[mlx] fixed step 930 ce=2.1201 total=2.1201 grad=0.07089097052812576 conf_frac=0.250 (780s)
[mlx] fixed step 940 ce=2.2708 total=2.2708 grad=1.2741522789001465 conf_frac=0.500 (789s)
[mlx] fixed step 950 ce=2.4337 total=2.4337 grad=5.625033378601074 conf_frac=0.750 (796s)
[mlx] fixed step 960 ce=1.9229 total=1.9229 grad=12.173447608947754 conf_frac=0.500 (804s)
[mlx] fixed step 970 ce=2.2916 total=2.2916 grad=5.748676776885986 conf_frac=0.750 (813s)
[mlx] fixed step 980 ce=2.2034 total=2.2034 grad=10.952387809753418 conf_frac=0.000 (822s)
[mlx] fixed step 990 ce=1.9362 total=1.9362 grad=12.150373458862305 conf_frac=0.750 (830s)
[mlx] fixed step 1000 ce=1.6316 total=1.6316 grad=0.44069933891296387 conf_frac=0.500 (839s)
[mlx] fixed step 1010 ce=2.2687 total=2.2687 grad=0.00455641932785511 conf_frac=0.000 (848s)
[mlx] fixed step 1020 ce=1.2380 total=1.2380 grad=11.664198875427246 conf_frac=0.750 (856s)
[mlx] fixed step 1030 ce=2.1119 total=2.1119 grad=5.44148588180542 conf_frac=0.250 (863s)
[mlx] fixed step 1040 ce=1.1477 total=1.1477 grad=1.0152366161346436 conf_frac=1.000 (873s)
[mlx] fixed step 1050 ce=2.2414 total=2.2414 grad=11.490158081054688 conf_frac=0.500 (885s)
[mlx] fixed step 1060 ce=1.2231 total=1.2231 grad=6.988776206970215 conf_frac=0.750 (897s)
[mlx] fixed step 1070 ce=1.7119 total=1.7119 grad=1.1178956031799316 conf_frac=0.750 (910s)
[mlx] fixed step 1080 ce=1.7234 total=1.7234 grad=0.1899341344833374 conf_frac=0.250 (918s)
[mlx] fixed step 1090 ce=1.7046 total=1.7046 grad=0.09841030091047287 conf_frac=0.250 (926s)
[mlx] fixed step 1100 ce=2.4852 total=2.4852 grad=4.351595401763916 conf_frac=1.000 (935s)
[mlx] fixed step 1110 ce=2.2822 total=2.2822 grad=15.628691673278809 conf_frac=1.000 (943s)
[mlx] fixed step 1120 ce=2.6531 total=2.6531 grad=8.122798919677734 conf_frac=0.250 (952s)
[mlx] fixed step 1130 ce=1.6268 total=1.6268 grad=2.272824764251709 conf_frac=0.750 (960s)
[mlx] fixed step 1140 ce=1.6458 total=1.6458 grad=17.62803840637207 conf_frac=1.000 (968s)
[mlx] fixed step 1150 ce=2.3698 total=2.3698 grad=3.7530946731567383 conf_frac=0.500 (977s)
[mlx] fixed step 1160 ce=1.7911 total=1.7911 grad=0.7932739853858948 conf_frac=0.250 (985s)
[mlx] fixed step 1170 ce=1.8753 total=1.8753 grad=2.3787999153137207 conf_frac=0.500 (994s)
[mlx] fixed step 1180 ce=2.8876 total=2.8876 grad=0.5197851657867432 conf_frac=0.750 (1003s)
[mlx] fixed step 1190 ce=1.8678 total=1.8678 grad=3.3491268157958984 conf_frac=0.250 (1011s)
[mlx] fixed step 1200 ce=2.9283 total=2.9283 grad=2.7669880390167236 conf_frac=0.250 (1019s)
[mlx] fixed step 1210 ce=2.0749 total=2.0749 grad=3.0546722412109375 conf_frac=0.500 (1028s)
[mlx] fixed step 1220 ce=1.3704 total=1.3704 grad=8.333045959472656 conf_frac=0.750 (1037s)
[mlx] fixed step 1230 ce=2.0599 total=2.0599 grad=1.5074920654296875 conf_frac=0.500 (1045s)
[mlx] fixed step 1240 ce=1.5989 total=1.5989 grad=5.07200813293457 conf_frac=0.500 (1053s)
[mlx] fixed step 1250 ce=1.1266 total=1.1266 grad=1.2420446872711182 conf_frac=0.500 (1061s)
[mlx] fixed step 1260 ce=2.2486 total=2.2486 grad=0.005702158901840448 conf_frac=0.000 (1070s)
[mlx] fixed step 1270 ce=2.0970 total=2.0970 grad=0.942639172077179 conf_frac=0.750 (1078s)
[mlx] fixed step 1280 ce=2.6389 total=2.6389 grad=20.055021286010742 conf_frac=0.500 (1087s)
[mlx] fixed step 1290 ce=1.1315 total=1.1315 grad=3.340803861618042 conf_frac=0.750 (1095s)
[mlx] fixed step 1300 ce=1.7183 total=1.7183 grad=21.5224552154541 conf_frac=1.000 (1103s)
[mlx] fixed step 1310 ce=2.6504 total=2.6504 grad=6.912693977355957 conf_frac=0.500 (1111s)
[mlx] fixed step 1320 ce=1.5608 total=1.5608 grad=11.916853904724121 conf_frac=0.250 (1120s)
[mlx] fixed step 1330 ce=1.1575 total=1.1575 grad=0.8493219017982483 conf_frac=0.500 (1128s)
[mlx] fixed step 1340 ce=1.9042 total=1.9042 grad=1.4909945726394653 conf_frac=0.750 (1136s)
[mlx] fixed step 1350 ce=2.3471 total=2.3471 grad=0.10874425619840622 conf_frac=0.500 (1145s)
[mlx] fixed step 1360 ce=1.9212 total=1.9212 grad=0.34358683228492737 conf_frac=0.500 (1154s)
[mlx] fixed step 1370 ce=1.3692 total=1.3692 grad=5.72698974609375 conf_frac=0.750 (1162s)
[mlx] fixed step 1380 ce=1.1883 total=1.1883 grad=1.967559814453125 conf_frac=0.500 (1170s)
[mlx] fixed step 1390 ce=1.7273 total=1.7273 grad=0.616887092590332 conf_frac=0.500 (1179s)
[mlx] fixed step 1400 ce=1.5031 total=1.5031 grad=0.41323423385620117 conf_frac=0.500 (1188s)
[mlx] fixed step 1410 ce=1.5037 total=1.5037 grad=4.897383689880371 conf_frac=0.500 (1196s)
[mlx] fixed step 1420 ce=1.4037 total=1.4037 grad=1.1951278448104858 conf_frac=0.500 (1206s)
[mlx] fixed step 1430 ce=1.1766 total=1.1766 grad=9.807766914367676 conf_frac=0.750 (1215s)
[mlx] fixed step 1440 ce=2.3166 total=2.3166 grad=1.7101688385009766 conf_frac=0.500 (1223s)
[mlx] fixed step 1450 ce=2.2045 total=2.2045 grad=5.1946821212768555 conf_frac=0.750 (1231s)
[mlx] fixed step 1460 ce=1.4690 total=1.4690 grad=2.9144127368927 conf_frac=0.500 (1240s)
[mlx] fixed step 1470 ce=2.1657 total=2.1657 grad=0.4305129945278168 conf_frac=0.250 (1249s)
[mlx] fixed step 1480 ce=2.3365 total=2.3365 grad=0.7254583239555359 conf_frac=0.250 (1257s)
[mlx] fixed step 1490 ce=2.0505 total=2.0505 grad=0.5376357436180115 conf_frac=0.500 (1266s)
[mlx] fixed step 1500 ce=1.6162 total=1.6162 grad=0.10207003355026245 conf_frac=0.250 (1274s)
[mlx] fixed step 1510 ce=1.1610 total=1.1610 grad=1.5938966274261475 conf_frac=0.750 (1281s)
[mlx] fixed step 1520 ce=1.4973 total=1.4973 grad=4.483257293701172 conf_frac=0.250 (1289s)
[mlx] fixed step 1530 ce=1.9531 total=1.9531 grad=2.2993032932281494 conf_frac=0.000 (1298s)
[mlx] fixed step 1540 ce=1.1664 total=1.1664 grad=2.846015453338623 conf_frac=0.500 (1306s)
[mlx] fixed step 1550 ce=1.4127 total=1.4127 grad=0.09033116698265076 conf_frac=0.250 (1315s)
[mlx] fixed step 1560 ce=1.9500 total=1.9500 grad=1.0366946458816528 conf_frac=1.000 (1324s)
[mlx] fixed step 1570 ce=1.9138 total=1.9138 grad=6.01447057723999 conf_frac=0.500 (1332s)
[mlx] fixed step 1580 ce=1.1305 total=1.1305 grad=4.382970333099365 conf_frac=0.500 (1340s)
[mlx] fixed step 1590 ce=2.3570 total=2.3570 grad=1.186537265777588 conf_frac=0.250 (1350s)
[mlx] fixed step 1600 ce=1.7532 total=1.7532 grad=10.892977714538574 conf_frac=0.750 (1358s)
[mlx] fixed step 1610 ce=1.4037 total=1.4037 grad=1.8885400295257568 conf_frac=0.500 (1366s)
[mlx] fixed step 1620 ce=2.3310 total=2.3310 grad=0.15387843549251556 conf_frac=0.250 (1374s)
[mlx] fixed step 1630 ce=1.0454 total=1.0454 grad=1.9803414344787598 conf_frac=0.500 (1383s)
[mlx] fixed step 1640 ce=2.1868 total=2.1868 grad=4.840322017669678 conf_frac=0.250 (1392s)
[mlx] fixed step 1650 ce=1.9062 total=1.9062 grad=0.0 conf_frac=0.000 (1400s)
[mlx] fixed step 1660 ce=2.5110 total=2.5110 grad=10.355339050292969 conf_frac=0.000 (1408s)
[mlx] fixed step 1670 ce=1.8623 total=1.8623 grad=1.1979597806930542 conf_frac=0.500 (1416s)
[mlx] fixed step 1680 ce=1.4068 total=1.4068 grad=3.5324220657348633 conf_frac=0.750 (1425s)
[mlx] fixed step 1690 ce=1.8656 total=1.8656 grad=0.9311330318450928 conf_frac=0.250 (1433s)
[mlx] fixed step 1700 ce=2.6550 total=2.6550 grad=6.402593612670898 conf_frac=1.000 (1442s)
[mlx] fixed step 1710 ce=2.1896 total=2.1896 grad=1.6849201917648315 conf_frac=0.500 (1450s)
[mlx] fixed step 1720 ce=2.6686 total=2.6686 grad=5.617698669433594 conf_frac=0.500 (1459s)
[mlx] fixed step 1730 ce=1.5946 total=1.5946 grad=0.13010548055171967 conf_frac=0.250 (1466s)
[mlx] fixed step 1740 ce=0.7609 total=0.7609 grad=0.8154113292694092 conf_frac=0.500 (1475s)
[mlx] fixed step 1750 ce=1.8738 total=1.8738 grad=2.830855369567871 conf_frac=0.500 (1483s)
[mlx] fixed step 1760 ce=0.9917 total=0.9917 grad=4.903870105743408 conf_frac=0.750 (1491s)
[mlx] fixed step 1770 ce=2.4036 total=2.4036 grad=3.275402545928955 conf_frac=0.500 (1499s)
[mlx] fixed step 1780 ce=3.3249 total=3.3249 grad=2.978466749191284 conf_frac=0.500 (1508s)
[mlx] fixed step 1790 ce=2.0932 total=2.0932 grad=1.4299081563949585 conf_frac=0.500 (1516s)
[mlx] fixed step 1800 ce=1.6027 total=1.6027 grad=1.0538547039031982 conf_frac=0.500 (1524s)
[mlx] fixed step 1810 ce=0.9859 total=0.9859 grad=0.15850284695625305 conf_frac=0.750 (1533s)
[mlx] fixed step 1820 ce=1.6417 total=1.6417 grad=2.9981582164764404 conf_frac=0.750 (1541s)
[mlx] fixed step 1830 ce=1.7057 total=1.7057 grad=8.014951705932617 conf_frac=0.500 (1550s)
[mlx] fixed step 1840 ce=1.3038 total=1.3038 grad=2.5512590408325195 conf_frac=0.750 (1559s)
[mlx] fixed step 1850 ce=1.9417 total=1.9417 grad=0.8720902800559998 conf_frac=0.500 (1567s)
[mlx] fixed step 1860 ce=2.4511 total=2.4511 grad=5.986766338348389 conf_frac=0.750 (1575s)
[mlx] fixed step 1870 ce=1.7862 total=1.7862 grad=0.41638070344924927 conf_frac=0.500 (1583s)
[mlx] fixed step 1880 ce=1.7689 total=1.7689 grad=0.00018946286581922323 conf_frac=0.000 (1591s)
[mlx] fixed step 1890 ce=1.8516 total=1.8516 grad=11.860689163208008 conf_frac=0.500 (1599s)
[mlx] fixed step 1900 ce=1.5429 total=1.5429 grad=2.8170359134674072 conf_frac=0.500 (1608s)
[mlx] fixed step 1910 ce=1.4876 total=1.4876 grad=0.16809172928333282 conf_frac=0.500 (1616s)
[mlx] fixed step 1920 ce=2.4480 total=2.4480 grad=3.20420503616333 conf_frac=0.750 (1625s)
[mlx] fixed step 1930 ce=1.6747 total=1.6747 grad=0.06993602216243744 conf_frac=0.250 (1633s)
[mlx] fixed step 1940 ce=2.3335 total=2.3335 grad=0.0 conf_frac=0.000 (1642s)
[mlx] fixed step 1950 ce=2.3811 total=2.3811 grad=9.779200553894043 conf_frac=0.250 (1651s)
[mlx] fixed step 1960 ce=1.0116 total=1.0116 grad=8.893516540527344 conf_frac=0.500 (1660s)
[mlx] fixed step 1970 ce=1.7775 total=1.7775 grad=0.8527810573577881 conf_frac=0.750 (1668s)
[mlx] fixed step 1980 ce=1.6546 total=1.6546 grad=2.8065760135650635 conf_frac=0.500 (1677s)
[mlx] fixed step 1990 ce=1.4713 total=1.4713 grad=10.02889347076416 conf_frac=0.250 (1686s)
[mlx] fixed step 2000 ce=1.7124 total=1.7124 grad=0.4977637827396393 conf_frac=0.500 (1698s)
[mlx] fixed step 2010 ce=1.6790 total=1.6790 grad=3.184542655944824 conf_frac=0.500 (1706s)
[mlx] fixed step 2020 ce=1.1368 total=1.1368 grad=0.9983637928962708 conf_frac=0.500 (1714s)
[mlx] fixed step 2030 ce=0.5132 total=0.5132 grad=1.1579762697219849 conf_frac=0.500 (1722s)
[mlx] fixed step 2040 ce=0.6799 total=0.6799 grad=0.6789492964744568 conf_frac=0.500 (1731s)
[mlx] fixed step 2050 ce=0.7609 total=0.7609 grad=5.622679233551025 conf_frac=0.750 (1738s)
[mlx] fixed step 2060 ce=0.8361 total=0.8361 grad=2.4700112342834473 conf_frac=0.500 (1746s)
[mlx] fixed step 2070 ce=0.7836 total=0.7836 grad=0.47674360871315 conf_frac=0.250 (1755s)
[mlx] fixed step 2080 ce=1.2718 total=1.2718 grad=0.0009583602077327669 conf_frac=0.000 (1763s)
[mlx] fixed step 2090 ce=0.7439 total=0.7439 grad=0.09715144336223602 conf_frac=0.250 (1772s)
[mlx] fixed step 2100 ce=1.0066 total=1.0066 grad=0.18621858954429626 conf_frac=0.500 (1779s)
[mlx] fixed step 2110 ce=1.5224 total=1.5224 grad=0.3854152262210846 conf_frac=0.250 (1787s)
[mlx] fixed step 2120 ce=0.7987 total=0.7987 grad=8.414978981018066 conf_frac=0.750 (1794s)
[mlx] fixed step 2130 ce=0.7845 total=0.7845 grad=0.8603485822677612 conf_frac=0.500 (1803s)
[mlx] fixed step 2140 ce=1.7116 total=1.7116 grad=0.45375844836235046 conf_frac=0.750 (1810s)
[mlx] fixed step 2150 ce=0.6747 total=0.6747 grad=0.5054373741149902 conf_frac=0.750 (1819s)
[mlx] fixed step 2160 ce=0.9766 total=0.9766 grad=8.710426330566406 conf_frac=0.250 (1827s)
[mlx] fixed step 2170 ce=0.7317 total=0.7317 grad=12.294129371643066 conf_frac=0.500 (1836s)
[mlx] fixed step 2180 ce=0.8894 total=0.8894 grad=2.981930732727051 conf_frac=0.500 (1844s)
[mlx] fixed step 2190 ce=1.0840 total=1.0840 grad=1.1486177444458008 conf_frac=0.500 (1852s)
[mlx] fixed step 2200 ce=0.8333 total=0.8333 grad=6.4610819816589355 conf_frac=0.500 (1860s)
[mlx] fixed step 2210 ce=1.2063 total=1.2063 grad=5.352453231811523 conf_frac=0.750 (1868s)
[mlx] fixed step 2220 ce=1.6041 total=1.6041 grad=6.431793212890625 conf_frac=0.250 (1877s)
[mlx] fixed step 2230 ce=1.2648 total=1.2648 grad=0.9954057335853577 conf_frac=0.500 (1885s)
[mlx] fixed step 2240 ce=1.5300 total=1.5300 grad=3.2504711151123047 conf_frac=0.250 (1893s)
[mlx] fixed step 2250 ce=1.1015 total=1.1015 grad=0.0008906328002922237 conf_frac=0.000 (1902s)
[mlx] fixed step 2260 ce=1.0335 total=1.0335 grad=3.4040913581848145 conf_frac=0.750 (1910s)
[mlx] fixed step 2270 ce=1.2844 total=1.2844 grad=0.0 conf_frac=0.000 (1918s)
[mlx] fixed step 2280 ce=0.5895 total=0.5895 grad=3.5597615242004395 conf_frac=0.500 (1927s)
[mlx] fixed step 2290 ce=0.8983 total=0.8983 grad=1.0525109767913818 conf_frac=0.750 (1935s)
[mlx] fixed step 2300 ce=1.0349 total=1.0349 grad=1.46063232421875 conf_frac=0.750 (1942s)
[mlx] fixed step 2310 ce=0.7577 total=0.7577 grad=0.11077055335044861 conf_frac=1.000 (1951s)
[mlx] fixed step 2320 ce=0.5831 total=0.5831 grad=0.03495987877249718 conf_frac=0.750 (1958s)
[mlx] fixed step 2330 ce=0.9022 total=0.9022 grad=8.713461875915527 conf_frac=1.000 (1967s)
[mlx] fixed step 2340 ce=1.0307 total=1.0307 grad=1.0421762466430664 conf_frac=0.500 (1976s)
[mlx] fixed step 2350 ce=0.9535 total=0.9535 grad=3.2054455280303955 conf_frac=0.750 (1984s)
[mlx] fixed step 2360 ce=1.4645 total=1.4645 grad=4.881739139556885 conf_frac=0.750 (1993s)
[mlx] fixed step 2370 ce=0.7626 total=0.7626 grad=1.6883000135421753 conf_frac=1.000 (2001s)
[mlx] fixed step 2380 ce=0.8230 total=0.8230 grad=0.0 conf_frac=0.000 (2009s)
[mlx] fixed step 2390 ce=1.9773 total=1.9773 grad=0.3442619740962982 conf_frac=0.500 (2017s)
[mlx] fixed step 2400 ce=0.8647 total=0.8647 grad=0.0 conf_frac=0.000 (2026s)
[mlx] fixed step 2410 ce=0.5808 total=0.5808 grad=0.5252403020858765 conf_frac=0.750 (2034s)
[mlx] fixed step 2420 ce=0.9132 total=0.9132 grad=0.7981234192848206 conf_frac=0.500 (2045s)
[mlx] fixed step 2430 ce=0.9674 total=0.9674 grad=0.0006637635524384677 conf_frac=0.000 (2062s)
[mlx] fixed step 2440 ce=1.3459 total=1.3459 grad=0.0183828417211771 conf_frac=0.250 (2072s)
[mlx] fixed step 2450 ce=1.2321 total=1.2321 grad=0.12960895895957947 conf_frac=0.250 (2084s)
[mlx] fixed step 2460 ce=0.9814 total=0.9814 grad=6.31948184967041 conf_frac=0.500 (2092s)
[mlx] fixed step 2470 ce=1.1130 total=1.1130 grad=4.213228225708008 conf_frac=0.250 (2101s)
[mlx] fixed step 2480 ce=1.2965 total=1.2965 grad=2.7933638095855713 conf_frac=0.500 (2109s)
[mlx] fixed step 2490 ce=0.5456 total=0.5456 grad=4.842766284942627 conf_frac=0.500 (2117s)
[mlx] fixed step 2500 ce=1.1871 total=1.1871 grad=0.599005937576294 conf_frac=0.500 (2125s)
[mlx] fixed step 2510 ce=0.8013 total=0.8013 grad=4.853599548339844 conf_frac=0.750 (2133s)
[mlx] fixed step 2520 ce=1.7985 total=1.7985 grad=5.8625688552856445 conf_frac=0.500 (2141s)
[mlx] fixed step 2530 ce=1.0679 total=1.0679 grad=3.27502179145813 conf_frac=1.000 (2149s)
[mlx] fixed step 2540 ce=1.4553 total=1.4553 grad=4.367552280426025 conf_frac=0.500 (2158s)
[mlx] fixed step 2550 ce=0.7355 total=0.7355 grad=8.52376651763916 conf_frac=0.500 (2165s)
[mlx] fixed step 2560 ce=0.6206 total=0.6206 grad=2.8872857093811035 conf_frac=0.500 (2173s)
[mlx] fixed step 2570 ce=1.1278 total=1.1278 grad=3.493001699447632 conf_frac=0.500 (2181s)
[mlx] fixed step 2580 ce=0.3178 total=0.3178 grad=0.08094813674688339 conf_frac=0.500 (2190s)
[mlx] fixed step 2590 ce=1.1532 total=1.1532 grad=2.2905054092407227 conf_frac=0.250 (2198s)
[mlx] fixed step 2600 ce=1.1546 total=1.1546 grad=6.434757709503174 conf_frac=0.500 (2207s)
[mlx] fixed step 2610 ce=1.3878 total=1.3878 grad=3.8396356105804443 conf_frac=0.500 (2215s)
[mlx] fixed step 2620 ce=1.7330 total=1.7330 grad=4.181849956512451 conf_frac=0.750 (2223s)
[mlx] fixed step 2630 ce=0.7648 total=0.7648 grad=8.328412055969238 conf_frac=0.250 (2232s)
[mlx] fixed step 2640 ce=0.9307 total=0.9307 grad=0.12497345358133316 conf_frac=0.750 (2241s)
[mlx] fixed step 2650 ce=1.3383 total=1.3383 grad=8.60838508605957 conf_frac=0.250 (2248s)
[mlx] fixed step 2660 ce=0.6214 total=0.6214 grad=1.1443229913711548 conf_frac=0.500 (2256s)
[mlx] fixed step 2670 ce=1.2189 total=1.2189 grad=0.5246118903160095 conf_frac=0.250 (2264s)
[mlx] fixed step 2680 ce=1.1567 total=1.1567 grad=4.459318161010742 conf_frac=0.500 (2273s)
[mlx] fixed step 2690 ce=0.9429 total=0.9429 grad=7.585789680480957 conf_frac=0.500 (2282s)
[mlx] fixed step 2700 ce=0.8973 total=0.8973 grad=4.498901844024658 conf_frac=0.250 (2290s)
[mlx] fixed step 2710 ce=1.2322 total=1.2322 grad=0.544987142086029 conf_frac=0.750 (2299s)
[mlx] fixed step 2720 ce=0.8454 total=0.8454 grad=0.826082706451416 conf_frac=0.500 (2307s)
[mlx] fixed step 2730 ce=1.4748 total=1.4748 grad=17.136722564697266 conf_frac=0.750 (2315s)
[mlx] fixed step 2740 ce=1.3970 total=1.3970 grad=1.19362211227417 conf_frac=0.750 (2322s)
[mlx] fixed step 2750 ce=1.0094 total=1.0094 grad=11.968222618103027 conf_frac=0.500 (2331s)
[mlx] fixed step 2760 ce=0.2843 total=0.2843 grad=2.5945255756378174 conf_frac=0.250 (2339s)
[mlx] fixed step 2770 ce=1.5246 total=1.5246 grad=4.027332305908203 conf_frac=0.250 (2347s)
[mlx] fixed step 2780 ce=1.1256 total=1.1256 grad=0.3897739350795746 conf_frac=0.250 (2355s)
[mlx] fixed step 2790 ce=1.1173 total=1.1173 grad=0.008781595155596733 conf_frac=0.000 (2364s)
[mlx] fixed step 2800 ce=1.0656 total=1.0656 grad=2.198500394821167 conf_frac=0.500 (2373s)
[mlx] fixed step 2810 ce=1.2349 total=1.2349 grad=11.495655059814453 conf_frac=0.750 (2381s)
[mlx] fixed step 2820 ce=2.0043 total=2.0043 grad=1.421178936958313 conf_frac=0.500 (2390s)
[mlx] fixed step 2830 ce=1.0593 total=1.0593 grad=3.2220256328582764 conf_frac=0.750 (2398s)
[mlx] fixed step 2840 ce=1.3485 total=1.3485 grad=0.705410897731781 conf_frac=0.250 (2406s)
[mlx] fixed step 2850 ce=0.8499 total=0.8499 grad=2.07346510887146 conf_frac=0.750 (2415s)
[mlx] fixed step 2860 ce=1.0550 total=1.0550 grad=3.2030577659606934 conf_frac=0.000 (2423s)
[mlx] fixed step 2870 ce=0.8289 total=0.8289 grad=4.67039155960083 conf_frac=0.250 (2431s)
[mlx] fixed step 2880 ce=0.8655 total=0.8655 grad=0.027228763327002525 conf_frac=0.250 (2440s)
[mlx] fixed step 2890 ce=1.7487 total=1.7487 grad=2.0088162422180176 conf_frac=0.250 (2449s)
[mlx] fixed step 2900 ce=1.3888 total=1.3888 grad=0.00023936122306622565 conf_frac=0.000 (2458s)
[mlx] fixed step 2910 ce=0.7498 total=0.7498 grad=0.09134095907211304 conf_frac=0.500 (2466s)
[mlx] fixed step 2920 ce=0.5408 total=0.5408 grad=7.385281562805176 conf_frac=0.750 (2475s)
[mlx] fixed step 2930 ce=0.7416 total=0.7416 grad=8.296793937683105 conf_frac=0.250 (2484s)
[mlx] fixed step 2940 ce=0.9439 total=0.9439 grad=0.8028890490531921 conf_frac=0.750 (2493s)
[mlx] fixed step 2950 ce=0.9057 total=0.9057 grad=3.289799690246582 conf_frac=0.250 (2502s)
[mlx] fixed step 2960 ce=0.9118 total=0.9118 grad=0.27647268772125244 conf_frac=0.500 (2510s)
[mlx] fixed step 2970 ce=1.1122 total=1.1122 grad=0.3177850842475891 conf_frac=0.250 (2517s)
[mlx] fixed step 2980 ce=2.1355 total=2.1355 grad=8.671663284301758 conf_frac=0.250 (2525s)
[mlx] fixed step 2990 ce=0.8513 total=0.8513 grad=7.315518856048584 conf_frac=0.500 (2533s)
[mlx] fixed step 3000 ce=0.2999 total=0.2999 grad=2.0001771450042725 conf_frac=1.000 (2542s)
[mlx] fixed step 3010 ce=0.9972 total=0.9972 grad=0.0 conf_frac=0.000 (2550s)
[mlx] fixed step 3020 ce=1.6568 total=1.6568 grad=0.041139062494039536 conf_frac=1.000 (2559s)
[mlx] fixed step 3030 ce=1.1741 total=1.1741 grad=0.40009626746177673 conf_frac=0.750 (2568s)
[mlx] fixed step 3040 ce=1.2285 total=1.2285 grad=0.34881412982940674 conf_frac=0.500 (2576s)
[mlx] fixed step 3050 ce=1.2926 total=1.2926 grad=4.587196350097656 conf_frac=0.500 (2585s)
[mlx] fixed step 3060 ce=0.3605 total=0.3605 grad=10.12003231048584 conf_frac=0.500 (2592s)
[mlx] fixed step 3070 ce=0.7860 total=0.7860 grad=3.9747731685638428 conf_frac=0.500 (2601s)
[mlx] fixed step 3080 ce=0.7456 total=0.7456 grad=0.29050254821777344 conf_frac=0.250 (2609s)
[mlx] fixed step 3090 ce=1.4078 total=1.4078 grad=3.2421414852142334 conf_frac=0.500 (2617s)
[mlx] fixed step 3100 ce=1.0370 total=1.0370 grad=2.9297754764556885 conf_frac=0.500 (2625s)
[mlx] fixed step 3110 ce=0.7166 total=0.7166 grad=2.879352331161499 conf_frac=0.500 (2634s)
[mlx] fixed step 3120 ce=1.1267 total=1.1267 grad=13.433222770690918 conf_frac=0.750 (2643s)
[mlx] fixed step 3130 ce=1.7259 total=1.7259 grad=0.666318953037262 conf_frac=0.250 (2651s)
[mlx] fixed step 3140 ce=1.1758 total=1.1758 grad=1.6898635625839233 conf_frac=0.500 (2659s)
[mlx] fixed step 3150 ce=0.7798 total=0.7798 grad=6.855291366577148 conf_frac=0.000 (2668s)
[mlx] fixed step 3160 ce=1.5031 total=1.5031 grad=0.07543162256479263 conf_frac=0.250 (2675s)
[mlx] fixed step 3170 ce=0.8830 total=0.8830 grad=1.3219717741012573 conf_frac=0.500 (2684s)
[mlx] fixed step 3180 ce=0.9196 total=0.9196 grad=5.079374313354492 conf_frac=0.750 (2693s)
[mlx] fixed step 3190 ce=1.3751 total=1.3751 grad=7.6473283767700195 conf_frac=0.750 (2701s)
[mlx] fixed step 3200 ce=0.8738 total=0.8738 grad=3.5783848762512207 conf_frac=0.500 (2709s)
[mlx] fixed step 3210 ce=0.7072 total=0.7072 grad=0.0 conf_frac=0.000 (2717s)
[mlx] fixed step 3220 ce=1.2105 total=1.2105 grad=1.9601205587387085 conf_frac=0.500 (2726s)
[mlx] fixed step 3230 ce=1.1000 total=1.1000 grad=4.188014030456543 conf_frac=0.750 (2734s)
[mlx] fixed step 3240 ce=0.9217 total=0.9217 grad=7.024933815002441 conf_frac=0.500 (2742s)
[mlx] fixed step 3250 ce=1.3847 total=1.3847 grad=1.2982888221740723 conf_frac=0.250 (2750s)
[mlx] fixed step 3260 ce=1.2990 total=1.2990 grad=2.074521780014038 conf_frac=0.250 (2758s)
[mlx] fixed step 3270 ce=0.7145 total=0.7145 grad=7.65114688873291 conf_frac=0.500 (2766s)
[mlx] fixed step 3280 ce=1.0858 total=1.0858 grad=8.779181480407715 conf_frac=0.500 (2775s)
[mlx] fixed step 3290 ce=1.2179 total=1.2179 grad=16.213281631469727 conf_frac=0.250 (2784s)
[mlx] fixed step 3300 ce=1.1051 total=1.1051 grad=6.9110541343688965 conf_frac=0.250 (2792s)
[mlx] fixed step 3310 ce=1.2565 total=1.2565 grad=0.04219457879662514 conf_frac=0.500 (2800s)
[mlx] fixed step 3320 ce=0.8425 total=0.8425 grad=3.5153374671936035 conf_frac=0.500 (2809s)
[mlx] fixed step 3330 ce=0.9368 total=0.9368 grad=0.0001604967110324651 conf_frac=0.000 (2817s)
[mlx] fixed step 3340 ce=1.7063 total=1.7063 grad=1.229119062423706 conf_frac=0.750 (2826s)
[mlx] fixed step 3350 ce=0.7913 total=0.7913 grad=0.6345725655555725 conf_frac=0.250 (2834s)
[mlx] fixed step 3360 ce=0.6880 total=0.6880 grad=0.7397174835205078 conf_frac=0.500 (2842s)
[mlx] fixed step 3370 ce=1.1590 total=1.1590 grad=0.10327998548746109 conf_frac=0.500 (2851s)
[mlx] fixed step 3380 ce=0.5149 total=0.5149 grad=0.3585728406906128 conf_frac=0.750 (2860s)
[mlx] fixed step 3390 ce=1.5731 total=1.5731 grad=5.075014114379883 conf_frac=0.500 (2868s)
[mlx] fixed step 3400 ce=1.3504 total=1.3504 grad=7.864380836486816 conf_frac=1.000 (2876s)
[mlx] fixed step 3410 ce=1.4399 total=1.4399 grad=0.19520963728427887 conf_frac=0.750 (2884s)
[mlx] fixed step 3420 ce=2.1272 total=2.1272 grad=0.0 conf_frac=0.000 (2893s)
[mlx] fixed step 3430 ce=1.1900 total=1.1900 grad=0.34809166193008423 conf_frac=0.250 (2902s)
[mlx] fixed step 3440 ce=1.4401 total=1.4401 grad=7.587912082672119 conf_frac=0.500 (2910s)
[mlx] fixed step 3450 ce=0.8236 total=0.8236 grad=1.1321609020233154 conf_frac=0.750 (2919s)
[mlx] fixed step 3460 ce=1.0293 total=1.0293 grad=7.787726879119873 conf_frac=0.500 (2927s)
[mlx] fixed step 3470 ce=1.5644 total=1.5644 grad=8.006640434265137 conf_frac=0.000 (2935s)
[mlx] fixed step 3480 ce=1.3392 total=1.3392 grad=6.438371658325195 conf_frac=0.750 (2943s)
[mlx] fixed step 3490 ce=1.1452 total=1.1452 grad=0.378864049911499 conf_frac=0.250 (2951s)
[mlx] fixed step 3500 ce=0.5826 total=0.5826 grad=0.3437771499156952 conf_frac=0.250 (2960s)
[mlx] fixed step 3510 ce=0.7456 total=0.7456 grad=1.133602261543274 conf_frac=0.500 (2967s)
[mlx] fixed step 3520 ce=0.4057 total=0.4057 grad=3.51638126373291 conf_frac=0.500 (2976s)
[mlx] fixed step 3530 ce=1.3350 total=1.3350 grad=0.10324361175298691 conf_frac=0.250 (2983s)
[mlx] fixed step 3540 ce=0.8426 total=0.8426 grad=5.197324275970459 conf_frac=0.500 (2991s)
[mlx] fixed step 3550 ce=1.5715 total=1.5715 grad=0.3058503568172455 conf_frac=0.500 (2999s)
[mlx] fixed step 3560 ce=2.0841 total=2.0841 grad=2.8845787048339844 conf_frac=0.500 (3008s)
[mlx] fixed step 3570 ce=0.8928 total=0.8928 grad=8.27508544921875 conf_frac=0.250 (3015s)
[mlx] fixed step 3580 ce=0.9819 total=0.9819 grad=7.113760948181152 conf_frac=0.500 (3024s)
[mlx] fixed step 3590 ce=1.0769 total=1.0769 grad=4.967870235443115 conf_frac=0.250 (3032s)
[mlx] fixed step 3600 ce=0.7354 total=0.7354 grad=1.1522588729858398 conf_frac=0.250 (3041s)
[mlx] fixed step 3610 ce=1.2247 total=1.2247 grad=4.5715651512146 conf_frac=0.750 (3049s)
[mlx] fixed step 3620 ce=1.7839 total=1.7839 grad=3.4262096881866455 conf_frac=1.000 (3059s)
[mlx] fixed step 3630 ce=0.4963 total=0.4963 grad=3.1397175788879395 conf_frac=0.750 (3068s)
[mlx] fixed step 3640 ce=2.1690 total=2.1690 grad=0.9044042229652405 conf_frac=0.250 (3076s)
[mlx] fixed step 3650 ce=1.4994 total=1.4994 grad=0.15069177746772766 conf_frac=0.250 (3084s)
[mlx] fixed step 3660 ce=1.4608 total=1.4608 grad=0.06389900296926498 conf_frac=0.250 (3092s)
[mlx] fixed step 3670 ce=2.0417 total=2.0417 grad=3.317927598953247 conf_frac=0.250 (3101s)
[mlx] fixed step 3680 ce=1.1587 total=1.1587 grad=12.627821922302246 conf_frac=0.250 (3109s)
[mlx] fixed step 3690 ce=1.6940 total=1.6940 grad=1.7680567502975464 conf_frac=0.750 (3118s)
[mlx] fixed step 3700 ce=1.4782 total=1.4782 grad=5.798144340515137 conf_frac=0.250 (3130s)
[mlx] fixed step 3710 ce=1.3960 total=1.3960 grad=1.6054426431655884 conf_frac=0.250 (3139s)
[mlx] fixed step 3720 ce=1.8443 total=1.8443 grad=0.25482288002967834 conf_frac=0.250 (3149s)
[mlx] fixed step 3730 ce=1.2483 total=1.2483 grad=0.9384883046150208 conf_frac=0.500 (3158s)
[mlx] fixed step 3740 ce=0.9780 total=0.9780 grad=3.247282028198242 conf_frac=0.250 (3166s)
[mlx] fixed step 3750 ce=1.3271 total=1.3271 grad=7.576095104217529 conf_frac=0.500 (3175s)
[mlx] fixed step 3760 ce=1.5089 total=1.5089 grad=3.9566357135772705 conf_frac=0.500 (3183s)
[mlx] fixed step 3770 ce=1.2638 total=1.2638 grad=1.3359944820404053 conf_frac=0.500 (3192s)
[mlx] fixed step 3780 ce=1.1280 total=1.1280 grad=1.7815518379211426 conf_frac=0.750 (3200s)
[mlx] fixed step 3790 ce=1.1790 total=1.1790 grad=8.409137725830078 conf_frac=0.500 (3208s)
[mlx] fixed step 3800 ce=1.2288 total=1.2288 grad=1.8506189584732056 conf_frac=0.500 (3217s)
[mlx] fixed step 3810 ce=0.4415 total=0.4415 grad=3.5823256969451904 conf_frac=1.000 (3225s)
[mlx] fixed step 3820 ce=1.3366 total=1.3366 grad=1.4113606214523315 conf_frac=0.250 (3232s)
[mlx] fixed step 3830 ce=0.8706 total=0.8706 grad=1.9819927215576172 conf_frac=0.500 (3241s)
[mlx] fixed step 3840 ce=0.3381 total=0.3381 grad=3.809380054473877 conf_frac=0.750 (3249s)
[mlx] fixed step 3850 ce=0.8238 total=0.8238 grad=1.03334641456604 conf_frac=0.500 (3258s)
[mlx] fixed step 3860 ce=2.0620 total=2.0620 grad=0.2854675352573395 conf_frac=0.750 (3266s)
[mlx] fixed step 3870 ce=1.2949 total=1.2949 grad=0.04060223698616028 conf_frac=0.250 (3275s)
[mlx] fixed step 3880 ce=0.9702 total=0.9702 grad=5.039275646209717 conf_frac=0.750 (3284s)
[mlx] fixed step 3890 ce=1.0577 total=1.0577 grad=7.347615718841553 conf_frac=0.750 (3293s)
[mlx] fixed step 3900 ce=1.0540 total=1.0540 grad=0.47003859281539917 conf_frac=0.250 (3301s)
[mlx] fixed step 3910 ce=1.0053 total=1.0053 grad=2.898108720779419 conf_frac=0.250 (3309s)
[mlx] fixed step 3920 ce=0.6944 total=0.6944 grad=2.5631017684936523 conf_frac=0.750 (3318s)
[mlx] fixed step 3930 ce=1.5692 total=1.5692 grad=7.9981160163879395 conf_frac=0.250 (3325s)
[mlx] fixed step 3940 ce=0.5082 total=0.5082 grad=6.34205961227417 conf_frac=0.750 (3334s)
[mlx] fixed step 3950 ce=1.0088 total=1.0088 grad=1.4257404804229736 conf_frac=0.750 (3342s)
[mlx] fixed step 3960 ce=1.1729 total=1.1729 grad=1.8578991889953613 conf_frac=0.500 (3350s)
[mlx] fixed step 3970 ce=1.4276 total=1.4276 grad=0.3556343615055084 conf_frac=0.250 (3359s)
[mlx] fixed step 3980 ce=1.4730 total=1.4730 grad=1.2866477966308594 conf_frac=0.500 (3366s)
[mlx] fixed step 3990 ce=1.4555 total=1.4555 grad=1.812950611114502 conf_frac=0.500 (3375s)
[mlx] fixed step 4000 ce=0.6560 total=0.6560 grad=0.0 conf_frac=0.000 (3383s)
[mlx] fixed step 4010 ce=1.0784 total=1.0784 grad=1.512677788734436 conf_frac=0.500 (3392s)
[mlx] fixed step 4020 ce=1.2953 total=1.2953 grad=0.23270010948181152 conf_frac=0.250 (3399s)
[mlx] fixed step 4030 ce=0.3565 total=0.3565 grad=2.1362686157226562 conf_frac=0.750 (3407s)
[mlx] fixed step 4040 ce=0.5266 total=0.5266 grad=0.21579939126968384 conf_frac=0.500 (3415s)
[mlx] fixed step 4050 ce=0.2655 total=0.2655 grad=0.5285508632659912 conf_frac=0.750 (3422s)
[mlx] fixed step 4060 ce=0.4713 total=0.4713 grad=0.15808238089084625 conf_frac=0.500 (3431s)
[mlx] fixed step 4070 ce=0.9605 total=0.9605 grad=2.404811382293701 conf_frac=0.500 (3439s)
[mlx] fixed step 4080 ce=0.2683 total=0.2683 grad=0.18552975356578827 conf_frac=0.250 (3447s)
[mlx] fixed step 4090 ce=0.6668 total=0.6668 grad=13.099205017089844 conf_frac=1.000 (3456s)
[mlx] fixed step 4100 ce=0.5737 total=0.5737 grad=4.593112468719482 conf_frac=0.500 (3464s)
[mlx] fixed step 4110 ce=1.3806 total=1.3806 grad=2.5924534797668457 conf_frac=0.250 (3473s)
[mlx] fixed step 4120 ce=0.5523 total=0.5523 grad=7.053419589996338 conf_frac=1.000 (3482s)
[mlx] fixed step 4130 ce=1.1993 total=1.1993 grad=5.487602233886719 conf_frac=0.500 (3491s)
[mlx] fixed step 4140 ce=0.5954 total=0.5954 grad=0.12498936802148819 conf_frac=0.500 (3499s)
[mlx] fixed step 4150 ce=0.6000 total=0.6000 grad=0.48072731494903564 conf_frac=0.500 (3508s)
[mlx] fixed step 4160 ce=0.8241 total=0.8241 grad=4.871129989624023 conf_frac=0.500 (3517s)
[mlx] fixed step 4170 ce=0.6192 total=0.6192 grad=0.6509038209915161 conf_frac=0.750 (3525s)
[mlx] fixed step 4180 ce=0.7547 total=0.7547 grad=0.4736807346343994 conf_frac=0.250 (3534s)
[mlx] fixed step 4190 ce=0.7870 total=0.7870 grad=11.510844230651855 conf_frac=0.500 (3541s)
[mlx] fixed step 4200 ce=1.0324 total=1.0324 grad=3.619919776916504 conf_frac=0.750 (3549s)
[mlx] fixed step 4210 ce=0.6457 total=0.6457 grad=0.30166351795196533 conf_frac=0.500 (3556s)
[mlx] fixed step 4220 ce=0.6720 total=0.6720 grad=7.619251728057861 conf_frac=0.500 (3563s)
[mlx] fixed step 4230 ce=0.4811 total=0.4811 grad=11.543375015258789 conf_frac=0.500 (3571s)
[mlx] fixed step 4240 ce=0.5244 total=0.5244 grad=7.789120674133301 conf_frac=0.500 (3579s)
[mlx] fixed step 4250 ce=1.1699 total=1.1699 grad=0.013420798815786839 conf_frac=0.250 (3587s)
[mlx] fixed step 4260 ce=0.7519 total=0.7519 grad=2.883784055709839 conf_frac=0.750 (3594s)
[mlx] fixed step 4270 ce=0.4499 total=0.4499 grad=1.4495513439178467 conf_frac=0.500 (3601s)
[mlx] fixed step 4280 ce=0.7379 total=0.7379 grad=0.28794851899147034 conf_frac=0.250 (3608s)
[mlx] fixed step 4290 ce=0.8254 total=0.8254 grad=6.921633243560791 conf_frac=0.750 (3616s)
[mlx] fixed step 4300 ce=0.6271 total=0.6271 grad=0.30897560715675354 conf_frac=1.000 (3625s)
[mlx] fixed step 4310 ce=0.8257 total=0.8257 grad=0.41271138191223145 conf_frac=0.750 (3632s)
[mlx] fixed step 4320 ce=1.1919 total=1.1919 grad=0.10998885333538055 conf_frac=0.250 (3639s)
[mlx] fixed step 4330 ce=0.7904 total=0.7904 grad=0.39258289337158203 conf_frac=0.500 (3647s)
[mlx] fixed step 4340 ce=0.7677 total=0.7677 grad=0.6060389876365662 conf_frac=0.500 (3655s)
[mlx] fixed step 4350 ce=0.3849 total=0.3849 grad=0.09520458430051804 conf_frac=0.500 (3664s)
[mlx] fixed step 4360 ce=1.3467 total=1.3467 grad=6.729326248168945 conf_frac=0.500 (3672s)
[mlx] fixed step 4370 ce=0.8855 total=0.8855 grad=0.09860850125551224 conf_frac=0.250 (3681s)
[mlx] fixed step 4380 ce=0.5249 total=0.5249 grad=0.9870660901069641 conf_frac=1.000 (3689s)
[mlx] fixed step 4390 ce=1.2613 total=1.2613 grad=2.930398464202881 conf_frac=0.500 (3697s)
[mlx] fixed step 4400 ce=0.5797 total=0.5797 grad=4.356760501861572 conf_frac=0.500 (3705s)
[mlx] fixed step 4410 ce=1.0481 total=1.0481 grad=6.160623550415039 conf_frac=0.250 (3713s)
[mlx] fixed step 4420 ce=0.1151 total=0.1151 grad=1.7101960182189941 conf_frac=0.500 (3721s)
[mlx] fixed step 4430 ce=1.0167 total=1.0167 grad=2.961946487426758 conf_frac=0.500 (3728s)
[mlx] fixed step 4440 ce=1.1055 total=1.1055 grad=0.032039739191532135 conf_frac=0.250 (3736s)
[mlx] fixed step 4450 ce=0.2544 total=0.2544 grad=1.6523685455322266 conf_frac=0.500 (3744s)
[mlx] fixed step 4460 ce=0.2654 total=0.2654 grad=2.8803653717041016 conf_frac=0.500 (3752s)
[mlx] fixed step 4470 ce=0.1803 total=0.1803 grad=0.6355730295181274 conf_frac=1.000 (3761s)
[mlx] fixed step 4480 ce=0.8011 total=0.8011 grad=0.047295309603214264 conf_frac=0.250 (3769s)
[mlx] fixed step 4490 ce=0.7683 total=0.7683 grad=0.13316912949085236 conf_frac=0.500 (3777s)
[mlx] fixed step 4500 ce=0.6939 total=0.6939 grad=5.699312686920166 conf_frac=0.750 (3785s)
[mlx] fixed step 4510 ce=0.4604 total=0.4604 grad=7.637099742889404 conf_frac=0.750 (3794s)
[mlx] fixed step 4520 ce=0.7841 total=0.7841 grad=1.9656715393066406 conf_frac=0.500 (3801s)
[mlx] fixed step 4530 ce=0.4828 total=0.4828 grad=4.011940956115723 conf_frac=0.500 (3809s)
[mlx] fixed step 4540 ce=0.7072 total=0.7072 grad=5.381991386413574 conf_frac=0.750 (3817s)
[mlx] fixed step 4550 ce=1.1688 total=1.1688 grad=0.0 conf_frac=0.000 (3825s)
[mlx] fixed step 4560 ce=0.5707 total=0.5707 grad=0.0068932524882256985 conf_frac=0.250 (3833s)
[mlx] fixed step 4570 ce=0.7057 total=0.7057 grad=0.0 conf_frac=0.000 (3841s)
[mlx] fixed step 4580 ce=0.3123 total=0.3123 grad=0.1286582052707672 conf_frac=0.750 (3850s)
[mlx] fixed step 4590 ce=0.9445 total=0.9445 grad=4.176636219024658 conf_frac=0.500 (3858s)
[mlx] fixed step 4600 ce=0.9278 total=0.9278 grad=10.569258689880371 conf_frac=0.750 (3866s)
[mlx] fixed step 4610 ce=1.2299 total=1.2299 grad=0.0 conf_frac=0.000 (3874s)
[mlx] fixed step 4620 ce=0.6218 total=0.6218 grad=9.260476112365723 conf_frac=0.250 (3883s)
[mlx] fixed step 4630 ce=0.6176 total=0.6176 grad=0.0003059614391531795 conf_frac=0.000 (3890s)
[mlx] fixed step 4640 ce=0.9381 total=0.9381 grad=0.4033859372138977 conf_frac=0.500 (3899s)
[mlx] fixed step 4650 ce=0.9119 total=0.9119 grad=0.33243685960769653 conf_frac=0.500 (3908s)
[mlx] fixed step 4660 ce=0.8153 total=0.8153 grad=1.850604772567749 conf_frac=0.250 (3916s)
[mlx] fixed step 4670 ce=1.4584 total=1.4584 grad=7.005147933959961 conf_frac=0.500 (3924s)
[mlx] fixed step 4680 ce=0.6168 total=0.6168 grad=2.9173059463500977 conf_frac=1.000 (3933s)
[mlx] fixed step 4690 ce=0.8481 total=0.8481 grad=0.21374452114105225 conf_frac=0.250 (3941s)
[mlx] fixed step 4700 ce=0.6962 total=0.6962 grad=9.687211990356445 conf_frac=0.500 (3949s)
[mlx] fixed step 4710 ce=0.3841 total=0.3841 grad=5.1815619468688965 conf_frac=0.250 (3958s)
[mlx] fixed step 4720 ce=0.5541 total=0.5541 grad=7.303234100341797 conf_frac=1.000 (3965s)
[mlx] fixed step 4730 ce=0.7327 total=0.7327 grad=4.912470817565918 conf_frac=0.500 (3974s)
[mlx] fixed step 4740 ce=0.4841 total=0.4841 grad=5.091103553771973 conf_frac=0.500 (3983s)
[mlx] fixed step 4750 ce=0.9797 total=0.9797 grad=3.4036953449249268 conf_frac=0.750 (3991s)
[mlx] fixed step 4760 ce=0.8996 total=0.8996 grad=2.3845067024230957 conf_frac=1.000 (4000s)
[mlx] fixed step 4770 ce=1.0439 total=1.0439 grad=0.13683992624282837 conf_frac=0.500 (4008s)
[mlx] fixed step 4780 ce=1.0878 total=1.0878 grad=0.13697077333927155 conf_frac=0.500 (4017s)
[mlx] fixed step 4790 ce=0.6113 total=0.6113 grad=2.5122523307800293 conf_frac=0.750 (4026s)
[mlx] fixed step 4800 ce=0.3018 total=0.3018 grad=0.01621835120022297 conf_frac=0.250 (4034s)
[mlx] fixed step 4810 ce=0.8229 total=0.8229 grad=0.20101745426654816 conf_frac=0.750 (4043s)
[mlx] fixed step 4820 ce=0.9159 total=0.9159 grad=7.194240093231201 conf_frac=1.000 (4051s)
[mlx] fixed step 4830 ce=0.6612 total=0.6612 grad=0.0 conf_frac=0.000 (4059s)
[mlx] fixed step 4840 ce=0.2700 total=0.2700 grad=4.572768688201904 conf_frac=0.500 (4067s)
[mlx] fixed step 4850 ce=0.9814 total=0.9814 grad=0.504552960395813 conf_frac=0.500 (4075s)
[mlx] fixed step 4860 ce=0.7722 total=0.7722 grad=0.00536008644849062 conf_frac=0.250 (4083s)
[mlx] fixed step 4870 ce=1.0703 total=1.0703 grad=7.5330810546875 conf_frac=0.500 (4091s)
[mlx] fixed step 4880 ce=0.2892 total=0.2892 grad=6.861633777618408 conf_frac=0.250 (4098s)
[mlx] fixed step 4890 ce=0.6441 total=0.6441 grad=0.9791556596755981 conf_frac=0.500 (4107s)
[mlx] fixed step 4900 ce=1.0291 total=1.0291 grad=7.5798516273498535 conf_frac=0.250 (4114s)
[mlx] fixed step 4910 ce=0.7790 total=0.7790 grad=0.8338653445243835 conf_frac=0.500 (4123s)
[mlx] fixed step 4920 ce=0.8858 total=0.8858 grad=6.888862609863281 conf_frac=0.500 (4131s)
[mlx] fixed step 4930 ce=0.6824 total=0.6824 grad=0.3564290404319763 conf_frac=0.750 (4139s)
[mlx] fixed step 4940 ce=0.8777 total=0.8777 grad=1.5489455461502075 conf_frac=0.250 (4148s)
[mlx] fixed step 4950 ce=0.4264 total=0.4264 grad=3.972036600112915 conf_frac=0.500 (4156s)
[mlx] fixed step 4960 ce=1.5785 total=1.5785 grad=0.0004674892988987267 conf_frac=0.000 (4164s)
[mlx] fixed step 4970 ce=0.5073 total=0.5073 grad=0.6474965214729309 conf_frac=0.500 (4173s)
[mlx] fixed step 4980 ce=0.8492 total=0.8492 grad=4.909337520599365 conf_frac=0.250 (4182s)
[mlx] fixed step 4990 ce=1.0974 total=1.0974 grad=8.335993766784668 conf_frac=0.250 (4190s)
[mlx] fixed step 5000 ce=0.5044 total=0.5044 grad=2.9841701984405518 conf_frac=0.750 (4198s)
[mlx] fixed step 5010 ce=0.7881 total=0.7881 grad=1.7165510654449463 conf_frac=0.750 (4207s)
[mlx] fixed step 5020 ce=0.7678 total=0.7678 grad=0.006360610481351614 conf_frac=0.250 (4215s)
[mlx] fixed step 5030 ce=0.4464 total=0.4464 grad=0.131886824965477 conf_frac=0.500 (4224s)
[mlx] fixed step 5040 ce=0.9694 total=0.9694 grad=0.08485794067382812 conf_frac=0.250 (4232s)
[mlx] fixed step 5050 ce=0.6718 total=0.6718 grad=1.4332777261734009 conf_frac=0.750 (4239s)
[mlx] fixed step 5060 ce=0.5431 total=0.5431 grad=7.106898784637451 conf_frac=1.000 (4247s)
[mlx] fixed step 5070 ce=0.8290 total=0.8290 grad=1.253472924232483 conf_frac=0.500 (4255s)
[mlx] fixed step 5080 ce=0.4960 total=0.4960 grad=0.20110461115837097 conf_frac=0.500 (4263s)
[mlx] fixed step 5090 ce=0.5767 total=0.5767 grad=1.5496376752853394 conf_frac=1.000 (4272s)
[mlx] fixed step 5100 ce=0.5926 total=0.5926 grad=1.5661357641220093 conf_frac=0.500 (4280s)
[mlx] fixed step 5110 ce=0.8782 total=0.8782 grad=3.2764761447906494 conf_frac=0.250 (4289s)
[mlx] fixed step 5120 ce=0.4362 total=0.4362 grad=0.2690659761428833 conf_frac=0.500 (4297s)
[mlx] fixed step 5130 ce=0.8251 total=0.8251 grad=0.15382547676563263 conf_frac=0.250 (4306s)
[mlx] fixed step 5140 ce=0.5097 total=0.5097 grad=4.939323902130127 conf_frac=1.000 (4314s)
[mlx] fixed step 5150 ce=0.6621 total=0.6621 grad=6.518232822418213 conf_frac=0.750 (4322s)
[mlx] fixed step 5160 ce=0.3860 total=0.3860 grad=3.9240622520446777 conf_frac=0.500 (4330s)
[mlx] fixed step 5170 ce=0.9600 total=0.9600 grad=5.599935054779053 conf_frac=0.750 (4339s)
[mlx] fixed step 5180 ce=0.5383 total=0.5383 grad=1.212231993675232 conf_frac=0.500 (4347s)
[mlx] fixed step 5190 ce=0.8152 total=0.8152 grad=0.1858656257390976 conf_frac=0.500 (4355s)
[mlx] fixed step 5200 ce=0.3801 total=0.3801 grad=0.057740628719329834 conf_frac=0.250 (4364s)
[mlx] fixed step 5210 ce=0.4993 total=0.4993 grad=1.3258932828903198 conf_frac=0.750 (4371s)
[mlx] fixed step 5220 ce=1.0154 total=1.0154 grad=3.848968982696533 conf_frac=1.000 (4379s)
[mlx] fixed step 5230 ce=0.6512 total=0.6512 grad=0.8387709259986877 conf_frac=0.500 (4387s)
[mlx] fixed step 5240 ce=0.3764 total=0.3764 grad=0.07745307683944702 conf_frac=0.250 (4396s)
[mlx] fixed step 5250 ce=0.4165 total=0.4165 grad=1.3052953481674194 conf_frac=1.000 (4404s)
[mlx] fixed step 5260 ce=1.1750 total=1.1750 grad=1.860285758972168 conf_frac=0.250 (4412s)
[mlx] fixed step 5270 ce=0.5974 total=0.5974 grad=0.4434328079223633 conf_frac=0.750 (4421s)
[mlx] fixed step 5280 ce=0.7902 total=0.7902 grad=3.2906267642974854 conf_frac=0.750 (4429s)
[mlx] fixed step 5290 ce=0.5075 total=0.5075 grad=2.131622314453125 conf_frac=0.750 (4438s)
[mlx] fixed step 5300 ce=0.7149 total=0.7149 grad=1.7011988162994385 conf_frac=0.500 (4446s)
[mlx] fixed step 5310 ce=0.7815 total=0.7815 grad=1.0695164203643799 conf_frac=0.500 (4455s)
[mlx] fixed step 5320 ce=0.4262 total=0.4262 grad=0.9218489527702332 conf_frac=0.750 (4463s)
[mlx] fixed step 5330 ce=0.4331 total=0.4331 grad=1.3317252397537231 conf_frac=1.000 (4471s)
[mlx] fixed step 5340 ce=1.1839 total=1.1839 grad=3.949965000152588 conf_frac=0.750 (4478s)
[mlx] fixed step 5350 ce=0.9305 total=0.9305 grad=1.481593132019043 conf_frac=0.250 (4486s)
[mlx] fixed step 5360 ce=0.9540 total=0.9540 grad=1.7087788581848145 conf_frac=0.250 (4496s)
[mlx] fixed step 5370 ce=0.4978 total=0.4978 grad=7.791531085968018 conf_frac=0.500 (4504s)
[mlx] fixed step 5380 ce=0.4933 total=0.4933 grad=5.555973529815674 conf_frac=0.750 (4512s)
[mlx] fixed step 5390 ce=0.5449 total=0.5449 grad=0.4532291889190674 conf_frac=1.000 (4521s)
[mlx] fixed step 5400 ce=1.0878 total=1.0878 grad=0.0 conf_frac=0.000 (4530s)
[mlx] fixed step 5410 ce=0.5798 total=0.5798 grad=0.13302944600582123 conf_frac=0.500 (4537s)
[mlx] fixed step 5420 ce=0.7570 total=0.7570 grad=0.03032447025179863 conf_frac=0.250 (4546s)
[mlx] fixed step 5430 ce=0.6605 total=0.6605 grad=0.0 conf_frac=0.000 (4554s)
[mlx] fixed step 5440 ce=0.8476 total=0.8476 grad=0.004203427582979202 conf_frac=0.250 (4562s)
[mlx] fixed step 5450 ce=0.4966 total=0.4966 grad=8.349799156188965 conf_frac=0.750 (4571s)
[mlx] fixed step 5460 ce=0.6377 total=0.6377 grad=7.255089282989502 conf_frac=0.750 (4580s)
[mlx] fixed step 5470 ce=0.9325 total=0.9325 grad=7.151777390390635e-05 conf_frac=0.000 (4588s)
[mlx] fixed step 5480 ce=0.8353 total=0.8353 grad=0.2801857888698578 conf_frac=0.250 (4597s)
[mlx] fixed step 5490 ce=0.8696 total=0.8696 grad=0.8342442512512207 conf_frac=0.750 (4606s)
[mlx] fixed step 5500 ce=0.3991 total=0.3991 grad=2.5598089694976807 conf_frac=1.000 (4614s)
[mlx] fixed step 5510 ce=0.5142 total=0.5142 grad=0.7676708698272705 conf_frac=0.500 (4622s)
[mlx] fixed step 5520 ce=0.8450 total=0.8450 grad=5.07100248336792 conf_frac=0.500 (4631s)
[mlx] fixed step 5530 ce=0.3225 total=0.3225 grad=0.08540412783622742 conf_frac=0.500 (4640s)
[mlx] fixed step 5540 ce=0.6205 total=0.6205 grad=0.11281996220350266 conf_frac=0.250 (4648s)
[mlx] fixed step 5550 ce=1.3529 total=1.3529 grad=23.28575325012207 conf_frac=0.750 (4657s)
[mlx] fixed step 5560 ce=0.6965 total=0.6965 grad=9.315074920654297 conf_frac=0.500 (4664s)
[mlx] fixed step 5570 ce=1.1377 total=1.1377 grad=15.351372718811035 conf_frac=0.500 (4673s)
[mlx] fixed step 5580 ce=1.0425 total=1.0425 grad=7.74612283706665 conf_frac=0.500 (4681s)
[mlx] fixed step 5590 ce=0.5443 total=0.5443 grad=3.103503465652466 conf_frac=0.500 (4690s)
[mlx] fixed step 5600 ce=0.8721 total=0.8721 grad=0.34970390796661377 conf_frac=0.500 (4698s)
[mlx] fixed step 5610 ce=0.6103 total=0.6103 grad=0.0438825748860836 conf_frac=0.250 (4707s)
[mlx] fixed step 5620 ce=0.9793 total=0.9793 grad=1.0348725318908691 conf_frac=0.750 (4714s)
[mlx] fixed step 5630 ce=0.4138 total=0.4138 grad=0.6105294823646545 conf_frac=0.250 (4722s)
[mlx] fixed step 5640 ce=1.1313 total=1.1313 grad=0.004122357815504074 conf_frac=0.500 (4731s)
[mlx] fixed step 5650 ce=0.3180 total=0.3180 grad=6.702115535736084 conf_frac=1.000 (4739s)
[mlx] fixed step 5660 ce=0.1876 total=0.1876 grad=0.1270262598991394 conf_frac=0.250 (4747s)
[mlx] fixed step 5670 ce=0.5030 total=0.5030 grad=0.0 conf_frac=0.000 (4755s)
[mlx] fixed step 5680 ce=1.2942 total=1.2942 grad=6.3039870262146 conf_frac=0.500 (4763s)
[mlx] fixed step 5690 ce=0.5364 total=0.5364 grad=0.0 conf_frac=0.000 (4772s)
[mlx] fixed step 5700 ce=0.7994 total=0.7994 grad=9.467022895812988 conf_frac=0.750 (4783s)
[mlx] fixed step 5710 ce=0.3950 total=0.3950 grad=9.365960121154785 conf_frac=0.750 (4792s)
[mlx] fixed step 5720 ce=1.0726 total=1.0726 grad=3.8914506435394287 conf_frac=0.750 (4800s)
[mlx] fixed step 5730 ce=0.6317 total=0.6317 grad=5.920281887054443 conf_frac=0.500 (4808s)
[mlx] fixed step 5740 ce=1.0480 total=1.0480 grad=6.991628646850586 conf_frac=0.750 (4816s)
[mlx] fixed step 5750 ce=0.9858 total=0.9858 grad=0.21434403955936432 conf_frac=0.750 (4825s)
[mlx] fixed step 5760 ce=0.6510 total=0.6510 grad=0.3629052937030792 conf_frac=0.750 (4834s)
[mlx] fixed step 5770 ce=0.8852 total=0.8852 grad=0.12007429450750351 conf_frac=0.250 (4842s)
[mlx] fixed step 5780 ce=0.8316 total=0.8316 grad=0.014498363249003887 conf_frac=0.500 (4851s)
[mlx] fixed step 5790 ce=0.4118 total=0.4118 grad=0.5412936806678772 conf_frac=0.500 (4860s)
[mlx] fixed step 5800 ce=0.9934 total=0.9934 grad=1.6993430852890015 conf_frac=1.000 (4868s)
[mlx] fixed step 5810 ce=0.5071 total=0.5071 grad=7.9635009765625 conf_frac=0.000 (4877s)
[mlx] fixed step 5820 ce=0.5772 total=0.5772 grad=0.19723883271217346 conf_frac=0.500 (4885s)
[mlx] fixed step 5830 ce=0.6015 total=0.6015 grad=0.0549761988222599 conf_frac=0.250 (4894s)
[mlx] fixed step 5840 ce=0.8551 total=0.8551 grad=0.08699152618646622 conf_frac=0.250 (4902s)
[mlx] fixed step 5850 ce=1.1651 total=1.1651 grad=15.5555419921875 conf_frac=0.750 (4910s)
[mlx] fixed step 5860 ce=0.6547 total=0.6547 grad=2.9050989151000977 conf_frac=0.500 (4918s)
[mlx] fixed step 5870 ce=1.1824 total=1.1824 grad=0.19193287193775177 conf_frac=0.500 (4926s)
[mlx] fixed step 5880 ce=0.7925 total=0.7925 grad=0.008859810419380665 conf_frac=0.750 (4935s)
[mlx] fixed step 5890 ce=0.4040 total=0.4040 grad=0.10571162402629852 conf_frac=0.750 (4944s)
[mlx] fixed step 5900 ce=0.8969 total=0.8969 grad=1.090620517730713 conf_frac=0.500 (4953s)
[mlx] fixed step 5910 ce=0.4750 total=0.4750 grad=0.24075885117053986 conf_frac=0.250 (4960s)
[mlx] fixed step 5920 ce=1.3349 total=1.3349 grad=4.878902435302734 conf_frac=0.250 (4968s)
[mlx] fixed step 5930 ce=0.6329 total=0.6329 grad=0.2609727084636688 conf_frac=0.500 (4976s)
[mlx] fixed step 5940 ce=0.8858 total=0.8858 grad=1.6645896434783936 conf_frac=0.500 (4985s)
[mlx] fixed step 5950 ce=0.8653 total=0.8653 grad=0.1943991780281067 conf_frac=0.500 (4994s)
[mlx] fixed step 5960 ce=0.5589 total=0.5589 grad=0.8687698245048523 conf_frac=0.500 (5002s)
[mlx] fixed step 5970 ce=1.0117 total=1.0117 grad=7.398078918457031 conf_frac=0.750 (5010s)
[mlx] fixed step 5980 ce=0.7871 total=0.7871 grad=0.5046976804733276 conf_frac=0.500 (5017s)
[mlx] fixed step 5990 ce=0.6257 total=0.6257 grad=6.2660932540893555 conf_frac=0.500 (5027s)
[mlx] fixed step 6000 ce=0.9798 total=0.9798 grad=3.646794557571411 conf_frac=0.750 (5034s)
[mlx] fixed post-train (n=8008) acc=0.9476 majority=0.4994 dist={'[CONFIDENT]': 0.45604395604395603, '[COND_CONFIDENT]': 0.059940059940059943, '[TEMPORAL_HEDGE]': 0.484015984015984, '[UNKNOWN]': 0.0}
[mlx] fixed accuracy lift over majority-class baseline: +0.4482 (discriminating)
[mlx] fixed finished: 6006 steps in 5039.1s
[mlx] saved adapter -> data/prep/tcl_mlx_7b/sft_only_seed3_r2/adapter_fixed

[mlx] wrote data/prep/tcl_mlx_7b/sft_only_seed3_r2/loss_log.csv
[mlx] wrote data/prep/tcl_mlx_7b/sft_only_seed3_r2/run_meta.json
=== train sft_only seed 3 wall 7674s
Fetching 9 files:   0%|          | 0/9 [00:00<?, ?it/s]Fetching 9 files: 100%|██████████| 9/9 [00:00<00:00, 157286.40it/s]
[gen] 3622 examples | source=temporal-delta:test | arm=sft_only | adapter=data/prep/tcl_mlx_7b/sft_only_seed3_r2/adapter_fixed
[gen] 100/3622  EM=0.030 hedge_acc=1.000 fallback=0.000 (22s, 0.22s/ex)
[gen] 200/3622  EM=0.015 hedge_acc=1.000 fallback=0.000 (45s, 0.23s/ex)
[gen] 300/3622  EM=0.057 hedge_acc=1.000 fallback=0.000 (69s, 0.23s/ex)
[gen] 400/3622  EM=0.052 hedge_acc=1.000 fallback=0.000 (93s, 0.23s/ex)
[gen] 500/3622  EM=0.048 hedge_acc=1.000 fallback=0.000 (119s, 0.24s/ex)
[gen] 600/3622  EM=0.040 hedge_acc=1.000 fallback=0.000 (148s, 0.25s/ex)
[gen] 700/3622  EM=0.036 hedge_acc=0.999 fallback=0.000 (174s, 0.25s/ex)
[gen] 800/3622  EM=0.031 hedge_acc=0.998 fallback=0.000 (206s, 0.26s/ex)
[gen] 900/3622  EM=0.028 hedge_acc=0.997 fallback=0.000 (238s, 0.26s/ex)
[gen] 1000/3622  EM=0.025 hedge_acc=0.996 fallback=0.000 (269s, 0.27s/ex)
[gen] 1100/3622  EM=0.023 hedge_acc=0.996 fallback=0.000 (300s, 0.27s/ex)
[gen] 1200/3622  EM=0.021 hedge_acc=0.997 fallback=0.000 (331s, 0.28s/ex)
[gen] 1300/3622  EM=0.020 hedge_acc=0.996 fallback=0.000 (359s, 0.28s/ex)
[gen] 1400/3622  EM=0.019 hedge_acc=0.996 fallback=0.000 (385s, 0.28s/ex)
[gen] 1500/3622  EM=0.019 hedge_acc=0.996 fallback=0.000 (413s, 0.28s/ex)
[gen] 1600/3622  EM=0.018 hedge_acc=0.996 fallback=0.000 (442s, 0.28s/ex)
[gen] 1700/3622  EM=0.019 hedge_acc=0.995 fallback=0.000 (466s, 0.27s/ex)
[gen] 1800/3622  EM=0.019 hedge_acc=0.996 fallback=0.000 (490s, 0.27s/ex)
[gen] 1900/3622  EM=0.019 hedge_acc=0.995 fallback=0.000 (514s, 0.27s/ex)
[gen] 2000/3622  EM=0.018 hedge_acc=0.996 fallback=0.000 (539s, 0.27s/ex)
[gen] 2100/3622  EM=0.018 hedge_acc=0.996 fallback=0.000 (563s, 0.27s/ex)
[gen] 2200/3622  EM=0.017 hedge_acc=0.995 fallback=0.000 (588s, 0.27s/ex)
[gen] 2300/3622  EM=0.016 hedge_acc=0.995 fallback=0.000 (612s, 0.27s/ex)
[gen] 2400/3622  EM=0.020 hedge_acc=0.995 fallback=0.000 (636s, 0.26s/ex)
[gen] 2500/3622  EM=0.026 hedge_acc=0.995 fallback=0.000 (658s, 0.26s/ex)
[gen] 2600/3622  EM=0.026 hedge_acc=0.995 fallback=0.000 (681s, 0.26s/ex)
[gen] 2700/3622  EM=0.026 hedge_acc=0.995 fallback=0.000 (705s, 0.26s/ex)
[gen] 2800/3622  EM=0.025 hedge_acc=0.995 fallback=0.000 (729s, 0.26s/ex)
[gen] 2900/3622  EM=0.024 hedge_acc=0.996 fallback=0.000 (753s, 0.26s/ex)
[gen] 3000/3622  EM=0.024 hedge_acc=0.996 fallback=0.000 (779s, 0.26s/ex)
[gen] 3100/3622  EM=0.023 hedge_acc=0.995 fallback=0.000 (806s, 0.26s/ex)
[gen] 3200/3622  EM=0.022 hedge_acc=0.995 fallback=0.000 (835s, 0.26s/ex)
[gen] 3300/3622  EM=0.023 hedge_acc=0.995 fallback=0.000 (857s, 0.26s/ex)
[gen] 3400/3622  EM=0.024 hedge_acc=0.995 fallback=0.000 (877s, 0.26s/ex)
[gen] 3500/3622  EM=0.023 hedge_acc=0.995 fallback=0.000 (898s, 0.26s/ex)
[gen] 3600/3622  EM=0.023 hedge_acc=0.996 fallback=0.000 (920s, 0.26s/ex)

[gen] wrote data/prep/predictions_7b/sft_only_seed3_test.jsonl
[gen] n=3622  EM=0.0226  hedge_acc=0.9956  fallback_rate=0.0000  wall=925s
=== eval sft_only seed 3 wall 930s
[mlx] loaded 8008 raw examples

[mlx] === condition: fixed ===
Fetching 9 files:   0%|          | 0/9 [00:00<?, ?it/s]Fetching 9 files: 100%|██████████| 9/9 [00:00<00:00, 49998.33it/s]
[mlx] hedge ids (no resize): [151665, 151666, 151667, 151668]
[mlx] adapted output projection: lm_head (untied)
Trainable parameters: 0.168% (12.780M/7615.617M)
[mlx] 8008 examples after tokenisation (max_len=128)
[mlx] hedge-head check: logit spread=0.000000 contrast_grad_norm=1748.762451
[mlx] fixed pre-train (n=8008) acc=0.4396 majority=0.4993 dist={'[CONFIDENT]': 1.0, '[COND_CONFIDENT]': 0.0, '[TEMPORAL_HEDGE]': 0.0, '[UNKNOWN]': 0.0}
[mlx] fixed step 0 ce=12.2347 total=12.2926 grad=3.6555745601654053 conf_frac=1.000 (1s)
[mlx] fixed step 10 ce=3.1652 total=3.2482 grad=13.469901084899902 conf_frac=1.000 (9s)
[mlx] fixed step 20 ce=1.7173 total=1.8007 grad=36.223690032958984 conf_frac=0.000 (17s)
[mlx] fixed step 30 ce=1.8269 total=1.8813 grad=14.876470565795898 conf_frac=0.000 (27s)
[mlx] fixed step 40 ce=3.2830 total=3.3508 grad=4.118697643280029 conf_frac=1.000 (35s)
[mlx] fixed step 50 ce=2.9860 total=3.0383 grad=10.25308895111084 conf_frac=0.000 (44s)
[mlx] fixed step 60 ce=2.3091 total=2.3624 grad=18.75731086730957 conf_frac=1.000 (52s)
[mlx] fixed step 70 ce=1.9230 total=1.9781 grad=14.4705810546875 conf_frac=1.000 (60s)
[mlx] fixed step 80 ce=2.0036 total=2.0586 grad=12.657598495483398 conf_frac=0.000 (72s)
[mlx] fixed step 90 ce=2.9657 total=3.0173 grad=5.903284549713135 conf_frac=1.000 (81s)
[mlx] fixed step 100 ce=3.3250 total=3.3629 grad=6.315459728240967 conf_frac=1.000 (90s)
[mlx] fixed step 110 ce=2.2582 total=2.3096 grad=10.753499984741211 conf_frac=0.000 (98s)
[mlx] fixed step 120 ce=2.6191 total=2.6650 grad=7.55611515045166 conf_frac=1.000 (107s)
[mlx] fixed step 130 ce=2.1848 total=2.2287 grad=7.542659282684326 conf_frac=1.000 (116s)
[mlx] fixed step 140 ce=2.5017 total=2.5615 grad=29.447221755981445 conf_frac=0.750 (124s)
[mlx] fixed step 150 ce=2.4130 total=2.4662 grad=19.01947784423828 conf_frac=0.750 (132s)
[mlx] fixed step 160 ce=3.7285 total=3.7884 grad=22.074665069580078 conf_frac=1.000 (141s)
[mlx] fixed step 170 ce=1.2865 total=1.3307 grad=13.766732215881348 conf_frac=0.500 (150s)
[mlx] fixed step 180 ce=2.2678 total=2.3315 grad=30.133211135864258 conf_frac=1.000 (165s)
[mlx] fixed step 190 ce=2.3410 total=2.3944 grad=5.668859004974365 conf_frac=0.750 (173s)
[mlx] fixed step 200 ce=2.5102 total=2.6127 grad=31.867733001708984 conf_frac=0.250 (182s)
[mlx] fixed step 210 ce=2.0463 total=2.0853 grad=10.45857048034668 conf_frac=0.250 (195s)
[mlx] fixed step 220 ce=2.3673 total=2.3877 grad=5.422718524932861 conf_frac=0.500 (204s)
[mlx] fixed step 230 ce=2.5564 total=2.6535 grad=1.397508144378662 conf_frac=1.000 (212s)
[mlx] fixed step 240 ce=2.5624 total=2.6010 grad=11.396114349365234 conf_frac=0.250 (219s)
[mlx] fixed step 250 ce=2.7370 total=2.7814 grad=21.060056686401367 conf_frac=0.750 (227s)
[mlx] fixed step 260 ce=2.3571 total=2.3990 grad=6.566920757293701 conf_frac=0.250 (235s)
[mlx] fixed step 270 ce=1.9674 total=2.0015 grad=18.577362060546875 conf_frac=0.750 (243s)
[mlx] fixed step 280 ce=2.0021 total=2.0125 grad=3.3343284130096436 conf_frac=0.250 (252s)
[mlx] fixed step 290 ce=2.0305 total=2.0576 grad=3.2407002449035645 conf_frac=0.500 (262s)
[mlx] fixed step 300 ce=2.1189 total=2.1477 grad=4.658345699310303 conf_frac=0.250 (271s)
[mlx] fixed step 310 ce=2.0363 total=2.0784 grad=13.123961448669434 conf_frac=0.750 (279s)
[mlx] fixed step 320 ce=2.8217 total=2.8536 grad=11.621768951416016 conf_frac=0.750 (288s)
[mlx] fixed step 330 ce=2.9007 total=2.9215 grad=1.1731133460998535 conf_frac=0.500 (297s)
[mlx] fixed step 340 ce=1.3022 total=1.4174 grad=3.907107353210449 conf_frac=1.000 (305s)
[mlx] fixed step 350 ce=2.5615 total=2.5788 grad=1.7911125421524048 conf_frac=0.500 (314s)
[mlx] fixed step 360 ce=1.6426 total=1.6715 grad=4.069007873535156 conf_frac=0.500 (322s)
[mlx] fixed step 370 ce=1.7322 total=1.7637 grad=1.2924453020095825 conf_frac=0.500 (331s)
[mlx] fixed step 380 ce=2.8981 total=2.9234 grad=6.658298015594482 conf_frac=0.500 (339s)
[mlx] fixed step 390 ce=2.9787 total=3.0763 grad=10.480743408203125 conf_frac=1.000 (347s)
[mlx] fixed step 400 ce=2.3821 total=2.4154 grad=4.479442596435547 conf_frac=0.500 (356s)
[mlx] fixed step 410 ce=1.4175 total=1.4382 grad=4.037932872772217 conf_frac=0.250 (363s)
[mlx] fixed step 420 ce=3.6076 total=3.6536 grad=1.3680830001831055 conf_frac=0.750 (371s)
[mlx] fixed step 430 ce=1.8252 total=1.8483 grad=9.603290557861328 conf_frac=0.500 (380s)
[mlx] fixed step 440 ce=2.0331 total=2.0603 grad=9.573251724243164 conf_frac=0.500 (392s)
[mlx] fixed step 450 ce=2.1317 total=2.1495 grad=10.08808422088623 conf_frac=0.500 (403s)
[mlx] fixed step 460 ce=1.9175 total=1.9550 grad=18.502243041992188 conf_frac=0.750 (412s)
[mlx] fixed step 470 ce=1.2346 total=1.2591 grad=11.55036735534668 conf_frac=0.500 (420s)
[mlx] fixed step 480 ce=1.5090 total=1.5592 grad=15.654680252075195 conf_frac=0.750 (429s)
[mlx] fixed step 490 ce=2.4914 total=2.5364 grad=7.552474021911621 conf_frac=0.250 (437s)
[mlx] fixed step 500 ce=2.0959 total=2.1276 grad=4.161752223968506 conf_frac=0.500 (446s)
[mlx] fixed step 510 ce=2.9153 total=2.9408 grad=8.64857292175293 conf_frac=0.500 (454s)
[mlx] fixed step 520 ce=2.3893 total=2.4272 grad=5.154117584228516 conf_frac=0.250 (464s)
[mlx] fixed step 530 ce=2.6523 total=2.7319 grad=23.699363708496094 conf_frac=1.000 (473s)
[mlx] fixed step 540 ce=1.6838 total=1.7158 grad=12.330801963806152 conf_frac=0.500 (481s)
[mlx] fixed step 550 ce=2.3399 total=2.3768 grad=16.320951461791992 conf_frac=0.750 (490s)
[mlx] fixed step 560 ce=1.9946 total=2.0171 grad=9.427884101867676 conf_frac=0.500 (498s)
[mlx] fixed step 570 ce=2.2260 total=2.2590 grad=3.803309440612793 conf_frac=0.250 (506s)
[mlx] fixed step 580 ce=2.5452 total=2.5741 grad=14.744096755981445 conf_frac=0.500 (515s)
[mlx] fixed step 590 ce=1.8410 total=1.8694 grad=6.515265464782715 conf_frac=0.250 (524s)
[mlx] fixed step 600 ce=1.9086 total=2.0137 grad=3.247730016708374 conf_frac=0.000 (532s)
[mlx] fixed step 610 ce=1.5789 total=1.6072 grad=2.6502747535705566 conf_frac=0.250 (541s)
[mlx] fixed step 620 ce=1.7578 total=1.8804 grad=12.391010284423828 conf_frac=1.000 (549s)
[mlx] fixed step 630 ce=2.3676 total=2.3921 grad=2.942922353744507 conf_frac=0.500 (558s)
[mlx] fixed step 640 ce=1.6186 total=1.7331 grad=4.075929164886475 conf_frac=1.000 (567s)
[mlx] fixed step 650 ce=1.8678 total=1.9206 grad=7.359428882598877 conf_frac=0.250 (575s)
[mlx] fixed step 660 ce=1.5860 total=1.5996 grad=2.3876161575317383 conf_frac=0.250 (584s)
[mlx] fixed step 670 ce=1.9785 total=2.0040 grad=5.696238994598389 conf_frac=0.500 (593s)
[mlx] fixed step 680 ce=2.7921 total=2.8244 grad=6.298503875732422 conf_frac=0.250 (601s)
[mlx] fixed step 690 ce=1.7001 total=1.7402 grad=5.432050704956055 conf_frac=0.250 (609s)
[mlx] fixed step 700 ce=2.1302 total=2.1687 grad=15.10688304901123 conf_frac=0.750 (617s)
[mlx] fixed step 710 ce=1.8203 total=1.8359 grad=5.9391961097717285 conf_frac=0.500 (626s)
[mlx] fixed step 720 ce=1.5827 total=1.6289 grad=9.688865661621094 conf_frac=0.750 (635s)
[mlx] fixed step 730 ce=2.0850 total=2.1027 grad=5.223132133483887 conf_frac=0.250 (643s)
[mlx] fixed step 740 ce=2.4303 total=2.4473 grad=7.485281467437744 conf_frac=0.500 (652s)
[mlx] fixed step 750 ce=2.1084 total=2.1348 grad=3.350947618484497 conf_frac=0.250 (661s)
[mlx] fixed step 760 ce=2.8429 total=2.8602 grad=1.5787001848220825 conf_frac=0.250 (670s)
[mlx] fixed step 770 ce=0.7798 total=0.8110 grad=13.124302864074707 conf_frac=0.500 (677s)
[mlx] fixed step 780 ce=1.3562 total=1.4163 grad=11.087425231933594 conf_frac=0.750 (686s)
[mlx] fixed step 790 ce=1.5029 total=1.5216 grad=9.659613609313965 conf_frac=0.500 (694s)
[mlx] fixed step 800 ce=2.1455 total=2.1642 grad=6.39036226272583 conf_frac=0.250 (702s)
[mlx] fixed step 810 ce=2.1661 total=2.2959 grad=3.381678819656372 conf_frac=0.000 (711s)
[mlx] fixed step 820 ce=1.0958 total=1.1439 grad=0.7442968487739563 conf_frac=0.750 (720s)
[mlx] fixed step 830 ce=1.7393 total=1.8231 grad=20.032167434692383 conf_frac=1.000 (728s)
[mlx] fixed step 840 ce=2.1848 total=2.2233 grad=13.464638710021973 conf_frac=0.750 (736s)
[mlx] fixed step 850 ce=1.5875 total=1.6307 grad=1.216759443283081 conf_frac=0.750 (746s)
[mlx] fixed step 860 ce=2.0378 total=2.0992 grad=12.562793731689453 conf_frac=1.000 (753s)
[mlx] fixed step 870 ce=2.9608 total=2.9992 grad=17.312637329101562 conf_frac=0.750 (762s)
[mlx] fixed step 880 ce=1.6166 total=1.6673 grad=2.6271612644195557 conf_frac=0.000 (770s)
[mlx] fixed step 890 ce=1.5686 total=1.5979 grad=9.503832817077637 conf_frac=0.500 (778s)
[mlx] fixed step 900 ce=2.0048 total=2.0414 grad=19.394119262695312 conf_frac=0.750 (787s)
[mlx] fixed step 910 ce=1.5887 total=1.6144 grad=3.4362361431121826 conf_frac=0.250 (796s)
[mlx] fixed step 920 ce=1.8830 total=1.9257 grad=11.084208488464355 conf_frac=0.750 (807s)
[mlx] fixed step 930 ce=1.6645 total=1.7712 grad=4.722243309020996 conf_frac=1.000 (817s)
[mlx] fixed step 940 ce=2.4195 total=2.4920 grad=7.7905659675598145 conf_frac=0.250 (825s)
[mlx] fixed step 950 ce=1.2208 total=1.2670 grad=3.7181692123413086 conf_frac=0.500 (834s)
[mlx] fixed step 960 ce=1.8319 total=1.8639 grad=6.0963134765625 conf_frac=0.250 (843s)
[mlx] fixed step 970 ce=1.1559 total=1.2100 grad=1.8005926609039307 conf_frac=0.750 (852s)
[mlx] fixed step 980 ce=2.0290 total=2.0463 grad=7.517233848571777 conf_frac=0.500 (866s)
[mlx] fixed step 990 ce=3.5176 total=3.5386 grad=6.501710891723633 conf_frac=0.500 (875s)
[mlx] fixed step 1000 ce=1.8525 total=1.8726 grad=8.719622611999512 conf_frac=0.500 (884s)
[mlx] fixed step 1010 ce=1.4981 total=1.5188 grad=8.815057754516602 conf_frac=0.500 (893s)
[mlx] fixed step 1020 ce=2.0225 total=2.0460 grad=9.743632316589355 conf_frac=0.500 (902s)
[mlx] fixed step 1030 ce=1.5550 total=1.6698 grad=5.744277000427246 conf_frac=1.000 (910s)
[mlx] fixed step 1040 ce=0.6138 total=0.6502 grad=19.290456771850586 conf_frac=0.750 (931s)
[mlx] fixed step 1050 ce=1.1259 total=1.1543 grad=6.001899242401123 conf_frac=0.500 (957s)
[mlx] fixed step 1060 ce=3.0525 total=3.0847 grad=11.049617767333984 conf_frac=0.500 (977s)
[mlx] fixed step 1070 ce=1.9118 total=1.9568 grad=22.35589027404785 conf_frac=0.750 (984s)
[mlx] fixed step 1080 ce=1.9901 total=2.0172 grad=9.375130653381348 conf_frac=0.500 (993s)
[mlx] fixed step 1090 ce=2.0622 total=2.1084 grad=11.174254417419434 conf_frac=0.750 (1002s)
[mlx] fixed step 1100 ce=2.3807 total=2.4170 grad=3.982628583908081 conf_frac=0.250 (1010s)
[mlx] fixed step 1110 ce=2.1351 total=2.1566 grad=8.54212474822998 conf_frac=0.500 (1019s)
[mlx] fixed step 1120 ce=1.9241 total=1.9511 grad=5.48565149307251 conf_frac=0.500 (1027s)
[mlx] fixed step 1130 ce=1.7008 total=1.7267 grad=7.199260234832764 conf_frac=0.500 (1035s)
[mlx] fixed step 1140 ce=1.4188 total=1.5188 grad=3.0703635215759277 conf_frac=0.000 (1044s)
[mlx] fixed step 1150 ce=2.1573 total=2.1841 grad=9.30915641784668 conf_frac=0.500 (1052s)
[mlx] fixed step 1160 ce=1.8040 total=1.8329 grad=7.2610297203063965 conf_frac=0.500 (1060s)
[mlx] fixed step 1170 ce=1.3430 total=1.4579 grad=14.655954360961914 conf_frac=1.000 (1071s)
[mlx] fixed step 1180 ce=2.3472 total=2.3747 grad=8.709578514099121 conf_frac=0.500 (1079s)
[mlx] fixed step 1190 ce=2.1122 total=2.1608 grad=9.534621238708496 conf_frac=0.750 (1089s)
[mlx] fixed step 1200 ce=2.2667 total=2.3111 grad=18.190528869628906 conf_frac=0.750 (1097s)
[mlx] fixed step 1210 ce=1.5830 total=1.5940 grad=3.1194803714752197 conf_frac=0.250 (1106s)
[mlx] fixed step 1220 ce=2.2541 total=2.2710 grad=7.686349868774414 conf_frac=0.500 (1114s)
[mlx] fixed step 1230 ce=1.9207 total=1.9619 grad=8.71322250366211 conf_frac=0.500 (1123s)
[mlx] fixed step 1240 ce=1.2002 total=1.2783 grad=20.059551239013672 conf_frac=1.000 (1131s)
[mlx] fixed step 1250 ce=1.5201 total=1.6238 grad=14.876062393188477 conf_frac=1.000 (1139s)
[mlx] fixed step 1260 ce=1.9861 total=2.0417 grad=10.711893081665039 conf_frac=0.750 (1149s)
[mlx] fixed step 1270 ce=1.5589 total=1.5943 grad=10.530131340026855 conf_frac=0.500 (1157s)
[mlx] fixed step 1280 ce=1.6705 total=1.7043 grad=2.8820579051971436 conf_frac=0.750 (1165s)
[mlx] fixed step 1290 ce=1.8295 total=1.8618 grad=5.275921821594238 conf_frac=0.500 (1173s)
[mlx] fixed step 1300 ce=2.2347 total=2.2582 grad=4.147192478179932 conf_frac=0.250 (1182s)
[mlx] fixed step 1310 ce=2.4199 total=2.4593 grad=12.20699405670166 conf_frac=0.500 (1191s)
[mlx] fixed step 1320 ce=2.3103 total=2.3373 grad=8.821483612060547 conf_frac=0.500 (1200s)
[mlx] fixed step 1330 ce=1.5467 total=1.5733 grad=8.587865829467773 conf_frac=0.500 (1208s)
[mlx] fixed step 1340 ce=2.0864 total=2.1614 grad=2.245098352432251 conf_frac=0.000 (1216s)
[mlx] fixed step 1350 ce=1.4515 total=1.4964 grad=15.945612907409668 conf_frac=0.750 (1225s)
[mlx] fixed step 1360 ce=2.7695 total=2.8170 grad=8.289472579956055 conf_frac=0.750 (1234s)
[mlx] fixed step 1370 ce=2.0032 total=2.0282 grad=2.1888389587402344 conf_frac=0.250 (1244s)
[mlx] fixed step 1380 ce=1.9028 total=1.9294 grad=6.33819055557251 conf_frac=0.500 (1253s)
[mlx] fixed step 1390 ce=2.2149 total=2.2661 grad=11.385595321655273 conf_frac=0.750 (1263s)
[mlx] fixed step 1400 ce=0.9290 total=0.9568 grad=7.5565876960754395 conf_frac=0.500 (1277s)
[mlx] fixed step 1410 ce=1.4390 total=1.4595 grad=8.19411563873291 conf_frac=0.500 (1287s)
[mlx] fixed step 1420 ce=1.5363 total=1.5662 grad=6.66221284866333 conf_frac=0.250 (1296s)
[mlx] fixed step 1430 ce=1.7903 total=1.8133 grad=11.729277610778809 conf_frac=0.500 (1304s)
[mlx] fixed step 1440 ce=2.0281 total=2.0513 grad=5.979581832885742 conf_frac=0.500 (1312s)
[mlx] fixed step 1450 ce=1.3932 total=1.4240 grad=10.61203670501709 conf_frac=0.500 (1320s)
[mlx] fixed step 1460 ce=1.2001 total=1.2614 grad=9.554011344909668 conf_frac=0.750 (1328s)
[mlx] fixed step 1470 ce=1.7170 total=1.8317 grad=17.23641014099121 conf_frac=1.000 (1336s)
[mlx] fixed step 1480 ce=1.8806 total=1.9021 grad=8.824251174926758 conf_frac=0.500 (1345s)
[mlx] fixed step 1490 ce=1.1382 total=1.1655 grad=8.750426292419434 conf_frac=0.500 (1354s)
[mlx] fixed step 1500 ce=2.3038 total=2.3499 grad=6.400781631469727 conf_frac=0.250 (1361s)
[mlx] fixed step 1510 ce=1.6052 total=1.6343 grad=6.488483905792236 conf_frac=0.250 (1370s)
[mlx] fixed step 1520 ce=1.6805 total=1.7102 grad=4.9378790855407715 conf_frac=0.500 (1378s)
[mlx] fixed step 1530 ce=1.9725 total=2.0499 grad=0.8613653182983398 conf_frac=0.750 (1387s)
[mlx] fixed step 1540 ce=2.0452 total=2.1012 grad=1.124874234199524 conf_frac=0.750 (1396s)
[mlx] fixed step 1550 ce=1.0715 total=1.1036 grad=8.581050872802734 conf_frac=0.500 (1405s)
[mlx] fixed step 1560 ce=1.9497 total=1.9842 grad=4.263088226318359 conf_frac=0.250 (1413s)
[mlx] fixed step 1570 ce=1.8414 total=1.8765 grad=6.963500499725342 conf_frac=0.500 (1421s)
[mlx] fixed step 1580 ce=0.9514 total=1.0531 grad=18.76934814453125 conf_frac=1.000 (1430s)
[mlx] fixed step 1590 ce=1.0745 total=1.1460 grad=2.333897352218628 conf_frac=0.750 (1438s)
[mlx] fixed step 1600 ce=2.0099 total=2.0411 grad=1.6142406463623047 conf_frac=0.500 (1447s)
[mlx] fixed step 1610 ce=3.0455 total=3.0687 grad=4.627730846405029 conf_frac=0.250 (1455s)
[mlx] fixed step 1620 ce=1.6940 total=1.7219 grad=6.672506332397461 conf_frac=0.250 (1464s)
[mlx] fixed step 1630 ce=1.2524 total=1.2982 grad=6.433822154998779 conf_frac=0.750 (1473s)
[mlx] fixed step 1640 ce=1.7760 total=1.8249 grad=14.465907096862793 conf_frac=0.750 (1481s)
[mlx] fixed step 1650 ce=2.7234 total=2.7638 grad=4.396585941314697 conf_frac=0.250 (1490s)
[mlx] fixed step 1660 ce=1.5436 total=1.6078 grad=1.755715250968933 conf_frac=0.000 (1499s)
[mlx] fixed step 1670 ce=2.0736 total=2.1021 grad=6.72887659072876 conf_frac=0.250 (1507s)
[mlx] fixed step 1680 ce=1.7035 total=1.7363 grad=2.4812119007110596 conf_frac=0.500 (1515s)
[mlx] fixed step 1690 ce=1.6517 total=1.6885 grad=3.7477169036865234 conf_frac=0.500 (1524s)
[mlx] fixed step 1700 ce=1.7541 total=1.8865 grad=1.5924052000045776 conf_frac=1.000 (1533s)
[mlx] fixed step 1710 ce=2.2620 total=2.2847 grad=10.819231986999512 conf_frac=0.500 (1542s)
[mlx] fixed step 1720 ce=1.9432 total=2.0713 grad=3.493865728378296 conf_frac=1.000 (1550s)
[mlx] fixed step 1730 ce=2.0040 total=2.0680 grad=25.630935668945312 conf_frac=1.000 (1560s)
[mlx] fixed step 1740 ce=1.9990 total=2.0720 grad=7.532639980316162 conf_frac=0.750 (1570s)
[mlx] fixed step 1750 ce=2.7709 total=2.8327 grad=8.16455078125 conf_frac=0.750 (1578s)
[mlx] fixed step 1760 ce=2.1056 total=2.1375 grad=12.322163581848145 conf_frac=0.500 (1589s)
[mlx] fixed step 1770 ce=1.4374 total=1.4763 grad=2.745879888534546 conf_frac=0.500 (1597s)
[mlx] fixed step 1780 ce=2.4656 total=2.4943 grad=6.660264015197754 conf_frac=0.250 (1605s)
[mlx] fixed step 1790 ce=1.5267 total=1.5651 grad=16.253177642822266 conf_frac=0.750 (1613s)
[mlx] fixed step 1800 ce=1.9214 total=1.9705 grad=12.987131118774414 conf_frac=0.750 (1621s)
[mlx] fixed step 1810 ce=1.7189 total=1.7482 grad=7.142656326293945 conf_frac=0.250 (1630s)
[mlx] fixed step 1820 ce=1.3862 total=1.4438 grad=9.983807563781738 conf_frac=0.750 (1637s)
[mlx] fixed step 1830 ce=2.4470 total=2.4994 grad=11.364347457885742 conf_frac=0.750 (1646s)
[mlx] fixed step 1840 ce=2.0912 total=2.1271 grad=2.787186622619629 conf_frac=0.500 (1655s)
[mlx] fixed step 1850 ce=1.7393 total=1.7660 grad=7.58242130279541 conf_frac=0.500 (1664s)
[mlx] fixed step 1860 ce=1.7461 total=1.7694 grad=4.900527000427246 conf_frac=0.250 (1672s)
[mlx] fixed step 1870 ce=1.8147 total=1.8408 grad=7.735415935516357 conf_frac=0.500 (1680s)
[mlx] fixed step 1880 ce=1.2341 total=1.2829 grad=20.173297882080078 conf_frac=0.750 (1688s)
[mlx] fixed step 1890 ce=2.2230 total=2.2709 grad=10.78671646118164 conf_frac=0.750 (1696s)
[mlx] fixed step 1900 ce=1.9721 total=1.9878 grad=4.002328872680664 conf_frac=0.250 (1704s)
[mlx] fixed step 1910 ce=2.6467 total=2.6956 grad=11.196920394897461 conf_frac=0.750 (1712s)
[mlx] fixed step 1920 ce=1.7710 total=1.8413 grad=4.087869644165039 conf_frac=0.000 (1721s)
[mlx] fixed step 1930 ce=2.5382 total=2.5704 grad=3.239835739135742 conf_frac=0.250 (1729s)
[mlx] fixed step 1940 ce=0.9699 total=1.0908 grad=12.74050235748291 conf_frac=1.000 (1738s)
[mlx] fixed step 1950 ce=1.7189 total=1.7420 grad=9.273837089538574 conf_frac=0.500 (1745s)
[mlx] fixed step 1960 ce=2.6176 total=2.7447 grad=4.90949010848999 conf_frac=0.500 (1753s)
[mlx] fixed step 1970 ce=1.0475 total=1.1137 grad=6.211952209472656 conf_frac=0.750 (1761s)
[mlx] fixed step 1980 ce=1.4913 total=1.5114 grad=7.397566795349121 conf_frac=0.500 (1768s)
[mlx] fixed step 1990 ce=1.0516 total=1.1508 grad=1.2613012790679932 conf_frac=0.000 (1777s)
[mlx] fixed step 2000 ce=1.9515 total=1.9778 grad=7.766941070556641 conf_frac=0.500 (1786s)
[mlx] fixed step 2010 ce=1.6275 total=1.6546 grad=8.510076522827148 conf_frac=0.500 (1793s)
[mlx] fixed step 2020 ce=1.0783 total=1.1338 grad=9.784330368041992 conf_frac=0.750 (1801s)
[mlx] fixed step 2030 ce=1.1365 total=1.1707 grad=2.313413381576538 conf_frac=0.250 (1810s)
[mlx] fixed step 2040 ce=0.7889 total=0.8091 grad=2.1549832820892334 conf_frac=0.250 (1818s)
[mlx] fixed step 2050 ce=1.0807 total=1.1241 grad=10.06200885772705 conf_frac=0.750 (1826s)
[mlx] fixed step 2060 ce=0.9037 total=0.9398 grad=8.6141996383667 conf_frac=0.500 (1834s)
[mlx] fixed step 2070 ce=1.3036 total=1.3318 grad=6.427563667297363 conf_frac=0.500 (1843s)
[mlx] fixed step 2080 ce=1.2523 total=1.2899 grad=4.265478610992432 conf_frac=0.500 (1850s)
[mlx] fixed step 2090 ce=1.5077 total=1.5641 grad=6.590854167938232 conf_frac=0.250 (1859s)
[mlx] fixed step 2100 ce=0.9921 total=1.0330 grad=16.10884666442871 conf_frac=0.500 (1867s)
[mlx] fixed step 2110 ce=0.6371 total=0.6504 grad=2.389296054840088 conf_frac=0.250 (1876s)
[mlx] fixed step 2120 ce=0.8820 total=0.9188 grad=4.261460781097412 conf_frac=0.500 (1884s)
[mlx] fixed step 2130 ce=0.5210 total=0.6226 grad=1.3087586164474487 conf_frac=0.000 (1893s)
[mlx] fixed step 2140 ce=0.3868 total=0.4327 grad=9.582844734191895 conf_frac=0.750 (1900s)
[mlx] fixed step 2150 ce=0.7843 total=0.8414 grad=2.8388800621032715 conf_frac=0.000 (1908s)
[mlx] fixed step 2160 ce=0.7984 total=0.8557 grad=14.985917091369629 conf_frac=0.750 (1917s)
[mlx] fixed step 2170 ce=1.5194 total=1.5760 grad=6.181650638580322 conf_frac=0.250 (1925s)
[mlx] fixed step 2180 ce=1.3359 total=1.3624 grad=3.3069913387298584 conf_frac=0.500 (1933s)
[mlx] fixed step 2190 ce=0.6606 total=0.6981 grad=3.8120217323303223 conf_frac=0.250 (1942s)
[mlx] fixed step 2200 ce=1.2320 total=1.2863 grad=14.79295539855957 conf_frac=0.750 (1951s)
[mlx] fixed step 2210 ce=0.8464 total=0.8879 grad=9.641911506652832 conf_frac=0.500 (1961s)
[mlx] fixed step 2220 ce=1.0973 total=1.1275 grad=3.3601810932159424 conf_frac=0.500 (1969s)
[mlx] fixed step 2230 ce=1.2033 total=1.2303 grad=6.947051525115967 conf_frac=0.500 (1977s)
[mlx] fixed step 2240 ce=0.5987 total=0.6709 grad=0.6967116594314575 conf_frac=0.000 (1990s)
[mlx] fixed step 2250 ce=1.3803 total=1.4153 grad=3.1488382816314697 conf_frac=0.250 (2007s)
[mlx] fixed step 2260 ce=0.9811 total=1.0047 grad=6.751249313354492 conf_frac=0.500 (2022s)
[mlx] fixed step 2270 ce=1.0204 total=1.0497 grad=8.082736015319824 conf_frac=0.500 (2030s)
[mlx] fixed step 2280 ce=1.8300 total=1.8519 grad=2.51287841796875 conf_frac=0.250 (2040s)
[mlx] fixed step 2290 ce=0.9515 total=0.9740 grad=4.401425838470459 conf_frac=0.500 (2049s)
[mlx] fixed step 2300 ce=0.9178 total=0.9419 grad=6.207126617431641 conf_frac=0.500 (2075s)
[mlx] fixed step 2310 ce=1.5047 total=1.5359 grad=10.501961708068848 conf_frac=0.500 (2088s)
[mlx] fixed step 2320 ce=1.0382 total=1.0618 grad=8.708746910095215 conf_frac=0.500 (2095s)
[mlx] fixed step 2330 ce=1.3979 total=1.4429 grad=2.3066775798797607 conf_frac=0.500 (2104s)
[mlx] fixed step 2340 ce=1.4285 total=1.4437 grad=4.275594234466553 conf_frac=0.250 (2112s)
[mlx] fixed step 2350 ce=1.0543 total=1.1413 grad=1.1299772262573242 conf_frac=0.000 (2119s)
[mlx] fixed step 2360 ce=0.7274 total=0.7482 grad=11.445147514343262 conf_frac=0.500 (2127s)
[mlx] fixed step 2370 ce=1.3636 total=1.4101 grad=16.368785858154297 conf_frac=0.750 (2135s)
[mlx] fixed step 2380 ce=1.6831 total=1.7066 grad=4.669281005859375 conf_frac=0.500 (2142s)
[mlx] fixed step 2390 ce=1.1476 total=1.1708 grad=3.564549684524536 conf_frac=0.500 (2150s)
[mlx] fixed step 2400 ce=1.7519 total=1.7856 grad=13.320476531982422 conf_frac=0.750 (2157s)
[mlx] fixed step 2410 ce=1.4010 total=1.4256 grad=7.784018039703369 conf_frac=0.500 (2166s)
[mlx] fixed step 2420 ce=0.8664 total=0.9008 grad=3.205280065536499 conf_frac=0.500 (2174s)
[mlx] fixed step 2430 ce=1.2886 total=1.3092 grad=5.372042179107666 conf_frac=0.500 (2182s)
[mlx] fixed step 2440 ce=0.9325 total=0.9768 grad=5.105682373046875 conf_frac=0.250 (2191s)
[mlx] fixed step 2450 ce=1.1297 total=1.1509 grad=6.395171165466309 conf_frac=0.250 (2200s)
[mlx] fixed step 2460 ce=1.3748 total=1.5086 grad=1.7657041549682617 conf_frac=1.000 (2208s)
[mlx] fixed step 2470 ce=1.7488 total=1.8053 grad=4.781536102294922 conf_frac=0.500 (2216s)
[mlx] fixed step 2480 ce=0.9514 total=0.9764 grad=8.134522438049316 conf_frac=0.500 (2224s)
[mlx] fixed step 2490 ce=0.5706 total=0.6767 grad=1.770148515701294 conf_frac=0.000 (2232s)
[mlx] fixed step 2500 ce=1.6353 total=1.6616 grad=6.213634967803955 conf_frac=0.500 (2241s)
[mlx] fixed step 2510 ce=1.1419 total=1.1884 grad=3.9855217933654785 conf_frac=0.500 (2249s)
[mlx] fixed step 2520 ce=0.3016 total=0.3495 grad=13.425397872924805 conf_frac=0.750 (2258s)
[mlx] fixed step 2530 ce=1.4804 total=1.5087 grad=7.942151069641113 conf_frac=0.500 (2266s)
[mlx] fixed step 2540 ce=0.9076 total=0.9525 grad=12.478896141052246 conf_frac=0.750 (2277s)
[mlx] fixed step 2550 ce=1.0143 total=1.0315 grad=1.7656115293502808 conf_frac=0.250 (2289s)
[mlx] fixed step 2560 ce=0.9534 total=1.0009 grad=3.5583479404449463 conf_frac=0.250 (2297s)
[mlx] fixed step 2570 ce=0.9992 total=1.0265 grad=5.558067321777344 conf_frac=0.500 (2306s)
[mlx] fixed step 2580 ce=1.2497 total=1.2779 grad=2.792977809906006 conf_frac=0.500 (2315s)
[mlx] fixed step 2590 ce=1.8474 total=1.8866 grad=9.043944358825684 conf_frac=0.250 (2322s)
[mlx] fixed step 2600 ce=1.2155 total=1.2514 grad=9.991015434265137 conf_frac=0.500 (2331s)
[mlx] fixed step 2610 ce=0.9133 total=0.9983 grad=17.12898826599121 conf_frac=1.000 (2340s)
[mlx] fixed step 2620 ce=1.3100 total=1.3406 grad=0.9796234965324402 conf_frac=0.000 (2348s)
[mlx] fixed step 2630 ce=0.9566 total=0.9859 grad=8.473471641540527 conf_frac=0.500 (2356s)
[mlx] fixed step 2640 ce=1.4797 total=1.5170 grad=3.469822645187378 conf_frac=0.500 (2364s)
[mlx] fixed step 2650 ce=1.0004 total=1.0555 grad=0.3686005175113678 conf_frac=0.750 (2373s)
[mlx] fixed step 2660 ce=1.1318 total=1.1776 grad=1.8811777830123901 conf_frac=0.500 (2381s)
[mlx] fixed step 2670 ce=1.5074 total=1.5469 grad=6.937740802764893 conf_frac=0.750 (2389s)
[mlx] fixed step 2680 ce=1.0916 total=1.1168 grad=11.222492218017578 conf_frac=0.500 (2399s)
[mlx] fixed step 2690 ce=1.4337 total=1.4848 grad=12.378543853759766 conf_frac=0.750 (2407s)
[mlx] fixed step 2700 ce=0.3976 total=0.4487 grad=1.4584789276123047 conf_frac=0.750 (2415s)
[mlx] fixed step 2710 ce=0.8328 total=0.8567 grad=2.925140619277954 conf_frac=0.500 (2423s)
[mlx] fixed step 2720 ce=0.8646 total=0.9072 grad=13.733719825744629 conf_frac=0.750 (2431s)
[mlx] fixed step 2730 ce=0.5301 total=0.6203 grad=9.558412551879883 conf_frac=0.750 (2439s)
[mlx] fixed step 2740 ce=0.9402 total=0.9796 grad=13.243705749511719 conf_frac=0.750 (2448s)
[mlx] fixed step 2750 ce=1.3806 total=1.4239 grad=4.790802478790283 conf_frac=0.250 (2456s)
[mlx] fixed step 2760 ce=1.6074 total=1.6371 grad=8.58516788482666 conf_frac=0.500 (2464s)
[mlx] fixed step 2770 ce=1.1002 total=1.1263 grad=8.182682991027832 conf_frac=0.500 (2472s)
[mlx] fixed step 2780 ce=1.3725 total=1.4053 grad=5.793290138244629 conf_frac=0.500 (2481s)
[mlx] fixed step 2790 ce=0.9182 total=0.9914 grad=7.239928722381592 conf_frac=0.750 (2488s)
[mlx] fixed step 2800 ce=0.8657 total=0.8935 grad=6.789455890655518 conf_frac=0.500 (2497s)
[mlx] fixed step 2810 ce=0.8588 total=0.8995 grad=14.021100997924805 conf_frac=0.750 (2505s)
[mlx] fixed step 2820 ce=1.0580 total=1.1099 grad=9.463871955871582 conf_frac=0.750 (2514s)
[mlx] fixed step 2830 ce=0.7575 total=0.8145 grad=4.983798027038574 conf_frac=0.750 (2522s)
[mlx] fixed step 2840 ce=0.8362 total=0.8827 grad=16.3456974029541 conf_frac=0.750 (2531s)
[mlx] fixed step 2850 ce=0.9114 total=0.9366 grad=2.7997045516967773 conf_frac=0.500 (2540s)
[mlx] fixed step 2860 ce=1.4264 total=1.4687 grad=11.9126615524292 conf_frac=0.500 (2548s)
[mlx] fixed step 2870 ce=1.6131 total=1.6415 grad=8.447184562683105 conf_frac=0.500 (2556s)
[mlx] fixed step 2880 ce=0.9052 total=0.9469 grad=12.673198699951172 conf_frac=0.750 (2564s)
[mlx] fixed step 2890 ce=1.7754 total=1.8002 grad=3.533191680908203 conf_frac=0.500 (2572s)
[mlx] fixed step 2900 ce=0.9137 total=1.0026 grad=1.4242854118347168 conf_frac=0.000 (2580s)
[mlx] fixed step 2910 ce=1.6114 total=1.7480 grad=7.879922389984131 conf_frac=1.000 (2588s)
[mlx] fixed step 2920 ce=1.9001 total=1.9339 grad=14.274300575256348 conf_frac=0.750 (2596s)
[mlx] fixed step 2930 ce=0.8259 total=0.9433 grad=4.578369617462158 conf_frac=1.000 (2605s)
[mlx] fixed step 2940 ce=1.4199 total=1.4582 grad=11.50094985961914 conf_frac=0.500 (2613s)
[mlx] fixed step 2950 ce=1.1265 total=1.1444 grad=2.710838556289673 conf_frac=0.250 (2621s)
[mlx] fixed step 2960 ce=0.7064 total=0.7420 grad=3.9121243953704834 conf_frac=0.500 (2629s)
[mlx] fixed step 2970 ce=1.3541 total=1.4901 grad=12.139801979064941 conf_frac=1.000 (2638s)
[mlx] fixed step 2980 ce=0.9459 total=0.9655 grad=8.497868537902832 conf_frac=0.500 (2646s)
[mlx] fixed step 2990 ce=0.4990 total=0.5366 grad=6.715523719787598 conf_frac=0.500 (2655s)
[mlx] fixed step 3000 ce=1.1445 total=1.1632 grad=6.2810235023498535 conf_frac=0.500 (2663s)
[mlx] fixed step 3010 ce=0.8971 total=0.9225 grad=7.675517559051514 conf_frac=0.500 (2671s)
[mlx] fixed step 3020 ce=1.6511 total=1.6954 grad=4.883344650268555 conf_frac=0.250 (2680s)
[mlx] fixed step 3030 ce=1.2090 total=1.2392 grad=6.979150772094727 conf_frac=0.250 (2688s)
[mlx] fixed step 3040 ce=1.3298 total=1.3546 grad=6.529806137084961 conf_frac=0.500 (2697s)
[mlx] fixed step 3050 ce=1.8072 total=1.8194 grad=2.59633207321167 conf_frac=0.250 (2705s)
[mlx] fixed step 3060 ce=2.0749 total=2.1198 grad=6.909964084625244 conf_frac=0.250 (2713s)
[mlx] fixed step 3070 ce=1.3199 total=1.3697 grad=4.515806674957275 conf_frac=0.250 (2721s)
[mlx] fixed step 3080 ce=1.0195 total=1.0674 grad=15.112140655517578 conf_frac=0.750 (2730s)
[mlx] fixed step 3090 ce=1.5898 total=1.6415 grad=6.480096817016602 conf_frac=0.250 (2738s)
[mlx] fixed step 3100 ce=0.3831 total=0.4417 grad=4.011851787567139 conf_frac=0.750 (2746s)
[mlx] fixed step 3110 ce=1.0102 total=1.0351 grad=7.633009433746338 conf_frac=0.500 (2755s)
[mlx] fixed step 3120 ce=0.8371 total=0.8996 grad=7.837955474853516 conf_frac=0.750 (2763s)
[mlx] fixed step 3130 ce=0.7256 total=0.7707 grad=9.90964412689209 conf_frac=0.750 (2772s)
[mlx] fixed step 3140 ce=0.8945 total=0.9493 grad=7.3725666999816895 conf_frac=0.750 (2779s)
[mlx] fixed step 3150 ce=1.4916 total=1.5525 grad=8.118086814880371 conf_frac=0.750 (2788s)
[mlx] fixed step 3160 ce=1.8485 total=1.8809 grad=10.430190086364746 conf_frac=0.500 (2796s)
[mlx] fixed step 3170 ce=1.2392 total=1.2634 grad=9.114001274108887 conf_frac=0.500 (2805s)
[mlx] fixed step 3180 ce=1.9938 total=2.0339 grad=3.131281614303589 conf_frac=0.250 (2814s)
[mlx] fixed step 3190 ce=1.1668 total=1.2428 grad=9.882429122924805 conf_frac=0.750 (2822s)
[mlx] fixed step 3200 ce=1.7859 total=1.8117 grad=11.48218059539795 conf_frac=0.500 (2830s)
[mlx] fixed step 3210 ce=1.5461 total=1.5768 grad=7.080390930175781 conf_frac=0.500 (2838s)
[mlx] fixed step 3220 ce=1.9640 total=2.0096 grad=3.5134289264678955 conf_frac=0.250 (2845s)
[mlx] fixed step 3230 ce=1.3456 total=1.3909 grad=10.596002578735352 conf_frac=0.750 (2854s)
[mlx] fixed step 3240 ce=1.2942 total=1.3234 grad=8.317163467407227 conf_frac=0.500 (2862s)
[mlx] fixed step 3250 ce=0.6756 total=0.6927 grad=6.115417003631592 conf_frac=0.500 (2870s)
[mlx] fixed step 3260 ce=1.7767 total=1.8128 grad=9.536590576171875 conf_frac=0.500 (2879s)
[mlx] fixed step 3270 ce=1.6698 total=1.7085 grad=10.456669807434082 conf_frac=0.500 (2888s)
[mlx] fixed step 3280 ce=1.5694 total=1.6150 grad=3.332421064376831 conf_frac=0.250 (2896s)
[mlx] fixed step 3290 ce=1.2642 total=1.4409 grad=7.0641255378723145 conf_frac=1.000 (2903s)
[mlx] fixed step 3300 ce=0.9767 total=1.0832 grad=15.09322452545166 conf_frac=1.000 (2911s)
[mlx] fixed step 3310 ce=1.1971 total=1.2383 grad=4.255105495452881 conf_frac=0.250 (2919s)
[mlx] fixed step 3320 ce=1.3815 total=1.4934 grad=14.200139999389648 conf_frac=1.000 (2928s)
[mlx] fixed step 3330 ce=1.3508 total=1.3996 grad=3.510453462600708 conf_frac=0.250 (2936s)
[mlx] fixed step 3340 ce=1.1155 total=1.2045 grad=9.026809692382812 conf_frac=0.750 (2945s)
[mlx] fixed step 3350 ce=1.6872 total=1.7177 grad=11.04797077178955 conf_frac=0.500 (2954s)
[mlx] fixed step 3360 ce=2.0679 total=2.0894 grad=5.813418865203857 conf_frac=0.500 (2963s)
[mlx] fixed step 3370 ce=1.0977 total=1.1490 grad=6.749943256378174 conf_frac=0.250 (2972s)
[mlx] fixed step 3380 ce=1.1397 total=1.1600 grad=8.275494575500488 conf_frac=0.500 (2981s)
[mlx] fixed step 3390 ce=1.3216 total=1.3867 grad=13.0814208984375 conf_frac=0.250 (2990s)
[mlx] fixed step 3400 ce=1.1744 total=1.2020 grad=2.7211251258850098 conf_frac=0.500 (2998s)
[mlx] fixed step 3410 ce=1.3735 total=1.4567 grad=9.3029203414917 conf_frac=0.000 (3007s)
[mlx] fixed step 3420 ce=1.2028 total=1.3475 grad=1.8928773403167725 conf_frac=0.000 (3015s)
[mlx] fixed step 3430 ce=0.9805 total=1.0444 grad=2.849055290222168 conf_frac=0.750 (3024s)
[mlx] fixed step 3440 ce=1.3608 total=1.4063 grad=6.41680908203125 conf_frac=0.500 (3032s)
[mlx] fixed step 3450 ce=0.5336 total=0.5584 grad=12.30901050567627 conf_frac=0.500 (3041s)
[mlx] fixed step 3460 ce=1.7882 total=1.8725 grad=9.431529998779297 conf_frac=0.750 (3049s)
[mlx] fixed step 3470 ce=0.7260 total=0.7684 grad=10.280247688293457 conf_frac=0.500 (3057s)
[mlx] fixed step 3480 ce=0.6753 total=0.7404 grad=5.5813469886779785 conf_frac=0.750 (3065s)
[mlx] fixed step 3490 ce=1.6608 total=1.7274 grad=4.803859710693359 conf_frac=0.750 (3074s)
[mlx] fixed step 3500 ce=1.4618 total=1.5012 grad=2.0154504776000977 conf_frac=0.750 (3082s)
[mlx] fixed step 3510 ce=1.5708 total=1.6163 grad=14.506351470947266 conf_frac=0.750 (3090s)
[mlx] fixed step 3520 ce=1.8964 total=1.9422 grad=10.665182113647461 conf_frac=0.750 (3099s)
[mlx] fixed step 3530 ce=2.5281 total=2.5607 grad=4.078688144683838 conf_frac=0.250 (3108s)
[mlx] fixed step 3540 ce=1.0660 total=1.1068 grad=3.7061121463775635 conf_frac=0.250 (3116s)
[mlx] fixed step 3550 ce=2.0137 total=2.0325 grad=4.747046947479248 conf_frac=0.500 (3125s)
[mlx] fixed step 3560 ce=0.9624 total=1.0330 grad=3.0642545223236084 conf_frac=0.000 (3133s)
[mlx] fixed step 3570 ce=1.4287 total=1.4910 grad=5.473793029785156 conf_frac=0.750 (3140s)
[mlx] fixed step 3580 ce=1.3093 total=1.3608 grad=3.866405487060547 conf_frac=0.250 (3148s)
[mlx] fixed step 3590 ce=1.7348 total=1.7570 grad=3.724524736404419 conf_frac=0.500 (3156s)
[mlx] fixed step 3600 ce=1.6180 total=1.6446 grad=2.7227578163146973 conf_frac=0.250 (3164s)
[mlx] fixed step 3610 ce=1.4239 total=1.4732 grad=10.061141967773438 conf_frac=0.750 (3173s)
[mlx] fixed step 3620 ce=1.6735 total=1.7315 grad=2.613837957382202 conf_frac=0.000 (3181s)
[mlx] fixed step 3630 ce=1.5171 total=1.5888 grad=2.9129230976104736 conf_frac=0.750 (3190s)
[mlx] fixed step 3640 ce=1.1708 total=1.2443 grad=7.399107456207275 conf_frac=0.750 (3198s)
[mlx] fixed step 3650 ce=1.0640 total=1.0888 grad=5.808573246002197 conf_frac=0.250 (3207s)
[mlx] fixed step 3660 ce=0.9293 total=0.9568 grad=1.674804449081421 conf_frac=0.500 (3214s)
[mlx] fixed step 3670 ce=1.5856 total=1.6463 grad=9.594144821166992 conf_frac=0.250 (3223s)
[mlx] fixed step 3680 ce=1.5086 total=1.5306 grad=5.5589189529418945 conf_frac=0.500 (3231s)
[mlx] fixed step 3690 ce=1.3655 total=1.4092 grad=12.298412322998047 conf_frac=0.500 (3240s)
[mlx] fixed step 3700 ce=1.3594 total=1.4103 grad=11.633145332336426 conf_frac=0.500 (3248s)
[mlx] fixed step 3710 ce=1.4549 total=1.4857 grad=3.601583957672119 conf_frac=0.250 (3257s)
[mlx] fixed step 3720 ce=1.5773 total=1.6245 grad=5.488063812255859 conf_frac=0.500 (3265s)
[mlx] fixed step 3730 ce=1.3354 total=1.3608 grad=7.236224174499512 conf_frac=0.500 (3274s)
[mlx] fixed step 3740 ce=1.3172 total=1.3405 grad=2.921417474746704 conf_frac=0.500 (3282s)
[mlx] fixed step 3750 ce=1.8751 total=1.9517 grad=3.710834503173828 conf_frac=0.250 (3291s)
[mlx] fixed step 3760 ce=1.0906 total=1.1241 grad=8.181455612182617 conf_frac=0.500 (3299s)
[mlx] fixed step 3770 ce=0.3064 total=0.3453 grad=2.8093106746673584 conf_frac=0.500 (3307s)
[mlx] fixed step 3780 ce=1.0917 total=1.1128 grad=6.770913600921631 conf_frac=0.500 (3316s)
[mlx] fixed step 3790 ce=2.1535 total=2.2038 grad=4.285006046295166 conf_frac=0.250 (3325s)
[mlx] fixed step 3800 ce=1.2195 total=1.2816 grad=8.62387752532959 conf_frac=0.750 (3332s)
[mlx] fixed step 3810 ce=1.2852 total=1.3318 grad=15.896796226501465 conf_frac=0.750 (3341s)
[mlx] fixed step 3820 ce=1.3994 total=1.4249 grad=9.904387474060059 conf_frac=0.500 (3348s)
[mlx] fixed step 3830 ce=1.9131 total=1.9867 grad=5.5450544357299805 conf_frac=0.750 (3357s)
[mlx] fixed step 3840 ce=0.6869 total=0.7525 grad=5.527726650238037 conf_frac=0.750 (3365s)
[mlx] fixed step 3850 ce=1.3988 total=1.4458 grad=2.2202870845794678 conf_frac=0.750 (3373s)
[mlx] fixed step 3860 ce=1.6078 total=1.7021 grad=4.247524738311768 conf_frac=0.000 (3382s)
[mlx] fixed step 3870 ce=1.3836 total=1.4034 grad=5.311957359313965 conf_frac=0.250 (3389s)
[mlx] fixed step 3880 ce=1.4263 total=1.4537 grad=3.410233974456787 conf_frac=0.250 (3397s)
[mlx] fixed step 3890 ce=1.2995 total=1.3326 grad=2.198751449584961 conf_frac=0.500 (3405s)
[mlx] fixed step 3900 ce=1.6352 total=1.7151 grad=2.9729301929473877 conf_frac=0.000 (3413s)
[mlx] fixed step 3910 ce=0.8355 total=0.9426 grad=3.7345898151397705 conf_frac=1.000 (3421s)
[mlx] fixed step 3920 ce=2.0851 total=2.1074 grad=8.488237380981445 conf_frac=0.500 (3430s)
[mlx] fixed step 3930 ce=1.3613 total=1.4073 grad=5.134027004241943 conf_frac=0.750 (3439s)
[mlx] fixed step 3940 ce=1.2358 total=1.3437 grad=1.3466790914535522 conf_frac=0.000 (3447s)
[mlx] fixed step 3950 ce=1.0094 total=1.0332 grad=7.973263263702393 conf_frac=0.500 (3455s)
[mlx] fixed step 3960 ce=0.8046 total=0.8400 grad=6.874871730804443 conf_frac=0.500 (3464s)
[mlx] fixed step 3970 ce=1.0772 total=1.1307 grad=12.726059913635254 conf_frac=0.750 (3472s)
[mlx] fixed step 3980 ce=0.8751 total=0.9440 grad=10.888032913208008 conf_frac=0.750 (3481s)
[mlx] fixed step 3990 ce=1.7307 total=1.7712 grad=8.462138175964355 conf_frac=0.250 (3490s)
[mlx] fixed step 4000 ce=0.6906 total=0.7194 grad=7.37241792678833 conf_frac=0.500 (3498s)
[mlx] fixed step 4010 ce=0.9475 total=0.9957 grad=16.769683837890625 conf_frac=0.750 (3507s)
[mlx] fixed step 4020 ce=0.5751 total=0.6053 grad=7.149540424346924 conf_frac=0.500 (3516s)
[mlx] fixed step 4030 ce=0.6230 total=0.7213 grad=4.8639397621154785 conf_frac=1.000 (3525s)
[mlx] fixed step 4040 ce=0.7608 total=0.7919 grad=2.682267904281616 conf_frac=0.500 (3534s)
[mlx] fixed step 4050 ce=0.4869 total=0.5346 grad=10.800167083740234 conf_frac=0.750 (3542s)
[mlx] fixed step 4060 ce=1.2465 total=1.2618 grad=5.488872528076172 conf_frac=0.250 (3551s)
[mlx] fixed step 4070 ce=0.5299 total=0.5854 grad=1.5863065719604492 conf_frac=0.750 (3559s)
[mlx] fixed step 4080 ce=0.3005 total=0.3231 grad=5.000908374786377 conf_frac=0.500 (3567s)
[mlx] fixed step 4090 ce=0.7885 total=0.8449 grad=1.6000276803970337 conf_frac=0.500 (3575s)
[mlx] fixed step 4100 ce=0.5048 total=0.6344 grad=10.706549644470215 conf_frac=1.000 (3583s)
[mlx] fixed step 4110 ce=0.5140 total=0.5464 grad=2.4205551147460938 conf_frac=0.500 (3592s)
[mlx] fixed step 4120 ce=0.5464 total=0.5912 grad=8.609684944152832 conf_frac=0.500 (3600s)
[mlx] fixed step 4130 ce=0.6624 total=0.7304 grad=7.5153489112854 conf_frac=0.750 (3608s)
[mlx] fixed step 4140 ce=0.5722 total=0.6154 grad=12.709914207458496 conf_frac=0.750 (3617s)
[mlx] fixed step 4150 ce=0.9183 total=0.9412 grad=9.846878051757812 conf_frac=0.500 (3625s)
[mlx] fixed step 4160 ce=0.4345 total=0.5202 grad=1.2269350290298462 conf_frac=0.000 (3634s)
[mlx] fixed step 4170 ce=0.5241 total=0.5543 grad=6.020317554473877 conf_frac=0.500 (3642s)
[mlx] fixed step 4180 ce=0.8621 total=0.9089 grad=2.039536952972412 conf_frac=0.500 (3650s)
[mlx] fixed step 4190 ce=0.5527 total=0.5669 grad=2.8218438625335693 conf_frac=0.250 (3658s)
[mlx] fixed step 4200 ce=0.6702 total=0.6979 grad=6.44932746887207 conf_frac=0.500 (3666s)
[mlx] fixed step 4210 ce=0.3272 total=0.4083 grad=9.01807975769043 conf_frac=0.750 (3674s)
[mlx] fixed step 4220 ce=0.8127 total=0.8753 grad=1.227360725402832 conf_frac=0.750 (3682s)
[mlx] fixed step 4230 ce=1.1049 total=1.1649 grad=0.9612560272216797 conf_frac=0.750 (3690s)
[mlx] fixed step 4240 ce=0.6539 total=0.6823 grad=4.456337928771973 conf_frac=0.500 (3699s)
[mlx] fixed step 4250 ce=0.8665 total=0.9014 grad=8.032842636108398 conf_frac=0.500 (3707s)
[mlx] fixed step 4260 ce=0.8478 total=0.8705 grad=5.503436088562012 conf_frac=0.500 (3715s)
[mlx] fixed step 4270 ce=0.6493 total=0.7700 grad=11.980618476867676 conf_frac=1.000 (3723s)
[mlx] fixed step 4280 ce=0.5486 total=0.6002 grad=9.063331604003906 conf_frac=0.750 (3731s)
[mlx] fixed step 4290 ce=0.5446 total=0.5795 grad=4.496716022491455 conf_frac=0.500 (3739s)
[mlx] fixed step 4300 ce=0.7311 total=0.7743 grad=5.36476469039917 conf_frac=0.500 (3747s)
[mlx] fixed step 4310 ce=0.9494 total=1.0125 grad=3.9870684146881104 conf_frac=0.250 (3755s)
[mlx] fixed step 4320 ce=1.0143 total=1.0315 grad=6.450943946838379 conf_frac=0.500 (3763s)
[mlx] fixed step 4330 ce=0.7857 total=0.8371 grad=3.5022692680358887 conf_frac=0.250 (3772s)
[mlx] fixed step 4340 ce=0.8010 total=0.8226 grad=8.142889022827148 conf_frac=0.500 (3780s)
[mlx] fixed step 4350 ce=0.5932 total=0.6163 grad=9.512828826904297 conf_frac=0.500 (3789s)
[mlx] fixed step 4360 ce=0.6836 total=0.7143 grad=5.2768473625183105 conf_frac=0.500 (3798s)
[mlx] fixed step 4370 ce=0.5260 total=0.5841 grad=13.348350524902344 conf_frac=0.750 (3806s)
[mlx] fixed step 4380 ce=0.5037 total=0.5363 grad=3.316981554031372 conf_frac=0.500 (3814s)
[mlx] fixed step 4390 ce=1.1461 total=1.1993 grad=2.2633676528930664 conf_frac=0.750 (3822s)
[mlx] fixed step 4400 ce=0.6390 total=0.6656 grad=2.9289391040802 conf_frac=0.250 (3830s)
[mlx] fixed step 4410 ce=1.2124 total=1.2950 grad=5.283782005310059 conf_frac=0.750 (3839s)
[mlx] fixed step 4420 ce=0.5819 total=0.6210 grad=3.2751009464263916 conf_frac=0.750 (3848s)
[mlx] fixed step 4430 ce=0.3171 total=0.3565 grad=6.427403450012207 conf_frac=0.500 (3856s)
[mlx] fixed step 4440 ce=0.5646 total=0.6039 grad=13.500344276428223 conf_frac=0.750 (3864s)
[mlx] fixed step 4450 ce=0.6761 total=0.6906 grad=2.783947229385376 conf_frac=0.250 (3872s)
[mlx] fixed step 4460 ce=0.9051 total=0.9410 grad=2.6171391010284424 conf_frac=0.500 (3879s)
[mlx] fixed step 4470 ce=0.5557 total=0.5801 grad=10.243961334228516 conf_frac=0.500 (3886s)
[mlx] fixed step 4480 ce=0.4625 total=0.4890 grad=5.999698162078857 conf_frac=0.500 (3896s)
[mlx] fixed step 4490 ce=0.7799 total=0.8165 grad=9.928272247314453 conf_frac=0.500 (3904s)
[mlx] fixed step 4500 ce=1.1024 total=1.1375 grad=3.176013469696045 conf_frac=0.250 (3913s)
[mlx] fixed step 4510 ce=1.0018 total=1.0295 grad=2.1303069591522217 conf_frac=0.250 (3921s)
[mlx] fixed step 4520 ce=0.6357 total=0.7403 grad=4.477634429931641 conf_frac=1.000 (3931s)
[mlx] fixed step 4530 ce=0.9008 total=0.9506 grad=15.038239479064941 conf_frac=0.750 (3939s)
[mlx] fixed step 4540 ce=0.9428 total=0.9975 grad=2.2792959213256836 conf_frac=0.750 (3948s)
[mlx] fixed step 4550 ce=0.7353 total=0.7931 grad=7.698578834533691 conf_frac=0.750 (3956s)
[mlx] fixed step 4560 ce=0.4346 total=0.4937 grad=1.8069486618041992 conf_frac=0.750 (3964s)
[mlx] fixed step 4570 ce=0.7905 total=0.8329 grad=3.7744743824005127 conf_frac=0.250 (3973s)
[mlx] fixed step 4580 ce=1.1892 total=1.2161 grad=7.7726263999938965 conf_frac=0.500 (3983s)
[mlx] fixed step 4590 ce=0.9838 total=1.0077 grad=7.057586669921875 conf_frac=0.500 (4001s)
[mlx] fixed step 4600 ce=1.0811 total=1.1209 grad=4.597771644592285 conf_frac=0.500 (4010s)
[mlx] fixed step 4610 ce=1.6254 total=1.6766 grad=4.88456916809082 conf_frac=0.250 (4019s)
[mlx] fixed step 4620 ce=0.3636 total=0.3929 grad=8.37566089630127 conf_frac=0.500 (4027s)
[mlx] fixed step 4630 ce=0.4353 total=0.4752 grad=3.3034579753875732 conf_frac=0.500 (4035s)
[mlx] fixed step 4640 ce=0.5425 total=0.5600 grad=2.370094060897827 conf_frac=0.500 (4044s)
[mlx] fixed step 4650 ce=0.8156 total=0.8504 grad=1.2520132064819336 conf_frac=0.500 (4052s)
[mlx] fixed step 4660 ce=0.6747 total=0.6962 grad=5.629708290100098 conf_frac=0.500 (4060s)
[mlx] fixed step 4670 ce=0.5103 total=0.5804 grad=2.8358848094940186 conf_frac=0.000 (4069s)
[mlx] fixed step 4680 ce=1.0986 total=1.1191 grad=5.315721035003662 conf_frac=0.250 (4077s)
[mlx] fixed step 4690 ce=0.6964 total=0.7299 grad=3.9775993824005127 conf_frac=0.250 (4086s)
[mlx] fixed step 4700 ce=0.2406 total=0.2861 grad=6.879453659057617 conf_frac=0.250 (4094s)
[mlx] fixed step 4710 ce=1.1527 total=1.1730 grad=5.594986438751221 conf_frac=0.250 (4103s)
[mlx] fixed step 4720 ce=0.3488 total=0.3647 grad=5.80267333984375 conf_frac=0.250 (4111s)
[mlx] fixed step 4730 ce=0.7977 total=0.8621 grad=9.041903495788574 conf_frac=0.750 (4120s)
[mlx] fixed step 4740 ce=1.3048 total=1.3396 grad=3.8836119174957275 conf_frac=0.250 (4128s)
[mlx] fixed step 4750 ce=0.2650 total=0.2888 grad=5.776787281036377 conf_frac=0.500 (4136s)
[mlx] fixed step 4760 ce=1.8819 total=1.9648 grad=1.5868903398513794 conf_frac=0.750 (4144s)
[mlx] fixed step 4770 ce=0.9809 total=1.0816 grad=12.76165771484375 conf_frac=1.000 (4152s)
[mlx] fixed step 4780 ce=0.6465 total=0.6654 grad=3.8390753269195557 conf_frac=0.250 (4160s)
[mlx] fixed step 4790 ce=0.2462 total=0.2779 grad=4.200505256652832 conf_frac=0.500 (4169s)
[mlx] fixed step 4800 ce=0.5439 total=0.5839 grad=4.774534702301025 conf_frac=0.250 (4178s)
[mlx] fixed step 4810 ce=0.8458 total=0.9094 grad=7.503015518188477 conf_frac=0.750 (4187s)
[mlx] fixed step 4820 ce=0.6838 total=0.7140 grad=2.931635856628418 conf_frac=0.500 (4195s)
[mlx] fixed step 4830 ce=0.8108 total=0.8586 grad=3.5968799591064453 conf_frac=0.250 (4203s)
[mlx] fixed step 4840 ce=0.5660 total=0.6067 grad=3.7301764488220215 conf_frac=0.250 (4211s)
[mlx] fixed step 4850 ce=0.4158 total=0.4510 grad=3.4960763454437256 conf_frac=0.250 (4219s)
[mlx] fixed step 4860 ce=0.8872 total=0.9147 grad=8.115778923034668 conf_frac=0.500 (4227s)
[mlx] fixed step 4870 ce=0.3989 total=0.4677 grad=5.6282243728637695 conf_frac=0.750 (4235s)
[mlx] fixed step 4880 ce=0.6793 total=0.7249 grad=16.783342361450195 conf_frac=0.750 (4244s)
[mlx] fixed step 4890 ce=0.7452 total=0.7698 grad=7.007317066192627 conf_frac=0.500 (4252s)
[mlx] fixed step 4900 ce=0.4378 total=0.4828 grad=12.44338321685791 conf_frac=0.500 (4260s)
[mlx] fixed step 4910 ce=1.3630 total=1.4211 grad=0.9442986845970154 conf_frac=0.750 (4268s)
[mlx] fixed step 4920 ce=0.4120 total=0.5113 grad=6.484609603881836 conf_frac=0.750 (4276s)
[mlx] fixed step 4930 ce=1.2776 total=1.3237 grad=5.023521423339844 conf_frac=0.250 (4285s)
[mlx] fixed step 4940 ce=1.7526 total=1.8025 grad=5.836232662200928 conf_frac=0.250 (4292s)
[mlx] fixed step 4950 ce=0.5043 total=0.5410 grad=12.432135581970215 conf_frac=0.250 (4301s)
[mlx] fixed step 4960 ce=0.7120 total=0.7741 grad=7.834017276763916 conf_frac=0.750 (4309s)
[mlx] fixed step 4970 ce=0.4675 total=0.5043 grad=7.707705974578857 conf_frac=0.500 (4317s)
[mlx] fixed step 4980 ce=0.6446 total=0.6826 grad=12.837453842163086 conf_frac=0.750 (4325s)
[mlx] fixed step 4990 ce=1.2598 total=1.3737 grad=0.1373729407787323 conf_frac=0.000 (4333s)
[mlx] fixed step 5000 ce=0.8453 total=0.8665 grad=7.093405246734619 conf_frac=0.500 (4342s)
[mlx] fixed step 5010 ce=0.5070 total=0.5293 grad=6.411523342132568 conf_frac=0.500 (4351s)
[mlx] fixed step 5020 ce=1.1524 total=1.2263 grad=9.096442222595215 conf_frac=0.750 (4360s)
[mlx] fixed step 5030 ce=0.7213 total=0.7677 grad=11.911707878112793 conf_frac=0.750 (4368s)
[mlx] fixed step 5040 ce=1.2836 total=1.3317 grad=12.379555702209473 conf_frac=0.750 (4377s)
[mlx] fixed step 5050 ce=1.1344 total=1.1555 grad=2.24951434135437 conf_frac=0.500 (4385s)
[mlx] fixed step 5060 ce=0.6918 total=0.7198 grad=6.232987880706787 conf_frac=0.500 (4393s)
[mlx] fixed step 5070 ce=0.5157 total=0.5447 grad=4.779735088348389 conf_frac=0.500 (4400s)
[mlx] fixed step 5080 ce=0.9726 total=1.0010 grad=4.787919521331787 conf_frac=0.500 (4408s)
[mlx] fixed step 5090 ce=0.8685 total=0.9136 grad=5.042226791381836 conf_frac=0.250 (4416s)
[mlx] fixed step 5100 ce=0.8636 total=0.9022 grad=2.3464083671569824 conf_frac=0.250 (4423s)
[mlx] fixed step 5110 ce=1.0515 total=1.0717 grad=4.997389793395996 conf_frac=0.500 (4431s)
[mlx] fixed step 5120 ce=0.6292 total=0.6809 grad=8.941231727600098 conf_frac=0.750 (4438s)
[mlx] fixed step 5130 ce=0.7758 total=0.8305 grad=3.291172742843628 conf_frac=0.500 (4446s)
[mlx] fixed step 5140 ce=0.7710 total=0.8044 grad=3.0420734882354736 conf_frac=0.250 (4455s)
[mlx] fixed step 5150 ce=0.6796 total=0.7273 grad=4.913325786590576 conf_frac=0.250 (4463s)
[mlx] fixed step 5160 ce=1.0512 total=1.0723 grad=5.970486640930176 conf_frac=0.500 (4471s)
[mlx] fixed step 5170 ce=0.6882 total=0.7230 grad=3.5261409282684326 conf_frac=0.500 (4479s)
[mlx] fixed step 5180 ce=1.1787 total=1.2434 grad=5.727537155151367 conf_frac=0.750 (4488s)
[mlx] fixed step 5190 ce=1.0362 total=1.0636 grad=9.95816707611084 conf_frac=0.500 (4496s)
[mlx] fixed step 5200 ce=1.1161 total=1.1483 grad=3.156919240951538 conf_frac=0.500 (4506s)
[mlx] fixed step 5210 ce=0.6641 total=0.7001 grad=3.9393227100372314 conf_frac=0.500 (4515s)
[mlx] fixed step 5220 ce=0.7281 total=0.7715 grad=11.337516784667969 conf_frac=0.750 (4523s)
[mlx] fixed step 5230 ce=0.3886 total=0.4283 grad=6.531945705413818 conf_frac=0.500 (4531s)
[mlx] fixed step 5240 ce=0.2726 total=0.3642 grad=6.563926696777344 conf_frac=0.500 (4538s)
[mlx] fixed step 5250 ce=0.6801 total=0.7246 grad=4.746521949768066 conf_frac=0.500 (4547s)
[mlx] fixed step 5260 ce=0.4125 total=0.4395 grad=7.681920528411865 conf_frac=0.250 (4556s)
[mlx] fixed step 5270 ce=0.5284 total=0.5698 grad=4.379400253295898 conf_frac=0.750 (4564s)
[mlx] fixed step 5280 ce=0.5963 total=0.6286 grad=2.445009469985962 conf_frac=0.250 (4572s)
[mlx] fixed step 5290 ce=0.6302 total=0.6630 grad=3.285701036453247 conf_frac=0.500 (4581s)
[mlx] fixed step 5300 ce=0.3838 total=0.4095 grad=3.0235278606414795 conf_frac=0.500 (4589s)
[mlx] fixed step 5310 ce=0.2342 total=0.2590 grad=1.1390936374664307 conf_frac=0.500 (4597s)
[mlx] fixed step 5320 ce=0.7375 total=0.7700 grad=3.4789650440216064 conf_frac=0.500 (4605s)
[mlx] fixed step 5330 ce=0.9250 total=1.0163 grad=16.88054656982422 conf_frac=1.000 (4614s)
[mlx] fixed step 5340 ce=0.6349 total=0.6844 grad=12.378311157226562 conf_frac=0.500 (4622s)
[mlx] fixed step 5350 ce=0.9999 total=1.0235 grad=6.575781345367432 conf_frac=0.500 (4629s)
[mlx] fixed step 5360 ce=0.7223 total=0.7478 grad=3.376685857772827 conf_frac=0.500 (4637s)
[mlx] fixed step 5370 ce=0.9628 total=1.0026 grad=1.9867807626724243 conf_frac=0.250 (4647s)
[mlx] fixed step 5380 ce=0.6352 total=0.6601 grad=5.840733528137207 conf_frac=0.500 (4655s)
[mlx] fixed step 5390 ce=0.4401 total=0.5687 grad=10.558328628540039 conf_frac=1.000 (4664s)
[mlx] fixed step 5400 ce=0.4664 total=0.4909 grad=7.108986854553223 conf_frac=0.500 (4673s)
[mlx] fixed step 5410 ce=0.5244 total=0.5635 grad=3.8699538707733154 conf_frac=0.250 (4681s)
[mlx] fixed step 5420 ce=1.1064 total=1.1304 grad=5.367079734802246 conf_frac=0.500 (4690s)
[mlx] fixed step 5430 ce=0.6702 total=0.7317 grad=5.364304065704346 conf_frac=0.750 (4699s)
[mlx] fixed step 5440 ce=1.0183 total=1.1127 grad=3.07610821723938 conf_frac=1.000 (4707s)
[mlx] fixed step 5450 ce=0.7538 total=0.7793 grad=7.305265426635742 conf_frac=0.500 (4716s)
[mlx] fixed step 5460 ce=0.7134 total=0.8288 grad=12.065861701965332 conf_frac=1.000 (4724s)
[mlx] fixed step 5470 ce=0.9468 total=1.0467 grad=1.3294026851654053 conf_frac=0.000 (4735s)
[mlx] fixed step 5480 ce=0.6075 total=0.6472 grad=3.9330637454986572 conf_frac=0.750 (4743s)
[mlx] fixed step 5490 ce=0.6757 total=0.7176 grad=3.0470337867736816 conf_frac=0.250 (4751s)
[mlx] fixed step 5500 ce=0.8590 total=0.9089 grad=7.858218193054199 conf_frac=0.750 (4760s)
[mlx] fixed step 5510 ce=0.5665 total=0.5943 grad=5.305640697479248 conf_frac=0.250 (4768s)
[mlx] fixed step 5520 ce=0.4527 total=0.4679 grad=4.634498119354248 conf_frac=0.500 (4777s)
[mlx] fixed step 5530 ce=1.2799 total=1.3110 grad=3.278975486755371 conf_frac=0.500 (4785s)
[mlx] fixed step 5540 ce=1.2647 total=1.3225 grad=14.229887962341309 conf_frac=0.500 (4794s)
[mlx] fixed step 5550 ce=0.7959 total=0.8425 grad=10.129674911499023 conf_frac=0.750 (4802s)
[mlx] fixed step 5560 ce=0.8824 total=0.9019 grad=3.4679553508758545 conf_frac=0.250 (4811s)
[mlx] fixed step 5570 ce=0.5769 total=0.6119 grad=5.01666784286499 conf_frac=0.500 (4819s)
[mlx] fixed step 5580 ce=0.8813 total=0.9016 grad=8.479801177978516 conf_frac=0.500 (4827s)
[mlx] fixed step 5590 ce=0.8094 total=0.8391 grad=1.315046787261963 conf_frac=0.500 (4836s)
[mlx] fixed step 5600 ce=0.8156 total=0.8418 grad=7.67856502532959 conf_frac=0.500 (4844s)
[mlx] fixed step 5610 ce=1.1251 total=1.1581 grad=1.9654146432876587 conf_frac=0.250 (4852s)
[mlx] fixed step 5620 ce=0.3430 total=0.4611 grad=5.277603626251221 conf_frac=0.750 (4860s)
[mlx] fixed step 5630 ce=1.2243 total=1.2752 grad=3.924013614654541 conf_frac=0.250 (4869s)
[mlx] fixed step 5640 ce=1.1308 total=1.1763 grad=7.6125617027282715 conf_frac=0.750 (4877s)
[mlx] fixed step 5650 ce=0.9331 total=0.9845 grad=15.16690444946289 conf_frac=0.500 (4885s)
[mlx] fixed step 5660 ce=0.5773 total=0.6329 grad=4.518754005432129 conf_frac=0.250 (4894s)
[mlx] fixed step 5670 ce=0.4259 total=0.5084 grad=3.892301321029663 conf_frac=0.750 (4902s)
[mlx] fixed step 5680 ce=0.4501 total=0.5355 grad=4.980344295501709 conf_frac=0.750 (4911s)
[mlx] fixed step 5690 ce=1.0152 total=1.0447 grad=3.3942997455596924 conf_frac=0.250 (4919s)
[mlx] fixed step 5700 ce=0.8420 total=0.8937 grad=15.466755867004395 conf_frac=0.250 (4927s)
[mlx] fixed step 5710 ce=0.7624 total=0.8377 grad=5.376593589782715 conf_frac=0.750 (4935s)
[mlx] fixed step 5720 ce=1.0211 total=1.0896 grad=5.568567752838135 conf_frac=0.750 (4945s)
[mlx] fixed step 5730 ce=0.9568 total=0.9929 grad=11.316842079162598 conf_frac=0.750 (4954s)
[mlx] fixed step 5740 ce=0.5733 total=0.6150 grad=9.648932456970215 conf_frac=0.750 (4962s)
[mlx] fixed step 5750 ce=0.6968 total=0.7182 grad=3.1931254863739014 conf_frac=0.500 (4970s)
[mlx] fixed step 5760 ce=0.5032 total=0.5370 grad=4.760550022125244 conf_frac=0.250 (4978s)
[mlx] fixed step 5770 ce=1.0105 total=1.0756 grad=9.206480026245117 conf_frac=0.750 (4987s)
[mlx] fixed step 5780 ce=1.0913 total=1.1287 grad=8.895012855529785 conf_frac=0.250 (4995s)
[mlx] fixed step 5790 ce=0.6047 total=0.6181 grad=2.5294108390808105 conf_frac=0.250 (5004s)
[mlx] fixed step 5800 ce=0.4013 total=0.4955 grad=7.51563024520874 conf_frac=0.750 (5011s)
[mlx] fixed step 5810 ce=0.3938 total=0.4169 grad=5.92841100692749 conf_frac=0.500 (5020s)
[mlx] fixed step 5820 ce=1.7914 total=1.8247 grad=10.925966262817383 conf_frac=0.500 (5029s)
[mlx] fixed step 5830 ce=0.5723 total=0.6029 grad=4.47744083404541 conf_frac=0.500 (5037s)
[mlx] fixed step 5840 ce=0.8375 total=0.9429 grad=10.502041816711426 conf_frac=0.750 (5044s)
[mlx] fixed step 5850 ce=0.5232 total=0.6005 grad=19.886568069458008 conf_frac=1.000 (5053s)
[mlx] fixed step 5860 ce=1.5613 total=1.6128 grad=3.9306585788726807 conf_frac=0.250 (5062s)
[mlx] fixed step 5870 ce=0.5507 total=0.5946 grad=2.693653106689453 conf_frac=0.750 (5070s)
[mlx] fixed step 5880 ce=1.0214 total=1.0826 grad=4.057401657104492 conf_frac=0.250 (5079s)
[mlx] fixed step 5890 ce=0.6666 total=0.7088 grad=10.824321746826172 conf_frac=0.500 (5087s)
[mlx] fixed step 5900 ce=1.3053 total=1.3528 grad=1.8406016826629639 conf_frac=0.750 (5095s)
[mlx] fixed step 5910 ce=0.9485 total=0.9724 grad=4.050361633300781 conf_frac=0.250 (5103s)
[mlx] fixed step 5920 ce=0.4681 total=0.5231 grad=7.932324409484863 conf_frac=0.750 (5112s)
[mlx] fixed step 5930 ce=0.5989 total=0.6447 grad=3.018747329711914 conf_frac=0.500 (5121s)
[mlx] fixed step 5940 ce=1.1186 total=1.1566 grad=4.78157377243042 conf_frac=0.250 (5130s)
[mlx] fixed step 5950 ce=1.1618 total=1.1774 grad=5.177385330200195 conf_frac=0.250 (5139s)
[mlx] fixed step 5960 ce=0.5389 total=0.5673 grad=2.1965413093566895 conf_frac=0.250 (5147s)
[mlx] fixed step 5970 ce=1.0375 total=1.0521 grad=4.421322345733643 conf_frac=0.250 (5155s)
[mlx] fixed step 5980 ce=0.7350 total=0.7937 grad=5.02590274810791 conf_frac=0.250 (5164s)
[mlx] fixed step 5990 ce=0.5063 total=0.5413 grad=7.112313747406006 conf_frac=0.250 (5172s)
[mlx] fixed step 6000 ce=0.6055 total=0.6280 grad=2.5203254222869873 conf_frac=0.500 (5181s)
[mlx] fixed post-train (n=8008) acc=0.9339 majority=0.4993 dist={'[CONFIDENT]': 0.5017482517482518, '[COND_CONFIDENT]': 0.061813186813186816, '[TEMPORAL_HEDGE]': 0.4364385614385614, '[UNKNOWN]': 0.0}
[mlx] fixed accuracy lift over majority-class baseline: +0.4347 (discriminating)
[mlx] fixed finished: 6006 steps in 5185.6s
[mlx] saved adapter -> data/prep/tcl_mlx_7b/tsct_seed4_r2/adapter_fixed

[mlx] wrote data/prep/tcl_mlx_7b/tsct_seed4_r2/loss_log.csv
[mlx] wrote data/prep/tcl_mlx_7b/tsct_seed4_r2/run_meta.json
=== train tsct seed 4 wall 6511s
Fetching 9 files:   0%|          | 0/9 [00:00<?, ?it/s]Fetching 9 files: 100%|██████████| 9/9 [00:00<00:00, 59634.65it/s]
[gen] 3622 examples | source=temporal-delta:test | arm=tsct | adapter=data/prep/tcl_mlx_7b/tsct_seed4_r2/adapter_fixed
[gen] 100/3622  EM=0.040 hedge_acc=1.000 fallback=0.000 (22s, 0.22s/ex)
[gen] 200/3622  EM=0.020 hedge_acc=1.000 fallback=0.000 (45s, 0.22s/ex)
[gen] 300/3622  EM=0.053 hedge_acc=1.000 fallback=0.000 (68s, 0.23s/ex)
[gen] 400/3622  EM=0.048 hedge_acc=1.000 fallback=0.000 (92s, 0.23s/ex)
[gen] 500/3622  EM=0.038 hedge_acc=1.000 fallback=0.000 (119s, 0.24s/ex)
[gen] 600/3622  EM=0.032 hedge_acc=1.000 fallback=0.000 (147s, 0.25s/ex)
[gen] 700/3622  EM=0.031 hedge_acc=1.000 fallback=0.000 (172s, 0.25s/ex)
[gen] 800/3622  EM=0.029 hedge_acc=1.000 fallback=0.000 (199s, 0.25s/ex)
[gen] 900/3622  EM=0.026 hedge_acc=1.000 fallback=0.000 (226s, 0.25s/ex)
[gen] 1000/3622  EM=0.023 hedge_acc=1.000 fallback=0.000 (253s, 0.25s/ex)
[gen] 1100/3622  EM=0.021 hedge_acc=0.999 fallback=0.000 (280s, 0.25s/ex)
[gen] 1200/3622  EM=0.019 hedge_acc=0.998 fallback=0.000 (307s, 0.26s/ex)
[gen] 1300/3622  EM=0.019 hedge_acc=0.998 fallback=0.000 (333s, 0.26s/ex)
[gen] 1400/3622  EM=0.018 hedge_acc=0.998 fallback=0.000 (358s, 0.26s/ex)
[gen] 1500/3622  EM=0.017 hedge_acc=0.998 fallback=0.000 (384s, 0.26s/ex)
[gen] 1600/3622  EM=0.016 hedge_acc=0.998 fallback=0.000 (410s, 0.26s/ex)
[gen] 1700/3622  EM=0.018 hedge_acc=0.998 fallback=0.000 (434s, 0.26s/ex)
[gen] 1800/3622  EM=0.018 hedge_acc=0.998 fallback=0.000 (457s, 0.25s/ex)
[gen] 1900/3622  EM=0.018 hedge_acc=0.998 fallback=0.000 (482s, 0.25s/ex)
[gen] 2000/3622  EM=0.019 hedge_acc=0.998 fallback=0.000 (506s, 0.25s/ex)
[gen] 2100/3622  EM=0.019 hedge_acc=0.998 fallback=0.000 (529s, 0.25s/ex)
[gen] 2200/3622  EM=0.018 hedge_acc=0.997 fallback=0.000 (554s, 0.25s/ex)
[gen] 2300/3622  EM=0.017 hedge_acc=0.997 fallback=0.000 (578s, 0.25s/ex)
[gen] 2400/3622  EM=0.022 hedge_acc=0.995 fallback=0.000 (601s, 0.25s/ex)
[gen] 2500/3622  EM=0.022 hedge_acc=0.996 fallback=0.000 (624s, 0.25s/ex)
[gen] 2600/3622  EM=0.022 hedge_acc=0.996 fallback=0.000 (649s, 0.25s/ex)
[gen] 2700/3622  EM=0.021 hedge_acc=0.996 fallback=0.000 (673s, 0.25s/ex)
[gen] 2800/3622  EM=0.022 hedge_acc=0.996 fallback=0.000 (697s, 0.25s/ex)
[gen] 2900/3622  EM=0.022 hedge_acc=0.996 fallback=0.000 (720s, 0.25s/ex)
[gen] 3000/3622  EM=0.021 hedge_acc=0.996 fallback=0.001 (746s, 0.25s/ex)
[gen] 3100/3622  EM=0.020 hedge_acc=0.996 fallback=0.001 (772s, 0.25s/ex)
[gen] 3200/3622  EM=0.020 hedge_acc=0.996 fallback=0.001 (799s, 0.25s/ex)
[gen] 3300/3622  EM=0.020 hedge_acc=0.996 fallback=0.001 (821s, 0.25s/ex)
[gen] 3400/3622  EM=0.020 hedge_acc=0.996 fallback=0.001 (842s, 0.25s/ex)
[gen] 3500/3622  EM=0.020 hedge_acc=0.996 fallback=0.001 (863s, 0.25s/ex)
[gen] 3600/3622  EM=0.019 hedge_acc=0.996 fallback=0.001 (885s, 0.25s/ex)

[gen] wrote data/prep/predictions_7b/tsct_seed4_test.jsonl
[gen] n=3622  EM=0.0193  hedge_acc=0.9961  fallback_rate=0.0006  wall=890s
=== eval tsct seed 4 wall 894s
[mlx] loaded 8008 raw examples

[mlx] === condition: fixed ===
Fetching 9 files:   0%|          | 0/9 [00:00<?, ?it/s]Fetching 9 files: 100%|██████████| 9/9 [00:00<00:00, 22671.91it/s]
[mlx] hedge ids (no resize): [151665, 151666, 151667, 151668]
[mlx] adapted output projection: lm_head (untied)
Trainable parameters: 0.168% (12.780M/7615.617M)
[mlx] 8008 examples after tokenisation (max_len=128)
[mlx] hedge-head check: logit spread=0.000000 contrast_grad_norm=1748.762451
[mlx] fixed pre-train (n=8008) acc=0.4396 majority=0.4993 dist={'[CONFIDENT]': 1.0, '[COND_CONFIDENT]': 0.0, '[TEMPORAL_HEDGE]': 0.0, '[UNKNOWN]': 0.0}
[mlx] fixed step 0 ce=12.2347 total=12.2347 grad=3.6555745601654053 conf_frac=1.000 (1s)
[mlx] fixed step 10 ce=3.5322 total=3.5322 grad=18.592554092407227 conf_frac=0.000 (9s)
[mlx] fixed step 20 ce=1.6454 total=1.6454 grad=20.692359924316406 conf_frac=1.000 (17s)
[mlx] fixed step 30 ce=1.8153 total=1.8153 grad=41.7548942565918 conf_frac=0.000 (25s)
[mlx] fixed step 40 ce=3.2141 total=3.2141 grad=9.017522811889648 conf_frac=1.000 (33s)
[mlx] fixed step 50 ce=3.0343 total=3.0343 grad=5.440133094787598 conf_frac=0.000 (41s)
[mlx] fixed step 60 ce=2.3080 total=2.3080 grad=18.124174118041992 conf_frac=0.000 (48s)
[mlx] fixed step 70 ce=1.8484 total=1.8484 grad=0.4011770188808441 conf_frac=1.000 (57s)
[mlx] fixed step 80 ce=2.0491 total=2.0491 grad=5.621770858764648 conf_frac=1.000 (65s)
[mlx] fixed step 90 ce=2.9560 total=2.9560 grad=7.792674541473389 conf_frac=0.000 (73s)
[mlx] fixed step 100 ce=3.2779 total=3.2779 grad=21.79231071472168 conf_frac=1.000 (81s)
[mlx] fixed step 110 ce=2.1705 total=2.1705 grad=2.304446220397949 conf_frac=0.000 (89s)
[mlx] fixed step 120 ce=2.6834 total=2.6834 grad=5.835938453674316 conf_frac=0.000 (97s)
[mlx] fixed step 130 ce=2.1198 total=2.1198 grad=5.5925164222717285 conf_frac=1.000 (106s)
[mlx] fixed step 140 ce=2.4780 total=2.4780 grad=26.366384506225586 conf_frac=0.500 (114s)
[mlx] fixed step 150 ce=2.2790 total=2.2790 grad=19.545703887939453 conf_frac=0.000 (122s)
[mlx] fixed step 160 ce=3.8324 total=3.8324 grad=12.691511154174805 conf_frac=1.000 (130s)
[mlx] fixed step 170 ce=1.2707 total=1.2707 grad=3.385740041732788 conf_frac=0.500 (139s)
[mlx] fixed step 180 ce=2.1916 total=2.1916 grad=17.365453720092773 conf_frac=1.000 (147s)
[mlx] fixed step 190 ce=2.3336 total=2.3336 grad=7.406893730163574 conf_frac=0.250 (155s)
[mlx] fixed step 200 ce=2.4124 total=2.4124 grad=13.798450469970703 conf_frac=0.250 (164s)
[mlx] fixed step 210 ce=1.9870 total=1.9870 grad=9.255717277526855 conf_frac=0.250 (173s)
[mlx] fixed step 220 ce=2.3925 total=2.3925 grad=28.736040115356445 conf_frac=0.500 (180s)
[mlx] fixed step 230 ce=2.5284 total=2.5284 grad=3.8406600952148438 conf_frac=0.750 (189s)
[mlx] fixed step 240 ce=2.5081 total=2.5081 grad=5.774803161621094 conf_frac=0.750 (197s)
[mlx] fixed step 250 ce=2.5819 total=2.5819 grad=15.977210998535156 conf_frac=0.500 (205s)
[mlx] fixed step 260 ce=2.3348 total=2.3348 grad=1.1336233615875244 conf_frac=0.250 (218s)
[mlx] fixed step 270 ce=1.8989 total=1.8989 grad=0.7961841821670532 conf_frac=0.750 (227s)
[mlx] fixed step 280 ce=1.8112 total=1.8112 grad=0.6353306770324707 conf_frac=0.250 (236s)
[mlx] fixed step 290 ce=2.0332 total=2.0332 grad=11.129290580749512 conf_frac=0.500 (247s)
[mlx] fixed step 300 ce=2.0372 total=2.0372 grad=2.1287975311279297 conf_frac=0.250 (257s)
[mlx] fixed step 310 ce=2.0670 total=2.0670 grad=15.175371170043945 conf_frac=0.500 (265s)
[mlx] fixed step 320 ce=2.7114 total=2.7114 grad=0.5061126351356506 conf_frac=0.750 (273s)
[mlx] fixed step 330 ce=2.8709 total=2.8709 grad=11.318737983703613 conf_frac=0.500 (282s)
[mlx] fixed step 340 ce=1.2883 total=1.2883 grad=2.295435667037964 conf_frac=1.000 (291s)
[mlx] fixed step 350 ce=2.5313 total=2.5313 grad=5.899737358093262 conf_frac=0.250 (299s)
[mlx] fixed step 360 ce=1.6950 total=1.6950 grad=5.236019611358643 conf_frac=0.500 (307s)
[mlx] fixed step 370 ce=1.6504 total=1.6504 grad=7.805848598480225 conf_frac=0.500 (315s)
[mlx] fixed step 380 ce=2.8728 total=2.8728 grad=4.822585105895996 conf_frac=0.500 (324s)
[mlx] fixed step 390 ce=2.7868 total=2.7868 grad=0.8915776014328003 conf_frac=0.750 (332s)
[mlx] fixed step 400 ce=2.3890 total=2.3890 grad=5.980559825897217 conf_frac=0.500 (340s)
[mlx] fixed step 410 ce=1.3679 total=1.3679 grad=2.3578803539276123 conf_frac=0.250 (348s)
[mlx] fixed step 420 ce=3.5701 total=3.5701 grad=4.3023786544799805 conf_frac=0.750 (356s)
[mlx] fixed step 430 ce=1.8433 total=1.8433 grad=10.462989807128906 conf_frac=0.750 (365s)
[mlx] fixed step 440 ce=1.9647 total=1.9647 grad=3.5902819633483887 conf_frac=0.500 (373s)
[mlx] fixed step 450 ce=2.0764 total=2.0764 grad=1.614145278930664 conf_frac=0.500 (382s)
[mlx] fixed step 460 ce=1.9289 total=1.9289 grad=4.461316108703613 conf_frac=0.750 (390s)
[mlx] fixed step 470 ce=1.2099 total=1.2099 grad=3.138394594192505 conf_frac=0.500 (398s)
[mlx] fixed step 480 ce=1.4607 total=1.4607 grad=3.7811291217803955 conf_frac=0.750 (407s)
[mlx] fixed step 490 ce=2.4061 total=2.4061 grad=3.751863718032837 conf_frac=0.250 (416s)
[mlx] fixed step 500 ce=2.0051 total=2.0051 grad=2.1414177417755127 conf_frac=0.500 (424s)
[mlx] fixed step 510 ce=2.7990 total=2.7990 grad=1.9943046569824219 conf_frac=0.250 (432s)
[mlx] fixed step 520 ce=2.3102 total=2.3102 grad=0.7958146929740906 conf_frac=0.250 (441s)
[mlx] fixed step 530 ce=2.5792 total=2.5792 grad=17.068052291870117 conf_frac=1.000 (449s)
[mlx] fixed step 540 ce=1.7070 total=1.7070 grad=8.396767616271973 conf_frac=0.500 (457s)
[mlx] fixed step 550 ce=2.3036 total=2.3036 grad=13.602381706237793 conf_frac=0.750 (466s)
[mlx] fixed step 560 ce=1.9834 total=1.9834 grad=1.0850311517715454 conf_frac=0.500 (475s)
[mlx] fixed step 570 ce=2.1838 total=2.1838 grad=0.12488706409931183 conf_frac=0.250 (482s)
[mlx] fixed step 580 ce=2.5291 total=2.5291 grad=7.27376651763916 conf_frac=0.500 (491s)
[mlx] fixed step 590 ce=1.7999 total=1.7999 grad=0.23677106201648712 conf_frac=0.250 (499s)
[mlx] fixed step 600 ce=1.9612 total=1.9612 grad=0.795713484287262 conf_frac=0.000 (507s)
[mlx] fixed step 610 ce=1.5411 total=1.5411 grad=0.15725071728229523 conf_frac=0.250 (515s)
[mlx] fixed step 620 ce=1.7087 total=1.7087 grad=2.559117555618286 conf_frac=1.000 (524s)
[mlx] fixed step 630 ce=2.2714 total=2.2714 grad=5.921340465545654 conf_frac=0.500 (533s)
[mlx] fixed step 640 ce=1.6054 total=1.6054 grad=1.8595877885818481 conf_frac=1.000 (541s)
[mlx] fixed step 650 ce=1.7433 total=1.7433 grad=0.6584327816963196 conf_frac=0.250 (549s)
[mlx] fixed step 660 ce=1.4456 total=1.4456 grad=0.547550618648529 conf_frac=0.250 (558s)
[mlx] fixed step 670 ce=1.9632 total=1.9632 grad=0.20889054238796234 conf_frac=0.500 (567s)
[mlx] fixed step 680 ce=2.6762 total=2.6762 grad=1.6611026525497437 conf_frac=0.250 (575s)
[mlx] fixed step 690 ce=1.6057 total=1.6057 grad=1.3922616243362427 conf_frac=0.250 (583s)
[mlx] fixed step 700 ce=2.0106 total=2.0106 grad=1.9434539079666138 conf_frac=0.750 (591s)
[mlx] fixed step 710 ce=1.8192 total=1.8192 grad=0.37476933002471924 conf_frac=0.250 (600s)
[mlx] fixed step 720 ce=1.5172 total=1.5172 grad=13.384031295776367 conf_frac=0.500 (609s)
[mlx] fixed step 730 ce=1.9560 total=1.9560 grad=0.29484930634498596 conf_frac=0.250 (616s)
[mlx] fixed step 740 ce=2.4150 total=2.4150 grad=0.4366972744464874 conf_frac=0.500 (624s)
[mlx] fixed step 750 ce=2.0401 total=2.0401 grad=0.49476441740989685 conf_frac=0.250 (633s)
[mlx] fixed step 760 ce=2.7353 total=2.7353 grad=1.3013008832931519 conf_frac=0.250 (641s)
[mlx] fixed step 770 ce=0.7508 total=0.7508 grad=4.019216537475586 conf_frac=0.500 (649s)
[mlx] fixed step 780 ce=1.3292 total=1.3292 grad=22.114521026611328 conf_frac=0.750 (657s)
[mlx] fixed step 790 ce=1.4132 total=1.4132 grad=6.2528791427612305 conf_frac=0.500 (665s)
[mlx] fixed step 800 ce=2.1181 total=2.1181 grad=0.960299015045166 conf_frac=0.250 (673s)
[mlx] fixed step 810 ce=2.1038 total=2.1038 grad=0.002892786171287298 conf_frac=0.000 (683s)
[mlx] fixed step 820 ce=1.0199 total=1.0199 grad=10.570318222045898 conf_frac=0.750 (691s)
[mlx] fixed step 830 ce=1.7234 total=1.7234 grad=18.859954833984375 conf_frac=0.750 (699s)
[mlx] fixed step 840 ce=2.1056 total=2.1056 grad=2.4634695053100586 conf_frac=0.750 (707s)
[mlx] fixed step 850 ce=1.5526 total=1.5526 grad=9.43875503540039 conf_frac=0.750 (715s)
[mlx] fixed step 860 ce=1.8810 total=1.8810 grad=16.540264129638672 conf_frac=0.750 (723s)
[mlx] fixed step 870 ce=2.9083 total=2.9083 grad=14.353934288024902 conf_frac=0.750 (731s)
[mlx] fixed step 880 ce=1.5520 total=1.5520 grad=0.298597127199173 conf_frac=0.000 (739s)
[mlx] fixed step 890 ce=1.4410 total=1.4410 grad=1.0500168800354004 conf_frac=0.500 (748s)
[mlx] fixed step 900 ce=1.9696 total=1.9696 grad=23.434080123901367 conf_frac=0.500 (757s)
[mlx] fixed step 910 ce=1.5273 total=1.5273 grad=0.7355650663375854 conf_frac=0.250 (766s)
[mlx] fixed step 920 ce=1.8609 total=1.8609 grad=8.234020233154297 conf_frac=0.750 (776s)
[mlx] fixed step 930 ce=1.5926 total=1.5926 grad=1.2706854343414307 conf_frac=1.000 (785s)
[mlx] fixed step 940 ce=2.3563 total=2.3563 grad=6.817506313323975 conf_frac=0.250 (793s)
[mlx] fixed step 950 ce=1.1905 total=1.1905 grad=1.1500054597854614 conf_frac=0.500 (802s)
[mlx] fixed step 960 ce=1.7679 total=1.7679 grad=2.5336661338806152 conf_frac=0.250 (811s)
[mlx] fixed step 970 ce=1.0656 total=1.0656 grad=7.880449295043945 conf_frac=0.750 (820s)
[mlx] fixed step 980 ce=1.9260 total=1.9260 grad=0.8854019045829773 conf_frac=0.500 (828s)
[mlx] fixed step 990 ce=3.4300 total=3.4300 grad=0.4408951699733734 conf_frac=0.500 (837s)
[mlx] fixed step 1000 ce=1.8125 total=1.8125 grad=2.9584832191467285 conf_frac=0.500 (845s)
[mlx] fixed step 1010 ce=1.4291 total=1.4291 grad=2.9360878467559814 conf_frac=0.500 (854s)
[mlx] fixed step 1020 ce=1.8937 total=1.8937 grad=2.6975786685943604 conf_frac=0.500 (863s)
[mlx] fixed step 1030 ce=1.5492 total=1.5492 grad=2.466911554336548 conf_frac=1.000 (871s)
[mlx] fixed step 1040 ce=0.5115 total=0.5115 grad=3.301609754562378 conf_frac=0.750 (880s)
[mlx] fixed step 1050 ce=1.1594 total=1.1594 grad=1.0989978313446045 conf_frac=0.500 (888s)
[mlx] fixed step 1060 ce=3.0176 total=3.0176 grad=0.8060939908027649 conf_frac=0.500 (904s)
[mlx] fixed step 1070 ce=1.8612 total=1.8612 grad=6.715724945068359 conf_frac=0.750 (912s)
[mlx] fixed step 1080 ce=1.9795 total=1.9795 grad=14.64857006072998 conf_frac=0.500 (922s)
[mlx] fixed step 1090 ce=2.0411 total=2.0411 grad=12.84015941619873 conf_frac=0.500 (931s)
[mlx] fixed step 1100 ce=2.2487 total=2.2487 grad=0.04446128010749817 conf_frac=0.250 (939s)
[mlx] fixed step 1110 ce=2.1305 total=2.1305 grad=1.3826314210891724 conf_frac=0.500 (947s)
[mlx] fixed step 1120 ce=1.8711 total=1.8711 grad=1.1616653203964233 conf_frac=0.500 (955s)
[mlx] fixed step 1130 ce=1.6703 total=1.6703 grad=0.25136443972587585 conf_frac=0.500 (963s)
[mlx] fixed step 1140 ce=1.3172 total=1.3172 grad=0.0002867351577151567 conf_frac=0.000 (971s)
[mlx] fixed step 1150 ce=2.1731 total=2.1731 grad=2.7153844833374023 conf_frac=0.500 (979s)
[mlx] fixed step 1160 ce=1.7709 total=1.7709 grad=4.255318641662598 conf_frac=0.500 (987s)
[mlx] fixed step 1170 ce=1.2419 total=1.2419 grad=1.6966989040374756 conf_frac=1.000 (996s)
[mlx] fixed step 1180 ce=2.2708 total=2.2708 grad=0.6310477256774902 conf_frac=0.500 (1004s)
[mlx] fixed step 1190 ce=2.1343 total=2.1343 grad=17.869953155517578 conf_frac=0.750 (1013s)
[mlx] fixed step 1200 ce=2.2457 total=2.2457 grad=3.611616849899292 conf_frac=0.750 (1021s)
[mlx] fixed step 1210 ce=1.5532 total=1.5532 grad=0.2034624069929123 conf_frac=0.250 (1030s)
[mlx] fixed step 1220 ce=2.2445 total=2.2445 grad=5.954853057861328 conf_frac=0.500 (1038s)
[mlx] fixed step 1230 ce=1.8360 total=1.8360 grad=2.6338307857513428 conf_frac=0.500 (1047s)
[mlx] fixed step 1240 ce=1.1494 total=1.1494 grad=10.997922897338867 conf_frac=1.000 (1055s)
[mlx] fixed step 1250 ce=1.4928 total=1.4928 grad=5.345099925994873 conf_frac=1.000 (1063s)
[mlx] fixed step 1260 ce=1.8786 total=1.8786 grad=0.4185080826282501 conf_frac=0.750 (1073s)
[mlx] fixed step 1270 ce=1.4728 total=1.4728 grad=3.6939780712127686 conf_frac=0.500 (1082s)
[mlx] fixed step 1280 ce=1.6294 total=1.6294 grad=7.7761359214782715 conf_frac=0.750 (1090s)
[mlx] fixed step 1290 ce=1.7987 total=1.7987 grad=0.735613226890564 conf_frac=0.500 (1098s)
[mlx] fixed step 1300 ce=2.1969 total=2.1969 grad=0.43454721570014954 conf_frac=0.250 (1108s)
[mlx] fixed step 1310 ce=2.5926 total=2.5926 grad=13.103582382202148 conf_frac=0.500 (1116s)
[mlx] fixed step 1320 ce=2.2574 total=2.2574 grad=1.921416997909546 conf_frac=0.500 (1124s)
[mlx] fixed step 1330 ce=1.5432 total=1.5432 grad=1.7898139953613281 conf_frac=0.500 (1133s)
[mlx] fixed step 1340 ce=2.1117 total=2.1117 grad=4.909043312072754 conf_frac=0.000 (1141s)
[mlx] fixed step 1350 ce=1.3919 total=1.3919 grad=12.369590759277344 conf_frac=0.500 (1149s)
[mlx] fixed step 1360 ce=2.5702 total=2.5702 grad=5.608051776885986 conf_frac=0.750 (1158s)
[mlx] fixed step 1370 ce=1.9951 total=1.9951 grad=0.3541754186153412 conf_frac=0.250 (1167s)
[mlx] fixed step 1380 ce=1.8964 total=1.8964 grad=0.39339083433151245 conf_frac=0.500 (1176s)
[mlx] fixed step 1390 ce=2.2012 total=2.2012 grad=0.46701085567474365 conf_frac=0.750 (1183s)
[mlx] fixed step 1400 ce=0.9064 total=0.9064 grad=0.5225966572761536 conf_frac=0.500 (1192s)
[mlx] fixed step 1410 ce=1.4250 total=1.4250 grad=0.7512040138244629 conf_frac=0.500 (1202s)
[mlx] fixed step 1420 ce=1.5295 total=1.5295 grad=1.216102957725525 conf_frac=0.250 (1210s)
[mlx] fixed step 1430 ce=1.7129 total=1.7129 grad=1.2100251913070679 conf_frac=0.500 (1218s)
[mlx] fixed step 1440 ce=2.0074 total=2.0074 grad=0.2728850841522217 conf_frac=0.500 (1227s)
[mlx] fixed step 1450 ce=1.3431 total=1.3431 grad=1.5165743827819824 conf_frac=0.500 (1234s)
[mlx] fixed step 1460 ce=1.1874 total=1.1874 grad=6.477590560913086 conf_frac=0.750 (1242s)
[mlx] fixed step 1470 ce=1.6767 total=1.6767 grad=2.9288504123687744 conf_frac=1.000 (1251s)
[mlx] fixed step 1480 ce=1.9138 total=1.9138 grad=0.36206337809562683 conf_frac=0.500 (1260s)
[mlx] fixed step 1490 ce=1.0636 total=1.0636 grad=0.5158907175064087 conf_frac=0.500 (1268s)
[mlx] fixed step 1500 ce=2.2317 total=2.2317 grad=1.584788203239441 conf_frac=0.250 (1276s)
[mlx] fixed step 1510 ce=1.6164 total=1.6164 grad=3.5269174575805664 conf_frac=0.250 (1285s)
[mlx] fixed step 1520 ce=1.4390 total=1.4390 grad=1.0955324172973633 conf_frac=0.500 (1293s)
[mlx] fixed step 1530 ce=1.8068 total=1.8068 grad=1.4365044832229614 conf_frac=0.750 (1302s)
[mlx] fixed step 1540 ce=2.0019 total=2.0019 grad=4.276889324188232 conf_frac=0.750 (1311s)
[mlx] fixed step 1550 ce=0.9916 total=0.9916 grad=3.4876012802124023 conf_frac=0.500 (1319s)
[mlx] fixed step 1560 ce=1.8750 total=1.8750 grad=1.2154775857925415 conf_frac=0.250 (1326s)
[mlx] fixed step 1570 ce=1.7996 total=1.7996 grad=2.356069564819336 conf_frac=0.500 (1334s)
[mlx] fixed step 1580 ce=0.9042 total=0.9042 grad=16.46825408935547 conf_frac=1.000 (1342s)
[mlx] fixed step 1590 ce=1.1065 total=1.1065 grad=7.14302921295166 conf_frac=0.750 (1350s)
[mlx] fixed step 1600 ce=1.9607 total=1.9607 grad=1.522840976715088 conf_frac=0.250 (1359s)
[mlx] fixed step 1610 ce=3.0437 total=3.0437 grad=6.105948448181152 conf_frac=0.250 (1366s)
[mlx] fixed step 1620 ce=1.6091 total=1.6091 grad=7.006446361541748 conf_frac=0.000 (1374s)
[mlx] fixed step 1630 ce=1.2252 total=1.2252 grad=8.791213035583496 conf_frac=0.750 (1383s)
[mlx] fixed step 1640 ce=1.7334 total=1.7334 grad=2.602034330368042 conf_frac=0.750 (1391s)
[mlx] fixed step 1650 ce=2.6602 total=2.6602 grad=0.8893267512321472 conf_frac=0.250 (1399s)
[mlx] fixed step 1660 ce=1.4496 total=1.4496 grad=0.00026352977147325873 conf_frac=0.000 (1408s)
[mlx] fixed step 1670 ce=2.0608 total=2.0608 grad=8.007468223571777 conf_frac=0.250 (1415s)
[mlx] fixed step 1680 ce=1.6317 total=1.6317 grad=4.286337852478027 conf_frac=0.500 (1423s)
[mlx] fixed step 1690 ce=1.6070 total=1.6070 grad=3.732253074645996 conf_frac=0.500 (1432s)
[mlx] fixed step 1700 ce=1.7801 total=1.7801 grad=7.046374320983887 conf_frac=1.000 (1441s)
[mlx] fixed step 1710 ce=2.1292 total=2.1292 grad=1.7466058731079102 conf_frac=0.500 (1449s)
[mlx] fixed step 1720 ce=1.8796 total=1.8796 grad=6.238590240478516 conf_frac=1.000 (1458s)
[mlx] fixed step 1730 ce=1.9715 total=1.9715 grad=10.841249465942383 conf_frac=1.000 (1466s)
[mlx] fixed step 1740 ce=1.9887 total=1.9887 grad=5.613096237182617 conf_frac=0.750 (1475s)
[mlx] fixed step 1750 ce=2.7493 total=2.7493 grad=9.798789024353027 conf_frac=0.750 (1483s)
[mlx] fixed step 1760 ce=2.0572 total=2.0572 grad=6.8109869956970215 conf_frac=0.500 (1494s)
[mlx] fixed step 1770 ce=1.4367 total=1.4367 grad=4.529806137084961 conf_frac=0.500 (1501s)
[mlx] fixed step 1780 ce=2.4172 total=2.4172 grad=2.8633224964141846 conf_frac=0.250 (1510s)
[mlx] fixed step 1790 ce=1.4796 total=1.4796 grad=3.562899589538574 conf_frac=0.750 (1518s)
[mlx] fixed step 1800 ce=1.8240 total=1.8240 grad=4.703047752380371 conf_frac=0.750 (1527s)
[mlx] fixed step 1810 ce=1.6881 total=1.6881 grad=2.4963560104370117 conf_frac=0.250 (1535s)
[mlx] fixed step 1820 ce=1.2913 total=1.2913 grad=2.75996732711792 conf_frac=0.750 (1543s)
[mlx] fixed step 1830 ce=2.4013 total=2.4013 grad=5.214388370513916 conf_frac=0.750 (1551s)
[mlx] fixed step 1840 ce=1.9837 total=1.9837 grad=7.357816219329834 conf_frac=0.500 (1560s)
[mlx] fixed step 1850 ce=1.7437 total=1.7437 grad=0.040736038237810135 conf_frac=0.500 (1569s)
[mlx] fixed step 1860 ce=1.6932 total=1.6932 grad=0.18886587023735046 conf_frac=0.250 (1578s)
[mlx] fixed step 1870 ce=1.7308 total=1.7308 grad=2.1735453605651855 conf_frac=0.500 (1586s)
[mlx] fixed step 1880 ce=1.1357 total=1.1357 grad=5.974115371704102 conf_frac=0.750 (1594s)
[mlx] fixed step 1890 ce=2.1584 total=2.1584 grad=1.513639211654663 conf_frac=0.750 (1602s)
[mlx] fixed step 1900 ce=2.0073 total=2.0073 grad=0.3695406913757324 conf_frac=0.250 (1610s)
[mlx] fixed step 1910 ce=2.6503 total=2.6503 grad=0.5194017887115479 conf_frac=0.750 (1618s)
[mlx] fixed step 1920 ce=1.7209 total=1.7209 grad=0.022272326052188873 conf_frac=0.000 (1626s)
[mlx] fixed step 1930 ce=2.4914 total=2.4914 grad=0.1176171600818634 conf_frac=0.250 (1634s)
[mlx] fixed step 1940 ce=0.8877 total=0.8877 grad=1.456436276435852 conf_frac=1.000 (1642s)
[mlx] fixed step 1950 ce=1.7507 total=1.7507 grad=0.32958275079727173 conf_frac=0.500 (1649s)
[mlx] fixed step 1960 ce=2.5413 total=2.5413 grad=6.235747814178467 conf_frac=0.500 (1657s)
[mlx] fixed step 1970 ce=1.0141 total=1.0141 grad=0.12233942002058029 conf_frac=0.750 (1665s)
[mlx] fixed step 1980 ce=1.4632 total=1.4632 grad=3.0987424850463867 conf_frac=0.500 (1672s)
[mlx] fixed step 1990 ce=1.0196 total=1.0196 grad=0.0009091653046198189 conf_frac=0.000 (1681s)
[mlx] fixed step 2000 ce=1.9675 total=1.9675 grad=0.5896893739700317 conf_frac=0.500 (1690s)
[mlx] fixed step 2010 ce=1.4691 total=1.4691 grad=1.7520192861557007 conf_frac=0.500 (1697s)
[mlx] fixed step 2020 ce=1.0622 total=1.0622 grad=5.177154064178467 conf_frac=0.750 (1706s)
[mlx] fixed step 2030 ce=1.0915 total=1.0915 grad=0.0059975432232022285 conf_frac=0.250 (1714s)
[mlx] fixed step 2040 ce=0.7704 total=0.7704 grad=0.028350157663226128 conf_frac=0.250 (1723s)
[mlx] fixed step 2050 ce=1.0650 total=1.0650 grad=0.5338603258132935 conf_frac=0.750 (1731s)
[mlx] fixed step 2060 ce=0.8153 total=0.8153 grad=1.9467939138412476 conf_frac=0.500 (1739s)
[mlx] fixed step 2070 ce=1.2844 total=1.2844 grad=5.692313194274902 conf_frac=0.500 (1747s)
[mlx] fixed step 2080 ce=1.1478 total=1.1478 grad=4.582665920257568 conf_frac=0.500 (1755s)
[mlx] fixed step 2090 ce=1.4840 total=1.4840 grad=4.512711524963379 conf_frac=0.250 (1763s)
[mlx] fixed step 2100 ce=0.8086 total=0.8086 grad=6.316483974456787 conf_frac=0.750 (1772s)
[mlx] fixed step 2110 ce=0.6533 total=0.6533 grad=0.7374268770217896 conf_frac=0.250 (1781s)
[mlx] fixed step 2120 ce=0.8669 total=0.8669 grad=0.44627222418785095 conf_frac=0.500 (1791s)
[mlx] fixed step 2130 ce=0.4555 total=0.4555 grad=0.0012568878009915352 conf_frac=0.000 (1800s)
[mlx] fixed step 2140 ce=0.2687 total=0.2687 grad=0.3440791368484497 conf_frac=0.750 (1807s)
[mlx] fixed step 2150 ce=0.7474 total=0.7474 grad=0.0002677444426808506 conf_frac=0.000 (1815s)
[mlx] fixed step 2160 ce=0.7792 total=0.7792 grad=4.780677318572998 conf_frac=0.750 (1824s)
[mlx] fixed step 2170 ce=1.3549 total=1.3549 grad=2.7226414680480957 conf_frac=0.250 (1833s)
[mlx] fixed step 2180 ce=1.3457 total=1.3457 grad=6.744884967803955 conf_frac=0.500 (1841s)
[mlx] fixed step 2190 ce=0.6425 total=0.6425 grad=0.1722714900970459 conf_frac=0.250 (1849s)
[mlx] fixed step 2200 ce=1.3093 total=1.3093 grad=2.505157232284546 conf_frac=0.750 (1858s)
[mlx] fixed step 2210 ce=0.8222 total=0.8222 grad=8.31651782989502 conf_frac=0.250 (1867s)
[mlx] fixed step 2220 ce=1.1359 total=1.1359 grad=0.44584786891937256 conf_frac=0.500 (1875s)
[mlx] fixed step 2230 ce=1.1670 total=1.1670 grad=0.5920495986938477 conf_frac=0.500 (1882s)
[mlx] fixed step 2240 ce=0.5224 total=0.5224 grad=0.0005406615091487765 conf_frac=0.000 (1891s)
[mlx] fixed step 2250 ce=1.4139 total=1.4139 grad=0.031224971637129784 conf_frac=0.250 (1901s)
[mlx] fixed step 2260 ce=0.8888 total=0.8888 grad=0.029950924217700958 conf_frac=0.500 (1909s)
[mlx] fixed step 2270 ce=0.9741 total=0.9741 grad=2.618828296661377 conf_frac=0.500 (1917s)
[mlx] fixed step 2280 ce=1.6322 total=1.6322 grad=0.3476710617542267 conf_frac=0.250 (1926s)
[mlx] fixed step 2290 ce=0.8099 total=0.8099 grad=0.027787914499640465 conf_frac=0.500 (1934s)
[mlx] fixed step 2300 ce=0.8546 total=0.8546 grad=0.022660648450255394 conf_frac=0.500 (1942s)
[mlx] fixed step 2310 ce=1.3954 total=1.3954 grad=1.0070732831954956 conf_frac=0.500 (1951s)
[mlx] fixed step 2320 ce=0.9833 total=0.9833 grad=2.396538257598877 conf_frac=0.500 (1959s)
[mlx] fixed step 2330 ce=1.4268 total=1.4268 grad=3.1273014545440674 conf_frac=0.500 (1968s)
[mlx] fixed step 2340 ce=1.3335 total=1.3335 grad=0.18269070982933044 conf_frac=0.250 (1977s)
[mlx] fixed step 2350 ce=0.9091 total=0.9091 grad=0.0047368817031383514 conf_frac=0.000 (1985s)
[mlx] fixed step 2360 ce=0.8005 total=0.8005 grad=0.2239173799753189 conf_frac=0.500 (1993s)
[mlx] fixed step 2370 ce=1.3395 total=1.3395 grad=6.105825424194336 conf_frac=0.750 (2001s)
[mlx] fixed step 2380 ce=1.6923 total=1.6923 grad=0.2509586811065674 conf_frac=0.500 (2009s)
[mlx] fixed step 2390 ce=1.0855 total=1.0855 grad=0.3117372989654541 conf_frac=0.500 (2018s)
[mlx] fixed step 2400 ce=1.7256 total=1.7256 grad=0.8832684755325317 conf_frac=0.750 (2026s)
[mlx] fixed step 2410 ce=1.3405 total=1.3405 grad=0.7361106872558594 conf_frac=0.500 (2035s)
[mlx] fixed step 2420 ce=0.7485 total=0.7485 grad=0.21496228873729706 conf_frac=0.500 (2043s)
[mlx] fixed step 2430 ce=1.2903 total=1.2903 grad=1.1848795413970947 conf_frac=0.500 (2051s)
[mlx] fixed step 2440 ce=0.9137 total=0.9137 grad=0.07853477448225021 conf_frac=0.250 (2061s)
[mlx] fixed step 2450 ce=0.9783 total=0.9783 grad=0.1509959101676941 conf_frac=0.250 (2070s)
[mlx] fixed step 2460 ce=1.3385 total=1.3385 grad=3.2547054290771484 conf_frac=1.000 (2078s)
[mlx] fixed step 2470 ce=2.1542 total=2.1542 grad=4.118246555328369 conf_frac=0.500 (2087s)
[mlx] fixed step 2480 ce=0.9390 total=0.9390 grad=2.9816665649414062 conf_frac=0.500 (2096s)
[mlx] fixed step 2490 ce=0.4817 total=0.4817 grad=0.0009766948642209172 conf_frac=0.000 (2105s)
[mlx] fixed step 2500 ce=1.5953 total=1.5953 grad=0.7258386611938477 conf_frac=0.500 (2113s)
[mlx] fixed step 2510 ce=1.1437 total=1.1437 grad=3.529381513595581 conf_frac=0.500 (2125s)
[mlx] fixed step 2520 ce=0.2916 total=0.2916 grad=3.8429579734802246 conf_frac=0.750 (2133s)
[mlx] fixed step 2530 ce=1.4261 total=1.4261 grad=0.4277445673942566 conf_frac=0.500 (2141s)
[mlx] fixed step 2540 ce=0.8724 total=0.8724 grad=4.284163475036621 conf_frac=0.750 (2151s)
[mlx] fixed step 2550 ce=0.9432 total=0.9432 grad=0.03686319664120674 conf_frac=0.250 (2159s)
[mlx] fixed step 2560 ce=0.9246 total=0.9246 grad=0.022322792559862137 conf_frac=0.250 (2167s)
[mlx] fixed step 2570 ce=0.9398 total=0.9398 grad=0.011856813915073872 conf_frac=0.500 (2179s)
[mlx] fixed step 2580 ce=1.2285 total=1.2285 grad=5.668100357055664 conf_frac=0.500 (2196s)
[mlx] fixed step 2590 ce=1.5743 total=1.5743 grad=0.24261264503002167 conf_frac=0.250 (2204s)
[mlx] fixed step 2600 ce=1.1453 total=1.1453 grad=7.085771560668945 conf_frac=0.500 (2212s)
[mlx] fixed step 2610 ce=0.7911 total=0.7911 grad=6.768275737762451 conf_frac=1.000 (2220s)
[mlx] fixed step 2620 ce=1.1815 total=1.1815 grad=0.0055610365234315395 conf_frac=0.000 (2228s)
[mlx] fixed step 2630 ce=0.8974 total=0.8974 grad=0.121700718998909 conf_frac=0.500 (2237s)
[mlx] fixed step 2640 ce=1.4887 total=1.4887 grad=3.0891730785369873 conf_frac=0.500 (2245s)
[mlx] fixed step 2650 ce=0.9844 total=0.9844 grad=3.2601394653320312 conf_frac=0.750 (2254s)
[mlx] fixed step 2660 ce=0.9653 total=0.9653 grad=6.767212867736816 conf_frac=0.500 (2263s)
[mlx] fixed step 2670 ce=1.4363 total=1.4363 grad=5.692346096038818 conf_frac=0.500 (2271s)
[mlx] fixed step 2680 ce=1.0916 total=1.0916 grad=7.809751033782959 conf_frac=0.500 (2280s)
[mlx] fixed step 2690 ce=1.3815 total=1.3815 grad=0.7288323640823364 conf_frac=0.750 (2289s)
[mlx] fixed step 2700 ce=0.3198 total=0.3198 grad=2.372387647628784 conf_frac=0.750 (2297s)
[mlx] fixed step 2710 ce=0.6372 total=0.6372 grad=10.775256156921387 conf_frac=0.500 (2305s)
[mlx] fixed step 2720 ce=0.8285 total=0.8285 grad=19.65886116027832 conf_frac=0.500 (2313s)
[mlx] fixed step 2730 ce=0.4719 total=0.4719 grad=9.579076766967773 conf_frac=0.750 (2321s)
[mlx] fixed step 2740 ce=0.8046 total=0.8046 grad=0.9746056795120239 conf_frac=0.750 (2330s)
[mlx] fixed step 2750 ce=1.3608 total=1.3608 grad=0.3614896535873413 conf_frac=0.250 (2338s)
[mlx] fixed step 2760 ce=1.5937 total=1.5937 grad=5.5167975425720215 conf_frac=0.500 (2346s)
[mlx] fixed step 2770 ce=1.0299 total=1.0299 grad=0.8718826174736023 conf_frac=0.500 (2354s)
[mlx] fixed step 2780 ce=1.4198 total=1.4198 grad=1.6822502613067627 conf_frac=0.500 (2363s)
[mlx] fixed step 2790 ce=0.9219 total=0.9219 grad=0.7260755300521851 conf_frac=0.750 (2371s)
[mlx] fixed step 2800 ce=0.7389 total=0.7389 grad=0.32930779457092285 conf_frac=0.500 (2379s)
[mlx] fixed step 2810 ce=0.7897 total=0.7897 grad=1.3765933513641357 conf_frac=0.750 (2388s)
[mlx] fixed step 2820 ce=1.1064 total=1.1064 grad=1.5999776124954224 conf_frac=0.750 (2396s)
[mlx] fixed step 2830 ce=0.6605 total=0.6605 grad=1.0327507257461548 conf_frac=0.500 (2404s)
[mlx] fixed step 2840 ce=0.8367 total=0.8367 grad=7.972988605499268 conf_frac=0.750 (2413s)
[mlx] fixed step 2850 ce=0.8543 total=0.8543 grad=7.90471076965332 conf_frac=0.500 (2421s)
[mlx] fixed step 2860 ce=1.3914 total=1.3914 grad=4.615682125091553 conf_frac=0.500 (2430s)
[mlx] fixed step 2870 ce=1.5671 total=1.5671 grad=3.150851249694824 conf_frac=0.500 (2438s)
[mlx] fixed step 2880 ce=0.9154 total=0.9154 grad=1.5758272409439087 conf_frac=0.750 (2447s)
[mlx] fixed step 2890 ce=1.7423 total=1.7423 grad=0.16030363738536835 conf_frac=0.500 (2455s)
[mlx] fixed step 2900 ce=0.8227 total=0.8227 grad=0.0002736281603574753 conf_frac=0.000 (2465s)
[mlx] fixed step 2910 ce=1.5988 total=1.5988 grad=8.572407722473145 conf_frac=1.000 (2472s)
[mlx] fixed step 2920 ce=1.8600 total=1.8600 grad=6.250595569610596 conf_frac=0.750 (2481s)
[mlx] fixed step 2930 ce=0.7482 total=0.7482 grad=2.761385679244995 conf_frac=0.750 (2489s)
[mlx] fixed step 2940 ce=1.4306 total=1.4306 grad=7.6149067878723145 conf_frac=0.500 (2497s)
[mlx] fixed step 2950 ce=1.0458 total=1.0458 grad=2.9985084533691406 conf_frac=0.250 (2506s)
[mlx] fixed step 2960 ce=0.7797 total=0.7797 grad=0.6274588108062744 conf_frac=0.250 (2513s)
[mlx] fixed step 2970 ce=1.3026 total=1.3026 grad=1.723254919052124 conf_frac=1.000 (2521s)
[mlx] fixed step 2980 ce=0.9505 total=0.9505 grad=0.4375113248825073 conf_frac=0.500 (2530s)
[mlx] fixed step 2990 ce=0.4508 total=0.4508 grad=1.2837507724761963 conf_frac=0.500 (2539s)
[mlx] fixed step 3000 ce=1.0757 total=1.0757 grad=5.7957844734191895 conf_frac=0.500 (2547s)
[mlx] fixed step 3010 ce=0.9146 total=0.9146 grad=1.044141173362732 conf_frac=0.500 (2556s)
[mlx] fixed step 3020 ce=1.6389 total=1.6389 grad=0.5097553730010986 conf_frac=0.250 (2565s)
[mlx] fixed step 3030 ce=1.1795 total=1.1795 grad=1.4040257930755615 conf_frac=0.250 (2573s)
[mlx] fixed step 3040 ce=1.2827 total=1.2827 grad=1.420333743095398 conf_frac=0.500 (2583s)
[mlx] fixed step 3050 ce=1.7251 total=1.7251 grad=0.10764867067337036 conf_frac=0.250 (2591s)
[mlx] fixed step 3060 ce=1.9366 total=1.9366 grad=1.759102702140808 conf_frac=0.250 (2599s)
[mlx] fixed step 3070 ce=1.3138 total=1.3138 grad=7.731710433959961 conf_frac=0.250 (2607s)
[mlx] fixed step 3080 ce=1.0804 total=1.0804 grad=14.046306610107422 conf_frac=0.250 (2615s)
[mlx] fixed step 3090 ce=1.4890 total=1.4890 grad=5.275927543640137 conf_frac=0.250 (2623s)
[mlx] fixed step 3100 ce=0.3558 total=0.3558 grad=1.1466257572174072 conf_frac=0.500 (2632s)
[mlx] fixed step 3110 ce=0.9125 total=0.9125 grad=1.2025377750396729 conf_frac=0.500 (2641s)
[mlx] fixed step 3120 ce=0.8174 total=0.8174 grad=0.8011254668235779 conf_frac=0.750 (2650s)
[mlx] fixed step 3130 ce=0.5864 total=0.5864 grad=0.5026959180831909 conf_frac=0.750 (2658s)
[mlx] fixed step 3140 ce=0.8339 total=0.8339 grad=0.692363977432251 conf_frac=0.750 (2666s)
[mlx] fixed step 3150 ce=1.4006 total=1.4006 grad=0.48273178935050964 conf_frac=0.750 (2675s)
[mlx] fixed step 3160 ce=1.8123 total=1.8123 grad=0.8117771148681641 conf_frac=0.500 (2684s)
[mlx] fixed step 3170 ce=1.3681 total=1.3681 grad=2.793182134628296 conf_frac=0.500 (2693s)
[mlx] fixed step 3180 ce=2.0087 total=2.0087 grad=0.7289495468139648 conf_frac=0.250 (2701s)
[mlx] fixed step 3190 ce=1.0895 total=1.0895 grad=12.348370552062988 conf_frac=0.750 (2710s)
[mlx] fixed step 3200 ce=1.7421 total=1.7421 grad=5.389441013336182 conf_frac=0.500 (2718s)
[mlx] fixed step 3210 ce=1.4082 total=1.4082 grad=0.8674255609512329 conf_frac=0.500 (2726s)
[mlx] fixed step 3220 ce=1.9978 total=1.9978 grad=0.05032926797866821 conf_frac=0.250 (2734s)
[mlx] fixed step 3230 ce=1.2720 total=1.2720 grad=1.2634994983673096 conf_frac=0.750 (2742s)
[mlx] fixed step 3240 ce=1.2184 total=1.2184 grad=4.208806991577148 conf_frac=0.500 (2750s)
[mlx] fixed step 3250 ce=0.6743 total=0.6743 grad=0.344128280878067 conf_frac=0.500 (2758s)
[mlx] fixed step 3260 ce=1.7713 total=1.7713 grad=4.705256462097168 conf_frac=0.500 (2766s)
[mlx] fixed step 3270 ce=1.4876 total=1.4876 grad=4.97068452835083 conf_frac=0.500 (2775s)
[mlx] fixed step 3280 ce=1.4595 total=1.4595 grad=0.08981436491012573 conf_frac=0.250 (2783s)
[mlx] fixed step 3290 ce=1.3249 total=1.3249 grad=0.19820427894592285 conf_frac=1.000 (2791s)
[mlx] fixed step 3300 ce=0.9120 total=0.9120 grad=0.2323559820652008 conf_frac=1.000 (2799s)
[mlx] fixed step 3310 ce=1.1990 total=1.1990 grad=0.013970544561743736 conf_frac=0.250 (2807s)
[mlx] fixed step 3320 ce=1.2453 total=1.2453 grad=0.28448763489723206 conf_frac=1.000 (2816s)
[mlx] fixed step 3330 ce=1.3100 total=1.3100 grad=0.1030380129814148 conf_frac=0.250 (2824s)
[mlx] fixed step 3340 ce=1.0432 total=1.0432 grad=0.1419457197189331 conf_frac=0.750 (2832s)
[mlx] fixed step 3350 ce=1.6410 total=1.6410 grad=5.834788799285889 conf_frac=0.500 (2841s)
[mlx] fixed step 3360 ce=1.8995 total=1.8995 grad=0.1163146048784256 conf_frac=0.500 (2850s)
[mlx] fixed step 3370 ce=0.9996 total=0.9996 grad=2.486405372619629 conf_frac=0.250 (2860s)
[mlx] fixed step 3380 ce=1.0872 total=1.0872 grad=0.251885324716568 conf_frac=0.500 (2868s)
[mlx] fixed step 3390 ce=1.4447 total=1.4447 grad=10.41585922241211 conf_frac=0.250 (2877s)
[mlx] fixed step 3400 ce=1.0819 total=1.0819 grad=5.537445068359375 conf_frac=0.500 (2885s)
[mlx] fixed step 3410 ce=1.3103 total=1.3103 grad=0.0 conf_frac=0.000 (2893s)
[mlx] fixed step 3420 ce=1.1768 total=1.1768 grad=0.0 conf_frac=0.000 (2902s)
[mlx] fixed step 3430 ce=0.8630 total=0.8630 grad=6.818008899688721 conf_frac=0.750 (2911s)
[mlx] fixed step 3440 ce=1.3962 total=1.3962 grad=0.4519716501235962 conf_frac=0.500 (2920s)
[mlx] fixed step 3450 ce=0.5077 total=0.5077 grad=6.499138355255127 conf_frac=0.500 (2929s)
[mlx] fixed step 3460 ce=1.5929 total=1.5929 grad=11.389249801635742 conf_frac=0.750 (2936s)
[mlx] fixed step 3470 ce=0.7070 total=0.7070 grad=9.581000328063965 conf_frac=0.250 (2944s)
[mlx] fixed step 3480 ce=0.5882 total=0.5882 grad=1.2270097732543945 conf_frac=0.750 (2952s)
[mlx] fixed step 3490 ce=1.6606 total=1.6606 grad=0.06342115998268127 conf_frac=0.750 (2961s)
[mlx] fixed step 3500 ce=1.6258 total=1.6258 grad=6.8913254737854 conf_frac=0.750 (2970s)
[mlx] fixed step 3510 ce=1.5819 total=1.5819 grad=15.720149040222168 conf_frac=0.750 (2977s)
[mlx] fixed step 3520 ce=1.8751 total=1.8751 grad=2.6559033393859863 conf_frac=0.750 (2986s)
[mlx] fixed step 3530 ce=2.4715 total=2.4715 grad=4.508824825286865 conf_frac=0.250 (2995s)
[mlx] fixed step 3540 ce=1.1616 total=1.1616 grad=1.1526252031326294 conf_frac=0.250 (3004s)
[mlx] fixed step 3550 ce=1.9946 total=1.9946 grad=0.06450270861387253 conf_frac=0.500 (3012s)
[mlx] fixed step 3560 ce=0.8364 total=0.8364 grad=0.002620444865897298 conf_frac=0.000 (3020s)
[mlx] fixed step 3570 ce=1.3606 total=1.3606 grad=0.2481871098279953 conf_frac=0.750 (3028s)
[mlx] fixed step 3580 ce=1.2866 total=1.2866 grad=0.2996605634689331 conf_frac=0.250 (3036s)
[mlx] fixed step 3590 ce=1.7880 total=1.7880 grad=6.6778717041015625 conf_frac=0.500 (3044s)
[mlx] fixed step 3600 ce=1.5104 total=1.5104 grad=0.015906063839793205 conf_frac=0.250 (3053s)
[mlx] fixed step 3610 ce=1.4322 total=1.4322 grad=0.13285887241363525 conf_frac=0.750 (3061s)
[mlx] fixed step 3620 ce=1.6853 total=1.6853 grad=5.60721492767334 conf_frac=0.250 (3070s)
[mlx] fixed step 3630 ce=1.5510 total=1.5510 grad=1.417361855506897 conf_frac=0.500 (3078s)
[mlx] fixed step 3640 ce=1.2151 total=1.2151 grad=5.786916255950928 conf_frac=0.750 (3086s)
[mlx] fixed step 3650 ce=0.9158 total=0.9158 grad=0.16998660564422607 conf_frac=0.250 (3094s)
[mlx] fixed step 3660 ce=0.8875 total=0.8875 grad=3.5169143676757812 conf_frac=0.500 (3101s)
[mlx] fixed step 3670 ce=1.4612 total=1.4612 grad=5.068187236785889 conf_frac=0.500 (3110s)
[mlx] fixed step 3680 ce=1.3890 total=1.3890 grad=0.18398994207382202 conf_frac=0.500 (3118s)
[mlx] fixed step 3690 ce=1.3294 total=1.3294 grad=7.241741180419922 conf_frac=0.750 (3126s)
[mlx] fixed step 3700 ce=1.2803 total=1.2803 grad=7.461630821228027 conf_frac=0.500 (3133s)
[mlx] fixed step 3710 ce=1.3025 total=1.3025 grad=0.39719632267951965 conf_frac=0.250 (3143s)
[mlx] fixed step 3720 ce=1.5721 total=1.5721 grad=7.171778678894043 conf_frac=0.500 (3151s)
[mlx] fixed step 3730 ce=1.3208 total=1.3208 grad=2.194352149963379 conf_frac=0.500 (3159s)
[mlx] fixed step 3740 ce=1.2896 total=1.2896 grad=7.93670654296875 conf_frac=0.500 (3168s)
[mlx] fixed step 3750 ce=1.9032 total=1.9032 grad=3.6661460399627686 conf_frac=0.000 (3176s)
[mlx] fixed step 3760 ce=1.0472 total=1.0472 grad=7.011312484741211 conf_frac=0.250 (3184s)
[mlx] fixed step 3770 ce=0.4208 total=0.4208 grad=0.17256216704845428 conf_frac=0.500 (3192s)
[mlx] fixed step 3780 ce=1.0315 total=1.0315 grad=1.7140390872955322 conf_frac=0.500 (3201s)
[mlx] fixed step 3790 ce=2.1248 total=2.1248 grad=0.04901951551437378 conf_frac=0.250 (3209s)
[mlx] fixed step 3800 ce=1.2122 total=1.2122 grad=1.1986900568008423 conf_frac=0.750 (3216s)
[mlx] fixed step 3810 ce=1.2593 total=1.2593 grad=8.251749992370605 conf_frac=0.750 (3224s)
[mlx] fixed step 3820 ce=1.3735 total=1.3735 grad=3.090559959411621 conf_frac=0.500 (3233s)
[mlx] fixed step 3830 ce=1.9476 total=1.9476 grad=0.24007302522659302 conf_frac=0.750 (3241s)
[mlx] fixed step 3840 ce=0.6657 total=0.6657 grad=0.046571891754865646 conf_frac=0.750 (3249s)
[mlx] fixed step 3850 ce=1.3777 total=1.3777 grad=4.765153884887695 conf_frac=0.750 (3258s)
[mlx] fixed step 3860 ce=1.5007 total=1.5007 grad=0.00047217527753673494 conf_frac=0.000 (3267s)
[mlx] fixed step 3870 ce=1.4033 total=1.4033 grad=4.144155025482178 conf_frac=0.250 (3276s)
[mlx] fixed step 3880 ce=1.2854 total=1.2854 grad=0.09549645334482193 conf_frac=0.250 (3284s)
[mlx] fixed step 3890 ce=1.3035 total=1.3035 grad=7.323369026184082 conf_frac=0.500 (3292s)
[mlx] fixed step 3900 ce=1.6104 total=1.6104 grad=7.947691483423114e-05 conf_frac=0.000 (3300s)
[mlx] fixed step 3910 ce=0.7869 total=0.7869 grad=6.12791633605957 conf_frac=0.750 (3309s)
[mlx] fixed step 3920 ce=2.0079 total=2.0079 grad=4.27307653427124 conf_frac=0.500 (3318s)
[mlx] fixed step 3930 ce=1.3322 total=1.3322 grad=5.0476298332214355 conf_frac=0.250 (3327s)
[mlx] fixed step 3940 ce=1.0253 total=1.0253 grad=0.0 conf_frac=0.000 (3335s)
[mlx] fixed step 3950 ce=0.9766 total=0.9766 grad=0.6904764175415039 conf_frac=0.500 (3345s)
[mlx] fixed step 3960 ce=0.7218 total=0.7218 grad=0.6138607859611511 conf_frac=0.500 (3354s)
[mlx] fixed step 3970 ce=1.0348 total=1.0348 grad=5.142458438873291 conf_frac=0.750 (3362s)
[mlx] fixed step 3980 ce=0.7923 total=0.7923 grad=2.442355155944824 conf_frac=0.750 (3370s)
[mlx] fixed step 3990 ce=1.6708 total=1.6708 grad=3.673807382583618 conf_frac=0.250 (3379s)
[mlx] fixed step 4000 ce=0.7081 total=0.7081 grad=3.333857536315918 conf_frac=0.500 (3388s)
[mlx] fixed step 4010 ce=0.8989 total=0.8989 grad=13.568918228149414 conf_frac=0.500 (3397s)
[mlx] fixed step 4020 ce=0.5956 total=0.5956 grad=2.222108840942383 conf_frac=0.500 (3405s)
[mlx] fixed step 4030 ce=0.5563 total=0.5563 grad=6.678872108459473 conf_frac=1.000 (3425s)
[mlx] fixed step 4040 ce=0.7967 total=0.7967 grad=4.870368480682373 conf_frac=0.500 (3439s)
[mlx] fixed step 4050 ce=0.4151 total=0.4151 grad=4.820977687835693 conf_frac=0.750 (3446s)
[mlx] fixed step 4060 ce=1.1003 total=1.1003 grad=2.561380386352539 conf_frac=0.250 (3454s)
[mlx] fixed step 4070 ce=0.5080 total=0.5080 grad=5.191268444061279 conf_frac=0.750 (3462s)
[mlx] fixed step 4080 ce=0.1990 total=0.1990 grad=0.6081141233444214 conf_frac=0.500 (3470s)
[mlx] fixed step 4090 ce=0.6877 total=0.6877 grad=4.156761646270752 conf_frac=0.500 (3478s)
[mlx] fixed step 4100 ce=0.5116 total=0.5116 grad=3.345623016357422 conf_frac=1.000 (3486s)
[mlx] fixed step 4110 ce=0.4755 total=0.4755 grad=5.46340799331665 conf_frac=0.500 (3495s)
[mlx] fixed step 4120 ce=0.4706 total=0.4706 grad=2.222452402114868 conf_frac=0.500 (3503s)
[mlx] fixed step 4130 ce=0.7371 total=0.7371 grad=3.4302661418914795 conf_frac=0.750 (3510s)
[mlx] fixed step 4140 ce=0.5510 total=0.5510 grad=1.731009602546692 conf_frac=0.750 (3519s)
[mlx] fixed step 4150 ce=0.8162 total=0.8162 grad=1.319299578666687 conf_frac=0.500 (3527s)
[mlx] fixed step 4160 ce=0.3908 total=0.3908 grad=0.00025167857529595494 conf_frac=0.000 (3535s)
[mlx] fixed step 4170 ce=0.4838 total=0.4838 grad=0.8186591863632202 conf_frac=0.500 (3544s)
[mlx] fixed step 4180 ce=0.6239 total=0.6239 grad=5.235785484313965 conf_frac=0.500 (3551s)
[mlx] fixed step 4190 ce=0.4827 total=0.4827 grad=0.02968696504831314 conf_frac=0.250 (3560s)
[mlx] fixed step 4200 ce=0.6484 total=0.6484 grad=7.204906463623047 conf_frac=0.250 (3568s)
[mlx] fixed step 4210 ce=0.2935 total=0.2935 grad=3.444387674331665 conf_frac=0.750 (3576s)
[mlx] fixed step 4220 ce=0.8147 total=0.8147 grad=1.3413804769515991 conf_frac=0.750 (3584s)
[mlx] fixed step 4230 ce=1.1727 total=1.1727 grad=4.028329372406006 conf_frac=0.750 (3593s)
[mlx] fixed step 4240 ce=0.6098 total=0.6098 grad=0.4601508677005768 conf_frac=0.500 (3602s)
[mlx] fixed step 4250 ce=0.7242 total=0.7242 grad=0.47537899017333984 conf_frac=0.500 (3610s)
[mlx] fixed step 4260 ce=0.8854 total=0.8854 grad=0.6387853622436523 conf_frac=0.500 (3618s)
[mlx] fixed step 4270 ce=0.5357 total=0.5357 grad=8.335855484008789 conf_frac=1.000 (3627s)
[mlx] fixed step 4280 ce=0.6109 total=0.6109 grad=0.4932937026023865 conf_frac=0.750 (3634s)
[mlx] fixed step 4290 ce=0.5799 total=0.5799 grad=0.9825263023376465 conf_frac=0.500 (3643s)
[mlx] fixed step 4300 ce=0.6839 total=0.6839 grad=3.952937602996826 conf_frac=0.500 (3650s)
[mlx] fixed step 4310 ce=0.8428 total=0.8428 grad=0.7133433818817139 conf_frac=0.250 (3659s)
[mlx] fixed step 4320 ce=0.9672 total=0.9672 grad=0.7635070085525513 conf_frac=0.500 (3667s)
[mlx] fixed step 4330 ce=0.6994 total=0.6994 grad=0.02901752106845379 conf_frac=0.250 (3675s)
[mlx] fixed step 4340 ce=0.8014 total=0.8014 grad=0.5719311237335205 conf_frac=0.500 (3684s)
[mlx] fixed step 4350 ce=0.6514 total=0.6514 grad=6.247639179229736 conf_frac=0.500 (3693s)
[mlx] fixed step 4360 ce=0.5897 total=0.5897 grad=1.3357298374176025 conf_frac=0.500 (3701s)
[mlx] fixed step 4370 ce=0.5037 total=0.5037 grad=10.281779289245605 conf_frac=0.750 (3710s)
[mlx] fixed step 4380 ce=0.4589 total=0.4589 grad=7.305466651916504 conf_frac=0.500 (3717s)
[mlx] fixed step 4390 ce=1.1641 total=1.1641 grad=8.771821975708008 conf_frac=0.750 (3726s)
[mlx] fixed step 4400 ce=0.5709 total=0.5709 grad=0.7028923630714417 conf_frac=0.250 (3735s)
[mlx] fixed step 4410 ce=1.1300 total=1.1300 grad=0.6144540905952454 conf_frac=0.750 (3743s)
[mlx] fixed step 4420 ce=0.6880 total=0.6880 grad=6.574863433837891 conf_frac=0.750 (3752s)
[mlx] fixed step 4430 ce=0.2504 total=0.2504 grad=1.0752991437911987 conf_frac=0.500 (3761s)
[mlx] fixed step 4440 ce=0.5117 total=0.5117 grad=9.989456176757812 conf_frac=0.500 (3769s)
[mlx] fixed step 4450 ce=0.6358 total=0.6358 grad=0.028213942423462868 conf_frac=0.250 (3776s)
[mlx] fixed step 4460 ce=0.9437 total=0.9437 grad=4.512776851654053 conf_frac=0.500 (3783s)
[mlx] fixed step 4470 ce=0.3835 total=0.3835 grad=1.1707572937011719 conf_frac=0.500 (3791s)
[mlx] fixed step 4480 ce=0.4962 total=0.4962 grad=0.8196347951889038 conf_frac=0.500 (3800s)
[mlx] fixed step 4490 ce=0.6811 total=0.6811 grad=7.160985469818115 conf_frac=0.500 (3809s)
[mlx] fixed step 4500 ce=1.0497 total=1.0497 grad=0.013113915920257568 conf_frac=0.250 (3819s)
[mlx] fixed step 4510 ce=0.9399 total=0.9399 grad=0.06256306916475296 conf_frac=0.250 (3830s)
[mlx] fixed step 4520 ce=0.5882 total=0.5882 grad=5.283811092376709 conf_frac=1.000 (3844s)
[mlx] fixed step 4530 ce=1.0119 total=1.0119 grad=5.42734956741333 conf_frac=0.750 (3852s)
[mlx] fixed step 4540 ce=0.9436 total=0.9436 grad=7.357769966125488 conf_frac=0.750 (3861s)
[mlx] fixed step 4550 ce=0.7189 total=0.7189 grad=0.2942407429218292 conf_frac=0.750 (3869s)
[mlx] fixed step 4560 ce=0.4591 total=0.4591 grad=4.979023456573486 conf_frac=0.750 (3877s)
[mlx] fixed step 4570 ce=0.7516 total=0.7516 grad=0.2452702671289444 conf_frac=0.250 (3886s)
[mlx] fixed step 4580 ce=1.1985 total=1.1985 grad=0.7537626624107361 conf_frac=0.500 (3894s)
[mlx] fixed step 4590 ce=0.9676 total=0.9676 grad=6.259063720703125 conf_frac=0.500 (3902s)
[mlx] fixed step 4600 ce=1.0597 total=1.0597 grad=0.3003182113170624 conf_frac=0.500 (3911s)
[mlx] fixed step 4610 ce=1.5440 total=1.5440 grad=0.013394462876021862 conf_frac=0.250 (3919s)
[mlx] fixed step 4620 ce=0.2482 total=0.2482 grad=1.8553612232208252 conf_frac=0.500 (3928s)
[mlx] fixed step 4630 ce=0.3689 total=0.3689 grad=0.4057120978832245 conf_frac=0.500 (3936s)
[mlx] fixed step 4640 ce=0.5756 total=0.5756 grad=6.786081314086914 conf_frac=0.500 (3945s)
[mlx] fixed step 4650 ce=0.8269 total=0.8269 grad=5.394655704498291 conf_frac=0.500 (3953s)
[mlx] fixed step 4660 ce=0.5740 total=0.5740 grad=0.016258595511317253 conf_frac=0.500 (3961s)
[mlx] fixed step 4670 ce=0.4140 total=0.4140 grad=0.0 conf_frac=0.000 (3969s)
[mlx] fixed step 4680 ce=0.8931 total=0.8931 grad=0.038400862365961075 conf_frac=0.250 (3978s)
[mlx] fixed step 4690 ce=0.6735 total=0.6735 grad=0.10235816240310669 conf_frac=0.250 (3986s)
[mlx] fixed step 4700 ce=0.1883 total=0.1883 grad=7.314023971557617 conf_frac=0.000 (3995s)
[mlx] fixed step 4710 ce=1.0402 total=1.0402 grad=0.04842836409807205 conf_frac=0.250 (4003s)
[mlx] fixed step 4720 ce=0.2463 total=0.2463 grad=0.04308006539940834 conf_frac=0.250 (4011s)
[mlx] fixed step 4730 ce=0.7346 total=0.7346 grad=2.1597061157226562 conf_frac=0.750 (4019s)
[mlx] fixed step 4740 ce=1.2538 total=1.2538 grad=0.016108693554997444 conf_frac=0.250 (4028s)
[mlx] fixed step 4750 ce=0.2185 total=0.2185 grad=0.13178744912147522 conf_frac=0.500 (4036s)
[mlx] fixed step 4760 ce=1.6002 total=1.6002 grad=2.078991174697876 conf_frac=0.750 (4043s)
[mlx] fixed step 4770 ce=0.9377 total=0.9377 grad=3.5664615631103516 conf_frac=1.000 (4052s)
[mlx] fixed step 4780 ce=0.6157 total=0.6157 grad=0.0147971510887146 conf_frac=0.250 (4060s)
[mlx] fixed step 4790 ce=0.1517 total=0.1517 grad=0.12893061339855194 conf_frac=0.500 (4069s)
[mlx] fixed step 4800 ce=0.6206 total=0.6206 grad=0.08556300401687622 conf_frac=0.250 (4078s)
[mlx] fixed step 4810 ce=0.8067 total=0.8067 grad=1.2825005054473877 conf_frac=0.750 (4087s)
[mlx] fixed step 4820 ce=0.5431 total=0.5431 grad=3.3275623321533203 conf_frac=0.500 (4094s)
[mlx] fixed step 4830 ce=0.8907 total=0.8907 grad=0.016639133915305138 conf_frac=0.250 (4102s)
[mlx] fixed step 4840 ce=0.5703 total=0.5703 grad=1.8353679180145264 conf_frac=0.250 (4110s)
[mlx] fixed step 4850 ce=0.4074 total=0.4074 grad=0.8142270445823669 conf_frac=0.250 (4119s)
[mlx] fixed step 4860 ce=0.7633 total=0.7633 grad=3.6696460247039795 conf_frac=0.500 (4127s)
[mlx] fixed step 4870 ce=0.4650 total=0.4650 grad=0.26310262084007263 conf_frac=0.750 (4135s)
[mlx] fixed step 4880 ce=0.6013 total=0.6013 grad=6.654860019683838 conf_frac=0.750 (4143s)
[mlx] fixed step 4890 ce=0.9516 total=0.9516 grad=7.047046184539795 conf_frac=0.250 (4151s)
[mlx] fixed step 4900 ce=0.3568 total=0.3568 grad=6.7335028648376465 conf_frac=0.750 (4159s)
[mlx] fixed step 4910 ce=1.2371 total=1.2371 grad=5.496869087219238 conf_frac=0.750 (4166s)
[mlx] fixed step 4920 ce=0.4039 total=0.4039 grad=0.7202196717262268 conf_frac=0.750 (4175s)
[mlx] fixed step 4930 ce=1.0523 total=1.0523 grad=1.639246940612793 conf_frac=0.250 (4183s)
[mlx] fixed step 4940 ce=1.5006 total=1.5006 grad=2.2829251289367676 conf_frac=0.250 (4191s)
[mlx] fixed step 4950 ce=0.3666 total=0.3666 grad=11.315685272216797 conf_frac=0.250 (4199s)
[mlx] fixed step 4960 ce=0.6341 total=0.6341 grad=0.885921835899353 conf_frac=0.750 (4208s)
[mlx] fixed step 4970 ce=0.5635 total=0.5635 grad=1.4133375883102417 conf_frac=0.500 (4216s)
[mlx] fixed step 4980 ce=0.5706 total=0.5706 grad=8.010997772216797 conf_frac=0.500 (4224s)
[mlx] fixed step 4990 ce=1.0624 total=1.0624 grad=0.0 conf_frac=0.000 (4232s)
[mlx] fixed step 5000 ce=0.6923 total=0.6923 grad=0.8060346245765686 conf_frac=0.500 (4241s)
[mlx] fixed step 5010 ce=0.4163 total=0.4163 grad=0.7636424899101257 conf_frac=0.500 (4249s)
[mlx] fixed step 5020 ce=1.1770 total=1.1770 grad=10.388580322265625 conf_frac=0.750 (4257s)
[mlx] fixed step 5030 ce=0.6922 total=0.6922 grad=8.259943008422852 conf_frac=0.500 (4265s)
[mlx] fixed step 5040 ce=1.2145 total=1.2145 grad=7.0654449462890625 conf_frac=0.500 (4273s)
[mlx] fixed step 5050 ce=0.9948 total=0.9948 grad=4.425808429718018 conf_frac=0.250 (4281s)
[mlx] fixed step 5060 ce=0.6444 total=0.6444 grad=3.876596689224243 conf_frac=0.500 (4289s)
[mlx] fixed step 5070 ce=0.5189 total=0.5189 grad=0.31888729333877563 conf_frac=0.500 (4297s)
[mlx] fixed step 5080 ce=0.8921 total=0.8921 grad=0.1091732531785965 conf_frac=0.500 (4305s)
[mlx] fixed step 5090 ce=0.7787 total=0.7787 grad=1.8985363245010376 conf_frac=0.250 (4313s)
[mlx] fixed step 5100 ce=0.8134 total=0.8134 grad=0.007074750028550625 conf_frac=0.250 (4321s)
[mlx] fixed step 5110 ce=0.9819 total=0.9819 grad=6.44420051574707 conf_frac=0.500 (4328s)
[mlx] fixed step 5120 ce=0.5823 total=0.5823 grad=1.8716111183166504 conf_frac=0.750 (4336s)
[mlx] fixed step 5130 ce=0.5720 total=0.5720 grad=4.672610759735107 conf_frac=0.500 (4344s)
[mlx] fixed step 5140 ce=0.5935 total=0.5935 grad=0.4313047230243683 conf_frac=0.250 (4352s)
[mlx] fixed step 5150 ce=0.6211 total=0.6211 grad=0.7244063019752502 conf_frac=0.250 (4361s)
[mlx] fixed step 5160 ce=1.0130 total=1.0130 grad=3.8609769344329834 conf_frac=0.500 (4369s)
[mlx] fixed step 5170 ce=0.5289 total=0.5289 grad=0.028756558895111084 conf_frac=0.500 (4378s)
[mlx] fixed step 5180 ce=1.0652 total=1.0652 grad=0.027785107493400574 conf_frac=0.750 (4386s)
[mlx] fixed step 5190 ce=0.9580 total=0.9580 grad=2.688396692276001 conf_frac=0.500 (4395s)
[mlx] fixed step 5200 ce=1.0480 total=1.0480 grad=5.190185070037842 conf_frac=0.500 (4405s)
[mlx] fixed step 5210 ce=0.5360 total=0.5360 grad=0.919762909412384 conf_frac=0.500 (4413s)
[mlx] fixed step 5220 ce=0.6161 total=0.6161 grad=0.8024617433547974 conf_frac=0.750 (4421s)
[mlx] fixed step 5230 ce=0.3968 total=0.3968 grad=0.5368027687072754 conf_frac=0.500 (4428s)
[mlx] fixed step 5240 ce=0.2656 total=0.2656 grad=2.024536371231079 conf_frac=0.500 (4436s)
[mlx] fixed step 5250 ce=0.6356 total=0.6356 grad=7.038583755493164 conf_frac=0.500 (4444s)
[mlx] fixed step 5260 ce=0.5271 total=0.5271 grad=0.12461010366678238 conf_frac=0.250 (4453s)
[mlx] fixed step 5270 ce=0.4831 total=0.4831 grad=2.4034173488616943 conf_frac=0.750 (4460s)
[mlx] fixed step 5280 ce=0.6122 total=0.6122 grad=0.09393303841352463 conf_frac=0.250 (4468s)
[mlx] fixed step 5290 ce=0.5948 total=0.5948 grad=0.23602858185768127 conf_frac=0.500 (4477s)
[mlx] fixed step 5300 ce=0.2401 total=0.2401 grad=0.15246069431304932 conf_frac=0.500 (4485s)
[mlx] fixed step 5310 ce=0.1331 total=0.1331 grad=5.041301727294922 conf_frac=0.500 (4493s)
[mlx] fixed step 5320 ce=0.6991 total=0.6991 grad=5.820021152496338 conf_frac=0.500 (4502s)
[mlx] fixed step 5330 ce=0.6003 total=0.6003 grad=7.129329681396484 conf_frac=1.000 (4511s)
[mlx] fixed step 5340 ce=0.5971 total=0.5971 grad=3.2840797901153564 conf_frac=0.750 (4519s)
[mlx] fixed step 5350 ce=0.7779 total=0.7779 grad=0.34747326374053955 conf_frac=0.500 (4527s)
[mlx] fixed step 5360 ce=0.7906 total=0.7906 grad=0.053983304649591446 conf_frac=0.500 (4535s)
[mlx] fixed step 5370 ce=0.9045 total=0.9045 grad=0.05009060353040695 conf_frac=0.250 (4544s)
[mlx] fixed step 5380 ce=0.7593 total=0.7593 grad=2.1163768768310547 conf_frac=0.500 (4553s)
[mlx] fixed step 5390 ce=0.3948 total=0.3948 grad=0.41142159700393677 conf_frac=1.000 (4561s)
[mlx] fixed step 5400 ce=0.4848 total=0.4848 grad=0.11591274291276932 conf_frac=0.500 (4569s)
[mlx] fixed step 5410 ce=0.4652 total=0.4652 grad=0.18841326236724854 conf_frac=0.250 (4577s)
[mlx] fixed step 5420 ce=1.1817 total=1.1817 grad=0.524061381816864 conf_frac=0.500 (4585s)
[mlx] fixed step 5430 ce=0.5711 total=0.5711 grad=2.1829419136047363 conf_frac=0.750 (4593s)
[mlx] fixed step 5440 ce=0.9988 total=0.9988 grad=10.017745018005371 conf_frac=0.750 (4602s)
[mlx] fixed step 5450 ce=0.6174 total=0.6174 grad=0.4621748924255371 conf_frac=0.500 (4610s)
[mlx] fixed step 5460 ce=0.7338 total=0.7338 grad=7.644895076751709 conf_frac=0.750 (4618s)
[mlx] fixed step 5470 ce=0.8827 total=0.8827 grad=0.0 conf_frac=0.000 (4627s)
[mlx] fixed step 5480 ce=0.4935 total=0.4935 grad=4.3425798416137695 conf_frac=0.750 (4635s)
[mlx] fixed step 5490 ce=0.4769 total=0.4769 grad=0.05778717249631882 conf_frac=0.250 (4643s)
[mlx] fixed step 5500 ce=0.9323 total=0.9323 grad=10.859814643859863 conf_frac=0.750 (4652s)
[mlx] fixed step 5510 ce=0.4858 total=0.4858 grad=3.7331089973449707 conf_frac=0.250 (4661s)
[mlx] fixed step 5520 ce=0.4474 total=0.4474 grad=0.8320257663726807 conf_frac=0.500 (4669s)
[mlx] fixed step 5530 ce=1.1372 total=1.1372 grad=3.996708393096924 conf_frac=0.250 (4678s)
[mlx] fixed step 5540 ce=1.1577 total=1.1577 grad=3.4664762020111084 conf_frac=0.500 (4687s)
[mlx] fixed step 5550 ce=0.6913 total=0.6913 grad=1.0060052871704102 conf_frac=0.750 (4695s)
[mlx] fixed step 5560 ce=0.7314 total=0.7314 grad=0.0730862095952034 conf_frac=0.250 (4703s)
[mlx] fixed step 5570 ce=0.5965 total=0.5965 grad=0.5576300621032715 conf_frac=0.500 (4711s)
[mlx] fixed step 5580 ce=0.9262 total=0.9262 grad=0.1947830319404602 conf_frac=0.500 (4719s)
[mlx] fixed step 5590 ce=0.7566 total=0.7566 grad=4.424396991729736 conf_frac=0.250 (4728s)
[mlx] fixed step 5600 ce=0.8593 total=0.8593 grad=10.873573303222656 conf_frac=0.250 (4737s)
[mlx] fixed step 5610 ce=1.0696 total=1.0696 grad=0.3031240403652191 conf_frac=0.250 (4744s)
[mlx] fixed step 5620 ce=0.3509 total=0.3509 grad=0.12660573422908783 conf_frac=0.750 (4752s)
[mlx] fixed step 5630 ce=1.2553 total=1.2553 grad=0.2477360963821411 conf_frac=0.250 (4761s)
[mlx] fixed step 5640 ce=1.1156 total=1.1156 grad=0.25013265013694763 conf_frac=0.750 (4769s)
[mlx] fixed step 5650 ce=0.9231 total=0.9231 grad=10.834159851074219 conf_frac=0.500 (4777s)
[mlx] fixed step 5660 ce=0.3209 total=0.3209 grad=1.4654033184051514 conf_frac=0.250 (4786s)
[mlx] fixed step 5670 ce=0.3841 total=0.3841 grad=0.6699749231338501 conf_frac=0.750 (4794s)
[mlx] fixed step 5680 ce=0.3337 total=0.3337 grad=2.564242124557495 conf_frac=0.750 (4803s)
[mlx] fixed step 5690 ce=0.9254 total=0.9254 grad=0.05759140104055405 conf_frac=0.250 (4810s)
[mlx] fixed step 5700 ce=0.7602 total=0.7602 grad=11.89944839477539 conf_frac=0.250 (4819s)
[mlx] fixed step 5710 ce=0.8078 total=0.8078 grad=0.47911936044692993 conf_frac=0.750 (4827s)
[mlx] fixed step 5720 ce=0.9006 total=0.9006 grad=0.003521745791658759 conf_frac=0.750 (4836s)
[mlx] fixed step 5730 ce=0.9067 total=0.9067 grad=0.004002229776233435 conf_frac=0.750 (4844s)
[mlx] fixed step 5740 ce=0.4069 total=0.4069 grad=1.8293709754943848 conf_frac=0.750 (4853s)
[mlx] fixed step 5750 ce=0.6085 total=0.6085 grad=6.70855712890625 conf_frac=0.500 (4861s)
[mlx] fixed step 5760 ce=0.5654 total=0.5654 grad=0.0019764145836234093 conf_frac=0.250 (4869s)
[mlx] fixed step 5770 ce=0.9088 total=0.9088 grad=5.832189083099365 conf_frac=1.000 (4877s)
[mlx] fixed step 5780 ce=0.9219 total=0.9219 grad=2.2088897228240967 conf_frac=0.250 (4886s)
[mlx] fixed step 5790 ce=0.5893 total=0.5893 grad=0.2891481816768646 conf_frac=0.250 (4894s)
[mlx] fixed step 5800 ce=0.3563 total=0.3563 grad=0.27330663800239563 conf_frac=0.750 (4902s)
[mlx] fixed step 5810 ce=0.3461 total=0.3461 grad=0.21610715985298157 conf_frac=0.500 (4910s)
[mlx] fixed step 5820 ce=1.7468 total=1.7468 grad=4.976121425628662 conf_frac=0.500 (4918s)
[mlx] fixed step 5830 ce=0.6082 total=0.6082 grad=0.1297646313905716 conf_frac=0.500 (4925s)
[mlx] fixed step 5840 ce=0.8704 total=0.8704 grad=6.631962299346924 conf_frac=0.750 (4933s)
[mlx] fixed step 5850 ce=0.5450 total=0.5450 grad=3.135345458984375 conf_frac=1.000 (4941s)
[mlx] fixed step 5860 ce=1.3854 total=1.3854 grad=0.1537417769432068 conf_frac=0.250 (4949s)
[mlx] fixed step 5870 ce=0.3381 total=0.3381 grad=4.405677795410156 conf_frac=0.500 (4957s)
[mlx] fixed step 5880 ce=1.2472 total=1.2472 grad=4.73798131942749 conf_frac=0.000 (4966s)
[mlx] fixed step 5890 ce=0.6917 total=0.6917 grad=7.064605712890625 conf_frac=0.500 (4974s)
[mlx] fixed step 5900 ce=1.3205 total=1.3205 grad=5.050137042999268 conf_frac=0.750 (4982s)
[mlx] fixed step 5910 ce=0.7968 total=0.7968 grad=0.1926012486219406 conf_frac=0.250 (4990s)
[mlx] fixed step 5920 ce=0.3858 total=0.3858 grad=0.7205135226249695 conf_frac=0.750 (4999s)
[mlx] fixed step 5930 ce=0.5920 total=0.5920 grad=1.098535180091858 conf_frac=0.500 (5008s)
[mlx] fixed step 5940 ce=0.9592 total=0.9592 grad=6.938178539276123 conf_frac=0.250 (5017s)
[mlx] fixed step 5950 ce=1.1498 total=1.1498 grad=1.6178325414657593 conf_frac=0.250 (5026s)
[mlx] fixed step 5960 ce=0.4236 total=0.4236 grad=0.017129233106970787 conf_frac=0.250 (5033s)
[mlx] fixed step 5970 ce=0.8713 total=0.8713 grad=0.7897533774375916 conf_frac=0.250 (5041s)
[mlx] fixed step 5980 ce=0.8400 total=0.8400 grad=6.611441612243652 conf_frac=0.250 (5050s)
[mlx] fixed step 5990 ce=0.6012 total=0.6012 grad=0.02824844792485237 conf_frac=0.250 (5059s)
[mlx] fixed step 6000 ce=0.5910 total=0.5910 grad=6.586909770965576 conf_frac=0.500 (5067s)
[mlx] fixed post-train (n=8008) acc=0.9377 majority=0.4993 dist={'[CONFIDENT]': 0.4991258741258741, '[COND_CONFIDENT]': 0.06131368631368631, '[TEMPORAL_HEDGE]': 0.43956043956043955, '[UNKNOWN]': 0.0}
[mlx] fixed accuracy lift over majority-class baseline: +0.4384 (discriminating)
[mlx] fixed finished: 6006 steps in 5071.5s
[mlx] saved adapter -> data/prep/tcl_mlx_7b/sft_only_seed4_r2/adapter_fixed

[mlx] wrote data/prep/tcl_mlx_7b/sft_only_seed4_r2/loss_log.csv
[mlx] wrote data/prep/tcl_mlx_7b/sft_only_seed4_r2/run_meta.json
=== train sft_only seed 4 wall 6479s
Fetching 9 files:   0%|          | 0/9 [00:00<?, ?it/s]Fetching 9 files: 100%|██████████| 9/9 [00:00<00:00, 115793.67it/s]
[gen] 3622 examples | source=temporal-delta:test | arm=sft_only | adapter=data/prep/tcl_mlx_7b/sft_only_seed4_r2/adapter_fixed
[gen] 100/3622  EM=0.060 hedge_acc=0.970 fallback=0.010 (22s, 0.22s/ex)
[gen] 200/3622  EM=0.035 hedge_acc=0.980 fallback=0.005 (45s, 0.22s/ex)
[gen] 300/3622  EM=0.060 hedge_acc=0.980 fallback=0.003 (68s, 0.23s/ex)
[gen] 400/3622  EM=0.050 hedge_acc=0.985 fallback=0.003 (92s, 0.23s/ex)
[gen] 500/3622  EM=0.044 hedge_acc=0.988 fallback=0.002 (118s, 0.24s/ex)
[gen] 600/3622  EM=0.037 hedge_acc=0.990 fallback=0.002 (146s, 0.24s/ex)
[gen] 700/3622  EM=0.036 hedge_acc=0.991 fallback=0.001 (170s, 0.24s/ex)
[gen] 800/3622  EM=0.031 hedge_acc=0.991 fallback=0.001 (197s, 0.25s/ex)
[gen] 900/3622  EM=0.028 hedge_acc=0.992 fallback=0.001 (224s, 0.25s/ex)
[gen] 1000/3622  EM=0.026 hedge_acc=0.993 fallback=0.001 (250s, 0.25s/ex)
[gen] 1100/3622  EM=0.024 hedge_acc=0.993 fallback=0.001 (277s, 0.25s/ex)
[gen] 1200/3622  EM=0.022 hedge_acc=0.992 fallback=0.001 (303s, 0.25s/ex)
[gen] 1300/3622  EM=0.022 hedge_acc=0.992 fallback=0.001 (329s, 0.25s/ex)
[gen] 1400/3622  EM=0.020 hedge_acc=0.992 fallback=0.001 (355s, 0.25s/ex)
[gen] 1500/3622  EM=0.019 hedge_acc=0.993 fallback=0.001 (380s, 0.25s/ex)
[gen] 1600/3622  EM=0.018 hedge_acc=0.993 fallback=0.001 (406s, 0.25s/ex)
[gen] 1700/3622  EM=0.019 hedge_acc=0.992 fallback=0.001 (429s, 0.25s/ex)
[gen] 1800/3622  EM=0.020 hedge_acc=0.993 fallback=0.001 (452s, 0.25s/ex)
[gen] 1900/3622  EM=0.021 hedge_acc=0.993 fallback=0.001 (477s, 0.25s/ex)
[gen] 2000/3622  EM=0.021 hedge_acc=0.994 fallback=0.001 (502s, 0.25s/ex)
[gen] 2100/3622  EM=0.020 hedge_acc=0.994 fallback=0.000 (525s, 0.25s/ex)
[gen] 2200/3622  EM=0.019 hedge_acc=0.994 fallback=0.001 (550s, 0.25s/ex)
[gen] 2300/3622  EM=0.018 hedge_acc=0.994 fallback=0.001 (574s, 0.25s/ex)
[gen] 2400/3622  EM=0.021 hedge_acc=0.995 fallback=0.001 (597s, 0.25s/ex)
[gen] 2500/3622  EM=0.022 hedge_acc=0.994 fallback=0.001 (620s, 0.25s/ex)
[gen] 2600/3622  EM=0.022 hedge_acc=0.995 fallback=0.001 (645s, 0.25s/ex)
[gen] 2700/3622  EM=0.022 hedge_acc=0.995 fallback=0.001 (669s, 0.25s/ex)
[gen] 2800/3622  EM=0.022 hedge_acc=0.995 fallback=0.001 (693s, 0.25s/ex)
[gen] 2900/3622  EM=0.022 hedge_acc=0.995 fallback=0.001 (716s, 0.25s/ex)
[gen] 3000/3622  EM=0.021 hedge_acc=0.995 fallback=0.001 (742s, 0.25s/ex)
[gen] 3100/3622  EM=0.020 hedge_acc=0.995 fallback=0.001 (767s, 0.25s/ex)
[gen] 3200/3622  EM=0.020 hedge_acc=0.996 fallback=0.001 (793s, 0.25s/ex)
[gen] 3300/3622  EM=0.020 hedge_acc=0.996 fallback=0.001 (816s, 0.25s/ex)
[gen] 3400/3622  EM=0.021 hedge_acc=0.996 fallback=0.001 (835s, 0.25s/ex)
[gen] 3500/3622  EM=0.021 hedge_acc=0.996 fallback=0.001 (858s, 0.25s/ex)
[gen] 3600/3622  EM=0.021 hedge_acc=0.996 fallback=0.001 (879s, 0.24s/ex)

[gen] wrote data/prep/predictions_7b/sft_only_seed4_test.jsonl
[gen] n=3622  EM=0.0204  hedge_acc=0.9961  fallback_rate=0.0006  wall=884s
=== eval sft_only seed 4 wall 889s
=== SEEDS DONE 2026-09-29T01:43:53Z
