mode,epoch,step,ce,l_over,l_under,r_hedge,tcl_total,n_volatile,pred_confident_frac,c_hat_grad_norm
fixed,0,0,7.887662887573242,0.00949218962341547,0.03753906115889549,0.0,7.9111785888671875,4,1.0,0.5001813173294067
fixed,0,1,5.61393404006958,0.003484681248664856,0.08186691999435425,0.00016951560974121094,5.656660556793213,4,0.0,
fixed,0,2,4.131498336791992,0.0,0.14104537665843964,0.0012384653091430664,4.202392578125,4,0.0,
fixed,0,3,3.5563321113586426,0.01105174608528614,0.06173340976238251,0.009368419647216797,3.5955352783203125,4,1.0,
fixed,0,4,3.9439854621887207,0.014525461941957474,0.05375589430332184,0.025115489959716797,3.9856607913970947,4,1.0,
fixed,0,5,2.956289768218994,0.009939193725585938,0.048404667526483536,0.05563223361968994,3.0021514892578125,4,1.0,3.8986270427703857
fixed,0,6,3.811784029006958,0.0,0.05966690182685852,0.09417223930358887,3.8698692321777344,4,1.0,
fixed,0,7,2.1800715923309326,0.050156258046627045,0.014782161451876163,0.147241473197937,2.2567131519317627,4,1.0,
fixed,0,8,2.182591438293457,0.01913764327764511,0.0362931527197361,0.1899014711380005,2.267277240753174,4,1.0,
fixed,0,9,2.4430325031280518,0.02243933640420437,0.030043192207813263,0.23615801334381104,2.540121078491211,4,1.0,
fixed,0,10,1.9952200651168823,0.05166090279817581,0.015774130821228027,0.2924017906188965,2.1166582107543945,4,1.0,5.620080471038818
fixed,0,11,1.9053486585617065,0.06545351445674896,0.0104072829708457,0.2520374059677124,2.018890380859375,4,1.0,
fixed,0,12,2.444420337677002,0.01219472661614418,0.04056005924940109,0.2362072467803955,2.5416598320007324,4,0.0,
fixed,0,13,0.9251221418380737,0.026502098888158798,0.024399610236287117,0.24004137516021729,1.022585391998291,4,0.0,
fixed,0,14,2.0617005825042725,0.01683332957327366,0.005492517724633217,0.24825048446655273,2.147338628768921,4,0.0,
fixed,0,15,1.8207122087478638,0.007837802171707153,0.06985607743263245,0.16036701202392578,1.9076693058013916,4,0.0,13.805120468139648
fixed,0,16,1.9199079275131226,0.007491457276046276,0.03987745940685272,0.022150039672851562,1.9502373933792114,4,0.0,
fixed,0,17,1.9703725576400757,0.0,0.18341109156608582,0.02228093147277832,2.0687623023986816,4,0.0,
fixed,0,18,2.0952513217926025,0.02415693923830986,0.0034586647525429726,0.06966161727905273,2.129957675933838,4,1.0,
fixed,0,19,1.7109485864639282,0.02494247443974018,0.038102056831121445,0.08197617530822754,1.7670637369155884,4,1.0,
fixed,0,20,1.7651208639144897,0.027024194598197937,0.03630673885345459,0.07611715793609619,1.8196214437484741,4,1.0,2.9454874992370605
fixed,0,21,1.910048484802246,0.033923134207725525,0.020810524001717567,0.07579386234283447,1.9601534605026245,4,1.0,
fixed,0,22,1.4518136978149414,0.013704294338822365,0.055789560079574585,0.11310315132141113,1.520491600036621,4,0.0,
fixed,0,23,1.9798271656036377,0.009386309422552586,0.06562091410160065,0.1650162935256958,2.066835641860962,4,0.0,
fixed,0,24,1.4240227937698364,0.0045290482230484486,0.0732954740524292,0.17509186267852783,1.5154626369476318,4,0.0,
fixed,0,25,2.694997549057007,0.006853856611996889,0.08498400449752808,0.10265994071960449,2.771714448928833,4,0.0,28.511924743652344
fixed,0,26,1.8934961557388306,0.010619964450597763,0.045353002846241,0.0767132043838501,1.9444966316223145,4,1.0,
fixed,0,27,4.3730902671813965,0.029733026400208473,0.031000927090644836,0.10370683670043945,4.434569358825684,4,1.0,
fixed,0,28,2.8631739616394043,0.062241990119218826,0.0,0.10669183731079102,2.926302433013916,4,1.0,
fixed,0,29,3.3145296573638916,0.023833584040403366,0.022927841171622276,0.06178486347198486,3.356445789337158,4,1.0,
fixed,0,30,2.326857566833496,0.007110713515430689,0.08262378722429276,0.017215371131896973,2.37688946723938,4,1.0,27.576513290405273
fixed,0,31,1.8255422115325928,0.005193032789975405,0.04473019391298294,0.006655216217041016,1.8525004386901855,4,1.0,
fixed,0,32,2.063380002975464,0.014041146263480186,0.03293094038963318,0.007603287696838379,2.0891470909118652,4,0.0,
fixed,0,33,1.3849785327911377,0.004228607285767794,0.10111160576343536,0.022895455360412598,1.4445172548294067,4,0.0,
fixed,0,34,1.6211307048797607,0.008969815447926521,0.06631647050380707,0.04355895519256592,1.6718415021896362,4,0.0,
fixed,0,35,1.8790007829666138,0.010677099227905273,0.06312049925327301,0.0669180154800415,1.9359749555587769,4,0.0,11.752098083496094
fixed,0,36,2.04781436920166,0.01272301934659481,0.058321189135313034,0.08807134628295898,2.109757900238037,4,0.0,
fixed,0,37,2.559767723083496,0.029965991154313087,0.0,0.10195791721343994,2.6053380966186523,4,0.0,
fixed,0,38,2.334373712539673,0.0,0.10751332342624664,0.11177265644073486,2.4216620922088623,4,0.0,
fixed,0,39,1.479034423828125,0.018343264237046242,0.04732996225357056,0.11973583698272705,1.547791838645935,4,1.0,
fixed,0,40,2.6008524894714355,0.021013541147112846,0.04303382337093353,0.12036406993865967,2.668985366821289,4,1.0,5.387831211090088
fixed,0,41,1.5570118427276611,0.011023227125406265,0.060489825904369354,0.11759603023529053,1.628047227859497,4,1.0,
fixed,0,42,1.8113322257995605,0.0,0.07445701211690903,0.12262725830078125,1.885348916053772,4,1.0,
fixed,0,43,2.573828935623169,0.02870265208184719,0.032120898365974426,0.13341116905212402,2.644263982772827,4,1.0,
fixed,0,44,2.730499267578125,0.029618876054883003,0.01739520952105522,0.1299067735671997,2.792978286743164,4,1.0,
fixed,0,45,2.357672929763794,0.02730502188205719,0.018764419481158257,0.0969991683959961,2.4098074436187744,4,1.0,3.95339298248291
fixed,0,46,2.646275520324707,0.02261560969054699,0.02203173190355301,0.0578690767288208,2.685959815979004,4,1.0,
fixed,0,47,1.6892147064208984,0.016917884349822998,0.050282593816518784,0.025210261344909668,1.7303780317306519,4,1.0,
fixed,0,48,2.1262049674987793,0.013698072172701359,0.05595703423023224,0.015040397644042969,2.1655447483062744,4,0.25,
fixed,0,49,2.0663928985595703,0.010554982349276543,0.062384095042943954,0.008024215698242188,2.10526967048645,4,0.0,
fixed,0,50,2.5448358058929443,0.009113874286413193,0.06629323959350586,0.007785916328430176,2.5848751068115234,4,0.0,11.91276741027832
fixed,0,51,1.9792532920837402,0.012324673123657703,0.034969329833984375,0.011767148971557617,2.0064303874969482,4,0.0,
fixed,0,52,2.548515558242798,0.010477842763066292,0.036285556852817535,0.024195313453674316,2.579155921936035,4,0.0,
fixed,0,53,1.9304147958755493,0.00967271439731121,0.008878225460648537,0.04029226303100586,1.9517779350280762,4,0.0,
fixed,0,54,2.71889066696167,0.008766623213887215,0.009140980429947376,0.05880630016326904,2.745486259460449,4,0.0,
fixed,0,55,1.8309189081192017,0.01090664230287075,0.0,0.07536113262176514,1.8589805364608765,4,0.0,8.191179275512695
fixed,0,56,2.492248773574829,0.004723824560642242,0.0813063383102417,0.09780502319335938,2.564605474472046,4,0.0,
fixed,0,57,2.0863730907440186,0.004579200409352779,0.08145251870155334,0.11660635471343994,2.1643707752227783,4,0.0,
fixed,0,58,2.0726590156555176,0.004980005323886871,0.0795636922121048,0.1162869930267334,2.1498169898986816,4,0.0,
fixed,0,59,1.9770410060882568,0.0029230392538011074,0.1150553822517395,0.11253845691680908,2.069791793823242,4,0.0,
fixed,0,60,2.054292678833008,0.011144237592816353,0.03563598170876503,0.09243667125701904,2.1054139137268066,4,0.0,0.4202052652835846
fixed,0,61,1.794643759727478,0.004543195478618145,0.09953057765960693,0.07951653003692627,1.8705356121063232,4,0.0,
fixed,0,62,2.0215344429016113,0.011810462921857834,0.05991900712251663,0.06674742698669434,2.077423334121704,4,0.0,
fixed,0,63,3.267045736312866,0.021806148812174797,0.027056897059082985,0.05866897106170654,3.3090779781341553,4,0.25,
fixed,0,64,2.1261773109436035,0.03390391916036606,0.0,0.05915725231170654,2.160876512527466,4,1.0,
fixed,0,65,2.168118715286255,0.017451463267207146,0.048383548855781555,0.05784296989440918,2.2183890342712402,4,1.0,5.389028072357178
fixed,0,66,2.1694247722625732,0.008621880784630775,0.07353825867176056,0.05240499973297119,2.226226329803467,4,1.0,
fixed,0,67,2.5000991821289062,0.017185339704155922,0.04866578429937363,0.04963088035583496,2.5479140281677246,4,1.0,
fixed,0,68,2.027615547180176,0.008701400831341743,0.07200248539447784,0.049956560134887695,2.0829544067382812,4,1.0,
fixed,0,69,1.7649024724960327,0.0,0.07475235313177109,0.048529982566833496,1.8168376684188843,4,1.0,
fixed,0,70,2.0844357013702393,0.009473825804889202,0.0688677579164505,0.05233919620513916,2.139308214187622,4,1.0,13.512469291687012
fixed,0,71,2.487536907196045,0.020351383835077286,0.0447775162756443,0.05549347400665283,2.5367493629455566,4,1.0,
fixed,0,72,1.4722448587417603,0.021239101886749268,0.04354960098862648,0.0588986873626709,1.5223088264465332,4,1.0,
fixed,0,73,2.874724864959717,0.04374721646308899,0.0,0.06252288818359375,2.9153554439544678,4,1.0,
fixed,0,74,1.3376466035842896,0.03046620637178421,0.022243380546569824,0.05564403533935547,1.3806946277618408,4,1.0,
fixed,0,75,1.8808410167694092,0.018667053431272507,0.047104742377996445,0.04802966117858887,1.928135871887207,4,1.0,3.9092226028442383
fixed,0,76,1.8138347864151,0.016794316470623016,0.04935150593519211,0.04221785068511963,1.8595730066299438,4,1.0,
fixed,0,77,1.845619797706604,0.007861758582293987,0.05444251000881195,0.04372560977935791,1.8898895978927612,4,1.0,
fixed,0,78,1.4117053747177124,0.0,0.08338537067174911,0.037503838539123535,1.4646492004394531,4,1.0,
fixed,0,79,2.115851402282715,0.007217034697532654,0.07911854982376099,0.03683733940124512,2.1700704097747803,4,1.0,
fixed,0,80,1.9798500537872314,0.0152164651080966,0.05458121374249458,0.03235602378845215,2.0244557857513428,4,1.0,3.737793207168579
fixed,0,81,3.221316337585449,0.023370111361145973,0.025679511949419975,0.03986048698425293,3.2577993869781494,4,1.0,
fixed,0,82,1.3777841329574585,0.022945821285247803,0.02608664333820343,0.04023110866546631,1.4143697023391724,4,1.0,
fixed,0,83,3.2854127883911133,0.00743055297061801,0.07938136160373688,0.04495799541473389,3.342306137084961,4,1.0,
fixed,0,84,2.7775866985321045,0.007723227143287659,0.07911829650402069,0.04920530319213867,2.835768938064575,4,1.0,
fixed,0,85,2.369478940963745,0.02327880822122097,0.025690697133541107,0.05438518524169922,2.4102792739868164,4,1.0,3.4785194396972656
fixed,0,86,1.9108058214187622,0.015871386975049973,0.029832419008016586,0.060598015785217285,1.951837182044983,4,1.0,
fixed,0,87,1.8148279190063477,0.0,0.10466000437736511,0.06291115283966064,1.8860312700271606,4,1.0,
fixed,0,88,2.4963855743408203,0.0241490937769413,0.02554582990705967,0.06507015228271484,2.5407540798187256,4,1.0,
fixed,0,89,1.311223030090332,0.008130515925586224,0.07693872600793839,0.06722140312194824,1.3739240169525146,4,1.0,
fixed,0,90,2.178722858428955,0.01699007675051689,0.05007252097129822,0.0704200267791748,2.233380079269409,4,1.0,4.99763298034668
fixed,0,91,2.461702585220337,0.008689473383128643,0.052372854202985764,0.07352054119110107,2.5142898559570312,4,1.0,
fixed,0,92,2.1771433353424072,0.009021914564073086,0.07138475030660629,0.07208681106567383,2.2389726638793945,4,1.0,
fixed,0,93,2.4310312271118164,0.0,0.05193612352013588,0.07165336608886719,2.4784953594207764,4,1.0,
fixed,0,94,1.514670968055725,0.020418807864189148,0.04339157044887543,0.07033932209014893,1.5676779747009277,4,1.0,
fixed,0,95,1.5638611316680908,0.011411471292376518,0.04436925798654556,0.07149147987365723,1.61319899559021,4,1.0,8.561307907104492
fixed,0,96,1.3858243227005005,0.022942127659916878,0.040173716843128204,0.07001805305480957,1.4383876323699951,4,1.0,
fixed,0,97,1.5013831853866577,0.03481211140751839,0.019611455500125885,0.06734991073608398,1.548799991607666,4,1.0,
fixed,0,98,1.4530982971191406,0.011483151465654373,0.04333417862653732,0.06282293796539307,1.4993538856506348,4,1.0,
fixed,0,99,1.413548469543457,0.02231740951538086,0.04114040359854698,0.06009721755981445,1.4633065462112427,4,1.0,
fixed,0,100,2.1751248836517334,0.021411368623375893,0.042995452880859375,0.0547105073928833,2.2237415313720703,4,1.0,3.266885995864868
fixed,0,101,1.2590645551681519,0.010093173943459988,0.06715406477451324,0.05026555061340332,1.3127678632736206,4,1.0,
fixed,0,102,2.2393040657043457,0.018696151673793793,0.044860225170850754,0.04833555221557617,2.285583019256592,4,1.0,
fixed,0,103,2.7608795166015625,0.018078381195664406,0.04774804785847664,0.04615449905395508,2.8076391220092773,4,1.0,
fixed,0,104,2.3323538303375244,0.024854326620697975,0.025136873126029968,0.043337225914001465,2.3703505992889404,4,1.0,
fixed,0,105,1.5577760934829712,0.015458974987268448,0.05233444273471832,0.045205116271972656,1.6052343845367432,4,1.0,5.641780376434326
fixed,0,106,1.7577271461486816,0.02117336355149746,0.028012575581669807,0.04646897315979004,1.7962608337402344,4,1.0,
fixed,0,107,1.7376198768615723,0.012509183026850224,0.05881377309560776,0.048590660095214844,1.7878586053848267,4,0.5,
fixed,0,108,2.4232025146484375,0.005565948784351349,0.09105498343706131,0.05596649646759033,2.4883029460906982,4,0.0,
fixed,0,109,2.6490254402160645,0.0163103137165308,0.030847981572151184,0.05916595458984375,2.690354347229004,4,0.0,
fixed,0,110,2.629638433456421,0.020692260935902596,0.0,0.06312370300292969,2.658921718597412,4,0.0,11.01585865020752
fixed,0,111,1.9461772441864014,0.0046476502902805805,0.0721660852432251,0.06626451015472412,2.0044634342193604,4,0.0,
fixed,0,112,1.9114396572113037,0.004630056209862232,0.07312839478254318,0.06571149826049805,1.9700323343276978,4,0.0,
fixed,0,113,2.1474170684814453,0.0,0.13165253400802612,0.05929064750671387,2.2310304641723633,4,0.0,
fixed,0,114,2.352649211883545,0.005205702967941761,0.09471872448921204,0.05748450756072998,2.4198567867279053,4,0.0,
fixed,0,115,1.4983152151107788,0.005930820945650339,0.08933468163013458,0.05546855926513672,1.5625885725021362,4,0.0,15.688010215759277
fixed,0,116,2.636357069015503,0.013785332441329956,0.055475667119026184,0.05317044258117676,2.686938762664795,4,1.0,
fixed,0,117,2.5801570415496826,0.02353067696094513,0.026108019053936005,0.0542072057723999,2.6212384700775146,4,1.0,
fixed,0,118,2.9341793060302734,0.016726333647966385,0.04994523525238037,0.05394637584686279,2.983699083328247,4,1.0,
fixed,0,119,2.0539371967315674,0.026506446301937103,0.024302972480654716,0.053811073303222656,2.095485210418701,4,1.0,
fixed,0,120,1.9053069353103638,0.008806198835372925,0.07066812366247177,0.05558943748474121,1.9617209434509277,4,1.0,12.074861526489258
fixed,0,121,2.3781938552856445,0.009456644766032696,0.048690199851989746,0.0589137077331543,2.424941301345825,4,1.0,
fixed,0,122,1.621010661125183,0.009693395346403122,0.06707879900932312,0.06046605110168457,1.6775366067886353,4,1.0,
fixed,0,123,2.4324135780334473,0.020474430173635483,0.02381027303636074,0.06249070167541504,2.4733030796051025,4,1.0,
fixed,0,124,1.3447176218032837,0.03260039538145065,0.021602671593427658,0.0646740198135376,1.3912214040756226,4,1.0,
fixed,0,125,2.147423267364502,0.03161459416151047,0.02163577266037464,0.06121253967285156,2.1924121379852295,4,1.0,4.96928071975708
fixed,0,126,2.712817907333374,0.019863687455654144,0.04404547065496445,0.057610273361206055,2.7620556354522705,4,1.0,
fixed,0,127,2.060744524002075,0.009625816717743874,0.06819862127304077,0.05623161792755127,2.1165261268615723,4,1.0,
fixed,0,128,2.2941458225250244,0.02808951586484909,0.023778850212693214,0.05253398418426514,2.3358402252197266,4,1.0,
fixed,0,129,2.4473838806152344,0.017760874703526497,0.04878968745470047,0.05053567886352539,2.4958198070526123,4,1.0,
fixed,0,130,2.275933027267456,0.033135220408439636,0.0,0.048120737075805664,2.306936740875244,4,1.0,11.049975395202637
fixed,0,131,2.267929792404175,0.007537879049777985,0.05585292726755142,0.04962146282196045,2.31451153755188,4,1.0,
fixed,0,132,1.9963905811309814,0.013936994597315788,0.03211221843957901,0.04491734504699707,2.0328903198242188,4,0.75,
fixed,0,133,2.374030590057373,0.012983131222426891,0.032921694219112396,0.044301748275756836,2.410273551940918,4,0.0,
fixed,0,134,1.4738882780075073,0.0,0.11760909855365753,0.04228329658508301,1.5453778505325317,4,0.0,
fixed,0,135,1.523219108581543,0.018279097974300385,0.029465531930327415,0.04111039638519287,1.5594245195388794,4,0.0,1.7833012342453003
fixed,0,136,1.7163143157958984,0.018062904477119446,0.029394270852208138,0.04207444190979004,1.7526652812957764,4,0.0,
fixed,0,137,2.6545748710632324,0.023507412523031235,0.0,0.04190349578857422,2.6788995265960693,4,0.0,
fixed,0,138,2.1615817546844482,0.0163621474057436,0.03051801584661007,0.042176008224487305,2.1976747512817383,4,0.0,
fixed,0,139,2.2982919216156006,0.015178153291344643,0.006053128745406866,0.04620170593261719,2.322767972946167,4,0.0,
fixed,0,140,2.2045114040374756,0.009199699386954308,0.06564369797706604,0.04776811599731445,2.256263494491577,4,0.0,7.0392165184021
fixed,0,141,2.4357287883758545,0.013379370793700218,0.03384049981832504,0.050328612327575684,2.4744372367858887,4,0.0,
fixed,0,142,2.2317728996276855,0.008084453642368317,0.06890176236629486,0.05149126052856445,2.2857134342193604,4,0.0,
fixed,0,143,2.635211229324341,0.011911524459719658,0.03463519737124443,0.05012190341949463,2.673521041870117,4,0.0,
fixed,0,144,1.88375723361969,0.003829122520983219,0.10589354485273361,0.055301785469055176,1.9552091360092163,4,0.0,
fixed,0,145,1.797098994255066,0.007890908978879452,0.07008101046085358,0.054044246673583984,1.8522982597351074,4,0.0,7.86139440536499
fixed,0,146,1.95582115650177,0.008341456763446331,0.06904413551092148,0.05222654342651367,2.0101819038391113,4,0.0,
fixed,0,147,1.1472842693328857,0.008776955306529999,0.06724561005830765,0.05082595348358154,1.2005432844161987,4,0.0,
fixed,0,148,1.753465175628662,0.009464284405112267,0.06493355333805084,0.049015164375305176,1.8053686618804932,4,0.0,
fixed,0,149,1.9435092210769653,0.005369116552174091,0.09304670989513397,0.04943585395812988,2.0075478553771973,4,0.0,
fixed,0,150,2.4371979236602783,0.012016277760267258,0.05972118675708771,0.04977536201477051,2.487999200820923,4,0.0,6.371950626373291
fixed,0,151,2.2162671089172363,0.013184261508286,0.056074321269989014,0.0502169132232666,2.2659614086151123,4,0.0,
fixed,0,152,1.5908417701721191,0.007632768712937832,0.0787871778011322,0.05629611015319824,1.6509405374526978,4,1.0,
fixed,0,153,1.889902114868164,0.025045964866876602,0.003250007051974535,0.05881226062774658,1.9216938018798828,4,1.0,
fixed,0,154,2.7661592960357666,0.0180765800178051,0.02722403034567833,0.06211709976196289,2.8074448108673096,4,1.0,
fixed,0,155,2.536534547805786,0.009533536620438099,0.06940040737390518,0.0642174482345581,2.595266819000244,4,1.0,12.097604751586914
fixed,0,156,1.7712143659591675,0.0095274792984128,0.06739731132984161,0.0639117956161499,1.828850269317627,4,1.0,
fixed,0,157,1.3832063674926758,0.010334431193768978,0.06597693264484406,0.0663144588470459,1.4412564039230347,4,1.0,
fixed,0,158,2.172590494155884,0.03289555385708809,0.02070668153464794,0.07085680961608887,2.220648765563965,4,1.0,
fixed,0,159,2.023169755935669,0.011099380441009998,0.04381727799773216,0.07003164291381836,2.0716376304626465,4,1.0,
fixed,0,160,1.5107791423797607,0.010814922861754894,0.04412377253174782,0.06578147411346436,1.5579829216003418,4,1.0,7.782279968261719
fixed,0,161,2.381459951400757,0.022085251286625862,0.04165048524737358,0.06457710266113281,2.4327008724212646,4,1.0,
fixed,0,162,1.5921779870986938,0.01065820548683405,0.06262756884098053,0.062432050704956055,1.6475504636764526,4,1.0,
fixed,0,163,2.5809617042541504,0.0,0.08388020843267441,0.06234943866729736,2.641606569290161,4,1.0,
fixed,0,164,1.5793310403823853,0.022133734077215195,0.022434163838624954,0.06312394142150879,1.6205521821975708,4,1.0,
fixed,0,165,2.0344505310058594,0.022103918716311455,0.04057277739048004,0.06299352645874023,2.0846869945526123,4,1.0,2.78078031539917
fixed,0,166,2.396324396133423,0.033474236726760864,0.020470010116696358,0.06266570091247559,2.44209623336792,4,1.0,
fixed,0,167,2.481153964996338,0.0,0.08570221066474915,0.05745244026184082,2.541240692138672,4,1.0,
fixed,0,168,2.127647876739502,0.010130173526704311,0.04532602056860924,0.05679166316986084,2.1724135875701904,4,1.0,
fixed,0,169,1.9844197034835815,0.0,0.06909003108739853,0.053822994232177734,2.035111665725708,4,1.0,
fixed,0,170,1.7175673246383667,0.03055352345108986,0.021673575043678284,0.05342519283294678,1.7597084045410156,4,1.0,4.953092575073242
fixed,0,171,1.216671109199524,0.010083637200295925,0.06654823571443558,0.052552103996276855,1.2707526683807373,4,1.0,
fixed,0,172,2.049386978149414,0.0,0.06973989307880402,0.05233967304229736,2.099958896636963,4,1.0,
fixed,0,173,2.3643360137939453,0.03077472373843193,0.002012139419093728,0.055619001388549805,2.3974151611328125,4,1.0,
fixed,0,174,2.346911907196045,0.020884238183498383,0.04287898167967796,0.056668758392333984,2.395794153213501,4,1.0,
fixed,0,175,2.46171236038208,0.019823739305138588,0.04344885051250458,0.05250906944274902,2.509101390838623,4,1.0,3.29482102394104
fixed,0,176,1.6277939081192017,0.019533671438694,0.02522919699549675,0.04998493194580078,1.6651707887649536,4,1.0,
fixed,0,177,2.25004243850708,0.0,0.0935322716832161,0.04784536361694336,2.311162233352661,4,1.0,
fixed,0,178,2.9597980976104736,0.008974296040832996,0.07083431631326675,0.04574108123779297,3.0134246349334717,4,1.0,
fixed,0,179,1.5415722131729126,0.0272066593170166,0.023518452420830727,0.046070098876953125,1.5807558298110962,4,1.0,
fixed,0,180,1.9961473941802979,0.017136216163635254,0.04884977266192436,0.043563127517700195,2.0422093868255615,4,1.0,4.457469463348389
fixed,0,181,2.168586015701294,0.01641235500574112,0.049352604895830154,0.04475116729736328,2.2148938179016113,4,1.0,
fixed,0,182,1.7916345596313477,0.024079639464616776,0.025333847850561142,0.046448707580566406,1.8302758932113647,4,1.0,
fixed,0,183,2.65625,0.022933753207325935,0.025988569483160973,0.04855608940124512,2.6952779293060303,4,1.0,
fixed,0,184,2.235172986984253,0.021172737702727318,0.02764824591577053,0.05013465881347656,2.2746238708496094,4,1.0,
fixed,0,185,3.1922926902770996,0.012711379677057266,0.05798909440636635,0.050626158714294434,3.242830753326416,4,0.0,6.162709712982178
fixed,0,186,2.362837314605713,0.005630252417176962,0.09059708565473557,0.05260765552520752,2.4267332553863525,4,0.0,
fixed,0,187,2.700835704803467,0.016448576003313065,0.005701705813407898,0.055045127868652344,2.728424310684204,4,0.0,
fixed,0,188,2.930590867996216,0.01518628653138876,0.031173428520560265,0.054190993309020996,2.9700279235839844,4,0.0,
fixed,0,189,2.953061580657959,0.004733013920485973,0.09743256866931915,0.05553436279296875,3.0208046436309814,4,0.0,
fixed,0,190,2.875263214111328,0.0139763243496418,0.033073507249355316,0.05208277702331543,2.9144129753112793,4,0.0,0.7484290599822998
fixed,0,191,2.187612295150757,0.018323801457881927,0.0,0.05140399932861328,2.21219539642334,4,0.0,
fixed,0,192,1.8658406734466553,0.012919649481773376,0.0335150770843029,0.049846649169921875,1.9040120840072632,4,0.0,
fixed,0,193,1.6603775024414062,0.008306367322802544,0.06949776411056519,0.04960036277770996,1.7141597270965576,4,0.0,
fixed,0,194,1.9825527667999268,0.011934573762118816,0.03477249667048454,0.04832923412322998,2.0204050540924072,4,0.0,
fixed,0,195,2.4673874378204346,0.011782455258071423,0.03474551439285278,0.05104231834411621,2.5059640407562256,4,0.0,0.2658383548259735
fixed,0,196,2.1011061668395996,0.007638871669769287,0.07001640647649765,0.050618529319763184,2.1551194190979004,4,0.0,
fixed,0,197,2.381229877471924,0.01158700231462717,0.03416986018419266,0.0500795841217041,2.4191322326660156,4,0.0,
fixed,0,198,1.8225207328796387,0.01208740845322609,0.0075759729370474815,0.04885756969451904,1.8470096588134766,4,0.0,
fixed,0,199,1.4293464422225952,0.0040168059058487415,0.07743320614099503,0.04992985725402832,1.4850504398345947,4,0.0,
fixed,0,200,1.2735422849655151,0.012470532208681107,0.034414276480674744,0.047402143478393555,1.3112053871154785,4,0.0,0.4381425380706787
fixed,0,201,2.1902594566345215,0.004309807438403368,0.0748792290687561,0.04560363292694092,2.243535041809082,4,0.0,
fixed,0,202,1.8562073707580566,0.009269187226891518,0.06485030055046082,0.04253411293029785,1.9060273170471191,4,0.0,
fixed,0,203,2.9365618228912354,0.020549146458506584,0.0,0.03950190544128418,2.9586870670318604,4,0.0,
fixed,0,204,2.0629286766052246,0.016026394441723824,0.030784092843532562,0.038512468338012695,2.0978877544403076,4,0.0,
fixed,0,205,1.3659993410110474,0.010940009728074074,0.060703031718730927,0.0413593053817749,1.4142286777496338,4,0.0,6.354287624359131
fixed,0,206,2.989124298095703,0.011228108778595924,0.05933167040348053,0.04114556312561035,3.036747932434082,4,0.0,
fixed,0,207,1.5223801136016846,0.011854749172925949,0.03508937731385231,0.041014909744262695,1.5581566095352173,4,0.0,
fixed,0,208,1.7376352548599243,0.005935122724622488,0.08778935670852661,0.040354013442993164,1.7966036796569824,4,0.0,
fixed,0,209,1.7895773649215698,0.019380731508135796,0.02830483205616474,0.040138959884643555,1.8254618644714355,4,0.0,
fixed,0,210,1.3582719564437866,0.01341185811907053,0.0557309165596962,0.0423126220703125,1.4055371284484863,4,0.0,5.19299840927124
fixed,0,211,1.59064781665802,0.014034261927008629,0.05579698830842972,0.04113483428955078,1.6379039287567139,4,0.0,
fixed,0,212,1.7671277523040771,0.007217768579721451,0.05727919191122055,0.04618096351623535,1.8132305145263672,4,0.0,
fixed,0,213,1.5471351146697998,0.01517808623611927,0.0510919950902462,0.04744923114776611,1.594504952430725,4,1.0,
fixed,0,214,2.4555599689483643,0.016262203454971313,0.049890000373125076,0.05092954635620117,2.5039148330688477,4,1.0,
fixed,0,215,1.6022616624832153,0.01683172769844532,0.049199532717466354,0.05303049087524414,1.651186466217041,4,1.0,4.268886566162109
fixed,0,216,1.6934151649475098,0.008852561004459858,0.05065098777413368,0.0599513053894043,1.741152286529541,4,1.0,
fixed,0,217,1.5511032342910767,0.018003126606345177,0.04630769416689873,0.06012535095214844,1.601296305656433,4,1.0,
fixed,0,218,2.419595956802368,0.029018396511673927,0.002586762886494398,0.06453728675842285,2.4547598361968994,4,1.0,
fixed,0,219,2.3976850509643555,0.018236389383673668,0.04631680250167847,0.06142163276672363,2.44838809967041,4,1.0,
fixed,0,220,2.0803375244140625,0.009151177480816841,0.07028484344482422,0.06112051010131836,2.1383917331695557,4,1.0,12.262298583984375
fixed,0,221,2.0891170501708984,0.009344312362372875,0.04898611456155777,0.06258010864257812,2.137056350708008,4,1.0,
fixed,0,222,2.6964495182037354,0.018869418650865555,0.046305108815431595,0.06052350997924805,2.7471938133239746,4,1.0,
fixed,0,223,1.9405122995376587,0.017360230907797813,0.04723246768116951,0.053600192070007324,1.9888887405395508,4,1.0,
fixed,0,224,1.727415680885315,0.008863124065101147,0.07227817922830582,0.05265462398529053,1.783782720565796,4,1.0,
fixed,0,225,1.4536526203155518,0.008840283378958702,0.07097216695547104,0.05444741249084473,1.5098930597305298,4,1.0,12.251285552978516
fixed,0,226,2.2442514896392822,0.027630286291241646,0.02301711030304432,0.056522488594055176,2.286531925201416,4,1.0,
fixed,0,227,2.2766947746276855,0.02756970375776291,0.02338552288711071,0.056252241134643555,2.3190481662750244,4,1.0,
fixed,0,228,2.2299716472625732,0.025692902505397797,0.024970553815364838,0.050405025482177734,2.2704248428344727,4,1.0,
fixed,0,229,1.6651020050048828,0.02419223263859749,0.0033348994329571724,0.04970657825469971,1.6937775611877441,4,1.0,
fixed,0,230,1.8678785562515259,0.022281035780906677,0.026462331414222717,0.04673278331756592,1.9062700271606445,4,1.0,3.0541718006134033
fixed,0,231,1.9467201232910156,0.0,0.08765138685703278,0.047304749488830566,2.004737138748169,4,1.0,
fixed,0,232,2.9842007160186768,0.006210453808307648,0.038627974689006805,0.04358828067779541,3.0196964740753174,4,0.25,
fixed,0,233,1.8925751447677612,0.006085684988647699,0.06309933960437775,0.04044806957244873,1.9393020868301392,4,0.0,
fixed,0,234,1.5694183111190796,0.0060243927873671055,0.0870789885520935,0.036402344703674316,1.6268906593322754,4,0.0,
fixed,0,235,1.2705564498901367,0.0,0.09182070940732956,0.03485214710235596,1.3269224166870117,4,0.0,18.19254493713379
fixed,0,236,2.070587158203125,0.013129666447639465,0.055159732699394226,0.03302490711212158,2.1146392822265625,4,0.25,
fixed,0,237,2.677711248397827,0.02145799621939659,0.027054563164711,0.03340005874633789,2.7119874954223633,4,1.0,
fixed,0,238,1.8213458061218262,0.014361335895955563,0.053425319492816925,0.03309750556945801,1.8651683330535889,4,1.0,
fixed,0,239,1.862241268157959,0.015240667387843132,0.052027031779289246,0.036022067070007324,1.906681776046753,4,1.0,
fixed,0,240,2.4559433460235596,0.015338360331952572,0.05210907384753227,0.03641104698181152,2.5005903244018555,4,1.0,4.592316150665283
fixed,0,241,1.5665313005447388,0.007740837521851063,0.07585307955741882,0.03976726531982422,1.6202584505081177,4,1.0,
fixed,0,242,2.584263324737549,0.03227083012461662,0.0,0.03943192958831787,2.6122283935546875,4,1.0,
fixed,0,243,1.889567494392395,0.024525541812181473,0.02528715506196022,0.04267477989196777,1.9272762537002563,4,1.0,
fixed,0,244,2.3659820556640625,0.01595238968729973,0.05113139748573303,0.04448246955871582,2.4128687381744385,4,1.0,
fixed,0,245,1.8340922594070435,0.007573384791612625,0.0770866870880127,0.0486598014831543,1.8910201787948608,4,1.0,12.71553897857666
fixed,0,246,1.7342575788497925,0.023055769503116608,0.026085438206791878,0.05008840560913086,1.7738547325134277,4,1.0,
fixed,0,247,2.061251640319824,0.014946508221328259,0.05316666141152382,0.053379058837890625,2.1113219261169434,4,1.0,
fixed,0,248,1.8574068546295166,0.014887602999806404,0.05361706018447876,0.05641293525695801,1.9085830450057983,4,1.0,
fixed,0,249,1.8755401372909546,0.021755389869213104,0.02726123109459877,0.05975031852722168,1.917973518371582,4,1.0,
fixed,0,250,2.6439037322998047,0.013789106160402298,0.05449943244457245,0.06344485282897949,2.6970815658569336,4,1.0,5.707553386688232
fixed,0,251,1.83125638961792,0.0070122419856488705,0.08293458819389343,0.0683901309967041,1.8967468738555908,4,1.0,
fixed,0,252,2.328809976577759,0.028102731332182884,0.0,0.069305419921875,2.3636529445648193,4,1.0,
fixed,0,253,2.613551378250122,0.019761916249990463,0.028317438438534737,0.07227563858032227,2.659273862838745,4,0.0,
fixed,0,254,1.7928624153137207,0.012196974828839302,0.057875920087099075,0.07196426391601562,1.8494881391525269,4,0.0,
fixed,0,255,1.5487815141677856,0.01198020949959755,0.05958781763911247,0.07512450218200684,1.607102870941162,4,0.0,6.722887992858887
fixed,0,256,1.9714453220367432,0.005676125176250935,0.08935035765171051,0.0738685131072998,2.04111909866333,4,0.0,
fixed,0,257,1.8656915426254272,0.0,0.11935389041900635,0.07615149021148682,1.9482139348983765,4,0.0,
fixed,0,258,2.0493881702423096,0.013021034188568592,0.05718163028359413,0.07732272148132324,2.1076862812042236,4,0.0,
fixed,0,259,1.5189683437347412,0.013812428340315819,0.05499391630291939,0.07754719257354736,1.576635718345642,4,1.0,
fixed,0,260,1.9818891286849976,0.0,0.10622704029083252,0.07945132255554199,2.058838129043579,4,1.0,23.883914947509766
fixed,0,261,1.5010932683944702,0.016214385628700256,0.051031045615673065,0.07481765747070312,1.5571613311767578,4,1.0,
fixed,0,262,1.4734047651290894,0.018177254125475883,0.04685920476913452,0.08202147483825684,1.530529499053955,4,1.0,
fixed,0,263,1.365867018699646,0.0,0.06962338089942932,0.08549737930297852,1.4263279438018799,4,1.0,
fixed,0,264,1.5344685316085815,0.010664772242307663,0.06476867198944092,0.08229851722717285,1.5968748331069946,4,1.0,
fixed,0,265,1.7357181310653687,0.03456568717956543,0.019755246117711067,0.08734345436096191,1.7890815734863281,4,1.0,6.270942687988281
fixed,0,266,1.463671326637268,0.023101015016436577,0.039765141904354095,0.08172774314880371,1.5196226835250854,4,1.0,
fixed,0,267,2.251368284225464,0.03321085125207901,0.01931864768266678,0.07363283634185791,2.299722909927368,4,1.0,
fixed,0,268,2.5781779289245605,0.020643191412091255,0.0412486307322979,0.06541478633880615,2.6287481784820557,4,1.0,
fixed,0,269,2.2616381645202637,0.020215868949890137,0.02449396252632141,0.05719447135925293,2.3011515140533447,4,1.0,
fixed,0,270,1.695029377937317,0.018603023141622543,0.04636461287736893,0.047103166580200195,1.7416441440582275,4,1.0,3.462584972381592
fixed,0,271,2.209568738937378,0.026367735117673874,0.024253109470009804,0.04138445854187012,2.2472944259643555,4,1.0,
fixed,0,272,2.4570846557617188,0.01599215157330036,0.0498826801776886,0.03596639633178711,2.50081205368042,4,1.0,
fixed,0,273,1.6873468160629272,0.014567126519978046,0.05278214439749718,0.03085482120513916,1.7302778959274292,4,1.0,
fixed,0,274,1.8865628242492676,0.02075880952179432,0.026823049411177635,0.028572440147399902,1.9189255237579346,4,1.0,
fixed,0,275,1.931618094444275,0.006005504168570042,0.03805907815694809,0.026957273483276367,1.9617375135421753,4,1.0,6.701642990112305
fixed,0,276,1.8714604377746582,0.011487690731883049,0.05834485590457916,0.025146126747131348,1.913920521736145,4,0.5,
fixed,0,277,2.0784456729888916,0.011070739477872849,0.06103335693478584,0.02354109287261963,2.1215600967407227,4,0.0,
fixed,0,278,1.5707769393920898,0.010690867900848389,0.03579147160053253,0.024948954582214355,1.601502776145935,4,0.0,
fixed,0,279,2.385267972946167,0.0,0.1240355372428894,0.025722980499267578,2.455002546310425,4,0.0,
fixed,0,280,1.8712620735168457,0.005190378986299038,0.09295009821653366,0.026152491569519043,1.928178071975708,4,0.0,12.577424049377441
fixed,0,281,1.9454573392868042,0.011651484295725822,0.05831023305654526,0.031488895416259766,1.989884853363037,4,0.0,
fixed,0,282,1.9567525386810303,0.006049382034689188,0.06184551864862442,0.033775925636291504,2.0008327960968018,4,0.0,
fixed,0,283,1.78173828125,0.013249572366476059,0.032281845808029175,0.03701376914978027,1.8156081438064575,4,0.0,
fixed,0,284,2.212404489517212,0.022404013201594353,0.02676105871796608,0.04281902313232422,2.2498326301574707,4,0.75,
fixed,0,285,2.251683473587036,0.014970755204558372,0.05358600616455078,0.042189717292785645,2.298618793487549,4,1.0,4.167144775390625
fixed,0,286,1.7071939706802368,0.0,0.10298340022563934,0.04880690574645996,1.7733277082443237,4,1.0,
fixed,0,287,1.6736023426055908,0.01639428734779358,0.04816082864999771,0.054723262786865234,1.7222968339920044,4,1.0,
fixed,0,288,2.114759922027588,0.0,0.07441206276416779,0.060640573501586914,2.1701581478118896,4,1.0,
fixed,0,289,2.2700932025909424,0.027868693694472313,0.02129513770341873,0.061950087547302246,2.313260078430176,4,1.0,
fixed,0,290,2.876791477203369,0.021402910351753235,0.04446689039468765,0.07137894630432129,2.9311399459838867,4,1.0,2.5837385654449463
fixed,0,291,2.2658116817474365,0.03164106234908104,0.020780036225914955,0.07550644874572754,2.314674139022827,4,1.0,
fixed,0,292,2.396155834197998,0.020617078989744186,0.04228755831718445,0.07535374164581299,2.450214385986328,4,1.0,
fixed,0,293,2.4838945865631104,0.031895603984594345,0.019985299557447433,0.08026719093322754,2.5339152812957764,4,1.0,
fixed,0,294,2.9887290000915527,0.01930767297744751,0.04447265714406967,0.07100892066955566,3.041921854019165,4,1.0,
fixed,0,295,1.5483332872390747,0.009041848592460155,0.06863223016262054,0.07211041450500488,1.6088035106658936,4,1.0,11.730766296386719
fixed,0,296,2.1846609115600586,0.008980282582342625,0.06965669244527817,0.07255899906158447,2.2457470893859863,4,1.0,
fixed,0,297,2.357424259185791,0.024649132043123245,0.0036543093156069517,0.05917072296142578,2.38932728767395,4,1.0,
fixed,0,298,1.9661407470703125,0.007565730717033148,0.07569770514965057,0.05722320079803467,2.02493953704834,4,1.0,
fixed,0,299,2.246734619140625,0.0076878368854522705,0.05403261259198189,0.06006264686584473,2.2956135272979736,4,1.0,
fixed,0,300,3.6592648029327393,0.015840481966733932,0.03007662668824196,0.05464518070220947,3.6986169815063477,4,1.0,1.482263207435608
fixed,0,301,2.1161935329437256,0.021054241806268692,0.02664623223245144,0.046772003173828125,2.1540753841400146,4,1.0,
fixed,0,302,2.6377317905426025,0.006673238705843687,0.08365832269191742,0.04000401496887207,2.694898843765259,4,1.0,
fixed,0,303,2.439460515975952,0.020411966368556023,0.028102261945605278,0.04112410545349121,2.4760549068450928,4,1.0,
fixed,0,304,1.7409261465072632,0.0,0.0907106027007103,0.03912460803985596,1.7980188131332397,4,1.0,
fixed,0,305,1.8100831508636475,0.013294344767928123,0.02956523187458515,0.041545748710632324,1.843976616859436,4,1.0,2.4922213554382324
fixed,0,306,1.8177701234817505,0.0,0.10916465520858765,0.039453983306884766,1.8841886520385742,4,1.0,
fixed,0,307,2.154252052307129,0.014776073396205902,0.05492526292800903,0.03806912899017334,2.2005233764648438,4,1.0,
fixed,0,308,2.2042481899261475,0.02356240153312683,0.02616764046251774,0.04064929485321045,2.2413079738616943,4,1.0,
fixed,0,309,2.2251710891723633,0.008017749525606632,0.07672590017318726,0.04294931888580322,2.2804276943206787,4,1.0,
fixed,0,310,1.4572677612304688,0.008053526282310486,0.052499447017908096,0.0450587272644043,1.5010619163513184,4,1.0,8.472126960754395
fixed,0,311,2.571781635284424,0.018301889300346375,0.04830193519592285,0.048688411712646484,2.619690179824829,4,1.0,
fixed,0,312,1.844426155090332,0.0,0.09020771086215973,0.05686211585998535,1.9065886735916138,4,1.0,
fixed,0,313,2.488964319229126,0.028385303914546967,0.02299346961081028,0.05199873447418213,2.5302534103393555,4,1.0,
fixed,0,314,1.2513998746871948,0.02014314755797386,0.04441613703966141,0.058084726333618164,1.3011049032211304,4,1.0,
fixed,0,315,2.9325735569000244,0.010402309708297253,0.06517632305622101,0.06279492378234863,2.989201307296753,4,1.0,10.182121276855469
fixed,0,316,3.154043674468994,0.0322575569152832,0.019373465329408646,0.07049846649169922,3.2010087966918945,4,1.0,
fixed,0,317,1.743167757987976,0.009745588526129723,0.06141369789838791,0.07232427597045898,1.8004447221755981,4,1.0,
fixed,0,318,1.361405372619629,0.010882928036153316,0.04366578161716461,0.07466304302215576,1.411078691482544,4,1.0,
fixed,0,319,2.203336238861084,0.0322195403277874,0.020627187564969063,0.07242941856384277,2.251488447189331,4,1.0,
fixed,0,320,1.6908525228500366,0.010485810227692127,0.0626070648431778,0.07518744468688965,1.749955177307129,4,1.0,10.790709495544434
fixed,0,321,1.443260908126831,0.0,0.08587852120399475,0.07422935962677002,1.5084689855575562,4,1.0,
fixed,0,322,2.24969744682312,0.020070984959602356,0.043462857604026794,0.07002949714660645,2.302473306655884,4,1.0,
fixed,0,323,1.958423376083374,0.010004529729485512,0.06474462151527405,0.07335901260375977,2.017805576324463,4,1.0,
fixed,0,324,2.276371717453003,0.031631600111722946,0.020527252927422523,0.07676100730895996,2.325479507446289,4,1.0,
fixed,0,325,1.8828682899475098,0.030011316761374474,0.01928846910595894,0.07525718212127686,1.9300953149795532,4,1.0,4.4839348793029785
fixed,0,326,1.8546388149261475,0.01801931858062744,0.04612705111503601,0.062435150146484375,1.9054425954818726,4,1.0,
fixed,0,327,1.6192668676376343,0.023747868835926056,0.021948104724287987,0.05622541904449463,1.658982515335083,4,1.0,
fixed,0,328,2.5741195678710938,0.0072774579748511314,0.05624736100435257,0.04857373237609863,2.6204540729522705,4,1.0,
fixed,0,329,2.811760902404785,0.007189933676272631,0.05529474839568138,0.04959416389465332,2.857881546020508,4,1.0,
fixed,0,330,2.02127742767334,0.018982945010066032,0.028131885454058647,0.0371549129486084,2.055981397628784,4,1.0,1.6121286153793335
fixed,0,331,1.4204219579696655,0.012229062616825104,0.05761556327342987,0.03557610511779785,1.4660171270370483,4,1.0,
fixed,0,332,1.7573333978652954,0.005390796810388565,0.08672292530536652,0.03515160083770752,1.8139357566833496,4,0.75,
fixed,0,333,1.4430557489395142,0.005837649572640657,0.08903280645608902,0.03332352638244629,1.500488042831421,4,1.0,
fixed,0,334,1.882849097251892,0.00573057821020484,0.06248566880822182,0.03457212448120117,1.9273288249969482,4,1.0,
fixed,0,335,1.7695411443710327,0.005983634386211634,0.08306679129600525,0.038158416748046875,1.8255138397216797,4,1.0,11.517845153808594
fixed,0,336,1.7773222923278809,0.006326637696474791,0.08247125893831253,0.04063713550567627,1.8339123725891113,4,1.0,
fixed,0,337,2.1831016540527344,0.028195882216095924,0.0,0.04050719738006592,2.2093517780303955,4,1.0,
fixed,0,338,1.8770766258239746,0.00873576756566763,0.077463798224926,0.04834413528442383,1.934679627418518,4,1.0,
fixed,0,339,1.4263358116149902,0.007805395405739546,0.07293467223644257,0.05438053607940674,1.4830200672149658,4,1.0,
fixed,0,340,1.9318299293518066,0.02683275192975998,0.022981485351920128,0.06119728088378906,1.9750962257385254,4,1.0,3.7689008712768555
fixed,0,341,2.1858975887298584,0.026772012934088707,0.023435665294528008,0.06216120719909668,2.229649782180786,4,1.0,
fixed,0,342,2.9876129627227783,0.008559095673263073,0.07108931988477707,0.06347072124481201,3.046478271484375,4,1.0,
fixed,0,343,2.034588098526001,0.02728337235748768,0.0023389365524053574,0.06769049167633057,2.069706439971924,4,1.0,
fixed,0,344,1.963870882987976,0.00943052675575018,0.06843799352645874,0.07153606414794922,2.024266004562378,4,1.0,
fixed,0,345,2.13069224357605,0.027794627472758293,0.002471745479851961,0.0702352523803711,2.166896104812622,4,1.0,7.188714504241943
fixed,0,346,2.419219493865967,0.009049172513186932,0.06721904873847961,0.07081425189971924,2.47859787940979,4,1.0,
fixed,0,347,2.0792224407196045,0.00885352585464716,0.06799162179231644,0.07240939140319824,2.1393678188323975,4,1.0,
fixed,0,348,2.1918857097625732,0.017360657453536987,0.04677246883511543,0.06444275379180908,2.2432851791381836,4,1.0,
fixed,0,349,2.045583486557007,0.0174541138112545,0.04701681435108185,0.06281793117523193,2.0966644287109375,4,1.0,
fixed,0,350,2.438154458999634,0.02580266073346138,0.023334279656410217,0.059500694274902344,2.4805731773376465,4,1.0,3.9406116008758545
fixed,0,351,2.1413216590881348,0.007948181591928005,0.07212725281715393,0.0597606897354126,2.1992876529693604,4,1.0,
fixed,0,352,2.300408363342285,0.008022616617381573,0.07435037940740585,0.057724833488464355,2.358912229537964,4,1.0,
fixed,0,353,1.4259549379348755,0.024213438853621483,0.024204455316066742,0.05568397045135498,1.4668691158294678,4,1.0,
fixed,0,354,2.5979795455932617,0.015514785423874855,0.04831552505493164,0.05615675449371338,2.6467416286468506,4,1.0,
fixed,0,355,2.873708963394165,0.023070210590958595,0.025243118405342102,0.05289769172668457,2.9137349128723145,4,1.0,2.897369861602783
fixed,0,356,2.5002472400665283,0.007265198510140181,0.03347164765000343,0.05308103561401367,2.5365400314331055,4,1.0,
fixed,0,357,1.4453134536743164,0.015225343406200409,0.05170351639389992,0.05249762535095215,1.4945272207260132,4,1.0,
fixed,0,358,2.305434465408325,0.019970189779996872,0.02737581543624401,0.04358530044555664,2.3421831130981445,4,0.75,
fixed,0,359,2.2317416667938232,0.01300971768796444,0.054770514369010925,0.0395047664642334,2.2774832248687744,4,1.0,
fixed,0,360,0.84046870470047,0.01785840466618538,0.028159605339169502,0.03692936897277832,0.8745565414428711,4,0.25,1.921947956085205
fixed,0,361,2.184743881225586,0.005779630038887262,0.0640501156449318,0.036609649658203125,2.2306416034698486,4,0.0,
fixed,0,362,1.6778810024261475,0.016844017431139946,0.028505394235253334,0.035135865211486816,1.7110965251922607,4,0.0,
fixed,0,363,1.6869869232177734,0.011771324090659618,0.03603542968630791,0.03343677520751953,1.720921277999878,4,0.25,
fixed,0,364,1.768926978111267,0.01754477247595787,0.029913652688264847,0.03327906131744385,1.8026399612426758,4,0.0,
fixed,0,365,1.2357149124145508,0.00995553471148014,0.061130963265895844,0.03311896324157715,1.2811938524246216,4,0.0,6.636015892028809
fixed,0,366,2.337242364883423,0.014061849564313889,0.031610820442438126,0.03233969211578369,2.3697805404663086,4,0.0,
fixed,0,367,1.4068819284439087,0.004809692036360502,0.09129121899604797,0.03548169136047363,1.4655768871307373,4,0.0,
fixed,0,368,1.8146178722381592,0.009279877878725529,0.036106742918491364,0.03451967239379883,1.8476670980453491,4,0.0,
fixed,0,369,1.7383681535720825,0.009837627410888672,0.03642179071903229,0.0384523868560791,1.773033618927002,4,0.0,
fixed,0,370,1.5149998664855957,0.021046847105026245,0.0,0.03786313533782959,1.5368822813034058,4,0.0,9.094651222229004
fixed,0,371,1.5720089673995972,0.010168015956878662,0.060211267322301865,0.03817331790924072,1.6186505556106567,4,0.0,
fixed,0,372,2.174485683441162,0.015208244323730469,0.031249476596713066,0.03803372383117676,2.2091245651245117,4,0.0,
fixed,0,373,2.1502292156219482,0.00962531566619873,0.06133734807372093,0.04086112976074219,2.1979689598083496,4,0.0,
fixed,0,374,2.0333847999572754,0.005445234477519989,0.0954364538192749,0.042894959449768066,2.096694231033325,4,0.0,
fixed,0,375,2.998309850692749,0.00532246008515358,0.09398188441991806,0.04296565055847168,3.060851812362671,4,0.0,14.35153579711914
fixed,0,376,1.6587773561477661,0.0053078243508934975,0.060315877199172974,0.04258406162261963,1.7043644189834595,4,0.25,
fixed,0,377,1.792686939239502,0.013194514438509941,0.055718787014484406,0.04681718349456787,1.8411887884140015,4,0.0,
fixed,0,378,1.700901746749878,0.012858813628554344,0.054518330842256546,0.0465623140335083,1.7485589981079102,4,0.25,
fixed,0,379,1.8277442455291748,0.013869891874492168,0.05019914358854294,0.04882240295410156,1.8744255304336548,4,0.5,
fixed,0,380,2.037282943725586,0.023003730922937393,0.002978488802909851,0.05298793315887451,2.0661704540252686,4,1.0,6.706079483032227
fixed,0,381,2.5694377422332764,0.015765035524964333,0.0500897653400898,0.053781986236572266,2.618499755859375,4,1.0,
fixed,0,382,2.138625383377075,0.024191617965698242,0.02291962318122387,0.05612945556640625,2.1790199279785156,4,1.0,
fixed,0,383,2.408168315887451,0.016171317547559738,0.005579741671681404,0.057752251625061035,2.4363694190979004,4,1.0,
fixed,0,384,2.1432039737701416,0.023430276662111282,0.023390736430883408,0.05349147319793701,2.182662010192871,4,1.0,
fixed,0,385,1.8745616674423218,0.022660985589027405,0.024212004616856575,0.05033004283905029,1.9130971431732178,4,1.0,3.1564040184020996
fixed,0,386,1.5167584419250488,0.014214139431715012,0.05143271014094353,0.05005359649658203,1.5645979642868042,4,0.75,
fixed,0,387,1.8636391162872314,0.018944745883345604,0.028149422258138657,0.042432546615600586,1.8999159336090088,4,0.0,
fixed,0,388,1.513927698135376,0.005736323539167643,0.06071760877966881,0.04337453842163086,1.5601670742034912,4,0.25,
fixed,0,389,2.1792240142822266,0.0,0.06856705993413925,0.04052305221557617,2.2256643772125244,4,0.0,
fixed,0,390,1.7908717393875122,0.012577544897794724,0.05299009755253792,0.038961052894592285,1.835343837738037,4,0.5,5.187892436981201
fixed,0,391,2.020364999771118,0.0109561113640666,0.034564193338155746,0.03373885154724121,2.0532467365264893,4,0.0,
fixed,0,392,1.9145981073379517,0.0,0.11704251170158386,0.03271496295928955,1.9829338788986206,4,0.0,
fixed,0,393,2.6803340911865234,0.006754286587238312,0.06292729079723358,0.03207814693450928,2.7247984409332275,4,0.25,
fixed,0,394,0.9255985021591187,0.015699351206421852,0.0520370751619339,0.03674888610839844,0.9704914093017578,4,0.75,
fixed,0,395,0.9960324764251709,0.0,0.10358167439699173,0.03648579120635986,1.0587689876556396,4,1.0,20.257396697998047
fixed,0,396,2.2120778560638428,0.007701676804572344,0.0706155002117157,0.040979862213134766,2.2635304927825928,4,1.0,
fixed,0,397,1.4469785690307617,0.017289182171225548,0.04448346048593521,0.044350624084472656,1.491170048713684,4,1.0,
fixed,0,398,1.483971357345581,0.0,0.08191630244255066,0.06103515625,1.5432400703430176,4,1.0,
fixed,0,399,1.7858178615570068,0.0214553140103817,0.03818344324827194,0.06620979309082031,1.8355002403259277,4,1.0,
fixed,0,400,1.7377963066101074,0.032671600580215454,0.019200533628463745,0.0659022331237793,1.7835030555725098,4,1.0,5.186717510223389
fixed,0,401,1.9171110391616821,0.0,0.05529770627617836,0.08728420734405518,1.970945119857788,4,1.0,
fixed,0,402,2.105515718460083,0.012998927384614944,0.03848491609096527,0.09237539768218994,2.158970355987549,4,1.0,
fixed,0,403,2.4386484622955322,0.037879347801208496,0.018712632358074188,0.08330941200256348,2.4919371604919434,4,1.0,
fixed,0,404,2.218869209289551,0.0254276841878891,0.0016521427314728498,0.10119318962097168,2.2627670764923096,4,1.0,
fixed,0,405,1.5927984714508057,0.026899810880422592,0.03253395855426788,0.10521066188812256,1.6540786027908325,4,1.0,1.0164772272109985
fixed,0,406,3.4919865131378174,0.023114880546927452,0.016327938064932823,0.09121286869049072,3.539071798324585,4,1.0,
fixed,0,407,2.5056333541870117,0.039376743137836456,0.0,0.05835413932800293,2.54282808303833,4,1.0,
fixed,0,408,2.618865489959717,0.015857314690947533,0.04845092445611954,0.04534494876861572,2.6646230220794678,4,1.0,
fixed,0,409,2.3969736099243164,0.007197901606559753,0.07623665034770966,0.04175460338592529,2.4512171745300293,4,1.0,
fixed,0,410,1.6835912466049194,0.005779086146503687,0.07858188450336456,0.03747367858886719,1.737013816833496,4,0.75,12.803764343261719
fixed,0,411,1.4106260538101196,0.00619303435087204,0.08110509812831879,0.03629732131958008,1.465164303779602,4,0.75,
fixed,0,412,1.1863815784454346,0.015982409939169884,0.02818852849304676,0.030463814735412598,1.2176061868667603,4,0.25,
fixed,0,413,1.8763797283172607,0.009711310267448425,0.03102627769112587,0.03178691864013672,1.9062845706939697,4,0.5,
fixed,0,414,1.9777811765670776,0.00956149771809578,0.06461827456951141,0.03194999694824219,2.024456024169922,4,0.0,
fixed,0,415,1.9999245405197144,0.013517186045646667,0.031115395948290825,0.032944440841674805,2.0321242809295654,4,0.0,0.5319247841835022
fixed,0,416,2.2748866081237793,0.0086860042065382,0.05654449015855789,0.03333389759063721,2.317502021789551,4,0.25,
fixed,0,417,1.9015285968780518,0.009366556070744991,0.03715641051530838,0.03568387031555176,1.9354952573776245,4,0.0,
fixed,0,418,1.9501664638519287,0.008989052847027779,0.0559188574552536,0.0366213321685791,1.9936068058013916,4,0.25,
fixed,0,419,3.138674736022949,0.0047045000828802586,0.09268441051244736,0.0395890474319458,3.1992459297180176,4,0.0,
fixed,0,420,1.4819412231445312,0.013852937147021294,0.026776574552059174,0.03950297832489014,1.5141068696975708,4,0.25,1.3789699077606201
fixed,0,421,2.0739991664886475,0.010397005826234818,0.05868052691221237,0.04200625419616699,2.1211397647857666,4,0.0,
fixed,0,422,1.636410117149353,0.013934231363236904,0.027200553566217422,0.042830824851989746,1.6698267459869385,4,0.0,
fixed,0,423,1.4972755908966064,0.01181116048246622,0.06177337467670441,0.0451202392578125,1.547603964805603,4,0.0,
fixed,0,424,2.130352735519409,0.010904919356107712,0.05321791395545006,0.048497557640075684,2.1769633293151855,4,0.25,
fixed,0,425,1.7939417362213135,0.011276817880570889,0.0544188916683197,0.05217742919921875,1.8424428701400757,4,0.25,5.678668022155762
fixed,0,426,2.336393117904663,0.022659992799162865,0.0,0.050048828125,2.3627376556396484,4,0.0,
fixed,0,427,1.6252492666244507,0.011383183300495148,0.05606618523597717,0.05502426624298096,1.6754812002182007,4,0.25,
fixed,0,428,2.0425593852996826,0.020233074203133583,0.024393783882260323,0.05894482135772705,2.0825562477111816,4,0.5,
fixed,0,429,2.3616552352905273,0.012591095641255379,0.060637615621089935,0.05924057960510254,2.416041851043701,4,0.0,
fixed,0,430,1.9235234260559082,0.005796997807919979,0.07204408198595047,0.0674511194229126,1.9826792478561401,4,0.75,12.634358406066895
fixed,0,431,1.7256560325622559,0.011531579308211803,0.05908791348338127,0.061443448066711426,1.779398798942566,4,0.0,
fixed,0,432,2.170788288116455,0.005392989609390497,0.03423789516091347,0.06496930122375488,2.210094451904297,4,0.5,
fixed,0,433,1.966880440711975,0.013320062309503555,0.05985426530241966,0.058234572410583496,2.020937919616699,4,0.0,
fixed,0,434,2.0006930828094482,0.013014629483222961,0.0561537966132164,0.05570626258850098,2.0519890785217285,4,0.5,
fixed,0,435,2.560276508331299,0.017909428104758263,0.024233847856521606,0.06831097602844238,2.601841449737549,4,1.0,0.8059491515159607
fixed,0,436,2.416818618774414,0.02347441390156746,0.026412777602672577,0.05578112602233887,2.458496570587158,4,1.0,
fixed,0,437,1.52040696144104,0.02421334572136402,0.022572722285985947,0.05642735958099365,1.5607281923294067,4,0.5,
fixed,0,438,1.71323823928833,0.006453893147408962,0.07560265064239502,0.05213642120361328,1.7699074745178223,4,0.5,
fixed,0,439,1.9579856395721436,0.0064207566902041435,0.06882445514202118,0.05350017547607422,2.011658191680908,4,0.5,
fixed,0,440,2.663351535797119,0.006829142104834318,0.04954269900918007,0.052846431732177734,2.7073915004730225,4,1.0,8.573945045471191
fixed,0,441,1.6485344171524048,0.0145448949187994,0.03786630183458328,0.05778193473815918,1.6920745372772217,4,1.0,
fixed,0,442,1.5450843572616577,0.01336798258125782,0.02911912463605404,0.04438471794128418,1.5796433687210083,4,0.75,
fixed,0,443,2.004723072052002,0.014233333989977837,0.0453915074467659,0.04758954048156738,2.0488123893737793,4,1.0,
fixed,0,444,2.3167359828948975,0.01836724951863289,0.02422972209751606,0.036722660064697266,2.3490512371063232,4,0.25,
fixed,0,445,1.5973005294799805,0.012200577184557915,0.04183898866176605,0.044640302658081055,1.6377123594284058,4,0.75,5.150483131408691
fixed,0,446,2.260424852371216,0.0,0.10423940420150757,0.043640732765197754,2.325636863708496,4,0.75,
fixed,0,447,2.0414693355560303,0.010821265168488026,0.023941276594996452,0.040094733238220215,2.0708789825439453,4,0.5,
fixed,0,448,1.6402177810668945,0.017075540497899055,0.0547347366809845,0.041375041007995605,1.688535451889038,4,0.75,
fixed,0,449,2.0360629558563232,0.013679657131433487,0.054983243346214294,0.03976106643676758,2.082322835922241,4,0.75,
fixed,0,450,1.8588404655456543,0.01220436580479145,0.0521940141916275,0.04061245918273926,1.9032233953475952,4,0.5,5.326874256134033
fixed,0,451,2.0102744102478027,0.01207553967833519,0.0398615263402462,0.05022108554840088,2.05130934715271,4,0.5,
fixed,0,452,2.63096284866333,0.012463873252272606,0.04683574289083481,0.04565834999084473,2.6743102073669434,4,0.75,
fixed,0,453,1.0365476608276367,0.018251648172736168,0.017429690808057785,0.04776716232299805,1.068718433380127,4,0.5,
fixed,0,454,1.4334654808044434,0.006618753541260958,0.06690454483032227,0.0600275993347168,1.488235354423523,4,1.0,
fixed,0,455,1.909856915473938,0.014167951419949532,0.04608041048049927,0.055555105209350586,1.9566476345062256,4,0.75,4.678155899047852
fixed,0,456,1.4949511289596558,0.027146227657794952,0.0,0.04952669143676758,1.523382306098938,4,0.5,
fixed,0,457,2.0117030143737793,0.010619797743856907,0.03417351841926575,0.06151866912841797,2.0525553226470947,4,0.5,
fixed,0,458,0.776728093624115,0.00459636515006423,0.06710220873355865,0.0633690357208252,0.831588089466095,4,0.5,
fixed,0,459,1.1153795719146729,0.010916338302195072,0.05212821066379547,0.0686349868774414,1.167492389678955,4,1.0,
fixed,0,460,1.9035627841949463,0.023280009627342224,0.0,0.04935431480407715,1.930009126663208,4,0.25,8.967774391174316
fixed,0,461,1.8895543813705444,0.009472179226577282,0.09758726507425308,0.05210292339324951,1.9587149620056152,4,0.5,
fixed,0,462,1.7016266584396362,0.0027565420605242252,0.06210305541753769,0.059461116790771484,1.7518948316574097,4,0.75,
fixed,0,463,1.8038322925567627,0.017329230904579163,0.030368393287062645,0.0525972843170166,1.8434603214263916,4,0.25,
fixed,0,464,1.3872125148773193,0.02727656066417694,0.0,0.05648398399353027,1.417796015739441,4,0.5,
fixed,0,465,1.6794484853744507,0.013471229001879692,0.0,0.060373544692993164,1.7042961120605469,4,0.0,6.98160982131958
fixed,0,466,1.796149730682373,0.002047354821115732,0.0981513038277626,0.05638289451599121,1.863163948059082,4,0.25,
fixed,0,467,1.4786725044250488,0.013321008533239365,0.02696654386818409,0.058595895767211914,1.516395092010498,4,0.75,
fixed,0,468,1.2840062379837036,0.00885755755007267,0.023475298658013344,0.05405223369598389,1.3163883686065674,4,0.25,
fixed,0,469,2.100217819213867,0.0036498489789664745,0.050598740577697754,0.05180394649505615,2.14288330078125,4,0.25,
fixed,0,470,1.1987360715866089,0.006548542063683271,0.04974744841456413,0.05509614944458008,1.243412971496582,4,0.5,7.4378275871276855
fixed,0,471,1.345497965812683,0.002594471676275134,0.08161531388759613,0.05166327953338623,1.4031018018722534,4,0.5,
fixed,0,472,2.013448715209961,0.010915657505393028,0.056915320456027985,0.05789923667907715,2.0647339820861816,4,0.25,
fixed,0,473,1.2182965278625488,0.005700333509594202,0.050933606922626495,0.0569380521774292,1.2636948823928833,4,0.25,
fixed,0,474,2.286215305328369,0.012935483828186989,0.03384524956345558,0.056490182876586914,2.326552629470825,4,0.0,
fixed,0,475,2.216174840927124,0.0027233643922954798,0.08031374216079712,0.05556511878967285,2.2743630409240723,4,0.25,13.867008209228516
fixed,0,476,1.2634624242782593,0.017383461818099022,0.04218587279319763,0.06869053840637207,1.3138542175292969,4,0.75,
fixed,0,477,2.128321886062622,0.005062370095402002,0.04731098935008049,0.06355476379394531,2.173574924468994,4,0.5,
fixed,0,478,1.8923276662826538,0.014867439866065979,0.052225261926651,0.05554938316345215,1.942538857460022,4,0.5,
fixed,0,479,1.91353440284729,0.01846446841955185,0.01241215318441391,0.05758070945739746,1.9462469816207886,4,0.5,
fixed,0,480,1.8768421411514282,0.01017322950065136,0.03628659248352051,0.05713307857513428,1.9172120094299316,4,0.5,4.3441081047058105
fixed,0,481,1.8965914249420166,0.005693854298442602,0.0519740954041481,0.07716906070709229,1.9485760927200317,4,0.75,
fixed,0,482,1.835209846496582,0.006762626115232706,0.03634291887283325,0.11443114280700684,1.8910919427871704,4,1.0,
fixed,0,483,2.1518235206604004,0.009917783550918102,0.019732758402824402,0.08090627193450928,2.19092059135437,4,0.5,
fixed,0,484,1.822027564048767,0.0055862003937363625,0.029879560694098473,0.09243237972259521,1.8674901723861694,4,0.75,
fixed,0,485,2.2524795532226562,0.0018828840693458915,0.05917457491159439,0.05429244041442871,2.2992959022521973,4,0.75,12.819942474365234
fixed,0,486,1.5504961013793945,0.0,0.04737759009003639,0.12310612201690674,1.6111167669296265,4,1.0,
fixed,0,487,2.2973225116729736,0.004457904025912285,0.012872201390564442,0.04513072967529297,2.3195266723632812,4,0.5,
fixed,0,488,2.2052764892578125,0.0346519835293293,0.0,0.03742551803588867,2.233830213546753,4,0.25,
fixed,0,489,1.9184870719909668,0.005135944578796625,0.023234259337186813,0.0350346565246582,1.9431825876235962,4,0.25,
fixed,0,490,1.8785829544067383,0.024002671241760254,0.04850944131612778,0.03341114521026611,1.9248623847961426,4,0.5,3.6781840324401855
fixed,0,491,2.272559404373169,0.004640219733119011,0.04035647585988045,0.026543736457824707,2.30302095413208,4,0.25,
fixed,0,492,1.8993067741394043,0.0,0.07952304184436798,0.0733945369720459,1.961086630821228,4,0.75,
fixed,0,493,2.4589450359344482,0.000892778392881155,0.02740119770169258,0.025679588317871094,2.4807958602905273,4,0.5,
fixed,0,494,1.9416437149047852,0.0009171325364150107,0.023404469713568687,0.06479477882385254,1.973242998123169,4,0.75,
fixed,0,495,2.074864387512207,0.0022604691330343485,0.07664099335670471,0.033161163330078125,2.1242635250091553,4,0.5,12.356124877929688
fixed,0,496,2.5965185165405273,0.0068336185067892075,0.04245089367032051,0.053481459617614746,2.637205123901367,4,0.0,
fixed,0,497,1.558582067489624,0.008779630064964294,0.016578782349824905,0.03477787971496582,1.5816946029663086,4,0.5,
fixed,0,498,1.868098258972168,0.006305721588432789,0.020185451954603195,0.037139892578125,1.8924858570098877,4,0.25,
fixed,0,499,2.1809680461883545,0.00414192583411932,0.033844735473394394,0.034676432609558105,2.21036434173584,4,0.5,
fixed,0,500,1.1902430057525635,0.009196542203426361,0.007314807269722223,0.03661036491394043,1.2094818353652954,4,0.25,3.4385011196136475
fixed,0,501,1.9363051652908325,0.008557218126952648,7.859637662477326e-06,0.03699851036071777,1.951687216758728,4,0.25,
fixed,0,502,1.7154817581176758,0.0001074612227967009,0.05278601869940758,0.13109362125396729,1.7812565565109253,4,0.75,
fixed,0,503,1.8176515102386475,0.024995822459459305,0.019537851214408875,0.10222423076629639,1.870585560798645,4,0.75,
fixed,0,504,2.5630691051483154,0.003652633400633931,0.017803456634283066,0.04147660732269287,2.58624005317688,4,0.5,
fixed,0,505,0.8353448510169983,0.0024272215086966753,0.06678257882595062,0.050162434577941895,0.8849985003471375,4,0.25,6.8125739097595215
fixed,0,506,1.356635570526123,0.0004968816065229475,0.043956223875284195,0.06227445602416992,1.397544503211975,4,0.75,
fixed,0,507,2.0047380924224854,0.03780663385987282,0.05581992492079735,0.04194176197052002,2.064133882522583,3,0.5,
fixed,0,508,2.1838924884796143,0.027333535254001617,0.007121101953089237,0.09936821460723877,2.2309303283691406,4,0.75,
fixed,0,509,2.3494064807891846,0.021101318299770355,0.035537950694561005,0.08581221103668213,2.4034698009490967,4,0.75,
fixed,0,510,1.3471040725708008,0.0031922522466629744,0.0924643874168396,0.0445786714553833,1.4083060026168823,4,0.25,13.050878524780273
fixed,0,511,1.6840665340423584,0.001435932470485568,0.009280035272240639,0.06267929077148438,1.708228349685669,4,0.25,
fixed,0,512,1.8541715145111084,0.0014437332283705473,0.02553936094045639,0.09121477603912354,1.8950275182724,4,0.75,
fixed,0,513,2.7181944847106934,0.009279334917664528,0.015382267534732819,0.043878793716430664,2.7436888217926025,4,0.25,
fixed,0,514,1.769945740699768,0.012272854335606098,0.0075698732398450375,0.04200732707977295,1.7924692630767822,4,0.25,
fixed,0,515,2.270012617111206,0.004083913750946522,0.0103169996291399,0.08471536636352539,2.3026275634765625,4,0.0,0.4661697447299957
fixed,0,516,2.4819283485412598,0.006486437749117613,0.008381849154829979,0.03601646423339844,2.5001673698425293,4,0.25,
fixed,0,517,2.2856714725494385,0.0011051149340346456,0.04162848740816116,0.0634077787399292,2.3260605335235596,4,0.75,
fixed,0,518,2.607445240020752,0.0009545292123220861,0.0005968529148958623,0.03234410285949707,2.617924213409424,4,0.5,
fixed,0,519,2.172384738922119,0.005389150697737932,0.07069392502307892,0.0418931245803833,2.222994327545166,4,0.25,
fixed,0,520,2.040820360183716,0.0043617235496640205,0.07046402990818024,0.037049293518066406,2.089348077774048,4,0.5,11.979762077331543
fixed,0,521,1.970816731452942,0.006827577017247677,0.020262422040104866,0.041372060775756836,1.996773362159729,4,0.75,
fixed,0,522,1.898011326789856,0.00019187213911209255,0.034266501665115356,0.04092597961425781,1.927518367767334,4,0.75,
fixed,0,523,2.371790885925293,0.002328752540051937,0.042416930198669434,0.02717602252960205,2.4023165702819824,4,0.25,
fixed,0,524,1.6047497987747192,0.0021557467989623547,0.05942060798406601,0.046933650970458984,1.6496180295944214,4,0.5,
fixed,0,525,1.8778599500656128,0.012911787256598473,0.0,0.047257423400878906,1.8984930515289307,4,0.25,6.754970073699951
fixed,0,526,2.0967044830322266,0.004009155556559563,0.01540491171181202,0.03246021270751953,2.116149663925171,4,0.25,
fixed,0,527,1.718437671661377,0.0,0.04281368851661682,0.18998467922210693,1.796839952468872,4,1.0,
fixed,0,528,2.385894298553467,0.014209436252713203,0.05116083100438118,0.04366707801818848,2.4316794872283936,4,0.5,
fixed,0,529,2.7707109451293945,0.0021998994052410126,3.194895907654427e-05,0.15401887893676758,2.8180325031280518,4,0.0,
fixed,0,530,2.462975025177002,9.216436410497408e-06,0.031829945743083954,0.05501699447631836,2.4953997135162354,4,0.5,7.1997270584106445
fixed,0,531,2.4183599948883057,0.0065045664086937904,0.05290338024497032,0.051009178161621094,2.463366746902466,4,0.25,
fixed,0,532,1.9517767429351807,0.0018279243959113955,0.02889595553278923,0.10957646369934082,2.000011682510376,4,0.75,
fixed,0,533,1.9772419929504395,0.033614207059144974,0.02189755067229271,0.3090667724609375,2.0977180004119873,4,1.0,
fixed,0,534,1.9711315631866455,0.0,0.024828892201185226,0.06672954559326172,2.0035648345947266,4,0.75,
fixed,0,535,2.355760097503662,0.001484053791500628,0.029360977932810783,0.05692338943481445,2.3882596492767334,4,0.25,5.493520259857178
fixed,0,536,2.200298309326172,0.036014918237924576,0.013235869817435741,0.0620265007019043,2.2435317039489746,4,0.5,
fixed,0,537,2.2022221088409424,0.0012062403839081526,0.02845633588731289,0.04846084117889404,2.2315917015075684,4,0.5,
fixed,0,538,2.0776655673980713,0.002995020942762494,0.016025681048631668,0.06146657466888428,2.1056158542633057,4,0.5,
fixed,0,539,2.34733510017395,0.028344416990876198,0.029993819072842598,0.16668987274169922,2.426511287689209,4,1.0,
fixed,0,540,1.8122789859771729,5.721151978832495e-07,0.0218915194272995,0.06511807441711426,1.842760443687439,4,0.75,7.494372367858887
fixed,0,541,1.402084231376648,0.0029280621092766523,0.0137261264026165,0.05215930938720703,1.4260591268539429,4,0.5,
fixed,0,542,2.0884735584259033,0.015427564270794392,0.0,0.03466498851776123,2.1065869331359863,4,0.5,
fixed,0,543,1.957572102546692,0.0,0.07919488102197647,0.03907740116119385,2.008892774581909,4,0.5,
fixed,0,544,1.5978835821151733,3.374684092705138e-05,0.0019422335317358375,0.15294265747070312,1.644754409790039,4,0.25,
fixed,0,545,1.919102668762207,0.0,0.02004309557378292,0.04915881156921387,1.9438718557357788,4,0.5,5.8118414878845215
fixed,0,546,1.8492693901062012,0.0,0.02434343472123146,0.08294510841369629,1.8863246440887451,4,0.25,
fixed,0,547,2.4249448776245117,0.003855158109217882,0.06769639998674393,0.055162906646728516,2.4772696495056152,4,0.25,
fixed,0,548,2.3032076358795166,5.0187874876428396e-05,0.0632929801940918,0.03108811378479004,2.344205617904663,4,0.5,
fixed,0,549,1.56294846534729,0.001032262109220028,0.022301921620965004,0.03347635269165039,1.5846585035324097,4,0.5,
fixed,0,550,2.0134975910186768,0.03446924313902855,0.014329580590128899,0.15442419052124023,2.084224224090576,4,0.75,1.4594917297363281
fixed,0,551,2.2717244625091553,0.006923352368175983,0.010278173722326756,0.08331477642059326,2.3053195476531982,4,0.5,
fixed,0,552,1.6728209257125854,0.011183426715433598,0.00041794031858444214,0.03397095203399658,1.6888128519058228,4,0.25,
fixed,0,553,2.132803440093994,0.03536686301231384,0.02169622853398323,0.14786088466644287,2.205693244934082,4,1.0,
fixed,0,554,2.1163346767425537,0.002890835516154766,0.0,0.14777719974517822,2.1621131896972656,4,0.0,
fixed,0,555,2.0500259399414062,0.02103366330265999,0.0414101779460907,0.053090572357177734,2.097175121307373,4,0.5,3.785534381866455
fixed,0,556,1.8396365642547607,0.0006924166809767485,0.03872983157634735,0.07999920845031738,1.883347511291504,4,0.75,
fixed,0,557,2.4686942100524902,1.5571084077237174e-05,0.01630687713623047,0.12232053279876709,2.513551712036133,4,0.25,
fixed,0,558,2.2433791160583496,0.0,0.08793923258781433,0.06376338005065918,2.3064777851104736,4,0.75,
fixed,0,559,2.723087787628174,0.01174185611307621,0.035413920879364014,0.14287865161895752,2.789529323577881,4,1.0,
fixed,0,560,1.9452580213546753,0.027956398203969002,0.017775652930140495,0.04873383045196533,1.9827442169189453,4,0.5,1.6400146484375
fixed,0,561,1.8821063041687012,8.018495282158256e-05,0.054836515337228775,0.08615434169769287,1.935410976409912,4,0.25,
fixed,0,562,2.0019068717956543,4.917200931231491e-05,0.01658906601369381,0.1170186996459961,2.0453317165374756,4,0.25,
fixed,0,563,2.1582014560699463,0.00037361704744398594,0.041542939841747284,0.04512643814086914,2.192697763442993,4,0.5,
fixed,0,564,2.1268067359924316,0.00611887127161026,0.03510540723800659,0.0661308765411377,2.1672580242156982,4,0.0,
fixed,0,565,2.002594232559204,0.009723368100821972,0.006901102140545845,0.0458531379699707,2.024662494659424,4,0.5,3.080526828765869
fixed,0,566,1.620750069618225,0.0026954999193549156,0.030370431020855904,0.07417869567871094,1.659536600112915,4,0.0,
fixed,0,567,2.1355416774749756,0.0017219336004927754,0.018073173239827156,0.08512365818023682,2.170976400375366,4,0.75,
fixed,0,568,2.0622684955596924,0.020440198481082916,0.008954205550253391,0.0473858118057251,2.091181516647339,4,0.5,
fixed,0,569,1.5837935209274292,0.005654673092067242,0.026423754170536995,0.04984176158905029,1.6147853136062622,4,0.5,
fixed,0,570,1.960270643234253,0.0005119972047396004,0.031955502927303314,0.08982157707214355,2.003450870513916,4,0.75,9.073610305786133
fixed,0,571,1.237993836402893,0.03008713200688362,0.04724232852458954,0.05487251281738281,1.293120265007019,4,0.5,
fixed,0,572,1.4596316814422607,2.3318276362260804e-05,0.02000086009502411,0.11890685558319092,1.5053157806396484,4,0.75,
fixed,0,573,1.931976556777954,0.0023639157880097628,0.012434666976332664,0.06309080123901367,1.9583030939102173,4,0.5,
fixed,0,574,1.2874642610549927,0.0,0.03844514489173889,0.21102499961853027,1.3699942827224731,4,1.0,
fixed,0,575,1.645728349685669,0.0009597782045602798,0.018307296559214592,0.05055809020996094,1.6705293655395508,4,0.5,5.779915809631348
fixed,0,576,2.1000075340270996,0.0,0.04175437614321709,0.08063018321990967,2.145073890686035,4,0.25,
fixed,0,577,1.9600261449813843,4.826303120353259e-05,0.04914456978440285,0.06746923923492432,2.0048632621765137,4,0.5,
fixed,0,578,1.2715901136398315,0.0007676801178604364,0.021084481850266457,0.13892269134521484,1.324193000793457,4,0.75,
fixed,0,579,2.2557950019836426,0.0013494112063199282,0.050761353224515915,0.05343759059906006,2.297881603240967,4,0.25,
fixed,0,580,2.2318267822265625,0.0006375376833602786,0.013976501300930977,0.13461267948150635,2.279517650604248,4,0.75,4.859184741973877
fixed,0,581,1.1991068124771118,0.00014606887998525053,0.0051183151081204414,0.06690490245819092,1.2218104600906372,4,0.5,
fixed,0,582,1.9350839853286743,0.001235924195498228,0.011996068060398102,0.07338082790374756,1.9637142419815063,4,0.5,
fixed,0,583,1.2547876834869385,0.00038608445902355015,0.009644132107496262,0.1508702039718628,1.3050638437271118,4,0.75,
fixed,0,584,2.3521764278411865,0.0043213386088609695,0.020696032792329788,0.05650448799133301,2.381636381149292,4,0.5,
fixed,0,585,2.3182969093322754,0.0,0.007638769689947367,0.1654212474822998,2.3717427253723145,4,0.25,3.1243486404418945
fixed,0,586,1.8816590309143066,0.0,0.019663577899336815,0.11434292793273926,1.9257936477661133,4,0.75,
fixed,0,587,1.6626999378204346,0.015124416910111904,0.0014387795235961676,0.19791412353515625,1.7303557395935059,4,0.25,
fixed,0,588,1.855231523513794,0.0,0.007848369888961315,0.1607903242111206,1.9073928594589233,4,0.25,
fixed,0,589,1.7982432842254639,0.0,0.00825414713472128,0.1264784336090088,1.8403139114379883,4,0.25,
fixed,0,590,2.2124433517456055,0.0,0.03545091301202774,0.24710822105407715,2.3043012619018555,4,1.0,10.99841022491455
fixed,0,591,1.9508706331253052,0.0,0.02040133625268936,0.054312825202941895,1.9773651361465454,4,0.5,
fixed,0,592,1.5220158100128174,0.0,0.011360988020896912,0.050139665603637695,1.5427381992340088,4,0.5,
fixed,0,593,1.2589391469955444,0.0,0.02344665862619877,0.09457087516784668,1.299033761024475,4,0.75,
fixed,0,594,2.901656150817871,0.04098357632756233,0.00594419427216053,0.06104540824890137,2.9434337615966797,4,0.75,
fixed,0,595,2.956489086151123,0.0,0.002155592665076256,0.35324764251708984,3.0635411739349365,4,0.0,2.114208936691284
fixed,0,596,1.9993364810943604,0.0,0.014013178646564484,0.04326426982879639,2.019322395324707,4,0.5,
fixed,0,597,3.704005479812622,9.495094673184212e-06,0.010686909779906273,0.03738582134246826,3.720569372177124,4,0.5,
fixed,0,598,2.2675106525421143,0.03061305545270443,0.009610069915652275,0.3376033306121826,2.3889031410217285,4,1.0,
fixed,0,599,1.4325287342071533,0.00010185819701291621,0.011765538714826107,0.03627657890319824,1.449345350265503,4,0.5,
fixed,0,600,2.3451807498931885,0.001940936199389398,0.009137354791164398,0.06845641136169434,2.3712568283081055,4,0.25,2.1377134323120117
fixed,0,601,1.8490692377090454,0.0,0.023359425365924835,0.24775981903076172,1.9350769519805908,4,1.0,
fixed,0,602,1.9347600936889648,0.02194785699248314,0.001742042601108551,0.13766276836395264,1.9879038333892822,4,0.25,
fixed,0,603,2.897359609603882,0.022417010739445686,0.0176379457116127,0.03441929817199707,2.927712917327881,4,0.75,
fixed,0,604,2.2186813354492188,0.0,0.03591493144631386,0.04627418518066406,2.250520944595337,4,0.75,
fixed,0,605,1.4398605823516846,0.0,0.027409596368670464,0.04494929313659668,1.4670501947402954,4,0.5,8.111159324645996
fixed,0,606,1.675856113433838,0.0,0.03084806725382805,0.02962803840637207,1.7001686096191406,4,0.5,
fixed,0,607,1.7518699169158936,0.0,0.05568842217326164,0.025186538696289062,1.7872700691223145,4,0.75,
fixed,0,608,2.415384292602539,0.0,0.021374216303229332,0.04884481430053711,2.4407248497009277,4,0.5,
fixed,0,609,3.0074069499969482,0.0,0.010401292704045773,0.15861642360687256,3.060192584991455,4,0.25,
fixed,0,610,1.5151692628860474,0.0,0.038805413991212845,0.2102200984954834,1.5976380109786987,4,1.0,12.782700538635254
fixed,0,611,1.3193039894104004,0.0,0.013539645820856094,0.06067240238189697,1.3442754745483398,4,0.5,
fixed,0,612,1.7994633913040161,0.0,0.006516561843454838,0.10646557807922363,1.8346613645553589,4,0.25,
fixed,0,613,2.233982801437378,0.0008090678020380437,0.006318642757833004,0.06656575202941895,2.257516384124756,4,0.25,
fixed,0,614,2.455273151397705,0.03100280836224556,0.0068901837803423405,0.05365300178527832,2.4903154373168945,4,0.5,
fixed,0,615,2.010984420776367,0.0015993074048310518,0.009861065074801445,0.06655025482177734,2.036679744720459,4,0.5,3.3824005126953125
fixed,0,616,1.8660598993301392,0.0,0.00875899475067854,0.06837844848632812,1.8909529447555542,4,0.5,
fixed,0,617,2.070949077606201,2.4903292796807364e-06,0.009233037009835243,0.06760501861572266,2.095848321914673,4,0.5,
fixed,0,618,1.2784717082977295,0.00028322022990323603,0.0040826136246323586,0.07928657531738281,1.3044406175613403,4,0.25,
fixed,0,619,1.8193776607513428,0.03705068677663803,0.0093656275421381,0.17505109310150146,1.8951011896133423,4,0.75,
fixed,0,620,1.998466968536377,0.0,0.003987799398601055,0.12088990211486816,2.0367279052734375,4,0.25,2.08441424369812
fixed,0,621,2.1165201663970947,0.033956125378608704,0.004816488828510046,0.0733039379119873,2.157897710800171,4,0.5,
fixed,0,622,1.4190187454223633,0.0,0.009413005784153938,0.20083606243133545,1.483976125717163,4,0.75,
fixed,0,623,1.0702930688858032,0.0,0.008677002973854542,0.07646036148071289,1.0975697040557861,4,0.5,
fixed,0,624,2.2217514514923096,0.0,0.01703968085348606,0.08293092250823975,2.255150556564331,4,0.25,
fixed,0,625,1.8731436729431152,0.027688678354024887,0.006084439344704151,0.06355404853820801,1.9090964794158936,4,0.5,3.2624433040618896
fixed,0,626,0.9858875870704651,0.0,0.019147459417581558,0.11812520027160645,1.030898928642273,4,0.75,
fixed,0,627,2.287078857421875,0.0,0.01652827113866806,0.05451083183288574,2.3116962909698486,4,0.5,
fixed,0,628,1.5661373138427734,0.0,0.002350073540583253,0.16715967655181885,1.6174602508544922,4,0.25,
fixed,0,629,2.343590021133423,0.0,0.006484454032033682,0.13000702857971191,2.3858344554901123,4,0.25,
fixed,0,630,1.259124517440796,0.0,0.006766076665371656,0.10718178749084473,1.2946621179580688,4,0.25,2.7073888778686523
fixed,0,631,1.681495189666748,0.021031184121966362,0.01817280799150467,0.06213188171386719,1.7197366952896118,4,0.75,
fixed,0,632,2.376068592071533,0.0,0.009297397918999195,0.04873347282409668,2.3953373432159424,4,0.5,
fixed,0,633,1.7569972276687622,0.0,0.00609646737575531,0.09940171241760254,1.7898659706115723,4,0.25,
fixed,0,634,1.6728414297103882,0.00025821354938670993,0.0036379878874868155,0.03915750980377197,1.6865367889404297,4,0.5,
fixed,0,635,1.6287282705307007,0.0,0.006188581231981516,0.09368157386779785,1.6599270105361938,4,0.25,2.510815382003784
fixed,0,636,0.959547221660614,0.031576093286275864,0.01053089089691639,0.3515357971191406,1.0860614776611328,4,1.0,
fixed,0,637,2.0063910484313965,0.0,0.017009176313877106,0.11530900001525879,2.0494883060455322,4,0.75,
fixed,0,638,2.052212953567505,0.0,0.010749176144599915,0.03677177429199219,2.0686190128326416,4,0.5,
fixed,0,639,2.2540090084075928,0.00010924310481641442,0.044427841901779175,0.06613194942474365,2.296117067337036,4,0.75,
fixed,0,640,1.2433853149414062,0.0010905310045927763,0.0005984333110973239,0.057216525077819824,1.261394739151001,4,0.25,0.8855181932449341
fixed,0,641,2.0800371170043945,0.0005602288874797523,0.02021927572786808,0.023879528045654297,2.097590684890747,4,0.5,
fixed,0,642,1.5698044300079346,0.0,0.012326094321906567,0.032896995544433594,1.5858365297317505,4,0.5,
fixed,0,643,1.7509082555770874,0.0,0.02344197779893875,0.08516740798950195,1.7881795167922974,4,0.75,
fixed,0,644,2.5182669162750244,0.0003389714111108333,0.00414980249479413,0.031946420669555664,2.530095338821411,4,0.5,
fixed,0,645,2.85537052154541,0.0,0.008351633325219154,0.031516075134277344,2.8690011501312256,4,0.5,3.1083526611328125
fixed,0,646,1.95366370677948,9.384502482134849e-05,0.011992364190518856,0.10140204429626465,1.990127444267273,4,0.75,
fixed,0,647,2.1131372451782227,0.0,0.006784673780202866,0.09993529319763184,2.146510124206543,4,0.25,
fixed,0,648,2.0447521209716797,0.0,0.00421774061396718,0.04328799247741699,2.059847354888916,4,0.5,
fixed,0,649,1.9075075387954712,0.0,0.0144367516040802,0.03582894802093506,1.9254746437072754,4,0.5,
fixed,0,650,1.4732619524002075,0.0,0.005404678639024496,0.10352838039398193,1.5070228576660156,4,0.25,2.420353651046753
fixed,0,651,1.6537364721298218,0.0,0.004852981306612492,0.11117959022521973,1.6895167827606201,4,0.25,
fixed,0,652,1.7927664518356323,6.784529250580817e-05,0.005253264680504799,0.03787529468536377,1.8067896366119385,4,0.5,
fixed,0,653,0.8931695818901062,0.034006521105766296,0.007779321633279324,0.15123581886291504,0.9594332575798035,4,0.75,
fixed,0,654,1.598961353302002,0.0,0.01308391336351633,0.14441776275634766,1.6488286256790161,4,0.75,
fixed,0,655,1.5793691873550415,0.033410172909498215,0.008083555847406387,0.14771020412445068,1.644429087638855,4,0.75,1.944922685623169
fixed,0,656,2.7626593112945557,0.0,0.011441608890891075,0.04537653923034668,2.7819931507110596,4,0.5,
fixed,0,657,1.9573894739151,0.0,0.006689877714961767,0.11677324771881104,1.9957664012908936,4,0.25,
fixed,0,658,1.5086159706115723,2.2559363515028963e-06,0.018465101718902588,0.0634450912475586,1.5368832349777222,4,0.75,
fixed,0,659,1.2151011228561401,0.0,0.007686832454055548,0.05511963367462158,1.2354804277420044,4,0.75,
fixed,0,660,2.3672361373901367,0.0,0.01625378616154194,0.1155397891998291,2.410024881362915,4,0.75,6.221269607543945
fixed,0,661,2.003570079803467,0.0,0.003164083929732442,0.4337759017944336,2.135284900665283,4,0.0,
fixed,0,662,1.1662284135818481,0.0,0.011811794713139534,0.04134547710418701,1.1845380067825317,4,0.5,
fixed,0,663,1.6229736804962158,0.0,0.02827468514442444,0.02526998519897461,1.644692063331604,4,0.5,
fixed,0,664,1.2372151613235474,0.0,0.02636132575571537,0.30934906005859375,1.3432005643844604,4,1.0,
fixed,0,665,0.922758936882019,0.0,0.015331256203353405,0.12265396118164062,0.9672207832336426,4,0.75,6.046149730682373
fixed,0,666,2.137160539627075,0.0,0.011890269815921783,0.034436583518981934,2.1534366607666016,4,0.5,
fixed,0,667,1.7618470191955566,0.023456508293747902,0.01087420154362917,0.026455044746398926,1.7869489192962646,4,0.5,
fixed,0,668,1.0962051153182983,0.0,0.0020121054258197546,0.38349342346191406,1.2122591733932495,3,0.25,
fixed,0,669,3.011503219604492,0.021733742207288742,0.01626347005367279,0.0677255392074585,3.0508193969726562,4,0.75,
fixed,0,670,1.9770632982254028,0.0,0.0144221605733037,0.03051280975341797,1.9934282302856445,4,0.5,5.551761627197266
fixed,0,671,1.7122995853424072,0.0570654422044754,0.0060864160768687725,0.10563921928405762,1.7755672931671143,4,0.75,
fixed,0,672,1.552235722541809,0.028485653921961784,0.01194332167506218,0.044849395751953125,1.5859050750732422,4,0.5,
fixed,0,673,1.4686776399612427,0.02041233517229557,0.025157159194350243,0.04859507083892822,1.5060409307479858,4,0.75,
fixed,0,674,1.5101734399795532,0.0,0.011987530626356602,0.13291668891906738,1.556042194366455,4,0.25,
fixed,0,675,2.2610933780670166,0.0,0.06086982041597366,0.02181863784790039,2.2980737686157227,4,0.5,14.949075698852539
fixed,0,676,1.4354033470153809,0.019572868943214417,0.023896001279354095,0.05217552185058594,1.4727904796600342,4,0.75,
fixed,0,677,2.3921964168548584,0.0,0.02986474707722664,0.04848170280456543,2.42167329788208,4,0.5,
fixed,0,678,2.1263837814331055,0.025603823363780975,0.007901749573647976,0.043712496757507324,2.156250238418579,4,0.75,
fixed,0,679,2.3768298625946045,0.0,0.05823548883199692,0.03718996047973633,2.417104482650757,4,0.5,
fixed,0,680,2.2504730224609375,0.0,0.002304020104929805,0.18226099014282227,2.3063032627105713,4,0.25,2.1751770973205566
fixed,0,681,2.4082818031311035,0.0,0.0009204366942867637,0.41957855224609375,2.5346155166625977,4,0.0,
fixed,0,682,2.079399347305298,0.0,0.025871720165014267,0.11730480194091797,2.1275267601013184,4,0.75,
fixed,0,683,2.5723860263824463,0.0,0.0059700580313801765,0.1086113452911377,2.607954502105713,4,0.25,
fixed,0,684,2.5340607166290283,0.0263812355697155,0.003708794480189681,0.06963455677032471,2.5699961185455322,4,0.5,
fixed,0,685,2.1620850563049316,0.02867521345615387,0.01873895525932312,0.3481560945510864,2.290238857269287,4,1.0,2.0787856578826904
fixed,0,686,1.8605440855026245,5.893351954000536e-06,0.006235840264707804,0.04805469512939453,1.8780813217163086,4,0.5,
fixed,0,687,2.023874044418335,0.011077280156314373,2.8450313038774766e-06,0.10500752925872803,2.0609164237976074,4,0.25,
fixed,0,688,1.9211937189102173,1.173492734096726e-07,0.015983356162905693,0.04646468162536621,1.9431248903274536,4,0.5,
fixed,0,689,1.7505912780761719,0.0008695678552612662,3.811898932326585e-05,0.19288134574890137,1.80890953540802,4,0.0,
fixed,0,690,1.2747774124145508,6.915054484579741e-08,0.01607748493552208,0.043579816818237305,1.2958900928497314,4,0.5,6.245595455169678
fixed,0,691,1.7872083187103271,0.0,0.021368572488427162,0.13055038452148438,1.8370577096939087,4,1.0,
fixed,0,692,2.2828550338745117,0.02778567187488079,0.010909942910075188,0.035602450370788574,2.3128836154937744,4,0.5,
fixed,0,693,1.4680120944976807,0.00011789991549449041,0.02312273159623146,0.0304412841796875,1.488764762878418,4,0.5,
fixed,0,694,2.2299418449401855,0.00015635552699677646,0.033095650374889374,0.07584309577941895,2.2693207263946533,4,0.75,
fixed,0,695,1.9357153177261353,6.151503475848585e-05,0.026200545951724052,0.05397975444793701,1.9650403261184692,4,0.25,6.886414527893066
fixed,0,696,1.741828441619873,0.0002185170742450282,0.012165706604719162,0.025694966316223145,1.755729079246521,4,0.25,
fixed,0,697,1.6380492448806763,0.015697777271270752,0.013716423884034157,0.0314028263092041,1.6621772050857544,4,0.5,
fixed,0,698,1.8645168542861938,0.00033788642031140625,0.011657404713332653,0.05977976322174072,1.8884484767913818,4,0.25,
fixed,0,699,1.7782796621322632,0.018354861065745354,0.04229851812124252,0.1289222240447998,1.8472830057144165,4,1.0,
fixed,0,700,2.245086193084717,0.0002497828390914947,0.009779134765267372,0.0544201135635376,2.2664268016815186,4,0.0,4.079430103302002
fixed,0,701,2.687736988067627,4.609783718478866e-05,0.01426366250962019,0.0839771032333374,2.7200849056243896,4,0.25,
fixed,0,702,1.9565634727478027,0.00027945489273406565,1.2333296126598725e-06,0.2213892936706543,2.023120641708374,4,0.0,
fixed,0,703,1.7376142740249634,5.3546707931673154e-05,0.017593519762158394,0.03165388107299805,1.7559340000152588,4,0.5,
fixed,0,704,1.2248308658599854,0.01669253781437874,0.015749547630548477,0.07755279541015625,1.2643177509307861,4,0.75,
fixed,0,705,2.218008518218994,0.04653673619031906,0.014685242436826229,0.06556046009063721,2.2682876586914062,4,0.75,6.239734172821045
fixed,0,706,1.6056023836135864,0.0004034820885863155,0.0,0.20734989643096924,1.6680090427398682,4,0.0,
fixed,0,707,1.4783419370651245,0.0,0.021983563899993896,0.05245804786682129,1.5050711631774902,4,0.75,
fixed,0,708,2.241947650909424,0.00040044798515737057,0.0,0.20515978336334229,2.3036959171295166,4,0.0,
fixed,0,709,1.3876843452453613,0.020545056089758873,0.030353575944900513,0.2025846242904663,1.4739090204238892,4,1.0,
fixed,0,710,1.8021612167358398,0.0011497243540361524,0.03214334324002266,0.026505112648010254,1.8267593383789062,4,0.5,8.419001579284668
fixed,0,711,2.043153762817383,5.626788151857909e-06,0.009998666122555733,0.03772294521331787,2.0594727993011475,4,0.5,
fixed,0,712,2.3018596172332764,0.025384977459907532,0.0,0.04653894901275635,2.3285138607025146,4,0.5,
fixed,0,713,2.046656370162964,0.017846042290329933,0.002549014752730727,0.04034459590911865,2.0689573287963867,4,0.75,
fixed,0,714,2.048229932785034,0.012901199981570244,6.816446330049075e-06,0.11156249046325684,2.0881526470184326,4,0.25,
fixed,0,715,2.1013779640197754,0.0004553729377221316,0.017769338563084602,0.09837865829467773,2.1400039196014404,4,0.25,4.345698833465576
fixed,0,716,1.1731399297714233,5.069356120657176e-06,0.017195681110024452,0.12817931175231934,1.2201941013336182,4,0.25,
fixed,0,717,2.714103937149048,0.0,0.020292412489652634,0.06947624683380127,2.7450931072235107,4,0.25,
fixed,0,718,1.6050145626068115,3.430919605307281e-05,0.03271908685564995,0.04501175880432129,1.634894847869873,4,0.5,
fixed,0,719,2.180307626724243,0.011879434809088707,1.0907783831726192e-07,0.12706947326660156,2.2243683338165283,4,0.25,
fixed,0,720,1.8351256847381592,8.79504659678787e-05,0.013241643086075783,0.10001194477081299,1.8717941045761108,4,0.25,3.8471808433532715
fixed,0,721,1.85166335105896,0.0002728269319050014,0.00885162316262722,0.06369006633758545,1.8753325939178467,4,0.25,
fixed,0,722,1.523329496383667,0.01520129106938839,0.009353699162602425,0.04039907455444336,1.5477267503738403,4,0.5,
fixed,0,723,1.9370086193084717,0.01968122273683548,0.01253320649266243,0.05627179145812988,1.9699974060058594,4,0.75,
fixed,0,724,1.6393985748291016,0.002090641763061285,0.007417995948344469,0.046889305114746094,1.6582196950912476,4,0.25,
fixed,0,725,1.5369457006454468,0.0006143869832158089,0.021628744900226593,0.05952441692352295,1.5659246444702148,4,0.75,7.399476051330566
fixed,0,726,1.6165733337402344,0.0013401006581261754,0.026864515617489815,0.10943138599395752,1.6635050773620605,4,0.75,
fixed,0,727,1.6187522411346436,0.0007353185210376978,0.014123641885817051,0.07005596160888672,1.6471985578536987,4,0.25,
fixed,0,728,2.0677595138549805,3.633548476500437e-05,0.020851578563451767,0.039362192153930664,2.0900120735168457,4,0.5,
fixed,0,729,1.5547082424163818,3.277626456110738e-05,0.017173336818814278,0.04135239124298096,1.5757169723510742,4,0.5,
fixed,0,730,2.1584525108337402,0.0,0.012503094039857388,0.05213308334350586,2.1803438663482666,4,0.5,4.890806674957275
fixed,0,731,1.246924638748169,0.020003050565719604,0.006320567335933447,0.07543420791625977,1.2827167510986328,4,0.75,
fixed,0,732,1.966816782951355,0.0,0.008507258258759975,0.11339437961578369,2.0050888061523438,4,0.25,
fixed,0,733,2.2149806022644043,0.0,0.009218455292284489,0.07069873809814453,2.2407994270324707,4,0.5,
fixed,0,734,2.3013916015625,0.0,0.004065664019435644,0.10346627235412598,2.3344643115997314,4,0.25,
fixed,0,735,1.780956506729126,0.0,0.01471787877380848,0.4727216958999634,1.9301319122314453,4,1.0,6.4172186851501465
fixed,0,736,2.1000001430511475,0.0,0.005279406905174255,0.060440778732299805,2.120772123336792,4,0.5,
fixed,0,737,1.9099483489990234,0.026828136295080185,0.00039341754745692015,0.0973806381225586,1.9527733325958252,4,0.25,
fixed,0,738,1.8630070686340332,0.0,0.019154079258441925,0.406632661819458,1.994573950767517,4,1.0,
fixed,0,739,2.4820029735565186,0.0,0.004754482768476009,0.101776123046875,2.5149130821228027,4,0.25,
fixed,0,740,1.8036328554153442,0.0,0.004597566090524197,0.09460127353668213,1.8343119621276855,4,0.25,2.1235103607177734
fixed,0,741,2.772277355194092,0.0,0.010654897429049015,0.11046469211578369,2.810744285583496,4,0.25,
fixed,0,742,2.1034109592437744,0.0,0.02811223268508911,0.03796863555908203,2.1288576126098633,4,0.5,
fixed,0,743,1.6995071172714233,0.013442727737128735,0.015662461519241333,0.06349968910217285,1.7331095933914185,4,0.75,
fixed,0,744,1.2030091285705566,0.0367928072810173,0.014781591482460499,0.12276506423950195,1.2656258344650269,4,0.75,
fixed,0,745,1.3050848245620728,0.028304340317845345,0.004887130111455917,0.045339345932006836,1.335282325744629,4,0.5,3.0639147758483887
fixed,0,746,1.47674560546875,0.0,0.0044516269117593765,0.09401369094848633,1.5071755647659302,4,0.25,
fixed,0,747,1.4759880304336548,0.0,0.036424439400434494,0.23516464233398438,1.5647495985031128,4,1.0,
fixed,0,748,1.9830076694488525,0.0,0.02172727882862091,0.0408250093460083,2.0061187744140625,4,0.5,
fixed,0,749,2.2235190868377686,0.0,0.01106528751552105,0.04436802864074707,2.2423620223999023,4,0.5,
fixed,0,750,2.4556782245635986,0.020971108227968216,0.00960550270974636,0.04480862617492676,2.4844090938568115,4,0.75,0.9124150276184082
fixed,0,751,1.9858698844909668,0.0,0.007613831199705601,0.09265673160552979,2.0174739360809326,4,0.25,
fixed,0,752,2.220663070678711,0.01747989095747471,0.000599169172346592,0.12392783164978027,2.266880989074707,4,0.25,
fixed,0,753,3.0237622261047363,0.0,0.009492066688835621,0.1028527021408081,3.059364080429077,4,0.25,
fixed,0,754,2.532130002975464,0.0,0.018558189272880554,0.1203237771987915,2.5775063037872314,4,0.75,
fixed,0,755,1.829365849494934,0.0,0.015039609745144844,0.03829693794250488,1.8483747243881226,4,0.5,5.415647029876709
fixed,0,756,2.136598587036133,0.02013910561800003,0.016654476523399353,0.07495403289794922,2.1774816513061523,4,0.75,
fixed,0,757,2.6949915885925293,0.0005014005582779646,0.00042277155444025993,0.2541310787200928,2.771692991256714,4,0.0,
fixed,0,758,2.1139626502990723,0.0,0.015479992143809795,0.12230849266052246,2.158395290374756,4,0.25,
fixed,0,759,1.883671760559082,0.001290530781261623,0.02512245811522007,0.10318470001220703,1.9278336763381958,4,0.25,
fixed,0,760,1.7186628580093384,0.022694110870361328,0.013495421037077904,0.049210309982299805,1.7515207529067993,4,0.75,0.6978846788406372
fixed,0,761,2.0881640911102295,0.0,0.013833735138177872,0.079254150390625,2.1188571453094482,4,0.75,
fixed,0,762,2.110142707824707,1.0168755837369758e-09,0.01447241846472025,0.04898726940155029,2.132075071334839,4,0.5,
fixed,0,763,1.8187798261642456,0.0,0.006011113524436951,0.10622954368591309,1.8536542654037476,4,0.25,
fixed,0,764,1.8084986209869385,2.494187356205657e-06,0.011253015138208866,0.04374396800994873,1.827249526977539,4,0.5,
fixed,0,765,1.942577838897705,0.0,0.008515995927155018,0.07019543647766113,1.967894434928894,4,0.5,3.625567674636841
fixed,0,766,2.1311235427856445,2.302329448866658e-05,0.00658631045371294,0.1590794324874878,2.182152032852173,4,0.75,
fixed,0,767,1.9739134311676025,0.03896627947688103,0.001679871929809451,0.04614615440368652,2.008080244064331,4,0.5,
fixed,0,768,1.3164165019989014,7.277217264345381e-06,0.0049921623431146145,0.09625864028930664,1.3477938175201416,4,0.25,
fixed,0,769,1.5334808826446533,0.0043250699527561665,0.011418349109590054,0.24739229679107666,1.615570306777954,4,0.75,
fixed,0,770,1.7471579313278198,0.0,0.007263842038810253,0.06683135032653809,1.7708392143249512,4,0.5,3.1887805461883545
fixed,0,771,2.3759944438934326,0.0002533453225623816,0.012518316507339478,0.04213118553161621,2.39501953125,4,0.5,
fixed,0,772,1.4426617622375488,0.0,0.020465413108468056,0.22191596031188965,1.5194692611694336,4,0.75,
fixed,0,773,1.7780687808990479,0.0,0.0003010637010447681,0.35601067543029785,1.885022521018982,4,0.0,
fixed,0,774,1.2382560968399048,0.0,0.024995220825076103,0.3234741687774658,1.3477959632873535,4,1.0,
fixed,0,775,2.300021171569824,0.0,0.012178279459476471,0.1197056770324707,2.342021942138672,4,0.25,3.9049994945526123
fixed,0,776,1.7344028949737549,0.0,0.022584613412618637,0.09558987617492676,1.7743722200393677,4,0.75,
fixed,0,777,1.377648115158081,0.0,0.0015126230427995324,0.13515985012054443,1.4189523458480835,4,0.25,
fixed,0,778,1.9752299785614014,0.0,0.03439629077911377,0.05096793174743652,2.007718563079834,4,0.75,
fixed,0,779,1.067081093788147,0.0239111315459013,0.012203054502606392,0.02770519256591797,1.0934497117996216,4,0.5,
fixed,0,780,2.2451720237731934,0.0,0.020311672240495682,0.04010879993438721,2.2673604488372803,4,0.5,7.257773399353027
fixed,0,781,2.0846874713897705,0.02545878477394581,0.017494119703769684,0.07967853546142578,2.1300675868988037,4,0.75,
fixed,0,782,1.9126001596450806,0.0,0.0229668989777565,0.0911264419555664,1.9514214992523193,4,0.75,
fixed,0,783,3.1868157386779785,0.0,0.0007893139263615012,0.33063292503356934,3.286400318145752,4,0.0,
fixed,0,784,2.800574779510498,0.000500042806379497,0.02129003033041954,0.12379813194274902,2.848609209060669,4,0.75,
fixed,0,785,1.7593321800231934,0.0225678700953722,0.008803226985037327,0.031926751136779785,1.7845957279205322,4,0.5,1.8990075588226318
fixed,0,786,1.9011178016662598,0.0,0.02363225817680359,0.031087040901184082,1.922260046005249,4,0.5,
fixed,0,787,2.1861765384674072,0.0,0.009088761173188686,0.10006403923034668,2.2207400798797607,4,0.25,
fixed,0,788,1.771477460861206,0.0,0.010195678099989891,0.10552811622619629,1.8082337379455566,4,0.25,
fixed,0,789,1.921189546585083,0.0,0.012331152334809303,0.10609579086303711,1.9591838121414185,4,0.25,
fixed,0,790,1.298281192779541,0.0,0.016818882897496223,0.022289633750915527,1.3133774995803833,4,0.5,6.729098320007324
fixed,0,791,1.8744817972183228,0.02241062931716442,0.011722395196557045,0.0357513427734375,1.9022736549377441,4,0.5,
fixed,0,792,1.1840702295303345,0.030787304043769836,0.01816672831773758,0.3617846965789795,1.3170826435089111,4,1.0,
fixed,0,793,1.8040953874588013,0.025869565084576607,0.008930050767958164,0.05152010917663574,1.8369512557983398,4,0.25,
fixed,0,794,1.395935297012329,0.0,0.015114033594727516,0.04463160037994385,1.416881799697876,4,0.5,
fixed,0,795,0.8454241156578064,0.025176096707582474,0.023342575877904892,0.27217066287994385,0.9513346552848816,4,1.0,3.349224090576172
fixed,0,796,2.01379656791687,0.05056406185030937,2.0823898012167774e-05,0.0488431453704834,2.053741931915283,4,0.5,
fixed,0,797,1.8294525146484375,0.0,0.02958364225924015,0.05072379112243652,1.8594614267349243,4,0.5,
fixed,0,798,1.1486598253250122,0.0,0.014422386884689331,0.08745360374450684,1.1821070909500122,3,0.5,
fixed,0,799,1.7932078838348389,0.0,0.04164965823292732,0.20561063289642334,1.8757158517837524,4,1.0,
fixed,0,800,1.2690843343734741,0.0,0.03752944618463516,0.06021451950073242,1.3059134483337402,4,0.75,11.630462646484375
fixed,0,801,3.07728910446167,0.0,0.00016853591660037637,0.35838115215301514,3.184887647628784,4,0.0,
fixed,0,802,2.675297498703003,0.010918392799794674,0.018269862979650497,0.05575251579284668,2.7066173553466797,4,0.5,
fixed,0,803,1.491482138633728,0.0,0.03715186193585396,0.052822232246398926,1.5259047746658325,4,0.5,
fixed,0,804,1.3153799772262573,0.0,0.03989282250404358,0.059241652488708496,1.3530988693237305,4,0.75,
fixed,0,805,2.7857675552368164,0.0,0.01593931019306183,0.05158102512359619,2.809211492538452,4,0.5,5.955943584442139
fixed,0,806,2.4886562824249268,0.0,0.01365656964480877,0.2378084659576416,2.5668270587921143,4,0.0,
fixed,0,807,3.0903122425079346,0.022539716213941574,0.018486525863409042,0.04290604591369629,3.123697280883789,4,0.5,
fixed,0,808,1.8407902717590332,3.2228238069365034e-06,0.007563114631921053,0.07616090774536133,1.8674217462539673,4,0.25,
fixed,0,809,1.5621864795684814,5.847924967383733e-06,0.02800857275724411,0.0344545841217041,1.586530089378357,4,0.5,
fixed,0,810,1.6834009885787964,7.818056474206969e-05,0.014173856005072594,0.046203017234802246,1.704387903213501,4,0.5,5.404915809631348
fixed,0,811,1.4167183637619019,0.039282575249671936,0.005102802067995071,0.12748384475708008,1.477156162261963,3,0.75,
fixed,0,812,1.702239990234375,0.00023385492386296391,0.0,0.21821165084838867,1.7678203582763672,4,0.0,
fixed,0,813,2.328045129776001,0.0003114507417194545,0.008554566651582718,0.25810694694519043,2.409910202026367,4,0.75,
fixed,0,814,1.5576887130737305,0.0,0.01046933513134718,0.42764365673065186,1.6912164688110352,4,1.0,
fixed,0,815,2.0040719509124756,0.03733334690332413,0.004130685236304998,0.07330536842346191,2.046795606613159,4,0.5,3.78678822517395
fixed,0,816,1.4648211002349854,0.00019189111480955034,0.007137363776564598,0.07215487957000732,1.490132212638855,4,0.5,
fixed,0,817,2.0638604164123535,0.03302326053380966,0.0075725289061665535,0.04935622215270996,2.0989651679992676,4,0.5,
fixed,0,818,2.5483388900756836,0.00022223073756322265,0.006385992281138897,0.03419482707977295,2.561901569366455,4,0.5,
fixed,0,819,1.420267939567566,0.027261946350336075,0.011003956198692322,0.14718127250671387,1.4835553169250488,4,0.75,
fixed,0,820,1.890398621559143,3.993998234363971e-06,0.016892900690436363,0.03877294063568115,1.910478949546814,4,0.5,5.836026668548584
fixed,0,821,2.1750500202178955,1.6440756098745624e-06,0.01986877992749214,0.05923426151275635,2.2027554512023926,4,0.75,
fixed,0,822,1.226025104522705,0.0,0.012209557928144932,0.10799145698547363,1.2645273208618164,4,0.25,
fixed,0,823,2.104091167449951,3.830247442238033e-05,0.009987074881792068,0.08893048763275146,2.1357829570770264,4,0.25,
fixed,0,824,2.7864882946014404,0.0,0.022357391193509102,0.0522838830947876,2.813352108001709,4,0.75,
fixed,0,825,1.680457592010498,0.0036317091435194016,0.016321463510394096,0.06824827194213867,1.7109086513519287,4,0.25,2.8570961952209473
fixed,0,826,1.4373929500579834,0.0,0.0364438071846962,0.05765366554260254,1.47291100025177,4,0.75,
fixed,0,827,2.264937400817871,0.020462950691580772,0.023967906832695007,0.06123685836791992,2.3055238723754883,4,0.75,
fixed,0,828,1.7581249475479126,0.014482660219073296,0.012463691644370556,0.048920392990112305,1.7862741947174072,4,0.5,
fixed,0,829,1.6113035678863525,0.0,0.035748012363910675,0.06170153617858887,1.6476880311965942,4,0.75,
fixed,0,830,1.9031791687011719,0.021554602310061455,0.01516344491392374,0.04924654960632324,1.936312198638916,4,0.5,1.2019480466842651
fixed,0,831,1.9180221557617188,0.0,0.01123289205133915,0.13801467418670654,1.9650429487228394,4,0.25,
fixed,0,832,1.8125715255737305,0.0,0.025663360953330994,0.05657792091369629,1.8423765897750854,4,0.5,
fixed,0,833,1.9726840257644653,0.0,0.04195943474769592,0.20426511764526367,2.054943323135376,4,1.0,
fixed,0,834,1.8111141920089722,0.0,0.019046738743782043,0.06474483013153076,1.840061068534851,4,0.75,
fixed,0,835,1.2687327861785889,0.027888352051377296,0.00046197272604331374,0.11883926391601562,1.3185597658157349,4,0.25,4.913625240325928
fixed,0,836,1.9524998664855957,0.0,0.018077891319990158,0.05256462097167969,1.9773081541061401,4,0.5,
fixed,0,837,1.8511512279510498,0.026591531932353973,0.0072976527735590935,0.0608828067779541,1.8863606452941895,4,0.5,
fixed,0,838,1.7090401649475098,0.0,0.027244964614510536,0.09054374694824219,1.7498257160186768,4,0.75,
fixed,0,839,1.601794719696045,0.0,0.019560357555747032,0.14965462684631348,1.6564712524414062,4,1.0,
fixed,0,840,1.9287854433059692,0.024311985820531845,0.014183486811816692,0.10764122009277344,1.9803255796432495,4,0.75,0.4887988567352295
fixed,0,841,1.9892221689224243,0.0,0.02790376916527748,0.20050156116485596,2.063324451446533,4,1.0,
fixed,0,842,2.7493276596069336,0.0,0.018395239487290382,0.0518033504486084,2.774066209793091,4,0.5,
fixed,0,843,2.0450479984283447,0.039302315562963486,0.007642477750778198,0.0671461820602417,2.0886642932891846,4,0.75,
fixed,0,844,1.389032006263733,0.0,0.031762659549713135,0.0280764102935791,1.4133362770080566,4,0.5,
fixed,0,845,2.3603055477142334,0.0,0.033433616161346436,0.059798479080200195,2.3949618339538574,4,0.75,10.076578140258789
fixed,0,846,1.5585098266601562,0.0,0.04230649769306183,0.039991140365600586,1.5916603803634644,4,0.75,
fixed,0,847,1.3714849948883057,0.015867745503783226,0.01946844533085823,0.05638909339904785,1.4060698747634888,4,0.75,
fixed,0,848,1.7471188306808472,0.0,0.045333631336688995,0.0841524600982666,1.7950314283370972,4,0.75,
fixed,0,849,1.726022481918335,0.0,0.021979553624987602,0.05060291290283203,1.7521930932998657,4,0.5,
fixed,0,850,1.3874311447143555,0.0,0.030774489045143127,0.06957876682281494,1.423691987991333,4,0.75,9.276226043701172
fixed,0,851,2.265392780303955,0.02137734182178974,0.031225889921188354,0.19595885276794434,2.3504819869995117,4,1.0,
fixed,0,852,1.0824739933013916,0.0,0.020869197323918343,0.05671703815460205,1.1099237203598022,4,0.5,
fixed,0,853,1.4893220663070679,0.0,0.03531346470117569,0.24390995502471924,1.5801517963409424,4,1.0,
fixed,0,854,2.3607330322265625,0.0,0.026569752022624016,0.06062436103820801,2.392205238342285,4,0.5,
fixed,0,855,1.778635859489441,0.0,0.039411332458257675,0.22483110427856445,1.865790843963623,4,1.0,12.325189590454102
fixed,0,856,1.0195163488388062,0.0,0.01288675982505083,0.06115436553955078,1.0443060398101807,4,0.5,
fixed,0,857,1.3074238300323486,0.0,0.014152147807180882,0.06658303737640381,1.334474802017212,4,0.5,
fixed,0,858,1.4728058576583862,0.02836419828236103,0.010190793313086033,0.0743340253829956,1.5143835544586182,4,0.25,
fixed,0,859,1.8384827375411987,0.028254372999072075,0.022278424352407455,0.18190419673919678,1.9183204174041748,4,1.0,
fixed,0,860,2.97277569770813,0.0,0.0064371563494205475,0.14313161373138428,3.0189337730407715,4,0.25,2.5965118408203125
fixed,0,861,1.6727399826049805,0.024677326902747154,0.009972414933145046,0.05816245079040527,1.7075135707855225,4,0.75,
fixed,0,862,2.2469074726104736,0.0,0.0011855438351631165,0.40504521131515503,2.369013786315918,4,0.0,
fixed,0,863,1.9078890085220337,0.0,0.020973943173885345,0.045801401138305664,1.9321163892745972,4,0.5,
fixed,0,864,2.5765328407287598,0.0,0.020447468385100365,0.11574459075927734,2.6214799880981445,4,0.75,
fixed,0,865,2.0736887454986572,0.0,0.015632327646017075,0.043807029724121094,2.09464693069458,4,0.5,5.148917198181152
fixed,0,866,2.254305124282837,0.022938551381230354,0.016395308077335358,0.08241033554077148,2.2986950874328613,4,0.75,
fixed,0,867,1.7645941972732544,0.0,0.0116640729829669,0.0356748104095459,1.7811286449432373,4,0.5,
fixed,0,868,1.8696731328964233,0.0,0.03012506477534771,0.06988811492919922,1.9057021141052246,4,0.75,
fixed,0,869,0.9572924375534058,0.0,0.01948428712785244,0.03019404411315918,0.9760928153991699,4,0.5,
fixed,0,870,2.3186895847320557,0.023841364309191704,0.00022418363369069993,0.0925971269607544,2.358501434326172,4,0.25,4.234090805053711
fixed,0,871,2.0359039306640625,0.0,0.017570573836565018,0.030974864959716797,2.0539817810058594,4,0.5,
fixed,0,872,2.178577423095703,0.0,0.009544603526592255,0.02873849868774414,2.1919713020324707,4,0.25,
fixed,0,873,2.1471877098083496,0.0,0.01579974964261055,0.03629183769226074,2.1659750938415527,4,0.5,
fixed,0,874,2.1953203678131104,0.0,0.018654827028512955,0.12385082244873047,2.241802930831909,4,0.75,
fixed,0,875,1.826857089996338,4.846460342378123e-06,0.007935828529298306,0.03040778636932373,1.8399497270584106,4,0.25,3.2885091304779053
fixed,0,876,2.151291608810425,0.02982574887573719,0.008856041356921196,0.15348970890045166,2.216679334640503,4,0.75,
fixed,0,877,1.4810113906860352,0.0,0.0059280553832650185,0.09463441371917725,1.512365698814392,4,0.25,
fixed,0,878,1.2990361452102661,2.1966678787066485e-07,0.01104581356048584,0.0500795841217041,1.3195830583572388,4,0.5,
fixed,0,879,1.4762758016586304,6.856545837763406e-07,0.01828724890947342,0.053606271743774414,1.5015016794204712,4,0.5,
fixed,0,880,2.3281004428863525,0.03099382482469082,0.00014759725308977067,0.07137000560760498,2.365082263946533,4,0.25,4.843975067138672
fixed,0,881,2.2446863651275635,0.03259603679180145,0.012524107471108437,0.1333104372024536,2.307239532470703,4,0.75,
fixed,0,882,1.1264921426773071,0.0,0.014541221782565117,0.15743422508239746,1.1809930801391602,4,0.75,
fixed,0,883,0.9633824825286865,0.0,0.01557044219225645,0.06687867641448975,0.9912313222885132,4,0.75,
fixed,0,884,1.522098183631897,0.028455128893256187,0.00416167639195919,0.04942059516906738,1.5532327890396118,4,0.25,
fixed,0,885,2.3628692626953125,0.0,0.015682049095630646,0.1468898057937622,2.4147772789001465,4,0.75,5.76262092590332
fixed,0,886,1.7696805000305176,0.0,0.017929140478372574,0.049863219261169434,1.7936040163040161,4,0.5,
fixed,0,887,1.865081787109375,0.02780417539179325,0.0010413352865725756,0.13255023956298828,1.9192695617675781,4,0.25,
fixed,0,888,1.5123569965362549,0.0,0.01980840601027012,0.047710418701171875,1.536574363708496,4,0.5,
fixed,0,889,2.077570915222168,0.020915592089295387,0.0076768365688622,0.06682586669921875,2.111914873123169,4,0.25,
fixed,0,890,1.5891166925430298,0.0,0.02644953690469265,0.08126664161682129,1.6267215013504028,4,0.75,8.180380821228027
fixed,0,891,2.208387851715088,0.020590180531144142,0.013075297698378563,0.09076762199401855,2.252450942993164,4,0.75,
fixed,0,892,1.2057214975357056,0.0,0.029329027980566025,0.07100117206573486,1.2416863441467285,4,0.75,
fixed,0,893,2.32216477394104,0.0,0.01085947547107935,0.130889892578125,2.366861581802368,4,0.25,
fixed,0,894,1.0307608842849731,0.0,0.02448362112045288,0.09156548976898193,1.0704723596572876,4,0.75,
fixed,0,895,2.6125762462615967,0.0,0.006920161657035351,0.13169682025909424,2.655545473098755,4,0.25,2.7820374965667725
fixed,0,896,0.8900384306907654,0.0,0.03352193906903267,0.25734543800354004,0.9840030074119568,4,1.0,
fixed,0,897,2.4091246128082275,0.020741913467645645,0.007553281262516975,0.04914522171020508,2.4380156993865967,4,0.5,
fixed,0,898,1.7878495454788208,0.0,0.04321594536304474,0.19257402420043945,1.867229700088501,4,1.0,
fixed,0,899,1.2615787982940674,0.0,0.007181990426033735,0.22805333137512207,1.3335857391357422,4,0.0,
fixed,0,900,1.9679147005081177,0.0,0.012739199213683605,0.14151978492736816,2.016740322113037,4,0.25,4.066946983337402
fixed,0,901,1.7934504747390747,0.0,0.03683864325284958,0.23237037658691406,1.8815809488296509,4,1.0,
fixed,0,902,2.375789165496826,0.02155166119337082,0.020744189620018005,0.2775813341140747,2.4802114963531494,4,1.0,
fixed,0,903,1.6621298789978027,0.0,0.018846701830625534,0.12431788444519043,1.7088485956192017,4,0.75,
fixed,0,904,1.2524919509887695,0.0,0.013223767280578613,0.04752695560455322,1.2733619213104248,4,0.5,
fixed,0,905,1.5024490356445312,0.0,0.001124836620874703,0.3737591505050659,1.6151392459869385,4,0.0,1.9933967590332031
fixed,0,906,2.0600881576538086,0.0,0.0199029091745615,0.14114892482757568,2.11238431930542,4,0.25,
fixed,0,907,1.9481182098388672,0.0,0.014489236287772655,0.041921138763427734,1.9679391384124756,4,0.5,
fixed,0,908,1.6728646755218506,0.016058452427387238,0.021822243928909302,0.05220186710357666,1.7074655294418335,4,0.75,
fixed,0,909,1.1219266653060913,0.0,0.022294647991657257,0.0368809700012207,1.1441383361816406,4,0.5,
fixed,0,910,1.7748173475265503,0.0,0.016115399077534676,0.071952223777771,1.8044607639312744,4,0.75,6.186389923095703
fixed,0,911,1.7048414945602417,0.0,0.017260946333408356,0.07143056392669678,1.7349011898040771,4,0.75,
fixed,0,912,2.4785280227661133,0.0,0.009648183360695839,0.032622456550598145,2.4931387901306152,4,0.5,
fixed,0,913,2.3073227405548096,0.0,0.006189052481204271,0.03586912155151367,2.3211779594421387,4,0.5,
fixed,0,914,2.650116443634033,0.017530204728245735,0.013910301961004734,0.08452415466308594,2.6911940574645996,4,0.75,
fixed,0,915,1.3441981077194214,0.0,0.02240270934998989,0.11065328121185303,1.388595461845398,4,0.75,7.626997947692871
fixed,0,916,1.6726323366165161,0.03155211731791496,0.004385050851851702,0.057817697525024414,1.7079461812973022,4,0.5,
fixed,0,917,1.2795761823654175,0.0,0.01836433820426464,0.03881025314331055,1.3004014492034912,4,0.5,
fixed,0,918,1.719712734222412,0.0,0.023099958896636963,0.10461258888244629,1.7626464366912842,4,0.75,
fixed,0,919,1.8674860000610352,0.0,0.006432490888983011,0.11017823219299316,1.9037556648254395,4,0.25,
fixed,0,920,1.2307507991790771,0.0,0.0052548362873494625,0.18989336490631104,1.2903462648391724,4,0.0,2.5584676265716553
fixed,0,921,2.8780739307403564,0.0,0.010657308623194695,0.03713250160217285,2.8945422172546387,4,0.5,
fixed,0,922,1.7128357887268066,0.0,0.012315870262682438,0.04948723316192627,1.7338398694992065,4,0.5,
fixed,0,923,2.104313611984253,0.0,0.0045220013707876205,0.08833909034729004,2.1330764293670654,4,0.25,
fixed,0,924,1.121559739112854,0.0,0.004183642100542784,0.09081435203552246,1.1508958339691162,4,0.25,
fixed,0,925,2.296351194381714,0.0,0.00995683204382658,0.047904372215270996,2.3157010078430176,4,0.5,3.6928036212921143
fixed,0,926,1.8148572444915771,0.031228672713041306,0.00652201846241951,0.17964375019073486,1.8876256942749023,4,0.75,
fixed,0,927,0.8624359965324402,0.0,0.002913061296567321,0.07361721992492676,0.8859776854515076,4,0.25,
fixed,0,928,1.085937261581421,0.0,0.005512703210115433,0.06809568405151367,1.1091222763061523,4,0.5,
fixed,0,929,1.5230461359024048,0.0,0.005020511336624622,0.07707500457763672,1.5486788749694824,4,0.5,
fixed,0,930,1.8536176681518555,5.672553470503772e-06,0.0036422850098460913,0.039582133293151855,1.8673162460327148,4,0.5,1.5010371208190918
fixed,0,931,2.062283754348755,0.0,0.0038333639968186617,0.039299607276916504,2.0759902000427246,4,0.5,
fixed,0,932,2.5835797786712646,0.0,0.0035175702068954706,0.08964109420776367,2.6122307777404785,4,0.25,
fixed,0,933,2.9774386882781982,0.03994137793779373,0.0061568329110741615,0.21113276481628418,3.0638275146484375,4,0.75,
fixed,0,934,2.14174222946167,0.0,0.0033390624448657036,0.04166233539581299,2.1559104919433594,4,0.5,
fixed,0,935,2.211078405380249,0.03140600770711899,0.004627071786671877,0.045223355293273926,2.242661952972412,4,0.5,3.0745058059692383
fixed,0,936,1.6655770540237427,0.0,0.013177473098039627,0.17248940467834473,1.7239125967025757,4,0.5,
fixed,0,937,1.9277925491333008,0.03515763580799103,0.0006709428271278739,0.08119070529937744,1.9700640439987183,4,0.25,
fixed,0,938,1.721766710281372,0.0,0.01754683256149292,0.11533355712890625,1.765140175819397,4,0.75,
fixed,0,939,2.0271012783050537,0.0,0.019280727952718735,0.03826248645782471,2.04822039604187,4,0.5,
fixed,0,940,2.0597002506256104,0.0,0.01598571054637432,0.03078162670135498,2.076927661895752,4,0.5,4.945804119110107
fixed,0,941,2.4399607181549072,0.0,0.026340588927268982,0.3106224536895752,2.5463178157806396,4,1.0,
fixed,0,942,1.1058489084243774,0.0,0.017488256096839905,0.05202794075012207,1.1302014589309692,4,0.25,
fixed,0,943,2.0912210941314697,0.0,0.008183042518794537,0.12266147136688232,2.132111072540283,4,0.25,
fixed,0,944,1.6735988855361938,0.0,0.02664409764111042,0.06692564487457275,1.706998586654663,4,0.75,
fixed,0,945,1.9811913967132568,0.027728861197829247,0.009974682703614235,0.05269277095794678,2.0158510208129883,4,0.25,4.5533928871154785
fixed,0,946,2.7281434535980225,0.0,0.02685987949371338,0.06856083869934082,2.762141704559326,4,0.75,
fixed,0,947,1.5660165548324585,0.0,0.028343163430690765,0.061200857162475586,1.598548412322998,4,0.75,
fixed,0,948,1.565555453300476,0.0,0.0275074802339077,0.06674373149871826,1.599332332611084,4,0.75,
fixed,0,949,2.13893461227417,0.0,0.00850838702172041,0.12032723426818848,2.1792869567871094,4,0.25,
fixed,0,950,2.241887092590332,0.0,0.022775419056415558,0.09124433994293213,2.2806479930877686,4,0.75,7.04805326461792
fixed,0,951,1.4411189556121826,0.02937154844403267,0.008962474763393402,0.05870068073272705,1.4778962135314941,4,0.5,
fixed,0,952,2.153324842453003,0.0,0.013142704032361507,0.04697716236114502,2.1739892959594727,4,0.5,
fixed,0,953,1.2328565120697021,0.0,0.006826538126915693,0.11649560928344727,1.2712184190750122,4,0.25,
fixed,0,954,2.1193385124206543,0.026535430923104286,0.015117339789867401,0.09740817546844482,2.1693873405456543,4,0.75,
fixed,0,955,1.8004274368286133,0.0,0.0054939077235758305,0.12471628189086914,1.8405892848968506,4,0.25,2.3886961936950684
fixed,0,956,1.650102138519287,0.0,0.016473960131406784,0.13790881633758545,1.699711799621582,4,0.75,
fixed,0,957,1.4898265600204468,0.0,0.020721543580293655,0.24607205390930176,1.5740089416503906,4,1.0,
fixed,0,958,2.3097994327545166,0.0,0.01338701881468296,0.059448957443237305,2.3343276977539062,4,0.5,
fixed,0,959,1.4319586753845215,0.0,0.016201641410589218,0.05474984645843506,1.4564844369888306,4,0.5,
fixed,0,960,1.8044003248214722,0.02771599031984806,0.010552681982517242,0.05629777908325195,1.8404239416122437,4,0.5,2.0060267448425293
fixed,0,961,2.4731595516204834,0.02654947154223919,0.00611044280230999,0.06300950050354004,2.508392333984375,4,0.5,
fixed,0,962,2.080030679702759,0.0,0.006239607930183411,0.11728668212890625,2.1183364391326904,4,0.25,
fixed,0,963,2.212139129638672,0.0,0.019051264971494675,0.07056248188018799,2.2428336143493652,4,0.25,
fixed,0,964,2.2169878482818604,0.0,0.020590245723724365,0.11420595645904541,2.261544704437256,4,0.75,
fixed,0,965,1.195569396018982,0.024655040353536606,0.01876218430697918,0.17702293395996094,1.2703849077224731,4,0.75,1.999984860420227
fixed,0,966,2.0753610134124756,0.0,0.032915711402893066,0.061274170875549316,2.110201120376587,4,0.75,
fixed,0,967,1.7022249698638916,0.0,0.011319700628519058,0.058278560638427734,1.7253683805465698,4,0.5,
fixed,0,968,1.5905574560165405,0.026580968871712685,0.0008444110862910748,0.12128806114196777,1.640656590461731,4,0.25,
fixed,0,969,1.752978801727295,0.0,0.0012013231171295047,0.4219726324081421,1.880171298980713,4,0.0,
fixed,0,970,1.944993019104004,0.0,0.036209121346473694,0.04944765567779541,1.9779318571090698,4,0.75,9.918293952941895
fixed,0,971,1.4265060424804688,0.020381789654493332,0.023837169632315636,0.12751555442810059,1.4868701696395874,4,0.75,
fixed,0,972,2.34649658203125,0.013096901588141918,0.0072056143544614315,0.03341841697692871,2.366673469543457,4,0.5,
fixed,0,973,2.211524724960327,0.0,0.013127529993653297,0.12443578243255615,2.2554192543029785,4,0.25,
fixed,0,974,2.2531559467315674,0.018903058022260666,0.005736612249165773,0.03452956676483154,2.275834560394287,4,0.5,
fixed,0,975,1.6943199634552002,0.01734105497598648,0.01272690761834383,0.03186655044555664,1.7189139127731323,4,0.5,0.9593575596809387
fixed,0,976,2.056389808654785,0.0,0.021008344367146492,0.05777478218078613,2.084226369857788,4,0.25,
fixed,0,977,1.9113314151763916,0.023944774642586708,0.019893545657396317,0.07594895362854004,1.9560352563858032,4,0.75,
fixed,0,978,2.954479932785034,0.0,0.03598843514919281,0.04028117656707764,2.984558582305908,4,0.25,
fixed,0,979,1.2777605056762695,0.01606440544128418,0.026957008987665176,0.04287159442901611,1.312132716178894,4,0.75,
fixed,0,980,2.2252495288848877,0.0,0.01607557386159897,0.14281463623046875,2.2761316299438477,4,0.25,4.137162208557129
fixed,0,981,1.9759587049484253,7.4349140959384385e-06,0.028687935322523117,0.032865047454833984,2.0001659393310547,4,0.5,
fixed,0,982,2.0531177520751953,0.023545105010271072,0.0062266383320093155,0.047780752182006836,2.0823378562927246,4,0.5,
fixed,0,983,2.2716946601867676,0.018392235040664673,0.014266576617956161,0.03961348533630371,2.29990816116333,4,0.5,
fixed,0,984,1.5178954601287842,0.0,0.018033061176538467,0.06852614879608154,1.5474698543548584,4,0.5,
fixed,0,985,1.7962303161621094,0.0,0.012697969563305378,0.06722617149353027,1.8227471113204956,4,0.5,4.351545333862305
fixed,0,986,2.110433340072632,0.02691960521042347,0.02027636021375656,0.10374975204467773,2.165156364440918,4,0.75,
fixed,0,987,1.900392770767212,0.0,0.020935358479619026,0.061838507652282715,1.9294120073318481,4,0.5,
fixed,0,988,1.9038289785385132,0.0,0.012788774445652962,0.07097244262695312,1.931515097618103,4,0.5,
fixed,0,989,1.9815762042999268,0.0,0.00913865864276886,0.0793691873550415,2.0099563598632812,4,0.5,
fixed,0,990,1.9166653156280518,0.0,0.016357988119125366,0.16961920261383057,1.975730061531067,4,0.75,5.978600978851318
fixed,0,991,1.7854350805282593,0.0,0.010235675610601902,0.062169432640075684,1.8092037439346313,4,0.5,
fixed,0,992,1.167156457901001,0.0,0.024629011750221252,0.05128884315490723,1.1948575973510742,4,0.5,
fixed,0,993,1.5527405738830566,0.0,0.020502399653196335,0.058356523513793945,1.5804986953735352,4,0.5,
fixed,0,994,2.3637614250183105,0.0,0.005577022675424814,0.11181092262268066,2.4000933170318604,4,0.25,
fixed,0,995,2.0378518104553223,0.0,0.004117660224437714,0.10374999046325684,2.071035623550415,4,0.25,1.8299554586410522
fixed,0,996,2.8284292221069336,0.0,0.0045018321834504604,0.10247540473937988,2.8614227771759033,4,0.25,
fixed,0,997,1.6208235025405884,0.03454417735338211,0.003327741753309965,0.06444668769836426,1.6590934991836548,4,0.5,
fixed,0,998,2.554708480834961,0.03072274662554264,0.006950125563889742,0.19002676010131836,2.6305530071258545,4,0.75,
fixed,0,999,2.4805824756622314,0.0,0.0042184507474303246,0.07299292087554932,2.504589557647705,4,0.25,
fixed,0,1000,1.456148386001587,0.0,0.005936885718256235,0.06866741180419922,1.4797170162200928,4,0.5,2.4429569244384766
fixed,0,1001,1.1736584901809692,0.027013519778847694,0.0033704889938235283,0.05012238025665283,1.2038872241973877,4,0.5,
fixed,0,1002,2.7755472660064697,0.036088552325963974,0.006692129652947187,0.20899450778961182,2.859636068344116,4,0.75,
fixed,0,1003,1.9454495906829834,0.0,0.014283002354204655,0.031543850898742676,1.9620542526245117,4,0.5,
fixed,0,1004,2.061002731323242,0.0,0.0003839897981379181,0.338803768157959,2.1628358364105225,4,0.0,
fixed,0,1005,2.7340164184570312,0.0,0.008888970129191875,0.05556190013885498,2.75512957572937,4,0.5,3.30857253074646
fixed,0,1006,2.408905029296875,0.0,0.007228097412735224,0.08449482917785645,2.4378676414489746,4,0.25,
fixed,0,1007,1.6829770803451538,0.0,0.024127066135406494,0.09963583946228027,1.7249313592910767,4,0.75,
fixed,0,1008,1.079201579093933,0.0,0.04524220526218414,0.18538379669189453,1.157437801361084,4,1.0,
fixed,0,1009,1.9506983757019043,0.0,0.030338561162352562,0.29644620418548584,2.0548014640808105,4,1.0,
fixed,0,1010,1.8104877471923828,0.0008895449573174119,0.00047419642214663327,0.27537477016448975,1.8937820196151733,4,0.0,0.7555310130119324
fixed,0,1011,1.807016372680664,0.0,0.006879749707877636,0.0925450325012207,1.8382197618484497,4,0.25,
fixed,0,1012,1.506413459777832,0.0,0.024195924401283264,0.10270893573760986,1.5493241548538208,4,0.75,
fixed,0,1013,2.8931171894073486,0.00031631303136236966,0.016869161278009415,0.02659308910369873,2.9096877574920654,4,0.5,
fixed,0,1014,1.602552056312561,0.0,0.022247344255447388,0.05838608741760254,1.631191611289978,4,0.25,
fixed,0,1015,1.9069737195968628,0.0,0.009451927617192268,0.09396481513977051,1.9398890733718872,4,0.25,3.046851634979248
fixed,0,1016,2.4726943969726562,0.0,0.0005148967611603439,0.36364877223968506,2.5820465087890625,4,0.0,
fixed,0,1017,1.5815380811691284,0.0,0.010243515484035015,0.21533823013305664,1.651261329650879,4,0.0,
fixed,0,1018,1.0021049976348877,5.570116263697855e-05,0.007849649526178837,0.020535826683044434,1.0122184753417969,4,0.5,
fixed,0,1019,1.6602704524993896,1.165329467767151e-05,0.009263596497476101,0.02182626724243164,1.671455979347229,4,0.25,
fixed,0,1020,1.6784172058105469,0.027923710644245148,0.008979578502476215,0.15473544597625732,1.7432894706726074,4,0.75,1.4515150785446167
fixed,0,1021,1.7872920036315918,0.0,0.013632546178996563,0.17602992057800293,1.8469172716140747,4,0.75,
fixed,0,1022,2.3358356952667236,6.33663876214996e-06,0.01239520963281393,0.03857290744781494,2.3536083698272705,4,0.5,
fixed,0,1023,1.848778486251831,0.0518825501203537,0.004997686482965946,0.11873912811279297,1.9128403663635254,4,0.75,
fixed,0,1024,1.5611430406570435,0.04776471480727196,0.010621905326843262,0.3090364933013916,1.6830472946166992,4,1.0,
fixed,0,1025,0.9461356997489929,1.5196687286334054e-07,0.006023038644343615,0.08109056949615479,0.9734744429588318,4,0.25,2.0049877166748047
fixed,0,1026,2.052251100540161,0.014736621640622616,0.022427264600992203,0.14212441444396973,2.1134703159332275,4,1.0,
fixed,0,1027,1.1005803346633911,0.0,0.04670737311244011,0.08062732219696045,1.1481221914291382,4,0.75,
fixed,0,1028,1.6579042673110962,0.0,0.04053124040365219,0.045180559158325195,1.6917240619659424,4,0.75,
fixed,0,1029,1.9729522466659546,0.0,0.02981502190232277,0.04515206813812256,2.0014054775238037,4,0.5,
fixed,0,1030,2.182417631149292,0.0,0.030697006732225418,0.21735382080078125,2.262972354888916,4,0.0,5.490898132324219
fixed,0,1031,1.8358086347579956,0.0,0.015653736889362335,0.15937840938568115,1.891448974609375,4,0.25,
fixed,0,1032,1.0342881679534912,0.0,0.02492564544081688,0.02205216884613037,1.0533666610717773,4,0.25,
fixed,0,1033,0.8328070044517517,0.0,0.0610593780875206,0.11424088478088379,0.8976089954376221,4,1.0,
fixed,0,1034,2.4413039684295654,0.0006400355487130582,0.04324202984571457,0.037458181381225586,2.474482536315918,4,0.5,
fixed,0,1035,1.8531690835952759,0.0,0.04373481124639511,0.025507211685180664,1.8826886415481567,4,0.5,9.923535346984863
fixed,0,1036,1.2403607368469238,0.0,0.018588772043585777,0.15387916564941406,1.2958189249038696,4,0.25,
fixed,0,1037,1.1959471702575684,6.248300633160397e-05,0.01606716401875019,0.04126453399658203,1.2163913249969482,4,0.5,
fixed,0,1038,1.3348441123962402,0.0,0.012020780704915524,0.08643841743469238,1.366786003112793,4,0.5,
fixed,0,1039,1.664158582687378,0.0,0.00818026065826416,0.041583895683288574,1.6807239055633545,4,0.25,
fixed,0,1040,0.8508496880531311,0.0,0.010972465388476849,0.5771617293357849,1.029484510421753,4,1.0,4.490472793579102
fixed,0,1041,1.5146710872650146,0.03834928199648857,0.007467407733201981,0.4194299578666687,1.6634083986282349,4,1.0,
fixed,0,1042,1.829040765762329,0.030252056196331978,0.006157281808555126,0.19881772994995117,1.9068907499313354,4,0.75,
fixed,0,1043,1.3004645109176636,0.04652866721153259,0.00947986077517271,0.4883585572242737,1.4749763011932373,3,1.0,
fixed,0,1044,2.1874959468841553,0.04849401116371155,4.312495730118826e-05,0.03617095947265625,2.2226157188415527,4,0.5,
fixed,0,1045,1.9865281581878662,0.0,0.008533792570233345,0.03729534149169922,2.001983642578125,4,0.25,3.8475911617279053
fixed,0,1046,0.9960496425628662,0.0,0.015533984638750553,0.041362762451171875,1.0162254571914673,4,0.5,
fixed,0,1047,0.8725987672805786,0.0,0.02060328610241413,0.034619927406311035,0.893286406993866,4,0.5,
fixed,0,1048,1.6487892866134644,0.0,0.021460071206092834,0.03974199295043945,1.671441912651062,4,0.5,
fixed,0,1049,1.9910420179367065,0.0,0.01100718043744564,0.11713862419128418,2.0316872596740723,4,0.25,
fixed,0,1050,2.3531994819641113,0.0,0.04497881233692169,0.03403067588806152,2.3858981132507324,4,0.75,9.628164291381836
fixed,0,1051,1.914984107017517,0.013941645622253418,0.047421544790267944,0.09583330154418945,1.97441565990448,4,1.0,
fixed,0,1052,1.8568123579025269,0.0,0.011603055521845818,0.13858842849731445,1.9041904211044312,4,0.25,
fixed,0,1053,2.9496653079986572,0.012336904183030128,0.037061192095279694,0.02101421356201172,2.980668544769287,4,0.75,
fixed,0,1054,3.30829119682312,0.0,0.04126494377851486,0.04079091548919678,3.341161012649536,4,0.75,
fixed,0,1055,1.4370919466018677,0.0,0.012996996752917767,0.13077616691589355,1.4828232526779175,4,0.25,3.0512304306030273
fixed,0,1056,1.6714725494384766,0.0,0.006866010371595621,0.23027586936950684,1.743988275527954,4,0.0,
fixed,0,1057,1.418662667274475,0.0,0.012153700925409794,0.14223027229309082,1.4674086570739746,4,0.25,
fixed,0,1058,1.9336929321289062,0.0,0.01022650208324194,0.12543964385986328,1.976438045501709,4,0.25,
fixed,0,1059,1.1522821187973022,0.021075014024972916,0.020085271447896957,0.15041184425354004,1.2179858684539795,4,0.75,
fixed,0,1060,1.378045678138733,0.0,0.02736215852200985,0.08292078971862793,1.4166029691696167,4,0.75,7.005640506744385
fixed,0,1061,1.7643494606018066,0.02104833722114563,0.008978225290775299,0.03684878349304199,1.7904174327850342,4,0.5,
fixed,0,1062,1.4638316631317139,0.0027553499676287174,0.02354281023144722,0.02198350429534912,1.4835758209228516,4,0.5,
fixed,0,1063,2.4511189460754395,0.0,0.015375046990811825,0.03728532791137695,2.469992160797119,4,0.5,
fixed,0,1064,1.4616421461105347,0.0,0.01509811356663704,0.041649580001831055,1.4816861152648926,4,0.25,
fixed,0,1065,2.050102472305298,0.0,0.009181370958685875,0.03341662883758545,2.064718246459961,4,0.25,3.091278553009033
fixed,0,1066,1.5434132814407349,0.0,0.025301486253738403,0.36485064029693604,1.6655192375183105,4,1.0,
fixed,0,1067,2.2004356384277344,6.104377098381519e-05,0.010259009897708893,0.07959270477294922,2.22947359085083,4,0.25,
fixed,0,1068,1.9044477939605713,0.0,0.005956529639661312,0.08163666725158691,1.9319170713424683,4,0.25,
fixed,0,1069,1.4722920656204224,0.0,0.01431712694466114,0.17237484455108643,1.5311630964279175,4,0.75,
fixed,0,1070,1.647527813911438,0.0,0.010265522636473179,0.22074246406555176,1.7188832759857178,4,0.75,3.849830389022827
fixed,0,1071,2.343491554260254,2.154857156710932e-06,0.008578222244977951,0.0573885440826416,2.3649983406066895,4,0.5,
fixed,0,1072,1.6847851276397705,0.0308217853307724,0.0026235387194901705,0.06601512432098389,1.7213122844696045,4,0.5,
fixed,0,1073,1.5366140604019165,0.0,0.019535696133971214,0.41810011863708496,1.6718119382858276,4,1.0,
fixed,0,1074,1.455372929573059,0.0,0.010574066080152988,0.20794272422790527,1.5230427980422974,4,0.75,
fixed,0,1075,2.512582778930664,0.0,0.009841457940638065,0.06566131114959717,2.5372018814086914,4,0.5,3.331101417541504
fixed,0,1076,2.497415542602539,0.0,0.0038106830324977636,0.09337782859802246,2.527334213256836,4,0.25,
fixed,0,1077,1.7400034666061401,0.0,0.020576953887939453,0.12612247467041016,1.7881287336349487,4,0.75,
fixed,0,1078,1.9842575788497925,0.028030943125486374,0.007250373251736164,0.05278754234313965,2.0177345275878906,4,0.5,
fixed,0,1079,1.635689377784729,0.04651305079460144,0.006165946368128061,0.09710776805877686,1.6911611557006836,4,0.75,
fixed,0,1080,1.7974966764450073,3.017256130988244e-05,0.0069886245764791965,0.09361755847930908,1.8290913105010986,4,0.25,2.2140088081359863
fixed,0,1081,0.9211831092834473,0.0,0.02630944363772869,0.09352731704711914,0.9623960256576538,4,0.75,
fixed,0,1082,1.7480881214141846,0.0,0.009728285484015942,0.13448083400726318,1.7932965755462646,4,0.25,
fixed,0,1083,1.4803982973098755,0.0,0.02455231547355652,0.1045389175415039,1.524036169052124,4,0.75,
fixed,0,1084,2.1473066806793213,0.0,0.0012711595045402646,0.4588519334793091,2.285597801208496,4,0.0,
fixed,0,1085,1.5983779430389404,0.0,0.02497776784002781,0.0376744270324707,1.6221691370010376,4,0.5,6.816286087036133
fixed,0,1086,1.6689977645874023,0.0,0.01779894158244133,0.06007885932922363,1.6959209442138672,4,0.5,
fixed,0,1087,1.4221690893173218,0.0,0.040813054889440536,0.102760910987854,1.4734039306640625,4,0.75,
fixed,0,1088,1.421788215637207,0.0,0.025321537628769875,0.04770827293395996,1.4487614631652832,4,0.5,
fixed,0,1089,1.792911171913147,0.0,0.0045503005385398865,0.196081280708313,1.8540107011795044,4,0.0,
fixed,0,1090,1.4885625839233398,0.0,0.028016570955514908,0.037419795989990234,1.5137968063354492,4,0.25,7.9135870933532715
fixed,0,1091,0.5748412609100342,0.0,0.016117889434099197,0.037494540214538574,0.594148576259613,4,0.5,
fixed,0,1092,1.6823397874832153,0.0,0.026982635259628296,0.08117055892944336,1.7201822996139526,4,0.75,
fixed,0,1093,0.6889186501502991,0.0,0.009152980521321297,0.05063509941101074,0.7086856961250305,4,0.5,
fixed,0,1094,2.1962172985076904,0.028787560760974884,0.004855787847191095,0.04407989978790283,2.2262630462646484,4,0.5,
fixed,0,1095,1.362839937210083,0.0,0.019801555201411247,0.11734628677368164,1.4079445600509644,4,0.75,5.927022457122803
fixed,0,1096,1.8148245811462402,0.028848746791481972,0.004938613157719374,0.04111838340759277,1.8440537452697754,4,0.5,
fixed,0,1097,2.57956862449646,1.7599064960904798e-07,0.003992081619799137,0.06185948848724365,2.6001226902008057,4,0.25,
fixed,0,1098,0.8029949069023132,0.0,0.01501476764678955,0.05713379383087158,0.8276424407958984,4,0.5,
fixed,0,1099,1.4444752931594849,0.03387083485722542,0.006648889742791653,0.1916877031326294,1.522241473197937,4,0.75,
fixed,0,1100,1.8799253702163696,0.0,0.019260400906205177,0.4158592224121094,2.014313220977783,4,1.0,6.351184368133545
fixed,0,1101,1.2552136182785034,0.03342383727431297,0.010011633858084679,0.1551826000213623,1.323486089706421,4,0.75,
fixed,0,1102,1.4981213808059692,0.0,0.005714557599276304,0.0927128791809082,1.5287925004959106,4,0.25,
fixed,0,1103,2.0661258697509766,0.0,0.0073675476014614105,0.10562741756439209,2.1014978885650635,4,0.25,
fixed,0,1104,1.553736686706543,0.0,0.005072671454399824,0.0980067253112793,1.5856750011444092,4,0.25,
fixed,0,1105,1.4410312175750732,0.0,0.022688530385494232,0.03133189678192139,1.4617750644683838,4,0.5,5.511730670928955
fixed,0,1106,1.4329280853271484,0.019758906215429306,0.013114932924509048,0.0294802188873291,1.4582090377807617,4,0.5,
fixed,0,1107,1.415930151939392,0.0,0.022455353289842606,0.03184080123901367,1.4367101192474365,4,0.5,
fixed,0,1108,2.0102591514587402,0.031552739441394806,0.022054072469472885,0.3152574300765991,2.1316397190093994,4,1.0,
fixed,0,1109,1.3811078071594238,0.0,0.023604003712534904,0.09608042240142822,1.4217339754104614,4,0.75,
fixed,0,1110,1.6377207040786743,0.04334118217229843,0.011888867244124413,0.2713116407394409,1.7467292547225952,4,1.0,4.14016056060791
fixed,0,1111,1.3040313720703125,0.0,0.018290963023900986,0.05651247501373291,1.3301305770874023,4,0.75,
fixed,0,1112,1.1901743412017822,0.0,0.029176320880651474,0.03066706657409668,1.2139626741409302,4,0.5,
fixed,0,1113,1.5030092000961304,0.0,0.02582068182528019,0.02975904941558838,1.5248472690582275,4,0.5,
fixed,0,1114,2.1961605548858643,0.011193887330591679,0.015282539650797844,0.04468965530395508,2.2228057384490967,4,0.5,
fixed,0,1115,1.981720209121704,0.0,0.01712399162352085,0.14069056510925293,2.03248929977417,4,0.25,3.696348190307617
fixed,0,1116,1.7471339702606201,0.0,0.014891541562974453,0.1277296543121338,1.7928986549377441,4,0.25,
fixed,0,1117,2.638906240463257,0.0,0.0358131043612957,0.0192563533782959,2.6625897884368896,4,0.5,
fixed,0,1118,2.2995338439941406,0.018918626010417938,0.03151780366897583,0.04259216785430908,2.3375296592712402,4,0.75,
fixed,0,1119,1.4360841512680054,0.0,0.015222498215734959,0.13526666164398193,1.4842753410339355,4,0.25,
fixed,0,1120,2.1262385845184326,0.0,0.019363176077604294,0.15599024295806885,2.1827173233032227,4,0.25,4.1888813972473145
fixed,0,1121,1.415453314781189,0.0,0.029515214264392853,0.08341419696807861,1.455235242843628,4,0.75,
fixed,0,1122,2.6730053424835205,0.0,0.025289978832006454,0.040317535400390625,2.6977455615997314,4,0.75,
fixed,0,1123,1.7148452997207642,0.02476160228252411,0.017657192423939705,0.10035204887390137,1.766160249710083,4,0.75,
fixed,0,1124,2.4166958332061768,0.024248866364359856,0.021370217204093933,0.08629393577575684,2.465393543243408,4,0.75,
fixed,0,1125,1.9256302118301392,0.0,0.013878945261240005,0.05417466163635254,1.9488221406936646,4,0.25,3.7141263484954834
fixed,0,1126,1.7804274559020996,0.0,0.005737332161515951,0.11825788021087646,1.8187735080718994,4,0.25,
fixed,0,1127,2.1352224349975586,0.0,0.018306581303477287,0.14483392238616943,2.187825918197632,4,0.75,
fixed,0,1128,1.5613250732421875,0.0,0.014604576863348484,0.08972513675689697,1.5955449342727661,4,0.75,
fixed,0,1129,1.99040949344635,0.0,0.005863271187990904,0.10675942897796631,2.0253689289093018,4,0.25,
fixed,0,1130,1.6286275386810303,0.0,0.015188410878181458,0.16933989524841309,1.6870237588882446,4,0.75,5.02839994430542
fixed,0,1131,2.1718361377716064,0.0,0.004196565132588148,0.09355795383453369,2.2020018100738525,4,0.25,
fixed,0,1132,2.2125139236450195,0.0,0.01262012217193842,0.05140554904937744,2.234245538711548,4,0.5,
fixed,0,1133,1.65572988986969,0.0,0.0002744435623753816,0.34310007095336914,1.7587971687316895,4,0.0,
fixed,0,1134,1.5845571756362915,0.023796234279870987,0.009748107753694057,0.13230609893798828,1.6410211324691772,4,0.75,
fixed,0,1135,1.1021122932434082,0.0,0.011138904839754105,0.047209858894348145,1.1218446493148804,4,0.5,3.42307186126709
fixed,0,1136,1.4368948936462402,0.03237123414874077,0.005625131074339151,0.04384171962738037,1.469045639038086,4,0.5,
fixed,0,1137,2.0757081508636475,0.0,0.013195820152759552,0.1757599115371704,2.1350340843200684,4,0.75,
fixed,0,1138,2.0239412784576416,0.00011337766773067415,0.01118498481810093,0.03720593452453613,2.0407521724700928,4,0.5,
fixed,0,1139,1.7258967161178589,0.0002768987906165421,0.00533806998282671,0.05220460891723633,1.7443655729293823,4,0.25,
fixed,0,1140,1.6671913862228394,0.09170793741941452,0.0050207762978971004,0.37593841552734375,1.82833731174469,4,1.0,10.481719970703125
fixed,0,1141,2.058854579925537,0.0008483891724608839,0.016499502584338188,0.1711721420288086,2.118880271911621,4,0.75,
fixed,0,1142,1.3432976007461548,0.00030807184521108866,0.007895970717072487,0.023919224739074707,1.3545753955841064,4,0.25,
fixed,0,1143,1.9233055114746094,0.0005994074163027108,0.014626939781010151,0.03209245204925537,1.9405463933944702,4,0.5,
fixed,0,1144,1.6878091096878052,0.00018586717487778515,0.006397405173629522,0.06177473068237305,1.7096331119537354,4,0.25,
fixed,0,1145,1.398435354232788,9.552061965223402e-05,0.01966118812561035,0.025554537773132324,1.4159801006317139,4,0.5,5.158828258514404
fixed,0,1146,2.3142740726470947,8.81370397110004e-06,0.03641393780708313,0.060122013092041016,2.350522041320801,4,0.75,
fixed,0,1147,1.096976637840271,5.799564314656891e-05,0.019436299800872803,0.0323638916015625,1.1164329051971436,4,0.5,
fixed,0,1148,2.1940605640411377,0.017281902953982353,0.0,0.0706859827041626,2.223907232284546,4,0.25,
fixed,0,1149,1.7921189069747925,0.01577497273683548,0.022356119006872177,0.06875753402709961,1.8318116664886475,4,0.75,
fixed,0,1150,2.3755393028259277,0.0014279040042310953,0.02727593667805195,0.030909419059753418,2.3991639614105225,4,0.5,6.363241672515869
fixed,0,1151,2.783203363418579,0.0,0.02298840507864952,0.06431341171264648,2.8139915466308594,4,0.25,
fixed,0,1152,1.4388506412506104,0.014127708971500397,0.023285524919629097,0.03012073040008545,1.4665935039520264,4,0.5,
fixed,0,1153,1.2126206159591675,0.0,0.014681435190141201,0.154646635055542,1.266355276107788,4,0.25,
fixed,0,1154,2.1199543476104736,0.0,0.008893273770809174,0.13475501537322998,2.164827585220337,4,0.25,
fixed,0,1155,2.2950944900512695,2.4021182980504818e-05,0.016411397606134415,0.048807382583618164,2.3179543018341064,4,0.5,5.173497200012207
fixed,0,1156,3.10221266746521,0.0002152718516299501,0.038967061787843704,0.07094311714172363,3.1430866718292236,4,0.75,
fixed,0,1157,1.659021258354187,0.021883444860577583,0.002756503876298666,0.05856490135192871,1.688910722732544,4,0.5,
fixed,0,1158,1.425520896911621,0.0,0.022685619071125984,0.06332612037658691,1.4558615684509277,4,0.75,
fixed,0,1159,1.6973648071289062,0.017639806494116783,0.011317035183310509,0.04873991012573242,1.7264652252197266,4,0.5,
fixed,0,1160,1.90675950050354,5.196890924707986e-06,0.005005263723433018,0.11080801486968994,1.9425071477890015,4,0.25,1.8405768871307373
fixed,0,1161,1.4145606756210327,4.3460429878905416e-05,0.022683998569846153,0.12855315208435059,1.4644904136657715,4,0.75,
fixed,0,1162,2.4547810554504395,0.0,0.012388525530695915,0.06326568126678467,2.479954957962036,4,0.5,
fixed,0,1163,1.1508934497833252,0.0012434751261025667,0.020251471549272537,0.15873301029205322,1.2092608213424683,4,0.75,
fixed,0,1164,2.277536392211914,0.0,0.006121293641626835,0.11093246936798096,2.3138768672943115,4,0.25,
fixed,0,1165,1.8097134828567505,0.0,0.01941847987473011,0.14106237888336182,1.8617414236068726,4,0.75,6.093362808227539
fixed,0,1166,2.278320550918579,0.0,0.000349309848388657,0.34571337699890137,2.382209300994873,4,0.0,
fixed,0,1167,1.7020442485809326,0.0,0.01675449125468731,0.15086305141448975,1.7556804418563843,4,0.75,
fixed,0,1168,2.2901699542999268,0.0,0.005583188030868769,0.0950695276260376,2.3214824199676514,4,0.25,
fixed,0,1169,1.6576921939849854,0.0,0.022669276222586632,0.21544241905212402,1.7336595058441162,4,0.75,
fixed,0,1170,1.538304090499878,0.0,0.013496434316039085,0.046634554862976074,1.5590426921844482,4,0.5,4.344437122344971
fixed,0,1171,1.232848048210144,0.028927037492394447,0.00795451458543539,0.1639336347579956,1.300468921661377,4,0.75,
fixed,0,1172,1.6579197645187378,0.0,0.010071332566440105,0.04478287696838379,1.676390290260315,4,0.5,
fixed,0,1173,2.1606228351593018,0.028385384008288383,0.00019001041073352098,0.06310856342315674,2.193843126296997,4,0.25,
fixed,0,1174,1.319277048110962,0.0,0.005428766366094351,0.06404602527618408,1.3412052392959595,4,0.25,
fixed,0,1175,1.798651099205017,0.0,0.024642394855618477,0.025820493698120117,1.818718433380127,4,0.5,5.995892524719238
fixed,0,1176,1.808628797531128,0.02429831586778164,0.0054529267363250256,0.03437542915344238,1.8338170051574707,4,0.5,
fixed,0,1177,1.8759024143218994,0.0,0.019771061837673187,0.04932713508605957,1.9005861282348633,4,0.25,
fixed,0,1178,1.9505136013031006,0.0,0.012847314588725567,0.04460310935974121,1.9703181982040405,4,0.5,
fixed,0,1179,1.0680698156356812,0.0,0.019103271886706352,0.40520697832107544,1.1991835832595825,4,1.0,
fixed,0,1180,2.8806729316711426,0.0,0.017701411619782448,0.1337825059890747,2.9296584129333496,4,0.75,5.762729167938232
fixed,0,1181,1.7958203554153442,0.0,0.009213554672896862,0.1006479263305664,1.8306214809417725,4,0.25,
fixed,0,1182,1.8567750453948975,0.0,0.010803243145346642,0.04892921447753906,1.8768553733825684,4,0.5,
fixed,0,1183,1.4439822435379028,0.0,0.023296553641557693,0.09761834144592285,1.4849159717559814,4,0.75,
fixed,0,1184,1.694458246231079,0.02998649701476097,0.004584368318319321,0.050163865089416504,1.726792812347412,4,0.5,
fixed,0,1185,2.0928874015808105,0.0,0.012785062193870544,0.05029153823852539,2.1143674850463867,4,0.5,4.062654495239258
fixed,0,1186,1.2656794786453247,0.0,0.007384260185062885,0.0986330509185791,1.2989615201950073,4,0.25,
fixed,0,1187,1.8340758085250854,0.0,0.015925580635666847,0.060980916023254395,1.8603328466415405,4,0.5,
fixed,0,1188,1.8901039361953735,0.023651694878935814,0.023385336622595787,0.26803529262542725,1.9940330982208252,4,1.0,
fixed,0,1189,1.8503774404525757,0.0,0.013332151807844639,0.052446842193603516,1.8727775812149048,4,0.5,
fixed,0,1190,1.723374843597412,0.0,0.010853932239115238,0.1224524974822998,1.7655375003814697,4,0.25,3.188215732574463
fixed,0,1191,2.704014539718628,0.0,0.026506012305617332,0.08761405944824219,2.743551731109619,4,0.75,
fixed,0,1192,2.016659736633301,0.04404702037572861,0.012749304063618183,0.06152749061584473,2.063516139984131,4,0.75,
fixed,0,1193,2.199370861053467,0.0,0.009676918387413025,0.10601639747619629,2.2360141277313232,4,0.0,
fixed,0,1194,2.1206960678100586,0.0,0.022141166031360626,0.048218369483947754,2.1462321281433105,4,0.5,
fixed,0,1195,2.070079803466797,0.0,0.012848028913140297,0.05857038497924805,2.0940749645233154,4,0.5,4.146407127380371
fixed,0,1196,0.9453545808792114,0.0,0.012841139920055866,0.0544428825378418,0.9681079983711243,4,0.5,
fixed,0,1197,0.898470401763916,0.0,0.012723764404654503,0.06630265712738037,0.9247230887413025,4,0.5,
fixed,0,1198,1.964298129081726,0.018783340230584145,0.0006307848962023854,0.14226365089416504,2.0166842937469482,4,0.25,
fixed,0,1199,1.7107547521591187,6.64096475588849e-08,0.00884686503559351,0.11046421527862549,1.7483174800872803,4,0.25,
fixed,0,1200,2.679002285003662,0.0,0.00493873655796051,0.10159456729888916,2.7119500637054443,4,0.25,1.9145230054855347
fixed,0,1201,2.023996114730835,0.0,0.012670738622546196,0.05645596981048584,2.0472683906555176,4,0.5,
fixed,0,1202,1.3398330211639404,0.0,0.008236292749643326,0.06711971759796143,1.3640871047973633,4,0.5,
fixed,0,1203,2.1515283584594727,0.0,0.006085338536649942,0.07859289646148682,2.1781489849090576,4,0.5,
fixed,0,1204,2.3074960708618164,0.025889040902256966,0.0006318943342193961,0.1092904806137085,2.353543758392334,4,0.25,
fixed,0,1205,2.3929314613342285,0.0,0.005076101049780846,0.08194684982299805,2.420053482055664,4,0.25,2.004695415496826
fixed,0,1206,2.2704055309295654,0.0,0.0067704240791499615,0.26063084602355957,2.351979970932007,4,0.75,
fixed,0,1207,1.9931011199951172,7.055037087866367e-08,0.00253282324410975,0.06885242462158203,2.0150232315063477,4,0.25,
fixed,0,1208,1.3914624452590942,0.0,0.00043045292841270566,0.31249845027923584,1.4854272603988647,4,0.0,
fixed,0,1209,2.098332405090332,0.03987191244959831,0.0029211530927568674,0.07429957389831543,2.1420187950134277,4,0.5,
fixed,0,1210,1.8297704458236694,2.4760056476225145e-06,0.004121452569961548,0.07701849937438965,1.8549379110336304,4,0.5,1.758281946182251
fixed,0,1211,1.7636511325836182,0.0,0.014757310971617699,0.042874932289123535,1.783892273902893,4,0.5,
fixed,0,1212,1.7750686407089233,0.037670690566301346,0.0036790473386645317,0.2576570510864258,1.8730406761169434,4,0.75,
fixed,0,1213,1.7282158136367798,0.0,0.004648732952773571,0.15214991569519043,1.776185154914856,4,0.75,
fixed,0,1214,2.4836585521698,0.0,0.007252191659063101,0.06234109401702881,2.5059869289398193,4,0.5,
fixed,0,1215,2.178588390350342,0.0,0.005368713289499283,0.07420158386230469,2.203533172607422,4,0.5,2.191084146499634
fixed,0,1216,1.7591646909713745,0.0,0.010335100814700127,0.08514714241027832,1.7898763418197632,4,0.5,
fixed,0,1217,2.1608378887176514,0.0,0.013462361879646778,0.041033029556274414,2.1798789501190186,4,0.5,
fixed,0,1218,1.098556637763977,0.0,0.01472337357699871,0.05767977237701416,1.1232222318649292,4,0.5,
fixed,0,1219,2.058245897293091,0.0,0.013407522812485695,0.06409180164337158,2.084177255630493,4,0.5,
fixed,0,1220,1.5509796142578125,0.02746340073645115,0.011288795620203018,0.12057936191558838,1.6065294742584229,4,0.75,0.8251065611839294
fixed,0,1221,1.6934857368469238,0.0,0.027255132794380188,0.027610421180725098,1.7153964042663574,4,0.5,
fixed,0,1222,2.6468191146850586,0.0,0.006425646133720875,0.10497546195983887,2.6815245151519775,4,0.25,
fixed,0,1223,1.4370362758636475,0.0,0.008210362866520882,0.11546516418457031,1.475780963897705,4,0.25,
fixed,0,1224,2.0047144889831543,0.0,0.02936185710132122,0.027695417404174805,2.0277040004730225,4,0.5,
fixed,0,1225,1.9513022899627686,0.03335939347743988,0.013083944097161293,0.1291182041168213,2.0132594108581543,4,0.75,0.814021646976471
fixed,0,1226,1.243598461151123,0.0,0.03116442635655403,0.033365845680236816,1.2691904306411743,4,0.5,
fixed,0,1227,0.9918862581253052,0.0,0.03723710775375366,0.23279345035552979,1.0803428888320923,4,1.0,
fixed,0,1228,1.711366891860962,0.0,0.025144660845398903,0.3287479877471924,1.822563648223877,4,1.0,
fixed,0,1229,2.650171995162964,0.0,0.010954378172755241,0.052725791931152344,2.671466827392578,4,0.5,
fixed,0,1230,2.4774975776672363,0.0,0.019683465361595154,0.03721046447753906,2.498502492904663,4,0.5,4.66519021987915
fixed,0,1231,0.9120199084281921,0.0,0.026764949783682823,0.07710063457489014,0.9485325813293457,4,0.75,
fixed,0,1232,2.1495866775512695,0.0,0.022526822984218597,0.10312438011169434,2.1917874813079834,4,0.75,
fixed,0,1233,2.309197425842285,0.0,0.02142583765089512,0.03979229927062988,2.33184814453125,4,0.5,
fixed,0,1234,1.4221338033676147,0.0,0.01931256800889969,0.045862555503845215,1.4455488920211792,4,0.5,
fixed,0,1235,2.0221877098083496,0.0,0.004413919989019632,0.11320376396179199,2.0583558082580566,4,0.25,1.6194077730178833
fixed,0,1236,1.7537927627563477,0.0,0.016415182501077652,0.1401984691619873,1.8040598630905151,4,0.75,
fixed,0,1237,1.906939148902893,0.0,0.01552694570273161,0.051458120346069336,1.9301400184631348,4,0.5,
fixed,0,1238,0.8052579164505005,0.0,0.0041700322180986404,0.1259974241256714,0.8451421856880188,4,0.25,
fixed,0,1239,1.0241888761520386,0.0,0.008876591920852661,0.06973326206207275,1.0495471954345703,4,0.5,
fixed,0,1240,1.6825551986694336,0.0,0.01825045794248581,0.042273759841918945,1.7043625116348267,4,0.5,4.651113986968994
fixed,0,1241,2.73919939994812,0.039462748914957047,0.0056145042181015015,0.062056541442871094,2.7803549766540527,4,0.5,
fixed,0,1242,1.8954941034317017,0.0,0.011679964140057564,0.044348835945129395,1.9146387577056885,4,0.25,
fixed,0,1243,1.6632815599441528,0.0,0.006594670936465263,0.10142672061920166,1.6970069408416748,4,0.25,
fixed,0,1244,1.6398719549179077,0.0,0.004937333986163139,0.09039807319641113,1.6694600582122803,4,0.25,
fixed,0,1245,1.0675619840621948,0.0,0.005786849185824394,0.07282376289367676,1.0923025608062744,4,0.5,2.152512788772583
fixed,0,1246,2.31895112991333,0.0,0.004509699996560812,0.08379507064819336,2.346344470977783,4,0.5,
fixed,0,1247,1.966712474822998,0.0,0.002283670473843813,0.07763421535491943,1.9911445379257202,4,0.25,
fixed,0,1248,1.6582602262496948,1.4880026810715208e-07,0.0016441148472949862,0.03089451789855957,1.6683506965637207,4,0.25,
fixed,0,1249,2.5732080936431885,0.0010260518174618483,0.0007194146164692938,0.08972287178039551,2.6009976863861084,4,0.0,
fixed,0,1250,1.092712163925171,1.5791933947184589e-06,0.004802721086889505,0.06537580490112305,1.1147270202636719,4,0.5,1.8733181953430176
fixed,0,1251,2.0485267639160156,0.0,0.0035068397410213947,0.093880295753479,2.078444242477417,4,0.5,
fixed,0,1252,2.0537633895874023,0.0,0.0008338289917446673,0.3445577621459961,2.15754771232605,4,0.0,
fixed,0,1253,1.3299537897109985,0.09234791994094849,0.0010256642708554864,0.3237253427505493,1.4737582206726074,4,0.75,
fixed,0,1254,1.3304409980773926,0.0,0.004448491148650646,0.29260921478271484,1.4204480648040771,4,0.75,
fixed,0,1255,1.7429579496383667,0.03880377486348152,0.0028216976206749678,0.4644275903701782,1.9030989408493042,4,0.75,2.548428535461426
fixed,0,1256,2.6847071647644043,0.039931800216436386,0.004304421134293079,0.24373197555541992,2.779944896697998,4,0.75,
fixed,0,1257,1.2824387550354004,0.0,0.011252576485276222,0.17794036865234375,1.341447114944458,4,0.75,
fixed,0,1258,1.408311367034912,4.669480404118076e-05,0.011124656535685062,0.09669339656829834,1.442905068397522,4,0.25,
fixed,0,1259,1.9113547801971436,0.0,0.004384438507258892,0.0714881420135498,1.9349933862686157,4,0.25,
fixed,0,1260,2.2054145336151123,0.0,0.00028828595532104373,0.31062638759613037,2.2987465858459473,4,0.0,0.7545445561408997
fixed,0,1261,1.680617094039917,0.0,0.01250516064465046,0.11504983901977539,1.7213846445083618,4,0.25,
fixed,0,1262,1.9791117906570435,0.0,0.008309878408908844,0.09291470050811768,2.011141061782837,4,0.25,
fixed,0,1263,1.3244415521621704,0.0,0.030735861510038376,0.06157410144805908,1.3582817316055298,4,0.75,
fixed,0,1264,1.0877751111984253,0.02511105313897133,0.010256694629788399,0.02335047721862793,1.112464189529419,4,0.5,
fixed,0,1265,1.919676423072815,0.018837451934814453,0.009096589870750904,0.05921316146850586,1.9514074325561523,4,0.75,1.3367584943771362
fixed,0,1266,1.8522435426712036,0.0,0.029213229194283485,0.06502211093902588,1.8863568305969238,4,0.75,
fixed,0,1267,1.716255784034729,0.0,0.023355014622211456,0.025599360466003418,1.7356131076812744,4,0.5,
fixed,0,1268,2.756509304046631,0.0,0.0006519104354083538,0.3515089750289917,2.862287998199463,4,0.0,
fixed,0,1269,1.6803207397460938,0.0,0.014306632801890373,0.11536157131195068,1.722082495689392,4,0.25,
fixed,0,1270,1.9446656703948975,0.023607449606060982,0.02161761373281479,0.06330704689025879,1.9862703084945679,4,0.75,1.3852481842041016
fixed,0,1271,0.9723051190376282,0.0,0.043011631816625595,0.10277080535888672,1.0246422290802002,4,0.75,
fixed,0,1272,2.1737287044525146,0.024286992847919464,0.007402593269944191,0.040300726890563965,2.2016637325286865,4,0.5,
fixed,0,1273,1.3963170051574707,0.0,0.03496447578072548,0.14475500583648682,1.4572257995605469,4,1.0,
fixed,0,1274,1.612260341644287,0.02137959934771061,0.01052800752222538,0.0333406925201416,1.6382163763046265,4,0.5,
fixed,0,1275,2.1655611991882324,0.01878386363387108,0.0172418225556612,0.04083526134490967,2.19582462310791,4,0.5,1.0680077075958252
fixed,0,1276,2.0755367279052734,4.885156886302866e-05,0.022852133959531784,0.03151440620422363,2.0964415073394775,4,0.5,
fixed,0,1277,1.386966586112976,0.0,0.03991803526878357,0.10737895965576172,1.4391392469406128,4,0.75,
fixed,0,1278,1.6467639207839966,0.0,0.0010123768588528037,0.44304800033569336,1.7801845073699951,4,0.0,
fixed,0,1279,1.8039079904556274,0.0,0.026074599474668503,0.0355757474899292,1.8276180028915405,4,0.5,
fixed,0,1280,2.7871391773223877,0.032444413751363754,0.00042856717482209206,0.05260157585144043,2.8193562030792236,4,0.5,6.863022327423096
fixed,0,1281,1.3716742992401123,0.0,0.023534342646598816,0.05022883415222168,1.3985100984573364,4,0.5,
fixed,0,1282,1.1851942539215088,0.0,0.010464414954185486,0.1424400806427002,1.2331584692001343,4,0.25,
fixed,0,1283,1.9983141422271729,0.0,0.02308671921491623,0.05442309379577637,2.026184320449829,4,0.5,
fixed,0,1284,2.5205295085906982,0.0,0.015048053115606308,0.037943124771118164,2.5394365787506104,4,0.5,
fixed,0,1285,1.8517159223556519,0.0,0.012617756612598896,0.1314544677734375,1.897461175918579,4,0.25,3.3696787357330322
fixed,0,1286,1.3248612880706787,0.0,0.03251619264483452,0.08169448375701904,1.3656277656555176,4,0.75,
fixed,0,1287,1.0439437627792358,0.0,0.020668718963861465,0.13230204582214355,1.0939687490463257,4,0.75,
fixed,0,1288,1.8049049377441406,0.0,0.01584525965154171,0.04686415195465088,1.826886773109436,4,0.5,
fixed,0,1289,1.4095627069473267,0.0,0.011152200400829315,0.03628659248352051,1.4260247945785522,4,0.25,
fixed,0,1290,1.07361900806427,0.0,0.01504400372505188,0.17031681537628174,1.1322360038757324,4,0.75,5.05787467956543
fixed,0,1291,0.8700717687606812,0.0,0.004266995936632156,0.08251762390136719,0.8969605565071106,4,0.25,
fixed,0,1292,2.4347176551818848,0.0,0.004173383116722107,0.1718500852584839,2.4883594512939453,4,0.0,
fixed,0,1293,1.5240817070007324,1.791932731975976e-06,0.011604690924286842,0.20252788066864014,1.590643286705017,4,0.75,
fixed,0,1294,2.522669792175293,0.0,0.009691823273897171,0.056542158126831055,2.544478416442871,4,0.5,
fixed,0,1295,1.6291300058364868,0.0,0.01007265504449606,0.1430816650390625,1.6770908832550049,3,0.75,3.6508965492248535
fixed,0,1296,1.6115700006484985,0.0,0.006060649175196886,0.07462835311889648,1.636988878250122,4,0.5,
fixed,0,1297,2.068702459335327,2.5954244847525842e-05,0.008601648733019829,0.05346262454986572,2.089055061340332,4,0.5,
fixed,0,1298,1.7585970163345337,0.0,0.0110873281955719,0.20560109615325928,1.825821042060852,4,0.75,
fixed,0,1299,1.5856431722640991,0.03375999256968498,0.007038329727947712,0.19795000553131104,1.665427327156067,4,0.75,
fixed,0,1300,2.159090518951416,0.09260418266057968,0.0037709770258516073,0.406771183013916,2.3293094635009766,4,1.0,11.38497543334961
fixed,0,1301,1.6790906190872192,9.671676707512233e-06,0.01847858540713787,0.05057227611541748,1.7035064697265625,4,0.5,
fixed,0,1302,1.2747471332550049,0.030833933502435684,0.004644155967980623,0.05717349052429199,1.309638261795044,4,0.5,
fixed,0,1303,2.8895936012268066,0.022653013467788696,0.00036326501867733896,0.11243855953216553,2.934833288192749,4,0.25,
fixed,0,1304,2.6299493312835693,0.0,0.015724163502454758,0.05278646945953369,2.6536474227905273,4,0.5,
fixed,0,1305,1.2110586166381836,0.0,0.0009224655223079026,0.3982936143875122,1.331007957458496,4,0.0,1.5497769117355347
fixed,0,1306,2.433178663253784,0.012936808168888092,0.013381186872720718,0.044191598892211914,2.459595203399658,4,0.5,
fixed,0,1307,1.868161916732788,0.0,0.02008107118308544,0.07559013366699219,1.9008795022964478,4,0.25,
fixed,0,1308,1.7566156387329102,0.0,0.005399926099926233,0.23863565921783447,1.8309062719345093,4,0.0,
fixed,0,1309,1.4591734409332275,0.0,0.04759102687239647,0.030463576316833496,1.4921079874038696,4,0.75,
fixed,0,1310,2.785956382751465,0.0,0.03485923260450363,0.024839282035827637,2.810837745666504,4,0.5,7.252109050750732
fixed,0,1311,2.230121374130249,0.0,0.02718091383576393,0.03061509132385254,2.252896308898926,4,0.5,
fixed,0,1312,2.3111636638641357,0.0,0.02049112133681774,0.023220539093017578,2.3283753395080566,4,0.5,
fixed,0,1313,1.321844458580017,0.0,0.023899108171463013,0.029536128044128418,1.342654824256897,4,0.5,
fixed,0,1314,1.6876436471939087,0.029050815850496292,0.010564547032117844,0.03441262245178223,1.7177751064300537,4,0.75,
fixed,0,1315,1.6239970922470093,0.0,0.03397899866104126,0.06633138656616211,1.6608860492706299,4,0.75,8.132476806640625
fixed,0,1316,1.3273541927337646,1.425726804882288e-05,0.025883926078677177,0.03772902488708496,1.3516219854354858,4,0.5,
fixed,0,1317,1.5088529586791992,0.0,0.022350464016199112,0.04318356513977051,1.5329833030700684,4,0.5,
fixed,0,1318,1.3729417324066162,0.0,0.008395225740969181,0.11507368087768555,1.4116615056991577,4,0.25,
fixed,0,1319,2.033921480178833,0.0,0.01644933968782425,0.0560985803604126,2.0589756965637207,4,0.5,
fixed,0,1320,1.7238659858703613,0.019956979900598526,0.00041489486466161907,0.12958025932312012,1.7729259729385376,4,0.25,3.5845367908477783
fixed,0,1321,2.388457775115967,0.0,0.00048121949657797813,0.36536705493927,2.4983084201812744,4,0.0,
fixed,0,1322,2.2826461791992188,0.027409356087446213,0.008485828526318073,0.05554473400115967,2.3172571659088135,4,0.5,
fixed,0,1323,2.77783465385437,0.0,0.00953906774520874,0.09859013557434082,2.812181234359741,4,0.5,
fixed,0,1324,1.462515950202942,0.0,0.007871746085584164,0.08109784126281738,1.4907811880111694,4,0.5,
fixed,0,1325,1.9965112209320068,0.0,0.007125307805836201,0.08809208869934082,2.026501417160034,4,0.5,2.492232322692871
fixed,0,1326,3.109072685241699,0.12438789010047913,0.00041325835627503693,0.09940516948699951,3.2012948989868164,4,0.25,
fixed,0,1327,1.56547212600708,0.0,0.02019326761364937,0.4158731698989868,1.7003307342529297,4,1.0,
fixed,0,1328,1.473462700843811,0.0,0.02110900916159153,0.13413894176483154,1.5242588520050049,4,0.75,
fixed,0,1329,1.9455068111419678,0.0,0.012552258558571339,0.04822707176208496,1.966251015663147,4,0.5,
fixed,0,1330,0.8614746332168579,0.0,0.009536146186292171,0.060808420181274414,0.8844852447509766,4,0.5,3.2188339233398438
fixed,0,1331,1.290799856185913,0.0,0.017420414835214615,0.25518620014190674,1.376065969467163,4,0.75,
fixed,0,1332,0.9610804915428162,0.0,0.023937756195664406,0.11582005023956299,1.0077953338623047,4,0.75,
fixed,0,1333,2.025841474533081,0.0,0.014366473071277142,0.08907163143157959,2.059746265411377,4,0.75,
fixed,0,1334,1.5338647365570068,0.0,0.009599708020687103,0.056619882583618164,1.5556505918502808,4,0.5,
fixed,0,1335,1.9051845073699951,0.019411422312259674,0.011006617918610573,0.11572539806365967,1.9551111459732056,4,0.75,0.880695104598999
fixed,0,1336,1.9371962547302246,0.028720328584313393,0.010634230449795723,0.14896631240844727,2.001563549041748,4,0.75,
fixed,0,1337,1.97959303855896,0.0,0.017837215214967728,0.04441368579864502,2.001835823059082,4,0.5,
fixed,0,1338,1.9272907972335815,0.0,0.00655006431043148,0.09986984729766846,1.9605268239974976,4,0.25,
fixed,0,1339,2.669846773147583,0.0,0.02440546080470085,0.03471684455871582,2.692464590072632,4,0.5,
fixed,0,1340,1.9513452053070068,0.0,0.03461289033293724,0.13458430767059326,2.0090270042419434,4,0.75,8.561823844909668
fixed,0,1341,2.9220340251922607,0.0,0.015803057700395584,0.13667821884155273,2.9709389209747314,4,0.25,
fixed,0,1342,1.8509674072265625,0.0,0.015539659187197685,0.04470670223236084,1.8721492290496826,4,0.5,
fixed,0,1343,2.2605695724487305,0.0,0.018951300531625748,0.04111588001251221,2.2823801040649414,4,0.5,
fixed,0,1344,1.9393188953399658,0.0,0.025295980274677277,0.037033915519714355,1.9630770683288574,4,0.5,
fixed,0,1345,2.138490915298462,0.0,0.01160819549113512,0.051898956298828125,2.159864664077759,4,0.25,3.2700016498565674
fixed,0,1346,0.9899692535400391,0.0,0.02353069745004177,0.20128130912780762,1.0621190071105957,4,0.75,
fixed,0,1347,1.4897162914276123,0.0,0.011395544745028019,0.06662476062774658,1.5154014825820923,4,0.5,
fixed,0,1348,1.695050835609436,0.0,0.012809501960873604,0.06070375442504883,1.7196667194366455,4,0.5,
fixed,0,1349,1.6878058910369873,0.0,0.013615756295621395,0.05396556854248047,1.7108033895492554,4,0.5,
fixed,0,1350,2.295964479446411,0.0,0.01146744191646576,0.07338392734527588,2.3237133026123047,4,0.5,3.886995792388916
fixed,0,1351,1.592707633972168,0.0,0.007487287279218435,0.10377085208892822,1.6275825500488281,4,0.25,
fixed,0,1352,1.6816222667694092,0.0,0.0052465833723545074,0.1134333610534668,1.718275547027588,4,0.25,
fixed,0,1353,1.3163485527038574,0.0,0.002894653705880046,0.09832882881164551,1.347294569015503,4,0.25,
fixed,0,1354,1.4588594436645508,0.03517238050699234,0.00936752650886774,0.172737717628479,1.532950758934021,4,0.75,
fixed,0,1355,1.5665483474731445,0.0342869907617569,0.004752655513584614,0.060303688049316406,1.6041592359542847,4,0.5,2.729457139968872
fixed,0,1356,3.234652519226074,0.0,0.009801287204027176,0.34730100631713867,3.3437435626983643,4,0.75,
fixed,0,1357,1.6847498416900635,0.0,0.01044478453695774,0.22004055976867676,1.7559844255447388,4,0.75,
fixed,0,1358,1.6298260688781738,0.02233763039112091,0.015417234972119331,0.08607840538024902,1.6745270490646362,4,0.75,
fixed,0,1359,1.4732547998428345,0.0,0.009764513932168484,0.0594860315322876,1.4959828853607178,4,0.5,
fixed,0,1360,1.833306908607483,0.0,0.01182557176798582,0.07017040252685547,1.8602708578109741,4,0.5,3.5300168991088867
fixed,0,1361,1.7000259160995483,0.0,0.021050214767456055,0.12399423122406006,1.7477493286132812,4,0.75,
fixed,0,1362,1.5669677257537842,0.0,0.008098876103758812,0.044843435287475586,1.5844701528549194,4,0.25,
fixed,0,1363,1.6561460494995117,0.0,0.012920660898089409,0.05695760250091553,1.6796936988830566,4,0.5,
fixed,0,1364,1.3631809949874878,0.030649825930595398,0.013667652383446693,0.04166102409362793,1.3978379964828491,4,0.5,
fixed,0,1365,2.456739664077759,0.0,0.01954043284058571,0.13719558715820312,2.5076684951782227,4,0.75,6.013177394866943
fixed,0,1366,1.6991546154022217,0.02705741673707962,0.0009447576012462378,0.1295335292816162,1.7520157098770142,4,0.25,
fixed,0,1367,2.8630690574645996,0.0,0.012906491756439209,0.06709718704223633,2.8896515369415283,4,0.5,
fixed,0,1368,1.5392229557037354,0.0,0.017107516527175903,0.04770255088806152,1.5620875358581543,4,0.5,
fixed,0,1369,2.1210062503814697,0.0,0.015110425651073456,0.053136587142944336,2.1445024013519287,4,0.5,
fixed,0,1370,1.1479281187057495,0.01867068186402321,0.02166621759533882,0.1420818567276001,1.2107211351394653,4,0.75,2.1856212615966797
fixed,0,1371,1.8690742254257202,0.0,0.026355404406785965,0.18307161331176758,1.9371733665466309,4,0.75,
fixed,0,1372,1.0964006185531616,0.0,0.010892519727349281,0.15207648277282715,1.1474698781967163,4,0.25,
fixed,0,1373,1.9579402208328247,0.026833223178982735,0.012567361816763878,0.14105725288391113,2.0199577808380127,4,0.75,
fixed,0,1374,1.5298272371292114,0.028455587103962898,0.008582871407270432,0.043114304542541504,1.5612807273864746,4,0.75,
fixed,0,1375,1.4622349739074707,0.0,0.05052711442112923,0.027735352516174316,1.495819091796875,4,0.75,9.719877243041992
fixed,0,1376,2.1075997352600098,0.02153574675321579,0.0046425205655395985,0.05154252052307129,2.1361515522003174,4,0.25,
fixed,0,1377,1.526432991027832,0.0,0.011215315200388432,0.15201497077941895,1.577645182609558,4,0.25,
fixed,0,1378,1.6661860942840576,0.0,0.001300907228142023,0.4628402590751648,1.8056886196136475,4,0.0,
fixed,0,1379,1.6657836437225342,0.0,0.0625198557972908,0.12211155891418457,1.7336770296096802,4,1.0,
fixed,0,1380,1.4263989925384521,0.0,0.022468138486146927,0.04513359069824219,1.451173186302185,4,0.5,5.7943196296691895
fixed,0,1381,2.454852819442749,0.0,0.024830373004078865,0.04038691520690918,2.479384183883667,4,0.5,
fixed,0,1382,2.187218189239502,0.0,0.018387321382761,0.13805854320526123,2.2378294467926025,4,0.25,
fixed,0,1383,1.47859787940979,0.0,0.036580316722393036,0.05434894561767578,1.5131927728652954,4,0.75,
fixed,0,1384,1.953652262687683,6.758092786185443e-05,0.028733473271131516,0.02597939968109131,1.9758466482162476,4,0.5,
fixed,0,1385,1.7779139280319214,0.014806804247200489,0.01310962438583374,0.035616278648376465,1.8025569915771484,4,0.5,0.5847429037094116
fixed,0,1386,1.9790951013565063,0.029812533408403397,0.005657936446368694,0.060579657554626465,2.0150041580200195,4,0.5,
fixed,0,1387,1.1188377141952515,0.0,0.04327818751335144,0.042710304260253906,1.1532899141311646,4,0.75,
fixed,0,1388,1.8058536052703857,0.0001018383409245871,0.009611380286514759,0.04366016387939453,1.8238083124160767,4,0.25,
fixed,0,1389,2.892549753189087,0.0,0.015902666375041008,0.054483652114868164,2.91684627532959,4,0.5,
fixed,0,1390,2.0014102458953857,0.0,0.007054485380649567,0.08393216133117676,2.0301170349121094,4,0.5,2.609787940979004
fixed,0,1391,0.9487858414649963,0.0,0.0062828632071614265,0.04419732093811035,0.9651864767074585,4,0.25,
fixed,0,1392,1.849256992340088,0.03914983198046684,0.00791326817125082,0.08653020858764648,1.8987475633621216,4,0.5,
fixed,0,1393,1.3351929187774658,0.0,0.01753731071949005,0.1804368495941162,1.3980926275253296,4,0.75,
fixed,0,1394,2.4964070320129395,0.03426748886704445,0.0003919409937225282,0.11614847183227539,2.54858136177063,4,0.25,
fixed,0,1395,2.482872486114502,0.0,0.004754348658025265,0.04453706741333008,2.498610734939575,4,0.25,2.113295793533325
fixed,0,1396,1.982419729232788,0.040726594626903534,0.0036117546260356903,0.10628008842468262,2.036473035812378,4,0.5,
fixed,0,1397,1.1018890142440796,0.03961356356739998,0.0006557185552082956,0.10521435737609863,1.1535879373550415,4,0.25,
fixed,0,1398,2.0270068645477295,0.0,0.005200625862926245,0.03759646415710449,2.040886163711548,4,0.25,
fixed,0,1399,1.7117688655853271,0.0,0.013075347989797592,0.20050954818725586,1.7784594297409058,4,0.75,
fixed,0,1400,1.9768790006637573,0.0,0.012108054012060165,0.07206010818481445,2.0045511722564697,4,0.5,3.693692684173584
fixed,0,1401,2.0911037921905518,0.0,0.004869423341006041,0.09311246871948242,2.1214723587036133,4,0.25,
fixed,0,1402,1.3452785015106201,0.0,0.013231557793915272,0.054273128509521484,1.3681762218475342,4,0.25,
fixed,0,1403,1.452892541885376,0.0,0.014703191816806793,0.1837749481201172,1.5153765678405762,4,0.75,
fixed,0,1404,2.5093252658843994,0.03276875987648964,0.008555375039577484,0.19040024280548096,2.5871074199676514,4,0.75,
fixed,0,1405,2.037885904312134,0.0,0.005096654873341322,0.07559359073638916,2.063112258911133,4,0.25,2.105499505996704
fixed,0,1406,2.060235023498535,0.0,0.004768086597323418,0.26944267749786377,2.1434519290924072,4,0.0,
fixed,0,1407,1.220942497253418,0.030899226665496826,0.0003219876089133322,0.0730060338973999,1.2584549188613892,4,0.25,
fixed,0,1408,1.5285654067993164,0.0,0.004768353421241045,0.0718376636505127,1.55250084400177,4,0.25,
fixed,0,1409,0.7105711102485657,2.0892178265174977e-10,0.017335597425699234,0.1514115333557129,0.7646623849868774,4,0.75,
fixed,0,1410,1.6405833959579468,0.0,0.014103268273174763,0.03346705436706543,1.6576751470565796,4,0.5,4.197402477264404
fixed,0,1411,1.7934999465942383,0.0,0.023198556154966354,0.20532917976379395,1.8666980266571045,4,0.75,
fixed,0,1412,1.5047491788864136,0.0,0.012865575961768627,0.047152042388916016,1.5253275632858276,4,0.5,
fixed,0,1413,1.1863075494766235,0.0,0.01065689604729414,0.08705747127532959,1.217753291130066,4,0.25,
fixed,0,1414,1.3850263357162476,0.024598870426416397,0.011505916714668274,0.1380101442337036,1.4444817304611206,4,0.75,
fixed,0,1415,1.5153040885925293,0.0,0.03584401309490204,0.2677645683288574,1.6135554313659668,4,1.0,10.26726245880127
fixed,0,1416,2.7327804565429688,0.0,0.0060999286361038685,0.08434641361236572,2.761134386062622,4,0.25,
fixed,0,1417,2.223008155822754,0.0,0.012591634877026081,0.10802793502807617,2.2617123126983643,4,0.25,
fixed,0,1418,1.6317808628082275,0.0,0.023610243573784828,0.1151282787322998,1.6781244277954102,4,0.75,
fixed,0,1419,2.4841129779815674,0.0,0.007012379355728626,0.09385073184967041,2.5157744884490967,4,0.25,
fixed,0,1420,1.5197111368179321,0.0,0.013546459376811981,0.06057095527648926,1.544655680656433,4,0.5,4.251233100891113
fixed,0,1421,1.7380205392837524,0.0,0.020761577412486076,0.03960680961608887,1.760283350944519,4,0.5,
fixed,0,1422,2.6123108863830566,0.0,0.0002967016480397433,0.3635948896408081,2.7215375900268555,4,0.0,
fixed,0,1423,1.5828816890716553,0.03066420741379261,0.007515295408666134,0.055048227310180664,1.618485927581787,4,0.5,
fixed,0,1424,2.320418119430542,1.8954720871988684e-05,0.014494234696030617,0.039995789527893066,2.3396735191345215,4,0.5,
fixed,0,1425,2.2818117141723633,0.0,0.006497862283140421,0.08433938026428223,2.3103625774383545,4,0.25,2.2349421977996826
fixed,0,1426,0.9987927079200745,0.0,0.014244573190808296,0.04211163520812988,1.0185484886169434,4,0.5,
fixed,0,1427,1.4111460447311401,0.0,0.018509896472096443,0.14854121208190918,1.4649633169174194,4,0.75,
fixed,0,1428,2.176480531692505,0.0,0.005307318642735481,0.07344162464141846,2.2011666297912598,4,0.25,
fixed,0,1429,2.8484506607055664,0.0003326216829009354,0.012808102183043957,0.03679847717285156,2.866060495376587,4,0.5,
fixed,0,1430,1.3495739698410034,0.05950242280960083,0.005058040376752615,0.14816176891326904,1.4263026714324951,4,0.75,6.76703405380249
fixed,0,1431,2.0477488040924072,0.028981439769268036,0.011830173432826996,0.14144563674926758,2.110588312149048,4,0.75,
fixed,0,1432,1.9643014669418335,0.0,0.005721352528780699,0.0818791389465332,1.9917259216308594,4,0.25,
fixed,0,1433,1.7433711290359497,3.820520305453101e-06,0.008353742770850658,0.08746075630187988,1.7737880945205688,4,0.25,
fixed,0,1434,1.682693362236023,0.01822141744196415,0.006188038270920515,0.03780651092529297,1.7062400579452515,4,0.5,
fixed,0,1435,2.1363325119018555,0.0,0.008305485360324383,0.11211884021759033,2.1741209030151367,4,0.25,2.71466326713562
fixed,0,1436,1.7420645952224731,0.02384214662015438,0.007017560303211212,0.05257236957550049,1.7732661962509155,4,0.5,
fixed,0,1437,1.618499755859375,0.0,0.027194809168577194,0.10027360916137695,1.6621792316436768,4,0.75,
fixed,0,1438,2.1671628952026367,0.0,0.009638993069529533,0.11471962928771973,2.2063982486724854,4,0.25,
fixed,0,1439,2.6560351848602295,0.0,0.042189717292785645,0.21886563301086426,2.7427897453308105,4,1.0,
fixed,0,1440,2.3251752853393555,0.0,0.012938829138875008,0.07244527339935303,2.3533782958984375,4,0.5,3.9639461040496826
fixed,0,1441,1.5607266426086426,0.0,0.02289959229528904,0.2019658088684082,1.6327662467956543,4,0.75,
fixed,0,1442,1.397432804107666,0.0,0.007439874112606049,0.1253213882446289,1.4387491941452026,4,0.25,
fixed,0,1443,1.0750538110733032,0.018806710839271545,0.019027989357709885,0.09414052963256836,1.122213363647461,4,0.75,
fixed,0,1444,1.4265353679656982,0.0,0.02884477749466896,0.21020865440368652,1.5040203332901,4,1.0,
fixed,0,1445,1.866477131843567,0.025586964562535286,0.035730764269828796,0.2107539176940918,1.960362195968628,4,1.0,5.260294437408447
fixed,0,1446,1.9196258783340454,0.014190093614161015,0.0006241293158382177,0.1405857801437378,1.9692087173461914,4,0.25,
fixed,0,1447,2.1242728233337402,0.0,0.015936074778437614,0.0684124231338501,2.1527645587921143,4,0.25,
fixed,0,1448,1.5590814352035522,0.015069512650370598,0.041177988052368164,0.13764429092407227,1.6284984350204468,4,1.0,
fixed,0,1449,2.384545087814331,0.022935280576348305,0.0007593471091240644,0.12428581714630127,2.433678150177002,4,0.25,
fixed,0,1450,1.4404066801071167,0.0,0.0411795973777771,0.05431830883026123,1.4772919416427612,4,0.75,10.257394790649414
fixed,0,1451,2.215510129928589,0.0,0.0006856096442788839,0.38827455043792725,2.3323352336883545,4,0.0,
fixed,0,1452,1.3824236392974854,0.015970434993505478,0.010831575840711594,0.03931581974029541,1.4076193571090698,4,0.5,
fixed,0,1453,1.9197496175765991,0.0,0.03518819808959961,0.04083538055419922,1.9495943784713745,4,0.5,
fixed,0,1454,1.3674557209014893,0.0,0.02768111228942871,0.03766214847564697,1.3925949335098267,4,0.5,
fixed,0,1455,2.3246209621429443,0.0,0.02923765778541565,0.03825211524963379,2.350715398788452,4,0.5,6.907628059387207
fixed,0,1456,1.567850112915039,4.901002739643445e-06,0.029449529945850372,0.03720712661743164,1.5937395095825195,4,0.5,
fixed,0,1457,1.7012532949447632,0.016144536435604095,0.009525632485747337,0.03881967067718506,1.7257342338562012,4,0.5,
fixed,0,1458,1.9870115518569946,5.083346081846685e-07,0.02258237451314926,0.039476752281188965,2.010145902633667,4,0.5,
fixed,0,1459,2.157952070236206,0.0,0.02885735034942627,0.15980172157287598,2.2203211784362793,4,0.75,
fixed,0,1460,1.5822980403900146,0.0,0.026140986010432243,0.047627806663513184,1.6096569299697876,4,0.5,6.506296634674072
fixed,0,1461,1.3667218685150146,9.74920794760692e-07,0.006407851818948984,0.3261079788208008,1.4677586555480957,4,0.0,
fixed,0,1462,1.9314919710159302,0.0,0.022393865510821342,0.14066505432128906,1.9848884344100952,4,0.75,
fixed,0,1463,1.0645194053649902,0.025219222530722618,0.009610297158360481,0.18598389625549316,1.137729287147522,4,0.75,
fixed,0,1464,1.6982015371322632,0.019756536930799484,0.008671404793858528,0.05141425132751465,1.7278398275375366,4,0.5,
fixed,0,1465,1.1420825719833374,0.03048161417245865,0.011500407010316849,0.18699562549591064,1.2191722393035889,4,0.75,1.196189045906067
fixed,0,1466,1.0249415636062622,0.0,0.005225242115557194,0.11819922924041748,1.0630139112472534,4,0.25,
fixed,0,1467,0.9495096802711487,0.0,0.008001100271940231,0.12163019180297852,0.9899992942810059,4,0.25,
fixed,0,1468,1.824918270111084,0.0,0.0011222166940569878,0.3888131380081177,1.942123293876648,4,0.0,
fixed,0,1469,2.5743865966796875,0.019340399652719498,0.005676979199051857,0.06545913219451904,2.6065330505371094,4,0.5,
fixed,0,1470,2.230153799057007,0.0,0.006601317320019007,0.09672510623931885,2.262471914291382,4,0.25,2.4307918548583984
fixed,0,1471,1.813340663909912,0.0,0.017359746620059013,0.048325538635253906,1.8365181684494019,4,0.5,
fixed,0,1472,1.475717306137085,0.026885611936450005,0.0182688906788826,0.12507247924804688,1.5358163118362427,4,0.75,
fixed,0,1473,2.04282283782959,0.0,0.018122123554348946,0.03913223743438721,2.0636236667633057,4,0.5,
fixed,0,1474,1.917657732963562,0.0,0.016291586682200432,0.05972015857696533,1.9437196254730225,4,0.5,
fixed,0,1475,1.3688673973083496,0.0,0.024242134764790535,0.13074374198913574,1.4202115535736084,4,0.75,7.505307197570801
fixed,0,1476,1.202128291130066,4.728070052806288e-05,0.010513562709093094,0.06073880195617676,1.2256304025650024,4,0.5,
fixed,0,1477,1.2386019229888916,0.03308022394776344,0.017513206228613853,0.1358780860900879,1.3046621084213257,4,0.75,
fixed,0,1478,1.806257963180542,0.0,0.01303202472627163,0.0642540454864502,1.8320502042770386,4,0.5,
fixed,0,1479,1.5562723875045776,0.025101542472839355,0.01042848452925682,0.15842986106872559,1.6215664148330688,4,0.75,
fixed,0,1480,2.0299229621887207,0.0,0.010482968762516975,0.054706692695617676,2.0515763759613037,4,0.25,3.0836145877838135
fixed,0,1481,2.918477773666382,0.0,0.0030650999397039413,0.2753279209136963,3.0026087760925293,4,0.0,
fixed,0,1482,2.082707643508911,0.0,0.02989243157207966,0.1043010950088501,2.128944158554077,4,0.75,
fixed,0,1483,2.6818923950195312,0.014207110740244389,0.01360149122774601,0.10525298118591309,2.727372646331787,4,0.75,
fixed,0,1484,1.990718960762024,0.0,0.0032062239479273558,0.2843337059020996,2.077622175216675,4,0.0,
fixed,0,1485,2.3266048431396484,0.0,0.008293287828564644,0.3193516731262207,2.4265570640563965,4,0.0,3.7758567333221436
fixed,0,1486,1.8873919248580933,0.00010790005762828514,0.008430253714323044,0.04974329471588135,1.9065840244293213,4,0.25,
fixed,0,1487,2.1295852661132812,0.0,0.03438017889857292,0.2765219211578369,2.229732036590576,4,1.0,
fixed,0,1488,1.5231901407241821,0.0,0.03214126080274582,0.10468411445617676,1.570665955543518,4,0.75,
fixed,0,1489,1.8970024585723877,0.027612945064902306,0.011638793163001537,0.0632622241973877,1.9356069564819336,4,0.5,
fixed,0,1490,1.5746172666549683,0.0,0.016612842679023743,0.05670642852783203,1.5999356508255005,4,0.5,4.926682949066162
fixed,0,1491,1.9709858894348145,0.0,0.0006447120103985071,0.37701869010925293,2.084413766860962,4,0.0,
fixed,0,1492,1.677952527999878,0.0,0.025220487266778946,0.04444575309753418,1.7038965225219727,4,0.5,
fixed,0,1493,1.631609559059143,0.017503919079899788,0.009262103587388992,0.03759646415710449,1.6562714576721191,4,0.5,
fixed,0,1494,2.2809739112854004,0.0,0.0022783989552408457,0.2374897003173828,2.3533599376678467,4,0.0,
fixed,0,1495,2.0206453800201416,0.0,0.017997806891798973,0.040967345237731934,2.0419344902038574,4,0.5,5.018839359283447
fixed,0,1496,1.827508807182312,0.0,0.018582893535494804,0.0372462272644043,1.8479740619659424,4,0.5,
fixed,0,1497,1.3557170629501343,0.0,0.009932119399309158,0.059107184410095215,1.3784152269363403,4,0.25,
fixed,0,1498,1.9231795072555542,0.0,0.02583809196949005,0.10092544555664062,1.9663761854171753,4,0.75,
fixed,0,1499,2.900520086288452,0.0,0.008939869701862335,0.10583865642547607,2.936741590499878,4,0.25,
fixed,0,1500,1.5504060983657837,0.0,0.004642680287361145,0.033165931701660156,1.562677264213562,4,0.25,2.027216672897339
fixed,0,1501,1.3602007627487183,0.0,0.009366349317133427,0.07834935188293457,1.388388752937317,4,0.5,
fixed,0,1502,2.008549213409424,0.024647215381264687,0.0004823505296371877,0.10030794143676758,2.051206350326538,4,0.25,
fixed,0,1503,1.6670159101486206,0.0,0.01274371799081564,0.04791998863220215,1.6877638101577759,4,0.5,
fixed,0,1504,1.343117594718933,0.03379468247294426,0.00913950428366661,0.18330979347229004,1.4195775985717773,4,0.75,
fixed,0,1505,1.4202401638031006,0.002418824937194586,0.010597486048936844,0.24856960773468018,1.501319169998169,4,0.75,3.8486528396606445
fixed,0,1506,1.8929849863052368,0.0,0.013218417763710022,0.05478978157043457,1.9160311222076416,4,0.5,
fixed,0,1507,1.397087812423706,0.0,0.008380595594644547,0.11965596675872803,1.437174916267395,4,0.25,
fixed,0,1508,1.9668992757797241,0.0,0.006582799833267927,0.12117457389831543,2.0065431594848633,4,0.25,
fixed,0,1509,2.0825023651123047,0.07142704725265503,0.001566151506267488,0.08368432521820068,2.144104242324829,4,0.5,
fixed,0,1510,1.2682551145553589,0.0,0.015468375757336617,0.16504120826721191,1.3255016803741455,4,0.75,5.279167175292969
fixed,0,1511,1.1746717691421509,0.0,0.017148220911622047,0.155936598777771,1.2300268411636353,4,0.75,
fixed,0,1512,1.5165717601776123,0.03481544554233551,0.006635467521846294,0.06828832626342773,1.5577837228775024,4,0.5,
fixed,0,1513,2.376786947250366,0.0,0.0056099421344697475,0.1309584379196167,2.418879508972168,4,0.25,
fixed,0,1514,2.3365566730499268,0.0,0.014548473991453648,0.07115495204925537,2.3651773929595947,4,0.5,
fixed,0,1515,1.8449065685272217,0.023213587701320648,0.007886338047683239,0.053113698959350586,1.8763906955718994,4,0.5,2.159937620162964
fixed,0,1516,2.361417293548584,0.02862377092242241,0.0073883021250367165,0.060710787773132324,2.397636651992798,4,0.5,
fixed,0,1517,1.7043848037719727,0.02809588611125946,0.009389628656208515,0.059017181396484375,1.7408326864242554,4,0.5,
fixed,0,1518,2.2077925205230713,0.0,0.011510789394378662,0.12792468070983887,2.251925230026245,4,0.25,
fixed,0,1519,1.1878019571304321,0.0,0.0183307696133852,0.041533589363098145,1.2094274759292603,4,0.5,
fixed,0,1520,1.4474897384643555,0.01921379193663597,0.012708337977528572,0.043924927711486816,1.476628303527832,4,0.5,0.8109487295150757
fixed,0,1521,1.5090620517730713,0.0,0.009227312169969082,0.10353314876556396,1.5447356700897217,4,0.25,
fixed,0,1522,1.780238389968872,0.02244371920824051,0.0004656960372813046,0.10666990280151367,1.823694109916687,4,0.25,
fixed,0,1523,1.9830602407455444,0.027833115309476852,0.010718701407313347,0.046380043029785156,2.0162501335144043,4,0.5,
fixed,0,1524,2.047154664993286,0.022703567519783974,0.025419868528842926,0.06160783767700195,2.0896987915039062,4,0.75,
fixed,0,1525,1.815763235092163,0.0,0.02134978212416172,0.03940987586975098,1.8382611274719238,4,0.5,5.661861896514893
fixed,0,1526,1.0054792165756226,0.0,0.015380095690488815,0.08469760417938232,1.0385785102844238,4,0.25,
fixed,0,1527,2.646059274673462,0.0,0.012618908658623695,0.13736295700073242,2.693577527999878,4,0.25,
fixed,0,1528,1.8506029844284058,0.011357451789081097,0.024285126477479935,0.03764843940734863,1.8797187805175781,4,0.75,
fixed,0,1529,2.4682235717773438,0.017736664041876793,0.033026378601789474,0.18828463554382324,2.5500905513763428,4,1.0,
fixed,0,1530,1.9607683420181274,0.027499910444021225,0.015243320725858212,0.03946554660797119,1.993979573249817,4,0.75,3.1475484371185303
fixed,0,1531,2.3438799381256104,0.0,0.037803471088409424,0.07120895385742188,2.3841443061828613,4,0.75,
fixed,0,1532,1.4777717590332031,0.0,0.02338751032948494,0.0608057975769043,1.5077072381973267,4,0.5,
fixed,0,1533,1.2624319791793823,0.0,0.020255837589502335,0.09425127506256104,1.3008352518081665,4,0.25,
fixed,0,1534,2.2725465297698975,0.020764866843819618,0.02902710624039173,0.06783640384674072,2.317793369293213,4,0.75,
fixed,0,1535,1.9439847469329834,0.010125979781150818,0.0013315870892256498,0.19072258472442627,2.006930351257324,4,0.25,3.0444560050964355
fixed,0,1536,1.4378291368484497,0.010404504835605621,0.05045321211218834,0.11224806308746338,1.5019323825836182,4,1.0,
fixed,0,1537,1.195007085800171,0.0,0.041646577417850494,0.07472348213195801,1.2382473945617676,4,0.75,
fixed,0,1538,1.9663589000701904,0.0,0.0020246561616659164,0.4233483076095581,2.0943756103515625,4,0.0,
fixed,0,1539,1.8637161254882812,0.0,0.01686820574104786,0.16029059886932373,1.920237421989441,4,0.25,
fixed,0,1540,1.2616219520568848,0.0,0.02343597263097763,0.06277704238891602,1.2921730279922485,4,0.5,6.411377429962158
fixed,0,1541,1.2463263273239136,0.0,0.012961465865373611,0.04912900924682617,1.2675458192825317,4,0.25,
fixed,0,1542,1.4870513677597046,0.0,0.018937334418296814,0.05835092067718506,1.514025330543518,4,0.5,
fixed,0,1543,0.5855898857116699,0.0,0.02963291108608246,0.35750603675842285,0.7076581716537476,4,1.0,
fixed,0,1544,0.9529502391815186,0.0,0.02763235941529274,0.11956262588500977,1.0026352405548096,4,0.75,
fixed,0,1545,2.0380852222442627,0.019321711733937263,0.028591856360435486,0.24526512622833252,2.1356215476989746,4,1.0,4.096091270446777
fixed,0,1546,1.6049240827560425,0.0,0.028915023431181908,0.3553805351257324,1.7259957790374756,4,1.0,
fixed,0,1547,1.8154230117797852,0.0,0.029307646676898003,0.3396580219268799,1.9319742918014526,4,1.0,
fixed,0,1548,2.165783643722534,0.020939573645591736,0.020677097141742706,0.0833885669708252,2.211608648300171,4,0.75,
fixed,0,1549,1.591452956199646,0.0,0.027422470971941948,0.10130894184112549,1.635556936264038,4,0.75,
fixed,0,1550,1.267990231513977,0.0,0.006972303614020348,0.05852937698364258,1.2890352010726929,4,0.25,2.2212839126586914
fixed,0,1551,0.7932751774787903,0.0,0.021850965917110443,0.026155471801757812,0.8120473027229309,4,0.5,
fixed,0,1552,1.1443883180618286,0.018247414380311966,0.020205598324537277,0.08007323741912842,1.1876368522644043,4,0.75,
fixed,0,1553,1.313830018043518,0.0,0.045591942965984344,0.21387529373168945,1.4007885456085205,4,1.0,
fixed,0,1554,1.8964447975158691,0.0,0.02746451459825039,0.03471219539642334,1.9205907583236694,4,0.5,
fixed,0,1555,1.4788997173309326,0.0,0.02044462412595749,0.05143547058105469,1.5045527219772339,4,0.5,5.780239582061768
fixed,0,1556,1.4705909490585327,0.0,0.03826603293418884,0.06998753547668457,1.5107202529907227,4,0.75,
fixed,0,1557,1.5214930772781372,0.0,0.01213071122765541,0.10624814033508301,1.559432864189148,4,0.25,
fixed,0,1558,1.3084853887557983,0.0,0.028613947331905365,0.13655054569244385,1.3637574911117554,4,0.5,
fixed,0,1559,1.3369930982589722,0.0,0.012611142359673977,0.1345897912979126,1.3836755752563477,4,0.25,
fixed,0,1560,1.5446563959121704,0.0,0.040858834981918335,0.24794471263885498,1.6394692659378052,4,1.0,11.22315502166748
fixed,0,1561,0.8161678910255432,0.0,0.017992805689573288,0.05705976486206055,0.842282235622406,4,0.5,
fixed,0,1562,2.1072943210601807,0.0,0.018185215070843697,0.056555986404418945,2.1333537101745605,4,0.5,
fixed,0,1563,1.7877446413040161,0.018060943111777306,0.007345434743911028,0.06879913806915283,1.8210875988006592,4,0.5,
fixed,0,1564,1.8552649021148682,0.0,0.02592821791768074,0.06973719596862793,1.8891501426696777,4,0.5,
fixed,0,1565,0.7844657897949219,0.02589600346982479,0.029454171657562256,0.2632482051849365,0.8911153078079224,4,1.0,3.9507033824920654
fixed,0,1566,1.6772297620773315,0.016988052055239677,0.021839942783117294,0.09518051147460938,1.7251979112625122,4,0.75,
fixed,0,1567,2.136596202850342,0.0,0.007925394922494888,0.15719640254974365,2.187717914581299,4,0.25,
fixed,0,1568,1.9083729982376099,0.043387897312641144,0.010184740647673607,0.15438544750213623,1.9814749956130981,4,0.75,
fixed,0,1569,2.1469907760620117,0.04483746737241745,0.015493981540203094,0.08139693737030029,2.201575517654419,4,0.75,
fixed,0,1570,1.8108785152435303,0.0,0.03028622642159462,0.07482147216796875,1.8484680652618408,4,0.5,6.8192291259765625
fixed,0,1571,1.6998661756515503,0.0,0.010334313847124577,0.1455782651901245,1.7487068176269531,4,0.25,
fixed,0,1572,1.5329251289367676,0.0,0.009183596819639206,0.15094506740570068,1.5828003883361816,4,0.25,
fixed,0,1573,1.7952723503112793,0.0,0.02425612136721611,0.08241569995880127,1.8321250677108765,4,0.5,
fixed,0,1574,2.0243618488311768,0.013637620955705643,0.02667871117591858,0.06542778015136719,2.064148426055908,4,0.75,
fixed,0,1575,2.073683500289917,0.0,0.021680476143956184,0.06254220008850098,2.1032865047454834,4,0.5,6.020220756530762
fixed,0,1576,2.6791045665740967,0.0,0.013151865452528,0.1320127248764038,2.7252843379974365,4,0.25,
fixed,0,1577,0.985747218132019,0.0,0.02700035832822323,0.17067527770996094,1.0504499673843384,4,0.5,
fixed,0,1578,1.8662002086639404,0.0,0.04803980141878128,0.20651769638061523,1.9521753787994385,4,1.0,
fixed,0,1579,2.3956077098846436,0.0,0.01687992922961712,0.057627201080322266,2.4213359355926514,4,0.5,
fixed,0,1580,1.2734895944595337,0.02110131084918976,0.0130532905459404,0.04157876968383789,1.3030405044555664,4,0.5,0.9744870662689209
fixed,0,1581,1.3772201538085938,0.027137598022818565,0.00011891963367816061,0.0810251235961914,1.4151560068130493,4,0.25,
fixed,0,1582,1.3848260641098022,0.0,0.018005209043622017,0.05851089954376221,1.4113819599151611,4,0.5,
fixed,0,1583,1.5955148935317993,0.0,0.016426360234618187,0.055547475814819336,1.6203923225402832,4,0.5,
fixed,0,1584,3.3195114135742188,4.806736910722975e-07,0.01576608046889305,0.04089498519897461,3.33966326713562,4,0.5,
fixed,0,1585,1.7624242305755615,0.0,0.02590075694024563,0.11556351184844971,1.8100436925888062,4,0.75,7.851686000823975
fixed,0,1586,1.233319878578186,2.4498140192008577e-06,0.02086152695119381,0.14827799797058105,1.2882353067398071,4,0.75,
fixed,0,1587,1.7757046222686768,0.06439655274152756,0.00905282236635685,0.16325902938842773,1.8614070415496826,4,0.75,
fixed,0,1588,1.1724576950073242,0.052847884595394135,0.0056534456089138985,0.1430211067199707,1.2446147203445435,4,0.75,
fixed,0,1589,1.9969650506973267,4.652613085909252e-07,0.009797719307243824,0.09911668300628662,2.0315990447998047,4,0.25,
fixed,0,1590,2.1051347255706787,0.0,0.005352473817765713,0.10060381889343262,2.1379921436309814,4,0.25,2.026663064956665
fixed,0,1591,2.3325490951538086,0.0,0.02868829295039177,0.04821205139160156,2.3613569736480713,4,0.5,
fixed,0,1592,1.7937341928482056,0.01953490450978279,0.008680467493832111,0.05418968200683594,1.824098825454712,4,0.5,
fixed,0,1593,1.0900859832763672,0.0,0.011155680753290653,0.12015664577484131,1.1317107677459717,4,0.25,
fixed,0,1594,1.1471683979034424,0.037612706422805786,0.00853440910577774,0.08820474147796631,1.1967034339904785,4,0.75,
fixed,0,1595,2.4693562984466553,0.0,0.01974831521511078,0.05394911766052246,2.495415210723877,4,0.5,5.903778553009033
fixed,0,1596,1.8113508224487305,0.0,0.0433407761156559,0.09127092361450195,1.8604024648666382,4,0.75,
fixed,0,1597,2.092442512512207,0.0,0.04707953706383705,0.0511782169342041,2.131335735321045,4,0.75,
fixed,0,1598,2.0686581134796143,0.0,0.03173711895942688,0.15229320526123047,2.1302146911621094,4,0.5,
fixed,0,1599,2.3292126655578613,0.01614266075193882,0.02986874431371689,0.06244766712188721,2.370952606201172,4,0.75,
fixed,0,1600,1.693522334098816,0.0,0.03870052471756935,0.07903003692626953,1.736581563949585,4,0.75,10.446215629577637
fixed,0,1601,2.375911235809326,0.0,0.001959610963240266,0.24406719207763672,2.450111150741577,4,0.0,
fixed,0,1602,1.485778570175171,0.03898751735687256,0.010829215869307518,0.09646916389465332,1.5396276712417603,4,0.75,
fixed,0,1603,1.097568154335022,0.0,0.01339203491806984,0.06928896903991699,1.1250509023666382,3,0.25,
fixed,0,1604,1.761580228805542,0.013598925434052944,0.031922467052936554,0.2300891876220703,1.8533676862716675,4,1.0,
fixed,0,1605,1.3416067361831665,0.0,0.026030126959085464,0.056867003440856934,1.3716819286346436,4,0.5,7.050088882446289
fixed,0,1606,1.3020460605621338,0.0,0.042949408292770386,0.07366681098937988,1.34562087059021,4,0.75,
fixed,0,1607,1.7904481887817383,0.0,0.024384532123804092,0.053074002265930176,1.818562626838684,4,0.5,
fixed,0,1608,1.5922764539718628,0.0,0.0015594855649396777,0.2126866579055786,1.6568621397018433,4,0.0,
fixed,0,1609,1.6533273458480835,0.0,0.018523521721363068,0.058350324630737305,1.6800942420959473,4,0.5,
fixed,0,1610,1.1578994989395142,0.0,0.02250518649816513,0.06009697914123535,1.1871812343597412,4,0.5,6.439532279968262
fixed,0,1611,2.6451051235198975,0.0,0.008367691189050674,0.03113102912902832,2.658628225326538,4,0.25,
fixed,0,1612,0.9805453419685364,0.058415405452251434,0.00013010911061428487,0.07239377498626709,1.0315362215042114,4,0.5,
fixed,0,1613,3.0536131858825684,0.0,0.006570909637957811,0.11128950119018555,3.090285539627075,4,0.25,
fixed,0,1614,1.094764232635498,0.023959247395396233,0.006082576233893633,0.07463479042053223,1.1321755647659302,4,0.5,
fixed,0,1615,2.2329189777374268,0.020573463290929794,0.005572290159761906,0.06991410255432129,2.2669661045074463,4,0.5,2.6693224906921387
fixed,0,1616,0.8681675791740417,0.0,0.018677573651075363,0.17375826835632324,0.9296338558197021,4,0.75,
fixed,0,1617,0.7598206996917725,0.0,0.01980384811758995,0.15719366073608398,0.8168807029724121,4,0.75,
fixed,0,1618,2.0762083530426025,0.0,0.018047921359539032,0.05475258827209473,2.1016581058502197,4,0.5,
fixed,0,1619,1.3020250797271729,0.0,0.025333624333143234,0.13215351104736328,1.3543379306793213,4,0.75,
fixed,0,1620,1.918757438659668,0.0,0.009282916784286499,0.04760932922363281,1.9376816749572754,4,0.25,3.208275556564331
fixed,0,1621,2.6275668144226074,0.017314504832029343,0.015357118099927902,0.18471872806549072,2.6993181705474854,4,0.75,
fixed,0,1622,2.8526952266693115,9.771290478965966e-07,0.017677053809165955,0.06010425090789795,2.879565477371216,4,0.5,
fixed,0,1623,1.6844990253448486,0.0,0.009890303015708923,0.13642501831054688,1.7303717136383057,4,0.25,
fixed,0,1624,0.8271383047103882,0.023708900436758995,0.0007081596413627267,0.1407010555267334,0.8815571665763855,4,0.25,
fixed,0,1625,2.380786895751953,0.020716305822134018,0.020433388650417328,0.0992577075958252,2.4311389923095703,4,0.75,1.5194292068481445
fixed,0,1626,1.8690857887268066,0.01785818301141262,0.02046196535229683,0.0846637487411499,1.9136450290679932,4,0.75,
fixed,0,1627,1.8711416721343994,0.0,0.03841325640678406,0.056582093238830566,1.907322883605957,4,0.5,
fixed,0,1628,1.5620583295822144,0.0,0.014870981685817242,0.14275312423706055,1.6123197078704834,4,0.25,
fixed,0,1629,2.2121896743774414,0.0,0.02605264075100422,0.050557613372802734,2.2403833866119385,4,0.5,
fixed,0,1630,1.1128618717193604,1.1190106619096696e-07,0.020571045577526093,0.03214836120605469,1.1327919960021973,4,0.5,5.390397548675537
fixed,0,1631,1.6839056015014648,0.01876276172697544,0.010135915130376816,0.04082536697387695,1.7106025218963623,4,0.5,
fixed,0,1632,1.0634621381759644,0.0,0.037703461945056915,0.2363734245300293,1.1532258987426758,4,1.0,
fixed,0,1633,1.7369357347488403,0.0,0.014678914099931717,0.04096817970275879,1.7565656900405884,4,0.5,
fixed,0,1634,2.3353655338287354,0.025409648194909096,0.008993228897452354,0.03773999214172363,2.36388897895813,4,0.5,
fixed,0,1635,1.1057249307632446,0.0,0.018518976867198944,0.0410538911819458,1.1273006200790405,4,0.5,5.261061191558838
fixed,0,1636,1.2216136455535889,0.0,0.015579484403133392,0.04844045639038086,1.2439355850219727,4,0.5,
fixed,0,1637,2.0694868564605713,0.022824954241514206,0.015350821428000927,0.10491061210632324,2.1200480461120605,4,0.75,
fixed,0,1638,1.2029390335083008,0.025966962799429893,0.013544514775276184,0.12605774402618408,1.260512113571167,4,0.75,
fixed,0,1639,2.168952703475952,0.01840462163090706,0.018864378333091736,0.07507336139678955,2.210109233856201,4,0.75,
fixed,0,1640,2.0532240867614746,0.0,0.011855737306177616,0.10668027400970459,2.091156005859375,4,0.25,3.12463641166687
fixed,0,1641,1.9249985218048096,0.0,0.006017446983605623,0.10438930988311768,1.9593240022659302,4,0.25,
fixed,0,1642,3.158205032348633,0.0,0.022507522255182266,0.12185323238372803,3.20601487159729,4,0.75,
fixed,0,1643,0.8499627709388733,0.0,0.007620744872838259,0.12538433074951172,0.8913884162902832,4,0.25,
fixed,0,1644,1.7530030012130737,0.0,0.02602110244333744,0.1082608699798584,1.7984918355941772,4,0.75,
fixed,0,1645,2.0641584396362305,0.016189586371183395,0.03274289146065712,0.179548978805542,2.142489433288574,4,1.0,4.72372579574585
fixed,0,1646,2.0893983840942383,0.0,0.02734043076634407,0.18733465671539307,2.159269094467163,4,0.75,
fixed,0,1647,2.0485851764678955,0.0,0.017169693484902382,0.05444073677062988,2.0735023021698,4,0.5,
fixed,0,1648,1.9528006315231323,0.022209230810403824,0.010142835788428783,0.06501471996307373,1.988481044769287,4,0.5,
fixed,0,1649,1.407137393951416,0.0,0.03302203118801117,0.0904320478439331,1.4507780075073242,4,0.75,
fixed,0,1650,2.178734064102173,0.0,0.002854844555258751,0.25898468494415283,2.257856845855713,4,0.0,2.188957452774048
fixed,0,1651,1.3979084491729736,0.017854120582342148,0.02080729231238365,0.06543993949890137,1.4368711709976196,4,0.5,
fixed,0,1652,1.7568323612213135,0.0,0.027448732405900955,0.10728931427001953,1.8027435541152954,4,0.75,
fixed,0,1653,2.051913261413574,0.0,0.010105101391673088,0.1395963430404663,2.0988447666168213,4,0.25,
fixed,0,1654,2.1227965354919434,0.03542298823595047,0.0011882171966135502,0.04161524772644043,2.1535866260528564,4,0.5,
fixed,0,1655,1.1150578260421753,0.027639981359243393,0.022636983543634415,0.32309436798095703,1.2371246814727783,4,1.0,2.670766592025757
fixed,0,1656,1.9233349561691284,0.0,0.0170387364923954,0.07208871841430664,1.9534809589385986,4,0.5,
fixed,0,1657,1.5176331996917725,0.0,0.0230525154620409,0.07080161571502686,1.550399899482727,4,0.5,
fixed,0,1658,2.068890333175659,0.0,0.03485048562288284,0.08791327476501465,2.11268949508667,4,0.75,
fixed,0,1659,1.3545186519622803,0.0,0.03696037083864212,0.2581998109817505,1.4504587650299072,4,1.0,
fixed,0,1660,2.0185956954956055,0.0,0.016885414719581604,0.1527928113937378,2.072876214981079,4,0.25,4.365039348602295
fixed,0,1661,1.5317436456680298,0.0,0.009343343786895275,0.10984218120574951,1.5693680047988892,4,0.25,
fixed,0,1662,1.2884491682052612,0.0,0.018868153914809227,0.052645206451416016,1.3136768341064453,4,0.5,
fixed,0,1663,1.230514407157898,0.022657806053757668,0.019992470741271973,0.03838181495666504,1.2633540630340576,4,0.5,
fixed,0,1664,2.3865621089935303,0.0,0.030343487858772278,0.08474588394165039,2.4271576404571533,4,0.75,
fixed,0,1665,2.5577471256256104,0.0,0.0003844443999696523,0.11010777950286865,2.5909717082977295,4,0.25,0.9201648831367493
fixed,0,1666,0.7988773584365845,0.0,0.03302145004272461,0.281205415725708,0.8997496962547302,4,1.0,
fixed,0,1667,1.0232741832733154,0.02294328063726425,0.008586263284087181,0.22880220413208008,1.1076796054840088,4,0.5,
fixed,0,1668,2.1044700145721436,0.026907147839665413,0.010294821113348007,0.0401606559753418,2.1351191997528076,4,0.5,
fixed,0,1669,3.038431167602539,0.0,0.02160676196217537,0.03186070919036865,3.05879282951355,4,0.5,
fixed,0,1670,1.7850927114486694,0.0,0.014353044331073761,0.04748654365539551,1.8065152168273926,4,0.5,4.576258659362793
fixed,0,1671,1.4445784091949463,4.846132469538134e-06,0.022440236061811447,0.12749290466308594,1.494048833847046,4,0.75,
fixed,0,1672,1.6733288764953613,0.023837517946958542,0.016322076320648193,0.11338412761688232,1.727423906326294,4,0.75,
fixed,0,1673,0.8478844165802002,0.0,0.020167667418718338,0.16568422317504883,0.9076735377311707,4,0.5,
fixed,0,1674,1.379172682762146,0.0,0.03349118307232857,0.1590132713317871,1.4436222314834595,4,0.75,
fixed,0,1675,2.2458908557891846,0.0,0.017216838896274567,0.05792844295501709,2.2718777656555176,4,0.5,5.147677421569824
fixed,0,1676,1.6485320329666138,0.01229072455316782,0.023981500416994095,0.06140899658203125,1.6850908994674683,4,0.75,
fixed,0,1677,1.2770949602127075,0.0,0.033992063254117966,0.30271685123443604,1.3849060535430908,4,1.0,
fixed,0,1678,2.4131956100463867,0.0,0.030454184859991074,0.06343841552734375,2.4474542140960693,4,0.5,
fixed,0,1679,1.9099963903427124,0.02433374710381031,0.02572748251259327,0.09472930431365967,1.963445782661438,4,0.75,
fixed,0,1680,1.5276238918304443,0.0,0.039844196289777756,0.07974457740783691,1.5714693069458008,4,0.75,10.115545272827148
fixed,0,1681,0.9755197167396545,0.0,0.019372139126062393,0.07895588874816895,1.00889253616333,4,0.5,
fixed,0,1682,1.9480115175247192,0.0,0.02905759960412979,0.10617566108703613,1.994392991065979,4,0.75,
fixed,0,1683,1.911275029182434,0.01485072448849678,0.01606057584285736,0.11222004890441895,1.960396647453308,4,0.75,
fixed,0,1684,2.953941583633423,0.0,0.02559894137084484,0.08392369747161865,2.9919180870056152,4,0.5,
fixed,0,1685,0.8598669767379761,0.0,0.002174332272261381,0.282840371131897,0.9458062648773193,4,0.0,1.7806895971298218
fixed,0,1686,1.8598711490631104,0.02520744875073433,0.0010517967166379094,0.1564021110534668,1.9199213981628418,4,0.25,
fixed,0,1687,2.2745611667633057,0.024687694385647774,0.030667506158351898,0.26517271995544434,2.3817906379699707,4,1.0,
fixed,0,1688,1.0621176958084106,0.0,0.029603004455566406,0.09931695461273193,1.1067142486572266,4,0.75,
fixed,0,1689,2.9835145473480225,0.0,0.032806333154439926,0.02510547637939453,3.0074493885040283,4,0.5,
fixed,0,1690,1.2179899215698242,0.0,0.010920391418039799,0.13527584075927734,1.2640328407287598,4,0.25,3.145688533782959
fixed,0,1691,1.88001549243927,0.0,0.03451445326209068,0.07997524738311768,1.9212652444839478,4,0.75,
fixed,0,1692,1.1091270446777344,0.0,0.01887540891766548,0.05403447151184082,1.1347750425338745,4,0.5,
fixed,0,1693,1.232266902923584,0.0,0.04361674562096596,0.053975582122802734,1.2702679634094238,4,0.75,
fixed,0,1694,1.3002568483352661,0.018509777262806892,0.008964255452156067,0.033908724784851074,1.3241665363311768,4,0.5,
fixed,0,1695,1.216212511062622,9.516871614323463e-06,0.01832808367908001,0.031584978103637695,1.2348568439483643,4,0.5,5.202763557434082
fixed,0,1696,2.030888795852661,0.0,0.012216688133776188,0.05082392692565918,2.0522444248199463,4,0.25,
fixed,0,1697,1.7960654497146606,0.0,0.02237505465745926,0.11996626853942871,1.843242883682251,4,0.75,
fixed,0,1698,2.456735134124756,0.0,0.015246478840708733,0.06894922256469727,2.4850430488586426,4,0.25,
fixed,0,1699,1.27930748462677,0.0,0.006714778486639261,0.0901174545288086,1.3097001314163208,4,0.25,
fixed,0,1700,2.5399892330169678,0.02222084254026413,0.024508589878678322,0.2679177522659302,2.6437292098999023,4,1.0,3.0984435081481934
fixed,0,1701,2.160531520843506,0.0,0.012673052959144115,0.05396699905395508,2.183058261871338,4,0.25,
fixed,0,1702,1.930690884590149,0.0,0.015202540904283524,0.06541156768798828,1.9579156637191772,4,0.5,
fixed,0,1703,2.52705454826355,0.020674342289566994,0.005683119874447584,0.05168437957763672,2.555738687515259,4,0.5,
fixed,0,1704,1.4056657552719116,0.0,0.031045060604810715,0.3185739517211914,1.5167604684829712,4,1.0,
fixed,0,1705,2.10619854927063,0.0,0.015910083428025246,0.05154776573181152,2.129617929458618,4,0.5,4.651123523712158
fixed,0,1706,1.1843565702438354,0.0,0.00568897370249033,0.04105961322784424,1.1995189189910889,4,0.25,
fixed,0,1707,1.9781385660171509,0.0,0.014895390719175339,0.1834111213684082,2.04060959815979,4,0.75,
fixed,0,1708,1.5182830095291138,0.01868627220392227,0.00990905798971653,0.12270784378051758,1.5693930387496948,4,0.75,
fixed,0,1709,2.285457134246826,6.287821452133358e-05,0.00034238846274092793,0.3305095434188843,2.384812593460083,4,0.0,
fixed,0,1710,2.012288808822632,0.0,0.013224531896412373,0.061318278312683105,2.0372965335845947,4,0.5,4.164508819580078
fixed,0,1711,1.6630642414093018,0.0,0.007700867019593716,0.10917448997497559,1.699666976928711,4,0.25,
fixed,0,1712,1.2709264755249023,0.0,0.009518173523247242,0.1265016794204712,1.313636064529419,4,0.25,
fixed,0,1713,1.3996996879577637,0.032673198729753494,0.005265392828732729,0.08043551445007324,1.442799687385559,4,0.5,
fixed,0,1714,1.2400277853012085,0.027021974325180054,0.014393105171620846,0.22699475288391113,1.3288336992263794,4,0.75,
fixed,0,1715,1.633254885673523,0.02775328978896141,0.009161686524748802,0.16086196899414062,1.6999709606170654,4,0.75,1.3336542844772339
fixed,0,1716,2.1894397735595703,0.0,0.0010192798217758536,0.3715708255767822,2.3014206886291504,4,0.0,
fixed,0,1717,1.3317837715148926,0.0,0.017970455810427666,0.06382310390472412,1.3599159717559814,4,0.5,
fixed,0,1718,1.4820854663848877,0.02722935564815998,0.010328731499612331,0.15258240699768066,1.5466392040252686,4,0.75,
fixed,0,1719,1.079844355583191,0.0,0.009562263265252113,0.09727191925048828,1.1138070821762085,4,0.25,
fixed,0,1720,2.8763344287872314,0.0,0.023528140038251877,0.03619587421417236,2.8989572525024414,4,0.5,6.049083709716797
fixed,0,1721,2.1254072189331055,0.0,0.038101233541965485,0.06755590438842773,2.164724588394165,4,0.75,
fixed,0,1722,3.2624590396881104,0.0,0.0014324703952297568,0.3740276098251343,3.3753836154937744,4,0.0,
fixed,0,1723,1.451635718345642,0.0,0.014009851962327957,0.057465314865112305,1.4758802652359009,4,0.25,
fixed,0,1724,1.7490074634552002,0.0,0.025399431586265564,0.11007416248321533,1.794729471206665,4,0.75,
fixed,0,1725,1.7485066652297974,0.0,0.022263308987021446,0.12110304832458496,1.7959692478179932,4,0.75,6.8273420333862305
fixed,0,1726,2.309250593185425,0.026424169540405273,0.01677456498146057,0.052591562271118164,2.3466274738311768,4,0.5,
fixed,0,1727,1.3522489070892334,0.0,0.014603855088353157,0.12672019004821777,1.3975669145584106,4,0.25,
fixed,0,1728,2.2870497703552246,0.0,0.00959150679409504,0.12072443962097168,2.3280627727508545,4,0.25,
fixed,0,1729,1.3141759634017944,0.027041830122470856,0.0009317431249655783,0.11830711364746094,1.3636548519134521,4,0.25,
fixed,0,1730,1.936084508895874,0.0,0.006927782669663429,0.10865533351898193,1.9721449613571167,4,0.25,2.457077741622925
fixed,0,1731,1.5991116762161255,0.0,0.016344040632247925,0.05564594268798828,1.6239774227142334,4,0.5,
fixed,0,1732,1.8527485132217407,0.0,0.019909661263227463,0.14015436172485352,1.9047496318817139,4,0.75,
fixed,0,1733,1.5324620008468628,0.0,0.006457573734223843,0.08619534969329834,1.561549425125122,4,0.25,
fixed,0,1734,1.5827014446258545,1.589081875863485e-05,0.01964021474123001,0.14657461643218994,1.6365019083023071,4,0.75,
fixed,0,1735,1.2249476909637451,0.0,0.008692589588463306,0.09766125679016113,1.2585923671722412,4,0.5,3.198091506958008
fixed,0,1736,1.5679020881652832,0.024264294654130936,0.0047770957462489605,0.056443095207214355,1.599355697631836,4,0.5,
fixed,0,1737,1.8211807012557983,0.0,0.01631253957748413,0.048868656158447266,1.843997597694397,4,0.5,
fixed,0,1738,1.916543960571289,0.0,0.020810293033719063,0.4282178282737732,2.0554144382476807,4,1.0,
fixed,0,1739,1.524000644683838,0.0002783428062684834,0.007286448497325182,0.07504129409790039,1.5502954721450806,4,0.25,
fixed,0,1740,0.9520360827445984,0.0,0.012574451975524426,0.05052626132965088,0.9734811782836914,4,0.5,4.0553507804870605
fixed,0,1741,1.2638270854949951,0.0,0.014030924998223782,0.05925166606903076,1.2886180877685547,4,0.5,
fixed,0,1742,2.5754823684692383,0.0003947966906707734,0.01214320957660675,0.0529170036315918,2.5976264476776123,4,0.5,
fixed,0,1743,1.106529951095581,0.0,0.023846859112381935,0.3830019235610962,1.2333539724349976,4,1.0,
fixed,0,1744,2.344278573989868,0.0,0.0017698351293802261,0.2475605010986328,2.419431686401367,4,0.0,
fixed,0,1745,1.4536316394805908,0.0,0.018106192350387573,0.053002357482910156,1.4785854816436768,4,0.5,4.936943531036377
fixed,0,1746,1.9195712804794312,0.0,0.007217216305434704,0.11400842666625977,1.9573824405670166,4,0.25,
fixed,0,1747,1.8741676807403564,0.0,0.0012639532797038555,0.3788948059082031,1.988468050956726,4,0.0,
fixed,0,1748,1.5798851251602173,0.04997558891773224,0.012455057352781296,0.3287099599838257,1.7097134590148926,4,1.0,
fixed,0,1749,1.6082336902618408,0.0,0.02205371856689453,0.1311436891555786,1.6586036682128906,4,0.75,
fixed,0,1750,1.6640223264694214,0.02690707892179489,0.006226100958883762,0.052924275398254395,1.6964662075042725,4,0.5,2.441283702850342
fixed,0,1751,2.1546647548675537,0.015021821483969688,0.0074644242413342,0.04355454444885254,2.178974151611328,4,0.5,
fixed,0,1752,1.8078604936599731,0.019147710874676704,0.010855882428586483,0.0396270751953125,1.8347504138946533,4,0.5,
fixed,0,1753,1.7750705480575562,0.016308173537254333,0.010531982406973839,0.041411399841308594,1.8009140491485596,4,0.5,
fixed,0,1754,1.761451244354248,0.013461683876812458,0.01002056710422039,0.03737282752990723,1.7844042778015137,4,0.5,
fixed,0,1755,1.3752163648605347,0.0,0.07349753379821777,0.08372628688812256,1.4370830059051514,4,1.0,14.819275856018066
fixed,0,1756,1.4587938785552979,0.0,0.011887730099260807,0.11469316482543945,1.499145746231079,4,0.25,
fixed,0,1757,2.4180490970611572,0.0,0.0006805532611906528,0.34351587295532227,2.521444082260132,4,0.0,
fixed,0,1758,2.2045326232910156,0.0,0.0242698285728693,0.037755727767944336,2.227994203567505,4,0.5,
fixed,0,1759,0.7536976337432861,0.015463318675756454,0.03989251330494881,0.13564038276672363,0.8220676779747009,4,1.0,
fixed,0,1760,1.1596310138702393,0.0,0.03500998392701149,0.15502822399139404,1.223644495010376,4,0.75,8.65651798248291
fixed,0,1761,1.5080149173736572,0.0,0.02606004662811756,0.22377121448516846,1.5881762504577637,4,0.5,
fixed,0,1762,1.9051991701126099,0.0,0.0251462459564209,0.04395473003387451,1.9309587478637695,4,0.5,
fixed,0,1763,1.379394292831421,0.0,0.048576872795820236,0.05619525909423828,1.4205412864685059,4,0.75,
fixed,0,1764,1.5641658306121826,0.0,0.03631582856178284,0.0769186019897461,1.6053993701934814,4,0.75,
fixed,0,1765,1.7861793041229248,0.011613504961133003,0.04059004411101341,0.1539320945739746,1.8584606647491455,4,1.0,6.32864236831665
fixed,0,1766,1.329879641532898,0.012564273551106453,0.019313840195536613,0.0826570987701416,1.370615839958191,4,0.75,
fixed,0,1767,1.4385555982589722,9.254898031940684e-06,4.203039679850917e-06,0.3111557960510254,1.5319091081619263,4,0.0,
fixed,0,1768,1.173128366470337,0.013554129749536514,0.03162466734647751,0.21692585945129395,1.2607954740524292,4,1.0,
fixed,0,1769,2.2874131202697754,1.8959646695293486e-05,0.018413279205560684,0.06404900550842285,2.3158440589904785,4,0.5,
fixed,0,1770,2.0197832584381104,2.0556928575388156e-05,0.02457350492477417,0.061945319175720215,2.050663948059082,4,0.5,6.3819708824157715
fixed,0,1771,1.9351023435592651,0.0,0.020829811692237854,0.07405340671539307,1.9677332639694214,4,0.5,
fixed,0,1772,2.059520721435547,1.5794734281371348e-05,0.03925846144556999,0.0969533920288086,2.108243942260742,4,0.75,
fixed,0,1773,1.6995790004730225,5.298134055919945e-06,0.039056502282619476,0.0928962230682373,1.746978759765625,4,0.75,
fixed,0,1774,1.2706108093261719,0.024440020322799683,0.007326215505599976,0.07038664817810059,1.3076099157333374,4,0.5,
fixed,0,1775,1.1364630460739136,2.304650297446642e-05,0.022846674546599388,0.049411773681640625,1.1627213954925537,4,0.5,6.06992769241333
fixed,0,1776,2.1774842739105225,2.2663462004857138e-05,0.019528184086084366,0.07163703441619873,2.2087507247924805,4,0.5,
fixed,0,1777,0.7656843066215515,3.675454354379326e-05,0.026501871645450592,0.1363011598587036,0.8198439478874207,4,0.75,
fixed,0,1778,2.4726877212524414,1.345586497336626e-05,0.010644721798598766,0.05295300483703613,2.4939026832580566,4,0.25,
fixed,0,1779,1.1995153427124023,0.01963767409324646,0.011535568162798882,0.16232943534851074,1.2638007402420044,4,0.75,
fixed,0,1780,1.7682251930236816,0.027363305911421776,0.009253870695829391,0.07492899894714355,1.809012532234192,4,0.5,1.6098278760910034
fixed,0,1781,1.6327874660491943,0.01618199609220028,0.012918793596327305,0.07393968105316162,1.6695197820663452,4,0.5,
fixed,0,1782,0.7795969247817993,6.436279363697395e-06,0.001272668014280498,0.21235132217407227,0.843941867351532,4,0.0,
fixed,0,1783,1.1670174598693848,0.0,0.013334285467863083,0.09714293479919434,1.2028274536132812,4,0.25,
fixed,0,1784,2.2781927585601807,0.0,0.006242053117603064,0.11184060573577881,2.314866065979004,4,0.25,
fixed,0,1785,1.9560972452163696,0.0,0.030103512108325958,0.06767714023590088,1.9914520978927612,4,0.5,7.332669258117676
fixed,0,1786,1.386502742767334,0.0,0.021134693175554276,0.04627954959869385,1.4109539985656738,4,0.5,
fixed,0,1787,1.9812450408935547,0.02648201771080494,0.013144293799996376,0.16828298568725586,2.0515429973602295,4,0.75,
fixed,0,1788,2.6418848037719727,0.0,0.012523284181952477,0.08894944190979004,2.6748313903808594,4,0.5,
fixed,0,1789,2.0223512649536133,0.0,0.011906017549335957,0.21984708309173584,2.0942583084106445,4,0.5,
fixed,0,1790,2.0119717121124268,0.0,0.013792690820991993,0.06922435760498047,2.039635419845581,4,0.5,4.307036399841309
fixed,0,1791,1.2075361013412476,0.0,0.033902812749147415,0.10440397262573242,1.255808711051941,4,0.75,
fixed,0,1792,0.8590107560157776,0.0,0.026204876601696014,0.15462827682495117,0.9185016751289368,4,0.75,
fixed,0,1793,1.1376819610595703,0.0,0.016312887892127037,0.20032691955566406,1.2059364318847656,4,0.75,
fixed,0,1794,1.1954288482666016,0.0,0.013693468645215034,0.20733857154846191,1.2644771337509155,4,0.75,
fixed,0,1795,1.989803671836853,0.0,0.01702052541077137,0.06906604766845703,2.019033670425415,4,0.5,5.207986354827881
fixed,0,1796,1.1430394649505615,0.0,0.018472343683242798,0.1724076271057129,1.2039979696273804,4,0.75,
fixed,0,1797,1.7682557106018066,0.0,0.01860230043530464,0.06986856460571289,1.7985174655914307,4,0.5,
fixed,0,1798,1.48740816116333,0.0,0.0005498342216014862,0.34029722213745117,1.5897722244262695,4,0.0,
fixed,0,1799,1.7741923332214355,0.0,0.0003778477548621595,0.32038819789886475,1.870497703552246,4,0.0,
fixed,0,1800,1.7169725894927979,0.0,0.01665354147553444,0.06462216377258301,1.7446860074996948,4,0.5,4.6877827644348145
fixed,0,1801,1.765620231628418,0.0,0.005483363755047321,0.07425713539123535,1.790639042854309,4,0.25,
fixed,0,1802,1.5605641603469849,0.0,0.006567234639078379,0.05440807342529297,1.5801701545715332,3,0.25,
fixed,0,1803,2.1283059120178223,0.0,0.02163625694811344,0.4125667214393616,2.2628941535949707,4,1.0,
fixed,0,1804,1.7710175514221191,0.02472468465566635,0.00867839902639389,0.15745007991790771,1.8349541425704956,4,0.75,
fixed,0,1805,2.2645366191864014,0.021742481738328934,4.190218533040024e-06,0.06628036499023438,2.2952940464019775,4,0.25,4.095767974853516
fixed,0,1806,2.879520893096924,7.961605297168717e-05,0.0013390971580520272,0.18436050415039062,2.9355382919311523,4,0.0,
fixed,0,1807,1.2871233224868774,5.7259849199908786e-06,0.006452205590903759,0.04296529293060303,1.3032418489456177,4,0.25,
fixed,0,1808,1.4508306980133057,9.99878830043599e-06,0.013480409979820251,0.07356631755828857,1.479645848274231,4,0.5,
fixed,0,1809,0.947267472743988,0.0,0.0214797705411911,0.030884265899658203,0.9672726392745972,4,0.5,
fixed,0,1810,1.2759138345718384,0.0,0.01756632700562477,0.1566535234451294,1.3316930532455444,4,0.75,5.717390060424805
fixed,0,1811,1.5110993385314941,0.022226804867386818,0.013894103467464447,0.11465311050415039,1.5635557174682617,4,0.75,
fixed,0,1812,1.4564875364303589,0.0,0.008110507391393185,0.10559678077697754,1.4922218322753906,4,0.25,
fixed,0,1813,2.0200719833374023,0.0,0.018893681466579437,0.14845800399780273,2.0740561485290527,4,0.75,
fixed,0,1814,1.7024890184402466,0.0,0.02900482714176178,0.3441728353500366,1.820243239402771,4,1.0,
fixed,0,1815,1.5395933389663696,0.0,0.02765507623553276,0.10979986190795898,1.5863608121871948,4,0.75,7.483603477478027
fixed,0,1816,1.9716033935546875,0.0,0.008161591365933418,0.14354395866394043,2.018747329711914,4,0.25,
fixed,0,1817,2.1484827995300293,0.020698877051472664,0.01528417319059372,0.11696100234985352,2.2015626430511475,4,0.75,
fixed,0,1818,1.994897723197937,0.0,0.013850420713424683,0.0712885856628418,2.023209571838379,4,0.5,
fixed,0,1819,2.2754433155059814,0.0,0.005680007394403219,0.12990033626556396,2.317253351211548,4,0.25,
fixed,0,1820,1.8648674488067627,0.02385311760008335,0.027247445657849312,0.06518077850341797,1.9099719524383545,4,0.75,1.7377625703811646
fixed,0,1821,2.207091808319092,0.0,0.010819023475050926,0.052612900733947754,2.228285074234009,4,0.25,
fixed,0,1822,1.7954790592193604,0.0,0.02617763541638851,0.1003408432006836,1.8386701345443726,4,0.75,
fixed,0,1823,2.201024055480957,0.03715204447507858,0.011800604872405529,0.13244330883026123,2.265233278274536,4,0.75,
fixed,0,1824,1.4400126934051514,0.0,0.01884058117866516,0.05326640605926514,1.4654128551483154,4,0.5,
fixed,0,1825,1.2176858186721802,0.0,0.010091209784150124,0.05211913585662842,1.2383671998977661,4,0.25,3.0966460704803467
fixed,0,1826,2.3296055793762207,0.0,0.011244472116231918,0.05107247829437256,2.3505494594573975,4,0.25,
fixed,0,1827,1.5333681106567383,0.0,0.01632956974208355,0.06489324569702148,1.5610008239746094,4,0.25,
fixed,0,1828,1.7510660886764526,0.012427205219864845,0.02042422443628311,0.05680680274963379,1.7845338582992554,4,0.75,
fixed,0,1829,2.567134141921997,0.013539797626435757,0.011173609644174576,0.062136054039001465,2.5981316566467285,4,0.5,
fixed,0,1830,1.452035665512085,0.0,0.03733095899224281,0.02391791343688965,1.4778765439987183,4,0.5,7.597942352294922
fixed,0,1831,2.451732635498047,0.0,0.027263402938842773,0.05484938621520996,2.4818191528320312,4,0.5,
fixed,0,1832,1.9809420108795166,0.0,0.032338548451662064,0.06385195255279541,2.0162668228149414,4,0.75,
fixed,0,1833,1.937770128250122,0.019200747832655907,0.024593384936451912,0.25889837741851807,2.037336826324463,4,1.0,
fixed,0,1834,1.7931954860687256,0.0,0.017261600121855736,0.061888933181762695,1.8203929662704468,4,0.5,
fixed,0,1835,1.2213877439498901,0.0,0.019205091521143913,0.0432889461517334,1.2439769506454468,4,0.5,5.147042751312256
fixed,0,1836,1.676113247871399,0.0,0.030913811177015305,0.07827615737915039,1.7150529623031616,4,0.75,
fixed,0,1837,1.673331379890442,0.0,0.026470830664038658,0.10061109066009521,1.716750144958496,4,0.75,
fixed,0,1838,1.4757715463638306,0.0,0.012456700205802917,0.17259275913238525,1.5337777137756348,4,0.25,
fixed,0,1839,2.0395994186401367,0.0,0.008992038667201996,0.05068516731262207,2.0593008995056152,4,0.25,
fixed,0,1840,1.2998058795928955,0.0,0.023202352225780487,0.12000095844268799,1.347407341003418,4,0.75,6.602867603302002
fixed,0,1841,1.2594531774520874,0.0,0.024816282093524933,0.05881690979003906,1.289506435394287,4,0.5,
fixed,0,1842,1.1536835432052612,0.01902061700820923,0.008739623241126537,0.13232910633087158,1.207262396812439,4,0.75,
fixed,0,1843,2.0814764499664307,0.0,0.020327052101492882,0.1284722089767456,2.1301815509796143,4,0.75,
fixed,0,1844,1.910287857055664,0.019036881625652313,0.006554737687110901,0.06390905380249023,1.9422563314437866,4,0.5,
fixed,0,1845,2.2539327144622803,0.0,0.00986227486282587,0.11212635040283203,2.29250168800354,4,0.75,3.508390426635742
fixed,0,1846,1.8713231086730957,0.0,0.015724169090390205,0.15623044967651367,1.9260543584823608,4,0.75,
fixed,0,1847,1.5555906295776367,0.0,0.00601981021463871,0.16344046592712402,1.6076326370239258,4,0.25,
fixed,0,1848,1.8373031616210938,0.0,0.011130310595035553,0.09088242053985596,1.8701330423355103,4,0.5,
fixed,0,1849,1.5856924057006836,0.0,0.013579776510596275,0.06803464889526367,1.612892746925354,4,0.5,
fixed,0,1850,2.271406888961792,0.0,0.011280301958322525,0.0728987455368042,2.2989165782928467,4,0.5,3.4867711067199707
fixed,0,1851,2.1204161643981934,0.0,0.007506988011300564,0.04577445983886719,2.137902021408081,4,0.25,
fixed,0,1852,1.5848952531814575,0.0,0.0067338705994188786,0.13497304916381836,1.6287541389465332,4,0.25,
fixed,0,1853,1.5144083499908447,0.021122440695762634,0.006134031806141138,0.04803037643432617,1.5424456596374512,4,0.5,
fixed,0,1854,1.9606239795684814,0.0,0.00170275685377419,0.3955674171447754,2.0801455974578857,4,0.0,
fixed,0,1855,0.962672233581543,0.020159326493740082,0.002287010196596384,0.04306840896606445,0.9868159294128418,4,0.25,3.1632678508758545
fixed,0,1856,1.6852227449417114,0.0,0.01373320072889328,0.16611075401306152,1.7419226169586182,4,0.75,
fixed,0,1857,2.5290067195892334,0.0,0.009529883973300457,0.04886496067047119,2.548431158065796,4,0.5,
fixed,0,1858,2.2278144359588623,0.0,0.0012138548772782087,0.17769241333007812,2.281728982925415,4,0.0,
fixed,0,1859,2.4070699214935303,0.0,0.008862081915140152,0.0954599380493164,2.440139055252075,4,0.25,
fixed,0,1860,1.9341801404953003,0.0,0.02253524772822857,0.10055232048034668,1.9756134748458862,4,0.75,5.20451545715332
fixed,0,1861,1.1412749290466309,0.0,0.01604807749390602,0.05510520935058594,1.1658304929733276,4,0.5,
fixed,0,1862,1.7247314453125,0.0,0.02038818597793579,0.4013727903366089,1.855337381362915,4,1.0,
fixed,0,1863,1.989786982536316,0.0,0.009576866403222084,0.061284780502319336,2.012960910797119,4,0.5,
fixed,0,1864,1.6297873258590698,0.0,0.012345421127974987,0.18838834762573242,1.692476511001587,4,0.75,
fixed,0,1865,1.6268935203552246,0.0,0.0221734419465065,0.1145479679107666,1.67234468460083,4,0.75,5.737513542175293
fixed,0,1866,1.7932984828948975,0.03393274545669556,0.001175837591290474,0.11035430431365967,1.843959093093872,4,0.25,
fixed,0,1867,1.0851757526397705,0.03156958520412445,0.016794873401522636,0.37984538078308105,1.2233116626739502,4,1.0,
fixed,0,1868,0.9379140138626099,0.030885344371199608,0.005716669838875532,0.0707550048828125,0.9774415493011475,4,0.5,
fixed,0,1869,1.9772992134094238,0.0,0.009890330955386162,0.09787774085998535,2.0116076469421387,4,0.25,
fixed,0,1870,1.9770758152008057,0.0,0.015921548008918762,0.05274319648742676,2.000859498977661,4,0.5,4.451177597045898
fixed,0,1871,1.9900091886520386,0.0,0.008101076819002628,0.14556586742401123,2.037729501724243,4,0.25,
fixed,0,1872,1.8388224840164185,0.0,0.009540368802845478,0.049004554748535156,1.8582940101623535,4,0.25,
fixed,0,1873,1.372761845588684,0.0,0.029048677533864975,0.07867062091827393,1.410887360572815,4,0.75,
fixed,0,1874,0.8938680291175842,0.0,0.047193460166454315,0.2003774642944336,0.9775779843330383,4,1.0,
fixed,0,1875,2.371530294418335,0.0,0.005758564919233322,0.28407835960388184,2.4596331119537354,4,0.0,2.768838882446289
fixed,0,1876,1.7661325931549072,0.0,0.01953326351940632,0.06565570831298828,1.7955958843231201,4,0.5,
fixed,0,1877,2.6262879371643066,0.01553266029804945,0.02226940542459488,0.06302535533905029,2.6640965938568115,4,0.75,
fixed,0,1878,2.0228705406188965,0.023712359368801117,0.009695254266262054,0.06537830829620361,2.059187889099121,4,0.5,
fixed,0,1879,2.3336405754089355,0.0,0.020496997982263565,0.05303609371185303,2.359799861907959,4,0.5,
fixed,0,1880,1.9940636157989502,0.0,0.0022677783854305744,0.1506885290145874,2.0404040813446045,4,0.0,1.4436949491500854
fixed,0,1881,1.2772551774978638,0.03229803591966629,0.02296631410717964,0.15146946907043457,1.3503282070159912,4,1.0,
fixed,0,1882,1.9691238403320312,0.0,0.0227653831243515,0.03605961799621582,1.9913244247436523,4,0.5,
fixed,0,1883,1.2761268615722656,0.01071945857256651,0.006577054038643837,0.06464719772338867,1.3041692972183228,4,0.5,
fixed,0,1884,0.8709049224853516,0.0,0.002527737058699131,0.16404545307159424,0.9213824272155762,4,0.0,
fixed,0,1885,1.8525402545928955,0.007048199884593487,0.017600547522306442,0.05877494812011719,1.8824970722198486,4,0.75,2.8533403873443604
fixed,0,1886,1.7302767038345337,0.0,0.021913936361670494,0.07636713981628418,1.7641438245773315,4,0.5,
fixed,0,1887,2.1228325366973877,0.0,0.022637557238340378,0.06619572639465332,2.154010057449341,4,0.25,
fixed,0,1888,1.9913400411605835,0.0,0.04916820675134659,0.06431961059570312,2.035220146179199,4,0.75,
fixed,0,1889,1.504493236541748,0.0,0.0018426117021590471,0.45928871631622314,1.6432011127471924,4,0.0,
fixed,0,1890,1.3213529586791992,0.0,0.03523601219058037,0.158646821975708,1.3865649700164795,4,0.75,8.641460418701172
fixed,0,1891,1.3824821710586548,0.0,0.021120615303516388,0.07903289794921875,1.4167523384094238,4,0.5,
fixed,0,1892,2.230088949203491,0.0,0.012020103633403778,0.13957428932189941,2.2779712677001953,4,0.25,
fixed,0,1893,2.1000640392303467,0.0,0.01940889097750187,0.06694161891937256,2.1298508644104004,4,0.5,
fixed,0,1894,2.177198648452759,0.0,0.012819125317037106,0.1309199333190918,2.222884178161621,4,0.25,
fixed,0,1895,1.7551076412200928,0.0,0.01123051531612873,0.06775975227355957,1.7810508012771606,4,0.5,3.6059200763702393
fixed,0,1896,1.4792230129241943,0.0,0.012032833881676197,0.05861234664916992,1.5028231143951416,4,0.5,
fixed,0,1897,1.8810585737228394,0.0,0.002594828139990568,0.059591054916381836,1.900233268737793,4,0.25,
fixed,0,1898,1.8785927295684814,0.0,0.020190661773085594,0.13761961460113525,1.9299739599227905,4,0.75,
fixed,0,1899,0.7104512453079224,0.0,0.006485396530479193,0.07237029075622559,0.7354050278663635,4,0.5,
fixed,0,1900,1.5635732412338257,0.00011067597370129079,0.01264953799545765,0.04578399658203125,1.583688497543335,4,0.5,3.746419668197632
fixed,0,1901,2.5222725868225098,6.872992526041344e-05,0.005968347191810608,0.143385648727417,2.5683069229125977,4,0.5,
fixed,0,1902,2.0156967639923096,0.0,0.015449650585651398,0.5037331581115723,2.174541473388672,4,1.0,
fixed,0,1903,2.5757126808166504,0.060838498175144196,0.004122878424823284,0.17116153240203857,2.6595418453216553,4,0.75,
fixed,0,1904,1.3225163221359253,0.0,0.015161024406552315,0.04822111129760742,1.3445631265640259,4,0.5,
fixed,0,1905,0.9995327591896057,0.0,0.009863346815109253,0.06580483913421631,1.0242059230804443,4,0.5,3.2502970695495605
fixed,0,1906,2.436286687850952,0.0,0.0029244152829051018,0.09052646160125732,2.464906930923462,4,0.25,
fixed,0,1907,1.313523530960083,0.0,0.008554963394999504,0.10302937030792236,1.3487098217010498,4,0.5,
fixed,0,1908,1.629726529121399,0.0,0.009120743721723557,0.06932377815246582,1.6550840139389038,4,0.5,
fixed,0,1909,2.358287811279297,0.01964521035552025,0.005511273629963398,0.0458754301071167,2.3846287727355957,4,0.5,
fixed,0,1910,1.3726613521575928,0.0,0.010727263987064362,0.07172775268554688,1.399543285369873,4,0.5,3.273380994796753
fixed,0,1911,1.2969043254852295,0.029435550794005394,0.010575570166110992,0.15804803371429443,1.3643243312835693,4,0.75,
fixed,0,1912,1.0829530954360962,0.0,0.012597308494150639,0.06367266178131104,1.1083534955978394,4,0.5,
fixed,0,1913,2.132564067840576,0.0,0.006498037837445736,0.09102344512939453,2.1631200313568115,4,0.25,
fixed,0,1914,1.7740610837936401,0.0,0.02874753624200821,0.08327674865722656,1.813417911529541,4,0.75,
fixed,0,1915,1.9656096696853638,0.014585135504603386,0.007780158892273903,0.05079913139343262,1.9920320510864258,4,0.5,1.3634790182113647
fixed,0,1916,1.2652243375778198,0.0,0.005436193663626909,0.12989580631256104,1.3069112300872803,4,0.25,
fixed,0,1917,1.6424798965454102,0.0,0.022532086819410324,0.07724654674530029,1.676919937133789,4,0.25,
fixed,0,1918,1.5551249980926514,0.0,0.001300005940720439,0.4246821403503418,1.6831796169281006,4,0.0,
fixed,0,1919,1.0950977802276611,0.0,0.02068857103586197,0.04013967514038086,1.1174839735031128,4,0.5,
fixed,0,1920,2.1642701625823975,0.0,0.024543538689613342,0.10667991638183594,2.2085459232330322,4,0.75,6.571054458618164
fixed,0,1921,1.231738567352295,0.0,0.0010870043188333511,0.37512946128845215,1.3448209762573242,4,0.0,
fixed,0,1922,1.9123047590255737,0.021085485816001892,0.023127200081944466,0.06834244728088379,1.954913854598999,4,0.75,
fixed,0,1923,1.779540777206421,0.0,0.005379001144319773,0.083168625831604,1.8071808815002441,4,0.25,
fixed,0,1924,1.9388165473937988,0.0,0.005096155684441328,0.06669819355010986,1.961374044418335,4,0.25,
fixed,0,1925,2.2510762214660645,0.0,0.007912861183285713,0.06169164180755615,2.2735402584075928,4,0.5,2.7369985580444336
fixed,0,1926,0.8694243431091309,0.027498546987771988,0.004923790693283081,0.08802878856658936,0.9120441675186157,4,0.5,
fixed,0,1927,0.8554103970527649,0.0,0.01623627543449402,0.14202988147735596,0.9061375260353088,4,0.75,
fixed,0,1928,1.120795488357544,0.0,0.010391509160399437,0.047803401947021484,1.1403322219848633,4,0.5,
fixed,0,1929,2.3663859367370605,0.0,0.008735662326216698,0.04505622386932373,2.384270668029785,4,0.5,
fixed,0,1930,1.6222094297409058,0.0,0.004674005322158337,0.04018068313598633,1.6366006135940552,4,0.25,1.5788955688476562
fixed,0,1931,1.8026106357574463,0.0,0.00031977304024621844,0.29275238513946533,1.8905962705612183,4,0.0,
fixed,0,1932,1.1844881772994995,0.0,0.0341678149998188,0.08397722244262695,1.2267652750015259,4,0.75,
fixed,0,1933,1.9712501764297485,0.0,0.015222820453345776,0.16951167583465576,2.029715061187744,4,0.75,
fixed,0,1934,1.453612208366394,0.0,0.013279225677251816,0.07406818866729736,1.48247230052948,4,0.5,
fixed,0,1935,1.5733009576797485,0.0,0.014371136203408241,0.1838010549545288,1.6356267929077148,4,0.75,4.671172618865967
fixed,0,1936,1.475523829460144,0.015057164244353771,0.004767926875501871,0.058438897132873535,1.5029680728912354,4,0.5,
fixed,0,1937,2.1657185554504395,0.03649662807583809,0.002858661115169525,0.08821463584899902,2.2118606567382812,4,0.5,
fixed,0,1938,1.6542394161224365,0.013278447091579437,0.006407513283193111,0.04627084732055664,1.6779636144638062,4,0.5,
fixed,0,1939,1.0414998531341553,0.01831512525677681,0.003569982713088393,0.0639115571975708,1.0716159343719482,4,0.5,
fixed,0,1940,1.596114993095398,0.0,0.001729625859297812,0.13418829441070557,1.63723623752594,4,0.0,1.2086776494979858
fixed,0,1941,1.6247107982635498,0.043862905353307724,0.0072365738451480865,0.10920977592468262,1.683023452758789,4,0.75,
fixed,0,1942,1.4777445793151855,0.016784362494945526,0.008831968531012535,0.0824357271194458,1.515283465385437,4,0.5,
fixed,0,1943,1.2441514730453491,0.0,0.011697900481522083,0.05943191051483154,1.2678300142288208,4,0.25,
fixed,0,1944,2.528701066970825,0.012048576027154922,0.0345253124833107,0.050954580307006836,2.567274332046509,4,0.75,
fixed,0,1945,1.4851473569869995,0.01606275700032711,0.001917337765917182,0.21041297912597656,1.557261347770691,4,0.25,3.7214508056640625
fixed,0,1946,2.319817304611206,0.0,0.0633910745382309,0.09450221061706543,2.3798635005950928,4,0.25,
fixed,0,1947,1.7069075107574463,0.0,0.023338720202445984,0.08438479900360107,1.7438923120498657,4,0.5,
fixed,0,1948,1.6470506191253662,0.019926048815250397,0.0601687990128994,0.10590994358062744,1.718870997428894,4,1.0,
fixed,0,1949,2.481910467147827,0.0,0.04547867551445961,0.08277261257171631,2.5294816493988037,4,0.5,
fixed,0,1950,2.1426515579223633,0.017342600971460342,0.00317560532130301,0.056029438972473145,2.1697194576263428,4,0.25,3.4108853340148926
fixed,0,1951,2.000924825668335,0.0,0.02215169370174408,0.07247459888458252,2.033743143081665,4,0.5,
fixed,0,1952,1.5883777141571045,0.006755417678505182,0.009786883369088173,0.02737712860107422,1.6048619747161865,4,0.5,
fixed,0,1953,1.9076969623565674,0.0,0.05197104439139366,0.05996596813201904,1.9516723155975342,4,0.75,
fixed,0,1954,1.4792828559875488,0.006494293455034494,0.043455272912979126,0.10315966606140137,1.535205602645874,4,1.0,
fixed,0,1955,2.1950058937072754,0.0,0.008297682739794254,0.11638307571411133,2.234069585800171,4,0.25,2.3598670959472656
fixed,0,1956,0.7210606932640076,0.0,0.023328540846705437,0.06934213638305664,0.7535275816917419,4,0.5,
fixed,0,1957,0.9713284969329834,0.0,0.029389549046754837,0.1823883056640625,1.0407397747039795,4,0.75,
fixed,0,1958,1.3406085968017578,0.009944436140358448,0.005999747663736343,0.06398427486419678,1.3677759170532227,4,0.5,
fixed,0,1959,2.290778875350952,0.0,0.0013275004457682371,0.37675607204437256,2.4044694900512695,4,0.0,
fixed,0,1960,0.8725461363792419,0.0,0.02884252741932869,0.04290735721588135,0.8998395800590515,4,0.5,6.331912994384766
fixed,0,1961,1.532747507095337,0.0,0.012921086512506008,0.18798565864562988,1.5956037044525146,4,0.75,
fixed,0,1962,2.2420477867126465,0.05140005797147751,0.006823018193244934,0.12115883827209473,2.307507038116455,4,0.75,
fixed,0,1963,1.677116870880127,0.0,0.015444282442331314,0.48945021629333496,1.8316740989685059,4,1.0,
fixed,0,1964,2.4204347133636475,0.0,0.012323390692472458,0.05442345142364502,2.4429235458374023,4,0.5,
fixed,0,1965,1.1265312433242798,0.0,0.010082301683723927,0.05874752998352051,1.1491966247558594,4,0.5,3.1154017448425293
fixed,0,1966,2.3836097717285156,0.02518935315310955,0.007085478398948908,0.038521409034729004,2.4113035202026367,4,0.5,
fixed,0,1967,1.6285523176193237,3.107681550318375e-05,0.005827426910400391,0.06415057182312012,1.6507267951965332,4,0.25,
fixed,0,1968,1.5007264614105225,0.0,0.03919949010014534,0.05386996269226074,1.5364872217178345,4,0.5,
fixed,0,1969,1.226799726486206,0.0,0.011040222831070423,0.08670520782470703,1.2583314180374146,4,0.5,
fixed,0,1970,1.6680229902267456,0.0,0.028784312307834625,0.10224676132202148,1.7130892276763916,4,0.75,7.479250431060791
fixed,0,1971,1.841124176979065,0.0,0.022807609289884567,0.17764770984649658,1.9058222770690918,4,0.5,
fixed,0,1972,2.018707513809204,0.0,0.0076702856458723545,0.10404551029205322,2.0537562370300293,4,0.25,
fixed,0,1973,1.8192273378372192,0.0,0.027957620099186897,0.04660379886627197,1.8471872806549072,4,0.5,
fixed,0,1974,1.6267285346984863,0.0,0.016723081469535828,0.05792224407196045,1.6524667739868164,4,0.5,
fixed,0,1975,3.1486623287200928,0.0039792307652533054,0.0002510952763259411,0.21142947673797607,3.2142062187194824,4,0.0,1.1749473810195923
fixed,0,1976,1.8723474740982056,0.0,0.006264227442443371,0.07305359840393066,1.8973956108093262,4,0.25,
fixed,0,1977,2.220632314682007,0.0,0.0004818827728740871,0.19207251071929932,2.2784950733184814,4,0.0,
fixed,0,1978,1.9329495429992676,0.0,0.025937043130397797,0.05912518501281738,1.9636555910110474,4,0.5,
fixed,0,1979,1.7347605228424072,0.04118173569440842,0.006414410192519426,0.19589900970458984,1.8173283338546753,4,0.75,
fixed,0,1980,1.6832952499389648,0.0,0.016894299536943436,0.05996966361999512,1.709733247756958,4,0.5,4.726277828216553
fixed,0,1981,1.6220139265060425,0.03815564885735512,0.002933631418272853,0.11535453796386719,1.677164912223816,4,0.5,
fixed,0,1982,1.1468491554260254,0.0,0.013469415716826916,0.20816779136657715,1.216034173965454,4,0.75,
fixed,0,1983,2.292031764984131,0.018928496167063713,0.009401746094226837,0.16694355010986328,2.3562798500061035,4,0.75,
fixed,0,1984,1.866234302520752,0.0,0.0063033681362867355,0.03972434997558594,1.881303310394287,4,0.25,
fixed,0,1985,2.6309447288513184,0.0,0.010454893112182617,0.10542094707489014,2.6677985191345215,4,0.5,3.2890281677246094
fixed,0,1986,1.5134419202804565,0.0,0.028804784640669823,0.028822898864746094,1.5364911556243896,4,0.5,
fixed,0,1987,2.304429054260254,0.029125869274139404,0.021060194820165634,0.3717159032821655,2.4410369396209717,4,1.0,
fixed,0,1988,2.2000575065612793,0.0,0.016432512551546097,0.09226417541503906,2.2359530925750732,4,0.5,
fixed,0,1989,1.5436393022537231,0.0,0.009224977344274521,0.16896164417266846,1.5989402532577515,4,0.25,
fixed,0,1990,1.6689645051956177,0.0,0.042762044817209244,0.09684860706329346,1.71940016746521,4,0.5,8.386174201965332
fixed,0,1991,2.16170072555542,0.0,0.03098437748849392,0.16559207439422607,2.226870536804199,4,0.75,
fixed,0,1992,1.7052947282791138,0.0,0.012360608205199242,0.15193605422973633,1.7570558786392212,4,0.25,
fixed,0,1993,1.680031180381775,0.01354221161454916,0.026808099821209908,0.07848715782165527,1.723752498626709,4,0.5,
fixed,0,1994,2.1037628650665283,0.0002174496476072818,0.02567276358604431,0.04085516929626465,2.128964424133301,4,0.5,
fixed,0,1995,1.888960361480713,0.0,0.008902840316295624,0.11509323120117188,1.927939772605896,4,0.25,2.7342116832733154
fixed,0,1996,1.3737510442733765,0.0,0.014614095911383629,0.05747854709625244,1.398301601409912,4,0.5,
fixed,0,1997,1.7545931339263916,0.0,0.006596273742616177,0.10242152214050293,1.788617730140686,4,0.25,
fixed,0,1998,1.6266282796859741,0.0,0.017944902181625366,0.2175229787826538,1.7008576393127441,4,0.5,
fixed,0,1999,1.6339876651763916,0.0,0.006337983068078756,0.043192148208618164,1.6501142978668213,4,0.25,
fixed,0,2000,1.7159841060638428,0.0,0.015474647283554077,0.04788863658905029,1.7380880117416382,4,0.5,4.363452434539795
fixed,0,2001,1.9430968761444092,0.0,0.020449629053473473,0.1361556053161621,1.9941684007644653,4,0.75,
fixed,1,2002,1.3723654747009277,0.0,0.013841910287737846,0.06184720993041992,1.3978406190872192,4,0.5,
fixed,1,2003,1.3865119218826294,0.0,0.012393616139888763,0.05635476112365723,1.409615159034729,4,0.5,
fixed,1,2004,1.2039107084274292,0.0,0.012595477513968945,0.04795527458190918,1.224595069885254,4,0.25,
fixed,1,2005,0.965181827545166,0.05213416367769241,0.004491067957133055,0.14673399925231934,1.0375146865844727,4,0.75,6.4538679122924805
fixed,1,2006,0.7468959093093872,0.0,0.009533828124403954,0.07786870002746582,0.7750234603881836,4,0.5,
fixed,1,2007,0.8207284808158875,0.0,0.00966551247984171,0.07932925224304199,0.8493599891662598,4,0.5,
fixed,1,2008,1.402845025062561,0.0,0.01694565638899803,0.15992224216461182,1.4592945575714111,4,0.75,
fixed,1,2009,0.6895603537559509,0.0,0.01610611006617546,0.07572388648986816,0.7203305959701538,4,0.5,
fixed,1,2010,1.0044095516204834,0.0314386747777462,0.005991983227431774,0.0838320255279541,1.0482745170593262,4,0.5,2.2089478969573975
fixed,1,2011,0.8302827477455139,0.018581638112664223,0.009882773272693157,0.14004802703857422,0.8865293860435486,4,0.75,
fixed,1,2012,0.7230757474899292,0.0,0.014876510947942734,0.08094406127929688,0.7547972202301025,4,0.5,
fixed,1,2013,0.9697952270507812,0.0,0.008518011309206486,0.14559805393218994,1.0177336931228638,4,0.25,
fixed,1,2014,1.5322942733764648,0.0,0.0012033340753987432,0.19784247875213623,1.5922486782073975,4,0.0,
fixed,1,2015,0.7336252927780151,0.0,0.01261216588318348,0.051583170890808105,0.7554063200950623,4,0.5,3.7425642013549805
fixed,1,2016,0.4866044223308563,0.030846988782286644,0.01341673918068409,0.13239240646362305,0.5484539866447449,4,0.75,
fixed,1,2017,0.8935787081718445,0.0,0.005956735461950302,0.12024974822998047,0.9326319694519043,4,0.25,
fixed,1,2018,0.9345366358757019,0.0,0.013443897478282452,0.04671502113342285,0.9552730917930603,4,0.5,
fixed,1,2019,0.5044946670532227,0.0,0.014683393761515617,0.07572603225708008,0.5345541834831238,4,0.5,
fixed,1,2020,0.9848425388336182,0.0,0.015544969588518143,0.04389512538909912,1.0057835578918457,4,0.5,4.427056312561035
fixed,1,2021,0.37083008885383606,0.0,0.02134021557867527,0.10928726196289062,0.41428637504577637,4,0.75,
fixed,1,2022,0.3526177406311035,0.0,0.017925256863236427,0.27891600131988525,0.4452551603317261,4,0.75,
fixed,1,2023,0.5634773373603821,0.0,0.010821926407516003,0.11868786811828613,0.6044946908950806,4,0.25,
fixed,1,2024,0.6036877036094666,0.031743090599775314,0.01306868251413107,0.14127206802368164,0.6684752106666565,4,0.75,
fixed,1,2025,1.1313328742980957,0.01251937635242939,0.0010763935279101133,0.134199857711792,1.1783907413482666,4,0.25,3.2177786827087402
fixed,1,2026,1.2836263179779053,0.0,0.014674941077828407,0.04241359233856201,1.3036878108978271,4,0.5,
fixed,1,2027,0.3124586045742035,0.0,0.00707610696554184,0.15788018703460693,0.3633607029914856,4,0.25,
fixed,1,2028,0.95647132396698,0.015196148306131363,0.009104195982217789,0.037438392639160156,0.9798530340194702,4,0.5,
fixed,1,2029,1.3765006065368652,0.0,0.0012201438657939434,0.33941423892974854,1.4789350032806396,4,0.0,
fixed,1,2030,0.48996880650520325,0.0,0.013096828013658524,0.06933784484863281,0.5173185467720032,4,0.5,3.895062208175659
fixed,1,2031,0.35735973715782166,0.0,0.015069853514432907,0.04764711856842041,0.37918880581855774,4,0.5,
fixed,1,2032,0.9228440523147583,0.0,0.029766201972961426,0.08596146106719971,0.96351557970047,4,0.75,
fixed,1,2033,1.9584829807281494,0.0,0.017313187941908836,0.1537325382232666,2.0132594108581543,4,0.75,
fixed,1,2034,0.6265435814857483,0.0,0.028850851580500603,0.0931779146194458,0.6689223647117615,4,0.75,
fixed,1,2035,0.9282912611961365,0.02447139099240303,0.000831507844850421,0.10318517684936523,0.9718982577323914,4,0.25,4.126255035400391
fixed,1,2036,0.37034809589385986,0.0,0.008861804381012917,0.04548370838165283,0.3884240984916687,4,0.25,
fixed,1,2037,1.5756739377975464,0.0,0.020773280411958694,0.0636221170425415,1.6051472425460815,4,0.25,
fixed,1,2038,0.8430885076522827,0.0,0.02001463994383812,0.1323939561843872,0.892814040184021,4,0.75,
fixed,1,2039,0.9813303351402283,0.028159502893686295,0.022239113226532936,0.1129920482635498,1.0404272079467773,4,0.75,
fixed,1,2040,0.7674683928489685,0.0,0.014064406976103783,0.06881797313690186,0.7951459884643555,4,0.5,4.40291690826416
fixed,1,2041,0.9009504914283752,0.0,0.0009000878781080246,0.38150858879089355,1.0158531665802002,4,0.0,
fixed,1,2042,0.5159733891487122,0.0,0.016667068004608154,0.13612091541290283,0.5651432275772095,4,0.25,
fixed,1,2043,0.6836519837379456,0.027764445170760155,0.008151891641318798,0.06325483322143555,0.7205865979194641,4,0.5,
fixed,1,2044,0.454782098531723,0.0,0.014349838718771935,0.06639647483825684,0.4818759560585022,4,0.5,
fixed,1,2045,0.7805308103561401,0.0,0.011363408528268337,0.06018233299255371,0.8042672276496887,4,0.5,3.6412336826324463
fixed,1,2046,0.7908349633216858,0.0,0.005085867829620838,0.08131253719329834,0.8177716732025146,4,0.25,
fixed,1,2047,0.6957966089248657,0.0,0.012241270393133163,0.10648858547210693,0.7338638305664062,4,0.25,
fixed,1,2048,1.1097396612167358,0.0,0.011998659931123257,0.0583033561706543,1.1332299709320068,4,0.5,
fixed,1,2049,0.6537512540817261,0.0,0.013795068487524986,0.18072223663330078,0.7148654460906982,4,0.75,
fixed,1,2050,0.5456610918045044,0.015034068375825882,0.019669342786073685,0.08069264888763428,0.5872206091880798,4,0.75,1.3064117431640625
fixed,1,2051,0.864155650138855,0.047435466200113297,6.432718510041013e-05,0.045885562896728516,0.9016712307929993,4,0.5,
fixed,1,2052,0.7217817306518555,0.0,0.010544427670538425,0.05968666076660156,0.7449599504470825,4,0.5,
fixed,1,2053,1.1417049169540405,0.015091566368937492,0.011279001832008362,0.0383150577545166,1.1663846969604492,4,0.5,
fixed,1,2054,0.6659848690032959,0.0,0.015033654868602753,0.15618550777435303,0.720357358455658,4,0.75,
fixed,1,2055,1.0602179765701294,0.0,0.006554147228598595,0.08594310283660889,1.089277982711792,4,0.25,2.0571186542510986
fixed,1,2056,0.33585023880004883,0.0,0.006192877888679504,0.09338521957397461,0.3669622540473938,4,0.25,
fixed,1,2057,0.5854443907737732,0.0,0.01436898298561573,0.07814586162567139,0.6160726547241211,4,0.25,
fixed,1,2058,0.7743592858314514,0.01617567241191864,0.006769951898604631,0.06053757667541504,0.8039933443069458,4,0.5,
fixed,1,2059,0.9921782612800598,0.0,0.037907570600509644,0.08897078037261963,1.0378233194351196,4,0.75,
fixed,1,2060,0.7691066861152649,0.0,0.014739926904439926,0.06671535968780518,0.796491265296936,4,0.5,4.1998467445373535
fixed,1,2061,1.1943426132202148,0.0,0.02255445346236229,0.051061391830444336,1.2209382057189941,4,0.5,
fixed,1,2062,0.49298274517059326,0.0,0.013928982429206371,0.1376638412475586,0.5412464141845703,4,0.25,
fixed,1,2063,0.3398154079914093,0.0,0.030600622296333313,0.11398625373840332,0.38931161165237427,4,0.75,
fixed,1,2064,0.42569252848625183,0.0,0.012958689592778683,0.12707412242889404,0.47029411792755127,4,0.25,
fixed,1,2065,0.5446469783782959,0.0,0.009510572999715805,0.34478020668029785,0.6528363227844238,4,0.25,2.957122564315796
fixed,1,2066,0.3512427508831024,0.0,0.01758689433336258,0.05855250358581543,0.3776019513607025,4,0.5,
fixed,1,2067,0.8573797345161438,0.0,0.011862566694617271,0.10124659538269043,0.893684983253479,4,0.25,
fixed,1,2068,1.1646722555160522,0.026840751990675926,0.0003164887602906674,0.023686647415161133,1.185356855392456,4,0.25,
fixed,1,2069,0.8669289350509644,0.0,0.003042759606614709,0.0771404504776001,0.8915924429893494,4,0.25,
fixed,1,2070,0.2613067626953125,0.0,0.0036229779943823814,0.07617354393005371,0.2859703302383423,4,0.25,1.5007901191711426
fixed,1,2071,0.9333611726760864,6.081636911403621e-06,0.003791703609749675,0.06795525550842285,0.9556466341018677,4,0.25,
fixed,1,2072,0.5389235615730286,2.613001193196851e-08,0.006849866826087236,0.2852437496185303,0.6279216408729553,4,0.75,
fixed,1,2073,0.5863504409790039,0.0,0.008885184302926064,0.3719205856323242,0.702369213104248,4,0.75,
fixed,1,2074,0.835368812084198,0.0,0.0030774616170674562,0.022379398345947266,0.8436213731765747,4,0.25,
fixed,1,2075,0.9884462952613831,0.0,0.002953797113150358,0.06577086448669434,1.0096544027328491,4,0.25,1.2286077737808228
fixed,1,2076,1.075796365737915,0.0,0.005791892297565937,0.10970413684844971,1.1116034984588623,4,0.5,
fixed,1,2077,0.5379348397254944,0.03222737833857536,0.0021344947163015604,0.09031248092651367,0.5822095274925232,4,0.5,
fixed,1,2078,0.8564435839653015,0.03250178322196007,0.0056672776117920876,0.25485336780548096,0.9519841074943542,4,0.75,
fixed,1,2079,0.8358210921287537,0.0,0.0031066371593624353,0.07461702823638916,0.859759509563446,4,0.25,
fixed,1,2080,0.6442273855209351,2.826367335728719e-06,6.407598266378045e-05,0.2524092197418213,0.7199835777282715,4,0.0,0.178409606218338
fixed,1,2081,0.9368008375167847,9.831184115682845e-07,0.0065945470705628395,0.08315920829772949,0.9650463461875916,4,0.5,
fixed,1,2082,0.9068522453308105,0.0002332507137907669,0.0075827185064554214,0.052367210388183594,0.9264703989028931,4,0.25,
fixed,1,2083,0.5870152115821838,0.0,0.015576425939798355,0.1099088191986084,0.6277760863304138,4,0.25,
fixed,1,2084,1.1218849420547485,0.0,0.010706101544201374,0.03246152400970459,1.1369764804840088,4,0.25,
fixed,1,2085,0.4786517024040222,1.7490377786089084e-06,0.010846704244613647,0.07559514045715332,0.506754457950592,4,0.5,3.70093035697937
fixed,1,2086,0.7191560864448547,3.4399365578252628e-09,0.005907198414206505,0.09652674198150635,0.7510676980018616,4,0.5,
fixed,1,2087,0.856986403465271,0.00014899780217092484,0.006721486337482929,0.1929035186767578,0.9182927012443542,4,0.0,
fixed,1,2088,0.5399162173271179,0.0,0.007742259185761213,0.09709775447845459,0.5729166865348816,4,0.5,
fixed,1,2089,0.4355774521827698,0.0,0.009846173226833344,0.2395542860031128,0.5123668313026428,4,0.75,
fixed,1,2090,0.5805410146713257,0.0,0.0038363782223314047,0.09848213195800781,0.6120038628578186,4,0.25,1.4485281705856323
fixed,1,2091,1.0085965394973755,1.1052952686441131e-05,0.003886501071974635,0.10281765460968018,1.0413906574249268,4,0.25,
fixed,1,2092,0.7844854593276978,0.0,0.0037889552768319845,0.10045003890991211,0.8165149688720703,4,0.25,
fixed,1,2093,0.865795910358429,0.03474957123398781,0.00786728784441948,0.22443366050720215,0.9544344544410706,4,0.75,
fixed,1,2094,0.7508684396743774,0.0,0.013207952491939068,0.048996686935424805,0.7721714377403259,4,0.25,
fixed,1,2095,1.62235426902771,4.96461070724763e-05,0.009281979873776436,0.09395134449005127,1.655205488204956,4,0.5,3.014899492263794
fixed,1,2096,0.9154711961746216,0.0013355340342968702,3.59462464984972e-05,0.2360212802886963,0.9869633316993713,4,0.0,
fixed,1,2097,0.7232178449630737,0.0,0.004534106235951185,0.2270359992980957,0.7935956716537476,4,0.0,
fixed,1,2098,1.536992073059082,0.0,0.014855697751045227,0.20150399208068848,1.604871153831482,4,0.75,
fixed,1,2099,0.4579521119594574,0.0,0.010267145000398159,0.0732957124710083,0.48507440090179443,4,0.5,
fixed,1,2100,0.7883137464523315,0.0,0.011914890259504318,0.06644725799560547,0.8142053484916687,4,0.5,3.75167179107666
fixed,1,2101,0.7057015299797058,0.0006240819930098951,0.006326568312942982,0.034026503562927246,0.7193847894668579,4,0.25,
fixed,1,2102,1.2564109563827515,0.0,0.012625439092516899,0.08337116241455078,1.2877349853515625,4,0.5,
fixed,1,2103,0.6534760594367981,0.03154149651527405,0.008916713297367096,0.20323598384857178,0.734675943851471,4,0.75,
fixed,1,2104,0.7844552993774414,0.0,0.018046127632260323,0.1772671937942505,0.8466585278511047,4,0.75,
fixed,1,2105,1.0182934999465942,0.030091186985373497,0.007239495404064655,0.09116709232330322,1.064309000968933,4,0.5,2.1652719974517822
fixed,1,2106,1.4049466848373413,0.027053093537688255,0.006811278872191906,0.07656717300415039,1.4448490142822266,4,0.5,
fixed,1,2107,0.6586447358131409,0.0,0.02023826166987419,0.1489856243133545,0.7134595513343811,4,0.75,
fixed,1,2108,0.5821327567100525,0.0,0.019351009279489517,0.039423584938049316,0.603635311126709,4,0.5,
fixed,1,2109,1.0056177377700806,0.0,0.01799839176237583,0.0672142505645752,1.0347812175750732,4,0.5,
fixed,1,2110,1.106476068496704,0.0,0.011069200932979584,0.05006301403045654,1.127029538154602,4,0.25,3.2967617511749268
fixed,1,2111,0.3855324387550354,0.01567668281495571,0.03452916443347931,0.0590742826461792,0.42835766077041626,4,0.75,
fixed,1,2112,1.0827736854553223,0.0,0.028278788551688194,0.09916400909423828,1.126662254333496,4,0.75,
fixed,1,2113,1.1596213579177856,0.0,0.010652805678546429,0.058815836906433105,1.182592511177063,4,0.25,
fixed,1,2114,0.975881040096283,0.0,0.015590034425258636,0.06593716144561768,1.0034571886062622,4,0.25,
fixed,1,2115,0.7404662370681763,0.0,0.0013415925204753876,0.47335171699523926,0.8831425309181213,4,0.0,1.4899046421051025
fixed,1,2116,0.8013080358505249,0.014169673435389996,0.009423259645700455,0.07049810886383057,0.8342539072036743,4,0.5,
fixed,1,2117,1.1166977882385254,0.0,0.02086685225367546,0.0628272294998169,1.145979404449463,4,0.5,
fixed,1,2118,1.060388445854187,0.0,0.034979045391082764,0.07031083106994629,1.0989712476730347,4,0.75,
fixed,1,2119,0.6640610694885254,0.0,0.021583423018455505,0.11274933815002441,0.7086775898933411,4,0.75,
fixed,1,2120,0.6375499963760376,0.021431008353829384,0.015756692737340927,0.08615875244140625,0.681991457939148,4,0.75,0.7986817955970764
fixed,1,2121,0.619270920753479,0.0,0.011773333884775639,0.05472373962402344,0.6415747404098511,4,0.5,
fixed,1,2122,0.5464251041412354,0.0,0.017719393596053123,0.04907214641571045,0.5700064301490784,4,0.5,
fixed,1,2123,0.5237274169921875,0.0,0.019699305295944214,0.053499579429626465,0.5496269464492798,4,0.5,
fixed,1,2124,0.6306750178337097,0.0,0.001039921655319631,0.19277656078338623,0.6890279650688171,4,0.0,
fixed,1,2125,1.0874210596084595,0.023979900404810905,0.01280526164919138,0.11654949188232422,1.1407785415649414,4,0.75,0.46678391098976135
fixed,1,2126,0.5476865172386169,0.018792033195495605,0.025051813572645187,0.25004827976226807,0.6446229219436646,4,1.0,
fixed,1,2127,1.2744050025939941,0.0,0.014745442196726799,0.05497848987579346,1.2982712984085083,4,0.5,
fixed,1,2128,0.36389049887657166,0.0,0.007545124739408493,0.1151270866394043,0.40220117568969727,4,0.25,
fixed,1,2129,0.4400213658809662,0.0,0.015933534130454063,0.03673148155212402,0.45900759100914,4,0.5,
fixed,1,2130,0.648908793926239,0.0,0.01344283763319254,0.0448455810546875,0.6690838932991028,4,0.5,3.971764087677002
fixed,1,2131,0.400359183549881,0.0,0.01702420599758625,0.13740766048431396,0.4500935971736908,4,0.75,
fixed,1,2132,0.7429477572441101,0.0,0.02018093876540661,0.03801250457763672,0.764441967010498,4,0.5,
fixed,1,2133,0.5513796806335449,0.0,0.019239798188209534,0.2817723751068115,0.6455312967300415,4,0.75,
fixed,1,2134,1.0785917043685913,3.549506573108374e-06,0.014487968757748604,0.07644534111022949,1.1087710857391357,4,0.5,
fixed,1,2135,0.721972644329071,0.0,0.022162454202771187,0.11696171760559082,0.7681424021720886,4,0.75,6.263012409210205
fixed,1,2136,0.7684603333473206,0.0,0.019237883388996124,0.12969696521759033,0.8169883489608765,4,0.75,
fixed,1,2137,1.5385663509368896,0.0,0.0018665646202862263,0.22310101985931396,1.606429934501648,4,0.0,
fixed,1,2138,1.302596092224121,0.028852472081780434,0.011947881430387497,0.05616307258605957,1.3398451805114746,4,0.5,
fixed,1,2139,1.068660020828247,0.0,0.014930414035916328,0.1697636842727661,1.1270543336868286,4,0.75,
fixed,1,2140,1.4507293701171875,0.0,0.019047848880290985,0.14968383312225342,1.5051584243774414,4,0.75,5.912637710571289
fixed,1,2141,0.9978229403495789,0.0,0.021966468542814255,0.06328344345092773,1.0277912616729736,4,0.5,
fixed,1,2142,0.6508187055587769,0.030568869784474373,0.009740013629198074,0.16377019882202148,0.7201042175292969,4,0.75,
fixed,1,2143,1.0193699598312378,0.0,0.014555467292666435,0.06266403198242188,1.0454468727111816,4,0.5,
fixed,1,2144,0.9966445565223694,0.0,0.029715996235609055,0.10397791862487793,1.0426958799362183,4,0.75,
fixed,1,2145,0.7343248724937439,0.01796361245214939,0.0011813482269644737,0.1880176067352295,0.8003026247024536,4,0.25,3.7650668621063232
fixed,1,2146,0.6177726984024048,0.0,0.030677886679768562,0.10887527465820312,0.6657742261886597,4,0.75,
fixed,1,2147,0.7177468538284302,0.0,0.008434541523456573,0.0448603630065918,0.7354222536087036,4,0.25,
fixed,1,2148,1.2496250867843628,0.0199776329100132,0.006983138155192137,0.07688736915588379,1.2861716747283936,4,0.5,
fixed,1,2149,1.456054449081421,0.0,0.00924092810600996,0.1767047643661499,1.5136862993240356,4,0.25,
fixed,1,2150,0.4831634759902954,0.0,0.025654081255197525,0.11640763282775879,0.5309128165245056,4,0.75,7.2198309898376465
fixed,1,2151,0.5643704533576965,0.015168900601565838,0.02128424495458603,0.14271128177642822,0.6254104375839233,4,0.75,
fixed,1,2152,0.6028269529342651,0.0,0.02199067547917366,0.1259775161743164,0.651615560054779,4,0.75,
fixed,1,2153,0.9621390104293823,0.018707267940044403,0.01484890840947628,0.098785400390625,1.0085526704788208,4,0.75,
fixed,1,2154,1.4566724300384521,0.012228601612150669,0.018351072445511818,0.07276606559753418,1.4937920570373535,4,0.75,
fixed,1,2155,0.4381316006183624,0.0,0.02200832962989807,0.04563593864440918,0.46282655000686646,4,0.5,5.872488498687744
fixed,1,2156,1.173198938369751,0.0,0.0027101689483970404,0.27446794509887695,1.2568943500518799,4,0.0,
fixed,1,2157,1.2114068269729614,0.0,0.019259870052337646,0.07160496711730957,1.2425183057785034,4,0.5,
fixed,1,2158,0.49981266260147095,0.0,0.02389337122440338,0.09073436260223389,0.5389796495437622,4,0.25,
fixed,1,2159,1.1492990255355835,0.0,0.0021236806642264128,0.4599021077156067,1.2883315086364746,4,0.0,
fixed,1,2160,1.1463292837142944,0.018998946994543076,0.001477847807109356,0.1578277349472046,1.2039159536361694,4,0.25,3.9122021198272705
fixed,1,2161,0.5937448143959045,0.0,0.0020344029180705547,0.24124884605407715,0.6671366691589355,4,0.0,
fixed,1,2162,1.3164863586425781,0.020571907982230186,0.0178742203861475,0.03145873546600342,1.3451470136642456,4,0.5,
fixed,1,2163,0.7911113500595093,0.0,0.009421835653483868,0.04279160499572754,0.8086597323417664,4,0.25,
fixed,1,2164,0.6367679834365845,0.0,0.0255565345287323,0.3462095260620117,0.7534090876579285,4,1.0,
fixed,1,2165,0.59995037317276,0.0,0.02948635444045067,0.32092511653900146,0.7109711170196533,4,1.0,8.611319541931152
fixed,1,2166,1.8327217102050781,0.0,0.0017830657307058573,0.35761284828186035,1.9408971071243286,4,0.0,
fixed,1,2167,0.6908031702041626,0.0,0.03161017596721649,0.0477299690246582,0.7209272384643555,4,0.5,
fixed,1,2168,0.9006600975990295,0.0,0.00106885377317667,0.31249523162841797,0.9949430823326111,4,0.0,
fixed,1,2169,1.122657299041748,0.0,0.02211899869143963,0.03551316261291504,1.1443707942962646,4,0.5,
fixed,1,2170,0.8405513763427734,0.0,0.04054572805762291,0.06692099571228027,0.8809005618095398,4,0.75,9.171547889709473
fixed,1,2171,0.7788846492767334,0.0,0.02709762193262577,0.08701753616333008,0.8185387253761292,4,0.75,
fixed,1,2172,1.102225422859192,0.0,0.011490103788673878,0.04388105869293213,1.1211347579956055,4,0.5,
fixed,1,2173,1.3288453817367554,9.362221135233995e-06,0.022417740896344185,0.10378062725067139,1.3711931705474854,4,0.75,
fixed,1,2174,1.0448426008224487,0.03047320619225502,0.025823399424552917,0.30357110500335693,1.164062261581421,4,1.0,
fixed,1,2175,0.7784678339958191,6.187595135997981e-05,0.006841776426881552,0.04932069778442383,0.7967158555984497,4,0.25,1.9734773635864258
fixed,1,2176,1.0040613412857056,6.224491517059505e-05,0.00609592767432332,0.06501758098602295,1.0266456604003906,4,0.25,
fixed,1,2177,0.29131945967674255,6.835710519226268e-05,0.007028763182461262,0.06975340843200684,0.31579405069351196,4,0.25,
fixed,1,2178,0.7708684206008911,0.0,0.023618940263986588,0.3791135549545288,0.8964119553565979,4,1.0,
fixed,1,2179,0.32797616720199585,0.02448832057416439,0.0059673055075109005,0.053856611251831055,0.3593609631061554,4,0.5,
fixed,1,2180,0.5299619436264038,0.027738813310861588,0.008104952983558178,0.07301914691925049,0.5697895884513855,4,0.5,2.0008363723754883
fixed,1,2181,1.5253212451934814,0.02120293118059635,0.007096009328961372,0.06273126602172852,1.5582901239395142,4,0.5,
fixed,1,2182,0.7282763719558716,0.0,0.017941467463970184,0.1733611822128296,0.7892554402351379,4,0.75,
fixed,1,2183,0.5578817129135132,0.0,0.023276105523109436,0.05778336524963379,0.5868547558784485,4,0.5,
fixed,1,2184,0.3792821168899536,0.0,0.037666819989681244,0.07811462879180908,0.421549916267395,4,0.75,
fixed,1,2185,0.6845778822898865,0.0,0.01112386118620634,0.11581158638000488,0.7248833179473877,4,0.25,3.0221710205078125
fixed,1,2186,1.1646672487258911,0.0,0.01145679410547018,0.1158292293548584,1.2051444053649902,4,0.25,
fixed,1,2187,1.4583051204681396,0.0,0.021188432350754738,0.05739164352416992,1.486116886138916,4,0.5,
fixed,1,2188,1.313636302947998,0.0,0.009489893913269043,0.05404341220855713,1.3345942497253418,4,0.25,
fixed,1,2189,0.608306884765625,0.0001299202413065359,0.0230674147605896,0.043073177337646484,0.6328275203704834,4,0.5,
fixed,1,2190,0.7671650052070618,0.0,0.021348807960748672,0.06738042831420898,0.7980535626411438,4,0.5,5.778860092163086
fixed,1,2191,0.4112602770328522,0.0,0.020732399076223373,0.07061553001403809,0.44281113147735596,4,0.5,
fixed,1,2192,0.8695688247680664,0.0,0.01914810761809349,0.05248391628265381,0.8948880434036255,4,0.5,
fixed,1,2193,1.6177524328231812,0.0,0.006605163216590881,0.10343730449676514,1.6520862579345703,4,0.25,
fixed,1,2194,1.1769055128097534,0.04782053083181381,0.006708833388984203,0.12144923210144043,1.2406049966812134,4,0.75,
fixed,1,2195,0.696678638458252,0.0,0.007191304117441177,0.09463977813720703,0.7286662459373474,4,0.25,2.3021392822265625
fixed,1,2196,0.7535613179206848,0.0,0.006950340699404478,0.08325862884521484,0.7820140719413757,4,0.25,
fixed,1,2197,0.9482706189155579,0.0,0.0004279294516891241,0.1853044033050537,1.0040758848190308,4,0.0,
fixed,1,2198,1.4464746713638306,0.0,0.012452669441699982,0.09871768951416016,1.482316255569458,4,0.25,
fixed,1,2199,1.2000285387039185,0.027767285704612732,0.0055597457103431225,0.04815530776977539,1.2311387062072754,4,0.5,
fixed,1,2200,0.6850442290306091,0.031515948474407196,0.005433772224932909,0.0713733434677124,0.7249311208724976,4,0.5,2.561124563217163
fixed,1,2201,0.297214150428772,0.0,0.017774319276213646,0.16147220134735107,0.35454297065734863,4,0.75,
fixed,1,2202,0.8633541464805603,0.0,0.01242714375257492,0.06626689434051514,0.889447808265686,4,0.5,
fixed,1,2203,1.10015869140625,0.0,0.012912172824144363,0.06496524810791016,1.1261043548583984,4,0.5,
fixed,1,2204,0.23671817779541016,0.0,0.008062861859798431,0.11346197128295898,0.2747882008552551,4,0.25,
fixed,1,2205,0.591033935546875,0.02900894545018673,0.011036520823836327,0.15702486038208008,0.6581641435623169,4,0.75,1.2196180820465088
fixed,1,2206,0.9985408186912537,0.0,0.0242510586977005,0.22249948978424072,1.077416181564331,4,0.75,
fixed,1,2207,1.102576732635498,0.0,0.021654173731803894,0.14110350608825684,1.155734896659851,4,0.75,
fixed,1,2208,0.8814582228660583,0.023058652877807617,0.0067040640860795975,0.05786848068237305,0.9137001037597656,4,0.5,
fixed,1,2209,0.9478211998939514,0.041303571313619614,5.7585028116591275e-05,0.05180370807647705,0.9840428829193115,4,0.5,
fixed,1,2210,1.02667236328125,0.01709889993071556,0.015872318297624588,0.10209488868713379,1.0737864971160889,4,0.75,1.1518758535385132
fixed,1,2211,0.8912528157234192,0.0,0.0004934254102408886,0.3612196445465088,0.9998654127120972,4,0.0,
fixed,1,2212,0.80891352891922,0.0,0.02822430618107319,0.19094014167785645,0.8803077340126038,4,0.75,
fixed,1,2213,0.6232727766036987,0.0,0.010118563659489155,0.09770679473876953,0.6576440930366516,4,0.25,
fixed,1,2214,1.0179626941680908,0.01975487731397152,0.03255443647503853,0.21719765663146973,1.1092766523361206,4,1.0,
fixed,1,2215,0.6110002994537354,0.0,0.020997386425733566,0.030261993408203125,0.630577564239502,4,0.5,5.226320743560791
fixed,1,2216,0.7595871686935425,0.0,0.025761205703020096,0.043415188789367676,0.7854923009872437,4,0.5,
fixed,1,2217,0.8843145370483398,0.0,0.042010873556137085,0.06473100185394287,0.9247393012046814,4,0.75,
fixed,1,2218,1.0914831161499023,0.0,0.024470236152410507,0.037549495697021484,1.114983081817627,4,0.5,
fixed,1,2219,1.0697141885757446,0.0,0.036244988441467285,0.07480311393737793,1.1102776527404785,4,0.75,
fixed,1,2220,1.5115196704864502,0.01617148146033287,0.0004025383968837559,0.12440645694732666,1.557128667831421,4,0.25,3.3118410110473633
fixed,1,2221,1.109814167022705,0.0,0.01432335376739502,0.13148295879364014,1.1564207077026367,4,0.25,
fixed,1,2222,1.029343843460083,0.016809701919555664,0.014067117124795914,0.05257093906402588,1.0605535507202148,4,0.5,
fixed,1,2223,1.1876792907714844,0.0,0.00023081133258529007,0.303652286529541,1.2788903713226318,4,0.0,
fixed,1,2224,0.7077722549438477,0.0,0.03822196647524834,0.0642385482788086,0.74615478515625,4,0.5,
fixed,1,2225,1.2214324474334717,0.0,0.0012529112864285707,0.20566868782043457,1.2837594747543335,4,0.0,0.8847169280052185
fixed,1,2226,0.932103157043457,0.0,0.011993305757641792,0.053473711013793945,0.9541419148445129,4,0.25,
fixed,1,2227,0.9567136168479919,0.0,0.0306971725076437,0.10359692573547363,1.0031412839889526,4,0.75,
fixed,1,2228,0.597915768623352,0.01389346458017826,0.02906941995024681,0.21207726001739502,0.6830204129219055,4,1.0,
fixed,1,2229,0.15954656898975372,1.1537539648998063e-05,0.018789738416671753,0.04583442211151123,0.18269753456115723,4,0.5,
fixed,1,2230,1.0876237154006958,0.0,0.01715466007590294,0.05474662780761719,1.112625002861023,4,0.5,4.551759243011475
fixed,1,2231,1.0343172550201416,0.0,0.01828301139175892,0.06500506401062012,1.0629602670669556,4,0.5,
fixed,1,2232,1.0219277143478394,0.0,0.024109067395329475,0.14710783958435059,1.078114628791809,4,0.75,
fixed,1,2233,0.2948477864265442,0.0,0.015813753008842468,0.058675408363342285,0.3203572928905487,4,0.5,
fixed,1,2234,0.5825733542442322,0.02754378505051136,0.02265186235308647,0.35370099544525146,0.713781476020813,4,1.0,
fixed,1,2235,0.8220072388648987,0.0,0.0004902556538581848,0.20947515964508057,0.8850948810577393,4,0.0,0.36970847845077515
fixed,1,2236,0.9857223629951477,0.0,0.02610868215560913,0.12736177444458008,1.0369852781295776,4,0.75,
fixed,1,2237,0.5826377272605896,0.0,0.028610078617930412,0.13687241077423096,0.63800448179245,4,0.75,
fixed,1,2238,0.6147950887680054,0.0,0.0018499288707971573,0.2227935791015625,0.6825581192970276,4,0.0,
fixed,1,2239,0.6554473042488098,0.0,0.012332260608673096,0.11221933364868164,0.6952792406082153,3,0.5,
fixed,1,2240,1.1837669610977173,0.0,0.014998575672507286,0.1498270034790039,1.2362143993377686,4,0.25,3.5371952056884766
fixed,1,2241,1.2689359188079834,0.0,0.02761526219546795,0.07719767093658447,1.3059028387069702,4,0.5,
fixed,1,2242,1.2360833883285522,0.0,0.0072929151356220245,0.11693716049194336,1.274811029434204,4,0.25,
fixed,1,2243,0.5737892985343933,0.0,0.011338568292558193,0.11658847332000732,0.6144351363182068,4,0.25,
fixed,1,2244,0.38866060972213745,0.0,0.018378980457782745,0.05270504951477051,0.4136616289615631,4,0.5,
fixed,1,2245,1.3695272207260132,0.03563794121146202,0.014236192218959332,0.059033870697021484,1.4121744632720947,4,0.5,1.8063234090805054
fixed,1,2246,1.0485488176345825,0.0,0.012214615009725094,0.1985180377960205,1.1142115592956543,4,0.75,
fixed,1,2247,0.4523277282714844,0.027180170640349388,0.0048528858460485935,0.057308077812194824,0.48553669452667236,4,0.5,
fixed,1,2248,0.7439327239990234,0.0,0.008006146177649498,0.07087540626525879,0.7691984176635742,4,0.5,
fixed,1,2249,0.4308268427848816,0.0,0.009435273706912994,0.09530842304229736,0.4641370177268982,4,0.5,
fixed,1,2250,0.4434337019920349,8.076000085566193e-06,4.1093411709880456e-05,0.22491168975830078,0.5109317898750305,4,0.0,0.16375768184661865
fixed,1,2251,0.7126074433326721,0.024028899148106575,0.007937378250062466,0.16266274452209473,0.777389407157898,4,0.75,
fixed,1,2252,0.3911566734313965,0.019915062934160233,0.01129588857293129,0.12820374965667725,0.44522327184677124,4,0.75,
fixed,1,2253,0.8214997053146362,0.0,0.008540462702512741,0.055481910705566406,0.8424144983291626,4,0.5,
fixed,1,2254,0.7791829705238342,0.021917130798101425,0.00012385629815980792,0.061068058013916016,0.8085238933563232,4,0.25,
fixed,1,2255,1.4222763776779175,0.0,0.01331915520131588,0.1768127679824829,1.4819798469543457,4,0.75,4.186253547668457
fixed,1,2256,0.8035631775856018,0.0,0.016316404566168785,0.05352592468261719,0.8277791738510132,4,0.5,
fixed,1,2257,1.339484691619873,0.0,0.0192261952906847,0.06037092208862305,1.3672090768814087,4,0.5,
fixed,1,2258,0.4743151366710663,0.017199285328388214,0.021101629361510277,0.08206343650817871,0.5180846452713013,4,0.75,
fixed,1,2259,0.6356980204582214,0.0,0.021815966814756393,0.22693097591400146,0.714685320854187,4,0.75,
fixed,1,2260,0.48418864607810974,0.029376165941357613,0.01656245067715645,0.12346136569976807,0.544196367263794,4,0.75,0.6939416527748108
fixed,1,2261,1.0774681568145752,0.009748936630785465,0.024469807744026184,0.20849931240081787,1.1571273803710938,4,1.0,
fixed,1,2262,1.3164010047912598,0.021856090053915977,0.015526126138865948,0.08841919898986816,1.361617922782898,4,0.5,
fixed,1,2263,1.0401701927185059,0.0,0.016011551022529602,0.22209537029266357,1.1148046255111694,4,0.25,
fixed,1,2264,1.379788875579834,0.0,0.023909850046038628,0.10802435874938965,1.424151062965393,4,0.5,
fixed,1,2265,0.6788781881332397,0.0,0.021528953686356544,0.24450480937957764,0.762994110584259,4,0.25,4.303790092468262
fixed,1,2266,0.8960088491439819,0.0,0.048986613750457764,0.1809537410736084,0.9747883081436157,4,1.0,
fixed,1,2267,0.40091168880462646,0.021096834912896156,0.01175627950578928,0.06457114219665527,0.43670958280563354,4,0.75,
fixed,1,2268,0.8316947221755981,0.0,0.01134738139808178,0.18615210056304932,0.8932140469551086,4,0.25,
fixed,1,2269,0.6819542646408081,0.0,0.027541033923625946,0.08123719692230225,0.7200959324836731,4,0.5,
fixed,1,2270,0.757517397403717,0.0,0.0017884359695017338,0.451449990272522,0.8938466310501099,4,0.0,1.7977800369262695
fixed,1,2271,0.7749695181846619,0.015511592850089073,0.01350912731140852,0.0676412582397461,0.809772253036499,4,0.75,
fixed,1,2272,0.9322028160095215,0.0043397508561611176,0.012110171839594841,0.06558835506439209,0.9601042866706848,4,0.25,
fixed,1,2273,0.3853219747543335,0.0,0.020945953205227852,0.04734086990356445,0.40999722480773926,4,0.5,
fixed,1,2274,1.1976535320281982,0.0,0.01933136209845543,0.05908524990081787,1.225044846534729,4,0.25,
fixed,1,2275,0.848456621170044,0.0,0.029327351599931717,0.02777421474456787,0.8714525699615479,4,0.5,6.4196319580078125
fixed,1,2276,0.7483398914337158,0.0,0.0371454656124115,0.06889951229095459,0.7875824570655823,4,0.75,
fixed,1,2277,0.6587244272232056,0.0,0.013938717544078827,0.1223444938659668,0.7023971080780029,4,0.25,
fixed,1,2278,0.7932651042938232,0.013791149482131004,0.011436165310442448,0.03184080123901367,0.8154309988021851,4,0.5,
fixed,1,2279,1.0576794147491455,0.01431979238986969,0.0015600565820932388,0.02357625961303711,1.0726922750473022,4,0.5,
fixed,1,2280,0.3585336208343506,0.0,0.02056344598531723,0.045215487480163574,0.3823799788951874,4,0.5,5.268609523773193
fixed,1,2281,0.2166522592306137,0.0,0.00956723839044571,0.10511195659637451,0.2529694736003876,4,0.25,
fixed,1,2282,0.6226934790611267,0.0,0.06145557388663292,0.05785834789276123,0.670778751373291,4,0.75,
fixed,1,2283,1.2515718936920166,0.0,0.007682448253035545,0.10281920433044434,1.2862589359283447,4,0.25,
fixed,1,2284,0.8424013257026672,0.0,0.022250864654779434,0.16472017765045166,0.9029428362846375,4,0.75,
fixed,1,2285,0.5788750648498535,0.0,0.005128602031618357,0.040637969970703125,0.5936307311058044,4,0.25,1.6412885189056396
fixed,1,2286,0.8645034432411194,0.0,0.00579042686149478,0.11867940425872803,0.9030025005340576,4,0.5,
fixed,1,2287,0.4599625766277313,0.0,0.008584738709032536,0.2686326503753662,0.5448447465896606,4,0.75,
fixed,1,2288,0.6643720269203186,0.018774069845676422,0.0036402468103915453,0.09985053539276123,0.7055343389511108,4,0.5,
fixed,1,2289,0.842766284942627,0.0,0.005368464160710573,0.12584662437438965,0.8832045197486877,4,0.5,
fixed,1,2290,0.8840144872665405,0.0,0.008756248280405998,0.24248218536376953,0.9611372947692871,4,0.75,3.190537691116333
fixed,1,2291,0.650203287601471,0.03767326846718788,0.001663113129325211,0.11500585079193115,0.7043732404708862,4,0.5,
fixed,1,2292,0.7030183672904968,0.0,0.005458584520965815,0.11207890510559082,0.7393713593482971,4,0.5,
fixed,1,2293,0.43831852078437805,0.0,0.0048342514783144,0.14989030361175537,0.4857027530670166,4,0.25,
fixed,1,2294,0.38923242688179016,0.017480986192822456,0.004782829899340868,0.09581077098846436,0.42910757660865784,4,0.5,
fixed,1,2295,1.1990398168563843,0.0,0.004776363261044025,0.04000496864318848,1.2134294509887695,4,0.25,1.8728415966033936
fixed,1,2296,1.1700444221496582,0.0,0.008252974599599838,0.09146761894226074,1.2016111612319946,4,0.5,
fixed,1,2297,1.2933216094970703,0.0,0.012523699551820755,0.19747889041900635,1.3588271141052246,4,0.75,
fixed,1,2298,0.427406370639801,0.0,0.0029577964451164007,0.12310552597045898,0.4658169150352478,4,0.25,
fixed,1,2299,0.4234904646873474,0.0,0.025303006172180176,0.12173521518707275,0.4726625382900238,4,0.75,
fixed,1,2300,1.0836204290390015,0.0,0.027473310008645058,0.10634326934814453,1.1292600631713867,4,0.75,6.9144487380981445
fixed,1,2301,0.9043110013008118,0.0,0.0015818442916497588,0.231695294380188,0.9746105074882507,4,0.0,
fixed,1,2302,1.3448877334594727,0.0,0.0051191383972764015,0.0949631929397583,1.3759362697601318,4,0.25,
fixed,1,2303,0.9754834175109863,0.0,0.011439613997936249,0.06432628631591797,1.0005011558532715,4,0.5,
fixed,1,2304,0.8150349259376526,0.0,0.01696433126926422,0.04108166694641113,0.8358415961265564,4,0.5,
fixed,1,2305,0.6249741911888123,0.0,0.013544265180826187,0.16289770603179932,0.6806156635284424,4,0.75,4.251827239990234
fixed,1,2306,0.4170648753643036,0.0,0.014857595786452293,0.042198896408081055,0.43715333938598633,4,0.5,
fixed,1,2307,0.8997350335121155,0.0,0.009579846635460854,0.10124683380126953,0.9348990321159363,4,0.25,
fixed,1,2308,1.0554133653640747,0.0,0.0011430858867242932,0.1973423957824707,1.115187644958496,4,0.0,
fixed,1,2309,0.3169759213924408,0.0,0.03146234154701233,0.31063640117645264,0.425898015499115,4,1.0,
fixed,1,2310,0.4221019744873047,0.0,0.016895176842808723,0.43257856369018555,0.5603231191635132,4,1.0,5.400516033172607
fixed,1,2311,0.30347397923469543,0.0,0.03870432451367378,0.065865159034729,0.3425856828689575,4,0.75,
fixed,1,2312,0.8743037581443787,0.030960215255618095,0.007999918423593044,0.16091954708099365,0.9420596957206726,4,0.75,
fixed,1,2313,0.6083710193634033,0.0,0.01953919418156147,0.06542086601257324,0.6377668976783752,4,0.5,
fixed,1,2314,1.1463227272033691,0.0,0.007023459300398827,0.0997399091720581,1.1797564029693604,4,0.25,
fixed,1,2315,0.8143209218978882,0.0,0.013590462505817413,0.05048775672912598,0.8362624645233154,4,0.5,3.8251566886901855
fixed,1,2316,1.2456421852111816,0.0,0.023553792387247086,0.10195255279541016,1.2880048751831055,4,0.75,
fixed,1,2317,0.30642032623291016,0.0,0.02200578898191452,0.11982393264770508,0.35337039828300476,4,0.75,
fixed,1,2318,1.3342944383621216,0.02258014678955078,0.010598508641123772,0.10954833030700684,1.3837482929229736,4,0.75,
fixed,1,2319,0.3953096270561218,0.0,0.005443244706839323,0.10838353633880615,0.4305463135242462,4,0.25,
fixed,1,2320,0.6985499262809753,0.0,0.014352794736623764,0.1603161096572876,0.7538211345672607,4,0.75,4.416188716888428
fixed,1,2321,0.4401486814022064,0.0,0.012626824900507927,0.17334306240081787,0.49846500158309937,4,0.75,
fixed,1,2322,1.236140251159668,0.0,0.011981843039393425,0.18307161331176758,1.2970526218414307,4,0.75,
fixed,1,2323,0.9027620553970337,0.03124050237238407,0.04034111276268959,0.21502161026000977,1.0030593872070312,4,1.0,
fixed,1,2324,1.057855486869812,0.053386494517326355,0.01754838228225708,0.08033788204193115,1.1174242496490479,4,0.75,
fixed,1,2325,1.191061019897461,0.0,0.01179961021989584,0.0831153392791748,1.221895456314087,4,0.5,3.539177179336548
fixed,1,2326,0.5166967511177063,0.0,0.026140235364437103,0.09521877765655518,0.5583325028419495,4,0.75,
fixed,1,2327,0.8439589738845825,0.0,0.024703502655029297,0.07950091361999512,0.8801609873771667,4,0.5,
fixed,1,2328,0.5488952994346619,0.0,0.012756118550896645,0.22281718254089355,0.6221185326576233,4,0.25,
fixed,1,2329,1.0432240962982178,0.013841901905834675,0.007058806251734495,0.0702517032623291,1.0747499465942383,4,0.5,
fixed,1,2330,0.6436542272567749,0.007960748858749866,0.025840647518634796,0.17576944828033447,0.7132857441902161,4,1.0,4.662100315093994
fixed,1,2331,0.8663342595100403,0.0,0.020041169598698616,0.06010890007019043,0.8943874835968018,4,0.5,
fixed,1,2332,1.2516663074493408,0.0,0.017364751547574997,0.061922550201416016,1.2789254188537598,4,0.5,
fixed,1,2333,1.095262885093689,0.0,0.02692691795527935,0.06825578212738037,1.1292030811309814,4,0.5,
fixed,1,2334,1.5422186851501465,0.0,0.031223557889461517,0.07366609573364258,1.579930305480957,4,0.75,
fixed,1,2335,0.6060816645622253,0.0,0.01539350301027298,0.06362247467041016,0.6328651309013367,4,0.5,4.430688858032227
fixed,1,2336,0.8545872569084167,0.01861434057354927,0.019584378227591515,0.0603640079498291,0.891795814037323,4,0.75,
fixed,1,2337,0.4914850890636444,0.0,0.03398943692445755,0.15984177589416504,0.5564323663711548,4,0.75,
fixed,1,2338,1.1317001581192017,0.0,0.02539047598838806,0.08199930191040039,1.1689951419830322,4,0.75,
fixed,1,2339,0.460433691740036,0.0,0.01942060887813568,0.06999564170837402,0.4911426901817322,4,0.5,
fixed,1,2340,0.6298906803131104,0.0,0.015340542420744896,0.06931734085083008,0.6583561301231384,4,0.5,4.525910377502441
fixed,1,2341,0.9882255792617798,0.0,0.04390833526849747,0.05192208290100098,1.0257563591003418,4,0.75,
fixed,1,2342,0.6542462706565857,0.0,0.0030904673039913177,0.255560040473938,0.732459545135498,4,0.0,
fixed,1,2343,0.5859386920928955,0.0067734140902757645,0.010313092730939388,0.021045565605163574,0.6007956266403198,4,0.5,
fixed,1,2344,0.533366858959198,0.0,0.04588324576616287,0.09102797508239746,0.5836168527603149,4,0.75,
fixed,1,2345,1.2091717720031738,0.0,0.013689514249563217,0.08729803562164307,1.2422059774398804,4,0.5,4.098042011260986
fixed,1,2346,1.688047170639038,0.0,0.021136486902832985,0.21007180213928223,1.7616369724273682,4,0.25,
fixed,1,2347,0.6471497416496277,0.02303127385675907,0.004392530303448439,0.26105666160583496,0.7391786575317383,4,0.5,
fixed,1,2348,0.9799085259437561,0.0,0.024427400901913643,0.1419668197631836,1.034712314605713,4,0.75,
fixed,1,2349,0.8134851455688477,0.01857050135731697,0.0069912574253976345,0.16496610641479492,0.8757558465003967,4,0.75,
fixed,1,2350,0.8533024787902832,0.0355110839009285,0.005295082461088896,0.22468531131744385,0.941111147403717,4,0.75,2.32812237739563
fixed,1,2351,0.7200362086296082,0.013305068016052246,0.017864352092146873,0.10076546669006348,0.7658505439758301,4,0.75,
fixed,1,2352,0.583663284778595,0.0,0.022845320403575897,0.03042614459991455,0.6042137742042542,4,0.5,
fixed,1,2353,0.5532822012901306,0.0,0.0017406957922503352,0.4004260301589966,0.6742803454399109,4,0.0,
fixed,1,2354,1.274401068687439,0.0,0.017164770513772964,0.2671058177947998,1.3631151914596558,4,0.75,
fixed,1,2355,0.9243137836456299,0.009395205415785313,0.00531915295869112,0.06440591812133789,0.95099276304245,4,0.5,1.7238268852233887
fixed,1,2356,1.2335726022720337,0.011546907015144825,0.0012037607375532389,0.1730952262878418,1.2918765544891357,4,0.25,
fixed,1,2357,0.743812084197998,0.0,0.013682314194738865,0.05667102336883545,0.767654538154602,4,0.5,
fixed,1,2358,0.28763681650161743,0.0,0.016217906028032303,0.06366288661956787,0.31484463810920715,4,0.5,
fixed,1,2359,0.8636033535003662,0.0,0.009678407572209835,0.043612003326416016,0.8815261721611023,4,0.25,
fixed,1,2360,1.139983892440796,0.0,0.0348043367266655,0.1620175838470459,1.2059913873672485,4,0.75,8.24107837677002
fixed,1,2361,1.0828044414520264,0.0,0.03502494841814041,0.06610894203186035,1.1201496124267578,4,0.5,
fixed,1,2362,1.0336999893188477,0.0,0.0007213097997009754,0.3866623044013977,1.1500593423843384,4,0.0,
fixed,1,2363,1.1963608264923096,0.006456972565501928,0.006107560358941555,0.060706377029418945,1.2208549976348877,4,0.5,
fixed,1,2364,0.710541844367981,0.030311521142721176,0.01277940347790718,0.14840924739837646,0.7766100764274597,4,0.75,
fixed,1,2365,0.6787334084510803,0.02968042530119419,0.007445316296070814,0.053479909896850586,0.7133402824401855,4,0.5,1.9431442022323608
fixed,1,2366,1.3949196338653564,0.0,0.011038563214242458,0.06659853458404541,1.4204185009002686,4,0.5,
fixed,1,2367,1.1249793767929077,7.084431126713753e-05,0.005421806126832962,0.06898069381713867,1.1484198570251465,4,0.25,
fixed,1,2368,0.21398156881332397,0.0,0.011266477406024933,0.10521209239959717,0.25117844343185425,4,0.25,
fixed,1,2369,1.265509009361267,0.0,0.00013594441406894475,0.3394591808319092,1.3674147129058838,4,0.0,
fixed,1,2370,0.7520611882209778,0.0,0.026956452056765556,0.35153210163116455,0.8709990382194519,4,1.0,7.970168113708496
fixed,1,2371,1.0681344270706177,0.0,0.0163952074944973,0.169897198677063,1.1273012161254883,4,0.75,
fixed,1,2372,0.4691910445690155,3.003749498020625e-07,0.017364569008350372,0.15615499019622803,0.5247199535369873,4,0.75,
fixed,1,2373,0.3440673053264618,1.1555933099316462e-07,0.011897114105522633,0.047452449798583984,0.36425164341926575,4,0.5,
fixed,1,2374,1.0737271308898926,0.014621947892010212,0.008241765201091766,0.05311238765716553,1.1010926961898804,4,0.5,
fixed,1,2375,0.5460370182991028,0.0,0.0136264618486166,0.044458985328674316,0.5661879181861877,4,0.5,4.063940048217773
fixed,1,2376,1.0698010921478271,0.0,0.007183076348155737,0.082924485206604,1.0982699394226074,4,0.25,
fixed,1,2377,1.1584718227386475,0.024488933384418488,0.001248365268111229,0.048835158348083496,1.1859910488128662,4,0.25,
fixed,1,2378,0.4741615056991577,0.0,0.018214000388979912,0.05896258354187012,0.5009572505950928,4,0.5,
fixed,1,2379,1.025787115097046,0.0,0.02143009565770626,0.1350536346435547,1.0770182609558105,4,0.75,
fixed,1,2380,0.30769169330596924,0.0,0.0003551303525455296,0.35552334785461426,0.4145262539386749,4,0.0,0.9384517073631287
fixed,1,2381,1.0001130104064941,0.0,0.009092268534004688,0.10743856430053711,1.0368907451629639,4,0.25,
fixed,1,2382,0.566247284412384,0.0,0.009255966171622276,0.10170161724090576,0.601385772228241,4,0.25,
fixed,1,2383,1.7621461153030396,0.0,0.011021271347999573,0.048507094383239746,1.7822089195251465,4,0.25,
fixed,1,2384,0.8589747548103333,0.0,0.015871906653046608,0.058868408203125,0.8845712542533875,4,0.5,
fixed,1,2385,0.7009486556053162,0.0,0.012008138000965118,0.07857632637023926,0.7305256128311157,4,0.5,3.8344032764434814
fixed,1,2386,1.334560751914978,0.0,0.008778147399425507,0.042612314224243164,1.3517335653305054,4,0.25,
fixed,1,2387,1.07492995262146,0.0,0.02476739138364792,0.4057389497756958,1.2090353965759277,4,1.0,
fixed,1,2388,1.0594793558120728,0.029455821961164474,0.009937653318047523,0.18966269493103027,1.1360749006271362,4,0.75,
fixed,1,2389,0.6533966064453125,0.028319524601101875,0.008331113494932652,0.054799795150756836,0.6881618499755859,4,0.5,
fixed,1,2390,1.2758686542510986,0.0,0.013523479923605919,0.05810284614562988,1.3000612258911133,4,0.5,3.987804412841797
fixed,1,2391,0.7267416715621948,0.0,0.020164668560028076,0.1450275182723999,0.7803322672843933,4,0.75,
fixed,1,2392,1.0373319387435913,0.0,0.016911540180444717,0.05409395694732666,1.0620158910751343,4,0.5,
fixed,1,2393,0.5502011179924011,0.0,0.020969536155462265,0.041314125061035156,0.5730801224708557,4,0.5,
fixed,1,2394,0.7464215755462646,0.02349429950118065,0.003584313904866576,0.04201853275299072,0.7725664377212524,4,0.25,
fixed,1,2395,0.46369433403015137,0.0,0.022639600560069084,0.17484521865844727,0.5274677276611328,4,0.25,4.881057262420654
fixed,1,2396,1.072624921798706,0.0,0.01710963249206543,0.06783890724182129,1.1015313863754272,4,0.5,
fixed,1,2397,0.4677858054637909,0.0,0.02249983325600624,0.23295485973358154,0.5489221811294556,4,0.75,
fixed,1,2398,0.499878853559494,0.030791664496064186,0.013426108285784721,0.15947389602661133,0.5698299407958984,4,0.75,
fixed,1,2399,0.826237678527832,0.0,0.010211501270532608,0.05236530303955078,0.847053050994873,4,0.25,
fixed,1,2400,0.8243427276611328,0.0,0.001994393765926361,0.24277329444885254,0.8981719017028809,4,0.0,1.416300892829895
fixed,1,2401,1.0613446235656738,0.0,0.018629642203450203,0.048349618911743164,1.0851643085479736,4,0.5,
fixed,1,2402,0.782100260257721,0.0,0.009288700297474861,0.12456965446472168,0.824115514755249,4,0.25,
fixed,1,2403,0.9225965142250061,0.0,0.01944805681705475,0.17706036567687988,0.9854386448860168,4,0.25,
fixed,1,2404,0.989423930644989,0.024983996525406837,0.00581328384578228,0.060300469398498535,1.0229127407073975,4,0.5,
fixed,1,2405,0.6552783250808716,0.0,0.012466538697481155,0.07049179077148438,0.6826591491699219,4,0.5,3.947112798690796
fixed,1,2406,0.9981191754341125,0.0,0.0003006715269293636,0.3060044050216675,1.0900708436965942,4,0.0,
fixed,1,2407,0.9749104976654053,0.02159792371094227,0.0046044993214309216,0.058004140853881836,1.0054129362106323,4,0.5,
fixed,1,2408,0.7375944256782532,0.0,0.009276562370359898,0.06697714328765869,0.7623258233070374,4,0.5,
fixed,1,2409,1.523972988128662,0.017495930194854736,0.004382619168609381,0.053520917892456055,1.5509685277938843,4,0.5,
fixed,1,2410,0.6395344138145447,0.0,0.013712308369576931,0.3153187036514282,0.740986168384552,4,0.75,4.713595867156982
fixed,1,2411,1.1311562061309814,0.0,0.012996125034987926,0.05249428749084473,1.15340256690979,4,0.5,
fixed,1,2412,0.9937966465950012,0.0,0.015646230429410934,0.05033731460571289,1.0167210102081299,4,0.25,
fixed,1,2413,0.9546183347702026,0.03261536732316017,0.011415893211960793,0.16562581062316895,1.0263216495513916,4,0.75,
fixed,1,2414,0.5644609332084656,0.0,0.024294134229421616,0.13011586666107178,0.615642786026001,4,0.75,
fixed,1,2415,0.9970127940177917,0.0,0.013133577071130276,0.07123315334320068,1.024949550628662,4,0.5,3.9893178939819336
fixed,1,2416,0.7940351963043213,0.0,0.013519911095499992,0.05712258815765381,0.8179319500923157,4,0.5,
fixed,1,2417,1.3279075622558594,0.0,0.012965287081897259,0.06618547439575195,1.354245901107788,4,0.5,
fixed,1,2418,1.1106785535812378,0.0,0.01910761184990406,0.13956379890441895,1.1621015071868896,4,0.75,
fixed,1,2419,0.4748711884021759,0.0,0.02509269304573536,0.12650156021118164,0.5253679752349854,4,0.75,
fixed,1,2420,0.8752878308296204,0.0,0.022340700030326843,0.03810763359069824,0.8978904485702515,4,0.5,4.430290222167969
fixed,1,2421,0.58231520652771,0.0,0.022832605987787247,0.06783866882324219,0.6140831112861633,4,0.5,
fixed,1,2422,0.14730310440063477,0.0,0.007246585562825203,0.13328242301940918,0.19091112911701202,4,0.25,
fixed,1,2423,0.6803615689277649,0.0,0.017702648416161537,0.07191753387451172,0.7107881307601929,4,0.25,
fixed,1,2424,0.6807449460029602,0.0,0.011272776871919632,0.08021438121795654,0.7104456424713135,4,0.5,
fixed,1,2425,1.198786973953247,0.02417202852666378,0.0077836764976382256,0.07597911357879639,1.2375586032867432,4,0.5,1.66492760181427
fixed,1,2426,0.6658139228820801,0.0,0.02641480416059494,0.3816361427307129,0.7935121655464172,4,1.0,
fixed,1,2427,0.9317944645881653,0.0,0.01318325288593769,0.20679497718811035,1.0004246234893799,4,0.75,
fixed,1,2428,0.45709937810897827,0.0,0.0004174795176368207,0.3851569890975952,0.5728552341461182,4,0.0,
fixed,1,2429,0.748670220375061,0.0,0.023087911307811737,0.1303880214691162,0.7993305921554565,4,0.75,
fixed,1,2430,0.790306568145752,0.0,0.0002453132765367627,0.32758188247680664,0.8887038230895996,4,0.0,0.7228962779045105
fixed,1,2431,0.9428812861442566,0.02018999122083187,0.013391216285526752,0.10996222496032715,0.9926605820655823,4,0.75,
fixed,1,2432,0.8774509429931641,0.0,0.006921588908880949,0.08466506004333496,0.9063112735748291,4,0.25,
fixed,1,2433,1.6894049644470215,0.0,0.015105707570910454,0.025933265686035156,1.7047377824783325,4,0.5,
fixed,1,2434,0.4781339466571808,0.0,0.014355950988829136,0.03033161163330078,0.4944114089012146,4,0.5,
fixed,1,2435,0.7665914297103882,0.0,0.030850056558847427,0.3005046844482422,0.8721678853034973,4,1.0,8.585728645324707
fixed,1,2436,0.6558005213737488,0.0,0.02667035534977913,0.0855245590209961,0.6947930455207825,4,0.75,
fixed,1,2437,1.4753656387329102,0.013548711314797401,0.01966514065861702,0.26510071754455566,1.5715028047561646,4,1.0,
fixed,1,2438,1.3939727544784546,0.0,0.0008815314504317939,0.21631073951721191,1.4593067169189453,4,0.0,
fixed,1,2439,0.8920079469680786,0.0,0.00033075339160859585,0.3167574405670166,0.9872005581855774,4,0.0,
fixed,1,2440,1.0143377780914307,0.0,0.008369705639779568,0.07749354839324951,1.0417706966400146,4,0.25,2.224464178085327
fixed,1,2441,0.8635261654853821,0.0,0.018959203734993935,0.036292076110839844,0.8838933706283569,4,0.5,
fixed,1,2442,1.0878044366836548,0.013990544714033604,0.017221756279468536,0.07729268074035645,1.1265983581542969,4,0.75,
fixed,1,2443,0.7139937281608582,0.0,0.019765524193644524,0.06158566474914551,0.7423521876335144,4,0.5,
fixed,1,2444,0.9646849036216736,0.0,0.001689008204266429,0.22910988330841064,1.0342624187469482,4,0.0,
fixed,1,2445,1.0606831312179565,0.0,0.009426549077033997,0.10405266284942627,1.0966122150421143,4,0.25,2.6528563499450684
fixed,1,2446,1.2601993083953857,0.0,0.0364793986082077,0.27221763134002686,1.3601043224334717,4,1.0,
fixed,1,2447,0.6495711803436279,0.0,0.01981116272509098,0.1558399200439453,0.7062287330627441,4,0.25,
fixed,1,2448,0.667476236820221,0.0,0.001271372544579208,0.18634510040283203,0.724015474319458,4,0.0,
fixed,1,2449,1.2372231483459473,0.10760704427957535,0.000376800395315513,0.12068033218383789,1.3274191617965698,4,0.25,
fixed,1,2450,0.9905670285224915,0.0,0.008691919967532158,0.10149693489074707,1.0253620147705078,4,0.25,2.6106741428375244
fixed,1,2451,0.7123773097991943,0.0,0.01572192832827568,0.06394624710083008,0.7394221425056458,4,0.5,
fixed,1,2452,1.6495822668075562,0.01301315426826477,0.005378672853112221,0.07549262046813965,1.681425929069519,4,0.5,
fixed,1,2453,0.5956359505653381,0.027663055807352066,0.01402666699141264,0.16978716850280762,0.6674169301986694,4,0.75,
fixed,1,2454,0.8634427785873413,0.0,0.00029973630444146693,0.2970505952835083,0.952707827091217,4,0.0,
fixed,1,2455,1.360461950302124,0.0,0.018720129504799843,0.05781865119934082,1.3871675729751587,4,0.5,5.362826824188232
fixed,1,2456,0.786820650100708,0.0,0.015474533662199974,0.054764628410339355,0.8109872937202454,4,0.5,
fixed,1,2457,0.9623895883560181,0.0,0.017664087936282158,0.048262596130371094,0.9857004284858704,4,0.5,
fixed,1,2458,1.0081686973571777,0.0,0.02225109562277794,0.15028584003448486,1.0643800497055054,4,0.75,
fixed,1,2459,1.0733789205551147,0.02950788475573063,0.013300864025950432,0.1688687801361084,1.1454439163208008,4,0.75,
fixed,1,2460,0.743100643157959,0.02568286471068859,0.007069843355566263,0.05830812454223633,0.7769694328308105,4,0.5,2.0144190788269043
fixed,1,2461,0.37842315435409546,6.005471959724673e-07,0.026017989963293076,0.1273740530014038,0.4296446740627289,4,0.75,
fixed,1,2462,0.7827649116516113,2.225353273388464e-05,0.01638571172952652,0.04748117923736572,0.8052132725715637,4,0.5,
fixed,1,2463,0.7861254811286926,0.0,0.038467030972242355,0.26893019676208496,0.886038064956665,4,1.0,
fixed,1,2464,0.9175857901573181,0.04330652207136154,0.0096221212297678,0.0987558364868164,0.973676860332489,4,0.75,
fixed,1,2465,1.2009906768798828,0.0,0.022250309586524963,0.1416640281677246,1.254615068435669,4,0.25,4.152352809906006
fixed,1,2466,1.0347963571548462,7.158635980886174e-06,0.026497289538383484,0.021453380584716797,1.0544846057891846,4,0.5,
fixed,1,2467,0.6528385281562805,2.655310709087644e-07,0.021576669067144394,0.039795875549316406,0.675565779209137,4,0.5,
fixed,1,2468,0.3432902693748474,0.0,0.02698514796793461,0.033743977546691895,0.3669060468673706,4,0.5,
fixed,1,2469,1.0803004503250122,1.4434374861593824e-05,0.028001626953482628,0.13655602931976318,1.1352752447128296,4,0.25,
fixed,1,2470,0.9680227637290955,0.006911419797688723,0.010160323232412338,0.04794955253601074,0.9909434914588928,4,0.5,1.3047716617584229
fixed,1,2471,0.9435635805130005,7.339563126151916e-07,7.010042736510513e-06,0.30566906929016113,1.0352681875228882,4,0.0,
fixed,1,2472,0.7517393827438354,0.008530799299478531,0.010559425689280033,0.03973579406738281,0.7732052206993103,4,0.5,
fixed,1,2473,0.8490627408027649,5.446162049338454e-06,0.03489818796515465,0.04517722129821777,0.8800677061080933,4,0.5,
fixed,1,2474,0.7802505493164062,0.015298818238079548,0.00992029532790184,0.04344737529754639,0.8058943152427673,4,0.5,
fixed,1,2475,1.048750877380371,6.969351670704782e-05,0.029765672981739044,0.03830718994140625,1.0751607418060303,4,0.5,5.512598037719727
fixed,1,2476,0.5139424204826355,5.223360494710505e-05,0.019993562251329422,0.04375171661376953,0.5370908379554749,4,0.5,
fixed,1,2477,0.6352410912513733,0.02553122490644455,0.017035357654094696,0.11281216144561768,0.6903680562973022,4,0.75,
fixed,1,2478,1.3948438167572021,0.010580725036561489,0.0004911010037176311,0.06171274185180664,1.418893575668335,4,0.25,
fixed,1,2479,1.1410202980041504,4.537865265774599e-07,0.024841472506523132,0.06993842124938965,1.1744227409362793,4,0.5,
fixed,1,2480,0.9806002378463745,9.857899567577988e-05,0.017384208738803864,0.0599367618560791,1.0073226690292358,4,0.5,4.412271976470947
fixed,1,2481,1.5052108764648438,8.417411549999088e-07,0.021339593455195427,0.14448678493499756,1.5592271089553833,4,0.75,
fixed,1,2482,0.7657415270805359,0.0,0.013711147010326385,0.06846320629119873,0.7931360602378845,4,0.5,
fixed,1,2483,0.7228208780288696,0.028668561950325966,0.007704408839344978,0.07314562797546387,0.7629510760307312,4,0.5,
fixed,1,2484,0.8416736125946045,0.0,0.029095778241753578,0.33303070068359375,0.9561307430267334,4,1.0,
fixed,1,2485,1.4713300466537476,0.0,0.008577940054237843,0.13316798210144043,1.5155694484710693,4,0.25,2.2334327697753906
fixed,1,2486,1.1765128374099731,0.0,0.002009647199884057,0.1970510482788086,1.2366329431533813,4,0.0,
fixed,1,2487,0.9044051766395569,0.0,0.022081568837165833,0.07060432434082031,0.9366272687911987,4,0.5,
fixed,1,2488,1.1028872728347778,0.0,0.01220603659749031,0.07532882690429688,1.1315889358520508,4,0.5,
fixed,1,2489,1.0855953693389893,0.0,0.006137399468570948,0.03848254680633545,1.1002088785171509,4,0.25,
fixed,1,2490,0.39479196071624756,0.0,0.021809473633766174,0.07143330574035645,0.4271267056465149,4,0.5,5.090009689331055
fixed,1,2491,1.1556466817855835,0.017678549513220787,0.006823801435530186,0.06904137134552002,1.188610315322876,4,0.5,
fixed,1,2492,0.4829595386981964,0.0,0.007614228408783674,0.03410696983337402,0.49699875712394714,4,0.25,
fixed,1,2493,0.7865824699401855,0.0,0.01839204505085945,0.15021681785583496,0.8408435583114624,4,0.75,
fixed,1,2494,1.3241276741027832,0.0,0.01123043429106474,0.06211817264556885,1.348378300666809,4,0.5,
fixed,1,2495,0.6546738743782043,0.0,0.01867588236927986,0.27469778060913086,0.7464211583137512,4,0.75,5.210308074951172
fixed,1,2496,0.5853257179260254,0.0,0.026763658970594406,0.06238293647766113,0.6174224615097046,4,0.5,
fixed,1,2497,0.8605144619941711,0.0,0.025556636974215508,0.11295688152313232,0.9071798324584961,4,0.75,
fixed,1,2498,1.0305070877075195,0.0,0.005628989543765783,0.10120260715484619,1.0636823177337646,4,0.25,
fixed,1,2499,1.3876248598098755,0.0,0.014729822985827923,0.17713046073913574,1.4481289386749268,4,0.75,
fixed,1,2500,0.8423469662666321,0.0,0.014463038183748722,0.05881941318511963,0.8672243356704712,4,0.5,4.020063400268555
fixed,1,2501,0.693168044090271,0.030332881957292557,0.014181272126734257,0.41913139820098877,0.8411645293235779,4,1.0,
fixed,1,2502,1.1589505672454834,0.0,0.03108259290456772,0.31877124309539795,1.2701232433319092,4,1.0,
fixed,1,2503,1.181900978088379,0.027845259755849838,0.010767374187707901,0.13737845420837402,1.2424207925796509,4,0.75,
fixed,1,2504,0.3061308264732361,0.03295903280377388,0.016569258645176888,0.3236650228500366,0.4279944896697998,3,1.0,
fixed,1,2505,1.1413323879241943,0.0,0.014942210167646408,0.058911681175231934,1.1664769649505615,4,0.5,4.074170112609863
fixed,1,2506,0.3932207226753235,0.0,0.014405878260731697,0.13439226150512695,0.44074133038520813,4,0.25,
fixed,1,2507,0.547111988067627,0.0,0.04332645237445831,0.052309632301330566,0.5844681262969971,4,0.75,
fixed,1,2508,0.6560012102127075,0.014620501548051834,0.04826783388853073,0.04619789123535156,0.7013047337532043,4,0.75,
fixed,1,2509,1.158957839012146,0.0,0.012510353699326515,0.17127835750579834,1.2165964841842651,4,0.25,
fixed,1,2510,0.6506954431533813,0.007601815741509199,0.03850748762488365,0.04517161846160889,0.6873015761375427,4,0.75,4.640854835510254
fixed,1,2511,0.6365869045257568,0.023187773302197456,0.012486769817769527,0.03799140453338623,0.6658216118812561,4,0.75,
fixed,1,2512,0.7049091458320618,0.0,0.0012797436211258173,0.4409160614013672,0.8378238677978516,4,0.0,
fixed,1,2513,0.8409485816955566,0.0,0.037711355835199356,0.0829315185546875,0.8846837282180786,4,0.5,
fixed,1,2514,0.6624113321304321,0.0,0.028461333364248276,0.030405521392822266,0.6857636570930481,4,0.5,
fixed,1,2515,1.2993991374969482,0.0,0.010957381688058376,0.14543724060058594,1.3485089540481567,4,0.25,2.7032432556152344
fixed,1,2516,0.3042449355125427,0.0,0.04759607091546059,0.05626046657562256,0.3449211120605469,4,0.75,
fixed,1,2517,0.9067478179931641,0.0,0.021633869037032127,0.03481411933898926,0.9280089735984802,4,0.5,
fixed,1,2518,0.7838997840881348,0.0,0.030474159866571426,0.08782386779785156,0.825484037399292,4,0.75,
fixed,1,2519,1.3183331489562988,0.0,0.008661532774567604,0.038520097732543945,1.3342199325561523,4,0.25,
fixed,1,2520,1.2936300039291382,0.0,0.028804048895835876,0.056333065032958984,1.3249319791793823,4,0.5,6.082119464874268
fixed,1,2521,0.5259295105934143,0.0,0.009366336278617382,0.08131837844848633,0.5550081729888916,4,0.25,
fixed,1,2522,0.8342044353485107,0.0,0.030215824022889137,0.32182037830352783,0.9458584785461426,4,1.0,
fixed,1,2523,1.2577725648880005,0.0,0.021728515625,0.143058180809021,1.3115543127059937,4,0.75,
fixed,1,2524,0.4743388891220093,0.0,0.010177945718169212,0.07085287570953369,0.5006837248802185,4,0.5,
fixed,1,2525,0.5620707869529724,0.0,0.025790737941861153,0.1380225419998169,0.6163729429244995,4,0.75,6.410658359527588
fixed,1,2526,1.1067053079605103,0.0,0.011276991106569767,0.07445597648620605,1.1346806287765503,4,0.5,
fixed,1,2527,1.2282516956329346,0.0,0.008486396633088589,0.09207332134246826,1.2601169347763062,4,0.5,
fixed,1,2528,0.6103706955909729,0.0,0.006369778886437416,0.03884768486022949,0.6252098679542542,4,0.25,
fixed,1,2529,0.9050279259681702,0.0,0.008192476816475391,0.08549785614013672,0.9347735047340393,4,0.5,
fixed,1,2530,0.6989080309867859,0.0,0.022738132625818253,0.39472925662994385,0.8286958932876587,4,1.0,6.6862993240356445
fixed,1,2531,1.2717201709747314,0.0,0.008867715485394001,0.09474396705627441,1.3045772314071655,4,0.5,
fixed,1,2532,0.5243188738822937,0.0,0.002866676775738597,0.10896003246307373,0.5584402084350586,4,0.25,
fixed,1,2533,0.5350244641304016,0.019845442846417427,0.0033732177689671516,0.07787489891052246,0.5699962377548218,4,0.5,
fixed,1,2534,0.6103573441505432,0.0,0.007939428091049194,0.09218907356262207,0.6419838070869446,4,0.5,
fixed,1,2535,1.145487666130066,0.0,0.0008135571843013167,0.19219660758972168,1.2035534381866455,4,0.0,0.914909839630127
fixed,1,2536,0.23306910693645477,0.0,0.0010560888331383467,0.22271716594696045,0.30041229724884033,4,0.0,
fixed,1,2537,1.1389068365097046,0.0,0.005133441183716059,0.08751881122589111,1.1677292585372925,4,0.25,
fixed,1,2538,1.3706328868865967,0.02334631234407425,0.0004893197328783572,0.0876762866973877,1.408853530883789,4,0.25,
fixed,1,2539,1.3512239456176758,0.0,0.004453505389392376,0.11478996276855469,1.387887716293335,4,0.25,
fixed,1,2540,1.1238309144973755,0.025569157674908638,0.003749758005142212,0.07780921459197998,1.1618331670761108,4,0.5,2.966097116470337
fixed,1,2541,0.8184763193130493,0.025840027257800102,0.0008286217926070094,0.13239598274230957,0.8715294599533081,4,0.25,
fixed,1,2542,1.650942325592041,0.022235015407204628,0.01040143333375454,0.14940309524536133,1.7120814323425293,4,0.75,
fixed,1,2543,0.8606774806976318,0.0,0.00717912008985877,0.03143048286437988,0.8736962080001831,4,0.25,
fixed,1,2544,0.4307146668434143,0.03009861148893833,0.006522318813949823,0.06809723377227783,0.469454288482666,4,0.5,
fixed,1,2545,1.204217791557312,0.0,0.01265256479382515,0.06916749477386475,1.2312942743301392,4,0.5,3.7242181301116943
fixed,1,2546,1.2175134420394897,0.0,0.010097017511725426,0.04451918601989746,1.2359176874160767,4,0.25,
fixed,1,2547,1.3393135070800781,0.009288224391639233,0.013108833692967892,0.0932779312133789,1.378495454788208,4,0.75,
fixed,1,2548,0.5698549151420593,0.015617080964148045,0.020819364115595818,0.2638092041015625,0.667215883731842,4,1.0,
fixed,1,2549,0.6905766725540161,0.0,0.012159799225628376,0.1568460464477539,0.7437103986740112,4,0.25,
fixed,1,2550,0.5711311101913452,0.0,0.033509641885757446,0.021352529525756836,0.5942916870117188,4,0.5,7.1322784423828125
fixed,1,2551,0.5906392931938171,0.006861023139208555,0.01363463420420885,0.08511102199554443,0.6264204382896423,4,0.5,
fixed,1,2552,1.373199224472046,0.004355601035058498,0.02910739928483963,0.11190581321716309,1.4235024452209473,4,0.25,
fixed,1,2553,0.8474966287612915,0.0,0.04472671449184418,0.0512697696685791,0.885240912437439,4,0.75,
fixed,1,2554,0.3138238191604614,0.007746822200715542,0.008834175765514374,0.0739823579788208,0.3443090319633484,4,0.5,
fixed,1,2555,1.2480473518371582,0.0,0.03568136692047119,0.25989973545074463,1.343858003616333,4,1.0,9.348546028137207
fixed,1,2556,0.8800082206726074,0.0,0.0028742130380123854,0.2372678518295288,0.9526256918907166,4,0.0,
fixed,1,2557,1.1742671728134155,0.0,0.026373427361249924,0.06444215774536133,1.2067865133285522,4,0.5,
fixed,1,2558,1.1638209819793701,0.0,0.014868278056383133,0.1592625379562378,1.2190338373184204,4,0.25,
fixed,1,2559,0.47430598735809326,0.0,0.02010633423924446,0.044855594635009766,0.4978158473968506,4,0.5,
fixed,1,2560,0.3526371419429779,0.0,0.0176321342587471,0.05665993690490723,0.3784511983394623,4,0.5,4.571590900421143
fixed,1,2561,1.2331264019012451,0.009748936630785465,0.0216381698846817,0.06188488006591797,1.2673853635787964,4,0.75,
fixed,1,2562,0.7777565717697144,0.0,0.0007173013873398304,0.34572482109069824,0.8818326592445374,4,0.0,
fixed,1,2563,1.6614328622817993,0.0,0.015590858645737171,0.05046439170837402,1.6843676567077637,4,0.5,
fixed,1,2564,0.6304364204406738,0.0,0.02914702706038952,0.09531748294830322,0.67360520362854,4,0.75,
fixed,1,2565,1.1077628135681152,4.080018334207125e-05,0.011720489710569382,0.037537455558776855,1.124904751777649,4,0.5,3.4811999797821045
fixed,1,2566,1.02543044090271,0.038235198706388474,0.006126012187451124,0.08694028854370117,1.0736931562423706,4,0.75,
fixed,1,2567,0.2578560411930084,0.0,0.024847375229001045,0.05264556407928467,0.28607338666915894,4,0.5,
fixed,1,2568,1.067932367324829,0.0,0.00953676924109459,0.062074899673461914,1.0913232564926147,4,0.5,
fixed,1,2569,1.3113774061203003,0.0,0.004001848865300417,0.09418046474456787,1.3416324853897095,4,0.25,
fixed,1,2570,0.6048670411109924,0.0,0.01839776523411274,0.06120467185974121,0.6324273347854614,4,0.5,4.748083114624023
fixed,1,2571,0.5780124068260193,0.015170229598879814,0.04233667254447937,0.1744072437286377,0.6590880155563354,4,1.0,
fixed,1,2572,0.9875916838645935,0.0,0.028500735759735107,0.10939228534698486,1.034659743309021,4,0.75,
fixed,1,2573,0.6724315881729126,0.015187853947281837,0.007748755626380444,0.13918793201446533,0.725656270980835,4,0.75,
fixed,1,2574,0.9680391550064087,0.013690830208361149,0.004838787484914064,0.0710763931274414,0.9986268877983093,4,0.5,
fixed,1,2575,1.1045682430267334,0.012596276588737965,0.01602984592318535,0.033083200454711914,1.128806233406067,4,0.5,0.9116130471229553
fixed,1,2576,1.121680736541748,0.02602727897465229,0.0001976929052034393,0.1344740390777588,1.1751353740692139,4,0.25,
fixed,1,2577,1.0744519233703613,0.0292213037610054,0.006851328071206808,0.07232666015625,1.1141862869262695,4,0.5,
fixed,1,2578,0.5859793424606323,0.0,0.04067803546786308,0.09448409080505371,0.6346635818481445,4,0.75,
fixed,1,2579,0.6550747156143188,0.0,0.036932267248630524,0.09415292739868164,0.7017867565155029,4,0.75,
fixed,1,2580,0.2077653557062149,0.0,0.006855376530438662,0.06608319282531738,0.23101800680160522,3,0.5,2.1525461673736572
fixed,1,2581,0.5270804762840271,0.0,0.022687789052724838,0.13202762603759766,0.5780326724052429,4,0.75,
fixed,1,2582,0.8327304124832153,0.0,0.02683992311358452,0.10943019390106201,0.8789794445037842,4,0.75,
fixed,1,2583,0.3982875645160675,0.0,0.017888836562633514,0.049282193183898926,0.4220166504383087,4,0.5,
fixed,1,2584,1.4852571487426758,0.011840344406664371,0.0009007050539366901,0.2031242847442627,1.5525649785995483,4,0.25,
fixed,1,2585,1.2214266061782837,0.0,0.007864234037697315,0.16109073162078857,1.2736859321594238,4,0.25,2.398435592651367
fixed,1,2586,0.9926843047142029,0.03158397972583771,0.001107058604247868,0.13244271278381348,1.0487626791000366,4,0.25,
fixed,1,2587,0.8888585567474365,0.0,0.01200839038938284,0.08035314083099365,0.918968677520752,4,0.5,
fixed,1,2588,1.0992423295974731,0.026935439556837082,0.0009826112072914839,0.11499881744384766,1.1477010250091553,4,0.25,
fixed,1,2589,1.055527925491333,0.0,0.018213357776403427,0.05542898178100586,1.0812633037567139,4,0.5,
fixed,1,2590,0.5270634293556213,0.0077547249384224415,0.036033015698194504,0.09963095188140869,0.5788465738296509,4,0.25,3.100229501724243
fixed,1,2591,1.2432838678359985,0.023987654596567154,0.03001398965716362,0.06171882152557373,1.2888003587722778,4,0.5,
fixed,1,2592,0.9284797310829163,0.0,0.012903951108455658,0.04557466506958008,0.9486041069030762,4,0.5,
fixed,1,2593,1.3364672660827637,0.024677824229002,0.01579778827726841,0.10734355449676514,1.3889081478118896,4,0.75,
fixed,1,2594,1.0189530849456787,0.0,0.007078968454152346,0.07225406169891357,1.0441688299179077,4,0.25,
fixed,1,2595,1.276916265487671,0.0,0.015258872881531715,0.06623673439025879,1.3044167757034302,4,0.5,4.069694995880127
fixed,1,2596,0.7550212144851685,0.0,0.030197884887456894,0.02731931209564209,0.7783159613609314,4,0.5,
fixed,1,2597,0.9266481995582581,0.0,0.004134411457926035,0.04066610336303711,0.9409152269363403,4,0.25,
fixed,1,2598,1.3219903707504272,0.059900231659412384,0.004169159568846226,0.2445368766784668,1.4273861646652222,4,1.0,
fixed,1,2599,1.3408582210540771,0.0,0.004674483556300402,0.09121966361999512,1.3705613613128662,4,0.25,
fixed,1,2600,0.8789586424827576,0.03208275884389877,0.0070213209837675095,0.08270156383514404,0.9233211278915405,4,0.75,4.506718635559082
fixed,1,2601,0.779565691947937,0.0,0.009715501219034195,0.05475735664367676,0.8008506298065186,4,0.25,
fixed,1,2602,0.45072031021118164,0.0,0.010499363765120506,0.07193505764007568,0.4775505065917969,4,0.5,
fixed,1,2603,0.44467782974243164,0.0,0.005992557387799025,0.13161015510559082,0.4871571660041809,4,0.25,
fixed,1,2604,0.3413093686103821,0.0,0.0007535528857260942,0.402499794960022,0.46243607997894287,4,0.0,
fixed,1,2605,0.4570194184780121,0.0,0.02995709888637066,0.11195552349090576,0.5055845975875854,4,0.75,7.7129621505737305
fixed,1,2606,0.571829617023468,0.0,0.036473676562309265,0.08676886558532715,0.616097092628479,4,0.75,
fixed,1,2607,1.1626691818237305,0.0,0.046354491263628006,0.06232452392578125,1.2045438289642334,4,0.5,
fixed,1,2608,0.5137879848480225,0.0,0.051773443818092346,0.19277667999267578,0.5975077152252197,4,1.0,
fixed,1,2609,1.5020556449890137,0.0,0.009604264050722122,0.11264646053314209,1.5406516790390015,4,0.25,
fixed,1,2610,0.6708394885063171,0.0,0.02249976247549057,0.05782938003540039,0.699438214302063,4,0.5,5.423830986022949
fixed,1,2611,0.9669550061225891,0.0,0.02220539003610611,0.13097214698791504,1.017349362373352,4,0.75,
fixed,1,2612,1.1821749210357666,0.002986092586070299,0.00040862945024855435,0.22400188446044922,1.251072883605957,4,0.0,
fixed,1,2613,0.686265766620636,0.0,0.03506720811128616,0.08844327926635742,0.7303323745727539,4,0.75,
fixed,1,2614,0.9201557040214539,0.0,0.0064478847198188305,0.08314430713653564,0.9483229517936707,4,0.25,
fixed,1,2615,0.896604061126709,0.010996334254741669,0.011438085697591305,0.10404276847839355,0.939034104347229,4,0.75,1.5414509773254395
fixed,1,2616,0.8334810137748718,0.0,0.03482447564601898,0.044365644454956055,0.8642029762268066,4,0.5,
fixed,1,2617,1.029528021812439,0.0,0.019610434770584106,0.23471224308013916,1.1097469329833984,4,0.75,
fixed,1,2618,0.9506391882896423,1.5424313460243866e-05,0.01458639744669199,0.03341817855834961,0.9679655432701111,4,0.5,
fixed,1,2619,0.6619211435317993,0.0,0.029737563803792,0.09411871433258057,0.7050255537033081,4,0.25,
fixed,1,2620,1.1301345825195312,0.0,0.033831290900707245,0.1557779312133789,1.1937836408615112,4,0.75,6.869438648223877
fixed,1,2621,1.1866732835769653,0.0,0.014707953669130802,0.1796036958694458,1.247908353805542,4,0.75,
fixed,1,2622,0.8167086243629456,0.0,0.002488642930984497,0.2549823522567749,0.8944476842880249,4,0.0,
fixed,1,2623,0.7672901153564453,0.0,0.009877542033791542,0.06502735614776611,0.7917370796203613,4,0.5,
fixed,1,2624,0.7174714207649231,0.0,0.01621279865503311,0.4702718257904053,0.86665940284729,4,1.0,
fixed,1,2625,0.9058929681777954,0.03181483969092369,0.006243049167096615,0.2244400978088379,0.9922539591789246,4,0.75,1.8281973600387573
fixed,1,2626,1.6196736097335815,0.008732353337109089,0.006294910330325365,0.08467388153076172,1.6525894403457642,4,0.5,
fixed,1,2627,1.7006908655166626,0.0,0.0037202222738415003,0.14132726192474365,1.7449491024017334,4,0.25,
fixed,1,2628,1.2663215398788452,0.0,0.009929961524903774,0.09179043769836426,1.298823595046997,4,0.5,
fixed,1,2629,0.8664790987968445,0.0,0.007241484709084034,0.15566563606262207,0.9167995452880859,4,0.25,
fixed,1,2630,0.690528154373169,0.010285651311278343,0.0014249734813347459,0.09537243843078613,0.7249951958656311,4,0.25,2.6463394165039062
fixed,1,2631,0.3252705931663513,0.0,0.014455248601734638,0.18699157238006592,0.38859570026397705,4,0.75,
fixed,1,2632,0.7896353006362915,0.0,0.00883003231137991,0.14217472076416016,0.8367027044296265,4,0.25,
fixed,1,2633,0.7172173857688904,0.0,0.020410671830177307,0.12818586826324463,0.7658784985542297,4,0.75,
fixed,1,2634,0.9344494938850403,0.0,0.0010165043640881777,0.4042239189147949,1.0562249422073364,4,0.0,
fixed,1,2635,0.5231821537017822,0.0,0.008483546786010265,0.04513442516326904,0.5409642457962036,4,0.25,2.289625644683838
fixed,1,2636,1.0343761444091797,0.007633330766111612,0.033180542290210724,0.057857632637023926,1.0721403360366821,4,0.75,
fixed,1,2637,0.8413225412368774,0.0,0.031241856515407562,0.08536815643310547,0.8825539350509644,4,0.25,
fixed,1,2638,1.1832056045532227,0.0,0.0357152558863163,0.28630053997039795,1.2869534492492676,4,1.0,
fixed,1,2639,0.6529127359390259,0.0,0.0010339751606807113,0.31417059898376465,0.7476809024810791,4,0.0,
fixed,1,2640,0.7190138697624207,0.0,0.01950879395008087,0.13073444366455078,0.7679886221885681,4,0.75,5.349735260009766
fixed,1,2641,0.2623022794723511,0.0,0.026887375861406326,0.1628279685974121,0.3245943784713745,4,0.25,
fixed,1,2642,1.189404010772705,0.030764508992433548,0.009324146434664726,0.1618443727493286,1.258001685142517,4,0.75,
fixed,1,2643,0.6411452293395996,0.0,0.009336758404970169,0.05139756202697754,0.6612328886985779,4,0.5,
fixed,1,2644,0.9494553208351135,0.028088612481951714,0.00026533688651397824,0.07527101039886475,0.9862136244773865,4,0.25,
fixed,1,2645,0.39795055985450745,0.0,0.018663115799427032,0.0612567663192749,0.4256591498851776,4,0.5,4.581419944763184
fixed,1,2646,0.7646807432174683,0.020453384146094322,0.008348927833139896,0.14479327201843262,0.8225198984146118,4,0.75,
fixed,1,2647,1.0781052112579346,0.0,0.012030182406306267,0.05004382133483887,1.0991334915161133,4,0.5,
fixed,1,2648,0.45038095116615295,0.028002500534057617,0.005911451764404774,0.05322921276092529,0.4833067059516907,4,0.5,
fixed,1,2649,0.5671990513801575,0.0,0.006651883013546467,0.11050605773925781,0.6036767959594727,4,0.25,
fixed,1,2650,0.9574737548828125,0.014737577177584171,0.00022341194562613964,0.1447519063949585,1.0083798170089722,4,0.25,3.128157377243042
fixed,1,2651,0.8930014967918396,0.013920688070356846,0.00022577762138098478,0.15459442138671875,0.9464530348777771,4,0.25,
fixed,1,2652,0.6765397191047668,0.0,0.027463797479867935,0.11007559299468994,0.7232943177223206,4,0.75,
fixed,1,2653,0.601416826248169,0.01039817649871111,0.0008321805507875979,0.06822967529296875,0.6275008916854858,4,0.25,
fixed,1,2654,0.7144272327423096,0.0,0.021805258467793465,0.06828272342681885,0.7458146810531616,4,0.5,
fixed,1,2655,0.9931724667549133,0.0,0.014087053947150707,0.05971038341522217,1.0181291103363037,4,0.5,3.9516963958740234
fixed,1,2656,0.9224306344985962,0.0,0.011721493676304817,0.13634049892425537,0.9691935181617737,4,0.25,
fixed,1,2657,0.38259240984916687,0.0,0.014142242260277271,0.059841156005859375,0.40761587023735046,4,0.5,
fixed,1,2658,0.5140645503997803,0.0,0.022723140195012093,0.23260188102722168,0.5952066779136658,4,0.75,
fixed,1,2659,1.3590370416641235,0.0,0.034324076026678085,0.10348320007324219,1.407244086265564,4,0.75,
fixed,1,2660,0.3823947310447693,0.0,0.016336938366293907,0.25021910667419434,0.4656289219856262,4,0.5,4.714824199676514
fixed,1,2661,1.5568515062332153,0.0,0.011132811196148396,0.1010594367980957,1.592735767364502,4,0.25,
fixed,1,2662,0.6905539631843567,0.0,0.007297182455658913,0.09525299072265625,0.7227784395217896,4,0.25,
fixed,1,2663,0.5489912629127502,0.0,0.030481351539492607,0.11084198951721191,0.5974845290184021,4,0.75,
fixed,1,2664,0.5153355598449707,0.0,0.0013510689605027437,0.18088555335998535,0.5702767372131348,4,0.0,
fixed,1,2665,0.6363041400909424,0.015628807246685028,0.012673916295170784,0.12508940696716309,0.6879823207855225,4,0.75,1.2370495796203613
fixed,1,2666,0.8388926386833191,0.026221632957458496,0.0056332796812057495,0.05936992168426514,0.8726310729980469,4,0.5,
fixed,1,2667,0.8473671674728394,0.0,0.03005698323249817,0.05406463146209717,0.8786150217056274,4,0.5,
fixed,1,2668,1.111513376235962,0.025468626990914345,0.0002426108840154484,0.1177513599395752,1.1596944332122803,4,0.25,
fixed,1,2669,1.2657266855239868,0.029213398694992065,0.00012177973258076236,0.11931586265563965,1.3161890506744385,4,0.25,
fixed,1,2670,0.8854231238365173,0.0,0.0071754129603505135,0.1186598539352417,0.9246087670326233,4,0.25,2.136975049972534
fixed,1,2671,0.40189921855926514,0.0,0.03384353965520859,0.303469181060791,0.5098617672920227,4,1.0,
fixed,1,2672,0.3579678535461426,0.0,0.019226178526878357,0.16835033893585205,0.41808605194091797,4,0.5,
fixed,1,2673,0.8825756907463074,0.0,0.004659129772335291,0.11730873584747314,0.9200978875160217,4,0.25,
fixed,1,2674,1.5972789525985718,0.028494877740740776,0.01134064793586731,0.07530856132507324,1.639789342880249,4,0.5,
fixed,1,2675,0.6707285642623901,0.0,0.02634817734360695,0.19542241096496582,0.7425293922424316,4,0.75,7.333073139190674
fixed,1,2676,0.48179858922958374,0.0,0.008443310856819153,0.11159372329711914,0.519498348236084,4,0.25,
fixed,1,2677,1.0826019048690796,0.0,0.03452208638191223,0.07179677486419678,1.1214020252227783,4,0.5,
fixed,1,2678,0.6928669810295105,0.019915826618671417,0.006331892218440771,0.06955957412719727,0.7268587350845337,4,0.5,
fixed,1,2679,0.917020320892334,0.0,0.022297590970993042,0.05126917362213135,0.9435498714447021,4,0.5,
fixed,1,2680,0.8330257534980774,0.0,0.02677292749285698,0.06199789047241211,0.8650115728378296,4,0.5,6.260494709014893
fixed,1,2681,1.8440165519714355,0.022468166425824165,0.046173058450222015,0.19196462631225586,1.9359265565872192,4,1.0,
fixed,1,2682,1.5225459337234497,0.0,0.014684360474348068,0.04872274398803711,1.5445048809051514,4,0.5,
fixed,1,2683,0.3882618546485901,5.584860900853528e-06,0.007021344732493162,0.0705791711807251,0.4129490852355957,4,0.25,
fixed,1,2684,0.5767640471458435,0.02858489193022251,4.946556600771146e-06,0.07246255874633789,0.612797737121582,4,0.25,
fixed,1,2685,0.3433308005332947,1.5686871392972535e-06,0.01821250654757023,0.04043161869049072,0.3645673394203186,4,0.5,4.74208927154541
fixed,1,2686,0.7050219774246216,2.947015502741124e-07,0.014723680913448334,0.05469691753387451,0.7287930250167847,4,0.5,
fixed,1,2687,0.7861799597740173,1.0976792452765949e-07,0.016861150041222572,0.05976307392120361,0.8125395178794861,4,0.5,
fixed,1,2688,1.0386863946914673,0.0,0.018261535093188286,0.11824095249176025,1.0832895040512085,4,0.25,
fixed,1,2689,0.32655981183052063,2.1598473267658846e-06,0.011454340070486069,0.06060361862182617,0.3504691421985626,4,0.5,
fixed,1,2690,0.8652786016464233,0.042170897126197815,0.002533063990995288,0.047698020935058594,0.9019399881362915,3,0.5,5.106768608093262
fixed,1,2691,0.6200928092002869,1.0254466165093845e-09,0.016785137355327606,0.05192458629608154,0.6440627574920654,4,0.5,
fixed,1,2692,0.2785109281539917,0.0,0.00844112504273653,0.08916628360748291,0.3094813823699951,4,0.5,
fixed,1,2693,0.6296126842498779,0.0,0.02412492036819458,0.14879298210144043,0.6863130331039429,4,0.75,
fixed,1,2694,0.9572165012359619,0.0,0.006766054313629866,0.0912243127822876,0.9879668354988098,4,0.25,
fixed,1,2695,1.6586641073226929,0.0,0.007110539823770523,0.03175020217895508,1.671744465827942,4,0.25,2.3037705421447754
fixed,1,2696,0.9833821058273315,0.0,0.011486751027405262,0.08144617080688477,1.013559341430664,4,0.5,
fixed,1,2697,0.7310062050819397,0.0,0.026042794808745384,0.19599199295043945,0.8028252124786377,4,0.75,
fixed,1,2698,0.8106347322463989,0.0,0.004128602799028158,0.10668802261352539,0.8447054624557495,4,0.25,
fixed,1,2699,1.153733730316162,0.0,0.022882280871272087,0.18219983577728271,1.219834804534912,4,0.75,
fixed,1,2700,0.5864007472991943,0.03585874289274216,0.0029415744356811047,0.0265047550201416,0.6137523055076599,4,0.25,3.8793492317199707
fixed,1,2701,0.9394576549530029,0.0,0.00033634566352702677,0.3609095811843872,1.047898769378662,4,0.0,
fixed,1,2702,0.4809587001800537,0.026168854907155037,0.01517551951110363,0.4054967164993286,0.6232799291610718,4,1.0,
fixed,1,2703,0.8251462578773499,0.0,0.01087714359164238,0.07458639144897461,0.8529607653617859,4,0.5,
fixed,1,2704,0.4881477355957031,0.0,0.006914162077009678,0.021746397018432617,0.498128741979599,4,0.25,
fixed,1,2705,1.7675234079360962,0.0,0.004939170554280281,0.08316981792449951,1.794943928718567,4,0.25,1.5937812328338623
fixed,1,2706,1.0329511165618896,0.0,0.010539541020989418,0.0574343204498291,1.0554511547088623,4,0.5,
fixed,1,2707,0.7526784539222717,0.0,0.01817547157406807,0.15198016166687012,0.8073602318763733,4,0.75,
fixed,1,2708,0.7174137234687805,0.026239655911922455,0.008086025714874268,0.036275506019592285,0.7454591989517212,4,0.5,
fixed,1,2709,1.1763825416564941,0.0,0.010393243283033371,0.06684350967407227,1.2016322612762451,4,0.5,
fixed,1,2710,0.7204278707504272,0.0,0.01870856247842312,0.14767491817474365,0.7740846276283264,4,0.75,5.497776985168457
fixed,1,2711,0.8197878003120422,0.0,0.0390012152493,0.07864665985107422,0.8628823757171631,4,0.75,
fixed,1,2712,1.1656502485275269,0.0,0.03573570400476456,0.2681140899658203,1.263952374458313,4,1.0,
fixed,1,2713,1.355564832687378,0.011840344406664371,0.026019921526312828,0.06197679042816162,1.3930879831314087,4,0.75,
fixed,1,2714,1.0715546607971191,0.0,0.008764393627643585,0.0806584358215332,1.1001343727111816,4,0.25,
fixed,1,2715,0.8883907794952393,0.0,0.019604414701461792,0.03642070293426514,0.909119188785553,4,0.5,4.969700336456299
fixed,1,2716,0.879834771156311,0.027582179754972458,0.006845851428806782,0.04206657409667969,0.9096687436103821,4,0.5,
fixed,1,2717,0.849782407283783,0.018019145354628563,0.0017609178321436048,0.06972074508666992,0.8805886507034302,4,0.25,
fixed,1,2718,0.6179925799369812,0.015237330459058285,0.007813921198248863,0.036483049392700195,0.64046311378479,4,0.5,
fixed,1,2719,0.9631036520004272,0.0,0.01794801466166973,0.03082418441772461,0.9813249111175537,4,0.5,
fixed,1,2720,0.9242985248565674,0.0,0.01485777273774147,0.04413425922393799,0.9449676871299744,4,0.5,4.153487682342529
fixed,1,2721,1.1919314861297607,0.025373250246047974,0.0003222411614842713,0.07988417148590088,1.2287445068359375,4,0.5,
fixed,1,2722,0.6333310008049011,0.0,0.03257089853286743,0.159950852394104,0.6976016759872437,4,0.75,
fixed,1,2723,0.6305134296417236,0.0,0.016843199729919434,0.0734403133392334,0.6609671115875244,4,0.5,
fixed,1,2724,0.8183932304382324,0.0,0.03760254383087158,0.1050102710723877,0.8686975836753845,4,0.5,
fixed,1,2725,0.9160063862800598,0.0,0.011609836481511593,0.05885052680969238,0.9394664764404297,4,0.25,3.2783138751983643
fixed,1,2726,0.670134425163269,0.0,0.01330993976444006,0.08862805366516113,0.7033778429031372,4,0.5,
fixed,1,2727,1.9411882162094116,0.02873515710234642,0.016418753191828728,0.1353929042816162,2.004383087158203,4,0.75,
fixed,1,2728,1.5879974365234375,0.0,0.015101342462003231,0.07618999481201172,1.6184051036834717,4,0.5,
fixed,1,2729,0.5132387280464172,0.009004807099699974,0.0285215824842453,0.08145725727081299,0.5564391016960144,4,0.75,
fixed,1,2730,1.1056642532348633,0.0,0.044595055282115936,0.09822094440460205,1.1574280261993408,4,0.75,9.364967346191406
fixed,1,2731,0.6616326570510864,0.0,0.04398861899971962,0.23960340023040771,0.7555080056190491,4,1.0,
fixed,1,2732,0.558307945728302,0.0,0.017480183392763138,0.13673973083496094,0.6080699563026428,4,0.75,
fixed,1,2733,0.6198098063468933,0.0,0.022663630545139313,0.13545918464660645,0.6717793941497803,4,0.75,
fixed,1,2734,0.8834072351455688,0.013865649700164795,0.025147421285510063,0.2391369342803955,0.9746548533439636,4,1.0,
fixed,1,2735,0.9470843076705933,0.0,0.017344431951642036,0.15812182426452637,1.0031930208206177,4,0.75,5.116829872131348
fixed,1,2736,0.7941339015960693,0.01387446653097868,0.015016229823231697,0.07394790649414062,0.8307636380195618,4,0.5,
fixed,1,2737,0.9744840860366821,0.0,0.020418671891093254,0.05871391296386719,1.002307653427124,4,0.5,
fixed,1,2738,0.5533750057220459,0.0,0.011743463575839996,0.1392688751220703,0.6010274291038513,4,0.25,
fixed,1,2739,0.9040781855583191,0.0,0.015059355646371841,0.05773353576660156,0.9289278984069824,4,0.5,
fixed,1,2740,0.993806779384613,0.0,0.02443302795290947,0.10586857795715332,1.0377838611602783,4,0.75,6.325130939483643
fixed,1,2741,1.189450979232788,0.04253244400024414,0.02593301609158516,0.19646716117858887,1.2826238870620728,4,1.0,
fixed,1,2742,0.9944659471511841,0.0,0.05880032479763031,0.14653539657592773,1.067826747894287,4,1.0,
fixed,1,2743,0.8154727220535278,0.0,0.017755672335624695,0.03682208061218262,0.8353971838951111,4,0.5,
fixed,1,2744,0.7999378442764282,0.028566783294081688,0.02084185928106308,0.31915283203125,0.9203880429267883,4,1.0,
fixed,1,2745,1.2698277235031128,0.0,0.01928391307592392,0.05208742618560791,1.2950959205627441,4,0.5,4.8402886390686035
fixed,1,2746,0.6808522343635559,0.0,0.02204887755215168,0.09812569618225098,0.7213143706321716,4,0.75,
fixed,1,2747,0.7952721118927002,0.0,0.024542542174458504,0.08137166500091553,0.8319548964500427,4,0.75,
fixed,1,2748,0.815689206123352,0.030358588322997093,0.000849904608912766,0.10734498500823975,0.8634969592094421,4,0.25,
fixed,1,2749,0.30442526936531067,0.00911285076290369,0.00406614551320672,0.15634465217590332,0.3579181730747223,4,0.25,
fixed,1,2750,0.7258592247962952,0.0,0.054435424506664276,0.10355246067047119,0.7841426730155945,4,0.5,8.821990013122559
fixed,1,2751,0.8666614294052124,0.022243229672312737,0.032967645674943924,0.2070176601409912,0.9563721418380737,4,1.0,
fixed,1,2752,0.5614478588104248,0.033794939517974854,0.03393581137061119,0.13177990913391113,0.6348472237586975,4,1.0,
fixed,1,2753,1.2102820873260498,0.0,0.01893867738544941,0.06807565689086914,1.2401741743087769,4,0.5,
fixed,1,2754,1.246407151222229,0.005438502877950668,0.02938619628548622,0.06583547592163086,1.2835701704025269,4,0.5,
fixed,1,2755,0.711480975151062,0.016617391258478165,0.0009109987295232713,0.1742408275604248,0.7725174427032471,4,0.25,3.341958999633789
fixed,1,2756,0.7378600239753723,0.0,0.033394522964954376,0.08339452743530273,0.7795756459236145,4,0.5,
fixed,1,2757,0.5593198537826538,0.0,0.007407038938254118,0.2802562713623047,0.6471002697944641,4,0.0,
fixed,1,2758,0.7581494450569153,0.0,0.028870796784758568,0.043849945068359375,0.7857398390769958,4,0.5,
fixed,1,2759,0.3732137382030487,0.0,0.02867160737514496,0.026106595993041992,0.39538151025772095,4,0.5,
fixed,1,2760,0.48594531416893005,0.0,0.018310679122805595,0.06331467628479004,0.5140950679779053,4,0.25,4.303996562957764
fixed,1,2761,1.1994222402572632,0.0,0.014643204398453236,0.05465900897979736,1.2231415510177612,4,0.25,
fixed,1,2762,0.5608383417129517,0.0,0.020984981209039688,0.03906595706939697,0.5830506086349487,4,0.5,
fixed,1,2763,1.036575436592102,0.0,0.016408052295446396,0.05126547813415527,1.0601590871810913,4,0.5,
fixed,1,2764,1.6078860759735107,0.04867349565029144,0.014970028772950172,0.3016623258590698,1.7302064895629883,4,1.0,
fixed,1,2765,1.209119200706482,0.0,0.016956975683569908,0.1763155460357666,1.2704923152923584,4,0.75,5.083560943603516
fixed,1,2766,1.017621397972107,0.02803831920027733,0.0008370601572096348,0.12616360187530518,1.0699081420898438,4,0.25,
fixed,1,2767,0.8676088452339172,0.0,0.00911240465939045,0.14706957340240479,0.9162859320640564,4,0.25,
fixed,1,2768,0.5387513041496277,0.0,0.008690990507602692,0.14554595947265625,0.5867605805397034,4,0.25,
fixed,1,2769,0.8824470043182373,0.016642563045024872,0.011014141142368317,0.14744329452514648,0.9405083656311035,4,0.75,
fixed,1,2770,0.9284774661064148,0.0,0.007154775317758322,0.10539853572845459,0.9636744260787964,4,0.25,2.301436185836792
fixed,1,2771,0.7324618697166443,0.0,0.007162260822951794,0.10057926177978516,0.7662167549133301,4,0.25,
fixed,1,2772,0.6091703176498413,0.0,0.01347576454281807,0.0669018030166626,0.6359787583351135,4,0.5,
fixed,1,2773,0.9498825073242188,0.0,0.012502581812441349,0.10171949863433838,0.9866496324539185,4,0.25,
fixed,1,2774,1.0245355367660522,5.931396174219117e-08,0.025002669543027878,0.024137496948242188,1.0442781448364258,4,0.5,
fixed,1,2775,1.0977110862731934,0.0,0.020145300775766373,0.04136073589324951,1.1201919317245483,4,0.5,4.860710144042969
fixed,1,2776,0.6640087962150574,0.0,0.005619685165584087,0.044301748275756836,0.6801091432571411,4,0.25,
fixed,1,2777,1.0026105642318726,8.170112778316252e-06,0.021071847528219223,0.1524207592010498,1.0588767528533936,4,0.75,
fixed,1,2778,1.0506402254104614,0.0,0.011420287191867828,0.2260831594467163,1.1241753101348877,4,0.75,
fixed,1,2779,0.8364028930664062,0.0,0.008136259391903877,0.05876767635345459,0.8581013083457947,4,0.5,
fixed,1,2780,1.0682560205459595,0.0,0.004274312406778336,0.06038212776184082,1.0885077714920044,4,0.25,1.3542428016662598
fixed,1,2781,0.8246827125549316,0.021780192852020264,0.0030647912062704563,0.052803993225097656,0.852946400642395,4,0.5,
fixed,1,2782,0.6775340437889099,0.0,0.0005564163438975811,0.1994539499282837,0.7376484274864197,4,0.0,
fixed,1,2783,0.511993944644928,0.0,0.019065123051404953,0.17924189567565918,0.575299084186554,4,0.75,
fixed,1,2784,0.7485564947128296,0.0,0.005947663448750973,0.08270919322967529,0.7763431072235107,4,0.5,
fixed,1,2785,0.5259072780609131,0.0,0.00726937735453248,0.10184049606323242,0.5600941181182861,4,0.5,2.45688533782959
fixed,1,2786,1.0964014530181885,0.04614481329917908,0.005051039159297943,0.16149628162384033,1.1704483032226562,4,0.75,
fixed,1,2787,0.5925098061561584,0.0,0.005490729119628668,0.10798192024230957,0.62764972448349,4,0.5,
fixed,1,2788,1.2014069557189941,0.014821748249232769,0.01964586414396763,0.11782324314117432,1.2539877891540527,4,0.75,
fixed,1,2789,1.049988865852356,0.0,0.015172584913671017,0.18274378776550293,1.1123982667922974,4,0.75,
fixed,1,2790,1.207643985748291,0.0,0.000913198571652174,0.41879546642303467,1.3337392807006836,4,0.0,1.3464094400405884
fixed,1,2791,1.190981149673462,0.0,0.009301867336034775,0.09421145915985107,1.22389554977417,4,0.5,
fixed,1,2792,1.221948266029358,0.0,0.04460851848125458,0.08790063858032227,1.270622730255127,4,0.75,
fixed,1,2793,1.0966830253601074,0.0,0.021429603919386864,0.18575453758239746,1.1631242036819458,4,0.25,
fixed,1,2794,0.7415062785148621,0.0,0.01982935704290867,0.04133176803588867,0.763820469379425,4,0.5,
fixed,1,2795,0.9178222417831421,0.0,0.01605701632797718,0.15995275974273682,0.9738366007804871,4,0.75,4.782291889190674
fixed,1,2796,0.7702515721321106,0.0,0.013073626905679703,0.06000041961669922,0.7947885394096375,4,0.5,
fixed,1,2797,1.0116918087005615,0.017014142125844955,0.010044405236840248,0.12470602989196777,1.0626329183578491,4,0.75,
fixed,1,2798,0.8895837664604187,0.014389396645128727,0.007441749796271324,0.04766654968261719,0.9147993326187134,4,0.5,
fixed,1,2799,0.8240603804588318,0.0,0.015197301283478737,0.2679626941680908,0.9120478630065918,4,0.5,
fixed,1,2800,0.7373381853103638,0.025500372052192688,0.009662707336246967,0.04295969009399414,0.7678076028823853,4,0.5,1.7355992794036865
fixed,1,2801,1.0804169178009033,0.0,0.027812428772449493,0.10663485527038574,1.12631356716156,4,0.75,
fixed,1,2802,0.7690796256065369,0.0,0.025271140038967133,0.21381676197052002,0.8458602428436279,4,0.75,
fixed,1,2803,1.2193093299865723,0.0,0.01835227943956852,0.12948942184448242,1.2673323154449463,4,0.25,
fixed,1,2804,1.2982912063598633,0.0,0.015325099229812622,0.040625572204589844,1.3181414604187012,4,0.5,
fixed,1,2805,0.8191108703613281,0.0,0.013972206972539425,0.3727412223815918,0.9379193782806396,4,0.25,3.9070277214050293
fixed,1,2806,1.3047754764556885,0.024776838719844818,0.02308928221464157,0.09172379970550537,1.3562257289886475,4,0.75,
fixed,1,2807,1.681725025177002,0.027133651077747345,0.0029192124493420124,0.033008694648742676,1.7066540718078613,4,0.25,
fixed,1,2808,0.625332236289978,0.0,0.008818610571324825,0.1240072250366211,0.6669437289237976,4,0.25,
fixed,1,2809,0.9867839217185974,0.0274644885212183,0.01993832178413868,0.3581157922744751,1.1179200410842896,4,1.0,
fixed,1,2810,0.7782362699508667,0.0,0.06227004528045654,0.06791102886199951,0.8297445774078369,4,0.75,10.737641334533691
fixed,1,2811,0.6382575631141663,0.012455794028937817,0.0181378535926342,0.11165201663970947,0.6870499849319458,4,0.75,
fixed,1,2812,1.1488327980041504,0.0,0.03415597975254059,0.0912179946899414,1.1932761669158936,4,0.5,
fixed,1,2813,1.1341372728347778,0.020845981314778328,0.014850442297756672,0.02760016918182373,1.160265564918518,4,0.5,
fixed,1,2814,0.6456083655357361,0.0,0.03138981759548187,0.10436367988586426,0.6926124095916748,4,0.5,
fixed,1,2815,0.956968367099762,0.0,0.011411026120185852,0.20038914680480957,1.0227906703948975,4,0.25,2.797459602355957
fixed,1,2816,0.5483700633049011,0.0,0.05079866573214531,0.2131117582321167,0.6377029418945312,4,1.0,
fixed,1,2817,1.0264428853988647,0.0,0.02613798901438713,0.024921774864196777,1.0469883680343628,4,0.5,
fixed,1,2818,1.9365730285644531,0.0,0.022847024723887444,0.09216761589050293,1.9756468534469604,4,0.5,
fixed,1,2819,0.7081080079078674,0.0,0.021600546315312386,0.1609799861907959,0.7672022581100464,4,0.75,
fixed,1,2820,0.7158823013305664,0.0,0.015116081573069096,0.06202280521392822,0.7420471906661987,4,0.5,4.209451198577881
fixed,1,2821,0.761543333530426,0.03176022693514824,0.006038840394467115,0.09577655792236328,0.8091758489608765,4,0.75,
fixed,1,2822,0.49719277024269104,0.0,0.005787484347820282,0.1333458423614502,0.5400902628898621,4,0.25,
fixed,1,2823,0.9088325500488281,0.0,0.023423263803124428,0.13371992111206055,0.9606601595878601,4,0.75,
fixed,1,2824,0.5244550108909607,0.0,0.0003508463269099593,0.3720366954803467,0.6362414360046387,4,0.0,
fixed,1,2825,0.7607780694961548,0.0,0.014317266643047333,0.062279343605041504,0.7866204977035522,4,0.5,4.133039474487305
fixed,1,2826,0.9075772166252136,0.0,0.015405555255711079,0.04935657978057861,0.9300869703292847,4,0.5,
fixed,1,2827,0.8048320412635803,0.0,0.001788712339475751,0.1884843111038208,0.8622716665267944,4,0.0,
fixed,1,2828,1.1608582735061646,0.013732205145061016,4.088399509782903e-05,0.0882103443145752,1.1942079067230225,4,0.25,
fixed,1,2829,0.6237276196479797,0.0,0.010516170412302017,0.03228902816772461,0.638672411441803,4,0.25,
fixed,1,2830,1.0265389680862427,0.0,0.028117556124925613,0.10933160781860352,1.0733972787857056,4,0.75,6.8806586265563965
fixed,1,2831,1.2813260555267334,0.014963159337639809,0.02727443352341652,0.23600363731384277,1.3732459545135498,4,1.0,
fixed,1,2832,0.8850980997085571,0.0025113928131759167,0.014047255739569664,0.022834300994873047,0.9002277255058289,4,0.25,
fixed,1,2833,0.9425772428512573,0.0,0.033058688044548035,0.06424713134765625,0.9783807396888733,4,0.5,
fixed,1,2834,1.161365270614624,0.0,0.010079693980515003,0.0610119104385376,1.1847087144851685,4,0.5,
fixed,1,2835,0.9005491733551025,0.0,0.014675814658403397,0.1819823980331421,0.9624817967414856,4,0.75,4.704299449920654
fixed,1,2836,1.0766972303390503,0.0,0.008868351578712463,0.03432011604309082,1.0914274454116821,4,0.25,
fixed,1,2837,0.7527442574501038,0.029732074588537216,1.544656879559625e-05,0.05734145641326904,0.7848204374313354,4,0.5,
fixed,1,2838,0.8869098424911499,0.034864671528339386,6.625877722399309e-05,0.07940423488616943,0.9281965494155884,4,0.5,
fixed,1,2839,1.2024011611938477,0.022174695506691933,0.005630769766867161,0.11205041408538818,1.249919056892395,4,0.5,
fixed,1,2840,0.9393515586853027,0.0,0.008194456808269024,0.04834473133087158,0.9579522013664246,4,0.25,2.478394031524658
fixed,1,2841,0.5785459876060486,0.0,0.024280430749058723,0.37966442108154297,0.7045855522155762,4,1.0,
fixed,1,2842,0.9438823461532593,0.0,0.016489000990986824,0.1794900894165039,1.0059738159179688,4,0.75,
fixed,1,2843,0.6541038155555725,0.020041542127728462,0.018533285707235336,0.1628185510635376,0.7222368121147156,4,0.75,
fixed,1,2844,1.086632490158081,0.0,0.06201321631669998,0.1512686014175415,1.1630196571350098,4,1.0,
fixed,1,2845,0.9227874279022217,0.0,0.020150821655988693,0.11198568344116211,0.9664585590362549,4,0.5,5.401027202606201
fixed,1,2846,0.40905240178108215,0.0,0.007952574640512466,0.23940956592559814,0.48485156893730164,4,0.25,
fixed,1,2847,0.9867436289787292,0.0,0.038604412227869034,0.0951465368270874,1.0345897674560547,4,0.75,
fixed,1,2848,1.8026576042175293,0.0,0.013021298684179783,0.21194183826446533,1.8727507591247559,4,0.25,
fixed,1,2849,0.5616568922996521,0.0,0.05150073021650314,0.08192276954650879,0.6119840741157532,4,0.5,
fixed,1,2850,0.6061514019966125,0.0,0.03319472074508667,0.0894618034362793,0.6495872735977173,4,0.75,8.262626647949219
fixed,1,2851,0.746062695980072,0.0,0.027575617656111717,0.07240593433380127,0.7815722823143005,4,0.5,
fixed,1,2852,0.8574395775794983,0.0,0.02894727513194084,0.24382996559143066,0.9450622200965881,4,0.25,
fixed,1,2853,0.6916916370391846,0.0,0.029783913865685463,0.06482744216918945,0.7260318398475647,4,0.5,
fixed,1,2854,0.5684798359870911,0.0,0.027836762368679047,0.10129654407501221,0.6127871870994568,4,0.75,
fixed,1,2855,0.7460005879402161,0.0,0.020533470436930656,0.1213306188583374,0.792666494846344,4,0.75,5.806496620178223
fixed,1,2856,1.4007612466812134,0.0,0.0014892371837049723,0.3349740505218506,1.5019980669021606,4,0.0,
fixed,1,2857,1.615240216255188,0.0,0.013989293947815895,0.03354644775390625,1.6322988271713257,4,0.5,
fixed,1,2858,0.6904353499412537,0.0,0.007808545604348183,0.028232812881469727,0.7028094530105591,4,0.25,
fixed,1,2859,1.0909672975540161,0.012859326787292957,0.004974172450602055,0.023148417472839355,1.1068285703659058,4,0.5,
fixed,1,2860,0.5699488520622253,0.0,0.003227964509278536,0.1882953643798828,0.6280514597892761,4,0.0,2.101208448410034
fixed,1,2861,0.6887754201889038,0.0,0.018048502504825592,0.02854597568511963,0.7063634395599365,4,0.5,
fixed,1,2862,1.2736597061157227,0.0,0.0005093390354886651,0.29369115829467773,1.3620216846466064,4,0.0,
fixed,1,2863,0.213746577501297,0.0,0.0031685633584856987,0.05025184154510498,0.23040641844272614,4,0.25,
fixed,1,2864,0.9439542889595032,0.0,0.005378278903663158,0.06906521320343018,0.9673629999160767,4,0.5,
fixed,1,2865,0.6984121799468994,0.0,0.007887142710387707,0.22349059581756592,0.7694029211997986,4,0.75,2.878765821456909
fixed,1,2866,1.4914278984069824,0.03967609629034996,0.004633424803614616,0.23916947841644287,1.5853334665298462,4,0.75,
fixed,1,2867,1.0670585632324219,4.313055796956178e-06,0.002202723640948534,0.08643078804016113,1.0940912961959839,4,0.25,
fixed,1,2868,0.5984428524971008,0.05003616213798523,0.017028188332915306,0.09794414043426514,0.6613582968711853,3,0.5,
fixed,1,2869,0.6875702142715454,1.3598710211226717e-06,0.017574699595570564,0.16412174701690674,0.7455947399139404,4,0.75,
fixed,1,2870,0.6321638822555542,8.381322004424874e-06,0.0150245176628232,0.13282716274261475,0.6795284748077393,4,0.25,3.0418779850006104
fixed,1,2871,1.006231665611267,0.0,0.0032054854091256857,0.11737608909606934,1.0430471897125244,4,0.25,
fixed,1,2872,1.2577468156814575,1.4924662536941469e-05,0.008664261549711227,0.07457327842712402,1.2844583988189697,4,0.5,
fixed,1,2873,0.5439961552619934,1.2068569049006328e-05,0.001137827057391405,0.17653799057006836,0.5975325107574463,4,0.0,
fixed,1,2874,0.48101773858070374,3.272286267019808e-05,0.006254693493247032,0.08523952960968018,0.5097333192825317,4,0.5,
fixed,1,2875,1.0917454957962036,3.956978616770357e-06,0.008133986964821815,0.10188186168670654,1.1263790130615234,4,0.5,2.7149531841278076
fixed,1,2876,1.1822271347045898,0.0,3.70328089047689e-05,0.3496997356414795,1.2871556282043457,4,0.0,
fixed,1,2877,0.8382801413536072,0.0,0.021644530817866325,0.40640974044799805,0.9710253477096558,4,1.0,
fixed,1,2878,0.6759272813796997,0.0,0.012117397971451283,0.07426118850708008,0.7042643427848816,4,0.5,
fixed,1,2879,1.2815711498260498,0.0,0.014255035668611526,0.18225741386413574,1.3433759212493896,4,0.75,
fixed,1,2880,0.9770455360412598,0.0,0.0037401069421321154,0.02836155891418457,0.9874240756034851,4,0.25,1.4021072387695312
fixed,1,2881,1.283129096031189,0.0,0.007658130489289761,0.07671892642974854,1.3099738359451294,4,0.5,
fixed,1,2882,1.0316294431686401,0.0,0.0040835789404809475,0.09519064426422119,1.0622284412384033,4,0.25,
fixed,1,2883,0.5260657668113708,0.0,0.008683845400810242,0.09389996528625488,0.5585776567459106,4,0.5,
fixed,1,2884,1.4923022985458374,0.0,0.0030912181828171015,0.15843689441680908,1.5413789749145508,4,0.0,
fixed,1,2885,0.7986428141593933,0.0,0.008396528661251068,0.06295359134674072,0.8217271566390991,4,0.5,2.736633777618408
fixed,1,2886,0.47019752860069275,0.0,0.011498400010168552,0.38286280632019043,0.5908055901527405,4,0.75,
fixed,1,2887,1.0120518207550049,0.0,0.0062293983064591885,0.1047278642654419,1.0465848445892334,4,0.25,
fixed,1,2888,0.4878300726413727,0.0,0.022319655865430832,0.38258326053619385,0.6137648820877075,4,1.0,
fixed,1,2889,1.2094182968139648,0.01917712576687336,0.012797806411981583,0.045380592346191406,1.2390199899673462,4,0.5,
fixed,1,2890,1.4627467393875122,0.02828233502805233,0.00098723778501153,0.09887564182281494,1.5070441961288452,4,0.25,3.8844826221466064
fixed,1,2891,1.211248755455017,0.0,0.008913964964449406,0.0235520601272583,1.222771406173706,4,0.25,
fixed,1,2892,1.0656194686889648,0.0,0.01450112834572792,0.06103014945983887,1.0911791324615479,4,0.5,
fixed,1,2893,0.8797882795333862,0.0,0.015421843156218529,0.04083836078643799,0.8997507095336914,4,0.5,
fixed,1,2894,0.7964679598808289,0.0,0.012539083138108253,0.03949761390686035,0.8145867586135864,4,0.5,
fixed,1,2895,1.2696703672409058,0.018399082124233246,0.016130728647112846,0.08223772048950195,1.3116066455841064,4,0.75,1.2385578155517578
fixed,1,2896,1.588930368423462,0.0,0.014596512541174889,0.06241500377655029,1.6149531602859497,4,0.5,
fixed,1,2897,0.679073691368103,0.0,0.026301778852939606,0.09269511699676514,0.7200331091880798,4,0.75,
fixed,1,2898,1.0526139736175537,0.0,0.015912869945168495,0.04683065414428711,1.0746196508407593,4,0.5,
fixed,1,2899,0.957849383354187,0.024048464372754097,0.01563207060098648,0.0962303876876831,1.0065587759017944,4,0.75,
fixed,1,2900,1.0910382270812988,0.0,0.003295987145975232,0.22422027587890625,1.1599522829055786,4,0.0,1.8539856672286987
fixed,1,2901,1.228699803352356,0.0,0.009027537889778614,0.11733245849609375,1.2684133052825928,4,0.25,
fixed,1,2902,0.9696657061576843,0.0,0.008739562705159187,0.15345776081085205,1.0200728178024292,4,0.25,
fixed,1,2903,1.06500244140625,0.0,0.0169372595846653,0.05343770980834961,1.0895023345947266,4,0.5,
fixed,1,2904,0.8284931182861328,0.0,0.021555308252573013,0.11188936233520508,0.8728376030921936,4,0.75,
fixed,1,2905,1.1004120111465454,0.0,0.007931025698781013,0.13326215744018555,1.14435613155365,4,0.25,2.3271069526672363
fixed,1,2906,0.7405433654785156,0.0,0.0023877574130892754,0.2017829418182373,0.8022721409797668,4,0.0,
fixed,1,2907,0.40462279319763184,0.0,0.015079028904438019,0.04073333740234375,0.4243822991847992,4,0.5,
fixed,1,2908,0.8600764274597168,0.0,0.004961490631103516,0.10994601249694824,0.8955409526824951,4,0.25,
fixed,1,2909,0.8274733424186707,0.0,0.008420366793870926,0.035944461822509766,0.8424668908119202,4,0.25,
fixed,1,2910,0.7275444269180298,0.0,0.009538914076983929,0.056500911712646484,0.7492641806602478,4,0.5,2.9642412662506104
fixed,1,2911,0.9410718083381653,0.0,0.015528368763625622,0.14740204811096191,0.99305659532547,4,0.75,
fixed,1,2912,1.7536966800689697,0.017962822690606117,0.004649971146136522,0.04401504993438721,1.778207540512085,4,0.5,
fixed,1,2913,0.8921788930892944,0.0,0.019261477515101433,0.05417609214782715,0.9180624485015869,4,0.5,
fixed,1,2914,0.5217121839523315,0.0,0.007192251272499561,0.10484933853149414,0.5567631125450134,4,0.25,
fixed,1,2915,0.7715204954147339,0.03371739014983177,0.010704385116696358,0.05578207969665527,0.8104659914970398,4,0.5,1.8182011842727661
fixed,1,2916,1.441744089126587,0.0,0.00898401252925396,0.07800054550170898,1.4696362018585205,4,0.5,
fixed,1,2917,0.49577951431274414,0.0,0.021209027618169785,0.13802242279052734,0.5477907657623291,4,0.75,
fixed,1,2918,0.6534220576286316,0.0,0.02133950963616371,0.4194204807281494,0.7899179458618164,4,1.0,
fixed,1,2919,0.454606294631958,0.0,0.032872796058654785,0.2882176637649536,0.5575079917907715,4,1.0,
fixed,1,2920,0.46322503685951233,0.01296066865324974,0.01067709643393755,0.10077154636383057,0.5052753686904907,4,0.75,1.4639159440994263
fixed,1,2921,0.42436546087265015,0.0,0.02612488716840744,0.10411858558654785,0.4686634838581085,4,0.75,
fixed,1,2922,1.1490362882614136,0.0,0.0011511158663779497,0.46537691354751587,1.2892248630523682,4,0.0,
fixed,1,2923,1.1400789022445679,0.0,0.012858611531555653,0.07197976112365723,1.1681021451950073,4,0.5,
fixed,1,2924,0.435547798871994,0.0,0.013253246434032917,0.053873658180236816,0.4583365321159363,4,0.25,
fixed,1,2925,0.9287189841270447,0.007681561633944511,0.000915384734980762,0.22571289539337158,1.000731348991394,4,0.25,2.0776424407958984
fixed,1,2926,0.5996828079223633,0.0,0.008395792916417122,0.14964759349822998,0.6487749814987183,4,0.25,
fixed,1,2927,0.8344390988349915,0.024389101192355156,0.05028942972421646,0.040506839752197266,0.8839304447174072,4,0.75,
fixed,1,2928,0.3754328191280365,0.0,0.04987494647502899,0.18344879150390625,0.45540493726730347,4,1.0,
fixed,1,2929,0.8017703294754028,0.0,0.018574900925159454,0.04637718200683594,0.8249709606170654,4,0.5,
fixed,1,2930,0.8104563355445862,0.008365399204194546,0.0009086662903428078,0.168318510055542,0.865588903427124,4,0.25,2.142418384552002
fixed,1,2931,0.7366095781326294,0.012752208858728409,0.027865177020430565,0.04976701736450195,0.7718483805656433,4,0.75,
fixed,1,2932,1.1539332866668701,0.0,0.008168895728886127,0.03643310070037842,1.168947696685791,4,0.25,
fixed,1,2933,1.2209168672561646,0.020924247801303864,0.023307479918003082,0.2688627243041992,1.3236916065216064,4,1.0,
fixed,1,2934,1.1728471517562866,0.0,0.047923412173986435,0.2058572769165039,1.2585660219192505,4,1.0,
fixed,1,2935,0.8027052283287048,0.011089598760008812,0.008211055770516396,0.031827688217163086,0.8219038844108582,4,0.5,0.9273957014083862
fixed,1,2936,0.5019851922988892,0.0,0.048953521996736526,0.18501734733581543,0.5819671750068665,4,1.0,
fixed,1,2937,0.7822577357292175,0.0,0.01867472566664219,0.031649112701416016,0.8010898232460022,4,0.5,
fixed,1,2938,0.7671122550964355,0.0,0.008235182613134384,0.08804893493652344,0.7976445555686951,4,0.25,
fixed,1,2939,2.201173782348633,0.006109058391302824,0.009948556311428547,0.055161476135253906,2.2257509231567383,4,0.5,
fixed,1,2940,1.0162049531936646,0.0,0.030957220122218132,0.08025932312011719,1.0557613372802734,4,0.75,7.481936931610107
fixed,1,2941,1.1720542907714844,0.0,0.025678986683487892,0.1059422492980957,1.2166764736175537,4,0.75,
fixed,1,2942,1.1500153541564941,0.0,0.014927688986063004,0.044129014015197754,1.1707179546356201,4,0.5,
fixed,1,2943,1.4120762348175049,0.017281288281083107,0.0003037991118617356,0.12101209163665771,1.4571723937988281,4,0.25,
fixed,1,2944,1.41055166721344,0.018468694761395454,0.037996917963027954,0.057173728942871094,1.4559365510940552,4,0.5,
fixed,1,2945,1.0721406936645508,0.007505322806537151,0.002179436618462205,0.08376967906951904,1.102113962173462,4,0.25,1.969752311706543
fixed,1,2946,0.7976260185241699,0.0,0.03342612460255623,0.054395437240600586,0.8306577205657959,4,0.5,
fixed,1,2947,1.2656786441802979,0.024305591359734535,0.0001806410145945847,0.11123847961425781,1.311293363571167,4,0.25,
fixed,1,2948,1.1821295022964478,0.0,0.028723904862999916,0.03382909297943115,1.2066402435302734,4,0.5,
fixed,1,2949,1.0607354640960693,0.0,0.01228448934853077,0.058591604232788086,1.0844552516937256,4,0.5,
fixed,1,2950,0.8506927490234375,0.0,0.01604461297392845,0.13348126411437988,0.8987594246864319,4,0.25,3.3074934482574463
fixed,1,2951,0.6086795330047607,0.0,0.028028540313243866,0.32797324657440186,0.721085786819458,4,1.0,
fixed,1,2952,0.8512315154075623,0.0,0.012412730604410172,0.06669437885284424,0.877446174621582,4,0.5,
fixed,1,2953,1.471497654914856,0.0,0.005863431841135025,0.03839385509490967,1.4859474897384644,4,0.25,
fixed,1,2954,0.7711036205291748,0.0,0.013939613476395607,0.06548571586608887,0.7977191209793091,4,0.5,
fixed,1,2955,1.4534865617752075,0.0,0.00670992024242878,0.04006528854370117,1.4688611030578613,4,0.25,2.0833959579467773
fixed,1,2956,0.9701778292655945,0.0,0.01965702883899212,0.08360421657562256,1.0050876140594482,4,0.5,
fixed,1,2957,1.0245720148086548,0.0,0.012983046472072601,0.06835722923278809,1.0515706539154053,4,0.5,
fixed,1,2958,0.5276147127151489,0.016272980719804764,0.0046592336148023605,0.08831143379211426,0.5645742416381836,4,0.5,
fixed,1,2959,0.5876095294952393,0.0,0.014906499534845352,0.2004680633544922,0.6552032232284546,4,0.75,
fixed,1,2960,0.8868293762207031,0.0,0.008149297907948494,0.0809321403503418,0.9151836633682251,4,0.5,2.703050374984741
fixed,1,2961,0.8549591898918152,0.0,0.004642057232558727,0.12338066101074219,0.8942944407463074,4,0.25,
fixed,1,2962,0.7702977657318115,0.014633556827902794,0.01057933084666729,0.15013980865478516,0.8279461860656738,4,0.75,
fixed,1,2963,0.9406211376190186,0.03451550006866455,0.0004180578689556569,0.12042009830474854,0.9942139387130737,4,0.25,
fixed,1,2964,1.2061371803283691,0.0,0.018239909783005714,0.05183291435241699,1.2308070659637451,4,0.5,
fixed,1,2965,0.7119714617729187,0.0,0.0016266827005892992,0.19001507759094238,0.7697893381118774,4,0.0,1.2154804468154907
fixed,1,2966,0.526837944984436,0.03433674946427345,0.01196819543838501,0.28971612453460693,0.6369052529335022,4,0.75,
fixed,1,2967,1.09965980052948,0.0,0.007281962316483259,0.10924530029296875,1.136074423789978,4,0.25,
fixed,1,2968,0.49571701884269714,0.0,0.012752007693052292,0.06146895885467529,0.5205336809158325,4,0.5,
fixed,1,2969,1.1513512134552002,0.0,0.007287490647286177,0.1204749345779419,1.191137433052063,4,0.25,
fixed,1,2970,1.069886326789856,0.0,0.005061489064246416,0.09818553924560547,1.1018726825714111,4,0.25,1.8453247547149658
fixed,1,2971,0.9556306004524231,0.0,0.006373387295752764,0.10429704189300537,0.9901064038276672,4,0.25,
fixed,1,2972,1.0705325603485107,0.0,0.02139471471309662,0.06466960906982422,1.100630760192871,4,0.5,
fixed,1,2973,0.5245791077613831,0.0,0.02218586392700672,0.06107306480407715,0.5539939403533936,4,0.5,
fixed,1,2974,0.9626906514167786,0.04868827387690544,0.012770863249897957,0.315814733505249,1.0881646871566772,4,1.0,
fixed,1,2975,0.40098685026168823,0.0,0.008851632475852966,0.05163240432739258,0.42090240120887756,4,0.5,2.8541061878204346
fixed,1,2976,1.037770390510559,0.0,0.021842259913682938,0.043351054191589355,1.0616968870162964,4,0.5,
fixed,1,2977,1.1493020057678223,0.0,0.009206509217619896,0.04457807540893555,1.1672786474227905,4,0.5,
fixed,1,2978,1.1902170181274414,0.0,0.00024230388225987554,0.2953970432281494,1.2789572477340698,4,0.0,
fixed,1,2979,0.8809161186218262,0.0,0.0002584672474768013,0.30614006519317627,0.972887396812439,4,0.0,
fixed,1,2980,1.5502427816390991,0.012121498584747314,4.874996011494659e-05,0.11123406887054443,1.589698076248169,4,0.25,2.9091410636901855
fixed,1,2981,1.0702491998672485,7.763847520436684e-08,0.004663974512368441,0.057263851165771484,1.089760422706604,4,0.25,
fixed,1,2982,0.5403586626052856,3.127822856185958e-05,0.00985468178987503,0.04612469673156738,0.55913907289505,4,0.5,
fixed,1,2983,0.7590441703796387,2.610017872939352e-05,0.012593410909175873,0.17856788635253906,0.8189243078231812,4,0.75,
fixed,1,2984,0.9120003581047058,4.5214292185846716e-05,0.004058983642607927,0.05813169479370117,0.9314919710159302,4,0.25,
fixed,1,2985,1.6078593730926514,0.013216588646173477,0.0,0.09204888343811035,1.6420823335647583,4,0.25,3.3631246089935303
fixed,1,2986,0.799355685710907,0.018983421847224236,0.02610129863023758,0.08354401588439941,0.846961259841919,4,0.75,
fixed,1,2987,1.4400508403778076,8.865712516126223e-06,0.012145542539656162,0.05617845058441162,1.4629815816879272,4,0.5,
fixed,1,2988,0.8250547647476196,3.907161044480745e-06,0.010823546908795834,0.0884397029876709,0.8570004105567932,4,0.5,
fixed,1,2989,0.5436036586761475,5.450824573927093e-06,0.011017554439604282,0.07297515869140625,0.5710077285766602,4,0.5,
fixed,1,2990,0.7636482119560242,0.019411737099289894,0.012371309101581573,0.2177591323852539,0.844867467880249,4,0.75,0.9540708661079407
fixed,1,2991,0.8903742432594299,0.019286591559648514,0.009774409234523773,0.1571105718612671,0.9520379304885864,4,0.75,
fixed,1,2992,0.817363440990448,0.0,0.018847055733203888,0.26432061195373535,0.9060831665992737,4,0.75,
fixed,1,2993,1.2336443662643433,0.01387446653097868,0.023843107745051384,0.10693585872650146,1.2845839262008667,4,0.5,
fixed,1,2994,0.9403237104415894,0.0,0.026089578866958618,0.10275506973266602,0.9841949939727783,4,0.5,
fixed,1,2995,0.41272538900375366,0.0,0.032004572451114655,0.3123737573623657,0.5224398374557495,4,1.0,9.070083618164062
fixed,1,2996,1.3428025245666504,0.0,0.012464726343750954,0.18551504611968994,1.4046894311904907,4,0.25,
fixed,1,2997,0.2891363203525543,0.0,0.022450502961874008,0.1478186845779419,0.344707190990448,4,0.75,
fixed,1,2998,0.9826331734657288,0.0,0.014364922419190407,0.05982840061187744,1.0077641010284424,4,0.25,
fixed,1,2999,1.1566020250320435,0.0,0.003113632323220372,0.23360443115234375,1.2282401323318481,4,0.0,
fixed,1,3000,0.3851360082626343,0.0,0.046772539615631104,0.213850736618042,0.4726774990558624,4,1.0,11.872188568115234
fixed,1,3001,1.2759439945220947,0.0,0.017907971516251564,0.0821530818939209,1.3095438480377197,4,0.5,
fixed,1,3002,1.1252111196517944,0.0,0.04316860809922218,0.09131574630737305,1.1741901636123657,4,0.75,
fixed,1,3003,0.9391756057739258,0.0,0.049437474459409714,0.21290528774261475,1.0277659893035889,4,1.0,
fixed,1,3004,0.8617278337478638,0.0,0.052275896072387695,0.10308980941772461,0.918792724609375,4,0.5,
fixed,1,3005,0.7376465201377869,0.0,0.006763729266822338,0.10931897163391113,0.7738240957260132,4,0.25,2.1076738834381104
fixed,1,3006,0.6246377825737,0.0,0.025921160355210304,0.11346149444580078,0.6716368198394775,4,0.75,
fixed,1,3007,0.842606782913208,0.0,0.0168302059173584,0.14873278141021729,0.8956417441368103,4,0.75,
fixed,1,3008,0.8685073256492615,0.011232147924602032,0.007242674008011818,0.03924989700317383,0.8895196914672852,4,0.5,
fixed,1,3009,0.7716230154037476,0.0,0.014879501424729824,0.1618281602859497,0.8276112079620361,4,0.75,
fixed,1,3010,0.9055083394050598,0.0,0.0003019241848960519,0.27710914611816406,0.9887920618057251,4,0.0,0.7590991854667664
fixed,1,3011,0.6907591819763184,0.0,0.033243048936128616,0.1703183650970459,0.758476197719574,4,0.75,
fixed,1,3012,0.8172645568847656,0.0,0.01649375632405281,0.15996325016021729,0.873500406742096,4,0.75,
fixed,1,3013,0.9322220683097839,0.0,0.02453632280230522,0.039308905601501465,0.956282913684845,4,0.5,
fixed,1,3014,0.6161460280418396,0.0,0.004625001456588507,0.06862330436706543,0.6390455365180969,4,0.25,
fixed,1,3015,0.8487696647644043,0.0,0.010803860612213612,0.05782961845397949,0.871520459651947,4,0.5,3.5033798217773438
fixed,1,3016,1.1982258558273315,0.03556821867823601,0.006578544620424509,0.05584239959716797,1.2360519170761108,4,0.5,
fixed,1,3017,0.8054254055023193,0.0,0.010531309992074966,0.04824364185333252,0.8251641392707825,4,0.5,
fixed,1,3018,0.9169108271598816,0.0,0.010804162360727787,0.046497464179992676,0.9362621307373047,4,0.5,
fixed,1,3019,1.1798253059387207,0.020810935646295547,0.007148655131459236,0.05056607723236084,1.2089749574661255,4,0.5,
fixed,1,3020,0.8490239381790161,0.0,0.01749219372868538,0.4605928659439087,0.9959478974342346,4,1.0,5.840139865875244
fixed,1,3021,0.8482286334037781,0.0,0.007682079449295998,0.07666194438934326,0.8750682473182678,4,0.5,
fixed,1,3022,0.6633051633834839,0.0,0.011910558678209782,0.058685302734375,0.686866044998169,4,0.5,
fixed,1,3023,0.7220356464385986,0.0,0.0018318904330953956,0.2133413553237915,0.7869539856910706,4,0.0,
fixed,1,3024,0.7203437089920044,0.03233124688267708,0.016045644879341125,0.40242844820022583,0.8652607202529907,4,1.0,
fixed,1,3025,1.1707099676132202,0.0,0.006165636703372002,0.0987093448638916,1.2034056186676025,4,0.25,1.9121171236038208
fixed,1,3026,0.862909734249115,0.015374613925814629,0.02188830077648163,0.25275301933288574,0.9573671221733093,4,1.0,
fixed,1,3027,0.7904686331748962,0.0,0.01953290030360222,0.053597211837768555,0.8163142204284668,4,0.5,
fixed,1,3028,1.1991639137268066,1.0712693438108545e-05,0.002685603918507695,0.20404517650604248,1.261725664138794,4,0.0,
fixed,1,3029,0.528376579284668,0.0,0.03794736787676811,0.2460157871246338,0.6211550235748291,4,1.0,
fixed,1,3030,1.2669522762298584,0.0,0.030982667580246925,0.08099555969238281,1.3067423105239868,4,0.75,7.548673629760742
fixed,1,3031,0.58267742395401,0.01944737136363983,0.010532533749938011,0.043805480003356934,0.6108090281486511,4,0.5,
fixed,1,3032,0.6569252014160156,0.016640111804008484,0.00037670586607418954,0.15031135082244873,0.7105270028114319,4,0.25,
fixed,1,3033,0.8161442875862122,0.0,0.02200540341436863,0.037288546562194824,0.8383335471153259,4,0.5,
fixed,1,3034,0.4970993399620056,0.0,0.04289699345827103,0.15128064155578613,0.5639320611953735,4,0.5,
fixed,1,3035,0.7763516902923584,0.0,0.04647919908165932,0.023455142974853516,0.8066278100013733,4,0.5,8.039017677307129
fixed,1,3036,0.8025336861610413,0.0,0.03326420113444328,0.2230297327041626,0.8860747218132019,4,0.0,
fixed,1,3037,0.7485508918762207,0.0,0.025187388062477112,0.16980957984924316,0.8120874762535095,4,0.25,
fixed,1,3038,0.739931046962738,0.0,0.046305276453495026,0.20256578922271729,0.8238534331321716,4,1.0,
fixed,1,3039,0.9054312109947205,0.0,0.047434017062187195,0.05675053596496582,0.946173369884491,4,0.75,
fixed,1,3040,1.0492454767227173,1.1815102880063932e-05,0.020477276295423508,0.027081727981567383,1.0676145553588867,4,0.5,5.160789966583252
fixed,1,3041,0.5775659680366516,0.0,0.07092355936765671,0.12035107612609863,0.6491330862045288,4,1.0,
fixed,1,3042,1.1575170755386353,0.014790213666856289,0.00997586827725172,0.05849123001098633,1.187447428703308,4,0.5,
fixed,1,3043,1.1016309261322021,0.0,0.006821287330240011,0.09714388847351074,1.134184718132019,4,0.25,
fixed,1,3044,0.981262743473053,0.02341580018401146,4.9401271098759025e-05,0.06637823581695557,1.0129088163375854,4,0.5,
fixed,1,3045,0.8000015020370483,0.0,0.026793861761689186,0.124472975730896,0.8507403135299683,4,0.75,7.191915512084961
fixed,1,3046,0.7166929244995117,0.015566649846732616,0.019763220101594925,0.29352331161499023,0.8224148750305176,4,1.0,
fixed,1,3047,1.484544277191162,0.013873602263629436,0.00662236288189888,0.06670403480529785,1.5148035287857056,4,0.5,
fixed,1,3048,0.6816722750663757,0.0,0.013355666771531105,0.06217634677886963,0.7070029973983765,4,0.5,
fixed,1,3049,1.05665123462677,2.0485145796556026e-05,1.3032530659984332e-05,0.23940575122833252,1.1284897327423096,4,0.0,
fixed,1,3050,0.6911084055900574,0.024793202057480812,0.005210917443037033,0.04712176322937012,0.7202469706535339,4,0.5,2.128659248352051
fixed,1,3051,1.628416895866394,0.014160770922899246,0.006087158806622028,0.04465174674987793,1.651936411857605,4,0.5,
fixed,1,3052,0.7335233092308044,0.02170635387301445,0.00861276499927044,0.05746877193450928,0.7659235000610352,4,0.5,
fixed,1,3053,1.313999891281128,0.02542058564722538,0.007190384436398745,0.04417085647583008,1.3435566425323486,4,0.5,
fixed,1,3054,0.7893509864807129,5.207359208725393e-06,0.018666928634047508,0.12643003463745117,0.836616039276123,4,0.25,
fixed,1,3055,1.0077987909317017,3.4346945287921926e-09,0.009994219057261944,0.12144589424133301,1.049229621887207,4,0.25,2.601557731628418
fixed,1,3056,0.6987669467926025,0.0,0.038024529814720154,0.12772083282470703,0.7560954689979553,4,0.75,
fixed,1,3057,1.5015285015106201,4.507000994635746e-07,0.03525234013795853,0.0884401798248291,1.545686960220337,4,0.75,
fixed,1,3058,1.3135790824890137,0.021005960181355476,3.096966611337848e-05,0.11240589618682861,1.3578193187713623,4,0.25,
fixed,1,3059,1.0037983655929565,3.90940968486575e-09,0.035762887448072433,0.060336947441101074,1.039780855178833,4,0.5,
fixed,1,3060,0.32519757747650146,0.0,0.02769845724105835,0.14107036590576172,0.38136792182922363,4,0.5,6.553390979766846
fixed,1,3061,0.5868655443191528,7.326291893150483e-07,0.012205364182591438,0.09264814853668213,0.6207630634307861,4,0.25,
fixed,1,3062,0.7600893378257751,0.0,0.03850383684039116,0.07109355926513672,0.8006693124771118,4,0.5,
fixed,1,3063,1.8199671506881714,0.0,0.019333921372890472,0.0645899772644043,1.8490110635757446,4,0.5,
fixed,1,3064,1.458070158958435,3.926388671970926e-06,0.0094924196600914,0.031150221824645996,1.472163438796997,4,0.25,
fixed,1,3065,0.99656081199646,4.828021701541729e-05,0.01378956250846386,0.06647706031799316,1.0234228372573853,4,0.5,3.9528610706329346
fixed,1,3066,0.6894923448562622,0.028274375945329666,0.01036008819937706,0.057982444763183594,0.7262043356895447,4,0.5,
fixed,1,3067,0.6032249331474304,0.0,0.023437313735485077,0.20930743217468262,0.6777358055114746,4,0.75,
fixed,1,3068,1.3866422176361084,0.0,0.021539989858865738,0.04412674903869629,1.4106502532958984,4,0.25,
fixed,1,3069,1.1964454650878906,1.142780980956104e-08,0.0048506977036595345,0.07171154022216797,1.2203842401504517,4,0.25,
fixed,1,3070,0.7809804081916809,0.03265952318906784,0.005205810070037842,0.07574617862701416,0.8226369023323059,4,0.5,2.4638967514038086
fixed,1,3071,1.2974169254302979,0.0,0.018159423023462296,0.07027268409729004,1.3275784254074097,4,0.5,
fixed,1,3072,0.9777147173881531,5.176800499384626e-08,0.006350619252771139,0.0251309871673584,0.9884293675422668,4,0.25,
fixed,1,3073,0.3652486205101013,0.0,0.020577847957611084,0.045537710189819336,0.3891988694667816,4,0.5,
fixed,1,3074,0.8634620904922485,0.0,0.03389979153871536,0.3449134826660156,0.9838860034942627,4,1.0,
fixed,1,3075,1.049004316329956,0.018017811700701714,0.00012866311590187252,0.12534034252166748,1.0956796407699585,4,0.25,3.554260492324829
fixed,1,3076,1.0213412046432495,0.035615224391222,0.005822122562676668,0.10408830642700195,1.0732864141464233,4,0.5,
fixed,1,3077,1.045284628868103,0.0,0.004388138651847839,0.09734141826629639,1.076681137084961,4,0.25,
fixed,1,3078,0.9424081444740295,0.0,0.006027371156960726,0.07248735427856445,0.9671680331230164,4,0.25,
fixed,1,3079,1.0296659469604492,0.0,0.012542368844151497,0.06924784183502197,1.0567114353179932,4,0.5,
fixed,1,3080,0.4328601658344269,0.0,0.005572535563260317,0.08944320678710938,0.4624793827533722,4,0.25,1.8032569885253906
fixed,1,3081,0.6049742102622986,0.0,0.01105799712240696,0.10977363586425781,0.6434352993965149,4,0.25,
fixed,1,3082,1.204372525215149,0.01696682721376419,0.01098676398396492,0.07311880588531494,1.2402849197387695,4,0.5,
fixed,1,3083,0.7186015844345093,0.0,0.006134967319667339,0.030870437622070312,0.7309302091598511,4,0.25,
fixed,1,3084,0.8924182057380676,0.0,0.007155624683946371,0.08482110500335693,0.9214423298835754,4,0.5,
fixed,1,3085,0.2873280346393585,0.0,0.017417017370462418,0.1939924955368042,0.3542342782020569,4,0.75,5.18675422668457
fixed,1,3086,1.311877727508545,0.04818366467952728,0.001787741668522358,0.04370284080505371,1.349974274635315,4,0.5,
fixed,1,3087,0.6760774254798889,0.03387549892067909,0.013550134375691414,0.4745851159095764,0.8421657681465149,4,1.0,
fixed,1,3088,0.8332569003105164,0.0,0.006251789163798094,0.09501910209655762,0.8648885488510132,4,0.25,
fixed,1,3089,0.6035287380218506,0.0,0.020140323787927628,0.15439093112945557,0.6599161624908447,4,0.75,
fixed,1,3090,0.990935206413269,0.0,0.023404140025377274,0.03883838653564453,1.0142887830734253,4,0.5,5.1260833740234375
fixed,1,3091,1.0899906158447266,0.0,0.009686618112027645,0.126617431640625,1.1328191757202148,4,0.25,
fixed,1,3092,1.0938390493392944,0.0,0.00043745257426053286,0.3533592224121094,1.2000654935836792,4,0.0,
fixed,1,3093,0.9731560945510864,0.0,0.015520712360739708,0.05138289928436279,0.9963313341140747,4,0.5,
fixed,1,3094,0.7859399914741516,0.028572887182235718,0.010637378320097923,0.10528576374053955,0.8371308445930481,4,0.75,
fixed,1,3095,1.4439516067504883,0.0,0.017894819378852844,0.06959795951843262,1.4737783670425415,4,0.5,4.725362300872803
fixed,1,3096,1.344996690750122,0.0,0.04429398104548454,0.22992050647735596,1.436119794845581,4,1.0,
fixed,1,3097,1.2164891958236694,0.012396148405969143,0.018765408545732498,0.08967506885528564,1.2589725255966187,4,0.75,
fixed,1,3098,0.8394008874893188,0.0,0.0230754055082798,0.0352323055267334,0.861508309841156,4,0.5,
fixed,1,3099,0.6666703224182129,0.0,0.03251740336418152,0.07478499412536621,0.7053645253181458,4,0.75,
fixed,1,3100,0.9005427956581116,0.0,0.024776950478553772,0.03735005855560303,0.9241362810134888,4,0.5,5.646602153778076
fixed,1,3101,1.450010061264038,0.0,0.010446090251207352,0.08561837673187256,1.4809186458587646,4,0.25,
fixed,1,3102,0.8545481562614441,0.0,0.028806380927562714,0.09813344478607178,0.8983913660049438,4,0.75,
fixed,1,3103,1.171789288520813,0.011368648149073124,0.02168048545718193,0.06521117687225342,1.2078771591186523,4,0.75,
fixed,1,3104,0.7212339639663696,0.01972050406038761,0.00022308733605314046,0.1273481845855713,0.7694101929664612,4,0.25,
fixed,1,3105,1.3882344961166382,0.0,0.048377618193626404,0.19682133197784424,1.471469759941101,4,1.0,9.669960021972656
fixed,1,3106,1.0644357204437256,0.0,0.025621619075536728,0.06982111930847168,1.098192811012268,4,0.25,
fixed,1,3107,1.0362472534179688,0.0,0.01729166880249977,0.055184245109558105,1.061448335647583,4,0.5,
fixed,1,3108,0.8001453280448914,0.021486276760697365,0.01795506477355957,0.10969853401184082,0.8527755737304688,4,0.75,
fixed,1,3109,1.151715874671936,0.0,0.008647273294627666,0.14025115966796875,1.1981148719787598,4,0.25,
fixed,1,3110,0.5769817233085632,0.0,0.015926364809274673,0.05957627296447754,0.6028177738189697,4,0.5,4.285958290100098
fixed,1,3111,0.6433295011520386,0.0,0.015741925686597824,0.06266212463378906,0.6699991226196289,4,0.5,
fixed,1,3112,1.189927339553833,0.0,0.013658721931278706,0.07194924354553223,1.2183414697647095,4,0.5,
fixed,1,3113,0.9769209027290344,0.0,0.023823227733373642,0.11847424507141113,1.0243748426437378,4,0.75,
fixed,1,3114,1.090132236480713,0.0,0.01139053050428629,0.05291414260864258,1.1117017269134521,4,0.25,
fixed,1,3115,1.0757907629013062,0.0,0.014587149024009705,0.053710222244262695,1.0991973876953125,4,0.5,3.98150897026062
fixed,1,3116,0.49354714155197144,0.0,0.012721403501927853,0.05203986167907715,0.5155197978019714,4,0.5,
fixed,1,3117,1.160362958908081,0.0,0.011330738663673401,0.05247819423675537,1.1817717552185059,4,0.5,
fixed,1,3118,0.5666747689247131,0.0238024964928627,0.011584850028157234,0.11419153213500977,0.6186258792877197,4,0.75,
fixed,1,3119,1.4299442768096924,0.02322746440768242,0.0004988054861314595,0.1322159767150879,1.4814722537994385,4,0.25,
fixed,1,3120,0.8516616821289062,0.05154643952846527,0.0043334015645086765,0.1528857946395874,0.9254673719406128,4,0.75,6.093924522399902
fixed,1,3121,1.5338939428329468,0.0,0.0043060388416051865,0.11364984512329102,1.5701419115066528,4,0.25,
fixed,1,3122,0.8987433314323425,0.0,0.020611220970749855,0.05853557586669922,0.9266096353530884,4,0.5,
fixed,1,3123,1.749285340309143,0.034618083387613297,0.00040265271672978997,0.07838034629821777,1.7903097867965698,4,0.25,
fixed,1,3124,1.0770353078842163,0.0,0.006842166185379028,0.07085275650024414,1.1017122268676758,4,0.25,
fixed,1,3125,0.9671971201896667,0.0,0.020005658268928528,0.14025843143463135,1.0192774534225464,4,0.75,5.414374828338623
fixed,1,3126,1.2253344058990479,0.0,0.011664070188999176,0.05299544334411621,1.2470650672912598,4,0.5,
fixed,1,3127,1.5626658201217651,0.0,0.016419587656855583,0.018134474754333496,1.576315999031067,4,0.5,
fixed,1,3128,0.5639315247535706,0.024167552590370178,0.03360015153884888,0.22977769374847412,0.6617487072944641,4,1.0,
fixed,1,3129,1.0399795770645142,0.025015782564878464,0.007102174684405327,0.06790435314178467,1.0764098167419434,4,0.5,
fixed,1,3130,1.2936229705810547,0.0,0.006998226512223482,0.08760666847229004,1.32340407371521,4,0.25,2.1026864051818848
fixed,1,3131,0.8193659782409668,0.0,0.02485923282802105,0.0866250991821289,0.8577831387519836,4,0.25,
fixed,1,3132,1.2318036556243896,0.024368291720747948,0.0004330590309109539,0.11205744743347168,1.2778215408325195,4,0.25,
fixed,1,3133,1.4011369943618774,0.0,0.012298773974180222,0.06122732162475586,1.4256545305252075,4,0.5,
fixed,1,3134,0.749331533908844,0.0,0.030856529250741005,0.11640632152557373,0.7996817231178284,4,0.75,
fixed,1,3135,0.8597046136856079,0.027943095192313194,0.015138678252696991,0.1308804750442505,0.9205096364021301,4,0.75,0.4364508390426636
fixed,1,3136,1.1568443775177002,0.0,0.009175854735076427,0.0556027889251709,1.1781131029129028,4,0.25,
fixed,1,3137,0.3944094181060791,0.02854163385927677,0.007956222631037235,0.05791902542114258,0.4300340414047241,4,0.5,
fixed,1,3138,0.6590679287910461,0.026676131412386894,0.007287394255399704,0.08318305015563965,0.7010046243667603,4,0.5,
fixed,1,3139,1.273885726928711,0.0,0.011422734707593918,0.15373921394348145,1.325718879699707,4,0.25,
fixed,1,3140,0.8157427310943604,0.0,0.011496610939502716,0.07848942279815674,0.8450378775596619,4,0.5,3.3998141288757324
fixed,1,3141,1.0015733242034912,0.0,0.008905393071472645,0.1495305299758911,1.0508852005004883,4,0.25,
fixed,1,3142,0.7270277142524719,0.0,0.010647214949131012,0.1388099193572998,0.7739943265914917,4,0.25,
fixed,1,3143,1.175829291343689,0.0,0.01546313613653183,0.08391916751861572,1.2087366580963135,4,0.5,
fixed,1,3144,0.7946447730064392,0.0,0.02369835413992405,0.11191344261169434,0.840067982673645,4,0.75,
fixed,1,3145,0.49096885323524475,0.011640639975667,0.017262060195207596,0.09641838073730469,0.5343457460403442,4,0.75,2.099087953567505
fixed,1,3146,0.5874290466308594,0.0,0.014723039232194424,0.053357839584350586,0.6107979416847229,4,0.5,
fixed,1,3147,0.8881093263626099,0.0,0.0249073076993227,0.19690430164337158,0.9596343040466309,4,0.75,
fixed,1,3148,0.8526074886322021,0.0,0.0012054305989295244,0.32272660732269287,0.9500281810760498,4,0.0,
fixed,1,3149,1.0206689834594727,0.0,0.012842227704823017,0.04625272750854492,1.0409659147262573,4,0.25,
fixed,1,3150,0.649169385433197,0.012659505009651184,0.0007020102348178625,0.12323665618896484,0.6928211450576782,4,0.25,3.011241912841797
fixed,1,3151,1.3533951044082642,0.0,0.017811093479394913,0.15514039993286133,1.4088428020477295,4,0.75,
fixed,1,3152,0.9068339467048645,0.0,0.011011901311576366,0.059105634689331055,0.9300715923309326,4,0.5,
fixed,1,3153,0.9011688232421875,0.0,0.008394046686589718,0.06471383571624756,0.924780011177063,4,0.25,
fixed,1,3154,1.2382652759552002,0.02384784445166588,6.396399112418294e-05,0.06956040859222412,1.2710893154144287,4,0.25,
fixed,1,3155,0.5580176711082458,0.0,0.016915248706936836,0.14800167083740234,0.6108757853507996,4,0.75,4.928273677825928
fixed,1,3156,0.9122345447540283,0.0,0.021871889010071754,0.06172633171081543,0.9416884183883667,4,0.5,
fixed,1,3157,1.758410930633545,0.01892658695578575,0.0045875320211052895,0.06349444389343262,1.7892162799835205,4,0.5,
fixed,1,3158,1.1887341737747192,7.929522325866856e-06,0.014121821150183678,0.11490964889526367,1.2302719354629517,4,0.25,
fixed,1,3159,1.0016872882843018,3.960746107622981e-05,0.003915196750313044,0.08959364891052246,1.0305427312850952,4,0.25,
fixed,1,3160,1.812093734741211,8.520532901457045e-07,0.004162581171840429,0.10376477241516113,1.8453048467636108,4,0.25,1.3558114767074585
fixed,1,3161,0.8278853893280029,0.023010410368442535,0.004577742423862219,0.07657289505004883,0.8646513223648071,4,0.5,
fixed,1,3162,0.9192858934402466,0.0,0.02262159436941147,0.4183662533760071,1.0561065673828125,4,1.0,
fixed,1,3163,0.9314314126968384,0.0,0.003962798975408077,0.09843027591705322,0.9629418849945068,4,0.25,
fixed,1,3164,1.0697909593582153,7.118611620171578e-07,0.0066842022351920605,0.09697675704956055,1.1022264957427979,4,0.25,
fixed,1,3165,1.4197628498077393,1.2980724932276644e-05,0.010233280248939991,0.08936178684234619,1.4516944885253906,4,0.25,2.5540401935577393
fixed,1,3166,1.3514206409454346,1.652537139307242e-05,0.024514731019735336,0.13997328281402588,1.4056782722473145,4,0.75,
fixed,1,3167,1.6136574745178223,2.4204687179008033e-06,0.008486652746796608,0.05772662162780762,1.6352200508117676,4,0.5,
fixed,1,3168,0.6786333918571472,0.0,0.00696520134806633,0.08601212501525879,0.7079196572303772,4,0.5,
fixed,1,3169,1.1835275888442993,1.983669335459126e-06,0.00673464173451066,0.06458151340484619,1.2062703371047974,4,0.5,
fixed,1,3170,0.8173065185546875,0.0,0.01065666414797306,0.041254639625549316,0.8350112438201904,4,0.5,3.171923875808716
fixed,1,3171,1.3418670892715454,0.0,0.012843494303524494,0.04873335361480713,1.3629088401794434,4,0.5,
fixed,1,3172,0.9957784414291382,0.0,0.009469718672335148,0.21932077407836914,1.0663095712661743,4,0.75,
fixed,1,3173,0.6600511074066162,0.0,0.007507435046136379,0.1689906120300293,0.7145020365715027,4,0.25,
fixed,1,3174,0.412055641412735,0.0,0.0047188084572553635,0.28209495544433594,0.4990435242652893,4,0.0,
fixed,1,3175,0.8820371031761169,0.03252298757433891,0.008733509108424187,0.07419300079345703,0.9249232411384583,4,0.5,2.1600818634033203
fixed,1,3176,1.3436414003372192,0.0,0.006714762654155493,0.08697509765625,1.3730913400650024,4,0.5,
fixed,1,3177,1.5442414283752441,0.0,0.0009202556102536619,0.3701512813568115,1.6557469367980957,4,0.0,
fixed,1,3178,0.9120842218399048,0.0,0.005000239238142967,0.13242697715759277,0.9543124437332153,4,0.25,
fixed,1,3179,0.48154494166374207,0.0,0.010592950507998466,0.23208177089691162,0.5564659833908081,4,0.75,
fixed,1,3180,0.6249228715896606,0.0202601607888937,0.01016625389456749,0.14654231071472168,0.6840987801551819,4,0.75,1.6842676401138306
fixed,1,3181,0.9682891964912415,0.03281186521053314,0.006509087048470974,0.20146703720092773,1.0483897924423218,4,0.75,
fixed,1,3182,0.9434127807617188,0.0,0.005801484454423189,0.10954082012176514,0.9791757464408875,4,0.25,
fixed,1,3183,1.5129534006118774,0.0,0.010973358526825905,0.06703054904937744,1.5385491847991943,4,0.5,
fixed,1,3184,0.991391122341156,0.0,0.021016540005803108,0.4165939688682556,1.1268775463104248,4,1.0,
fixed,1,3185,0.9440340399742126,0.0,0.02189919911324978,0.03971290588378906,0.9668974876403809,4,0.5,5.502984046936035
fixed,1,3186,0.9536608457565308,0.0,0.022271160036325455,0.11968874931335449,1.0007030963897705,4,0.75,
fixed,1,3187,1.177618145942688,0.0,0.009627466090023518,0.11668252944946289,1.217436671257019,4,0.25,
fixed,1,3188,0.4563508629798889,0.0,0.023544197902083397,0.11050939559936523,0.5012757778167725,4,0.75,
fixed,1,3189,1.031144142150879,0.0,0.029726272448897362,0.050251007080078125,1.0610826015472412,4,0.5,
fixed,1,3190,1.2926417589187622,0.0,0.0376814603805542,0.06865763664245605,1.3320797681808472,4,0.75,7.679934024810791
fixed,1,3191,0.4002329409122467,0.0,0.007562344428151846,0.136277437210083,0.4448973536491394,4,0.25,
fixed,1,3192,1.401059627532959,0.0,0.01503284927457571,0.04891836643218994,1.4232515096664429,4,0.5,
fixed,1,3193,1.0200109481811523,0.0,0.010851949453353882,0.043673157691955566,1.0385388135910034,4,0.25,
fixed,1,3194,0.8719298243522644,0.0,0.007553477771580219,0.1232900619506836,0.9126935601234436,4,0.25,
fixed,1,3195,0.8873457312583923,0.0,0.014553378336131573,0.06865859031677246,0.9152200222015381,4,0.5,4.053863048553467
fixed,1,3196,0.7275416851043701,0.0,0.010990146547555923,0.0560908317565918,0.7498639822006226,4,0.5,
fixed,1,3197,1.005610704421997,0.0,0.01876319944858551,0.05452442169189453,1.0313496589660645,4,0.5,
fixed,1,3198,0.7913008332252502,0.0,0.0047076791524887085,0.10941684246063232,0.8264797329902649,4,0.25,
fixed,1,3199,0.613440752029419,0.0,0.008554457686841488,0.06300973892211914,0.6366208791732788,4,0.5,
fixed,1,3200,0.7640753984451294,0.0,0.020313648506999016,0.060997843742370605,0.7925315499305725,4,0.5,4.8701252937316895
fixed,1,3201,1.6724239587783813,0.0,0.00032953560003079474,0.35229480266571045,1.7782771587371826,4,0.0,
fixed,1,3202,1.3294652700424194,0.0,0.005448547191917896,0.029044747352600098,1.3409029245376587,4,0.25,
fixed,1,3203,0.6187513470649719,0.0250360369682312,0.008435247465968132,0.47589588165283203,0.7782557606697083,4,1.0,
fixed,1,3204,1.3414901494979858,0.0,0.01051151193678379,0.20642566680908203,1.408673644065857,4,0.75,
fixed,1,3205,0.8461055159568787,0.04249598830938339,0.006413714494556189,0.40066200494766235,0.9907589554786682,4,0.75,1.703256607055664
fixed,1,3206,0.9932923913002014,0.00016521332145202905,0.003954279702156782,0.05087757110595703,1.010615348815918,4,0.25,
fixed,1,3207,0.5928669571876526,0.0,0.004637441132217646,0.03469491004943848,0.6055941581726074,4,0.25,
fixed,1,3208,0.8782927989959717,0.0,0.0066108303144574165,0.06370115280151367,0.9007085561752319,4,0.5,
fixed,1,3209,0.6496996283531189,0.0,0.02632712572813034,0.35719919204711914,0.770022988319397,4,1.0,
fixed,1,3210,0.7144482731819153,0.0,0.002248294185847044,0.2194429636001587,0.7814053297042847,4,0.0,1.4592905044555664
fixed,1,3211,0.7568333745002747,0.0,0.0002667136141099036,0.3375931978225708,0.8582447171211243,4,0.0,
fixed,1,3212,0.7173201441764832,0.0,0.003739036386832595,0.08886432647705078,0.7458489537239075,4,0.25,
fixed,1,3213,0.9924324750900269,0.032838691025972366,0.0040878597646951675,0.048531532287597656,1.0254552364349365,4,0.5,
fixed,1,3214,0.9081056118011475,0.0,0.019161038100719452,0.14838504791259766,0.9622016549110413,4,0.75,
fixed,1,3215,0.9103314280509949,0.0,0.026763394474983215,0.10621035099029541,0.9555762410163879,4,0.75,6.507097244262695
fixed,1,3216,0.5810627341270447,0.0,0.012215996161103249,0.056557416915893555,0.6041379570960999,4,0.5,
fixed,1,3217,0.6539686322212219,0.0,0.013633852824568748,0.05430459976196289,0.6770769357681274,4,0.5,
fixed,1,3218,0.9261568784713745,0.0,0.011227047070860863,0.06706726551055908,0.9518905878067017,4,0.5,
fixed,1,3219,1.334641456604004,0.028471902012825012,0.006537252105772495,0.05500173568725586,1.368646502494812,4,0.5,
fixed,1,3220,1.4851853847503662,0.026972420513629913,0.01549149677157402,0.05042576789855957,1.5215450525283813,4,0.5,1.7580840587615967
fixed,1,3221,1.1352388858795166,0.0,0.006333417259156704,0.10900282859802246,1.1711064577102661,4,0.25,
fixed,1,3222,0.8520499467849731,0.0,0.03171273693442345,0.2891528606414795,0.9546521902084351,4,1.0,
fixed,1,3223,0.5819376707077026,0.0,0.006698311772197485,0.11511445045471191,0.6198211908340454,4,0.25,
fixed,1,3224,1.2395449876785278,0.027746452018618584,0.012653179466724396,0.12265944480895996,1.2965426445007324,4,0.75,
fixed,1,3225,1.3504246473312378,0.0,0.016596943140029907,0.04101717472076416,1.3710283041000366,4,0.5,4.292222023010254
fixed,1,3226,1.0013201236724854,0.0,0.01049148291349411,0.11085033416748047,1.039820909500122,4,0.25,
fixed,1,3227,0.43432292342185974,0.0,0.038805995136499405,0.2335665225982666,0.5237959027290344,4,1.0,
fixed,1,3228,1.0703363418579102,0.0124325817450881,0.008309337310492992,0.04029083251953125,1.0927945375442505,4,0.5,
fixed,1,3229,0.771715521812439,0.0,0.0337204784154892,0.06920063495635986,0.8093359470367432,4,0.75,
fixed,1,3230,1.1000944375991821,0.014459908939898014,0.02833319827914238,0.060155391693115234,1.1395375728607178,4,0.75,3.158961057662964
fixed,1,3231,1.3065574169158936,0.0,0.03691558539867401,0.07328581809997559,1.3470009565353394,4,0.75,
fixed,1,3232,1.216027855873108,0.012694825418293476,0.011665217578411102,0.03037703037261963,1.2373210191726685,4,0.5,
fixed,1,3233,0.7268280386924744,0.016725296154618263,0.009954414330422878,0.05408358573913574,0.7563929557800293,4,0.5,
fixed,1,3234,1.0473707914352417,0.0,0.0333758145570755,0.07359087467193604,1.086135983467102,4,0.5,
fixed,1,3235,0.6817371845245361,0.0,0.018539167940616608,0.056060791015625,0.7078250050544739,4,0.5,4.67581844329834
fixed,1,3236,1.0680502653121948,0.0,0.011552337557077408,0.055535316467285156,1.090487003326416,4,0.25,
fixed,1,3237,0.7054069638252258,0.0,0.020358754321932793,0.07910537719726562,0.7393179535865784,4,0.5,
fixed,1,3238,0.9153257608413696,0.022169090807437897,0.025453738868236542,0.27409422397613525,1.0213654041290283,4,1.0,
fixed,1,3239,0.6154550909996033,0.0,0.03412381932139397,0.0272219181060791,0.6406835913658142,4,0.5,
fixed,1,3240,0.7710384726524353,0.015257872641086578,0.008155934512615204,0.10165596008300781,0.8132421970367432,4,0.5,1.325108289718628
fixed,1,3241,1.2556562423706055,0.012884089723229408,0.026947801932692528,0.22528386116027832,1.3431572914123535,4,1.0,
fixed,1,3242,1.3506313562393188,0.0,0.016154039651155472,0.07995498180389404,1.3826948404312134,4,0.5,
fixed,1,3243,0.7971158027648926,0.0,0.023265015333890915,0.07035064697265625,0.8298535346984863,4,0.5,
fixed,1,3244,0.6220863461494446,0.0,0.007347653154283762,0.14367234706878662,0.6688618659973145,4,0.25,
fixed,1,3245,0.8255125880241394,0.0,0.007684823591262102,0.14273309707641602,0.8721749186515808,4,0.25,2.3175652027130127
fixed,1,3246,0.7375587224960327,0.0,0.023842941969633102,0.11543190479278564,0.7841097712516785,4,0.75,
fixed,1,3247,1.4740560054779053,0.025552671402692795,0.002789429621770978,0.03504014015197754,1.4987391233444214,4,0.25,
fixed,1,3248,0.4606023132801056,0.0,0.015212536789476871,0.05595123767852783,0.48499396443367004,4,0.5,
fixed,1,3249,0.6694852113723755,0.028915885835886,0.006600405555218458,0.04604518413543701,0.7010568976402283,4,0.5,
fixed,1,3250,1.3243995904922485,0.0,0.01087599154561758,0.09728765487670898,1.359023928642273,4,0.25,2.748833179473877
fixed,1,3251,0.9499381184577942,0.0,0.005673048552125692,0.07768750190734863,0.9760808944702148,4,0.25,
fixed,1,3252,0.6724749803543091,0.0,0.032172270119190216,0.1712707281112671,0.7399423122406006,4,0.75,
fixed,1,3253,1.2171971797943115,0.026721185073256493,0.0005975992535240948,0.09093797206878662,1.2581379413604736,4,0.25,
fixed,1,3254,0.7889987826347351,0.03347012400627136,0.006997991818934679,0.05682086944580078,0.8262791037559509,4,0.5,
fixed,1,3255,0.9300267696380615,0.0,0.017790604382753372,0.04920387268066406,0.9536832571029663,4,0.5,4.331599235534668
fixed,1,3256,1.1780534982681274,0.0,0.021924464032053947,0.045194387435913086,1.2025740146636963,4,0.5,
fixed,1,3257,0.5576481223106384,0.0,0.012916360050439835,0.06544482707977295,0.5837397575378418,4,0.5,
fixed,1,3258,1.1287341117858887,0.0,0.01817895658314228,0.1536884307861328,1.1839301586151123,4,0.75,
fixed,1,3259,0.960665762424469,0.0,0.005620024167001247,0.09724628925323486,0.9926496744155884,4,0.25,
fixed,1,3260,0.9703310132026672,0.0,0.01025769766420126,0.12424802780151367,1.012734293937683,4,0.25,2.6293396949768066
fixed,1,3261,0.6487953662872314,0.0,0.0175467599183321,0.17164361476898193,0.709061861038208,4,0.75,
fixed,1,3262,0.7924281358718872,0.017776360735297203,0.03251757472753525,0.25034797191619873,0.8926795125007629,4,1.0,
fixed,1,3263,0.8499826192855835,0.0,0.01991802453994751,0.1622389554977417,0.9086133241653442,4,0.75,
fixed,1,3264,0.43260204792022705,0.0,0.0049188085831701756,0.11760091781616211,0.4703417420387268,4,0.25,
fixed,1,3265,0.509117603302002,0.0,0.025869864970445633,0.14146161079406738,0.5644910335540771,4,0.75,6.421136379241943
fixed,1,3266,0.5385069251060486,0.0,0.015264919027686119,0.28030431270599365,0.6302306652069092,4,0.75,
fixed,1,3267,0.6681711673736572,0.0,0.00975845567882061,0.07458555698394775,0.6954260468482971,4,0.5,
fixed,1,3268,1.0458950996398926,0.0,0.033151913434267044,0.10615420341491699,1.0943173170089722,4,0.75,
fixed,1,3269,1.274491786956787,0.0,0.010211572051048279,0.06360852718353271,1.2986801862716675,4,0.5,
fixed,1,3270,0.623138427734375,0.01995997130870819,0.009643885307013988,0.04113125801086426,0.6502797603607178,4,0.5,2.3031933307647705
fixed,1,3271,1.4595860242843628,0.0,0.02501947432756424,0.11300599575042725,1.5059975385665894,4,0.75,
fixed,1,3272,0.9732313752174377,0.026936721056699753,0.012472080066800117,0.1533963680267334,1.038954734802246,4,0.75,
fixed,1,3273,1.9164849519729614,0.041938841342926025,5.3552837925963104e-05,0.049550414085388184,1.9523463249206543,4,0.5,
fixed,1,3274,0.6236011981964111,0.0,0.015228457748889923,0.2688835859298706,0.7118805050849915,4,0.5,
fixed,1,3275,0.8518062829971313,0.0,0.014520135708153248,0.06268835067749023,0.877872884273529,4,0.5,3.9766006469726562
fixed,1,3276,0.6812371611595154,0.02472374588251114,0.007770444266498089,0.0678703784942627,0.7178453803062439,4,0.5,
fixed,1,3277,1.2645183801651,0.0,0.015075255185365677,0.04379069805145264,1.2851932048797607,4,0.5,
fixed,1,3278,0.8381258845329285,0.0,0.017340630292892456,0.0675058364868164,0.8670479655265808,4,0.5,
fixed,1,3279,0.7783528566360474,0.0307636596262455,0.006787894759327173,0.11062264442443848,0.8303154110908508,4,0.5,
fixed,1,3280,0.7732836604118347,0.014369498006999493,0.014970408752560616,0.02890622615814209,0.7966254949569702,4,0.5,1.915536880493164
fixed,1,3281,0.8559799790382385,0.0051618278957903385,0.01084329467266798,0.10832333564758301,0.8964795470237732,4,0.25,
fixed,1,3282,1.2578132152557373,0.0,0.025952426716685295,0.0861583948135376,1.296636939048767,4,0.5,
fixed,1,3283,0.897158145904541,0.0,0.029867548495531082,0.1103888750076294,0.9452086091041565,4,0.75,
fixed,1,3284,1.4503076076507568,0.009521818719804287,0.024266831576824188,0.09286177158355713,1.4950604438781738,4,0.75,
fixed,1,3285,0.8849126100540161,0.003938132431358099,0.014379930682480335,0.14510560035705566,0.9376033544540405,4,0.25,2.240553140640259
fixed,1,3286,0.7591922879219055,0.0038324277848005295,0.01610853523015976,0.1373918056488037,0.8103803396224976,4,0.25,
fixed,1,3287,0.936039924621582,0.0,0.033251140266656876,0.10870885848999023,0.9852781295776367,4,0.75,
fixed,1,3288,1.0509623289108276,0.0,0.05464506521821022,0.06704163551330566,1.0983973741531372,4,0.75,
fixed,1,3289,0.5748711228370667,0.0,0.001537468982860446,0.465625524520874,0.7153275012969971,4,0.0,
fixed,1,3290,1.130469799041748,0.0,0.033075351268053055,0.06017780303955078,1.1650607585906982,4,0.5,6.451425075531006
fixed,1,3291,0.7732819318771362,0.0,0.027882030233740807,0.1233527660369873,0.8242287635803223,4,0.75,
fixed,1,3292,1.0277957916259766,0.0,0.026911363005638123,0.11242151260375977,1.0749778747558594,4,0.75,
fixed,1,3293,1.034490942955017,0.02256535179913044,0.01474270410835743,0.11558341979980469,1.087820053100586,4,0.75,
fixed,1,3294,0.6998744606971741,0.0,0.04961927980184555,0.06880617141723633,0.7453259229660034,4,0.75,
fixed,1,3295,0.9340464472770691,0.0,0.031332943588495255,0.32647836208343506,1.0476564168930054,4,1.0,8.771450996398926
fixed,1,3296,0.5389477014541626,0.0,0.014996804296970367,0.05412185192108154,0.5626826882362366,4,0.5,
fixed,1,3297,0.567755401134491,0.0,0.016958685591816902,0.1513528823852539,0.6216406226158142,4,0.75,
fixed,1,3298,0.6610502600669861,0.0,0.01504930667579174,0.041602134704589844,0.6810555458068848,4,0.5,
fixed,1,3299,0.6332315802574158,0.0,0.016616340726614,0.04014182090759277,0.6535822749137878,4,0.5,
fixed,1,3300,1.0626543760299683,0.00842540804296732,0.00031069270335137844,0.13231444358825684,1.1067167520523071,4,0.25,2.3164126873016357
fixed,1,3301,0.4491802453994751,0.0,0.005400856491178274,0.07404804229736328,0.47409507632255554,4,0.25,
fixed,1,3302,0.31591612100601196,0.0,0.014314898289740086,0.039328575134277344,0.33487215638160706,4,0.5,
fixed,1,3303,0.8344240188598633,0.0,0.029558582231402397,0.10619163513183594,0.881060779094696,4,0.75,
fixed,1,3304,1.1130555868148804,0.0,0.03911609947681427,0.270313024520874,1.2137075662612915,4,1.0,
fixed,1,3305,1.7521522045135498,0.0,0.0001169096285593696,0.3505960702896118,1.8573894500732422,4,0.0,0.5547512173652649
fixed,1,3306,1.4568274021148682,0.0,0.009692809544503689,0.059491753578186035,1.4795212745666504,4,0.5,
fixed,1,3307,0.652840256690979,0.0,0.008747436106204987,0.05744016170501709,0.6744460463523865,4,0.5,
fixed,1,3308,0.854444682598114,0.0,0.01785174012184143,0.2716388702392578,0.9448622465133667,4,0.75,
fixed,1,3309,1.0092616081237793,0.0,0.003843461163341999,0.09450745582580566,1.0395355224609375,4,0.25,
fixed,1,3310,0.7403911352157593,0.0,0.007670645602047443,0.10135936737060547,0.7746342420578003,4,0.5,2.566528797149658
fixed,1,3311,1.74493408203125,0.0,0.012053715996444225,0.0654534101486206,1.770596981048584,4,0.5,
fixed,1,3312,0.7920249700546265,0.02544552832841873,0.010813042521476746,0.1606537103652954,0.858350396156311,4,0.75,
fixed,1,3313,0.9781870245933533,0.0,0.0040766834281384945,0.11250877380371094,1.0139780044555664,4,0.25,
fixed,1,3314,0.7979339361190796,0.0,0.008384568616747856,0.07125163078308105,0.823501706123352,4,0.5,
fixed,1,3315,0.7934844493865967,0.0,0.012631057761609554,0.19669294357299805,0.8588078618049622,4,0.75,3.963883638381958
fixed,1,3316,0.8213532567024231,0.0,0.0098224813118577,0.08322358131408691,0.851231575012207,4,0.5,
fixed,1,3317,0.8102586269378662,0.0,0.007141361944377422,0.07934820652008057,0.8376337885856628,4,0.5,
fixed,1,3318,1.2766574621200562,0.019351070746779442,0.006193149834871292,0.05915665626525879,1.3071765899658203,4,0.5,
fixed,1,3319,1.0490801334381104,0.014428189024329185,0.0003186285903211683,0.1506565809249878,1.1016504764556885,4,0.25,
fixed,1,3320,0.657322108745575,0.019975358620285988,0.009052389301359653,0.06703805923461914,0.6919474005699158,4,0.5,1.3340420722961426
fixed,1,3321,0.8226960301399231,0.0,0.018641533330082893,0.2625889778137207,0.9107934832572937,4,0.75,
fixed,1,3322,1.4527397155761719,0.013898937962949276,0.0004925117245875299,0.17097437381744385,1.5112277269363403,4,0.25,
fixed,1,3323,0.5729661583900452,0.0,0.008068600669503212,0.0749046802520752,0.5994718670845032,4,0.5,
fixed,1,3324,0.5467532873153687,0.0,0.014857140369713306,0.17371487617492676,0.6062963008880615,4,0.75,
fixed,1,3325,1.1844731569290161,0.0,0.006135693285614252,0.10748004913330078,1.2197849750518799,4,0.25,2.0001113414764404
fixed,1,3326,0.6690479516983032,0.0,0.010701852850615978,0.06239128112792969,0.6931162476539612,4,0.5,
fixed,1,3327,0.7653806209564209,0.0,0.01211684849113226,0.04897761344909668,0.7861323356628418,4,0.5,
fixed,1,3328,1.0154136419296265,0.0,0.0376630499958992,0.08182227611541748,1.0587918758392334,4,0.75,
fixed,1,3329,0.47028112411499023,0.016014311462640762,0.0006009236676618457,0.13283956050872803,0.5184406042098999,4,0.25,
fixed,1,3330,0.5076372623443604,0.0,0.004753184970468283,0.27831780910491943,0.5935091972351074,4,0.0,2.8961963653564453
fixed,1,3331,1.3308850526809692,0.0328981988132,0.0005149622447788715,0.08845639228820801,1.3741285800933838,4,0.25,
fixed,1,3332,0.8782439827919006,0.0,0.05236878991127014,0.08408510684967041,0.9296538829803467,4,0.75,
fixed,1,3333,0.8603741526603699,0.0,0.0297996886074543,0.09255170822143555,0.9030395150184631,4,0.75,
fixed,1,3334,0.8383567333221436,0.0,0.01635611429810524,0.15252470970153809,0.8922922015190125,4,0.75,
fixed,1,3335,0.7749137878417969,0.027810964733362198,0.020176175981760025,0.3439338207244873,0.9020875096321106,4,1.0,1.8953419923782349
fixed,1,3336,0.6669857501983643,0.0,0.01843957230448723,0.13830745220184326,0.71769779920578,4,0.75,
fixed,1,3337,1.239052653312683,0.007703141309320927,0.03617618978023529,0.05777132511138916,1.278323769569397,4,0.5,
fixed,1,3338,0.885236382484436,0.0,0.01228285115212202,0.059906959533691406,0.9093499183654785,4,0.25,
fixed,1,3339,1.0904589891433716,0.0,0.01426093839108944,0.0696871280670166,1.1184955835342407,4,0.5,
fixed,1,3340,1.0350275039672852,0.0,0.02343536913394928,0.11409187316894531,1.0809727907180786,4,0.75,6.265978813171387
fixed,1,3341,1.1861125230789185,0.0,0.03260332718491554,0.30193066596984863,1.292993426322937,4,1.0,
fixed,1,3342,0.8263165950775146,0.0,0.019517328590154648,0.1309514045715332,0.8753606677055359,4,0.75,
fixed,1,3343,0.979158341884613,0.004556567408144474,0.020047809928655624,0.09287440776824951,1.0193228721618652,4,0.5,
fixed,1,3344,1.1493512392044067,0.022417951375246048,0.00021059677237644792,0.11473405361175537,1.1950857639312744,4,0.5,
fixed,1,3345,1.1236891746520996,0.0,0.018403874710202217,0.07647073268890381,1.155832290649414,4,0.5,4.848978042602539
fixed,1,3346,0.6464250683784485,0.0,0.05140328034758568,0.06501829624176025,0.6916322112083435,4,0.5,
fixed,1,3347,0.2744850516319275,0.0,0.016116058453917503,0.1953974962234497,0.3411623239517212,4,0.25,
fixed,1,3348,1.235842227935791,0.0,0.03159330040216446,0.08395111560821533,1.2768242359161377,4,0.75,
fixed,1,3349,1.1005421876907349,0.0,0.01928269863128662,0.063262939453125,1.1291624307632446,4,0.5,
fixed,1,3350,0.5148011445999146,0.0,0.008450970984995365,0.1608140468597412,0.5672708749771118,4,0.25,2.3400866985321045
fixed,1,3351,0.758708655834198,0.0,0.016124526038765907,0.05973052978515625,0.7846900820732117,4,0.25,
fixed,1,3352,0.5195688605308533,0.004522259812802076,0.0006930524250492454,0.2504371404647827,0.5973076820373535,4,0.0,
fixed,1,3353,1.5021566152572632,0.0,0.018474198877811432,0.04269886016845703,1.5242034196853638,4,0.5,
fixed,1,3354,0.6394745111465454,0.0,0.0011045796563848853,0.39300405979156494,0.7579280138015747,4,0.0,
fixed,1,3355,1.1087799072265625,0.0,0.0069957333616912365,0.09726953506469727,1.1414586305618286,4,0.25,2.32598614692688
fixed,1,3356,1.009407877922058,0.0,0.0007412381819449365,0.3250596523284912,1.107296347618103,4,0.0,
fixed,1,3357,0.9290565252304077,0.0,0.009445997886359692,0.07564401626586914,0.9564727544784546,4,0.25,
fixed,1,3358,0.7204204797744751,0.0003558215103112161,0.010552654042840004,0.13995862007141113,0.7678623199462891,4,0.75,
fixed,1,3359,1.0908209085464478,0.0,0.0050828102976083755,0.050919175148010254,1.108638048171997,4,0.25,
fixed,1,3360,0.40718862414360046,0.0,0.007977409288287163,0.09293198585510254,0.439056932926178,4,0.5,2.676588773727417
fixed,1,3361,0.5638954639434814,0.03354624658823013,0.0025706342421472073,0.04176509380340576,0.5944834351539612,4,0.5,
fixed,1,3362,0.9098891615867615,0.016338011249899864,0.005662311799824238,0.17043447494506836,0.9720196723937988,4,0.75,
fixed,1,3363,1.1306227445602417,0.0,0.03568721562623978,0.08629381656646729,1.1743545532226562,4,0.75,
fixed,1,3364,1.4460852146148682,0.0,0.0053917421028018,0.06910097599029541,1.4695113897323608,4,0.5,
fixed,1,3365,0.9022863507270813,0.0,0.0038095067720860243,0.06773757934570312,0.9245123863220215,4,0.25,1.2364474534988403
fixed,1,3366,1.0666601657867432,4.742897488085873e-07,0.004217961337417364,0.06427896022796631,1.0880531072616577,4,0.25,
fixed,1,3367,1.1863172054290771,0.0,0.022990481927990913,0.15506410598754883,1.24433171749115,4,0.25,
fixed,1,3368,0.6602503657341003,3.923211124856607e-07,0.005258673802018166,0.07243978977203369,0.6846118569374084,4,0.5,
fixed,1,3369,0.7274314761161804,0.0,0.02033083885908127,0.05850553512573242,0.7551485300064087,4,0.5,
fixed,1,3370,0.9620879292488098,1.2687963817370473e-06,0.007012508809566498,0.10412359237670898,0.9968318939208984,4,0.5,2.3301868438720703
fixed,1,3371,0.9944703578948975,0.0,0.006441810168325901,0.10406088829040527,1.0289095640182495,4,0.5,
fixed,1,3372,1.2092068195343018,0.0,0.005760513246059418,0.2944580316543579,1.3004244565963745,4,0.75,
fixed,1,3373,0.6846610903739929,0.0,0.004662486258894205,0.11876654624938965,0.722622275352478,4,0.5,
fixed,1,3374,0.9699345827102661,0.0,0.0065321470610797405,0.10709118843078613,1.0053280591964722,4,0.5,
fixed,1,3375,1.4073243141174316,0.0,0.002810225123539567,0.15701758861541748,1.4558347463607788,4,0.25,1.031646490097046
fixed,1,3376,0.5154139399528503,0.0,0.00485672801733017,0.1242668628692627,0.5551223754882812,4,0.5,
fixed,1,3377,1.4244425296783447,0.0,0.0027696460019797087,0.14506042003631592,1.4693454504013062,4,0.25,
fixed,1,3378,0.9925576448440552,0.0,0.0192354004830122,0.48613935708999634,1.148017168045044,4,1.0,
fixed,1,3379,1.157891869544983,0.0,0.00574805261567235,0.10497987270355225,1.1922599077224731,4,0.5,
fixed,1,3380,0.5678556561470032,0.0,0.014213740825653076,0.3199270963668823,0.670940637588501,4,0.75,4.220517635345459
fixed,1,3381,0.6694043278694153,0.0,0.0037315660156309605,0.10656166076660156,0.7032386064529419,4,0.25,
fixed,1,3382,0.562656819820404,0.0,0.021778084337711334,0.14643502235412598,0.6174763441085815,4,0.75,
fixed,1,3383,0.837685227394104,0.0,0.006707423832267523,0.030345439910888672,0.8501425981521606,4,0.25,
fixed,1,3384,0.7400416731834412,0.0,0.005474674515426159,0.08819496631622314,0.7692375183105469,4,0.25,
fixed,1,3385,1.2223566770553589,0.0,0.015082882717251778,0.06391358375549316,1.2490721940994263,4,0.5,4.5096049308776855
fixed,1,3386,0.7452722787857056,0.0,0.013785609975457191,0.041138648986816406,0.7645066976547241,4,0.5,
fixed,1,3387,1.1929749250411987,0.0,0.02763749286532402,0.3625756502151489,1.3155664205551147,4,1.0,
fixed,1,3388,0.44430220127105713,0.0,0.018178123980760574,0.0453791618347168,0.46700501441955566,4,0.5,
fixed,1,3389,0.9672995209693909,0.0,0.004521770402789116,0.08440232276916504,0.9948810935020447,4,0.25,
fixed,1,3390,1.218652606010437,0.014004768803715706,0.008778847754001617,0.0435945987701416,1.2431228160858154,4,0.5,1.8141876459121704
fixed,1,3391,0.6344616413116455,0.0,0.014682672917842865,0.05572319030761719,0.6585199236869812,4,0.5,
fixed,1,3392,0.9001317024230957,0.014039318077266216,0.018650829792022705,0.08647358417510986,0.9424188733100891,4,0.75,
fixed,1,3393,0.9965272545814514,0.0,0.032410360872745514,0.3241196870803833,1.1099683046340942,4,1.0,
fixed,1,3394,0.7120500206947327,0.0,0.015388420782983303,0.050061941146850586,0.7347627878189087,4,0.25,
fixed,1,3395,0.7121648788452148,0.0,0.03356119245290756,0.29326581954956055,0.8169252276420593,4,1.0,8.104007720947266
fixed,1,3396,0.33541789650917053,0.0,0.012281734496355057,0.06266939640045166,0.3603595793247223,4,0.5,
fixed,1,3397,0.6313302516937256,0.010809728875756264,0.013441981747746468,0.0870903730392456,0.6695832014083862,4,0.75,
fixed,1,3398,1.1628036499023438,0.0,0.028772268444299698,0.0774996280670166,1.200439691543579,4,0.5,
fixed,1,3399,1.0429686307907104,0.0,0.036713648587465286,0.028092503547668457,1.0697531700134277,4,0.5,
fixed,1,3400,0.9265944957733154,0.005746806040406227,0.016531284898519516,0.2563987970352173,1.014653205871582,4,1.0,3.935145139694214
fixed,1,3401,1.3255891799926758,0.0,0.007357490714639425,0.1735520362854004,1.381333589553833,4,0.25,
fixed,1,3402,0.9312095642089844,0.0,0.02562902122735977,0.11476051807403564,0.978452205657959,4,0.75,
fixed,1,3403,1.030661702156067,0.0,0.04081752151250839,0.08516550064086914,1.076620101928711,4,0.75,
fixed,1,3404,0.7830764651298523,0.0064988527446985245,0.04237384349107742,0.04842031002044678,0.8220388889312744,4,0.75,
fixed,1,3405,1.236615777015686,0.006329501513391733,0.0006038204301148653,0.2572510242462158,1.3172577619552612,4,0.25,2.0255534648895264
fixed,1,3406,0.9195283055305481,0.0010198465315625072,0.03363954275846481,0.04430711269378662,0.9501501321792603,4,0.5,
fixed,1,3407,0.8962163925170898,0.0,0.003037672955542803,0.30564677715301514,0.989429235458374,4,0.0,
fixed,1,3408,0.8855342864990234,0.0,0.03243601322174072,0.10672557353973389,0.933769941329956,4,0.75,
fixed,1,3409,1.039425253868103,0.028914639726281166,0.009985060431063175,0.14678359031677246,1.1029101610183716,4,0.75,
fixed,1,3410,1.3661515712738037,0.0,0.01862703636288643,0.1369699239730835,1.4165561199188232,4,0.75,5.667399883270264
fixed,1,3411,1.0951178073883057,0.012818398885428905,0.00905158556997776,0.031199216842651367,1.1154125928878784,4,0.5,
fixed,1,3412,0.9864280819892883,0.0,0.03414810076355934,0.22977662086486816,1.0724351406097412,4,0.0,
fixed,1,3413,0.7572855949401855,0.0,0.02299872785806656,0.11499404907226562,0.803283154964447,4,0.75,
fixed,1,3414,0.6335389018058777,0.0,0.01708170399069786,0.052044034004211426,0.6576929688453674,4,0.5,
fixed,1,3415,1.0708372592926025,0.0,0.02156398445367813,0.1256237030029297,1.1193063259124756,4,0.75,6.200822353363037
fixed,1,3416,0.779028058052063,0.0,0.022034233435988426,0.11200928688049316,0.8236479759216309,4,0.75,
fixed,1,3417,1.7044638395309448,0.029206205159425735,0.021117644384503365,0.034507155418395996,1.7399779558181763,4,0.5,
fixed,1,3418,1.2401974201202393,0.0,0.008207855746150017,0.049314022064208984,1.259095549583435,4,0.25,
fixed,1,3419,1.1089495420455933,0.0,0.011319778859615326,0.03864479064941406,1.1262028217315674,4,0.25,
fixed,1,3420,2.1902334690093994,0.0,0.0007966852281242609,0.4593956470489502,2.3284504413604736,4,0.0,1.1765779256820679
fixed,1,3421,1.2095531225204468,0.05598355457186699,0.00017226765339728445,0.0971146821975708,1.2667654752731323,4,0.75,
fixed,1,3422,0.785671591758728,0.0,0.014979161322116852,0.06569790840148926,0.8128705620765686,4,0.5,
fixed,1,3423,1.5945179462432861,0.0,0.02854127436876297,0.07191503047943115,1.6303631067276,4,0.5,
fixed,1,3424,1.492656946182251,0.0,0.010160614736378193,0.04459977149963379,1.5111172199249268,4,0.25,
fixed,1,3425,1.6647945642471313,0.0,0.0178633201867342,0.06945526599884033,1.6945627927780151,4,0.5,4.870771884918213
fixed,1,3426,0.5858079195022583,0.0,0.03854887932538986,0.06313300132751465,0.6240222454071045,4,0.5,
fixed,1,3427,1.1213279962539673,0.010287826880812645,0.01100422628223896,0.10234761238098145,1.1626783609390259,4,0.75,
fixed,1,3428,0.857736349105835,0.0,0.014776106923818588,0.05985069274902344,0.8830795884132385,4,0.5,
fixed,1,3429,1.4339944124221802,0.014307467266917229,0.029722079634666443,0.24974370002746582,1.5309323072433472,4,1.0,
fixed,1,3430,1.3243130445480347,0.0,0.007275853306055069,0.03779947757720947,1.3392908573150635,4,0.25,2.416738510131836
fixed,1,3431,0.8065019249916077,0.0,0.03825982287526131,0.10331070423126221,0.8566250801086426,4,0.75,
fixed,1,3432,0.5694300532341003,0.0,0.020501915365457535,0.08181381225585938,0.6042251586914062,4,0.5,
fixed,1,3433,0.9586285352706909,0.0,0.006604000460356474,0.13162505626678467,1.001418113708496,4,0.25,
fixed,1,3434,0.8565018773078918,0.0,0.018531467765569687,0.14451861381530762,0.9091231822967529,4,0.75,
fixed,1,3435,0.9522162675857544,0.0,0.01793600618839264,0.16265320777893066,1.0099802017211914,4,0.75,5.480785369873047
fixed,1,3436,1.124965786933899,0.0,0.0069275060668587685,0.1030426025390625,1.1593422889709473,4,0.25,
fixed,1,3437,0.6018820405006409,0.0,0.0063576772809028625,0.046545982360839844,0.6190246939659119,4,0.25,
fixed,1,3438,0.9021144509315491,0.0,0.007635664194822311,0.07845485210418701,0.9294687509536743,4,0.5,
fixed,1,3439,0.7598394155502319,0.0,0.006748624611645937,0.07303071022033691,0.7851229310035706,4,0.5,
fixed,1,3440,1.3501008749008179,0.028240879997611046,0.00538500165566802,0.07262647151947021,1.3887017965316772,4,0.5,2.892781972885132
fixed,1,3441,0.29064512252807617,0.0,0.007478228770196438,0.0664210319519043,0.31431055068969727,4,0.5,
fixed,1,3442,0.3924327492713928,0.017657363787293434,0.01115930825471878,0.11934340000152588,0.4426441192626953,4,0.75,
fixed,1,3443,0.7171785831451416,0.0,0.02290493994951248,0.07633721828460693,0.7515321969985962,4,0.5,
fixed,1,3444,0.8794806599617004,0.0,0.007826070301234722,0.10346198081970215,0.9144322872161865,4,0.25,
fixed,1,3445,0.7811385989189148,0.0,0.020211901515722275,0.4259212017059326,0.9190208911895752,4,1.0,6.349681377410889
fixed,1,3446,1.2717812061309814,0.0,0.004330848343670368,0.09689950942993164,1.3030164241790771,4,0.25,
fixed,1,3447,1.1700667142868042,0.0,0.018861321732401848,0.1522235870361328,1.2251644134521484,4,0.25,
fixed,1,3448,0.5893481969833374,0.0,0.013303561136126518,0.1771773099899292,0.6491531729698181,4,0.75,
fixed,1,3449,1.0099438428878784,0.012872747145593166,0.0008091322961263359,0.14472150802612305,1.0602012872695923,4,0.25,
fixed,1,3450,0.718544602394104,0.03507014736533165,0.012372145429253578,0.15497136116027832,0.7887571454048157,4,0.75,1.1086912155151367
fixed,1,3451,1.046322226524353,0.03431662172079086,0.024847906082868576,0.10831868648529053,1.1084001064300537,4,0.75,
fixed,1,3452,1.2640830278396606,0.0,0.01926189288496971,0.0328371524810791,1.2835651636123657,4,0.5,
fixed,1,3453,1.2557529211044312,0.0,0.00539137190207839,0.06543171405792236,1.2780780792236328,4,0.25,
fixed,1,3454,0.5519618391990662,0.0,0.03898019716143608,0.16106140613555908,0.619770348072052,4,0.75,
fixed,1,3455,0.810475766658783,0.0,0.027138881385326385,0.03402411937713623,0.8342524170875549,4,0.5,5.039564609527588
fixed,1,3456,0.9904310703277588,0.02885594591498375,0.02235013246536255,0.09897267818450928,1.04572594165802,4,0.75,
fixed,1,3457,0.5935230255126953,0.02960146777331829,0.00025265556178055704,0.08956730365753174,0.6353203058242798,4,0.25,
fixed,1,3458,0.4649450480937958,0.0,0.020826999098062515,0.11976218223571777,0.5112872123718262,4,0.75,
fixed,1,3459,1.1050337553024292,0.03030266985297203,0.03454700857400894,0.2502046823501587,1.2125200033187866,4,1.0,
fixed,1,3460,1.2923552989959717,0.010792897082865238,0.0064925397746264935,0.05672156810760498,1.3180145025253296,4,0.5,1.2074813842773438
fixed,1,3461,1.0193067789077759,0.010690295137465,0.011923534795641899,0.0439457893371582,1.0437973737716675,4,0.5,
fixed,1,3462,1.1201105117797852,0.0,0.0090610571205616,0.0615307092666626,1.1431002616882324,4,0.25,
fixed,1,3463,0.8058906197547913,0.021963516250252724,0.024672511965036392,0.2694423198699951,0.910041332244873,4,1.0,
fixed,1,3464,1.5340051651000977,0.0,0.011509153991937637,0.13818693161010742,1.5812158584594727,4,0.25,
fixed,1,3465,0.816415011882782,0.0,0.013229927979409695,0.169960618019104,0.8740181922912598,4,0.25,3.0801520347595215
fixed,1,3466,0.6874176263809204,0.0,0.03687671199440956,0.09143960475921631,0.7332878708839417,4,0.75,
fixed,1,3467,0.5908297896385193,0.0,0.061464615166187286,0.0642462968826294,0.6408360004425049,4,0.5,
fixed,1,3468,1.0734620094299316,0.0,0.027369581162929535,0.07586097717285156,1.1099051237106323,4,0.5,
fixed,1,3469,0.5572811961174011,0.04277758300304413,0.014022463001310825,0.14328992366790771,0.6286681890487671,4,0.75,
fixed,1,3470,0.9808743596076965,0.0,0.0288919135928154,0.23062455654144287,1.0645077228546143,4,0.25,4.355130672454834
fixed,1,3471,0.8512022495269775,0.0,0.041517965495586395,0.08357858657836914,0.8970348238945007,4,0.75,
fixed,1,3472,1.2072919607162476,0.0,0.01254772488027811,0.1410813331604004,1.2558902502059937,4,0.25,
fixed,1,3473,0.7403146028518677,0.0,0.04691677540540695,0.031063318252563477,0.7730919718742371,4,0.5,
fixed,1,3474,1.0814831256866455,0.0,0.03250844031572342,0.10768246650695801,1.1300420761108398,4,0.75,
fixed,1,3475,0.45025634765625,0.0,0.03353571891784668,0.14675116539001465,0.5110495686531067,4,0.75,8.26506519317627
fixed,1,3476,0.875458836555481,0.020042985677719116,0.008981977589428425,0.06799983978271484,0.9103712439537048,4,0.5,
fixed,1,3477,0.5955636501312256,0.0,0.006715940777212381,0.08467721939086914,0.6243247985839844,4,0.25,
fixed,1,3478,0.5413605570793152,4.0374507079832256e-05,0.0056108529679477215,0.04212534427642822,0.5568237900733948,4,0.25,
fixed,1,3479,1.1496918201446533,2.154813500965247e-06,0.008208381943404675,0.05457711219787598,1.1701701879501343,4,0.25,
fixed,1,3480,1.3923594951629639,0.0178645309060812,0.01362537406384945,0.13781630992889404,1.4494493007659912,4,0.75,1.2103018760681152
fixed,1,3481,1.090353012084961,3.7317506212275475e-05,0.007849125191569328,0.05754268169403076,1.1115590333938599,4,0.25,
fixed,1,3482,0.9173489809036255,6.993226270424202e-05,0.0051728589460253716,0.04743850231170654,0.9342019557952881,4,0.25,
fixed,1,3483,0.8133348822593689,3.0519848223775625e-05,0.011030531488358974,0.05487394332885742,0.8353275656700134,4,0.5,
fixed,1,3484,1.000280499458313,0.021073374897241592,0.017708396539092064,0.14465630054473877,1.0630682706832886,4,0.75,
fixed,1,3485,1.0359808206558228,2.653003321029246e-05,0.00943959690630436,0.08120536804199219,1.0650755167007446,4,0.5,3.2244510650634766
fixed,1,3486,0.6583491563796997,6.516517896670848e-05,0.015627050772309303,0.21527934074401855,0.7307790517807007,4,0.75,
fixed,1,3487,1.1404680013656616,0.00013748141645919532,0.013813531957566738,0.21662473678588867,1.2124309539794922,4,0.75,
fixed,1,3488,0.5068850517272949,0.03277863934636116,0.00810362957417965,0.2189006805419922,0.59299635887146,4,0.75,
fixed,1,3489,0.726958692073822,0.0,0.018970465287566185,0.31294751167297363,0.8303281664848328,4,1.0,
fixed,1,3490,0.9453864097595215,0.00016324939497280866,0.00795699656009674,0.04000139236450195,0.9614469408988953,4,0.25,2.3013031482696533
fixed,1,3491,0.25222334265708923,1.6115114704007283e-05,0.015003321692347527,0.07443130016326904,0.28206244111061096,4,0.5,
fixed,1,3492,1.0266104936599731,2.625368688313756e-05,0.008369782008230686,0.09566843509674072,1.059509038925171,4,0.25,
fixed,1,3493,0.8884522914886475,6.087950623623328e-06,0.01579217240214348,0.08500540256500244,0.9218530654907227,4,0.5,
fixed,1,3494,0.6023224592208862,2.7588865236793936e-07,0.007516534999012947,0.11111664772033691,0.6394158601760864,4,0.25,
fixed,1,3495,1.4060955047607422,0.0,0.01728900335729122,0.06099045276641846,1.4330371618270874,4,0.5,4.988677024841309
fixed,1,3496,1.2521955966949463,0.0,0.018551528453826904,0.05310559272766113,1.2774029970169067,4,0.5,
fixed,1,3497,1.1837455034255981,0.0139576755464077,3.2338510209228843e-05,0.1427927017211914,1.2335783243179321,4,0.25,
fixed,1,3498,0.7524332404136658,0.025832410901784897,0.01587062142789364,0.12621784210205078,0.8111501336097717,4,0.75,
fixed,1,3499,1.0726633071899414,0.0,0.01785818487405777,0.05297064781188965,1.0974836349487305,4,0.5,
fixed,1,3500,0.3859926164150238,0.0,0.009687898680567741,0.10963475704193115,0.42372700572013855,4,0.25,2.707059860229492
fixed,1,3501,0.8324403762817383,0.0,0.011050394736230373,0.04573845863342285,0.8516871333122253,4,0.25,
fixed,1,3502,0.9938842058181763,0.030766118317842484,0.015216236002743244,0.13453984260559082,1.0572373867034912,4,0.75,
fixed,1,3503,0.43903863430023193,0.023376910015940666,0.01843879371881485,0.10279583930969238,0.49078524112701416,4,0.75,
fixed,1,3504,0.8079174757003784,0.0,0.032281484454870224,0.2976285219192505,0.9133467674255371,4,1.0,
fixed,1,3505,1.0004602670669556,0.021556464955210686,0.022321272641420364,0.07281994819641113,1.0442451238632202,4,0.75,1.7754437923431396
fixed,1,3506,1.5604658126831055,0.0,0.009786850772798061,0.11338043212890625,1.5993733406066895,4,0.25,
fixed,1,3507,1.1664142608642578,0.023507794365286827,0.010263997130095959,0.05186939239501953,1.198861002922058,4,0.5,
fixed,1,3508,0.9356721639633179,0.0,0.024279285222291946,0.1935279369354248,1.0058702230453491,4,0.25,
fixed,1,3509,1.1229230165481567,0.0,0.0484674870967865,0.09083473682403564,1.1744072437286377,4,0.75,
fixed,1,3510,0.6437715888023376,0.0,0.024273253977298737,0.043152809143066406,0.6688540577888489,4,0.5,6.028946876525879
fixed,1,3511,0.7190120816230774,0.0,0.04414058476686478,0.05649924278259277,0.7580321431159973,4,0.75,
fixed,1,3512,1.1315555572509766,0.0,0.03539785370230675,0.06616640090942383,1.1691044569015503,4,0.75,
fixed,1,3513,1.0735828876495361,0.0,0.027662307024002075,0.023706436157226562,1.094525933265686,4,0.5,
fixed,1,3514,0.4395068287849426,0.0,0.012237614952027798,0.043058156967163086,0.4585430920124054,4,0.25,
fixed,1,3515,0.6142067909240723,0.014734682627022266,0.01946283131837845,0.14320266246795654,0.6742663383483887,4,0.75,2.762324571609497
fixed,1,3516,1.28257155418396,0.0,0.012087804265320301,0.12279784679412842,1.325454831123352,4,0.25,
fixed,1,3517,0.8960404396057129,0.0,0.03627926483750343,0.13348984718322754,0.9542270302772522,4,0.75,
fixed,1,3518,0.7311035394668579,0.0,0.027354950085282326,0.13347196578979492,0.7848225831985474,4,0.75,
fixed,1,3519,0.40325841307640076,0.0,0.030245613306760788,0.32240569591522217,0.5151029229164124,4,1.0,
fixed,1,3520,0.5107675790786743,0.0,0.02034113183617592,0.09066808223724365,0.5481385588645935,4,0.5,5.428475379943848
fixed,1,3521,1.2855727672576904,0.0,0.0057492065243422985,0.12777113914489746,1.326778769493103,4,0.25,
fixed,1,3522,0.6296337246894836,0.021193204447627068,0.007185995113104582,0.10023331642150879,0.6738933324813843,4,0.25,
fixed,1,3523,0.4500454068183899,0.02035434916615486,0.010807652026414871,0.16507220268249512,0.5151480436325073,4,0.75,
fixed,1,3524,1.2434077262878418,0.0,0.006411764770746231,0.11698734760284424,1.2817097902297974,4,0.25,
fixed,1,3525,0.658704400062561,0.028893968090415,0.010866142809391022,0.07228267192840576,0.7002692818641663,4,0.5,1.78629732131958
fixed,1,3526,0.4572928249835968,0.0,0.018334992229938507,0.1515638828277588,0.5119295120239258,4,0.75,
fixed,1,3527,0.691275954246521,0.0,0.023511042818427086,0.3909156918525696,0.8203061819076538,4,1.0,
fixed,1,3528,1.5072143077850342,0.0,0.013537746854126453,0.05588960647583008,1.530750036239624,4,0.5,
fixed,1,3529,0.4694918990135193,0.012745162472128868,0.024919966235756874,0.1037285327911377,0.5194430351257324,4,0.75,
fixed,1,3530,1.03168523311615,5.361799004788281e-09,0.010803946293890476,0.03798878192901611,1.0484838485717773,4,0.25,3.207066535949707
fixed,1,3531,0.6843878626823425,0.0,0.02157779410481453,0.04365086555480957,0.7082720398902893,4,0.5,
fixed,1,3532,1.5291924476623535,0.0,0.034390248358249664,0.1495373249053955,1.5912487506866455,4,0.75,
fixed,1,3533,0.7246339321136475,0.0,0.011555341072380543,0.12640082836151123,0.7683318853378296,4,0.25,
fixed,1,3534,0.48536011576652527,0.0,0.020904745906591415,0.062485694885253906,0.5145581960678101,4,0.5,
fixed,1,3535,0.4686003625392914,0.0,0.024270720779895782,0.13127875328063965,0.5201193690299988,4,0.75,6.989810943603516
fixed,1,3536,1.0151824951171875,0.0,0.0346200168132782,0.07674729824066162,1.0555167198181152,4,0.5,
fixed,1,3537,0.9902926087379456,0.0,0.015639599412679672,0.04719972610473633,1.0122723579406738,4,0.5,
fixed,1,3538,0.466867059469223,0.0,0.02036396600306034,0.1464977264404297,0.5209983587265015,4,0.75,
fixed,1,3539,0.6700770854949951,0.0,0.02406282350420952,0.1376875638961792,0.7234147787094116,4,0.75,
fixed,1,3540,1.0632866621017456,0.020330119878053665,0.017230791971087456,0.03419971466064453,1.0923269987106323,4,0.5,1.5223814249038696
fixed,1,3541,1.1213783025741577,0.0,0.01817724108695984,0.05866265296936035,1.1480656862258911,4,0.5,
fixed,1,3542,0.8700094223022461,0.0171640794724226,0.006869541015475988,0.07272398471832275,0.9038434028625488,4,0.5,
fixed,1,3543,1.2737265825271606,0.0,0.009271649643778801,0.06146240234375,1.2968010902404785,4,0.5,
fixed,1,3544,0.7213732600212097,0.01781279407441616,0.004306926392018795,0.07489490509033203,0.7549015879631042,4,0.5,
fixed,1,3545,1.1099570989608765,0.029448509216308594,0.010499981231987476,0.16032207012176514,1.1780279874801636,4,0.75,0.8554486036300659
fixed,1,3546,0.864980161190033,4.109424800446959e-09,0.00647943839430809,0.23234570026397705,0.9379236102104187,4,0.0,
fixed,1,3547,0.8583058714866638,0.015690110623836517,0.010953138582408428,0.12015914916992188,0.9076752662658691,4,0.75,
fixed,1,3548,0.8679462671279907,0.0,0.018457623198628426,0.045888662338256836,0.8909416794776917,4,0.5,
fixed,1,3549,0.7088953852653503,0.0,0.01210311520844698,0.06637430191040039,0.7348592281341553,4,0.5,
fixed,1,3550,1.104436993598938,0.0,0.012688802555203438,0.06757998466491699,1.1310553550720215,4,0.5,3.820113182067871
fixed,1,3551,1.0262750387191772,0.0,0.02919117733836174,0.31384992599487305,1.1350256204605103,4,1.0,
fixed,1,3552,1.3890421390533447,0.0,0.0006249130237847567,0.38878965377807617,1.5059914588928223,4,0.0,
fixed,1,3553,0.4230591058731079,0.0,0.013072412461042404,0.05953645706176758,0.4474562406539917,4,0.25,
fixed,1,3554,0.6448298692703247,0.0,0.019687706604599953,0.045232295989990234,0.668243408203125,4,0.5,
fixed,1,3555,0.7677096128463745,0.0,0.02423723042011261,0.10794293880462646,0.8122110962867737,4,0.75,6.703884601593018
fixed,1,3556,1.1184287071228027,0.0,0.014337416738271713,0.11738252639770508,1.1608121395111084,4,0.25,
fixed,1,3557,0.9169639348983765,0.02763550356030464,0.010353065095841885,0.050936222076416016,0.9512391090393066,4,0.5,
fixed,1,3558,0.6072285175323486,0.0,0.019992638379335403,0.04355883598327637,0.6302924752235413,4,0.5,
fixed,1,3559,0.600521981716156,0.0,0.030428383499383926,0.06825399398803711,0.6362123489379883,4,0.5,
fixed,1,3560,1.6777769327163696,0.0004105644766241312,0.01923394203186035,0.052886009216308594,1.7034649848937988,4,0.25,3.843416452407837
fixed,1,3561,1.3718452453613281,0.0,0.013699173927307129,0.06162118911743164,1.3971811532974243,4,0.5,
fixed,1,3562,0.7862386703491211,0.0,0.002562881214544177,0.250640869140625,0.8627123832702637,4,0.0,
fixed,1,3563,0.6770505309104919,0.0,0.005562824197113514,0.11479759216308594,0.7142712473869324,4,0.25,
fixed,1,3564,0.7462518215179443,0.0,0.003809590358287096,0.22468805313110352,0.8155630230903625,4,0.0,
fixed,1,3565,0.930802047252655,2.923939064203296e-06,0.014092843979597092,0.08616209030151367,0.9636985659599304,4,0.5,4.158440113067627
fixed,1,3566,1.004923939704895,0.0,0.010874430648982525,0.24430334568023682,1.083652138710022,4,0.75,
fixed,1,3567,1.0028460025787354,0.035539425909519196,0.007896468043327332,0.23476183414459229,1.0949925184249878,4,0.75,
fixed,1,3568,0.34445613622665405,0.0,0.006156578194350004,0.03708004951477051,0.35865843296051025,4,0.25,
fixed,1,3569,0.6846098899841309,0.0330476351082325,0.010954579338431358,0.2824077606201172,0.7913333177566528,4,0.75,
fixed,1,3570,0.6325153708457947,0.0,0.01845625787973404,0.09080159664154053,0.6689839959144592,4,0.5,4.947278022766113
fixed,1,3571,0.981032133102417,0.0,0.006026922259479761,0.12108170986175537,1.0203701257705688,4,0.25,
fixed,1,3572,0.5771205425262451,0.0,0.01083674281835556,0.08949756622314453,0.6093881726264954,4,0.25,
fixed,1,3573,0.24031564593315125,0.027952102944254875,0.0002458785893395543,0.13902592658996582,0.2961224317550659,4,0.25,
fixed,1,3574,0.5527469515800476,0.01975274085998535,0.0018433141522109509,0.05009603500366211,0.5785737633705139,4,0.25,
fixed,1,3575,0.7944755554199219,0.0,0.02258543111383915,0.16273581981658936,0.85458904504776,4,0.75,6.588985919952393
fixed,1,3576,0.6258041262626648,0.01783464476466179,0.010159065946936607,0.17963027954101562,0.6936900615692139,4,0.75,
fixed,1,3577,1.4725370407104492,0.014706607908010483,0.0210323054343462,0.13503122329711914,1.5309158563613892,4,0.75,
fixed,1,3578,0.839478075504303,0.0,0.008116219192743301,0.12484216690063477,0.8809888362884521,4,0.25,
fixed,1,3579,0.5674155950546265,0.0,0.022302960976958275,0.08959448337554932,0.6054454445838928,4,0.5,
fixed,1,3580,0.5831596255302429,0.02289322018623352,0.010683704167604446,0.044445037841796875,0.6132816076278687,4,0.5,1.6850943565368652
fixed,1,3581,1.159065842628479,0.0,0.011482441797852516,0.03928852081298828,1.1765936613082886,4,0.25,
fixed,1,3582,1.2394765615463257,0.0,0.03111308440566063,0.01752173900604248,1.2602896690368652,4,0.5,
fixed,1,3583,0.6839840412139893,0.0,0.0293167382478714,0.12462615966796875,0.7360302805900574,4,0.75,
fixed,1,3584,1.0345971584320068,0.02410677820444107,0.015102858655154705,0.12196040153503418,1.0907901525497437,4,0.75,
fixed,1,3585,1.0182476043701172,0.0,0.006913524586707354,0.1019676923751831,1.0522947311401367,4,0.25,2.125325918197632
fixed,1,3586,0.9174261689186096,0.020217159762978554,0.02321062982082367,0.07153761386871338,0.9606013298034668,4,0.5,
fixed,1,3587,1.128399133682251,0.0,0.0233740396797657,0.05960547924041748,1.1579678058624268,4,0.5,
fixed,1,3588,0.9235721230506897,0.0,0.011247239075601101,0.11940455436706543,0.9650170803070068,4,0.25,
fixed,1,3589,1.187487006187439,0.0,0.008812063373625278,0.05210530757904053,1.2075246572494507,4,0.25,
fixed,1,3590,0.9470689296722412,0.0,0.013074067421257496,0.13219857215881348,0.9932655096054077,4,0.25,3.121131420135498
fixed,1,3591,0.8939345479011536,0.026695603504776955,0.007731625344604254,0.0556330680847168,0.9278380870819092,4,0.5,
fixed,1,3592,0.44757986068725586,0.0,0.001439822488464415,0.23392581939697266,0.5184774994850159,4,0.0,
fixed,1,3593,0.6700310707092285,0.0,0.015161396004259586,0.054368019104003906,0.6939221620559692,4,0.5,
fixed,1,3594,1.6722966432571411,0.0,0.00015691653243266046,0.2947732210159302,1.7608070373535156,4,0.0,
fixed,1,3595,0.5064286589622498,0.0,0.009055734612047672,0.04172313213348389,0.5234734416007996,4,0.25,2.4825825691223145
fixed,1,3596,1.009042501449585,0.04655812680721283,0.0037657369393855333,0.2125861644744873,1.097980260848999,2,0.25,
fixed,1,3597,0.7215824723243713,1.1583405466808472e-05,0.009802809916436672,0.10314178466796875,0.757432222366333,4,0.25,
fixed,1,3598,1.2423757314682007,0.029128381982445717,0.005555070471018553,0.06929683685302734,1.2805064916610718,4,0.5,
fixed,1,3599,0.7590185403823853,7.97413958935067e-05,0.0060004121623933315,0.07839107513427734,0.7855759263038635,4,0.25,
fixed,1,3600,0.3908103406429291,0.0,0.007772010751068592,0.08957207202911377,0.42156797647476196,4,0.25,2.1798243522644043
fixed,1,3601,1.0217483043670654,0.0,0.011072235181927681,0.06869935989379883,1.0478942394256592,4,0.5,
fixed,1,3602,1.0080454349517822,0.03213503211736679,0.016597814857959747,0.22460782527923584,1.0997941493988037,4,0.75,
fixed,1,3603,1.147417426109314,2.910806506406516e-05,0.006232373416423798,0.023121953010559082,1.157484769821167,4,0.25,
fixed,1,3604,0.6598722338676453,0.0,0.028567250818014145,0.37674856185913086,0.7871804237365723,4,1.0,
fixed,1,3605,0.45384681224823,2.273607151437318e-06,0.015102598816156387,0.09299039840698242,0.4892963767051697,4,0.5,4.305163860321045
fixed,1,3606,1.0496035814285278,1.3260982086649165e-05,0.01145746186375618,0.08412492275238037,1.0805764198303223,4,0.5,
fixed,1,3607,0.7494180798530579,0.028178291395306587,0.008080007508397102,0.06341707706451416,0.7865723371505737,4,0.5,
fixed,1,3608,0.6135327816009521,3.399855685870534e-08,0.016992393881082535,0.077644944190979,0.6453225016593933,4,0.5,
fixed,1,3609,1.1162794828414917,0.01776285097002983,0.010226915590465069,0.07751667499542236,1.153529405593872,4,0.5,
fixed,1,3610,1.1450510025024414,0.011047868058085442,0.012995166704058647,0.13463830947875977,1.1974639892578125,4,0.75,1.9265893697738647
fixed,1,3611,0.6657975912094116,0.009018133394420147,0.008505212143063545,0.09781002998352051,0.7039022445678711,4,0.5,
fixed,1,3612,0.9852350950241089,0.00025039585307240486,0.018885059282183647,0.0632467269897461,1.0137768983840942,4,0.5,
fixed,1,3613,1.3830360174179077,3.716746164172946e-07,8.44208407215774e-05,0.28641295433044434,1.4690022468566895,4,0.0,
fixed,1,3614,0.944259524345398,0.0,0.030358605086803436,0.08232104778289795,0.9841351509094238,4,0.5,
fixed,1,3615,0.7643968462944031,0.015342740342020988,0.028447963297367096,0.239485502243042,0.858137845993042,4,1.0,4.250680446624756
fixed,1,3616,1.1424272060394287,0.0,0.018730403855443,0.06899940967559814,1.172492265701294,4,0.5,
fixed,1,3617,0.9823290109634399,0.00765265291556716,0.02020208165049553,0.08918499946594238,1.0230119228363037,4,0.75,
fixed,1,3618,0.6157490611076355,0.0,0.014898614957928658,0.09697437286376953,0.6522907018661499,4,0.25,
fixed,1,3619,1.7021698951721191,0.0,0.02599295787513256,0.04884612560272217,1.7298202514648438,4,0.5,
fixed,1,3620,2.0894782543182373,0.022175267338752747,0.03350511193275452,0.2225203514099121,2.184074640274048,4,1.0,4.0121941566467285
fixed,1,3621,1.1215691566467285,0.0,0.002107058186084032,0.17300963401794434,1.1745256185531616,4,0.0,
fixed,1,3622,0.6537125706672668,0.0,0.0325917974114418,0.06082141399383545,0.6882548928260803,4,0.5,
fixed,1,3623,0.6473146677017212,0.02246851474046707,0.012893687933683395,0.06083512306213379,0.6832463145256042,4,0.5,
fixed,1,3624,0.9920023679733276,0.0,0.04169638082385063,0.11473739147186279,1.047271728515625,4,0.75,
fixed,1,3625,0.6659985184669495,0.0,0.025023290887475014,0.034697890281677246,0.6889195442199707,4,0.5,5.97449254989624
fixed,1,3626,0.6778600811958313,0.0,0.0573451891541481,0.15401005744934082,0.7527356743812561,4,1.0,
fixed,1,3627,0.7699232697486877,0.0,0.03222120180726051,0.029412150382995605,0.7948575019836426,4,0.5,
fixed,1,3628,0.7134827375411987,0.0,0.0329105481505394,0.09336268901824951,0.7579468488693237,4,0.75,
fixed,1,3629,1.0747838020324707,0.01192640420049429,0.028196871280670166,0.08021342754364014,1.118909478187561,4,0.75,
fixed,1,3630,0.5330148935317993,0.01864810474216938,0.024055466055870056,0.12602496147155762,0.5921741724014282,4,0.75,2.6975982189178467
fixed,1,3631,0.9615477323532104,0.04181154444813728,0.037965502589941025,0.16557180881500244,1.0511077642440796,4,1.0,
fixed,1,3632,1.7758303880691528,0.0,0.008943715132772923,0.1501089334487915,1.825334906578064,4,0.25,
fixed,1,3633,1.004196047782898,0.0,0.04467153176665306,0.10350775718688965,1.0575841665267944,4,0.5,
fixed,1,3634,1.552420735359192,0.020570307970046997,0.009030543267726898,0.0866926908493042,1.5932289361953735,4,0.5,
fixed,1,3635,1.2332401275634766,0.0,0.04479329288005829,0.1073603630065918,1.2878448963165283,4,0.75,9.212803840637207
fixed,1,3636,0.939424991607666,0.0,0.029530294239521027,0.12141537666320801,0.9906147718429565,4,0.75,
fixed,1,3637,0.5994039177894592,0.0,0.04174577444791794,0.11347723007202148,0.6543200016021729,4,0.75,
fixed,1,3638,0.4855460524559021,0.016224151477217674,0.0017524693394079804,0.07180047035217285,0.5160744786262512,4,0.25,
fixed,1,3639,0.6529892683029175,0.010905691422522068,0.020464718341827393,0.09657979011535645,0.6976484060287476,4,0.75,
fixed,1,3640,1.3336235284805298,0.0,0.013449722900986671,0.15868687629699707,1.3879544734954834,4,0.25,3.143558979034424
fixed,1,3641,0.297750860452652,0.0,0.019013147801160812,0.0717473030090332,0.3287816345691681,4,0.5,
fixed,1,3642,0.7189981341362,0.0,0.03589971363544464,0.09245765209197998,0.7646852731704712,4,0.75,
fixed,1,3643,0.48057904839515686,0.0,0.030056636780500412,0.025342464447021484,0.5032101273536682,4,0.5,
fixed,1,3644,0.7452705502510071,0.0,0.016858963295817375,0.06334304809570312,0.7727029323577881,4,0.5,
fixed,1,3645,0.6885554194450378,0.0,0.032577432692050934,0.30417633056640625,0.7960970401763916,4,1.0,8.857635498046875
fixed,1,3646,0.6429990530014038,0.00829845666885376,0.0005226387875154614,0.18692052364349365,0.7034857273101807,4,0.25,
fixed,1,3647,1.0684025287628174,0.0,0.007312865927815437,0.08881485462188721,1.098703384399414,4,0.25,
fixed,1,3648,0.7477676272392273,0.0,0.026001710444688797,0.03413748741149902,0.7710097432136536,4,0.5,
fixed,1,3649,0.6442223787307739,0.0,0.03492702543735504,0.29357075691223145,0.7497571110725403,4,1.0,
fixed,1,3650,1.1462668180465698,0.0,0.004825252573937178,0.07551300525665283,1.1713333129882812,4,0.25,1.561382532119751
fixed,1,3651,0.8586315512657166,0.0,0.016705544665455818,0.05635380744934082,0.8838904500007629,4,0.25,
fixed,1,3652,0.4719502627849579,0.0,0.014578304253518581,0.06713807582855225,0.49938082695007324,4,0.5,
fixed,1,3653,1.0205464363098145,0.02382400818169117,0.014824885874986649,0.3876606225967407,1.156169056892395,4,1.0,
fixed,1,3654,1.040464162826538,0.019411927089095116,0.00732562318444252,0.15793895721435547,1.1012146472930908,4,0.75,
fixed,1,3655,1.2208434343338013,0.0,0.039702072739601135,0.26309800148010254,1.3196238279342651,4,1.0,8.87374496459961
fixed,1,3656,0.7334571480751038,0.0,0.037302084267139435,0.08732664585113525,0.7783061861991882,4,0.75,
fixed,1,3657,0.6801902651786804,0.0,0.010746555402874947,0.11562013626098633,0.720249593257904,4,0.25,
fixed,1,3658,0.8015957474708557,0.0,0.0193759948015213,0.12867248058319092,0.8498854637145996,4,0.75,
fixed,1,3659,0.7752243280410767,0.0,0.015178876928985119,0.060617923736572266,0.8009991645812988,4,0.5,
fixed,1,3660,1.1949458122253418,0.0,0.007706558797508478,0.10939311981201172,1.2316169738769531,4,0.25,2.184837818145752
fixed,1,3661,0.8298174738883972,0.03333178907632828,0.012040968984365463,0.22859632968902588,0.9210827350616455,4,1.0,
fixed,1,3662,0.8602588176727295,0.0,0.010971691459417343,0.06855320930480957,0.8863106369972229,4,0.25,
fixed,1,3663,1.2968957424163818,0.020071357488632202,0.00041379223694093525,0.13250505924224854,1.346889853477478,4,0.25,
fixed,1,3664,1.1508078575134277,0.012070385739207268,0.037297919392585754,0.06169235706329346,1.1939997673034668,4,0.75,
fixed,1,3665,1.0769176483154297,0.0,0.017411954700946808,0.053159475326538086,1.1015714406967163,4,0.5,4.5413970947265625
fixed,1,3666,0.7179054617881775,0.0,0.01219171192497015,0.13018417358398438,0.7630565762519836,4,0.25,
fixed,1,3667,0.7413535118103027,0.0,0.04262029379606247,0.06185340881347656,0.7812196612358093,4,0.75,
fixed,1,3668,0.621163010597229,0.0,0.0259711854159832,0.09708905220031738,0.6632753014564514,4,0.75,
fixed,1,3669,0.9700450897216797,0.0,0.012294040061533451,0.059481143951416016,0.9940364360809326,4,0.25,
fixed,1,3670,1.8065797090530396,0.0,0.018466833978891373,0.14190077781677246,1.8583834171295166,4,0.25,3.576453924179077
fixed,1,3671,0.8053014874458313,0.0,0.02090105041861534,0.04452025890350342,0.8291081190109253,4,0.5,
fixed,1,3672,1.3500888347625732,0.02732129767537117,0.00045364536345005035,0.1052088737487793,1.3955389261245728,4,0.25,
fixed,1,3673,1.121996521949768,0.024151034653186798,0.00016804401820991188,0.10061132907867432,1.1643394231796265,4,0.25,
fixed,1,3674,0.8660767674446106,0.0,0.007384085562080145,0.11245119571685791,0.9035041928291321,4,0.25,
fixed,1,3675,1.340485692024231,0.0,0.000571154523640871,0.3499506711959839,1.445756435394287,4,0.0,1.0815538167953491
fixed,1,3676,1.208971619606018,0.028979675844311714,0.009171231649816036,0.07389307022094727,1.2502150535583496,4,0.5,
fixed,1,3677,0.4215409755706787,0.0,0.015167410485446453,0.06643557548522949,0.44905534386634827,4,0.5,
fixed,1,3678,1.066417932510376,0.0,0.011246297508478165,0.06095123291015625,1.0903264284133911,4,0.5,
fixed,1,3679,1.4909526109695435,0.0,0.028042087331414223,0.11537456512451172,1.539586067199707,4,0.75,
fixed,1,3680,0.7727833986282349,0.03215225040912628,9.053349640453234e-05,0.06615269184112549,0.8087506294250488,4,0.5,6.220523834228516
fixed,1,3681,0.9206300377845764,0.0,0.01703248918056488,0.0650784969329834,0.9486698508262634,4,0.5,
fixed,1,3682,0.4038839042186737,0.0,0.02523842081427574,0.3701246976852417,0.5275405049324036,4,1.0,
fixed,1,3683,0.7484105229377747,0.0,0.03169013932347298,0.03466808795928955,0.7746559977531433,4,0.5,
fixed,1,3684,0.8206315636634827,0.029909322038292885,0.025191226974129677,0.11506319046020508,0.8827008008956909,4,0.75,
fixed,1,3685,0.5178204774856567,0.0,0.005169995129108429,0.10461044311523438,0.5517886281013489,4,0.25,1.5996348857879639
fixed,1,3686,0.9028382301330566,0.0,0.007159279193729162,0.0975196361541748,0.9356737732887268,4,0.25,
fixed,1,3687,0.96636962890625,0.013265879824757576,0.017523644492030144,0.14048683643341064,1.023910403251648,4,0.75,
fixed,1,3688,0.5100066661834717,0.0,0.032122522592544556,0.11170840263366699,0.5595804452896118,4,0.75,
fixed,1,3689,1.386118769645691,0.0,0.021320004016160965,0.13144779205322266,1.4362131357192993,4,0.75,
fixed,1,3690,1.1302536725997925,0.0,0.02503800019621849,0.11587822437286377,1.177536129951477,4,0.75,6.479195594787598
fixed,1,3691,0.8188981413841248,0.0,0.027072982862591743,0.12411701679229736,0.8696697354316711,4,0.75,
fixed,1,3692,0.8518404960632324,0.0,0.006675956770777702,0.10383105278015137,0.8863278031349182,4,0.25,
fixed,1,3693,0.7068671584129333,0.0,0.029241101816296577,0.05570530891418457,0.7381992936134338,4,0.5,
fixed,1,3694,0.9388980865478516,0.0,0.022517822682857513,0.04411888122558594,0.9633926749229431,4,0.5,
fixed,1,3695,1.018588900566101,0.012194357812404633,0.00011840996012324467,0.11985659599304199,1.0607023239135742,4,0.25,2.854254722595215
fixed,1,3696,1.4182207584381104,0.0,0.021214812994003296,0.041796207427978516,1.4413670301437378,4,0.5,
fixed,1,3697,0.657639741897583,0.016260718926787376,0.00030704165692441165,0.12876272201538086,0.704552412033081,4,0.25,
fixed,1,3698,0.8264728784561157,0.014663884416222572,0.01566302217543125,0.10337674617767334,0.8726493716239929,4,0.75,
fixed,1,3699,0.7865005135536194,0.0,0.022410109639167786,0.1412796974182129,0.8400894999504089,4,0.75,
fixed,1,3700,1.3367066383361816,0.024597421288490295,0.000142331060487777,0.08981108665466309,1.376019835472107,4,0.25,3.9399375915527344
fixed,1,3701,1.0034282207489014,0.026832452043890953,0.001667024102061987,0.04684567451477051,1.0317316055297852,4,0.25,
fixed,1,3702,1.1049810647964478,0.02575513906776905,0.005782722495496273,0.04204297065734863,1.133362889289856,4,0.25,
fixed,1,3703,1.7054935693740845,0.0,0.0077436394058167934,0.11634373664855957,1.744268536567688,4,0.25,
fixed,1,3704,0.7080271244049072,0.0,0.03903975337743759,0.27925920486450195,0.8113247752189636,4,1.0,
fixed,1,3705,1.5462987422943115,0.0,0.03638353943824768,0.07808828353881836,1.5879169702529907,4,0.5,6.888819217681885
fixed,1,3706,0.5295658707618713,0.0,0.023858655244112015,0.13251268863677979,0.5812489986419678,4,0.75,
fixed,1,3707,0.9288303256034851,0.0,0.0093514584004879,0.1488325595855713,0.9781558513641357,4,0.25,
fixed,1,3708,0.6909533143043518,0.0,0.035236261785030365,0.13671207427978516,0.7495850920677185,4,0.75,
fixed,1,3709,0.2706082761287689,0.013899562880396843,0.0027119717560708523,0.06495928764343262,0.2984018325805664,4,0.25,
fixed,1,3710,0.8054736256599426,0.0,0.013604337349534035,0.13664758205413818,0.8532700538635254,4,0.25,3.201547145843506
fixed,1,3711,0.7512105107307434,0.0,0.039266444742679596,0.12188291549682617,0.8074086308479309,4,0.75,
fixed,1,3712,1.3418339490890503,0.010708964429795742,0.008396675810217857,0.06417453289031982,1.3706390857696533,4,0.5,
fixed,1,3713,0.9533897638320923,0.011174995452165604,0.03931712359189987,0.17537593841552734,1.0312485694885254,4,1.0,
fixed,1,3714,1.168676733970642,2.9923594411229715e-05,0.007798376958817244,0.0906531810760498,1.1997867822647095,4,0.25,
fixed,1,3715,0.9386547207832336,0.0,0.011854278855025768,0.08422088623046875,0.9698481559753418,4,0.25,3.4969871044158936
fixed,1,3716,1.3333181142807007,0.0,0.021121211349964142,0.13660085201263428,1.3848589658737183,4,0.75,
fixed,1,3717,0.9277868270874023,0.019367167726159096,0.016530251130461693,0.05650758743286133,0.9626877903938293,4,0.5,
fixed,1,3718,0.6715736985206604,0.0,0.01866314187645912,0.2562112808227539,0.7577686309814453,4,0.75,
fixed,1,3719,0.9936655163764954,0.0,0.016752837225794792,0.05513572692871094,1.0185827016830444,4,0.5,
fixed,1,3720,1.5018374919891357,0.0,0.006581853609532118,0.04121601581573486,1.5174932479858398,4,0.25,2.0460827350616455
fixed,1,3721,0.9249626994132996,0.04324264079332352,0.006724389735609293,0.12736201286315918,0.9881548285484314,4,0.75,
fixed,1,3722,0.8088363409042358,0.028368163853883743,0.018894247710704803,0.37847864627838135,0.9460111260414124,4,1.0,
fixed,1,3723,0.8678819537162781,0.022235291078686714,0.01546465139836073,0.13919758796691895,0.9284912347793579,4,0.75,
fixed,1,3724,0.7743811011314392,0.0,0.030046941712498665,0.1422053575515747,0.8320661783218384,4,0.25,
fixed,1,3725,0.43190139532089233,0.0,0.03589411824941635,0.11050653457641602,0.48300042748451233,4,0.75,8.696964263916016
fixed,1,3726,0.8322910666465759,0.0,0.02413899265229702,0.03150749206542969,0.8538128137588501,4,0.5,
fixed,1,3727,0.9188829064369202,0.005700584966689348,0.029013756662607193,0.09637331962585449,0.9651520848274231,4,0.5,
fixed,1,3728,0.9433568716049194,0.0,0.02873578853905201,0.02265620231628418,0.9645216464996338,4,0.5,
fixed,1,3729,0.8834030032157898,0.0,0.030245758593082428,0.09151220321655273,0.9259795546531677,4,0.5,
fixed,1,3730,1.2439028024673462,0.0,0.02566465735435486,0.03153824806213379,1.266196608543396,4,0.5,5.9360127449035645
fixed,1,3731,1.1389319896697998,0.0,0.025288213044404984,0.09569334983825684,1.1802841424942017,4,0.5,
fixed,1,3732,0.9791625142097473,0.0,0.010044703260064125,0.20499694347381592,1.0456839799880981,4,0.25,
fixed,1,3733,0.7540919780731201,0.0,0.03450077027082443,0.11604487895965576,0.806155800819397,4,0.75,
fixed,1,3734,0.9654449820518494,0.0,0.06850655376911163,0.17485833168029785,1.0521557331085205,4,0.75,
fixed,1,3735,0.2995048463344574,0.0,0.014795510098338127,0.07893526554107666,0.3305831849575043,4,0.5,4.149484634399414
fixed,1,3736,0.5882065296173096,0.012848413549363613,0.014259611256420612,0.11766290664672852,0.6370593905448914,4,0.75,
fixed,1,3737,1.010947585105896,0.0,0.029195263981819153,0.12183952331542969,1.0620970726013184,4,0.75,
fixed,1,3738,0.8250888586044312,0.0,0.0379793718457222,0.10192358493804932,0.8746556043624878,4,0.75,
fixed,1,3739,1.3439428806304932,0.0,0.007949931547045708,0.12016355991363525,1.3839669227600098,4,0.25,
fixed,1,3740,1.0244563817977905,0.028602618724107742,0.0010833379346877337,0.10396051406860352,1.0704874992370605,4,0.25,4.302006244659424
fixed,1,3741,0.9566505551338196,0.0,0.01010518055409193,0.058086395263671875,0.9791290760040283,4,0.5,
fixed,1,3742,0.9918255805969238,0.0,0.010728546418249607,0.05769026279449463,1.014496922492981,4,0.5,
fixed,1,3743,0.7262634634971619,0.0,0.029740814119577408,0.3313561677932739,0.8405407071113586,4,1.0,
fixed,1,3744,0.9366562366485596,0.0,0.00803769938647747,0.0501629114151001,0.9557239413261414,4,0.5,
fixed,1,3745,0.8863510489463806,0.0,0.014876285567879677,0.14977610111236572,0.9387220144271851,4,0.75,4.451298713684082
fixed,1,3746,1.150773525238037,0.0,0.011526329442858696,0.03632020950317383,1.1674327850341797,4,0.5,
fixed,1,3747,1.562570571899414,0.0,0.006161968223750591,0.027228832244873047,1.5738202333450317,4,0.25,
fixed,1,3748,1.2299425601959229,0.022736305370926857,0.006479560397565365,0.15117716789245605,1.2899036407470703,4,0.75,
fixed,1,3749,1.4318000078201294,0.016096966341137886,0.00020855845650658011,0.0953826904296875,1.4685676097869873,4,0.25,
fixed,1,3750,1.5162724256515503,0.022224441170692444,0.005099067930132151,0.04210972785949707,1.5425671339035034,4,0.5,2.186703681945801
fixed,1,3751,2.101471424102783,0.0,0.012443811632692814,0.04224658012390137,2.1203672885894775,4,0.5,
fixed,1,3752,0.7224130630493164,0.016100022941827774,0.00885980948805809,0.11136400699615479,0.7683022022247314,4,0.75,
fixed,1,3753,1.4634687900543213,0.0,0.010448629036545753,0.05591166019439697,1.4854665994644165,4,0.5,
fixed,1,3754,0.5594449639320374,0.0,0.020548224449157715,0.06571626663208008,0.5894339680671692,4,0.5,
fixed,1,3755,0.5543596148490906,0.0,0.023259570822119713,0.0643916130065918,0.5853068828582764,4,0.5,4.836939811706543
fixed,1,3756,0.9083653688430786,0.0,0.0067750015296041965,0.1527646780014038,0.9575822949409485,4,0.25,
fixed,1,3757,0.8150774240493774,0.0,0.0026176651008427143,0.28964781761169434,0.9032806158065796,4,0.0,
fixed,1,3758,1.2433910369873047,0.01861344464123249,0.005895706824958324,0.05919146537780762,1.2734030485153198,4,0.5,
fixed,1,3759,1.5682075023651123,0.015614638105034828,0.006518564186990261,0.06294167041778564,1.5981565713882446,4,0.5,
fixed,1,3760,1.3736478090286255,0.028095945715904236,0.005648699123412371,0.053731560707092285,1.406639575958252,4,0.5,2.266352653503418
fixed,1,3761,0.7798800468444824,0.0,0.026238540187478065,0.33346855640411377,0.893039882183075,4,1.0,
fixed,1,3762,1.3734009265899658,0.0,0.024686984717845917,0.03403449058532715,1.3959547281265259,4,0.5,
fixed,1,3763,0.5582835674285889,0.0,0.0033147050999104977,0.2776029109954834,0.6432217955589294,4,0.0,
fixed,1,3764,1.1573816537857056,0.03859143704175949,0.0006303088157437742,0.05781722068786621,1.1943377256393433,4,0.5,
fixed,1,3765,0.804340660572052,0.0,0.015312912873923779,0.05469179153442383,0.8284046649932861,4,0.5,3.9074959754943848
fixed,1,3766,0.7146039605140686,0.022672565653920174,0.017971977591514587,0.09435164928436279,0.7632317543029785,4,0.75,
fixed,1,3767,0.8051242232322693,0.0,0.019473595544695854,0.0441741943359375,0.8281132578849792,4,0.5,
fixed,1,3768,0.766626238822937,0.0,0.0018728463910520077,0.4606112241744995,0.9057460427284241,4,0.0,
fixed,1,3769,0.9786349534988403,0.0,0.06770022213459015,0.13171446323394775,1.0519994497299194,4,1.0,
fixed,1,3770,1.3176249265670776,0.0,0.01661679707467556,0.053228139877319336,1.3419017791748047,4,0.5,4.089343547821045
fixed,1,3771,0.8034622669219971,0.005140621680766344,0.02988666482269764,0.041111111640930176,0.8333092331886292,4,0.5,
fixed,1,3772,0.8798840045928955,0.0,0.03073189966380596,0.07414615154266357,0.9174938201904297,4,0.5,
fixed,1,3773,1.6301771402359009,0.0,0.009603616781532764,0.1302473545074463,1.6740531921386719,4,0.25,
fixed,1,3774,0.7878435254096985,0.0,0.02538866177201271,0.1039130687713623,0.8317117691040039,4,0.75,
fixed,1,3775,0.5643471479415894,0.0,0.03395319730043411,0.09502267837524414,0.6098305583000183,4,0.75,7.281928062438965
fixed,1,3776,0.9418209791183472,0.0,0.017582064494490623,0.1291360855102539,0.989352822303772,4,0.75,
fixed,1,3777,1.4850784540176392,0.01398234162479639,0.007736718747764826,0.04584968090057373,1.509692907333374,3,0.5,
fixed,1,3778,0.7257558107376099,0.029474738985300064,0.03492439165711403,0.25566649436950684,0.8346553444862366,4,1.0,
fixed,1,3779,1.5618919134140015,0.027398038655519485,0.000552558631170541,0.10509037971496582,1.6073943376541138,4,0.25,
fixed,1,3780,0.6042665243148804,0.0,0.02312033250927925,0.11732566356658936,0.6510244011878967,4,0.75,5.859127044677734
fixed,1,3781,1.1411960124969482,0.0,0.016946807503700256,0.05239689350128174,1.1653884649276733,4,0.5,
fixed,1,3782,1.7331212759017944,0.0,0.02040131576359272,0.04388129711151123,1.7564862966537476,4,0.5,
fixed,1,3783,0.8675752282142639,0.0,0.0005187541828490794,0.3242448568344116,0.9651080369949341,4,0.0,
fixed,1,3784,0.8570342063903809,0.0,0.0092889703810215,0.060714006423950195,0.879892885684967,4,0.25,
fixed,1,3785,1.3286957740783691,0.0,0.00700237276032567,0.05124783515930176,1.3475712537765503,4,0.25,1.97616446018219
fixed,1,3786,1.4593889713287354,0.0,0.0004010947304777801,0.34542369842529297,1.5632166862487793,4,0.0,
fixed,1,3787,1.0319565534591675,0.03337753191590309,0.03686106950044632,0.2561028003692627,1.1439067125320435,4,1.0,
fixed,1,3788,1.166480541229248,0.0,0.013466620817780495,0.2956101894378662,1.2618969678878784,4,0.5,
fixed,1,3789,1.1376115083694458,0.0,0.004389631096273661,0.049211859703063965,1.1545698642730713,4,0.25,
fixed,1,3790,1.0398463010787964,0.015573536977171898,0.0037240353412926197,0.09223926067352295,1.0771669149398804,4,0.75,2.0988776683807373
fixed,1,3791,0.9792805910110474,0.0,0.008149983361363411,0.1239173412322998,1.0205308198928833,4,0.25,
fixed,1,3792,1.3080171346664429,0.0,0.010514802299439907,0.06852948665618896,1.3338333368301392,4,0.5,
fixed,1,3793,1.1661438941955566,0.0,0.018140476197004318,0.15839815139770508,1.2227336168289185,4,0.75,
fixed,1,3794,0.8138776421546936,0.00933886133134365,0.01475620362907648,0.09846711158752441,0.855465292930603,4,0.75,
fixed,1,3795,0.8771712779998779,0.0,0.022465066984295845,0.05275106430053711,0.9042291045188904,4,0.5,5.112754821777344
fixed,1,3796,0.5989360213279724,0.007314567919820547,0.0004472527070902288,0.18169188499450684,0.657324492931366,4,0.25,
fixed,1,3797,0.6884011626243591,0.0,0.013225726783275604,0.05192887783050537,0.7105926871299744,4,0.5,
fixed,1,3798,0.6853842735290527,0.0,0.01944791153073311,0.14285743236541748,0.73796546459198,4,0.75,
fixed,1,3799,0.9117355942726135,0.0,0.017125453799962997,0.05428576469421387,0.9365840554237366,4,0.5,
fixed,1,3800,0.9179240465164185,0.0,0.015841109678149223,0.057039618492126465,0.9429565072059631,4,0.5,4.133701801300049
fixed,1,3801,0.8700219988822937,0.007331747096031904,0.011212838813662529,0.026319503784179688,0.8871901631355286,4,0.5,
fixed,1,3802,0.831229567527771,0.0,0.028178542852401733,0.32696855068206787,0.9434093832969666,4,1.0,
fixed,1,3803,0.6274219751358032,0.023995326831936836,0.0005526012973859906,0.11062479019165039,0.6728833913803101,4,0.25,
fixed,1,3804,0.600677490234375,0.0,0.024448160082101822,0.12386155128479004,0.6500600576400757,4,0.75,
fixed,1,3805,1.4054127931594849,0.0,0.03351643308997154,0.07270288467407227,1.4439818859100342,4,0.5,6.242208480834961
fixed,1,3806,0.9549851417541504,0.0,0.015332052484154701,0.15268707275390625,1.0084573030471802,4,0.75,
fixed,1,3807,1.5337759256362915,0.0,0.046151578426361084,0.06692421436309814,1.576928973197937,4,0.5,
fixed,1,3808,0.716397225856781,0.0,0.049368586391210556,0.212286114692688,0.804767370223999,4,1.0,
fixed,1,3809,2.113957166671753,0.0,0.02715170569717884,0.19095706939697266,2.1848201751708984,4,0.25,
fixed,1,3810,0.548491895198822,0.0,0.041994668543338776,0.24341845512390137,0.6425147652626038,4,1.0,8.921151161193848
fixed,1,3811,0.582590639591217,0.0,0.017869511619210243,0.13637065887451172,0.6324365735054016,4,0.75,
fixed,1,3812,1.099591612815857,0.0,0.0305290836840868,0.18881189823150635,1.1714997291564941,4,0.75,
fixed,1,3813,0.5132499933242798,0.0,0.01536763645708561,0.27711665630340576,0.6040688157081604,4,0.5,
fixed,1,3814,1.231632947921753,0.0,0.007214339915663004,0.09953618049621582,1.2651009559631348,4,0.25,
fixed,1,3815,0.6071318984031677,0.0,0.016021914780139923,0.15684819221496582,0.6621972918510437,4,0.75,4.627621173858643
fixed,1,3816,1.1629291772842407,0.0,0.011064269579946995,0.0535883903503418,1.1845378875732422,4,0.5,
fixed,1,3817,1.2679117918014526,0.0,0.00025646790163591504,0.33290576934814453,1.3679118156433105,4,0.0,
fixed,1,3818,0.8722230195999146,0.0,0.009375577792525291,0.06316876411437988,0.8958614468574524,4,0.5,
fixed,1,3819,0.7376310229301453,0.030766421929001808,0.02239426225423813,0.12348818778991699,0.801257848739624,4,0.75,
fixed,1,3820,1.1201015710830688,0.030565369874238968,0.00012951037206221372,0.09502434730529785,1.1639562845230103,4,0.25,3.9670398235321045
fixed,1,3821,0.38651537895202637,0.017665738239884377,0.006264543626457453,0.06122899055480957,0.4168492257595062,4,0.5,
fixed,1,3822,1.2187000513076782,0.0,0.017482973635196686,0.061396241188049316,1.2458604574203491,4,0.5,
fixed,1,3823,0.9160495400428772,0.0,0.02136998437345028,0.13202691078186035,0.9663426280021667,4,0.75,
fixed,1,3824,1.6253881454467773,0.0,0.010128755122423172,0.02994227409362793,1.6394351720809937,4,0.25,
fixed,1,3825,0.7194414734840393,0.0,0.01055066753178835,0.10547935962677002,0.7563605904579163,4,0.25,2.662492036819458
fixed,1,3826,0.9476721286773682,0.06209086254239082,0.009053169749677181,0.13648009300231934,1.0241881608963013,4,0.75,
fixed,1,3827,1.058444857597351,0.0,0.0001340025628451258,0.33590948581695557,1.1592847108840942,4,0.0,
fixed,1,3828,0.9346345663070679,0.0,0.011361626908183098,0.06155121326446533,0.9587807655334473,4,0.5,
fixed,1,3829,1.0266637802124023,0.0,0.03486085683107376,0.3005613088607788,1.1342625617980957,4,1.0,
fixed,1,3830,0.7409559488296509,0.029288772493600845,0.011612730100750923,0.05173683166503906,0.7769277691841125,4,0.5,2.2621572017669678
fixed,1,3831,1.0239323377609253,0.013131644576787949,0.00990139041095972,0.03255295753479004,1.0452147722244263,4,0.5,
fixed,1,3832,1.2735944986343384,0.0,0.027021726593375206,0.046586036682128906,1.3010811805725098,4,0.5,
fixed,1,3833,0.6936933994293213,0.0,0.015831388533115387,0.05988001823425293,0.7195730805397034,4,0.5,
fixed,1,3834,0.7586280107498169,0.0,0.05312517285346985,0.1723804473876953,0.836904764175415,4,1.0,
fixed,1,3835,0.9490062594413757,0.0,0.01688140258193016,0.04743480682373047,0.9716774225234985,4,0.5,4.355264663696289
fixed,1,3836,0.44433292746543884,0.027735073119401932,0.020881779491901398,0.09815359115600586,0.49808743596076965,4,0.75,
fixed,1,3837,1.5748891830444336,1.220192189066438e-06,0.017310982570052147,0.041875600814819336,1.5961079597473145,4,0.5,
fixed,1,3838,0.4974974989891052,0.02113274298608303,0.006366478279232979,0.04984843730926514,0.5262016654014587,4,0.25,
fixed,1,3839,0.7662398219108582,0.0,0.022646136581897736,0.05215418338775635,0.7932091355323792,4,0.5,
fixed,1,3840,0.2577677369117737,0.0,0.03392094001173973,0.08693408966064453,0.3008084297180176,4,0.75,7.798974990844727
fixed,1,3841,0.8711032867431641,0.021652230992913246,0.00012461970618460327,0.11766648292541504,0.9172916412353516,4,0.25,
fixed,1,3842,1.2488081455230713,0.002216019667685032,0.03167172148823738,0.10799288749694824,1.298149824142456,4,0.75,
fixed,1,3843,0.5379509329795837,0.0,0.024678712710738182,0.06601214408874512,0.5700939297676086,4,0.5,
fixed,1,3844,0.8190297484397888,0.0031781336292624474,0.025534147396683693,0.07115209102630615,0.8547315001487732,4,0.5,
fixed,1,3845,0.8684194684028625,2.1293355530360714e-05,0.038068987429142,0.07736897468566895,0.9106752872467041,4,0.25,6.387204647064209
fixed,1,3846,1.1807745695114136,0.0,0.023016728460788727,0.148018479347229,1.236688494682312,4,0.75,
fixed,1,3847,0.7626794576644897,0.0,0.02249988354742527,0.0890578031539917,0.8006467223167419,4,0.5,
fixed,1,3848,1.5786327123641968,0.0,0.005109582561999559,0.272060751914978,1.6628056764602661,4,0.0,
fixed,1,3849,1.1374670267105103,0.0,0.007875548675656319,0.1438460350036621,1.184558629989624,4,0.25,
fixed,1,3850,0.810319721698761,0.0,0.011848196387290955,0.10228252410888672,0.846928596496582,4,0.5,3.5354177951812744
fixed,1,3851,1.1016504764556885,0.0,0.024569351226091385,0.13228631019592285,1.1536210775375366,4,0.75,
fixed,1,3852,0.9797043800354004,0.0,0.008323783054947853,0.13398408889770508,1.0240614414215088,4,0.25,
fixed,1,3853,0.9930393695831299,0.0,0.016775505617260933,0.17359662055969238,1.0535061359405518,4,0.75,
fixed,1,3854,0.711007833480835,0.0,0.020814429968595505,0.04312574863433838,0.7343527674674988,4,0.5,
fixed,1,3855,1.314740538597107,0.03396916389465332,0.0048424554988741875,0.08014070987701416,1.358188509941101,4,0.5,2.3697736263275146
fixed,1,3856,0.7253614068031311,0.0,0.00791846588253975,0.02736639976501465,0.7375305891036987,4,0.25,
fixed,1,3857,0.8050810098648071,0.0,0.03385376185178757,0.3132849931716919,0.9159933924674988,4,1.0,
fixed,1,3858,0.8427598476409912,0.0,0.013245929032564163,0.06105995178222656,0.8677008152008057,4,0.5,
fixed,1,3859,1.0244359970092773,0.0,0.020117469131946564,0.16224396228790283,1.0831679105758667,4,0.75,
fixed,1,3860,1.3085037469863892,0.0,0.014960017055273056,0.17156636714935303,1.367453694343567,4,0.75,4.505060195922852
fixed,1,3861,0.9240931272506714,0.0,0.005529521964490414,0.09040224552154541,0.9539785385131836,4,0.25,
fixed,1,3862,0.9284898638725281,0.0,0.006107577122747898,0.0813755989074707,0.9559563398361206,4,0.25,
fixed,1,3863,1.2250655889511108,0.0,0.005982595030218363,0.06546521186828613,1.2476963996887207,4,0.25,
fixed,1,3864,0.8974094390869141,0.0,0.008964309468865395,0.058824777603149414,0.9195390343666077,4,0.5,
fixed,1,3865,0.7029637098312378,0.0,0.00712751317769289,0.02919304370880127,0.7152853608131409,4,0.25,2.4663116931915283
fixed,1,3866,0.5745952725410461,0.0,0.015202600508928299,0.17731952667236328,0.635392427444458,4,0.75,
fixed,1,3867,1.126856803894043,0.0,0.004160905722528696,0.0946495532989502,1.157332181930542,4,0.25,
fixed,1,3868,1.0785812139511108,0.0,0.008743656799197197,0.07094335556030273,1.1042360067367554,4,0.5,
fixed,1,3869,0.9079381823539734,0.01983492262661457,0.015550687909126282,0.13391602039337158,0.9658057689666748,4,0.75,
fixed,1,3870,0.8957265019416809,0.0,0.006406580097973347,0.035881996154785156,0.9096943736076355,4,0.25,2.170584201812744
fixed,1,3871,1.5912166833877563,0.0,0.00025231679319404066,0.33804917335510254,1.6927576065063477,4,0.0,
fixed,1,3872,1.070415735244751,0.017728189006447792,0.011352133005857468,0.14298033714294434,1.12785005569458,4,0.75,
fixed,1,3873,0.67201167345047,0.0,0.01685539074242115,0.048841238021850586,0.695091724395752,4,0.5,
fixed,1,3874,0.4906635284423828,0.0,0.00552929425612092,0.09106719493865967,0.5207483172416687,4,0.25,
fixed,1,3875,0.8178256750106812,0.0,0.004888402298092842,0.038858652114868164,0.831927478313446,4,0.25,1.69744074344635
fixed,1,3876,0.8383409976959229,0.0,0.016043487936258316,0.06675517559051514,0.866389274597168,4,0.5,
fixed,1,3877,0.7660441398620605,0.0,0.004523941315710545,0.09654569625854492,0.7972698211669922,4,0.25,
fixed,1,3878,0.5481095314025879,0.0,0.003564227372407913,0.09356129169464111,0.5779600143432617,4,0.25,
fixed,1,3879,0.8603594899177551,0.0,0.01587897166609764,0.0553210973739624,0.8848953247070312,4,0.5,
fixed,1,3880,0.4992643892765045,0.019902119413018227,0.012991473078727722,0.13916385173797607,0.557460367679596,4,0.75,0.7184001207351685
fixed,1,3881,1.2285445928573608,0.0,0.008891208097338676,0.06175732612609863,1.251517415046692,4,0.5,
fixed,1,3882,1.2973612546920776,0.020593849942088127,0.0030639830511063337,0.06700384616851807,1.3292913436889648,4,0.5,
fixed,1,3883,0.5626393556594849,0.0,0.005063227843493223,0.03813624382019043,0.5766118168830872,4,0.25,
fixed,1,3884,0.7290974259376526,0.0,0.004438098520040512,0.2884565591812134,0.8178534507751465,4,0.0,
fixed,1,3885,1.1305495500564575,0.0,0.00907273031771183,0.2200542688369751,1.2011022567749023,4,0.75,3.132469654083252
fixed,1,3886,1.2070229053497314,0.0,0.007229911629110575,0.033913612365722656,1.2208119630813599,4,0.25,
fixed,1,3887,0.7781469821929932,0.0,0.006553781218826771,0.0926283597946167,0.8092123866081238,4,0.5,
fixed,1,3888,0.881499171257019,0.03333202749490738,0.011499978601932526,0.48726606369018555,1.0500949621200562,4,1.0,
fixed,1,3889,0.8174787759780884,0.0,0.02104800008237362,0.16121578216552734,0.8763675093650818,4,0.75,
fixed,1,3890,0.5788543224334717,0.01450697984546423,0.010509366169571877,0.1451181173324585,0.6348979473114014,4,0.75,1.329624056816101
fixed,1,3891,0.681294858455658,0.02950155735015869,0.025446666404604912,0.3005574941635132,0.7989362478256226,4,1.0,
fixed,1,3892,1.3713257312774658,0.012105531059205532,0.01340753398835659,0.17399585247039795,1.4362809658050537,4,0.75,
fixed,1,3893,0.996178388595581,0.0,0.04175615683197975,0.13156819343566895,1.0565268993377686,4,0.25,
fixed,1,3894,0.6615718007087708,0.0,0.015779007226228714,0.06799280643463135,0.68985915184021,4,0.5,
fixed,1,3895,1.024205207824707,0.0,0.03211485594511032,0.08697223663330078,1.0663542747497559,4,0.75,7.455002784729004
fixed,1,3896,1.024892807006836,0.03579538315534592,0.022320814430713654,0.17628931999206543,1.1068377494812012,4,1.0,
fixed,1,3897,1.0401074886322021,0.0,0.04364979267120361,0.056479454040527344,1.078876256942749,4,0.75,
fixed,1,3898,1.0514559745788574,0.0,0.004961089231073856,0.3216540813446045,1.1504327058792114,4,0.0,
fixed,1,3899,0.7831239104270935,0.0,0.02928772009909153,0.06525588035583496,0.8173445463180542,4,0.5,
fixed,1,3900,0.9903098940849304,0.0,0.017002448439598083,0.22584426403045654,1.0665644407272339,4,0.25,3.4080991744995117
fixed,1,3901,0.5644984841346741,0.0,0.059502117335796356,0.03327953815460205,0.6042333841323853,4,0.75,
fixed,1,3902,1.5094733238220215,0.0,0.03431324288249016,0.07354104518890381,1.548692226409912,4,0.5,
fixed,1,3903,1.0271108150482178,0.0,0.02960936352610588,0.053591251373291016,1.0579928159713745,4,0.5,
fixed,1,3904,1.051951289176941,0.0,0.004637597594410181,0.2790306806564331,1.13797926902771,4,0.0,
fixed,1,3905,0.5284604430198669,0.0,0.03712857514619827,0.11089563369750977,0.5802934169769287,4,0.0,5.635013103485107
fixed,1,3906,1.3252407312393188,0.0,0.03270294889807701,0.0688316822052002,1.3622417449951172,4,0.75,
fixed,1,3907,1.3519803285598755,0.02529640682041645,0.014469664543867111,0.04466593265533447,1.385263204574585,4,0.5,
fixed,1,3908,1.3860191106796265,0.033144451677799225,0.010729240253567696,0.056079745292663574,1.4247798919677734,4,0.75,
fixed,1,3909,1.4816741943359375,0.0,0.014229251071810722,0.03892838954925537,1.500467300415039,4,0.5,
fixed,1,3910,0.9305583238601685,0.0,0.010141929611563683,0.11975979804992676,0.9715572595596313,4,0.25,2.57610821723938
fixed,1,3911,1.0821446180343628,0.0,0.029859958216547966,0.06770408153533936,1.1173858642578125,4,0.5,
fixed,1,3912,0.7121130228042603,0.013550125993788242,0.006422744132578373,0.06129920482635498,0.7404892444610596,4,0.5,
fixed,1,3913,1.2816725969314575,0.0,0.00667470321059227,0.10735809803009033,1.3172173500061035,4,0.25,
fixed,1,3914,0.9191167950630188,0.0,0.014118158258497715,0.06959855556488037,0.947055459022522,4,0.5,
fixed,1,3915,1.4982166290283203,0.0,0.009386328980326653,0.06266891956329346,1.5217105150222778,4,0.5,2.662970781326294
fixed,1,3916,1.2881215810775757,0.0,0.01761222630739212,0.1410198211669922,1.339233636856079,4,0.75,
fixed,1,3917,1.3066463470458984,0.0,0.017011070623993874,0.44785618782043457,1.449508786201477,4,1.0,
fixed,1,3918,1.296151041984558,0.0,0.015974732115864754,0.17196249961853027,1.355727195739746,4,0.75,
fixed,1,3919,1.1348156929016113,0.0,0.0004720460856333375,0.35009467601776123,1.2400801181793213,4,0.0,
fixed,1,3920,0.6295459270477295,0.03236513212323189,0.007932254113256931,0.1671435832977295,0.6998376846313477,4,0.75,1.24698007106781
fixed,1,3921,1.2709797620773315,0.03464619070291519,0.000320557679515332,0.09400272369384766,1.3166639804840088,4,0.25,
fixed,1,3922,1.0272440910339355,0.01681513525545597,0.010854520834982395,0.10927760601043701,1.0738621950149536,4,0.75,
fixed,1,3923,0.7421541213989258,0.0,0.009226694703102112,0.058054208755493164,0.764183759689331,4,0.5,
fixed,1,3924,0.5861703753471375,0.027956170961260796,0.01303908135741949,0.1191478967666626,0.6424123644828796,4,0.75,
fixed,1,3925,0.47619980573654175,0.03128620982170105,0.018357984721660614,0.3545818328857422,0.6073964834213257,4,1.0,1.3258391618728638
fixed,1,3926,1.740338921546936,0.0,0.007031086832284927,0.07557940483093262,1.7665282487869263,4,0.25,
fixed,1,3927,0.5773017406463623,0.0,0.008878500200808048,0.051364779472351074,0.597150444984436,4,0.25,
fixed,1,3928,1.4328147172927856,0.0,0.008984486572444439,0.08910775184631348,1.4640393257141113,4,0.25,
fixed,1,3929,0.955987274646759,0.0,0.021529139950871468,0.03757154941558838,0.9780232906341553,4,0.5,
fixed,1,3930,1.12660551071167,0.0,0.04479237645864487,0.07392346858978271,1.1711786985397339,4,0.25,6.39240837097168
fixed,1,3931,1.3126109838485718,0.0,0.046052876859903336,0.05701756477355957,1.3527426719665527,4,0.75,
fixed,1,3932,0.6155927777290344,0.021093768998980522,0.032778434455394745,0.1953974962234497,0.7011481523513794,4,1.0,
fixed,1,3933,0.44240713119506836,0.0,0.022981658577919006,0.05112910270690918,0.46923670172691345,4,0.5,
fixed,1,3934,0.8904722929000854,0.030564062297344208,0.009385627694427967,0.0763787031173706,0.933360755443573,4,0.75,
fixed,1,3935,1.4720548391342163,0.0,0.038852401077747345,0.03681659698486328,1.502526044845581,4,0.5,5.995031356811523
fixed,1,3936,0.7321600317955017,0.0,0.043636955320835114,0.10661280155181885,0.7859623432159424,4,0.75,
fixed,1,3937,0.9658936262130737,0.02219969965517521,0.024130409583449364,0.08712124824523926,1.0151950120925903,4,0.75,
fixed,1,3938,1.3017417192459106,0.012135553173720837,0.010475266724824905,0.0843663215637207,1.3383569717407227,4,0.5,
fixed,1,3939,1.2846958637237549,0.013802357949316502,0.03390417993068695,0.06789088249206543,1.3289164304733276,4,0.75,
fixed,1,3940,0.5097706913948059,0.0,0.045379601418972015,0.10981559753417969,0.5654051899909973,4,0.5,8.246355056762695
fixed,1,3941,1.1700317859649658,0.0,0.024305937811732292,0.08828532695770264,1.2086703777313232,4,0.5,
fixed,1,3942,1.1973202228546143,0.0,0.023273032158613205,0.22295570373535156,1.2758435010910034,4,0.25,
fixed,1,3943,0.7379337549209595,0.0,0.018369141966104507,0.06937336921691895,0.7679303288459778,4,0.25,
fixed,1,3944,0.64906907081604,0.0,0.03555586561560631,0.27808237075805664,0.750271737575531,4,1.0,
fixed,1,3945,0.878036379814148,0.021869074553251266,0.010220855474472046,0.04307997226715088,0.9070053100585938,4,0.5,1.7085825204849243
fixed,1,3946,1.359022617340088,0.027570728212594986,0.024362603202462196,0.12417101860046387,1.4222406148910522,4,0.75,
fixed,1,3947,0.829892098903656,0.0,0.011976011097431183,0.15165424346923828,0.8813763856887817,4,0.25,
fixed,1,3948,0.6482329368591309,0.02555396780371666,0.03182739019393921,0.25799667835235596,0.7543226480484009,4,1.0,
fixed,1,3949,0.7042307257652283,0.0,0.017090503126382828,0.056467413902282715,0.7297161817550659,4,0.5,
fixed,1,3950,0.985454797744751,0.02298506535589695,0.026782777160406113,0.10294413566589355,1.0412219762802124,4,0.75,2.4827492237091064
fixed,1,3951,0.7042757272720337,0.03913690894842148,0.017136715352535248,0.23498892784118652,0.8029091954231262,4,1.0,
fixed,1,3952,1.4288636445999146,0.0,0.018321126699447632,0.03729116916656494,1.449211597442627,4,0.5,
fixed,1,3953,0.5659458637237549,0.033591724932193756,0.0006042542518116534,0.04940903186798096,0.5978665351867676,4,0.5,
fixed,1,3954,0.752265989780426,0.0,0.010719803161919117,0.10647916793823242,0.789569616317749,4,0.25,
fixed,1,3955,0.9805665016174316,0.0,0.05803840607404709,0.16533374786376953,1.0591858625411987,4,1.0,11.019948959350586
fixed,1,3956,0.6739980578422546,0.0,0.013248741626739502,0.0957862138748169,0.709358274936676,4,0.25,
fixed,1,3957,1.8071779012680054,0.0,0.015151513740420341,0.09206819534301758,1.8423740863800049,4,0.25,
fixed,1,3958,0.7121620774269104,0.0,0.017341209575533867,0.17141056060791016,0.7722558379173279,4,0.25,
fixed,1,3959,0.6940705180168152,0.0,0.035523008555173874,0.04708504676818848,0.7259575128555298,4,0.5,
fixed,1,3960,0.8759201765060425,0.0,0.0248593557626009,0.04273080825805664,0.9011691212654114,4,0.5,5.154677867889404
fixed,1,3961,1.4966204166412354,0.0,0.023338761180639267,0.03605461120605469,1.519106149673462,4,0.5,
fixed,1,3962,1.8415628671646118,0.0,0.02276245318353176,0.040871620178222656,1.8652055263519287,4,0.5,
fixed,1,3963,0.9177312850952148,0.0,0.04871063679456711,0.07401788234710693,0.9642919898033142,4,0.75,
fixed,1,3964,0.5958877205848694,0.0,0.03904614597558975,0.08532297611236572,0.641007661819458,4,0.5,
fixed,1,3965,1.3123539686203003,0.0,0.00010251750791212544,0.3314037322998047,1.4118263721466064,4,0.0,0.4345822036266327
fixed,1,3966,1.3005424737930298,0.0,0.026576068252325058,0.09780395030975342,1.3431717157363892,4,0.75,
fixed,1,3967,1.3493757247924805,0.019751183688640594,4.962356797477696e-06,0.12335944175720215,1.3962616920471191,4,0.25,
fixed,1,3968,0.6089445352554321,0.019599705934524536,0.016703808680176735,0.34255683422088623,0.7298633456230164,4,1.0,
fixed,1,3969,0.8162981271743774,4.701300895249005e-06,0.017016718164086342,0.07087159156799316,0.8460702896118164,4,0.5,
fixed,1,3970,1.1648170948028564,1.3163823496142868e-05,0.0065316553227603436,0.09203541278839111,1.1957001686096191,4,0.25,1.8062952756881714
fixed,1,3971,0.9324476718902588,5.181624146644026e-05,0.004245811142027378,0.0778203010559082,0.9579426050186157,4,0.25,
fixed,1,3972,0.9510828852653503,0.0,0.02393401972949505,0.20291435718536377,1.0239242315292358,4,0.75,
fixed,1,3973,0.8866053819656372,4.387403168948367e-05,0.010483447462320328,0.0582275390625,0.9093372821807861,4,0.5,
fixed,1,3974,0.5945844054222107,0.022910024970769882,0.0,0.08733320236206055,0.6322394013404846,4,0.25,
fixed,1,3975,1.886269211769104,3.829417619272135e-05,0.014126565307378769,0.1890871524810791,1.950077772140503,4,0.75,4.223839282989502
fixed,1,3976,1.058949589729309,0.0,0.011077504605054855,0.34745359420776367,1.1687244176864624,4,0.25,
fixed,1,3977,0.8425507545471191,2.0884421246591955e-05,0.014267313294112682,0.07006335258483887,0.8707138299942017,4,0.5,
fixed,1,3978,1.2370222806930542,0.00014416908379644156,0.01942911371588707,0.180716872215271,1.3010239601135254,4,0.75,
fixed,1,3979,0.9271265268325806,0.02373770996928215,0.008428314700722694,0.17824792861938477,0.9966839551925659,4,0.75,
fixed,1,3980,1.235242247581482,3.179851046297699e-05,0.009578441269695759,0.06431376934051514,1.2593414783477783,4,0.5,2.873636245727539
fixed,1,3981,0.45023036003112793,0.0,0.017257152125239372,0.05079483985900879,0.4740974009037018,4,0.5,
fixed,1,3982,0.6500471830368042,0.0,0.013163052499294281,0.06580102443695068,0.6763690114021301,4,0.5,
fixed,1,3983,1.7302273511886597,0.0,0.00024355623463634402,0.09192502498626709,1.7579265832901,4,0.25,
fixed,1,3984,1.3421846628189087,0.0,0.00017399826901964843,0.30466723442077637,1.4336718320846558,4,0.0,
fixed,1,3985,0.4064072072505951,0.03310778737068176,0.010498268529772758,0.19260215759277344,0.48599088191986084,4,0.75,0.8672008514404297
fixed,1,3986,0.6725248098373413,0.0,0.009963464923202991,0.025226116180419922,0.6850743889808655,4,0.25,
fixed,1,3987,0.958220899105072,0.02091130055487156,0.00027202253113500774,0.13230443000793457,1.0085039138793945,4,0.25,
fixed,1,3988,1.3828372955322266,0.0,0.019995437934994698,0.1524670124053955,1.4385751485824585,4,0.75,
fixed,1,3989,1.3977611064910889,0.0,0.01898525282740593,0.0408172607421875,1.4194989204406738,4,0.5,
fixed,1,3990,0.8835101127624512,0.0,0.024603383615612984,0.02936077117919922,0.9046200513839722,4,0.5,5.369137763977051
fixed,1,3991,0.8460893630981445,0.028437959030270576,0.017939157783985138,0.2067791223526001,0.9313116669654846,4,0.75,
fixed,1,3992,1.3168305158615112,0.0139576755464077,0.0003132398705929518,0.19096636772155762,1.381255865097046,4,0.25,
fixed,1,3993,1.0281269550323486,0.022217102348804474,0.03246062994003296,0.23965859413146973,1.1273634433746338,4,1.0,
fixed,1,3994,0.43556085228919983,0.0,0.018711410462856293,0.07825636863708496,0.468393474817276,4,0.5,
fixed,1,3995,0.7436689138412476,0.0,0.034096330404281616,0.09609031677246094,0.7895441651344299,4,0.75,7.390054702758789
fixed,1,3996,0.7802660465240479,0.0,0.05180343613028526,0.18211817741394043,0.8608032464981079,4,1.0,
fixed,1,3997,0.6900321841239929,0.0230120662599802,0.023597868159413338,0.025636672973632812,0.7210281491279602,4,0.5,
fixed,1,3998,1.0006266832351685,0.0,0.01018310897052288,0.15895676612854004,1.0534052848815918,4,0.25,
fixed,1,3999,0.5813770890235901,0.0,0.05034890025854111,0.08143877983093262,0.6309831738471985,4,0.75,
fixed,1,4000,0.6233811974525452,0.0,0.0033523745369166136,0.24362099170684814,0.6981436610221863,4,0.0,1.7052764892578125
fixed,1,4001,0.6240256428718567,0.03769351541996002,0.015689833089709282,0.11298668384552002,0.6846133470535278,4,0.75,
fixed,1,4002,0.4373355209827423,0.0,0.005364618264138699,0.26554131507873535,0.5196802020072937,4,0.0,
fixed,1,4003,0.7428408265113831,0.0,0.02612171322107315,0.06478631496429443,0.7753375768661499,4,0.5,
fixed,2,4004,0.43523722887039185,0.0,0.005563987884670496,0.26005589962005615,0.5160359740257263,4,0.0,
fixed,2,4005,0.4922982454299927,0.0,0.05991588532924652,0.16210126876831055,0.5708865523338318,4,1.0,11.181044578552246
fixed,2,4006,0.4318055212497711,0.0,0.045604441314935684,0.02316915988922119,0.4615584909915924,4,0.5,
fixed,2,4007,0.664642333984375,0.0,0.0521434023976326,0.18532967567443848,0.7463129162788391,4,1.0,
fixed,2,4008,0.8945337533950806,0.0,0.012654846534132957,0.16807520389556885,0.9512837529182434,4,0.25,
fixed,2,4009,0.4436641335487366,0.0,0.015536473132669926,0.05913853645324707,0.46917393803596497,4,0.25,
fixed,2,4010,0.770759642124176,0.0,0.021179892122745514,0.07413184642791748,0.8035891652107239,4,0.5,4.7666544914245605
fixed,2,4011,0.7940112352371216,0.0,0.02009609341621399,0.176605224609375,0.8570408821105957,4,0.25,
fixed,2,4012,0.4555057883262634,0.0,0.02716575562953949,0.11143791675567627,0.5025200247764587,4,0.75,
fixed,2,4013,0.29709774255752563,0.0,0.003066634526476264,0.2126328945159912,0.362420916557312,4,0.0,
fixed,2,4014,0.42528578639030457,0.022508129477500916,0.00843214150518179,0.05676925182342529,0.4577867090702057,4,0.5,
fixed,2,4015,0.47447922825813293,0.0,0.01688421331346035,0.05945253372192383,0.500757098197937,4,0.5,4.098720550537109
fixed,2,4016,0.24085432291030884,0.0,0.013223078101873398,0.0732954740524292,0.2694545090198517,4,0.5,
fixed,2,4017,0.39156559109687805,0.0,0.013741344213485718,0.0588984489440918,0.41610580682754517,4,0.5,
fixed,2,4018,0.2173883616924286,0.0,0.012916595675051212,0.09098231792449951,0.25114136934280396,4,0.75,
fixed,2,4019,0.3812607526779175,0.0,0.0072160386480391026,0.07877993583679199,0.4085027575492859,4,0.25,
fixed,2,4020,0.7524850964546204,0.0,0.005260585807263851,0.07543611526489258,0.7777462005615234,4,0.25,1.5510005950927734
fixed,2,4021,0.299730122089386,0.021627120673656464,0.009928321465849876,0.15322530269622803,0.3614754378795624,4,0.75,
fixed,2,4022,0.44616755843162537,0.02552051469683647,0.0046884724870324135,0.05627155303955078,0.4781535267829895,4,0.5,
fixed,2,4023,0.6652730703353882,0.0,0.02548622153699398,0.3733351230621338,0.7900167107582092,4,1.0,
fixed,2,4024,0.39809080958366394,0.02406572550535202,0.005293527152389288,0.061121463775634766,0.4311068654060364,4,0.5,
fixed,2,4025,0.37775763869285583,0.0,0.010064198635518551,0.035474300384521484,0.39343202114105225,4,0.25,2.519967555999756
fixed,2,4026,0.3472864329814911,0.0,0.011958901770412922,0.04792129993438721,0.36764228343963623,4,0.5,
fixed,2,4027,0.3944075107574463,0.0,0.011887256056070328,0.05193614959716797,0.4159319996833801,4,0.5,
fixed,2,4028,0.49755600094795227,0.0,0.017535675317049026,0.12645864486694336,0.5442614555358887,4,0.75,
fixed,2,4029,0.33597713708877563,0.0,0.018003955483436584,0.06234025955200195,0.36368119716644287,4,0.5,
fixed,2,4030,0.366780161857605,0.02588646113872528,0.02102540247142315,0.10581862926483154,0.42198169231414795,4,0.75,1.961683988571167
fixed,2,4031,0.11401093751192093,0.0,0.012914391234517097,0.061272263526916504,0.13884980976581573,4,0.5,
fixed,2,4032,0.5728692412376404,0.027614470571279526,0.017457639798521996,0.3414897918701172,0.6978522539138794,4,1.0,
fixed,2,4033,0.30382677912712097,0.0,0.017808442935347557,0.07230663299560547,0.3344230055809021,4,0.25,
fixed,2,4034,0.39910534024238586,0.0,0.013209028169512749,0.07031214237213135,0.42680349946022034,4,0.5,
fixed,2,4035,0.44502732157707214,0.0,0.006422520615160465,0.1361333131790161,0.4890785813331604,4,0.25,1.8000653982162476
fixed,2,4036,1.104554295539856,0.0,0.007867198437452316,0.13171064853668213,1.1480010747909546,4,0.25,
fixed,2,4037,0.4004744291305542,0.0,0.01028502732515335,0.06241631507873535,0.4243418276309967,4,0.25,
fixed,2,4038,0.7717889547348022,0.0,0.022273339331150055,0.04231858253479004,0.7956212162971497,4,0.5,
fixed,2,4039,0.08111687004566193,0.0,0.020907137542963028,0.13417792320251465,0.1318238079547882,4,0.75,
fixed,2,4040,0.6489977836608887,0.0,0.012807163409888744,0.06539881229400635,0.6750209927558899,4,0.5,3.3546462059020996
fixed,2,4041,0.7766663432121277,0.0,0.0012640614295378327,0.4266699552536011,0.9052993655204773,4,0.0,
fixed,2,4042,0.49470576643943787,0.0,0.013918764889240265,0.059691429138183594,0.5195725560188293,4,0.5,
fixed,2,4043,0.3600922226905823,0.0,0.008184408769011497,0.14733660221099854,0.40838539600372314,4,0.25,
fixed,2,4044,0.5791938304901123,0.0,0.00164383789524436,0.3741375207901001,0.6922569870948792,4,0.0,
fixed,2,4045,0.6862547993659973,0.0,0.006823440082371235,0.09618663787841797,0.7185224890708923,4,0.25,2.1242966651916504
fixed,2,4046,0.745022714138031,0.0,0.00545239495113492,0.07478737831115723,0.770185112953186,4,0.25,
fixed,2,4047,0.7285951375961304,0.0,0.01801292598247528,0.15139949321746826,0.7830214500427246,4,0.75,
fixed,2,4048,0.9116548895835876,0.0,0.017171567305922508,0.17041254043579102,0.971364438533783,4,0.75,
fixed,2,4049,0.8120109438896179,0.0,0.012671850621700287,0.1915123462677002,0.875800609588623,4,0.75,
fixed,2,4050,0.3032348155975342,0.0,0.012567097321152687,0.1856309175491333,0.36520764231681824,4,0.75,3.949749708175659
fixed,2,4051,0.5267964601516724,0.0,0.012099992483854294,0.05394446849822998,0.5490298271179199,4,0.5,
fixed,2,4052,0.42084410786628723,0.0,0.00415842467918992,0.0394899845123291,0.4347703158855438,4,0.25,
fixed,2,4053,0.7118344902992249,0.0,0.0035055940970778465,0.05863499641418457,0.731177806854248,4,0.25,
fixed,2,4054,0.335516095161438,0.035364799201488495,0.007867732085287571,0.20219790935516357,0.4177917242050171,4,0.75,
fixed,2,4055,0.24315601587295532,0.0,0.009269888512790203,0.0426325798034668,0.26058074831962585,4,0.5,2.769991874694824
fixed,2,4056,0.41675910353660583,0.0,0.014378273859620094,0.3214656114578247,0.5203879475593567,4,0.75,
fixed,2,4057,1.0663856267929077,0.034343596547842026,0.008290978148579597,0.059296607971191406,1.1054918766021729,4,0.5,
fixed,2,4058,0.43066170811653137,0.0,0.010148120112717152,0.05876576900482178,0.4533655047416687,4,0.5,
fixed,2,4059,0.49951237440109253,8.54007623729558e-07,8.421068741881754e-06,0.31075119972229004,0.592742383480072,4,0.0,
fixed,2,4060,0.4123012125492096,0.0,0.01043736469000578,0.057401061058044434,0.43474021553993225,4,0.5,3.084733486175537
fixed,2,4061,0.537823498249054,0.0,0.014368918724358082,0.17568457126617432,0.5977133512496948,4,0.75,
fixed,2,4062,0.34226569533348083,0.0,0.0188260767608881,0.13737761974334717,0.3928920328617096,4,0.75,
fixed,2,4063,0.4528444707393646,0.0,0.013947724364697933,0.06533026695251465,0.4794174134731293,4,0.5,
fixed,2,4064,0.7290911078453064,1.4383399502548855e-05,1.2679695828410331e-05,0.30727052688598633,0.8212857842445374,4,0.0,
fixed,2,4065,0.5471633076667786,0.0,0.021632496267557144,0.06913638114929199,0.5787204504013062,4,0.5,4.9579243659973145
fixed,2,4066,0.34872686862945557,0.0,0.009886427782475948,0.05532217025756836,0.37026673555374146,4,0.25,
fixed,2,4067,0.5671070218086243,4.051440555485897e-06,0.019631095230579376,0.03299403190612793,0.5868228077888489,4,0.5,
fixed,2,4068,0.40946078300476074,3.100709818681935e-06,0.005757893901318312,0.07509326934814453,0.43486925959587097,4,0.25,
fixed,2,4069,0.20835834741592407,2.3192205844679847e-06,2.304866211488843e-05,0.30628716945648193,0.3002571761608124,4,0.0,
fixed,2,4070,0.8134409785270691,0.03252362087368965,0.004435916896909475,0.06271719932556152,0.8507359027862549,4,0.5,2.4505133628845215
fixed,2,4071,0.5968149900436401,4.501820512814447e-05,0.016436124220490456,0.1771775484085083,0.6582088470458984,4,0.75,
fixed,2,4072,0.22572003304958344,0.0,0.015784895047545433,0.17474102973937988,0.28603479266166687,4,0.75,
fixed,2,4073,0.5035054683685303,0.0,0.017971187829971313,0.2753784656524658,0.5951045751571655,4,0.75,
fixed,2,4074,0.44854599237442017,4.4692401388601866e-06,0.010929757729172707,0.05573296546936035,0.47073298692703247,4,0.5,
fixed,2,4075,0.42708179354667664,0.02983040176331997,0.005625967867672443,0.05306732654571533,0.4607301950454712,4,0.5,2.151398181915283
fixed,2,4076,0.17951883375644684,0.0,0.01320391520857811,0.07250332832336426,0.20787179470062256,4,0.5,
fixed,2,4077,0.85462886095047,1.941130540217273e-05,0.016016431152820587,0.05407309532165527,0.8788686990737915,4,0.5,
fixed,2,4078,0.6473104953765869,0.0,0.01811026781797409,0.1549471616744995,0.702849805355072,4,0.75,
fixed,2,4079,0.8607156872749329,0.02388043887913227,0.006940487306565046,0.06999504566192627,0.8971246480941772,4,0.5,
fixed,2,4080,0.35484856367111206,0.0,0.007276241201907396,0.11412620544433594,0.39272454380989075,4,0.25,1.9370607137680054
fixed,2,4081,0.36188796162605286,0.020470188930630684,0.018747977912425995,0.1094897985458374,0.4143439829349518,4,0.75,
fixed,2,4082,0.4555202126502991,0.0,0.02443854883313179,0.09962832927703857,0.49762797355651855,4,0.75,
fixed,2,4083,0.45150262117385864,0.0,0.025607014074921608,0.1170661449432373,0.4994259774684906,4,0.75,
fixed,2,4084,0.3883422017097473,0.0,0.0005316728493198752,0.39502382278442383,0.5071151852607727,4,0.0,
fixed,2,4085,0.7216697931289673,0.0,0.01700478047132492,0.04961264133453369,0.7450559735298157,4,0.5,4.106010437011719
fixed,2,4086,0.31050053238868713,0.0,0.01530100405216217,0.05627036094665527,0.3350321352481842,4,0.5,
fixed,2,4087,0.7388182282447815,0.01868506707251072,0.012385964393615723,0.07170987129211426,0.775866687297821,4,0.5,
fixed,2,4088,0.4191645085811615,0.0,0.009011673741042614,0.13396310806274414,0.46385928988456726,4,0.25,
fixed,2,4089,0.49201449751853943,0.017110006883740425,0.002622030209749937,0.05352425575256348,0.5179377794265747,4,0.25,
fixed,2,4090,0.6598568558692932,0.03964174538850784,0.019263213500380516,0.2148599624633789,0.7537673115730286,4,1.0,2.551421880722046
fixed,2,4091,0.3437483012676239,0.0,0.020558010786771774,0.03565382957458496,0.36472344398498535,4,0.5,
fixed,2,4092,0.3668217062950134,0.0,0.012331226840615273,0.11147832870483398,0.40643081068992615,4,0.25,
fixed,2,4093,0.16062359511852264,0.0,0.021606065332889557,0.0417020320892334,0.18393723666667938,4,0.5,
fixed,2,4094,0.4495145082473755,0.0,0.011958473362028599,0.12499439716339111,0.4929920732975006,4,0.25,
fixed,2,4095,0.45068901777267456,0.0,0.009289192035794258,0.09235179424285889,0.48303914070129395,4,0.25,2.263925790786743
fixed,2,4096,0.268061101436615,0.0,0.0006698198849335313,0.33280372619628906,0.36823713779449463,4,0.0,
fixed,2,4097,0.4469400644302368,0.0,0.017438901588320732,0.03665423393249512,0.46665579080581665,4,0.5,
fixed,2,4098,0.5897876024246216,0.0,0.018996259197592735,0.03446173667907715,0.6096242666244507,4,0.5,
fixed,2,4099,0.8131265640258789,0.0,0.03005802258849144,0.10049927234649658,0.8583053350448608,4,0.75,
fixed,2,4100,0.4437102675437927,0.0,0.01998615264892578,0.043683648109436035,0.4668084383010864,4,0.5,4.735872745513916
fixed,2,4101,0.31776198744773865,0.0,0.029346134513616562,0.11059904098510742,0.36561477184295654,4,0.75,
fixed,2,4102,0.2385316789150238,0.0,0.023340756073594093,0.12885630130767822,0.28885895013809204,4,0.75,
fixed,2,4103,1.1630123853683472,0.0,0.016238916665315628,0.1588219404220581,1.218778371810913,4,0.75,
fixed,2,4104,0.8811735510826111,4.217593868816039e-06,0.010839909315109253,0.044913291931152344,0.9000695943832397,4,0.5,
fixed,2,4105,0.46452784538269043,8.250211067206692e-06,0.006254247389733791,0.07861590385437012,0.4912438690662384,4,0.25,1.706134557723999
fixed,2,4106,0.5593483448028564,0.0,0.004861080553382635,0.08225178718566895,0.5864543914794922,4,0.25,
fixed,2,4107,0.40652135014533997,6.744967890881526e-07,0.0016146755078807473,0.22575080394744873,0.4750542640686035,4,0.0,
fixed,2,4108,0.5756136775016785,0.03277914598584175,0.005657693836838007,0.05375194549560547,0.610957682132721,4,0.5,
fixed,2,4109,0.6324159502983093,0.0,0.015216733328998089,0.1787649393081665,0.6936538219451904,4,0.75,
fixed,2,4110,0.8671377301216125,0.0001383624185109511,0.006823530420660973,0.0755617618560791,0.893287181854248,4,0.25,1.8486517667770386
fixed,2,4111,0.42280831933021545,0.0,0.015753760933876038,0.06991064548492432,0.4516583979129791,4,0.5,
fixed,2,4112,0.11646287143230438,0.0,0.005789796356111765,0.0459747314453125,0.13315019011497498,4,0.25,
fixed,2,4113,0.24659907817840576,0.0,0.011575334705412388,0.1952342987060547,0.31095704436302185,4,0.75,
fixed,2,4114,0.5690702199935913,0.033286597579717636,0.009242203086614609,0.1846158504486084,0.6457194089889526,4,0.75,
fixed,2,4115,0.5896265506744385,1.4321369235403836e-05,0.004977403674274683,0.10378575325012207,0.623258113861084,4,0.25,1.46132493019104
fixed,2,4116,0.3867949843406677,0.0,9.935704292729497e-05,0.36106133460998535,0.49516308307647705,4,0.0,
fixed,2,4117,0.9193273782730103,2.0987248717574403e-05,5.825417611049488e-05,0.2987208366394043,1.0089832544326782,4,0.0,
fixed,2,4118,0.3134159445762634,0.026539664715528488,0.004532482009381056,0.07239067554473877,0.3506692051887512,4,0.5,
fixed,2,4119,0.5331497192382812,0.03028717264533043,0.001386960269883275,0.039337992668151855,0.5607881546020508,4,0.25,
fixed,2,4120,0.3076469898223877,0.023681310936808586,0.014249205589294434,0.38581085205078125,0.44235551357269287,4,1.0,1.735102891921997
fixed,2,4121,0.6635249853134155,0.0,8.417711069341749e-05,0.2731359004974365,0.7455078363418579,4,0.0,
fixed,2,4122,0.9110499024391174,0.0,0.029231438413262367,0.3125321865081787,1.0194252729415894,4,1.0,
fixed,2,4123,1.0541765689849854,0.02520132251083851,0.006683198735117912,0.04230999946594238,1.0828118324279785,4,0.5,
fixed,2,4124,0.238569438457489,0.0,0.02635500393807888,0.03953838348388672,0.263608455657959,4,0.5,
fixed,2,4125,0.4441925883293152,0.045651406049728394,0.023322969675064087,0.2175142765045166,0.5439340472221375,4,1.0,2.452515125274658
fixed,2,4126,0.4519933760166168,0.0,0.023072969168424606,0.05159950256347656,0.4790097177028656,4,0.5,
fixed,2,4127,0.7824641466140747,0.017709415405988693,0.02169109135866165,0.06009936332702637,0.8201941847801208,4,0.75,
fixed,2,4128,0.41039836406707764,0.0,0.039943426847457886,0.15740597248077393,0.477591872215271,4,0.75,
fixed,2,4129,0.34838882088661194,0.0,0.03569936007261276,0.06462311744689941,0.385625422000885,4,0.75,
fixed,2,4130,0.85942143201828,0.006976252421736717,0.026321396231651306,0.04012012481689453,0.8881062865257263,4,0.75,3.799018383026123
fixed,2,4131,0.4737451672554016,0.0,0.031955912709236145,0.025471091270446777,0.49736446142196655,4,0.5,
fixed,2,4132,0.4668296277523041,0.0,0.032459575682878494,0.05522012710571289,0.49962544441223145,4,0.5,
fixed,2,4133,0.6360191106796265,0.0,0.013955674134194851,0.11593461036682129,0.6777773499488831,4,0.25,
fixed,2,4134,0.4161616861820221,0.007368769496679306,0.01273124199360609,0.07210850715637207,0.4478442370891571,4,0.5,
fixed,2,4135,0.4571673572063446,0.0,0.03697187453508377,0.0804746150970459,0.49979567527770996,4,0.5,6.104608058929443
fixed,2,4136,0.6371484994888306,0.0,0.01348857581615448,0.03675651550292969,0.6549197435379028,4,0.25,
fixed,2,4137,0.2641563415527344,0.0,0.010208909399807453,0.13664638996124268,0.3102547228336334,4,0.25,
fixed,2,4138,0.5064568519592285,0.0,0.03994149714708328,0.2569080591201782,0.6035000085830688,4,1.0,
fixed,2,4139,0.6374167203903198,0.0,0.013130352832376957,0.15425634384155273,0.690258800983429,4,0.25,
fixed,2,4140,0.682733952999115,0.0,0.020451104268431664,0.04204738140106201,0.7055737376213074,4,0.5,4.80188512802124
fixed,2,4141,0.4524780213832855,0.007967057637870312,0.010079298168420792,0.1030803918838501,0.4924253225326538,4,0.5,
fixed,2,4142,0.787337064743042,0.013385085389018059,0.007606395520269871,0.1047823429107666,0.8292675018310547,4,0.5,
fixed,2,4143,0.3797038495540619,0.018860362470149994,0.00898429099470377,0.10052061080932617,0.4237823486328125,4,0.5,
fixed,2,4144,0.247597336769104,0.02904503606259823,0.020862402394413948,0.18553507328033447,0.32821157574653625,4,0.75,
fixed,2,4145,0.7687996029853821,8.457021067442838e-06,1.9152503227815032e-05,0.313961386680603,0.863001823425293,4,0.0,0.06499715149402618
fixed,2,4146,0.28549546003341675,0.02322479337453842,0.028313100337982178,0.28147995471954346,0.3957083821296692,4,1.0,
fixed,2,4147,0.41939932107925415,1.978719588180411e-08,0.019775018095970154,0.07154512405395508,0.4507503807544708,4,0.5,
fixed,2,4148,0.5660763382911682,0.0,0.030676256865262985,0.08039426803588867,0.6055327653884888,4,0.5,
fixed,2,4149,0.7527658939361572,1.0037886568170507e-05,0.02510351873934269,0.06970226764678955,0.7862333655357361,4,0.5,
fixed,2,4150,0.6377600431442261,3.4589634196890984e-06,0.02185405045747757,0.04380202293395996,0.66182941198349,4,0.5,4.846873760223389
fixed,2,4151,0.31827864050865173,0.0,0.009431207552552223,0.08591878414154053,0.348769873380661,4,0.25,
fixed,2,4152,0.4479551613330841,3.520928885336616e-06,0.009456276893615723,0.07390046119689941,0.4748551845550537,4,0.25,
fixed,2,4153,0.2493745982646942,4.99953512189677e-06,0.0026390484999865294,0.1358792781829834,0.29146039485931396,4,0.0,
fixed,2,4154,0.5156936645507812,2.6124851615350053e-07,0.016415005549788475,0.05983316898345947,0.5418512225151062,4,0.5,
fixed,2,4155,0.14469851553440094,1.284994596062461e-06,0.025478724390268326,0.038639068603515625,0.16903024911880493,4,0.5,5.2895917892456055
fixed,2,4156,0.5226466059684753,2.0152659999439493e-05,0.01071592140942812,0.07966315746307373,0.5519136190414429,4,0.25,
fixed,2,4157,0.37161508202552795,0.026754744350910187,0.01664474420249462,0.14335179328918457,0.43632036447525024,4,0.75,
fixed,2,4158,0.7578769326210022,5.766797585238237e-06,0.006385089363902807,0.06912887096405029,0.781810998916626,4,0.25,
fixed,2,4159,0.5240432620048523,1.7210769556186278e-06,0.02749546617269516,0.14401614665985107,0.5809966921806335,4,0.75,
fixed,2,4160,0.5673552751541138,0.030958378687500954,0.0062057385221123695,0.06311345100402832,0.604871392250061,4,0.5,2.0115857124328613
fixed,2,4161,1.003490924835205,0.0001855756709119305,0.005808881018310785,0.06932294368743896,1.0272849798202515,4,0.25,
fixed,2,4162,0.5936050415039062,1.543090729683172e-05,0.012988133355975151,0.06361067295074463,0.6191900372505188,4,0.5,
fixed,2,4163,0.42427682876586914,1.9758572307182476e-05,0.014808835461735725,0.07871532440185547,0.45530572533607483,4,0.5,
fixed,2,4164,0.6305434107780457,0.018431825563311577,3.4525173759902827e-06,0.10756611824035645,0.6720308661460876,4,0.25,
fixed,2,4165,0.38332927227020264,9.134923857345711e-06,0.010679727420210838,0.07705342769622803,0.41178974509239197,4,0.5,3.140442132949829
fixed,2,4166,0.30325520038604736,2.8045255930919666e-06,0.009707493707537651,0.044333815574645996,0.32141050696372986,4,0.25,
fixed,2,4167,0.8510266542434692,5.113392035127617e-06,0.013122599571943283,0.20900321006774902,0.9202914834022522,4,0.75,
fixed,2,4168,0.5598395466804504,7.737759801784705e-07,0.010313039645552635,0.08129465579986572,0.5893848538398743,4,0.5,
fixed,2,4169,0.4516952335834503,0.04778611660003662,0.005518179386854172,0.14835095405578613,0.5228526592254639,4,0.75,
fixed,2,4170,0.324301540851593,0.0,0.014995992183685303,0.11543917655944824,0.3664312958717346,3,0.75,4.255707740783691
fixed,2,4171,0.6773290634155273,0.0,0.0014177311677485704,0.20310842990875244,0.7389704585075378,4,0.0,
fixed,2,4172,0.6641616821289062,0.0,0.004254654515534639,0.09928953647613525,0.6960758566856384,4,0.25,
fixed,2,4173,0.7617260217666626,0.0,0.025547891855239868,0.0895528793334961,0.801365852355957,4,0.5,
fixed,2,4174,0.1982412040233612,0.0,0.0065072039142251015,0.10652339458465576,0.23345182836055756,4,0.25,
fixed,2,4175,0.538084864616394,0.030018266290426254,0.010562274605035782,0.1669316291809082,0.6084546446800232,4,0.75,0.7917523384094238
fixed,2,4176,0.6459083557128906,0.0,0.019987517967820168,0.06272804737091064,0.6747205257415771,4,0.5,
fixed,2,4177,0.4070644974708557,0.014108395203948021,0.01363926287740469,0.33875536918640137,0.5225649476051331,4,1.0,
fixed,2,4178,0.38441023230552673,0.0,0.01265620719641447,0.0663139820098877,0.41063252091407776,4,0.5,
fixed,2,4179,0.28206729888916016,0.0,0.010339159518480301,0.4060180187225342,0.4090422987937927,4,0.25,
fixed,2,4180,0.4073006808757782,0.0,0.010710298083722591,0.023754477500915527,0.4197821617126465,4,0.25,2.918693780899048
fixed,2,4181,0.6057645678520203,0.03310321271419525,0.0006131369154900312,0.05430948734283447,0.6389155983924866,4,0.5,
fixed,2,4182,0.7106655836105347,0.0,0.0207869540899992,0.05796003341674805,0.7384470701217651,4,0.5,
fixed,2,4183,0.5455989241600037,0.0,0.00933600589632988,0.09077012538909912,0.5774979591369629,4,0.25,
fixed,2,4184,0.579508900642395,0.0,0.02942339889705181,0.04799759387969971,0.6086198687553406,4,0.5,
fixed,2,4185,0.3210282623767853,0.0,0.0011556076351553202,0.3256051540374756,0.41928762197494507,4,0.0,1.6071125268936157
fixed,2,4186,0.4683762788772583,0.0,0.019651394337415695,0.038825154304504395,0.4898495078086853,4,0.5,
fixed,2,4187,0.448226660490036,0.04679066687822342,0.0036964903119951487,0.03141462802886963,0.482894629240036,4,0.5,
fixed,2,4188,0.7175105810165405,0.0,0.0008197598508559167,0.3765174150466919,0.8308756947517395,4,0.0,
fixed,2,4189,0.33785155415534973,0.0,0.015454640612006187,0.09434771537780762,0.3738831877708435,4,0.25,
fixed,2,4190,0.6274567246437073,0.030381660908460617,0.007783625740557909,0.11505532264709473,0.6810559630393982,4,0.75,4.3672261238098145
fixed,2,4191,0.2853928506374359,0.0,0.026484593749046326,0.14168119430541992,0.3411394953727722,4,0.75,
fixed,2,4192,0.6912605166435242,0.0,0.00021598479361273348,0.39125895500183105,0.8087462186813354,4,0.0,
fixed,2,4193,0.8990492820739746,0.0,0.00017815078899729997,0.3880730867385864,1.015560269355774,4,0.0,
fixed,2,4194,1.1185505390167236,0.0,0.042258188128471375,0.25437307357788086,1.215991497039795,4,1.0,
fixed,2,4195,0.6491073966026306,0.0,0.012394122779369354,0.028217077255249023,0.6637696027755737,4,0.25,3.062652826309204
fixed,2,4196,0.3278321325778961,7.914878352721644e-08,0.00999750941991806,0.1011655330657959,0.36318057775497437,4,0.25,
fixed,2,4197,0.2926631569862366,3.531897974085041e-08,0.01625204086303711,0.051349639892578125,0.316194087266922,4,0.5,
fixed,2,4198,0.7658115029335022,2.135607701347908e-06,0.03572339564561844,0.09658145904541016,0.8126487135887146,4,0.75,
fixed,2,4199,0.2659241557121277,1.1545805023160938e-07,0.018057789653539658,0.04029202461242676,0.28704071044921875,4,0.5,
fixed,2,4200,0.8543866872787476,0.010100415907800198,0.03244171291589737,0.1835496425628662,0.9307226538658142,4,1.0,5.185446262359619
fixed,2,4201,0.8188053965568542,3.733116216153576e-07,0.04173489660024643,0.09067845344543457,0.8668765425682068,4,0.75,
fixed,2,4202,0.5649946928024292,1.940050788107328e-05,0.017355868592858315,0.03884744644165039,0.5853365659713745,4,0.25,
fixed,2,4203,0.4207727909088135,0.00874412339180708,0.02051742561161518,0.07033193111419678,0.45650315284729004,4,0.75,
fixed,2,4204,0.3438365161418915,0.037123508751392365,0.011998205445706844,0.08252608776092529,0.39315521717071533,4,0.75,
fixed,2,4205,0.6707941293716431,0.0,0.0404188372194767,0.2561150789260864,0.7678380608558655,4,1.0,8.907835960388184
fixed,2,4206,1.156578779220581,3.297662260592915e-05,0.02823125571012497,0.04098629951477051,1.183006763458252,4,0.5,
fixed,2,4207,0.388407826423645,0.023343544453382492,0.016770102083683014,0.1096951961517334,0.44137319922447205,4,0.75,
fixed,2,4208,0.6048280000686646,0.0,0.056474290788173676,0.18035197257995605,0.6871707439422607,4,0.75,
fixed,2,4209,0.935142457485199,0.00017121208657044917,0.009387737140059471,0.07263672351837158,0.9617129564285278,4,0.25,
fixed,2,4210,1.431270956993103,4.448135769052897e-06,0.019835837185382843,0.038373589515686035,1.4527032375335693,4,0.5,4.633086204528809
fixed,2,4211,0.6993030905723572,4.6523396122211125e-06,0.025731690227985382,0.1090928316116333,0.7448990941047668,4,0.75,
fixed,2,4212,0.4006812870502472,2.1021537577325944e-07,0.03426666185259819,0.05159342288970947,0.4332927465438843,4,0.5,
fixed,2,4213,0.3067548871040344,0.006760516669601202,0.01983332261443138,0.06679654121398926,0.3400907814502716,4,0.5,
fixed,2,4214,0.5773232579231262,0.0,0.029023874551057816,0.053028106689453125,0.6077436208724976,4,0.5,
fixed,2,4215,0.5473660230636597,0.018967514857649803,0.025104355067014694,0.09469270706176758,0.5978097915649414,4,0.75,1.3974477052688599
fixed,2,4216,1.1573303937911987,0.00012097030412405729,0.007237594109028578,0.0734548568725586,1.1830461025238037,4,0.25,
fixed,2,4217,0.6877959966659546,0.013357817195355892,0.008679713122546673,0.057924628257751465,0.7161921262741089,4,0.5,
fixed,2,4218,0.4567423164844513,0.0,0.01415546890348196,0.05113792419433594,0.47916144132614136,4,0.5,
fixed,2,4219,0.41991642117500305,0.016644040122628212,0.028470339253544807,0.224462628364563,0.5098124146461487,4,1.0,
fixed,2,4220,0.4226129949092865,0.011319016106426716,0.0087561821565032,0.05882441997528076,0.45029792189598083,4,0.5,1.247009038925171
fixed,2,4221,0.34366974234580994,0.022636529058218002,0.009208672679960728,0.05435514450073242,0.37589889764785767,4,0.5,
fixed,2,4222,0.87184077501297,0.020468655973672867,0.015030807815492153,0.11095309257507324,0.9228764176368713,4,0.75,
fixed,2,4223,0.601848304271698,0.0,0.01707032136619091,0.14570152759552002,0.6540939211845398,4,0.25,
fixed,2,4224,0.22043654322624207,0.0,0.024266570806503296,0.11174845695495605,0.2660943567752838,4,0.75,
fixed,2,4225,0.4688240885734558,0.0,0.002682673977687955,0.22942352294921875,0.5389924645423889,4,0.0,1.596534013748169
fixed,2,4226,0.3735108971595764,0.0,0.01945319212973118,0.05982685089111328,0.401185542345047,4,0.5,
fixed,2,4227,0.5397799015045166,0.0,0.018350623548030853,0.0708916187286377,0.5702226758003235,4,0.5,
fixed,2,4228,0.584715723991394,0.0,0.03482038527727127,0.026285529136657715,0.6100115776062012,4,0.5,
fixed,2,4229,0.41469916701316833,0.005893419496715069,0.024791305884718895,0.07748687267303467,0.45328760147094727,4,0.5,
fixed,2,4230,0.18459442257881165,0.0,0.05486070364713669,0.08591413497924805,0.2377990186214447,4,0.5,9.032821655273438
fixed,2,4231,0.3741500973701477,0.0,0.006623048800975084,0.1346491575241089,0.417856365442276,4,0.25,
fixed,2,4232,0.43171852827072144,0.0,0.041570134460926056,0.25297069549560547,0.5283948183059692,4,1.0,
fixed,2,4233,0.3919181823730469,0.0,0.005270090885460377,0.13673019409179688,0.4355722963809967,4,0.25,
fixed,2,4234,0.656019389629364,0.00973296444863081,0.019842185080051422,0.09121453762054443,0.6981713175773621,4,0.75,
fixed,2,4235,0.2419203519821167,0.0,0.010877718217670918,0.044913291931152344,0.260833203792572,4,0.25,2.860244035720825
fixed,2,4236,0.534960150718689,0.0,0.01033026073127985,0.07430195808410645,0.5624158382415771,4,0.5,
fixed,2,4237,0.4843335449695587,0.0,0.008780603297054768,0.06046152114868164,0.5068622827529907,4,0.5,
fixed,2,4238,0.5123986005783081,0.015344482846558094,0.006456892006099224,0.040116310119628906,0.5353341698646545,4,0.5,
fixed,2,4239,0.5818906426429749,0.0,0.012427005916833878,0.1880195140838623,0.64451003074646,4,0.75,
fixed,2,4240,0.4589806795120239,0.011082506738603115,0.00405866838991642,0.08404994010925293,0.4917662441730499,4,0.5,1.761534571647644
fixed,2,4241,0.6753758192062378,0.0,0.028073865920305252,0.13810467720031738,0.7308441400527954,4,0.75,
fixed,2,4242,0.32957977056503296,0.0,0.009696035645902157,0.0747298002243042,0.35684671998023987,4,0.5,
fixed,2,4243,0.2909894585609436,0.0,0.012017675675451756,0.1953270435333252,0.3555964231491089,4,0.75,
fixed,2,4244,0.6512768864631653,0.0,0.014802084304392338,0.18754100799560547,0.7149402499198914,4,0.25,
fixed,2,4245,0.83657306432724,0.0,0.016657564789056778,0.18991267681121826,0.9018756747245789,4,0.25,3.6546823978424072
fixed,2,4246,0.6132093071937561,0.0,0.0068407501094043255,0.07575321197509766,0.6393556594848633,4,0.5,
fixed,2,4247,0.38660579919815063,0.0,0.009604159742593765,0.0586165189743042,0.40899282693862915,4,0.5,
fixed,2,4248,0.837870180606842,0.0,0.005176502279937267,0.02771937847137451,0.848774254322052,4,0.25,
fixed,2,4249,0.14212925732135773,0.0,0.004027857910841703,0.026898980140686035,0.15221288800239563,4,0.25,
fixed,2,4250,0.6780670285224915,0.0,0.004163356497883797,0.1143946647644043,0.7144671082496643,4,0.25,1.6604535579681396
fixed,2,4251,0.27313387393951416,0.0,0.00545327365398407,0.03288078308105469,0.2857247591018677,4,0.25,
fixed,2,4252,0.370971143245697,0.0,0.007309474982321262,0.09300684928894043,0.40252792835235596,4,0.5,
fixed,2,4253,0.7620222568511963,0.0,0.006039123982191086,0.07328140735626221,0.7870262265205383,4,0.5,
fixed,2,4254,0.5924059748649597,0.0,0.008952882140874863,0.13943743705749512,0.6387136578559875,4,0.25,
fixed,2,4255,0.4570409059524536,0.023174915462732315,0.0008602085872553289,0.11837828159332275,0.5045719742774963,4,0.25,3.803724765777588
fixed,2,4256,0.98752760887146,0.03994445130228996,0.0022457330487668514,0.07844972610473633,1.0321576595306396,4,0.5,
fixed,2,4257,0.6739711761474609,0.0,0.011348184198141098,0.07528090476989746,0.7022295594215393,4,0.5,
fixed,2,4258,0.44625991582870483,0.0,0.004270683508366346,0.08362817764282227,0.47348371148109436,4,0.5,
fixed,2,4259,0.3313257396221161,0.0,0.00805045198649168,0.23705613613128662,0.4064677953720093,4,0.75,
fixed,2,4260,0.6745384335517883,0.04149467498064041,0.004288753494620323,0.4471778869628906,0.8315834999084473,4,0.75,2.188117265701294
fixed,2,4261,0.7575167417526245,0.03716319426894188,0.007833764888346195,0.5588165521621704,0.9476602077484131,4,1.0,
fixed,2,4262,0.44884949922561646,0.0,0.003588232444599271,0.25448060035705566,0.5269877910614014,4,0.0,
fixed,2,4263,0.8304151892662048,0.0,0.010157875716686249,0.07848680019378662,0.8590401411056519,4,0.5,
fixed,2,4264,0.467155396938324,0.028443366289138794,0.005253626964986324,0.051908254623413086,0.4995763599872589,4,0.5,
fixed,2,4265,0.1494264006614685,0.0,0.01845415309071541,0.11738264560699463,0.19386827945709229,4,0.75,5.124928951263428
fixed,2,4266,0.8955069780349731,0.025221729651093483,0.01643586903810501,0.35854315757751465,1.023898720741272,4,1.0,
fixed,2,4267,0.8687528967857361,0.015540394932031631,0.00719166686758399,0.058559536933898926,0.897686779499054,4,0.5,
fixed,2,4268,0.13990084826946259,0.0,0.021017054095864296,0.045135498046875,0.16395002603530884,4,0.5,
fixed,2,4269,0.6525694727897644,0.0,0.009288069792091846,0.16222238540649414,0.7058802247047424,4,0.25,
fixed,2,4270,0.4873806834220886,0.005671733990311623,0.027331683784723282,0.03296828269958496,0.5137729048728943,4,0.5,4.148314476013184
fixed,2,4271,0.3856530785560608,0.010816775262355804,0.013795382343232632,0.07277917861938477,0.41979292035102844,4,0.5,
fixed,2,4272,0.6021513938903809,0.0,0.05294887349009514,0.11257767677307129,0.6623991131782532,4,0.25,
fixed,2,4273,0.40100380778312683,0.0,0.05408276617527008,0.15839135646820068,0.47556260228157043,4,1.0,
fixed,2,4274,0.472550630569458,0.0,0.029105082154273987,0.05360591411590576,0.503184974193573,4,0.5,
fixed,2,4275,0.48307621479034424,0.0,0.023037025704979897,0.18793749809265137,0.5509759783744812,4,0.25,3.685666561126709
fixed,2,4276,0.15899363160133362,0.0,0.01991172507405281,0.06739628314971924,0.18916837871074677,4,0.25,
fixed,2,4277,0.47081178426742554,0.0,0.0141224330291152,0.147308349609375,0.5220655202865601,4,0.25,
fixed,2,4278,0.6205840706825256,0.0,0.025365499779582024,0.03454756736755371,0.643631100654602,4,0.5,
fixed,2,4279,0.4468906819820404,0.0,0.014031429775059223,0.1457839012145996,0.49764156341552734,4,0.25,
fixed,2,4280,0.5681486129760742,0.0,0.010828940197825432,0.04221701622009277,0.5862281918525696,4,0.25,2.924211025238037
fixed,2,4281,0.08360985666513443,0.0,0.018793046474456787,0.03977012634277344,0.10493741929531097,4,0.5,
fixed,2,4282,0.9192289113998413,0.0,0.02682938240468502,0.11922621726989746,0.9684114456176758,4,0.75,
fixed,2,4283,0.4726381301879883,0.0,0.009109732694923878,0.1202850341796875,0.5132784843444824,4,0.25,
fixed,2,4284,0.6464196443557739,0.0,0.009930813685059547,0.07756638526916504,0.6746549606323242,4,0.5,
fixed,2,4285,0.4859657287597656,0.0,0.008256878703832626,0.08012402057647705,0.5141313672065735,4,0.5,2.5070862770080566
fixed,2,4286,0.19839461147785187,0.0,0.019241126254200935,0.4535348415374756,0.34407562017440796,4,1.0,
fixed,2,4287,0.47622984647750854,0.020930783823132515,0.006640600506216288,0.19342052936553955,0.5480417013168335,4,0.75,
fixed,2,4288,0.8482086062431335,0.0,0.010747348889708519,0.07583403587341309,0.8763325214385986,4,0.5,
fixed,2,4289,1.4364815950393677,0.0,0.013566798530519009,0.2090517282485962,1.5059804916381836,4,0.75,
fixed,2,4290,0.7198313474655151,0.020125633105635643,0.0077680922113358974,0.17293334007263184,0.7856582403182983,4,0.75,1.856073021888733
fixed,2,4291,0.601723849773407,0.0,0.00982679333537817,0.2257598638534546,0.674365222454071,4,0.75,
fixed,2,4292,1.720855474472046,0.06445037573575974,0.014192439615726471,0.3918137550354004,1.8777210712432861,4,1.0,
fixed,2,4293,0.5955339670181274,0.0,0.0149630606174469,0.05253899097442627,0.6187772154808044,4,0.5,
fixed,2,4294,0.15366296470165253,0.0,0.016404299065470695,0.2590153217315674,0.23956972360610962,4,0.5,
fixed,2,4295,0.6074117422103882,0.0,0.018716923892498016,0.0583348274230957,0.6342706680297852,4,0.5,4.381009578704834
fixed,2,4296,0.7071329951286316,0.0,0.017831001430749893,0.04252016544342041,0.7288045287132263,4,0.5,
fixed,2,4297,0.5639320611953735,0.0,0.00288212182931602,0.24677550792694092,0.6394057869911194,4,0.0,
fixed,2,4298,0.6149694919586182,0.0,0.019749313592910767,0.048502206802368164,0.6393948197364807,4,0.5,
fixed,2,4299,1.0658152103424072,0.022852158173918724,0.025626258924603462,0.06367325782775879,1.1091563701629639,4,0.5,
fixed,2,4300,0.6009051203727722,0.0,0.036859989166259766,0.2561081647872925,0.6961675882339478,4,1.0,8.365942001342773
fixed,2,4301,0.49161484837532043,0.0,0.035932376980781555,0.24221503734588623,0.5822455286979675,4,0.0,
fixed,2,4302,0.7519673705101013,0.0,0.021810254082083702,0.03947091102600098,0.7747137546539307,4,0.5,
fixed,2,4303,0.818557858467102,0.0,0.010499234311282635,0.10959053039550781,0.8566846251487732,4,0.25,
fixed,2,4304,0.4135761260986328,0.0,0.03593592345714569,0.07349097728729248,0.45359137654304504,4,0.75,
fixed,2,4305,0.1936943233013153,0.0,0.01016269437968731,0.12127423286437988,0.23515793681144714,4,0.25,2.4457061290740967
fixed,2,4306,0.30230581760406494,0.024199355393648148,0.00961107388138771,0.04998505115509033,0.33420655131340027,4,0.5,
fixed,2,4307,0.473692387342453,0.024128790944814682,0.014582467265427113,0.10862350463867188,0.5256350636482239,4,0.75,
fixed,2,4308,0.4454483091831207,0.01678694598376751,0.00024870753986760974,0.07873523235321045,0.4775867164134979,4,0.5,
fixed,2,4309,0.7779048681259155,0.0,0.027826858684420586,0.09150707721710205,0.8192704319953918,4,0.75,
fixed,2,4310,0.4573732614517212,0.0,0.025435997173190117,0.10793089866638184,0.5024705529212952,4,0.75,6.02897834777832
fixed,2,4311,0.3928995430469513,0.0,0.04430875554680824,0.2165471315383911,0.48001807928085327,4,1.0,
fixed,2,4312,0.6684719324111938,0.0,0.03626590222120285,0.08680212497711182,0.7126455307006836,4,0.75,
fixed,2,4313,0.23541471362113953,0.0,0.02084627002477646,0.039879560470581055,0.25780171155929565,4,0.5,
fixed,2,4314,0.5466148853302002,0.006787775084376335,0.02857915312051773,0.06166243553161621,0.5827970504760742,4,0.75,
fixed,2,4315,0.602033257484436,0.0,0.01911381632089615,0.05170273780822754,0.6271010041236877,4,0.5,4.2533979415893555
fixed,2,4316,0.8601266145706177,0.0,0.04588383436203003,0.20856750011444092,0.9456387758255005,4,1.0,
fixed,2,4317,0.45777785778045654,0.0,0.018488595262169838,0.04979348182678223,0.4819602072238922,4,0.5,
fixed,2,4318,0.5128602981567383,0.0,0.03700435906648636,0.08993792533874512,0.5583438873291016,4,0.75,
fixed,2,4319,0.4228323698043823,0.02288108691573143,0.046122029423713684,0.1058201789855957,0.4890799820423126,4,1.0,
fixed,2,4320,0.8882685303688049,0.0,0.007423073053359985,0.14962530136108398,0.9368676543235779,4,0.25,1.853326678276062
fixed,2,4321,0.47027331590652466,0.0,0.005363247357308865,0.24697840213775635,0.5470484495162964,4,0.0,
fixed,2,4322,0.4233885407447815,0.02682255394756794,0.009032394737005234,0.07178449630737305,0.4628513753414154,4,0.5,
fixed,2,4323,0.477203369140625,0.0,0.01699655130505562,0.07570219039916992,0.5084123015403748,4,0.25,
fixed,2,4324,0.5836504101753235,0.01259615644812584,0.019461045041680336,0.10891389846801758,0.6323531866073608,4,0.75,
fixed,2,4325,0.22757786512374878,0.0,0.02461053989827633,0.3729524612426758,0.3517688810825348,4,1.0,6.812323570251465
fixed,2,4326,0.7532386183738708,0.0,0.0006300569511950016,0.4379289746284485,0.8849323391914368,4,0.0,
fixed,2,4327,0.38906484842300415,0.013223824091255665,0.005883057601749897,0.08090806007385254,0.42289072275161743,4,0.5,
fixed,2,4328,0.43006521463394165,0.0,0.04018590226769447,0.09355318546295166,0.47822412848472595,4,0.5,
fixed,2,4329,0.7377570867538452,0.022100117057561874,0.005944357253611088,0.056996941566467285,0.7688784003257751,4,0.5,
fixed,2,4330,0.5536684989929199,0.0,0.013344744220376015,0.04475855827331543,0.5737684369087219,4,0.5,3.425018072128296
fixed,2,4331,0.390203595161438,0.0,0.016649385914206505,0.14539039134979248,0.4421454071998596,4,0.25,
fixed,2,4332,0.6369614601135254,0.0,0.0316811203956604,0.09546291828155518,0.6814408898353577,4,0.75,
fixed,2,4333,0.3980429768562317,0.0,0.018059641122817993,0.1520228385925293,0.4526796340942383,4,0.75,
fixed,2,4334,0.23063163459300995,0.0,0.010962540283799171,0.048461198806762695,0.2506512701511383,4,0.5,
fixed,2,4335,0.546045184135437,0.0,0.02105734311044216,0.1281728744506836,0.5950257182121277,4,0.75,5.261909008026123
fixed,2,4336,0.43988877534866333,0.0,0.02242858335375786,0.04309391975402832,0.46403124928474426,4,0.5,
fixed,2,4337,0.8301293849945068,0.0,0.006680500227957964,0.028025507926940918,0.841877281665802,4,0.25,
fixed,2,4338,0.2548106014728546,0.01917855441570282,0.008778470568358898,0.042946815490722656,0.2816731631755829,4,0.5,
fixed,2,4339,0.6092616319656372,0.0,0.006973776035010815,0.0951164960861206,0.6412834525108337,4,0.25,
fixed,2,4340,0.48046785593032837,0.0,0.012369642034173012,0.05115461349487305,0.5019990801811218,4,0.5,3.3059592247009277
fixed,2,4341,0.48851463198661804,0.0,0.00962036196142435,0.07895112037658691,0.5170101523399353,4,0.5,
fixed,2,4342,0.5222565531730652,0.0,0.005374528467655182,0.029457688331604004,0.533781111240387,4,0.25,
fixed,2,4343,0.6251358985900879,0.03516094386577606,0.02259373664855957,0.374301552772522,0.7663037180900574,4,1.0,
fixed,2,4344,0.4736197888851166,0.02073320932686329,0.01335572637617588,0.07069158554077148,0.5118717551231384,4,0.5,
fixed,2,4345,0.8098177313804626,0.0,0.009045029990375042,0.07491469383239746,0.8368146419525146,4,0.5,2.699784994125366
fixed,2,4346,0.5157018899917603,0.0,0.004162887576967478,0.12467503547668457,0.555185854434967,4,0.25,
fixed,2,4347,0.3916441798210144,0.0,0.011786657385528088,0.08927655220031738,0.4243204593658447,4,0.5,
fixed,2,4348,0.3052603304386139,0.0,0.005768518894910812,0.03612089157104492,0.318980872631073,4,0.25,
fixed,2,4349,0.29245248436927795,0.0,0.00985352136194706,0.07205188274383545,0.31899482011795044,4,0.5,
fixed,2,4350,0.3582420349121094,0.0,0.009897834621369839,0.07849955558776855,0.3867408335208893,4,0.5,3.0124034881591797
fixed,2,4351,0.5149673819541931,0.029896829277276993,0.009367280639708042,0.16397178173065186,0.5837909579277039,4,0.75,
fixed,2,4352,0.7491182088851929,0.0,0.017174195498228073,0.16550767421722412,0.8073576092720032,4,0.75,
fixed,2,4353,0.4478587508201599,0.0,0.008692384697496891,0.07318925857543945,0.47416171431541443,4,0.5,
fixed,2,4354,1.063317060470581,0.0,0.016131283715367317,0.15481281280517578,1.1178265810012817,4,0.75,
fixed,2,4355,0.6618834137916565,0.0,0.01404564455151558,0.07752442359924316,0.6921635866165161,4,0.5,3.623903274536133
fixed,2,4356,0.31417161226272583,0.0,0.0067881434224545956,0.14351177215576172,0.3606192171573639,4,0.25,
fixed,2,4357,0.9027856588363647,0.0,0.006536893080919981,0.12501144409179688,0.9435575604438782,4,0.25,
fixed,2,4358,0.4899383783340454,0.0,0.0068813893012702465,0.13558077812194824,0.5340533256530762,4,0.25,
fixed,2,4359,0.22689801454544067,0.013773963786661625,0.0011073704808950424,0.1843256950378418,0.28963637351989746,4,0.25,
fixed,2,4360,1.13583505153656,0.015486029908061028,0.016314620152115822,0.028336763381958008,1.1602363586425781,4,0.5,1.0538711547851562
fixed,2,4361,0.31714510917663574,0.0,0.014654956758022308,0.0553973913192749,0.3410918116569519,4,0.5,
fixed,2,4362,0.8838455080986023,0.0,0.016756819561123848,0.12841582298278809,0.9307486414909363,4,0.25,
fixed,2,4363,0.636604368686676,0.0,0.009967232123017311,0.03400766849517822,0.6517902612686157,4,0.5,
fixed,2,4364,0.2524712085723877,0.0,0.010993661358952522,0.07417953014373779,0.2802219092845917,4,0.5,
fixed,2,4365,0.24898670613765717,0.0,0.015027317218482494,0.14882636070251465,0.30114826560020447,4,0.75,4.24722957611084
fixed,2,4366,0.573598325252533,0.0,0.01027466356754303,0.06195998191833496,0.5973236560821533,4,0.5,
fixed,2,4367,0.49519553780555725,0.0,0.008622555062174797,0.06656253337860107,0.5194755792617798,4,0.5,
fixed,2,4368,0.6233266592025757,0.03377110883593559,0.0016288973856717348,0.03858447074890137,0.6526020169258118,4,0.25,
fixed,2,4369,0.4182601869106293,0.0,0.011719299480319023,0.0596388578414917,0.4420115053653717,4,0.5,
fixed,2,4370,0.7834556698799133,0.0,0.0052438462153077126,0.13387906551361084,0.8262413144111633,4,0.25,1.6382911205291748
fixed,2,4371,0.7230647802352905,0.0,0.011634177528321743,0.27865803241729736,0.8124792575836182,4,0.5,
fixed,2,4372,0.5366567969322205,0.0,0.00562138669192791,0.24775159358978271,0.6137929558753967,4,0.0,
fixed,2,4373,1.0020358562469482,0.0,0.004161977209150791,0.22846174240112305,1.0726553201675415,4,0.0,
fixed,2,4374,0.26798585057258606,0.02119392715394497,0.008985336869955063,0.4603450894355774,0.42117899656295776,4,1.0,
fixed,2,4375,0.46084150671958923,0.0,0.0034297830425202847,0.16451382637023926,0.5119105577468872,4,0.25,1.289106011390686
fixed,2,4376,1.1381915807724,0.0,0.012976981699466705,0.33200061321258545,1.244280219078064,4,0.75,
fixed,2,4377,0.3265741765499115,0.020762262865900993,0.015951404348015785,0.19165217876434326,0.40242666006088257,4,0.75,
fixed,2,4378,0.08043625950813293,0.0,0.007664716802537441,0.03826940059661865,0.09574943780899048,4,0.25,
fixed,2,4379,0.4429745078086853,0.0,0.02681952528655529,0.09768939018249512,0.485691100358963,4,0.5,
fixed,2,4380,0.5166151523590088,0.03293994441628456,0.021444909274578094,0.3597745895385742,0.6517399549484253,4,1.0,2.2305431365966797
fixed,2,4381,0.5092064738273621,0.0,0.01323455385863781,0.08369970321655273,0.5409336686134338,4,0.5,
fixed,2,4382,0.6707532405853271,0.0,0.023547174409031868,0.24858951568603516,0.757103681564331,4,0.25,
fixed,2,4383,0.3188149034976959,0.0,0.02361607737839222,0.13100194931030273,0.36992353200912476,4,0.75,
fixed,2,4384,0.39557474851608276,0.0,0.0092519735917449,0.16396796703338623,0.44939112663269043,4,0.25,
fixed,2,4385,0.628219485282898,0.0,0.017056826502084732,0.07582378387451172,0.6594950556755066,4,0.25,5.17897367477417
fixed,2,4386,0.8360541462898254,0.04119384288787842,0.010793696157634258,0.0829622745513916,0.886936604976654,4,0.75,
fixed,2,4387,0.5766770243644714,0.0,0.04188693314790726,0.08294272422790527,0.6225032806396484,4,0.75,
fixed,2,4388,0.3318713307380676,0.0,0.01945430412888527,0.053319334983825684,0.3575942814350128,4,0.5,
fixed,2,4389,0.6759846210479736,0.0,0.03680969402194023,0.06489419937133789,0.7138577103614807,4,0.5,
fixed,2,4390,0.9265291690826416,0.023495988920331,0.014901897870004177,0.04890942573547363,0.9604009389877319,4,0.5,1.4606131315231323
fixed,2,4391,0.8173088431358337,0.0,0.0015034015523269773,0.3508251905441284,0.9233081340789795,4,0.0,
fixed,2,4392,0.6019589304924011,0.0,0.011163855902850628,0.11425065994262695,0.6418160796165466,4,0.25,
fixed,2,4393,0.6500186920166016,0.019224055111408234,0.008377077989280224,0.03886699676513672,0.6754793524742126,4,0.5,
fixed,2,4394,0.7571653723716736,0.0,0.00966186635196209,0.093453049659729,0.7900322079658508,4,0.25,
fixed,2,4395,0.6451233625411987,0.011414782144129276,0.03132830187678337,0.05519294738769531,0.6830527782440186,4,0.75,3.15800404548645
fixed,2,4396,0.523011326789856,0.0,0.018891286104917526,0.03442966938018799,0.5427858829498291,4,0.5,
fixed,2,4397,0.5168567895889282,0.0,0.02613307721912861,0.09472870826721191,0.558341920375824,4,0.75,
fixed,2,4398,0.5961194634437561,0.010899567045271397,0.01576394960284233,0.07763433456420898,0.6327415108680725,4,0.75,
fixed,2,4399,0.7424046993255615,0.02384880930185318,0.022501328960061073,0.2978370189666748,0.8549308776855469,4,1.0,
fixed,2,4400,0.6205726265907288,0.024365033954381943,0.008080773055553436,0.028718113899230957,0.64541095495224,4,0.5,1.5396662950515747
fixed,2,4401,0.5818607807159424,4.60073670183192e-06,0.018488015979528427,0.035893797874450684,0.6018752455711365,4,0.5,
fixed,2,4402,0.6201311945915222,0.02560727670788765,0.005639201961457729,0.03498709201812744,0.6462505459785461,4,0.25,
fixed,2,4403,0.3284962475299835,3.730749043029391e-09,0.019400786608457565,0.041803836822509766,0.3507378101348877,4,0.5,
fixed,2,4404,0.5773802399635315,0.010548966005444527,0.0025812711101025343,0.08354377746582031,0.6090084910392761,4,0.25,
fixed,2,4405,0.9620988368988037,0.0,0.02191460318863392,0.05018138885498047,0.9881105422973633,4,0.5,4.661686897277832
fixed,2,4406,0.29723912477493286,0.0,0.014446627348661423,0.13927149772644043,0.34624388813972473,4,0.25,
fixed,2,4407,0.40903550386428833,0.0,0.010002044029533863,0.1235203742980957,0.4510926306247711,4,0.25,
fixed,2,4408,1.1207228899002075,0.013227250427007675,4.420593540999107e-05,0.16346096992492676,1.1763969659805298,4,0.25,
fixed,2,4409,0.38106489181518555,0.024002689868211746,0.00781832542270422,0.0749964714050293,0.419474333524704,4,0.75,
fixed,2,4410,0.5894354581832886,0.0,0.012297241017222404,0.050100088119506836,0.6106141209602356,4,0.25,3.042593479156494
fixed,2,4411,0.4057941436767578,0.0,0.035725079476833344,0.08857071399688721,0.45022791624069214,4,0.75,
fixed,2,4412,0.45136019587516785,0.0,0.014486909843981266,0.06257295608520508,0.4773755371570587,4,0.5,
fixed,2,4413,0.5881941318511963,0.012968527153134346,0.01231035590171814,0.11164557933807373,0.634327232837677,4,0.75,
fixed,2,4414,1.9590044021606445,0.0,0.009705496951937675,0.12223029136657715,2.000526189804077,4,0.25,
fixed,2,4415,0.7690172791481018,0.0,0.007410770747810602,0.10808122158050537,0.8051470518112183,4,0.25,1.9458528757095337
fixed,2,4416,0.45292535424232483,0.0,0.010550761595368385,0.06916618347167969,0.4789505898952484,4,0.5,
fixed,2,4417,0.8531381487846375,0.0,0.013960923999547958,0.059969186782836914,0.8781093955039978,4,0.5,
fixed,2,4418,0.24455340206623077,0.0,0.03393182530999184,0.10618901252746582,0.29337602853775024,4,0.75,
fixed,2,4419,0.6615955233573914,0.0,0.014387964271008968,0.045111894607543945,0.6823230981826782,4,0.5,
fixed,2,4420,0.1390586495399475,0.0,0.010963225737214088,0.06254744529724121,0.16330449283123016,4,0.5,2.9811301231384277
fixed,2,4421,0.23723597824573517,0.0,0.013454172760248184,0.04456126689910889,0.2573314309120178,4,0.5,
fixed,2,4422,1.0260751247406006,0.0,0.016061555594205856,0.12672948837280273,1.072124719619751,4,0.25,
fixed,2,4423,0.21407747268676758,0.0,0.007757014594972134,0.02686309814453125,0.2260149121284485,4,0.25,
fixed,2,4424,0.6645159721374512,0.05990846827626228,0.008676758036017418,0.4292532801628113,0.8275845646858215,4,1.0,
fixed,2,4425,0.8572133183479309,0.0,0.004084424581378698,0.08423447608947754,0.8845258951187134,4,0.25,1.4142422676086426
fixed,2,4426,0.5514933466911316,0.0,0.003618678543716669,0.07898187637329102,0.5769972801208496,4,0.25,
fixed,2,4427,0.1317058503627777,0.0,0.00048673819401301444,0.3329876661300659,0.23184552788734436,4,0.0,
fixed,2,4428,0.574622631072998,0.0,0.0081273028627038,0.056380510330200195,0.595600426197052,4,0.5,
fixed,2,4429,0.38476046919822693,0.0,0.010043829679489136,0.06010317802429199,0.40781334042549133,4,0.5,
fixed,2,4430,0.6009203195571899,0.0,0.022004034370183945,0.03611183166503906,0.6227558851242065,4,0.5,4.645833969116211
fixed,2,4431,0.3511580228805542,0.0,0.03145831450819969,0.11350667476654053,0.4009391665458679,4,0.75,
fixed,2,4432,0.6005710363388062,0.0,0.016292085871100426,0.1738947629928589,0.6608855128288269,4,0.75,
fixed,2,4433,0.7866432666778564,0.01525956578552723,0.006731731817126274,0.15372014045715332,0.8437549471855164,4,0.75,
fixed,2,4434,0.4549914300441742,0.0,0.008283673785626888,0.05685710906982422,0.47619038820266724,4,0.5,
fixed,2,4435,1.311099886894226,0.0,0.003739150706678629,0.07797384262084961,1.3363616466522217,4,0.25,1.196397066116333
fixed,2,4436,0.5875837206840515,0.0,0.007403036579489708,0.06820964813232422,0.6117481589317322,4,0.5,
fixed,2,4437,0.6162663698196411,0.0,0.005974946543574333,0.07789790630340576,0.6426231861114502,4,0.5,
fixed,2,4438,0.7904098033905029,0.0356612466275692,0.00013411427789833397,0.10150468349456787,0.8387588858604431,4,0.25,
fixed,2,4439,0.2590291500091553,0.0,0.01287184190005064,0.18529212474822998,0.3210527002811432,4,0.75,
fixed,2,4440,0.708907425403595,0.0,0.007205363363027573,0.043909311294555664,0.7256829142570496,4,0.25,2.1212830543518066
fixed,2,4441,0.6988029479980469,0.0,0.0038136327639222145,0.08311986923217773,0.7256457209587097,4,0.25,
fixed,2,4442,0.47494736313819885,0.01088622398674488,0.009581975638866425,0.11521434783935547,0.5197457671165466,4,0.75,
fixed,2,4443,0.6678565144538879,0.0,0.022858042269945145,0.3791937828063965,0.7930436730384827,4,1.0,
fixed,2,4444,0.9480659365653992,0.0,0.009588489308953285,0.053559303283691406,0.9689279794692993,4,0.5,
fixed,2,4445,0.7624196410179138,0.024919388815760612,0.0054411254823207855,0.04790306091308594,0.7919707894325256,4,0.5,2.0961110591888428
fixed,2,4446,0.5864295363426208,0.0,0.014758196659386158,0.05641627311706543,0.6107335090637207,4,0.5,
fixed,2,4447,0.5099794268608093,0.0,0.02935434691607952,0.08150744438171387,0.5491088628768921,4,0.75,
fixed,2,4448,0.3449957072734833,0.027379287406802177,0.006558671593666077,0.04528021812438965,0.37554875016212463,4,0.5,
fixed,2,4449,0.45578932762145996,0.0,0.04436624422669411,0.07495832443237305,0.5004599690437317,4,0.75,
fixed,2,4450,0.4003015160560608,0.0,0.021444465965032578,0.0507965087890625,0.4262627065181732,4,0.5,4.574922561645508
fixed,2,4451,0.9133380055427551,0.0,0.006739637814462185,0.2731447219848633,0.9986512660980225,4,0.0,
fixed,2,4452,0.6835393905639648,0.0,0.014547144994139671,0.054117679595947266,0.7070482969284058,4,0.5,
fixed,2,4453,0.8546059727668762,0.0,0.0254997406154871,0.05637681484222412,0.8842688798904419,4,0.5,
fixed,2,4454,0.2826048731803894,0.0,0.02689402736723423,0.03421378135681152,0.3063160181045532,4,0.5,
fixed,2,4455,0.5307762026786804,0.0,0.028595896437764168,0.1857057809829712,0.6007859110832214,4,0.75,6.313724994659424
fixed,2,4456,0.506097674369812,0.0,0.01716427132487297,0.13828718662261963,0.5561659932136536,4,0.75,
fixed,2,4457,1.172492265701294,0.0,0.009375746361911297,0.04803466796875,1.1915905475616455,4,0.25,
fixed,2,4458,0.4774407744407654,0.0,0.011219765059649944,0.07912266254425049,0.5067874789237976,4,0.5,
fixed,2,4459,0.7039884924888611,0.011463646776974201,0.00503778550773859,0.09363758563995361,0.7403304576873779,4,0.5,
fixed,2,4460,0.39205726981163025,0.0,0.01772298850119114,0.0844961404800415,0.4262676239013672,4,0.5,4.098419666290283
fixed,2,4461,0.22036448121070862,0.0,0.02656441368162632,0.03860032558441162,0.24522678554058075,4,0.5,
fixed,2,4462,0.7071035504341125,0.0,0.0038513420149683952,0.15770721435546875,0.7563413977622986,4,0.25,
fixed,2,4463,0.5735438466072083,0.014048987999558449,0.005199846811592579,0.04372739791870117,0.5962864756584167,4,0.5,
fixed,2,4464,0.8606967926025391,0.0,0.004378021694719791,0.14939546585083008,0.9077044725418091,4,0.25,
fixed,2,4465,0.5175684094429016,0.0,0.01018043328076601,0.0789945125579834,0.5463569760322571,4,0.5,2.8157966136932373
fixed,2,4466,0.764508068561554,0.0,0.005583546124398708,0.13531124591827393,0.8078932166099548,4,0.25,
fixed,2,4467,0.4780904948711395,0.0,0.0245171170681715,0.14166569709777832,0.5328487753868103,4,0.75,
fixed,2,4468,0.5744953751564026,0.0,0.01053354050964117,0.21036243438720703,0.6428709030151367,4,0.75,
fixed,2,4469,0.5189344882965088,0.0,0.018385887145996094,0.2825435400009155,0.6128904819488525,4,0.75,
fixed,2,4470,0.2576441764831543,0.0,0.009855897165834904,0.590253472328186,0.4396481513977051,4,1.0,3.459735870361328
fixed,2,4471,0.5122247338294983,0.013139446265995502,0.012081426568329334,0.05592846870422363,0.5416136980056763,4,0.5,
fixed,2,4472,0.4146023392677307,0.0,0.012694299221038818,0.17645049095153809,0.473884642124176,4,0.75,
fixed,2,4473,0.2594406008720398,0.012384285219013691,0.009854071773588657,0.35854196548461914,0.37812238931655884,4,1.0,
fixed,2,4474,0.5345008969306946,0.0,0.005739598069339991,0.07092154026031494,0.5586471557617188,4,0.25,
fixed,2,4475,0.6582913994789124,0.0,0.005577380303293467,0.060785531997680664,0.6793157458305359,4,0.25,2.0561742782592773
fixed,2,4476,0.3419108986854553,0.0,0.013802691362798214,0.15542280673980713,0.395439088344574,4,0.75,
fixed,2,4477,0.8373889923095703,0.0,0.036642953753471375,0.2685885429382324,0.9362870454788208,4,1.0,
fixed,2,4478,0.9426705241203308,0.0,0.014491880312561989,0.027082204818725586,0.9580411314964294,4,0.5,
fixed,2,4479,0.9487667679786682,0.0,0.021932674571871758,0.12985384464263916,0.9986892342567444,4,0.25,
fixed,2,4480,0.8888752460479736,0.0,0.010805362835526466,0.052365660667419434,0.9099876284599304,4,0.25,2.673447370529175
fixed,2,4481,0.8957421779632568,0.0,0.0005677706794813275,0.3366873264312744,0.9970322847366333,4,0.0,
fixed,2,4482,0.4673369228839874,0.026895785704255104,0.009932045824825764,0.05474042892456055,0.5021729469299316,4,0.5,
fixed,2,4483,0.662675142288208,0.0,0.009891659021377563,0.10647356510162354,0.6995630264282227,4,0.25,
fixed,2,4484,0.26675498485565186,0.0,0.019118715077638626,0.06109476089477539,0.29464277625083923,4,0.5,
fixed,2,4485,0.6734939813613892,0.0,0.015338558703660965,0.0620502233505249,0.6997783184051514,4,0.5,3.853637456893921
fixed,2,4486,0.21640163660049438,0.0,0.00022326964244712144,0.43684566020965576,0.34756696224212646,4,0.0,
fixed,2,4487,0.5273777842521667,0.008648650720715523,0.0059177386574447155,0.07581281661987305,0.5574048161506653,4,0.5,
fixed,2,4488,0.6547236442565918,0.0,0.0063525838777422905,0.13023877143859863,0.696971595287323,4,0.25,
fixed,2,4489,1.0234335660934448,0.0,0.005233508534729481,0.10409736633300781,1.0572795867919922,4,0.25,
fixed,2,4490,0.5817331671714783,0.0,0.010492173954844475,0.06007421016693115,0.6050015091896057,4,0.5,3.0839602947235107
fixed,2,4491,0.5072952508926392,0.0,0.008635751903057098,0.06832289695739746,0.5321099758148193,4,0.5,
fixed,2,4492,0.42249804735183716,0.0,0.0050377207808196545,0.10165166854858398,0.4555124044418335,4,0.25,
fixed,2,4493,0.6923704147338867,0.0,0.002865452319383621,0.0678790807723999,0.7141668796539307,4,0.25,
fixed,2,4494,0.6802775263786316,0.0,0.013709662482142448,0.05279803276062012,0.7029717564582825,4,0.25,
fixed,2,4495,0.4603021442890167,0.0360557995736599,0.008982449769973755,0.19748187065124512,0.5420658588409424,4,0.75,1.2866182327270508
fixed,2,4496,0.45373111963272095,0.0,0.004259341396391392,0.03070688247680664,0.4650728702545166,4,0.25,
fixed,2,4497,0.4431200623512268,0.0,0.003207943169400096,0.05655479431152344,0.4616904854774475,4,0.25,
fixed,2,4498,0.5783883333206177,0.0,0.005316157825291157,0.02885878086090088,0.5897040367126465,4,0.25,
fixed,2,4499,0.45407161116600037,0.011553095653653145,0.006992116570472717,0.15464448928833008,0.5097375512123108,4,0.75,
fixed,2,4500,0.47626474499702454,0.07288132607936859,0.014566387049853802,0.4788302183151245,0.663637638092041,4,1.0,4.264118194580078
fixed,2,4501,0.3776482045650482,0.00540706655010581,0.0093363206833601,0.026380300521850586,0.39293399453163147,4,0.25,
fixed,2,4502,0.8304067850112915,0.008517386391758919,0.022397376596927643,0.1251664161682129,0.883414089679718,4,0.5,
fixed,2,4503,0.9872063994407654,0.0,0.005355277098715305,0.13287293910980225,1.0297459363937378,4,0.25,
fixed,2,4504,0.6807114481925964,0.0,0.012774758040904999,0.16370725631713867,0.7362110018730164,4,0.25,
fixed,2,4505,0.43044018745422363,0.0,0.015446888282895088,0.3065974712371826,0.5301429033279419,4,0.25,5.129512310028076
fixed,2,4506,0.27099862694740295,0.0,0.011157136410474777,0.04096198081970215,0.2888658046722412,4,0.25,
fixed,2,4507,0.8099575042724609,0.004302673041820526,0.004350591450929642,0.11519503593444824,0.8488426208496094,4,0.0,
fixed,2,4508,0.5916455388069153,0.0,0.013882743194699287,0.2135869264602661,0.6626629829406738,4,0.75,
fixed,2,4509,0.9915245175361633,0.0,0.012809976004064083,0.07798469066619873,1.021324872970581,4,0.5,
fixed,2,4510,0.2815871238708496,0.0,0.018698958680033684,0.16618263721466064,0.34079140424728394,4,0.75,5.073554992675781
fixed,2,4511,0.35712045431137085,0.0,0.01824166439473629,0.040837764739990234,0.3784926235675812,4,0.5,
fixed,2,4512,0.6303691267967224,0.0,0.008060239255428314,0.13206255435943604,0.6740180253982544,4,0.25,
fixed,2,4513,0.34979426860809326,0.0,0.016367686912417412,0.1844700574874878,0.4133191406726837,4,0.75,
fixed,2,4514,0.25688624382019043,0.0,0.009479847736656666,0.13457763195037842,0.30199944972991943,4,0.25,
fixed,2,4515,0.5477820634841919,0.0,0.008047306910157204,0.12331223487854004,0.5887993574142456,4,0.25,2.2137575149536133
fixed,2,4516,0.349054753780365,0.0,0.011240029707551003,0.0689922571182251,0.37537243962287903,4,0.5,
fixed,2,4517,0.45354142785072327,0.02644292078912258,0.003700671251863241,0.032605767250061035,0.4783949553966522,4,0.25,
fixed,2,4518,0.35336926579475403,0.0,0.039856284856796265,0.024517297744750977,0.38065260648727417,4,0.25,
fixed,2,4519,0.35013678669929504,0.0,0.005698086693882942,0.09697580337524414,0.3820785880088806,4,0.25,
fixed,2,4520,0.7519832253456116,0.0,0.01044947374612093,0.06969118118286133,0.7781153321266174,4,0.5,3.048403739929199
fixed,2,4521,0.33146291971206665,0.0,0.014541702345013618,0.05459904670715332,0.3551134765148163,4,0.5,
fixed,2,4522,0.5971904993057251,0.0,0.007644094992429018,0.06744253635406494,0.6212453246116638,4,0.5,
fixed,2,4523,0.6430769562721252,0.0,0.00022458552848547697,0.32752346992492676,0.741446316242218,4,0.0,
fixed,2,4524,0.45768484473228455,0.0347793772816658,0.01316151674836874,0.06758534908294678,0.5019308924674988,4,0.5,
fixed,2,4525,0.820136547088623,0.0,0.00853676162660122,0.06199967861175537,0.8430048227310181,4,0.5,2.6532576084136963
fixed,2,4526,0.3421519994735718,0.0,0.02428121492266655,0.1514570713043213,0.39972972869873047,4,0.75,
fixed,2,4527,0.6902725100517273,0.0,0.006673370487987995,0.07909083366394043,0.7173364162445068,4,0.5,
fixed,2,4528,0.5169492959976196,0.03312724083662033,0.008854992687702179,0.19170820713043213,0.5954529047012329,4,0.75,
fixed,2,4529,0.6286975145339966,0.0,0.006958609912544489,0.07744419574737549,0.6554100513458252,4,0.5,
fixed,2,4530,0.5540385842323303,0.009561213664710522,0.0072278608568012714,0.1265244483947754,0.6003904342651367,4,0.75,1.8947786092758179
fixed,2,4531,0.24680966138839722,0.0,0.007589701563119888,0.07595539093017578,0.27339112758636475,4,0.5,
fixed,2,4532,0.8602747321128845,0.0,0.007810766808688641,0.06936538219451904,0.8849897384643555,4,0.5,
fixed,2,4533,0.33963191509246826,0.0315188467502594,0.014627266675233841,0.25471794605255127,0.439120352268219,4,0.75,
fixed,2,4534,0.7428994178771973,0.01286198291927576,0.008023882284760475,0.07504427433013916,0.7758556604385376,4,0.5,
fixed,2,4535,0.4078618288040161,0.030291682109236717,0.006029055453836918,0.07190525531768799,0.4475937783718109,4,0.5,1.9821619987487793
fixed,2,4536,0.4546927809715271,0.0,0.019505668431520462,0.08910238742828369,0.4911763370037079,4,0.25,
fixed,2,4537,0.7435082197189331,0.0,0.01419806107878685,0.04810130596160889,0.7650376558303833,4,0.5,
fixed,2,4538,0.21498489379882812,0.0,0.016461839899420738,0.06599652767181396,0.24301476776599884,4,0.5,
fixed,2,4539,0.5395480990409851,0.0,0.015028601512312889,0.06173563003540039,0.5655831098556519,4,0.5,
fixed,2,4540,0.5440129637718201,0.0,0.03270583599805832,0.1685500144958496,0.6109309196472168,4,0.75,6.774952411651611
fixed,2,4541,0.2893320322036743,0.0,0.01804143562912941,0.05878925323486328,0.31598952412605286,4,0.5,
fixed,2,4542,0.6478412747383118,0.0,0.0256205927580595,0.1178584098815918,0.69600909948349,4,0.75,
fixed,2,4543,0.5557636618614197,0.0,0.025303278118371964,0.03454554080963135,0.5787789821624756,4,0.5,
fixed,2,4544,0.46600401401519775,0.0,0.03428910672664642,0.2884199619293213,0.569674551486969,4,1.0,
fixed,2,4545,0.7106930613517761,0.0,0.010148021392524242,0.05349290370941162,0.7318149209022522,4,0.25,2.592470169067383
fixed,2,4546,0.861650824546814,0.0,0.02201903611421585,0.13821053504943848,0.91412353515625,4,0.75,
fixed,2,4547,0.45761603116989136,0.024380836635828018,0.009512277320027351,0.05410337448120117,0.4907935857772827,4,0.5,
fixed,2,4548,0.6020904779434204,0.0,0.042467400431632996,0.02392745018005371,0.6305024027824402,4,0.25,
fixed,2,4549,0.2962494492530823,0.0275367870926857,0.010329455137252808,0.106231689453125,0.34705206751823425,4,0.75,
fixed,2,4550,0.8159393668174744,0.0,0.0014045131392776966,0.4718530774116516,0.9581975936889648,4,0.0,1.660394310951233
fixed,2,4551,0.5603874325752258,0.0,0.010342270135879517,0.0367966890335083,0.5765975713729858,4,0.25,
fixed,2,4552,0.5094063878059387,0.0,0.02726464718580246,0.11541223526000977,0.5576623678207397,4,0.75,
fixed,2,4553,0.5835443735122681,0.0,0.006453671958297491,0.13171029090881348,0.6262843012809753,4,0.25,
fixed,2,4554,0.5706557035446167,0.0,0.023191189393401146,0.05783867835998535,0.5996028780937195,4,0.5,
fixed,2,4555,0.5323079228401184,0.0,0.02053249068558216,0.22787773609161377,0.6109374761581421,4,0.5,5.255323886871338
fixed,2,4556,0.5223153233528137,0.0,0.015049004927277565,0.07070517539978027,0.5510513782501221,4,0.5,
fixed,2,4557,0.5374665260314941,0.0,0.015164409764111042,0.068625807762146,0.5656364560127258,4,0.5,
fixed,2,4558,0.5137855410575867,0.0,0.034513186663389206,0.07933640480041504,0.5548430681228638,4,0.5,
fixed,2,4559,0.47240567207336426,0.026866527274250984,0.0010197781957685947,0.09230327606201172,0.5140398144721985,4,0.25,
fixed,2,4560,0.5045987367630005,0.0,0.006698327139019966,0.08790326118469238,0.5343188643455505,4,0.25,2.0530619621276855
fixed,2,4561,0.40721946954727173,0.0,0.028972290456295013,0.18960285186767578,0.47858646512031555,4,0.25,
fixed,2,4562,0.34455615282058716,0.0,0.010975244455039501,0.22715139389038086,0.4181891977787018,4,0.75,
fixed,2,4563,0.3704797029495239,0.020307257771492004,0.004925131797790527,0.05818355083465576,0.4005509614944458,4,0.5,
fixed,2,4564,0.4112551808357239,0.0,0.011805739253759384,0.2124040126800537,0.4808792471885681,4,0.75,
fixed,2,4565,0.2471996545791626,0.0,0.009263288229703903,0.05449533462524414,0.26817989349365234,4,0.5,2.841111421585083
fixed,2,4566,0.1673424392938614,0.0,0.021731486544013023,0.0549008846282959,0.19467845559120178,4,0.5,
fixed,2,4567,0.4558226764202118,0.0,0.0036893084179610014,0.05079078674316406,0.4729045629501343,4,0.25,
fixed,2,4568,0.40476006269454956,0.0,0.016492251306772232,0.488700270652771,0.5596162676811218,4,1.0,
fixed,2,4569,0.510307788848877,4.4176150026942196e-07,0.020424682646989822,0.15646350383758545,0.5674594044685364,4,0.75,
fixed,2,4570,0.563702404499054,2.9065926355542615e-05,0.0014806977706030011,0.22093939781188965,0.6307390928268433,4,0.0,0.8299599885940552
fixed,2,4571,0.7790169715881348,1.9931525457650423e-05,0.0032813609577715397,0.053624629974365234,0.7967550158500671,4,0.25,
fixed,2,4572,0.8136627078056335,0.019647404551506042,0.00556825241073966,0.05472147464752197,0.8426870107650757,4,0.5,
fixed,2,4573,0.6010974049568176,0.011003920808434486,0.005149065516889095,0.045537710189819336,0.6228352189064026,4,0.5,
fixed,2,4574,0.3682653307914734,4.370400290554244e-07,0.011700906790792942,0.07793545722961426,0.39749664068222046,4,0.5,
fixed,2,4575,0.8782027363777161,0.0,0.022451570257544518,0.22508549690246582,0.9569541811943054,4,0.75,5.701797962188721
fixed,2,4576,0.6023447513580322,0.010641788132488728,0.0020870035514235497,0.08816003799438477,0.6351571679115295,4,0.25,
fixed,2,4577,0.5602455735206604,0.026396147906780243,0.004617014899849892,0.06672918796539307,0.5957708954811096,4,0.5,
fixed,2,4578,0.17564557492733002,0.011353590525686741,0.015348011627793312,0.11494183540344238,0.22347892820835114,4,0.75,
fixed,2,4579,0.23855771124362946,0.0,0.035183534026145935,0.11719977855682373,0.2913094162940979,4,0.75,
fixed,2,4580,0.55033278465271,0.0,0.023390701040625572,0.1182253360748291,0.5974957346916199,4,0.75,5.838543891906738
fixed,2,4581,0.5574104189872742,0.0,0.013000570237636566,0.08181214332580566,0.5884543657302856,4,0.5,
fixed,2,4582,0.5413506627082825,0.0,0.006762726232409477,0.15315401554107666,0.5906782150268555,4,0.25,
fixed,2,4583,0.5707144737243652,0.0,0.027455242350697517,0.025475740432739258,0.5920848250389099,4,0.5,
fixed,2,4584,0.5266711711883545,0.0,0.01788281463086605,0.05791652202606201,0.5529875159263611,4,0.5,
fixed,2,4585,0.4842835068702698,0.0,0.008175483904778957,0.1484677791595459,0.5329115986824036,4,0.25,2.0069468021392822
fixed,2,4586,0.4481958746910095,0.010044878348708153,0.028241418302059174,0.08115577697753906,0.49168574810028076,4,0.75,
fixed,2,4587,0.4055909216403961,0.0,0.021901894360780716,0.18985199928283691,0.4734974801540375,4,0.25,
fixed,2,4588,0.5867992043495178,0.0,0.02350592613220215,0.12936902046203613,0.6373628973960876,4,0.75,
fixed,2,4589,0.5950765013694763,0.023453550413250923,0.013291358016431332,0.11710023880004883,0.6485790014266968,4,0.75,
fixed,2,4590,0.6373001933097839,0.019886884838342667,0.007041944190859795,0.034659743309020996,0.6611625552177429,4,0.5,1.7021814584732056
fixed,2,4591,1.0163933038711548,0.0,0.01896795444190502,0.04062759876251221,1.0380655527114868,4,0.5,
fixed,2,4592,0.8315864205360413,0.0,0.054616838693618774,0.06845438480377197,0.8794311285018921,4,0.75,
fixed,2,4593,0.4653905928134918,0.022496819496154785,0.006635035388171673,0.037431955337524414,0.49118611216545105,4,0.5,
fixed,2,4594,0.6525695323944092,0.0,0.009314555674791336,0.0967857837677002,0.6862625479698181,4,0.25,
fixed,2,4595,0.7970713973045349,0.0,0.015812808647751808,0.03507184982299805,0.8154993653297424,4,0.5,3.9316141605377197
fixed,2,4596,0.3279268145561218,0.0,0.011397991329431534,0.03071308135986328,0.3428397476673126,4,0.25,
fixed,2,4597,0.7787877917289734,0.029312342405319214,0.011836806312203407,0.12916743755340576,0.8381125926971436,4,0.75,
fixed,2,4598,0.6286367177963257,0.016789939254522324,0.010391319170594215,0.0723494291305542,0.663932204246521,4,0.5,
fixed,2,4599,0.38956111669540405,0.0,0.043981075286865234,0.0739365816116333,0.43373262882232666,4,0.75,
fixed,2,4600,0.5747678875923157,0.04816769063472748,0.0055231014266610146,0.11612272262573242,0.6364501118659973,4,0.75,5.340466499328613
fixed,2,4601,0.178848534822464,0.0,0.021798303350806236,0.07234847545623779,0.21145223081111908,4,0.5,
fixed,2,4602,1.1734473705291748,0.0,0.008572242222726345,0.1393224000930786,1.2195302248001099,4,0.25,
fixed,2,4603,0.38253211975097656,0.021257515996694565,0.006097161676734686,0.07620275020599365,0.4190702736377716,4,0.5,
fixed,2,4604,1.2554444074630737,0.0,0.007053290028125048,0.13003206253051758,1.2979806661605835,4,0.25,
fixed,2,4605,0.473586767911911,0.019848540425300598,0.004539815243333578,0.08968281745910645,0.5126857757568359,4,0.75,3.663764238357544
fixed,2,4606,0.5905856490135193,0.0,0.007824141532182693,0.053789615631103516,0.6106346249580383,4,0.25,
fixed,2,4607,0.630713164806366,0.01387777365744114,0.007765573915094137,0.07191205024719238,0.6631084680557251,4,0.5,
fixed,2,4608,0.7435535192489624,0.0,0.008475437760353088,0.1281048059463501,0.7862226963043213,4,0.25,
fixed,2,4609,0.40075743198394775,0.025025691837072372,0.020691856741905212,0.08060836791992188,0.4477987289428711,4,0.75,
fixed,2,4610,0.9918457865715027,0.0,0.0005129494820721447,0.38718974590301514,1.1082592010498047,4,0.0,1.0873725414276123
fixed,2,4611,0.2401600331068039,0.0,0.03415931016206741,0.1586310863494873,0.3048290014266968,4,0.0,
fixed,2,4612,0.35596540570259094,0.0,0.029186610132455826,0.09645891189575195,0.3994963765144348,4,0.75,
fixed,2,4613,0.5133390426635742,0.00468362495303154,0.01121036522090435,0.030503273010253906,0.5304369926452637,4,0.25,
fixed,2,4614,0.5216264128684998,0.0,0.039961036294698715,0.05027925968170166,0.5566906929016113,4,0.25,
fixed,2,4615,0.7044770121574402,0.0,0.03443488851189613,0.08086502552032471,0.7459539771080017,4,0.75,6.934221267700195
fixed,2,4616,0.37108463048934937,0.013166092336177826,0.0005289042601361871,0.125946044921875,0.41571593284606934,4,0.25,
fixed,2,4617,0.39953580498695374,0.0,0.015226490795612335,0.041387200355529785,0.41956520080566406,4,0.5,
fixed,2,4618,0.3977384865283966,0.006179481279104948,0.021269014105200768,0.061356306076049805,0.4298696219921112,4,0.5,
fixed,2,4619,0.3257645070552826,0.0,0.06245703250169754,0.063285231590271,0.37597858905792236,4,0.5,
fixed,2,4620,0.5040529370307922,0.0,0.028732294216752052,0.06352567672729492,0.5374767780303955,4,0.5,5.962177276611328
fixed,2,4621,0.36019009351730347,0.0,0.035025715827941895,0.024936914443969727,0.38518401980400085,4,0.5,
fixed,2,4622,0.8833160400390625,0.0,0.013196744956076145,0.19216299057006836,0.9475632905960083,4,0.75,
fixed,2,4623,0.5851402878761292,0.0,0.0018380392575636506,0.23589277267456055,0.6568271517753601,4,0.0,
fixed,2,4624,0.11114948987960815,0.0,0.024256080389022827,0.0687476396560669,0.14390182495117188,4,0.5,
fixed,2,4625,0.4751838147640228,0.0,0.017143169417977333,0.16830897331237793,0.5342481136322021,4,0.75,4.475244998931885
fixed,2,4626,0.6861388087272644,0.016539808362722397,0.003549757180735469,0.07877945899963379,0.7198173999786377,4,0.5,
fixed,2,4627,0.43987560272216797,0.03329817205667496,0.01460489071905613,0.0760352611541748,0.4866377115249634,4,0.5,
fixed,2,4628,1.1101361513137817,0.022176101803779602,0.005525184795260429,0.20028018951416016,1.1840708255767822,4,0.75,
fixed,2,4629,0.3442538380622864,0.0,0.016663460060954094,0.08996701240539551,0.3795756697654724,4,0.5,
fixed,2,4630,0.8365709781646729,0.0,0.000220806454308331,0.37115705013275146,0.9480285048484802,4,0.0,0.6397871971130371
fixed,2,4631,0.41517823934555054,0.0,0.006290717516094446,0.03675377368927002,0.42934972047805786,4,0.25,
fixed,2,4632,0.2828969657421112,0.0,0.011134397238492966,0.27738094329833984,0.3716784417629242,4,0.5,
fixed,2,4633,1.2266489267349243,0.0,0.0056420499458909035,0.08608782291412354,1.2552963495254517,4,0.5,
fixed,2,4634,0.4987514913082123,0.0,0.006171072833240032,0.03575563430786133,0.5125637054443359,4,0.25,
fixed,2,4635,1.0479921102523804,0.0,0.008833087049424648,0.08469808101654053,1.0778180360794067,4,0.5,2.652540445327759
fixed,2,4636,1.2955665588378906,0.0,0.0056400783360004425,0.09790468215942383,1.3277579545974731,4,0.25,
fixed,2,4637,0.45080798864364624,0.0,0.0027197871822863817,0.22637593746185303,0.5200806856155396,4,0.0,
fixed,2,4638,0.6462581753730774,0.0,0.005903811194002628,0.10133814811706543,0.6796115040779114,4,0.5,
fixed,2,4639,0.3342759907245636,0.0,0.011784272268414497,0.06590962409973145,0.3599410057067871,4,0.5,
fixed,2,4640,0.6890053749084473,0.0,0.018740087747573853,0.08760178089141846,0.7246559858322144,4,0.5,4.3457350730896
fixed,2,4641,0.3232523202896118,0.0,0.006846413016319275,0.2643883228302002,0.4059920310974121,4,0.75,
fixed,2,4642,0.5047797560691833,0.0,0.007921606302261353,0.08882641792297363,0.5353884696960449,4,0.5,
fixed,2,4643,0.594898521900177,0.0,0.002907344838604331,0.10918068885803223,0.6291064023971558,4,0.25,
fixed,2,4644,0.31886807084083557,0.017821043729782104,0.0033981073647737503,0.08496928215026855,0.35496842861175537,4,0.5,
fixed,2,4645,0.4481367766857147,0.0,0.012183103710412979,0.34861254692077637,0.5588120818138123,4,0.75,3.6231513023376465
fixed,2,4646,0.3296046555042267,0.038897622376680374,0.0032192326616495848,0.09404683113098145,0.3788771331310272,4,0.5,
fixed,2,4647,0.5191067457199097,0.0,0.003430121811106801,0.13040947914123535,0.5599446296691895,4,0.25,
fixed,2,4648,0.8353620767593384,0.0,0.0035717030987143517,0.10704517364501953,0.8692615032196045,4,0.25,
fixed,2,4649,0.2904287874698639,0.0,0.0008474754868075252,0.3623875379562378,0.3995687961578369,4,0.0,
fixed,2,4650,0.4877578318119049,0.0,0.00894191861152649,0.06630349159240723,0.5121198296546936,4,0.5,2.7426514625549316
fixed,2,4651,0.5880306363105774,0.01550673134624958,0.01685928925871849,0.019858598709106445,0.6101711988449097,4,0.5,
fixed,2,4652,0.5761102437973022,0.016338948160409927,0.00477069616317749,0.0579301118850708,0.6040440797805786,4,0.5,
fixed,2,4653,0.44604572653770447,0.0,0.0006883748574182391,0.3095889091491699,0.5392665863037109,4,0.0,
fixed,2,4654,0.4962683916091919,0.0,0.013662798330187798,0.06390249729156494,0.5222705602645874,4,0.5,
fixed,2,4655,0.5678740739822388,0.016221167519688606,0.005172118544578552,0.03278064727783203,0.5884048938751221,4,0.5,2.0150797367095947
fixed,2,4656,0.5646332502365112,0.01597851887345314,0.025512907654047012,0.08589756488800049,0.6111482381820679,4,0.75,
fixed,2,4657,1.1326580047607422,0.14546984434127808,0.015302945859730244,0.10092222690582275,1.2433210611343384,4,0.75,
fixed,2,4658,0.334156334400177,0.0,0.01593984290957451,0.16485595703125,0.39158305525779724,4,0.75,
fixed,2,4659,0.6057789921760559,0.0,7.22223921911791e-05,0.2681475877761841,0.686259388923645,4,0.0,
fixed,2,4660,0.885823130607605,0.0,0.011079664342105389,0.03996562957763672,0.903352677822113,4,0.25,2.97198748588562
fixed,2,4661,0.48311030864715576,0.0,0.008260644041001797,0.07360529899597168,0.5093222260475159,4,0.25,
fixed,2,4662,0.5425455570220947,0.0,0.02662421390414238,0.04143524169921875,0.5682882070541382,4,0.5,
fixed,2,4663,0.17733138799667358,0.0,0.02805071324110031,0.045572757720947266,0.20502856373786926,4,0.5,
fixed,2,4664,0.27450472116470337,0.0,0.030488254502415657,0.11567449569702148,0.324451208114624,4,0.25,
fixed,2,4665,0.463769793510437,0.0,0.020712651312351227,0.036075592041015625,0.4849487841129303,4,0.5,4.568429470062256
fixed,2,4666,0.6203999519348145,2.001866903356131e-07,0.011691106483340263,0.06272149085998535,0.6450620293617249,4,0.5,
fixed,2,4667,0.3464989960193634,0.0,0.017867956310510635,0.059102416038513184,0.37316370010375977,4,0.5,
fixed,2,4668,0.8737401962280273,2.6055889975395985e-05,0.010033177211880684,0.08687877655029297,0.9048334360122681,4,0.5,
fixed,2,4669,0.43000730872154236,0.0,0.011511419899761677,0.09892630577087402,0.46544089913368225,4,0.25,
fixed,2,4670,1.1443090438842773,0.013090652413666248,0.008362896740436554,0.08404970169067383,1.1802507638931274,4,0.5,1.484920620918274
fixed,2,4671,0.6862936615943909,2.223244791821344e-06,0.019658498466014862,0.0845491886138916,0.7214887738227844,4,0.5,
fixed,2,4672,0.49520981311798096,0.06610054522752762,0.005277372431010008,0.19118738174438477,0.588254988193512,4,0.75,
fixed,2,4673,0.46647411584854126,0.0,0.014255941845476627,0.09683990478515625,0.5026540756225586,4,0.5,
fixed,2,4674,0.9625056982040405,1.1287110055491212e-06,0.018237046897411346,0.07420718669891357,0.9938869476318359,4,0.5,
fixed,2,4675,0.6828069090843201,0.027314115315675735,0.006751839071512222,0.0870441198348999,0.7259531021118164,4,0.25,4.8266167640686035
fixed,2,4676,0.36766675114631653,0.0,0.006180452648550272,0.16548562049865723,0.4204026758670807,4,0.25,
fixed,2,4677,1.025220274925232,0.026694688946008682,0.008522693999111652,0.18648803234100342,1.0987753868103027,4,0.75,
fixed,2,4678,0.633775532245636,0.0,0.013262832537293434,0.10301518440246582,0.6713114976882935,4,0.5,
fixed,2,4679,0.6705456972122192,0.0,0.006954209879040718,0.15306222438812256,0.7199414968490601,4,0.25,
fixed,2,4680,0.45325204730033875,0.0,0.027360815554857254,0.3636305332183838,0.5760216116905212,4,1.0,7.460218906402588
fixed,2,4681,1.0107587575912476,0.011495609767735004,0.0127089349552989,0.1202552318572998,1.0589375495910645,4,0.75,
fixed,2,4682,0.640416145324707,0.015655040740966797,0.0122904684394598,0.12371540069580078,0.6915035247802734,4,0.75,
fixed,2,4683,0.317423552274704,0.0,0.019963130354881287,0.04261589050292969,0.3401898741722107,4,0.5,
fixed,2,4684,0.19604450464248657,0.0,0.045489273965358734,0.21443378925323486,0.283119261264801,4,1.0,
fixed,2,4685,0.9685625433921814,0.018393445760011673,0.0248348917812109,0.07500970363616943,1.0126795768737793,4,0.75,2.050760269165039
fixed,2,4686,0.31708380579948425,0.0,0.011012121103703976,0.11440563201904297,0.3569115698337555,4,0.25,
fixed,2,4687,0.6872466802597046,0.0,0.026279760524630547,0.1737133264541626,0.7525005340576172,4,0.25,
fixed,2,4688,0.7921662330627441,0.007553101051598787,0.0339488722383976,0.048004746437072754,0.8273186683654785,4,0.75,
fixed,2,4689,0.696340799331665,0.0,0.030991068109869957,0.03658270835876465,0.7228111624717712,4,0.5,
fixed,2,4690,0.5774936079978943,0.0,0.017738990485668182,0.04501008987426758,0.5998661518096924,4,0.25,4.076115131378174
fixed,2,4691,0.7969570755958557,0.00958979781717062,0.009606432169675827,0.041123151779174805,0.8188921213150024,4,0.5,
fixed,2,4692,0.7939391732215881,0.0,0.010308217257261276,0.10572469234466553,0.8308106660842896,4,0.25,
fixed,2,4693,0.2793169617652893,0.0,0.015442222356796265,0.11331367492675781,0.32103216648101807,4,0.25,
fixed,2,4694,0.7815552949905396,0.0,0.021571235731244087,0.16227471828460693,0.841023325920105,4,0.25,
fixed,2,4695,0.565780520439148,0.0,0.025503773242235184,0.10568106174468994,0.6102367043495178,4,0.75,6.061699867248535
fixed,2,4696,0.4202209413051605,0.0,0.03536660969257355,0.07246065139770508,0.4596424400806427,4,0.5,
fixed,2,4697,0.4337932765483856,0.0,0.02826344221830368,0.0707482099533081,0.46914947032928467,4,0.5,
fixed,2,4698,0.5389820337295532,0.0,0.032281294465065,0.16943597793579102,0.6059534549713135,4,0.75,
fixed,2,4699,0.49723175168037415,0.0,0.022858770564198494,0.056520819664001465,0.5256173610687256,4,0.5,
fixed,2,4700,0.33920711278915405,0.046617574989795685,0.006337659899145365,0.1180572509765625,0.4011019170284271,4,0.75,4.340058326721191
fixed,2,4701,0.5063780546188354,0.0339132621884346,0.009525073692202568,0.1753253936767578,0.580694854259491,4,0.75,
fixed,2,4702,0.7655866742134094,0.03216027468442917,0.002190270461142063,0.023128628730773926,0.7897005081176758,4,0.25,
fixed,2,4703,0.3467887043952942,0.0,0.01908137835562229,0.2563662528991699,0.43323928117752075,4,0.75,
fixed,2,4704,0.9985297322273254,1.1612142770900391e-05,1.9829139219496028e-08,0.3030383586883545,1.089447021484375,4,0.0,
fixed,2,4705,0.30681806802749634,2.1969364752294496e-05,0.009814845398068428,0.06269729137420654,0.33054566383361816,4,0.5,2.8731789588928223
fixed,2,4706,1.1610238552093506,5.240437531028874e-05,0.01703149639070034,0.07929825782775879,1.1933553218841553,3,0.5,
fixed,2,4707,0.8291855454444885,0.027195649221539497,0.020194530487060547,0.12563931941986084,0.8905724287033081,4,0.75,
fixed,2,4708,0.3875155448913574,2.0672898699558573e-06,0.011142311617732048,0.06248819828033447,0.411834180355072,4,0.5,
fixed,2,4709,0.35405445098876953,1.9624741980805993e-05,0.0039685978554189205,0.08128535747528076,0.38043415546417236,4,0.25,
fixed,2,4710,0.35347461700439453,0.02796819433569908,1.9127422490328172e-07,0.10051238536834717,0.3976125121116638,4,0.25,3.684340476989746
fixed,2,4711,0.7524328231811523,0.0,0.012561134994029999,0.07145845890045166,0.7801509499549866,4,0.5,
fixed,2,4712,0.5435397624969482,2.2545502361026593e-05,1.2407725080265664e-05,0.2979614734649658,0.6329456567764282,4,0.0,
fixed,2,4713,0.8562953472137451,1.320668275184289e-06,6.589692929992452e-06,0.2873755693435669,0.9425119757652283,4,0.0,
fixed,2,4714,1.0804643630981445,0.0,3.417367406655103e-05,0.30016183853149414,1.1705299615859985,4,0.0,
fixed,2,4715,0.32938113808631897,0.028685403987765312,0.00910824816673994,0.05750536918640137,0.3655295670032501,4,0.5,2.317068338394165
fixed,2,4716,0.4545759856700897,0.0,0.03778202831745148,0.2796967029571533,0.5573760271072388,4,1.0,
fixed,2,4717,0.3168986439704895,1.7851423763204366e-05,0.004277893342077732,0.15877556800842285,0.36667919158935547,4,0.0,
fixed,2,4718,0.527713418006897,0.02540050819516182,0.0181241724640131,0.2024075984954834,0.6101980209350586,4,0.75,
fixed,2,4719,0.4632975161075592,2.4993200895551126e-06,0.008983008563518524,0.031287550926208496,0.4771765470504761,4,0.25,
fixed,2,4720,0.408477783203125,0.0,0.04040466248989105,0.2623239755630493,0.5073773264884949,4,1.0,8.948626518249512
fixed,2,4721,0.5102655291557312,3.664910764200613e-05,0.014846136793494225,0.048451900482177734,0.532242476940155,4,0.5,
fixed,2,4722,0.5689885020256042,8.637849759907112e-07,0.016618257388472557,0.04974472522735596,0.5922214984893799,4,0.5,
fixed,2,4723,0.6330437064170837,0.015138112008571625,0.007413176354020834,0.04835963249206543,0.6588272452354431,4,0.5,
fixed,2,4724,0.9325869083404541,1.2973209777555894e-05,0.007940840907394886,0.09077739715576172,0.9637970328330994,4,0.25,
fixed,2,4725,0.5542725324630737,0.0,0.03142654523253441,0.31584787368774414,0.6647402048110962,4,1.0,7.953627109527588
fixed,2,4726,0.6949679851531982,0.0,0.05061379820108414,0.20066297054290771,0.7804737687110901,4,1.0,
fixed,2,4727,0.6835160851478577,0.0,0.023256666958332062,0.056105613708496094,0.7119761109352112,4,0.25,
fixed,2,4728,0.2173631489276886,1.0721990975071094e-06,0.007888556458055973,0.1678258180618286,0.27165570855140686,4,0.0,
fixed,2,4729,0.2626815140247345,3.083894029032308e-08,0.028950080275535583,0.13406062126159668,0.3173747658729553,4,0.75,
fixed,2,4730,0.4661518335342407,0.010760053992271423,0.016749123111367226,0.022138237953186035,0.48654788732528687,4,0.5,1.948475956916809
fixed,2,4731,0.38218140602111816,2.430083077342715e-05,0.032011039555072784,0.10970818996429443,0.43111154437065125,4,0.75,
fixed,2,4732,0.5694685578346252,7.880764201217971e-07,0.03231456130743027,0.12348377704620361,0.622671365737915,4,0.75,
fixed,2,4733,0.3039403259754181,3.740403258234437e-07,0.0277421772480011,0.1327826976776123,0.3576464056968689,4,0.75,
fixed,2,4734,0.5308116674423218,0.0,0.020472174510359764,0.04363667964935303,0.5541387796401978,4,0.5,
fixed,2,4735,0.753484845161438,8.371695912501309e-06,0.02430102415382862,0.10089266300201416,0.7959073185920715,4,0.5,4.906260967254639
fixed,2,4736,0.4747615456581116,0.01563197560608387,0.015107806771993637,0.14120030403137207,0.5324915051460266,4,0.75,
fixed,2,4737,0.7155587077140808,8.254263229900971e-05,0.02797050029039383,0.0951462984085083,0.7581291198730469,4,0.5,
fixed,2,4738,0.5648232698440552,0.0,2.6553110728855245e-05,0.3974081873893738,0.6840590238571167,4,0.0,
fixed,2,4739,0.4121175706386566,0.0,0.015825090929865837,0.09183263778686523,0.44757992029190063,4,0.5,
fixed,2,4740,0.7548490762710571,0.015510642901062965,0.015521387569606304,0.12749171257019043,0.808612585067749,4,0.5,0.18174922466278076
fixed,2,4741,0.7033542990684509,3.9105784708226565e-06,0.009506615810096264,0.04362821578979492,0.7211980223655701,4,0.25,
fixed,2,4742,0.6230770945549011,0.0,0.021929506212472916,0.07731986045837402,0.6572378277778625,4,0.5,
fixed,2,4743,0.9071376919746399,5.612791937892325e-07,0.00743480771780014,0.09393477439880371,0.9390358328819275,4,0.25,
fixed,2,4744,0.28528809547424316,0.028001751750707626,0.014877420850098133,0.14029502868652344,0.3488161861896515,4,0.75,
fixed,2,4745,0.46249210834503174,8.728706234251149e-06,0.01461874507367611,0.04912245273590088,0.484542578458786,4,0.5,3.60915470123291
fixed,2,4746,0.7520526051521301,2.055283175650402e-06,0.00762310391291976,0.08239197731018066,0.7805827856063843,4,0.25,
fixed,2,4747,0.6912120580673218,0.0,0.00643870048224926,0.07340872287750244,0.716454029083252,4,0.25,
fixed,2,4748,0.5650665760040283,2.605250756460009e-06,0.011414403095841408,0.0777062177658081,0.5940869450569153,4,0.25,
fixed,2,4749,0.2197401374578476,0.0,0.032358940690755844,0.3015007972717285,0.32636985182762146,4,1.0,
fixed,2,4750,1.0466340780258179,0.030275169759988785,0.014957834035158157,0.12739145755767822,1.1074680089950562,4,0.75,0.8771170973777771
fixed,2,4751,0.6706743240356445,3.0058895816864606e-08,5.3323259635362774e-05,0.21139991283416748,0.7341209650039673,4,0.0,
fixed,2,4752,0.5587268471717834,0.020084084942936897,0.01166974101215601,0.2380884885787964,0.6460303068161011,4,0.75,
fixed,2,4753,0.8609825968742371,0.02459283173084259,0.030441880226135254,0.24968791007995605,0.9634063243865967,4,1.0,
fixed,2,4754,0.2722305655479431,0.0,0.017565103247761726,0.06282532215118408,0.29986071586608887,4,0.5,
fixed,2,4755,0.5376023650169373,3.3612107586122875e-07,0.01719101518392563,0.14469647407531738,0.5896070003509521,4,0.75,4.723552703857422
fixed,2,4756,0.993590772151947,0.0,0.01580970548093319,0.029371261596679688,1.01030695438385,4,0.5,
fixed,2,4757,0.2783987820148468,0.0,0.021404976025223732,0.1204984188079834,0.3252508044242859,4,0.75,
fixed,2,4758,0.5517591238021851,0.0,5.304519800120033e-05,0.2638911008834839,0.6309529542922974,4,0.0,
fixed,2,4759,0.48015296459198,0.0,0.03375731408596039,0.09025120735168457,0.5241069793701172,4,0.75,
fixed,2,4760,0.9525022506713867,0.01704271137714386,0.03205907717347145,0.2036445140838623,1.0381464958190918,4,1.0,3.7603859901428223
fixed,2,4761,0.6224486231803894,0.0,0.020308632403612137,0.04397451877593994,0.6457952857017517,4,0.5,
fixed,2,4762,0.5577639937400818,0.047084301710128784,0.018571151420474052,0.24806654453277588,0.6650117039680481,4,1.0,
fixed,2,4763,0.5916644334793091,0.0,0.016903162002563477,0.04379403591156006,0.6132542490959167,4,0.5,
fixed,2,4764,1.528691291809082,0.013388439081609249,0.010073144920170307,0.06039166450500488,1.558539628982544,4,0.5,
fixed,2,4765,0.5577759742736816,0.0,0.05386275425553322,0.07368230819702148,0.606812059879303,4,0.75,8.548996925354004
fixed,2,4766,0.6124931573867798,0.0,0.013602804392576218,0.14069628715515137,0.6615034341812134,4,0.25,
fixed,2,4767,0.21198076009750366,0.0,0.027837762609124184,0.04532015323638916,0.23949569463729858,4,0.5,
fixed,2,4768,0.8865328431129456,7.22030563338194e-07,0.0374072790145874,0.07403898239135742,0.9274485111236572,4,0.5,
fixed,2,4769,0.41428259015083313,0.0,0.03818370774388313,0.13405311107635498,0.4735903739929199,4,0.75,
fixed,2,4770,0.619464635848999,0.0,0.02050994150340557,0.05437016487121582,0.6460306644439697,4,0.5,4.4942708015441895
fixed,2,4771,0.9561963081359863,2.350920476601459e-05,0.024444883689284325,0.049393534660339355,0.9832485914230347,4,0.5,
fixed,2,4772,0.8816832900047302,0.009060516953468323,3.1000505259726197e-05,0.17659986019134521,0.939208984375,4,0.25,
fixed,2,4773,0.6710329651832581,0.0,0.05160744860768318,0.18237674236297607,0.7515497207641602,4,1.0,
fixed,2,4774,0.5452187657356262,0.0,0.0019213450141251087,0.1896458864212036,0.603073239326477,4,0.0,
fixed,2,4775,0.9122264981269836,9.77063609752804e-06,0.03146654739975929,0.07620549201965332,0.9508262872695923,4,0.5,5.13657283782959
fixed,2,4776,0.6552941203117371,9.700370355858468e-06,0.008310382254421711,0.0948406457901001,0.6879063844680786,4,0.25,
fixed,2,4777,0.7301703095436096,1.8185071894549765e-05,2.4225289507739944e-06,0.25744616985321045,0.8074144721031189,4,0.0,
fixed,2,4778,0.334320068359375,0.02221115306019783,0.009259818121790886,0.05332207679748535,0.36605218052864075,4,0.5,
fixed,2,4779,0.5582534074783325,0.023749282583594322,0.020714007318019867,0.11560952663421631,0.6151679158210754,4,0.75,
fixed,2,4780,0.8036993145942688,4.026586975669488e-05,0.012387285009026527,0.050856828689575195,0.8251701593399048,4,0.5,3.3694629669189453
fixed,2,4781,0.575427234172821,2.1136149371159263e-05,0.010235609486699104,0.039309144020080566,0.5923483371734619,3,0.5,
fixed,2,4782,0.9584248661994934,0.021621039137244225,0.0074172355234622955,0.05502521991729736,0.9894515872001648,4,0.5,
fixed,2,4783,0.35712143778800964,3.0548155336873606e-05,0.011750695295631886,0.06280660629272461,0.3818540573120117,4,0.5,
fixed,2,4784,0.4515370726585388,3.103043127339333e-05,0.007571948226541281,0.07669925689697266,0.47834834456443787,4,0.25,
fixed,2,4785,0.834441065788269,4.552918198896805e-06,0.012790195643901825,0.0672004222869873,0.8609985709190369,4,0.5,3.3871476650238037
fixed,2,4786,0.5938456058502197,0.0,0.01925378292798996,0.16821134090423584,0.6539359092712402,4,0.75,
fixed,2,4787,0.843416154384613,1.125670132751111e-05,0.020020265132188797,0.07124197483062744,0.8748044967651367,4,0.5,
fixed,2,4788,0.7985439896583557,0.0,0.01953618787229061,0.07540762424468994,0.8309343457221985,4,0.5,
fixed,2,4789,0.4521012604236603,0.0,0.02382514625787735,0.38836854696273804,0.5805243849754333,4,1.0,
fixed,2,4790,0.26434192061424255,0.01314467377960682,0.024179939180612564,0.26465773582458496,0.36240154504776,4,1.0,3.343345880508423
fixed,2,4791,0.8885374665260315,0.0,0.018496045842766762,0.05746495723724365,0.915024995803833,4,0.5,
fixed,2,4792,0.5090308785438538,0.0,0.02611367404460907,0.13587355613708496,0.562849760055542,4,0.75,
fixed,2,4793,0.2577934265136719,0.0,0.005003655329346657,0.08747947216033936,0.28653910756111145,4,0.25,
fixed,2,4794,0.5563215017318726,0.0,0.02934873290359974,0.06410706043243408,0.5902279615402222,4,0.5,
fixed,2,4795,0.6951300501823425,0.0,0.005656696856021881,0.09134113788604736,0.7253607511520386,4,0.25,1.5646748542785645
fixed,2,4796,0.8024662733078003,0.0,0.006053004879504442,0.08941149711608887,0.8323162198066711,4,0.25,
fixed,2,4797,0.3947502672672272,0.01442606933414936,0.010157250799238682,0.03528094291687012,0.41762620210647583,4,0.5,
fixed,2,4798,0.6289196610450745,0.0,0.0125947967171669,0.0461125373840332,0.6490508317947388,4,0.25,
fixed,2,4799,0.6102715730667114,0.0,0.011822476051747799,0.12097930908203125,0.6524766087532043,4,0.25,
fixed,2,4800,0.29977017641067505,0.0,0.005232664756476879,0.033743858337402344,0.3125096559524536,4,0.25,1.6207900047302246
fixed,2,4801,0.3438681364059448,0.0,0.017048366367816925,0.27204573154449463,0.4340060353279114,4,0.75,
fixed,2,4802,0.4747551381587982,0.022232510149478912,0.012780891731381416,0.12854790687561035,0.530826210975647,4,0.75,
fixed,2,4803,0.5796464085578918,0.0,0.000261175911873579,0.309248685836792,0.6725516319274902,4,0.0,
fixed,2,4804,0.48338407278060913,0.0,0.018285108730196953,0.26532888412475586,0.5721253156661987,4,0.75,
fixed,2,4805,0.6294499635696411,0.0,0.010289384052157402,0.06341016292572021,0.6536176800727844,4,0.5,2.9194753170013428
fixed,2,4806,0.4214070737361908,0.0,0.008335798047482967,0.03514528274536133,0.43611854314804077,4,0.25,
fixed,2,4807,0.27653437852859497,0.0,0.018592234700918198,0.1603693962097168,0.3339413106441498,4,0.75,
fixed,2,4808,0.6925654411315918,0.0,0.0096670463681221,0.07147300243377686,0.7188408374786377,4,0.5,
fixed,2,4809,0.6295232772827148,0.0,0.024166051298379898,0.14786481857299805,0.6859657764434814,4,0.75,
fixed,2,4810,0.4476025104522705,0.0,0.015086610801517963,0.17962777614593506,0.5090341567993164,4,0.75,4.4254584312438965
fixed,2,4811,0.3468572199344635,0.0,0.01020032912492752,0.07675838470458984,0.37498489022254944,4,0.5,
fixed,2,4812,0.5676518082618713,0.016214828938245773,0.012392659671604633,0.12521493434906006,0.6195200085639954,4,0.75,
fixed,2,4813,0.8885692358016968,0.0,0.011575177311897278,0.07650554180145264,0.917308509349823,4,0.5,
fixed,2,4814,0.5423102974891663,0.0,0.0005529906484298408,0.3354281187057495,0.6432152390480042,4,0.0,
fixed,2,4815,0.8315074443817139,0.0,0.014374908059835434,0.17032253742218018,0.8897916674613953,4,0.75,4.31182336807251
fixed,2,4816,0.6115323305130005,0.0,0.01716969534754753,0.1586017608642578,0.6676977276802063,4,0.75,
fixed,2,4817,0.23877255618572235,0.0,0.02678920142352581,0.10432243347167969,0.28346389532089233,4,0.75,
fixed,2,4818,0.13663871586322784,0.0,0.014991162344813347,0.2797931432723999,0.22807224094867706,4,0.5,
fixed,2,4819,0.642113447189331,0.0,0.01877441070973873,0.13413524627685547,0.6917412281036377,4,0.75,
fixed,2,4820,0.7405319213867188,0.016946880146861076,0.021886387839913368,0.27966809272766113,0.8438490033149719,4,1.0,2.952683925628662
fixed,2,4821,0.3860859274864197,0.0,0.014791390858590603,0.06100797653198242,0.41178402304649353,4,0.5,
fixed,2,4822,0.6976962089538574,0.011749530211091042,0.015849661082029343,0.07680821418762207,0.7345382571220398,4,0.75,
fixed,2,4823,1.1131770610809326,0.007716743741184473,0.015987955033779144,0.0629875659942627,1.143925666809082,4,0.5,
fixed,2,4824,1.1507700681686401,0.013068492524325848,0.0005747050745412707,0.17998385429382324,1.211586833000183,4,0.25,
fixed,2,4825,0.6915454864501953,0.0,0.030681226402521133,0.08937835693359375,0.73369961977005,4,0.75,6.774647235870361
fixed,2,4826,0.5024012923240662,0.0,0.010486767627298832,0.1523038148880005,0.5533358454704285,4,0.25,
fixed,2,4827,1.121746301651001,0.0,0.02129100263118744,0.05880427360534668,1.1500331163406372,4,0.5,
fixed,2,4828,0.6974493265151978,0.0,0.016930995509028435,0.05701553821563721,0.7230194807052612,4,0.5,
fixed,2,4829,0.4369485080242157,0.0,0.027711521834135056,0.09275150299072266,0.4786297082901001,4,0.75,
fixed,2,4830,0.5098180770874023,0.0,0.007429162506014109,0.24372148513793945,0.5866491198539734,4,0.0,4.122221946716309
fixed,2,4831,0.368118017911911,0.011845455504953861,0.0006474487017840147,0.17915380001068115,0.42811059951782227,4,0.25,
fixed,2,4832,0.40042775869369507,0.0,0.01701178029179573,0.04933297634124756,0.42373353242874146,4,0.5,
fixed,2,4833,1.0160763263702393,0.012633397243916988,0.016242846846580505,0.07551300525665283,1.0531682968139648,4,0.75,
fixed,2,4834,0.6909810304641724,0.0,0.02336217276751995,0.1698685884475708,0.7536227107048035,4,0.25,
fixed,2,4835,0.6051813960075378,0.0,0.048377737402915955,0.06488704681396484,0.6488363742828369,4,0.75,8.035325050354004
fixed,2,4836,0.40878909826278687,0.0,0.009887070395052433,0.04135465621948242,0.4261390268802643,4,0.25,
fixed,2,4837,0.753686249256134,0.0,0.008505646139383316,0.10117185115814209,0.7882906198501587,4,0.25,
fixed,2,4838,1.0535705089569092,0.016186127439141273,0.00042715398012660444,0.12474894523620605,1.099301815032959,4,0.25,
fixed,2,4839,0.48124682903289795,0.0,0.011558890342712402,0.0550769567489624,0.503549337387085,4,0.5,
fixed,2,4840,0.29676052927970886,0.0,0.021517356857657433,0.035509705543518066,0.3181721270084381,4,0.5,4.891928672790527
fixed,2,4841,0.5858596563339233,0.0,0.006268971133977175,0.026570916175842285,0.5969654321670532,4,0.25,
fixed,2,4842,0.33882731199264526,0.0,0.010188610292971134,0.206373929977417,0.40583381056785583,4,0.75,
fixed,2,4843,0.7309845685958862,0.03427668288350105,0.027234431356191635,0.331864595413208,0.8612995147705078,4,1.0,
fixed,2,4844,0.31290680170059204,0.0,0.008578933775424957,0.07858967781066895,0.34077316522598267,4,0.5,
fixed,2,4845,0.42839208245277405,0.0,0.0061700972728431225,0.03265380859375,0.4412732720375061,4,0.25,1.9792401790618896
fixed,2,4846,0.4916163682937622,0.0,0.010857999324798584,0.2075279951095581,0.5593037605285645,4,0.75,
fixed,2,4847,0.32692697644233704,0.0,0.003763416549190879,0.21108412742614746,0.3921339213848114,4,0.0,
fixed,2,4848,0.3075920343399048,0.0,0.011060378514230251,0.04894137382507324,0.3278046250343323,4,0.25,
fixed,2,4849,0.8574133515357971,0.0,0.008246732875704765,0.09251761436462402,0.8892920017242432,4,0.5,
fixed,2,4850,1.020857810974121,0.037815507501363754,0.006035313010215759,0.09408462047576904,1.071008563041687,4,0.5,2.290240526199341
fixed,2,4851,0.6165094971656799,0.0,0.03522101417183876,0.12366485595703125,0.6712194681167603,4,0.75,
fixed,2,4852,0.7570390701293945,0.031175745651125908,0.008161855861544609,0.19295835494995117,0.8345953822135925,4,0.75,
fixed,2,4853,0.5923929214477539,0.0,0.009258770383894444,0.09242892265319824,0.6247509717941284,4,0.5,
fixed,2,4854,0.26513659954071045,0.0,0.02133038453757763,0.1322857141494751,0.31548750400543213,4,0.75,
fixed,2,4855,0.5868355631828308,0.0,0.006359911523759365,0.16952776908874512,0.6408738493919373,4,0.25,1.6675628423690796
fixed,2,4856,1.8902543783187866,0.0,0.01289305742830038,0.06421470642089844,1.9159653186798096,4,0.5,
fixed,2,4857,0.7703392505645752,0.0,0.010573930107057095,0.06464219093322754,0.7950188517570496,4,0.5,
fixed,2,4858,0.8016657829284668,0.0,0.028824321925640106,0.10646724700927734,0.8480181097984314,4,0.75,
fixed,2,4859,0.5511878728866577,0.025644421577453613,0.007950838655233383,0.05768883228302002,0.5852921605110168,4,0.5,
fixed,2,4860,0.40193620324134827,0.0,0.006117579061537981,0.14659059047698975,0.4489721655845642,4,0.25,1.736284852027893
fixed,2,4861,0.7862984538078308,0.014638474211096764,0.009762143716216087,0.08071386814117432,0.8227128982543945,4,0.5,
fixed,2,4862,0.5694111585617065,0.02351888082921505,0.007130668498575687,0.056035637855529785,0.6015466451644897,4,0.5,
fixed,2,4863,0.9565098285675049,0.009430109523236752,0.006374204531311989,0.058271169662475586,0.9818933606147766,4,0.5,
fixed,2,4864,0.4639990031719208,0.02630075067281723,0.01210203766822815,0.03446793556213379,0.49354076385498047,4,0.5,
fixed,2,4865,0.3048398196697235,0.0,0.01883493736386299,0.04397439956665039,0.32744961977005005,4,0.5,4.3544721603393555
fixed,2,4866,0.21802139282226562,0.0,0.03376355767250061,0.17181682586669922,0.28644824028015137,4,0.75,
fixed,2,4867,0.8214252591133118,0.0,0.005469298921525478,0.22911155223846436,0.892893373966217,4,0.0,
fixed,2,4868,0.19896771013736725,0.0,0.01396931242197752,0.04872453212738037,0.22056972980499268,4,0.5,
fixed,2,4869,0.4133012294769287,0.0,0.024085991084575653,0.09965777397155762,0.4552415609359741,4,0.75,
fixed,2,4870,0.863684892654419,0.012956800870597363,0.008870883844792843,0.052484750747680664,0.8903441429138184,4,0.5,1.4162839651107788
fixed,2,4871,0.8289897441864014,0.0,0.022743113338947296,0.19493484497070312,0.8988417387008667,4,0.25,
fixed,2,4872,0.5107370018959045,0.0,0.015202593989670277,0.05603945255279541,0.5351501107215881,4,0.5,
fixed,2,4873,1.1024134159088135,0.0,0.006482517812401056,0.13736450672149658,1.1468640565872192,4,0.25,
fixed,2,4874,0.40492501854896545,0.0,0.01714097335934639,0.043587446212768555,0.42657172679901123,4,0.5,
fixed,2,4875,0.8719450831413269,0.016439801082015038,0.012264472432434559,0.10766065120697021,0.9185954332351685,4,0.75,1.4460362195968628
fixed,2,4876,0.5986018776893616,0.02309534326195717,0.027324128895998,0.1426461935043335,0.6666054725646973,4,0.75,
fixed,2,4877,0.3458564579486847,0.0,0.020686602219939232,0.20825552940368652,0.4186764359474182,4,0.5,
fixed,2,4878,0.480059951543808,0.0,0.008375169709324837,0.045665621757507324,0.49794721603393555,4,0.25,
fixed,2,4879,1.051702857017517,0.0,0.014549495652318,0.06411802768707275,1.0782129764556885,4,0.5,
fixed,2,4880,0.29607582092285156,0.02053731679916382,0.0029971494805067778,0.05839943885803223,0.325362890958786,4,0.25,3.2447404861450195
fixed,2,4881,0.28569725155830383,0.0,0.015479574911296368,0.0964210033416748,0.32236334681510925,4,0.5,
fixed,2,4882,0.4045637845993042,0.0,0.018442796543240547,0.16017615795135498,0.461838036775589,4,0.75,
fixed,2,4883,0.48647797107696533,0.0,0.0008342340006493032,0.43974435329437256,0.6188184022903442,4,0.0,
fixed,2,4884,0.7582095861434937,0.00882994756102562,0.011490248143672943,0.11042022705078125,0.8014957308769226,4,0.75,
fixed,2,4885,0.9514809846878052,0.0,0.005115401931107044,0.1316620111465454,0.9935373067855835,4,0.25,1.5525962114334106
fixed,2,4886,0.7013144493103027,0.0,0.0009132078848779202,0.4084542989730835,0.8243073225021362,4,0.0,
fixed,2,4887,0.7022982835769653,0.02169170044362545,0.004651278257369995,0.0627518892288208,0.7342953681945801,4,0.5,
fixed,2,4888,0.5549697875976562,0.0133115379139781,0.006483100820332766,0.05628538131713867,0.5817527174949646,4,0.5,
fixed,2,4889,0.5983463525772095,0.0,0.03286029398441315,0.09496498107910156,0.643265962600708,4,0.75,
fixed,2,4890,0.7139809727668762,0.007185118738561869,0.01580735854804516,0.07071256637573242,0.7466909885406494,4,0.75,2.6410107612609863
fixed,2,4891,0.7582861185073853,0.0,0.04097750037908554,0.019919872283935547,0.7847508192062378,4,0.25,
fixed,2,4892,0.5089749693870544,0.0,0.02893925830721855,0.03489947319030762,0.5339144468307495,4,0.5,
fixed,2,4893,0.3028160333633423,0.0,0.0168675035238266,0.05254220962524414,0.32701244950294495,4,0.5,
fixed,2,4894,0.6425135731697083,0.0,0.00024063052842393517,0.25054001808166504,0.7177959084510803,4,0.0,
fixed,2,4895,0.5890688896179199,0.0,0.02084263227880001,0.1363581418991089,0.6403976678848267,4,0.75,5.198513984680176
fixed,2,4896,0.5921671986579895,0.0,0.04540649801492691,0.10451960563659668,0.6462263464927673,4,0.75,
fixed,2,4897,0.757241427898407,0.0,0.03338662162423134,0.3202822208404541,0.8700194358825684,4,1.0,
fixed,2,4898,0.757870614528656,0.0,0.005960006266832352,0.06807541847229004,0.7812732458114624,4,0.25,
fixed,2,4899,0.9323369264602661,0.023287884891033173,0.0018873268272727728,0.03619229793548584,0.9557822346687317,4,0.25,
fixed,2,4900,0.6780382990837097,0.009268013760447502,1.3376791685004719e-05,0.14390873908996582,0.7258515954017639,4,0.25,2.0554425716400146
fixed,2,4901,0.35144487023353577,0.0,0.00981496274471283,0.10261285305023193,0.38713622093200684,4,0.25,
fixed,2,4902,0.8522348999977112,2.7504087483976036e-05,0.004617614671587944,0.08539402484893799,0.8801756501197815,4,0.25,
fixed,2,4903,0.625810444355011,0.02290692925453186,0.021380700170993805,0.33178651332855225,0.7474902272224426,4,1.0,
fixed,2,4904,0.42889243364334106,0.0072828130796551704,0.023117929697036743,0.08467602729797363,0.46949562430381775,4,0.75,
fixed,2,4905,0.6453359127044678,6.368681624735473e-06,0.008546165190637112,0.1026374101638794,0.6804034113883972,4,0.25,2.1586062908172607
fixed,2,4906,0.4590109586715698,0.0,0.05034130439162254,0.24372756481170654,0.5572998523712158,4,0.75,
fixed,2,4907,0.7206629514694214,0.02795211784541607,0.005465305410325527,0.05803573131561279,0.7547823786735535,4,0.5,
fixed,2,4908,1.1710834503173828,1.0904135478995158e-06,0.026734963059425354,0.07319164276123047,1.206408977508545,4,0.5,
fixed,2,4909,0.4648534059524536,0.00585421547293663,0.027302928268909454,0.04285776615142822,0.4942893087863922,4,0.25,
fixed,2,4910,0.6903669238090515,1.2570625585794915e-05,0.02088972181081772,0.051650047302246094,0.7163130640983582,4,0.5,4.514011859893799
fixed,2,4911,0.6637490391731262,0.0,0.010749278590083122,0.12382841110229492,0.7062721848487854,4,0.25,
fixed,2,4912,0.5320228934288025,0.0,0.013163331896066666,0.07899796962738037,0.5623039603233337,4,0.5,
fixed,2,4913,0.454850435256958,0.0,0.019455304369330406,0.05378603935241699,0.4807139039039612,4,0.5,
fixed,2,4914,0.5845312476158142,0.0,0.01415674015879631,0.05972278118133545,0.6095264554023743,4,0.5,
fixed,2,4915,0.6123325824737549,1.6440756098745624e-06,0.019195664674043655,0.05042219161987305,0.637057900428772,4,0.5,4.1656880378723145
fixed,2,4916,0.7284893989562988,1.9632259864010848e-05,0.027016017585992813,0.04523611068725586,0.7555780410766602,4,0.5,
fixed,2,4917,0.9063816070556641,0.0,0.014363452792167664,0.0560760498046875,0.9303861260414124,4,0.5,
fixed,2,4918,0.36486393213272095,0.0,0.030346602201461792,0.11684536933898926,0.4150908589363098,4,0.75,
fixed,2,4919,0.7396453619003296,0.0,0.0007407358498312533,0.18068146705627441,0.7942201495170593,4,0.0,
fixed,2,4920,0.6335428953170776,0.013784395530819893,0.007886534556746483,0.055789947509765625,0.6611153483390808,4,0.5,0.930342972278595
fixed,2,4921,0.25766780972480774,0.0,0.005988509859889746,0.07940506935119629,0.28448358178138733,4,0.25,
fixed,2,4922,0.5335170030593872,0.015277124010026455,0.009528898634016514,0.40332579612731934,0.6669177412986755,4,1.0,
fixed,2,4923,0.6160039305686951,0.0,0.0059044258669018745,0.07976675033569336,0.6428861618041992,4,0.5,
fixed,2,4924,0.9349955320358276,0.023029951378703117,0.017957013100385666,0.13153338432312012,0.9949490427970886,4,0.75,
fixed,2,4925,0.6028167605400085,0.0,0.003229568712413311,0.08230972290039062,0.6291244626045227,4,0.25,1.1435089111328125
fixed,2,4926,0.8594461679458618,0.0,0.013284686952829361,0.18619346618652344,0.9219465255737305,4,0.75,
fixed,2,4927,1.0761921405792236,0.00889464933425188,0.019435940310359,0.2662956714630127,1.1702461242675781,4,1.0,
fixed,2,4928,0.3833853304386139,0.016279954463243484,0.012789388187229633,0.12376916408538818,0.43505075573921204,4,0.75,
fixed,2,4929,0.6248490810394287,0.0,0.013027279637753963,0.07039821147918701,0.6524822115898132,4,0.5,
fixed,2,4930,0.6748500466346741,0.0,0.0186211708933115,0.12605631351470947,0.7219775319099426,4,0.75,4.831239223480225
fixed,2,4931,0.9899973273277283,0.0,0.021429987624287605,0.0535588264465332,1.0167800188064575,4,0.5,
fixed,2,4932,0.47732821106910706,0.0,0.015135561116039753,0.06158792972564697,0.5033723711967468,4,0.5,
fixed,2,4933,0.3701574206352234,0.005238533020019531,0.013725765980780125,0.08282852172851562,0.40448811650276184,4,0.5,
fixed,2,4934,0.6770550012588501,0.002821128349751234,0.008544974029064178,0.08910775184631348,0.7094703912734985,4,0.25,
fixed,2,4935,0.7116644382476807,0.0,0.006319788284599781,0.1316835880279541,0.7543294429779053,4,0.25,1.6809287071228027
fixed,2,4936,0.8637436032295227,0.03814749792218208,0.004861312918365002,0.14550375938415527,0.9288991689682007,4,0.5,
fixed,2,4937,0.9081693291664124,0.0,0.06284499168395996,0.04737508296966553,0.9538043737411499,4,0.5,
fixed,2,4938,0.7343010306358337,0.0,0.03765041381120682,0.2845585346221924,0.838493824005127,4,0.0,
fixed,2,4939,0.4340575337409973,0.0,0.04437177628278732,0.15395832061767578,0.5024309158325195,4,0.0,
fixed,2,4940,0.9133531451225281,0.0,0.010312074795365334,0.12644577026367188,0.9564428925514221,4,0.25,2.1969032287597656
fixed,2,4941,0.14198562502861023,0.0,0.018043410032987595,0.04752063751220703,0.16526351869106293,4,0.5,
fixed,2,4942,0.3304780423641205,0.027996864169836044,0.02392035350203514,0.19003629684448242,0.4134475588798523,4,0.75,
fixed,2,4943,0.9569095969200134,0.0,0.006741676013916731,0.10406672954559326,0.9915004372596741,4,0.25,
fixed,2,4944,0.987078845500946,0.0,0.011607292108237743,0.053791046142578125,1.0090198516845703,4,0.5,
fixed,2,4945,0.9258725047111511,0.0,0.01146815624088049,0.061937570571899414,0.9501878619194031,4,0.5,3.054196357727051
fixed,2,4946,0.2249407023191452,0.0,0.00639280304312706,0.09699499607086182,0.257235586643219,4,0.25,
fixed,2,4947,0.6474299430847168,0.0,0.013097413815557957,0.19043374061584473,0.7111088037490845,4,0.75,
fixed,2,4948,0.44037535786628723,0.0,0.00752974534407258,0.02365589141845703,0.4512369930744171,4,0.25,
fixed,2,4949,0.9260973334312439,0.0,0.012843355536460876,0.2608041763305664,1.0107603073120117,4,0.5,
fixed,2,4950,0.45297545194625854,0.03477992117404938,0.020005159080028534,0.05718433856964111,0.49752330780029297,4,0.5,2.8667964935302734
fixed,2,4951,0.5839006900787354,0.0,0.004590821452438831,0.07239913940429688,0.6079158186912537,4,0.25,
fixed,2,4952,0.4251038134098053,0.0,0.009490973316133022,0.06936800479888916,0.45065969228744507,4,0.5,
fixed,2,4953,0.9792454242706299,0.0,0.007716992404311895,0.06473016738891602,1.0025229454040527,4,0.5,
fixed,2,4954,0.8368830680847168,0.0,0.011221332475543022,0.03293609619140625,0.8523745536804199,4,0.25,
fixed,2,4955,0.828655481338501,0.0,0.008124534972012043,0.07576608657836914,0.8554475903511047,4,0.5,2.560864210128784
fixed,2,4956,0.593575656414032,0.03055664710700512,0.009126799181103706,0.3007887601852417,0.7036539912223816,4,0.75,
fixed,2,4957,0.6562827825546265,0.0,0.005206947214901447,0.09270286560058594,0.6866971254348755,4,0.25,
fixed,2,4958,0.30410313606262207,0.0,0.00779852457344532,0.08678793907165527,0.33403879404067993,4,0.5,
fixed,2,4959,0.668075442314148,0.0,0.0067818863317370415,0.09394550323486328,0.6996500492095947,4,0.5,
fixed,2,4960,1.2954576015472412,0.0,0.0001481090293964371,0.29726123809814453,1.3847100734710693,4,0.0,0.5300466418266296
fixed,2,4961,1.3402718305587769,0.01115607563406229,8.401361992582679e-05,0.13115155696868896,1.3852373361587524,4,0.25,
fixed,2,4962,0.46592792868614197,0.0,0.010427363216876984,0.06978607177734375,0.49207744002342224,4,0.5,
fixed,2,4963,0.3636644184589386,0.0,0.01637137494981289,0.29438650608062744,0.4601660668849945,4,0.75,
fixed,2,4964,0.691785991191864,0.0,0.00871947593986988,0.10164380073547363,0.7266388535499573,4,0.5,
fixed,2,4965,0.38726356625556946,0.0,0.0247954111546278,0.15229582786560059,0.4453500211238861,4,0.75,5.781122207641602
fixed,2,4966,0.6689847111701965,0.0,0.0271614957600832,0.034979939460754395,0.6930594444274902,4,0.5,
fixed,2,4967,0.3141287565231323,0.0,0.015203295275568962,0.06538474559783936,0.34134581685066223,4,0.5,
fixed,2,4968,0.2315431386232376,0.0,0.009311718866229057,0.0684046745300293,0.2567203938961029,4,0.5,
fixed,2,4969,0.570964515209198,8.922682468437415e-07,5.889477051823633e-06,0.2984342575073242,0.6604982018470764,4,0.0,
fixed,2,4970,0.36861497163772583,0.0,0.012942373752593994,0.07039499282836914,0.3962046504020691,4,0.5,3.6260433197021484
fixed,2,4971,0.571774423122406,0.0,0.011009746231138706,0.07684707641601562,0.6003333926200867,4,0.5,
fixed,2,4972,0.5078299641609192,0.0,0.010548423044383526,0.02872300148010254,0.5217210650444031,4,0.25,
fixed,2,4973,0.24113920331001282,0.0,0.026474757120013237,0.13965678215026855,0.2962736189365387,4,0.75,
fixed,2,4974,0.37169232964515686,0.0,0.006742987781763077,0.03643810749053955,0.3859952688217163,4,0.25,
fixed,2,4975,0.27680331468582153,0.014829716645181179,0.004415276926010847,0.12605631351470947,0.3242427110671997,4,0.25,3.7957589626312256
fixed,2,4976,0.4798431396484375,0.0,0.005399805959314108,0.11128807067871094,0.5159294605255127,4,0.25,
fixed,2,4977,0.4273749589920044,0.0,0.005018279887735844,0.09270155429840088,0.45769456028938293,3,0.5,
fixed,2,4978,0.4096752107143402,0.018036551773548126,0.0031429810915142298,0.09651875495910645,0.44922059774398804,4,0.5,
fixed,2,4979,0.32362064719200134,0.026699941605329514,0.0034353509545326233,0.12047147750854492,0.3748297393321991,4,0.75,
fixed,2,4980,0.8470169305801392,0.02877303957939148,0.0001579325326019898,0.11075925827026367,0.8947101831436157,4,0.25,3.738095760345459
fixed,2,4981,0.6262669563293457,0.026759831234812737,0.0043668970465660095,0.07856583595275879,0.6654000878334045,4,0.5,
fixed,2,4982,0.5334891080856323,0.0,0.004648066125810146,0.10327005386352539,0.5667941570281982,4,0.25,
fixed,2,4983,0.2619745135307312,0.0,0.02618701197206974,0.07097721099853516,0.29636117815971375,4,0.5,
fixed,2,4984,0.8327636122703552,0.03464019298553467,0.00043412443483248353,0.09227454662322998,0.8779831528663635,4,0.25,
fixed,2,4985,0.7473403215408325,0.018722856417298317,0.03792456537485123,0.07275450229644775,0.7974903583526611,4,0.75,3.81866717338562
fixed,2,4986,0.42309391498565674,0.0,0.020432349294424057,0.15385925769805908,0.47946786880493164,4,0.75,
fixed,2,4987,0.6325448751449585,0.009199176914989948,0.017841918393969536,0.0838775634765625,0.6712287068367004,4,0.75,
fixed,2,4988,0.4202244281768799,0.0,0.022650524973869324,0.03539109230041504,0.4421670138835907,4,0.5,
fixed,2,4989,0.5696436762809753,0.0,0.022334134206175804,0.1291288137435913,0.6195493936538696,4,0.75,
fixed,2,4990,0.9406887292861938,0.016261044889688492,0.00041149670141749084,0.11805105209350586,0.9844403266906738,4,0.25,3.288066864013672
fixed,2,4991,0.1807640939950943,0.0,0.018943339586257935,0.04987764358520508,0.20519906282424927,4,0.5,
fixed,2,4992,0.588047206401825,0.0,0.033426690846681595,0.078377366065979,0.6282737851142883,4,0.75,
fixed,2,4993,0.5420895218849182,0.018322119489312172,0.03866051882505417,0.18430590629577637,0.6258726119995117,4,1.0,
fixed,2,4994,0.3224094808101654,0.019815897569060326,0.00043797597754746675,0.12897956371307373,0.3712303042411804,4,0.25,
fixed,2,4995,0.4140194058418274,0.006433452945202589,0.02317855879664421,0.09155869483947754,0.4562930166721344,4,0.75,3.998741388320923
fixed,2,4996,0.28696608543395996,0.0,0.0005146535113453865,0.3575015068054199,0.3944738805294037,4,0.0,
fixed,2,4997,0.6910392045974731,0.0,0.024504225701093674,0.044557809829711914,0.7166586518287659,4,0.5,
fixed,2,4998,0.5204578042030334,0.0032362088095396757,0.014437495730817318,0.07138359546661377,0.5507097244262695,4,0.25,
fixed,2,4999,0.3280775845050812,0.0,0.01582128182053566,0.04152679443359375,0.348446249961853,4,0.5,
fixed,2,5000,0.5131590962409973,0.0,0.037015464156866074,0.06851553916931152,0.5522214770317078,4,0.75,7.3627471923828125
fixed,2,5001,0.3585117757320404,0.02152612805366516,0.00019190774764865637,0.09374725818634033,0.39749497175216675,4,0.25,
fixed,2,5002,0.53789883852005,0.0,0.0634058490395546,0.11312437057495117,0.6035391092300415,4,0.0,
fixed,2,5003,0.7222809791564941,0.0,0.033474672585725784,0.1008833646774292,0.7692832946777344,4,0.75,
fixed,2,5004,0.9084915518760681,0.0,0.02974761463701725,0.04696178436279297,0.9374538660049438,4,0.5,
fixed,2,5005,0.4977381229400635,0.008116515353322029,0.029848283156752586,0.07284927368164062,0.538575291633606,4,0.75,3.308793783187866
fixed,2,5006,0.8168336749076843,0.0,0.039173029363155365,0.14582538604736328,0.8801678419113159,4,0.75,
fixed,2,5007,0.545195996761322,0.03097248636186123,0.010605939663946629,0.17129063606262207,0.6173723936080933,4,0.75,
fixed,2,5008,0.6332467794418335,0.0,0.01249176636338234,0.1981215476989746,0.6989291310310364,4,0.75,
fixed,2,5009,0.7790870666503906,7.130183234949072e-07,0.024047741666436195,0.04752755165100098,0.8053695559501648,4,0.5,
fixed,2,5010,0.6516299843788147,1.5733441216525534e-07,0.014996112324297428,0.18785130977630615,0.715483546257019,4,0.75,4.214142322540283
fixed,2,5011,0.7728300094604492,2.616904453134339e-07,0.02503560297191143,0.1552724838256836,0.8319296836853027,4,0.25,
fixed,2,5012,0.4711662828922272,0.010682392865419388,0.005761635955423117,0.049693942070007324,0.49429649114608765,4,0.5,
fixed,2,5013,0.7366421818733215,1.6894777132847594e-08,0.007949923165142536,0.05981576442718506,0.758561909198761,4,0.5,
fixed,2,5014,0.6041750311851501,3.553550413926132e-06,0.003514462150633335,0.07086324691772461,0.627193033695221,4,0.25,
fixed,2,5015,0.3901534080505371,0.0,0.0373227521777153,0.30313634872436523,0.4997556805610657,4,1.0,7.368638515472412
fixed,2,5016,1.0164703130722046,0.0,0.0039403969421982765,0.07776129245758057,1.0417689085006714,4,0.25,
fixed,2,5017,0.6836419701576233,5.575344630415202e-07,0.005160892382264137,0.08390963077545166,0.7113955616950989,4,0.25,
fixed,2,5018,0.3540111780166626,0.011994641274213791,0.02357790432870388,0.11684060096740723,0.40684962272644043,4,0.75,
fixed,2,5019,1.2157243490219116,5.8754953897732776e-06,0.009696188382804394,0.0569767951965332,1.2376683950424194,4,0.5,
fixed,2,5020,0.7771720886230469,0.0,0.003711482509970665,0.07749295234680176,0.8022757172584534,4,0.25,1.211593747138977
fixed,2,5021,0.4652174413204193,0.0,0.018231071531772614,0.06168937683105469,0.4928397834300995,4,0.5,
fixed,2,5022,0.18086475133895874,0.0,0.024814896285533905,0.03985595703125,0.2052289843559265,4,0.5,
fixed,2,5023,0.8410705327987671,0.0,0.012052597478032112,0.20965981483459473,0.9099947810173035,4,0.75,
fixed,2,5024,0.8566048741340637,0.0,0.009759043343365192,0.1163945198059082,0.8964027762413025,4,0.25,
fixed,2,5025,0.7519149780273438,0.0,0.012098873034119606,0.0527346134185791,0.7737848162651062,4,0.5,2.965365171432495
fixed,2,5026,0.8294844031333923,0.0,0.009609728120267391,0.23244011402130127,0.9040213227272034,4,0.75,
fixed,2,5027,1.1419637203216553,0.01450697984546423,0.00024136413412634283,0.13402140140533447,1.1895443201065063,4,0.25,
fixed,2,5028,0.7816848158836365,0.0,0.019116785377264023,0.1648409366607666,0.8406955003738403,4,0.75,
fixed,2,5029,0.2940812408924103,0.0,0.013879474252462387,0.52759850025177,0.45930051803588867,4,1.0,
fixed,2,5030,0.2772800922393799,0.0,0.013315018266439438,0.06272804737091064,0.30275601148605347,4,0.5,3.357661008834839
fixed,2,5031,1.1490075588226318,0.0,0.004061100538820028,0.0843968391418457,1.1763571500778198,4,0.25,
fixed,2,5032,1.4500442743301392,0.020180759951472282,0.00807296484708786,0.15504133701324463,1.510683536529541,4,0.75,
fixed,2,5033,0.5417231321334839,0.0,0.004309322219341993,0.0804436206817627,0.5680108666419983,4,0.25,
fixed,2,5034,0.49036216735839844,0.0,0.011215057224035263,0.07579290866851807,0.5187075734138489,4,0.5,
fixed,2,5035,0.48675891757011414,0.0,0.014457151293754578,0.04595792293548584,0.5077748894691467,4,0.5,3.4967410564422607
fixed,2,5036,0.47278258204460144,0.0,0.021520409733057022,0.037229061126708984,0.4947115182876587,4,0.5,
fixed,2,5037,0.8983460068702698,0.0,0.011546317487955093,0.05742514133453369,0.9213467240333557,4,0.5,
fixed,2,5038,0.9319108128547668,0.026178304105997086,0.012574572116136551,0.06541502475738525,0.9709117412567139,4,0.5,
fixed,2,5039,0.6284213066101074,0.02508324384689331,0.012698488309979439,0.06576073169708252,0.6670404076576233,4,0.5,
fixed,2,5040,0.7138162851333618,0.0,0.009220375679433346,0.14827299118041992,0.762908399105072,4,0.25,2.0574634075164795
fixed,2,5041,0.5464579463005066,0.0,0.03292271867394447,0.30269479751586914,0.6537277698516846,4,1.0,
fixed,2,5042,0.6588560342788696,0.0,0.022971507161855698,0.07278704643249512,0.6921778917312622,4,0.5,
fixed,2,5043,0.45340681076049805,0.008945804089307785,0.020593734458088875,0.23032701015472412,0.5372747182846069,4,1.0,
fixed,2,5044,0.9573516249656677,0.0,0.030898746103048325,0.18601703643798828,1.0286060571670532,4,0.75,
fixed,2,5045,0.8542750477790833,0.0,0.009353598579764366,0.10572648048400879,0.8906698226928711,4,0.25,2.2037832736968994
fixed,2,5046,0.6407433748245239,0.0,0.02680170349776745,0.05773282051086426,0.6714640855789185,4,0.5,
fixed,2,5047,0.3955073654651642,0.0,0.01815599948167801,0.04524576663970947,0.4181590974330902,4,0.5,
fixed,2,5048,0.5207943916320801,0.013826590962707996,0.014414924196898937,0.019423365592956543,0.5407421588897705,4,0.5,
fixed,2,5049,0.5806652903556824,0.0,0.007043519522994757,0.1129612922668457,0.618075430393219,4,0.25,
fixed,2,5050,0.778719961643219,0.0,0.028442034497857094,0.09791707992553711,0.8223161101341248,4,0.75,5.80040979385376
fixed,2,5051,0.83326655626297,0.0,0.02470771223306656,0.04006397724151611,0.8576396107673645,4,0.5,
fixed,2,5052,0.674392580986023,0.0,0.009695561602711678,0.0360642671585083,0.6900596618652344,4,0.25,
fixed,2,5053,0.8551819920539856,0.0,0.013096524402499199,0.04368257522583008,0.8748350143432617,4,0.5,
fixed,2,5054,0.38935500383377075,0.010888642631471157,0.006509029772132635,0.07448554039001465,0.4203994870185852,4,0.5,
fixed,2,5055,0.6363286972045898,0.0,0.004676175303757191,0.11206531524658203,0.6722863912582397,4,0.25,1.4196189641952515
fixed,2,5056,0.15994958579540253,0.0,0.012926451861858368,0.09651052951812744,0.19536596536636353,4,0.25,
fixed,2,5057,0.876913845539093,0.0,0.015566286630928516,0.16298842430114746,0.9335935115814209,4,0.75,
fixed,2,5058,0.21574822068214417,0.0,0.011321851052343845,0.07610189914703369,0.2442397177219391,4,0.5,
fixed,2,5059,0.24100011587142944,0.03504107892513275,0.00614234758540988,0.07719707489013672,0.28475093841552734,4,0.5,
fixed,2,5060,0.43233150243759155,0.0,0.04089338704943657,0.2991173267364502,0.542513370513916,4,1.0,7.385762691497803
fixed,2,5061,1.119591474533081,0.0,0.0118172038346529,0.20644783973693848,1.187434434890747,4,0.75,
fixed,2,5062,0.4339311718940735,0.03821895271539688,0.0038161291740834713,0.10008120536804199,0.48497307300567627,4,0.5,
fixed,2,5063,0.6746980547904968,0.0,0.008991779759526253,0.17356514930725098,0.7312635183334351,4,0.25,
fixed,2,5064,0.5882312059402466,0.0,0.0046392399817705154,0.14302527904510498,0.6334584355354309,4,0.25,
fixed,2,5065,0.3654648959636688,0.0,0.014916845597326756,0.17666888236999512,0.4259239733219147,4,0.75,4.110525608062744
fixed,2,5066,0.660047173500061,0.051733262836933136,0.01357143186032772,0.33721673488616943,0.7938645482063293,4,1.0,
fixed,2,5067,0.7717052102088928,0.0,0.013423064723610878,0.055886149406433105,0.7951825857162476,4,0.5,
fixed,2,5068,0.5207555890083313,0.0,0.028156815096735954,0.033152222633361816,0.5447796583175659,4,0.5,
fixed,2,5069,0.5137324333190918,0.01798805221915245,0.01640557125210762,0.09279394149780273,0.5587674379348755,4,0.75,
fixed,2,5070,0.6771023273468018,0.0,0.016891295090317726,0.04997587203979492,0.7005407214164734,4,0.5,3.9760444164276123
fixed,2,5071,0.558199405670166,0.0,0.012948219664394855,0.10271692276000977,0.5954886078834534,4,0.25,
fixed,2,5072,1.1037425994873047,0.0,0.04542361944913864,0.02063727378845215,1.132645606994629,4,0.5,
fixed,2,5073,0.9954342246055603,0.0,0.01885710097849369,0.04025673866271973,1.0169397592544556,4,0.5,
fixed,2,5074,0.4487176835536957,0.0,0.02527329884469509,0.10910904407501221,0.4940870404243469,4,0.75,
fixed,2,5075,0.3611481487751007,0.0,0.03575371950864792,0.052263736724853516,0.394704133272171,4,0.5,5.702445030212402
fixed,2,5076,0.7466382384300232,0.0,0.019784031435847282,0.04821419715881348,0.7709945440292358,4,0.5,
fixed,2,5077,0.6305426955223083,0.0,0.004525806289166212,0.2917947769165039,0.720344066619873,4,0.0,
fixed,2,5078,1.003989338874817,0.0,0.03721537068486214,0.07767558097839355,1.045899748802185,4,0.25,
fixed,2,5079,0.5118910074234009,0.0,0.010100831277668476,0.1361243724822998,0.5577787160873413,4,0.25,
fixed,2,5080,0.38123971223831177,0.0,0.009754518046975136,0.07884442806243896,0.40977030992507935,4,0.5,2.7912065982818604
fixed,2,5081,0.5490520000457764,0.0,0.018964268267154694,0.17215335369110107,0.610180139541626,4,0.75,
fixed,2,5082,0.3378644287586212,0.018353980034589767,0.006209659390151501,0.09605813026428223,0.3789636790752411,4,0.5,
fixed,2,5083,0.2656939625740051,0.022876303642988205,0.023762067779898643,0.11707925796508789,0.3241369128227234,4,0.75,
fixed,2,5084,0.6876387596130371,0.0,0.02213365025818348,0.42681342363357544,0.8267496228218079,4,1.0,
fixed,2,5085,0.37055549025535583,0.0,0.009608033113181591,0.058461666107177734,0.3928980231285095,4,0.25,2.398024320602417
fixed,2,5086,0.7506731152534485,0.0,0.004275944549590349,0.09482288360595703,0.7812579274177551,4,0.25,
fixed,2,5087,0.3558526635169983,0.0,0.0069551654160022736,0.07024431228637695,0.3804035484790802,4,0.5,
fixed,2,5088,0.5576842427253723,0.017577074468135834,0.005524342879652977,0.0683603286743164,0.5897430777549744,4,0.5,
fixed,2,5089,0.414385586977005,0.0,0.006128307897597551,0.08035910129547119,0.44155746698379517,4,0.5,
fixed,2,5090,0.305008202791214,0.0,0.016599684953689575,0.4764114022254944,0.4562314748764038,4,1.0,4.95713996887207
fixed,2,5091,0.6401819586753845,0.0,0.011131616309285164,0.0614628791809082,0.6641866564750671,4,0.5,
fixed,2,5092,0.719182550907135,0.0,0.009007018059492111,0.053696393966674805,0.7397949695587158,4,0.5,
fixed,2,5093,0.6979678273200989,0.0,0.007439392153173685,0.08564162254333496,0.7273800373077393,4,0.25,
fixed,2,5094,0.7099923491477966,0.0,0.027298877015709877,0.10555112361907959,0.755307137966156,4,0.75,
fixed,2,5095,0.3878408372402191,0.0,0.016029424965381622,0.14353716373443604,0.43891671299934387,4,0.75,4.319036960601807
fixed,2,5096,0.7387501001358032,0.0,0.01824442483484745,0.1317133903503418,0.7873863577842712,4,0.75,
fixed,2,5097,0.3157079517841339,0.029671264812350273,0.012670646421611309,0.12727713584899902,0.3750620484352112,4,0.75,
fixed,2,5098,0.2611462473869324,0.0,0.018325768411159515,0.060819029808044434,0.288554847240448,4,0.5,
fixed,2,5099,0.7416707277297974,0.0,0.005988296587020159,0.11176395416259766,0.7781940698623657,4,0.25,
fixed,2,5100,0.4785403609275818,0.0,0.025037534534931183,0.060227394104003906,0.5091273188591003,4,0.5,4.291937351226807
fixed,2,5101,0.5761024355888367,0.0,0.012645917944610119,0.06933724880218506,0.6032265424728394,4,0.5,
fixed,2,5102,0.2663803994655609,0.0,0.0010345589835196733,0.4116387963294983,0.3903893232345581,4,0.0,
fixed,2,5103,0.3797248601913452,0.007057601120322943,0.0023505936842411757,0.10610032081604004,0.4162590503692627,4,0.25,
fixed,2,5104,0.2742450535297394,0.0,0.02250339277088642,0.38224244117736816,0.4001694917678833,4,1.0,
fixed,2,5105,0.4975009858608246,0.0,0.030825039371848106,0.0976717472076416,0.5422150492668152,4,0.75,6.38467264175415
fixed,2,5106,0.6936145424842834,0.0,0.018540631979703903,0.12061846256256104,0.7390704154968262,4,0.75,
fixed,2,5107,1.064078450202942,0.0,0.0076971654780209064,0.09658956527709961,1.096903920173645,4,0.25,
fixed,2,5108,0.3830481469631195,0.0,0.012455873191356659,0.05192971229553223,0.40485501289367676,4,0.5,
fixed,2,5109,0.3021252155303955,0.0,0.019717007875442505,0.28321099281311035,0.3969470262527466,4,0.5,
fixed,2,5110,0.5871829986572266,0.0,0.020394781604409218,0.13429641723632812,0.6376693248748779,4,0.25,3.242037534713745
fixed,2,5111,0.3442128896713257,0.0,0.022684920579195023,0.03857755661010742,0.3671286106109619,4,0.5,
fixed,2,5112,0.8901442289352417,0.031240133568644524,0.009648900479078293,0.16319239139556885,0.9595464468002319,4,0.75,
fixed,2,5113,0.37117359042167664,0.0,0.005752433091402054,0.11384224891662598,0.40820246934890747,4,0.25,
fixed,2,5114,0.3495558202266693,0.0,0.008128284476697445,0.03200960159301758,0.3632228374481201,4,0.25,
fixed,2,5115,0.6185784339904785,0.0,0.012747948989272118,0.06488871574401855,0.6444190144538879,4,0.5,3.3910162448883057
fixed,2,5116,0.8124803304672241,0.0128319738432765,0.023150494322180748,0.10504627227783203,0.861985445022583,4,0.75,
fixed,2,5117,1.2746515274047852,0.01443454809486866,0.00481369998306036,0.08495330810546875,1.309761643409729,4,0.5,
fixed,2,5118,0.814065158367157,0.0,0.009454501792788506,0.342623233795166,0.9215793609619141,4,0.0,
fixed,2,5119,0.4721768796443939,0.0,0.016726551577448845,0.1910775899887085,0.5378634333610535,4,0.75,
fixed,2,5120,0.5613468885421753,0.0,0.014609608799219131,0.054047226905822754,0.5848658680915833,4,0.5,3.8052358627319336
fixed,2,5121,0.25516989827156067,0.0,0.009356454014778137,0.1040651798248291,0.2910676896572113,4,0.5,
fixed,2,5122,0.3426009714603424,0.0,0.027594393119215965,0.15138530731201172,0.4018137753009796,4,0.75,
fixed,2,5123,1.0539298057556152,0.0,0.009212957695126534,0.04499650001525879,1.0720351934432983,4,0.25,
fixed,2,5124,0.630634069442749,0.0,0.013353466987609863,0.2051471471786499,0.698854923248291,4,0.75,
fixed,2,5125,0.22419093549251556,0.014208716340363026,0.013210033997893333,0.14310359954833984,0.28083139657974243,4,0.75,1.5515356063842773
fixed,2,5126,0.8670357465744019,0.0,0.004251319449394941,0.17131972312927246,0.9205573201179504,4,0.25,
fixed,2,5127,0.5209048986434937,0.0,0.02400643192231655,0.14986681938171387,0.5778681635856628,4,0.75,
fixed,2,5128,0.7403855323791504,0.0,0.013276812620460987,0.10362005233764648,0.7781099677085876,4,0.5,
fixed,2,5129,0.46183162927627563,0.0,0.02458646520972252,0.029533028602600098,0.4829847812652588,4,0.5,
fixed,2,5130,0.7947641611099243,0.0,0.007314727641642094,0.1626664400100708,0.8472214341163635,4,0.25,1.926762580871582
fixed,2,5131,0.4886619448661804,0.0,0.021958546712994576,0.07556450366973877,0.5223105549812317,4,0.5,
fixed,2,5132,0.7682322859764099,0.034587934613227844,0.01501970924437046,0.14041829109191895,0.835161566734314,4,0.75,
fixed,2,5133,0.8583278059959412,0.0,0.0048291683197021484,0.11101174354553223,0.894045889377594,4,0.25,
fixed,2,5134,0.8429191708564758,0.0,0.018551675602793694,0.05890548229217529,0.869866669178009,4,0.5,
fixed,2,5135,0.9093515276908875,0.0,0.015334054827690125,0.16187477111816406,0.9655809998512268,4,0.75,4.386896133422852
fixed,2,5136,0.7244384288787842,0.029718872159719467,0.004077867604792118,0.049123525619506836,0.7560738325119019,4,0.5,
fixed,2,5137,0.5682438015937805,0.0,0.006660666316747665,0.02657771110534668,0.5795474648475647,4,0.25,
fixed,2,5138,0.7347801923751831,0.0,0.0054138340055942535,0.08346271514892578,0.7625259160995483,4,0.25,
fixed,2,5139,1.0526806116104126,0.0,0.0039329384453594685,0.22439205646514893,1.121964693069458,4,0.0,
fixed,2,5140,0.49528783559799194,0.0,0.026279931887984276,0.3660542964935303,0.6182441115379333,4,1.0,6.589843273162842
fixed,2,5141,0.34781914949417114,0.0,0.014780734665691853,0.16565370559692383,0.40490561723709106,4,0.75,
fixed,2,5142,0.33534252643585205,0.0,0.008312808349728584,0.0330045223236084,0.34940028190612793,4,0.25,
fixed,2,5143,0.7662037014961243,0.018391119316220284,0.004081834107637405,0.058837175369262695,0.7950913310050964,4,0.5,
fixed,2,5144,0.6394742131233215,0.022586461156606674,0.022066058591008186,0.2975940704345703,0.751078724861145,4,1.0,
fixed,2,5145,0.32781946659088135,0.0,0.013385184109210968,0.05902528762817383,0.3522196412086487,4,0.5,3.5016772747039795
fixed,2,5146,0.4989369809627533,0.0,0.012731537222862244,0.06434738636016846,0.5246069431304932,4,0.5,
fixed,2,5147,0.5630597472190857,0.024422520771622658,0.011410689912736416,0.0618818998336792,0.5995409488677979,4,0.5,
fixed,2,5148,1.0212461948394775,0.0,0.007231179159134626,0.13774776458740234,1.0661860704421997,4,0.25,
fixed,2,5149,0.7478429675102234,0.0,0.017829814925789833,0.050588369369506836,0.7719343900680542,4,0.5,
fixed,2,5150,0.4932071268558502,0.01950306072831154,0.01813804730772972,0.08414220809936523,0.5372703671455383,4,0.75,1.1134610176086426
fixed,2,5151,0.4352935552597046,0.011071810498833656,0.009436252526938915,0.0754847526550293,0.46819302439689636,4,0.5,
fixed,2,5152,0.5540351867675781,0.021261462941765785,0.022241313010454178,0.025879740715026855,0.5835505127906799,4,0.5,
fixed,2,5153,0.6171011328697205,0.0,0.036413758993148804,0.2579946517944336,0.7127063870429993,4,1.0,
fixed,2,5154,0.4879002571105957,0.0,0.03045586869120598,0.07051944732666016,0.5242840051651001,4,0.5,
fixed,2,5155,0.5300697088241577,0.0,0.0006992095150053501,0.43905389308929443,0.6621354818344116,4,0.0,1.170930027961731
fixed,2,5156,0.8674083948135376,0.0,0.0006116763688623905,0.40347206592559814,0.9887558817863464,4,0.0,
fixed,2,5157,0.5755789279937744,0.008732487447559834,0.018878772854804993,0.059988975524902344,0.6073812246322632,4,0.75,
fixed,2,5158,0.5682271718978882,0.0,0.0216587632894516,0.038558363914489746,0.5906240940093994,4,0.5,
fixed,2,5159,0.5694458484649658,0.0,0.014194583520293236,0.11210286617279053,0.6101740002632141,4,0.25,
fixed,2,5160,0.2647262513637543,0.023104846477508545,0.020010918378829956,0.03060007095336914,0.2954641580581665,4,0.5,1.5786702632904053
fixed,2,5161,0.5842857956886292,0.0,0.002499515190720558,0.20335769653320312,0.6465428471565247,4,0.0,
fixed,2,5162,0.4954576790332794,0.0,0.014431655406951904,0.04441821575164795,0.5159989595413208,4,0.25,
fixed,2,5163,0.6215900778770447,0.0,0.030399324372410774,0.17672276496887207,0.6898065805435181,4,0.75,
fixed,2,5164,0.4812965393066406,0.0,0.003829674795269966,0.19962334632873535,0.5430983901023865,4,0.0,
fixed,2,5165,0.6203271746635437,0.0,0.041643328964710236,0.02281367778778076,0.6479929685592651,4,0.5,6.882578372955322
fixed,2,5166,0.2170514017343521,0.0,0.012587327510118484,0.10782980918884277,0.2556940019130707,4,0.25,
fixed,2,5167,0.5365726947784424,0.02100800722837448,0.023303331807255745,0.15788817405700684,0.6060948371887207,4,1.0,
fixed,2,5168,0.2947685420513153,0.0,0.01267259195446968,0.06684577465057373,0.3211585581302643,4,0.5,
fixed,2,5169,0.5781986117362976,0.0,0.016536053270101547,0.28152787685394287,0.6709250211715698,4,0.75,
fixed,2,5170,0.5751403570175171,0.028584888204932213,0.01121709868311882,0.1613624095916748,0.6434500813484192,4,0.75,0.6828265190124512
fixed,2,5171,0.4199138879776001,0.0,0.030792957171797752,0.1334676742553711,0.47535067796707153,4,0.75,
fixed,2,5172,1.084790825843811,0.013019152916967869,0.026379840448498726,0.11149489879608154,1.1379387378692627,4,0.75,
fixed,2,5173,0.35400253534317017,0.025488512590527534,0.004917772952467203,0.08762812614440918,0.39549410343170166,4,0.5,
fixed,2,5174,0.81764817237854,4.593643552652793e-06,0.007185274735093117,0.1259462833404541,0.8590269684791565,4,0.25,
fixed,2,5175,0.9429141879081726,0.0,0.02690967172384262,0.09304702281951904,0.9842831492424011,4,0.5,4.861729145050049
fixed,2,5176,1.180614709854126,0.0,0.03456626459956169,0.12347877025604248,1.2349414825439453,4,0.75,
fixed,2,5177,0.4312094449996948,4.422766597400596e-09,0.013733460567891598,0.06511116027832031,0.45760953426361084,4,0.5,
fixed,2,5178,0.4989829659461975,0.0,0.018400967121124268,0.1643519401550293,0.5574890375137329,4,0.75,
fixed,2,5179,0.25470563769340515,0.0,0.02297670766711235,0.13479351997375488,0.30663204193115234,4,0.75,
fixed,2,5180,0.5615445375442505,0.0,0.015325304120779037,0.08456540107727051,0.5945768356323242,4,0.5,3.9193432331085205
fixed,2,5181,0.7297211289405823,0.013520731590688229,0.006275066174566746,0.07956719398498535,0.7634891867637634,4,0.5,
fixed,2,5182,0.3623478412628174,0.0,0.018278442323207855,0.15907645225524902,0.4192100167274475,4,0.75,
fixed,2,5183,0.22760429978370667,0.0,0.017249561846256256,0.07533705234527588,0.258830189704895,4,0.5,
fixed,2,5184,0.6073017120361328,0.014406690374016762,0.01275189220905304,0.11791276931762695,0.6562548279762268,4,0.75,
fixed,2,5185,0.7869872450828552,0.0,0.033664919435977936,0.10608255863189697,0.8356444835662842,4,0.75,6.608180046081543
fixed,2,5186,0.4321931302547455,0.0,0.016418639570474625,0.04981565475463867,0.4553471505641937,4,0.25,
fixed,2,5187,0.44110342860221863,0.0,0.007310221437364817,0.03955721855163574,0.45662569999694824,4,0.25,
fixed,2,5188,0.6444940567016602,0.0,0.01604076661169529,0.05717730522155762,0.6696676015853882,4,0.5,
fixed,2,5189,0.29507675766944885,0.0,0.023634109646081924,0.06044483184814453,0.3250272572040558,4,0.5,
fixed,2,5190,1.1483882665634155,0.0,0.011470875702798367,0.056878089904785156,1.171187162399292,4,0.5,3.1067278385162354
fixed,2,5191,0.2289475053548813,0.0,0.004910733085125685,0.11279642581939697,0.265241801738739,4,0.25,
fixed,2,5192,0.928266167640686,0.029003888368606567,0.0004299126158002764,0.08131575584411621,0.967377781867981,4,0.5,
fixed,2,5193,0.4651438891887665,0.0,0.023964671418070793,0.0545802116394043,0.493500292301178,4,0.5,
fixed,2,5194,0.4443419873714447,0.0,0.01776093803346157,0.2785007953643799,0.5367727279663086,4,0.75,
fixed,2,5195,0.6026281714439392,0.0,0.014200245961546898,0.1622002124786377,0.6583883762359619,4,0.75,4.001743316650391
fixed,2,5196,0.8709911108016968,0.0,0.008213972672820091,0.06638741493225098,0.8950143456459045,4,0.5,
fixed,2,5197,0.8758304119110107,0.032372310757637024,0.010305240750312805,0.15156245231628418,0.9426379203796387,4,0.75,
fixed,2,5198,1.0396469831466675,0.0,0.015195404179394245,0.14943230152130127,1.0920743942260742,4,0.75,
fixed,2,5199,0.5081190466880798,0.0,0.006916672922670841,0.03875470161437988,0.5232037901878357,4,0.25,
fixed,2,5200,0.3429141044616699,0.0,0.006629812531173229,0.10805773735046387,0.3786463439464569,4,0.25,1.9132860898971558
fixed,2,5201,0.3954083025455475,0.014093701727688313,0.0061667985282838345,0.05491280555725098,0.4220123887062073,4,0.5,
fixed,2,5202,0.34386634826660156,0.0,0.023761915042996407,0.10622656345367432,0.38761526346206665,4,0.75,
fixed,2,5203,1.1725637912750244,0.015599463135004044,0.006117416080087423,0.05503129959106445,1.1999316215515137,4,0.5,
fixed,2,5204,0.07946723699569702,0.0,0.009526560083031654,0.11725926399230957,0.11940829455852509,4,0.25,
fixed,2,5205,0.57557213306427,0.0,0.007474634330719709,0.052805185317993164,0.5951510071754456,4,0.25,2.0074656009674072
fixed,2,5206,0.5120639801025391,0.025255175307393074,0.0009844258893281221,0.1574620008468628,0.5724223852157593,4,0.25,
fixed,2,5207,0.5526533722877502,0.0,0.019007772207260132,0.04272639751434326,0.5749751925468445,4,0.25,
fixed,2,5208,0.4497513175010681,0.0,0.016947569325566292,0.14708399772644043,0.5023503303527832,4,0.75,
fixed,2,5209,0.4015156030654907,0.0,0.013092628680169582,0.09223055839538574,0.43573108315467834,4,0.5,
fixed,2,5210,0.5403429865837097,0.0,0.0214140135794878,0.1369032859802246,0.5921210050582886,4,0.75,5.141820430755615
fixed,2,5211,0.4120817184448242,0.025001099333167076,0.010765999555587769,0.04489326477050781,0.4434332549571991,4,0.5,
fixed,2,5212,0.39376765489578247,0.023022761568427086,0.006965953391045332,0.08701777458190918,0.43486735224723816,4,0.5,
fixed,2,5213,0.34984132647514343,0.0,0.044693611562252045,0.22816753387451172,0.44063839316368103,4,1.0,
fixed,2,5214,0.9174501299858093,0.0,0.017679452896118164,0.14722371101379395,0.9704569578170776,4,0.75,
fixed,2,5215,0.5688750743865967,0.0,0.02159063331782818,0.13600730895996094,0.6204726099967957,4,0.75,5.379010200500488
fixed,2,5216,0.3937909007072449,0.0,0.00642522145062685,0.19522738456726074,0.4555717408657074,4,0.25,
fixed,2,5217,0.46948403120040894,0.0,0.013206074014306068,0.06461143493652344,0.49547049403190613,4,0.25,
fixed,2,5218,0.5350561738014221,0.00865519791841507,0.015573244541883469,0.01418459415435791,0.5514257550239563,4,0.5,
fixed,2,5219,0.4080152213573456,0.0155379893258214,0.00995267927646637,0.07512819766998291,0.4432990252971649,4,0.75,
fixed,2,5220,0.8430187106132507,0.0,0.03911082446575165,0.245147705078125,0.9361184239387512,4,1.0,8.457761764526367
fixed,2,5221,0.29328522086143494,0.0,0.029626375064253807,0.0900576114654541,0.3351157009601593,4,0.75,
fixed,2,5222,0.43797868490219116,0.0,0.00930914469063282,0.16047775745391846,0.49077659845352173,4,0.25,
fixed,2,5223,0.8577466011047363,0.0,0.04218382388353348,0.07883644104003906,0.902489423751831,4,0.75,
fixed,2,5224,1.2828229665756226,0.0,0.02302572876214981,0.05640673637390137,1.3112578392028809,4,0.5,
fixed,2,5225,0.7630882263183594,0.0,0.017692916095256805,0.0545802116394043,0.7883087396621704,4,0.5,4.072612285614014
fixed,2,5226,0.6533799767494202,0.0,0.015437735244631767,0.04130208492279053,0.6734894514083862,4,0.5,
fixed,2,5227,0.35931259393692017,0.0,0.008518455550074577,0.12298989295959473,0.4004687964916229,4,0.25,
fixed,2,5228,0.56318199634552,0.04014073684811592,0.02986970916390419,0.055201053619384766,0.6147475242614746,4,0.75,
fixed,2,5229,0.7048676609992981,0.00980951264500618,0.0034518754109740257,0.0824204683303833,0.7362244725227356,4,0.25,
fixed,2,5230,0.3191220462322235,0.0,0.016302157193422318,0.04101705551147461,0.339578241109848,4,0.5,3.7463974952697754
fixed,2,5231,0.7029054760932922,0.024113643914461136,0.0057102832943201065,0.024624109268188477,0.7252046465873718,4,0.5,
fixed,2,5232,0.8947058916091919,0.0,0.0068788668140769005,0.09775352478027344,0.927471399307251,4,0.25,
fixed,2,5233,0.7004762887954712,0.0,0.020472927019000053,0.1388688087463379,0.7523733973503113,4,0.75,
fixed,2,5234,0.5508942604064941,0.006743044126778841,0.01702488213777542,0.24027657508850098,0.6348612308502197,4,1.0,
fixed,2,5235,0.8942632079124451,0.0,0.006685683503746986,0.09795939922332764,0.9269938468933105,4,0.25,1.9233721494674683
fixed,2,5236,0.6561434268951416,0.0,0.011236564256250858,0.043758273124694824,0.6748892068862915,4,0.5,
fixed,2,5237,0.6430250406265259,0.0,0.015144101344048977,0.31121015548706055,0.7439601421356201,4,0.75,
fixed,2,5238,0.5674901604652405,0.0,0.0036428209859877825,0.10158419609069824,0.5997868180274963,4,0.25,
fixed,2,5239,0.32094940543174744,0.0,0.016302719712257385,0.13633108139038086,0.37000009417533875,4,0.75,
fixed,2,5240,0.34482085704803467,0.0,0.0038041332736611366,0.09930813312530518,0.37651535868644714,4,0.25,1.4593727588653564
fixed,2,5241,0.8324605822563171,0.0,0.033174071460962296,0.05924558639526367,0.8668212890625,4,0.25,
fixed,2,5242,0.3335910737514496,0.0,0.008923638612031937,0.06700897216796875,0.35815557837486267,4,0.25,
fixed,2,5243,0.835508406162262,0.0,0.015135234221816063,0.15185213088989258,0.8886316418647766,4,0.75,
fixed,2,5244,0.2987947463989258,0.00940493680536747,0.013490017503499985,0.28620028495788574,0.39610230922698975,4,1.0,
fixed,2,5245,0.7452311515808105,0.0,0.008083452470600605,0.06125760078430176,0.7676501870155334,4,0.5,2.406419515609741
fixed,2,5246,0.4579394459724426,0.024869456887245178,0.004219996742904186,0.12886381149291992,0.5111433267593384,4,0.75,
fixed,2,5247,0.4343193769454956,0.0,0.019096728414297104,0.1408909559249878,0.4861350357532501,4,0.75,
fixed,2,5248,0.6828953623771667,0.0,0.029458286240696907,0.11013674736022949,0.7306655049324036,4,0.75,
fixed,2,5249,0.4106012284755707,0.0,0.012112133204936981,0.05567753314971924,0.4333605468273163,4,0.5,
fixed,2,5250,0.31269970536231995,0.0,0.023530788719654083,0.379819393157959,0.4384109377861023,4,1.0,6.153282642364502
fixed,2,5251,0.7569506168365479,0.02858397178351879,0.013848095200955868,0.12735068798065186,0.8163718581199646,4,0.75,
fixed,2,5252,0.6712578535079956,0.0,0.02934916876256466,0.08842349052429199,0.7124595046043396,4,0.75,
fixed,2,5253,0.16380198299884796,0.0,0.033668771386146545,0.2652747631072998,0.2602187991142273,4,0.0,
fixed,2,5254,0.6391396522521973,0.0,0.033453188836574554,0.08066236972808838,0.6800649762153625,4,0.75,
fixed,2,5255,0.3216787874698639,0.019525250419974327,0.009479016996920109,0.04850423336029053,0.3507322072982788,4,0.5,1.6613376140594482
fixed,2,5256,0.5305666923522949,0.0,0.025906400755047798,0.034093618392944336,0.5537479519844055,4,0.5,
fixed,2,5257,0.540499210357666,0.0,0.03704903647303581,0.0667581558227539,0.5790511965751648,4,0.75,
fixed,2,5258,0.9593502283096313,0.0,0.001046046963892877,0.45687758922576904,1.096936583518982,4,0.0,
fixed,2,5259,0.8897736072540283,0.02490529604256153,0.02213039994239807,0.08497703075408936,0.9387845396995544,4,0.75,
fixed,2,5260,1.0164422988891602,0.0,0.027343910187482834,0.20384645462036133,1.0912681818008423,4,0.25,4.176547050476074
fixed,2,5261,0.39665064215660095,0.0,0.010117401368916035,0.05596590042114258,0.4184991121292114,4,0.25,
fixed,2,5262,0.8909463882446289,0.0035060748923569918,0.006956466007977724,0.06883502006530762,0.9168281555175781,4,0.25,
fixed,2,5263,1.3726825714111328,0.0012188201071694493,0.033926915377378464,0.16351115703582764,1.439308762550354,4,0.0,
fixed,2,5264,0.48972687125205994,0.0,0.06857972592115402,0.10864949226379395,0.5566115975379944,4,0.0,
fixed,2,5265,0.2894231081008911,0.0,0.022418051958084106,0.11719846725463867,0.335791677236557,4,0.75,5.320790767669678
fixed,2,5266,0.8389326930046082,0.0,0.025403250008821487,0.10799801349639893,0.884033739566803,4,0.75,
fixed,2,5267,0.7327622175216675,0.0,0.039111241698265076,0.036124467849731445,0.7631551623344421,4,0.25,
fixed,2,5268,0.6785797476768494,0.0,0.007286190055310726,0.06402707099914551,0.7014309763908386,4,0.25,
fixed,2,5269,1.105983853340149,0.0,0.01479332149028778,0.16053485870361328,1.1615409851074219,4,0.75,
fixed,2,5270,0.6382297873497009,0.03302762657403946,0.01774878241121769,0.134726881980896,0.7040360569953918,4,0.75,1.2400197982788086
fixed,2,5271,0.5621840357780457,0.0,0.009036869741976261,0.05019795894622803,0.5817618370056152,4,0.5,
fixed,2,5272,0.15923668444156647,0.014559894800186157,0.005781698971986771,0.048296451568603516,0.18389642238616943,4,0.5,
fixed,2,5273,0.3939664363861084,0.0,0.008959323167800903,0.04837942123413086,0.4129599332809448,4,0.5,
fixed,2,5274,0.8192753791809082,0.0,0.006802772171795368,0.06376051902770996,0.8418049216270447,4,0.5,
fixed,2,5275,0.5453613996505737,0.0,0.023758292198181152,0.0497896671295166,0.5721774697303772,4,0.5,3.9259564876556396
fixed,2,5276,0.769124448299408,0.0,0.01331517193466425,0.059438109397888184,0.7936134934425354,4,0.25,
fixed,2,5277,0.7888720035552979,0.05435939505696297,0.0053800614550709724,0.44365763664245605,0.951839029788971,4,1.0,
fixed,2,5278,0.6050629615783691,0.0,0.007111819926649332,0.08828091621398926,0.635103166103363,4,0.5,
fixed,2,5279,1.0475608110427856,0.0,0.03693009167909622,0.11166620254516602,1.0995256900787354,4,0.5,
fixed,2,5280,0.4929291903972626,0.0,0.02016855962574482,0.17505085468292236,0.5555287599563599,4,0.75,4.636104106903076
fixed,2,5281,0.41553038358688354,0.021706556901335716,0.0003406846954021603,0.17928719520568848,0.4803401827812195,4,0.25,
fixed,2,5282,0.4319790005683899,0.0,0.013418734073638916,0.18428397178649902,0.4939735531806946,4,0.75,
fixed,2,5283,0.47534555196762085,0.0,0.016751404851675034,0.15619409084320068,0.5305795073509216,4,0.75,
fixed,2,5284,0.4985586106777191,0.0,0.005480450578033924,0.11950016021728516,0.5371488928794861,4,0.25,
fixed,2,5285,0.7631586790084839,0.0,0.023738963529467583,0.17969036102294922,0.8289352655410767,4,0.25,3.4943645000457764
fixed,2,5286,0.8891757130622864,0.0,0.025710443034768105,0.0662236213684082,0.9218980073928833,4,0.5,
fixed,2,5287,1.073583722114563,0.0965985655784607,0.0034708883613348007,0.44088244438171387,1.2558832168579102,4,1.0,
fixed,2,5288,0.548692524433136,0.0,0.030605457723140717,0.10687875747680664,0.5960589051246643,4,0.75,
fixed,2,5289,0.6343788504600525,0.01368832029402256,0.0066401283256709576,0.0378570556640625,0.6559001803398132,4,0.5,
fixed,2,5290,0.4093101918697357,0.013064192607998848,0.020188428461551666,0.0736304521560669,0.448025643825531,4,0.75,2.013960361480713
fixed,2,5291,0.5812464356422424,0.0,0.03414567932486534,0.1594158411026001,0.6461440324783325,4,0.75,
fixed,2,5292,0.3109375238418579,0.0,0.028674934059381485,0.04398322105407715,0.3384699523448944,4,0.5,
fixed,2,5293,0.6148646473884583,0.02585582062602043,0.027302250266075134,0.1143416166305542,0.6757462024688721,4,1.0,
fixed,2,5294,0.2853254973888397,0.0,0.03280942142009735,0.06459927558898926,0.32110998034477234,4,0.75,
fixed,2,5295,0.5955536365509033,0.014636880718171597,0.03858642280101776,0.14660263061523438,0.6661460995674133,4,1.0,4.707860469818115
fixed,2,5296,0.4943646788597107,0.0,0.014116930775344372,0.09629130363464355,0.5303105115890503,4,0.25,
fixed,2,5297,1.0194613933563232,0.011955193243920803,0.026329461485147476,0.042146921157836914,1.0512478351593018,4,0.75,
fixed,2,5298,0.8352375030517578,0.0060335611924529076,0.027806993573904037,0.03552508354187012,0.8628153204917908,4,0.5,
fixed,2,5299,0.8099364042282104,0.0,0.029439471662044525,0.032829999923706055,0.8345051407814026,4,0.5,
fixed,2,5300,0.5385428071022034,0.0,0.032490454614162445,0.032459259033203125,0.564525842666626,4,0.5,5.283548831939697
fixed,2,5301,0.198373481631279,0.007573664654046297,0.01373441331088543,0.065010666847229,0.22853071987628937,4,0.5,
fixed,2,5302,0.47145023941993713,0.0,0.018470996990799904,0.07037234306335449,0.5017974376678467,4,0.25,
fixed,2,5303,0.37674379348754883,0.0,0.038759808987379074,0.08458709716796875,0.4214998185634613,4,0.5,
fixed,2,5304,0.5331534147262573,0.0,0.01348833180963993,0.16099905967712402,0.5881972908973694,4,0.25,
fixed,2,5305,0.4420364499092102,0.0,0.02195344679057598,0.06394016742706299,0.47219520807266235,4,0.5,4.647421836853027
fixed,2,5306,0.6689251065254211,0.0,0.023605195805430412,0.055031776428222656,0.6972372531890869,4,0.5,
fixed,2,5307,0.9266483783721924,0.0,0.018150459975004196,0.05055403709411621,0.9508898258209229,4,0.5,
fixed,2,5308,0.3719777762889862,0.0,0.020549947395920753,0.04332780838012695,0.3952510952949524,4,0.5,
fixed,2,5309,1.3501830101013184,0.03881223499774933,0.015565166249871254,0.10125565528869629,1.4077484607696533,4,0.75,
fixed,2,5310,0.4229942560195923,0.0,0.014939578250050545,0.0568770170211792,0.447527140378952,4,0.5,3.5027823448181152
fixed,2,5311,0.6306334137916565,0.01235310360789299,0.01071220263838768,0.07364797592163086,0.6642604470252991,4,0.5,
fixed,2,5312,0.6764039993286133,0.01918463036417961,0.006031197030097246,0.06209230422973633,0.7076395750045776,4,0.5,
fixed,2,5313,0.6277036070823669,0.03011329658329487,0.016906164586544037,0.12933564186096191,0.6900140047073364,4,0.75,
fixed,2,5314,0.5497028827667236,0.0,0.015123454853892326,0.05521690845489502,0.573829710483551,4,0.5,
fixed,2,5315,0.6151424646377563,0.020812321454286575,0.01950269378721714,0.32558953762054443,0.7329768538475037,4,1.0,2.323375940322876
fixed,2,5316,0.5801705121994019,0.028615674003958702,0.007103494834154844,0.0551755428314209,0.6145827770233154,4,0.5,
fixed,2,5317,0.449984073638916,0.0,0.019487906247377396,0.1435685157775879,0.5027985572814941,4,0.75,
fixed,2,5318,0.8891231417655945,0.0,0.02758069336414337,0.13026714324951172,0.9419936537742615,4,0.75,
fixed,2,5319,0.1636357605457306,0.0,0.02614949271082878,0.19256877899169922,0.23448114097118378,4,0.75,
fixed,2,5320,0.3383575975894928,0.0,0.02199990674853325,0.22390127182006836,0.4165279269218445,4,0.75,5.166098594665527
fixed,2,5321,0.37104734778404236,0.0,0.00816272385418415,0.10436344146728516,0.4064377546310425,4,0.25,
fixed,2,5322,0.3955335021018982,0.0,0.02087092027068138,0.04313087463378906,0.4189082384109497,4,0.5,
fixed,2,5323,0.4302367568016052,0.0,0.00998549722135067,0.04668092727661133,0.4492337703704834,4,0.25,
fixed,2,5324,0.5442255735397339,0.019251832738518715,0.02068936638534069,0.2955583333969116,0.6528636813163757,4,1.0,
fixed,2,5325,0.4646628201007843,0.0,0.026573827490210533,0.06622028350830078,0.4978158175945282,4,0.5,4.641307830810547
fixed,2,5326,0.33446237444877625,0.025606023147702217,0.007474561687558889,0.08616459369659424,0.37685203552246094,4,0.75,
fixed,2,5327,0.24592193961143494,0.01058044470846653,0.033747073262929916,0.18883156776428223,0.324735164642334,4,1.0,
fixed,2,5328,0.6077853441238403,0.02444155514240265,0.026496272534132004,0.26710712909698486,0.7133864164352417,4,1.0,
fixed,2,5329,0.32701611518859863,0.0,0.007977979257702827,0.26312243938446045,0.4099418520927429,4,0.0,
fixed,2,5330,0.45269775390625,0.0,0.050118155777454376,0.1987166404724121,0.537371814250946,4,1.0,9.69836139678955
fixed,2,5331,0.48194238543510437,0.0,0.026146408170461655,0.0749807357788086,0.5175098180770874,4,0.5,
fixed,2,5332,0.7470108270645142,0.0,0.0363013781607151,0.10355770587921143,0.79622882604599,4,0.5,
fixed,2,5333,0.8361023664474487,0.012683962471783161,0.009915130212903023,0.0811690092086792,0.8717526197433472,4,0.5,
fixed,2,5334,0.5281751155853271,0.0,0.055409714579582214,0.1589134931564331,0.6035540103912354,4,1.0,
fixed,2,5335,0.4425472319126129,0.0,0.052411023527383804,0.027579545974731445,0.4770266115665436,4,0.25,6.045271873474121
fixed,2,5336,0.49537375569343567,0.0,0.03034764528274536,0.029791951179504395,0.5194851756095886,4,0.5,
fixed,2,5337,0.3534705638885498,0.0,0.025702444836497307,0.029950737953186035,0.37530702352523804,4,0.5,
fixed,2,5338,1.3395713567733765,0.0,0.02849511243402958,0.08417713642120361,1.3790720701217651,4,0.5,
fixed,2,5339,0.7260693907737732,0.0,0.02760808914899826,0.031002402305603027,0.749174177646637,4,0.5,
fixed,2,5340,0.7604976892471313,0.0,0.038389623165130615,0.10219955444335938,0.8103523850440979,4,0.75,6.618150234222412
fixed,2,5341,0.7292332649230957,0.008452819660305977,0.025798562914133072,0.10483074188232422,0.7778081893920898,4,0.75,
fixed,2,5342,0.884552001953125,0.0,0.012805304490029812,0.08848702907562256,0.9175007343292236,4,0.5,
fixed,2,5343,1.5919685363769531,0.0,0.054093871265649796,0.20817136764526367,1.6814669370651245,4,1.0,
fixed,2,5344,0.7660699486732483,0.0,0.007364438846707344,0.16718339920043945,0.8199071884155273,4,0.25,
fixed,2,5345,0.4999005198478699,0.026614299044013023,0.008163578808307648,0.06806349754333496,0.5377085208892822,4,0.5,1.7742668390274048
fixed,2,5346,0.6120119094848633,0.0,0.008722891099750996,0.0924224853515625,0.6441001296043396,4,0.5,
fixed,2,5347,0.5909220576286316,0.0,0.006502678617835045,0.11285829544067383,0.6280308961868286,4,0.25,
fixed,2,5348,0.34899163246154785,0.0,0.018728386610746384,0.15649032592773438,0.4053029417991638,4,0.75,
fixed,2,5349,0.7158135175704956,0.03658980876207352,0.004793753381818533,0.10461568832397461,0.7678899765014648,4,0.75,
fixed,2,5350,1.0265456438064575,0.0,0.015348956920206547,0.11748754978179932,1.0694663524627686,4,0.25,3.127852201461792
fixed,2,5351,0.6324353218078613,0.03092971257865429,0.008326415903866291,0.17190790176391602,0.7036357522010803,4,0.75,
fixed,2,5352,0.40772610902786255,0.030341653153300285,0.005946613848209381,0.07234501838684082,0.4475737512111664,4,0.5,
fixed,2,5353,0.42857250571250916,0.0,0.006703818216919899,0.06812286376953125,0.4523612856864929,4,0.25,
fixed,2,5354,0.903748095035553,0.0,0.03698994591832161,0.2816166877746582,1.0067280530929565,4,1.0,
fixed,2,5355,0.5431742072105408,0.0,0.020092787221074104,0.022458791732788086,0.5599582195281982,4,0.5,3.9284098148345947
fixed,2,5356,0.7456068992614746,0.03256012871861458,0.005564898252487183,0.08252286911010742,0.7894262671470642,4,0.75,
fixed,2,5357,0.6686941385269165,0.0,0.007756893523037434,0.07175612449645996,0.6940994262695312,4,0.25,
fixed,2,5358,1.0525805950164795,0.0,0.005565071944147348,0.029476165771484375,1.0642060041427612,4,0.25,
fixed,2,5359,0.48447319865226746,0.011047972366213799,0.015455416403710842,0.07732737064361572,0.5209230780601501,4,0.5,
fixed,2,5360,0.9396411180496216,0.010377642698585987,0.00666068634018302,0.05450105667114258,0.9645106196403503,4,0.5,1.2691054344177246
fixed,2,5361,0.5512177348136902,0.010881752707064152,0.03278258442878723,0.1852250099182129,0.6286174058914185,4,1.0,
fixed,2,5362,1.2311341762542725,0.0,0.00556673388928175,0.1398768424987793,1.2758805751800537,4,0.25,
fixed,2,5363,0.5254889130592346,0.0,0.028076138347387314,0.32214677333831787,0.6361710429191589,4,1.0,
fixed,2,5364,0.9171025156974792,0.0,0.007524418644607067,0.1487640142440796,0.96549391746521,4,0.25,
fixed,2,5365,0.36382272839546204,0.0,0.01503981277346611,0.06166267395019531,0.3898414373397827,4,0.5,3.561574935913086
fixed,2,5366,0.5237661004066467,0.0,0.0011570745846256614,0.2856619358062744,0.6100432276725769,4,0.0,
fixed,2,5367,0.411967933177948,0.0,0.035611528903245926,0.08484888076782227,0.45522835850715637,4,0.25,
fixed,2,5368,0.6333955526351929,0.007942003197968006,0.01875961199402809,0.07432746887207031,0.6690446138381958,4,0.75,
fixed,2,5369,0.39640727639198303,0.0,0.008955603465437889,0.0650564432144165,0.42040202021598816,4,0.25,
fixed,2,5370,0.5879324078559875,0.006182077340781689,0.009076638147234917,0.04196321964263916,0.6081507205963135,4,0.25,1.5122655630111694
fixed,2,5371,0.6073780059814453,0.0,0.027651460841298103,0.09274101257324219,0.6490260362625122,4,0.75,
fixed,2,5372,0.3158630430698395,0.0,0.007233715616166592,0.12914669513702393,0.35822391510009766,4,0.25,
fixed,2,5373,0.7050074338912964,0.009291556663811207,0.01147195603698492,0.0887836217880249,0.742024302482605,4,0.5,
fixed,2,5374,0.355488121509552,0.026838788762688637,0.00241658347658813,0.05163586139678955,0.3856065571308136,4,0.25,
fixed,2,5375,0.8233885765075684,0.0,0.0012710425071418285,0.40058398246765137,0.9441993236541748,4,0.0,1.7957013845443726
fixed,2,5376,0.6796423196792603,0.0,0.0066979448311030865,0.11066055297851562,0.716189444065094,4,0.25,
fixed,2,5377,0.7290775179862976,5.57351995666977e-05,0.026958342641592026,0.021454215049743652,0.7490208148956299,4,0.5,
fixed,2,5378,0.925666332244873,0.0,0.02041352353990078,0.144353985786438,0.9791792631149292,4,0.75,
fixed,2,5379,0.47908973693847656,0.0,0.005573519971221685,0.07510268688201904,0.5044072866439819,4,0.25,
fixed,2,5380,0.3590138256549835,0.0,0.023498941212892532,0.12734746932983398,0.4089675545692444,4,0.75,5.403621673583984
fixed,2,5381,0.7976194024085999,0.0,0.0011922386474907398,0.35256338119506836,0.903984546661377,4,0.0,
fixed,2,5382,0.6569869518280029,0.0,0.015797175467014313,0.15583407878875732,0.7116357684135437,4,0.75,
fixed,2,5383,1.1400634050369263,0.012653383426368237,0.0045289103873074055,0.03435647487640381,1.158961534500122,4,0.5,
fixed,2,5384,0.5303241610527039,0.0,0.03326917812228203,0.11760294437408447,0.5822396278381348,4,0.75,
fixed,2,5385,0.6471012830734253,0.03435811772942543,0.00022245303262025118,0.06892228126525879,0.6850682497024536,4,0.25,3.6564042568206787
fixed,2,5386,0.7858561277389526,0.0,0.05023587495088577,0.08521914482116699,0.8365398049354553,4,0.75,
fixed,2,5387,0.6623809337615967,0.0,0.0029062360990792513,0.05443167686462402,0.680163562297821,4,0.25,
fixed,2,5388,0.9047104716300964,0.029769282788038254,0.0036503563169389963,0.05505931377410889,0.9379380941390991,4,0.5,
fixed,2,5389,0.5770313739776611,0.015081939287483692,0.02239472232758999,0.09451901912689209,0.6241254210472107,4,0.75,
fixed,2,5390,0.41508394479751587,0.0,0.014305343851447105,0.5071754455566406,0.5743892788887024,4,1.0,4.421290874481201
fixed,2,5391,0.7689374685287476,0.0,0.004177463706582785,0.054563283920288086,0.787395179271698,3,0.5,
fixed,2,5392,0.3650909662246704,3.7394920582300983e-07,0.0031812759116292,0.05887246131896973,0.38434353470802307,4,0.25,
fixed,2,5393,0.5494123697280884,0.0,0.008891812525689602,0.09868800640106201,0.5834646821022034,4,0.5,
fixed,2,5394,0.9663198590278625,0.013914746232330799,0.005766266956925392,0.148828387260437,1.0208089351654053,4,0.75,
fixed,2,5395,0.2966725528240204,0.0,0.008722919970750809,0.05146026611328125,0.3164720833301544,4,0.25,2.1954660415649414
fixed,2,5396,0.5233132243156433,0.0,0.008940311148762703,0.09020066261291504,0.5548436045646667,4,0.5,
fixed,2,5397,0.6009842753410339,0.0,0.004773297812789679,0.10549402236938477,0.6350191235542297,4,0.25,
fixed,2,5398,0.5590989589691162,0.0,0.030919266864657402,0.12861096858978271,0.6131418943405151,4,0.75,
fixed,2,5399,0.9510513544082642,0.0,0.0038043546956032515,0.1141202449798584,0.9871895909309387,4,0.25,
fixed,2,5400,0.8546093702316284,0.0,0.00045725383097305894,0.3986896872520447,0.9744449257850647,4,0.0,0.9383407831192017
fixed,2,5401,0.3574022948741913,0.0,0.010303402319550514,0.07384538650512695,0.38470759987831116,4,0.5,
fixed,2,5402,0.6334249377250671,0.0,0.00886469054967165,0.08700108528137207,0.6639575958251953,4,0.5,
fixed,2,5403,0.7841909527778625,0.0,0.012558316811919212,0.1832728385925293,0.8454519510269165,4,0.75,
fixed,2,5404,1.2082818746566772,0.031132852658629417,0.009462224319577217,0.17243528366088867,1.280310034751892,4,0.75,
fixed,2,5405,0.34727612137794495,0.0,0.01777532696723938,0.14442670345306396,0.3994917869567871,4,0.75,4.710437774658203
fixed,2,5406,0.5437647104263306,0.0,0.0008043389534577727,0.35861170291900635,0.651750385761261,4,0.0,
fixed,2,5407,0.3266359269618988,0.0,0.0075760590843856335,0.10846281051635742,0.3629628121852875,4,0.25,
fixed,2,5408,0.5180743932723999,0.0,0.012572215870022774,0.10431289672851562,0.5556543469429016,4,0.25,
fixed,2,5409,0.31273823976516724,0.0,0.0505821518599987,0.2046947479248047,0.39943772554397583,4,1.0,
fixed,2,5410,0.9168015122413635,0.0,0.010100643150508404,0.04862487316131592,0.9364392757415771,4,0.5,2.8171474933624268
fixed,2,5411,0.3781748116016388,0.0,0.014697641134262085,0.0362696647644043,0.39640453457832336,4,0.5,
fixed,2,5412,0.33661743998527527,0.0,0.022950489073991776,0.11084973812103271,0.3813475966453552,4,0.75,
fixed,2,5413,0.6492874622344971,0.0,0.02165147475898266,0.3992753028869629,0.7798957824707031,3,1.0,
fixed,2,5414,0.5613595247268677,0.022541077807545662,0.005484385881572962,0.037264347076416016,0.5865515470504761,4,0.5,
fixed,2,5415,0.43232661485671997,0.0,0.018133729696273804,0.1266782283782959,0.4793969392776489,4,0.75,4.896515846252441
fixed,2,5416,0.713137149810791,0.0,0.019876623526215553,0.11493492126464844,0.7575559616088867,4,0.75,
fixed,2,5417,0.7780504822731018,0.009352559223771095,0.037463486194610596,0.045639872550964355,0.8151504397392273,4,0.75,
fixed,2,5418,0.5994341373443604,0.0,0.008293977938592434,0.08302474021911621,0.6284885406494141,4,0.25,
fixed,2,5419,0.6469057202339172,0.0,0.057403840124607086,0.15982341766357422,0.7235546708106995,4,1.0,
fixed,2,5420,0.7128113508224487,0.0,0.0066299778409302235,0.0924828052520752,0.7438712120056152,4,0.25,1.7992033958435059
fixed,2,5421,0.6617720127105713,0.0,0.015446128323674202,0.0699613094329834,0.6904834508895874,4,0.5,
fixed,2,5422,0.44062989950180054,0.0,0.02456141635775566,0.04542231559753418,0.4665372967720032,4,0.5,
fixed,2,5423,0.4064430296421051,0.0,0.0020852971356362104,0.24015748500823975,0.479532927274704,4,0.0,
fixed,2,5424,0.34725508093833923,0.0,0.007489701267331839,0.042851805686950684,0.3638554811477661,4,0.25,
fixed,2,5425,1.01017427444458,0.0,0.009544041007757187,0.13498854637145996,1.0554428100585938,4,0.25,2.1349844932556152
fixed,2,5426,0.5317389369010925,0.0,0.006968410219997168,0.12883567810058594,0.5738738775253296,4,0.25,
fixed,2,5427,0.3348774313926697,0.028096415102481842,0.01622621715068817,0.22631216049194336,0.42493242025375366,4,0.75,
fixed,2,5428,0.8209112882614136,0.0,0.005317116621881723,0.12535524368286133,0.8611764311790466,4,0.25,
fixed,2,5429,0.7639076709747314,0.0,0.022681886330246925,0.1325376033782959,0.8150098919868469,4,0.75,
fixed,2,5430,0.44356516003608704,0.0,0.0003455229161772877,0.3798835277557373,0.5577030181884766,4,0.0,0.746381938457489
fixed,2,5431,0.41727256774902344,0.0,0.0171845480799675,0.15895581245422363,0.47355157136917114,4,0.75,
fixed,2,5432,0.9159879684448242,0.0,0.013953594490885735,0.37011706829071045,1.0339999198913574,4,1.0,
fixed,2,5433,0.4982973337173462,0.0,0.027197586372494698,0.03513503074645996,0.5224366188049316,4,0.5,
fixed,2,5434,0.6364710330963135,0.0,0.026314396411180496,0.05422532558441162,0.6658958196640015,4,0.5,
fixed,2,5435,0.7041972279548645,0.012864822521805763,0.015022150240838528,0.10124588012695312,0.7485144734382629,4,0.75,1.7874104976654053
fixed,2,5436,0.29746875166893005,0.0,0.022034212946891785,0.40354180335998535,0.4295484125614166,4,1.0,
fixed,2,5437,0.9361245036125183,0.03790798410773277,0.012584094889461994,0.256131649017334,1.0382100343704224,4,1.0,
fixed,2,5438,0.43865901231765747,0.026434054598212242,0.007609441410750151,0.0405503511428833,0.4678458571434021,4,0.5,
fixed,2,5439,0.8608309030532837,0.0,0.014245804399251938,0.03997802734375,0.8799471855163574,4,0.5,
fixed,2,5440,0.38704583048820496,0.0,0.006784986238926649,0.07119417190551758,0.41179656982421875,4,0.25,1.7722585201263428
fixed,2,5441,0.6930281519889832,0.007352666463702917,0.008425974287092686,0.029288768768310547,0.7097041010856628,4,0.5,
fixed,2,5442,0.9202286601066589,0.0,0.02589929848909378,0.05316758155822754,0.9491285681724548,3,0.75,
fixed,2,5443,0.6722836494445801,0.0,0.02266867272555828,0.02734076976776123,0.6918202042579651,4,0.5,
fixed,2,5444,0.28689098358154297,0.0,0.040530670434236526,0.05013692378997803,0.32219740748405457,4,0.25,
fixed,2,5445,0.6063490509986877,0.0,0.00797969475388527,0.0897597074508667,0.6372668147087097,4,0.25,1.9814573526382446
fixed,2,5446,0.643611490726471,0.0,0.053561653941869736,0.08169806003570557,0.694901704788208,4,0.75,
fixed,2,5447,1.0981409549713135,0.0,0.01858125627040863,0.03554654121398926,1.1180955171585083,4,0.5,
fixed,2,5448,0.6990833282470703,0.0,0.03264036402106285,0.03646671772003174,0.7263435125350952,4,0.5,
fixed,2,5449,0.49637946486473083,0.032657306641340256,0.0022694477811455727,0.031079649925231934,0.5231667160987854,4,0.5,
fixed,2,5450,0.5939569473266602,0.0,0.048370130360126495,0.1019136905670166,0.6487160921096802,4,0.75,7.2761616706848145
fixed,2,5451,0.32778650522232056,0.0,0.0045657046139240265,0.24423956871032715,0.40334123373031616,4,0.0,
fixed,2,5452,0.8348001837730408,0.0,0.0065237293019890785,0.12000823020935059,0.8740645051002502,4,0.25,
fixed,2,5453,0.31926319003105164,0.0,0.02814151905477047,0.09091818332672119,0.36060941219329834,4,0.5,
fixed,2,5454,0.5644209384918213,0.023504439741373062,0.0063652172684669495,0.05896627902984619,0.5970456600189209,4,0.5,
fixed,2,5455,0.7947324514389038,0.0,0.04590710997581482,0.2574775218963623,0.8949292898178101,4,1.0,8.185802459716797
fixed,2,5456,0.5462237596511841,0.0,0.010584119707345963,0.10269224643707275,0.5823234915733337,4,0.5,
fixed,2,5457,0.5677147507667542,0.010038517415523529,0.024719813838601112,0.10579907894134521,0.6168336272239685,4,0.75,
fixed,2,5458,0.665833592414856,0.0,0.020733345299959183,0.06737422943115234,0.6964125633239746,4,0.25,
fixed,2,5459,0.3850334882736206,0.0,0.006347693037241697,0.1572420597076416,0.4353799521923065,4,0.25,
fixed,2,5460,0.5154243111610413,0.0,0.045493900775909424,0.12869393825531006,0.5767794251441956,4,0.75,8.153534889221191
fixed,2,5461,0.7422181963920593,0.0,0.0072601912543177605,0.15187251567840576,0.7914100289344788,4,0.25,
fixed,2,5462,0.595740556716919,0.011843457818031311,0.004654569551348686,0.0915079116821289,0.6314419507980347,4,0.5,
fixed,2,5463,0.3510454297065735,0.03738502413034439,0.009133903309702873,0.262107253074646,0.4529370665550232,4,0.5,
fixed,2,5464,0.6938965916633606,0.032015759497880936,0.007476439233869314,0.21920621395111084,0.7794045209884644,4,0.75,
fixed,2,5465,0.42815539240837097,0.0,0.015092235989868641,0.053781986236572266,0.45183610916137695,4,0.5,3.8288121223449707
fixed,2,5466,0.495617151260376,0.0,0.013094422407448292,0.061437249183654785,0.5205955505371094,4,0.5,
fixed,2,5467,0.5680106282234192,0.025172455236315727,0.0007092441665008664,0.10328364372253418,0.6119365692138672,4,0.25,
fixed,2,5468,0.8458001017570496,0.031259529292583466,0.0056789834052324295,0.07423126697540283,0.8865387439727783,4,0.5,
fixed,2,5469,0.386330246925354,0.03215513378381729,0.007417483255267143,0.21442186832427979,0.47044312953948975,4,0.75,
fixed,2,5470,0.6020379662513733,0.0,0.0011342132929712534,0.3171190023422241,0.6977407932281494,4,0.0,1.6145931482315063
fixed,2,5471,0.6036239266395569,0.0,0.023315424099564552,0.14986252784729004,0.6602404117584229,4,0.75,
fixed,2,5472,1.2693662643432617,0.0,0.011666798032820225,0.02937006950378418,1.284010648727417,4,0.25,
fixed,2,5473,0.8348945379257202,0.007809277158230543,0.025105131790041924,0.09070825576782227,0.8785642385482788,4,0.5,
fixed,2,5474,0.5568567514419556,0.009394945576786995,0.00036392005858942866,0.1430659294128418,0.6046559810638428,4,0.25,
fixed,2,5475,0.4138306975364685,0.0,0.047326963394880295,0.08607888221740723,0.4633178412914276,4,0.75,7.936560153961182
fixed,2,5476,0.543907880783081,0.008342762477695942,0.00017623759049456567,0.1418832540512085,0.5907323360443115,4,0.25,
fixed,2,5477,0.3815661370754242,0.0,0.02701083943247795,0.11343371868133545,0.4291016757488251,4,0.75,
fixed,2,5478,0.7846031785011292,0.0,0.03337763994932175,0.022568583488464355,0.8080625534057617,4,0.5,
fixed,2,5479,0.667320728302002,0.0,0.02893117256462574,0.11215686798095703,0.7154333591461182,4,0.75,
fixed,2,5480,0.680594801902771,2.5442800506425556e-06,0.006725532002747059,0.07109153270721436,0.7052863240242004,4,0.25,1.8047761917114258
fixed,2,5481,0.5272548198699951,2.904199845943367e-06,0.017322959378361702,0.056532979011535645,0.55287766456604,4,0.5,
fixed,2,5482,0.5719468593597412,1.3698784641746897e-05,0.012571142986416817,0.0610501766204834,0.5965543389320374,4,0.5,
fixed,2,5483,0.5409956574440002,4.54929395345971e-05,0.02508944272994995,0.05953383445739746,0.5714232921600342,4,0.5,
fixed,2,5484,0.49754899740219116,2.5960354832932353e-05,0.014507640153169632,0.05421710014343262,0.5210809111595154,4,0.5,
fixed,2,5485,0.6804977059364319,2.7372105250833556e-05,0.02199680544435978,0.07221198081970215,0.7131733894348145,4,0.5,4.109846115112305
fixed,2,5486,0.762790322303772,5.9790705563500524e-05,0.015201115980744362,0.13061583042144775,0.8096055388450623,4,0.25,
fixed,2,5487,0.7615431547164917,0.027620380744338036,0.01097940281033516,0.17594754695892334,0.8336273431777954,4,0.75,
fixed,2,5488,0.9142537713050842,0.019909841939806938,0.011648292653262615,0.1572192907333374,0.977198600769043,4,0.75,
fixed,2,5489,0.3266005516052246,1.4698026461701375e-05,0.017924126237630844,0.17184996604919434,0.3871249556541443,4,0.75,
fixed,2,5490,0.44312041997909546,3.939954694942571e-05,0.017727840691804886,0.17837285995483398,0.5055159330368042,4,0.75,4.80068302154541
fixed,2,5491,1.064283847808838,5.1832321332767606e-05,0.0125142652541399,0.06990516185760498,1.091538429260254,4,0.5,
fixed,2,5492,0.4541621506214142,2.1414960428955965e-05,0.011442609131336212,0.13409030437469482,0.5001212358474731,4,0.25,
fixed,2,5493,1.0415273904800415,0.016612881794571877,0.01681540533900261,0.3260005712509155,1.1560417413711548,4,1.0,
fixed,2,5494,0.645993173122406,0.024014100432395935,0.01886616088449955,0.34390509128570557,0.7706048488616943,4,1.0,
fixed,2,5495,0.644973635673523,0.0,0.03622545674443245,0.27868127822875977,0.7466907501220703,4,1.0,7.863697052001953
fixed,2,5496,0.4575045704841614,0.0,0.010109448805451393,0.37852799892425537,0.5761176943778992,4,0.0,
fixed,2,5497,0.5343578457832336,0.0,0.007912439294159412,0.24118518829345703,0.6106696128845215,4,0.0,
fixed,2,5498,0.9397854208946228,0.0,0.03021588921546936,0.029628515243530273,0.9637818932533264,4,0.5,
fixed,2,5499,0.44393980503082275,0.0,0.019151756539940834,0.07325279712677002,0.4754915237426758,4,0.5,
fixed,2,5500,0.34470102190971375,0.0,0.04052434116601944,0.23991405963897705,0.4369373917579651,4,1.0,8.594195365905762
fixed,2,5501,0.988811194896698,0.009547642432153225,0.010479790158569813,0.09257030487060547,1.026595950126648,4,0.5,
fixed,2,5502,0.61045241355896,0.0,0.01801757514476776,0.06353330612182617,0.6385211944580078,4,0.25,
fixed,2,5503,0.46402251720428467,0.008032037876546383,0.011210661381483078,0.1124955415725708,0.5073925256729126,4,0.5,
fixed,2,5504,0.8713729381561279,0.0,0.010967109352350235,0.21716082096099854,0.9420047402381897,4,0.0,
fixed,2,5505,0.32868126034736633,0.0,0.02431260049343109,0.08504664897918701,0.36635154485702515,4,0.5,4.512914180755615
fixed,2,5506,0.41625380516052246,0.019909754395484924,0.016566798090934753,0.08668756484985352,0.4604983627796173,4,0.5,
fixed,2,5507,0.7110511064529419,0.01828809082508087,0.014537586830556393,0.08346450328826904,0.7525032758712769,4,0.5,
fixed,2,5508,0.8324354290962219,0.0,0.012414872646331787,0.17670869827270508,0.8916555047035217,4,0.25,
fixed,2,5509,0.3135455548763275,0.0,0.03363104164600372,0.08635437488555908,0.35626739263534546,4,0.75,
fixed,2,5510,0.49911734461784363,0.0,0.018649205565452576,0.07115745544433594,0.5297892093658447,4,0.5,4.07927131652832
fixed,2,5511,0.3361700773239136,0.009690050967037678,0.0010390961542725563,0.22378206253051758,0.40866926312446594,4,0.25,
fixed,2,5512,0.714325487613678,0.0,0.022387966513633728,0.06246626377105713,0.7442593574523926,4,0.5,
fixed,2,5513,0.4580830931663513,0.0,0.021972566843032837,0.03189826011657715,0.4786388576030731,4,0.5,
fixed,2,5514,0.5913261771202087,0.010456625372171402,0.02617187239229679,0.19748008251190186,0.6688844561576843,4,1.0,
fixed,2,5515,0.5244593024253845,0.0,0.009174165315926075,0.10960757732391357,0.5619286298751831,4,0.25,2.0553736686706543
fixed,2,5516,0.6347193121910095,0.0,0.017611093819141388,0.046045660972595215,0.657338559627533,4,0.5,
fixed,2,5517,0.49566543102264404,0.0,0.011102715507149696,0.10711658000946045,0.5333517789840698,4,0.25,
fixed,2,5518,0.19629402458667755,0.0,0.019503455609083176,0.021114587783813477,0.21238012611865997,4,0.25,
fixed,2,5519,0.5614755749702454,0.0,0.007635255344212055,0.17237484455108643,0.6170056462287903,4,0.0,
fixed,2,5520,0.7962247133255005,0.028990115970373154,0.0058189379051327705,0.0481109619140625,0.8280625343322754,4,0.5,2.0687928199768066
fixed,2,5521,1.0168215036392212,0.01462112832814455,0.00042655353900045156,0.12648165225982666,1.062289834022522,4,0.25,
fixed,2,5522,0.15634453296661377,0.0,0.022625746205449104,0.2322525978088379,0.23733317852020264,4,0.75,
fixed,2,5523,0.43996956944465637,0.0,0.00991560984402895,0.05985879898071289,0.4628850221633911,4,0.5,
fixed,2,5524,0.44397488236427307,0.0,0.024061759933829308,0.1272212266921997,0.4941721260547638,4,0.75,
fixed,2,5525,0.33929380774497986,0.0,0.017109258100390434,0.04471707344055176,0.36126357316970825,4,0.25,3.1148500442504883
fixed,2,5526,0.847873866558075,0.02033892460167408,0.009094608947634697,0.06789898872375488,0.882960319519043,4,0.5,
fixed,2,5527,0.9069910645484924,0.0,0.023182298988103867,0.1460334062576294,0.9623922109603882,4,0.75,
fixed,2,5528,0.4792290925979614,0.0,0.010842787101864815,0.0799107551574707,0.5086237192153931,4,0.5,
fixed,2,5529,0.770544707775116,0.03131499141454697,6.104317890276434e-06,0.1069645881652832,0.8182946443557739,4,0.25,
fixed,2,5530,0.2914641797542572,0.0,0.007906683720648289,0.08148753643035889,0.31986379623413086,4,0.5,2.4140384197235107
fixed,2,5531,1.3102004528045654,0.02820488251745701,0.010993538424372673,0.09020447731018066,1.3568609952926636,4,0.5,
fixed,2,5532,0.46603092551231384,0.0,0.02212083339691162,0.04285788536071777,0.48994871973991394,4,0.5,
fixed,2,5533,0.43866413831710815,0.0,0.017853785306215286,0.1657416820526123,0.497313529253006,4,0.75,
fixed,2,5534,0.25691741704940796,0.0,5.978221452096477e-05,0.350433349609375,0.3620773255825043,4,0.0,
fixed,2,5535,0.4455615282058716,0.0,0.00920410268008709,0.0759352445602417,0.47294414043426514,4,0.5,2.629401922225952
fixed,2,5536,0.8466268181800842,0.0,0.015661124140024185,0.14622700214385986,0.898325502872467,4,0.25,
fixed,2,5537,1.07566499710083,0.0,0.010757466778159142,0.06980419158935547,1.101984977722168,4,0.5,
fixed,2,5538,0.5991272330284119,0.0,0.0059270104393363,0.030515313148498535,0.611245334148407,4,0.25,
fixed,2,5539,0.5726450681686401,0.0,0.024933261796832085,0.12317860126495361,0.6220653057098389,4,0.75,
fixed,2,5540,0.3872232735157013,0.0,0.008288535289466381,0.02797532081604004,0.3997601270675659,4,0.25,2.0486226081848145
fixed,2,5541,0.8643290400505066,0.0,0.017216060310602188,0.155129075050354,0.919475793838501,4,0.75,
fixed,2,5542,0.3446834981441498,0.03156108036637306,0.008868318051099777,0.17313826084136963,0.4168396592140198,4,0.75,
fixed,2,5543,0.668015718460083,0.0,0.011294771917164326,0.18680572509765625,0.7297048568725586,4,0.75,
fixed,2,5544,0.40817001461982727,0.0,0.015257321298122406,0.04555034637451172,0.42946377396583557,4,0.5,
fixed,2,5545,0.7469412684440613,0.0,0.018068036064505577,0.05529677867889404,0.7725642919540405,4,0.5,3.630246162414551
fixed,2,5546,0.5978438854217529,0.029639486223459244,0.014226841740310192,0.2562500238418579,0.6966520547866821,4,0.75,
fixed,2,5547,0.4285931885242462,0.0,0.01952531561255455,0.04260444641113281,0.4511371850967407,4,0.5,
fixed,2,5548,0.8955701589584351,0.030666252598166466,0.011280924081802368,0.15044617652893066,0.961677610874176,4,0.75,
fixed,2,5549,0.5861670970916748,0.0,0.0021043578162789345,0.19925856590270996,0.6469968557357788,4,0.0,
fixed,2,5550,1.1584845781326294,0.0426468551158905,0.00012373509525787085,0.0739741325378418,1.2020621299743652,4,0.75,7.696401596069336
fixed,2,5551,0.5237587094306946,0.02200821042060852,0.027010736986994743,0.24730896949768066,0.6224609017372131,4,1.0,
fixed,2,5552,0.6158072352409363,0.0,0.018980391323566437,0.18705809116363525,0.6814148426055908,4,0.25,
fixed,2,5553,0.35854071378707886,0.0,0.02500084601342678,0.06471693515777588,0.3904562294483185,4,0.5,
fixed,2,5554,0.7446379661560059,0.0,0.019914861768484116,0.04127216339111328,0.766977071762085,4,0.5,
fixed,2,5555,0.7482523322105408,0.019695784896612167,0.022525418549776077,0.07616293430328369,0.7922118306159973,4,0.75,1.4654144048690796
fixed,2,5556,0.6006680130958557,0.0,0.059144526720047,0.14679181575775146,0.6742778420448303,4,1.0,
fixed,2,5557,0.4856685996055603,0.0,0.02059047855436802,0.06943798065185547,0.5167952179908752,4,0.5,
fixed,2,5558,0.38853931427001953,0.0,0.011843875981867313,0.04920816421508789,0.4092237055301666,4,0.25,
fixed,2,5559,0.6341153383255005,0.0,0.029768753796815872,0.028806328773498535,0.657641589641571,4,0.5,
fixed,2,5560,0.5993160009384155,0.0,0.045558929443359375,0.11241388320922852,0.6558196544647217,4,0.75,7.355567455291748
fixed,2,5561,0.5387170314788818,0.0,0.027786696329712868,0.03293418884277344,0.5624906420707703,4,0.5,
fixed,2,5562,0.3349760174751282,0.0,0.018871953710913658,0.06285905838012695,0.36326971650123596,4,0.5,
fixed,2,5563,0.7271557450294495,0.0,0.023105960339307785,0.09102630615234375,0.7660166025161743,4,0.5,
fixed,2,5564,1.0594724416732788,0.0,0.010585449635982513,0.18036067485809326,1.1188733577728271,4,0.25,
fixed,2,5565,0.9767968058586121,0.0,0.0376802496612072,0.1313943862915039,1.0350552797317505,4,0.5,5.628536224365234
fixed,2,5566,0.6035885214805603,0.0,0.024821335449814796,0.09910988807678223,0.6457321643829346,4,0.5,
fixed,2,5567,0.5337333679199219,0.0,0.008986098691821098,0.16045820713043213,0.5863639116287231,4,0.25,
fixed,2,5568,0.4854852259159088,0.0,0.01268646027892828,0.07493674755096436,0.5143094658851624,4,0.5,
fixed,2,5569,0.7850581407546997,0.0,0.012436304241418839,0.07470691204071045,0.8136883974075317,4,0.5,
fixed,2,5570,0.9988554120063782,0.03158771991729736,0.0007084445678628981,0.07744956016540527,1.0382384061813354,4,0.5,5.329855918884277
fixed,2,5571,0.8885223865509033,0.0,0.031702399253845215,0.11613214015960693,0.939213216304779,4,0.75,
fixed,2,5572,0.8048234581947327,0.0,0.0122845359146595,0.18970036506652832,0.8678758144378662,4,0.75,
fixed,2,5573,0.4075498878955841,0.0,0.009703387506306171,0.08448147773742676,0.4377460181713104,4,0.5,
fixed,2,5574,0.6067047119140625,0.03435811772942543,0.007474771700799465,0.19283044338226318,0.6854702830314636,4,0.75,
fixed,2,5575,0.45606690645217896,0.02022560127079487,0.0007941261283122003,0.08567571640014648,0.4922794699668884,4,0.25,3.264089345932007
fixed,2,5576,0.7884830832481384,0.021180469542741776,0.0036667019594460726,0.052435874938964844,0.8166374564170837,4,0.5,
fixed,2,5577,0.901580810546875,0.0,0.00475359195843339,0.06164145469665527,0.922450065612793,4,0.25,
fixed,2,5578,0.6888131499290466,0.0,0.0007438695174641907,0.2957090139389038,0.7778977751731873,4,0.0,
fixed,2,5579,0.7056035995483398,0.0,0.01656164415180683,0.16997361183166504,0.7648764848709106,4,0.75,
fixed,2,5580,0.9854440093040466,0.022784000262618065,0.003329159924760461,0.05843186378479004,1.016030192375183,4,0.5,2.2677361965179443
fixed,2,5581,0.7106181979179382,0.0,0.017830729484558105,0.05773937702178955,0.7368553876876831,4,0.5,
fixed,2,5582,0.7494689226150513,0.0,0.014335280284285545,0.17110490798950195,0.807968020439148,4,0.75,
fixed,2,5583,0.7560133934020996,0.018954230472445488,0.005033540073782206,0.07060766220092773,0.7891895771026611,4,0.5,
fixed,2,5584,0.7919660210609436,0.030844684690237045,0.0043023498728871346,0.061974525451660156,0.828131914138794,4,0.5,
fixed,2,5585,0.38668304681777954,2.9643521770594816e-07,0.011357542127370834,0.09034931659698486,0.4194667637348175,4,0.5,2.9482791423797607
fixed,2,5586,0.656489908695221,0.0,0.02450873889029026,0.1265183687210083,0.706699788570404,4,0.75,
fixed,2,5587,0.7435289621353149,0.0,5.624156619887799e-05,0.41643452644348145,0.8684874176979065,4,0.0,
fixed,2,5588,0.7599008083343506,0.0,0.011065461672842503,0.07993626594543457,0.7894144058227539,4,0.5,
fixed,2,5589,1.0182980298995972,0.0,0.016632573679089546,0.08285748958587646,1.0514715909957886,4,0.25,
fixed,2,5590,0.5264701247215271,0.0,0.016387974843382835,0.06538116931915283,0.5542784929275513,4,0.5,3.479402780532837
fixed,2,5591,0.5884451866149902,0.0,0.003927520010620356,0.14820528030395508,0.6348705291748047,4,0.25,
fixed,2,5592,0.2587278485298157,0.0,0.0064621493220329285,0.05504941940307617,0.27847373485565186,4,0.25,
fixed,2,5593,0.2971845269203186,0.0,0.009419223293662071,0.0578688383102417,0.3192547857761383,4,0.25,
fixed,2,5594,0.8389423489570618,0.0,0.011459089815616608,0.1828099489212036,0.8995148539543152,4,0.25,
fixed,2,5595,0.740562915802002,0.019840538501739502,0.01275683008134365,0.12816524505615234,0.7953111529350281,4,0.75,1.3966659307479858
fixed,2,5596,0.6357173323631287,0.0,0.004498408176004887,0.11770868301391602,0.6732791662216187,4,0.25,
fixed,2,5597,0.6924440264701843,0.02767041325569153,0.008541228249669075,0.05577230453491211,0.7272815704345703,4,0.5,
fixed,2,5598,0.34091490507125854,0.0,0.013116879388689995,0.11630487442016602,0.38236480951309204,4,0.25,
fixed,2,5599,0.8534297943115234,0.0,0.005116930231451988,0.09592604637145996,0.8847661018371582,4,0.25,
fixed,2,5600,0.6188321709632874,0.0,0.00829874537885189,0.07331717014312744,0.6449766755104065,4,0.5,2.342602252960205
fixed,2,5601,0.4099622666835785,0.0,0.01621938869357109,0.28508424758911133,0.5035972595214844,4,0.75,
fixed,2,5602,0.5692574381828308,0.0,0.011534372344613075,0.07981240749359131,0.5989683270454407,4,0.5,
fixed,2,5603,0.5637999773025513,0.029010986909270287,0.027036095038056374,0.33997857570648193,0.6938170790672302,4,1.0,
fixed,2,5604,0.2491290420293808,0.0,0.015765126794576645,0.050215721130371094,0.2720763087272644,4,0.5,
fixed,2,5605,0.39028310775756836,0.0,0.009655492380261421,0.06956768035888672,0.4159811735153198,4,0.5,2.492323875427246
fixed,2,5606,0.37147584557533264,0.0,0.012479787692427635,0.07309126853942871,0.3996431231498718,4,0.5,
fixed,2,5607,0.4200894236564636,0.0,0.007009619381278753,0.10788249969482422,0.4559589922428131,4,0.25,
fixed,2,5608,0.36710286140441895,0.0,0.026534605771303177,0.13228511810302734,0.42005568742752075,4,0.75,
fixed,2,5609,0.6944823861122131,0.0,0.001620798371732235,0.35275208950042725,0.8011184334754944,4,0.0,
fixed,2,5610,0.5740838050842285,0.0,0.005082456395030022,0.0831155776977539,0.6015596985816956,4,0.25,1.5561463832855225
fixed,2,5611,1.1126042604446411,0.0,0.02210543304681778,0.05683398246765137,1.1407071352005005,4,0.25,
fixed,2,5612,0.5243896245956421,0.0,0.02390158176422119,0.39035266637802124,0.6534461975097656,4,1.0,
fixed,2,5613,0.3793323040008545,0.0,0.029289841651916504,0.11331558227539062,0.42797189950942993,4,0.75,
fixed,2,5614,0.974403977394104,0.0,0.055330321192741394,0.07065021991729736,1.0232641696929932,4,0.75,
fixed,2,5615,0.948633074760437,0.0,0.02953411638736725,0.11567533016204834,0.9981027245521545,4,0.75,6.151628017425537
fixed,2,5616,0.4564525783061981,0.0,0.008551102131605148,0.09072041511535645,0.48794424533843994,4,0.25,
fixed,2,5617,0.6489593386650085,0.0,0.007677192334085703,0.03599560260772705,0.6635966300964355,4,0.25,
fixed,2,5618,0.5507388710975647,0.01677888259291649,0.013082430697977543,0.12613904476165771,0.6035112142562866,4,0.75,
fixed,2,5619,1.4587992429733276,0.0,0.007000569254159927,0.03445279598236084,1.4726353883743286,4,0.25,
fixed,2,5620,0.8331138491630554,0.0,0.0255675558000803,0.12781405448913574,0.8842418193817139,4,0.75,5.1849365234375
fixed,2,5621,0.5585111379623413,8.262550750259834e-07,0.004538954235613346,0.08534514904022217,0.5863845944404602,4,0.25,
fixed,2,5622,0.469882607460022,0.017731618136167526,0.009134195744991302,0.13988447189331055,0.5252808332443237,4,0.75,
fixed,2,5623,0.7274118661880493,0.0,0.007682310417294502,0.07566285133361816,0.753951907157898,4,0.5,
fixed,2,5624,1.0042707920074463,0.0,0.0038056678604334593,0.1165609359741211,1.0411418676376343,4,0.25,
fixed,2,5625,0.8388855457305908,0.0,0.003742332337424159,0.11110889911651611,0.8740893602371216,4,0.25,1.1505118608474731
fixed,2,5626,0.29316413402557373,0.0,0.011993803083896637,0.19000327587127686,0.35616201162338257,4,0.75,
fixed,2,5627,0.18213680386543274,0.0,7.546798588009551e-05,0.34443390369415283,0.28550469875335693,4,0.0,
fixed,2,5628,0.6292424201965332,0.0,0.01398087851703167,0.17437481880187988,0.688545286655426,4,0.75,
fixed,2,5629,0.3735862076282501,0.0,0.011688798666000366,0.1891953945159912,0.4361892342567444,4,0.75,
fixed,2,5630,0.5271936655044556,0.0,0.01098388060927391,0.1290903091430664,0.5714126825332642,4,0.25,2.3056576251983643
fixed,2,5631,0.761829137802124,0.0,0.006029407028108835,0.08251011371612549,0.7895968556404114,4,0.25,
fixed,2,5632,1.2421114444732666,0.0,0.01822340488433838,0.04698824882507324,1.265319585800171,4,0.5,
fixed,2,5633,1.2323282957077026,0.0,0.004130376502871513,0.06713318824768066,1.2545334100723267,4,0.25,
fixed,2,5634,0.34092092514038086,0.0,0.008127101697027683,0.048056960105895996,0.35940155386924744,4,0.5,
fixed,2,5635,0.8564281463623047,0.0,0.021559294313192368,0.1284726858139038,0.9057496190071106,4,0.75,4.779086589813232
fixed,2,5636,0.41480734944343567,0.0,0.021953636780381203,0.39027005434036255,0.5428651571273804,4,1.0,
fixed,2,5637,0.5391356348991394,0.0,0.02162865549325943,0.03321707248687744,0.5599150657653809,4,0.5,
fixed,2,5638,0.7088469862937927,0.0,0.012037830427289009,0.17873895168304443,0.7684875726699829,4,0.75,
fixed,2,5639,0.927146315574646,0.0,0.008158577606081963,0.07512271404266357,0.953762412071228,4,0.25,
fixed,2,5640,0.6747170090675354,0.0,0.009981855750083923,0.043207645416259766,0.6926702260971069,4,0.5,2.7837343215942383
fixed,2,5641,0.9704267978668213,0.03362647816538811,0.006154418922960758,0.04645109176635742,1.004252552986145,4,0.5,
fixed,2,5642,0.49207940697669983,0.0,0.010141231119632721,0.04173636436462402,0.5096709132194519,4,0.5,
fixed,2,5643,0.5991901159286499,0.0,0.014277176931500435,0.15580511093139648,0.6530702114105225,4,0.75,
fixed,2,5644,0.3962862193584442,0.0,0.013734771870076656,0.15134406089782715,0.4485568404197693,4,0.75,
fixed,2,5645,0.4231148362159729,0.0,0.0002728701219893992,0.4167676568031311,0.5482815504074097,4,0.0,0.6586399674415588
fixed,2,5646,0.7982534766197205,0.05838250368833542,0.011349075473845005,0.3706531524658203,0.9443151950836182,4,1.0,
fixed,2,5647,0.6237924695014954,0.0,0.013820613734424114,0.06139421463012695,0.6491210460662842,4,0.5,
fixed,2,5648,0.4658677875995636,0.0,0.014868086203932762,0.04888772964477539,0.4879681468009949,4,0.5,
fixed,2,5649,0.6544398069381714,0.0,0.022023025900125504,0.10101199150085449,0.6957549452781677,4,0.75,
fixed,2,5650,0.5562852621078491,0.02794339321553707,0.021032456308603287,0.3319993019104004,0.680372953414917,4,1.0,1.6838524341583252
fixed,2,5651,0.5926997661590576,0.0,0.04030253738164902,0.23240303993225098,0.6825719475746155,4,1.0,
fixed,2,5652,0.453918993473053,0.023459330201148987,0.028595423325896263,0.1552879810333252,0.526532769203186,4,0.75,
fixed,2,5653,0.5706452131271362,0.016107238829135895,0.01759585179388523,0.07579457759857178,0.6102351546287537,4,0.75,
fixed,2,5654,0.5908763408660889,0.0,0.029369987547397614,0.08035457134246826,0.6296676993370056,4,0.75,
fixed,2,5655,0.722643256187439,0.0,0.02140761725604534,0.22599363327026367,0.8011451363563538,4,0.25,3.028046131134033
fixed,2,5656,0.44815826416015625,0.017408788204193115,0.028093775734305382,0.05541574954986572,0.4875342845916748,4,0.75,
fixed,2,5657,0.5052144527435303,0.0,0.02362731099128723,0.07977664470672607,0.5409610867500305,4,0.25,
fixed,2,5658,0.9295019507408142,0.0,0.035633355379104614,0.024747610092163086,0.9547429084777832,4,0.5,
fixed,2,5659,0.5720706582069397,0.0076913232915103436,0.023762719705700874,0.052815794944763184,0.6036424040794373,4,0.75,
fixed,2,5660,0.1257321536540985,0.0,0.0199350044131279,0.07228231430053711,0.15738435089588165,4,0.25,3.5870203971862793
fixed,2,5661,0.6358444690704346,0.0,0.035664014518260956,0.09195470809936523,0.6812629103660583,4,0.5,
fixed,2,5662,0.3434828519821167,0.0,0.007329196203500032,0.27812159061431885,0.4305839240550995,4,0.0,
fixed,2,5663,0.39110392332077026,0.0,0.05121476948261261,0.1862657070159912,0.4725910425186157,4,1.0,
fixed,2,5664,0.4967418909072876,0.0,0.03425832837820053,0.09275150299072266,0.5416964888572693,4,0.5,
fixed,2,5665,1.0492115020751953,0.020486805588006973,0.022232292219996452,0.09453725814819336,1.0989322662353516,4,0.75,1.6979280710220337
fixed,2,5666,0.9107838273048401,0.0493476502597332,0.011508291587233543,0.1693882942199707,0.9920282959938049,4,1.0,
fixed,2,5667,0.4753318428993225,0.0,0.033347830176353455,0.08881258964538574,0.5186495184898376,4,0.75,
fixed,2,5668,0.9567984938621521,0.0,0.0006710041780024767,0.39106178283691406,1.074452519416809,4,0.0,
fixed,2,5669,0.8310858011245728,0.015155785717070103,0.02213679812848568,0.07893538475036621,0.8734127283096313,4,0.5,
fixed,2,5670,0.6005694270133972,0.0,0.0006659021601080894,0.34961915016174316,0.7057881355285645,4,0.0,1.1860283613204956
fixed,2,5671,0.7714272737503052,0.0,0.039342086762189865,0.0698857307434082,0.8120640516281128,4,0.75,
fixed,2,5672,0.6656416058540344,0.0,0.010522885248064995,0.09046363830566406,0.6980421543121338,4,0.25,
fixed,2,5673,1.0641142129898071,0.0,0.00030727917328476906,0.2659529447555542,1.1440536975860596,4,0.0,
fixed,2,5674,0.9230391383171082,0.01205968763679266,0.0138976676389575,0.03167569637298584,0.9455205202102661,4,0.5,
fixed,2,5675,0.7195743322372437,0.0,0.014714985154569149,0.03087139129638672,0.7361932396888733,3,0.25,2.9780030250549316
fixed,2,5676,0.7586302161216736,0.0,0.022788234055042267,0.023876070976257324,0.777187168598175,4,0.5,
fixed,2,5677,0.8251888155937195,0.012844257988035679,0.00983018334954977,0.029792308807373047,0.845463752746582,4,0.5,
fixed,2,5678,0.8471418023109436,1.0386109352111816e-05,0.03769802302122116,0.08356523513793945,0.8910655975341797,4,0.75,
fixed,2,5679,0.6245394945144653,0.017910689115524292,0.024714339524507523,0.0845651626586914,0.6712215542793274,4,0.75,
fixed,2,5680,0.5707274675369263,0.01861901953816414,0.01006216648966074,0.045516252517700195,0.5987229347229004,4,0.5,1.584773063659668
fixed,2,5681,0.3770529627799988,0.0,0.043318476527929306,0.2430201768875122,0.47161826491355896,4,1.0,
fixed,2,5682,0.5292336344718933,3.8964328268775716e-05,0.026414532214403152,0.11858582496643066,0.5780361294746399,4,0.75,
fixed,2,5683,0.9170435667037964,9.62343328865245e-05,0.019069764763116837,0.05322599411010742,0.9425943493843079,4,0.5,
fixed,2,5684,0.30704259872436523,9.016729745781049e-05,0.020386002957820892,0.05003690719604492,0.33229175209999084,4,0.5,
fixed,2,5685,0.7742846012115479,0.014654609374701977,0.011559105478227139,0.05677175521850586,0.8044229745864868,4,0.5,1.1981837749481201
fixed,2,5686,0.8009722232818604,0.0012316720094531775,0.010494984686374664,0.04029500484466553,0.818924069404602,4,0.25,
fixed,2,5687,0.6221380233764648,0.00011780837667174637,0.009218503721058369,0.10216498374938965,0.6574556827545166,4,0.25,
fixed,2,5688,0.5707200169563293,1.7767750250641257e-05,0.022973330691456795,0.04426240921020508,0.595494270324707,4,0.5,
fixed,2,5689,0.7421026229858398,0.02274378202855587,0.008657936938107014,0.07762956619262695,0.7810923457145691,4,0.5,
fixed,2,5690,0.5747610330581665,5.003326805308461e-05,0.0,0.3081169128417969,0.6672211289405823,4,0.0,0.24515290558338165
fixed,2,5691,0.579380214214325,0.019610626623034477,0.009872520342469215,0.09270286560058594,0.6219326257705688,4,0.5,
fixed,2,5692,0.52885901927948,1.9898529899364803e-06,0.015179235488176346,0.08007693290710449,0.5604727268218994,4,0.5,
fixed,2,5693,1.5013904571533203,1.9362072634976357e-05,0.005127489101141691,0.1043926477432251,1.5352816581726074,4,0.25,
fixed,2,5694,0.6897332668304443,0.014732902869582176,0.009774220176041126,0.09130847454071045,0.7293793559074402,4,0.5,
fixed,2,5695,0.5364963412284851,0.022197702899575233,0.013567586429417133,0.15986859798431396,0.6023395657539368,4,0.75,1.0856703519821167
fixed,2,5696,0.7719863653182983,0.0,0.011163024231791496,0.08723926544189453,0.8037396669387817,4,0.5,
fixed,2,5697,0.5881272554397583,0.0,0.015488496981561184,0.05118083953857422,0.6112257838249207,4,0.25,
fixed,2,5698,1.2876858711242676,0.0,0.006847133859992027,0.08855950832366943,1.3176772594451904,4,0.25,
fixed,2,5699,0.7623125910758972,0.0,0.017036903649568558,0.18391668796539307,0.8260060548782349,4,0.75,
fixed,2,5700,0.6768795251846313,0.0,0.03558499738574028,0.32034289836883545,0.7907748818397522,4,1.0,7.687470436096191
fixed,2,5701,1.1792794466018677,0.04844854772090912,0.006725353188812733,0.14906847476959229,1.2515869140625,4,0.75,
fixed,2,5702,0.8051986694335938,0.017812538892030716,0.005505295470356941,0.06888484954833984,0.8375230431556702,4,0.5,
fixed,2,5703,0.5117424726486206,0.0,0.015688089653849602,0.056627631187438965,0.5365747809410095,4,0.5,
fixed,2,5704,0.5927065014839172,0.0,0.001796719734556973,0.19726693630218506,0.6527849435806274,4,0.0,
fixed,2,5705,0.7320501804351807,0.03409229964017868,0.0013878092868253589,0.033711910247802734,0.7599037885665894,4,0.5,5.400399684906006
fixed,2,5706,0.6468242406845093,0.0,0.008779678493738174,0.09955799579620361,0.6810814738273621,4,0.25,
fixed,2,5707,0.8670946955680847,0.0,0.015184338204562664,0.03830850124359131,0.8861793875694275,4,0.25,
fixed,2,5708,0.8015882968902588,0.0,0.0005027612205594778,0.317557692527771,0.8971070051193237,4,0.0,
fixed,2,5709,0.7721158862113953,0.0,0.019093278795480728,0.06161034107208252,0.8001456260681152,4,0.5,
fixed,2,5710,0.19640123844146729,0.0,0.032756201922893524,0.09195554256439209,0.24036601185798645,4,0.75,6.808208465576172
fixed,2,5711,0.4393061399459839,0.0,0.01521085575222969,0.045064687728881836,0.46043097972869873,4,0.25,
fixed,2,5712,0.37544015049934387,0.0,0.009394672699272633,0.04160606861114502,0.3926193118095398,4,0.25,
fixed,2,5713,0.5857272744178772,0.0,0.0321178063750267,0.11020112037658691,0.6348465085029602,4,0.75,
fixed,2,5714,0.3701542317867279,0.0,0.020550867542624474,0.06569695472717285,0.4001387655735016,4,0.5,
fixed,2,5715,0.25078681111335754,0.018573611974716187,0.024569135159254074,0.13542723655700684,0.3129863739013672,4,0.75,1.9904171228408813
fixed,2,5716,0.49756163358688354,0.0,0.04386955872178078,0.09998881816864014,0.5494930744171143,4,0.75,
fixed,2,5717,0.19884514808654785,0.0,0.029484568163752556,0.03256082534790039,0.22335568070411682,4,0.5,
fixed,2,5718,0.6221908926963806,0.009704431518912315,0.0160390455275774,0.12145805358886719,0.671500027179718,4,0.75,
fixed,2,5719,0.6773581504821777,0.028276830911636353,0.016745692119002342,0.08823716640472412,0.7263405323028564,4,0.5,
fixed,2,5720,0.7745794653892517,0.0,0.03744053095579147,0.1206965446472168,0.8295087218284607,4,0.75,7.087349891662598
fixed,2,5721,0.5932263135910034,0.0,0.020709414035081863,0.08295023441314697,0.6284660696983337,4,0.5,
fixed,2,5722,0.27667033672332764,0.009722389280796051,0.0002503882860764861,0.19655287265777588,0.34062260389328003,4,0.25,
fixed,2,5723,0.623762845993042,0.0,0.011602915823459625,0.0704801082611084,0.6507083177566528,4,0.5,
fixed,2,5724,0.7930667400360107,0.0,0.00041881209472194314,0.33022165298461914,0.8923426270484924,4,0.0,
fixed,2,5725,0.6708748936653137,0.023653481155633926,0.005882417783141136,0.05727672576904297,0.7028258442878723,4,0.5,1.742263913154602
fixed,2,5726,1.443636417388916,0.016310662031173706,0.0002301970962435007,0.12028241157531738,1.4879915714263916,4,0.25,
fixed,2,5727,0.2610744535923004,0.0,0.012833839282393456,0.046742916107177734,0.2815142571926117,4,0.5,
fixed,2,5728,0.5868022441864014,0.01589719019830227,0.005191694479435682,0.04484415054321289,0.6107999086380005,4,0.5,
fixed,2,5729,0.755045473575592,0.0,0.01816214993596077,0.04219543933868408,0.7767851948738098,4,0.5,
fixed,2,5730,0.4558050334453583,0.017092041671276093,0.01523242611438036,0.037364959716796875,0.4831767678260803,4,0.5,0.7818306088447571
fixed,2,5731,0.8935691118240356,0.022928602993488312,0.005127278156578541,0.033746957778930664,0.917721152305603,4,0.5,
fixed,2,5732,0.6841551065444946,0.0,0.014119384810328484,0.07646727561950684,0.7141549587249756,4,0.5,
fixed,2,5733,0.3400275409221649,0.0,0.011727429926395416,0.042127132415771484,0.35852938890457153,4,0.5,
fixed,2,5734,0.4974055588245392,0.0,0.011199697852134705,0.05640065670013428,0.519925594329834,4,0.5,
fixed,2,5735,0.6576029062271118,0.0,0.0008615541155450046,0.20435714721679688,0.7193408012390137,4,0.0,0.6923794150352478
fixed,2,5736,1.057610273361206,0.0,0.01732703484594822,0.16222190856933594,1.1149404048919678,4,0.75,
fixed,2,5737,0.9728100299835205,0.0,0.009556900709867477,0.07194554805755615,0.9991721510887146,4,0.5,
fixed,2,5738,0.8215345144271851,0.03492521122097969,0.008240102790296078,0.07928431034088135,0.8669024705886841,4,0.5,
fixed,2,5739,0.9713346362113953,0.02136971801519394,0.0049932561814785,0.0839012861251831,1.0096864700317383,4,0.5,
fixed,2,5740,1.0272858142852783,0.02696099877357483,0.009898783639073372,0.16304945945739746,1.094630479812622,4,0.75,0.6630658507347107
fixed,2,5741,1.0682257413864136,0.0,0.005806892644613981,0.144370436668396,1.1144403219223022,4,0.25,
fixed,2,5742,0.4542753994464874,0.0,0.010636074468493462,0.06286954879760742,0.4784542918205261,4,0.25,
fixed,2,5743,0.5095906257629395,0.0,0.014278203248977661,0.059421539306640625,0.5345562100410461,4,0.5,
fixed,2,5744,0.9197471737861633,0.0,0.026561608538031578,0.09818422794342041,0.9624832272529602,4,0.5,
fixed,2,5745,0.631007194519043,0.0,0.04099235683679581,0.24605154991149902,0.7253188490867615,4,1.0,7.991507530212402
fixed,2,5746,0.41426676511764526,0.0180633794516325,0.03479202836751938,0.11482119560241699,0.47514083981513977,4,0.75,
fixed,2,5747,0.7231230139732361,0.0,0.01519087515771389,0.0822761058807373,0.7554012537002563,4,0.5,
fixed,2,5748,0.4366191327571869,0.0,0.03141741082072258,0.1195833683013916,0.488202840089798,4,0.5,
fixed,2,5749,0.7522025108337402,0.0,0.02484060637652874,0.2228083610534668,0.8314653038978577,4,0.25,
fixed,2,5750,0.8998550772666931,0.0,0.015031101182103157,0.16436028480529785,0.9566786885261536,4,0.75,4.150585174560547
fixed,2,5751,0.32344552874565125,0.0,0.012922203168272972,0.06890261173248291,0.3505774140357971,4,0.5,
fixed,2,5752,0.5702356100082397,0.02903982624411583,0.007005934137851,0.06429076194763184,0.6075457334518433,4,0.5,
fixed,2,5753,0.4866681396961212,0.0,0.03051670640707016,0.11107611656188965,0.5352493524551392,4,0.75,
fixed,2,5754,0.582212507724762,0.0,0.0010985590051859617,0.3427906036376953,0.6855989694595337,4,0.0,
fixed,2,5755,0.627636194229126,0.0,0.023970192298293114,0.1304323673248291,0.6787509918212891,4,0.75,5.038494110107422
fixed,2,5756,0.19745005667209625,0.0,0.021840499714016914,0.37982630729675293,0.3223181962966919,4,1.0,
fixed,2,5757,0.4781489968299866,0.016403473913669586,0.0006304741837084293,0.11041545867919922,0.5197905898094177,4,0.25,
fixed,2,5758,0.470361590385437,0.0,0.010458141565322876,0.044669389724731445,0.48899146914482117,4,0.5,
fixed,2,5759,0.5647532343864441,0.0,0.01264125481247902,0.08993864059448242,0.5980554819107056,4,0.5,
fixed,2,5760,0.529265820980072,0.0,0.02617938071489334,0.0891953706741333,0.5691141486167908,4,0.75,5.6413421630859375
fixed,2,5761,0.44155386090278625,0.0,0.018033688887953758,0.11753010749816895,0.48582974076271057,4,0.75,
fixed,2,5762,0.6266956329345703,0.0,0.026955723762512207,0.2135007381439209,0.7042237520217896,4,0.75,
fixed,2,5763,0.7791480422019958,0.0,0.025423794984817505,0.10599029064178467,0.8236570358276367,4,0.75,
fixed,2,5764,0.5506569743156433,0.0,0.012281599454581738,0.03203773498535156,0.5664091110229492,4,0.5,
fixed,2,5765,0.4788527190685272,0.0,0.014278301037847996,0.06978034973144531,0.5069260001182556,4,0.5,3.642361640930176
fixed,2,5766,0.35244789719581604,0.0,0.006533045321702957,0.09414160251617432,0.3839569091796875,4,0.25,
fixed,2,5767,0.5836687088012695,0.0,0.011620952747762203,0.43723922967910767,0.7206509709358215,4,0.25,
fixed,2,5768,0.4757802486419678,0.0,0.014781331643462181,0.16971540451049805,0.5340855121612549,4,0.75,
fixed,2,5769,0.7206181883811951,0.0,0.01089601218700409,0.06484651565551758,0.7455201745033264,4,0.5,
fixed,2,5770,0.29491347074508667,0.0,0.011802282184362411,0.038016676902770996,0.31221961975097656,4,0.25,2.8763575553894043
fixed,2,5771,0.46294331550598145,0.0,0.01494686957448721,0.17589950561523438,0.5231866240501404,4,0.75,
fixed,2,5772,0.7961704134941101,0.0,0.01601720228791237,0.1719815731048584,0.8557735085487366,4,0.75,
fixed,2,5773,0.5016655325889587,0.024155035614967346,0.0003266700659878552,0.15663623809814453,0.5608972311019897,4,0.25,
fixed,2,5774,0.43341007828712463,0.0,0.017070727422833443,0.1689746379852295,0.49263784289360046,4,0.75,
fixed,2,5775,0.36171361804008484,0.0,0.011876464821398258,0.2113816738128662,0.4310663640499115,4,0.25,2.489269971847534
fixed,2,5776,1.2139216661453247,0.0,0.00560554675757885,0.13741064071655273,1.2579476833343506,4,0.25,
fixed,2,5777,0.5425083637237549,0.0,0.023797739297151566,0.39848577976226807,0.6739529371261597,4,1.0,
fixed,2,5778,0.4397379159927368,0.0,0.01656794175505638,0.17417848110198975,0.5002754330635071,4,0.75,
fixed,2,5779,0.9233740568161011,0.030842822045087814,0.005412451922893524,0.07601237297058105,0.9643054008483887,4,0.5,
fixed,2,5780,0.7653564810752869,0.0,0.0180693119764328,0.044240713119506836,0.7876633405685425,4,0.5,4.595035076141357
fixed,2,5781,0.8573929071426392,0.0,0.00568802934139967,0.11512768268585205,0.8947752118110657,4,0.25,
fixed,2,5782,0.5202730894088745,0.019376948475837708,0.012792431749403477,0.13042724132537842,0.5754859447479248,4,0.75,
fixed,2,5783,0.4774662256240845,0.0,0.008701406419277191,0.13417255878448486,0.5220686793327332,4,0.25,
fixed,2,5784,0.6642403602600098,0.021636920049786568,0.0007247200701385736,0.13603949546813965,0.7162330150604248,4,0.25,
fixed,2,5785,0.43039804697036743,0.022557735443115234,0.019879719242453575,0.1995995044708252,0.5114966630935669,4,0.75,3.3141605854034424
fixed,2,5786,0.7972708940505981,0.0,0.021211091428995132,0.03921616077423096,0.8196412920951843,4,0.5,
fixed,2,5787,1.0505046844482422,0.0,0.02881326526403427,0.08982837200164795,1.0918598175048828,4,0.75,
fixed,2,5788,0.6492254137992859,0.0,0.011245716363191605,0.0954824686050415,0.6834930181503296,4,0.25,
fixed,2,5789,0.39882415533065796,0.0,0.02788875252008438,0.04553806781768799,0.42642995715141296,4,0.5,
fixed,2,5790,0.44479501247406006,0.0,0.020657192915678024,0.040184617042541504,0.46717900037765503,4,0.5,4.2196197509765625
fixed,2,5791,1.1673667430877686,0.025251880288124084,0.0004139267548453063,0.08254623413085938,1.2049635648727417,4,0.25,
fixed,2,5792,0.5060544013977051,0.0,0.026267535984516144,0.04107177257537842,0.5315096974372864,4,0.5,
fixed,2,5793,0.21803458034992218,0.0,0.018502546474337578,0.0396268367767334,0.23917390406131744,4,0.5,
fixed,2,5794,0.42890483140945435,0.026852227747440338,0.02921307273209095,0.2780996561050415,0.5403673648834229,4,1.0,
fixed,2,5795,0.6242392063140869,0.0,0.016903772950172424,0.03750491142272949,0.6439425945281982,4,0.5,4.004340648651123
fixed,2,5796,0.698755145072937,0.0,0.008406299166381359,0.07867002487182617,0.7265592813491821,4,0.25,
fixed,2,5797,0.21528883278369904,0.0,0.025345202535390854,0.03292381763458252,0.23783858120441437,4,0.5,
fixed,2,5798,0.5247599482536316,0.045320335775613785,0.016414348036050797,0.2731759548187256,0.6375800967216492,4,1.0,
fixed,2,5799,0.6618393063545227,0.022017743438482285,1.6095087630674243e-05,0.09738516807556152,0.7020717859268188,4,0.25,
fixed,2,5800,0.597260594367981,0.015643417835235596,0.034877631813287735,0.1956949234008789,0.6812295913696289,4,1.0,4.428412914276123
fixed,2,5801,0.6477928161621094,0.014470038004219532,0.019634433090686798,0.016410231590270996,0.6697680950164795,4,0.5,
fixed,2,5802,0.6785258054733276,0.0,0.009797370061278343,0.08605504035949707,0.7092410326004028,4,0.25,
fixed,2,5803,0.6770062446594238,0.0,0.01134073082357645,0.1007988452911377,0.7129162549972534,4,0.25,
fixed,2,5804,1.3462193012237549,4.110196641704533e-06,0.008997960947453976,0.09159743785858154,1.378199577331543,4,0.25,
fixed,2,5805,0.5281091332435608,0.0,0.03628663346171379,0.021144628524780273,0.552595853805542,4,0.5,6.015694618225098
fixed,2,5806,0.6161437630653381,0.0,0.04091060906648636,0.020686864852905273,0.6428050994873047,4,0.5,
fixed,2,5807,0.6088553667068481,0.0,0.008307086303830147,0.10048747062683105,0.6431551575660706,4,0.25,
fixed,2,5808,0.39061444997787476,0.0,0.03655943274497986,0.02220296859741211,0.41555505990982056,4,0.5,
fixed,2,5809,0.8272203803062439,2.3201282672857815e-08,0.007395592518150806,0.10433244705200195,0.862217903137207,4,0.25,
fixed,2,5810,0.414755254983902,0.0,0.022383050993084908,0.07369935512542725,0.44805657863616943,4,0.25,3.6802494525909424
fixed,2,5811,0.27695056796073914,0.0,0.03583834692835808,0.13200485706329346,0.334471195936203,4,0.75,
fixed,2,5812,0.6795650124549866,0.019925661385059357,0.010559872724115849,0.05742239952087402,0.7120345234870911,4,0.5,
fixed,2,5813,0.4162840247154236,0.014679702930152416,0.013596071861684322,0.10118758678436279,0.4607781767845154,4,0.5,
fixed,2,5814,0.7608806490898132,0.0,0.011577989906072617,0.08070635795593262,0.7908815741539001,4,0.5,
fixed,2,5815,0.3234266936779022,0.0,0.012395585887134075,0.08828067779541016,0.356108695268631,4,0.5,3.2702929973602295
fixed,2,5816,1.3985432386398315,0.0,0.006381443236023188,0.09893405437469482,1.4314141273498535,4,0.25,
fixed,2,5817,0.3615114688873291,0.0,0.011380258947610855,0.07944333553314209,0.3910346031188965,4,0.5,
fixed,2,5818,0.2685805857181549,0.0,0.007263322360813618,0.0859527587890625,0.2979980707168579,4,0.5,
fixed,2,5819,0.6323034763336182,0.0,0.003615804249420762,0.0754697322845459,0.6567522883415222,4,0.25,
fixed,2,5820,0.7663390040397644,0.0,0.005895208567380905,0.09387469291687012,0.797448992729187,4,0.5,1.9196213483810425
fixed,2,5821,0.9195634722709656,0.0,0.008737128227949142,0.08072447776794434,0.9481493830680847,4,0.5,
fixed,2,5822,0.46289604902267456,0.0,0.0045095402747392654,0.21110749244689941,0.5284830927848816,4,0.0,
fixed,2,5823,0.7898944020271301,0.0,0.013696635141968727,0.07124972343444824,0.818117618560791,4,0.5,
fixed,2,5824,0.7462300062179565,0.023739665746688843,0.006816205568611622,0.2106630802154541,0.8247068524360657,4,0.75,
fixed,2,5825,0.3996323049068451,0.034814879298210144,0.00802693236619234,0.23351311683654785,0.49110713601112366,4,0.75,1.260971188545227
fixed,2,5826,1.040766954421997,0.0,0.0167685579508543,0.20544517040252686,1.1107847690582275,4,0.75,
fixed,2,5827,0.3372069299221039,0.0,0.008473116904497147,0.02270960807800293,0.348256379365921,4,0.25,
fixed,2,5828,0.46510350704193115,0.0,0.011098014190793037,0.08269619941711426,0.4954613745212555,4,0.5,
fixed,2,5829,0.9263114333152771,0.0,0.011749939061701298,0.2606537342071533,1.0103825330734253,4,0.5,
fixed,2,5830,0.419529527425766,0.0,0.003943570889532566,0.0801393985748291,0.4455431401729584,4,0.25,1.2285159826278687
fixed,2,5831,0.7150561213493347,0.0,0.008527616038918495,0.0766446590423584,0.7423133254051208,4,0.5,
fixed,2,5832,1.2280151844024658,0.0,0.0035679165739566088,0.08524072170257568,1.255371332168579,4,0.25,
fixed,2,5833,0.49107787013053894,0.025148488581180573,0.015386597253382206,0.20931077003479004,0.5741386413574219,4,0.75,
fixed,2,5834,0.7869899868965149,0.0,0.01738835498690605,0.2673543691635132,0.8758904933929443,4,0.75,
fixed,2,5835,0.44553232192993164,0.055849552154541016,0.004852166399359703,0.1783980131149292,0.5294026136398315,4,0.75,5.393558502197266
fixed,2,5836,0.9654436707496643,0.0,0.03553946688771248,0.12644004821777344,1.0211454629898071,4,0.75,
fixed,2,5837,1.0449130535125732,0.0,0.004797958303242922,0.0989217758178711,1.0769885778427124,4,0.25,
fixed,2,5838,0.7786434888839722,0.0,0.02464989572763443,0.13155829906463623,0.8304359316825867,4,0.75,
fixed,2,5839,0.33976805210113525,0.019704492762684822,0.02720034122467041,0.27651214599609375,0.44617411494255066,4,1.0,
fixed,2,5840,0.543398916721344,0.0,0.006596255581825972,0.09171533584594727,0.5742116570472717,4,0.25,1.6899441480636597
fixed,2,5841,1.2090121507644653,0.0,0.019699258729815483,0.044374823570251465,1.232174277305603,4,0.5,
fixed,2,5842,0.5397794842720032,0.0,0.019758544862270355,0.14362525939941406,0.5927463173866272,4,0.25,
fixed,2,5843,0.40502139925956726,0.012501529417932034,0.014825631864368916,0.09070014953613281,0.4458950161933899,4,0.75,
fixed,2,5844,0.3082462251186371,0.0,0.029790889471769333,0.028670787811279297,0.33174291253089905,4,0.5,
fixed,2,5845,0.6216170787811279,0.0,0.019223006442189217,0.0459291934967041,0.645007312297821,4,0.5,4.057908535003662
fixed,2,5846,0.3150172233581543,0.0,0.03918745368719101,0.12560510635375977,0.37229248881340027,4,0.75,
fixed,2,5847,0.6617208123207092,0.010005071759223938,0.023586967960000038,0.02128612995147705,0.6849026679992676,4,0.5,
fixed,2,5848,0.41975390911102295,0.013890345580875874,0.01823445037007332,0.07862496376037598,0.4594038128852844,4,0.5,
fixed,2,5849,0.6772111654281616,0.0,0.03468802571296692,0.07010805606842041,0.7155876159667969,4,0.5,
fixed,2,5850,1.1844998598098755,0.022059859707951546,0.006122687365859747,0.07649481296539307,1.2215396165847778,4,0.75,3.2498979568481445
fixed,2,5851,0.6975625157356262,0.0,0.029607709497213364,0.1184619665145874,0.7479049563407898,4,0.75,
fixed,2,5852,0.8182768225669861,0.0,0.026827143505215645,0.07263696193695068,0.8534814715385437,4,0.5,
fixed,2,5853,0.37328511476516724,0.0,0.025027979165315628,0.06872344017028809,0.4064161479473114,4,0.5,
fixed,2,5854,0.6754187345504761,0.0,0.010572090744972229,0.1211322546005249,0.717044472694397,4,0.25,
fixed,2,5855,0.753428041934967,0.0,0.02841711789369583,0.12080681324005127,0.803878664970398,4,0.75,6.209174156188965
fixed,2,5856,0.55159592628479,0.0,0.03495055064558983,0.29502153396606445,0.657577633857727,4,1.0,
fixed,2,5857,0.4015585482120514,0.0,0.03071843460202217,0.10489988327026367,0.4483877420425415,4,0.25,
fixed,2,5858,0.7331411838531494,0.01309148594737053,0.019443847239017487,0.11501157283782959,0.7839123010635376,4,0.75,
fixed,2,5859,0.3606165647506714,0.0,0.018359990790486336,0.05362129211425781,0.3858829438686371,4,0.5,
fixed,2,5860,0.6490108966827393,0.0,0.016720425337553024,0.06075549125671387,0.6755977869033813,4,0.5,3.6130406856536865
fixed,2,5861,0.7113301753997803,0.0,0.019334301352500916,0.06564188003540039,0.7406898736953735,4,0.5,
fixed,2,5862,1.1718624830245972,0.0,0.011013766750693321,0.06987607479095459,1.1983321905136108,4,0.5,
fixed,2,5863,0.27445849776268005,0.0,0.015160969458520412,0.053833723068237305,0.29818910360336304,4,0.5,
fixed,2,5864,0.5450765490531921,0.0,0.011403441429138184,0.19515419006347656,0.6093245148658752,4,0.75,
fixed,2,5865,0.4904680550098419,0.0,0.01393401250243187,0.1822422742843628,0.5521077513694763,4,0.75,3.8833701610565186
fixed,2,5866,0.8368889689445496,0.0,0.008352705277502537,0.04441380500793457,0.854389488697052,4,0.25,
fixed,2,5867,0.7837187051773071,0.0,0.00029459979850798845,0.3586108684539795,0.8914492726325989,4,0.0,
fixed,2,5868,1.1700979471206665,0.0,0.0026210779324173927,0.09185659885406494,1.1989654302597046,4,0.25,
fixed,2,5869,0.4784734547138214,0.0,0.009472674690186977,0.07993912696838379,0.50719153881073,4,0.5,
fixed,2,5870,0.7149131894111633,0.0,0.0076833246275782585,0.06622314453125,0.7386217713356018,4,0.5,2.288054943084717
fixed,2,5871,0.9576422572135925,0.0,0.005482825450599194,0.09182143211364746,0.9879301190376282,4,0.5,
fixed,2,5872,0.8950092196464539,0.0,0.0178389772772789,0.08884072303771973,0.9305809140205383,4,0.5,
fixed,2,5873,0.6593056917190552,0.0,0.004552764352411032,0.038459062576293945,0.6731197834014893,4,0.25,
fixed,2,5874,1.1616052389144897,0.0,0.011316265910863876,0.21700119972229004,1.2323637008666992,4,0.75,
fixed,2,5875,0.7632052898406982,0.0,0.0023771130945533514,0.2674126625061035,0.8446176648139954,4,0.0,1.6381499767303467
fixed,2,5876,0.3369864821434021,0.0,0.005106345750391483,0.09412634372711182,0.367777556180954,4,0.5,
fixed,2,5877,1.1809478998184204,0.0,0.005705028772354126,0.09065473079681396,1.2109968662261963,4,0.5,
fixed,2,5878,0.5412715077400208,0.0708964541554451,0.00039530295180156827,0.09701740741729736,0.6060225963592529,4,0.5,
fixed,2,5879,0.7215670347213745,0.0,0.006488828454166651,0.03987610340118408,0.7367742657661438,4,0.25,
fixed,2,5880,1.0834814310073853,0.0,0.006747686304152012,0.2556496858596802,1.1635501384735107,4,0.75,2.318174123764038
fixed,2,5881,0.901790976524353,0.0,0.00944514013826847,0.20897698402404785,0.9692066311836243,4,0.75,
fixed,2,5882,0.23239657282829285,0.0,0.012229603715240955,0.18581271171569824,0.29425519704818726,4,0.75,
fixed,2,5883,0.35680270195007324,0.0,0.010204484686255455,0.09433948993682861,0.39020678400993347,4,0.5,
fixed,2,5884,0.7404994368553162,0.0,0.012160567566752434,0.17980456352233887,0.8005210757255554,4,0.75,
fixed,2,5885,0.20544347167015076,0.0,0.007409233134239912,0.04465901851654053,0.22254578769207,4,0.25,2.1007766723632812
fixed,2,5886,0.3975622057914734,0.0,0.004768777173012495,0.2417353391647339,0.47246718406677246,4,0.0,
fixed,2,5887,0.2970336079597473,0.0,0.018134601414203644,0.047974467277526855,0.32049325108528137,4,0.5,
fixed,2,5888,0.3856511414051056,0.021962853148579597,0.016402244567871094,0.3375561237335205,0.5061005353927612,4,1.0,
fixed,2,5889,0.46236684918403625,0.0,0.013902325183153152,0.15609335899353027,0.5161460041999817,4,0.75,
fixed,2,5890,0.39342591166496277,0.0,0.020635399967432022,0.2932748794555664,0.4917260706424713,4,0.75,4.9698028564453125
fixed,2,5891,0.39496272802352905,0.0,0.01964046247303486,0.10810935497283936,0.43721577525138855,4,0.75,
fixed,2,5892,0.25348830223083496,0.0,0.009400990791618824,0.22053217887878418,0.32434844970703125,4,0.25,
fixed,2,5893,0.5063682794570923,0.0,0.022847190499305725,0.0846102237701416,0.5431749224662781,4,0.75,
fixed,2,5894,0.43953225016593933,0.01449112594127655,0.014952633529901505,0.08064758777618408,0.47844839096069336,4,0.75,
fixed,2,5895,0.6848137378692627,0.01643529161810875,0.013252205215394497,0.029346704483032227,0.7084615230560303,4,0.5,2.6635947227478027
fixed,2,5896,0.6580318808555603,0.019916869699954987,0.02771143615245819,0.2422804832458496,0.7545301914215088,4,1.0,
fixed,2,5897,0.581275224685669,0.0,0.02121700905263424,0.28629255294799805,0.6777715086936951,4,0.25,
fixed,2,5898,0.25968480110168457,0.0,0.027262024581432343,0.0900568962097168,0.3003328740596771,4,0.75,
fixed,2,5899,1.1465799808502197,0.0258452408015728,0.038919925689697266,0.20379948616027832,1.2401024103164673,4,1.0,
fixed,2,5900,0.6498828530311584,0.0,0.01873292401432991,0.08011245727539062,0.6832830309867859,4,0.5,4.038266181945801
fixed,2,5901,0.6908321380615234,0.0,0.023868434131145477,0.06807458400726318,0.7231887578964233,4,0.25,
fixed,2,5902,0.44825291633605957,0.0,0.03737541288137436,0.1014716625213623,0.49738213419914246,4,0.5,
fixed,2,5903,0.5023840665817261,0.0,0.02574121579527855,0.08094608783721924,0.5395385026931763,4,0.25,
fixed,2,5904,0.5685251951217651,0.0,0.03227167949080467,0.08841907978057861,0.6111867427825928,4,0.5,
fixed,2,5905,0.3411984443664551,0.0,0.021310478448867798,0.06922709941864014,0.3726218044757843,4,0.5,3.948481798171997
fixed,2,5906,0.8157026767730713,0.0,0.03611816093325615,0.08429646492004395,0.8590506911277771,4,0.75,
fixed,2,5907,0.7853118181228638,0.0,0.02017536759376526,0.05369758605957031,0.8115087747573853,4,0.5,
fixed,2,5908,0.5204335451126099,0.019423147663474083,0.008412680588662624,0.07978487014770508,0.5582869052886963,4,0.5,
fixed,2,5909,0.36137235164642334,0.0,0.025142161175608635,0.058275461196899414,0.39142608642578125,4,0.5,
fixed,2,5910,0.5751947164535522,0.0,0.008254578337073326,0.034935593605041504,0.5898026823997498,4,0.25,2.2083218097686768
fixed,2,5911,0.6246879696846008,0.0,0.010027087293565273,0.03738832473754883,0.6409180164337158,4,0.25,
fixed,2,5912,0.846051037311554,0.0,0.013400968164205551,0.05765056610107422,0.8700466752052307,4,0.5,
fixed,2,5913,0.7274743318557739,0.0,0.013570752926170826,0.16676652431488037,0.7842896580696106,4,0.75,
fixed,2,5914,0.6170459389686584,0.0,0.01277686282992363,0.06073427200317383,0.6416546702384949,4,0.5,
fixed,2,5915,0.4568919539451599,0.03461351618170738,0.008851723745465279,0.16965889930725098,0.5295222401618958,4,0.75,1.2367326021194458
fixed,2,5916,0.2276904433965683,0.0,0.013804138638079166,0.3252626657485962,0.33217132091522217,4,0.75,
fixed,2,5917,0.6261484026908875,0.0,0.005957360379397869,0.17038369178771973,0.6802421808242798,4,0.25,
fixed,2,5918,0.5756654739379883,0.0,0.0019218851812183857,0.48168957233428955,0.721133291721344,4,0.0,
fixed,2,5919,0.46935591101646423,0.0,0.00923494528979063,0.0890575647354126,0.5006906390190125,4,0.5,
fixed,2,5920,1.003269076347351,0.01669985242187977,0.004694887436926365,0.0842214822769165,1.039232850074768,4,0.5,2.31160306930542
fixed,2,5921,0.615210771560669,0.0,0.004796932451426983,0.12493884563446045,0.655090868473053,4,0.25,
fixed,2,5922,0.9976427555084229,0.0,0.009240609593689442,0.08096683025360107,1.0265531539916992,4,0.5,
fixed,2,5923,0.7877953052520752,0.0,0.013129464350640774,0.0665123462677002,0.8143137693405151,4,0.5,
fixed,2,5924,0.5489954948425293,0.03709431737661362,0.008846663869917393,0.35230791568756104,0.6776583790779114,4,0.75,
fixed,2,5925,0.6818263530731201,0.0,0.016093183308839798,0.16853547096252441,0.7404335737228394,4,0.75,4.030563831329346
fixed,2,5926,0.892852783203125,0.02476123906672001,0.010063448920845985,0.15416479110717773,0.9565145969390869,4,0.75,
fixed,2,5927,0.5705510973930359,0.022598886862397194,0.005548743065446615,0.05571389198303223,0.6013391017913818,4,0.5,
fixed,2,5928,0.6306561231613159,0.0,0.011028753593564034,0.050637006759643555,0.6513615846633911,4,0.5,
fixed,2,5929,0.32277733087539673,0.0,0.013530578464269638,0.04895615577697754,0.34422945976257324,4,0.5,
fixed,2,5930,0.6705728769302368,0.0,0.016390442848205566,0.04343295097351074,0.6917979717254639,4,0.5,3.6450579166412354
fixed,2,5931,0.9545562863349915,0.015429538674652576,0.015307122841477394,0.09962129592895508,0.9998109936714172,4,0.75,
fixed,2,5932,0.8028994798660278,0.0,0.0027389589231461287,0.24003446102142334,0.8762792944908142,4,0.0,
fixed,2,5933,0.486551970243454,0.0,0.021276598796248436,0.1273632049560547,0.5353992581367493,4,0.75,
fixed,2,5934,0.42250895500183105,0.0,0.012620707973837852,0.05132269859313965,0.44421613216400146,4,0.25,
fixed,2,5935,0.7384721040725708,0.023974861949682236,0.025023669004440308,0.10214841365814209,0.7936158776283264,4,0.75,1.5257813930511475
fixed,2,5936,0.7290112972259521,0.0,0.012771496549248695,0.06675529479980469,0.7554236650466919,4,0.25,
fixed,2,5937,0.30618196725845337,0.0,0.030967939645051956,0.3086400032043457,0.4142579436302185,4,1.0,
fixed,2,5938,0.7974017262458801,0.02423771098256111,0.002313885372132063,0.06539058685302734,0.8302947282791138,4,0.25,
fixed,2,5939,0.89140385389328,0.0,0.020912524312734604,0.044768452644348145,0.9152906537055969,4,0.5,
fixed,2,5940,0.8712817430496216,0.0,0.019559677690267563,0.09220504760742188,0.9087231159210205,4,0.5,4.188357830047607
fixed,2,5941,0.7782202363014221,0.0,0.010560261085629463,0.20484685897827148,0.8449544310569763,4,0.25,
fixed,2,5942,0.9326512813568115,0.0,0.0006072265678085387,0.5193766355514526,1.0887678861618042,4,0.0,
fixed,2,5943,0.5349910855293274,0.0,0.01776627078652382,0.08856189250946045,0.570442795753479,4,0.5,
fixed,2,5944,0.33807840943336487,0.0,0.020269565284252167,0.07313418388366699,0.3701534569263458,4,0.5,
fixed,2,5945,0.6996264457702637,0.0,0.031250908970832825,0.08927178382873535,0.7420334219932556,4,0.5,5.297177791595459
fixed,2,5946,0.6391443014144897,0.01687183603644371,0.01576044224202633,0.0994652509689331,0.6852999925613403,4,0.75,
fixed,2,5947,0.5166118144989014,0.0,0.010318822227418423,0.12115943431854248,0.5581190586090088,4,0.25,
fixed,2,5948,0.710314929485321,0.0,0.007498465944081545,0.09159839153289795,0.7415436506271362,4,0.25,
fixed,2,5949,0.6311022043228149,0.0,0.029655450955033302,0.10533154010772705,0.6775293946266174,4,0.75,
fixed,2,5950,0.7021571397781372,0.0,0.013362156227231026,0.04283714294433594,0.7216893434524536,4,0.5,3.264448881149292
fixed,2,5951,0.6344850659370422,0.0,0.030727224424481392,0.10103023052215576,0.6801577210426331,4,0.75,
fixed,2,5952,0.7902647852897644,0.0,0.012843428179621696,0.07323455810546875,0.818656861782074,4,0.5,
fixed,2,5953,0.6933380961418152,0.021144719794392586,0.019060013815760612,0.3273102045059204,0.8116335272789001,4,1.0,
fixed,2,5954,0.6954261660575867,0.03142917528748512,0.021493928506970406,0.20127558708190918,0.7822704315185547,4,0.75,
fixed,2,5955,0.7263951301574707,0.024692442268133163,0.01683592051267624,0.21303975582122803,0.8110712170600891,4,0.75,1.0038721561431885
fixed,2,5956,0.44205567240715027,0.0,0.024165350943803787,0.11625206470489502,0.4890139698982239,4,0.75,
fixed,2,5957,0.9376252889633179,0.0,0.0005588695639744401,0.2575113773345947,1.0151581764221191,4,0.0,
fixed,2,5958,1.4094454050064087,0.0,0.007890411652624607,0.06828045845031738,1.4338747262954712,4,0.25,
fixed,2,5959,1.166571021080017,0.0,0.002728712046518922,0.19953036308288574,1.2277945280075073,4,0.0,
fixed,2,5960,0.508236289024353,0.0,0.014485398307442665,0.04008495807647705,0.5275045037269592,4,0.5,3.632505178451538
fixed,2,5961,0.7424525022506714,0.0,0.034339539706707,0.281277060508728,0.8440054059028625,4,1.0,
fixed,2,5962,0.5470851063728333,0.020427998155355453,0.014777196571230888,0.12124395370483398,0.6010608673095703,4,0.75,
fixed,2,5963,0.628380298614502,0.0,0.015077071264386177,0.042603492736816406,0.6486998796463013,4,0.5,
fixed,2,5964,0.5118052363395691,0.0,0.032424312084913254,0.10028564929962158,0.558103084564209,4,0.75,
fixed,2,5965,0.3535178005695343,5.052794449511566e-07,0.02909904532134533,0.05743598937988281,0.38529837131500244,4,0.5,4.624282360076904
fixed,2,5966,0.7594988346099854,0.0,0.01866229809820652,0.06253397464752197,0.7875901460647583,4,0.5,
fixed,2,5967,0.40707647800445557,0.0,0.02725437469780445,0.03862440586090088,0.4322909712791443,4,0.5,
fixed,2,5968,0.6890347599983215,0.0,0.031145095825195312,0.10185611248016357,0.7351641654968262,4,0.75,
fixed,2,5969,0.45688924193382263,0.0,0.02962617762386799,0.11140084266662598,0.5051226019859314,4,0.75,
fixed,2,5970,0.699857234954834,0.010239265859127045,0.021707545965909958,0.1106334924697876,0.7490206956863403,4,0.75,3.3411879539489746
fixed,2,5971,0.6415950059890747,0.013474742881953716,0.01845499500632286,0.10588467121124268,0.6893252730369568,4,0.75,
fixed,2,5972,0.3814897835254669,0.0,0.020548906177282333,0.08755612373352051,0.41803106665611267,4,0.5,
fixed,2,5973,0.4070054590702057,0.021144719794392586,0.008952246978878975,0.10321402549743652,0.4530181586742401,4,0.5,
fixed,2,5974,0.9371666312217712,0.0,0.03088214434683323,0.10820257663726807,0.9850685000419617,4,0.5,
fixed,2,5975,0.5260546207427979,0.0,0.019661428406834602,0.2128208875656128,0.5997316241264343,4,0.25,3.088738203048706
fixed,2,5976,0.3880294859409332,0.0,0.011083908379077911,0.05840754508972168,0.41109371185302734,4,0.25,
fixed,2,5977,0.3296213150024414,0.0,0.040796589106321335,0.0988532304763794,0.37967556715011597,4,0.75,
fixed,2,5978,1.0763095617294312,0.0,0.02251046895980835,0.13158679008483887,1.1270408630371094,4,0.75,
fixed,2,5979,0.32545334100723267,0.02772752195596695,0.005795634817332029,0.07267975807189941,0.36401885747909546,4,0.5,
fixed,2,5980,0.8552206158638,0.0,0.015316354110836983,0.06814372539520264,0.8833218812942505,4,0.5,3.694528102874756
fixed,2,5981,0.9627373814582825,0.0,0.011451998725533485,0.05712246894836426,0.9856001138687134,4,0.25,
fixed,2,5982,0.9877785444259644,0.0,0.016996435821056366,0.06869375705718994,1.0168849229812622,4,0.5,
fixed,2,5983,0.33667856454849243,0.0,0.02635713294148445,0.12777113914489746,0.3881884813308716,4,0.75,
fixed,2,5984,0.9278783202171326,0.0,0.015450121834874153,0.16812396049499512,0.9860405921936035,4,0.75,
fixed,2,5985,0.6090133786201477,0.0,0.016575025394558907,0.1600487232208252,0.6653155088424683,4,0.75,4.485250473022461
fixed,2,5986,0.6527080535888672,0.0,0.02169356681406498,0.23803842067718506,0.7349663972854614,4,0.75,
fixed,2,5987,0.9946861267089844,0.017762020230293274,0.015861615538597107,0.08808183670043945,1.0379225015640259,4,0.5,
fixed,2,5988,0.8912403583526611,0.0,0.019633224233984947,0.15747475624084473,0.9482994079589844,4,0.75,
fixed,2,5989,0.5750969052314758,0.0,0.011419525370001793,0.047109365463256836,0.5949394702911377,4,0.25,
fixed,2,5990,0.5571856498718262,0.01754041016101837,0.00838925689458847,0.07323884963989258,0.5921221375465393,4,0.5,1.0556385517120361
fixed,2,5991,0.8009442090988159,0.0,0.0055871387012302876,0.09633016586303711,0.832636833190918,4,0.25,
fixed,2,5992,0.6533811688423157,0.0,0.018687205389142036,0.1366175413131714,0.7037100195884705,4,0.75,
fixed,2,5993,0.6979032754898071,0.04744520038366318,0.004575530532747507,0.13532781600952148,0.7645120024681091,4,0.75,
fixed,2,5994,0.7164453268051147,0.019042812287807465,0.004819299094378948,0.06301403045654297,0.7472805976867676,4,0.5,
fixed,2,5995,0.6669551134109497,0.0,0.011211786419153214,0.05510270595550537,0.6890918016433716,4,0.5,3.050504446029663
fixed,2,5996,0.41737550497055054,0.0,0.010572290979325771,0.1406768560409546,0.46486470103263855,4,0.25,
fixed,2,5997,0.530498743057251,0.0,0.01882191002368927,0.06713366508483887,0.5600497722625732,4,0.5,
fixed,2,5998,0.21985478699207306,0.0,0.015388913452625275,0.055504560470581055,0.24420061707496643,4,0.5,
fixed,2,5999,0.5426347851753235,0.0,0.018304964527487755,0.1367408037185669,0.5928094983100891,4,0.75,
fixed,2,6000,1.1472303867340088,0.0,0.030984241515398026,0.08621907234191895,1.188588261604309,4,0.75,6.33786678314209
fixed,2,6001,1.0558363199234009,0.012063432484865189,0.01468598935753107,0.0908273458480835,1.0964592695236206,4,0.75,
fixed,2,6002,0.4487115144729614,0.023114098235964775,0.013742558658123016,0.11453354358673096,0.5014998912811279,4,0.75,
fixed,2,6003,1.112583875656128,0.01621483638882637,0.014195531606674194,0.10010027885437012,1.157819151878357,4,0.75,
fixed,2,6004,0.7163776755332947,0.0,0.00736832432448864,0.15417826175689697,0.7663153409957886,4,0.25,
fixed,2,6005,0.8546541929244995,0.01692083477973938,0.019116925075650215,0.0764244794845581,0.895600438117981,4,0.75,2.06907320022583
