mode,epoch,step,ce,l_over,l_under,r_hedge,tcl_total,n_volatile,pred_confident_frac,c_hat_grad_norm
fixed,0,0,6.984820365905762,0.00949218962341547,0.008789063431322575,0.0,6.993960857391357,4,1.0,0.2383430302143097
fixed,0,1,5.620046138763428,0.006106402259320021,0.07596013695001602,5.435943603515625e-05,5.66109561920166,4,0.0,
fixed,0,2,3.4305782318115234,0.009802386164665222,0.03722075745463371,0.0004265308380126953,3.4542176723480225,4,0.0,
fixed,0,3,4.905191898345947,0.0033211554400622845,0.08269891142845154,0.0006852149963378906,4.9484076499938965,4,0.0,
fixed,0,4,3.5298819541931152,0.011490385048091412,0.03548714891076088,0.004770398139953613,3.5548019409179688,4,0.0,
fixed,0,5,3.070457935333252,0.004504932556301355,0.0736982673406601,0.01621425151824951,3.1144237518310547,4,0.0,4.981536388397217
fixed,0,6,2.455843448638916,0.0,0.12191185355186462,0.0485074520111084,2.5313515663146973,4,0.0,
fixed,0,7,1.8917421102523804,0.023205038160085678,0.02607954852283001,0.07136750221252441,1.9377946853637695,4,0.0,
fixed,0,8,1.8698467016220093,0.009300160221755505,0.07082623988389969,0.10287809371948242,1.940773367881775,4,0.0,
fixed,0,9,3.228792428970337,0.0336211659014225,0.021018747240304947,0.1143801212310791,3.29042649269104,4,0.0,
fixed,0,10,2.4048073291778564,0.03626571595668793,0.019485633820295334,0.13735508918762207,2.4738895893096924,4,0.0,7.683355331420898
fixed,0,11,2.223076343536377,0.03258172795176506,0.02113797701895237,0.17563271522521973,2.302626132965088,4,0.0,
fixed,0,12,2.626120090484619,0.015238448977470398,0.030330918729305267,0.19971108436584473,2.708818197250366,4,0.0,
fixed,0,13,1.4532535076141357,0.013113457709550858,0.057380542159080505,0.13676166534423828,1.5295289754867554,4,0.0,
fixed,0,14,1.9674218893051147,0.0,0.11474119871854782,0.03465676307678223,2.035189628601074,4,1.0,
fixed,0,15,2.601280689239502,0.034977853298187256,0.0017938022501766682,0.07374191284179688,2.641789197921753,4,1.0,21.876253128051758
fixed,0,16,1.5462498664855957,0.008497452363371849,0.07478412985801697,0.05493152141571045,1.6043701171875,4,1.0,
fixed,0,17,2.0877459049224854,0.00971671286970377,0.07011362165212631,0.06294906139373779,2.146545886993408,4,1.0,
fixed,0,18,2.016557455062866,0.0,0.05459046736359596,0.10782885551452637,2.0762014389038086,4,1.0,
fixed,0,19,2.0196211338043213,0.05700863152742386,0.00017824108363129199,0.1749413013458252,2.1006970405578613,4,1.0,
fixed,0,20,2.0410311222076416,0.02720394730567932,0.035095274448394775,0.09800493717193604,2.1015822887420654,4,1.0,2.2730050086975098
fixed,0,21,1.8818843364715576,0.024096351116895676,0.025989539921283722,0.07954227924346924,1.9307899475097656,4,0.0,
fixed,0,22,3.3410749435424805,0.01055897120386362,0.03597016632556915,0.15341472625732422,3.4103639125823975,4,0.0,
fixed,0,23,2.653214454650879,0.003320695599541068,0.08755429089069366,0.20320582389831543,2.7596137523651123,4,0.0,
fixed,0,24,1.2311145067214966,0.003630980383604765,0.04609015956521034,0.15144217014312744,1.3014076948165894,4,0.0,
fixed,0,25,1.2879831790924072,0.0029982891865074635,0.04764480143785477,0.0849604606628418,1.3387929201126099,4,0.0,7.129085063934326
fixed,0,26,2.412930488586426,0.0011097862152382731,0.1413036733865738,0.04003310203552246,2.4961471557617188,4,0.0,
fixed,0,27,2.2423629760742188,0.005731992889195681,0.0470656082034111,0.006467342376708984,2.2707018852233887,4,0.0,
fixed,0,28,2.1549925804138184,0.0,0.11521980911493301,0.012461304664611816,2.2163407802581787,4,1.0,
fixed,0,29,1.6890387535095215,0.05132453516125679,0.0,0.07095062732696533,1.7359862327575684,4,1.0,
fixed,0,30,2.9698922634124756,0.0,0.06263317912817001,0.11177563667297363,3.0347416400909424,4,1.0,29.36726188659668
fixed,0,31,2.2302143573760986,0.05640596151351929,0.0001755733828758821,0.16925764083862305,2.3092823028564453,4,1.0,
fixed,0,32,2.963700294494629,0.05291098356246948,0.014507094398140907,0.15132451057434082,3.042806625366211,4,1.0,
fixed,0,33,2.7847487926483154,0.014945890754461288,0.034892089664936066,0.1169513463973999,2.8447532653808594,4,1.0,
fixed,0,34,2.956756591796875,0.011814435012638569,0.06015055254101753,0.08351469039916992,3.0177934169769287,4,1.0,
fixed,0,35,1.9435945749282837,0.019967352971434593,0.045193128287792206,0.0704946517944336,1.9973232746124268,4,1.0,4.910721302032471
fixed,0,36,1.3669207096099854,0.0,0.10189571976661682,0.05965280532836914,1.4357644319534302,4,0.5,
fixed,0,37,2.0438668727874756,0.0,0.10515424609184265,0.05803799629211426,2.1138553619384766,4,0.0,
fixed,0,38,2.577237367630005,0.0157956350594759,0.051270004361867905,0.05589604377746582,2.6275389194488525,4,1.0,
fixed,0,39,2.134355068206787,0.01609993167221546,0.051572032272815704,0.05193471908569336,2.1837713718414307,4,1.0,
fixed,0,40,2.4830963611602783,0.024529971182346344,0.02595198154449463,0.05138683319091797,2.5237534046173096,4,1.0,5.080296039581299
fixed,0,41,1.8303301334381104,0.015312450006604195,0.05219404399394989,0.04941987991333008,1.8789093494415283,4,1.0,
fixed,0,42,2.3428823947906494,0.014519800432026386,0.0311379823833704,0.047371864318847656,2.379922866821289,4,1.0,
fixed,0,43,1.2759774923324585,0.006927320268005133,0.06015210598707199,0.04256439208984375,1.3222864866256714,4,1.0,
fixed,0,44,2.378793239593506,0.013805484399199486,0.032912105321884155,0.038085341453552246,2.4135775566101074,4,1.0,
fixed,0,45,2.892028570175171,0.006731047760695219,0.061987169086933136,0.030423402786254883,2.9355146884918213,4,1.0,11.272171974182129
fixed,0,46,1.6622151136398315,0.013703458942472935,0.033962640911340714,0.025758862495422363,1.6937757730484009,4,1.0,
fixed,0,47,2.575057029724121,0.00704023614525795,0.08179229497909546,0.027752995491027832,2.6277992725372314,4,1.0,
fixed,0,48,2.6252784729003906,0.03022829443216324,0.0,0.029192447662353516,2.6491503715515137,4,1.0,
fixed,0,49,1.7727121114730835,0.014822429046034813,0.05517914146184921,0.027554631233215332,1.815979242324829,4,1.0,
fixed,0,50,1.8546096086502075,0.014455032534897327,0.054654426872730255,0.030690670013427734,1.8983715772628784,4,0.75,5.446876049041748
fixed,0,51,3.2201361656188965,0.014068259857594967,0.05487462878227234,0.03345000743865967,3.2646427154541016,4,0.0,
fixed,0,52,2.6907031536102295,0.013569037429988384,0.05604099482297897,0.03490138053894043,2.735978603363037,4,0.0,
fixed,0,53,2.311476707458496,0.006722043268382549,0.08530530333518982,0.03987455368041992,2.369452714920044,4,0.0,
fixed,0,54,1.9410507678985596,0.013585340231657028,0.032417263835668564,0.04698622226715088,1.9781479835510254,4,0.0,
fixed,0,55,2.2396082878112793,0.013767259195446968,0.05624180659651756,0.05005085468292236,2.289628028869629,4,0.0,5.512765407562256
fixed,0,56,1.8626459836959839,0.028314858675003052,0.0,0.05736374855041504,1.8940125703811646,4,0.0,
fixed,0,57,2.9389748573303223,0.0134962759912014,0.03284327685832977,0.06143951416015625,2.980576515197754,4,0.0,
fixed,0,58,1.9847776889801025,0.01976695843040943,0.028515709564089775,0.06509184837341309,2.028446674346924,4,0.0,
fixed,0,59,2.22771954536438,0.012335372157394886,0.05888313800096512,0.06542754173278809,2.282957077026367,4,0.0,
fixed,0,60,2.1947081089019775,0.017834767699241638,0.029723403975367546,0.07021307945251465,2.239551067352295,4,0.0,1.861177921295166
fixed,0,61,1.819148063659668,0.005660257302224636,0.09225336462259293,0.06796765327453613,1.8884952068328857,4,0.0,
fixed,0,62,2.052241802215576,0.01661417819559574,0.03001103736460209,0.06895756721496582,2.0962417125701904,4,0.0,
fixed,0,63,1.9362415075302124,0.015943780541419983,0.03133619204163551,0.06604576110839844,1.979695200920105,4,0.0,
fixed,0,64,2.6560027599334717,0.009891044348478317,0.038043417036533356,0.06338560581207275,2.6989855766296387,4,0.0,
fixed,0,65,1.925449252128601,0.01450837217271328,0.03265317156910896,0.05589926242828369,1.9657998085021973,4,0.0,0.8137946128845215
fixed,0,66,1.929101586341858,0.0046928031370043755,0.09881746768951416,0.05365884304046631,1.996954321861267,4,0.0,
fixed,0,67,3.25727915763855,0.009493442252278328,0.06557803601026535,0.04865550994873047,3.3094115257263184,4,0.0,
fixed,0,68,1.3526175022125244,0.014894897118210793,0.031923264265060425,0.04436326026916504,1.3893355131149292,4,0.0,
fixed,0,69,1.3331784009933472,0.0,0.12838947772979736,0.035306334495544434,1.407965064048767,4,0.0,
fixed,0,70,2.2114009857177734,0.01176291611045599,0.06006418913602829,0.038049936294555664,2.2587294578552246,4,0.0,6.352052211761475
fixed,0,71,2.4757633209228516,0.006500741001218557,0.08508927375078201,0.03830862045288086,2.533051013946533,4,0.25,
fixed,0,72,1.862239956855774,0.007610809523612261,0.07963414490222931,0.04102015495300293,1.9181684255599976,4,1.0,
fixed,0,73,2.051555871963501,0.026755038648843765,0.024043675512075424,0.04988598823547363,2.091921091079712,4,1.0,
fixed,0,74,2.091399669647217,0.01891803741455078,0.04619499295949936,0.05578327178955078,2.1406912803649902,4,1.0,
fixed,0,75,1.2971643209457397,0.010441752150654793,0.06618240475654602,0.0638885498046875,1.3546429872512817,4,1.0,11.998343467712402
fixed,0,76,2.755289316177368,0.011039246805012226,0.06419368088245392,0.06922781467437744,2.813674211502075,4,1.0,
fixed,0,77,2.1422369480133057,0.04580523818731308,0.0,0.07721686363220215,2.1883046627044678,4,1.0,
fixed,0,78,2.6571338176727295,0.02206956222653389,0.023168694227933884,0.07438504695892334,2.702068567276001,4,1.0,
fixed,0,79,2.5508086681365967,0.010823410004377365,0.0664445012807846,0.06647861003875732,2.6093862056732178,4,1.0,
fixed,0,80,2.2617530822753906,0.03052910789847374,0.02288484014570713,0.06423866748809814,2.3077316284179688,4,1.0,5.561081886291504
fixed,0,81,2.685173273086548,0.018316194415092468,0.02680519036948681,0.05663704872131348,2.7247250080108643,4,1.0,
fixed,0,82,2.0379252433776855,0.024903826415538788,0.025090258568525314,0.048596739768981934,2.0775012969970703,4,1.0,
fixed,0,83,2.232893705368042,0.007522310595959425,0.05873987078666687,0.03906893730163574,2.277745485305786,4,1.0,
fixed,0,84,1.4734946489334106,0.021293912082910538,0.02731689251959324,0.04105985164642334,1.510118007659912,4,1.0,
fixed,0,85,2.434746503829956,0.026039328426122665,0.0,0.038693785667419434,2.459374189376831,4,0.0,10.511905670166016
fixed,0,86,1.9657338857650757,0.01155509240925312,0.06086505576968193,0.03979671001434326,2.013882875442505,4,0.0,
fixed,0,87,2.1067113876342773,0.010055843740701675,0.06367389857769012,0.03967785835266113,2.155479669570923,4,0.0,
fixed,0,88,2.3740029335021973,0.009308526292443275,0.0392107255756855,0.04614377021789551,2.4121057987213135,4,0.0,
fixed,0,89,2.4956068992614746,0.013024775311350822,0.03372787684202194,0.04833948612213135,2.533485174179077,4,0.0,
fixed,0,90,2.614575147628784,0.011970892548561096,0.03466071933507919,0.051048874855041504,2.653205633163452,4,0.0,0.20353150367736816
fixed,0,91,1.447530746459961,0.007855480536818504,0.06994153559207916,0.05738508701324463,1.5036448240280151,4,0.0,
fixed,0,92,1.5475553274154663,0.00734990369528532,0.07085873931646347,0.055089712142944336,1.6031866073608398,4,0.0,
fixed,0,93,2.2763209342956543,0.01521886046975851,0.0,0.056745290756225586,2.3009538650512695,4,0.0,
fixed,0,94,2.4424495697021484,0.003634989494457841,0.10760629177093506,0.0576784610748291,2.515373706817627,4,0.0,
fixed,0,95,2.3317110538482666,0.01129955518990755,0.0351087711751461,0.05777859687805176,2.372248888015747,4,0.0,0.2667095959186554
fixed,0,96,2.0689265727996826,0.0039051773492246866,0.10547535866498947,0.05765795707702637,2.14091420173645,4,0.0,
fixed,0,97,2.672192096710205,0.008598331362009048,0.040876422077417374,0.05662357807159424,2.713916540145874,4,0.0,
fixed,0,98,1.7016875743865967,0.00978907011449337,0.0648929700255394,0.04903745651245117,1.753739833831787,4,0.0,
fixed,0,99,2.149009943008423,0.016341039910912514,0.030970262363553047,0.047084927558898926,2.186791181564331,4,0.0,
fixed,0,100,2.6505746841430664,0.012003116309642792,0.05931301414966583,0.047040700912475586,2.700345039367676,4,0.0,6.4090704917907715
fixed,0,101,2.562947988510132,0.006356241647154093,0.08585337549448013,0.04661917686462402,2.6230385303497314,4,0.0,
fixed,0,102,2.0876212120056152,0.02934068813920021,0.0,0.05087554454803467,2.117554187774658,4,1.0,
fixed,0,103,2.170973300933838,0.007579750381410122,0.08127433806657791,0.04663872718811035,2.2293920516967773,4,1.0,
fixed,0,104,1.394162654876709,0.008328668773174286,0.07527265697717667,0.062044620513916016,1.4545767307281494,4,1.0,
fixed,0,105,2.3288230895996094,0.026865722611546516,0.02440899796783924,0.06595754623413086,2.3742477893829346,4,1.0,5.085874557495117
fixed,0,106,1.944580078125,0.009639534167945385,0.07081467658281326,0.07290863990783691,2.0066797733306885,4,1.0,
fixed,0,107,1.8284627199172974,0.020226892083883286,0.044932302087545395,0.07991981506347656,1.885018229484558,4,1.0,
fixed,0,108,2.9067323207855225,0.04147829860448837,0.0,0.08249938488006592,2.952221393585205,4,1.0,
fixed,0,109,2.0739896297454834,0.019308127462863922,0.04509996622800827,0.08020508289337158,2.1302552223205566,4,1.0,
fixed,0,110,2.1809589862823486,0.02738061174750328,0.023441677913069725,0.0782555341720581,2.229846715927124,4,1.0,5.323822975158691
fixed,0,111,1.9155192375183105,0.024790460243821144,0.0033086708281189203,0.0708010196685791,1.950809121131897,4,1.0,
fixed,0,112,1.600372552871704,0.007023222278803587,0.08173707872629166,0.06293249130249023,1.6636323928833008,4,1.0,
fixed,0,113,1.9756959676742554,0.026109864935278893,0.0,0.0586543083190918,2.006347179412842,4,0.0,
fixed,0,114,2.6770031452178955,0.011089826002717018,0.03658869490027428,0.0534663200378418,2.7168822288513184,4,0.0,
fixed,0,115,1.733677864074707,0.00971261691302061,0.06466411054134369,0.048003435134887695,1.7852672338485718,4,0.0,7.49855375289917
fixed,0,116,2.013611316680908,0.008814381435513496,0.06687252968549728,0.04556894302368164,2.0651254653930664,4,0.0,
fixed,0,117,2.317843198776245,0.0,0.10853014141321182,0.04253566265106201,2.384868860244751,4,0.0,
fixed,0,118,2.427089214324951,0.013188696466386318,0.033408865332603455,0.03935599327087402,2.4621946811676025,4,0.0,
fixed,0,119,2.7670493125915527,0.0,0.13385644555091858,0.0376887321472168,2.8452842235565186,4,0.0,
fixed,0,120,1.9035152196884155,0.01016860269010067,0.0635407567024231,0.03224897384643555,1.9500446319580078,4,0.0,6.548015117645264
fixed,0,121,1.6882438659667969,0.0,0.09620783478021622,0.0317840576171875,1.7458829879760742,4,0.0,
fixed,0,122,2.0395851135253906,0.02001352421939373,0.004752442240715027,0.03344392776489258,2.0620012283325195,4,0.0,
fixed,0,123,3.013944387435913,0.014084858819842339,0.05394500494003296,0.03210890293121338,3.0575919151306152,4,0.0,
fixed,0,124,2.6133811473846436,0.015789246186614037,0.052450671792030334,0.03433811664581299,2.6578025817871094,4,1.0,
fixed,0,125,1.6254349946975708,0.008340596221387386,0.07535623013973236,0.036527037620544434,1.678241491317749,4,1.0,11.593767166137695
fixed,0,126,2.1553831100463867,0.02653208002448082,0.024489426985383034,0.03956568241119385,2.192763566970825,4,1.0,
fixed,0,127,1.9788434505462646,0.017627447843551636,0.02699866145849228,0.04067587852478027,2.013359308242798,4,1.0,
fixed,0,128,3.0947933197021484,0.018213100731372833,0.026803988963365555,0.04332280158996582,3.130298614501953,4,1.0,
fixed,0,129,1.4675400257110596,0.017940819263458252,0.04803328961133957,0.04274702072143555,1.5133512020111084,4,1.0,
fixed,0,130,1.7761207818984985,0.026488613337278366,0.02423536404967308,0.042600154876708984,1.814262866973877,4,1.0,3.6922380924224854
fixed,0,131,2.1058411598205566,0.017375046387314796,0.04944472014904022,0.04344940185546875,2.1522858142852783,4,1.0,
fixed,0,132,2.1521081924438477,0.008363813161849976,0.032171573489904404,0.04168415069580078,2.1848812103271484,4,1.0,
fixed,0,133,1.8716824054718018,0.024236058816313744,0.025409772992134094,0.04170370101928711,1.909016489982605,4,1.0,
fixed,0,134,2.215453863143921,0.015438506379723549,0.05310235172510147,0.03913688659667969,2.261465311050415,4,1.0,
fixed,0,135,2.1706385612487793,0.014514325186610222,0.053916819393634796,0.03806662559509277,2.2162740230560303,4,1.0,4.365580081939697
fixed,0,136,1.819683313369751,0.0,0.10995778441429138,0.041161537170410156,1.8870106935501099,4,1.0,
fixed,0,137,2.554046154022217,0.021599307656288147,0.027175355702638626,0.04635930061340332,2.592341184616089,4,1.0,
fixed,0,138,1.4124361276626587,0.0071932547725737095,0.0820709764957428,0.050687432289123535,1.4722744226455688,4,1.0,
fixed,0,139,2.760082244873047,0.029564959928393364,0.0,0.05511319637298584,2.791398763656616,4,1.0,
fixed,0,140,2.550905227661133,0.014086781069636345,0.054233551025390625,0.059650421142578125,2.6029605865478516,4,1.0,5.303349494934082
fixed,0,141,2.4660472869873047,0.02802114374935627,0.0,0.062215447425842285,2.498722553253174,4,1.0,
fixed,0,142,2.0635085105895996,0.013154532760381699,0.05684661120176315,0.0651235580444336,2.1180460453033447,4,0.0,
fixed,0,143,1.7425384521484375,0.006074200384318829,0.08737713098526001,0.06714820861816406,1.8094085454940796,4,0.0,
fixed,0,144,1.7276405096054077,0.006402210332453251,0.08807754516601562,0.06737709045410156,1.7950935363769531,4,0.0,
fixed,0,145,1.5522199869155884,0.019019348546862602,0.02924596518278122,0.07047176361083984,1.597494125366211,4,0.0,2.252976894378662
fixed,0,146,1.7106541395187378,0.018426623195409775,0.02954140491783619,0.06695210933685303,1.7547237873077393,4,0.0,
fixed,0,147,2.4248275756835938,0.005911057814955711,0.08926700055599213,0.0655602216720581,2.4920847415924072,4,0.0,
fixed,0,148,1.8022650480270386,0.018387822434306145,0.004931760486215353,0.06833851337432861,1.8344264030456543,4,0.0,
fixed,0,149,2.320396661758423,0.017840728163719177,0.029411176219582558,0.06424880027770996,2.3632972240448,4,0.0,
fixed,0,150,1.6668012142181396,0.0057723368518054485,0.0896468460559845,0.059661865234375,1.7324093580245972,4,0.0,13.589797973632812
fixed,0,151,2.2759883403778076,0.017591442912817,0.0296491552144289,0.059226036071777344,2.3173763751983643,4,0.0,
fixed,0,152,1.2907172441482544,0.0059906309470534325,0.08995058387517929,0.05524611473083496,1.3552616834640503,4,0.0,
fixed,0,153,2.9693658351898193,0.0059268418699502945,0.08850598335266113,0.052481651306152344,3.0323266983032227,4,0.0,
fixed,0,154,2.124953269958496,0.019261110574007034,0.004708487074822187,0.05068635940551758,2.152143955230713,4,0.0,
fixed,0,155,2.097364664077759,0.0197014007717371,0.02857242524623871,0.04584991931915283,2.13525652885437,4,0.0,2.272108554840088
fixed,0,156,2.231595754623413,0.019805004820227623,0.028078414499759674,0.043974995613098145,2.2687299251556396,4,0.0,
fixed,0,157,1.6351567506790161,0.01995030976831913,0.004764102399349213,0.041731834411621094,1.6600334644317627,4,0.0,
fixed,0,158,2.5111629962921143,0.012532830238342285,0.05750986188650131,0.037160277366638184,2.5573325157165527,4,0.0,
fixed,0,159,1.909404993057251,0.018883030861616135,0.028892256319522858,0.03845024108886719,1.944827675819397,4,0.0,
fixed,0,160,2.1751034259796143,0.01773506961762905,0.029574863612651825,0.03397262096405029,2.2089502811431885,4,0.0,2.402157783508301
fixed,0,161,1.6272207498550415,0.005672887898981571,0.06616158783435822,0.0360950231552124,1.6739665269851685,4,0.0,
fixed,0,162,2.5076284408569336,0.01629728078842163,0.03092855028808117,0.03477597236633301,2.5416741371154785,4,0.0,
fixed,0,163,1.4020130634307861,0.020756278187036514,0.0,0.034514784812927246,1.4227455854415894,4,0.0,
fixed,0,164,2.20383358001709,0.004738990217447281,0.09645038843154907,0.03463101387023926,2.264817476272583,4,0.0,
fixed,0,165,1.5971006155014038,0.009589663706719875,0.03917260840535164,0.03681445121765137,1.6325260400772095,4,0.0,3.681567907333374
fixed,0,166,1.6372759342193604,0.009396778419613838,0.06577609479427338,0.03408920764923096,1.685089111328125,4,0.0,
fixed,0,167,2.7252721786499023,0.009357973001897335,0.06477087736129761,0.03401589393615723,2.7725412845611572,4,0.0,
fixed,0,168,1.410610318183899,0.019089100882411003,0.0,0.03658020496368408,1.431128978729248,4,0.0,
fixed,0,169,1.486454963684082,0.009617099538445473,0.06571715325117111,0.03756606578826904,1.535391926765442,4,0.0,
fixed,0,170,1.2337712049484253,0.009358938783407211,0.0653957724571228,0.040873050689697266,1.2834104299545288,4,0.0,6.772010326385498
fixed,0,171,1.852474331855774,0.009255018085241318,0.06465184688568115,0.042780160903930664,1.9022618532180786,4,0.0,
fixed,0,172,2.844794511795044,0.004674793221056461,0.07169099152088165,0.043318867683410645,2.895972967147827,4,0.0,
fixed,0,173,1.591559648513794,0.005469738971441984,0.09368748962879181,0.045801401138305664,1.6548787355422974,4,0.0,
fixed,0,174,1.0003535747528076,0.005903778597712517,0.09009526669979095,0.045956969261169434,1.0621402263641357,4,0.0,
fixed,0,175,1.841631293296814,0.013247390277683735,0.056858472526073456,0.04587864875793457,1.8904478549957275,4,0.0,5.318717956542969
fixed,0,176,2.09806489944458,0.022070512175559998,0.026628702878952026,0.05004775524139404,2.1374287605285645,4,1.0,
fixed,0,177,2.317577838897705,0.016340339556336403,0.05162262171506882,0.054947853088378906,2.3680436611175537,4,1.0,
fixed,0,178,2.6099770069122314,0.016876012086868286,0.049135722219944,0.05752134323120117,2.6602392196655273,4,1.0,
fixed,0,179,3.025183916091919,0.035393815487623215,0.0,0.059308528900146484,3.060673475265503,4,1.0,
fixed,0,180,2.1354944705963135,0.017810113728046417,0.04909176379442215,0.0612407922744751,2.1873176097869873,4,1.0,3.9780969619750977
fixed,0,181,2.21671199798584,0.008290287107229233,0.07344572246074677,0.05967235565185547,2.275481700897217,4,1.0,
fixed,0,182,2.7445333003997803,0.025849759578704834,0.024324161931872368,0.06464707851409912,2.7890143394470215,4,1.0,
fixed,0,183,1.7261680364608765,0.008532438427209854,0.05278337746858597,0.06627583503723145,1.776708722114563,4,1.0,
fixed,0,184,2.1322810649871826,0.008197636343538761,0.07541601359844208,0.06362009048461914,2.193173885345459,4,1.0,
fixed,0,185,2.303483247756958,0.02470407262444496,0.025718335062265396,0.0605168342590332,2.3468494415283203,4,1.0,4.023664474487305
fixed,0,186,2.0984020233154297,0.015962328761816025,0.051434166729450226,0.05941331386566162,2.1499242782592773,4,1.0,
fixed,0,187,2.0053822994232178,0.015615705400705338,0.05244745314121246,0.05631256103515625,2.056307554244995,4,1.0,
fixed,0,188,1.5899115800857544,0.02245117910206318,0.026340842247009277,0.05711042881011963,1.6314407587051392,4,1.0,
fixed,0,189,2.1924238204956055,0.007319008465856314,0.08151934295892715,0.0538020133972168,2.252983570098877,4,1.0,
fixed,0,190,1.2921884059906006,0.0,0.10873456299304962,0.052939414978027344,1.3624374866485596,4,1.0,21.800893783569336
fixed,0,191,1.7028104066848755,0.0,0.08395584672689438,0.05458629131317139,1.7611641883850098,4,1.0,
fixed,0,192,2.385324239730835,0.023741187527775764,0.02566239982843399,0.055052757263183594,2.426541805267334,4,1.0,
fixed,0,193,2.7376515865325928,0.01717972941696644,0.0279203113168478,0.056986451148986816,2.7772974967956543,4,1.0,
fixed,0,194,2.693674325942993,0.017253125086426735,0.04949489235877991,0.05468487739562988,2.7434537410736084,4,1.0,
fixed,0,195,0.9134672284126282,0.026997504755854607,0.024302972480654716,0.055090904235839844,0.9556447267532349,4,1.0,4.374592304229736
fixed,0,196,1.8870203495025635,0.01741882972419262,0.0487932525575161,0.05136871337890625,1.9355369806289673,4,1.0,
fixed,0,197,2.3195369243621826,0.017176702618598938,0.04917513579130173,0.0510791540145874,2.3680365085601807,4,1.0,
fixed,0,198,1.882103681564331,0.01684890314936638,0.04960888996720314,0.04886126518249512,1.9299910068511963,4,1.0,
fixed,0,199,2.0019798278808594,0.016239933669567108,0.05018365755677223,0.04752230644226074,2.049448251724243,4,1.0,
fixed,0,200,1.6404753923416138,0.023904874920845032,0.02567344717681408,0.04843282699584961,1.679794430732727,4,1.0,4.176187992095947
fixed,0,201,1.6586859226226807,0.007622518576681614,0.07928717136383057,0.04939913749694824,1.7169605493545532,4,1.0,
fixed,0,202,2.0744681358337402,0.01488029770553112,0.05356636643409729,0.051569223403930664,2.124162197113037,4,1.0,
fixed,0,203,2.7004852294921875,0.014242179691791534,0.031411923468112946,0.051970839500427246,2.738903522491455,4,1.0,
fixed,0,204,1.8925527334213257,0.006977183278650045,0.08253830671310425,0.04987335205078125,1.9522725343704224,4,1.0,
fixed,0,205,2.0002026557922363,0.020691828802227974,0.02723589725792408,0.05003702640533447,2.039177656173706,4,1.0,2.650364637374878
fixed,0,206,1.757954716682434,0.006731703411787748,0.08310157060623169,0.05488419532775879,1.8193366527557373,4,0.25,
fixed,0,207,1.9140534400939941,0.013676919043064117,0.031814780086278915,0.05373334884643555,1.9529192447662354,4,0.75,
fixed,0,208,1.9797323942184448,0.006937365047633648,0.08262594044208527,0.05418252944946289,2.04076886177063,4,0.25,
fixed,0,209,2.456667900085449,0.014937988482415676,0.05400005728006363,0.05600929260253906,2.5079398155212402,4,1.0,
fixed,0,210,1.5495502948760986,0.007575646508485079,0.055963970720767975,0.052742719650268555,1.5971429347991943,4,1.0,9.094415664672852
fixed,0,211,3.352768659591675,0.024167045950889587,0.025429081171751022,0.05528116226196289,3.394150972366333,4,1.0,
fixed,0,212,1.9165229797363281,0.008419276215136051,0.053458549082279205,0.05399918556213379,1.9636616706848145,4,1.0,
fixed,0,213,1.9993391036987305,0.02594662457704544,0.024511735886335373,0.050688743591308594,2.0397748947143555,4,1.0,
fixed,0,214,1.3767614364624023,0.008263319730758667,0.07394132018089294,0.05268275737762451,1.433668613433838,4,1.0,
fixed,0,215,1.9500207901000977,0.01760714128613472,0.027713321149349213,0.051319241523742676,1.9880768060684204,4,1.0,0.4779420495033264
fixed,0,216,1.8789339065551758,0.02645369991660118,0.02359139919281006,0.0516054630279541,1.919438123703003,4,1.0,
fixed,0,217,2.683145761489868,0.025248855352401733,0.02478276751935482,0.04704737663269043,2.722275733947754,4,1.0,
fixed,0,218,2.1159815788269043,0.01562769152224064,0.05139821022748947,0.04344654083251953,2.1625285148620605,4,1.0,
fixed,0,219,2.8820159435272217,0.014788996428251266,0.030041668564081192,0.04283320903778076,2.917281150817871,4,1.0,
fixed,0,220,2.486086845397949,0.02103026770055294,0.027150070294737816,0.040077805519104004,2.522200345993042,4,0.25,3.7840332984924316
fixed,0,221,1.9867050647735596,0.025712421163916588,0.0,0.04033780097961426,2.011662721633911,4,0.0,
fixed,0,222,1.7586239576339722,0.016302749514579773,0.030025256797671318,0.04104256629943848,1.7941007614135742,4,0.0,
fixed,0,223,1.7368425130844116,0.0,0.1296931505203247,0.043526291847229004,1.8147469758987427,4,0.0,
fixed,0,224,1.5059318542480469,0.01331261731684208,0.03350462391972542,0.04726552963256836,1.5435200929641724,4,0.0,
fixed,0,225,2.3920669555664062,0.004163057543337345,0.10367096960544586,0.04761970043182373,2.4602699279785156,4,0.0,16.71834373474121
fixed,0,226,1.9072723388671875,0.00872130785137415,0.06736109405755997,0.046456098556518555,1.9592503309249878,4,0.0,
fixed,0,227,1.9851981401443481,0.008199548348784447,0.06706373393535614,0.04944968223571777,2.0376646518707275,4,0.0,
fixed,0,228,1.822959065437317,0.008822979405522346,0.06667952984571457,0.04640185832977295,1.8746309280395508,4,0.0,
fixed,0,229,2.366353750228882,0.009358006529510021,0.06591681391000748,0.0486602783203125,2.4185893535614014,4,0.0,
fixed,0,230,1.710802435874939,0.010106915608048439,0.062258362770080566,0.04579293727874756,1.7607229948043823,4,0.0,6.462000370025635
fixed,0,231,3.0044922828674316,0.016522357240319252,0.030604220926761627,0.04766058921813965,3.042353630065918,4,0.0,
fixed,0,232,1.9900822639465332,0.011912135407328606,0.05950547009706497,0.04994058609008789,2.0407731533050537,4,0.0,
fixed,0,233,1.9926930665969849,0.013093281537294388,0.0569995753467083,0.05016636848449707,2.0427894592285156,4,0.25,
fixed,0,234,2.524122714996338,0.006527883466333151,0.037148259580135345,0.050193190574645996,2.561018705368042,4,1.0,
fixed,0,235,1.6753644943237305,0.029233744367957115,0.0,0.053032636642456055,1.7058911323547363,4,1.0,11.663432121276855
fixed,0,236,2.13032865524292,0.02913396619260311,0.0,0.05115938186645508,2.160243511199951,4,1.0,
fixed,0,237,1.5671721696853638,0.014261700212955475,0.054137878119945526,0.04735612869262695,1.6155787706375122,4,1.0,
fixed,0,238,1.7175867557525635,0.013600972481071949,0.05588372051715851,0.0465923547744751,1.766306757926941,4,0.75,
fixed,0,239,1.429154634475708,0.025988442823290825,0.0,0.048695921897888184,1.456757664680481,4,0.0,
fixed,0,240,2.0121092796325684,0.012080191634595394,0.05966466665267944,0.046596527099609375,2.0619606971740723,4,0.0,5.916001319885254
fixed,0,241,1.8718287944793701,0.0116945281624794,0.035471364855766296,0.04709148406982422,1.9095392227172852,4,0.0,
fixed,0,242,2.8970210552215576,0.01610204204916954,0.03153642266988754,0.04751622676849365,2.9350950717926025,4,0.0,
fixed,0,243,1.3126784563064575,0.0,0.12553586065769196,0.047286152839660645,1.389632225036621,4,0.0,
fixed,0,244,2.974674940109253,0.005100465379655361,0.0922757238149643,0.040691375732421875,3.0355703830718994,4,0.0,
fixed,0,245,2.155428409576416,0.01083187572658062,0.062161482870578766,0.04881560802459717,2.2065696716308594,4,0.0,6.378512382507324
fixed,0,246,2.371948003768921,0.0,0.11815936118364334,0.0472109317779541,2.445190906524658,4,0.0,
fixed,0,247,1.4570389986038208,0.013298740610480309,0.057240620255470276,0.05276226997375488,1.5081373453140259,4,0.0,
fixed,0,248,2.25119948387146,0.0071790218353271484,0.07987149804830551,0.05032050609588623,2.3098208904266357,4,1.0,
fixed,0,249,1.52132248878479,0.0,0.09838453680276871,0.059606075286865234,1.5883965492248535,4,1.0,
fixed,0,250,1.1788872480392456,0.028790529817342758,0.022994980216026306,0.06808996200561523,1.225206971168518,4,1.0,4.852819442749023
fixed,0,251,1.8731039762496948,0.021277129650115967,0.04287121817469597,0.07610154151916504,1.9280085563659668,4,1.0,
fixed,0,252,1.610151767730713,0.011374450288712978,0.04223841428756714,0.08129489421844482,1.661346673965454,4,1.0,
fixed,0,253,2.5702569484710693,0.0369255430996418,0.01982979290187359,0.09187960624694824,2.6261985301971436,4,1.0,
fixed,0,254,1.8261209726333618,0.03662048280239105,0.019213907420635223,0.09219968318939209,1.8816981315612793,4,1.0,
fixed,0,255,1.6388814449310303,0.03530247509479523,0.020101532340049744,0.08532631397247314,1.6921813488006592,4,1.0,6.092541694641113
fixed,0,256,2.374124526977539,0.021807003766298294,0.022444244474172592,0.07855260372161865,2.419816017150879,4,1.0,
fixed,0,257,1.6737046241760254,0.010094503872096539,0.06663237512111664,0.06903839111328125,1.732779622077942,4,1.0,
fixed,0,258,1.9444440603256226,0.017856035381555557,0.04641886055469513,0.05756402015686035,1.9938507080078125,4,1.0,
fixed,0,259,1.725754737854004,0.017067361623048782,0.027438770979642868,0.05239546298980713,1.7637264728546143,4,1.0,
fixed,0,260,1.4023159742355347,0.015340564772486687,0.05205835774540901,0.044991493225097656,1.4495128393173218,4,1.0,5.24734354019165
fixed,0,261,1.4339444637298584,0.007242963183671236,0.0803433507680893,0.03984785079956055,1.489691972732544,4,1.0,
fixed,0,262,2.5415706634521484,0.00706571014598012,0.08613256365060806,0.0315549373626709,2.5976362228393555,4,1.0,
fixed,0,263,1.5937118530273438,0.013741282746195793,0.056301310658454895,0.036699771881103516,1.6397430896759033,4,1.0,
fixed,0,264,2.0121347904205322,0.01311822421848774,0.05628567188978195,0.03757929801940918,2.058110475540161,4,1.0,
fixed,0,265,1.4237136840820312,0.006714153569191694,0.06028576195240021,0.039177894592285156,1.4689669609069824,4,1.0,10.71285629272461
fixed,0,266,1.5755399465560913,0.013862069696187973,0.05613136291503906,0.03941917419433594,1.6223623752593994,4,1.0,
fixed,0,267,1.6468126773834229,0.0,0.10721110552549362,0.04038345813751221,1.7125332355499268,4,1.0,
fixed,0,268,1.290534496307373,0.007175622973591089,0.07953459769487381,0.04221916198730469,1.3465553522109985,4,1.0,
fixed,0,269,2.0031893253326416,0.015560226514935493,0.029106583446264267,0.04519319534301758,2.0390806198120117,4,1.0,
fixed,0,270,2.8705315589904785,0.016962625086307526,0.04928798973560333,0.049161553382873535,2.918405294418335,4,1.0,4.553735733032227
fixed,0,271,1.717128038406372,0.008714471943676472,0.06922322511672974,0.05376791954040527,1.7722272872924805,4,1.0,
fixed,0,272,1.6139658689498901,0.009555700235068798,0.06910746544599533,0.05865120887756348,1.6708928346633911,4,1.0,
fixed,0,273,2.1446340084075928,0.031081223860383034,0.022169053554534912,0.06462550163269043,2.1906468868255615,4,1.0,
fixed,0,274,1.3972396850585938,0.0,0.04695085436105728,0.0694352388381958,1.4415457248687744,4,1.0,
fixed,0,275,1.9973949193954468,0.010639212094247341,0.04407981038093567,0.07005476951599121,2.0457708835601807,4,1.0,8.002191543579102
fixed,0,276,2.4536519050598145,0.04601789265871048,0.0,0.07251465320587158,2.498415231704712,4,1.0,
fixed,0,277,2.175428628921509,0.031944893300533295,0.020999489352107048,0.06352496147155762,2.2209582328796387,4,1.0,
fixed,0,278,1.3970494270324707,0.03063390776515007,0.020736366510391235,0.05850481986999512,1.4402860403060913,4,1.0,
fixed,0,279,1.4691654443740845,0.02764265611767769,0.023037128150463104,0.05014801025390625,1.5095497369766235,4,1.0,
fixed,0,280,2.1014037132263184,0.02417387068271637,0.0033142820466309786,0.04311347007751465,2.128081798553467,4,1.0,6.942620754241943
fixed,0,281,1.4190694093704224,0.013602171093225479,0.05468583106994629,0.03806781768798828,1.4646337032318115,4,0.75,
fixed,0,282,1.1714199781417847,0.01783091016113758,0.03049643523991108,0.035314321517944336,1.2061779499053955,4,0.0,
fixed,0,283,1.463474154472351,0.004842893220484257,0.09258019924163818,0.035408973693847656,1.5228084325790405,4,0.0,
fixed,0,284,3.2998857498168945,0.013334969989955425,0.006995885632932186,0.03791356086730957,3.321425199508667,4,0.0,
fixed,0,285,2.7277517318725586,0.012301262468099594,0.03481008857488632,0.039316654205322266,2.7631022930145264,4,0.0,0.29882070422172546
fixed,0,286,1.7027345895767212,0.0070626214146614075,0.07073786854743958,0.04244101047515869,1.7543671131134033,4,0.0,
fixed,0,287,2.170410394668579,0.009928801096975803,0.03731837123632431,0.04531693458557129,2.2076289653778076,4,0.0,
fixed,0,288,1.7243266105651855,0.006274059414863586,0.04373309016227722,0.04720938205718994,1.7634930610656738,4,0.0,
fixed,0,289,1.7893282175064087,0.00631567370146513,0.0762673169374466,0.050179481506347656,1.8456735610961914,4,0.0,
fixed,0,290,2.2464373111724854,0.0029191961511969566,0.11169451475143433,0.05002331733703613,2.318751096725464,4,0.0,15.204524993896484
fixed,0,291,1.6708414554595947,0.006434913724660873,0.04474630951881409,0.04759657382965088,1.7107110023498535,4,0.0,
fixed,0,292,1.5952800512313843,0.007520480081439018,0.04157014191150665,0.046167850494384766,1.6336756944656372,4,0.0,
fixed,0,293,1.3646591901779175,0.0,0.13298016786575317,0.043244123458862305,1.444122552871704,4,0.0,
fixed,0,294,2.175771951675415,0.014504358172416687,0.031129634007811546,0.041013479232788086,2.210892915725708,4,0.0,
fixed,0,295,1.8907334804534912,0.010846257209777832,0.058953188359737396,0.04051065444946289,1.937786340713501,4,0.0,5.694186687469482
fixed,0,296,2.3171088695526123,0.006179256364703178,0.0379355326294899,0.04042840003967285,2.351294755935669,4,0.0,
fixed,0,297,1.592950701713562,0.02065155655145645,0.027582773938775063,0.04090607166290283,1.6293396949768066,4,0.0,
fixed,0,298,1.9325776100158691,0.022598890587687492,0.026775969192385674,0.041950225830078125,1.9698500633239746,4,0.0,
fixed,0,299,2.4912500381469727,0.015822758898139,0.051953017711639404,0.04294610023498535,2.5380218029022217,4,0.5,
fixed,0,300,1.5211349725723267,0.008998258970677853,0.07196591794490814,0.04940605163574219,1.5764389038085938,4,1.0,10.43910026550293
fixed,0,301,2.5580389499664307,0.01727261021733284,0.04739551991224289,0.04857683181762695,2.6049461364746094,4,1.0,
fixed,0,302,1.7426209449768066,0.008635368198156357,0.06892181932926178,0.05274522304534912,1.7972230911254883,4,1.0,
fixed,0,303,1.2897199392318726,0.009403943084180355,0.06919272243976593,0.05554962158203125,1.3456830978393555,4,1.0,
fixed,0,304,2.4106550216674805,0.029419396072626114,0.023111015558242798,0.05910766124725342,2.4546525478363037,4,1.0,
fixed,0,305,2.3331806659698486,0.0291760116815567,0.021748140454292297,0.06247079372406006,2.3773839473724365,4,1.0,4.451765537261963
fixed,0,306,2.213021755218506,0.019230492413043976,0.04441006854176521,0.06426048278808594,2.264120101928711,4,1.0,
fixed,0,307,1.9839180707931519,0.03756236657500267,0.0,0.06400203704833984,2.021899938583374,4,1.0,
fixed,0,308,1.6346644163131714,0.01800450310111046,0.047313690185546875,0.06446254253387451,1.6866623163223267,4,1.0,
fixed,0,309,2.1309659481048584,0.0,0.09963499009609222,0.062317728996276855,2.1994788646698,4,1.0,
fixed,0,310,2.3542888164520264,0.030549079179763794,0.0,0.06178176403045654,2.3880980014801025,4,1.0,10.753885269165039
fixed,0,311,1.6661696434020996,0.0,0.1086587905883789,0.061270952224731445,1.7388802766799927,4,1.0,
fixed,0,312,1.6220637559890747,0.02078995853662491,0.0042803422547876835,0.06344878673553467,1.6536335945129395,4,1.0,
fixed,0,313,2.4241888523101807,0.013515030965209007,0.054498083889484406,0.06395459175109863,2.477381706237793,4,1.0,
fixed,0,314,1.66630220413208,0.012685784138739109,0.033050742000341415,0.0608067512512207,1.7074124813079834,4,1.0,
fixed,0,315,1.9005995988845825,0.017708923667669296,0.029971502721309662,0.05770456790924072,1.94175124168396,4,0.25,1.7754039764404297
fixed,0,316,1.8080980777740479,0.01645357348024845,0.03045237809419632,0.05376160144805908,1.8476794958114624,4,0.0,
fixed,0,317,1.1874524354934692,0.011421579867601395,0.034891627728939056,0.05231678485870361,1.226304054260254,4,0.0,
fixed,0,318,2.0665647983551025,0.014884226024150848,0.03109230101108551,0.04714608192443848,2.103696823120117,4,0.0,
fixed,0,319,2.712027072906494,0.014395193196833134,0.03263068571686745,0.04563450813293457,2.74923038482666,4,0.0,
fixed,0,320,1.91001558303833,0.008921507745981216,0.06559720635414124,0.04429054260253906,1.9605621099472046,4,0.0,6.479491233825684
fixed,0,321,1.6503965854644775,0.0043430570513010025,0.0986013188958168,0.04037833213806152,1.7139822244644165,4,0.0,
fixed,0,322,1.7170002460479736,0.008348425850272179,0.06469576060771942,0.04311954975128174,1.7664581537246704,4,0.0,
fixed,0,323,2.541616678237915,0.009212056174874306,0.0666842982172966,0.041138529777526855,2.5919063091278076,4,0.0,
fixed,0,324,1.5227272510528564,0.004862150643020868,0.09792928397655487,0.04134237766265869,1.5865256786346436,4,0.0,
fixed,0,325,1.686529278755188,0.004857093561440706,0.0664733424782753,0.04171133041381836,1.7347079515457153,4,0.0,9.524056434631348
fixed,0,326,2.414242744445801,0.017169421538710594,0.029686113819479942,0.04368937015533447,2.450777292251587,4,0.0,
fixed,0,327,2.666529655456543,0.011129114776849747,0.05755670741200447,0.04328584671020508,2.7138583660125732,4,0.0,
fixed,0,328,2.3939461708068848,0.012815470807254314,0.05478764325380325,0.04665064811706543,2.4417428970336914,4,0.0,
fixed,0,329,2.1412465572357178,0.016879389062523842,0.0365622453391552,0.04733741283416748,2.182168483734131,3,0.0,
fixed,0,330,2.3753180503845215,0.01412831898778677,0.05327916145324707,0.05007791519165039,2.4240450859069824,4,0.25,4.348431587219238
fixed,0,331,2.3626837730407715,0.014501525089144707,0.05183080583810806,0.05085873603820801,2.4111075401306152,4,0.25,
fixed,0,332,2.5167415142059326,0.014601970091462135,0.04992504417896271,0.056036949157714844,2.5658161640167236,4,0.5,
fixed,0,333,1.554901123046875,0.0,0.07602335512638092,0.062114715576171875,1.6115472316741943,4,1.0,
fixed,0,334,1.8069379329681396,0.017353154718875885,0.04538443684577942,0.06417274475097656,1.8575586080551147,4,1.0,
fixed,0,335,2.124955892562866,0.009330378845334053,0.07091536372900009,0.06668806076049805,2.1850852966308594,4,1.0,10.64051628112793
fixed,0,336,1.4792664051055908,0.018834397196769714,0.04433872550725937,0.06875431537628174,1.5314792394638062,4,1.0,
fixed,0,337,2.3535397052764893,0.03152546286582947,0.002043575281277299,0.07272458076477051,2.392141580581665,4,1.0,
fixed,0,338,1.4498339891433716,0.0300366822630167,0.020503735169768333,0.07209312915802002,1.4967321157455444,4,1.0,
fixed,0,339,1.742545247077942,0.019209835678339005,0.024663656949996948,0.06868815422058105,1.7850884199142456,4,1.0,
fixed,0,340,1.6530331373214722,0.0,0.06923374533653259,0.06816458702087402,1.708099365234375,4,1.0,14.45431900024414
fixed,0,341,2.2648727893829346,0.02921200357377529,0.0231956634670496,0.06309592723846436,2.3100054264068604,4,1.0,
fixed,0,342,2.2115187644958496,0.02653040550649166,0.021048258990049362,0.0585784912109375,2.2528815269470215,4,1.0,
fixed,0,343,2.1131467819213867,0.02547801285982132,0.022801214829087257,0.05392777919769287,2.1534647941589355,4,1.0,
fixed,0,344,2.2839534282684326,0.02405371516942978,0.02508760616183281,0.05029630661010742,2.323612928390503,4,1.0,
fixed,0,345,2.30932879447937,0.0,0.06066541373729706,0.045531392097473145,2.353320837020874,4,1.0,12.873834609985352
fixed,0,346,1.9804470539093018,0.013036683201789856,0.05432241037487984,0.04001307487487793,2.026130437850952,4,0.5,
fixed,0,347,1.3612960577011108,0.006120813544839621,0.059111133217811584,0.0393296480178833,1.4057109355926514,4,0.5,
fixed,0,348,2.047250747680664,0.006064843386411667,0.06187110394239426,0.03600943088531494,2.0920214653015137,4,0.25,
fixed,0,349,1.5949640274047852,0.0179166067391634,0.02735966444015503,0.03286337852478027,1.6274611949920654,4,0.25,
fixed,0,350,2.6940338611602783,0.01862199418246746,0.025443436577916145,0.03276538848876953,2.725896120071411,4,0.25,2.7726058959960938
fixed,0,351,1.6161563396453857,0.011491806246340275,0.05827369913458824,0.030099868774414062,1.6600691080093384,4,0.0,
fixed,0,352,2.3413589000701904,0.012398187071084976,0.058847006410360336,0.030373692512512207,2.3860936164855957,4,0.0,
fixed,0,353,0.9276054501533508,0.011145960539579391,0.058402348309755325,0.030637741088867188,0.9715709090232849,4,0.0,
fixed,0,354,2.0892560482025146,0.016267940402030945,0.004850565455853939,0.030509471893310547,2.1089682579040527,4,0.0,
fixed,0,355,1.2698075771331787,0.016103800386190414,0.02765720710158348,0.032256245613098145,1.3013648986816406,4,0.0,1.9246851205825806
fixed,0,356,2.818425178527832,0.004571357276290655,0.06598624587059021,0.032390713691711426,2.8634212017059326,4,0.0,
fixed,0,357,2.2380499839782715,0.00996212475001812,0.03238782659173012,0.03367483615875244,2.269327402114868,4,0.0,
fixed,0,358,1.8948601484298706,0.010129456408321857,0.03517185151576996,0.03316473960876465,1.9274601936340332,4,0.0,
fixed,0,359,1.8827073574066162,0.004882128443568945,0.062456801533699036,0.034114837646484375,1.926611304283142,4,0.0,
fixed,0,360,2.018843173980713,0.009604869410395622,0.058148954063653946,0.034157633781433105,2.062967300415039,4,0.0,5.851783752441406
fixed,0,361,1.7189667224884033,0.009859711863100529,0.060211554169654846,0.0337221622467041,1.764119029045105,4,0.0,
fixed,0,362,1.3489958047866821,0.005440037231892347,0.08297470957040787,0.03610432147979736,1.4040344953536987,4,0.0,
fixed,0,363,2.19559645652771,0.016223378479480743,0.003941885195672512,0.03383052349090576,2.2158281803131104,4,0.0,
fixed,0,364,2.316006898880005,0.006020391825586557,0.08384820818901062,0.03578317165374756,2.371676206588745,4,0.25,
fixed,0,365,1.8940093517303467,0.012109922245144844,0.05760164558887482,0.03421187400817871,1.9391286373138428,4,0.0,5.17315149307251
fixed,0,366,1.8014544248580933,0.006416148506104946,0.08101671934127808,0.03805434703826904,1.8565871715545654,4,0.25,
fixed,0,367,1.1179454326629639,0.0,0.10570165514945984,0.03923237323760986,1.1825659275054932,4,0.75,
fixed,0,368,1.1542056798934937,0.009229420684278011,0.0719938799738884,0.04751312732696533,1.2090712785720825,4,1.0,
fixed,0,369,2.3536500930786133,0.01791832223534584,0.022196535021066666,0.054511308670043945,2.3900609016418457,4,1.0,
fixed,0,370,3.160051107406616,0.03039151430130005,0.02312665991485119,0.058387041091918945,3.2043263912200928,4,1.0,4.553430557250977
fixed,0,371,3.5428872108459473,0.03187189996242523,0.02221653237938881,0.0636591911315918,3.58902907371521,4,1.0,
fixed,0,372,2.6416637897491455,0.019540075212717056,0.041604261845350266,0.06781578063964844,2.6925806999206543,4,1.0,
fixed,0,373,1.1258995532989502,0.020313328132033348,0.03782942146062851,0.07168865203857422,1.1764775514602661,4,1.0,
fixed,0,374,3.231963872909546,0.027336575090885162,0.020633790642023087,0.06683218479156494,3.275998592376709,4,1.0,
fixed,0,375,1.4090548753738403,0.009090593084692955,0.04721671715378761,0.07143115997314453,1.4586378335952759,4,1.0,8.214275360107422
fixed,0,376,2.065518617630005,0.016862817108631134,0.04512416943907738,0.06601548194885254,2.116316795349121,4,1.0,
fixed,0,377,1.3567906618118286,0.0075807105749845505,0.07441654801368713,0.06313705444335938,1.4167304039001465,4,1.0,
fixed,0,378,1.6365667581558228,0.015835097059607506,0.026300011202692986,0.06383180618286133,1.676783800125122,4,1.0,
fixed,0,379,1.9173150062561035,0.01405794732272625,0.05276009067893028,0.058443307876586914,1.9682570695877075,4,1.0,
fixed,0,380,2.671513557434082,0.02443508803844452,0.027009807527065277,0.058831214904785156,2.7148854732513428,4,1.0,3.2295048236846924
fixed,0,381,1.2271654605865479,0.014040287584066391,0.0325627475976944,0.05259251594543457,1.2662447690963745,4,0.75,
fixed,0,382,0.7720559239387512,0.011245464906096458,0.05491172522306442,0.04914677143096924,0.8198785781860352,4,0.5,
fixed,0,383,1.3967134952545166,0.011059343814849854,0.05615507811307907,0.04594564437866211,1.4441044330596924,4,0.5,
fixed,0,384,2.5396909713745117,0.004759146366268396,0.08695825189352036,0.04451251029968262,2.5989034175872803,4,0.5,
fixed,0,385,2.3756392002105713,0.011124922893941402,0.05547915771603584,0.0422213077545166,2.421607732772827,4,0.5,5.623873233795166
fixed,0,386,2.777430295944214,0.005226103123277426,0.08432643115520477,0.046785712242126465,2.836242198944092,4,0.5,
fixed,0,387,2.411979913711548,0.011431715451180935,0.051986947655677795,0.04761219024658203,2.457973003387451,4,0.5,
fixed,0,388,2.0220179557800293,0.018825799226760864,0.02987087517976761,0.04654669761657715,2.060330390930176,4,0.0,
fixed,0,389,1.903301477432251,0.01217295229434967,0.05333602800965309,0.04761028289794922,1.9503390789031982,4,0.25,
fixed,0,390,2.612699508666992,0.018835218623280525,0.004203892312943935,0.04923808574676514,2.6389904022216797,4,0.25,5.315025806427002
fixed,0,391,2.008584976196289,0.012929782271385193,0.0577881783246994,0.04551219940185547,2.0575976371765137,4,0.25,
fixed,0,392,1.8129717111587524,0.01159697026014328,0.0527629554271698,0.045163869857788086,1.8587008714675903,4,0.25,
fixed,0,393,1.4948015213012695,0.007680224254727364,0.05805456265807152,0.044202446937561035,1.5409296751022339,4,0.5,
fixed,0,394,1.7275831699371338,0.005389291327446699,0.0793573185801506,0.04245328903198242,1.7826924324035645,4,0.5,
fixed,0,395,2.6592447757720947,0.014221797697246075,0.05003698542714119,0.044363975524902344,2.704683303833008,4,1.0,4.6287522315979
fixed,0,396,1.7092962265014648,0.006934183184057474,0.06886866688728333,0.049451470375061035,1.7620331048965454,4,1.0,
fixed,0,397,2.4988906383514404,0.014983680099248886,0.04060348495841026,0.05206942558288574,2.5423049926757812,4,1.0,
fixed,0,398,2.147002696990967,0.007795014884322882,0.05192973092198372,0.04705333709716797,2.190981149673462,4,1.0,
fixed,0,399,1.5639804601669312,0.008398550562560558,0.06646929681301117,0.053804636001586914,1.6175557374954224,4,1.0,
fixed,0,400,1.5903083086013794,0.008441857062280178,0.06114429980516434,0.061295390129089355,1.643489956855774,4,1.0,9.950045585632324
fixed,0,401,1.9426958560943604,0.008678936399519444,0.059177786111831665,0.06579232215881348,1.9963619709014893,4,1.0,
fixed,0,402,2.035269260406494,0.02820102497935295,0.018291911110281944,0.06206250190734863,2.077134370803833,4,1.0,
fixed,0,403,1.036492109298706,0.025290988385677338,0.023442499339580536,0.05182647705078125,1.0764068365097046,4,1.0,
fixed,0,404,3.2808477878570557,0.01808866858482361,0.04044966772198677,0.06592082977294922,3.329893112182617,4,1.0,
fixed,0,405,2.2331230640411377,0.008157167583703995,0.06545430421829224,0.06635820865631104,2.2898361682891846,4,1.0,11.188621520996094
fixed,0,406,2.9434938430786133,0.02996033802628517,0.0,0.053255677223205566,2.9744508266448975,4,1.0,
fixed,0,407,1.9816277027130127,0.019032295793294907,0.028689902275800705,0.04992115497589111,2.020465135574341,4,1.0,
fixed,0,408,0.8578599691390991,0.01128420140594244,0.05738649517297745,0.04723155498504639,0.9063647985458374,4,0.75,
fixed,0,409,1.5756787061691284,0.015162520110607147,0.002961347810924053,0.04369378089904785,1.5978487730026245,4,0.25,
fixed,0,410,1.7850842475891113,0.016777068376541138,0.030973315238952637,0.04387950897216797,1.8221232891082764,4,0.25,1.2550545930862427
fixed,0,411,1.4998233318328857,0.009807413443922997,0.003434715559706092,0.04081392288208008,1.5186885595321655,4,0.25,
fixed,0,412,2.2866275310516357,0.008294234052300453,0.03474809229373932,0.04718589782714844,2.3223044872283936,4,0.0,
fixed,0,413,2.333699941635132,0.0017709835665300488,0.06750790774822235,0.03786873817443848,2.379699945449829,4,0.0,
fixed,0,414,1.632253885269165,0.0074248481541872025,0.02448059618473053,0.04075634479522705,1.6604335308074951,4,0.25,
fixed,0,415,2.1541993618011475,0.008388103917241096,0.022544201463460922,0.03798365592956543,2.181060552597046,4,0.25,2.105926752090454
fixed,0,416,1.3111218214035034,0.005591419525444508,0.03349277749657631,0.050254106521606445,1.3457401990890503,4,0.0,
fixed,0,417,1.3949658870697021,0.0013513417216017842,0.0936574637889862,0.05243277549743652,1.4582000970840454,4,0.0,
fixed,0,418,2.1037790775299072,0.006995833478868008,0.028725560754537582,0.04539632797241211,2.135258674621582,4,0.0,
fixed,0,419,2.1155428886413574,0.007152980659157038,0.038079749792814255,0.04117262363433838,2.1505110263824463,4,0.0,
fixed,0,420,3.4823360443115234,0.009702524170279503,0.02985815703868866,0.04018092155456543,3.5141706466674805,4,0.25,2.2462637424468994
fixed,0,421,2.113368272781372,0.0026954757049679756,0.09685958176851273,0.04433298110961914,2.176445722579956,4,0.25,
fixed,0,422,1.3695175647735596,0.007949858903884888,0.05709095299243927,0.04024195671081543,1.414110541343689,4,0.0,
fixed,0,423,1.607337236404419,0.008725306019186974,0.07145507633686066,0.04445672035217285,1.660764455795288,4,0.0,
fixed,0,424,2.1735801696777344,0.02146117016673088,0.0,0.04120814800262451,2.1966731548309326,4,0.0,
fixed,0,425,1.2658175230026245,0.009939026087522507,0.05209994316101074,0.040130019187927246,1.3088760375976562,4,0.25,4.927019119262695
fixed,0,426,1.772676706314087,0.024728208780288696,0.0,0.04030954837799072,1.7971336841583252,4,0.25,
fixed,0,427,1.5441488027572632,0.014881018549203873,0.029195286333560944,0.0388866662979126,1.5778529644012451,4,0.0,
fixed,0,428,2.786825656890869,0.012308130972087383,0.048605479300022125,0.043197035789489746,2.8302416801452637,4,0.5,
fixed,0,429,2.0270912647247314,0.01772516779601574,0.03110271692276001,0.04354369640350342,2.064568281173706,4,0.0,
fixed,0,430,1.6965583562850952,0.012284922413527966,0.06810442358255386,0.06089639663696289,1.7550219297409058,4,0.75,9.677979469299316
fixed,0,431,2.5496370792388916,0.015850817784667015,0.0,0.051520347595214844,2.5730185508728027,4,0.0,
fixed,0,432,1.9404040575027466,0.016698338091373444,0.023856136947870255,0.04872274398803711,1.9752981662750244,4,0.5,
fixed,0,433,1.5428885221481323,0.0036867118906229734,0.04641297087073326,0.049864768981933594,1.5828977823257446,4,0.25,
fixed,0,434,1.6220011711120605,0.0092825498431921,0.1003049686551094,0.05103886127471924,1.6921066045761108,4,0.25,
fixed,0,435,1.7567509412765503,0.006276111118495464,0.03970763087272644,0.04821789264678955,1.7942081689834595,4,0.5,5.559047698974609
fixed,0,436,2.1831655502319336,0.010849108919501305,0.05098041519522667,0.05085444450378418,2.229336738586426,4,0.25,
fixed,0,437,2.470400094985962,0.016276583075523376,0.0,0.05373954772949219,2.4946601390838623,4,0.0,
fixed,0,438,1.7016009092330933,0.009703394025564194,0.04907052963972092,0.04845607280731201,1.7455246448516846,4,0.5,
fixed,0,439,2.348961114883423,0.018679801374673843,0.03569571673870087,0.047873735427856445,2.3905110359191895,4,0.5,
fixed,0,440,1.654937982559204,0.0,0.07448143512010574,0.08228504657745361,1.7168642282485962,4,1.0,15.821512222290039
fixed,0,441,1.7906171083450317,0.012886353768408298,0.059247396886348724,0.04892265796661377,1.8413608074188232,4,0.5,
fixed,0,442,1.8201003074645996,0.019675711169838905,0.0,0.05295920372009277,1.8458259105682373,4,0.25,
fixed,0,443,3.0850627422332764,0.016679413616657257,0.015411611646413803,0.053914785385131836,3.1172826290130615,4,0.5,
fixed,0,444,1.2820531129837036,0.003253851318731904,0.06608060747385025,0.05636906623840332,1.3336310386657715,4,0.75,
fixed,0,445,2.0183987617492676,0.008865869604051113,0.023399069905281067,0.05340099334716797,2.050551414489746,4,0.25,1.7600191831588745
fixed,0,446,1.9017012119293213,0.005413704551756382,0.058863233774900436,0.0538792610168457,1.9500035047531128,4,0.25,
fixed,0,447,2.039494752883911,0.017404470592737198,0.0,0.056696414947509766,2.0652058124542236,4,0.25,
fixed,0,448,1.6049896478652954,0.00857657939195633,0.017329854890704155,0.053231120109558105,1.633912205696106,4,0.25,
fixed,0,449,1.9192062616348267,0.0076448069885373116,0.042657606303691864,0.055291056632995605,1.9609447717666626,4,0.5,
fixed,0,450,1.886414647102356,0.0037761239800602198,0.060823120176792145,0.053476929664611816,1.9347573518753052,4,0.25,6.080746650695801
fixed,0,451,2.852264881134033,0.001542800571769476,0.008753778412938118,0.06171298027038574,2.875926971435547,4,0.25,
fixed,0,452,2.3416624069213867,0.0013956236653029919,0.08491720259189606,0.05190014839172363,2.4003889560699463,4,0.5,
fixed,0,453,2.091684341430664,0.0065306322649121284,0.05838824063539505,0.05612635612487793,2.140981674194336,4,0.25,
fixed,0,454,2.1207799911499023,0.004486325662583113,0.024850785732269287,0.058008432388305664,2.152851104736328,4,0.25,
fixed,0,455,2.1987318992614746,0.0059583415277302265,0.038551267236471176,0.06553637981414795,2.240647554397583,4,0.0,2.0902864933013916
fixed,0,456,1.6767066717147827,0.004106886684894562,0.05442539229989052,0.052520155906677246,1.721728801727295,4,0.25,
fixed,0,457,2.2088494300842285,0.00638303067535162,0.0325438529253006,0.0481642484664917,2.2427620887756348,4,0.25,
fixed,0,458,2.34092116355896,0.016716482117772102,0.010816440917551517,0.05544638633728027,2.371321439743042,4,0.5,
fixed,0,459,1.9924489259719849,0.012658709660172462,0.03420329838991165,0.06192421913146973,2.034457206726074,4,0.75,
fixed,0,460,2.2858057022094727,0.003984586801379919,0.031790222972631454,0.07946312427520752,2.3275320529937744,4,0.75,5.508751392364502
fixed,0,461,2.2217636108398438,0.015268290415406227,0.020169593393802643,0.04699444770812988,2.2535808086395264,4,0.25,
fixed,0,462,1.510599136352539,0.04360155016183853,0.02767951600253582,0.1521662473678589,1.591889500617981,4,1.0,
fixed,0,463,2.343994617462158,0.0,0.11069196462631226,0.04630923271179199,2.4132332801818848,4,0.5,
fixed,0,464,2.4502668380737305,0.008388519287109375,0.01936763897538185,0.0670313835144043,2.4842543601989746,4,0.5,
fixed,0,465,1.7966111898422241,0.03097314015030861,0.0,0.04725015163421631,1.8262728452682495,4,0.5,9.681519508361816
fixed,0,466,2.2115416526794434,0.005401826463639736,0.07745076715946198,0.04646944999694824,2.266908884048462,4,0.5,
fixed,0,467,2.2098262310028076,0.007669117767363787,0.03130323067307472,0.0908346176147461,2.2565627098083496,4,1.0,
fixed,0,468,1.723132848739624,0.0025554427411407232,0.05112921819090843,0.04249310493469238,1.7627230882644653,4,0.25,
fixed,0,469,2.1083426475524902,0.005581878591328859,0.02975649945437908,0.04916656017303467,2.1407618522644043,4,0.5,
fixed,0,470,2.8084514141082764,0.02009010873734951,0.052372660487890244,0.05094432830810547,2.8599660396575928,4,0.25,3.4565021991729736
fixed,0,471,1.5761159658432007,0.00356661481782794,0.01170156430453062,0.04490399360656738,1.5972212553024292,4,0.5,
fixed,0,472,2.1295619010925293,0.021764807403087616,0.03776276111602783,0.059697628021240234,2.1772348880767822,4,0.75,
fixed,0,473,2.2003467082977295,0.004071679897606373,0.027589179575443268,0.0636589527130127,2.2352747917175293,4,0.25,
fixed,0,474,2.7638564109802246,0.001529846340417862,0.03566902130842209,0.034002065658569336,2.792656421661377,4,0.5,
fixed,0,475,2.191179037094116,0.002346266061067581,0.0,0.11299657821655273,2.2262511253356934,4,0.0,2.2532548904418945
fixed,0,476,2.219587802886963,0.0,0.11675318330526352,0.041982412338256836,2.2905590534210205,4,0.5,
fixed,0,477,1.0813385248184204,0.010560247115790844,0.032233335077762604,0.05480766296386719,1.1191775798797607,4,0.5,
fixed,0,478,2.101351737976074,0.002949313959106803,0.0438714474439621,0.04358255863189697,2.1378369331359863,4,0.25,
fixed,0,479,2.9239449501037598,0.04081684350967407,0.0,0.04995250701904297,2.959339141845703,3,0.75,
fixed,0,480,1.8078328371047974,0.0025309580378234386,0.028545111417770386,0.0473712682723999,1.8375822305679321,4,0.5,5.446356773376465
fixed,0,481,1.4118585586547852,0.004574690014123917,0.0,0.10109949111938477,1.444475769996643,4,0.0,
fixed,0,482,1.9717353582382202,0.006387371104210615,0.03549334406852722,0.058426856994628906,2.0102038383483887,3,0.5,
fixed,0,483,1.0708351135253906,0.0,0.0423189215362072,0.18794631958007812,1.1483784914016724,4,1.0,
fixed,0,484,0.8710514307022095,0.026242738589644432,0.02913224697113037,0.05328011512756348,0.9147229790687561,4,0.25,
fixed,0,485,2.1293203830718994,0.0019782716408371925,0.019455745816230774,0.062320590019226074,2.158733606338501,4,0.5,4.801498889923096
fixed,0,486,1.809763789176941,0.03826844319701195,0.03737113997340202,0.06538379192352295,1.8671987056732178,4,0.5,
fixed,0,487,1.0085334777832031,0.0003136810555588454,0.03462202847003937,0.09113764762878418,1.053342580795288,4,0.75,
fixed,0,488,2.455341100692749,0.004800873808562756,0.007646042853593826,0.05903196334838867,2.479274034500122,4,0.25,
fixed,0,489,2.2684314250946045,0.0008214059052988887,0.008746015839278698,0.07846558094024658,2.296754837036133,4,0.25,
fixed,0,490,2.051253080368042,0.009618349373340607,0.04866927117109299,0.08051419258117676,2.104551076889038,4,0.25,2.279547929763794
fixed,0,491,1.2030225992202759,0.00101289595477283,9.193288860842586e-06,0.17718255519866943,1.2566883563995361,4,0.0,
fixed,0,492,2.2077810764312744,0.0180458165705204,0.09819580614566803,0.06505417823791504,2.2854180335998535,4,0.5,
fixed,0,493,1.5999572277069092,0.019757641479372978,0.05220624804496765,0.05478203296661377,1.6523737907409668,4,0.5,
fixed,0,494,1.2478857040405273,0.000730424071662128,0.022483952343463898,0.05268526077270508,1.2752984762191772,4,0.5,
fixed,0,495,2.3370609283447266,7.835614815121517e-05,0.08473844826221466,0.06037795543670654,2.397582769393921,4,0.25,17.083539962768555
fixed,0,496,1.8013542890548706,0.030127519741654396,0.01579565741121769,0.0617365837097168,1.842836856842041,4,0.5,
fixed,0,497,1.8229849338531494,0.002781911287456751,0.021464824676513672,0.06112217903137207,1.8534449338912964,4,0.5,
fixed,0,498,1.889150857925415,0.013252073898911476,0.026870759204030037,0.07672429084777832,1.9322295188903809,4,0.75,
fixed,0,499,2.5884182453155518,0.012997915036976337,0.024822724983096123,0.07799756526947021,2.630727767944336,4,0.75,
fixed,0,500,2.5036206245422363,0.0032790941186249256,0.03674113750457764,0.048348069190979004,2.538135051727295,4,0.5,7.115296363830566
fixed,0,501,1.2582157850265503,0.004374506883323193,0.03700342774391174,0.10696542263031006,1.3109943866729736,4,0.75,
fixed,0,502,1.8231011629104614,0.0008831496234051883,0.044646795839071274,0.049488067626953125,1.8607125282287598,4,0.5,
fixed,0,503,1.952707052230835,0.0032871768344193697,0.017481191083788872,0.0614011287689209,1.9815115928649902,4,0.25,
fixed,0,504,1.6007128953933716,0.0,0.06377201527357101,0.11535954475402832,1.6672067642211914,4,0.75,
fixed,0,505,2.7898647785186768,0.020911430940032005,0.0,0.04506421089172363,2.8138396739959717,4,0.5,9.312698364257812
fixed,0,506,1.339491844177246,0.02460918202996254,0.027120376005768776,0.17764675617218018,1.4186506271362305,4,1.0,
fixed,0,507,2.2618212699890137,0.00032716974965296686,0.018029525876045227,0.07660770416259766,2.2939820289611816,4,0.75,
fixed,0,508,2.1381659507751465,6.24752210569568e-05,0.04785962402820587,0.0456242561340332,2.175814390182495,4,0.25,
fixed,0,509,2.761357545852661,0.00472600944340229,0.027399756014347076,0.03956317901611328,2.7892894744873047,4,0.5,
fixed,0,510,1.7142077684402466,0.0,0.02334381826221943,0.04698741436004639,1.739975929260254,4,0.75,7.376540184020996
fixed,0,511,2.114227771759033,0.0,0.08819989860057831,0.04205167293548584,2.170943260192871,4,0.5,
fixed,0,512,1.6263636350631714,0.0005578830023296177,2.1753801320301136e-06,0.16312813758850098,1.6755820512771606,4,0.0,
fixed,0,513,1.161360740661621,0.0003934323613066226,0.031826891005039215,0.03236377239227295,1.1871800422668457,4,0.5,
fixed,0,514,1.7661457061767578,0.023911429569125175,0.03207302838563919,0.06600117683410645,1.8139382600784302,4,0.75,
fixed,0,515,2.1561832427978516,0.00040155198075808585,0.016527721658349037,0.037198781967163086,2.175807476043701,4,0.5,4.517207622528076
fixed,0,516,2.242119312286377,0.03132237493991852,0.0,0.02901482582092285,2.2664849758148193,4,0.5,
fixed,0,517,2.2287752628326416,0.009903299622237682,0.009912447072565556,0.029801368713378906,2.2476234436035156,4,0.25,
fixed,0,518,2.4565317630767822,0.01630895398557186,0.0,0.03738760948181152,2.475902557373047,4,0.25,
fixed,0,519,1.786628246307373,8.143812738126144e-05,0.03664550557732582,0.06237900257110596,1.8237054347991943,4,0.75,
fixed,0,520,1.129477620124817,0.0013450076803565025,0.020297300070524216,0.03947758674621582,1.15214204788208,4,0.5,5.225199222564697
fixed,0,521,1.8804932832717896,0.0019999525975435972,0.004222968593239784,0.10013198852539062,1.9136443138122559,4,0.25,
fixed,0,522,2.172872543334961,0.0,0.05610797554254532,0.07841777801513672,2.224451780319214,4,0.25,
fixed,0,523,0.9306546449661255,0.0,0.08181798458099365,0.047009825706481934,0.9856665730476379,4,0.5,
fixed,0,524,1.945507526397705,1.5784431525389664e-05,0.006029602140188217,0.10471487045288086,1.9799447059631348,4,0.25,
fixed,0,525,1.8385379314422607,0.029283110052347183,0.04685172811150551,0.06642913818359375,1.8965340852737427,4,0.25,4.1198601722717285
fixed,0,526,2.335520029067993,0.0,0.06726392358541489,0.1497199535369873,2.4140679836273193,4,0.75,
fixed,0,527,1.7889056205749512,0.007393050938844681,0.029278889298439026,0.06294536590576172,1.826125144958496,4,0.5,
fixed,0,528,1.0340051651000977,0.02445603907108307,0.0038433505687862635,0.09395337104797363,1.076340913772583,4,0.75,
fixed,0,529,2.0261900424957275,0.0398821160197258,0.0,0.06465256214141846,2.0655269622802734,4,0.5,
fixed,0,530,2.3601930141448975,0.003924636170268059,0.022491060197353363,0.14213788509368896,2.4160423278808594,4,0.75,4.423388957977295
fixed,0,531,2.3615314960479736,0.02646198868751526,0.0,0.08321428298950195,2.3997268676757812,4,0.25,
fixed,0,532,1.6475963592529297,0.003354310756549239,0.03983986750245094,0.12292027473449707,1.7060694694519043,4,0.0,
fixed,0,533,1.1298655271530151,0.0,0.06171593442559242,0.07533979415893555,1.1833254098892212,4,0.25,
fixed,0,534,1.4448260068893433,0.0002088666515192017,0.00042880731052719057,0.10696089267730713,1.4772331714630127,4,0.25,
fixed,0,535,1.8640388250350952,0.0026705532800406218,0.031765472143888474,0.04358351230621338,1.894331932067871,4,0.5,6.54498815536499
fixed,0,536,1.4163552522659302,0.00027674209559336305,0.08298506587743759,0.04071331024169922,1.4702001810073853,4,0.5,
fixed,0,537,1.896472692489624,0.0004200178664177656,0.017471209168434143,0.044510483741760254,1.918771505355835,4,0.5,
fixed,0,538,1.8921064138412476,0.0014922284753993154,0.011875140480697155,0.057183265686035156,1.915945053100586,4,0.5,
fixed,0,539,1.464121699333191,0.0,0.041895054280757904,0.1908736228942871,1.542331337928772,4,1.0,
fixed,0,540,1.6467151641845703,0.0011458598310127854,0.0239676795899868,0.12117409706115723,1.6956241130828857,4,0.75,7.008604049682617
fixed,0,541,1.6604986190795898,0.004499511327594519,0.049765706062316895,0.03419506549835205,1.697889804840088,4,0.25,
fixed,0,542,2.172656536102295,0.05106830224394798,0.0,0.05296909809112549,2.2140815258026123,4,0.5,
fixed,0,543,1.9594099521636963,0.0035986900329589844,0.0,0.09188246726989746,1.988774061203003,4,0.0,
fixed,0,544,1.3190690279006958,0.0023683321196585894,0.055211879312992096,0.03673291206359863,1.3588789701461792,4,0.25,
fixed,0,545,2.2825117111206055,0.0007907724939286709,0.006956745870411396,0.039813876152038574,2.2983295917510986,4,0.5,2.1981148719787598
fixed,0,546,1.7504581212997437,0.005021825898438692,0.009579865261912346,0.038228511810302734,1.7692275047302246,4,0.25,
fixed,0,547,2.2572903633117676,0.0001144903726526536,0.12157955765724182,0.06307435035705566,2.337059736251831,4,0.25,
fixed,0,548,2.275503158569336,0.0421815924346447,0.0,0.03934216499328613,2.308396577835083,4,0.5,
fixed,0,549,2.131514072418213,0.00013628997839987278,0.06301473826169968,0.03935432434082031,2.174896001815796,4,0.25,
fixed,0,550,2.372370481491089,0.0011273656273260713,0.0566120445728302,0.04840230941772461,2.4157609939575195,4,0.25,8.493599891662598
fixed,0,551,1.2764092683792114,0.002355104312300682,0.039309363812208176,0.03817439079284668,1.308693766593933,4,0.5,
fixed,0,552,2.206214427947998,0.012986356392502785,0.04243069887161255,0.0406649112701416,2.246122360229492,4,0.5,
fixed,0,553,2.9673588275909424,0.01090930588543415,0.007922139950096607,0.12637245655059814,3.014686346054077,4,0.5,
fixed,0,554,1.154661774635315,0.025461606681346893,0.010625026188790798,0.05684661865234375,1.1897590160369873,4,0.75,
fixed,0,555,1.8951228857040405,0.0025788461789488792,0.018837997689843178,0.04987478256225586,1.9207937717437744,4,0.5,4.461871147155762
fixed,0,556,1.7745943069458008,0.002135547809302807,0.022024070844054222,0.14297926425933838,1.8295679092407227,4,0.75,
fixed,0,557,1.862578272819519,0.004030806943774223,0.023430557921528816,0.15226876735687256,1.9219895601272583,4,0.75,
fixed,0,558,2.3477916717529297,0.0013929926790297031,0.08631283789873123,0.0941697359085083,2.4198954105377197,4,0.0,
fixed,0,559,2.095320701599121,0.0005640869494527578,0.032665103673934937,0.04563498497009277,2.1256258487701416,4,0.5,
fixed,0,560,2.9459054470062256,0.005312818568199873,0.008886730298399925,0.04852902889251709,2.9675638675689697,4,0.25,2.111051321029663
fixed,0,561,1.623024582862854,0.0015327759319916368,0.007007746025919914,0.06410348415374756,1.6465258598327637,4,0.25,
fixed,0,562,1.4508448839187622,0.009766481816768646,0.04082304611802101,0.07018041610717773,1.4971938133239746,4,0.25,
fixed,0,563,1.5888012647628784,8.915211765270215e-06,0.06119539588689804,0.07038271427154541,1.6405181884765625,4,0.5,
fixed,0,564,2.0960800647735596,0.00014528015162795782,1.7879854112834437e-06,0.2394094467163086,2.1679763793945312,4,0.0,
fixed,0,565,1.9457309246063232,0.00046539012691937387,0.04115204140543938,0.10374975204467773,1.9976645708084106,4,0.5,7.6962127685546875
fixed,0,566,1.5759813785552979,0.010900932364165783,0.005788728129118681,0.056360721588134766,1.6012344360351562,4,0.25,
fixed,0,567,1.5921683311462402,0.012599064037203789,0.005375206470489502,0.06064248085021973,1.619348168373108,4,0.5,
fixed,0,568,1.5090575218200684,0.004343072883784771,0.013173006474971771,0.08394122123718262,1.54299795627594,4,0.5,
fixed,0,569,2.028000831604004,0.0021897226106375456,0.009560903534293175,0.06648945808410645,2.0538229942321777,4,0.5,
fixed,0,570,2.0293631553649902,0.008192450739443302,0.07396017014980316,0.037758827209472656,2.0817670822143555,4,0.5,9.020657539367676
fixed,0,571,1.4536488056182861,0.0007318240823224187,0.007565269246697426,0.07144629955291748,1.4792312383651733,4,0.25,
fixed,0,572,1.287166714668274,0.0024196896702051163,0.016263136640191078,0.0694664716720581,1.3173481225967407,4,0.25,
fixed,0,573,2.4644367694854736,0.0006536681903526187,0.05671253800392151,0.04880928993225098,2.5077626705169678,4,0.75,
fixed,0,574,3.237074136734009,0.013551280833780766,0.0,0.04938018321990967,3.2586638927459717,4,0.5,
fixed,0,575,1.524185061454773,0.011687221005558968,0.00011271235416643322,0.11855101585388184,1.5656503438949585,4,0.25,3.588411331176758
fixed,0,576,2.143523693084717,4.3736516090575606e-05,0.07706601172685623,0.05865764617919922,2.1996757984161377,4,0.25,
fixed,0,577,1.4691940546035767,0.0,0.05556628853082657,0.09849035739898682,1.526524305343628,4,0.5,
fixed,0,578,1.8263747692108154,0.013309674337506294,0.021415846422314644,0.06242012977600098,1.8624635934829712,4,0.75,
fixed,0,579,2.286496877670288,0.03685065358877182,0.007319584488868713,0.17734980583190918,2.3617868423461914,4,0.75,
fixed,0,580,1.96945059299469,0.004559125751256943,0.0098418565467,0.07328259944915771,1.9986358880996704,4,0.5,2.652242422103882
fixed,0,581,1.5913503170013428,0.0082672368735075,0.016172299161553383,0.06367337703704834,1.6226720809936523,4,0.75,
fixed,0,582,1.336680293083191,0.0004311258962843567,0.03048316016793251,0.037334442138671875,1.363337755203247,4,0.5,
fixed,0,583,2.463975667953491,0.03056023269891739,0.014320878311991692,0.05095076560974121,2.5017013549804688,4,0.5,
fixed,0,584,1.759348750114441,0.003778668586164713,0.023299410939216614,0.07639098167419434,1.7958050966262817,4,0.25,
fixed,0,585,1.0810129642486572,0.0002612972166389227,0.015107780694961548,0.04662299156188965,1.1026843786239624,4,0.5,3.3774361610412598
fixed,0,586,1.7192097902297974,0.00954015739262104,0.005285564344376326,0.05102550983428955,1.7419302463531494,4,0.5,
fixed,0,587,2.345937490463257,0.0005098064430058002,0.007186926901340485,0.08030974864959717,2.3738787174224854,4,0.25,
fixed,0,588,2.204899787902832,0.031225059181451797,0.007188728544861078,0.0544896125793457,2.2404534816741943,4,0.5,
fixed,0,589,2.2164409160614014,0.0,0.058834224939346313,0.12307882308959961,2.2827816009521484,4,1.0,
fixed,0,590,1.6643339395523071,0.0,0.022513924166560173,0.10109364986419678,1.7059190273284912,4,0.75,6.757009506225586
fixed,0,591,2.0118579864501953,0.0,0.035387616604566574,0.05526840686798096,2.0461323261260986,4,0.25,
fixed,0,592,2.59501314163208,0.023989712819457054,0.019792307168245316,0.07596111297607422,2.639692544937134,4,0.75,
fixed,0,593,0.8898617029190063,0.0,0.05214499682188034,0.049201369285583496,0.9306946396827698,4,0.75,
fixed,0,594,1.6704516410827637,0.025892553851008415,0.00783415138721466,0.05134248733520508,1.7027177810668945,4,0.5,
fixed,0,595,1.9476063251495361,0.00014289692626334727,0.020873012021183968,0.0506739616394043,1.9733164310455322,4,0.5,6.201098918914795
fixed,0,596,2.3087658882141113,0.0022909168619662523,0.01555614359676838,0.055742740631103516,2.3344123363494873,4,0.5,
fixed,0,597,1.81740403175354,1.7296891883233911e-06,0.005038958974182606,0.13378679752349854,1.860060453414917,4,0.25,
fixed,0,598,2.2544643878936768,0.028788896277546883,0.00027296514599584043,0.12217986583709717,2.3056492805480957,4,0.25,
fixed,0,599,1.7623308897018433,0.05554741621017456,0.011340644210577011,0.3176318407058716,1.8910645246505737,4,1.0,
fixed,0,600,1.989353895187378,0.00048697926104068756,0.0134049654006958,0.12177097797393799,2.0328311920166016,4,0.75,3.808262825012207
fixed,0,601,1.5003681182861328,0.0,0.035314835608005524,0.24053239822387695,1.590185284614563,4,1.0,
fixed,0,602,1.7845429182052612,0.0,0.010841505602002144,0.1133270263671875,1.8239617347717285,4,0.25,
fixed,0,603,1.6204631328582764,0.013664568774402142,0.013048535212874413,0.041506409645080566,1.6462715864181519,4,0.5,
fixed,0,604,1.3284051418304443,0.0,0.04151174798607826,0.11916172504425049,1.3849095106124878,4,1.0,
fixed,0,605,2.1524369716644287,0.0,0.017668869346380234,0.1882936954498291,2.217759609222412,4,0.25,4.7777509689331055
fixed,0,606,2.4606683254241943,9.097591100726277e-05,0.029057176783680916,0.03734874725341797,2.4864470958709717,4,0.5,
fixed,0,607,2.27443265914917,0.014857196249067783,0.014573086984455585,0.07058703899383545,2.31032395362854,4,0.5,
fixed,0,608,2.033125638961792,0.007682527881115675,0.049746084958314896,0.038915395736694336,2.073514461517334,4,0.75,
fixed,0,609,1.7934582233428955,7.203520908660721e-06,0.06266762316226959,0.030404329299926758,1.8339169025421143,4,0.5,
fixed,0,610,1.047736406326294,0.029195275157690048,0.008894603699445724,0.05719029903411865,1.083938479423523,4,0.75,5.921493053436279
fixed,0,611,1.5478252172470093,0.0,0.013452989980578423,0.060804128646850586,1.5727930068969727,4,0.5,
fixed,0,612,1.221243143081665,0.0,0.04709695279598236,0.1634305715560913,1.293820858001709,4,1.0,
fixed,0,613,2.01958966255188,0.000495875021442771,0.01089895237237215,0.08667457103729248,2.0512895584106445,4,0.25,
fixed,0,614,1.589212417602539,0.01793769933283329,0.03701143339276314,0.14757347106933594,1.660959005355835,4,1.0,
fixed,0,615,1.7368977069854736,0.02138260379433632,0.021644331514835358,0.07603394985198975,1.7812213897705078,4,0.75,1.8427411317825317
fixed,0,616,2.3763043880462646,0.0023944643326103687,0.019750691950321198,0.041784048080444336,2.399912118911743,4,0.5,
fixed,0,617,2.0381736755371094,0.021362537518143654,1.8217371007267502e-06,0.08407390117645264,2.07407808303833,4,0.75,
fixed,0,618,2.7049918174743652,0.0,0.06590636074542999,0.0721052885055542,2.7595765590667725,4,0.75,
fixed,0,619,2.642512321472168,0.0,0.015016467310488224,0.10505163669586182,2.6815359592437744,4,0.25,
fixed,0,620,1.3497247695922852,0.0,0.03277943283319473,0.06186032295227051,1.3846726417541504,4,0.75,8.730419158935547
fixed,0,621,1.5872939825057983,1.830973633332178e-05,0.024720489978790283,0.04814493656158447,1.6141068935394287,4,0.5,
fixed,0,622,2.0214803218841553,0.027498608455061913,0.016877327114343643,0.033182501792907715,2.0536229610443115,4,0.75,
fixed,0,623,1.314602255821228,0.00599202886223793,0.017089122906327248,0.09425806999206543,1.3544203042984009,4,0.25,
fixed,0,624,1.4951527118682861,0.0,0.05173027142882347,0.08507144451141357,1.546539306640625,4,0.25,
fixed,0,625,2.770838737487793,0.0,0.024862010031938553,0.053455352783203125,2.7993063926696777,4,0.5,6.3544464111328125
fixed,0,626,1.7596170902252197,0.0,0.05388566479086876,0.13382673263549805,1.8267079591751099,4,1.0,
fixed,0,627,1.5354307889938354,0.003469192422926426,0.019001109525561333,0.03666114807128906,1.5576642751693726,4,0.5,
fixed,0,628,1.666306972503662,0.02110910415649414,0.033222295343875885,0.047663211822509766,1.7077716588974,4,0.75,
fixed,0,629,2.415888547897339,0.0,0.008995339274406433,0.11966109275817871,2.456284523010254,4,0.25,
fixed,0,630,1.606331467628479,0.009037014096975327,0.034392472356557846,0.1251441240310669,1.665589451789856,4,1.0,6.51238489151001
fixed,0,631,1.3612558841705322,0.02053336426615715,0.013152078725397587,0.038602590560913086,1.3896794319152832,4,0.5,
fixed,0,632,1.4003872871398926,0.0,0.028901338577270508,0.08183932304382324,1.439389705657959,4,0.75,
fixed,0,633,2.164945125579834,0.0,0.0146731436252594,0.04347085952758789,2.1853229999542236,4,0.5,
fixed,0,634,1.8052119016647339,0.0,0.0170589629560709,0.17960166931152344,1.867621898651123,4,0.25,
fixed,0,635,1.243149757385254,0.02142777107656002,0.017163008451461792,0.07152271270751953,1.2839019298553467,4,0.5,1.5423080921173096
fixed,0,636,1.4912426471710205,0.0,0.007494046352803707,0.05994772911071777,1.5129740238189697,4,0.5,
fixed,0,637,1.3398617506027222,6.182841025292873e-05,0.01192796416580677,0.06254303455352783,1.3646196126937866,4,0.5,
fixed,0,638,1.8781620264053345,0.0,0.0012256057234480977,0.33213484287261963,1.9784152507781982,4,0.0,
fixed,0,639,2.7832865715026855,3.999496402684599e-05,0.008402693085372448,0.07572436332702637,2.810225248336792,4,0.25,
fixed,0,640,1.6656466722488403,0.0007552572060376406,0.033320143818855286,0.2283945083618164,1.7512027025222778,4,1.0,8.616891860961914
fixed,0,641,1.5192244052886963,0.0,0.015954189002513885,0.14416420459747314,1.570450782775879,4,0.75,
fixed,0,642,1.299237608909607,0.04763755574822426,0.006343439221382141,0.2078704833984375,1.3885892629623413,4,1.0,
fixed,0,643,1.8035881519317627,0.00018454254313837737,0.015549447387456894,0.09775519371032715,1.8407816886901855,4,0.75,
fixed,0,644,1.0828036069869995,0.0,0.07139579951763153,0.08888232707977295,1.1451661586761475,4,0.75,
fixed,0,645,1.8211925029754639,0.0,0.02438363805413246,0.0874016284942627,1.859604835510254,4,0.75,7.490418910980225
fixed,0,646,1.714814305305481,0.03139390051364899,0.008152577094733715,0.03957676887512207,1.7464605569839478,4,0.5,
fixed,0,647,1.5651289224624634,0.0015379013493657112,0.0001606515288585797,0.06357252597808838,1.5850499868392944,4,0.25,
fixed,0,648,1.7851496934890747,0.0,0.01414322666823864,0.04423689842224121,1.8054924011230469,4,0.5,
fixed,0,649,1.6402348279953003,0.0005954726948402822,0.02679896540939808,0.10679125785827637,1.6859694719314575,4,0.25,
fixed,0,650,2.1180222034454346,0.0,0.04826722666621208,0.23361754417419434,2.2122411727905273,4,0.0,6.283529281616211
fixed,0,651,1.7301090955734253,2.12985814869171e-05,0.031251125037670135,0.07489645481109619,1.768214225769043,4,0.75,
fixed,0,652,1.3737281560897827,5.47367162653245e-05,0.036714572459459305,0.07091748714447021,1.4133880138397217,4,0.75,
fixed,0,653,1.7852548360824585,0.009813462384045124,0.021443994715809822,0.19582128524780273,1.8596299886703491,4,1.0,
fixed,0,654,1.4821487665176392,0.006225834134966135,0.014490354806184769,0.05704200267791748,1.5096194744110107,4,0.5,
fixed,0,655,1.0909457206726074,0.003129401244223118,0.004480613861232996,0.0333099365234375,1.1047437191009521,4,0.25,2.287043333053589
fixed,0,656,1.9987435340881348,0.007184251211583614,0.0069402544759213924,0.03230738639831543,2.015497922897339,4,0.25,
fixed,0,657,1.0018671751022339,0.0003746100701391697,0.004448303021490574,0.07629024982452393,1.0271656513214111,4,0.25,
fixed,0,658,1.0489833354949951,0.016543809324502945,0.004253540188074112,0.058348894119262695,1.0768866539001465,4,0.5,
fixed,0,659,1.8496699333190918,0.004189292434602976,0.03851255029439926,0.045160531997680664,1.8845690488815308,4,0.25,
fixed,0,660,1.4014041423797607,0.0,0.06382499635219574,0.056992530822753906,1.4504144191741943,4,0.25,9.61343002319336
fixed,0,661,1.2863569259643555,0.0,0.021121373400092125,0.12856125831604004,1.3354859352111816,4,0.75,
fixed,0,662,1.4848984479904175,0.0,0.019644759595394135,0.08345699310302734,1.5197579860687256,4,0.5,
fixed,0,663,1.2720006704330444,0.00016832994879223406,0.015062723308801651,0.13162338733673096,1.3191032409667969,4,0.75,
fixed,0,664,1.469168782234192,1.152582626673393e-06,0.02495547942817211,0.11558675765991211,1.5163230895996094,4,0.75,
fixed,0,665,2.1636884212493896,0.0,0.009627727791666985,0.0867161750793457,2.194517135620117,4,0.5,3.8156421184539795
fixed,0,666,1.2134668827056885,0.0,0.04065825790166855,0.08486521244049072,1.2592555284500122,4,0.25,
fixed,0,667,2.248425245285034,3.83703809347935e-05,0.031270887702703476,0.08590161800384521,2.2898504734039307,4,0.75,
fixed,0,668,2.0886945724487305,3.9152630051830783e-05,0.011662738397717476,0.38880813121795654,2.2111880779266357,4,1.0,
fixed,0,669,2.397758722305298,0.0037697069346904755,4.759948338262099e-11,0.1254563331604004,2.4372804164886475,4,0.0,
fixed,0,670,2.2700459957122803,0.011197034269571304,0.016840919852256775,0.07991147041320801,2.3080384731292725,4,0.75,2.6806247234344482
fixed,0,671,2.858746290206909,0.0,0.024155881255865097,0.3381657600402832,2.9722740650177,4,1.0,
fixed,0,672,2.3635172843933105,0.03318051993846893,0.007914802990853786,0.17404711246490479,2.436279058456421,4,1.0,
fixed,0,673,1.9271427392959595,0.023267682641744614,1.773435087670805e-07,0.044690608978271484,1.9521838426589966,4,0.25,
fixed,0,674,1.8775832653045654,0.0,0.02254509925842285,0.09350097179412842,1.9169061183929443,4,0.75,
fixed,0,675,2.940312385559082,0.0,0.07165589928627014,0.01901829242706299,2.9818458557128906,4,0.5,11.691646575927734
fixed,0,676,2.329416275024414,0.0,0.03782752901315689,0.06309771537780762,2.3672592639923096,4,0.5,
fixed,0,677,1.1913375854492188,2.9249074486870086e-06,0.01181028876453638,0.14045071601867676,1.2393794059753418,4,0.25,
fixed,0,678,2.351329803466797,0.0,0.03408428281545639,0.09089541435241699,2.3956406116485596,4,1.0,
fixed,0,679,1.5195930004119873,0.0,0.07025019079446793,0.10617470741271973,1.5865705013275146,4,0.25,
fixed,0,680,2.1813242435455322,0.00044567292206920683,0.011603087186813354,0.09836399555206299,2.21685791015625,4,0.25,2.451517343521118
fixed,0,681,2.4828028678894043,0.0,0.023347677662968636,0.0480189323425293,2.5088822841644287,4,0.5,
fixed,0,682,2.240546226501465,0.0,0.030073557049036026,0.09519147872924805,2.2841403484344482,4,0.25,
fixed,0,683,2.008350372314453,1.26428985822713e-05,0.02259174920618534,0.11647593975067139,2.054595470428467,4,0.25,
fixed,0,684,1.8706659078598022,0.00045052744098939,0.04062757268548012,0.05909442901611328,1.9089332818984985,4,0.5,
fixed,0,685,1.511885643005371,0.03545742481946945,0.012380335479974747,0.18428516387939453,1.5910900831222534,4,0.75,1.8787987232208252
fixed,0,686,1.9123001098632812,0.031916022300720215,0.013922078534960747,0.16226696968078613,1.9838992357254028,4,0.75,
fixed,0,687,1.9593337774276733,0.004446395207196474,0.012162595987319946,0.05903053283691406,1.9853473901748657,4,0.5,
fixed,0,688,2.1218409538269043,0.00962853617966175,0.0069900937378406525,0.02452671527862549,2.1375083923339844,4,0.25,
fixed,0,689,1.1474817991256714,0.0,0.01799517683684826,0.28543901443481445,1.242111086845398,4,1.0,
fixed,0,690,2.725388288497925,0.003160935826599598,0.016771972179412842,0.045824527740478516,2.7491021156311035,4,0.5,3.688431739807129
fixed,0,691,2.0299956798553467,8.757786417845637e-06,0.012173142284154892,0.118477463722229,2.071629762649536,4,0.25,
fixed,0,692,1.7831432819366455,0.0,0.02461635135114193,0.09819185733795166,1.824908971786499,4,0.75,
fixed,0,693,1.7156739234924316,0.011842232197523117,0.013908721506595612,0.07997345924377441,1.752541422843933,4,0.75,
fixed,0,694,0.8440366983413696,0.0,0.047549184411764145,0.04297077655792236,0.8807024955749512,4,0.5,
fixed,0,695,2.015784740447998,0.0,0.009039792232215405,0.1480875015258789,2.0647308826446533,4,0.25,2.6771767139434814
fixed,0,696,1.9266606569290161,0.0,0.025625664740800858,0.2287226915359497,2.0080902576446533,4,0.25,
fixed,0,697,2.0382251739501953,0.0,0.14244727790355682,0.036688804626464844,2.120455503463745,4,0.25,
fixed,0,698,1.6619415283203125,0.016584990546107292,0.011220216751098633,0.0573047399520874,1.69303560256958,4,0.5,
fixed,0,699,2.026646137237549,0.0,0.012852303683757782,0.10124707221984863,2.063446521759033,4,0.75,
fixed,0,700,2.458632230758667,0.011645106598734856,0.0,0.0722576379776001,2.4861321449279785,4,0.25,4.585604190826416
fixed,0,701,2.3238651752471924,0.0012747980654239655,0.01700039580464363,0.17814993858337402,2.3864476680755615,4,0.75,
fixed,0,702,1.703014612197876,0.05000840872526169,0.0071923332288861275,0.34365200996398926,1.8347105979919434,4,1.0,
fixed,0,703,1.6348187923431396,0.040285270661115646,0.0048845075070858,0.09221792221069336,1.6850690841674805,4,0.75,
fixed,0,704,1.8217506408691406,0.03148770332336426,0.015057122334837914,0.38481032848358154,1.9604661464691162,4,1.0,
fixed,0,705,1.8895034790039062,3.3923834052984603e-07,0.022385289892554283,0.05569124221801758,1.9174036979675293,4,0.75,7.1451592445373535
fixed,0,706,1.3798171281814575,1.5183704817900434e-06,0.02924497239291668,0.08426928520202637,1.4197211265563965,4,0.75,
fixed,0,707,2.6035428047180176,0.023223422467708588,0.041563283652067184,0.02634871006011963,2.643840789794922,4,0.25,
fixed,0,708,1.4771735668182373,8.186560989997815e-06,0.033263660967350006,0.07182300090789795,1.515356421470642,4,0.75,
fixed,0,709,2.2360692024230957,0.0,0.0369131974875927,0.058576107025146484,2.2720985412597656,4,0.75,
fixed,0,710,2.417555093765259,0.013159293681383133,0.04606239125132561,0.03062748908996582,2.4563541412353516,4,0.5,4.7584943771362305
fixed,0,711,1.3543000221252441,0.00013571478484664112,0.07009827345609665,0.021483421325683594,1.395862102508545,4,0.5,
fixed,0,712,2.246649742126465,0.0,0.04033711552619934,0.025489091873168945,2.2744650840759277,4,0.5,
fixed,0,713,2.0393402576446533,0.0,0.05603840574622154,0.03979778289794922,2.079298734664917,4,0.5,
fixed,0,714,2.554882526397705,0.0,0.04712839797139168,0.046421170234680176,2.5923731327056885,4,0.75,
fixed,0,715,1.5536437034606934,0.0006197053007781506,0.03575257211923599,0.0776592493057251,1.5951275825500488,4,0.75,9.302205085754395
fixed,0,716,1.1450697183609009,0.012969912961125374,0.00971238873898983,0.04599881172180176,1.1702104806900024,4,0.5,
fixed,0,717,1.3053115606307983,0.024972744286060333,0.01897468790411949,0.11954033374786377,1.3631473779678345,4,0.75,
fixed,0,718,2.06172513961792,1.7781949281925336e-05,0.0012898013228550553,0.04877316951751709,2.0770108699798584,4,0.5,
fixed,0,719,2.144749164581299,0.02475532330572605,5.30126053490676e-05,0.0997089147567749,2.187066078186035,4,0.25,
fixed,0,720,1.4846428632736206,0.02378465048968792,0.03205733746290207,0.2112593650817871,1.5759416818618774,4,1.0,4.400348663330078
fixed,0,721,1.899148941040039,0.0010017475578933954,0.02565312758088112,0.047748684883117676,1.9268009662628174,4,0.5,
fixed,0,722,2.23862886428833,1.8560793080268922e-07,0.013976444490253925,0.061049580574035645,2.2639319896698,4,0.5,
fixed,0,723,2.049684762954712,0.013960667885839939,0.0003452902310527861,0.16014790534973145,2.104882001876831,4,0.25,
fixed,0,724,1.1696428060531616,2.9774935683235526e-05,0.026856090873479843,0.05448591709136963,1.1994315385818481,4,0.5,
fixed,0,725,1.7991191148757935,8.997750410344452e-05,0.044062867760658264,0.03248763084411621,1.8309417963027954,4,0.5,9.990753173828125
fixed,0,726,2.4002363681793213,0.0,0.03337492793798447,0.10869836807250977,2.449533462524414,4,1.0,
fixed,0,727,2.430572986602783,8.364313544007018e-05,0.030405234545469284,0.04477393627166748,2.459249496459961,4,0.5,
fixed,0,728,1.796213150024414,0.0002580607542768121,0.019061334431171417,0.04158329963684082,1.8183478116989136,4,0.5,
fixed,0,729,1.6194900274276733,0.02041599713265896,0.019439958035945892,0.07412207126617432,1.6616545915603638,4,0.75,
fixed,0,730,1.226043462753296,0.0,0.020909959450364113,0.05584681034088135,1.2532525062561035,4,0.75,6.262338161468506
fixed,0,731,1.5612802505493164,0.01959940418601036,0.017033392563462257,0.0373767614364624,1.59080970287323,4,0.75,
fixed,0,732,2.240536689758301,0.0014013999607414007,0.009262708947062492,0.051219940185546875,2.261234760284424,4,0.25,
fixed,0,733,1.9683918952941895,0.001209993613883853,0.01801609992980957,0.03551185131072998,1.9886585474014282,4,0.5,
fixed,0,734,1.5317515134811401,0.0002903442655224353,0.008554312400519848,0.06920981407165527,1.5569367408752441,4,0.25,
fixed,0,735,1.9099444150924683,7.254786851262907e-07,0.00022802999592386186,0.10608208179473877,1.9418834447860718,4,0.25,0.4262439012527466
fixed,0,736,1.5173137187957764,0.025676703080534935,0.012148278765380383,0.04882073402404785,1.5508724451065063,4,0.5,
fixed,0,737,1.5968563556671143,8.473065099678934e-05,0.0066693564876914024,0.06923675537109375,1.6210044622421265,4,0.25,
fixed,0,738,1.467874526977539,0.026697035878896713,0.020789651200175285,0.08572912216186523,1.5173366069793701,4,0.75,
fixed,0,739,1.9321390390396118,0.0,0.015292816795408726,0.04866671562194824,1.95438551902771,4,0.5,
fixed,0,740,1.9842568635940552,0.016876528039574623,0.018025919795036316,0.06312835216522217,2.020646572113037,4,0.5,1.2987123727798462
fixed,0,741,1.8472143411636353,0.0,0.016647398471832275,0.051484107971191406,1.8709832429885864,4,0.5,
fixed,0,742,3.0417587757110596,0.0,0.030899623408913612,0.06858038902282715,3.07778263092041,4,0.75,
fixed,0,743,1.6786283254623413,0.0,0.025449369102716446,0.09069490432739258,1.7185615301132202,4,0.75,
fixed,0,744,0.770691454410553,0.0,0.03769037127494812,0.040346622467041016,0.8016406297683716,4,0.5,
fixed,0,745,1.3961795568466187,0.0,0.012712394818663597,0.08545410633087158,1.428171992301941,4,0.5,5.148723125457764
fixed,0,746,1.9274823665618896,0.0,0.02322356216609478,0.09569084644317627,1.9678014516830444,4,0.25,
fixed,0,747,1.4486943483352661,0.023744460195302963,0.016163509339094162,0.32204198837280273,1.565260887145996,4,1.0,
fixed,0,748,2.122701644897461,0.0,0.01788385957479477,0.1235201358795166,2.1686995029449463,4,0.75,
fixed,0,749,1.5993818044662476,0.03144824132323265,0.010579976253211498,0.1356041431427002,1.6610771417617798,4,0.75,
fixed,0,750,1.611223578453064,0.0,0.015044012106955051,0.068450927734375,1.639280915260315,4,0.25,4.307794094085693
fixed,0,751,1.7654470205307007,0.0,0.020114272832870483,0.11281716823577881,1.8093492984771729,4,0.75,
fixed,0,752,1.6906907558441162,0.0,0.014101184904575348,0.07970035076141357,1.7216514348983765,4,0.75,
fixed,0,753,2.087709426879883,0.02806992642581463,0.021554920822381973,0.07375311851501465,2.134647846221924,4,0.5,
fixed,0,754,1.7512383460998535,0.0,0.036654844880104065,0.22720348834991455,1.8377268314361572,4,1.0,
fixed,0,755,1.5877294540405273,0.0,0.028377145528793335,0.07176733016967773,1.6234482526779175,4,0.75,7.599612712860107
fixed,0,756,2.211442470550537,0.0,0.02983280085027218,0.2733055353164673,2.3083505630493164,4,1.0,
fixed,0,757,1.6202850341796875,0.00015623107901774347,0.006491364911198616,0.056058406829833984,1.6404263973236084,4,0.5,
fixed,0,758,2.3137965202331543,0.027955181896686554,0.0016214614734053612,0.15456640720367432,2.3749547004699707,4,0.25,
fixed,0,759,1.9739362001419067,0.0,0.017148097977042198,0.05353748798370361,1.998571515083313,4,0.5,
fixed,0,760,1.4027985334396362,0.0,0.008440668694674969,0.04124879837036133,1.419393539428711,4,0.5,2.7126646041870117
fixed,0,761,2.0242037773132324,0.01566101424396038,0.015370799228549004,0.06227147579193115,2.058401107788086,4,0.75,
fixed,0,762,1.3042340278625488,0.02370338700711727,0.017718594521284103,0.07232010364532471,1.3466410636901855,4,0.75,
fixed,0,763,1.9185649156570435,0.0,0.012819844298064709,0.04073011875152588,1.9371938705444336,4,0.5,
fixed,0,764,1.295853614807129,0.0,0.03403894603252411,0.05177164077758789,1.3284045457839966,4,0.75,
fixed,0,765,2.2860729694366455,0.019464347511529922,0.03957826644182205,0.15273380279541016,2.3614144325256348,4,1.0,5.065878868103027
fixed,0,766,1.7842048406600952,0.0,0.01982908695936203,0.028591275215148926,1.8026968240737915,4,0.5,
fixed,0,767,1.3486815690994263,0.014670373871922493,0.01795443519949913,0.017768383026123047,1.3703244924545288,4,0.5,
fixed,0,768,1.4974769353866577,0.0,0.04341593384742737,0.018625259399414062,1.5247725248336792,4,0.25,
fixed,0,769,2.013190269470215,0.0,0.03066553734242916,0.05241131782531738,2.0442464351654053,4,0.5,
fixed,0,770,2.1013166904449463,0.03448279947042465,0.028108906000852585,0.12942826747894287,2.171441078186035,4,1.0,1.1335687637329102
fixed,0,771,1.573950171470642,0.05745810270309448,0.0,0.0525892972946167,1.6184560060501099,4,0.75,
fixed,0,772,1.5212544202804565,0.0,0.05508797615766525,0.17912864685058594,1.6025370359420776,4,0.0,
fixed,0,773,1.6126704216003418,0.015774285420775414,0.057015642523765564,0.08198726177215576,1.6736615896224976,4,1.0,
fixed,0,774,1.6169102191925049,0.0,0.03166591003537178,0.07885384559631348,1.6563993692398071,4,0.75,
fixed,0,775,1.5884315967559814,0.0,0.03007303923368454,0.026880979537963867,1.61153244972229,4,0.25,7.6488542556762695
fixed,0,776,1.5705682039260864,0.0,0.02490907907485962,0.05377066135406494,1.599153995513916,4,0.75,
fixed,0,777,1.3033506870269775,0.0,0.0094149149954319,0.15076637268066406,1.3532880544662476,4,0.25,
fixed,0,778,1.071239948272705,0.0,0.04122257977724075,0.21620666980743408,1.1567132472991943,4,1.0,
fixed,0,779,1.8062399625778198,0.0,0.02357035130262375,0.11275815963745117,1.851852536201477,4,0.75,
fixed,0,780,2.0743205547332764,0.0009799667168408632,0.02940668910741806,0.1040647029876709,2.1207332611083984,4,0.75,8.457144737243652
fixed,0,781,1.4105963706970215,0.0005951140774413943,0.02746543474495411,0.10821890830993652,1.45709228515625,4,0.75,
fixed,0,782,2.301786184310913,0.02327326312661171,1.3455010048346594e-05,0.08615219593048096,2.3392751216888428,4,0.25,
fixed,0,783,2.229304075241089,0.02205931767821312,0.0,0.0728234052658081,2.262180805206299,4,0.25,
fixed,0,784,2.256592273712158,0.0,0.04335379973053932,0.20409047603607178,2.339496374130249,4,1.0,
fixed,0,785,2.104597568511963,0.020122097805142403,0.014190464280545712,0.03474903106689453,2.132178544998169,4,0.5,1.2568572759628296
fixed,0,786,1.3986338376998901,0.0,0.011940402910113335,0.1209632158279419,1.4408930540084839,4,0.25,
fixed,0,787,2.0446691513061523,6.622657338084537e-07,0.039438989013433456,0.06496739387512207,2.083879232406616,4,0.75,
fixed,0,788,1.584720253944397,0.0,0.02851622924208641,0.06282913684844971,1.61782705783844,4,0.5,
fixed,0,789,2.424180746078491,1.30724765767809e-05,0.013027263805270195,0.05271005630493164,2.4465138912200928,4,0.5,
fixed,0,790,1.1433520317077637,0.0,0.04324444755911827,0.11058104038238525,1.1981486082077026,4,0.75,12.769181251525879
fixed,0,791,1.9620569944381714,0.0,0.03295420855283737,0.15592944622039795,2.025312900543213,4,0.75,
fixed,0,792,1.8033652305603027,0.0220524612814188,0.009380466304719448,0.0403670072555542,1.8311917781829834,4,0.5,
fixed,0,793,1.320312738418579,2.231613871117588e-05,0.023896638303995132,0.04124188423156738,1.3446447849273682,4,0.5,
fixed,0,794,2.282243013381958,0.018938420340418816,0.017074570059776306,0.08554255962371826,2.3259122371673584,4,0.75,
fixed,0,795,1.213016152381897,0.0,0.02530239149928093,0.1083841323852539,1.2581826448440552,4,0.75,8.403892517089844
fixed,0,796,2.484819173812866,0.01986236497759819,0.020364100113511086,0.08217227458953857,2.5295841693878174,4,0.75,
fixed,0,797,1.7761904001235962,0.057253360748291016,0.01232994720339775,0.16788268089294434,1.8613468408584595,4,1.0,
fixed,0,798,2.0245254039764404,0.0,0.022426558658480644,0.0619049072265625,2.0543100833892822,4,0.5,
fixed,0,799,2.2012648582458496,0.0,0.025265755131840706,0.04926192760467529,2.2286763191223145,4,0.5,
fixed,0,800,2.53293776512146,0.0,0.013635873794555664,0.1767812967300415,2.592790126800537,4,0.25,3.8826138973236084
fixed,0,801,1.7363890409469604,0.0,0.040235042572021484,0.06142830848693848,1.774935007095337,4,0.75,
fixed,0,802,2.230045795440674,0.0,0.013090608641505241,0.06390547752380371,2.255762815475464,4,0.5,
fixed,0,803,2.573878765106201,0.0,0.010373011231422424,0.1511063575744629,2.6243972778320312,4,0.25,
fixed,0,804,2.083787441253662,0.0,0.02712278813123703,0.03314852714538574,2.1072933673858643,4,0.5,
fixed,0,805,2.671992540359497,0.0,0.025123342871665955,0.17188501358032227,2.7361197471618652,4,0.25,5.165721893310547
fixed,0,806,1.933184266090393,0.0,0.046565696597099304,0.1929631233215332,2.0143561363220215,4,1.0,
fixed,0,807,1.6832751035690308,0.01793951913714409,0.011087082326412201,0.05159604549407959,1.713267207145691,4,0.5,
fixed,0,808,1.9681544303894043,0.018472356721758842,0.0004682923899963498,0.03937792778015137,1.9894381761550903,4,0.5,
fixed,0,809,1.339623212814331,0.0,0.01623409055173397,0.038872361183166504,1.3594019412994385,4,0.5,
fixed,0,810,0.8476102948188782,0.0,0.03125961869955063,0.06319880485534668,0.882199764251709,4,0.5,7.8881916999816895
fixed,0,811,2.2735393047332764,0.0,0.0005046016303822398,0.34548115730285645,2.3774359226226807,4,0.0,
fixed,0,812,1.8217424154281616,0.0,0.01918613724410534,0.04568636417388916,1.8450413942337036,4,0.25,
fixed,0,813,2.612868070602417,0.02601226232945919,0.007107683923095465,0.032691001892089844,2.639235258102417,4,0.5,
fixed,0,814,2.2161505222320557,0.0010297074913978577,0.004229753743857145,0.04555666446685791,2.2324471473693848,4,0.25,
fixed,0,815,2.395350217819214,0.0,0.02217681333422661,0.11087048053741455,2.439699649810791,4,0.75,6.830485820770264
fixed,0,816,2.207030773162842,0.00035824859514832497,0.004097836557775736,0.04358208179473877,2.2223334312438965,4,0.25,
fixed,0,817,1.5790152549743652,0.0,0.01860984042286873,0.121207594871521,1.6246824264526367,4,0.75,
fixed,0,818,1.639704704284668,0.0,0.011228225193917751,0.04900085926055908,1.660019040107727,4,0.5,
fixed,0,819,1.6163578033447266,3.733990160981193e-05,0.00932611245661974,0.0513758659362793,1.636452317237854,4,0.5,
fixed,0,820,1.3958114385604858,2.5948753318516538e-05,0.011484773829579353,0.045847296714782715,1.4153209924697876,4,0.5,3.5704643726348877
fixed,0,821,1.6558024883270264,0.03251805156469345,0.01038300059735775,0.16482925415039062,1.7267017364501953,4,0.75,
fixed,0,822,1.8286008834838867,0.0,0.01104008685797453,0.19895482063293457,1.8938074111938477,4,0.75,
fixed,0,823,2.4494504928588867,0.0360177718102932,0.007392409257590771,0.20406603813171387,2.5323753356933594,4,0.75,
fixed,0,824,2.2250893115997314,0.0,0.008584922179579735,0.07901906967163086,2.2530875205993652,4,0.5,
fixed,0,825,1.5751476287841797,0.0,0.015114792622625828,0.08592391014099121,1.6084822416305542,4,0.75,4.914158821105957
fixed,0,826,2.5728793144226074,0.0,0.013925145380198956,0.16957545280456543,2.6307144165039062,4,0.75,
fixed,0,827,1.701714038848877,0.0,0.01630428247153759,0.19590401649475098,1.7686374187469482,4,0.25,
fixed,0,828,2.151124954223633,0.0,0.03915714845061302,0.07943236827850342,2.194533348083496,4,0.75,
fixed,0,829,2.5963821411132812,0.0,0.01589260995388031,0.06204390525817871,2.622941732406616,4,0.5,
fixed,0,830,1.6639162302017212,0.0,0.015052028000354767,0.06830191612243652,1.6919327974319458,4,0.5,5.029849529266357
fixed,0,831,1.1911379098892212,0.0,0.020327288657426834,0.05360054969787598,1.2173817157745361,4,0.5,
fixed,0,832,1.4794033765792847,0.0,0.01988299936056137,0.2754875421524048,1.571991205215454,4,1.0,
fixed,0,833,2.7676243782043457,0.0,0.008310629054903984,0.13399839401245117,2.811979293823242,4,0.25,
fixed,0,834,1.5510921478271484,0.027981238439679146,0.012086223810911179,0.11132192611694336,1.604522466659546,4,0.75,
fixed,0,835,1.9387996196746826,0.024320323020219803,0.02082783356308937,0.18195080757141113,2.0159590244293213,4,0.75,1.4260176420211792
fixed,0,836,2.052584409713745,0.0,0.013411753810942173,0.17364096641540527,2.111382484436035,4,0.25,
fixed,0,837,2.2756619453430176,0.05431943014264107,0.013257711194455624,0.07864367961883545,2.3330435752868652,4,0.75,
fixed,0,838,1.0208319425582886,0.018681921064853668,0.010437502525746822,0.044686198234558105,1.0487974882125854,4,0.5,
fixed,0,839,1.166042447090149,0.04539424926042557,0.0009856261312961578,0.04775357246398926,1.2035584449768066,4,0.5,
fixed,0,840,2.468677520751953,0.010226085782051086,0.012196416035294533,0.055504798889160156,2.4965403079986572,4,0.5,1.2619742155075073
fixed,0,841,1.0219120979309082,0.0,0.023039977997541428,0.07779324054718018,1.0567700862884521,4,0.25,
fixed,0,842,2.5320210456848145,0.009199073538184166,0.0018944868352264166,0.2104635238647461,2.6007068157196045,4,0.0,
fixed,0,843,1.8379839658737183,0.0,0.0021247381810098886,0.4376363158226013,1.9703372716903687,4,0.0,
fixed,0,844,1.20707106590271,0.0,0.014801615849137306,0.3168526887893677,1.3095276355743408,4,0.0,
fixed,0,845,2.1194989681243896,0.02343190461397171,0.0005874940543435514,0.051668643951416016,2.1470093727111816,4,0.25,5.081689357757568
fixed,0,846,1.881996989250183,0.015407942235469818,0.05999106541275978,0.06766617298126221,1.939996361732483,4,1.0,
fixed,0,847,1.695831298828125,0.0,0.054090578109025955,0.020077109336853027,1.7288997173309326,4,0.75,
fixed,0,848,1.5509803295135498,0.0,0.02838187851011753,0.02398371696472168,1.5723663568496704,4,0.5,
fixed,0,849,1.2805051803588867,0.0,0.025541048496961594,0.08732950687408447,1.3194745779037476,4,0.25,
fixed,0,850,2.261892795562744,0.017475273460149765,0.00013806628703605384,0.0943453311920166,2.2990031242370605,4,0.25,3.4054267406463623
fixed,0,851,2.0580644607543945,0.005695348139852285,0.005097367335110903,0.13328945636749268,2.103447675704956,4,0.0,
fixed,0,852,1.994152545928955,0.0,0.051251281052827835,0.02944803237915039,2.0286126136779785,4,0.75,
fixed,0,853,1.6230394840240479,3.660851871245541e-05,9.120966569753364e-05,0.29656314849853516,1.7120723724365234,4,0.0,
fixed,0,854,1.1015807390213013,0.020348915830254555,0.022508028894662857,0.022962570190429688,1.129897952079773,4,0.5,
fixed,0,855,1.9950439929962158,0.0,0.02028556913137436,0.037216782569885254,2.0163516998291016,4,0.5,5.562300682067871
fixed,0,856,1.9859349727630615,0.00035115794162265956,0.014795553870499134,0.042235374450683594,2.006178855895996,4,0.5,
fixed,0,857,1.9528381824493408,0.01700775884091854,0.007841522805392742,0.04137623310089111,1.9776756763458252,4,0.5,
fixed,0,858,1.3485512733459473,0.04133191704750061,0.0014399420469999313,0.05447816848754883,1.3862806558609009,4,0.75,
fixed,0,859,1.7550299167633057,0.0,0.007136812433600426,0.10300254821777344,1.789499044418335,4,0.25,
fixed,0,860,1.3550386428833008,0.017661189660429955,0.013882019557058811,0.03777515888214111,1.3821427822113037,4,0.5,1.1021301746368408
fixed,0,861,2.374593496322632,0.0213523730635643,0.01533515751361847,0.12469339370727539,2.430345296859741,4,0.75,
fixed,0,862,2.336270332336426,0.0,0.017400825396180153,0.07987511157989502,2.3689332008361816,4,0.5,
fixed,0,863,1.4019317626953125,0.0,0.021842606365680695,0.08792519569396973,1.4392306804656982,4,0.75,
fixed,0,864,2.140866756439209,0.0,0.014719730243086815,0.06448602676391602,2.167572498321533,4,0.25,
fixed,0,865,0.999013364315033,0.0,0.01981755904853344,0.07926070690155029,1.0327003002166748,4,0.5,5.936023712158203
fixed,0,866,1.3430241346359253,0.0,0.026510173454880714,0.04810166358947754,1.370709776878357,4,0.5,
fixed,0,867,1.4931914806365967,0.0,0.012037227861583233,0.1369028091430664,1.5402809381484985,4,0.25,
fixed,0,868,2.404247522354126,0.0007011441048234701,0.011985592544078827,0.1992182731628418,2.4703564643859863,4,0.0,
fixed,0,869,1.4665347337722778,0.0017014043405652046,0.009203326888382435,0.07488632202148438,1.494452953338623,4,0.25,
fixed,0,870,1.5971919298171997,0.02720063179731369,0.010471160523593426,0.059149861335754395,1.6337727308273315,4,0.5,1.5756349563598633
fixed,0,871,2.066918134689331,0.022355088964104652,0.0027716464828699827,0.03322482109069824,2.089448928833008,4,0.25,
fixed,0,872,0.9937873482704163,0.0,0.02087201178073883,0.2597261667251587,1.0821411609649658,4,1.0,
fixed,0,873,1.7241665124893188,0.0,0.017425935715436935,0.04874265193939209,1.747502326965332,4,0.5,
fixed,0,874,2.3069539070129395,0.02116342820227146,0.006979567464441061,0.04159402847290039,2.3335037231445312,4,0.5,
fixed,0,875,1.958045482635498,0.0,0.023452527821063995,0.11324882507324219,2.003746509552002,4,0.5,7.727372646331787
fixed,0,876,1.4904348850250244,7.400993490591645e-05,0.017549175769090652,0.06270730495452881,1.5180586576461792,4,0.5,
fixed,0,877,2.0268943309783936,0.0,0.019536517560482025,0.05266523361206055,2.052462100982666,4,0.5,
fixed,0,878,2.04440975189209,0.0,0.05433709919452667,0.15078949928283691,2.1168150901794434,4,1.0,
fixed,0,879,2.171335458755493,0.0,0.010206229984760284,0.04574441909790039,2.190161943435669,4,0.25,
fixed,0,880,2.372516632080078,0.0,0.013013830408453941,0.04219663143157959,2.3916826248168945,4,0.25,3.5100486278533936
fixed,0,881,1.4023592472076416,0.0,0.026379847899079323,0.07163476943969727,1.4370396137237549,4,0.25,
fixed,0,882,2.8058037757873535,0.0002617753343656659,0.01583915203809738,0.09009194374084473,2.840881824493408,4,0.25,
fixed,0,883,2.1539864540100098,0.0,0.023615725338459015,0.04949212074279785,2.1806418895721436,4,0.5,
fixed,0,884,0.5828086733818054,0.0,0.012587470933794975,0.0460355281829834,0.6029130816459656,4,0.5,
fixed,0,885,1.7627205848693848,0.0,0.015972912311553955,0.15083777904510498,1.8159583806991577,4,0.75,5.4273529052734375
fixed,0,886,2.3080062866210938,0.023676762357354164,0.006490521598607302,0.04885363578796387,2.3377459049224854,4,0.5,
fixed,0,887,1.4988232851028442,0.0,0.013010779395699501,0.056969642639160156,1.5224195718765259,4,0.5,
fixed,0,888,2.300846815109253,0.0,0.005545384716242552,0.10823798179626465,2.3360908031463623,4,0.25,
fixed,0,889,2.7167093753814697,0.0,0.0063115069642663,0.11507022380828857,2.7543861865997314,4,0.25,
fixed,0,890,2.7338995933532715,0.0,0.014717832207679749,0.17661750316619873,2.794243812561035,4,0.75,5.298095703125
fixed,0,891,1.2206627130508423,0.0,0.005976353771984577,0.11846733093261719,1.2591910362243652,4,0.25,
fixed,0,892,2.200399875640869,0.0,0.0027970331721007824,0.09774911403656006,2.231123208999634,4,0.25,
fixed,0,893,1.9652715921401978,0.028534775599837303,0.003931249491870403,0.07622396945953369,2.0043718814849854,4,0.5,
fixed,0,894,2.2865655422210693,0.04160589724779129,0.0036849051248282194,0.0931553840637207,2.3371574878692627,4,0.5,
fixed,0,895,2.333343982696533,4.561787500279024e-05,0.006427931133657694,0.06957077980041504,2.357451915740967,4,0.5,2.524383544921875
fixed,0,896,1.1827459335327148,0.0,0.009779857471585274,0.355462908744812,1.2942746877670288,4,0.75,
fixed,0,897,1.5410888195037842,0.0,0.026587452739477158,0.04694855213165283,1.568467140197754,4,0.5,
fixed,0,898,2.3325276374816895,4.167251063336153e-06,0.012006334960460663,0.19811677932739258,2.39796781539917,4,0.75,
fixed,0,899,2.4133172035217285,0.0,0.008829820901155472,0.0851055383682251,2.4432637691497803,4,0.5,
fixed,0,900,1.6782054901123047,2.616904453134339e-07,0.02636333554983139,0.1252143383026123,1.7289515733718872,4,0.75,6.60585880279541
fixed,0,901,3.169959545135498,0.032405927777290344,0.007458264008164406,0.020804166793823242,3.1961328983306885,4,0.25,
fixed,0,902,1.2158889770507812,4.000872650067322e-05,0.00424933759495616,0.07219099998474121,1.239690899848938,4,0.25,
fixed,0,903,1.913014531135559,0.0,0.010302788577973843,0.06489276885986328,1.937633752822876,4,0.5,
fixed,0,904,2.009329319000244,0.03751765191555023,0.00982186570763588,0.20069921016693115,2.0932087898254395,4,0.75,
fixed,0,905,1.3589974641799927,0.02846783958375454,0.0009868335910141468,0.11500334739685059,1.4082257747650146,4,0.25,4.723458290100098
fixed,0,906,1.7022441625595093,0.0,0.011752808466553688,0.06399035453796387,1.7273176908493042,4,0.5,
fixed,0,907,1.8371872901916504,0.028376948088407516,0.011003958992660046,0.16627538204193115,1.906760334968567,4,0.75,
fixed,0,908,1.4393138885498047,0.0,0.013316611759364605,0.05999577045440674,1.4639708995819092,4,0.5,
fixed,0,909,2.833467483520508,0.016425689682364464,0.010646343231201172,0.10318267345428467,2.877958297729492,4,0.75,
fixed,0,910,1.7514469623565674,0.0,0.03531162440776825,0.2689814567565918,1.849797248840332,4,1.0,10.487948417663574
fixed,0,911,2.408681869506836,0.04574832320213318,0.008394952863454819,0.09079837799072266,2.4629929065704346,4,0.75,
fixed,0,912,1.5338772535324097,0.0,0.039841920137405396,0.030143141746520996,1.5628411769866943,4,0.5,
fixed,0,913,1.0536706447601318,0.0,0.014469574205577374,0.2563669681549072,1.1378154754638672,4,0.0,
fixed,0,914,1.5747864246368408,0.017501985654234886,0.046850115060806274,0.12535619735717773,1.6445693969726562,4,1.0,
fixed,0,915,1.5588213205337524,0.0,0.03671299293637276,0.13238954544067383,1.6168947219848633,4,0.25,7.27444314956665
fixed,0,916,1.6211491823196411,0.0,0.049594275653362274,0.09129798412322998,1.6733356714248657,4,0.5,
fixed,0,917,2.9995195865631104,0.00010041509085567668,0.02723577432334423,0.15500199794769287,3.0596883296966553,4,0.25,
fixed,0,918,2.0800323486328125,1.0036433195637073e-06,0.01876523718237877,0.13547444343566895,2.1300578117370605,4,0.25,
fixed,0,919,1.9357945919036865,0.0,0.046860598027706146,0.039882779121398926,1.9711897373199463,4,0.75,
fixed,0,920,1.7532156705856323,0.0,0.04043726995587349,0.051032304763793945,1.7887439727783203,4,0.75,9.892243385314941
fixed,0,921,1.9340234994888306,0.00047231378266587853,0.023644648492336273,0.023164749145507812,1.9530314207077026,4,0.5,
fixed,0,922,1.2416738271713257,0.0,0.034100987017154694,0.04206204414367676,1.2713429927825928,4,0.5,
fixed,0,923,1.8965848684310913,0.00014559678675141186,0.02007588930428028,0.030678272247314453,1.9158990383148193,4,0.5,
fixed,0,924,2.5605413913726807,0.02843850664794445,0.006590766366571188,0.04350924491882324,2.591108798980713,4,0.5,
fixed,0,925,1.9965242147445679,0.0,0.013624828308820724,0.05491077899932861,2.0198099613189697,4,0.5,4.340958118438721
fixed,0,926,0.9947345852851868,0.015959402546286583,0.004985341336578131,0.06589317321777344,1.0249749422073364,4,0.5,
fixed,0,927,0.8370838761329651,0.0,0.00032388343242928386,0.34050989151000977,0.9393987655639648,4,0.0,
fixed,0,928,1.133219838142395,8.754347618378233e-06,0.006146179512143135,0.0959177017211914,1.1650725603103638,4,0.25,
fixed,0,929,1.808242678642273,0.0,0.01568497158586979,0.18271636962890625,1.87090003490448,4,0.75,
fixed,0,930,2.099475145339966,0.0,0.005247266497462988,0.12809646129608154,2.1405277252197266,4,0.25,2.0509583950042725
fixed,0,931,1.3192254304885864,0.0,0.0076798079535365105,0.09023523330688477,1.3501359224319458,4,0.5,
fixed,0,932,2.2350103855133057,0.0,0.0006834665546193719,0.3594033718109131,2.343173027038574,4,0.0,
fixed,0,933,1.0662530660629272,0.0,0.00423616636544466,0.09626102447509766,1.0972495079040527,4,0.25,
fixed,0,934,1.8761500120162964,0.035592809319496155,0.004128487315028906,0.07876837253570557,1.919641137123108,4,0.5,
fixed,0,935,2.298211097717285,0.04154988005757332,0.008023562841117382,0.24582767486572266,2.3967461585998535,4,0.75,1.278236746788025
fixed,0,936,1.6981645822525024,0.0,0.0033153025433421135,0.07348215579986572,1.7218668460845947,4,0.25,
fixed,0,937,0.9997326731681824,0.0,0.010826618410646915,0.22694778442382812,1.073230266571045,4,0.75,
fixed,0,938,2.3520827293395996,0.030582981184124947,0.004765471443533897,0.06413030624389648,2.388996124267578,4,0.5,
fixed,0,939,1.6276650428771973,3.844555249088444e-05,0.00519908731803298,0.1007612943649292,1.6605122089385986,4,0.25,
fixed,0,940,2.0597262382507324,0.03258606418967247,0.005430141463875771,0.07199132442474365,2.1003317832946777,4,0.5,2.813852548599243
fixed,0,941,1.5685985088348389,0.0,0.005911776330322027,0.09257960319519043,1.5993282794952393,4,0.25,
fixed,0,942,2.2290537357330322,8.45216891320888e-06,0.008010471239686012,0.08235645294189453,2.25777006149292,4,0.25,
fixed,0,943,2.0401124954223633,0.026616748422384262,0.0002324842644156888,0.060291290283203125,2.071624517440796,4,0.25,
fixed,0,944,1.8132246732711792,0.0,0.012494323775172234,0.06780350208282471,1.8398128747940063,4,0.5,
fixed,0,945,1.82023024559021,0.0,0.009721257723867893,0.12833952903747559,1.8635927438735962,4,0.25,3.149790048599243
fixed,0,946,2.337900400161743,0.0,0.0228244848549366,0.1411139965057373,2.3916468620300293,4,0.5,
fixed,0,947,1.6213306188583374,1.368991661365726e-06,0.016189761459827423,0.05598461627960205,1.6462215185165405,4,0.5,
fixed,0,948,2.8934237957000732,0.0,0.007295350078493357,0.09678006172180176,2.926105499267578,4,0.25,
fixed,0,949,2.7097837924957275,0.038039129227399826,0.007055982947349548,0.1753932237625122,2.78494930267334,4,0.75,
fixed,0,950,1.7143340110778809,0.0,0.0245875995606184,0.13803470134735107,1.768038272857666,4,0.75,7.559160232543945
fixed,0,951,1.5420809984207153,0.0,0.01649940200150013,0.06465983390808105,1.5697286128997803,4,0.5,
fixed,0,952,1.1844028234481812,0.0,0.020869815722107887,0.04628252983093262,1.208722472190857,4,0.5,
fixed,0,953,2.2873406410217285,0.052377939224243164,0.008184962905943394,0.11804687976837158,2.3530361652374268,4,0.75,
fixed,0,954,2.4148244857788086,0.0,0.03845871984958649,0.057706594467163086,2.4513657093048096,4,0.5,
fixed,0,955,1.3226261138916016,0.0,0.03940372169017792,0.07267487049102783,1.3641304969787598,4,0.75,10.793363571166992
fixed,0,956,2.1630029678344727,0.0,0.020829465240240097,0.10165345668792725,2.203913688659668,4,0.25,
fixed,0,957,2.191094398498535,7.304065366042778e-05,0.02019590139389038,0.06327283382415771,2.2202107906341553,4,0.25,
fixed,0,958,1.327393651008606,0.0,0.02893046848475933,0.10766196250915527,1.374157428741455,4,0.75,
fixed,0,959,1.8140920400619507,0.0,0.0175150278955698,0.050417184829711914,1.8379746675491333,4,0.5,
fixed,0,960,1.5650837421417236,0.0,0.02780175767838955,0.1712125539779663,1.6303484439849854,4,0.75,8.192242622375488
fixed,0,961,2.460186243057251,0.0,0.009500198997557163,0.12582874298095703,2.502685070037842,4,0.25,
fixed,0,962,1.4005424976348877,0.050617679953575134,0.015434982255101204,0.3213179111480713,1.5299642086029053,4,1.0,
fixed,0,963,1.6475372314453125,0.02905513346195221,0.006919008679687977,0.07345056533813477,1.6875594854354858,4,0.5,
fixed,0,964,1.6337544918060303,0.0,0.021735869348049164,0.04541671276092529,1.658247470855713,4,0.5,
fixed,0,965,2.1539416313171387,0.0,0.027173038572072983,0.12295877933502197,2.204415798187256,4,0.75,8.3681058883667
fixed,0,966,2.062466859817505,0.0,0.011034654453396797,0.13970017433166504,2.109894275665283,4,0.25,
fixed,0,967,1.4026975631713867,0.02124485746026039,0.021561678498983383,0.11609518527984619,1.458929419517517,4,0.75,
fixed,0,968,1.3619256019592285,0.0,0.026710931211709976,0.12064337730407715,1.4114741086959839,4,0.75,
fixed,0,969,1.9142303466796875,0.0,0.0006191818392835557,0.3763366937637329,2.0274410247802734,4,0.0,
fixed,0,970,2.740989923477173,0.0,0.01099369116127491,0.04027354717254639,2.75856876373291,4,0.25,3.495555877685547
fixed,0,971,1.622562050819397,0.02271297201514244,0.01731383614242077,0.10627102851867676,1.6744567155838013,4,0.75,
fixed,0,972,0.6877226829528809,0.020176991820335388,0.018677376210689545,0.09860706329345703,0.736732006072998,4,0.75,
fixed,0,973,2.541591167449951,0.0,0.024078315123915672,0.04598867893218994,2.567426919937134,4,0.5,
fixed,0,974,1.9558194875717163,0.0,0.009910518303513527,0.05656635761260986,1.977744698524475,4,0.25,
fixed,0,975,1.9102587699890137,0.020810550078749657,0.02490049973130226,0.07618951797485352,1.955971121788025,4,0.75,2.3840842247009277
fixed,0,976,1.2800483703613281,0.01913546584546566,0.028449183329939842,0.2292090654373169,1.372603416442871,4,1.0,
fixed,0,977,1.7699315547943115,0.0393829271197319,0.011364630423486233,0.06554460525512695,1.8149687051773071,4,0.75,
fixed,0,978,1.0907450914382935,0.0,0.030444633215665817,0.09703361988067627,1.1350774765014648,4,0.75,
fixed,0,979,1.9400408267974854,0.0,0.02734912745654583,0.05263018608093262,1.969504475593567,4,0.5,
fixed,0,980,2.6601650714874268,0.0,0.001267575891688466,0.41036272048950195,2.783907651901245,4,0.0,1.811161994934082
fixed,0,981,1.4325999021530151,0.014500598423182964,0.03171457722783089,0.05386078357696533,1.4718657732009888,4,0.75,
fixed,0,982,1.8286539316177368,0.0,0.025455400347709656,0.06146240234375,1.8598203659057617,4,0.5,
fixed,0,983,1.5535778999328613,0.0,0.02527841553092003,0.04492366313934326,1.579694151878357,4,0.5,
fixed,0,984,1.7877715826034546,0.012961612083017826,0.03487103804945946,0.04671978950500488,1.8257038593292236,4,0.75,
fixed,0,985,1.5005407333374023,0.0,0.015187473967671394,0.0663905143737793,1.5280516147613525,4,0.25,4.054164409637451
fixed,0,986,1.713584065437317,0.0,0.04186170548200607,0.10224723815917969,1.7651890516281128,4,0.75,
fixed,0,987,2.105698585510254,0.0,0.013479078188538551,0.058830857276916504,2.130087375640869,4,0.25,
fixed,0,988,1.3424655199050903,0.0,0.05041087791323662,0.05270588397979736,1.3834826946258545,4,0.75,
fixed,0,989,1.9769623279571533,0.0,0.04096144065260887,0.06983065605163574,2.018392324447632,4,0.75,
fixed,0,990,2.1424782276153564,0.0,0.011471017263829708,0.1118016242980957,2.1817541122436523,4,0.25,3.3213462829589844
fixed,0,991,1.5451065301895142,0.0,0.027653515338897705,0.10129082202911377,1.5893205404281616,4,0.75,
fixed,0,992,1.9411081075668335,0.022144611924886703,0.017454907298088074,0.17433929443359375,2.013209581375122,4,0.75,
fixed,0,993,2.4619359970092773,0.0,0.007373846601694822,0.12829351425170898,2.5041110515594482,4,0.25,
fixed,0,994,1.1705048084259033,0.0,0.01697646640241146,0.06053352355957031,1.197153091430664,4,0.5,
fixed,0,995,1.5867141485214233,0.0,0.012139654718339443,0.09624624252319336,1.6216578483581543,4,0.25,2.986509084701538
fixed,0,996,1.5134390592575073,6.928810034878552e-05,0.012114002369344234,0.06066334247589111,1.5377297401428223,4,0.5,
fixed,0,997,2.0992379188537598,0.0,0.004656289704144001,0.12008953094482422,2.1375930309295654,4,0.25,
fixed,0,998,0.6868398785591125,0.0,0.008622909896075726,0.09984076023101807,0.7211035490036011,4,0.5,
fixed,0,999,2.171787738800049,0.030519410967826843,0.012855883687734604,0.46414148807525635,2.3327178955078125,4,1.0,
fixed,0,1000,1.7364708185195923,0.034866467118263245,0.0037946717347949743,0.09151744842529297,1.7832566499710083,4,0.5,3.044830322265625
fixed,0,1001,0.7068573236465454,0.03499121963977814,0.009818525984883308,0.21469366550445557,0.7936702966690063,4,0.75,
fixed,0,1002,2.4805920124053955,0.032491832971572876,0.005592625588178635,0.10239863395690918,2.5303537845611572,4,0.5,
fixed,0,1003,2.3085968494415283,0.026102788746356964,0.005831902846693993,0.07183122634887695,2.346113681793213,4,0.5,
fixed,0,1004,2.0854127407073975,0.0,0.013212096877396107,0.07330656051635742,2.114010810852051,4,0.5,
fixed,0,1005,2.4328556060791016,0.0,0.013373151421546936,0.050426483154296875,2.4546701908111572,4,0.25,4.13588809967041
fixed,0,1006,0.9254284501075745,0.0,0.022440196946263313,0.2323441505432129,1.0063518285751343,4,0.75,
fixed,0,1007,1.0120083093643188,0.0,0.03559542074799538,0.09093260765075684,1.0570857524871826,4,0.75,
fixed,0,1008,2.2044177055358887,0.0,0.020181763917207718,0.06502807140350342,2.2340168952941895,4,0.5,
fixed,0,1009,1.9172941446304321,0.0,0.016579290851950645,0.06518042087554932,1.9451379776000977,4,0.5,
fixed,0,1010,1.2405357360839844,0.0,0.03319385647773743,0.09118044376373291,1.2844867706298828,4,0.75,9.17784309387207
fixed,0,1011,2.3812878131866455,0.00031765655148774385,0.010283621959388256,0.0849449634552002,2.412071943283081,4,0.25,
fixed,0,1012,1.576317310333252,0.0,0.020078936591744423,0.03923821449279785,1.5981281995773315,4,0.5,
fixed,0,1013,1.234066367149353,0.0,0.017917394638061523,0.08404719829559326,1.2682392597198486,4,0.25,
fixed,0,1014,2.8822920322418213,6.557616143254563e-05,0.018099019303917885,0.03237295150756836,2.9010863304138184,4,0.5,
fixed,0,1015,1.5959582328796387,0.0,0.020855005830526352,0.04106450080871582,1.6187050342559814,4,0.5,5.919382095336914
fixed,0,1016,1.8025106191635132,3.942172043025494e-06,0.019772883504629135,0.04210519790649414,1.8250305652618408,4,0.5,
fixed,0,1017,0.8386054635047913,0.04804820567369461,0.010038974694907665,0.09599518775939941,0.8964475989341736,4,0.75,
fixed,0,1018,1.4263077974319458,0.0,0.01859341189265251,0.14402759075164795,1.47881281375885,4,0.75,
fixed,0,1019,1.1264514923095703,0.0,0.022604431957006454,0.03499555587768555,1.1482523679733276,4,0.5,
fixed,0,1020,1.230895757675171,0.0,0.018980056047439575,0.06720924377441406,1.2605485916137695,4,0.75,5.87453556060791
fixed,0,1021,0.8034999370574951,0.0,0.009067707695066929,0.1508486270904541,0.8532883524894714,4,0.25,
fixed,0,1022,1.6141082048416138,0.0,0.021741071715950966,0.13131284713745117,1.6643725633621216,4,0.75,
fixed,0,1023,1.854377269744873,0.0,0.001486719585955143,0.44532209634780884,1.9887173175811768,4,0.0,
fixed,0,1024,3.3930599689483643,0.0004087850684300065,0.014778868295252323,0.03375053405761719,3.4107789993286133,4,0.5,
fixed,0,1025,1.7100433111190796,0.0,0.012647935189306736,0.13003039360046387,1.7553763389587402,4,0.25,3.480252504348755
fixed,0,1026,2.622896194458008,0.001590013038367033,0.006487674545496702,0.04438924789428711,2.640251874923706,4,0.25,
fixed,0,1027,1.3314273357391357,0.0,0.006941724568605423,0.10425007343292236,1.366173267364502,4,0.25,
fixed,0,1028,2.1472482681274414,0.0,0.013775672763586044,0.04859113693237305,2.168713331222534,4,0.5,
fixed,0,1029,2.0584070682525635,0.0,0.010899242013692856,0.05672574043273926,2.080874443054199,4,0.5,
fixed,0,1030,1.4530915021896362,0.0,0.01256550569087267,0.18327510356903076,1.5143567323684692,4,0.75,4.468491554260254
fixed,0,1031,1.5279405117034912,0.0,0.012478357180953026,0.18904173374176025,1.5908921957015991,4,0.75,
fixed,0,1032,1.6902536153793335,0.0,0.010772941634058952,0.06214797496795654,1.7142844200134277,4,0.5,
fixed,0,1033,2.095733165740967,0.029270660132169724,0.005343896336853504,0.08762037754058838,2.139326572418213,4,0.5,
fixed,0,1034,1.9465363025665283,0.0,0.003932015039026737,0.17357873916625977,2.0005760192871094,4,0.0,
fixed,0,1035,1.2625941038131714,0.0,0.009544762782752514,0.07330584526062012,1.2893582582473755,4,0.5,3.3189151287078857
fixed,0,1036,1.5569031238555908,0.0,0.01558597106486559,0.2841883897781372,1.6499526500701904,4,0.75,
fixed,0,1037,2.030851364135742,0.0,0.009034545160830021,0.08724808692932129,2.0615429878234863,4,0.5,
fixed,0,1038,1.7228310108184814,0.0,0.013073870912194252,0.18410050868988037,1.7845981121063232,4,0.75,
fixed,0,1039,1.5540369749069214,0.0,0.009441031143069267,0.08217191696166992,1.583409070968628,4,0.5,
fixed,0,1040,1.5307085514068604,0.0,0.015120910480618477,0.4909684658050537,1.6855595111846924,4,1.0,5.508504867553711
fixed,0,1041,0.43274250626564026,0.0,0.014184057712554932,0.1771080493927002,0.4929669499397278,4,0.75,
fixed,0,1042,1.7656301259994507,0.06253282725811005,0.007079222705215216,0.15579867362976074,1.8471757173538208,4,0.75,
fixed,0,1043,1.589698076248169,0.05319319665431976,0.001628938945941627,0.08691143989562988,1.6431825160980225,4,0.5,
fixed,0,1044,1.0317448377609253,0.0,0.014157461933791637,0.08455097675323486,1.064188838005066,4,0.5,
fixed,0,1045,2.332291841506958,0.0,0.018654795363545418,0.09317672252655029,2.369572162628174,4,0.5,5.278172969818115
fixed,0,1046,1.7258368730545044,0.0,0.021564260125160217,0.07652294635772705,1.7595758438110352,4,0.5,
fixed,0,1047,0.9813085198402405,0.0,0.02399446815252304,0.0597991943359375,1.0112454891204834,4,0.5,
fixed,0,1048,1.5405423641204834,0.0,0.03470338135957718,0.06563425064086914,1.5775843858718872,4,0.75,
fixed,0,1049,3.2321698665618896,0.0,0.026442134752869606,0.06371104717254639,3.2645041942596436,4,0.5,
fixed,0,1050,3.199385166168213,0.0,0.029714154079556465,0.04954051971435547,3.229104518890381,4,0.5,6.610745429992676
fixed,0,1051,1.8773525953292847,0.0,0.03762646019458771,0.1376497745513916,1.9374607801437378,4,0.75,
fixed,0,1052,2.1752114295959473,0.0,0.045400816947221756,0.04297292232513428,2.210803747177124,4,0.75,
fixed,0,1053,0.7785942554473877,0.0,0.011457878164947033,0.16080808639526367,0.8325656056404114,4,0.25,
fixed,0,1054,1.3085036277770996,0.0,0.034625232219696045,0.05061459541320801,1.3410006761550903,4,0.75,
fixed,0,1055,2.053278684616089,0.0027121161110699177,0.018306929618120193,0.0243227481842041,2.071084976196289,4,0.5,4.379090785980225
fixed,0,1056,2.1285877227783203,0.0,0.018637236207723618,0.04121553897857666,2.150270938873291,4,0.5,
fixed,0,1057,1.4997868537902832,0.01844242587685585,0.013737788423895836,0.08864736557006836,1.542471170425415,4,0.75,
fixed,0,1058,1.7389096021652222,0.0,0.013852289877831936,0.06246936321258545,1.7645765542984009,4,0.5,
fixed,0,1059,2.0825295448303223,0.0,0.007625092752277851,0.1343080997467041,2.1266345977783203,4,0.25,
fixed,0,1060,1.9304488897323608,0.030026733875274658,0.015142610296607018,0.12346112728118896,1.9900718927383423,4,0.75,0.8753419518470764
fixed,0,1061,1.9357141256332397,0.028827115893363953,0.012673732824623585,0.13440477848052979,1.9967859983444214,4,0.75,
fixed,0,1062,1.3503985404968262,0.0,0.018726205453276634,0.130234956741333,1.398832082748413,4,0.75,
fixed,0,1063,1.680706262588501,0.0,0.016845393925905228,0.04666018486022949,1.7031270265579224,4,0.5,
fixed,0,1064,2.5795795917510986,0.025692513212561607,0.011166486889123917,0.14471924304962158,2.6414248943328857,4,0.75,
fixed,0,1065,1.4785475730895996,0.0,0.017991280183196068,0.1359318494796753,1.5283228158950806,4,0.75,5.498700141906738
fixed,0,1066,1.1579869985580444,0.0,0.01883503794670105,0.06317102909088135,1.1863558292388916,4,0.5,
fixed,0,1067,1.7908915281295776,0.0,0.0072943102568387985,0.14253449440002441,1.8372989892959595,4,0.25,
fixed,0,1068,1.6095718145370483,0.025531886145472527,0.009143484756350517,0.04947185516357422,1.6417510509490967,4,0.5,
fixed,0,1069,2.1407108306884766,0.0,0.010188763029873371,0.1441478729248047,2.189049482345581,4,0.25,
fixed,0,1070,1.494338870048523,0.057129353284835815,0.009030140936374664,0.11553609371185303,1.5620794296264648,4,0.75,5.883998870849609
fixed,0,1071,1.1276829242706299,0.021109553053975105,0.020781252533197403,0.07126069068908691,1.170006513595581,4,0.75,
fixed,0,1072,1.4893834590911865,0.0,0.012423924170434475,0.06284332275390625,1.5144484043121338,4,0.25,
fixed,0,1073,2.726041555404663,0.0,0.016554735600948334,0.05390357971191406,2.7504899501800537,4,0.5,
fixed,0,1074,1.9492337703704834,0.0,0.021273905411362648,0.04109930992126465,1.9722005128860474,4,0.5,
fixed,0,1075,1.757574439048767,0.0,0.0016993426252156496,0.43980109691619873,1.890364408493042,4,0.0,2.1850953102111816
fixed,0,1076,2.33660888671875,0.0,0.0401342548429966,0.221657395362854,2.423173189163208,4,1.0,
fixed,0,1077,1.3141952753067017,0.0,0.018218761309981346,0.05050647258758545,1.338456630706787,4,0.5,
fixed,0,1078,2.599055290222168,0.0,0.019964031875133514,0.031215667724609375,2.6184020042419434,4,0.5,
fixed,0,1079,1.3895273208618164,0.0,0.017027851194143295,0.06506514549255371,1.4175608158111572,4,0.5,
fixed,0,1080,2.3194046020507812,0.0,0.0007542633102275431,0.3408346176147461,2.422032117843628,4,0.0,1.4887593984603882
fixed,0,1081,2.657212972640991,0.0,0.018910078331828117,0.03144383430480957,2.6761012077331543,4,0.5,
fixed,0,1082,1.7271097898483276,0.0,0.021008392795920372,0.08824777603149414,1.7640882730484009,4,0.25,
fixed,0,1083,1.9880571365356445,6.83553735143505e-05,0.01666893996298313,0.07934260368347168,2.020228624343872,4,0.5,
fixed,0,1084,1.1521952152252197,0.0,0.006811629980802536,0.08633577823638916,1.1815017461776733,4,0.25,
fixed,0,1085,1.612797498703003,0.0,0.022333696484565735,0.12945044040679932,1.6627994775772095,4,0.75,6.734793186187744
fixed,0,1086,2.092280387878418,0.0,0.01540360227227211,0.06641387939453125,2.119906425476074,4,0.5,
fixed,0,1087,1.5407673120498657,0.0,0.026606731116771698,0.3558841943740845,1.6608359813690186,4,1.0,
fixed,0,1088,2.198988676071167,0.0,0.0009565504733473063,0.37515950202941895,2.3120148181915283,4,0.0,
fixed,0,1089,1.1215049028396606,0.021827947348356247,0.004892291035503149,0.06256413459777832,1.1536343097686768,4,0.5,
fixed,0,1090,0.8495168089866638,0.0,0.017176203429698944,0.16514551639556885,0.9076485633850098,4,0.75,5.699110507965088
fixed,0,1091,1.3480310440063477,0.0,0.008069935254752636,0.11809682846069336,1.3874950408935547,4,0.25,
fixed,0,1092,1.3479230403900146,0.0,0.012133289128541946,0.07353091239929199,1.3760489225387573,4,0.5,
fixed,0,1093,2.0669634342193604,0.0,0.0005052718333899975,0.3276336193084717,2.16550612449646,4,0.0,
fixed,0,1094,2.0827550888061523,0.0,0.014742784202098846,0.054776906967163086,2.1065595149993896,4,0.5,
fixed,0,1095,1.6259806156158447,0.0,0.02178187482059002,0.14512431621551514,1.6804088354110718,4,0.75,6.995480537414551
fixed,0,1096,1.3187226057052612,8.562867878936231e-05,0.00662854453548789,0.0648190975189209,1.3415254354476929,4,0.25,
fixed,0,1097,1.530020833015442,0.05387037619948387,0.00604232819750905,0.16898047924041748,1.6106712818145752,4,0.75,
fixed,0,1098,1.468230128288269,0.0,0.021162506192922592,0.13673186302185059,1.5198309421539307,4,0.75,
fixed,0,1099,2.16739821434021,0.0,0.02638925053179264,0.12747669219970703,2.2188358306884766,4,0.75,
fixed,0,1100,1.4210866689682007,0.0,0.028106050565838814,0.045616865158081055,1.4488247632980347,4,0.5,7.01905632019043
fixed,0,1101,2.250145435333252,0.0,0.023256324231624603,0.10997343063354492,2.2947657108306885,4,0.75,
fixed,0,1102,2.3744122982025146,0.02436603233218193,0.0053436243906617165,0.06341922283172607,2.4082930088043213,4,0.5,
fixed,0,1103,1.5191048383712769,0.0,0.014478625729680061,0.058029890060424805,1.5437531471252441,4,0.5,
fixed,0,1104,1.0426154136657715,0.0,0.012562315911054611,0.08737027645111084,1.0751076936721802,4,0.5,
fixed,0,1105,1.0325144529342651,0.0,0.02661234140396118,0.36047863960266113,1.1539642810821533,4,1.0,8.811867713928223
fixed,0,1106,2.021850824356079,0.0,0.0018073961837217212,0.2885596752166748,2.1093225479125977,4,0.0,
fixed,0,1107,1.115045189857483,0.0,0.015609731897711754,0.08292031288146973,1.1477261781692505,4,0.5,
fixed,0,1108,1.3309478759765625,0.0,0.014295070432126522,0.0845329761505127,1.3634552955627441,4,0.5,
fixed,0,1109,2.521665573120117,0.0,0.010590828955173492,0.14119911193847656,2.5693206787109375,4,0.25,
fixed,0,1110,1.0320051908493042,0.0,0.008706385269761086,0.0455625057220459,1.0500271320343018,4,0.25,3.215498685836792
fixed,0,1111,2.8454298973083496,0.0,0.01312579121440649,0.08204543590545654,2.8766064643859863,4,0.25,
fixed,0,1112,2.2241716384887695,0.0,0.01904846355319023,0.05344843864440918,2.249730348587036,4,0.5,
fixed,0,1113,1.5496289730072021,0.0,0.014508663676679134,0.06031489372253418,1.5749777555465698,4,0.5,
fixed,0,1114,2.067688465118408,0.0,0.017536768689751625,0.15548253059387207,2.1231017112731934,4,0.75,
fixed,0,1115,1.9663010835647583,0.0,0.00978183001279831,0.0554499626159668,1.987826943397522,4,0.25,2.9242160320281982
fixed,0,1116,1.622761607170105,0.030181020498275757,0.012526066973805428,0.06663262844085693,1.66410493850708,4,0.5,
fixed,0,1117,1.1088083982467651,0.0,0.006072507705539465,0.12691831588745117,1.149920105934143,4,0.25,
fixed,0,1118,1.4645922183990479,0.0,0.02359706163406372,0.3936488628387451,1.5944854021072388,4,1.0,
fixed,0,1119,1.4680349826812744,0.0,0.011432545259594917,0.06945359706878662,1.4945873022079468,4,0.5,
fixed,0,1120,1.253481388092041,0.0,0.006860937457531691,0.0898444652557373,1.283865213394165,4,0.25,2.3876399993896484
fixed,0,1121,2.370326042175293,0.0,0.002542788628488779,0.20408785343170166,2.432823896408081,4,0.0,
fixed,0,1122,1.0094213485717773,0.0,0.005688093602657318,0.10385620594024658,1.0434222221374512,4,0.25,
fixed,0,1123,1.9482272863388062,0.0,0.019952211529016495,0.4256489872932434,2.0858981609344482,4,1.0,
fixed,0,1124,1.3391335010528564,0.0,0.016795434057712555,0.17151904106140137,1.3989869356155396,4,0.75,
fixed,0,1125,1.5367048978805542,0.02804645523428917,0.005318770185112953,0.0558619499206543,1.570146083831787,4,0.5,2.452910900115967
fixed,0,1126,3.3338441848754883,0.0,0.013461573049426079,0.05407881736755371,3.3567986488342285,4,0.5,
fixed,0,1127,1.570914626121521,0.0,0.026862705126404762,0.35607218742370605,1.6911675930023193,4,1.0,
fixed,0,1128,2.0502405166625977,0.0030132653191685677,0.0056331162340939045,0.045105934143066406,2.0680954456329346,4,0.25,
fixed,0,1129,0.8214772343635559,0.0,0.0069440980441868305,0.09031033515930176,0.8520423769950867,4,0.25,
fixed,0,1130,1.6657662391662598,0.0025599882937967777,0.01582369953393936,0.11579656600952148,1.7096970081329346,4,0.5,3.7516493797302246
fixed,0,1131,2.7200212478637695,0.000761937175411731,0.02499508298933506,0.13426434993743896,2.773179054260254,4,0.75,
fixed,0,1132,2.0108554363250732,0.00030303842504508793,0.022481270134449005,0.04053223133087158,2.034407377243042,4,0.5,
fixed,0,1133,2.2071683406829834,0.02115730568766594,0.01609433814883232,0.19579970836639404,2.284533977508545,4,0.75,
fixed,0,1134,1.6032353639602661,0.0,0.0016063107177615166,0.17687809467315674,1.6571019887924194,4,0.0,
fixed,0,1135,1.9407052993774414,2.2660694298792805e-07,0.011199528351426125,0.09919416904449463,1.9760634899139404,4,0.25,2.7883293628692627
fixed,0,1136,1.0593700408935547,0.0,0.010475461371243,0.12697982788085938,1.1027016639709473,4,0.25,
fixed,0,1137,1.5247858762741089,0.021695738658308983,0.029158001765608788,0.06497418880462646,1.5697050094604492,4,0.75,
fixed,0,1138,1.5400292873382568,0.0,0.00033511186484247446,0.35774314403533936,1.647519826889038,4,0.0,
fixed,0,1139,1.8951117992401123,5.3365802159532905e-05,0.04691341519355774,0.047777414321899414,1.932928442955017,4,0.75,
fixed,0,1140,1.1464519500732422,8.028282927341479e-09,0.017031468451023102,0.06090867519378662,1.173240303993225,4,0.25,4.064519882202148
fixed,0,1141,2.550842761993408,4.696332780440571e-07,0.027273986488580704,0.03551673889160156,2.5751349925994873,4,0.5,
fixed,0,1142,1.6896837949752808,0.015316552482545376,0.02236172743141651,0.06128573417663574,1.7269086837768555,4,0.75,
fixed,0,1143,1.907347559928894,3.315105459478218e-06,0.021677028387784958,0.03623485565185547,1.9290581941604614,4,0.5,
fixed,0,1144,1.8323556184768677,0.00023088230227585882,0.00980372168123722,0.06452107429504395,1.85672926902771,4,0.25,
fixed,0,1145,1.5828341245651245,0.0,0.034606751054525375,0.08295083045959473,1.6250227689743042,4,0.75,9.166545867919922
fixed,0,1146,1.5828273296356201,7.307603664230555e-05,0.01578555628657341,0.04480767250061035,1.604198932647705,4,0.5,
fixed,0,1147,1.8422701358795166,0.0,0.0008038150263018906,0.1455237865447998,1.886329174041748,4,0.0,
fixed,0,1148,1.867915153503418,0.0,0.03142359107732773,0.30936121940612793,1.9764353036880493,4,1.0,
fixed,0,1149,0.9822933077812195,6.852844762761379e-07,0.02621617168188095,0.10499227046966553,1.0268994569778442,4,0.75,
fixed,0,1150,1.6043754816055298,0.0,0.0101780341938138,0.04826939105987549,1.6239453554153442,4,0.5,2.9864041805267334
fixed,0,1151,0.9715709686279297,4.517411070992239e-05,0.0128525011241436,0.09524869918823242,1.0065944194793701,4,0.75,
fixed,0,1152,1.585284948348999,0.0,0.017868248745799065,0.16199684143066406,1.6428180932998657,4,0.75,
fixed,0,1153,2.35827898979187,0.0002507416356820613,0.01205957680940628,0.061896324157714844,2.383002996444702,4,0.5,
fixed,0,1154,1.3911192417144775,0.0,0.01540761161595583,0.07933402061462402,1.4226232767105103,4,0.5,
fixed,0,1155,0.7614992260932922,0.0,0.01540163904428482,0.062387943267822266,0.7879164218902588,4,0.5,4.432892322540283
fixed,0,1156,2.058716297149658,8.489205072237382e-08,0.01196911372244358,0.06901335716247559,2.085404872894287,4,0.5,
fixed,0,1157,1.6169404983520508,0.0,0.006855049170553684,0.159995436668396,1.6683666706085205,4,0.25,
fixed,0,1158,1.2783750295639038,0.0,0.014366053976118565,0.061057448387145996,1.3038753271102905,4,0.5,
fixed,0,1159,1.3396825790405273,0.0,0.0008156588301062584,0.4280969500541687,1.4685194492340088,4,0.0,
fixed,0,1160,1.1979029178619385,0.0,0.02612217515707016,0.3492743968963623,1.3157463073730469,4,1.0,8.538732528686523
fixed,0,1161,1.7163269519805908,0.0,0.004176047630608082,0.25144028663635254,1.7938470840454102,4,0.0,
fixed,0,1162,2.232909679412842,0.030769819393754005,0.012587493285536766,0.14810872077941895,2.299021005630493,4,0.75,
fixed,0,1163,1.598800539970398,0.029977571219205856,0.011233788914978504,0.25456106662750244,1.6957745552062988,4,0.75,
fixed,0,1164,1.685191035270691,0.0,0.013961037620902061,0.0754082202911377,1.7147940397262573,4,0.5,
fixed,0,1165,1.2321734428405762,0.0,0.006312829442322254,0.08040106296539307,1.2594501972198486,4,0.25,2.3413939476013184
fixed,0,1166,2.063185214996338,0.0,0.016402261331677437,0.031731367111206055,2.0809056758880615,4,0.5,
fixed,0,1167,2.3121562004089355,0.0,0.021429792046546936,0.11992645263671875,2.358849048614502,4,0.75,
fixed,0,1168,0.6462162137031555,0.0,0.020798247307538986,0.2462242841720581,0.7304826378822327,4,0.75,
fixed,0,1169,2.0190234184265137,0.023738224059343338,0.02860862948000431,0.2560306787490845,2.1220059394836426,4,1.0,
fixed,0,1170,2.124258041381836,0.0,0.0009972318075597286,0.08671116828918457,2.1507699489593506,4,0.25,1.3616660833358765
fixed,0,1171,2.1914587020874023,0.0,0.007874743081629276,0.07560563087463379,2.2180776596069336,4,0.25,
fixed,0,1172,1.8648526668548584,0.0,0.0185178704559803,0.05394244194030762,1.8902943134307861,4,0.5,
fixed,0,1173,1.26920747756958,0.0,0.020922454074025154,0.03531074523925781,1.29026198387146,4,0.5,
fixed,0,1174,2.2430858612060547,0.0,0.012335686944425106,0.02772819995880127,2.2575721740722656,4,0.25,
fixed,0,1175,2.235553503036499,0.0,0.0011507888557389379,0.3439829349517822,2.3393237590789795,4,0.0,1.6824644804000854
fixed,0,1176,2.5286078453063965,0.0,0.015574769116938114,0.054270386695861816,2.5526764392852783,4,0.5,
fixed,0,1177,1.3406236171722412,0.0,0.020106051117181778,0.05258047580718994,1.3664507865905762,4,0.5,
fixed,0,1178,2.3615221977233887,4.387210083223181e-06,0.008626620285212994,0.08385109901428223,2.390993118286133,4,0.25,
fixed,0,1179,1.9271821975708008,0.0,0.02657410129904747,0.0571366548538208,1.9576102495193481,4,0.5,
fixed,0,1180,1.6803637742996216,0.0,0.017736714333295822,0.15316224098205566,1.7351808547973633,4,0.75,6.180851459503174
fixed,0,1181,0.8660764694213867,0.0,0.02061312086880207,0.13385772705078125,0.9165403246879578,4,0.75,
fixed,0,1182,1.6900910139083862,0.0,0.010187371633946896,0.05358695983886719,1.7112607955932617,4,0.25,
fixed,0,1183,1.4072767496109009,0.0,0.010609268210828304,0.07564091682434082,1.4352736473083496,4,0.5,
fixed,0,1184,2.083406925201416,9.848093759501353e-05,0.004827299155294895,0.05083632469177246,2.101120710372925,4,0.5,
fixed,0,1185,2.315704345703125,0.0,6.193316949065775e-05,0.35399389266967773,2.42193341255188,4,0.0,0.2820442020893097
fixed,0,1186,1.7848180532455444,0.0,0.021294601261615753,0.4145336151123047,1.9198254346847534,4,1.0,
fixed,0,1187,1.3439446687698364,0.0,0.013391943648457527,0.20155072212219238,1.4111058712005615,4,0.75,
fixed,0,1188,2.5134997367858887,0.0,0.012173192575573921,0.19962537288665771,2.5794739723205566,4,0.75,
fixed,0,1189,2.204483985900879,0.03305835649371147,0.002962638856843114,0.07174491882324219,2.244018077850342,4,0.5,
fixed,0,1190,1.4302663803100586,0.0,0.016716182231903076,0.1533886194229126,1.4846410751342773,4,0.75,5.74701452255249
fixed,0,1191,1.2051362991333008,0.0,0.012210950255393982,0.060004472732543945,1.2292431592941284,4,0.5,
fixed,0,1192,1.377585530281067,0.0,0.01870994083583355,0.41149240732192993,1.5103882551193237,4,1.0,
fixed,0,1193,1.9397938251495361,0.03244173899292946,0.000263583759078756,0.10884344577789307,1.9887995719909668,4,0.25,
fixed,0,1194,1.0202175378799438,0.021368348971009254,0.01980787329375744,0.2973346710205078,1.1300060749053955,4,1.0,
fixed,0,1195,1.6149570941925049,0.0,0.021549958735704422,0.11358642578125,1.6598080396652222,4,0.75,6.7771525382995605
fixed,0,1196,1.7687227725982666,0.018955444917082787,0.026927657425403595,0.24115240573883057,1.8640100955963135,4,1.0,
fixed,0,1197,2.108407735824585,0.0,0.02754872851073742,0.04428505897521973,2.135467529296875,4,0.5,
fixed,0,1198,2.218557834625244,0.0,0.026188522577285767,0.03795886039733887,2.243039846420288,4,0.5,
fixed,0,1199,1.6336830854415894,0.01822565123438835,0.03761788830161095,0.03070235252380371,1.6708155870437622,4,0.75,
fixed,0,1200,1.307380199432373,0.0,0.060752592980861664,0.02008378505706787,1.343781590461731,4,0.75,12.743559837341309
fixed,0,1201,2.454049825668335,0.008883758448064327,0.020365647971630096,0.06377196311950684,2.4878060817718506,4,0.25,
fixed,0,1202,1.3079463243484497,0.010073710232973099,0.011890368536114693,0.06569790840148926,1.3386377096176147,4,0.5,
fixed,0,1203,1.3472031354904175,0.0,0.0476992130279541,0.04738569259643555,1.3852684497833252,3,0.75,
fixed,0,1204,2.137875556945801,0.0,0.05167332664132118,0.04926586151123047,2.1784920692443848,4,0.75,
fixed,0,1205,2.1631054878234863,0.0,0.03434409573674202,0.022771358489990234,2.1871089935302734,4,0.5,7.8336501121521
fixed,0,1206,3.050591468811035,0.012111237272620201,0.013952781446278095,0.07715773582458496,3.08677077293396,4,0.5,
fixed,0,1207,1.3472739458084106,0.0,0.014273752458393574,0.17707347869873047,1.4075329303741455,4,0.25,
fixed,0,1208,1.9976820945739746,0.017425818368792534,0.02681623585522175,0.061188578605651855,2.0381596088409424,4,0.75,
fixed,0,1209,1.7986464500427246,0.015569549985229969,0.0002961800782941282,0.13484954833984375,1.847034215927124,4,0.25,
fixed,0,1210,1.2255103588104248,0.0,0.03622613847255707,0.2689847946166992,1.3243188858032227,4,1.0,10.532936096191406
fixed,0,1211,1.883259892463684,0.0,0.010052595287561417,0.14623641967773438,1.9321571588516235,4,0.25,
fixed,0,1212,2.2493510246276855,0.0031864691991358995,0.01196226291358471,0.06987357139587402,2.2778873443603516,4,0.25,
fixed,0,1213,1.9678187370300293,0.024442579597234726,0.009328439831733704,0.050885677337646484,1.9999699592590332,4,0.5,
fixed,0,1214,0.7205662131309509,0.023345952853560448,0.019071687012910843,0.09267151355743408,0.7695764899253845,4,0.75,
fixed,0,1215,2.121494770050049,7.605002610944211e-05,0.018468566238880157,0.03241896629333496,2.1404926776885986,4,0.5,5.008525371551514
fixed,0,1216,1.833583950996399,0.0,0.027629535645246506,0.19876742362976074,1.9070289134979248,4,0.75,
fixed,0,1217,0.8297480344772339,0.018428878858685493,0.014138583093881607,0.20545315742492676,0.9076676964759827,4,0.75,
fixed,0,1218,2.1349217891693115,0.0,0.019789647310972214,0.04999256134033203,2.1598143577575684,4,0.5,
fixed,0,1219,2.918087959289551,0.0240731593221426,0.0030973521061241627,0.03634321689605713,2.9425761699676514,4,0.25,
fixed,0,1220,2.049557685852051,0.022289691492915154,0.018296802416443825,0.11022412776947021,2.1029181480407715,4,0.75,1.1630041599273682
fixed,0,1221,1.9521501064300537,0.017202312126755714,0.02877655252814293,0.23575544357299805,2.0458662509918213,4,1.0,
fixed,0,1222,1.1895012855529785,0.018113674595952034,0.02334633469581604,0.09121990203857422,1.2375972270965576,4,0.75,
fixed,0,1223,1.5710911750793457,0.0,0.025844991207122803,0.07270050048828125,1.6058238744735718,4,0.5,
fixed,0,1224,1.9194034337997437,0.0,0.03592836111783981,0.0739741325378418,1.9595597982406616,4,0.5,
fixed,0,1225,2.4193882942199707,0.0,0.015381207689642906,0.16846084594726562,2.4776172637939453,4,0.25,3.973329782485962
fixed,0,1226,2.6805012226104736,0.0,0.00922638364136219,0.14000093936920166,2.727114677429199,4,0.25,
fixed,0,1227,1.8525104522705078,0.0,0.03780046105384827,0.07208752632141113,1.893036961555481,4,0.5,
fixed,0,1228,2.4383392333984375,0.020062947645783424,0.010978530161082745,0.05233478546142578,2.469560384750366,4,0.5,
fixed,0,1229,1.466694712638855,0.002728184685111046,0.009786929935216904,0.052535057067871094,1.4887127876281738,4,0.25,
fixed,0,1230,1.8767386674880981,0.0,0.02092246524989605,0.06162714958190918,1.9056880474090576,4,0.5,5.525169372558594
fixed,0,1231,1.552241325378418,0.0,0.019519396126270294,0.058774471282958984,1.579633355140686,4,0.5,
fixed,0,1232,1.5735654830932617,3.264757469878532e-05,0.010613486170768738,0.0965951681137085,1.6078671216964722,4,0.25,
fixed,0,1233,2.2214200496673584,1.8307362552150153e-05,0.02509799413383007,0.07501780986785889,2.256483554840088,3,0.5,
fixed,0,1234,1.8019001483917236,0.0,0.023241594433784485,0.12861251831054688,1.852104663848877,4,0.75,
fixed,0,1235,1.5202354192733765,0.021917684003710747,0.006762863602489233,0.05480396747589111,1.551016926765442,4,0.5,1.9627147912979126
fixed,0,1236,2.830547571182251,0.006299332249909639,0.005429144017398357,0.024768829345703125,2.8438425064086914,4,0.25,
fixed,0,1237,1.4984240531921387,0.02342250943183899,0.006445097271353006,0.053354501724243164,1.5293642282485962,4,0.5,
fixed,0,1238,2.1674606800079346,0.00010221430420642719,0.006803356111049652,0.06823408603668213,2.1913836002349854,4,0.25,
fixed,0,1239,1.7025244235992432,0.024701153859496117,0.005611297208815813,0.05823099613189697,1.7351499795913696,4,0.5,
fixed,0,1240,1.6322541236877441,0.030468741431832314,0.01370295975357294,0.16451692581176758,1.7036950588226318,4,0.75,0.39905521273612976
fixed,0,1241,1.689983606338501,4.792903496309009e-07,0.008929631672799587,0.09296107292175293,1.722337007522583,4,0.25,
fixed,0,1242,2.0686705112457275,0.0,0.006047286558896303,0.09701752662658691,2.100799322128296,4,0.25,
fixed,0,1243,1.7772626876831055,0.0,0.0005722314235754311,0.18515145778656006,1.8330942392349243,4,0.0,
fixed,0,1244,1.327056646347046,0.0,0.022401560097932816,0.15297651290893555,1.3841503858566284,4,0.75,
fixed,0,1245,2.500304937362671,0.033743418753147125,0.012371969409286976,0.1863422393798828,2.5792653560638428,4,0.75,0.6847559213638306
fixed,0,1246,1.1780503988265991,0.0,0.02525874599814415,0.35974621772766113,1.2986036539077759,4,1.0,
fixed,0,1247,1.7584525346755981,0.025299489498138428,0.012504853308200836,0.16196763515472412,1.8259450197219849,4,0.75,
fixed,0,1248,1.7032783031463623,0.0008509623003192246,0.0003581086057238281,0.26077258586883545,1.7821146249771118,4,0.0,
fixed,0,1249,1.3352415561676025,0.0,0.008340252563357353,0.1045680046081543,1.3707821369171143,4,0.25,
fixed,0,1250,1.6569854021072388,0.01910468190908432,0.015527425333857536,0.038752198219299316,1.685927152633667,4,0.5,0.6893796324729919
fixed,0,1251,1.5011329650878906,0.0,0.023052679374814034,0.054663658142089844,1.5290584564208984,4,0.5,
fixed,0,1252,1.3135621547698975,0.0,0.010445395484566689,0.11825168132781982,1.3542603254318237,4,0.25,
fixed,0,1253,1.8230257034301758,0.021812204271554947,0.017127374187111855,0.18835389614105225,1.8990017175674438,4,0.75,
fixed,0,1254,1.786782145500183,0.0,0.03815813362598419,0.08600521087646484,1.8316627740859985,4,0.75,
fixed,0,1255,1.356920599937439,0.023636048659682274,0.00033954466925933957,0.10318684577941895,1.3998644351959229,4,0.25,3.701586961746216
fixed,0,1256,2.2891647815704346,0.00011800360516645014,0.018314646556973457,0.04039907455444336,2.3105008602142334,4,0.5,
fixed,0,1257,2.2985198497772217,0.0,0.037562187761068344,0.08457398414611816,2.3426730632781982,4,0.75,
fixed,0,1258,1.2611004114151,0.0,0.011164354160428047,0.10331881046295166,1.2976782321929932,4,0.25,
fixed,0,1259,1.7195945978164673,0.0,0.02366291545331478,0.04515266418457031,1.7449718713760376,4,0.5,
fixed,0,1260,1.3851639032363892,0.0,0.037050291895866394,0.08476400375366211,1.429118275642395,4,0.75,9.072425842285156
fixed,0,1261,1.0386499166488647,1.791932731975976e-06,0.024645481258630753,0.12015044689178467,1.0870187282562256,4,0.75,
fixed,0,1262,1.8774093389511108,0.02731131762266159,0.010947206988930702,0.05039834976196289,1.9116580486297607,4,0.5,
fixed,0,1263,2.2419724464416504,0.01716744713485241,0.009734809398651123,0.05626046657562256,2.27230167388916,4,0.5,
fixed,0,1264,1.9321515560150146,0.0,0.026744510978460312,0.10981643199920654,1.9784687757492065,4,0.75,
fixed,0,1265,2.3585023880004883,0.0,0.00906283687800169,0.09545314311981201,2.391669750213623,4,0.25,2.381864070892334
fixed,0,1266,2.1578495502471924,0.01860029809176922,0.02028777450323105,0.09558558464050293,2.2059693336486816,4,0.75,
fixed,0,1267,2.1252386569976807,0.0,0.027964744716882706,0.10517454147338867,2.170773506164551,4,0.75,
fixed,0,1268,1.1443349123001099,0.0,0.03747543692588806,0.26144635677337646,1.241506576538086,4,1.0,
fixed,0,1269,1.9505120515823364,0.018167918547987938,0.01120876893401146,0.04585409164428711,1.9789565801620483,4,0.5,
fixed,0,1270,2.563197612762451,0.0379747673869133,0.015777025371789932,0.2347956895828247,2.6605122089385986,4,1.0,3.4032511711120605
fixed,0,1271,1.9441821575164795,0.0,0.024874286726117134,0.0586472749710083,1.9742134809494019,4,0.5,
fixed,0,1272,1.541556477546692,0.0,0.030031058937311172,0.09215140342712402,1.5842174291610718,4,0.75,
fixed,0,1273,1.4529682397842407,0.0,0.021890433505177498,0.06421303749084473,1.4831774234771729,4,0.5,
fixed,0,1274,1.6574300527572632,0.0,0.038712844252586365,0.0724329948425293,1.6985163688659668,4,0.75,
fixed,0,1275,2.2450153827667236,0.011245518922805786,0.017038673162460327,0.07149338722229004,2.2806055545806885,4,0.5,1.5807043313980103
fixed,0,1276,1.5743157863616943,0.0,0.013137810863554478,0.08049321174621582,1.6050326824188232,4,0.25,
fixed,0,1277,1.5818814039230347,0.0,0.04535327106714249,0.06130695343017578,1.6229500770568848,4,0.75,
fixed,0,1278,1.700274109840393,0.0,0.028362778946757317,0.07119357585906982,1.7358136177062988,4,0.5,
fixed,0,1279,1.209902286529541,0.03841925039887428,0.00999080203473568,0.08225834369659424,1.2587847709655762,4,0.75,
fixed,0,1280,2.038309097290039,0.0,0.02254663035273552,0.0544130802154541,2.065906286239624,4,0.5,5.833471298217773
fixed,0,1281,2.4502995014190674,0.0,0.025602232664823532,0.043097853660583496,2.476029872894287,4,0.5,
fixed,0,1282,1.9638288021087646,0.0,0.02828754484653473,0.07366573810577393,2.0000722408294678,4,0.5,
fixed,0,1283,2.100025177001953,0.0,0.029295600950717926,0.07666158676147461,2.13767147064209,4,0.5,
fixed,0,1284,2.220163583755493,0.01988743245601654,0.000692488276399672,0.14641249179840088,2.2743773460388184,4,0.25,
fixed,0,1285,2.0134925842285156,0.019586605951189995,0.00882253423333168,0.05446338653564453,2.0440361499786377,4,0.5,1.6205641031265259
fixed,0,1286,2.491539478302002,1.4320919206056715e-07,0.0005713255377486348,0.33462095260620117,2.5922114849090576,4,0.0,
fixed,0,1287,1.586286187171936,0.0,0.0009866590844467282,0.3817187547683716,1.7012951374053955,3,0.25,
fixed,0,1288,1.721236228942871,0.020434150472283363,0.02192806452512741,0.07638895511627197,1.7653340101242065,4,0.75,
fixed,0,1289,0.7582827210426331,0.0,0.022374972701072693,0.2353365421295166,0.8400712013244629,4,0.75,
fixed,0,1290,1.5832680463790894,0.02240883745253086,0.006947990972548723,0.02515721321105957,1.6054936647415161,4,0.5,2.0436768531799316
fixed,0,1291,2.252835273742676,0.0,0.009672041982412338,0.036653995513916016,2.268667459487915,4,0.5,
fixed,0,1292,2.0965116024017334,0.032122448086738586,0.021113848313689232,0.3401174545288086,2.2251648902893066,4,1.0,
fixed,0,1293,1.1553335189819336,0.0,0.02156553789973259,0.1105356216430664,1.1992769241333008,4,0.75,
fixed,0,1294,1.150153636932373,0.0,0.034821879118680954,0.26618504524230957,1.247420072555542,4,1.0,
fixed,0,1295,1.8533177375793457,0.02330748178064823,0.01547319907695055,0.09980905055999756,1.9026508331298828,4,0.75,0.5577021241188049
fixed,0,1296,1.5829452276229858,0.023572834208607674,7.197753438958898e-05,0.05639183521270752,1.6116851568222046,4,0.25,
fixed,0,1297,1.4747060537338257,0.0,0.02002706751227379,0.02841925621032715,1.4932453632354736,4,0.5,
fixed,0,1298,2.5085771083831787,0.0,0.022630959749221802,0.023150205612182617,2.5268375873565674,4,0.5,
fixed,0,1299,1.5452649593353271,0.0,0.03060326725244522,0.07953619956970215,1.5844274759292603,4,0.75,
fixed,0,1300,2.6376571655273438,0.0,0.02142985165119171,0.032491445541381836,2.6581194400787354,4,0.5,5.653585910797119
fixed,0,1301,2.490696907043457,0.0,0.037013836205005646,0.06426727771759033,2.5284841060638428,4,0.75,
fixed,0,1302,1.3654078245162964,0.0,0.012371215969324112,0.049237847328186035,1.3863648176193237,4,0.25,
fixed,0,1303,1.7579320669174194,0.012939119711518288,0.008636824786663055,0.04285895824432373,1.781577706336975,4,0.5,
fixed,0,1304,1.0645416975021362,0.0,0.044425275176763535,0.21485555171966553,1.1512110233306885,4,1.0,
fixed,0,1305,1.187570571899414,0.0,0.03393134847283363,0.09057927131652832,1.2317100763320923,4,0.75,9.1685152053833
fixed,0,1306,1.3697160482406616,0.01460280641913414,0.009592518210411072,0.06913149356842041,1.4025532007217407,4,0.5,
fixed,0,1307,1.6450024843215942,0.0,0.030965618789196014,0.03536176681518555,1.6710938215255737,4,0.5,
fixed,0,1308,1.2437294721603394,0.021547872573137283,0.02018776163458824,0.3029290437698364,1.3554760217666626,4,1.0,
fixed,0,1309,1.3849314451217651,0.0,0.010705376043915749,0.06944310665130615,1.4111170768737793,4,0.25,
fixed,0,1310,1.5435038805007935,0.006135707721114159,0.011992957442998886,0.0712580680847168,1.5739456415176392,4,0.5,1.1238285303115845
fixed,0,1311,3.03792142868042,0.0,0.013173272833228111,0.0836331844329834,3.0695979595184326,4,0.25,
fixed,0,1312,2.5991976261138916,0.0,0.02745683863759041,0.03525340557098389,2.623502016067505,4,0.5,
fixed,0,1313,1.1139463186264038,0.0,0.03789665549993515,0.08576416969299316,1.1586239337921143,4,0.75,
fixed,0,1314,1.9297877550125122,0.00019826075003948063,0.011329040862619877,0.11713862419128418,1.9706929922103882,4,0.25,
fixed,0,1315,1.444343090057373,0.0224150400608778,0.006190080661326647,0.07438397407531738,1.4809608459472656,4,0.5,2.531275510787964
fixed,0,1316,1.0973236560821533,0.0,0.04415508732199669,0.23126959800720215,1.1887820959091187,4,1.0,
fixed,0,1317,1.56789231300354,0.0,0.025732286274433136,0.1208503246307373,1.6170135736465454,4,0.75,
fixed,0,1318,1.3453984260559082,0.00013739093265030533,0.013188386335968971,0.09683263301849365,1.3811111450195312,4,0.5,
fixed,0,1319,1.9693851470947266,0.0,0.01355702430009842,0.06573128700256348,1.9958829879760742,4,0.5,
fixed,0,1320,2.278073310852051,0.0,0.011896194890141487,0.18446600437164307,2.3393611907958984,4,0.25,3.51212739944458
fixed,0,1321,1.438190221786499,0.0,0.021165771409869194,0.13894617557525635,1.4904569387435913,4,0.75,
fixed,0,1322,2.185731887817383,0.0,0.03327019140124321,0.11862301826477051,2.2379539012908936,4,0.75,
fixed,0,1323,2.050924301147461,0.047658517956733704,0.008321622386574745,0.1399756669998169,2.1209070682525635,4,0.75,
fixed,0,1324,1.3150391578674316,0.025188088417053223,0.011407146230340004,0.061598777770996094,1.3518164157867432,4,0.5,
fixed,0,1325,1.6437268257141113,0.009643800556659698,0.008953407406806946,0.06916296482086182,1.6737743616104126,4,0.5,1.1225025653839111
fixed,0,1326,1.99660325050354,0.0,0.01616562157869339,0.17580950260162354,2.0574288368225098,4,0.25,
fixed,0,1327,1.757635235786438,0.0,0.013630795292556286,0.08028316497802734,1.7885355949401855,4,0.5,
fixed,0,1328,1.8573752641677856,0.0,0.010602951981127262,0.14648449420928955,1.906622052192688,4,0.25,
fixed,0,1329,1.8769325017929077,0.0,0.034633565694093704,0.08793187141418457,1.9206287860870361,4,0.75,
fixed,0,1330,1.9993360042572021,0.0,0.009087339043617249,0.11227226257324219,2.0375614166259766,4,0.25,2.8819925785064697
fixed,0,1331,1.123890995979309,0.0,0.015258659608662128,0.05133867263793945,1.1469218730926514,4,0.5,
fixed,0,1332,2.534179449081421,0.0,0.006228333804756403,0.05896270275115967,2.5549824237823486,4,0.25,
fixed,0,1333,1.9691696166992188,0.0,0.008011355064809322,0.0935746431350708,2.0012476444244385,4,0.25,
fixed,0,1334,1.0528550148010254,0.0,0.013590351678431034,0.16984868049621582,1.1106047630310059,4,0.75,
fixed,0,1335,1.9015226364135742,0.0,0.037343766540288925,0.07891309261322021,1.9438683986663818,4,0.75,8.281024932861328
fixed,0,1336,1.3631852865219116,0.0,0.012329842895269394,0.31578123569488525,1.4640846252441406,4,0.75,
fixed,0,1337,1.8550888299942017,0.0,0.00935763493180275,0.06339263916015625,1.878785490989685,4,0.5,
fixed,0,1338,1.9007751941680908,0.0,0.013060388155281544,0.17419219017028809,1.9595630168914795,4,0.75,
fixed,0,1339,3.04692006111145,3.5226066756877117e-06,0.015791207551956177,0.15382647514343262,3.1009652614593506,4,0.75,
fixed,0,1340,2.2194135189056396,0.0,0.013701030984520912,0.49833089113235474,2.375763416290283,4,1.0,4.986457824707031
fixed,0,1341,1.1032326221466064,0.0,0.00371109158731997,0.0790548324584961,1.1288045644760132,4,0.25,
fixed,0,1342,0.9550748467445374,0.0,0.007434797938913107,0.0954209566116333,0.987418532371521,4,0.5,
fixed,0,1343,2.875046968460083,0.0,0.009433705359697342,0.2291041612625122,2.9484951496124268,4,0.75,
fixed,0,1344,1.213078260421753,0.0,0.0020963784772902727,0.2777853012084961,1.297461986541748,4,0.0,
fixed,0,1345,1.031259536743164,0.0,0.008451130241155624,0.0924065113067627,1.0632070302963257,4,0.5,2.904731273651123
fixed,0,1346,2.4425289630889893,0.033042002469301224,0.008826200850307941,0.17806792259216309,2.516883373260498,4,0.75,
fixed,0,1347,2.3952972888946533,0.0,0.0008963608415797353,0.36228036880493164,2.504429578781128,4,0.0,
fixed,0,1348,1.8665064573287964,0.0,0.010458684526383877,0.0795372724533081,1.895596981048584,4,0.5,
fixed,0,1349,2.4211785793304443,0.0,0.004681184887886047,0.13534271717071533,2.4641220569610596,4,0.25,
fixed,0,1350,1.718967080116272,0.0,0.029823828488588333,0.10515403747558594,1.765425205230713,4,0.75,8.172675132751465
fixed,0,1351,2.2150919437408447,0.0,0.02173542231321335,0.3864356279373169,2.341890335083008,4,1.0,
fixed,0,1352,1.6411868333816528,0.0,0.006594947073608637,0.1054384708404541,1.676115870475769,4,0.25,
fixed,0,1353,1.3803019523620605,0.02231661044061184,0.010474258102476597,0.13295960426330566,1.4365853071212769,4,0.75,
fixed,0,1354,0.6463690400123596,0.02293248474597931,0.013590245507657528,0.22849500179290771,0.7331789135932922,4,0.75,
fixed,0,1355,1.704072117805481,0.0,0.007621020544320345,0.09631061553955078,1.7367758750915527,4,0.25,2.5448997020721436
fixed,0,1356,1.4016245603561401,0.0,0.017598509788513184,0.044222354888916016,1.4236905574798584,4,0.5,
fixed,0,1357,1.2552903890609741,0.0,0.03234276920557022,0.05190610885620117,1.2870335578918457,4,0.5,
fixed,0,1358,1.2289406061172485,0.0,0.020215479657053947,0.04838383197784424,1.2535635232925415,4,0.5,
fixed,0,1359,2.8471288681030273,0.00029704353073611856,0.007661334704607725,0.05850720405578613,2.8686602115631104,4,0.25,
fixed,0,1360,1.7939443588256836,0.0,0.008876564912497997,0.10662758350372314,1.8303709030151367,4,0.25,2.8596861362457275
fixed,0,1361,1.7004683017730713,0.0,0.011231736280024052,0.0512995719909668,1.721474051475525,4,0.25,
fixed,0,1362,1.6627310514450073,0.020241832360625267,0.007417237851768732,0.02925252914428711,1.6853363513946533,4,0.5,
fixed,0,1363,1.5174758434295654,0.0,0.026002438738942146,0.029805660247802734,1.5394188165664673,4,0.5,
fixed,0,1364,2.6775264739990234,0.010202483274042606,0.017518175765872,0.042267441749572754,2.7040669918060303,4,0.25,
fixed,0,1365,1.5638269186019897,0.0,0.0006665163091383874,0.3720747232437134,1.675782561302185,4,0.0,1.1428583860397339
fixed,0,1366,2.022848129272461,0.0,0.01623283326625824,0.056467294692993164,2.0479047298431396,4,0.5,
fixed,0,1367,1.3390498161315918,0.0,0.0008589886128902435,0.41948622465133667,1.4653252363204956,4,0.0,
fixed,0,1368,1.5940327644348145,0.0,0.02733013406395912,0.11368417739868164,1.6418030261993408,4,0.75,
fixed,0,1369,1.3316295146942139,0.053408294916152954,0.0001359393645543605,0.055896759033203125,1.3751707077026367,4,0.5,
fixed,0,1370,1.3224469423294067,0.0,0.03541189804673195,0.29063844680786133,1.4273444414138794,4,1.0,10.438158988952637
fixed,0,1371,2.4420576095581055,0.02286568470299244,0.004053622018545866,0.03958261013031006,2.4673919677734375,4,0.25,
fixed,0,1372,1.343011498451233,0.017185593023896217,0.024063266813755035,0.13483130931854248,1.4040852785110474,4,0.75,
fixed,0,1373,2.0878734588623047,0.01177769061177969,0.016455624252557755,0.08353734016418457,2.12705135345459,4,0.75,
fixed,0,1374,0.6479501724243164,0.0,0.021845515817403793,0.04494285583496094,0.6723557710647583,4,0.5,
fixed,0,1375,2.110292911529541,0.020172853022813797,0.00911437813192606,0.046698808670043945,2.138946056365967,4,0.5,1.475425124168396
fixed,0,1376,2.017848491668701,0.0,0.013498373329639435,0.06264698505401611,2.043391704559326,4,0.25,
fixed,0,1377,0.6490377187728882,0.0,0.037575893104076385,0.09685337543487549,0.6968816518783569,4,0.75,
fixed,0,1378,2.005368709564209,0.0,0.02134019508957863,0.181488037109375,2.0704851150512695,4,0.25,
fixed,0,1379,1.9543019533157349,0.0,0.033665187656879425,0.09664344787597656,2.0001275539398193,4,0.75,
fixed,0,1380,1.6098542213439941,0.0,0.03982481732964516,0.09641432762145996,1.6586909294128418,4,0.75,10.251683235168457
fixed,0,1381,1.7263476848602295,0.0,0.03397739678621292,0.15049850940704346,1.7884858846664429,4,0.75,
fixed,0,1382,1.4013264179229736,0.015460753813385963,0.025889402255415916,0.08560574054718018,1.4476832151412964,4,0.75,
fixed,0,1383,2.6950831413269043,0.0,0.023224184289574623,0.06003975868225098,2.7247071266174316,4,0.5,
fixed,0,1384,1.7514641284942627,0.0,0.034691475331783295,0.10340964794158936,1.799832820892334,4,0.75,
fixed,0,1385,1.4865002632141113,0.0,0.019764835014939308,0.06833410263061523,1.5168828964233398,4,0.5,5.766974449157715
fixed,0,1386,1.894281268119812,0.0,0.009412471204996109,0.05151081085205078,1.9144407510757446,4,0.25,
fixed,0,1387,2.137232780456543,6.905123882461339e-06,0.010798018425703049,0.05409717559814453,2.1588644981384277,4,0.25,
fixed,0,1388,1.7541389465332031,0.0,0.027178451418876648,0.13244545459747314,1.8074618577957153,4,0.75,
fixed,0,1389,1.9366339445114136,0.0,0.023943323642015457,0.14598524570465088,1.992401123046875,4,0.75,
fixed,0,1390,2.053179979324341,0.0,0.018956998363137245,0.07752680778503418,2.085916519165039,4,0.5,5.664165019989014
fixed,0,1391,1.3332505226135254,0.0,0.015862226486206055,0.07419931888580322,1.3634414672851562,4,0.5,
fixed,0,1392,1.6090418100357056,0.0012154201976954937,0.031147727742791176,0.1251751184463501,1.6627758741378784,4,0.75,
fixed,0,1393,1.4758166074752808,0.0,0.016153467819094658,0.4854315519332886,1.6295228004455566,4,1.0,
fixed,0,1394,1.4884893894195557,0.0,0.009441698901355267,0.08761560916900635,1.519494891166687,4,0.5,
fixed,0,1395,1.8433024883270264,0.0,0.006015815306454897,0.10103189945220947,1.8766199350357056,4,0.25,2.1396567821502686
fixed,0,1396,1.8078352212905884,0.0,0.012598991394042969,0.07579457759857178,1.8368730545043945,4,0.5,
fixed,0,1397,2.555968999862671,0.0,0.011873949319124222,0.0726480484008789,2.58370041847229,4,0.5,
fixed,0,1398,1.079883337020874,0.0,0.01741728186607361,0.2605956792831421,1.1667706966400146,4,0.75,
fixed,0,1399,1.4331181049346924,0.0,0.0035212936345487833,0.06676697731018066,1.454908847808838,4,0.25,
fixed,0,1400,0.956362783908844,1.0648262104950845e-05,3.722588371601887e-05,0.27672815322875977,1.0394052267074585,4,0.0,0.11208388209342957
fixed,0,1401,1.168043851852417,0.0,0.00671344343572855,0.052820682525634766,1.1872467994689941,4,0.5,
fixed,0,1402,1.4775038957595825,8.604782487964258e-05,0.011429287493228912,0.03961038589477539,1.4951447248458862,4,0.5,
fixed,0,1403,1.6810810565948486,0.0,0.008972926065325737,0.03158998489379883,1.6950445175170898,4,0.25,
fixed,0,1404,1.4379692077636719,0.0314318910241127,0.005712753161787987,0.2090296745300293,1.5192503929138184,4,0.75,
fixed,0,1405,2.038787603378296,0.0,0.009391424246132374,0.08901691436767578,2.070188283920288,4,0.5,3.2385666370391846
fixed,0,1406,2.188588857650757,0.0,0.004748460371047258,0.06973874568939209,2.2118847370147705,4,0.25,
fixed,0,1407,2.6656534671783447,0.06948316097259521,0.00355899753049016,0.3431814908981323,2.805129051208496,4,0.75,
fixed,0,1408,2.10642409324646,0.017888342961668968,0.000596620433498174,0.12007021903991699,2.1516876220703125,4,0.25,
fixed,0,1409,1.3200315237045288,0.026702705770730972,0.0008874125778675079,0.05512809753417969,1.3503650426864624,4,0.25,
fixed,0,1410,0.7710027098655701,0.02737346850335598,0.004484111443161964,0.07575106620788574,0.8096567988395691,4,0.5,3.250593900680542
fixed,0,1411,1.4239081144332886,0.0,0.00877550058066845,0.050641655921936035,1.443488359451294,4,0.25,
fixed,0,1412,1.6590540409088135,0.0,0.026621662080287933,0.18527233600616455,1.7279465198516846,4,0.75,
fixed,0,1413,1.8172498941421509,0.0,0.04820503666996956,0.03276848793029785,1.8511829376220703,4,0.25,
fixed,0,1414,1.488595724105835,0.0,0.024547908455133438,0.13737821578979492,1.5420831441879272,4,0.75,
fixed,0,1415,1.5706706047058105,0.0,0.027210291475057602,0.12830877304077148,1.6227684020996094,4,0.75,8.285518646240234
fixed,0,1416,1.625359296798706,0.022399621084332466,0.029564008116722107,0.24946534633636475,1.7261806726455688,4,1.0,
fixed,0,1417,1.759485125541687,0.0,0.01996672712266445,0.10451364517211914,1.8008226156234741,4,0.5,
fixed,0,1418,1.2258317470550537,0.0,0.014235658571124077,0.24319720268249512,1.3059086799621582,4,0.25,
fixed,0,1419,2.740360736846924,0.0,0.028732415288686752,0.09484422206878662,2.7831802368164062,4,0.5,
fixed,0,1420,2.238835573196411,0.0,0.033511724323034286,0.09375619888305664,2.2837183475494385,4,0.75,9.047904968261719
fixed,0,1421,1.671683669090271,0.0,0.031428348273038864,0.08940434455871582,1.714219093322754,4,0.75,
fixed,0,1422,1.8660509586334229,0.0,0.026444045826792717,0.1000223159790039,1.909279704093933,4,0.5,
fixed,0,1423,1.8577409982681274,0.018564028665423393,0.01178586483001709,0.08490610122680664,1.8983877897262573,4,0.5,
fixed,0,1424,1.7579677104949951,0.0,0.030796855688095093,0.0970916748046875,1.802493691444397,4,0.75,
fixed,0,1425,1.5641263723373413,0.0,0.02628655731678009,0.09586596488952637,1.6060293912887573,4,0.75,7.476982593536377
fixed,0,1426,1.6182504892349243,0.0,0.01772467978298664,0.0681154727935791,1.6475474834442139,3,0.25,
fixed,0,1427,2.1178877353668213,0.04553811252117157,0.008612632751464844,0.1047135591506958,2.176377296447754,4,0.75,
fixed,0,1428,1.5008189678192139,0.0,0.027901209890842438,0.09440088272094727,1.5430898666381836,4,0.75,
fixed,0,1429,1.9596006870269775,0.0,0.01730312779545784,0.07242834568023682,1.989980697631836,4,0.5,
fixed,0,1430,1.9066423177719116,0.0,0.008176300674676895,0.15006399154663086,1.9557496309280396,4,0.25,2.7333805561065674
fixed,0,1431,1.888598084449768,0.02025432325899601,0.021695081144571304,0.09105038642883301,1.9368878602981567,4,0.75,
fixed,0,1432,2.215498685836792,0.0,0.017564807087183,0.048284292221069336,2.2387664318084717,4,0.5,
fixed,0,1433,1.5960938930511475,0.0,0.01813739538192749,0.06708741188049316,1.6252888441085815,4,0.5,
fixed,0,1434,1.2638781070709229,0.0,0.013579852879047394,0.04796910285949707,1.2850587368011475,4,0.25,
fixed,0,1435,1.6844605207443237,0.0,0.016416240483522415,0.05589151382446289,1.709436058998108,4,0.5,4.8515472412109375
fixed,0,1436,1.9009337425231934,0.02559816837310791,0.012410546652972698,0.25790584087371826,1.9973098039627075,4,0.75,
fixed,0,1437,2.1057932376861572,0.0,0.014228752814233303,0.060506343841552734,2.131059408187866,4,0.5,
fixed,0,1438,1.5287611484527588,0.0,0.008534591645002365,0.11510133743286133,1.5675588846206665,4,0.25,
fixed,0,1439,1.3015012741088867,0.02695644646883011,0.01820916309952736,0.3480513095855713,1.428499460220337,4,1.0,
fixed,0,1440,1.679198145866394,0.024369733408093452,0.017047356814146042,0.10829496383666992,1.7323951721191406,4,0.75,0.8422253727912903
fixed,0,1441,1.9321424961090088,0.0,0.023874029517173767,0.11456143856048584,1.9784479141235352,4,0.75,
fixed,0,1442,1.674707293510437,0.0,0.012009082362055779,0.05705678462982178,1.6978288888931274,4,0.5,
fixed,0,1443,1.9591699838638306,0.0,0.020840534940361977,0.11965978145599365,2.005488157272339,4,0.75,
fixed,0,1444,1.8611788749694824,0.0245520006865263,0.022155635058879852,0.2869455814361572,1.970616340637207,4,1.0,
fixed,0,1445,1.9813629388809204,0.0011917066294699907,0.01883545145392418,0.02660989761352539,1.9993594884872437,4,0.5,4.794477939605713
fixed,0,1446,1.4002138376235962,0.0,0.028034228831529617,0.09511423110961914,1.442765235900879,4,0.75,
fixed,0,1447,1.9830024242401123,0.0,0.0008306157542392612,0.3765285015106201,2.0963761806488037,4,0.0,
fixed,0,1448,1.5504013299942017,0.0,0.04536939412355423,0.19876956939697266,1.6327168941497803,4,1.0,
fixed,0,1449,1.5774917602539062,0.015057164244353771,0.011773384176194668,0.030122995376586914,1.5999438762664795,4,0.5,
fixed,0,1450,1.3692381381988525,0.0,0.027860885486006737,0.09493541717529297,1.411649227142334,4,0.75,7.568251132965088
fixed,0,1451,2.2977492809295654,5.856553616467863e-05,0.0006170168053358793,0.3160581588745117,2.39290452003479,3,0.25,
fixed,0,1452,2.378863573074341,0.0,0.0009023699094541371,0.3995084762573242,2.4991672039031982,4,0.0,
fixed,0,1453,2.55068039894104,0.00012643523223232478,0.012616398744285107,0.09496259689331055,2.585540533065796,4,0.25,
fixed,0,1454,1.4281202554702759,0.0,0.02030067704617977,0.04757523536682129,1.4525431394577026,4,0.5,
fixed,0,1455,1.675531268119812,0.0,0.009957358241081238,0.11198902130126953,1.7141066789627075,4,0.25,3.0523557662963867
fixed,0,1456,0.8850923180580139,0.0,0.03193527087569237,0.08453190326690674,0.9264194965362549,4,0.75,
fixed,0,1457,1.1038848161697388,0.01636107638478279,0.008825255557894707,0.025772452354431152,1.1242097616195679,4,0.5,
fixed,0,1458,2.2320306301116943,0.024869903922080994,0.008637058548629284,0.02931201457977295,2.257577657699585,4,0.5,
fixed,0,1459,1.7490200996398926,0.02802453003823757,7.022619229246629e-06,0.03845405578613281,1.7745721340179443,4,0.25,
fixed,0,1460,1.2573250532150269,7.910434760560747e-06,0.023182345554232597,0.11694097518920898,1.3040025234222412,4,0.75,7.051912784576416
fixed,0,1461,1.9467581510543823,0.023742547258734703,0.02164013683795929,0.11335253715515137,2.00345516204834,4,0.75,
fixed,0,1462,1.8936238288879395,0.0,0.036340899765491486,0.26450395584106445,1.9911454916000366,4,1.0,
fixed,0,1463,2.483245849609375,0.017229055985808372,0.010130041278898716,0.04010415077209473,2.5089566707611084,4,0.5,
fixed,0,1464,2.2465195655822754,0.0,0.03484812378883362,0.07379674911499023,2.2860827445983887,4,0.75,
fixed,0,1465,1.9209251403808594,7.791016105329618e-05,0.01386307179927826,0.1174468994140625,1.9631297588348389,4,0.25,3.549863338470459
fixed,0,1466,2.6008503437042236,0.022004246711730957,0.01181608997285366,0.038381099700927734,2.629274845123291,4,0.75,
fixed,0,1467,1.4045647382736206,0.0,0.05077432096004486,0.07834219932556152,1.453454613685608,4,0.75,
fixed,0,1468,2.0797102451324463,0.01044104527682066,0.019514944404363632,0.0844959020614624,2.120037078857422,4,0.75,
fixed,0,1469,1.2262074947357178,0.0,0.029849808663129807,0.032826781272888184,1.2509803771972656,4,0.5,
fixed,0,1470,1.1556504964828491,0.0,0.026588527485728264,0.07596695423126221,1.191734790802002,4,0.5,6.539727687835693
fixed,0,1471,1.670541524887085,0.0,0.03640615567564964,0.09363913536071777,1.7168363332748413,4,0.5,
fixed,0,1472,2.051068067550659,0.011642813682556152,0.05239913612604141,0.13996028900146484,2.125077247619629,4,1.0,
fixed,0,1473,1.4073454141616821,0.0,0.04656220227479935,0.224387526512146,1.4979428052902222,4,1.0,
fixed,0,1474,1.9755311012268066,0.0,0.03184647113084793,0.031195878982543945,2.0008130073547363,4,0.5,
fixed,0,1475,1.5737841129302979,0.0,0.05656840652227402,0.18420767784118652,1.6573306322097778,4,1.0,13.711012840270996
fixed,0,1476,2.0909552574157715,0.015522254630923271,0.003243612125515938,0.09854185581207275,2.1299006938934326,4,0.25,
fixed,0,1477,2.065584421157837,0.0,0.02670295350253582,0.13542664051055908,2.1195638179779053,4,0.5,
fixed,0,1478,2.1407089233398438,0.0,0.03673877567052841,0.11991584300994873,2.1950531005859375,4,0.75,
fixed,0,1479,1.4172917604446411,0.03261030092835426,0.001365570817142725,0.03617453575134277,1.4451320171356201,4,0.5,
fixed,0,1480,1.817026972770691,0.0,0.02425195835530758,0.14803528785705566,1.873563528060913,4,0.75,7.651079177856445
fixed,0,1481,1.9254578351974487,2.434212547086645e-06,0.030492495745420456,0.11832726001739502,1.976203441619873,4,0.75,
fixed,0,1482,1.4038729667663574,0.0,0.03695458173751831,0.11704099178314209,1.4574625492095947,4,0.75,
fixed,0,1483,1.3726706504821777,0.0243159718811512,0.026173442602157593,0.11876785755157471,1.433545708656311,4,0.75,
fixed,0,1484,1.463997721672058,0.0,0.030192594975233078,0.12331736087799072,1.5160892009735107,4,0.75,
fixed,0,1485,2.000176429748535,0.013964000158011913,0.02250562608242035,0.09275376796722412,2.0462374687194824,4,0.75,2.5741310119628906
fixed,0,1486,2.2725865840911865,0.0,0.01950632780790329,0.08512496948242188,2.3078773021698,4,0.5,
fixed,0,1487,1.628676414489746,0.0,0.014056740328669548,0.0742030143737793,1.6579656600952148,4,0.5,
fixed,0,1488,0.9586447477340698,0.0,0.007041883654892445,0.07134866714477539,0.9835702776908875,4,0.25,
fixed,0,1489,2.512096643447876,0.0,0.027298003435134888,0.07160472869873047,2.547227144241333,4,0.5,
fixed,0,1490,1.7621643543243408,0.0,0.020513024181127548,0.07660055160522461,1.7954009771347046,4,0.5,5.826244354248047
fixed,0,1491,2.1465017795562744,0.0,0.015551119111478329,0.07177317142486572,2.175809383392334,4,0.5,
fixed,0,1492,1.8830925226211548,0.0,0.022122152149677277,0.13521337509155273,1.9347176551818848,4,0.75,
fixed,0,1493,2.7322425842285156,0.019323104992508888,0.007166024297475815,0.13960671424865723,2.7873692512512207,4,0.75,
fixed,0,1494,2.386861562728882,0.0,0.0016207046573981643,0.27555787563323975,2.470339298248291,4,0.0,
fixed,0,1495,1.32297945022583,0.01755862683057785,0.004114823415875435,0.06901609897613525,1.3545210361480713,4,0.5,2.914398193359375
fixed,0,1496,0.7476018667221069,0.0,0.01900949329137802,0.13882982730865479,0.7987555861473083,4,0.75,
fixed,0,1497,1.5162264108657837,0.021035894751548767,0.0076238978654146194,0.15175294876098633,1.5760822296142578,4,0.75,
fixed,0,1498,2.2145473957061768,0.0,0.01722024381160736,0.04803156852722168,2.2375669479370117,4,0.5,
fixed,0,1499,2.600914716720581,0.0,0.004073320887982845,0.08815431594848633,2.6293976306915283,4,0.25,
fixed,0,1500,1.1275146007537842,0.0,0.0012913874816149473,0.2528340816497803,1.2040104866027832,4,0.0,1.542291283607483
fixed,0,1501,2.497861623764038,0.0,0.013434150256216526,0.052132487297058105,2.5202183723449707,4,0.5,
fixed,0,1502,1.2920377254486084,0.0,0.011938520707190037,0.17710185050964355,1.3511375188827515,4,0.75,
fixed,0,1503,1.1603997945785522,0.0,0.012185955420136452,0.16645681858062744,1.2164298295974731,4,0.75,
fixed,0,1504,1.7087804079055786,0.0,0.018976394087076187,0.048753976821899414,1.732894778251648,4,0.5,
fixed,0,1505,1.8338093757629395,0.0,0.011878853663802147,0.07338833808898926,1.8617652654647827,4,0.5,3.975069046020508
fixed,0,1506,2.219470262527466,0.0,0.01938583515584469,0.045552849769592285,2.2428290843963623,4,0.5,
fixed,0,1507,1.5600303411483765,0.0,0.0018140950705856085,0.41291576623916626,1.684812068939209,4,0.0,
fixed,0,1508,1.9282176494598389,0.03032107837498188,0.016497649252414703,0.35681939125061035,2.0586729049682617,4,1.0,
fixed,0,1509,1.5044842958450317,0.0,0.013127877376973629,0.042475223541259766,1.5237908363342285,4,0.5,
fixed,0,1510,2.2360572814941406,0.0,0.014261599630117416,0.05465579032897949,2.259584903717041,4,0.5,4.466394424438477
fixed,0,1511,2.2707810401916504,0.0,0.008991153910756111,0.03698015213012695,2.2863707542419434,4,0.5,
fixed,0,1512,1.668936014175415,0.0,0.007644514087587595,0.030106425285339355,1.6817902326583862,4,0.25,
fixed,0,1513,0.7360022664070129,0.0322522409260273,0.01374808233231306,0.1299128532409668,0.7979762554168701,4,0.75,
fixed,0,1514,1.4725196361541748,0.0,0.012802517041563988,0.08109450340270996,1.5032492876052856,4,0.5,
fixed,0,1515,1.7390118837356567,0.0,0.006183394230902195,0.04522550106048584,1.7556712627410889,4,0.25,2.172626495361328
fixed,0,1516,1.2142634391784668,0.0,0.009216614067554474,0.04117584228515625,1.231224536895752,4,0.5,
fixed,0,1517,1.7978512048721313,0.028044696897268295,0.013168991543352604,0.4077165722846985,1.9407730102539062,4,1.0,
fixed,0,1518,1.497456669807434,0.0,0.009512746706604958,0.06190681457519531,1.5207850933074951,4,0.5,
fixed,0,1519,2.200026750564575,0.0,0.01606774516403675,0.0740811824798584,2.2302849292755127,4,0.5,
fixed,0,1520,2.555506944656372,0.0,0.014188076369464397,0.14470970630645752,2.606013774871826,4,0.75,4.723669052124023
fixed,0,1521,2.446507215499878,0.024172676727175713,0.015671979635953903,0.1175377368927002,2.5016908645629883,4,0.75,
fixed,0,1522,1.6341967582702637,0.0,0.00644597178325057,0.15935707092285156,1.6852269172668457,4,0.25,
fixed,0,1523,1.1161267757415771,0.0,0.006895824801176786,0.156715989112854,1.1665894985198975,4,0.25,
fixed,0,1524,1.4856473207473755,3.363077121321112e-05,0.007125937845557928,0.06593465805053711,1.509007453918457,4,0.5,
fixed,0,1525,2.222787618637085,0.0,0.01595340482890606,0.07860970497131348,2.254347324371338,4,0.5,4.899801254272461
fixed,0,1526,1.0634164810180664,0.0,0.008983421139419079,0.14177680015563965,1.1104412078857422,4,0.25,
fixed,0,1527,1.7030935287475586,0.0,0.013665641658008099,0.05052816867828369,1.7250847816467285,4,0.25,
fixed,0,1528,1.6470085382461548,0.0,0.0175601989030838,0.05827784538269043,1.6732720136642456,4,0.5,
fixed,0,1529,1.3144499063491821,0.0,0.024176746606826782,0.041927337646484375,1.3391164541244507,4,0.5,
fixed,0,1530,2.5266335010528564,0.021873507648706436,0.0018145497888326645,0.06229960918426514,2.5571675300598145,4,0.25,4.193170070648193
fixed,0,1531,1.1743265390396118,0.0,0.02749890275299549,0.32688045501708984,1.2861400842666626,4,1.0,
fixed,0,1532,1.7744582891464233,0.030453190207481384,0.007871461100876331,0.06736302375793457,1.8138295412063599,4,0.5,
fixed,0,1533,2.1626510620117188,0.02413763292133808,0.023681333288550377,0.09215843677520752,2.2142081260681152,4,0.75,
fixed,0,1534,1.756812334060669,0.0,0.013529911637306213,0.07252514362335205,1.785334825515747,4,0.5,
fixed,0,1535,1.751512885093689,0.01912856474518776,0.015668869018554688,0.20765769481658936,1.8312089443206787,4,0.75,1.0760995149612427
fixed,0,1536,2.383991241455078,0.0,0.008851601742208004,0.14290857315063477,2.4312896728515625,4,0.25,
fixed,0,1537,1.401797890663147,0.0,0.008118361234664917,0.14876055717468262,1.4504852294921875,4,0.25,
fixed,0,1538,1.1296851634979248,0.015991052612662315,0.022890429943799973,0.25639474391937256,1.2260442972183228,4,1.0,
fixed,0,1539,1.6622366905212402,0.0,0.053413353860378265,0.05460524559020996,1.7053248882293701,4,0.75,
fixed,0,1540,1.5922014713287354,0.0,0.04037223756313324,0.23674118518829346,1.6834099292755127,4,1.0,11.306394577026367
fixed,0,1541,1.7358243465423584,0.0,0.002363629173487425,0.43309855461120605,1.8669357299804688,4,0.0,
fixed,0,1542,2.240878105163574,0.0,0.03845880925655365,0.0629892349243164,2.2790043354034424,4,0.75,
fixed,0,1543,2.1255881786346436,0.00980866327881813,0.016924116760492325,0.07124948501586914,2.1603293418884277,4,0.5,
fixed,0,1544,2.6245362758636475,0.0,0.032377392053604126,0.04992568492889404,2.655702590942383,4,0.5,
fixed,0,1545,1.3894376754760742,0.0,0.02322298288345337,0.03826475143432617,1.41252863407135,4,0.5,6.2519850730896
fixed,0,1546,2.117011547088623,0.0,0.039171043783426285,0.06552720069885254,2.1562552452087402,4,0.75,
fixed,0,1547,2.0687267780303955,0.01512074563652277,0.03888920322060585,0.0350109338760376,2.1062350273132324,4,0.75,
fixed,0,1548,1.4114506244659424,0.033848948776721954,0.006834795698523521,0.1687566041946411,1.482419490814209,4,0.75,
fixed,0,1549,1.462125539779663,0.016373775899410248,0.020637083798646927,0.07583582401275635,1.5033817291259766,4,0.75,
fixed,0,1550,1.7569563388824463,0.014301992952823639,0.013640192337334156,0.04575526714324951,1.7846540212631226,4,0.5,0.4088817536830902
fixed,0,1551,1.2335463762283325,0.0,0.04939431697130203,0.19250833988189697,1.3159960508346558,4,1.0,
fixed,0,1552,2.0872652530670166,0.016223665326833725,0.009104752913117409,0.055352210998535156,2.116535186767578,4,0.5,
fixed,0,1553,1.4754667282104492,1.567679419167689e-06,0.03971240296959877,0.07083117961883545,1.5165730714797974,4,0.75,
fixed,0,1554,1.683414101600647,0.0,0.02326408587396145,0.04280209541320801,1.707886815071106,4,0.5,
fixed,0,1555,1.7396506071090698,0.0,0.048267100006341934,0.19949281215667725,1.823632001876831,4,1.0,11.931132316589355
fixed,0,1556,2.6055567264556885,0.009875058196485043,8.750558481551707e-05,0.17528510093688965,2.663123607635498,4,0.25,
fixed,0,1557,2.006427526473999,0.0,0.03050445020198822,0.10532093048095703,2.0532760620117188,4,0.75,
fixed,0,1558,2.1910340785980225,0.0,0.0002841790847014636,0.4266629219055176,2.3191750049591064,4,0.0,
fixed,0,1559,1.4543143510818481,0.01357925683259964,0.012369958683848381,0.06095719337463379,1.4855761528015137,4,0.5,
fixed,0,1560,1.798542857170105,5.071474879514426e-05,0.015238167718052864,0.12319648265838623,1.8431462049484253,4,0.25,3.8219430446624756
fixed,0,1561,2.2277777194976807,3.4216074709547684e-05,0.007625865284353495,0.10220658779144287,2.2622697353363037,4,0.25,
fixed,0,1562,1.625656008720398,0.0,0.008607577532529831,0.061205387115478516,1.6483213901519775,4,0.25,
fixed,0,1563,1.3691203594207764,0.0,0.00043838671990670264,0.3646507263183594,1.4787347316741943,4,0.0,
fixed,0,1564,1.307127594947815,0.0,0.02305283024907112,0.14871907234191895,1.3632696866989136,4,0.75,
fixed,0,1565,2.4277141094207764,0.0,0.005727593787014484,0.045412540435791016,2.444201707839966,4,0.25,2.010465383529663
fixed,0,1566,2.3268826007843018,3.529818059178069e-05,0.007421159651130438,0.06702017784118652,2.3507168292999268,4,0.25,
fixed,0,1567,2.57565975189209,6.818694237153977e-05,0.00953641813248396,0.0653839111328125,2.6000771522521973,4,0.25,
fixed,0,1568,1.1572755575180054,2.8667379865510156e-06,0.02939017117023468,0.026227474212646484,1.179840326309204,4,0.5,
fixed,0,1569,1.9203828573226929,0.0,0.028648920357227325,0.3766801357269287,2.0477113723754883,4,1.0,
fixed,0,1570,1.1807336807250977,0.0,0.014079918153584003,0.07629847526550293,1.2106631994247437,4,0.5,4.3566203117370605
fixed,0,1571,1.459579348564148,0.0,0.021005254238843918,0.14562571048736572,1.5137697458267212,4,0.75,
fixed,0,1572,0.9444779753684998,1.6852951603141264e-06,0.014870533719658852,0.19165658950805664,1.009411096572876,4,0.75,
fixed,0,1573,1.0737649202346802,0.0,0.01965491846203804,0.16950702667236328,1.1344444751739502,4,0.75,
fixed,0,1574,1.1102875471115112,0.0,0.011178061366081238,0.22309386730194092,1.1828047037124634,4,0.75,
fixed,0,1575,1.5233253240585327,6.056852726032957e-07,0.0041499268263578415,0.05677342414855957,1.5424326658248901,4,0.25,1.5492615699768066
fixed,0,1576,2.1710574626922607,0.0,0.0054420167580246925,0.0843956470489502,2.199097156524658,4,0.25,
fixed,0,1577,1.4152644872665405,0.0,0.016939152032136917,0.4649515748023987,1.5632195472717285,4,1.0,
fixed,0,1578,2.047276735305786,0.0,0.006235160864889622,0.08885347843170166,2.0770504474639893,4,0.25,
fixed,0,1579,1.1655375957489014,0.0,0.012050531804561615,0.06946492195129395,1.1924023628234863,4,0.5,
fixed,0,1580,2.275987148284912,1.009593564305078e-08,0.005053158849477768,0.07218480110168457,2.3001692295074463,4,0.25,1.8113250732421875
fixed,0,1581,1.2427107095718384,0.0,0.005702057853341103,0.03448832035064697,1.2559082508087158,4,0.25,
fixed,0,1582,2.640740394592285,1.9201747818442527e-06,0.0006856737891212106,0.21589386463165283,2.7058522701263428,4,0.0,
fixed,0,1583,1.8576589822769165,0.0,0.004454632755368948,0.08888900279998779,1.8865530490875244,4,0.25,
fixed,0,1584,2.2848925590515137,0.0,0.011879601515829563,0.08260607719421387,2.3156142234802246,4,0.5,
fixed,0,1585,0.6016616225242615,0.028413256630301476,0.010787630453705788,0.07447028160095215,0.6436031460762024,4,0.5,1.9315905570983887
fixed,0,1586,1.190310001373291,0.0,0.014174471609294415,0.06989026069641113,1.2183643579483032,4,0.5,
fixed,0,1587,2.532785415649414,0.0,0.018635623157024384,0.17873597145080566,2.595724105834961,4,0.75,
fixed,0,1588,1.7527062892913818,0.019154466688632965,0.02485567145049572,0.12866520881652832,1.813310980796814,4,0.75,
fixed,0,1589,0.9836418032646179,0.0,0.006156102754175663,0.1084831953048706,1.019264817237854,4,0.25,
fixed,0,1590,1.2745832204818726,0.0,0.01504255086183548,0.19756698608398438,1.3413746356964111,4,0.75,5.056700229644775
fixed,0,1591,1.9897572994232178,0.0,0.005545659922063351,0.14927458763122559,2.0373125076293945,4,0.25,
fixed,0,1592,2.2398569583892822,0.0,0.0014393653254956007,0.2669469118118286,2.3206608295440674,4,0.0,
fixed,0,1593,2.2942938804626465,0.03227394446730614,0.009705680422484875,0.0961686372756958,2.3441343307495117,4,0.5,
fixed,0,1594,1.8065309524536133,0.04324812442064285,0.012486478313803673,0.324741005897522,1.9318206310272217,4,1.0,
fixed,0,1595,1.9253668785095215,0.0,0.008609444834291935,0.1384422779083252,1.9712042808532715,4,0.25,2.6450021266937256
fixed,0,1596,1.9888349771499634,0.0,0.016098324209451675,0.06768834590911865,2.01719069480896,4,0.5,
fixed,0,1597,1.6008187532424927,0.013221761211752892,0.022409947589039803,0.0692676305770874,1.63941490650177,4,0.5,
fixed,0,1598,1.0730295181274414,0.014077628962695599,0.00954420492053032,0.04109907150268555,1.097170114517212,4,0.5,
fixed,0,1599,1.9163181781768799,3.086249307671096e-06,0.014591068960726261,0.08470189571380615,1.9490258693695068,4,0.25,
fixed,0,1600,1.3909720182418823,0.02558305487036705,0.011222220957279205,0.039992451667785645,1.421372413635254,4,0.5,2.140122175216675
fixed,0,1601,1.521332025527954,0.0,0.052631888538599014,0.03464853763580322,1.5580425262451172,4,0.75,
fixed,0,1602,1.0379122495651245,0.0,0.027564413845539093,0.0330350399017334,1.0616049766540527,4,0.5,
fixed,0,1603,2.543581485748291,0.0,0.01761479303240776,0.12713658809661865,2.5905299186706543,4,0.25,
fixed,0,1604,1.6851489543914795,0.021223081275820732,0.018742097541689873,0.09819591045379639,1.7345902919769287,4,0.75,
fixed,0,1605,1.1772741079330444,0.015094978734850883,0.029558129608631134,0.06965386867523193,1.2204967737197876,4,0.75,3.3879213333129883
fixed,0,1606,2.4026360511779785,0.0,0.010881788097321987,0.05637943744659424,2.4249908924102783,4,0.25,
fixed,0,1607,2.192540168762207,0.0,0.035943660885095596,0.0625685453414917,2.2292826175689697,4,0.5,
fixed,0,1608,1.2027559280395508,0.017816483974456787,0.012197611853480339,0.07256555557250977,1.2395325899124146,4,0.5,
fixed,0,1609,1.794560194015503,0.012906758114695549,0.01814090833067894,0.08806967735290527,1.8365049362182617,4,0.5,
fixed,0,1610,2.0081498622894287,0.01799691841006279,0.030174270272254944,0.0962597131729126,2.0611133575439453,4,0.75,2.798455238342285
fixed,0,1611,1.1126365661621094,0.0,0.028138037770986557,0.2551732063293457,1.2032575607299805,4,0.25,
fixed,0,1612,1.7876180410385132,0.0,0.01852969080209732,0.05703544616699219,1.8139935731887817,4,0.25,
fixed,0,1613,1.5438717603683472,0.0,0.018733887001872063,0.16908538341522217,1.6039643287658691,4,0.25,
fixed,0,1614,1.939422369003296,0.024616066366434097,0.007263687439262867,0.07748949527740479,1.9786090850830078,4,0.75,
fixed,0,1615,2.1654036045074463,0.01623913086950779,0.0011887713335454464,0.04103279113769531,2.186427354812622,4,0.25,2.740602493286133
fixed,0,1616,1.74806809425354,0.016946880146861076,0.01645156741142273,0.11545860767364502,1.7994048595428467,4,0.75,
fixed,0,1617,2.236382484436035,7.107803685357794e-05,0.006863228511065245,0.09947705268859863,2.2696926593780518,4,0.25,
fixed,0,1618,2.3323724269866943,0.00015199855261016637,0.012617481872439384,0.09678542613983154,2.367792844772339,4,0.25,
fixed,0,1619,1.2107179164886475,0.0,0.008646144531667233,0.09826922416687012,1.2445217370986938,4,0.25,
fixed,0,1620,2.362076759338379,0.0,0.01701010763645172,0.07706689834594727,2.3937017917633057,4,0.5,4.783351421356201
fixed,0,1621,1.4039087295532227,1.8223404367745388e-06,0.006623178254812956,0.1045694351196289,1.4385920763015747,4,0.25,
fixed,0,1622,1.1909866333007812,0.019458003342151642,0.015421468764543533,0.2008211612701416,1.2686727046966553,4,0.75,
fixed,0,1623,1.4866173267364502,0.017212389037013054,0.010829459875822067,0.05915820598602295,1.5183857679367065,4,0.5,
fixed,0,1624,2.1603777408599854,6.856545837763406e-07,2.236192813143134e-05,0.2975592613220215,2.249657154083252,4,0.0,
fixed,0,1625,1.6708868741989136,0.00013299478450790048,0.012686243280768394,0.052759647369384766,1.6931244134902954,4,0.5,3.9472362995147705
fixed,0,1626,1.2167284488677979,1.1265002285654191e-05,0.018246151506900787,0.14179015159606934,1.2683942317962646,4,0.75,
fixed,0,1627,1.0381683111190796,3.1997461746868794e-07,0.01122480258345604,0.034122586250305176,1.0540176630020142,4,0.5,
fixed,0,1628,2.6653189659118652,0.0,0.012511017732322216,0.05316591262817383,2.6875243186950684,4,0.5,
fixed,0,1629,2.002873182296753,0.0,0.005048369988799095,0.08179545402526855,2.0299360752105713,4,0.25,
fixed,0,1630,1.7983828783035278,4.814888598048128e-06,0.006719517055898905,0.07430672645568848,1.8240370750427246,4,0.25,1.8958135843276978
fixed,0,1631,1.1572238206863403,0.0,0.019034884870052338,0.1776719093322754,1.2200428247451782,4,0.75,
fixed,0,1632,1.4698243141174316,0.022558316588401794,0.002357698744162917,0.04386115074157715,1.4954407215118408,4,0.25,
fixed,0,1633,2.2399709224700928,0.0,0.011911662295460701,0.07474637031555176,2.268350601196289,4,0.5,
fixed,0,1634,2.5212857723236084,1.7197675333591178e-05,0.01610746793448925,0.056810736656188965,2.546391248703003,4,0.5,
fixed,0,1635,1.7329579591751099,0.0,0.000701171054970473,0.3981757164001465,1.8527612686157227,4,0.0,1.1042288541793823
fixed,0,1636,2.099932909011841,0.020634422078728676,0.006613067351281643,0.08266973495483398,2.138357639312744,4,0.5,
fixed,0,1637,1.4701423645019531,0.0,0.012443654239177704,0.0973517894744873,1.5055696964263916,4,0.5,
fixed,0,1638,2.0986220836639404,0.0,0.004519381560385227,0.10570633411407471,2.1325936317443848,4,0.25,
fixed,0,1639,1.0975925922393799,0.0,0.010726524516940117,0.23150300979614258,1.172406792640686,4,0.75,
fixed,0,1640,2.182565927505493,0.0,0.004294469486922026,0.09019708633422852,2.2117722034454346,4,0.25,1.7485047578811646
fixed,0,1641,1.449211835861206,0.03735961765050888,0.02230043336749077,0.2071678638458252,1.5411921739578247,4,0.75,
fixed,0,1642,1.9045230150222778,0.0,0.017613373696804047,0.053900718688964844,1.929499864578247,4,0.5,
fixed,0,1643,0.6366391181945801,1.3900989870307967e-06,0.010534746572375298,0.22336256504058838,0.7089159488677979,4,0.75,
fixed,0,1644,1.7591463327407837,0.01631777361035347,0.01429941039532423,0.04632008075714111,1.7883509397506714,4,0.5,
fixed,0,1645,0.792229175567627,2.7735892217606306e-05,0.008116360753774643,0.05306434631347656,0.8122205138206482,4,0.25,2.41813588142395
fixed,0,1646,1.4405261278152466,8.703842468094081e-05,0.004640326369553804,0.038414716720581055,1.4544142484664917,4,0.25,
fixed,0,1647,1.2256603240966797,0.0,0.0040128217078745365,0.05040884017944336,1.242789387702942,4,0.25,
fixed,0,1648,1.8055028915405273,0.0,0.004367697983980179,0.04326605796813965,1.8206665515899658,4,0.25,
fixed,0,1649,1.9593573808670044,3.645770675575477e-06,0.008484271354973316,0.0801839828491211,1.987656593322754,4,0.25,
fixed,0,1650,0.7767889499664307,0.0,0.015975316986441612,0.18290233612060547,0.8396472930908203,4,0.75,5.333467483520508
fixed,0,1651,1.4993842840194702,0.0,0.014763886108994484,0.18391895294189453,1.5619418621063232,4,0.75,
fixed,0,1652,1.4449281692504883,0.0,0.026387212797999382,0.38040614128112793,1.572243571281433,4,1.0,
fixed,0,1653,2.1318583488464355,0.033170416951179504,0.01002439670264721,0.07030129432678223,2.174546241760254,4,0.5,
fixed,0,1654,1.2489978075027466,0.0,0.013777694664895535,0.08447837829589844,1.2812302112579346,4,0.5,
fixed,0,1655,2.3176097869873047,0.0,0.014567648060619831,0.19189953804016113,2.3824634552001953,4,0.75,5.0514631271362305
fixed,0,1656,0.8563513159751892,0.0,0.016076240688562393,0.28473711013793945,0.9498105645179749,4,0.75,
fixed,0,1657,2.3876264095306396,0.0,0.0002445993013679981,0.4010600447654724,2.5080666542053223,4,0.0,
fixed,0,1658,1.2702311277389526,0.016119781881570816,0.010845926590263844,0.03580522537231445,1.2944555282592773,4,0.5,
fixed,0,1659,1.7344480752944946,0.027426352724432945,0.012407667934894562,0.06509315967559814,1.7738929986953735,4,0.5,
fixed,0,1660,1.894507884979248,0.012227230705320835,0.016849961131811142,0.027156472206115723,1.9171934127807617,4,0.5,1.8200548887252808
fixed,0,1661,1.8386943340301514,0.0,0.016121022403240204,0.08704662322998047,1.8728687763214111,4,0.5,
fixed,0,1662,2.3851091861724854,0.0,0.03131924569606781,0.03024470806121826,2.4098422527313232,4,0.5,
fixed,0,1663,1.6067298650741577,0.0,0.05113046616315842,0.20392882823944092,1.6934736967086792,4,1.0,
fixed,0,1664,1.8234602212905884,0.0,0.03391086310148239,0.10595965385437012,1.8722035884857178,4,0.75,
fixed,0,1665,2.0635151863098145,0.015789516270160675,0.0026585019659250975,0.07054603099822998,2.093903064727783,4,0.25,3.5080246925354004
fixed,0,1666,0.7765452265739441,0.0,0.024548767134547234,0.0888829231262207,0.8154844641685486,4,0.5,
fixed,0,1667,0.7377893924713135,0.0,0.0290451031178236,0.11051404476165771,0.7854661345481873,4,0.75,
fixed,0,1668,2.4168028831481934,0.0,0.02339610829949379,0.05979788303375244,2.4464402198791504,4,0.5,
fixed,0,1669,1.9046345949172974,0.0,0.0102697117254138,0.05920147895812988,1.9275299310684204,4,0.25,
fixed,0,1670,2.2784128189086914,0.0,0.029603103175759315,0.06876170635223389,2.3138427734375,4,0.5,7.059510707855225
fixed,0,1671,1.7222610712051392,0.0,0.04299464076757431,0.07991504669189453,1.767732858657837,4,0.75,
fixed,0,1672,1.6758021116256714,0.0,0.04056939482688904,0.08979535102844238,1.7230254411697388,4,0.75,
fixed,0,1673,2.8126285076141357,0.0,0.008395516313612461,0.11793923377990723,2.852208137512207,4,0.25,
fixed,0,1674,1.511577844619751,0.0,0.013137425296008587,0.08533549308776855,1.5437471866607666,4,0.25,
fixed,0,1675,2.0486018657684326,0.05419889837503433,0.0056861103512346745,0.13175415992736816,2.118070602416992,4,0.75,6.869700908660889
fixed,0,1676,1.3907649517059326,0.022467415779829025,0.007871391251683235,0.062241315841674805,1.4246068000793457,4,0.5,
fixed,0,1677,2.4090938568115234,0.0,0.015850955620408058,0.1360931396484375,2.4578473567962646,4,0.25,
fixed,0,1678,0.391252338886261,0.0,0.022864416241645813,0.13077378273010254,0.44191667437553406,4,0.75,
fixed,0,1679,2.3788905143737793,0.012586919590830803,0.012523332610726357,0.09492242336273193,2.419922351837158,4,0.75,
fixed,0,1680,2.9549081325531006,0.022920308634638786,0.015019077807664871,0.13293397426605225,3.0137579441070557,4,0.75,0.6043233275413513
fixed,0,1681,1.7690532207489014,0.0,0.006925769615918398,0.10571718215942383,1.8042312860488892,4,0.25,
fixed,0,1682,1.7641750574111938,0.0,0.014648010022938251,0.1420433521270752,1.8141120672225952,4,0.25,
fixed,0,1683,1.839002251625061,2.6863490347750485e-06,0.0036308246199041605,0.41986680030822754,1.9667789936065674,4,0.0,
fixed,0,1684,1.1524410247802734,0.017203833907842636,0.008943509310483932,0.07023763656616211,1.1865860223770142,4,0.5,
fixed,0,1685,1.5307505130767822,0.013541926629841328,0.010870382189750671,0.11077427864074707,1.5761889219284058,4,0.75,1.3784046173095703
fixed,0,1686,0.9383129477500916,0.020177455618977547,0.010450896807014942,0.13796555995941162,0.9950168132781982,4,0.75,
fixed,0,1687,1.063473105430603,0.0,0.008469237945973873,0.04686999320983887,1.0817687511444092,4,0.25,
fixed,0,1688,1.4928438663482666,0.027636295184493065,0.01856677047908306,0.13695299625396729,1.557031273841858,4,0.75,
fixed,0,1689,1.49015212059021,0.013495293445885181,0.0013099684147164226,0.21714746952056885,1.5626989603042603,4,0.25,
fixed,0,1690,1.7293046712875366,0.0,0.015520577318966389,0.10155582427978516,1.7675317525863647,4,0.5,4.617627143859863
fixed,0,1691,1.0105905532836914,0.0,0.028302665799856186,0.026845455169677734,1.0327955484390259,4,0.5,
fixed,0,1692,2.2834277153015137,0.013451270759105682,0.03848215565085411,0.19178593158721924,2.3669302463531494,4,1.0,
fixed,0,1693,1.7495239973068237,0.0,0.024381814524531364,0.09499251842498779,1.790212631225586,4,0.5,
fixed,0,1694,2.214308023452759,0.0,0.02579529769718647,0.10310769081115723,2.2581379413604736,4,0.5,
fixed,0,1695,2.0566821098327637,0.0,0.0026012612506747246,0.24793171882629395,2.1323623657226562,4,0.0,1.6166003942489624
fixed,0,1696,2.3966281414031982,0.01527597475796938,0.03149403631687164,0.21619033813476562,2.484870195388794,4,1.0,
fixed,0,1697,2.0251336097717285,0.0,0.02525969408452511,0.03164052963256836,2.047255516052246,4,0.5,
fixed,0,1698,1.6519315242767334,0.0,0.018093062564730644,0.2123572826385498,1.7246851921081543,4,0.25,
fixed,0,1699,2.1217525005340576,0.015456663444638252,0.021165702491998672,0.09405279159545898,2.1682794094085693,4,0.75,
fixed,0,1700,2.1290283203125,0.0,0.030855687335133553,0.08069372177124023,2.1686642169952393,4,0.5,7.043102741241455
fixed,0,1701,1.5561062097549438,0.0,0.02681276760995388,0.0668020248413086,1.5895532369613647,4,0.5,
fixed,0,1702,2.540091037750244,0.0,0.011853229254484177,0.032266974449157715,2.5556976795196533,4,0.25,
fixed,0,1703,1.5458290576934814,0.0,0.019150296226143837,0.047220587730407715,1.5695704221725464,4,0.5,
fixed,0,1704,2.04278564453125,0.0,0.020745322108268738,0.05485332012176514,2.0696144104003906,4,0.5,
fixed,0,1705,2.1213085651397705,0.0,0.03610119968652725,0.08200478553771973,2.1639606952667236,4,0.75,8.194808959960938
fixed,0,1706,1.6644854545593262,0.0,0.02202370949089527,0.07122480869293213,1.6968647241592407,4,0.25,
fixed,0,1707,2.005521059036255,0.0,0.017556756734848022,0.04918265342712402,2.0290541648864746,4,0.5,
fixed,0,1708,1.3959722518920898,0.015394271351397038,0.005340173374861479,0.0390164852142334,1.4180444478988647,4,0.5,
fixed,0,1709,1.0503877401351929,0.0,0.024288004264235497,0.12858569622039795,1.1011074781417847,4,0.75,
fixed,0,1710,1.0916540622711182,0.03194788098335266,0.0099378302693367,0.06094551086425781,1.13088059425354,4,0.5,2.258090019226074
fixed,0,1711,2.172248363494873,0.0,0.024402301758527756,0.11701714992523193,2.2195546627044678,4,0.75,
fixed,0,1712,2.262859582901001,0.003241821890696883,0.003220238955691457,0.05996417999267578,2.2840797901153564,4,0.5,
fixed,0,1713,2.3958771228790283,3.875420952681452e-05,0.00965084321796894,0.06435012817382812,2.420027017593384,4,0.5,
fixed,0,1714,1.5236659049987793,0.0,0.004317319951951504,0.10281205177307129,1.5566681623458862,4,0.25,
fixed,0,1715,1.6618471145629883,0.0,0.006170968525111675,0.07595598697662354,1.6877193450927734,4,0.5,2.259647846221924
fixed,0,1716,0.8108053803443909,0.028220610693097115,0.008229812607169151,0.15645837783813477,0.8759680986404419,4,0.75,
fixed,0,1717,1.8098249435424805,0.0,0.004039347171783447,0.10837209224700928,1.8443562984466553,4,0.25,
fixed,0,1718,2.330585479736328,0.0,0.004383543040603399,0.0910952091217041,2.3601057529449463,4,0.25,
fixed,0,1719,1.1675894260406494,0.0,0.009018555283546448,0.09234118461608887,1.1998010873794556,4,0.5,
fixed,0,1720,1.7213375568389893,0.016181161627173424,0.018390575423836708,0.1429504156112671,1.7815085649490356,4,0.75,2.250202178955078
fixed,0,1721,0.9251775145530701,0.0,0.0084789227694273,0.08750402927398682,0.9556682109832764,4,0.5,
fixed,0,1722,0.9843299388885498,0.025470053777098656,0.004066517576575279,0.04425191879272461,1.0123738050460815,4,0.5,
fixed,0,1723,1.5556640625,0.0007372619584202766,0.025615360587835312,0.020354866981506348,1.5749468803405762,4,0.5,
fixed,0,1724,1.0344597101211548,0.03237614780664444,0.02584134042263031,0.1824333667755127,1.1182985305786133,4,0.75,
fixed,0,1725,1.0873457193374634,0.0,0.01632623001933098,0.06717288494110107,1.1156606674194336,4,0.5,4.388757705688477
fixed,0,1726,3.130808115005493,0.0,0.009032520465552807,0.1512751579284668,3.1807069778442383,4,0.25,
fixed,0,1727,1.5861316919326782,0.019315317273139954,0.0019699574913829565,0.058875322341918945,1.6144369840621948,4,0.25,
fixed,0,1728,2.1342647075653076,0.028986746445298195,0.005334840156137943,0.08333253860473633,2.1764252185821533,4,0.5,
fixed,0,1729,1.3321365118026733,0.030647121369838715,0.004786244593560696,0.08034181594848633,1.3739557266235352,4,0.5,
fixed,0,1730,1.5598195791244507,0.028203049674630165,0.01907450705766678,0.18880116939544678,1.6400986909866333,4,0.75,1.8161307573318481
fixed,0,1731,1.7017438411712646,0.0,0.01563611999154091,0.07959794998168945,1.7334412336349487,4,0.5,
fixed,0,1732,1.6367921829223633,0.0,0.03136716037988663,0.10379278659820557,1.6836135387420654,4,0.75,
fixed,0,1733,2.006683826446533,0.0,0.003302691737189889,0.4598315954208374,2.146284580230713,4,0.0,
fixed,0,1734,2.189479112625122,0.0,0.06428589671850204,0.05284523963928223,2.237475633621216,4,0.75,
fixed,0,1735,2.109286308288574,0.0,0.03335271030664444,0.08221578598022461,2.150627374649048,4,0.75,8.66782283782959
fixed,0,1736,2.110032081604004,0.0,0.014819271862506866,0.15529274940490723,2.164029598236084,4,0.25,
fixed,0,1737,1.5519764423370361,0.0,0.03833968564867973,0.2458639144897461,1.6449054479599,4,0.0,
fixed,0,1738,1.606203556060791,0.0,0.02193545363843441,0.05252373218536377,1.6329283714294434,4,0.5,
fixed,0,1739,2.697443723678589,0.024091575294733047,0.006899656727910042,0.04562115669250488,2.726625680923462,4,0.5,
fixed,0,1740,2.1414496898651123,0.0,0.018554655835032463,0.11288440227508545,2.1845922470092773,4,0.25,4.12393856048584
fixed,0,1741,1.7356228828430176,0.0,0.006970262620598078,0.0881500244140625,1.7655529975891113,4,0.25,
fixed,0,1742,1.4737370014190674,0.0,0.005979353561997414,0.053145766258239746,1.4926704168319702,4,0.25,
fixed,0,1743,1.7650995254516602,0.0,0.010632703080773354,0.05200362205505371,1.7860169410705566,4,0.5,
fixed,0,1744,1.7249153852462769,0.06298485398292542,0.007389213889837265,0.43853694200515747,1.8916635513305664,4,1.0,
fixed,0,1745,1.944797396659851,6.383633444784209e-05,0.01558885257691145,0.04132866859436035,1.965022325515747,4,0.5,4.144610404968262
fixed,0,1746,1.0894615650177002,6.022908564773388e-05,0.005681335460394621,0.06318032741546631,1.1112864017486572,4,0.25,
fixed,0,1747,2.296781301498413,5.364027674659155e-05,0.005736950784921646,0.06737613677978516,2.319889545440674,4,0.25,
fixed,0,1748,1.9411073923110962,0.031902726739645004,0.018763164058327675,0.13093674182891846,2.0057213306427,4,0.75,
fixed,0,1749,2.411205768585205,0.022939687594771385,0.006065675988793373,0.06339478492736816,2.4447269439697266,4,0.5,
fixed,0,1750,0.9242749810218811,0.0,0.009671743959188461,0.08532130718231201,0.9547072649002075,4,0.25,2.8091413974761963
fixed,0,1751,1.2539441585540771,0.0,0.01969796232879162,0.14221572875976562,1.3064578771591187,4,0.75,
fixed,0,1752,2.3351948261260986,0.030131926760077477,0.015429719351232052,0.14755582809448242,2.402242422103882,4,0.75,
fixed,0,1753,2.0757851600646973,0.0,0.0183962881565094,0.06743252277374268,2.105213165283203,4,0.5,
fixed,0,1754,2.323768138885498,1.8011913198279217e-05,0.00022422568872570992,0.37392497062683105,2.4360668659210205,4,0.0,
fixed,0,1755,1.448058009147644,9.364136531075928e-06,0.005206107161939144,0.12879252433776855,1.489303469657898,4,0.25,1.6757618188858032
fixed,0,1756,1.8050799369812012,0.0,0.02004186622798443,0.14504027366638184,1.8586130142211914,4,0.75,
fixed,0,1757,1.5286306142807007,0.0,0.024795208126306534,0.12748122215270996,1.5792726278305054,4,0.75,
fixed,0,1758,1.360617756843567,0.0,0.000304297951515764,0.35882341861724854,1.4684169292449951,4,0.0,
fixed,0,1759,1.797456979751587,0.0,0.038102567195892334,0.2618875503540039,1.895074486732483,4,1.0,
fixed,0,1760,2.370976209640503,0.0,0.020847853273153305,0.05601787567138672,2.398205518722534,4,0.5,4.935263156890869
fixed,0,1761,1.183142900466919,0.0,0.022822143509984016,0.1192471981048584,1.23032808303833,4,0.75,
fixed,0,1762,2.6707210540771484,0.0,0.011880297213792801,0.09219920635223389,2.7043209075927734,4,0.25,
fixed,0,1763,1.590824007987976,0.0,0.00016930079436860979,0.288657546043396,1.6775059700012207,4,0.0,
fixed,0,1764,2.6488490104675293,5.201784006203525e-06,0.008665207773447037,0.03945612907409668,2.6650209426879883,4,0.25,
fixed,0,1765,1.084779977798462,0.0,0.019171442836523056,0.1383458375930786,1.1358695030212402,4,0.75,5.660644054412842
fixed,0,1766,2.6582579612731934,0.0,0.00011455862841103226,0.2650613784790039,2.7378337383270264,4,0.0,
fixed,0,1767,0.7068642377853394,0.0,0.012636764906346798,0.12379741668701172,0.7503218650817871,4,0.25,
fixed,0,1768,2.3294155597686768,9.985579526983202e-05,0.007310365326702595,0.0514988899230957,2.3485703468322754,4,0.25,
fixed,0,1769,1.7351804971694946,5.588704539150058e-07,0.008381546474993229,0.06669020652770996,1.7593786716461182,4,0.25,
fixed,0,1770,1.4687093496322632,3.196038562691683e-07,0.022205904126167297,0.04201996326446533,1.4924184083938599,4,0.5,5.178086280822754
fixed,0,1771,2.0424890518188477,0.0,2.7922213121200912e-05,0.25871384143829346,2.1201171875,4,0.0,
fixed,0,1772,1.4472262859344482,0.0003766994923353195,0.004351117182523012,0.06253683567047119,1.4683512449264526,4,0.25,
fixed,0,1773,1.0742000341415405,0.027160348370671272,0.008021860383450985,0.19046378135681152,1.148930311203003,4,0.75,
fixed,0,1774,1.34293532371521,1.2541020169010153e-06,0.017468063160777092,0.17375731468200684,1.4037971496582031,4,0.75,
fixed,0,1775,2.10482120513916,0.0,0.017633184790611267,0.2693197727203369,2.1944336891174316,4,0.75,5.352052688598633
fixed,0,1776,2.2114171981811523,0.0,0.01938585191965103,0.43815040588378906,2.352555274963379,4,1.0,
fixed,0,1777,0.9461472034454346,4.913005977869034e-05,0.009293879382312298,0.07996594905853271,0.9748085141181946,4,0.5,
fixed,0,1778,2.366410970687866,8.539486589143053e-05,0.008524319157004356,0.08680903911590576,2.396758556365967,4,0.25,
fixed,0,1779,2.1009795665740967,0.05394965782761574,5.218091700953664e-07,0.07620525360107422,2.1508162021636963,4,0.5,
fixed,0,1780,1.7080309391021729,7.787715003360063e-05,0.010971744544804096,0.037526726722717285,1.7248138189315796,4,0.25,2.7047033309936523
fixed,0,1781,1.7721388339996338,0.0,0.013910012319684029,0.07860755920410156,1.8026760816574097,4,0.5,
fixed,0,1782,1.281221628189087,6.541417678818107e-05,0.016385285183787346,0.06760251522064209,1.3097277879714966,4,0.5,
fixed,0,1783,1.6458464860916138,0.021666662767529488,0.006146128289401531,0.07444357872009277,1.6820859909057617,4,0.5,
fixed,0,1784,1.1959552764892578,0.0,0.01590660959482193,0.07023859024047852,1.224980115890503,4,0.5,
fixed,0,1785,1.337247610092163,0.0,0.024025242775678635,0.1279754638671875,1.38765287399292,4,0.75,6.725165843963623
fixed,0,1786,1.8803235292434692,0.0,0.010760616511106491,0.07602691650390625,1.9085118770599365,4,0.25,
fixed,0,1787,2.204880475997925,0.0,0.009591777808964252,0.1271805763244629,2.247830629348755,4,0.25,
fixed,0,1788,1.8358606100082397,0.019832134246826172,0.024074211716651917,0.09758436679840088,1.8870891332626343,4,0.75,
fixed,0,1789,1.772601842880249,0.0,0.031199391931295395,0.04198265075683594,1.800796389579773,4,0.5,
fixed,0,1790,2.0607707500457764,0.0,0.007896044291555882,0.11259782314300537,2.0984981060028076,4,0.25,2.296356439590454
fixed,0,1791,2.167015790939331,0.0,0.023578302934765816,0.06582868099212646,2.1985535621643066,4,0.5,
fixed,0,1792,1.8389506340026855,0.0,0.004732506349682808,0.21088027954101562,1.9045809507369995,4,0.0,
fixed,0,1793,1.6568971872329712,0.01712740585207939,0.019787434488534927,0.07802557945251465,1.69876229763031,4,0.75,
fixed,0,1794,0.894364595413208,0.0,0.014813408255577087,0.053621530532836914,0.9178577661514282,4,0.5,
fixed,0,1795,1.9676897525787354,0.018630623817443848,0.007979596965014935,0.04949617385864258,1.995843768119812,4,0.5,1.3369121551513672
fixed,0,1796,1.42849862575531,0.0,0.021709080785512924,0.12038373947143555,1.4754682779312134,4,0.75,
fixed,0,1797,2.2309391498565674,0.0,0.011774991638958454,0.046193838119506836,2.2506847381591797,4,0.25,
fixed,0,1798,2.118307590484619,0.0,0.0026119379326701164,0.2253175973892212,2.187208890914917,4,0.0,
fixed,0,1799,1.842071771621704,0.0,0.007048312108963728,0.04978644847869873,1.8605318069458008,4,0.25,
fixed,0,1800,1.42728590965271,0.0,0.011765104718506336,0.05304586887359619,1.4490822553634644,4,0.5,3.6438143253326416
fixed,0,1801,1.43522310256958,0.0,0.007466963026672602,0.09592366218566895,1.4677337408065796,4,0.25,
fixed,0,1802,2.12199068069458,0.030025795102119446,0.01556844636797905,0.12904727458953857,2.183501958847046,4,0.75,
fixed,0,1803,1.9472349882125854,0.022298911586403847,0.006085273809731007,0.056028127670288086,1.9782354831695557,4,0.5,
fixed,0,1804,1.471704125404358,0.0,0.01670575514435768,0.05266463756561279,1.4958564043045044,4,0.5,
fixed,0,1805,2.0972988605499268,0.0,0.009358842857182026,0.05612528324127197,2.1188158988952637,4,0.5,3.0948610305786133
fixed,0,1806,1.5918452739715576,0.0,0.01496165245771408,0.16703414916992188,1.649436354637146,4,0.75,
fixed,0,1807,1.1635361909866333,0.0,0.014633767306804657,0.17156636714935303,1.222322940826416,4,0.75,
fixed,0,1808,2.0524802207946777,0.02213384583592415,0.009666557423770428,0.1371309757232666,2.1095197200775146,4,0.75,
fixed,0,1809,2.030526876449585,0.021904997527599335,0.0019958829507231712,0.14565753936767578,2.086174488067627,4,0.25,
fixed,0,1810,2.6161444187164307,0.0,0.007536326535046101,0.18772292137145996,2.676229476928711,4,0.25,2.2648892402648926
fixed,0,1811,2.228188991546631,0.0,0.006097048055380583,0.19193053245544434,2.2888166904449463,4,0.25,
fixed,0,1812,1.4627208709716797,0.0,0.01876189187169075,0.09069979190826416,1.4993118047714233,4,0.5,
fixed,0,1813,1.1915003061294556,0.0,0.016951506957411766,0.23959636688232422,1.2718549966812134,4,0.5,
fixed,0,1814,1.0416834354400635,0.0,0.017274823039770126,0.06278049945831299,1.069154977798462,4,0.25,
fixed,0,1815,1.4641352891921997,0.0,0.018945403397083282,0.08964455127716064,1.5005013942718506,4,0.5,5.100717067718506
fixed,0,1816,1.2071396112442017,0.0,0.014685733243823051,0.09159231185913086,1.2419601678848267,4,0.5,
fixed,0,1817,1.8855345249176025,0.03545617312192917,0.011223768815398216,0.2762112617492676,1.9917378425598145,4,1.0,
fixed,0,1818,1.852561116218567,0.0,0.007462644949555397,0.034012794494628906,1.8664963245391846,4,0.25,
fixed,0,1819,2.0422542095184326,0.0,0.017488157376646996,0.07695221900939941,2.0740840435028076,4,0.5,
fixed,0,1820,1.8131407499313354,0.01451690960675478,0.009185787290334702,0.08251392841339111,1.8497462272644043,4,0.5,1.4880661964416504
fixed,0,1821,1.7063404321670532,0.031087225303053856,0.025861456990242004,0.10416293144226074,1.7660636901855469,4,0.75,
fixed,0,1822,1.907326102256775,0.0,0.0026915855705738068,0.213470458984375,1.9727129936218262,4,0.0,
fixed,0,1823,1.1384258270263672,0.022194771096110344,0.04488149657845497,0.06359326839447021,1.1910419464111328,4,0.75,
fixed,0,1824,0.8158392906188965,0.0,0.0034433461260050535,0.22688603401184082,0.8856267929077148,4,0.0,
fixed,0,1825,1.7563300132751465,0.0,0.008649573661386967,0.10796475410461426,1.7930442094802856,4,0.25,2.8875951766967773
fixed,0,1826,1.8966169357299805,0.017076093703508377,0.009864084422588348,0.03119683265686035,1.9194461107254028,4,0.5,
fixed,0,1827,1.6496509313583374,0.0,0.02611597813665867,0.0572199821472168,1.6798748970031738,4,0.5,
fixed,0,1828,2.2235686779022217,0.02583582140505314,0.030200425535440445,0.24756693840026855,2.325856924057007,4,1.0,
fixed,0,1829,2.3223488330841064,0.0157767403870821,0.0009903343161568046,0.12596988677978516,2.368523359298706,4,0.25,
fixed,0,1830,2.4533743858337402,0.0,0.012731241062283516,0.1272510290145874,2.497915267944336,4,0.25,3.393664598464966
fixed,0,1831,1.6066478490829468,0.016088182106614113,0.013365129940211773,0.09992992877960205,1.6513534784317017,4,0.75,
fixed,0,1832,1.8565936088562012,0.0,0.03210160508751869,0.08890628814697266,1.8993163108825684,4,0.75,
fixed,0,1833,1.5746738910675049,0.028331752866506577,0.022190824151039124,0.1017293930053711,1.6304539442062378,4,0.75,
fixed,0,1834,1.3110177516937256,0.0,0.012675524689257145,0.13126540184020996,1.356735110282898,4,0.25,
fixed,0,1835,1.5736024379730225,0.0,0.015550334937870502,0.04846334457397461,1.5959166288375854,4,0.5,4.380228042602539
fixed,0,1836,1.6276034116744995,0.0,0.0070617226883769035,0.040331482887268066,1.6432337760925293,4,0.25,
fixed,0,1837,2.083629846572876,0.0,0.006698379293084145,0.08955883979797363,2.113846778869629,4,0.25,
fixed,0,1838,1.6007722616195679,0.027112044394016266,0.02390873059630394,0.28613245487213135,1.7121224403381348,4,1.0,
fixed,0,1839,2.719933032989502,0.02240798994898796,0.021936211735010147,0.0850076675415039,2.7676074504852295,4,0.75,
fixed,0,1840,1.1791789531707764,0.011554248631000519,0.01569245383143425,0.057863712310791016,1.2101614475250244,4,0.5,0.6756232380867004
fixed,0,1841,2.0686168670654297,0.0,0.01246582344174385,0.12583684921264648,2.112600803375244,4,0.25,
fixed,0,1842,1.360659122467041,0.011315069161355495,0.007336106617003679,0.05132615566253662,1.3853825330734253,4,0.5,
fixed,0,1843,1.81911039352417,0.0,0.028862465173006058,0.06414437294006348,1.8527849912643433,4,0.5,
fixed,0,1844,2.209150791168213,4.495723624131642e-05,0.008107657544314861,0.08864426612854004,2.2398204803466797,4,0.25,
fixed,0,1845,1.811545491218567,0.0,0.03431950509548187,0.07196211814880371,1.8502938747406006,4,0.5,6.948113918304443
fixed,0,1846,1.5367908477783203,0.0,0.018257148563861847,0.0579524040222168,1.563305139541626,4,0.5,
fixed,0,1847,1.7495181560516357,0.0,0.044562503695487976,0.20962929725646973,1.8346881866455078,4,1.0,
fixed,0,1848,1.8815195560455322,0.0,0.00014404868124984205,0.3215632438659668,1.9780606031417847,4,0.0,
fixed,0,1849,1.4493317604064941,0.0,0.030816849321126938,0.09519124031066895,1.4932975769042969,4,0.75,
fixed,0,1850,1.6362093687057495,0.0,0.016910938546061516,0.04299497604370117,1.657563328742981,4,0.5,4.752230167388916
fixed,0,1851,1.4398000240325928,0.0005504203727468848,0.009368500672280788,0.04518866539001465,1.4583160877227783,4,0.25,
fixed,0,1852,1.4462306499481201,0.00024290772853419185,0.018745923414826393,0.022040128707885742,1.4623371362686157,4,0.5,
fixed,0,1853,1.3850082159042358,5.050676463724812e-07,0.02245006337761879,0.1275644302368164,1.4345028400421143,4,0.75,
fixed,0,1854,1.5642482042312622,0.021183567121624947,0.005578323267400265,0.039412617683410645,1.5894529819488525,4,0.5,
fixed,0,1855,1.2247565984725952,0.03289413079619408,0.013968376442790031,0.14028596878051758,1.290273666381836,4,0.75,0.46842360496520996
fixed,0,1856,1.4158267974853516,0.0,0.00922189000993967,0.05793952941894531,1.4378196001052856,4,0.5,
fixed,0,1857,1.5192956924438477,0.016237135976552963,0.015507012605667114,0.09497761726379395,1.5636610984802246,4,0.75,
fixed,0,1858,1.171722412109375,0.050062425434589386,0.0038981616962701082,0.25246644020080566,1.2744426727294922,4,0.75,
fixed,0,1859,2.1548633575439453,1.101889483834384e-05,0.008511400781571865,0.07720327377319336,2.1822855472564697,4,0.25,
fixed,0,1860,1.7630778551101685,0.0,0.012356559745967388,0.04196047782897949,1.7818442583084106,4,0.25,3.324479341506958
fixed,0,1861,1.9850802421569824,0.012470372952520847,0.008579429239034653,0.05798041820526123,2.0129992961883545,4,0.5,
fixed,0,1862,2.088247776031494,0.021452095359563828,0.026709459722042084,0.08465027809143066,2.137723684310913,4,0.75,
fixed,0,1863,1.466697335243225,0.0,0.0011370248394086957,0.3939915895462036,1.585463285446167,4,0.0,
fixed,0,1864,0.8208152055740356,0.0,0.04895702004432678,0.06045866012573242,0.8634313344955444,4,0.75,
fixed,0,1865,0.916723370552063,0.0,0.025223687291145325,0.11317598819732666,0.9632880091667175,4,0.75,7.137523651123047
fixed,0,1866,2.009282112121582,0.0,0.022578760981559753,0.0635155439376831,2.039626121520996,4,0.5,
fixed,0,1867,1.9960423707962036,0.0,0.013898089528083801,0.055251359939575195,2.019566774368286,4,0.25,
fixed,0,1868,2.0972561836242676,0.023318594321608543,0.013550102710723877,0.11448395252227783,2.1500356197357178,4,0.75,
fixed,0,1869,1.430315613746643,0.0,0.03121061623096466,0.05901384353637695,1.4636250734329224,4,0.5,
fixed,0,1870,1.711926817893982,0.0,0.018505670130252838,0.04860222339630127,1.7357603311538696,4,0.5,4.750188827514648
fixed,0,1871,1.9135611057281494,0.0,0.016606789082288742,0.0496598482131958,1.9367624521255493,4,0.25,
fixed,0,1872,1.6114290952682495,0.019695041701197624,0.00038413662696257234,0.1379539966583252,1.6628549098968506,4,0.25,
fixed,0,1873,1.6802008152008057,0.0,0.010634089820086956,0.05359053611755371,1.7015950679779053,4,0.25,
fixed,0,1874,1.9134416580200195,0.00025417847791686654,0.013070739805698395,0.10783112049102783,1.9524534940719604,4,0.25,
fixed,0,1875,2.5927462577819824,0.0,0.017753571271896362,0.05478930473327637,2.6180598735809326,4,0.5,4.985211372375488
fixed,0,1876,2.4310734272003174,0.02766672521829605,0.006907010916620493,0.0698472261428833,2.4693145751953125,4,0.5,
fixed,0,1877,1.5731868743896484,0.017308009788393974,0.01293900702148676,0.05977785587310791,1.6062437295913696,4,0.5,
fixed,0,1878,2.44199275970459,0.020527996122837067,0.00044538325164467096,0.12095522880554199,2.4887659549713135,4,0.25,
fixed,0,1879,2.9386727809906006,0.0,0.00026982196141034365,0.2933013439178467,3.0267980098724365,4,0.0,
fixed,0,1880,1.7320191860198975,0.01517633069306612,0.012802140787243843,0.036991000175476074,1.7571057081222534,4,0.5,0.45410120487213135
fixed,0,1881,1.1954760551452637,0.0,0.006390215829014778,0.09675467014312744,1.2276976108551025,4,0.25,
fixed,0,1882,1.8440479040145874,0.0,0.010702249594032764,0.04828011989593506,1.8638830184936523,4,0.5,
fixed,0,1883,1.6249700784683228,0.0,0.00824248418211937,0.13660526275634766,1.6700729131698608,4,0.25,
fixed,0,1884,1.354178547859192,0.0,0.0004914598539471626,0.3455939292907715,1.4581024646759033,4,0.0,
fixed,0,1885,2.0672318935394287,0.0,0.018935352563858032,0.05485057830810547,2.0931546688079834,4,0.5,5.307443618774414
fixed,0,1886,1.3276236057281494,0.0,0.007554767653346062,0.11751341819763184,1.3666549921035767,4,0.25,
fixed,0,1887,2.625058889389038,0.0,0.005187063477933407,0.10792315006256104,2.660029411315918,4,0.25,
fixed,0,1888,1.1533273458480835,0.0,0.005176636856049299,0.10946977138519287,1.1887565851211548,4,0.25,
fixed,0,1889,2.1461575031280518,0.023225847631692886,0.012416055426001549,0.15841317176818848,2.2115023136138916,4,0.75,
fixed,0,1890,1.6665797233581543,0.0,0.016396377235651016,0.17075681686401367,1.726004958152771,4,0.75,5.380096912384033
fixed,0,1891,2.088510751724243,0.0,0.006503724027425051,0.08875405788421631,2.1183888912200928,4,0.25,
fixed,0,1892,2.1261589527130127,0.0,0.02616182528436184,0.1279674768447876,2.1776301860809326,4,0.75,
fixed,0,1893,2.540775775909424,6.096393190091476e-05,0.012603913433849812,0.08432590961456299,2.572406053543091,4,0.25,
fixed,0,1894,1.799582839012146,8.45957174533396e-07,0.007125334348529577,0.05603945255279541,1.8199577331542969,4,0.25,
fixed,0,1895,0.838502824306488,0.0,0.01577073149383068,0.06674981117248535,0.8664131164550781,4,0.5,4.469532012939453
fixed,0,1896,2.2640092372894287,4.1959036025218666e-05,0.02894577756524086,0.12047159671783447,2.3146445751190186,4,0.75,
fixed,0,1897,1.7339437007904053,0.00035033022868447006,0.0068977950140833855,0.042661070823669434,1.7503660917282104,4,0.25,
fixed,0,1898,1.8533228635787964,0.0,0.00844904500991106,0.09610116481781006,1.8863776922225952,4,0.5,
fixed,0,1899,1.4034578800201416,0.06455552577972412,0.003193353535607457,0.20305442810058594,1.4982486963272095,4,0.75,
fixed,0,1900,2.08540678024292,0.0,0.02370266616344452,0.4125758409500122,2.2210309505462646,4,1.0,7.1582932472229
fixed,0,1901,1.676077961921692,0.016353266313672066,0.013835377059876919,0.3626188039779663,1.7999579906463623,4,1.0,
fixed,0,1902,1.2345324754714966,0.0,0.006987586617469788,0.14116382598876953,1.280375361442566,4,0.25,
fixed,0,1903,2.3709073066711426,0.0,0.03132861852645874,0.31372880935668945,2.4806902408599854,4,1.0,
fixed,0,1904,1.4773308038711548,0.0,0.007748678792268038,0.12340128421783447,1.5182255506515503,4,0.25,
fixed,0,1905,2.17439603805542,0.0200504120439291,0.0019439575262367725,0.04918062686920166,2.2001473903656006,4,0.25,3.6970016956329346
fixed,0,1906,0.9766218662261963,0.021362939849495888,0.0006938371807336807,0.14110493659973145,1.0299817323684692,4,0.25,
fixed,0,1907,1.8394293785095215,0.020009752362966537,0.013551687821745872,0.033011436462402344,1.866113543510437,4,0.5,
fixed,0,1908,1.7027859687805176,0.0,0.04392106831073761,0.07728362083435059,1.7479315996170044,4,0.75,
fixed,0,1909,2.410818099975586,0.0,0.004002869129180908,0.240617036819458,2.4850046634674072,4,0.0,
fixed,0,1910,1.3931304216384888,0.0,0.06721819192171097,0.049205780029296875,1.441501259803772,4,0.5,11.946412086486816
fixed,0,1911,1.569477915763855,0.009701178409159184,0.05378372222185135,0.10174942016601562,1.6317452192306519,4,1.0,
fixed,0,1912,2.853522777557373,0.016918569803237915,0.02526061236858368,0.058711886405944824,2.892225980758667,4,0.75,
fixed,0,1913,1.9055712223052979,0.0,0.013636521995067596,0.18620777130126953,1.9682518243789673,4,0.25,
fixed,0,1914,2.0968050956726074,0.0,0.02977091073989868,0.08370208740234375,2.136801242828369,4,0.5,
fixed,0,1915,2.104731559753418,0.0,0.04868398234248161,0.08565628528594971,2.1547703742980957,4,0.75,10.468365669250488
fixed,0,1916,3.778318166732788,0.005498867481946945,0.040683209896087646,0.06765663623809814,3.8217062950134277,4,0.5,
fixed,0,1917,2.1446495056152344,0.0,0.026745079085230827,0.07848644256591797,2.181567907333374,4,0.5,
fixed,0,1918,2.033865213394165,0.0,0.054368507117033005,0.053832173347473145,2.0771992206573486,4,0.75,
fixed,0,1919,2.108825922012329,0.018555015325546265,0.0153505839407444,0.026830196380615234,2.1338276863098145,4,0.5,
fixed,0,1920,0.7907580733299255,0.0,0.029973918572068214,0.07714807987213135,0.8288894295692444,4,0.5,6.163965702056885
fixed,0,1921,2.1099298000335693,0.019734660163521767,0.0005512953503057361,0.13855338096618652,2.1616387367248535,4,0.25,
fixed,0,1922,1.1887280941009521,0.0,0.058916665613651276,0.17998266220092773,1.2721812725067139,4,1.0,
fixed,0,1923,1.3229504823684692,0.0,0.014120146632194519,0.08054125308990479,1.354172945022583,4,0.5,
fixed,0,1924,1.9234322309494019,0.023112937808036804,0.0001668174227233976,0.10101509094238281,1.965376615524292,4,0.25,
fixed,0,1925,1.9432016611099243,0.0,0.019575029611587524,0.05578601360321045,1.9697250127792358,4,0.5,5.133708477020264
fixed,0,1926,1.730201005935669,7.479474879801273e-05,0.03368961438536644,0.033460140228271484,1.757121205329895,4,0.5,
fixed,0,1927,3.094592571258545,0.0,0.008735486306250095,0.038054466247558594,3.1103765964508057,4,0.25,
fixed,0,1928,1.2247767448425293,2.4680753995198756e-05,0.005387097597122192,0.055020928382873535,1.2439888715744019,4,0.25,
fixed,0,1929,2.060544729232788,0.0,0.007867636159062386,0.031206369400024414,2.073840379714966,4,0.25,
fixed,0,1930,1.5226590633392334,1.1268937214481412e-06,0.01158921979367733,0.059633731842041016,1.5463443994522095,4,0.5,3.424496650695801
fixed,0,1931,2.038832426071167,0.03380165994167328,0.0023160905111581087,0.07402634620666504,2.079099178314209,4,0.5,
fixed,0,1932,0.9672847390174866,0.026043521240353584,0.006482928991317749,0.20313191413879395,1.044487476348877,4,0.75,
fixed,0,1933,1.505621075630188,4.326248927100096e-06,0.005423913709819317,0.0952606201171875,1.5369133949279785,4,0.5,
fixed,0,1934,1.518674612045288,0.034868597984313965,0.008280572481453419,0.20276570320129395,1.6010788679122925,4,0.75,
fixed,0,1935,2.2205605506896973,0.07832185924053192,0.0,0.08244681358337402,2.2844555377960205,4,0.5,8.705930709838867
fixed,0,1936,1.732808232307434,0.0,0.010613088496029377,0.22860562801361084,1.8066964149475098,4,0.75,
fixed,0,1937,1.3641624450683594,0.0,0.012806374579668045,0.0653313398361206,1.390165090560913,4,0.5,
fixed,0,1938,2.7594337463378906,0.0,0.005847223103046417,0.11790847778320312,2.797729969024658,4,0.25,
fixed,0,1939,2.4922680854797363,0.0,0.020671721547842026,0.2294762134552002,2.5714468955993652,4,0.75,
fixed,0,1940,1.9824304580688477,0.0011418944923207164,0.014571523293852806,0.10444188117980957,2.0216197967529297,4,0.25,2.9770781993865967
fixed,0,1941,1.4978253841400146,0.028925536200404167,0.014110908843576908,0.14619946479797363,1.5632034540176392,4,0.75,
fixed,0,1942,0.9343175292015076,0.0,0.02235417813062668,0.14862799644470215,0.9900830388069153,4,0.75,
fixed,0,1943,1.304075002670288,0.0,0.0268241036683321,0.1334390640258789,1.3575187921524048,4,0.75,
fixed,0,1944,1.047969937324524,0.02529252879321575,0.027679478749632835,0.10578787326812744,1.1061923503875732,4,0.75,
fixed,0,1945,2.1257059574127197,0.0,0.010542325675487518,0.17914068698883057,2.1847193241119385,4,0.25,2.7313363552093506
fixed,0,1946,1.8375945091247559,0.0,0.02799849957227707,0.08212196826934814,1.8762303590774536,4,0.5,
fixed,0,1947,1.6502777338027954,0.0,0.010815181769430637,0.1716848611831665,1.707190752029419,4,0.25,
fixed,0,1948,1.3839906454086304,0.0,0.02531455084681511,0.11868751049041748,1.4322541952133179,4,0.75,
fixed,0,1949,1.1121463775634766,0.01281934417784214,0.025144224986433983,0.07862734794616699,1.1547163724899292,4,0.75,
fixed,0,1950,1.4881197214126587,0.0,0.062439076602458954,0.14371395111083984,1.5624535083770752,4,1.0,11.912117958068848
fixed,0,1951,1.984865665435791,0.0,0.038193412125110626,0.13061904907226562,2.0431480407714844,4,0.5,
fixed,0,1952,1.7159819602966309,0.0,0.027071695774793625,0.06534385681152344,1.7491209506988525,4,0.5,
fixed,0,1953,1.5905078649520874,0.0,0.04190325736999512,0.22488880157470703,1.6789261102676392,4,1.0,
fixed,0,1954,2.4106194972991943,0.0,0.010405832901597023,0.12226414680480957,2.4525017738342285,4,0.25,
fixed,0,1955,2.0469605922698975,0.0,0.032728053629398346,0.09514331817626953,2.091867685317993,4,0.75,7.824728488922119
fixed,0,1956,0.9884431958198547,0.0,0.016839176416397095,0.039055585861206055,1.0085794925689697,4,0.5,
fixed,0,1957,2.4395480155944824,0.0,0.015220332890748978,0.12414276599884033,2.484400987625122,4,0.25,
fixed,0,1958,1.2857089042663574,0.0,0.02358233742415905,0.11961555480957031,1.3333847522735596,4,0.75,
fixed,0,1959,1.4291839599609375,0.0,0.01688634790480137,0.04959309101104736,1.452505111694336,4,0.5,
fixed,0,1960,2.135065793991089,0.027842652052640915,0.001047969562932849,0.1052088737487793,2.1810736656188965,4,0.25,4.043066501617432
fixed,0,1961,1.973474144935608,0.0,0.0205149557441473,0.3972063660621643,2.102893590927124,4,1.0,
fixed,0,1962,2.57440185546875,0.0,0.013057098723948002,0.23569321632385254,2.6516382694244385,4,0.0,
fixed,0,1963,1.8538622856140137,0.0,0.017963625490665436,0.1449887752532959,1.9063407182693481,4,0.75,
fixed,0,1964,1.4913995265960693,0.025945471599698067,0.00045626042992807925,0.1047983169555664,1.5360398292541504,4,0.25,
fixed,0,1965,2.5972135066986084,0.019016457721590996,0.01115831546485424,0.13132226467132568,2.6516976356506348,4,0.75,0.8962044715881348
fixed,0,1966,2.324378252029419,0.027835918590426445,0.004205281846225262,0.05621159076690674,2.357262372970581,4,0.5,
fixed,0,1967,2.234949827194214,0.0,0.01353262085467577,0.049460530281066895,2.256554365158081,4,0.5,
fixed,0,1968,1.2933070659637451,0.0,0.01586713083088398,0.0603487491607666,1.319345235824585,4,0.5,
fixed,0,1969,1.0697122812271118,0.029735684394836426,0.012798459269106388,0.13779163360595703,1.1323168277740479,4,0.75,
fixed,0,1970,1.1760808229446411,0.01855168491601944,0.006703577935695648,0.05251646041870117,1.2044633626937866,4,0.5,1.4407554864883423
fixed,0,1971,1.616092324256897,0.018326228484511375,0.01026292983442545,0.0475916862487793,1.6446644067764282,4,0.5,
fixed,0,1972,1.6840531826019287,0.0,0.026259925216436386,0.10510826110839844,1.7287156581878662,4,0.75,
fixed,0,1973,1.4696052074432373,0.0,0.023395078256726265,0.07088136672973633,1.502567172050476,4,0.5,
fixed,0,1974,1.8296879529953003,0.0,0.014945085160434246,0.06822168827056885,1.857627034187317,4,0.5,
fixed,0,1975,1.8361563682556152,0.0006791772320866585,0.028167132288217545,0.10012972354888916,1.8806184530258179,4,0.75,7.077085971832275
fixed,0,1976,1.9085609912872314,0.0,0.017679652199149132,0.06557965278625488,1.9370746612548828,4,0.5,
fixed,0,1977,1.1373350620269775,0.0,0.013111922889947891,0.12615966796875,1.1817389726638794,4,0.25,
fixed,0,1978,1.946435809135437,0.0,0.01729903370141983,0.06554913520812988,1.97475004196167,4,0.5,
fixed,0,1979,1.4897427558898926,0.030078832060098648,0.0018765353597700596,0.06145918369293213,1.524158239364624,4,0.25,
fixed,0,1980,2.2213244438171387,0.019003506749868393,0.008737046271562576,0.10379588603973389,2.26633358001709,4,0.5,1.504982352256775
fixed,0,1981,1.7501429319381714,0.0,0.008967358618974686,0.17819273471832275,1.808084487915039,4,0.25,
fixed,0,1982,3.1896069049835205,0.0,0.04543708264827728,0.07271134853363037,3.2341389656066895,4,0.75,
fixed,0,1983,1.1825542449951172,0.022740457206964493,0.017254726961255074,0.1233208179473877,1.2395480871200562,4,0.75,
fixed,0,1984,1.5747369527816772,0.0,0.016895825043320656,0.07383894920349121,1.6053365468978882,4,0.5,
fixed,0,1985,1.0897245407104492,0.028199978172779083,0.019114255905151367,0.12212526798248291,1.1500192880630493,4,0.75,1.310767412185669
fixed,0,1986,1.3612442016601562,0.0,0.022416673600673676,0.032572031021118164,1.382224202156067,4,0.5,
fixed,0,1987,0.9345542192459106,0.020040683448314667,0.020925765857100487,0.0994110107421875,0.9848607778549194,4,0.75,
fixed,0,1988,1.540196180343628,0.0,0.02619187720119953,0.026926755905151367,1.5613701343536377,4,0.5,
fixed,0,1989,2.6504766941070557,0.02356746233999729,0.023368628695607185,0.10893940925598145,2.7066266536712646,4,0.75,
fixed,0,1990,1.7589572668075562,0.0,0.031697094440460205,0.018404483795166016,1.7803272008895874,4,0.5,7.126560688018799
fixed,0,1991,1.7820427417755127,0.0,0.03654051572084427,0.10438001155853271,1.8316270112991333,4,0.75,
fixed,0,1992,1.04471755027771,0.0,0.015570676885545254,0.04973554611206055,1.0674235820770264,4,0.25,
fixed,0,1993,1.9594767093658447,0.029364420101046562,0.007608205545693636,0.05784761905670166,1.9953173398971558,4,0.5,
fixed,0,1994,2.3690576553344727,0.0,0.008015511557459831,0.15253353118896484,2.418825387954712,4,0.25,
fixed,0,1995,1.6581144332885742,0.0,0.02428637631237507,0.03193771839141846,1.6798388957977295,4,0.5,6.298480033874512
fixed,0,1996,1.9150996208190918,0.02900850959122181,0.0028016772121191025,0.040776729583740234,1.9432377815246582,4,0.25,
fixed,0,1997,2.145678997039795,0.0547964870929718,0.0069377548061311245,0.14299404621124268,2.2194442749023438,4,0.75,
fixed,0,1998,1.8763833045959473,0.02775297500193119,0.006775725167244673,0.06570243835449219,1.9133583307266235,4,0.5,
fixed,0,1999,1.18880033493042,0.0,0.001517213531769812,0.41756772994995117,1.3148292303085327,4,0.0,
fixed,0,2000,1.3032091856002808,0.0,0.025943191722035408,0.11962199211120605,1.3520673513412476,4,0.75,6.7592620849609375
fixed,0,2001,2.1903202533721924,0.0,0.009423818439245224,0.08798670768737793,2.221428155899048,4,0.25,
fixed,1,2002,0.9576261043548584,0.0,0.007718108594417572,0.10459530353546143,0.9928637742996216,4,0.25,
fixed,1,2003,0.5376062393188477,0.035754524171352386,0.00741264084354043,0.07405233383178711,0.581405520439148,4,0.75,
fixed,1,2004,0.9946092367172241,0.020624183118343353,0.01372497621923685,0.10387647151947021,1.0429468154907227,4,0.75,
fixed,1,2005,0.785468578338623,0.0,0.019443146884441376,0.05291891098022461,0.8110658526420593,4,0.5,4.828411102294922
fixed,1,2006,0.9220419526100159,0.0,0.020831026136875153,0.027934908866882324,0.9408379197120667,4,0.5,
fixed,1,2007,0.8519678711891174,0.0,0.024045778438448906,0.04141116142272949,0.8764141201972961,4,0.5,
fixed,1,2008,1.028918981552124,0.0,0.008867396041750908,0.09241592884063721,1.0610774755477905,4,0.25,
fixed,1,2009,0.683529794216156,0.03360817953944206,0.008857044391334057,0.06938493251800537,0.7255778908729553,4,0.75,
fixed,1,2010,0.960557222366333,0.0,0.011711955070495605,0.06445181369781494,0.9857487678527832,4,0.25,2.967050790786743
fixed,1,2011,0.6608812212944031,0.0,0.029860038310289383,0.09199261665344238,0.7034090161323547,4,0.75,
fixed,1,2012,1.1209553480148315,0.0,0.030001435428857803,0.0959939956665039,1.1647542715072632,4,0.75,
fixed,1,2013,0.822660505771637,0.01949324831366539,0.016783393919467926,0.10338032245635986,0.8718129396438599,4,0.75,
fixed,1,2014,0.5579944252967834,0.0,0.01969202049076557,0.06188797950744629,0.5864068269729614,4,0.5,
fixed,1,2015,0.7501838803291321,0.03454926237463951,0.012705289758741856,0.07460689544677734,0.7961932420730591,4,0.75,3.5371789932250977
fixed,1,2016,0.6505526900291443,0.0,0.046560000628232956,0.20932340621948242,0.7366297245025635,4,1.0,
fixed,1,2017,0.8874561786651611,0.0,0.06195366010069847,0.14461588859558105,0.9618178009986877,4,1.0,
fixed,1,2018,1.818697214126587,0.0,0.0010774685069918633,0.4350621700286865,1.9497545957565308,4,0.0,
fixed,1,2019,0.6764606237411499,0.0,0.04690016806125641,0.20026147365570068,0.7599891424179077,4,1.0,
fixed,1,2020,0.8010308146476746,0.0,0.036572977900505066,0.1339327096939087,0.8594971299171448,4,0.75,8.450803756713867
fixed,1,2021,0.6801480650901794,0.007128758821636438,0.028329122811555862,0.057273149490356445,0.7150589227676392,4,0.75,
fixed,1,2022,0.9221823215484619,0.0,0.040482908487319946,0.06808066368103027,0.9628479480743408,4,0.75,
fixed,1,2023,0.6901448965072632,0.0,0.038299817591905594,0.07417941093444824,0.7315486073493958,4,0.75,
fixed,1,2024,0.4313593804836273,0.0,0.014274733141064644,0.15105664730072021,0.48381373286247253,4,0.25,
fixed,1,2025,0.856248140335083,0.0,0.02637762762606144,0.21657931804656982,0.9344107508659363,4,0.5,6.212121963500977
fixed,1,2026,0.722423255443573,0.0,0.028178121894598007,0.05454528331756592,0.7528759241104126,4,0.5,
fixed,1,2027,0.6511973738670349,0.023167302832007408,0.0007567178690806031,0.08888411521911621,0.689824640750885,4,0.25,
fixed,1,2028,0.7515760064125061,0.01760759763419628,0.017148006707429886,0.08638858795166016,0.7948703765869141,4,0.75,
fixed,1,2029,0.9999885559082031,0.0,0.01624716818332672,0.04137718677520752,1.020525336265564,4,0.5,
fixed,1,2030,0.9079907536506653,0.0,0.0009600955527275801,0.346325159072876,1.0123683214187622,4,0.0,1.5231363773345947
fixed,1,2031,1.1566630601882935,0.0,0.012875566259026527,0.03827333450317383,1.174582839012146,4,0.25,
fixed,1,2032,0.7424567937850952,0.0,0.01718095690011978,0.05373954772949219,0.7671691179275513,4,0.5,
fixed,1,2033,0.6853410601615906,0.0,0.010217513889074326,0.12937486171722412,0.7292622923851013,4,0.25,
fixed,1,2034,1.121717095375061,0.0,0.02348531410098076,0.13475561141967773,1.1738864183425903,4,0.75,
fixed,1,2035,1.7210922241210938,0.0,0.02630425989627838,0.13054466247558594,1.7734076976776123,4,0.75,6.9540534019470215
fixed,1,2036,0.5369986295700073,0.0,0.005272076465189457,0.028858423233032227,0.5482922196388245,4,0.25,
fixed,1,2037,0.8341431617736816,0.0,0.01356781180948019,0.08129692077636719,0.8653161525726318,4,0.5,
fixed,1,2038,0.749433159828186,0.0,0.015071353875100613,0.18193602561950684,0.8115496635437012,4,0.75,
fixed,1,2039,0.726281464099884,0.0,0.008941489271819592,0.07412552833557129,0.7529898881912231,4,0.5,
fixed,1,2040,0.5579525232315063,2.846830102498643e-05,0.013139406219124794,0.19467949867248535,0.6229403018951416,4,0.75,4.453816890716553
fixed,1,2041,0.8239677548408508,0.0,0.009986243210732937,0.08952569961547852,0.8558185696601868,4,0.5,
fixed,1,2042,1.3634964227676392,0.036438316106796265,0.009943995624780655,0.11409115791320801,1.420914888381958,4,0.75,
fixed,1,2043,1.0464715957641602,0.0,0.012314772233366966,0.07283568382263184,1.0744796991348267,4,0.5,
fixed,1,2044,1.2896449565887451,0.0,0.02154218778014183,0.09590959548950195,1.3291889429092407,4,0.5,
fixed,1,2045,0.765634298324585,0.0,0.015407116152346134,0.17378926277160645,0.8254746198654175,4,0.75,4.9690260887146
fixed,1,2046,0.8814091682434082,0.0,0.011915185488760471,0.07256174087524414,0.9091352820396423,4,0.5,
fixed,1,2047,1.0569758415222168,0.0,0.007195073179900646,0.03732788562774658,1.0717717409133911,4,0.25,
fixed,1,2048,0.8401655554771423,0.0,0.025614939630031586,0.3617454767227173,0.9614966511726379,4,1.0,
fixed,1,2049,0.08906988054513931,0.0,0.009147105738520622,0.06861352920532227,0.11422748863697052,4,0.5,
fixed,1,2050,0.5400370955467224,0.0,0.008113069459795952,0.04541885852813721,0.5577192902565002,4,0.25,2.5618348121643066
fixed,1,2051,0.7586620450019836,0.021492017433047295,0.006064814515411854,0.06388306617736816,0.7916053533554077,4,0.5,
fixed,1,2052,1.0013827085494995,0.033998042345047,0.0006853201193735003,0.05990147590637207,1.036694884300232,4,0.5,
fixed,1,2053,0.7255361676216125,0.028208095580339432,0.011572710238397121,0.1341468095779419,0.7856706380844116,4,0.75,
fixed,1,2054,0.791016161441803,0.0,0.02145063504576683,0.10644769668579102,0.8336758017539978,4,0.75,
fixed,1,2055,0.9478669762611389,0.0,0.01963401585817337,0.11960232257843018,0.9935646653175354,4,0.75,5.917181491851807
fixed,1,2056,0.352744460105896,0.03350025415420532,0.009030207060277462,0.07390260696411133,0.39618048071861267,4,0.75,
fixed,1,2057,0.8902084827423096,0.0,0.0019302958389744163,0.46835029125213623,1.0316786766052246,4,0.0,
fixed,1,2058,0.9220640063285828,0.0,0.03525348752737045,0.06428873538970947,0.9589773416519165,4,0.75,
fixed,1,2059,1.24162757396698,0.0,0.007429937366396189,0.13557040691375732,1.2860137224197388,4,0.25,
fixed,1,2060,0.5092147588729858,0.0,0.03192926570773125,0.02702617645263672,0.5332872271537781,4,0.5,7.245797157287598
fixed,1,2061,1.046898603439331,0.0,0.0373723991215229,0.05804324150085449,1.0829977989196777,4,0.75,
fixed,1,2062,1.1947559118270874,0.0,0.04550454765558243,0.12455785274505615,1.2548755407333374,4,0.75,
fixed,1,2063,0.667755126953125,0.005128782242536545,0.01688079722225666,0.15868735313415527,0.7263661026954651,4,0.5,
fixed,1,2064,1.1328792572021484,0.0,0.032666176557540894,0.07474219799041748,1.1716350317001343,4,0.75,
fixed,1,2065,0.704136073589325,0.0,0.03153861686587334,0.038599610328674316,0.7314852476119995,4,0.5,6.681034088134766
fixed,1,2066,0.9535465836524963,0.0,0.013044730760157108,0.04146242141723633,0.972507655620575,4,0.25,
fixed,1,2067,0.9566714763641357,0.005119348876178265,0.018802160397171974,0.0600733757019043,0.9866542220115662,4,0.5,
fixed,1,2068,1.1335594654083252,0.0,0.007359117269515991,0.24955737590789795,1.2121062278747559,4,0.0,
fixed,1,2069,0.717393159866333,0.0,0.017215754836797714,0.05946242809295654,0.7438397407531738,4,0.5,
fixed,1,2070,1.3126825094223022,0.0,0.024404965341091156,0.1427856683731079,1.3677207231521606,4,0.75,7.104912281036377
fixed,1,2071,0.7090049386024475,0.0077436538413167,0.014793243259191513,0.12027585506439209,0.7563561201095581,4,0.5,
fixed,1,2072,1.60042405128479,0.006820598617196083,0.006064324639737606,0.10248231887817383,1.6376111507415771,4,0.5,
fixed,1,2073,1.607806921005249,0.01170328352600336,0.0437135249376297,0.17071247100830078,1.686729073524475,4,1.0,
fixed,1,2074,0.6132636666297913,0.0,0.028734788298606873,0.11061429977416992,0.6608153581619263,4,0.5,
fixed,1,2075,0.7816349267959595,0.0,0.018182123079895973,0.17759060859680176,0.8440032005310059,4,0.75,5.829639911651611
fixed,1,2076,0.3463425040245056,0.0,0.011841556057333946,0.0385364294052124,0.3638242185115814,4,0.25,
fixed,1,2077,0.5788258910179138,0.0,0.03148988261818886,0.028814196586608887,0.6032150983810425,4,0.5,
fixed,1,2078,0.34856733679771423,0.034842923283576965,0.00945281982421875,0.20707941055297852,0.432839035987854,4,0.75,
fixed,1,2079,0.9620724320411682,0.0,0.01912679150700569,0.1107933521270752,1.0048738718032837,4,0.5,
fixed,1,2080,1.0672178268432617,0.03883059695363045,0.01315527968108654,0.49151521921157837,1.240665316581726,4,1.0,0.8658879995346069
fixed,1,2081,0.4266800582408905,0.036272116005420685,0.015401949174702168,0.17362940311431885,0.5046058893203735,4,0.75,
fixed,1,2082,0.9176697731018066,0.015384585596621037,0.004489132668823004,0.08785080909729004,0.9539618492126465,4,0.5,
fixed,1,2083,0.5171074271202087,0.03177417814731598,0.006019245367497206,0.08628082275390625,0.5618883967399597,4,0.75,
fixed,1,2084,1.4877763986587524,0.0,0.009634888730943203,0.14580821990966797,1.5363363027572632,4,0.25,
fixed,1,2085,1.0596468448638916,0.0,0.014998896978795528,0.13906455039978027,1.1088656187057495,4,0.25,3.719266414642334
fixed,1,2086,0.8666611313819885,0.0,0.010635134764015675,0.1108483076095581,0.9052332043647766,4,0.25,
fixed,1,2087,0.9021339416503906,0.024759303778409958,0.0007830486865714192,0.05880844593048096,0.9325476288795471,4,0.5,
fixed,1,2088,0.6549810171127319,0.0,0.03280102089047432,0.18356823921203613,0.7264519929885864,4,0.0,
fixed,1,2089,0.622995138168335,0.005609023850411177,0.022672973573207855,0.17869603633880615,0.690744936466217,4,0.75,
fixed,1,2090,0.9596888422966003,0.01163784321397543,0.017533283680677414,0.0587763786315918,0.9919072985649109,4,0.75,2.1823782920837402
fixed,1,2091,1.3846150636672974,0.0,0.016674235463142395,0.018745779991149902,1.3985759019851685,4,0.5,
fixed,1,2092,0.5772463083267212,0.0,0.034581538289785385,0.06205403804779053,0.6131532788276672,4,0.75,
fixed,1,2093,0.8858999013900757,0.0,0.00033484812593087554,0.3187868595123291,0.9817034006118774,4,0.0,
fixed,1,2094,0.732250452041626,0.0,0.0317935049533844,0.07006621360778809,0.7691670656204224,4,0.75,
fixed,1,2095,1.5366662740707397,0.0,0.033086903393268585,0.02709805965423584,1.5613391399383545,4,0.5,6.253645896911621
fixed,1,2096,0.4442906081676483,0.0029146764427423477,0.010461638681590557,0.04729866981506348,0.4651683568954468,4,0.25,
fixed,1,2097,0.6918584108352661,0.0,0.023587943986058235,0.05296623706817627,0.7195422649383545,4,0.5,
fixed,1,2098,0.6749311685562134,0.01832100749015808,0.00956057384610176,0.05038571357727051,0.7039876580238342,4,0.5,
fixed,1,2099,1.0766212940216064,0.0,0.02238769829273224,0.05522346496582031,1.1043821573257446,4,0.5,
fixed,1,2100,1.1624088287353516,0.028888406231999397,0.009908312000334263,0.05215775966644287,1.197454571723938,4,0.5,1.8528661727905273
fixed,1,2101,0.8137248158454895,0.0,0.026530375704169273,0.20449018478393555,0.8883370757102966,4,0.25,
fixed,1,2102,0.8060330748558044,0.0,0.010289008729159832,0.10581505298614502,0.8429220914840698,3,0.25,
fixed,1,2103,0.7279606461524963,0.0,0.023812394589185715,0.3614985942840576,0.8483164310455322,4,1.0,
fixed,1,2104,1.014331579208374,0.0,0.004301787819713354,0.11748456954956055,1.0517278909683228,4,0.25,
fixed,1,2105,0.8780562877655029,0.0,0.016702953726053238,0.07154417037963867,0.9078710079193115,4,0.5,4.300214767456055
fixed,1,2106,1.028372883796692,0.0,0.0066885920241475105,0.10548102855682373,1.0633615255355835,4,0.5,
fixed,1,2107,1.1942753791809082,0.0,0.00538113247603178,0.03714406490325928,1.2081091403961182,4,0.25,
fixed,1,2108,0.46854227781295776,0.0,0.0077608670108020306,0.09244716167449951,0.5001568794250488,4,0.5,
fixed,1,2109,1.0086623430252075,0.0,0.01825580932199955,0.08732521533966064,1.0439878702163696,4,0.5,
fixed,1,2110,0.8495902419090271,2.0118382053624373e-06,0.0031625311821699142,0.07582998275756836,0.8739215135574341,4,0.25,1.1713591814041138
fixed,1,2111,0.41486769914627075,0.0,0.004255971405655146,0.027662158012390137,0.42529433965682983,4,0.25,
fixed,1,2112,1.3433974981307983,0.0,0.0002661657053977251,0.29421281814575195,1.4317944049835205,4,0.0,
fixed,1,2113,0.8842984437942505,0.022387703880667686,0.0031749047338962555,0.0700157880783081,0.9180845022201538,4,0.5,
fixed,1,2114,1.3579436540603638,0.0,0.0031858293805271387,0.08136403560638428,1.3839458227157593,4,0.25,
fixed,1,2115,0.6157717108726501,0.0,0.0062884557992219925,0.08286046981811523,0.6437740921974182,4,0.5,2.311012029647827
fixed,1,2116,0.2376536726951599,0.0,0.014605196192860603,0.06941747665405273,0.2657815217971802,4,0.5,
fixed,1,2117,0.5724636912345886,1.0631302757246885e-05,0.0025894930586218834,0.0234375,0.5807949900627136,4,0.25,
fixed,1,2118,1.0503281354904175,0.0,0.008776362985372543,0.08155405521392822,1.079182505607605,4,0.5,
fixed,1,2119,1.1493452787399292,1.423537923983531e-06,0.009245435707271099,0.25380444526672363,1.2301100492477417,4,0.75,
fixed,1,2120,0.5632112622261047,0.0005278573953546584,0.004811176564544439,0.1883610486984253,0.6223890781402588,4,0.75,1.496681809425354
fixed,1,2121,0.4625665247440338,0.0,0.0036247235257178545,0.10030245780944824,0.49446961283683777,4,0.5,
fixed,1,2122,0.6620110869407654,0.0,0.0012833969667553902,0.15015363693237305,0.7076988816261292,4,0.0,
fixed,1,2123,0.29042884707450867,0.03870340436697006,0.00422049080953002,0.09765386581420898,0.3411869406700134,4,0.5,
fixed,1,2124,1.1250641345977783,0.00011442277900641784,0.002683687023818493,0.047292470932006836,1.140650987625122,4,0.25,
fixed,1,2125,0.69950932264328,0.0,0.006298399530351162,0.1399705410003662,0.7446497082710266,4,0.25,2.2103335857391357
fixed,1,2126,0.8549637198448181,0.0,0.007025106810033321,0.4328932762145996,0.9883442521095276,4,0.75,
fixed,1,2127,0.6646929979324341,0.0,0.005974247120320797,0.15943801403045654,0.7155115008354187,4,0.0,
fixed,1,2128,0.7264830470085144,0.0,0.0037146680988371372,0.15224719047546387,0.7740145325660706,4,0.25,
fixed,1,2129,0.6719685196876526,0.0,0.019372908398509026,0.18193507194519043,0.736235499382019,4,0.75,
fixed,1,2130,0.7760186791419983,0.0,0.004053792450577021,0.16327178478240967,0.8270270824432373,4,0.25,1.7183022499084473
fixed,1,2131,1.037125587463379,0.012986534275114536,0.007192098535597324,0.16760599613189697,1.097496747970581,4,0.75,
fixed,1,2132,0.562932014465332,0.0,0.028369158506393433,0.1451801061630249,0.6206706166267395,4,0.75,
fixed,1,2133,0.15588976442813873,0.0,0.017703652381896973,0.04748058319091797,0.17898577451705933,4,0.5,
fixed,1,2134,0.45053982734680176,0.0,0.011595988646149635,0.09712028503417969,0.4854739010334015,4,0.5,
fixed,1,2135,0.7810802459716797,0.033204905688762665,0.01816902495920658,0.0875847339630127,0.8330426216125488,4,0.5,2.498850107192993
fixed,1,2136,0.720592737197876,0.0,0.028051186352968216,0.12597036361694336,0.7724094390869141,4,0.75,
fixed,1,2137,0.9949524402618408,0.015392186120152473,0.004517517518252134,0.06888258457183838,1.0255720615386963,4,0.5,
fixed,1,2138,1.3154069185256958,0.0,0.007677609100937843,0.1551065444946289,1.3657777309417725,4,0.25,
fixed,1,2139,0.5962737202644348,0.032666806131601334,0.01751840114593506,0.38878560066223145,0.7380020022392273,4,1.0,
fixed,1,2140,0.4772162139415741,0.0,0.015432089567184448,0.050534963607788086,0.5000927448272705,4,0.5,4.490568161010742
fixed,1,2141,0.7901053428649902,0.0,0.008492597378790379,0.13488543033599854,0.8348172903060913,4,0.25,
fixed,1,2142,0.6820499897003174,0.0,0.011352784931659698,0.026987791061401367,0.6958227157592773,4,0.25,
fixed,1,2143,1.3910390138626099,0.0,0.03118572197854519,0.03332650661468506,1.4166297912597656,4,0.5,
fixed,1,2144,1.2228597402572632,0.005170447286218405,0.03612421825528145,0.12205898761749268,1.2801247835159302,4,1.0,
fixed,1,2145,1.2688255310058594,0.021178588271141052,0.020552778616547585,0.06505179405212402,1.3092067241668701,4,0.75,1.6157344579696655
fixed,1,2146,1.4337844848632812,0.0,0.010410905815660954,0.11549055576324463,1.4736371040344238,4,0.25,
fixed,1,2147,0.5646921992301941,0.0,0.05145615339279175,0.17061448097229004,0.6416046023368835,4,1.0,
fixed,1,2148,0.2502220869064331,0.0,0.02640579268336296,0.07946312427520752,0.2872639298439026,4,0.75,
fixed,1,2149,0.6365149021148682,0.0,0.04595644026994705,0.04179108142852783,0.6720304489135742,4,0.75,
fixed,1,2150,0.8092529773712158,0.0,0.042354781180620193,0.053447842597961426,0.8464647531509399,4,0.75,8.984590530395508
fixed,1,2151,1.4450149536132812,0.0,0.01253211498260498,0.05510377883911133,1.467812180519104,4,0.25,
fixed,1,2152,0.551181435585022,0.0,0.02732827700674534,0.08733630180358887,0.5910464525222778,4,0.75,
fixed,1,2153,1.0477863550186157,0.00891592726111412,0.011611086316406727,0.07859158515930176,1.081627368927002,4,0.75,
fixed,1,2154,0.9139130115509033,0.0,0.015428280457854271,0.060839176177978516,0.9398788809776306,4,0.5,
fixed,1,2155,0.7682321071624756,0.0,0.02204083651304245,0.05078840255737305,0.7944890260696411,4,0.5,5.42543888092041
fixed,1,2156,1.1159038543701172,0.0,0.016196956858038902,0.05304741859436035,1.1399165391921997,4,0.5,
fixed,1,2157,0.8770315051078796,0.008405029773712158,0.017725177109241486,0.24291741847991943,0.9629718065261841,4,1.0,
fixed,1,2158,1.1623334884643555,0.0,0.013559117913246155,0.08754277229309082,1.195375919342041,4,0.5,
fixed,1,2159,1.2979068756103516,0.0,0.04368729516863823,0.09263145923614502,1.3475399017333984,4,0.75,
fixed,1,2160,1.1372991800308228,0.0,0.010963872075080872,0.1015927791595459,1.173258900642395,4,0.5,3.4103634357452393
fixed,1,2161,0.8307809233665466,0.01882226951420307,0.005364240612834692,0.09428811073303223,0.871160626411438,4,0.5,
fixed,1,2162,1.0134892463684082,0.0,0.009840518236160278,0.09940779209136963,1.048231840133667,4,0.5,
fixed,1,2163,0.6297540068626404,0.0,0.010048778727650642,0.08880054950714111,0.6614185571670532,4,0.5,
fixed,1,2164,1.2203848361968994,0.03359339386224747,0.017581067979335785,0.13494586944580078,1.2864558696746826,4,0.75,
fixed,1,2165,0.6250641345977783,0.0,0.012896735221147537,0.06200587749481201,0.6501142382621765,4,0.5,3.8290936946868896
fixed,1,2166,1.0370956659317017,0.017624298110604286,0.012124189175665379,0.07188928127288818,1.0735366344451904,4,0.5,
fixed,1,2167,0.559673547744751,0.0,0.021485984325408936,0.062074899673461914,0.5890390276908875,4,0.5,
fixed,1,2168,0.9856255650520325,0.0,0.001948787597939372,0.4365358352661133,1.1175607442855835,4,0.0,
fixed,1,2169,0.8279913067817688,0.0,0.007960507646203041,0.09571290016174316,0.860685408115387,4,0.25,
fixed,1,2170,1.413478970527649,0.0,0.009894981980323792,0.03974330425262451,1.4303494691848755,4,0.25,2.761467218399048
fixed,1,2171,1.204235315322876,0.0035807392559945583,0.002041685627773404,0.09418821334838867,1.2353030443191528,4,0.0,
fixed,1,2172,0.45496702194213867,0.0,0.006614275276660919,0.0370943546295166,0.4694024622440338,4,0.25,
fixed,1,2173,0.5095133185386658,0.0,0.011537258513271809,0.1760634183883667,0.5681009888648987,4,0.75,
fixed,1,2174,0.5260898470878601,0.0,0.011601349338889122,0.03725290298461914,0.5430663824081421,4,0.5,
fixed,1,2175,0.4885110855102539,0.0,0.02735219895839691,0.10658490657806396,0.5341626405715942,4,0.75,6.591413974761963
fixed,1,2176,0.6804341077804565,0.0,0.005974268075078726,0.06075417995452881,0.7016475200653076,4,0.5,
fixed,1,2177,1.226982831954956,0.0,0.0060232169926166534,0.03741753101348877,1.2412197589874268,4,0.25,
fixed,1,2178,0.8768205046653748,0.0,0.008384360931813717,0.07377386093139648,0.9031448364257812,4,0.5,
fixed,1,2179,0.270553857088089,0.0301151592284441,0.009100083261728287,0.2946047782897949,0.3785429000854492,4,0.75,
fixed,1,2180,1.3213603496551514,0.0003663711831904948,0.0012903534807264805,0.21568679809570312,1.386894702911377,4,0.0,0.5048688054084778
fixed,1,2181,0.690578818321228,0.02117338217794895,0.010159851983189583,0.2393360137939453,0.7780462503433228,4,0.75,
fixed,1,2182,1.0463199615478516,0.0,0.016054712235927582,0.18150687217712402,1.1087993383407593,4,0.75,
fixed,1,2183,1.2883131504058838,0.03622220829129219,0.0008995663374662399,0.20706558227539062,1.3689937591552734,4,0.25,
fixed,1,2184,1.166219711303711,0.0,0.003845029976218939,0.29056763648986816,1.2553125619888306,4,0.0,
fixed,1,2185,0.7489777207374573,0.0,0.006070112809538841,0.1864783763885498,0.8079562783241272,4,0.25,1.8818026781082153
fixed,1,2186,0.8219807744026184,0.0,0.016600120812654495,0.05038762092590332,0.8453971147537231,4,0.5,
fixed,1,2187,0.9359121322631836,0.033296506851911545,0.04434030503034592,0.1284276247024536,1.0132588148117065,4,0.25,
fixed,1,2188,0.9431969523429871,0.0,0.012307201512157917,0.057784438133239746,0.9666858911514282,4,0.5,
fixed,1,2189,0.7903034687042236,0.0,0.01135481707751751,0.07822537422180176,0.8194484710693359,4,0.5,
fixed,1,2190,0.8949819207191467,0.0,0.009277977049350739,0.08730757236480713,0.9258131980895996,4,0.5,2.9492039680480957
fixed,1,2191,0.7927806973457336,0.01725906692445278,0.010910515673458576,0.13419270515441895,0.8471233248710632,4,0.75,
fixed,1,2192,0.8754545450210571,0.0,0.01594013348221779,0.17314159870147705,0.9353671073913574,4,0.75,
fixed,1,2193,0.4363294839859009,0.0,0.029859326779842377,0.015486836433410645,0.4559051990509033,4,0.5,
fixed,1,2194,0.6158851385116577,0.0,0.031181205064058304,0.11467361450195312,0.6658778190612793,4,0.75,
fixed,1,2195,0.7324045896530151,0.0,0.004948101006448269,0.23410868644714355,0.8051112294197083,4,0.0,2.9833569526672363
fixed,1,2196,0.9522334337234497,0.0,0.03420685976743698,0.017840862274169922,0.9746891260147095,4,0.5,
fixed,1,2197,0.6971065402030945,0.0,0.021647319197654724,0.1408519744873047,0.7501857876777649,4,0.75,
fixed,1,2198,0.8812004923820496,0.0,0.0019277967512607574,0.34125471115112305,0.9845408201217651,4,0.0,
fixed,1,2199,0.3732767701148987,0.013606454245746136,0.012323090806603432,0.11408066749572754,0.42046573758125305,4,0.75,
fixed,1,2200,0.5863924026489258,0.022191159427165985,0.004758991301059723,0.06884956359863281,0.6205223798751831,4,0.5,2.679048776626587
fixed,1,2201,0.27742651104927063,0.0,0.014003361575305462,0.13449764251708984,0.3247774839401245,4,0.25,
fixed,1,2202,1.022301197052002,0.0,0.015140945091843605,0.16206753253936768,1.0784919261932373,4,0.75,
fixed,1,2203,1.3690683841705322,0.0,0.005807938985526562,0.10593771934509277,1.403753638267517,4,0.25,
fixed,1,2204,0.5212501287460327,0.0,0.02550261840224266,0.11651325225830078,0.5689554214477539,4,0.75,
fixed,1,2205,1.16640043258667,0.0,0.018511787056922913,0.13711214065551758,1.216789960861206,4,0.75,5.540456295013428
fixed,1,2206,1.014121413230896,0.0,0.0001549852022435516,0.3179922103881836,1.109596610069275,4,0.0,
fixed,1,2207,1.3696922063827515,0.0,0.0039783199317753315,0.08762228488922119,1.397968053817749,4,0.25,
fixed,1,2208,0.6540192365646362,0.0,0.01233583316206932,0.10871744155883789,0.692802369594574,3,0.5,
fixed,1,2209,0.6198738217353821,0.0,0.021132590249180794,0.04897952079772949,0.6451339721679688,4,0.5,
fixed,1,2210,0.8900842666625977,0.032402414828538895,0.009614352136850357,0.16779911518096924,0.9614323973655701,4,0.75,1.2342480421066284
fixed,1,2211,0.713692843914032,1.8600598195916973e-05,0.011673780158162117,0.04776632785797119,0.7338689565658569,4,0.5,
fixed,1,2212,0.5095399022102356,4.622945198207162e-06,0.03502081334590912,0.08592796325683594,0.5528309941291809,4,0.75,
fixed,1,2213,0.7800726294517517,0.0,0.009889372624456882,0.06966400146484375,0.8059164881706238,4,0.5,
fixed,1,2214,0.7604327201843262,1.2415400306053925e-05,0.009017102420330048,0.059958815574645996,0.7829351425170898,4,0.5,
fixed,1,2215,1.1822673082351685,5.837487151438836e-06,0.02411293238401413,0.12704253196716309,1.232439398765564,4,0.75,6.188652515411377
fixed,1,2216,0.7432207465171814,5.960290536677348e-07,0.011388242244720459,0.06945037841796875,0.7697502970695496,4,0.5,
fixed,1,2217,0.6594218611717224,9.925970516633242e-07,0.016737274825572968,0.1545637845993042,0.714160144329071,4,0.75,
fixed,1,2218,0.5920419692993164,0.0,0.021252024918794632,0.2491089105606079,0.6774006485939026,4,0.75,
fixed,1,2219,0.962407112121582,0.0,0.008920291438698769,0.133467435836792,1.0069074630737305,4,0.25,
fixed,1,2220,1.3179926872253418,0.0,0.013942568562924862,0.07899749279022217,1.3486632108688354,4,0.5,4.1068620681762695
fixed,1,2221,0.8373575210571289,0.0,0.005297020543366671,0.04841876029968262,0.8545316457748413,4,0.25,
fixed,1,2222,0.911171019077301,0.03245731070637703,0.006691288203001022,0.192421555519104,0.9884718060493469,4,0.75,
fixed,1,2223,1.1471691131591797,0.024996140971779823,0.0007210307521745563,0.05174696445465088,1.1755517721176147,4,0.25,
fixed,1,2224,0.8140615820884705,0.020070523023605347,0.01101311482489109,0.2320643663406372,0.899222731590271,4,0.75,
fixed,1,2225,0.4511774480342865,0.0,0.019956333562731743,0.1369161605834961,0.5022304654121399,4,0.75,5.91476583480835
fixed,1,2226,1.0204821825027466,0.0,0.03617505356669426,0.2756800651550293,1.1212737560272217,4,1.0,
fixed,1,2227,0.5138823986053467,0.03809013590216637,0.0005323340301401913,0.08183825016021729,0.557745099067688,4,0.5,
fixed,1,2228,0.510199785232544,0.0,0.03566836565732956,0.15075230598449707,0.5732596516609192,4,0.75,
fixed,1,2229,0.713064432144165,0.0,0.03685765713453293,0.021811723709106445,0.7380367517471313,4,0.5,
fixed,1,2230,0.5417241454124451,0.0,0.015783866867423058,0.09145641326904297,0.5770530104637146,4,0.5,4.543516635894775
fixed,1,2231,0.671838641166687,0.0,0.04446864500641823,0.08373236656188965,0.7191926836967468,4,0.75,
fixed,1,2232,1.1071230173110962,0.0,0.04506823047995567,0.11085963249206543,1.1629149913787842,4,0.75,
fixed,1,2233,1.1899542808532715,0.0,0.028660159558057785,0.02458488941192627,1.2116597890853882,4,0.5,
fixed,1,2234,0.6677650809288025,0.0,0.028386395424604416,0.10858893394470215,0.7145349383354187,4,0.5,
fixed,1,2235,1.2967199087142944,0.0,0.0022894535213708878,0.5489366054534912,1.46254563331604,4,0.0,2.0024235248565674
fixed,1,2236,1.0511751174926758,0.0,0.018914997577667236,0.08619093894958496,1.0864899158477783,4,0.5,
fixed,1,2237,0.2448493093252182,0.0,0.014641528017818928,0.20252907276153564,0.31292879581451416,4,0.25,
fixed,1,2238,0.7635539174079895,0.0,0.004883072338998318,0.27767980098724365,0.8492993712425232,4,0.0,
fixed,1,2239,0.8514940738677979,0.022864701226353645,0.0017796203028410673,0.12835955619812012,0.9023240804672241,4,0.25,
fixed,1,2240,0.574413537979126,0.0,0.0250341035425663,0.2169346809387207,0.652010977268219,4,0.75,7.203937530517578
fixed,1,2241,1.0510722398757935,0.0,0.04458508640527725,0.2433398962020874,1.1463667154312134,4,1.0,
fixed,1,2242,0.441742479801178,0.0,0.0023226451594382524,0.3556203842163086,0.5495899319648743,4,0.0,
fixed,1,2243,0.9653282165527344,0.0,0.020238086581230164,0.04533565044403076,0.9890479445457458,4,0.5,
fixed,1,2244,0.7849497199058533,0.0,0.0350109227001667,0.2846938371658325,0.8878633379936218,4,1.0,
fixed,1,2245,0.635914146900177,0.0,0.0412616990506649,0.06606400012969971,0.6763641834259033,4,0.75,9.081764221191406
fixed,1,2246,1.3878308534622192,0.0,0.024860337376594543,0.09234976768493652,1.4279659986495972,4,0.75,
fixed,1,2247,1.2656031847000122,0.0,0.025793079286813736,0.10140955448150635,1.3089226484298706,4,0.75,
fixed,1,2248,0.8856889605522156,0.031807512044906616,0.030534323304891586,0.2771124839782715,0.999993622303009,4,1.0,
fixed,1,2249,1.012917399406433,7.4746230893651955e-06,0.019451972097158432,0.027099967002868652,1.030777096748352,4,0.5,
fixed,1,2250,0.6292853951454163,1.9568376956158318e-05,4.987347892893013e-06,0.21490693092346191,0.6937697529792786,4,0.0,0.1014481708407402
fixed,1,2251,1.0054528713226318,2.5935090889106505e-05,0.016661303117871284,0.030188918113708496,1.022853136062622,4,0.5,
fixed,1,2252,0.8010362982749939,0.010025054216384888,0.017682699486613274,0.04208827018737793,0.8275166749954224,4,0.5,
fixed,1,2253,0.5292035341262817,0.0,0.023727161809802055,0.06922876834869385,0.561835765838623,4,0.25,
fixed,1,2254,0.5979832410812378,0.013794457539916039,0.010970354080200195,0.10798299312591553,0.6427605748176575,4,0.75,
fixed,1,2255,0.5916010737419128,0.01932487078011036,0.011636386625468731,0.05330610275268555,0.6230735182762146,4,0.5,1.2474185228347778
fixed,1,2256,1.3886021375656128,0.0,0.02366504818201065,0.1306304931640625,1.4396238327026367,4,0.75,
fixed,1,2257,0.5327020287513733,0.01879173144698143,4.258586614014348e-06,0.15112853050231934,0.5874385833740234,4,0.25,
fixed,1,2258,0.46372637152671814,0.0,0.015698354691267014,0.09289431571960449,0.49944382905960083,4,0.5,
fixed,1,2259,1.210047721862793,0.0,0.011812789365649223,0.08835113048553467,1.2424594163894653,4,0.5,
fixed,1,2260,0.5335536003112793,0.0,0.016829904168844223,0.08290767669677734,0.5668408870697021,4,0.5,4.544932842254639
fixed,1,2261,0.40073832869529724,2.1530274807446403e-07,0.007392915431410074,0.14236664772033691,0.44714489579200745,4,0.25,
fixed,1,2262,0.21424661576747894,0.0,0.038561515510082245,0.10405468940734863,0.26474377512931824,4,0.75,
fixed,1,2263,0.6565775275230408,0.0,0.022611260414123535,0.18662405014038086,0.7238703966140747,4,0.5,
fixed,1,2264,0.6456272602081299,0.009990500286221504,0.006363774184137583,0.19983243942260742,0.7137541174888611,4,0.5,
fixed,1,2265,0.5254868865013123,0.0,0.014982569962739944,0.05637645721435547,0.5498911142349243,4,0.5,4.1940531730651855
fixed,1,2266,0.4321691393852234,0.0,0.01279100775718689,0.07455694675445557,0.4609317183494568,4,0.5,
fixed,1,2267,1.242060661315918,0.0,0.017159296199679375,0.08109021186828613,1.2749674320220947,4,0.5,
fixed,1,2268,1.0331306457519531,0.0,0.01786636933684349,0.08468639850616455,1.0674697160720825,4,0.5,
fixed,1,2269,1.046556830406189,0.0,0.01795024983584881,0.17104613780975342,1.1068458557128906,4,0.75,
fixed,1,2270,1.2961657047271729,0.0,0.020261716097593307,0.16772162914276123,1.356613039970398,4,0.75,5.853991508483887
fixed,1,2271,0.7201148867607117,0.013806693255901337,0.010245556011795998,0.14497995376586914,0.7756350040435791,4,0.75,
fixed,1,2272,0.7456226348876953,0.0,0.016898659989237785,0.0940936803817749,0.7823000550270081,4,0.5,
fixed,1,2273,0.8500430583953857,0.0,0.005357600282877684,0.12087273597717285,0.8889836668968201,4,0.25,
fixed,1,2274,1.3725552558898926,0.0,0.0056075737811625,0.11889338493347168,1.4110270738601685,4,0.25,
fixed,1,2275,1.2972038984298706,0.0,0.000782418588642031,0.343206524848938,1.400557041168213,4,0.0,1.2867276668548584
fixed,1,2276,0.7832310795783997,0.029047951102256775,0.007520504295825958,0.06561541557312012,0.8211999535560608,4,0.5,
fixed,1,2277,0.5583183765411377,0.0,0.01982278935611248,0.043350934982299805,0.5812350511550903,4,0.5,
fixed,1,2278,0.6351097226142883,0.0342591367661953,0.01922774314880371,0.04885220527648926,0.6765088438987732,4,0.5,
fixed,1,2279,0.6171391010284424,0.0,0.029625657945871353,0.10401427745819092,0.6631562113761902,4,0.75,
fixed,1,2280,1.16432523727417,0.0,0.027923787012696266,0.3505876064300537,1.283463478088379,4,1.0,8.479016304016113
fixed,1,2281,0.5906490087509155,0.008078477345407009,0.009967532008886337,0.09770917892456055,0.6289847493171692,4,0.75,
fixed,1,2282,1.0482604503631592,0.0,0.013420207425951958,0.03327369689941406,1.0649526119232178,4,0.5,
fixed,1,2283,0.8789227604866028,0.0,0.01677936315536499,0.03548014163970947,0.8979564905166626,4,0.5,
fixed,1,2284,1.3101320266723633,0.0,0.010938149876892567,0.040538787841796875,1.3277627229690552,4,0.5,
fixed,1,2285,1.1790629625320435,0.0,0.018047111108899117,0.017148852348327637,1.193231225013733,4,0.5,4.457056999206543
fixed,1,2286,0.5850832462310791,0.0,0.0052979448810219765,0.056084513664245605,0.6045575737953186,4,0.25,
fixed,1,2287,1.0915900468826294,0.0,0.019538840278983116,0.13385355472564697,1.1415154933929443,4,0.75,
fixed,1,2288,1.2095093727111816,0.0,0.00017777936591301113,0.3082106113433838,1.3020614385604858,4,0.0,
fixed,1,2289,1.2960535287857056,0.0,0.005495972000062466,0.08260083198547363,1.3235818147659302,4,0.25,
fixed,1,2290,0.8549976348876953,9.181268865177117e-07,0.004710911773145199,0.04712867736816406,0.8714921474456787,4,0.25,1.6598454713821411
fixed,1,2291,0.7385664582252502,0.00846131518483162,0.008935398422181606,0.06527316570281982,0.766846776008606,4,0.5,
fixed,1,2292,1.0816432237625122,0.0,0.05054503679275513,0.21518397331237793,1.1714708805084229,4,1.0,
fixed,1,2293,0.7507201433181763,0.05898546427488327,0.007512987125664949,0.15645968914031982,0.8309072852134705,4,0.75,
fixed,1,2294,0.6052186489105225,0.0,0.011997178196907043,0.0667651891708374,0.63124680519104,4,0.5,
fixed,1,2295,0.6814538240432739,0.039852626621723175,0.012910781428217888,0.1289534568786621,0.7465215921401978,4,0.75,4.05055570602417
fixed,1,2296,0.8815110325813293,0.0,0.0002463793207425624,0.41222572326660156,1.0053019523620605,4,0.0,
fixed,1,2297,0.6024290919303894,0.012112392112612724,0.017356662079691887,0.1426072120666504,0.6599457859992981,4,0.75,
fixed,1,2298,0.3990192413330078,0.0,0.018557751551270485,0.06526434421539307,0.42787742614746094,4,0.5,
fixed,1,2299,0.9846071600914001,0.01807268150150776,0.02331487089395523,0.08223342895507812,1.0299710035324097,4,0.75,
fixed,1,2300,0.7131289839744568,0.008565873838961124,0.024753369390964508,0.07626926898956299,0.7526693940162659,4,0.75,3.7717649936676025
fixed,1,2301,0.28222405910491943,0.0,0.035794563591480255,0.08394920825958252,0.32530611753463745,4,0.75,
fixed,1,2302,0.3220016360282898,0.018330834805965424,0.015683574602007866,0.026786088943481445,0.3470446765422821,4,0.5,
fixed,1,2303,0.985399067401886,0.0,0.012550519779324532,0.13952112197875977,1.0335307121276855,4,0.25,
fixed,1,2304,1.0741405487060547,0.011808241717517376,0.01795859821140766,0.07280898094177246,1.110866665840149,4,0.5,
fixed,1,2305,1.0573850870132446,0.0,0.029784133657813072,0.06506919860839844,1.091797947883606,4,0.5,6.435703754425049
fixed,1,2306,0.7799322009086609,0.0,0.011613409966230392,0.11940312385559082,0.8215598464012146,4,0.25,
fixed,1,2307,0.4320756196975708,0.0,0.0421241894364357,0.016750574111938477,0.4581628739833832,4,0.5,
fixed,1,2308,0.7215217351913452,0.0,0.01649335026741028,0.04125106334686279,0.7421437501907349,4,0.25,
fixed,1,2309,1.1846665143966675,0.0,0.015667947009205818,0.13461625576019287,1.2328853607177734,4,0.25,
fixed,1,2310,0.8283831477165222,0.0,0.048342324793338776,0.028338193893432617,0.8610557913780212,4,0.5,8.571636199951172
fixed,1,2311,0.9950140714645386,0.0,0.018972568213939667,0.03458857536315918,1.0148769617080688,4,0.5,
fixed,1,2312,0.705311119556427,0.0023712581023573875,0.007180442102253437,0.06830847263336182,0.7305794954299927,4,0.25,
fixed,1,2313,0.7637436985969543,0.0,0.008856482803821564,0.04897153377532959,0.7828633785247803,4,0.25,
fixed,1,2314,0.8321157693862915,0.010418960824608803,0.007698106113821268,0.13215136528015137,0.8808197379112244,4,0.75,
fixed,1,2315,1.2224681377410889,0.0,0.0072605907917022705,0.04795432090759277,1.2404847145080566,4,0.25,2.3024985790252686
fixed,1,2316,1.2102386951446533,0.0,0.01853860542178154,0.059749603271484375,1.237432837486267,4,0.5,
fixed,1,2317,1.2083196640014648,0.0,0.020396247506141663,0.43903660774230957,1.3502287864685059,4,1.0,
fixed,1,2318,1.3619929552078247,0.0,0.023522954434156418,0.0552675724029541,1.3903347253799438,4,0.5,
fixed,1,2319,0.8154767155647278,0.0,0.007482938468456268,0.0899198055267334,0.8461941480636597,4,0.5,
fixed,1,2320,1.322405457496643,0.0,0.017646586522459984,0.14424514770507812,1.3745023012161255,4,0.25,3.833050489425659
fixed,1,2321,1.4011551141738892,0.0,0.005981120280921459,0.08572828769683838,1.4298641681671143,4,0.5,
fixed,1,2322,0.8864802122116089,0.0,0.023351332172751427,0.43045520782470703,1.0272924900054932,4,1.0,
fixed,1,2323,0.8921022415161133,0.03167741373181343,0.01439633034169674,0.4744022488594055,1.057459831237793,4,1.0,
fixed,1,2324,0.5021486282348633,0.0,0.012873176485300064,0.2207043170928955,0.5747964978218079,4,0.75,
fixed,1,2325,1.1571266651153564,0.02811512164771557,0.010156749747693539,0.20246100425720215,1.2370009422302246,4,0.75,1.0140584707260132
fixed,1,2326,0.9746643304824829,0.0,0.020728053525090218,0.08132028579711914,1.0094244480133057,4,0.25,
fixed,1,2327,1.027817964553833,0.0,0.0007395056309178472,0.4026913642883301,1.1489951610565186,4,0.0,
fixed,1,2328,0.7749658823013306,0.0,0.00831892341375351,0.03700542449951172,0.7902269959449768,4,0.25,
fixed,1,2329,0.6144450306892395,0.0,0.007915562950074673,0.12835180759429932,0.6569083333015442,4,0.25,
fixed,1,2330,1.1264070272445679,0.0,0.01118971686810255,0.07620954513549805,1.15486478805542,4,0.5,3.5646798610687256
fixed,1,2331,0.3648821711540222,0.040110837668180466,0.01960788294672966,0.22644507884979248,0.4626750648021698,4,1.0,
fixed,1,2332,0.27282780408859253,0.0,0.026804925873875618,0.03583085536956787,0.29697951674461365,4,0.5,
fixed,1,2333,1.5298738479614258,0.0,0.012675266712903976,0.04160666465759277,1.5486935377120972,4,0.5,
fixed,1,2334,1.4389761686325073,0.013530269265174866,0.010634252801537514,0.0809330940246582,1.475338339805603,4,0.5,
fixed,1,2335,0.9732195734977722,0.010507031343877316,0.029557611793279648,0.08528447151184082,1.0188372135162354,4,0.75,3.657914161682129
fixed,1,2336,1.4494898319244385,0.0,0.02642272412776947,0.11600899696350098,1.4975038766860962,4,0.75,
fixed,1,2337,0.7249764204025269,0.0,0.017521243542432785,0.052002787590026855,0.7493378520011902,4,0.5,
fixed,1,2338,0.2669103145599365,0.0,0.013890648260712624,0.03287351131439209,0.28371769189834595,4,0.25,
fixed,1,2339,1.1900699138641357,0.0,0.012476734817028046,0.04254341125488281,1.2090712785720825,4,0.25,
fixed,1,2340,0.7998649477958679,0.0,0.0011731655104085803,0.3772282600402832,0.9136199951171875,4,0.0,1.3809882402420044
fixed,1,2341,0.9152634143829346,0.0,0.019720319658517838,0.07473444938659668,0.9475439190864563,4,0.5,
fixed,1,2342,0.31910809874534607,0.0,0.024608738720417023,0.1249246597290039,0.36888986825942993,4,0.75,
fixed,1,2343,0.9963316917419434,0.0,0.04222678393125534,0.25316452980041504,1.09339439868927,4,1.0,
fixed,1,2344,0.9479350447654724,0.0,0.01004781387746334,0.048517465591430664,0.9675142168998718,4,0.25,
fixed,1,2345,0.6752276420593262,0.0,0.005073403939604759,0.12966585159301758,0.7166640758514404,4,0.25,1.704153299331665
fixed,1,2346,0.9322872757911682,0.0,0.01269050594419241,0.07428145408630371,0.9609169960021973,4,0.5,
fixed,1,2347,0.5842504501342773,0.0,0.017269428819417953,0.1529560089111328,0.6387719511985779,4,0.75,
fixed,1,2348,0.40922805666923523,0.0,0.025851691141724586,0.125252366065979,0.4597296118736267,4,0.75,
fixed,1,2349,1.3627558946609497,0.0,0.0005038927774876356,0.34043657779693604,1.4651387929916382,4,0.0,
fixed,1,2350,0.9280138611793518,0.0,0.0057847583666443825,0.09303796291351318,0.9588176012039185,4,0.25,1.9532203674316406
fixed,1,2351,0.7364644408226013,0.058430008590221405,0.006622245069593191,0.2698667049407959,0.8499505519866943,4,0.75,
fixed,1,2352,1.186249017715454,0.0,0.007258955389261246,0.0413670539855957,1.2022886276245117,4,0.25,
fixed,1,2353,0.40389516949653625,0.0,0.022824406623840332,0.06464886665344238,0.4347020387649536,4,0.25,
fixed,1,2354,0.26598045229911804,0.0,0.00610333913937211,0.08949565887451172,0.29588082432746887,4,0.25,
fixed,1,2355,0.8968386054039001,0.030227387323975563,0.006393906194716692,0.05595195293426514,0.9319348335266113,4,0.5,2.2516160011291504
fixed,1,2356,0.6894587278366089,0.0,0.006850027479231358,0.08587825298309326,0.7186472415924072,4,0.25,
fixed,1,2357,0.9865303039550781,0.0,0.0055452985689044,0.06592392921447754,1.009080171585083,4,0.25,
fixed,1,2358,0.8367784023284912,0.0,0.0182762760668993,0.05370795726776123,0.862028956413269,4,0.5,
fixed,1,2359,0.6903747320175171,1.1553705007827375e-05,0.005498120095580816,0.06460094451904297,0.7125098705291748,4,0.25,
fixed,1,2360,0.6862708330154419,0.0,0.011863239109516144,0.04659914970397949,0.7061821818351746,4,0.5,3.522230625152588
fixed,1,2361,0.8751627206802368,0.029398372396826744,0.010959580540657043,0.14418232440948486,0.9385963678359985,4,0.75,
fixed,1,2362,0.7814638018608093,0.029862049967050552,0.0049509769305586815,0.05553030967712402,0.8155294060707092,4,0.5,
fixed,1,2363,0.6687663197517395,7.326547120101168e-07,0.0012933219550177455,0.1795034408569336,0.7232643961906433,4,0.0,
fixed,1,2364,1.2576415538787842,0.0,0.004586509428918362,0.08003723621368408,1.2839460372924805,4,0.25,
fixed,1,2365,0.9149541258811951,4.4577172957360744e-06,0.00695162545889616,0.04907560348510742,0.933154821395874,4,0.25,2.0373804569244385
fixed,1,2366,1.1193042993545532,0.017405979335308075,6.718359509250149e-05,0.13079988956451416,1.1672807931900024,4,0.25,
fixed,1,2367,0.3269460201263428,0.0,0.0064211455173790455,0.13255321979522705,0.36992257833480835,4,0.25,
fixed,1,2368,0.6837394833564758,0.02782692015171051,0.0027548738289624453,0.03302884101867676,0.7089390158653259,4,0.25,
fixed,1,2369,0.648240327835083,0.0,0.020641067996621132,0.050118207931518555,0.6735963225364685,4,0.5,
fixed,1,2370,1.0544307231903076,0.0,0.005461486522108316,0.13386130332946777,1.0973198413848877,4,0.25,1.8724033832550049
fixed,1,2371,0.9847278594970703,0.0,0.016268353909254074,0.1812422275543213,1.0472346544265747,4,0.75,
fixed,1,2372,0.683886706829071,0.0,0.0374862477183342,0.11205780506134033,0.736247181892395,4,0.25,
fixed,1,2373,0.8980597853660583,0.013172043487429619,0.0062207006849348545,0.09743678569793701,0.9369871616363525,4,0.5,
fixed,1,2374,0.8900490999221802,0.0,0.0005270770634524524,0.12637066841125488,0.9282238483428955,4,0.0,
fixed,1,2375,1.4134457111358643,0.056382641196250916,0.006739657372236252,0.15889406204223633,1.4926750659942627,4,0.75,5.941219329833984
fixed,1,2376,0.5995656251907349,0.0,0.00011556992103578523,0.32901740074157715,0.6983286142349243,4,0.0,
fixed,1,2377,0.6178607940673828,0.01832006312906742,0.040606789290905,0.08166909217834473,0.6718249320983887,4,0.75,
fixed,1,2378,1.161095142364502,0.03536958247423172,0.007643748074769974,0.10357999801635742,1.213675856590271,4,0.5,
fixed,1,2379,1.379795789718628,0.008906081318855286,0.01807650551199913,0.11137378215789795,1.426699161529541,4,0.75,
fixed,1,2380,0.5981411337852478,0.0,0.0062560574151575565,0.03719186782836914,0.6124266982078552,4,0.25,1.972535252571106
fixed,1,2381,0.542672336101532,0.0,0.008014158345758915,0.10316085815429688,0.5776276588439941,4,0.25,
fixed,1,2382,0.749563455581665,0.0,0.0003522689512465149,0.3061283826828003,0.8415781259536743,4,0.0,
fixed,1,2383,1.0117604732513428,0.023657644167542458,0.031019102782011032,0.08832085132598877,1.0655951499938965,4,0.75,
fixed,1,2384,1.1161808967590332,0.0,0.014512517489492893,0.040442585945129395,1.1355699300765991,4,0.5,
fixed,1,2385,0.3182450830936432,0.0,0.015256080776453018,0.04000449180603027,0.33787447214126587,4,0.25,3.5532619953155518
fixed,1,2386,0.605658769607544,0.0,0.024088231846690178,0.04600882530212402,0.63150554895401,4,0.5,
fixed,1,2387,0.6040732264518738,0.0,0.029862456023693085,0.08923196792602539,0.6457740664482117,4,0.75,
fixed,1,2388,1.0641788244247437,0.0,0.002248904434964061,0.21135282516479492,1.128709077835083,4,0.0,
fixed,1,2389,1.1420868635177612,0.0003928473452106118,0.03791990876197815,0.054073452949523926,1.1774653196334839,4,0.5,
fixed,1,2390,0.9588350653648376,0.0002502439892850816,0.03674440085887909,0.045114755630493164,0.9908668398857117,4,0.5,6.463159561157227
fixed,1,2391,0.5765252113342285,0.0,0.04008307307958603,0.10687828063964844,0.6286302208900452,4,0.75,
fixed,1,2392,0.4644118845462799,0.0,0.02738768607378006,0.07857096195220947,0.5016770362854004,4,0.5,
fixed,1,2393,0.6868320107460022,0.010175998322665691,0.01579100824892521,0.13391268253326416,0.7399893403053284,4,0.75,
fixed,1,2394,0.7633542418479919,0.024655384942889214,0.006249374710023403,0.088936448097229,0.8054875731468201,4,0.5,
fixed,1,2395,0.7314954400062561,0.0,0.03907313942909241,0.08900737762451172,0.7777342200279236,4,0.25,6.216826915740967
fixed,1,2396,0.8192439675331116,0.0,0.03363567590713501,0.13186490535736084,0.8756212592124939,4,0.75,
fixed,1,2397,0.5081093907356262,0.03002043440937996,0.01738271676003933,0.15395581722259521,0.5779976844787598,4,0.75,
fixed,1,2398,0.6175682544708252,0.0,0.029552003368735313,0.13408541679382324,0.6725698709487915,4,0.75,
fixed,1,2399,0.45769697427749634,0.02574853040277958,0.011593108996748924,0.06912064552307129,0.4971039891242981,4,0.5,
fixed,1,2400,1.1506115198135376,0.0,0.015297857113182545,0.07619130611419678,1.1811178922653198,4,0.5,4.408980846405029
fixed,1,2401,0.8977330327033997,1.3081205906928517e-05,0.012125578708946705,0.059285640716552734,0.9215880632400513,4,0.5,
fixed,1,2402,0.4047081470489502,0.0,0.011699244379997253,0.07609796524047852,0.4333871603012085,4,0.5,
fixed,1,2403,1.1929267644882202,3.0438593967119232e-05,0.007839547470211983,0.03989911079406738,1.208831548690796,4,0.25,
fixed,1,2404,0.9612069725990295,0.0,0.01953950896859169,0.1526658535003662,1.016776442527771,4,0.75,
fixed,1,2405,1.286084532737732,0.0,0.006795214023441076,0.09979081153869629,1.3194193840026855,4,0.25,2.048175811767578
fixed,1,2406,0.42173752188682556,0.0,0.006995403207838535,0.043442726135253906,0.4382680356502533,4,0.25,
fixed,1,2407,1.2620010375976562,0.015533930622041225,0.00012016975233564153,0.15319252014160156,1.3157858848571777,4,0.25,
fixed,1,2408,0.5159260034561157,0.0,0.014945641160011292,0.06476438045501709,0.5428281426429749,4,0.5,
fixed,1,2409,1.4538418054580688,0.010713769122958183,0.0032969173043966293,0.0767824649810791,1.4838818311691284,4,0.5,
fixed,1,2410,1.4066638946533203,0.0,0.010972244665026665,0.08016645908355713,1.4361999034881592,4,0.5,3.4751758575439453
fixed,1,2411,0.4167085886001587,0.03128410130739212,0.0046774898655712605,0.08021819591522217,0.45875483751296997,4,0.5,
fixed,1,2412,0.9033412337303162,0.0,0.020144306123256683,0.17795336246490479,0.9667993783950806,4,0.75,
fixed,1,2413,0.6611629724502563,0.01567697525024414,0.004475584253668785,0.0763329267501831,0.6941391229629517,4,0.5,
fixed,1,2414,0.5449491143226624,0.0,0.03115222603082657,0.030583739280700684,0.5697003602981567,4,0.5,
fixed,1,2415,0.8015606999397278,0.0,0.015582279302179813,0.15610408782958984,0.8561830520629883,4,0.75,4.96982479095459
fixed,1,2416,0.5504615306854248,0.025561591610312462,0.0005292482092045248,0.13958191871643066,0.6053815484046936,4,0.25,
fixed,1,2417,0.41453495621681213,0.012840846553444862,0.0073238094337284565,0.06649577617645264,0.444566011428833,4,0.5,
fixed,1,2418,0.9919344782829285,0.0,0.0009310310706496239,0.37678539752960205,1.1054356098175049,4,0.0,
fixed,1,2419,0.842323899269104,0.030734270811080933,0.025396540760993958,0.09183168411254883,0.8979387879371643,4,0.75,
fixed,1,2420,1.3972728252410889,0.0,0.01388681959360838,0.03913593292236328,1.415956974029541,4,0.5,3.65610671043396
fixed,1,2421,0.735237181186676,0.007136304397135973,0.01466448325663805,0.07749879360198975,0.7693872451782227,4,0.75,
fixed,1,2422,0.607365608215332,0.0,0.008941982872784138,0.05024600028991699,0.626910388469696,4,0.25,
fixed,1,2423,0.9790443181991577,0.0,0.028989749029278755,0.04680216312408447,1.0075798034667969,4,0.5,
fixed,1,2424,0.8549582958221436,0.0,0.014791944064199924,0.05722177028656006,0.8795207738876343,4,0.25,
fixed,1,2425,0.6919087171554565,0.0,0.026577414944767952,0.1843092441558838,0.7604901790618896,4,0.25,4.858290672302246
fixed,1,2426,0.6196500062942505,0.01580648310482502,0.01162747759371996,0.0965428352355957,0.6623298525810242,4,0.75,
fixed,1,2427,0.571533739566803,0.017232373356819153,0.013048939406871796,0.11382246017456055,0.6208211183547974,4,0.75,
fixed,1,2428,0.8628460764884949,0.03208734840154648,0.01935957744717598,0.13097810745239258,0.9278630018234253,4,0.75,
fixed,1,2429,0.8843907713890076,0.0,0.029164128005504608,0.10788631439208984,0.9313387274742126,4,0.75,
fixed,1,2430,0.4922248423099518,0.0,0.014256356284022331,0.16817450523376465,0.5498054027557373,4,0.25,3.492547035217285
fixed,1,2431,0.9594140648841858,0.0,0.010310487821698189,0.07757019996643066,0.9878403544425964,4,0.5,
fixed,1,2432,0.8420062065124512,0.013493847101926804,0.0006604748778045177,0.17202246189117432,0.9006900787353516,4,0.25,
fixed,1,2433,0.6545230150222778,0.0,0.0020121331326663494,0.24943900108337402,0.7303608059883118,4,0.0,
fixed,1,2434,0.7079203128814697,0.0,0.009288806468248367,0.07208168506622314,0.7341892123222351,4,0.5,
fixed,1,2435,1.2488082647323608,0.0,0.009084438905119896,0.041036128997802734,1.265661358833313,4,0.25,2.7617177963256836
fixed,1,2436,0.8214367628097534,0.0,0.008259731344878674,0.05820512771606445,0.84302818775177,4,0.5,
fixed,1,2437,1.0217185020446777,0.0,0.015193386934697628,0.1539475917816162,1.0754995346069336,4,0.75,
fixed,1,2438,0.37515053153038025,0.0,0.010420003905892372,0.06803250312805176,0.40077027678489685,4,0.5,
fixed,1,2439,0.9718574285507202,0.0,0.00698909442871809,0.04484856128692627,0.9888065457344055,4,0.25,
fixed,1,2440,1.01137113571167,0.0,0.013261008076369762,0.1868494749069214,1.0740565061569214,4,0.75,4.60513973236084
fixed,1,2441,0.9142326712608337,0.027835721150040627,0.004580767825245857,0.06760108470916748,0.950721263885498,4,0.5,
fixed,1,2442,0.8998678922653198,0.0,0.00833912193775177,0.06756675243377686,0.9243074655532837,4,0.5,
fixed,1,2443,0.6257295608520508,0.0,0.020025108009576797,0.41421282291412354,0.7600059509277344,4,1.0,
fixed,1,2444,0.6634181141853333,0.02750033512711525,0.009500246495008469,0.29479265213012695,0.7703561782836914,4,0.75,
fixed,1,2445,1.165102243423462,0.0,0.007602116093039513,0.11649966239929199,1.2038532495498657,4,0.25,2.1580512523651123
fixed,1,2446,0.43869829177856445,0.0,0.014951841905713081,0.057680726051330566,0.4634784460067749,4,0.5,
fixed,1,2447,0.6714450120925903,0.0,0.027944229543209076,0.319551944732666,0.7812827229499817,4,1.0,
fixed,1,2448,0.8950475454330444,0.0,0.00957411713898182,0.12869501113891602,0.938443124294281,4,0.25,
fixed,1,2449,0.5577280521392822,0.008735339157283306,0.01971810683608055,0.04334521293640137,0.5849583148956299,4,0.5,
fixed,1,2450,1.1913416385650635,0.0,0.008694000542163849,0.13721394538879395,1.2368528842926025,4,0.25,2.785660743713379
fixed,1,2451,0.740320086479187,0.02285209484398365,0.021320097148418427,0.08854031562805176,0.7889682650566101,4,0.75,
fixed,1,2452,1.0317206382751465,0.0,0.03623388335108757,0.20683646202087402,1.1118885278701782,4,0.0,
fixed,1,2453,0.784182608127594,0.015138047747313976,0.0009623959776945412,0.1280428171157837,0.8306456804275513,4,0.25,
fixed,1,2454,0.5933172106742859,0.009066660888493061,0.02112947590649128,0.11235570907592773,0.6421219706535339,4,0.75,
fixed,1,2455,0.9448435306549072,0.0,0.012215236201882362,0.11705374717712402,0.9860672950744629,4,0.25,3.25062894821167
fixed,1,2456,0.5764983892440796,1.634691813023892e-07,0.02094484306871891,0.07401180267333984,0.6091744303703308,4,0.5,
fixed,1,2457,0.7040573358535767,0.007327439729124308,0.02359805628657341,0.04610002040863037,0.7333500981330872,4,0.75,
fixed,1,2458,0.8358435034751892,0.0,0.04215417802333832,0.05928051471710205,0.8747047185897827,4,0.5,
fixed,1,2459,1.0368623733520508,0.010354478843510151,0.03276800364255905,0.057396531105041504,1.0756425857543945,4,0.75,
fixed,1,2460,0.5784125924110413,0.0,0.025964759290218353,0.05574500560760498,0.60811847448349,4,0.5,6.3709516525268555
fixed,1,2461,1.2125158309936523,0.0,0.031521208584308624,0.10351717472076416,1.2593315839767456,4,0.75,
fixed,1,2462,0.5971413850784302,0.0,0.00028751074569299817,0.32165026664733887,0.693780243396759,4,0.0,
fixed,1,2463,0.8207534551620483,0.0,0.008193738758563995,0.10812973976135254,0.8572892546653748,4,0.25,
fixed,1,2464,0.9619566798210144,0.0,0.004890070296823978,0.0845024585723877,0.989752471446991,4,0.25,
fixed,1,2465,0.7645345330238342,0.0,0.018705377355217934,0.11053991317749023,0.8070492148399353,4,0.25,3.928041934967041
fixed,1,2466,1.299393653869629,2.672494474609266e-06,0.02032836154103279,0.0423579216003418,1.3222665786743164,4,0.5,
fixed,1,2467,0.5870923399925232,0.029354626312851906,0.021155010908842087,0.35525476932525635,0.7189235687255859,4,1.0,
fixed,1,2468,0.8882131576538086,1.6990965150398551e-06,0.013716962188482285,0.18724560737609863,0.9512461423873901,4,0.75,
fixed,1,2469,0.6859418749809265,0.0361507311463356,0.006062931381165981,0.09879493713378906,0.736687183380127,4,0.5,
fixed,1,2470,0.7775541543960571,0.00020524029969237745,0.019326046109199524,0.08342242240905762,0.8123465180397034,4,0.25,3.645275831222534
fixed,1,2471,1.288057804107666,0.00011507673480082303,0.0,0.2413921356201172,1.3605329990386963,4,0.0,
fixed,1,2472,1.154355525970459,7.749932410661131e-05,0.013291580602526665,0.05881607532501221,1.1786848306655884,4,0.5,
fixed,1,2473,0.9508392214775085,5.833711111336015e-05,0.011068063788115978,0.09288108348846436,0.9842667579650879,4,0.5,
fixed,1,2474,0.4172915816307068,0.00011908998567378148,0.017975451424717903,0.17904996871948242,0.4800538420677185,4,0.75,
fixed,1,2475,0.6125375032424927,0.023916080594062805,0.01920090988278389,0.340024471282959,0.736103355884552,4,1.0,1.9676411151885986
fixed,1,2476,0.8436419367790222,2.7470337954582646e-05,0.014129141345620155,0.0690380334854126,0.8714316487312317,4,0.5,
fixed,1,2477,1.1420994997024536,0.03113245591521263,0.004567457363009453,0.07183432579040527,1.181499719619751,4,0.5,
fixed,1,2478,0.4552896320819855,1.194016840599943e-05,3.593719611671986e-06,0.3124544620513916,0.5490337610244751,4,0.0,
fixed,1,2479,1.0561003684997559,5.0033577281283215e-06,0.005603843834251165,0.11894536018371582,1.0945883989334106,4,0.25,
fixed,1,2480,0.6585664749145508,0.0,0.017491426318883896,0.159745454788208,0.7152358293533325,4,0.75,5.791909694671631
fixed,1,2481,0.6710070371627808,0.01254507526755333,1.0687055691960268e-05,0.16381514072418213,0.7264294624328613,4,0.25,
fixed,1,2482,1.2359538078308105,0.0,0.024614853784441948,0.07380950450897217,1.2704041004180908,4,0.25,
fixed,1,2483,1.1340538263320923,0.0,0.0159924253821373,0.06193578243255615,1.1606308221817017,4,0.5,
fixed,1,2484,1.617231011390686,0.0,0.005497277248650789,0.09685289859771729,1.6490355730056763,4,0.25,
fixed,1,2485,1.1320219039916992,0.0,0.0016902736388146877,0.1898409128189087,1.1898193359375,4,0.0,0.9581988453865051
fixed,1,2486,0.8192514181137085,4.5927122300781775e-06,0.006820707116276026,0.0823357105255127,0.8473647832870483,4,0.25,
fixed,1,2487,0.1638546735048294,0.0,0.027685189619660378,0.05382537841796875,0.19384488463401794,4,0.5,
fixed,1,2488,1.1633021831512451,9.549262358632404e-07,0.015879353508353233,0.04688525199890137,1.1853078603744507,4,0.5,
fixed,1,2489,1.0461628437042236,2.0596603462763596e-06,0.007117056287825108,0.0788421630859375,1.0733751058578491,4,0.25,
fixed,1,2490,0.12692420184612274,2.0933268388034776e-05,0.007457478437572718,0.0688934326171875,0.15133143961429596,4,0.25,2.149108409881592
fixed,1,2491,0.6176300048828125,1.2258239621587563e-05,0.02474057674407959,0.13877534866333008,0.6716390252113342,4,0.75,
fixed,1,2492,0.5703102350234985,0.00015528946823906153,0.0,0.18786382675170898,0.6267470121383667,4,0.0,
fixed,1,2493,1.038535475730896,1.8787455701385625e-05,0.007993754930794239,0.09826493263244629,1.072021245956421,4,0.25,
fixed,1,2494,0.6853104829788208,0.0,0.021848879754543304,0.2316070795059204,0.7657170295715332,4,0.75,
fixed,1,2495,0.4237312972545624,0.00016418829909525812,0.006638373248279095,0.06518316268920898,0.4466875195503235,4,0.25,2.0114188194274902
fixed,1,2496,0.5607630610466003,0.033433619886636734,0.010481053963303566,0.181726336479187,0.6372383236885071,4,0.75,
fixed,1,2497,1.0202924013137817,4.10678876505699e-05,0.014375044032931328,0.06547212600708008,1.0471421480178833,4,0.5,
fixed,1,2498,0.5501113533973694,9.583022620063275e-05,0.009693212807178497,0.07763874530792236,0.57829749584198,4,0.5,
fixed,1,2499,1.0827783346176147,9.552176925353706e-05,3.747071332327323e-06,0.23680341243743896,1.1538690328598022,4,0.0,
fixed,1,2500,0.7802667617797852,0.019079456105828285,0.010014709085226059,0.15765881538391113,0.8421114683151245,4,0.75,1.2069147825241089
fixed,1,2501,0.6801761388778687,0.019326403737068176,0.005435823928564787,0.07292914390563965,0.7144359946250916,4,0.5,
fixed,1,2502,0.5705929398536682,3.122744018924095e-08,0.0164934154599905,0.07857203483581543,0.6024112701416016,4,0.5,
fixed,1,2503,1.3402576446533203,0.02331283502280712,2.123560534528224e-06,0.09430015087127686,1.3802051544189453,4,0.25,
fixed,1,2504,0.40628781914711,7.3120031629514415e-06,0.02138645574450493,0.06873726844787598,0.4376058876514435,4,0.5,
fixed,1,2505,0.6299360990524292,0.0,0.01813238300383091,0.16838407516479492,0.6895174980163574,4,0.75,5.9425835609436035
fixed,1,2506,0.7269594669342041,0.0,0.03499128296971321,0.10569882392883301,0.7761647701263428,4,0.75,
fixed,1,2507,0.7746903896331787,0.0,5.0132948672398925e-05,0.30219149589538574,0.865372896194458,4,0.0,
fixed,1,2508,0.8278805613517761,5.561872058024164e-06,0.01335540134459734,0.06208956241607666,0.8531879186630249,4,0.5,
fixed,1,2509,0.6575982570648193,0.0,0.027141323313117027,0.19538569450378418,0.7297846078872681,4,0.75,
fixed,1,2510,0.6195670366287231,0.0,0.014335133135318756,0.05845046043395996,0.6442697644233704,4,0.5,4.408154010772705
fixed,1,2511,0.9124242067337036,0.0,0.030428621917963028,0.11368727684020996,0.9617447257041931,4,0.75,
fixed,1,2512,0.742448627948761,0.0,0.02275468222796917,0.0523219108581543,0.7695225477218628,4,0.5,
fixed,1,2513,0.6352971196174622,0.02952723391354084,0.01729838363826275,0.13757038116455078,0.6999810338020325,4,0.75,
fixed,1,2514,0.952330470085144,0.0,0.023341279476881027,0.1282520294189453,1.002476692199707,4,0.75,
fixed,1,2515,1.1277278661727905,0.0,0.013986832462251186,0.04930293560028076,1.1495121717453003,4,0.5,4.269883632659912
fixed,1,2516,1.2788200378417969,0.0,0.012654170393943787,0.049590468406677246,1.3000242710113525,4,0.5,
fixed,1,2517,1.101314902305603,0.0,0.01001017726957798,0.05843913555145264,1.1238517761230469,4,0.5,
fixed,1,2518,0.9063658714294434,0.0,0.014619546942412853,0.045621633529663086,0.9273621439933777,4,0.5,
fixed,1,2519,0.8441137671470642,0.019296474754810333,0.023404337465763092,0.27365565299987793,0.9475608468055725,4,1.0,
fixed,1,2520,1.3441652059555054,0.0,0.01432729046791792,0.03979802131652832,1.363268256187439,4,0.5,4.085517406463623
fixed,1,2521,0.5299692749977112,0.0,0.022899208590388298,0.11953938007354736,0.5772807002067566,4,0.75,
fixed,1,2522,0.5662100315093994,0.0,0.027086829766631126,0.11542606353759766,0.6143812537193298,4,0.75,
fixed,1,2523,1.4063634872436523,0.028263192623853683,0.00017583258158992976,0.11308956146240234,1.4545098543167114,4,0.25,
fixed,1,2524,0.6202219128608704,0.0,0.00018821681442204863,0.33875906467437744,0.721943736076355,4,0.0,
fixed,1,2525,0.8266225457191467,0.0,0.002675861120223999,0.24120914936065674,0.900323212146759,4,0.0,1.5900933742523193
fixed,1,2526,0.4302058517932892,0.0,0.00031174812465906143,0.34960031509399414,0.5352418422698975,4,0.0,
fixed,1,2527,1.5072859525680542,0.015906112268567085,0.021988049149513245,0.2616841793060303,1.6047382354736328,4,1.0,
fixed,1,2528,1.1636674404144287,0.0,0.007857006043195724,0.08136749267578125,1.192006230354309,4,0.25,
fixed,1,2529,0.3272276818752289,0.0,0.019221942871809006,0.03365516662597656,0.3469352126121521,4,0.5,
fixed,1,2530,0.6125798225402832,0.0,0.02512417919933796,0.03518080711364746,0.6356961727142334,4,0.5,6.023927688598633
fixed,1,2531,0.691171407699585,6.781731940463942e-07,0.01973772794008255,0.029599785804748535,0.7099205255508423,4,0.5,
fixed,1,2532,0.4560041129589081,0.0,0.03508598357439041,0.26114654541015625,0.5518910884857178,4,1.0,
fixed,1,2533,1.2102982997894287,0.0,0.014059208333492279,0.03805649280548096,1.2287448644638062,4,0.5,
fixed,1,2534,0.7240702509880066,0.0,0.034406814724206924,0.07405459880828857,0.7634900212287903,4,0.75,
fixed,1,2535,1.4354208707809448,0.0,0.007219926919788122,0.20500946044921875,1.5005336999893188,4,0.0,3.260664701461792
fixed,1,2536,0.9601512551307678,1.7412028796570667e-07,0.02344413846731186,0.04954385757446289,0.9867365956306458,4,0.5,
fixed,1,2537,1.2448594570159912,0.026809044182300568,0.008022970519959927,0.052497148513793945,1.2780245542526245,4,0.5,
fixed,1,2538,0.5425007939338684,0.020078206434845924,0.025312893092632294,0.13573479652404785,0.6059167981147766,4,0.75,
fixed,1,2539,1.2485592365264893,0.0,0.011845446191728115,0.1277167797088623,1.2927969694137573,4,0.25,
fixed,1,2540,0.308478444814682,0.0,0.018622832372784615,0.14195752143859863,0.36037713289260864,4,0.75,6.125064849853516
fixed,1,2541,0.783721387386322,0.0,0.014174828305840492,0.08405506610870361,0.8160253167152405,4,0.5,
fixed,1,2542,0.5939693450927734,0.0,0.008816413581371307,0.1635798215866089,0.6474515199661255,4,0.25,
fixed,1,2543,0.8926393985748291,0.0,0.023119250312447548,0.15264010429382324,0.9499910473823547,4,0.75,
fixed,1,2544,0.7555075287818909,0.02626819536089897,0.014854750595986843,0.16052401065826416,0.8242262005805969,4,0.75,
fixed,1,2545,0.7066963315010071,0.025767222046852112,0.021932322531938553,0.11852288246154785,0.7661029696464539,4,0.75,1.8782299757003784
fixed,1,2546,1.127632975578308,0.0,0.015399311669170856,0.08854389190673828,1.161895751953125,4,0.5,
fixed,1,2547,1.3346388339996338,0.0,0.02525283582508564,0.1483703851699829,1.3917763233184814,4,0.75,
fixed,1,2548,0.627246081829071,0.02727094665169716,0.008214453235268593,0.07302069664001465,0.6668949723243713,4,0.5,
fixed,1,2549,0.49347248673439026,0.011772717349231243,0.01428935769945383,0.10924899578094482,0.5392782092094421,4,0.75,
fixed,1,2550,1.1538057327270508,0.0,0.017715968191623688,0.07116889953613281,1.1840144395828247,4,0.5,5.007900714874268
fixed,1,2551,0.6120103597640991,0.0,0.018047736957669258,0.04925644397735596,0.6358111500740051,4,0.25,
fixed,1,2552,0.9431554079055786,0.0,0.03883454203605652,0.06309747695922852,0.9815019369125366,4,0.75,
fixed,1,2553,1.4763879776000977,0.0,0.027688786387443542,0.02955770492553711,1.4990997314453125,4,0.5,
fixed,1,2554,1.7056877613067627,0.011708668433129787,0.011341802775859833,0.04806208610534668,1.7316316366195679,4,0.5,
fixed,1,2555,0.7705488801002502,0.010382380336523056,0.010408516973257065,0.057095885276794434,0.7980731129646301,4,0.5,1.3400713205337524
fixed,1,2556,0.9584801197052002,0.0,0.01359262503683567,0.049927592277526855,0.9802547097206116,4,0.5,
fixed,1,2557,0.5811138153076172,0.0,0.007254387252032757,0.11312544345855713,0.618678629398346,4,0.25,
fixed,1,2558,0.5315984487533569,0.0,0.02081991359591484,0.07727372646331787,0.5651905536651611,4,0.5,
fixed,1,2559,1.1880987882614136,0.012931730598211288,0.008983341045677662,0.07334589958190918,1.221060037612915,4,0.5,
fixed,1,2560,0.9803985953330994,0.0,0.022850677371025085,0.1110389232635498,1.0251356363296509,4,0.75,6.820615291595459
fixed,1,2561,0.469124436378479,0.011029110290110111,0.008096554316580296,0.06518411636352539,0.49824249744415283,4,0.5,
fixed,1,2562,0.9952294230461121,0.0,0.0007550154696218669,0.35459136962890625,1.1019843816757202,4,0.0,
fixed,1,2563,0.8388849496841431,0.019580265507102013,0.024367235600948334,0.263944149017334,0.9400419592857361,4,1.0,
fixed,1,2564,1.0636874437332153,0.0135109331458807,0.0005366710247471929,0.15166687965393066,1.1162112951278687,4,0.25,
fixed,1,2565,0.5840919017791748,0.01173153705894947,0.01051208283752203,0.04471468925476074,0.6086280941963196,4,0.5,1.2346073389053345
fixed,1,2566,0.6269633173942566,0.0,0.017648667097091675,0.03346860408782959,0.6458282470703125,4,0.5,
fixed,1,2567,0.7755724787712097,0.009694152511656284,0.017277173697948456,0.05367934703826904,0.8051619529724121,4,0.5,
fixed,1,2568,0.9059033393859863,0.0,0.01907329075038433,0.03800463676452637,0.9268413782119751,4,0.5,
fixed,1,2569,0.9276534914970398,0.0,0.01756691187620163,0.05598926544189453,0.9532337188720703,4,0.5,
fixed,1,2570,1.0004750490188599,6.274240149650723e-07,0.0021594674326479435,0.21968841552734375,1.067461609840393,4,0.0,1.372240424156189
fixed,1,2571,0.570716142654419,0.020188771188259125,0.009453915990889072,0.054340243339538574,0.601839542388916,4,0.5,
fixed,1,2572,1.0506911277770996,0.0,0.007938739843666553,0.09969282150268555,1.0845683813095093,4,0.25,
fixed,1,2573,0.37271955609321594,0.0,0.013768848963081837,0.07350945472717285,0.4016568064689636,4,0.5,
fixed,1,2574,0.8630110621452332,0.0,0.0285731740295887,0.1060870885848999,0.9091237783432007,4,0.75,
fixed,1,2575,0.7097387313842773,0.0,0.017983533442020416,0.052245140075683594,0.7344040274620056,4,0.5,5.041925430297852
fixed,1,2576,1.146393895149231,0.0,0.017585596069693565,0.16038179397583008,1.203301191329956,4,0.75,
fixed,1,2577,0.71940678358078,0.024624958634376526,0.005070104263722897,0.10326647758483887,0.7652342319488525,4,0.5,
fixed,1,2578,0.9694200158119202,0.04297954589128494,0.01618022844195366,0.28673088550567627,1.0850191116333008,4,1.0,
fixed,1,2579,0.8765828609466553,0.0,0.025662273168563843,0.1149287223815918,0.923892617225647,4,0.5,
fixed,1,2580,1.089306354522705,0.014785818755626678,0.007998151704668999,0.12291038036346436,1.1375714540481567,4,0.75,2.834941864013672
fixed,1,2581,0.8914328217506409,0.0,0.021921560168266296,0.11441254615783691,0.9367173910140991,4,0.5,
fixed,1,2582,0.690759003162384,0.008980407379567623,0.0007833309937268496,0.27686357498168945,0.7786999344825745,4,0.25,
fixed,1,2583,0.8073179125785828,0.005712291691452265,0.02465389296412468,0.08592438697814941,0.8482783436775208,4,0.5,
fixed,1,2584,0.4934180974960327,0.0,0.051284752786159515,0.0874565839767456,0.5452974438667297,4,0.5,
fixed,1,2585,0.28763866424560547,0.0064369868487119675,0.016946423798799515,0.08791029453277588,0.3257034718990326,4,0.75,3.1270296573638916
fixed,1,2586,0.534756064414978,0.0,0.017295535653829575,0.05051612854003906,0.5585587024688721,4,0.5,
fixed,1,2587,1.1145575046539307,0.0,0.041393715888261795,0.02668583393096924,1.14326012134552,4,0.5,
fixed,1,2588,1.4626985788345337,0.0,0.007318299263715744,0.10456228256225586,1.4977264404296875,4,0.25,
fixed,1,2589,1.0665315389633179,0.0,0.023004809394478798,0.04903900623321533,1.0927456617355347,4,0.5,
fixed,1,2590,0.3729056119918823,4.8132682422874495e-05,0.020847400650382042,0.0598069429397583,0.4012954533100128,4,0.5,5.3922271728515625
fixed,1,2591,0.6651216149330139,0.0,0.011922313831746578,0.10342168807983398,0.7021092772483826,4,0.25,
fixed,1,2592,1.3015568256378174,0.0,0.021446822211146355,0.05174219608306885,1.3278028964996338,4,0.5,
fixed,1,2593,0.9767547249794006,0.0,0.006003997754305601,0.08483672142028809,1.0052077770233154,4,0.25,
fixed,1,2594,0.8055410981178284,0.0,0.016228776425123215,0.04780244827270508,0.8279961943626404,4,0.5,
fixed,1,2595,1.101431131362915,0.0,0.008752526715397835,0.03387773036956787,1.1159707307815552,4,0.25,2.892631769180298
fixed,1,2596,0.487738698720932,0.0,0.004412466660141945,0.11266112327575684,0.5237432718276978,4,0.25,
fixed,1,2597,0.6436402797698975,0.012243766337633133,0.01926899328827858,0.0267866849899292,0.6674326658248901,4,0.5,
fixed,1,2598,1.1340389251708984,0.013860786333680153,0.003342761192470789,0.09673047065734863,1.1716598272323608,4,0.5,
fixed,1,2599,0.8750180006027222,0.0,0.004625502973794937,0.1460864543914795,0.9211567044258118,4,0.25,
fixed,1,2600,0.5836724042892456,0.032344069331884384,0.013607571832835674,0.2133619785308838,0.6706568002700806,4,0.75,0.9911022782325745
fixed,1,2601,0.7499487400054932,0.0,0.003995572216808796,0.030365824699401855,0.7610563039779663,4,0.25,
fixed,1,2602,0.6348711848258972,0.0,0.006350147537887096,0.09843862056732178,0.667577862739563,4,0.5,
fixed,1,2603,0.7497344017028809,0.0,0.006322180386632681,0.43362104892730713,0.8829817771911621,4,0.75,
fixed,1,2604,0.8493940830230713,0.0,0.003871651366353035,0.15090632438659668,0.8966017961502075,4,0.25,
fixed,1,2605,0.844216525554657,0.0,0.023289645090699196,0.20428860187530518,0.9171479344367981,4,0.25,4.938740253448486
fixed,1,2606,0.5310341715812683,0.0,0.005096960812807083,0.02603459358215332,0.5413930416107178,4,0.25,
fixed,1,2607,1.0975205898284912,0.0,0.005854002200067043,0.3142731189727783,1.1947295665740967,4,0.75,
fixed,1,2608,0.7813056707382202,0.0,0.0032640944700688124,0.08910393714904785,0.8096688985824585,4,0.25,
fixed,1,2609,0.9933515191078186,0.016649315133690834,0.018060069531202316,0.028880953788757324,1.0193705558776855,4,0.5,
fixed,1,2610,0.7402035593986511,0.0,0.0076554156839847565,0.09210002422332764,0.7716612815856934,4,0.5,2.6288034915924072
fixed,1,2611,0.6225217580795288,0.04343492537736893,0.017421970143914223,0.21886193752288818,0.7186087965965271,4,0.75,
fixed,1,2612,1.3079367876052856,0.019027935341000557,0.004323321394622326,0.22769391536712646,1.387920618057251,4,0.75,
fixed,1,2613,0.9830885529518127,0.0,0.0030341637320816517,0.07844781875610352,1.008139967918396,4,0.25,
fixed,1,2614,0.523466944694519,0.035202834755182266,0.00824540201574564,0.06763935089111328,0.5654828548431396,4,0.5,
fixed,1,2615,0.6493752598762512,0.0,0.009785078465938568,0.07111597061157227,0.6756026148796082,4,0.5,3.3653640747070312
fixed,1,2616,0.6303181052207947,0.0,0.044751863926649094,0.2258521318435669,0.720449686050415,4,1.0,
fixed,1,2617,1.3208929300308228,0.0,0.015203026123344898,0.05975496768951416,1.3464208841323853,4,0.5,
fixed,1,2618,1.2048492431640625,0.0,0.007620303425937891,0.043183088302612305,1.2216143608093262,4,0.25,
fixed,1,2619,0.3531540036201477,0.0,0.0368795283138752,0.03081798553466797,0.38083916902542114,4,0.25,
fixed,1,2620,0.8469202518463135,0.0,0.011557508260011673,0.04321599006652832,0.8656638264656067,4,0.25,3.404177188873291
fixed,1,2621,1.3896400928497314,0.0055650370195508,0.0004952984163537621,0.23318862915039062,1.4626268148422241,4,0.0,
fixed,1,2622,1.1629486083984375,0.008960523642599583,0.008041666820645332,0.08038568496704102,1.1955654621124268,4,0.5,
fixed,1,2623,0.5116518139839172,0.0,0.004566602874547243,0.0935065746307373,0.5419870615005493,4,0.25,
fixed,1,2624,0.6192874312400818,0.028562098741531372,0.0003513815172482282,0.11026513576507568,0.6668237447738647,4,0.25,
fixed,1,2625,0.833469033241272,0.03009142354130745,0.007739144377410412,0.18552517890930176,0.9080418944358826,4,0.75,1.676411747932434
fixed,1,2626,0.947554349899292,0.0,0.030541744083166122,0.03745770454406738,0.9740625619888306,4,0.5,
fixed,1,2627,1.0954605340957642,0.0,0.020809335634112358,0.15437662601470947,1.152178168296814,4,0.75,
fixed,1,2628,0.4101077914237976,0.0,0.029762670397758484,0.033362388610839844,0.4349978566169739,4,0.5,
fixed,1,2629,0.5798794627189636,0.0,0.04580236226320267,0.08014166355133057,0.6268231272697449,4,0.5,
fixed,1,2630,0.4272269010543823,0.0,0.02021770365536213,0.04650068283081055,0.4512859582901001,4,0.5,5.689313888549805
fixed,1,2631,0.1711162030696869,0.0,0.001942771952599287,0.2657097578048706,0.2518005073070526,4,0.0,
fixed,1,2632,0.8224329948425293,0.0,0.00571237038820982,0.03837549686431885,0.8368018269538879,4,0.25,
fixed,1,2633,0.5559450387954712,0.022749338299036026,0.009378017857670784,0.18052196502685547,0.6261653304100037,4,0.75,
fixed,1,2634,0.9047759771347046,0.0,0.0270784143358469,0.10154497623443604,0.9487786889076233,4,0.5,
fixed,1,2635,0.9167858958244324,0.0,0.024107547476887703,0.08485209941864014,0.95429527759552,4,0.25,4.996521472930908
fixed,1,2636,0.8586287498474121,0.028535107150673866,0.0003374101943336427,0.13236522674560547,0.9127745628356934,4,0.25,
fixed,1,2637,1.0117157697677612,0.0,0.005612037144601345,0.26230311393737793,1.0932127237319946,4,0.0,
fixed,1,2638,1.3115602731704712,0.030491551384329796,0.01693926751613617,0.09749293327331543,1.3645235300064087,4,0.5,
fixed,1,2639,1.3030979633331299,0.0,0.007283314131200314,0.045754313468933105,1.3204659223556519,4,0.25,
fixed,1,2640,0.6851573586463928,0.0,0.02144722454249859,0.17449021339416504,0.7482280135154724,4,0.75,6.562253475189209
fixed,1,2641,0.6742387413978577,0.0,0.0066259135492146015,0.153661847114563,0.7236502766609192,4,0.25,
fixed,1,2642,0.9967348575592041,0.0,0.006571472622454166,0.09929609298706055,1.0298094749450684,4,0.5,
fixed,1,2643,0.8908538818359375,0.018302343785762787,0.0024971633683890104,0.0959244966506958,0.9300310015678406,4,0.5,
fixed,1,2644,0.6798978447914124,0.0,0.01042709220200777,0.0819542407989502,0.7096976637840271,4,0.5,
fixed,1,2645,0.611308217048645,0.0,0.009309514425694942,0.08767449855804443,0.6422653198242188,4,0.5,3.2427806854248047
fixed,1,2646,1.16671884059906,0.0,0.004530908074229956,0.0921933650970459,1.196642279624939,4,0.25,
fixed,1,2647,0.7099103927612305,0.0,0.024435454979538918,0.09236013889312744,0.7498361468315125,4,0.5,
fixed,1,2648,0.8952574729919434,0.0,0.0052378252148628235,0.078696608543396,0.9214853644371033,4,0.25,
fixed,1,2649,0.5785468220710754,0.019017904996871948,0.0013793252874165773,0.03499579429626465,0.5992441773414612,4,0.25,
fixed,1,2650,0.575196385383606,0.0,0.017552338540554047,0.06431722640991211,0.6032677292823792,4,0.5,4.7162556648254395
fixed,1,2651,0.8283229470252991,0.0,0.0034567064139992,0.02837836742401123,0.8385648131370544,4,0.25,
fixed,1,2652,0.8784179091453552,0.0,0.005258183926343918,0.036095380783081055,0.8918756246566772,4,0.25,
fixed,1,2653,0.8235095143318176,0.0,0.015378869138658047,0.19938671588897705,0.8910149335861206,4,0.75,
fixed,1,2654,0.5390202403068542,0.0,0.007831686176359653,0.252893328666687,0.6188040971755981,4,0.75,
fixed,1,2655,0.8343796730041504,0.03201837092638016,0.015754839405417442,0.1649531126022339,0.9077522158622742,4,0.75,0.9512631297111511
fixed,1,2656,0.9470590949058533,0.0,0.009182240813970566,0.08662378787994385,0.9776373505592346,4,0.5,
fixed,1,2657,0.9822908043861389,0.0,0.012016873806715012,0.20472323894500732,1.0497162342071533,4,0.75,
fixed,1,2658,0.5566655993461609,0.0,0.0031914550345391035,0.11491036415100098,0.5927344560623169,4,0.25,
fixed,1,2659,0.8198728561401367,0.0,0.023605775088071823,0.04243290424346924,0.8444055914878845,4,0.5,
fixed,1,2660,0.95489501953125,0.0,0.013060088269412518,0.1782398223876953,1.0148969888687134,4,0.25,3.348400354385376
fixed,1,2661,0.768467366695404,0.0,0.0088421031832695,0.07054364681243896,0.7940515279769897,4,0.5,
fixed,1,2662,1.0312668085098267,0.0,0.0008325267117470503,0.38579249382019043,1.147420883178711,4,0.0,
fixed,1,2663,1.2732782363891602,0.0,0.0007031045388430357,0.33300530910491943,1.3735313415527344,4,0.0,
fixed,1,2664,0.48410606384277344,0.0,0.009489115327596664,0.06160163879394531,0.507331132888794,4,0.5,
fixed,1,2665,1.024794101715088,0.0,0.02081890031695366,0.14690828323364258,1.0792760848999023,4,0.75,5.779616355895996
fixed,1,2666,0.6954607963562012,0.0,0.007574249990284443,0.04392194747924805,0.7124245166778564,4,0.25,
fixed,1,2667,0.2507590055465698,0.0,0.01140505075454712,0.19072914123535156,0.3136802911758423,4,0.75,
fixed,1,2668,0.5973383784294128,0.0,0.012528354302048683,0.18606138229370117,0.6594209671020508,4,0.75,
fixed,1,2669,0.43472301959991455,0.024995971471071243,0.0028870298992842436,0.04071617126464844,0.460879385471344,4,0.5,
fixed,1,2670,0.9689633846282959,0.0,0.0009483621688559651,0.23544716835021973,1.040071725845337,4,0.0,1.0901851654052734
fixed,1,2671,0.7438963651657104,2.3046932255965658e-05,0.010241767391562462,0.07000088691711426,0.7700290679931641,4,0.25,
fixed,1,2672,1.2083200216293335,0.035066019743680954,0.009483329951763153,0.17601704597473145,1.2833998203277588,4,0.75,
fixed,1,2673,0.5056552886962891,0.0,0.01774933561682701,0.4534277319908142,0.6505582928657532,4,1.0,
fixed,1,2674,1.044974446296692,0.031754110008478165,0.009484173730015755,0.15812957286834717,1.1130324602127075,4,0.75,
fixed,1,2675,0.9240937232971191,3.2124346489581512e-06,0.0043955110013484955,0.07602977752685547,0.9491020441055298,4,0.25,1.4742475748062134
fixed,1,2676,0.6971781849861145,0.0,0.015453956089913845,0.06552815437316895,0.7245635986328125,4,0.5,
fixed,1,2677,1.169683814048767,0.0,0.016919348388910294,0.07401466369628906,1.200347900390625,4,0.25,
fixed,1,2678,1.270865797996521,0.021763207390904427,0.008152151480317116,0.055947303771972656,1.3026076555252075,4,0.5,
fixed,1,2679,0.29519519209861755,0.023394683375954628,0.019692473113536835,0.1838982105255127,0.3719082474708557,4,0.75,
fixed,1,2680,1.6078046560287476,0.0,0.01147490181028843,0.05222463607788086,1.6292095184326172,4,0.25,3.1716980934143066
fixed,1,2681,0.8997893333435059,0.0,0.03891461342573166,0.098152756690979,0.9486924409866333,4,0.75,
fixed,1,2682,0.7270560264587402,0.0,0.05070579797029495,0.09691143035888672,0.7814823389053345,4,0.75,
fixed,1,2683,0.9056574106216431,0.0,0.040877893567085266,0.24998211860656738,1.0010910034179688,4,1.0,
fixed,1,2684,0.819391131401062,0.0,0.012802665121853352,0.23790037631988525,0.8971625566482544,4,0.25,
fixed,1,2685,0.7292783260345459,0.0,0.0270841084420681,0.11430513858795166,0.7771119475364685,4,0.5,6.572580337524414
fixed,1,2686,0.8169416785240173,0.013774159364402294,0.016758346930146217,0.10839366912841797,0.8647260665893555,4,0.75,
fixed,1,2687,1.0296605825424194,0.0,0.03827851638197899,0.09798634052276611,1.0781956911087036,4,0.75,
fixed,1,2688,0.5754697322845459,0.0,0.015315436758100986,0.18341374397277832,0.6381515860557556,4,0.25,
fixed,1,2689,1.2997032403945923,0.0,0.008458864875137806,0.15834426879882812,1.351435899734497,4,0.25,
fixed,1,2690,0.9012013673782349,0.017251785844564438,0.02309754118323326,0.09352695941925049,0.9494341015815735,4,0.75,2.207993268966675
fixed,1,2691,1.2558945417404175,0.013298619538545609,0.00022018607705831528,0.16533160209655762,1.312253475189209,4,0.25,
fixed,1,2692,1.183166265487671,0.02504998818039894,0.017587771639227867,0.12144458293914795,1.240918517112732,4,0.75,
fixed,1,2693,0.6872125864028931,0.017881982028484344,0.013259734027087688,0.06553030014038086,0.7224425077438354,4,0.5,
fixed,1,2694,0.9031945466995239,0.0,0.008382957428693771,0.10958743095397949,0.9402622580528259,4,0.25,
fixed,1,2695,1.2761499881744385,6.492047788242417e-08,0.03003654070198536,0.0642848014831543,1.3104537725448608,4,0.5,6.752387523651123
fixed,1,2696,0.7426734566688538,0.0005029493477195501,0.01964995078742504,0.05217242240905762,0.7684016227722168,4,0.5,
fixed,1,2697,0.9376762509346008,0.01467869896441698,0.0007456143503077328,0.03578925132751465,0.9561251997947693,4,0.25,
fixed,1,2698,0.6457101106643677,0.0,0.01720733940601349,0.04439723491668701,0.6676329374313354,4,0.25,
fixed,1,2699,1.197225570678711,0.0,0.01700405776500702,0.040848612785339355,1.2179821729660034,4,0.5,
fixed,1,2700,1.0137951374053955,0.020609566941857338,0.027102306485176086,0.074027419090271,1.059859275817871,4,0.75,2.3325889110565186
fixed,1,2701,0.7402257919311523,0.0,0.009012309834361076,0.032144784927368164,0.7543753981590271,4,0.25,
fixed,1,2702,0.8027597665786743,0.0,7.169766467995942e-05,0.2820436954498291,0.8874087333679199,4,0.0,
fixed,1,2703,0.5649513006210327,7.197203103714855e-06,0.027971208095550537,0.04144549369812012,0.5913741588592529,4,0.5,
fixed,1,2704,0.5474949479103088,0.0,0.020204273983836174,0.058394670486450195,0.5751155018806458,4,0.5,
fixed,1,2705,0.3097580373287201,3.988817240951903e-07,0.006869037169963121,0.07915306091308594,0.33693867921829224,4,0.25,2.0350966453552246
fixed,1,2706,1.1554644107818604,9.607185347704217e-06,0.025861822068691254,0.10696935653686523,1.200490951538086,4,0.75,
fixed,1,2707,0.493916779756546,0.0,0.02064405009150505,0.045642971992492676,0.5179316997528076,4,0.5,
fixed,1,2708,0.4934525787830353,0.0,0.027260852977633476,0.10864925384521484,0.5396777987480164,4,0.75,
fixed,1,2709,0.7290309071540833,0.029373321682214737,0.012529764324426651,0.04268944263458252,0.7627893090248108,4,0.5,
fixed,1,2710,1.2621634006500244,0.0,0.006227490957826376,0.04839432239532471,1.2797954082489014,4,0.25,1.8663158416748047
fixed,1,2711,0.5176553726196289,0.0,0.006118052639067173,0.08069074153900146,0.5449216365814209,4,0.25,
fixed,1,2712,0.9405224919319153,0.0,0.019941017031669617,0.13617324829101562,0.9913449883460999,4,0.75,
fixed,1,2713,0.8645796179771423,0.02407904900610447,0.004835871979594231,0.05865907669067383,0.8966348171234131,4,0.5,
fixed,1,2714,0.45107847452163696,0.0,0.011942142620682716,0.07731449604034424,0.48024389147758484,4,0.5,
fixed,1,2715,0.843559205532074,0.0,0.009778795763850212,0.06745362281799316,0.868684709072113,4,0.5,3.093989610671997
fixed,1,2716,0.628303050994873,0.0,0.006631138734519482,0.12927711009979248,0.6704017519950867,4,0.25,
fixed,1,2717,0.6836445331573486,0.0,0.02064092457294464,0.15390706062316895,0.7401371002197266,4,0.75,
fixed,1,2718,0.2947070896625519,0.0,0.0068418835289776325,0.07049000263214111,0.31927502155303955,3,0.5,
fixed,1,2719,0.802322506904602,0.0,0.01247344259172678,0.18798279762268066,0.8649540543556213,4,0.75,
fixed,1,2720,0.6813607811927795,0.0,0.011530374176800251,0.1057898998260498,0.7188629508018494,4,0.5,3.621420383453369
fixed,1,2721,0.5877729058265686,0.0,0.005069350358098745,0.1148371696472168,0.6247587203979492,4,0.25,
fixed,1,2722,0.787045419216156,0.024071402847766876,0.009792929515242577,0.14895546436309814,0.8486642241477966,4,0.75,
fixed,1,2723,0.5562984347343445,0.0,0.008082127198576927,0.07712340354919434,0.5834765434265137,4,0.5,
fixed,1,2724,0.6665139198303223,0.02306228317320347,0.000605956360232085,0.1159825325012207,0.7131428122520447,4,0.25,
fixed,1,2725,1.2247235774993896,0.024732770398259163,0.003767956281080842,0.06510841846466064,1.258506417274475,4,0.5,2.9452273845672607
fixed,1,2726,1.3233710527420044,0.0,0.01259066816419363,0.07714879512786865,1.3528109788894653,4,0.5,
fixed,1,2727,0.9443495273590088,0.0,0.02082645893096924,0.4025927782058716,1.075540542602539,4,1.0,
fixed,1,2728,0.4998171329498291,0.0,0.011638251133263111,0.07937788963317871,0.5294496417045593,4,0.5,
fixed,1,2729,0.6022340059280396,0.022523514926433563,0.006842880975455046,0.06141805648803711,0.6353425979614258,4,0.5,
fixed,1,2730,0.6469820141792297,0.0,0.022727739065885544,0.11319828033447266,0.6923053860664368,4,0.75,6.193373203277588
fixed,1,2731,0.5317804217338562,0.0,0.02654215320944786,0.0485149621963501,0.5596060156822205,4,0.5,
fixed,1,2732,0.8858676552772522,0.0,0.008905503898859024,0.15570151805877686,0.9370308518409729,4,0.25,
fixed,1,2733,0.6407074928283691,0.04450725018978119,0.0013562011299654841,0.048100829124450684,0.6780694723129272,4,0.5,
fixed,1,2734,0.8461079597473145,0.0,0.025499779731035233,0.044736504554748535,0.8722788095474243,4,0.5,
fixed,1,2735,1.677770733833313,0.0,0.0018286622362211347,0.5135319232940674,1.8327445983886719,4,0.0,1.7698043584823608
fixed,1,2736,0.8957969546318054,0.016739727929234505,0.00939072947949171,0.03595304489135742,0.9196481108665466,4,0.5,
fixed,1,2737,0.4187626540660858,0.0,0.02169439010322094,0.2296903133392334,0.4985169470310211,4,0.25,
fixed,1,2738,1.3312839269638062,0.0,0.024294331669807434,0.2540249824523926,1.4196386337280273,4,0.25,
fixed,1,2739,0.6655643582344055,0.0,0.01633170060813427,0.07821094989776611,0.6971935033798218,4,0.5,
fixed,1,2740,1.0243713855743408,0.0,0.0037741432897746563,0.2839646339416504,1.111447811126709,4,0.0,2.20407772064209
fixed,1,2741,1.0153502225875854,0.0,0.01838739588856697,0.0374751091003418,1.035786509513855,4,0.5,
fixed,1,2742,0.7508477568626404,0.0,0.02781929075717926,0.07866883277893066,0.7883580327033997,4,0.5,
fixed,1,2743,0.8294557332992554,0.0,0.019375275820493698,0.041794657707214355,0.8516817688941956,4,0.5,
fixed,1,2744,0.6659220457077026,0.022354040294885635,0.004372781608253717,0.02676379680633545,0.6873145699501038,4,0.25,
fixed,1,2745,0.86147141456604,0.0,0.007644089870154858,0.10674238204956055,0.8973161578178406,4,0.25,2.3894808292388916
fixed,1,2746,0.8360531330108643,0.0,0.014686907641589642,0.14716851711273193,0.8875471353530884,4,0.25,
fixed,1,2747,0.43270379304885864,0.0,0.016115916892886162,0.06700253486633301,0.46086251735687256,4,0.5,
fixed,1,2748,0.5907119512557983,0.0,0.019750893115997314,0.201462984085083,0.6610262989997864,4,0.5,
fixed,1,2749,0.637657880783081,0.021839309483766556,0.004268656950443983,0.06960892677307129,0.6715945601463318,4,0.5,
fixed,1,2750,1.0623880624771118,0.0,0.010734889656305313,0.08155786991119385,1.0922229290008545,4,0.5,3.4429054260253906
fixed,1,2751,1.0403724908828735,0.0,0.011331875808537006,0.03556835651397705,1.0567089319229126,4,0.25,
fixed,1,2752,0.9188454747200012,0.03285989537835121,0.00491355312988162,0.08246076107025146,0.9624704122543335,4,0.5,
fixed,1,2753,1.07416570186615,0.024765757843852043,0.004730663262307644,0.06549954414367676,1.108563780784607,4,0.5,
fixed,1,2754,0.8786090016365051,0.0,0.0003347663441672921,0.3146512508392334,0.9731717705726624,4,0.0,
fixed,1,2755,0.733825147151947,0.0,0.006582753732800484,0.10234725475311279,0.7678207159042358,4,0.5,2.4075586795806885
fixed,1,2756,0.9368709325790405,0.0,0.009601814672350883,0.09777426719665527,0.9710041284561157,4,0.5,
fixed,1,2757,0.6750050783157349,0.0,0.00467879232019186,0.0334324836730957,0.6873742341995239,4,0.25,
fixed,1,2758,1.1540513038635254,0.0,0.0037589927669614553,0.11374878883361816,1.1900554895401,4,0.25,
fixed,1,2759,0.858025074005127,0.0,0.010501702316105366,0.09430861473083496,0.8915685415267944,4,0.5,
fixed,1,2760,1.0029752254486084,0.0,0.002959231613203883,0.08981740474700928,1.0314000844955444,4,0.25,1.150149941444397
fixed,1,2761,1.0531502962112427,0.0,0.007718936074525118,0.09652340412139893,1.0859668254852295,4,0.5,
fixed,1,2762,0.19955860078334808,0.0,0.00669958395883441,0.10257089138031006,0.2336796522140503,4,0.5,
fixed,1,2763,0.5300042629241943,0.026157990097999573,8.285763760795817e-05,0.09991192817687988,0.5730982422828674,4,0.25,
fixed,1,2764,0.7850699424743652,0.0,0.002424722071737051,0.05108356475830078,0.8016073703765869,4,0.25,
fixed,1,2765,0.52671217918396,0.0,0.005020728800445795,0.08302724361419678,0.5541307330131531,4,0.5,1.9244575500488281
fixed,1,2766,1.0005441904067993,0.0404130183160305,0.00469987140968442,0.28780198097229004,1.1094412803649902,4,0.75,
fixed,1,2767,0.8289233446121216,0.036826442927122116,0.00917617417871952,0.3193669319152832,0.9477347135543823,4,0.75,
fixed,1,2768,0.6734390258789062,0.0,0.006799200549721718,0.041412353515625,0.689262330532074,4,0.25,
fixed,1,2769,0.41571247577667236,0.0,0.0035046504344791174,0.20372629165649414,0.4785826802253723,4,0.0,
fixed,1,2770,1.4195765256881714,0.02776194177567959,0.005103776231408119,0.07667458057403564,1.4590117931365967,4,0.5,2.5257389545440674
fixed,1,2771,0.4345487654209137,0.0,0.02027585171163082,0.04352927207946777,0.4577454626560211,4,0.5,
fixed,1,2772,0.5420269966125488,0.0,0.014914668165147305,0.160538911819458,0.5976459980010986,4,0.25,
fixed,1,2773,0.7290977239608765,0.016520490869879723,0.009943794459104538,0.1571413278579712,0.7894722819328308,4,0.75,
fixed,1,2774,0.8519783616065979,0.0,0.0003906546626240015,0.37854623794555664,0.9657375812530518,4,0.0,
fixed,1,2775,1.1261334419250488,0.0,0.0004627937451004982,0.38074159622192383,1.2405873537063599,4,0.0,0.9363308548927307
fixed,1,2776,0.7356511354446411,0.0,0.029629696160554886,0.13485383987426758,0.7909221649169922,4,0.75,
fixed,1,2777,1.0313398838043213,0.04413747042417526,0.013273523189127445,0.3167405128479004,1.1550675630569458,4,1.0,
fixed,1,2778,1.0109456777572632,0.036478571593761444,0.007656577508896589,0.08342480659484863,1.058040738105774,4,0.75,
fixed,1,2779,1.088562250137329,0.0,0.01322492491453886,0.08484530448913574,1.1206283569335938,4,0.25,
fixed,1,2780,1.0367350578308105,0.0,0.010142299346625805,0.08132636547088623,1.0662040710449219,4,0.25,2.659656047821045
fixed,1,2781,1.6982645988464355,0.0,0.02067526988685131,0.03508460521697998,1.7191276550292969,4,0.5,
fixed,1,2782,1.0912913084030151,0.0,0.03818931058049202,0.038671135902404785,1.1219873428344727,4,0.5,
fixed,1,2783,0.9393091201782227,0.016941865906119347,4.170106694800779e-05,0.0708775520324707,0.9690641760826111,4,0.5,
fixed,1,2784,1.0151230096817017,0.0,0.013301451690495014,0.05143594741821289,1.0372045040130615,4,0.25,
fixed,1,2785,0.7489141225814819,0.0,0.05938858538866043,0.060827016830444336,0.7968565225601196,4,0.5,10.325632095336914
fixed,1,2786,1.0281739234924316,0.0,0.040634382516145706,0.0739208459854126,1.0706673860549927,4,0.75,
fixed,1,2787,0.79127037525177,0.009205140173435211,0.021662790328264236,0.06779515743255615,0.8270428776741028,4,0.75,
fixed,1,2788,0.658033013343811,0.0,0.030003979802131653,0.041117191314697266,0.685370147228241,4,0.5,
fixed,1,2789,1.0600353479385376,0.0,0.021435026079416275,0.06494295597076416,1.090235710144043,4,0.5,
fixed,1,2790,0.8347288966178894,0.0,0.050535883754491806,0.08312499523162842,0.8849343061447144,4,0.75,9.96476936340332
fixed,1,2791,0.5459402799606323,0.0,0.019303005188703537,0.05373668670654297,0.5717127919197083,4,0.5,
fixed,1,2792,0.99956214427948,0.0,0.009568173438310623,0.12967395782470703,1.0432484149932861,4,0.25,
fixed,1,2793,1.0366910696029663,0.025570349767804146,0.011527365073561668,0.1456146240234375,1.0989242792129517,4,0.75,
fixed,1,2794,0.6624417901039124,0.028967702761292458,0.02420055866241455,0.12217879295349121,0.7256795763969421,4,0.75,
fixed,1,2795,1.07643723487854,0.0,0.01816272735595703,0.09538555145263672,1.1141343116760254,4,0.5,4.97845458984375
fixed,1,2796,0.5496158003807068,0.0,0.012100976891815662,0.0625913143157959,0.5744436979293823,4,0.25,
fixed,1,2797,0.9262733459472656,0.0,0.01034735981374979,0.08260715007781982,0.9562291502952576,4,0.5,
fixed,1,2798,1.2136468887329102,0.03155675157904625,4.806720244232565e-05,0.12349283695220947,1.2664971351623535,4,0.25,
fixed,1,2799,1.2350189685821533,0.0,0.008466478437185287,0.1508169174194336,1.2844972610473633,4,0.25,
fixed,1,2800,1.5387489795684814,0.0,0.018554886803030968,0.07614195346832275,1.570868968963623,4,0.5,4.894320011138916
fixed,1,2801,1.311553716659546,0.0,0.007317907642573118,0.047594428062438965,1.3294910192489624,4,0.25,
fixed,1,2802,0.9965744018554688,0.0,0.021191533654928207,0.16129708290100098,1.0555592775344849,4,0.75,
fixed,1,2803,1.1171947717666626,0.0,0.017777668312191963,0.16815519332885742,1.176530122756958,4,0.75,
fixed,1,2804,1.2087624073028564,0.0,0.004206160083413124,0.09734892845153809,1.2400702238082886,4,0.25,
fixed,1,2805,0.6067918539047241,0.0,0.014667158015072346,0.18984532356262207,0.6710790395736694,4,0.75,4.646144390106201
fixed,1,2806,0.8115196228027344,0.016326941549777985,0.013401559554040432,0.03437519073486328,0.836696445941925,4,0.5,
fixed,1,2807,1.8659038543701172,0.021664977073669434,0.0049803489819169044,0.06227731704711914,1.8979097604751587,4,0.5,
fixed,1,2808,0.9749471545219421,0.0,0.0002877615625038743,0.30301809310913086,1.0659964084625244,4,0.0,
fixed,1,2809,1.022128701210022,0.0,0.018816199153661728,0.04522359371185303,1.045103907585144,4,0.5,
fixed,1,2810,0.8121846318244934,0.0,0.020315010100603104,0.42637884616851807,0.950255811214447,4,1.0,6.474122524261475
fixed,1,2811,0.7045976519584656,0.0,0.015443508513271809,0.1786026954650879,0.765900194644928,4,0.75,
fixed,1,2812,1.2147395610809326,0.0,0.01121379155665636,0.061228275299072266,1.2387149333953857,4,0.5,
fixed,1,2813,0.9232281446456909,0.022233113646507263,0.007818193174898624,0.05623316764831543,0.9551237225532532,4,0.5,
fixed,1,2814,0.7845609784126282,0.0,0.0166342630982399,0.15794050693511963,0.8402602672576904,4,0.75,
fixed,1,2815,1.3461922407150269,0.015278457663953304,0.006335454061627388,0.04426693916320801,1.370279312133789,4,0.5,1.7616251707077026
fixed,1,2816,1.2735899686813354,0.0,0.00032292510150000453,0.29671764373779297,1.3627667427062988,4,0.0,
fixed,1,2817,1.2402691841125488,0.0,0.0323963463306427,0.17315316200256348,1.3084132671356201,4,0.75,
fixed,1,2818,1.1753251552581787,0.0,0.011433467268943787,0.04739046096801758,1.1952589750289917,4,0.25,
fixed,1,2819,0.9106841683387756,0.0,0.009474458172917366,0.07502901554107666,0.9379301071166992,4,0.25,
fixed,1,2820,0.9736368656158447,0.0,0.0024945857003331184,0.2307337522506714,1.0441043376922607,4,0.0,1.6891731023788452
fixed,1,2821,0.7743855714797974,0.0,0.027874218299984932,0.06757497787475586,0.8085951805114746,4,0.5,
fixed,1,2822,1.1992682218551636,0.0,0.022454075515270233,0.11851489543914795,1.2460497617721558,4,0.75,
fixed,1,2823,0.35700201988220215,0.0,0.01609238237142563,0.05432021617889404,0.3813442885875702,4,0.5,
fixed,1,2824,0.7082288265228271,0.0,0.01665390282869339,0.15980136394500732,0.7644962072372437,4,0.75,
fixed,1,2825,0.7832924723625183,0.0,0.027492083609104156,0.03780388832092285,0.8083796501159668,4,0.5,5.928109645843506
fixed,1,2826,0.50432288646698,0.0,0.009218129329383373,0.15584707260131836,0.5556860566139221,4,0.25,
fixed,1,2827,0.6408828496932983,0.0,0.011488378047943115,0.078330397605896,0.6701261401176453,4,0.5,
fixed,1,2828,1.02457594871521,0.0,0.005408244673162699,0.13557100296020508,1.0679513216018677,4,0.25,
fixed,1,2829,1.395971417427063,0.03127928450703621,0.01156718097627163,0.17258870601654053,1.4691712856292725,4,0.75,
fixed,1,2830,1.2737122774124146,0.0,0.009174436330795288,0.08318543434143066,1.3032550811767578,4,0.5,3.0301787853240967
fixed,1,2831,0.48294463753700256,0.0,0.002701567020267248,0.21379101276397705,0.5484327077865601,4,0.0,
fixed,1,2832,1.2399177551269531,1.2549365919767297e-06,0.009945083409547806,0.07526540756225586,1.2674705982208252,4,0.5,
fixed,1,2833,0.8427413702011108,0.024867748841643333,0.015198297798633575,0.3992898464202881,0.9825613498687744,4,1.0,
fixed,1,2834,1.0719929933547974,0.0,0.015949200838804245,0.28564298152923584,1.1656605005264282,4,0.75,
fixed,1,2835,1.0262627601623535,0.02616816945374012,0.024567827582359314,0.3188490867614746,1.1472854614257812,4,1.0,2.717782974243164
fixed,1,2836,0.7884547114372253,0.0,0.001484374632127583,0.2217237949371338,0.8557140231132507,4,0.0,
fixed,1,2837,1.0817334651947021,0.013652011752128601,0.016069049015641212,0.07217001914978027,1.118245005607605,4,0.5,
fixed,1,2838,1.241451621055603,0.0,0.025547947734594345,0.1076054573059082,1.286507248878479,4,0.75,
fixed,1,2839,1.0712496042251587,0.0,0.017400316894054413,0.06236565113067627,1.0986595153808594,4,0.5,
fixed,1,2840,0.42403140664100647,0.0,0.01775861531496048,0.04675745964050293,0.4469379484653473,4,0.5,4.6601786613464355
fixed,1,2841,0.901055634021759,0.0,0.018372051417827606,0.13274645805358887,0.9500656127929688,4,0.25,
fixed,1,2842,0.9147087931632996,0.0,0.02771049551665783,0.09210920333862305,0.9561967849731445,4,0.75,
fixed,1,2843,1.098330020904541,0.0,0.007815679535269737,0.10186648368835449,1.1327978372573853,4,0.25,
fixed,1,2844,0.660932183265686,0.0,0.04452468827366829,0.07767224311828613,0.7064961791038513,4,0.75,
fixed,1,2845,1.269487977027893,0.0,0.01214414183050394,0.12036454677581787,1.3116694688796997,4,0.25,2.917193651199341
fixed,1,2846,1.0054186582565308,0.0,0.02042446844279766,0.03995931148529053,1.027618646621704,4,0.5,
fixed,1,2847,0.38442930579185486,0.0,0.02522716484963894,0.22212553024291992,0.46368056535720825,4,0.75,
fixed,1,2848,0.8965301513671875,0.0,0.022889964282512665,0.11386752128601074,0.9421353936195374,4,0.75,
fixed,1,2849,0.8063032031059265,0.0,0.023923203349113464,0.06504940986633301,0.8377796411514282,4,0.5,
fixed,1,2850,0.3391839563846588,0.0,0.006775459740310907,0.08964264392852783,0.3694644868373871,4,0.25,2.037712812423706
fixed,1,2851,0.9832698106765747,0.054256029427051544,0.006171350367367268,0.1308588981628418,1.0527411699295044,4,0.75,
fixed,1,2852,0.9983240365982056,0.008803311735391617,0.005722884554415941,0.06066596508026123,1.0237869024276733,4,0.5,
fixed,1,2853,1.0566858053207397,0.0,0.00013093321467749774,0.3393148183822632,1.158545732498169,3,0.25,
fixed,1,2854,1.0370100736618042,0.0,0.02246881276369095,0.38497376441955566,1.1637365818023682,4,1.0,
fixed,1,2855,1.062293529510498,0.0,0.01751863770186901,0.14763474464416504,1.1153433322906494,4,0.75,5.359407901763916
fixed,1,2856,0.7623136043548584,0.0,0.022546684369444847,0.05339515209197998,0.7896054983139038,4,0.5,
fixed,1,2857,0.9483027458190918,0.0,0.01536017470061779,0.032602787017822266,0.9657636880874634,4,0.5,
fixed,1,2858,0.5365126729011536,0.0,0.028059959411621094,0.10328483581542969,0.5815281271934509,4,0.75,
fixed,1,2859,1.2240995168685913,0.0,0.030282679945230484,0.3194173574447632,1.3350660800933838,4,1.0,
fixed,1,2860,0.7469345331192017,0.0,0.00241676764562726,0.19286608695983887,0.8060027360916138,4,0.0,1.364424228668213
fixed,1,2861,0.6165928840637207,0.0,0.03052491322159767,0.09389567375183105,0.6600240468978882,4,0.75,
fixed,1,2862,0.6807445883750916,0.02357546240091324,0.018218398094177246,0.10842549800872803,0.7341691851615906,4,0.75,
fixed,1,2863,0.30365151166915894,1.1251002351997386e-09,0.009531793184578419,0.07873964309692383,0.3320392966270447,4,0.25,
fixed,1,2864,0.9262830018997192,0.0,0.017647765576839447,0.045230984687805176,0.9486761689186096,4,0.5,
fixed,1,2865,0.9890618920326233,0.0,0.02139740251004696,0.12407100200653076,1.0369819402694702,4,0.75,6.163960933685303
fixed,1,2866,0.8975155353546143,0.024797040969133377,0.011537301354110241,0.0557708740234375,0.9324139952659607,4,0.5,
fixed,1,2867,0.6517939567565918,0.0,0.016022149473428726,0.04310750961303711,0.6727373003959656,4,0.5,
fixed,1,2868,1.3245099782943726,0.0,0.022789042443037033,0.06403791904449463,1.3551158905029297,4,0.25,
fixed,1,2869,0.9407117366790771,0.0,0.027254095301032066,0.2077043056488037,1.0166500806808472,4,0.75,
fixed,1,2870,0.6632295846939087,0.01550207007676363,0.0053661903366446495,0.06753301620483398,0.6939235925674438,4,0.5,1.958377718925476
fixed,1,2871,0.7363964319229126,0.0,0.009277459233999252,0.14784502983093262,0.7853886485099792,4,0.25,
fixed,1,2872,0.381026953458786,0.0,0.01397853996604681,0.06471121311187744,0.407429575920105,4,0.5,
fixed,1,2873,1.049774169921875,0.0,0.011842295527458191,0.07150900363922119,1.0771479606628418,4,0.5,
fixed,1,2874,0.8609204888343811,0.0,0.01508630532771349,0.07447445392608643,0.8908059597015381,4,0.5,
fixed,1,2875,0.8777193427085876,0.0,0.027020659297704697,0.07606947422027588,0.9140505194664001,4,0.5,6.170338153839111
fixed,1,2876,1.6886355876922607,0.01736914925277233,0.007953191176056862,0.06347382068634033,1.7203389406204224,4,0.5,
fixed,1,2877,0.6378812193870544,0.0,0.017076462507247925,0.1446906328201294,0.6898266673088074,4,0.75,
fixed,1,2878,1.1333518028259277,0.0,0.02843760885298252,0.11884379386901855,1.1832237243652344,4,0.75,
fixed,1,2879,0.5746909379959106,0.029590990394353867,0.0055358861573040485,0.06357312202453613,0.6113263368606567,4,0.5,
fixed,1,2880,0.8312734961509705,0.0,0.029971301555633545,0.025142908096313477,0.8538020253181458,4,0.5,6.395337104797363
fixed,1,2881,1.2369102239608765,0.0,0.013900010846555233,0.13124942779541016,1.2832350730895996,4,0.25,
fixed,1,2882,0.5182749629020691,0.0,0.019167393445968628,0.04727673530578613,0.5420416593551636,4,0.5,
fixed,1,2883,1.3895902633666992,0.0,0.017160652205348015,0.06255650520324707,1.4169375896453857,4,0.5,
fixed,1,2884,0.8517093658447266,0.0,0.015394844114780426,0.16903889179229736,0.9101184606552124,4,0.75,
fixed,1,2885,1.5661646127700806,0.0,0.0004172119661234319,0.33429062366485596,1.6666604280471802,4,0.0,0.8981510996818542
fixed,1,2886,0.602470874786377,0.023824617266654968,0.009941063821315765,0.1462111473083496,0.6632170677185059,4,0.75,
fixed,1,2887,1.049498200416565,0.0,0.006213727407157421,0.030835390090942383,1.061855673789978,4,0.25,
fixed,1,2888,1.227071762084961,0.02301611565053463,0.009732783772051334,0.1489424705505371,1.2881289720535278,4,0.75,
fixed,1,2889,1.0323987007141113,0.06070698797702789,0.014699164777994156,0.35984814167022705,1.178056240081787,4,1.0,
fixed,1,2890,0.8039649724960327,0.0,0.016552189365029335,0.14632928371429443,0.8561398386955261,4,0.75,5.040966033935547
fixed,1,2891,0.7177872657775879,0.0,0.016129828989505768,0.047527313232421875,0.7401103973388672,4,0.5,
fixed,1,2892,1.3231656551361084,0.0,0.021726971492171288,0.07062304019927979,1.3552160263061523,4,0.5,
fixed,1,2893,1.6696974039077759,0.0,0.018421344459056854,0.052576422691345215,1.6946810483932495,4,0.5,
fixed,1,2894,1.0319517850875854,0.0,0.03251553326845169,0.28442978858947754,1.1335384845733643,4,1.0,
fixed,1,2895,0.8341747522354126,0.0,0.026462949812412262,0.0665212869644165,0.8673626184463501,4,0.5,5.784867763519287
fixed,1,2896,0.6747475862503052,0.013832240365445614,0.029397521167993546,0.19237518310546875,0.7540750503540039,4,1.0,
fixed,1,2897,0.4810408055782318,0.0,0.0217309407889843,0.04644894599914551,0.5058409571647644,4,0.5,
fixed,1,2898,1.058600902557373,0.009264755994081497,0.015101509168744087,0.02924168109893799,1.0795565843582153,4,0.5,
fixed,1,2899,0.5609674453735352,0.0,0.028979331254959106,0.07606959342956543,0.5982779860496521,4,0.5,
fixed,1,2900,0.580708920955658,0.010702741332352161,0.023645173758268356,0.07410478591918945,0.6201143264770508,4,0.75,3.259296417236328
fixed,1,2901,1.2283357381820679,0.0,0.01973620057106018,0.06056070327758789,1.256372094154358,4,0.5,
fixed,1,2902,0.5121649503707886,0.0,0.0010895382147282362,0.4659056067466736,0.6524814367294312,4,0.0,
fixed,1,2903,0.5755673050880432,0.016367560252547264,0.014459431171417236,0.026822209358215332,0.5990274548530579,4,0.5,
fixed,1,2904,0.429773211479187,0.0,0.0409439280629158,0.05988442897796631,0.46821051836013794,4,0.75,
fixed,1,2905,0.5488709211349487,0.04540504887700081,0.004180536139756441,0.07021033763885498,0.5947268009185791,4,0.75,9.292366027832031
fixed,1,2906,1.2620701789855957,0.0,0.032919950783252716,0.08287250995635986,1.303391933441162,4,0.5,
fixed,1,2907,0.524490237236023,0.0,0.014653247781097889,0.04948842525482178,0.5466634035110474,4,0.25,
fixed,1,2908,1.0494329929351807,0.0,0.029251988977193832,0.10635685920715332,1.095966100692749,4,0.75,
fixed,1,2909,0.6218082904815674,0.0109687689691782,0.02360713481903076,0.07112491130828857,0.6604337096214294,4,0.75,
fixed,1,2910,0.9476810097694397,0.0,0.012854528613388538,0.16656184196472168,1.0040768384933472,4,0.25,3.0647647380828857
fixed,1,2911,1.0501965284347534,0.0,0.04179555922746658,0.11251962184906006,1.104850172996521,4,0.5,
fixed,1,2912,0.7493537664413452,0.0,0.02116982266306877,0.05814814567565918,0.7773831486701965,4,0.5,
fixed,1,2913,0.8762437701225281,0.0,0.028825001791119576,0.050467491149902344,0.9057965278625488,4,0.5,
fixed,1,2914,0.6427626609802246,0.0,0.042057741433382034,0.07552719116210938,0.6864497065544128,4,0.75,
fixed,1,2915,0.8985008597373962,0.0,0.013215227983891964,0.04945063591003418,0.9199436902999878,4,0.25,3.126551628112793
fixed,1,2916,0.9154096245765686,0.0,0.013534179888665676,0.056876420974731445,0.9392396211624146,4,0.5,
fixed,1,2917,1.2769193649291992,0.0,0.01337013766169548,0.04053986072540283,1.2957663536071777,4,0.5,
fixed,1,2918,0.8906275629997253,0.0,0.007471646182239056,0.08108878135681152,0.918690025806427,4,0.25,
fixed,1,2919,1.177964210510254,0.017128825187683105,0.007109671365469694,0.04651319980621338,1.2040374279022217,4,0.5,
fixed,1,2920,0.7226712703704834,0.033788517117500305,0.009640234522521496,0.18863153457641602,0.8009750843048096,4,0.75,1.0542287826538086
fixed,1,2921,0.9648148417472839,0.0184861458837986,0.00019646866712719202,0.10431599617004395,1.005450963973999,4,0.25,
fixed,1,2922,0.9900525212287903,0.0,0.009116613306105137,0.08532941341400146,1.0202096700668335,4,0.5,
fixed,1,2923,1.0851597785949707,0.0,0.010204561054706573,0.04890918731689453,1.104934811592102,4,0.25,
fixed,1,2924,1.8811358213424683,0.0,0.014694206416606903,0.08285737037658691,1.9133400917053223,4,0.5,
fixed,1,2925,0.29861950874328613,0.023934759199619293,0.015456008724868298,0.16134393215179443,0.3667180836200714,4,0.75,0.3832797408103943
fixed,1,2926,0.23097014427185059,0.0,0.007484325207769871,0.08929705619812012,0.2615014314651489,4,0.5,
fixed,1,2927,1.152262568473816,0.0,0.0027909886557608843,0.14302444458007812,1.1965653896331787,4,0.25,
fixed,1,2928,0.7266159653663635,0.0,0.009827853180468082,0.36351025104522705,0.8405829668045044,4,0.75,
fixed,1,2929,1.2639827728271484,0.02965381368994713,0.00023056272766552866,0.14304816722869873,1.321839451789856,4,0.25,
fixed,1,2930,1.21927809715271,0.0,0.009106861427426338,0.23951852321624756,1.2956870794296265,4,0.75,3.2431585788726807
fixed,1,2931,1.0627914667129517,0.0,0.004028646741062403,0.13443219661712646,1.105135440826416,4,0.25,
fixed,1,2932,0.6856003403663635,0.021346423774957657,0.01674743741750717,0.13685154914855957,0.7457027435302734,4,0.75,
fixed,1,2933,0.8080424070358276,0.0,0.00620283791795373,0.048638105392456055,0.8257352709770203,4,0.25,
fixed,1,2934,0.5998508334159851,0.0294053815305233,0.012189402244985104,0.2621121406555176,0.6992818713188171,4,0.75,
fixed,1,2935,0.7279911637306213,0.0,0.015205718576908112,0.09393298625946045,0.7637739181518555,4,0.5,4.1611199378967285
fixed,1,2936,0.6957106590270996,0.0,0.024349236860871315,0.14236176013946533,0.7505937814712524,4,0.75,
fixed,1,2937,0.621181070804596,0.0,0.0010000606998801231,0.3828420639038086,0.7365337014198303,4,0.0,
fixed,1,2938,0.7614151239395142,0.0,0.03816979005932808,0.09282028675079346,0.8083460927009583,4,0.75,
fixed,1,2939,1.211503267288208,0.0,0.009755129925906658,0.11483728885650635,1.250831961631775,4,0.25,
fixed,1,2940,1.1030752658843994,0.0,0.007013965398073196,0.2558472156524658,1.1833363771438599,4,0.0,3.5716748237609863
fixed,1,2941,0.9825217127799988,0.0,0.00840829499065876,0.08552050590515137,1.0123820304870605,4,0.25,
fixed,1,2942,0.7753816843032837,0.020981285721063614,0.010322622954845428,0.040674448013305664,0.8032359480857849,4,0.5,
fixed,1,2943,1.136169195175171,0.0,0.020397206768393517,0.03378939628601074,1.1565046310424805,4,0.5,
fixed,1,2944,0.8534277081489563,0.0,0.036426298320293427,0.09668922424316406,0.9006476402282715,4,0.75,
fixed,1,2945,0.6899107098579407,0.025163499638438225,0.01338767446577549,0.11311089992523193,0.7431195974349976,4,0.75,1.1118520498275757
fixed,1,2946,1.2626166343688965,0.0,0.018546896055340767,0.13981199264526367,1.3138337135314941,4,0.25,
fixed,1,2947,1.4016300439834595,0.0,0.008846603333950043,0.10856187343597412,1.4386218786239624,4,0.25,
fixed,1,2948,0.9441092610359192,0.0,0.008958854712545872,0.04500889778137207,0.9620913863182068,4,0.25,
fixed,1,2949,0.7263736724853516,0.0,0.02972814440727234,0.34479761123657227,0.8446770310401917,4,1.0,
fixed,1,2950,0.6866567730903625,0.0,0.027861788868904114,0.35291075706481934,0.8064609169960022,4,1.0,7.930230617523193
fixed,1,2951,0.6901896595954895,0.014516321942210197,0.008749313652515411,0.03979945182800293,0.7137622833251953,4,0.5,
fixed,1,2952,0.8359090089797974,0.0,0.007344105746597052,0.04522228240966797,0.8531477451324463,4,0.25,
fixed,1,2953,0.9566336274147034,0.0,0.012585398741066456,0.08106350898742676,0.9872453808784485,4,0.5,
fixed,1,2954,1.8226513862609863,0.0,0.007687535136938095,0.13076674938201904,1.8657251596450806,4,0.25,
fixed,1,2955,0.6167879700660706,0.0,0.013757779262959957,0.0681312084197998,0.6441062092781067,4,0.5,4.000995635986328
fixed,1,2956,1.3057628870010376,0.0,0.009715701453387737,0.1488131284713745,1.355264663696289,4,0.25,
fixed,1,2957,0.8959784507751465,0.0,0.015987303107976913,0.06954479217529297,0.9248355627059937,4,0.5,
fixed,1,2958,0.9623206257820129,0.0,0.01580333150923252,0.05544090270996094,0.9868545532226562,4,0.5,
fixed,1,2959,1.2136774063110352,0.043816469609737396,0.008133585564792156,0.1211622953414917,1.2760010957717896,4,0.75,
fixed,1,2960,0.5796431303024292,0.02852000668644905,0.015458977781236172,0.14456605911254883,0.6450024247169495,4,0.75,0.7317454814910889
fixed,1,2961,0.5378464460372925,0.011635476723313332,0.010225513949990273,0.060463547706604004,0.5669159889221191,4,0.5,
fixed,1,2962,1.016599178314209,0.0,0.0178414024412632,0.14554226398468018,1.0691825151443481,4,0.75,
fixed,1,2963,0.4254859387874603,0.011497367173433304,0.02753867208957672,0.21259641647338867,0.5087828636169434,4,1.0,
fixed,1,2964,0.634228527545929,0.0,0.014968398958444595,0.050364136695861816,0.6568219661712646,4,0.5,
fixed,1,2965,1.1504048109054565,0.009376760572195053,0.0205087773501873,0.10844206809997559,1.1978801488876343,4,0.75,3.2338790893554688
fixed,1,2966,0.4946958124637604,0.0,0.03963204100728035,0.2491379976272583,0.5892532467842102,4,1.0,
fixed,1,2967,0.9203702807426453,0.015073082409799099,0.0004435623122844845,0.10340273380279541,0.9591494202613831,4,0.5,
fixed,1,2968,1.1008076667785645,0.0,0.03781181573867798,0.07454216480255127,1.1420762538909912,4,0.75,
fixed,1,2969,1.7555015087127686,0.0,0.020769596099853516,0.14116883277893066,1.8082369565963745,4,0.25,
fixed,1,2970,0.9479969143867493,0.0,0.025807663798332214,0.03875148296356201,0.9725261926651001,4,0.5,5.555083751678467
fixed,1,2971,0.7248680591583252,0.011099506169557571,0.019789820536971092,0.12809514999389648,0.7787412405014038,4,0.75,
fixed,1,2972,0.9256018996238708,0.003987898584455252,0.0038435813039541245,0.13091707229614258,0.9687927961349487,4,0.0,
fixed,1,2973,0.7532803416252136,0.004879605025053024,0.021348487585783005,0.035970211029052734,0.7771854400634766,4,0.25,
fixed,1,2974,0.5474390387535095,0.0,0.007011733017861843,0.28176581859588623,0.635474681854248,4,0.0,
fixed,1,2975,0.7093207240104675,0.0,0.03241455554962158,0.08472704887390137,0.7509461045265198,4,0.75,7.80978536605835
fixed,1,2976,0.7388654947280884,0.0,0.023598238825798035,0.06820189952850342,0.7711251974105835,4,0.5,
fixed,1,2977,1.339281439781189,0.0,0.02918064594268799,0.023622989654541016,1.3609586954116821,4,0.5,
fixed,1,2978,0.9402826428413391,0.028272688388824463,0.01572861708700657,0.10397458076477051,0.9934756755828857,4,0.75,
fixed,1,2979,1.4715253114700317,0.0,0.0008338188054040074,0.5251503586769104,1.6294872760772705,4,0.0,
fixed,1,2980,1.0761550664901733,1.2021858992738998e-06,0.036933645606040955,0.08007442951202393,1.1186448335647583,4,0.5,6.572432518005371
fixed,1,2981,0.6686406135559082,0.0,0.02000008523464203,0.2577778100967407,0.7559739947319031,4,0.25,
fixed,1,2982,1.014043927192688,0.009709535166621208,0.006985482759773731,0.09350919723510742,1.05044424533844,4,0.5,
fixed,1,2983,0.6876351237297058,0.0,0.020632591098546982,0.2465529441833496,0.7719172835350037,4,0.75,
fixed,1,2984,1.1724481582641602,0.008976397104561329,0.005288665182888508,0.0784379243850708,1.2031121253967285,4,0.5,
fixed,1,2985,0.46962496638298035,0.007406685966998339,0.012911474332213402,0.07862436771392822,0.5033713579177856,4,0.5,1.3060321807861328
fixed,1,2986,0.8526115417480469,0.0,0.006465011741966009,0.07499182224273682,0.8783416152000427,4,0.25,
fixed,1,2987,1.2908668518066406,0.0,0.018928591161966324,0.14636778831481934,1.3442414999008179,4,0.75,
fixed,1,2988,0.9990966320037842,0.028321901336312294,0.0006146053201518953,0.061289310455322266,1.031951665878296,4,0.25,
fixed,1,2989,0.9291861057281494,0.0,0.012235045433044434,0.033953309059143066,0.9454896450042725,4,0.5,
fixed,1,2990,1.5253005027770996,0.0,0.011119927279651165,0.0775221586227417,1.5541170835494995,4,0.5,3.279658555984497
fixed,1,2991,0.7688568830490112,0.0,0.004829056560993195,0.035068511962890625,0.7817919850349426,4,0.25,
fixed,1,2992,1.2541762590408325,0.0,0.0044255866669118404,0.03595256805419922,1.2671748399734497,4,0.25,
fixed,1,2993,1.0340862274169922,0.0,0.02127518504858017,0.15805554389953613,1.0921404361724854,4,0.75,
fixed,1,2994,1.3656816482543945,0.027766384184360504,0.012719158083200455,0.2540161609649658,1.4621292352676392,4,1.0,
fixed,1,2995,0.3593100905418396,0.0,0.008236372843384743,0.09393584728240967,0.3916090428829193,4,0.25,2.7612292766571045
fixed,1,2996,0.9000950455665588,0.015827331691980362,0.004008966963738203,0.08217132091522217,0.9346646070480347,4,0.5,
fixed,1,2997,1.1561195850372314,0.0,0.0291866734623909,0.08124661445617676,1.19508695602417,4,0.5,
fixed,1,2998,0.5620215535163879,0.0,0.02520599402487278,0.37295079231262207,0.6865097880363464,4,1.0,
fixed,1,2999,1.2573456764221191,0.028158994391560555,0.014310736209154129,0.08576560020446777,1.3043102025985718,4,0.5,
fixed,1,3000,1.126013994216919,0.031700968742370605,0.035973574966192245,0.10956203937530518,1.1927199363708496,4,0.25,3.6752705574035645
fixed,1,3001,1.1649724245071411,0.0,0.013910429552197456,0.08298945426940918,1.1968244314193726,4,0.5,
fixed,1,3002,1.239825963973999,0.0,0.011825095862150192,0.06720900535583496,1.2659012079238892,4,0.25,
fixed,1,3003,0.2832372486591339,0.005533427931368351,0.02339840680360794,0.07230782508850098,0.319395512342453,4,0.5,
fixed,1,3004,0.9906854629516602,0.029556337743997574,0.008759190328419209,0.10698533058166504,1.0419387817382812,4,0.75,
fixed,1,3005,1.1948435306549072,0.0020404725801199675,0.024296777322888374,0.0653374195098877,1.2276133298873901,4,0.5,4.696070194244385
fixed,1,3006,0.7882807850837708,0.0,0.03784985840320587,0.10220193862915039,0.8378663063049316,4,0.75,
fixed,1,3007,0.9529125094413757,0.0,0.038648415356874466,0.07845711708068848,0.9957738518714905,4,0.75,
fixed,1,3008,0.6037173867225647,0.0,0.0027875294908881187,0.2879447937011719,0.6914945840835571,4,0.0,
fixed,1,3009,0.4597945809364319,0.0,0.01656087301671505,0.06857180595397949,0.48864656686782837,4,0.5,
fixed,1,3010,1.1077889204025269,0.0,0.04936743155121803,0.19656360149383545,1.1914417743682861,4,1.0,10.448534965515137
fixed,1,3011,0.7920942902565002,0.0,0.028813142329454422,0.07445776462554932,0.8288381695747375,4,0.5,
fixed,1,3012,1.2237176895141602,0.0,0.09232072532176971,0.0976632833480835,1.2991770505905151,4,0.25,
fixed,1,3013,0.5951635837554932,0.0014815808972343802,0.025959376245737076,0.07070910930633545,0.6300967931747437,4,0.5,
fixed,1,3014,1.033675193786621,0.0,0.00960617233067751,0.1321808099746704,1.0781325101852417,4,0.25,
fixed,1,3015,1.0935578346252441,0.01474593486636877,0.0003347278106957674,0.15835607051849365,1.1486049890518188,4,0.25,3.1886212825775146
fixed,1,3016,1.5621864795684814,0.0,0.008250336162745953,0.09949135780334473,1.5961591005325317,4,0.25,
fixed,1,3017,0.4920761287212372,0.0,0.013899602927267551,0.07426714897155762,0.5213060975074768,4,0.5,
fixed,1,3018,0.4585500657558441,0.0,0.027631644159555435,0.351718544960022,0.5778814554214478,4,1.0,
fixed,1,3019,0.860280454158783,0.0,0.018237076699733734,0.1455705165863037,0.9130701422691345,4,0.75,
fixed,1,3020,0.916803240776062,0.0,0.019331414252519608,0.041574716567993164,0.9389413595199585,4,0.5,4.627455234527588
fixed,1,3021,1.3593285083770752,0.014909530058503151,0.005235636606812477,0.04188334941864014,1.3819661140441895,4,0.5,
fixed,1,3022,1.195824146270752,5.905295452635073e-08,0.005931949708610773,0.055017709732055664,1.215295433998108,4,0.25,
fixed,1,3023,0.5980480313301086,0.031288594007492065,0.01077747531235218,0.4799860715866089,0.763076901435852,4,1.0,
fixed,1,3024,0.6275088787078857,0.0,0.03592122346162796,0.0835561752319336,0.6705363392829895,4,0.75,
fixed,1,3025,0.8894503116607666,0.0,0.013878554105758667,0.1792285442352295,0.9501581788063049,4,0.75,4.478816509246826
fixed,1,3026,1.174709677696228,0.0,0.005778343416750431,0.05005919933319092,1.192616581916809,4,0.25,
fixed,1,3027,1.1258522272109985,0.0,0.01031342800706625,0.08780384063720703,1.1573500633239746,4,0.5,
fixed,1,3028,1.098384141921997,0.0,0.008634187281131744,0.04979074001312256,1.1176384687423706,4,0.5,
fixed,1,3029,0.7761305570602417,0.0,0.004521967843174934,0.07846283912658691,0.8019303679466248,4,0.25,
fixed,1,3030,0.9974251985549927,0.0,0.005896720103919506,0.09368228912353516,1.0284782648086548,4,0.25,1.8421746492385864
fixed,1,3031,1.301124095916748,0.0,0.01718609780073166,0.1492149829864502,1.3544816970825195,4,0.75,
fixed,1,3032,0.9195683002471924,0.0,0.008578899316489697,0.06689953804016113,0.9439275860786438,4,0.5,
fixed,1,3033,0.2445182204246521,0.0,0.012618772685527802,0.058268070220947266,0.26830804347991943,4,0.25,
fixed,1,3034,1.0640647411346436,0.0,0.00924777239561081,0.06378388404846191,1.087823748588562,4,0.5,
fixed,1,3035,1.1168919801712036,0.023385213688015938,0.0053655002266168594,0.053742170333862305,1.1473900079727173,4,0.5,2.0207107067108154
fixed,1,3036,0.988832950592041,0.0,0.00040563056245446205,0.3762521743774414,1.1019114255905151,4,0.0,
fixed,1,3037,0.7150498032569885,0.0,0.028027357533574104,0.12131547927856445,0.7654581069946289,4,0.75,
fixed,1,3038,0.6042926907539368,0.0,0.012175310403108597,0.1834423542022705,0.6654130220413208,4,0.75,
fixed,1,3039,0.7026888728141785,0.0,0.00048415339551866055,0.3809230327606201,0.8172078728675842,4,0.0,
fixed,1,3040,0.7934982776641846,0.0,0.005810601636767387,0.0404970645904541,0.8085526823997498,4,0.25,1.8562164306640625
fixed,1,3041,1.0118242502212524,0.0,0.018811143934726715,0.1412031650543213,1.0635907649993896,4,0.25,
fixed,1,3042,0.6646262407302856,0.023364290595054626,0.012323207221925259,0.13457155227661133,0.7228414416313171,4,0.75,
fixed,1,3043,0.6194896697998047,0.0,0.017468292266130447,0.4525446891784668,0.7639872431755066,4,1.0,
fixed,1,3044,1.16255784034729,0.029375379905104637,0.004014270380139351,0.044869422912597656,1.1927134990692139,4,0.5,
fixed,1,3045,1.7805393934249878,0.0,0.006177709437906742,0.07307267189025879,1.8055500984191895,4,0.25,1.9240801334381104
fixed,1,3046,1.317805290222168,0.0,0.008203390054404736,0.0310821533203125,1.3312315940856934,4,0.25,
fixed,1,3047,0.4967536926269531,0.0,0.02267083339393139,0.25370514392852783,0.5842006802558899,4,0.75,
fixed,1,3048,1.1859887838363647,0.0,0.007511128671467304,0.07770586013793945,1.2130560874938965,4,0.25,
fixed,1,3049,1.3399648666381836,0.0,0.01622690260410309,0.03738713264465332,1.3592944145202637,4,0.5,
fixed,1,3050,0.7148817777633667,0.0,0.023971129208803177,0.09743881225585938,0.7560989856719971,4,0.75,6.438277244567871
fixed,1,3051,0.7792196869850159,0.0,0.012685667723417282,0.0729210376739502,0.807438850402832,4,0.5,
fixed,1,3052,1.1557625532150269,0.0,0.012912029400467873,0.06520140171051025,1.1817790269851685,4,0.5,
fixed,1,3053,1.0541627407073975,0.014149012975394726,0.00033001427073031664,0.13207674026489258,1.1010252237319946,4,0.25,
fixed,1,3054,1.2486802339553833,0.0,0.019852563738822937,0.05939304828643799,1.2764244079589844,4,0.5,
fixed,1,3055,0.8442658185958862,0.0,0.02080901339650154,0.13902878761291504,0.8963789939880371,4,0.75,5.982900619506836
fixed,1,3056,0.8814354538917542,0.0,0.03609684109687805,0.09702038764953613,0.9285899996757507,4,0.75,
fixed,1,3057,0.8988443613052368,0.0,0.018643630668520927,0.06337332725524902,0.927178144454956,4,0.5,
fixed,1,3058,1.1112388372421265,0.016522664576768875,0.006053270772099495,0.07829880714416504,1.1460164785385132,4,0.5,
fixed,1,3059,0.6495510935783386,0.0,0.010205011814832687,0.04732251167297363,0.6688503623008728,4,0.25,
fixed,1,3060,0.3990059494972229,0.0,0.006215683184564114,0.14163446426391602,0.44460412859916687,4,0.25,1.9102131128311157
fixed,1,3061,0.7093992829322815,0.012620336376130581,0.006324599031358957,0.08351397514343262,0.743925929069519,4,0.5,
fixed,1,3062,0.7578525543212891,0.01153910718858242,0.021479880437254906,0.10331320762634277,0.8053560256958008,4,0.75,
fixed,1,3063,1.50173819065094,0.0,0.02204783633351326,0.0859379768371582,1.538543462753296,4,0.5,
fixed,1,3064,0.6840233206748962,0.0,0.0025835088454186916,0.2280200719833374,0.7537211179733276,4,0.0,
fixed,1,3065,0.8951747417449951,0.019111355766654015,0.0004187714075669646,0.14956557750701904,0.9498094916343689,4,0.25,3.405959129333496
fixed,1,3066,0.668960690498352,0.0,0.022432614117860794,0.4026683568954468,0.8009775280952454,4,1.0,
fixed,1,3067,0.9256891012191772,0.0,0.00856573972851038,0.05926716327667236,0.9477521181106567,4,0.5,
fixed,1,3068,0.7258482575416565,0.0,0.007205205503851175,0.08987760543823242,0.7564141154289246,4,0.25,
fixed,1,3069,0.30835187435150146,0.0,0.007131198421120644,0.09225678443908691,0.3395945131778717,4,0.25,
fixed,1,3070,0.890074610710144,0.0,0.007196574471890926,0.08218932151794434,0.9183297157287598,4,0.25,2.070253610610962
fixed,1,3071,1.0492745637893677,0.0,0.013012045994400978,0.03608274459838867,1.0666054487228394,4,0.5,
fixed,1,3072,1.2148864269256592,0.028300691395998,0.007172361481934786,0.04251658916473389,1.2453778982162476,4,0.5,
fixed,1,3073,0.70122230052948,0.024672843515872955,0.004268542863428593,0.030369162559509277,0.7248037457466125,4,0.5,
fixed,1,3074,0.9864159226417542,0.0,0.005259431898593903,0.05864131450653076,1.0066380500793457,4,0.25,
fixed,1,3075,0.719194233417511,0.0,0.024446479976177216,0.13496947288513184,0.7719083428382874,4,0.75,5.85065221786499
fixed,1,3076,0.8182641267776489,0.0,0.00705175194889307,0.07698416709899902,0.8448852300643921,4,0.25,
fixed,1,3077,0.5995641350746155,0.0,0.031201578676700592,0.09344208240509033,0.6431975364685059,4,0.75,
fixed,1,3078,1.1549291610717773,0.01802743785083294,0.01566881313920021,0.3312039375305176,1.2711384296417236,4,1.0,
fixed,1,3079,1.2564524412155151,0.026822054758667946,0.012658949010074139,0.1373896598815918,1.317409873008728,4,0.75,
fixed,1,3080,1.2972162961959839,0.0,0.010838263668119907,0.05986595153808594,1.3205952644348145,4,0.5,3.4117021560668945
fixed,1,3081,0.684042751789093,0.0,0.03166002035140991,0.09489381313323975,0.7283409237861633,4,0.75,
fixed,1,3082,0.8642654418945312,0.0,0.01844562217593193,0.07203471660614014,0.8950986862182617,4,0.25,
fixed,1,3083,0.895983874797821,0.0,0.04809056222438812,0.20578312873840332,0.9817640781402588,4,1.0,
fixed,1,3084,0.673758327960968,0.0,0.026679351925849915,0.07136106491088867,0.7085063457489014,4,0.5,
fixed,1,3085,0.8581510186195374,0.0,0.013340633362531662,0.052519798278808594,0.8805772662162781,4,0.5,3.7310516834259033
fixed,1,3086,1.0166187286376953,0.0,0.02589590474963188,0.0736684799194336,1.0516672134399414,4,0.5,
fixed,1,3087,1.4603253602981567,0.0,0.0054900930263102055,0.1207132339477539,1.4992843866348267,4,0.25,
fixed,1,3088,0.7897771000862122,0.0,0.004934923257678747,0.1105111837387085,0.8253979086875916,4,0.25,
fixed,1,3089,0.7513681650161743,0.0,0.006501822732388973,0.1185375452041626,0.7901803255081177,4,0.25,
fixed,1,3090,1.498030185699463,0.0,0.008018137887120247,0.06708073616027832,1.5221635103225708,4,0.5,2.688775062561035
fixed,1,3091,0.9444958567619324,0.03149768337607384,0.00583419855684042,0.05563044548034668,0.9798509478569031,4,0.5,
fixed,1,3092,1.2629410028457642,0.03366425260901451,0.023244131356477737,0.35235095024108887,1.3971004486083984,4,1.0,
fixed,1,3093,0.8327078223228455,0.03138113394379616,0.02459660917520523,0.3275768756866455,0.95896977186203,4,1.0,
fixed,1,3094,1.2999247312545776,0.0,0.011931254528462887,0.05193746089935303,1.3214715719223022,4,0.5,
fixed,1,3095,0.8687630891799927,0.0,0.0003674943873193115,0.3460700511932373,0.9727678298950195,4,0.0,0.8756327629089355
fixed,1,3096,0.49090397357940674,0.0,0.013742724433541298,0.07022750377655029,0.5188435912132263,4,0.5,
fixed,1,3097,0.832719087600708,0.0,0.013813536614179611,0.0389329195022583,0.8513057231903076,4,0.5,
fixed,1,3098,0.47071146965026855,0.0,0.022662030532956123,0.12211358547210693,0.5186765789985657,4,0.75,
fixed,1,3099,1.0251801013946533,0.0,0.01727968268096447,0.1443718671798706,1.0771315097808838,4,0.75,
fixed,1,3100,0.8788557648658752,0.0,0.007729770615696907,0.04476034641265869,0.8961487412452698,4,0.25,2.3552937507629395
fixed,1,3101,1.2012883424758911,0.0,0.0028182952664792538,0.25279974937438965,1.278537392616272,4,0.0,
fixed,1,3102,0.9156792163848877,0.0,0.032080426812171936,0.09577333927154541,0.9604514241218567,4,0.75,
fixed,1,3103,1.3799097537994385,0.0,0.027974272146821022,0.06225752830505371,1.4125741720199585,4,0.5,
fixed,1,3104,1.3693156242370605,0.0,0.025143245235085487,0.3561822175979614,1.4887418746948242,4,1.0,
fixed,1,3105,0.8667032122612,0.0,0.028028670698404312,0.3328111171722412,0.9805608987808228,4,1.0,7.849453449249268
fixed,1,3106,0.8431054949760437,0.0,0.022643866017460823,0.0734710693359375,0.8764687776565552,4,0.25,
fixed,1,3107,0.9044111967086792,0.0,0.00031104061054065824,0.3421809673309326,1.007220983505249,4,0.0,
fixed,1,3108,0.7318307161331177,0.0,0.01635407656431198,0.05330002307891846,0.7559977769851685,4,0.5,
fixed,1,3109,0.7171133160591125,0.02203996665775776,0.01545950397849083,0.2113267183303833,0.7992610931396484,4,0.75,
fixed,1,3110,0.5896786451339722,0.009570347145199776,0.027245497331023216,0.07750833034515381,0.6313390731811523,4,0.75,3.3387370109558105
fixed,1,3111,0.658706545829773,0.0,0.01951102539896965,0.045235633850097656,0.6820327639579773,4,0.5,
fixed,1,3112,1.0923160314559937,0.011283197440207005,0.008185679093003273,0.06771039962768555,1.122363567352295,4,0.5,
fixed,1,3113,0.6273859143257141,0.0,0.019036060199141502,0.06859242916107178,0.6574816703796387,4,0.5,
fixed,1,3114,0.6824231743812561,0.0,0.009349772706627846,0.14583313465118408,0.7308480143547058,4,0.25,
fixed,1,3115,1.0520176887512207,6.772163487767102e-07,0.017939969897270203,0.054216980934143066,1.0772531032562256,4,0.5,4.623785972595215
fixed,1,3116,0.4900965690612793,0.0,0.010546584613621235,0.14969182014465332,0.5402774214744568,4,0.25,
fixed,1,3117,0.5249168276786804,0.016653453931212425,0.007422343362122774,0.061415791511535645,0.5553794503211975,4,0.5,
fixed,1,3118,0.6353920698165894,0.03262045606970787,0.00031030576792545617,0.08774340152740479,0.678180456161499,3,0.5,
fixed,1,3119,1.3752057552337646,0.02313336730003357,0.00043178792111575603,0.13391995429992676,1.4271643161773682,4,0.25,
fixed,1,3120,1.111130714416504,0.02572563663125038,0.014943093992769718,0.06537473201751709,1.1510775089263916,4,0.5,1.4516346454620361
fixed,1,3121,0.3113876283168793,0.0,0.006258147303014994,0.07236897945404053,0.3362273871898651,4,0.25,
fixed,1,3122,0.7482901215553284,0.0,0.020536717027425766,0.05344521999359131,0.7745920419692993,4,0.25,
fixed,1,3123,0.5903486013412476,0.0,0.035647615790367126,0.10870492458343506,0.6407839059829712,4,0.75,
fixed,1,3124,0.6468790769577026,0.0,0.014635162428021431,0.06235480308532715,0.6729031205177307,4,0.5,
fixed,1,3125,0.897367537021637,0.0,0.009536568075418472,0.02265918254852295,0.9089335799217224,4,0.25,2.71380615234375
fixed,1,3126,0.6926323771476746,0.0,0.006476290989667177,0.030619263648986816,0.7050563097000122,4,0.25,
fixed,1,3127,0.6608563661575317,0.0,0.012098317965865135,0.06334209442138672,0.6859081387519836,4,0.5,
fixed,1,3128,1.6266541481018066,0.03487355634570122,0.00876977201551199,0.06944489479064941,1.6693092584609985,4,0.5,
fixed,1,3129,0.6416164040565491,0.0,0.011384670622646809,0.11967611312866211,0.6832115650177002,4,0.25,
fixed,1,3130,0.8349919319152832,0.0,0.0001951664889929816,0.32285428047180176,0.93194580078125,4,0.0,0.5834813117980957
fixed,1,3131,1.3227633237838745,0.0,0.005362146999686956,0.12527918815612793,1.3630281686782837,4,0.25,
fixed,1,3132,0.38880690932273865,0.0,0.005502668675035238,0.034126996994018555,0.4017963409423828,4,0.25,
fixed,1,3133,0.8249876499176025,0.0,0.008494777604937553,0.09306132793426514,0.8571534156799316,4,0.5,
fixed,1,3134,0.34405019879341125,0.03149983286857605,0.01279523503035307,0.18245649337768555,0.42093467712402344,4,0.75,
fixed,1,3135,0.6878530979156494,0.0,0.011398143135011196,0.0795208215713501,0.7174084186553955,4,0.5,3.4988462924957275
fixed,1,3136,1.0352787971496582,0.0,0.00507620582357049,0.032010793685913086,1.0474201440811157,4,0.25,
fixed,1,3137,0.9211550951004028,0.0,0.01582622528076172,0.06875765323638916,0.9496955275535583,4,0.5,
fixed,1,3138,0.9724161624908447,0.03437647968530655,0.00338318245485425,0.09293746948242188,1.0191771984100342,4,0.5,
fixed,1,3139,0.898950457572937,0.0,0.006709706969559193,0.09605777263641357,0.9311226606369019,4,0.5,
fixed,1,3140,0.5475867390632629,0.017031779512763023,0.004040470812469721,0.059861063957214355,0.5760811567306519,4,0.5,2.3038928508758545
fixed,1,3141,0.867228627204895,4.361578248790465e-05,0.015432991087436676,0.17157936096191406,0.9264407157897949,4,0.75,
fixed,1,3142,0.7238926291465759,0.0,0.008265940472483635,0.09748578071594238,0.7572713494300842,4,0.5,
fixed,1,3143,0.9919273257255554,0.0,0.01901635155081749,0.17451167106628418,1.0537890195846558,4,0.75,
fixed,1,3144,0.5068519115447998,0.0,0.022343721240758896,0.412495493888855,0.6417723894119263,4,1.0,
fixed,1,3145,0.5703508853912354,0.0,0.010168768465518951,0.08092761039733887,0.5997135639190674,4,0.5,3.2891271114349365
fixed,1,3146,0.8748864531517029,0.0,0.011370755732059479,0.07437622547149658,0.9028847217559814,4,0.5,
fixed,1,3147,0.2869441509246826,0.0,0.006961070001125336,0.03905797004699707,0.30214208364486694,4,0.25,
fixed,1,3148,1.2311960458755493,0.0,0.006421227473765612,0.12668371200561523,1.272411823272705,4,0.25,
fixed,1,3149,1.2532581090927124,0.0,0.02125457301735878,0.07934355735778809,1.2876884937286377,4,0.5,
fixed,1,3150,1.319271445274353,0.0,0.0006740557728335261,0.3801990747451782,1.4336681365966797,4,0.0,1.1023542881011963
fixed,1,3151,1.0205758810043335,0.0,0.02255747653543949,0.14327573776245117,1.074837327003479,4,0.75,
fixed,1,3152,1.180209755897522,0.0,0.016196900978684425,0.155747652053833,1.235032558441162,4,0.75,
fixed,1,3153,0.9986227750778198,0.0,0.0146346315741539,0.1657276153564453,1.0556583404541016,4,0.75,
fixed,1,3154,0.9464552402496338,0.0,0.007509856950491667,0.1102825403213501,0.9832949638366699,4,0.25,
fixed,1,3155,0.8936719298362732,0.017872164025902748,0.011814532801508904,0.12340807914733887,0.9455376863479614,4,0.75,1.1228713989257812
fixed,1,3156,0.9411413073539734,0.0,0.0019733882509171963,0.22706186771392822,1.0102465152740479,4,0.0,
fixed,1,3157,1.000196099281311,0.0,0.01332949846982956,0.03914952278137207,1.0186057090759277,4,0.5,
fixed,1,3158,0.5786236524581909,0.0,0.014185111038386822,0.08483147621154785,0.6111656427383423,4,0.5,
fixed,1,3159,1.0348763465881348,0.0,0.011608012020587921,0.033629417419433594,1.0507692098617554,4,0.5,
fixed,1,3160,0.4571264684200287,0.0,0.02713267132639885,0.33271825313568115,0.5705083012580872,4,1.0,7.705170154571533
fixed,1,3161,0.5450084805488586,0.0,0.0135623374953866,0.0638047456741333,0.570931077003479,4,0.5,
fixed,1,3162,1.0139148235321045,0.0,0.021442094817757607,0.07500100135803223,1.0471361875534058,4,0.5,
fixed,1,3163,0.7891972064971924,0.0,0.015083720907568932,0.06095397472381592,0.815025269985199,4,0.5,
fixed,1,3164,1.0319890975952148,0.0,0.0011206582421436906,0.4241148829460144,1.1597838401794434,4,0.0,
fixed,1,3165,0.493993878364563,0.03196069970726967,0.016927964985370636,0.13468027114868164,0.5588423013687134,4,0.75,1.0797582864761353
fixed,1,3166,0.7796580791473389,0.0,0.002662095008417964,0.27486085891723633,0.863447368144989,4,0.0,
fixed,1,3167,0.9010449647903442,0.024416550993919373,0.01251225732266903,0.13100695610046387,0.9588114619255066,4,0.75,
fixed,1,3168,0.7087560892105103,0.0,0.01712544821202755,0.06125473976135254,0.7356952428817749,4,0.5,
fixed,1,3169,0.765538215637207,0.0,0.03651730716228485,0.0817861557006836,0.8083327412605286,4,0.75,
fixed,1,3170,0.40569016337394714,0.0,0.010408059693872929,0.049164652824401855,0.42564359307289124,4,0.25,2.8032381534576416
fixed,1,3171,0.5265393853187561,0.012449913658201694,0.014346168376505375,0.08828103542327881,0.5664217472076416,4,0.75,
fixed,1,3172,0.6661982536315918,0.024046115577220917,0.01711679995059967,0.10532927513122559,0.718378484249115,4,0.75,
fixed,1,3173,0.970792293548584,0.0,0.020843269303441048,0.07244992256164551,1.0029488801956177,4,0.5,
fixed,1,3174,1.3981820344924927,0.022739818319678307,0.005903984420001507,0.054068684577941895,1.4287245273590088,4,0.5,
fixed,1,3175,0.833218514919281,0.0,0.012139901518821716,0.05913662910461426,0.8570294380187988,4,0.5,3.705711841583252
fixed,1,3176,1.727535367012024,0.0,0.025324586778879166,0.21496987342834473,1.804688572883606,4,0.75,
fixed,1,3177,0.9910792112350464,0.0,0.025867242366075516,0.21981537342071533,1.0699574947357178,4,0.25,
fixed,1,3178,0.7160086035728455,0.025339843705296516,0.0023103526327759027,0.04199802875518799,0.7424331307411194,4,0.25,
fixed,1,3179,0.7353225946426392,0.008218464441597462,0.0005646253121085465,0.2136516571044922,0.803809642791748,4,0.25,
fixed,1,3180,0.6315639615058899,0.0,0.02866891399025917,0.03140878677368164,0.6553210616111755,4,0.5,6.206949710845947
fixed,1,3181,0.4398442804813385,0.0,0.011874133720993996,0.049330711364746094,0.4605805575847626,4,0.25,
fixed,1,3182,0.3208736479282379,0.0,0.018576113507151604,0.054791927337646484,0.346599280834198,4,0.5,
fixed,1,3183,1.2345497608184814,0.018029309809207916,0.025700971484184265,0.10695362091064453,1.2885010242462158,4,0.75,
fixed,1,3184,0.9564538598060608,0.0,0.02497893013060093,0.1137549877166748,1.0030698776245117,4,0.75,
fixed,1,3185,0.9630791544914246,0.0,0.01994089037179947,0.14886951446533203,1.0177104473114014,4,0.75,6.068429470062256
fixed,1,3186,1.109235405921936,0.028057165443897247,0.015643829479813576,0.13621997833251953,1.1719518899917603,4,0.75,
fixed,1,3187,1.0811768770217896,0.0,0.006026894319802523,0.13519346714019775,1.1247483491897583,4,0.25,
fixed,1,3188,0.6568198800086975,0.0,0.01714911125600338,0.06865978240966797,0.6859923601150513,4,0.5,
fixed,1,3189,0.6797689199447632,0.0251273475587368,0.025185707956552505,0.293503999710083,0.7929766178131104,4,1.0,
fixed,1,3190,0.9675429463386536,0.0,0.013224182650446892,0.05675935745239258,0.9911828637123108,4,0.5,4.002107620239258
fixed,1,3191,0.9382038116455078,0.0,0.019075123593211174,0.06284677982330322,0.9665954113006592,4,0.5,
fixed,1,3192,1.1754285097122192,0.0,0.01600838080048561,0.06305050849914551,1.2023478746414185,4,0.5,
fixed,1,3193,0.8872990012168884,0.0,0.016653476282954216,0.06335437297821045,0.9146320819854736,4,0.5,
fixed,1,3194,1.1157894134521484,0.0,0.007500014267861843,0.10169720649719238,1.1500486135482788,4,0.25,
fixed,1,3195,1.648134708404541,0.0,0.0005905323196202517,0.3337815999984741,1.7485644817352295,4,0.0,0.9953314065933228
fixed,1,3196,0.8020020723342896,0.01682880148291588,0.01666889525949955,0.08290934562683105,0.8436237573623657,4,0.75,
fixed,1,3197,1.1504961252212524,0.013055570423603058,0.0003863995079882443,0.1148076057434082,1.1916594505310059,4,0.25,
fixed,1,3198,0.8573753833770752,0.0,0.001840712851844728,0.19218909740447998,0.9159524440765381,4,0.0,
fixed,1,3199,0.729369044303894,0.0,0.017337355762720108,0.03046548366546631,0.7471773624420166,4,0.5,
fixed,1,3200,0.5667223930358887,0.0,0.026682808995246887,0.19643151760101318,0.6389932632446289,4,0.75,7.122262477874756
fixed,1,3201,0.8673547506332397,0.03924143686890602,0.015852922573685646,0.06627750396728516,0.9147852063179016,4,0.75,
fixed,1,3202,1.3447285890579224,1.69226623825125e-08,0.01848454587161541,0.04307973384857178,1.3668948411941528,4,0.5,
fixed,1,3203,0.6003124713897705,0.03841618821024895,0.014988147653639317,0.24014461040496826,0.6990580558776855,4,1.0,
fixed,1,3204,1.1321964263916016,0.01654266007244587,0.022433536127209663,0.0841374397277832,1.176925778388977,4,0.75,
fixed,1,3205,0.9821323752403259,0.0,0.014152188785374165,0.034802794456481934,0.9996492862701416,4,0.25,3.430753469467163
fixed,1,3206,0.9720736145973206,0.011391181498765945,0.007498667109757662,0.05872690677642822,0.9991366267204285,4,0.5,
fixed,1,3207,0.8926058411598206,0.011684739962220192,0.021397601813077927,0.060532569885253906,0.9273067712783813,4,0.75,
fixed,1,3208,1.2451300621032715,0.0,0.0001341339957434684,0.32740306854248047,1.343418002128601,4,0.0,
fixed,1,3209,1.303317666053772,0.0,0.017959123477339745,0.04651308059692383,1.3262511491775513,4,0.25,
fixed,1,3210,0.6725951433181763,0.0,0.04527074098587036,0.02257990837097168,0.7020044922828674,4,0.5,7.988126754760742
fixed,1,3211,1.2170045375823975,1.9377839635126293e-05,0.022704623639583588,0.06382238864898682,1.2475132942199707,4,0.5,
fixed,1,3212,0.5652625560760498,0.008045937865972519,0.011453135870397091,0.0797346830368042,0.5989325046539307,4,0.5,
fixed,1,3213,1.3549705743789673,2.436630893498659e-06,0.03870388865470886,0.07164144515991211,1.3958162069320679,4,0.5,
fixed,1,3214,0.7097504734992981,0.0,0.024113120511174202,0.03893887996673584,0.7334886789321899,4,0.5,
fixed,1,3215,1.3219208717346191,0.0,0.022798873484134674,0.0641317367553711,1.3525598049163818,4,0.5,5.676128387451172
fixed,1,3216,1.2946187257766724,0.0,0.03728669881820679,0.02988743782043457,1.3222283124923706,4,0.5,
fixed,1,3217,0.3507867753505707,1.2034605560984346e-06,0.029064327478408813,0.1109476089477539,0.3986038267612457,4,0.75,
fixed,1,3218,0.49731239676475525,0.010620413348078728,0.010437325574457645,0.08864438533782959,0.5344345569610596,4,0.5,
fixed,1,3219,0.8323202133178711,0.021501516923308372,0.01451414916664362,0.07439398765563965,0.8726462125778198,4,0.5,
fixed,1,3220,0.5669559836387634,0.0,0.037054091691970825,0.09845137596130371,0.6150184273719788,4,0.75,8.51511287689209
fixed,1,3221,1.1195378303527832,0.025123635306954384,0.008843413554131985,0.07428896427154541,1.1588079929351807,4,0.5,
fixed,1,3222,1.0640734434127808,0.0,0.013956557959318161,0.06276571750640869,1.089881420135498,4,0.5,
fixed,1,3223,1.0300952196121216,0.0,0.00015219414490275085,0.3104686737060547,1.1233118772506714,4,0.0,
fixed,1,3224,1.212618112564087,6.182001015986316e-06,0.01169411651790142,0.06772458553314209,1.2387856245040894,4,0.5,
fixed,1,3225,1.0607880353927612,0.0,0.03720015287399292,0.11280322074890137,1.1132290363311768,4,0.75,8.313267707824707
fixed,1,3226,1.1039222478866577,0.0,0.015653211623430252,0.1752481460571289,1.164323329925537,4,0.75,
fixed,1,3227,0.9038159251213074,0.0,0.004661894403398037,0.060263752937316895,0.9242259860038757,4,0.25,
fixed,1,3228,1.1022977828979492,0.027753273025155067,0.011568358168005943,0.15517377853393555,1.1685106754302979,4,0.75,
fixed,1,3229,1.1522315740585327,1.1092009088997656e-07,4.839318989979802e-06,0.23345541954040527,1.2222707271575928,3,0.25,
fixed,1,3230,0.7140002250671387,5.825314453034025e-09,0.019693713635206223,0.14135408401489258,0.7662532925605774,4,0.75,4.801396369934082
fixed,1,3231,0.5494158267974854,0.0,0.011080104857683182,0.04719531536102295,0.5691144466400146,4,0.5,
fixed,1,3232,0.8951716423034668,0.018984701484441757,0.009004352614283562,0.14896798133850098,0.9538565874099731,4,0.75,
fixed,1,3233,0.6660776734352112,1.1474689927126747e-06,0.019766977056860924,0.14801740646362305,0.7203669548034668,4,0.75,
fixed,1,3234,0.4436224699020386,1.3300525097292848e-05,0.012470772489905357,0.04814481735229492,0.464307963848114,4,0.5,
fixed,1,3235,1.2496333122253418,0.0,0.014626442454755306,0.18042922019958496,1.3110753297805786,4,0.75,4.453732490539551
fixed,1,3236,0.821033239364624,0.02306206524372101,0.01930294930934906,0.32105278968811035,0.9385315775871277,4,1.0,
fixed,1,3237,0.9098539352416992,0.03235092759132385,0.008048832416534424,0.0467832088470459,0.9440887570381165,4,0.5,
fixed,1,3238,0.9644911289215088,0.026168566197156906,0.012695405632257462,0.1260889768600464,1.0217498540878296,4,0.75,
fixed,1,3239,0.625899612903595,0.0,0.031103765591979027,0.18211126327514648,0.6960848569869995,4,0.75,
fixed,1,3240,0.8266867399215698,0.0,0.03795093670487404,0.17488527297973633,0.8981277942657471,4,1.0,7.658779621124268
fixed,1,3241,0.8207598328590393,0.02163381688296795,0.007093190681189299,0.032215118408203125,0.8447878956794739,4,0.5,
fixed,1,3242,0.7025020122528076,0.0,0.033460963517427444,0.07663512229919434,0.7422230243682861,4,0.75,
fixed,1,3243,1.2408024072647095,0.0,0.008691304363310337,0.11490392684936523,1.2796192169189453,4,0.25,
fixed,1,3244,1.2061296701431274,0.0,0.015993360430002213,0.07041144371032715,1.2352497577667236,4,0.25,
fixed,1,3245,1.5796315670013428,0.007280590012669563,0.02345759980380535,0.08896350860595703,1.6216896772384644,4,0.5,2.198965549468994
fixed,1,3246,0.48942458629608154,0.006833354011178017,0.00047254509991034865,0.20531165599822998,0.554671049118042,4,0.25,
fixed,1,3247,0.7596701383590698,0.0,0.031064605340361595,0.07512271404266357,0.7977392673492432,4,0.75,
fixed,1,3248,0.7887887358665466,0.0,0.0006000869325362146,0.38577210903167725,0.904820442199707,4,0.0,
fixed,1,3249,1.325744390487671,0.0,0.01199271995574236,0.13100111484527588,1.3710410594940186,4,0.25,
fixed,1,3250,0.7830519080162048,0.0,0.05609256774187088,0.15648019313812256,0.8580422401428223,4,1.0,10.303218841552734
fixed,1,3251,1.2239595651626587,0.0,0.03913947939872742,0.05148136615753174,1.2589737176895142,4,0.75,
fixed,1,3252,0.7563334703445435,0.0,0.02155109867453575,0.05312705039978027,0.7830471396446228,4,0.5,
fixed,1,3253,1.496585726737976,0.0,0.03531704843044281,0.056748032569885254,1.5312687158584595,4,0.5,
fixed,1,3254,2.1002535820007324,0.0264524407684803,0.030756181105971336,0.06644320487976074,2.1487908363342285,4,0.75,
fixed,1,3255,1.024967074394226,0.0,0.02708681859076023,0.03910946846008301,1.0502433776855469,4,0.5,5.642120838165283
fixed,1,3256,0.9350926876068115,0.0,0.026911387220025063,0.07066798210144043,0.9697487950325012,4,0.25,
fixed,1,3257,1.1001803874969482,0.0,0.027852077037096024,0.10419929027557373,1.1453661918640137,4,0.75,
fixed,1,3258,1.4472564458847046,0.0,0.01694483309984207,0.050409793853759766,1.4708517789840698,4,0.5,
fixed,1,3259,1.202001690864563,0.0,0.020697826519608498,0.12863850593566895,1.2509421110153198,4,0.75,
fixed,1,3260,0.8916953206062317,0.0,0.01942754164338112,0.14992666244506836,0.9463871121406555,4,0.75,5.699479579925537
fixed,1,3261,0.6326104402542114,0.0,0.024796780198812485,0.36474287509918213,0.7544317245483398,4,1.0,
fixed,1,3262,0.9769819378852844,0.016383647918701172,0.0051768128760159016,0.06077742576599121,1.0059953927993774,4,0.5,
fixed,1,3263,0.7646376490592957,0.0,0.01887902058660984,0.3250744342803955,0.8715994954109192,4,0.25,
fixed,1,3264,0.8090271949768066,0.0,0.02936258353292942,0.3284461498260498,0.9222423434257507,4,1.0,
fixed,1,3265,1.3115586042404175,0.0024457015097141266,0.01612294279038906,0.05568504333496094,1.3375484943389893,4,0.5,3.8025827407836914
fixed,1,3266,0.9818422794342041,0.02867109514772892,0.0018341828836128116,0.042041897773742676,1.0097074508666992,4,0.25,
fixed,1,3267,0.8755440711975098,0.026145776733756065,0.02100149169564247,0.115622878074646,0.9338045716285706,4,0.75,
fixed,1,3268,0.48591843247413635,0.0,0.02876253053545952,0.11413514614105225,0.5345402359962463,4,0.75,
fixed,1,3269,0.6086827516555786,0.0,0.029829422011971474,0.11970579624176025,0.6595091819763184,4,0.75,
fixed,1,3270,0.9673808813095093,0.012811374850571156,0.010266316123306751,0.08578062057495117,1.0046539306640625,4,0.5,1.0772559642791748
fixed,1,3271,0.6579760909080505,0.0,0.026149144396185875,0.20503568649291992,0.7325613498687744,4,0.75,
fixed,1,3272,1.0292086601257324,0.010295918211340904,0.013758759014308453,0.023292064666748047,1.048223614692688,4,0.5,
fixed,1,3273,0.772583544254303,0.010647857561707497,0.011544222943484783,0.02651679515838623,0.7916346192359924,4,0.5,
fixed,1,3274,1.363332748413086,0.020166004076600075,0.01872166618704796,0.17379975318908691,1.4349164962768555,4,0.75,
fixed,1,3275,0.842167854309082,0.0,0.021817509084939957,0.09279632568359375,0.8809155225753784,4,0.5,5.243762016296387
fixed,1,3276,1.6573725938796997,0.0,0.014025803655385971,0.059972524642944336,1.6823772192001343,4,0.25,
fixed,1,3277,0.9903098344802856,0.0,0.011357360519468784,0.18384897708892822,1.0511431694030762,4,0.25,
fixed,1,3278,0.4919879734516144,0.006910597439855337,0.014794089831411839,0.14722740650177002,0.5470085144042969,4,0.5,
fixed,1,3279,1.053985834121704,0.018581070005893707,0.013756096363067627,0.10729765892028809,1.1023436784744263,4,0.5,
fixed,1,3280,0.5012306571006775,0.0,0.04367811605334282,0.24140429496765137,0.5954909920692444,4,1.0,10.676843643188477
fixed,1,3281,1.0157305002212524,0.0,0.033023882657289505,0.10841774940490723,1.0647677183151245,4,0.75,
fixed,1,3282,0.8991380333900452,0.006937876343727112,0.023637373000383377,0.09319055080413818,0.9423828125,4,0.75,
fixed,1,3283,1.7347700595855713,0.0,0.009131965227425098,0.2344985008239746,1.8096855878829956,4,0.0,
fixed,1,3284,0.7237499356269836,0.0,0.028686795383691788,0.11229276657104492,0.7717811465263367,4,0.75,
fixed,1,3285,0.8113865256309509,0.0,0.033803243190050125,0.08683538436889648,0.8543387651443481,4,0.5,6.82028865814209
fixed,1,3286,1.2242839336395264,0.02066635526716709,0.029111407697200775,0.08434736728668213,1.2744770050048828,4,0.5,
fixed,1,3287,0.572859525680542,0.007137950975447893,0.024490047246217728,0.08234977722167969,0.6133784651756287,4,0.75,
fixed,1,3288,0.6462135314941406,0.01295036356896162,0.04126571863889694,0.060063958168029785,0.6913407444953918,4,0.75,
fixed,1,3289,1.5875709056854248,0.0,0.0357995368540287,0.02462780475616455,1.6128590106964111,4,0.5,
fixed,1,3290,0.8091647028923035,0.0,0.015608744695782661,0.0536196231842041,0.8330549597740173,4,0.5,4.144591331481934
fixed,1,3291,0.8024535775184631,0.0,0.026469964534044266,0.04920053482055664,0.8304487466812134,4,0.5,
fixed,1,3292,0.7656741738319397,0.0,0.0104152150452137,0.08456647396087646,0.7962517142295837,4,0.25,
fixed,1,3293,1.2681523561477661,0.02300807647407055,0.0002796308253891766,0.0971827507019043,1.3089510202407837,4,0.25,
fixed,1,3294,0.5218380689620972,0.0,0.009802713058888912,0.08818185329437256,0.553193986415863,4,0.25,
fixed,1,3295,0.8810266256332397,0.0,0.01536883320659399,0.04468798637390137,0.9021174311637878,4,0.5,4.213763236999512
fixed,1,3296,1.0114606618881226,0.0,0.005482400301843882,0.06248593330383301,1.0329476594924927,4,0.25,
fixed,1,3297,0.7395734786987305,3.4693644579419924e-07,0.014454834163188934,0.1669386625289917,0.796882688999176,4,0.75,
fixed,1,3298,1.1409330368041992,0.0,0.004737223032861948,0.03940117359161377,1.1551220417022705,4,0.25,
fixed,1,3299,0.9313515424728394,6.787377628825197e-07,0.0037842835299670696,0.06056678295135498,0.9514140486717224,4,0.25,
fixed,1,3300,1.0905665159225464,1.007091486826539e-05,0.009940066374838352,0.055029869079589844,1.1120505332946777,4,0.5,2.9730570316314697
fixed,1,3301,0.4068491756916046,8.776058848525281e-07,0.012777389958500862,0.19843721389770508,0.47276946902275085,4,0.75,
fixed,1,3302,1.027420163154602,0.045105382800102234,0.0023283723276108503,0.16417968273162842,1.100390911102295,4,0.75,
fixed,1,3303,0.9367374777793884,0.0001989873853744939,0.013774452731013298,0.06067037582397461,0.9619253277778625,4,0.5,
fixed,1,3304,0.8431460857391357,0.03139393404126167,0.004874052945524454,0.09460616111755371,0.8896619081497192,4,0.5,
fixed,1,3305,1.218295931816101,0.01089614536613226,0.009457211941480637,0.3746778964996338,1.3408759832382202,4,1.0,2.0145797729492188
fixed,1,3306,0.8283261060714722,0.0,0.022362444549798965,0.15857386589050293,0.8870794773101807,4,0.75,
fixed,1,3307,0.9260343909263611,0.0,0.018974894657731056,0.24896621704101562,1.010211706161499,4,0.75,
fixed,1,3308,0.19127391278743744,0.0,0.016002610325813293,0.17247390747070312,0.25101739168167114,4,0.75,
fixed,1,3309,0.24944047629833221,0.0,0.01590138114988804,0.0871725082397461,0.2835429310798645,4,0.25,
fixed,1,3310,0.7123057842254639,0.024551160633563995,0.021866343915462494,0.11540341377258301,0.7701355814933777,4,0.75,1.46888267993927
fixed,1,3311,2.0038743019104004,0.028242923319339752,0.012439034879207611,0.08586668968200684,2.0499753952026367,4,0.5,
fixed,1,3312,0.5996167659759521,0.0,0.025284217670559883,0.11572551727294922,0.6469765305519104,4,0.75,
fixed,1,3313,1.2622826099395752,0.0,0.06318040937185287,0.14409303665161133,1.3371007442474365,4,1.0,
fixed,1,3314,0.7972297072410583,0.0,0.04749172553420067,0.04263138771057129,0.8337649703025818,4,0.25,
fixed,1,3315,1.1694940328598022,0.0,0.016402633860707283,0.08310866355895996,1.2026278972625732,4,0.25,3.383894443511963
fixed,1,3316,1.6203455924987793,0.0,0.019363978877663612,0.08706474304199219,1.6561470031738281,4,0.5,
fixed,1,3317,0.8672070503234863,0.0,0.06917433440685272,0.06957697868347168,0.9226673245429993,4,0.25,
fixed,1,3318,0.7456957101821899,0.0,0.02125563845038414,0.20656096935272217,0.8182918429374695,4,0.25,
fixed,1,3319,1.6774412393569946,0.007772255688905716,0.014284028671681881,0.0845949649810791,1.7138478755950928,4,0.75,
fixed,1,3320,1.0954711437225342,0.04464786499738693,0.008344090543687344,0.10494804382324219,1.1534515619277954,4,0.75,5.219768047332764
fixed,1,3321,1.0116891860961914,0.0,0.006379653699696064,0.12102627754211426,1.0511869192123413,4,0.25,
fixed,1,3322,0.8804801106452942,0.0,0.011465285904705524,0.05033063888549805,0.9013119339942932,4,0.25,
fixed,1,3323,1.440464973449707,0.0,0.007023215759545565,0.10185766220092773,1.4745339155197144,4,0.25,
fixed,1,3324,0.6551046967506409,0.0,0.028682684525847435,0.10068964958190918,0.699652910232544,4,0.75,
fixed,1,3325,0.4839882254600525,0.0,0.009196868166327477,0.10127198696136475,0.5189682841300964,4,0.25,2.4479432106018066
fixed,1,3326,1.25704824924469,0.0,0.01995725743472576,0.05166006088256836,1.2825249433517456,4,0.5,
fixed,1,3327,1.1356714963912964,0.017091721296310425,0.01238735020160675,0.1061021089553833,1.182241678237915,4,0.75,
fixed,1,3328,1.2007585763931274,0.0,0.020834527909755707,0.12478446960449219,1.2486112117767334,4,0.75,
fixed,1,3329,0.37492650747299194,0.032614193856716156,0.022700035944581032,0.11269509792327881,0.4363921582698822,4,0.75,
fixed,1,3330,1.4098706245422363,0.0,0.020673450082540512,0.05729079246520996,1.437394618988037,4,0.5,4.632023811340332
fixed,1,3331,1.5414659976959229,0.017193619161844254,0.012163333594799042,0.10592007637023926,1.5879205465316772,4,0.75,
fixed,1,3332,0.7025342583656311,0.0,0.015177834779024124,0.3038649559020996,0.8012826442718506,4,0.75,
fixed,1,3333,1.1722056865692139,0.0,0.011718539521098137,0.05336964130401611,1.1940758228302002,4,0.5,
fixed,1,3334,1.5095185041427612,0.0,0.0055029611103236675,0.06918561458587646,1.5330256223678589,4,0.25,
fixed,1,3335,0.9256438612937927,0.0,0.006337055936455727,0.11298644542694092,0.9627083539962769,4,0.25,1.8763989210128784
fixed,1,3336,0.8928118348121643,0.018144533038139343,0.00585542619228363,0.05047440528869629,0.9199541211128235,4,0.5,
fixed,1,3337,0.5251917243003845,0.029352940618991852,0.018989432603120804,0.3551294803619385,0.6559017896652222,4,1.0,
fixed,1,3338,0.817629873752594,0.025789089500904083,0.020892716944217682,0.10731005668640137,0.8731638193130493,4,0.75,
fixed,1,3339,1.3896615505218506,0.025406332686543465,0.029433904215693474,0.2554818391799927,1.4937262535095215,4,1.0,
fixed,1,3340,1.2621811628341675,0.0,0.03136854246258736,0.09148740768432617,1.305311679840088,4,0.75,7.068190574645996
fixed,1,3341,1.2489242553710938,0.02597646228969097,0.006568842567503452,0.05827748775482178,1.2826801538467407,4,0.5,
fixed,1,3342,0.5742208957672119,0.0,0.05975976586341858,0.056800127029418945,0.6211408376693726,4,0.75,
fixed,1,3343,0.94455885887146,0.0,0.04578154906630516,0.08040416240692139,0.9915708899497986,4,0.75,
fixed,1,3344,1.2037841081619263,0.0,0.045797958970069885,0.07242763042449951,1.2484114170074463,4,0.75,
fixed,1,3345,0.927993655204773,0.0,0.026642389595508575,0.07958352565765381,0.9651899337768555,4,0.5,5.382735729217529
fixed,1,3346,0.5919378995895386,0.010386351495981216,0.029917582869529724,0.07259035110473633,0.6338669657707214,4,0.75,
fixed,1,3347,0.9088409543037415,0.0,0.034884531050920486,0.12786293029785156,0.9646421074867249,4,0.0,
fixed,1,3348,1.0499604940414429,0.0,0.02851838618516922,0.08150887489318848,1.088672399520874,4,0.5,
fixed,1,3349,0.6338925361633301,0.0,0.0009149519028142095,0.48330259323120117,0.7793408036231995,4,0.0,
fixed,1,3350,0.6640794277191162,0.0,0.022541232407093048,0.07478058338165283,0.6977842450141907,4,0.5,4.918694496154785
fixed,1,3351,0.978603720664978,0.0,0.01876327209174633,0.04884767532348633,1.002639651298523,4,0.5,
fixed,1,3352,0.9328216314315796,0.0,0.03505745530128479,0.0820915699005127,0.9749778509140015,4,0.75,
fixed,1,3353,0.7649530172348022,0.0,0.007044854108244181,0.2003241777420044,0.828572690486908,4,0.0,
fixed,1,3354,1.291330337524414,0.0,0.018409375101327896,0.0552675724029541,1.317115306854248,4,0.5,
fixed,1,3355,0.8674286007881165,0.0215488001704216,0.010981964878737926,0.11992526054382324,0.9196715354919434,4,0.75,0.7415850758552551
fixed,1,3356,0.5231493711471558,0.01801281049847603,0.010436964221298695,0.047872185707092285,0.5517359375953674,4,0.5,
fixed,1,3357,0.6720013618469238,0.0,0.021987097337841988,0.38881826400756836,0.799640417098999,4,1.0,
fixed,1,3358,1.2086354494094849,0.028817392885684967,0.0012716698693111539,0.015162467956542969,1.2282286882400513,4,0.25,
fixed,1,3359,0.8989951610565186,0.0,0.0007004845538176596,0.3212932348251343,0.995733380317688,4,0.0,
fixed,1,3360,0.4055928885936737,0.0,0.013052831403911114,0.044411540031433105,0.42544275522232056,4,0.5,3.561757802963257
fixed,1,3361,1.133958101272583,0.0,0.021921804174780846,0.041769981384277344,1.1574499607086182,4,0.5,
fixed,1,3362,0.8450623154640198,0.025580042973160744,0.005603859666734934,0.04213976860046387,0.8732962012290955,4,0.5,
fixed,1,3363,1.0899500846862793,0.0,0.007234441116452217,0.07667386531829834,1.1165695190429688,4,0.25,
fixed,1,3364,0.6559337973594666,0.02810763753950596,0.0018161581829190254,0.04579329490661621,0.6846336722373962,4,0.25,
fixed,1,3365,1.4282432794570923,0.0,0.022151226177811623,0.04532670974731445,1.4529168605804443,4,0.5,4.671543598175049
fixed,1,3366,0.848237156867981,4.249479843565496e-06,0.007116453722119331,0.06737732887268066,0.8720107078552246,4,0.25,
fixed,1,3367,0.8373906016349792,0.0,0.009863130748271942,0.0471729040145874,0.8564740419387817,4,0.25,
fixed,1,3368,0.71373051404953,0.0,0.006404073443263769,0.10278499126434326,0.7477680444717407,4,0.25,
fixed,1,3369,0.9398070573806763,0.0,0.006396669894456863,0.11936831474304199,0.9788159132003784,4,0.25,
fixed,1,3370,1.102083444595337,0.0,0.004961698316037655,0.10564291477203369,1.1362571716308594,4,0.25,1.5293396711349487
fixed,1,3371,0.6188781261444092,0.0,0.009132961742579937,0.06459176540374756,0.6428221464157104,4,0.5,
fixed,1,3372,0.7194375991821289,0.032024696469306946,0.003995139617472887,0.06971728801727295,0.7583627104759216,4,0.5,
fixed,1,3373,1.6690599918365479,0.0,0.005349473562091589,0.09405052661895752,1.699949860572815,4,0.25,
fixed,1,3374,1.0460500717163086,0.0,0.018461517989635468,0.16082966327667236,1.103529691696167,4,0.75,
fixed,1,3375,0.4331529140472412,0.02400287054479122,0.007428679149597883,0.05680489540100098,0.4659101665019989,4,0.5,2.1974756717681885
fixed,1,3376,0.7555814385414124,0.0,0.008792778477072716,0.10103797912597656,0.7902892231941223,4,0.25,
fixed,1,3377,1.7659231424331665,0.0,0.000305180496070534,0.3187302350997925,1.8616948127746582,4,0.0,
fixed,1,3378,1.012947916984558,0.0,0.023159272968769073,0.39100706577301025,1.1418297290802002,4,1.0,
fixed,1,3379,1.336740493774414,0.0,0.008785644546151161,0.04085099697113037,1.3533886671066284,4,0.25,
fixed,1,3380,0.8059560060501099,0.0,0.008632025681436062,0.05743992328643799,0.8275039792060852,4,0.5,2.752312183380127
fixed,1,3381,0.6271243095397949,0.0,0.00990675576031208,0.05240750312805176,0.6477999687194824,4,0.5,
fixed,1,3382,0.5686064958572388,0.0693838968873024,0.004572125617414713,0.1849879026412964,0.6610808968544006,4,0.75,
fixed,1,3383,0.9004707932472229,0.0,0.009560121223330498,0.05485880374908447,0.9217084646224976,4,0.5,
fixed,1,3384,1.317801594734192,0.0,0.013051914051175117,0.05849719047546387,1.341876745223999,4,0.5,
fixed,1,3385,1.2260210514068604,0.03196607902646065,0.009933114983141422,0.1630641222000122,1.2958898544311523,4,0.75,0.8864174485206604
fixed,1,3386,0.6690735220909119,0.0,0.01875261403620243,0.05235695838928223,0.6941569447517395,4,0.5,
fixed,1,3387,1.1605156660079956,0.0,0.014076253399252892,0.061621904373168945,1.1860404014587402,4,0.5,
fixed,1,3388,0.654265284538269,0.0,0.012855798937380314,0.11971116065979004,0.6966065168380737,4,0.25,
fixed,1,3389,0.905731201171875,0.0,0.027708036825060844,0.10887253284454346,0.9522469639778137,4,0.75,
fixed,1,3390,1.6462628841400146,0.02472246065735817,0.0003268631990067661,0.11224675178527832,1.692461609840393,4,0.25,3.705146074295044
fixed,1,3391,0.9290226697921753,0.019241007044911385,0.005966679658740759,0.09886956214904785,0.9712873697280884,4,0.25,
fixed,1,3392,0.48293647170066833,0.0,0.0034173268359154463,0.23148393630981445,0.5540903210639954,4,0.0,
fixed,1,3393,1.049923300743103,0.023328516632318497,0.01455298624932766,0.12088346481323242,1.1051291227340698,4,0.75,
fixed,1,3394,1.0403766632080078,0.0,0.011025464162230492,0.052045345306396484,1.0615030527114868,4,0.25,
fixed,1,3395,0.8622525930404663,0.022805597633123398,0.007295896299183369,0.07768392562866211,0.9006085395812988,4,0.5,1.5857608318328857
fixed,1,3396,1.0342795848846436,0.0,0.029984718188643456,0.0986018180847168,1.0788525342941284,4,0.5,
fixed,1,3397,0.8581097722053528,0.0,0.03134789690375328,0.0869441032409668,0.8998669385910034,4,0.75,
fixed,1,3398,0.5259110331535339,0.0,0.011043183505535126,0.046539306640625,0.5453944206237793,4,0.25,
fixed,1,3399,1.5642125606536865,0.0,0.01691092737019062,0.07210516929626465,1.594299554824829,4,0.5,
fixed,1,3400,0.7083222270011902,0.0,0.028846969828009605,0.02086496353149414,0.7290052175521851,4,0.5,6.2056379318237305
fixed,1,3401,0.6975111365318298,0.0,0.02178317680954933,0.08989083766937256,0.7353699803352356,4,0.5,
fixed,1,3402,0.7842200398445129,0.017585670575499535,0.017422836273908615,0.11848151683807373,0.8372687697410583,4,0.75,
fixed,1,3403,0.5396286845207214,0.0,0.017879752442240715,0.044559478759765625,0.5619363784790039,4,0.5,
fixed,1,3404,0.6399872899055481,0.0,0.022463081404566765,0.03292274475097656,0.6610956788063049,4,0.5,
fixed,1,3405,0.3249163329601288,8.487553714076057e-05,0.016449544578790665,0.0352405309677124,0.34375569224357605,4,0.5,3.3762240409851074
fixed,1,3406,0.9587829113006592,0.027739642187952995,0.0023462162353098392,0.04806971549987793,0.988246738910675,4,0.25,
fixed,1,3407,0.7557802796363831,0.0,0.03396955505013466,0.14768004417419434,0.8170690536499023,4,0.75,
fixed,1,3408,1.5441333055496216,0.0,0.008414918556809425,0.17711830139160156,1.6014763116836548,4,0.25,
fixed,1,3409,0.5760402679443359,0.0,0.009162836708128452,0.05100667476654053,0.595923662185669,4,0.25,
fixed,1,3410,0.7792588472366333,0.0,0.009165703319013119,0.174263596534729,0.8361207842826843,4,0.25,2.4942920207977295
fixed,1,3411,0.7627222537994385,0.0,0.012551218271255493,0.10228395462036133,0.7996830344200134,4,0.25,
fixed,1,3412,1.0548073053359985,0.0,0.014323490671813488,0.07580935955047607,1.0847119092941284,4,0.5,
fixed,1,3413,0.8837892413139343,0.0,0.0015422403812408447,0.39066725969314575,1.001760482788086,4,0.0,
fixed,1,3414,0.5639763474464417,0.032430365681648254,0.00611148914322257,0.08767080307006836,0.6095485091209412,4,0.5,
fixed,1,3415,0.8465089201927185,0.0,0.02231350913643837,0.1415008306503296,0.9001159071922302,4,0.75,5.844259262084961
fixed,1,3416,0.9307990670204163,0.029206011444330215,0.00576139846816659,0.07894492149353027,0.9719662666320801,4,0.5,
fixed,1,3417,0.5025723576545715,0.0,0.01801261119544506,0.26772964000701904,0.5918975472450256,4,0.75,
fixed,1,3418,0.4402344226837158,0.03210560232400894,0.013011776842176914,0.2661421298980713,0.5426357388496399,4,0.75,
fixed,1,3419,2.0211997032165527,0.02834092453122139,0.007815666496753693,0.043067216873168945,2.0521981716156006,4,0.5,
fixed,1,3420,1.6161894798278809,0.0,0.0067106192000210285,0.0761343240737915,1.6423851251602173,4,0.25,2.192713737487793
fixed,1,3421,1.0770273208618164,0.0,0.016421856358647346,0.04156219959259033,1.097706913948059,4,0.5,
fixed,1,3422,0.9697064757347107,0.0,0.021221822127699852,0.12339746952056885,1.0173366069793701,4,0.75,
fixed,1,3423,1.0388174057006836,0.0,0.019161783158779144,0.1340416669845581,1.0886107683181763,4,0.75,
fixed,1,3424,0.9933217167854309,0.0,0.00887756422162056,0.08525598049163818,1.0233372449874878,4,0.25,
fixed,1,3425,0.982903242111206,0.0,0.009504934772849083,0.041902899742126465,1.000226616859436,4,0.25,2.620391368865967
fixed,1,3426,0.45453569293022156,0.0,0.021144665777683258,0.2427382469177246,0.5379295349121094,4,0.75,
fixed,1,3427,1.2705579996109009,0.0,0.02170844003558159,0.1296764612197876,1.3203151226043701,4,0.75,
fixed,1,3428,0.92500901222229,0.0,0.01352114137262106,0.05114114284515381,0.9471119046211243,4,0.5,
fixed,1,3429,1.3655085563659668,0.0,0.020905766636133194,0.13300275802612305,1.4158623218536377,4,0.75,
fixed,1,3430,0.9563503265380859,0.0,0.02034914866089821,0.13468575477600098,1.0069305896759033,4,0.75,5.693357467651367
fixed,1,3431,0.7528377175331116,0.0,0.015357398428022861,0.07605552673339844,0.7833330631256104,4,0.5,
fixed,1,3432,0.772922694683075,0.019709598273038864,0.0050414009019732475,0.07359540462493896,0.8073768019676208,4,0.5,
fixed,1,3433,1.2300639152526855,0.024310525506734848,0.016239065676927567,0.10555601119995117,1.2820055484771729,4,0.75,
fixed,1,3434,0.6299051642417908,0.0,0.00038569551543332636,0.41012245416641235,0.7531347274780273,4,0.0,
fixed,1,3435,0.7425416111946106,0.0,0.025913115590810776,0.12107300758361816,0.7918200492858887,4,0.75,6.618039131164551
fixed,1,3436,1.3301645517349243,0.0,0.007381935603916645,0.13036763668060303,1.3729658126831055,4,0.25,
fixed,1,3437,0.7883012890815735,0.024028899148106575,0.02406524494290352,0.2874499559402466,0.8985833525657654,4,1.0,
fixed,1,3438,0.9104357957839966,0.019506797194480896,0.015519493259489536,0.11301577091217041,0.9618536829948425,4,0.75,
fixed,1,3439,0.47109222412109375,0.0,0.02581770345568657,0.1096334457397461,0.5168911218643188,4,0.75,
fixed,1,3440,0.6150560975074768,0.0,0.026391057297587395,0.06437969207763672,0.6475655436515808,4,0.5,5.756622314453125
fixed,1,3441,1.1509888172149658,0.02098933234810829,0.00020713292178697884,0.11124265193939209,1.1949598789215088,4,0.25,
fixed,1,3442,1.0405292510986328,0.0,0.03022930771112442,0.09046399593353271,1.0827831029891968,4,0.75,
fixed,1,3443,0.6573428511619568,0.0,0.019343309104442596,0.045446157455444336,0.6806483268737793,4,0.5,
fixed,1,3444,0.6536187529563904,0.012168122455477715,0.024077938869595528,0.05781888961791992,0.689087450504303,4,0.75,
fixed,1,3445,1.096393346786499,0.0,0.028022615239024162,0.03412628173828125,1.1206425428390503,4,0.5,5.911500453948975
fixed,1,3446,0.8635552525520325,0.0,0.04044097289443016,0.23202049732208252,0.9533818960189819,4,1.0,
fixed,1,3447,1.2203730344772339,0.022140176966786385,0.00945309642702341,0.032198429107666016,1.2458292245864868,4,0.5,
fixed,1,3448,1.5028702020645142,0.0,0.03436906263232231,0.027173161506652832,1.528206706047058,4,0.5,
fixed,1,3449,0.8617355227470398,0.0,0.01480548270046711,0.05389714241027832,0.8853074312210083,4,0.25,
fixed,1,3450,0.464378297328949,0.0,0.03577614203095436,0.08354604244232178,0.5073301792144775,4,0.75,8.088613510131836
fixed,1,3451,0.9028835296630859,0.0,0.02488359436392784,0.04696989059448242,0.929416298866272,4,0.5,
fixed,1,3452,0.8893305659294128,0.0,0.027888882905244827,0.08851480484008789,0.929829478263855,4,0.5,
fixed,1,3453,0.9619259238243103,0.0,0.02352854050695896,0.030788421630859375,0.9829267263412476,4,0.5,
fixed,1,3454,0.7820598483085632,0.02010175958275795,0.00527535192668438,0.11510753631591797,0.82928067445755,4,0.25,
fixed,1,3455,1.1853500604629517,0.0,0.010962101630866528,0.1867440938949585,1.246854305267334,4,0.25,2.7079224586486816
fixed,1,3456,0.6248574256896973,0.0,0.021240191534161568,0.1408536434173584,0.6777336001396179,4,0.75,
fixed,1,3457,1.0490132570266724,0.0,0.022242270410060883,0.22610759735107422,1.1279666423797607,4,0.75,
fixed,1,3458,0.8552678823471069,0.0,0.0007201778935268521,0.4463164210319519,0.9895229339599609,4,0.0,
fixed,1,3459,0.9287477731704712,0.0,0.019853336736559868,0.16039609909057617,0.9867932796478271,4,0.75,
fixed,1,3460,1.1363768577575684,0.0,0.013052813708782196,0.08706855773925781,1.169023871421814,4,0.5,3.7962534427642822
fixed,1,3461,0.8569413423538208,0.027132384479045868,0.021501295268535614,0.35258948802948,0.9870350360870361,4,1.0,
fixed,1,3462,0.5121418833732605,0.0,0.03177819401025772,0.3319500684738159,0.6276159882545471,4,1.0,
fixed,1,3463,0.19865348935127258,0.0,0.01500750333070755,0.06467843055725098,0.2255607694387436,4,0.5,
fixed,1,3464,1.2375967502593994,0.0,0.015981432050466537,0.07850635051727295,1.2691394090652466,4,0.5,
fixed,1,3465,0.8877326250076294,0.0,0.006759329698979855,0.09368729591369629,0.9192184805870056,4,0.25,2.0860095024108887
fixed,1,3466,0.9798657894134521,0.02684488333761692,0.012470114044845104,0.1456538438796997,1.0432194471359253,4,0.75,
fixed,1,3467,1.6428189277648926,0.0,0.0141528295353055,0.032651424407958984,1.6596907377243042,4,0.5,
fixed,1,3468,0.8651089072227478,0.0,0.006780151277780533,0.06975173950195312,0.8894245028495789,4,0.25,
fixed,1,3469,0.9849238991737366,0.0,0.007432015612721443,0.06823372840881348,1.0091099739074707,4,0.25,
fixed,1,3470,1.0753611326217651,0.0,0.008401731960475445,0.07828497886657715,1.103047490119934,4,0.25,2.324610471725464
fixed,1,3471,0.9047559499740601,0.0,0.007034674286842346,0.07109248638153076,0.9296010136604309,4,0.25,
fixed,1,3472,0.6673936247825623,0.0,0.02367309480905533,0.1183319091796875,0.7147297263145447,4,0.75,
fixed,1,3473,1.4985289573669434,0.02673342265188694,0.007368123158812523,0.040606141090393066,1.5277615785598755,4,0.5,
fixed,1,3474,0.40473657846450806,0.0,0.01631050556898117,0.05643045902252197,0.4298209547996521,4,0.5,
fixed,1,3475,0.5103908181190491,0.0,0.006049701012670994,0.07416844367980957,0.5356662273406982,4,0.25,1.7701151371002197
fixed,1,3476,1.0676547288894653,0.0,0.029523883014917374,0.11230480670928955,1.1161080598831177,4,0.75,
fixed,1,3477,0.378259539604187,0.0,0.02282334864139557,0.038849830627441406,0.40132617950439453,4,0.5,
fixed,1,3478,0.4910869598388672,0.0,0.011304009705781937,0.06749367713928223,0.5169870853424072,4,0.5,
fixed,1,3479,0.9548605680465698,0.0,0.03438713029026985,0.2990933656692505,1.0617821216583252,4,1.0,
fixed,1,3480,0.5615348219871521,0.0,0.007144434377551079,0.04185497760772705,0.5776635408401489,4,0.25,2.195239305496216
fixed,1,3481,0.9461944699287415,0.042129456996917725,0.011449018493294716,0.3022763729095459,1.063666582107544,4,1.0,
fixed,1,3482,1.476205825805664,0.05753621459007263,0.004663725849241018,0.16401803493499756,1.5565111637115479,4,0.75,
fixed,1,3483,1.117464542388916,0.028232207521796227,0.00011298103345325217,0.15143084526062012,1.177066445350647,4,0.25,
fixed,1,3484,0.8919045329093933,0.05681069940328598,0.007043993100523949,0.12771320343017578,0.9621458649635315,4,0.75,
fixed,1,3485,1.1923432350158691,0.0,0.00834385585039854,0.1493360996246338,1.2413159608840942,4,0.25,2.2035388946533203
fixed,1,3486,1.0775352716445923,0.0,0.01765643246471882,0.06603491306304932,1.1061739921569824,4,0.5,
fixed,1,3487,0.6912091374397278,0.0,0.03479565307497978,0.07381343841552734,0.7307509779930115,4,0.75,
fixed,1,3488,1.1107549667358398,0.0,0.02885059453547001,0.060674190521240234,1.1433825492858887,4,0.5,
fixed,1,3489,0.9238094687461853,0.0,0.03222169727087021,0.05814921855926514,0.957365095615387,4,0.5,
fixed,1,3490,0.798536479473114,0.0,0.0004707100451923907,0.3745238780975342,0.9111289978027344,4,0.0,1.003722071647644
fixed,1,3491,0.9325629472732544,0.013026634231209755,0.0026618356350809336,0.0716625452041626,0.9619059562683105,4,0.25,
fixed,1,3492,1.118220329284668,0.008429944515228271,0.03887190669775009,0.03353118896484375,1.151930570602417,4,0.75,
fixed,1,3493,1.036085844039917,0.030115637928247452,0.010963860899209976,0.04770302772521973,1.0709364414215088,4,0.75,
fixed,1,3494,0.7738770842552185,0.0,0.041145406663417816,0.05061924457550049,0.809635579586029,4,0.75,
fixed,1,3495,0.5611798167228699,0.0,0.014843429438769817,0.06371164321899414,0.5877150297164917,4,0.25,3.3667335510253906
fixed,1,3496,0.8384894728660583,0.0,0.030864600092172623,0.041126132011413574,0.8662596344947815,4,0.5,
fixed,1,3497,1.2319307327270508,0.0,0.018634183332324028,0.12662506103515625,1.2792353630065918,4,0.25,
fixed,1,3498,0.7618273496627808,0.0,0.031891051679849625,0.05341625213623047,0.7937977313995361,4,0.5,
fixed,1,3499,0.5289748907089233,0.013092270120978355,0.02551339939236641,0.11176466941833496,0.5818071365356445,4,0.75,
fixed,1,3500,2.109489679336548,0.0,0.023001238703727722,0.0571444034576416,2.1381335258483887,4,0.5,5.406002998352051
fixed,1,3501,0.49282363057136536,0.0,0.023331401869654655,0.0396418571472168,0.5163818597793579,4,0.5,
fixed,1,3502,0.9411120414733887,0.014575455337762833,0.007859259843826294,0.056491851806640625,0.9692769646644592,4,0.5,
fixed,1,3503,1.042585849761963,0.0,0.01939951255917549,0.04627513885498047,1.066168189048767,4,0.5,
fixed,1,3504,1.0781962871551514,0.020160086452960968,0.012346655130386353,0.07787978649139404,1.1178135871887207,4,0.5,
fixed,1,3505,0.823704183101654,0.0,0.00047268811613321304,0.3909226655960083,0.941217303276062,4,0.0,0.9369208216667175
fixed,1,3506,0.9535577297210693,0.014032242819666862,0.006181779317557812,0.07896053791046143,0.9873529076576233,4,0.5,
fixed,1,3507,1.383985161781311,0.0,0.012825804762542248,0.06632685661315918,1.410296082496643,4,0.5,
fixed,1,3508,1.29361891746521,0.0,0.016728181391954422,0.0667794942855835,1.3220168352127075,4,0.5,
fixed,1,3509,0.45186591148376465,0.0,0.0030865625012665987,0.15078473091125488,0.49864462018013,3,0.25,
fixed,1,3510,0.6110058426856995,0.0,0.01908032037317753,0.2250591516494751,0.6880637407302856,4,0.5,5.041255474090576
fixed,1,3511,0.6252976059913635,0.0,0.005426408722996712,0.09050452709197998,0.6551621556282043,4,0.25,
fixed,1,3512,0.6669034957885742,0.0,0.02048264816403389,0.07321906089782715,0.6991105079650879,4,0.5,
fixed,1,3513,0.4054367244243622,0.0,0.019440606236457825,0.18317461013793945,0.47010940313339233,4,0.75,
fixed,1,3514,1.5344492197036743,0.00029993930365890265,0.008919918909668922,0.02532637119293213,1.5466570854187012,4,0.25,
fixed,1,3515,0.37491193413734436,0.0,0.015727927908301353,0.21187126636505127,0.4463372826576233,4,0.75,4.750377178192139
fixed,1,3516,0.8381487727165222,0.0,0.009213369339704514,0.08497023582458496,0.8682465553283691,4,0.5,
fixed,1,3517,0.7729917168617249,0.0,0.00388154829852283,0.10468173027038574,0.8063369989395142,4,0.25,
fixed,1,3518,1.1738938093185425,0.0343017503619194,0.005418636370450258,0.25959789752960205,1.2716333866119385,4,0.75,
fixed,1,3519,0.7675969004631042,0.0,0.007138133980333805,0.11084091663360596,0.8044182658195496,4,0.5,
fixed,1,3520,0.7020537853240967,0.0,0.010450567118823528,0.24512577056884766,0.7808167934417725,4,0.75,3.5687828063964844
fixed,1,3521,0.4260700047016144,0.0,0.013182654045522213,0.2407076358795166,0.5048736333847046,4,0.5,
fixed,1,3522,0.9393148422241211,0.03273633122444153,0.0003227058332413435,0.11045777797698975,0.9889817237854004,4,0.25,
fixed,1,3523,0.935256838798523,0.0,0.02410689927637577,0.1649773120880127,0.9968034625053406,4,0.75,
fixed,1,3524,0.9206303954124451,0.0,0.013806615956127644,0.06557655334472656,0.9472066760063171,4,0.5,
fixed,1,3525,0.7318648099899292,0.0,0.0052468441426754,0.11181807518005371,0.7680336236953735,4,0.25,1.7283810377120972
fixed,1,3526,1.3304414749145508,0.0,0.007101180497556925,0.10304760932922363,1.3649063110351562,4,0.25,
fixed,1,3527,1.1029505729675293,0.0,0.01190102007240057,0.07016432285308838,1.1299504041671753,4,0.5,
fixed,1,3528,0.4898640215396881,0.0,0.019417058676481247,0.16577959060668945,0.5493064522743225,4,0.75,
fixed,1,3529,0.6210994720458984,0.0,0.023618405684828758,0.21380150318145752,0.6970491409301758,4,0.75,
fixed,1,3530,1.353257656097412,0.0,0.012234050780534744,0.05440258979797363,1.3756954669952393,4,0.5,3.4733197689056396
fixed,1,3531,1.4418408870697021,0.03310760483145714,0.007591187953948975,0.06862664222717285,1.4827783107757568,4,0.5,
fixed,1,3532,0.8643881678581238,0.0,0.029156021773815155,0.12554407119750977,0.9166293740272522,4,0.75,
fixed,1,3533,1.4777450561523438,0.03342641144990921,0.00691878842189908,0.061942100524902344,1.5165002346038818,4,0.5,
fixed,1,3534,0.5788177251815796,0.0,0.01647207885980606,0.17162907123565674,0.6385424733161926,4,0.75,
fixed,1,3535,0.9960756897926331,0.0,0.01855921745300293,0.04611361026763916,1.0191893577575684,4,0.5,4.445651531219482
fixed,1,3536,0.7301959991455078,0.0,0.018074283376336098,0.1612379550933838,0.7876045107841492,4,0.75,
fixed,1,3537,0.5128808617591858,0.029985547065734863,0.022219762206077576,0.12324750423431396,0.5759577751159668,4,0.75,
fixed,1,3538,1.5551440715789795,0.0,0.019049298018217087,0.04295921325683594,1.5775564908981323,4,0.5,
fixed,1,3539,0.7033047676086426,0.0,0.015292840078473091,0.15470623970031738,0.7573630809783936,4,0.25,
fixed,1,3540,1.1622282266616821,0.020889127627015114,0.010540508665144444,0.07095885276794434,1.199230670928955,4,0.5,1.1944984197616577
fixed,1,3541,0.8530657887458801,0.0,0.037467196583747864,0.28066062927246094,0.9559975862503052,4,1.0,
fixed,1,3542,1.5069571733474731,9.695989137981087e-05,0.00021629472030326724,0.35537028312683105,1.613724946975708,4,0.0,
fixed,1,3543,0.534400463104248,0.022045213729143143,0.00571554247289896,0.08114862442016602,0.5726253986358643,4,0.5,
fixed,1,3544,0.38091227412223816,0.0,0.006116462405771017,0.1172645092010498,0.41914987564086914,4,0.25,
fixed,1,3545,1.054219126701355,0.0,0.02080407552421093,0.03814983367919922,1.0760661363601685,4,0.5,5.054134845733643
fixed,1,3546,0.8366339206695557,0.02529088966548443,0.018161393702030182,0.19331037998199463,0.916353166103363,4,0.75,
fixed,1,3547,1.0173239707946777,0.0,0.015641745179891586,0.059432029724121094,1.0429744720458984,4,0.5,
fixed,1,3548,0.43885910511016846,0.0,0.03266202658414841,0.13514018058776855,0.4957321882247925,4,0.5,
fixed,1,3549,0.9195750951766968,0.019120486453175545,0.00017980199481826276,0.13801217079162598,0.9706289172172546,4,0.25,
fixed,1,3550,1.361552119255066,0.0,0.01818973943591118,0.06543982028961182,1.390278935432434,4,0.5,4.544572830200195
fixed,1,3551,0.6914815902709961,0.0,0.01823969930410385,0.060318827629089355,0.7186970710754395,4,0.5,
fixed,1,3552,1.0560152530670166,0.0,0.0042155045084655285,0.27409815788269043,1.140352487564087,4,0.0,
fixed,1,3553,0.9269718527793884,0.0,0.04105827212333679,0.26059865951538086,1.0256805419921875,4,1.0,
fixed,1,3554,1.2819124460220337,0.0,0.022710733115673065,0.1296013593673706,1.3321481943130493,4,0.75,
fixed,1,3555,1.7806388139724731,7.824195927241817e-05,0.01859944313764572,0.05584144592285156,1.806730031967163,4,0.5,4.716679573059082
fixed,1,3556,0.43994224071502686,0.0,0.004679176956415176,0.26069092750549316,0.5204890966415405,4,0.0,
fixed,1,3557,0.5757201910018921,0.024088095873594284,0.01900837942957878,0.11221504211425781,0.6309329271316528,4,0.75,
fixed,1,3558,0.755077064037323,0.0,0.036282047629356384,0.2840912342071533,0.8584454655647278,4,1.0,
fixed,1,3559,1.4439880847930908,0.0,0.031948260962963104,0.019464969635009766,1.46580171585083,4,0.5,
fixed,1,3560,1.6440297365188599,0.0,0.02138647995889187,0.03751969337463379,1.6659789085388184,4,0.5,5.027336597442627
fixed,1,3561,1.0423706769943237,0.029017142951488495,0.008739130571484566,0.08484506607055664,1.0867023468017578,4,0.75,
fixed,1,3562,1.1718542575836182,0.0,0.008550411090254784,0.134194016456604,1.2163876295089722,4,0.25,
fixed,1,3563,0.7318503856658936,0.0,0.00044150243047624826,0.38985806703567505,0.8490285873413086,4,0.0,
fixed,1,3564,0.38235899806022644,0.0,0.03818735480308533,0.12608003616333008,0.43927669525146484,4,0.75,
fixed,1,3565,1.190669059753418,0.0,0.02205771952867508,0.03702378273010254,1.2128050327301025,4,0.5,5.362872123718262
fixed,1,3566,0.8935004472732544,0.011761544272303581,0.03025175631046295,0.20112717151641846,0.9748452305793762,4,1.0,
fixed,1,3567,1.017027497291565,0.0,0.026646945625543594,0.03204011917114258,1.0399630069732666,4,0.5,
fixed,1,3568,0.9872899055480957,0.013211823999881744,0.03251105546951294,0.07654941082000732,1.0331162214279175,4,0.75,
fixed,1,3569,0.5114352703094482,0.0,0.004051789175719023,0.26743555068969727,0.5936918258666992,4,0.0,
fixed,1,3570,0.9728823304176331,0.0,0.022847361862659454,0.17094683647155762,1.0355900526046753,4,0.25,3.859456777572632
fixed,1,3571,1.154431939125061,0.013831601478159428,0.01797717623412609,0.07594573497772217,1.193120002746582,4,0.5,
fixed,1,3572,0.8662150502204895,0.009858353063464165,0.032523661851882935,0.18514037132263184,0.9429481625556946,4,1.0,
fixed,1,3573,1.025856375694275,0.0,0.0004302284214645624,0.3384091854095459,1.127594232559204,4,0.0,
fixed,1,3574,1.9382457733154297,0.0,0.000313751632347703,0.3095346689224243,2.0312631130218506,4,0.0,
fixed,1,3575,0.6810726523399353,0.017357220873236656,0.01991462893784046,0.08439159393310547,0.7250260710716248,4,0.75,1.965172290802002
fixed,1,3576,0.9306685924530029,0.0,0.039689674973487854,0.11494588851928711,0.9849972128868103,4,0.75,
fixed,1,3577,0.951154351234436,0.010998784564435482,0.017752988263964653,0.0785832405090332,0.989105224609375,4,0.75,
fixed,1,3578,0.725787878036499,0.0,0.016567321494221687,0.09455180168151855,0.762437105178833,4,0.25,
fixed,1,3579,1.5059858560562134,0.0,0.020438143983483315,0.03981149196624756,1.5281484127044678,4,0.5,
fixed,1,3580,0.8181769847869873,0.0,0.03837667405605316,0.06407904624938965,0.8565890192985535,4,0.5,6.937346458435059
fixed,1,3581,0.8255873322486877,0.0,0.009640093892812729,0.08210253715515137,0.8550381660461426,4,0.25,
fixed,1,3582,0.9324842691421509,0.0,0.020689217373728752,0.03754627704620361,0.9540927410125732,4,0.5,
fixed,1,3583,1.1990337371826172,1.632028897802229e-06,0.009112605825066566,0.055405378341674805,1.220212459564209,4,0.25,
fixed,1,3584,1.4141840934753418,0.0,0.025723149999976158,0.027915239334106445,1.435420274734497,4,0.5,
fixed,1,3585,0.3639312982559204,0.02171059511601925,0.01289988961070776,0.057048678398132324,0.39835113286972046,4,0.5,0.8519105315208435
fixed,1,3586,0.9950131177902222,0.0,0.006925096269696951,0.09092402458190918,1.0257529020309448,4,0.25,
fixed,1,3587,1.1191974878311157,1.5132776752579957e-05,0.012251022271811962,0.04951369762420654,1.1401846408843994,4,0.25,
fixed,1,3588,0.8253265023231506,0.0,0.018488913774490356,0.1772453784942627,0.8877445459365845,4,0.75,
fixed,1,3589,1.2988574504852295,0.0033524716272950172,0.01774953305721283,0.07821941375732422,1.3328742980957031,4,0.5,
fixed,1,3590,0.6856891512870789,0.0,0.022935792803764343,0.22362828254699707,0.7642455101013184,4,0.75,5.473966598510742
fixed,1,3591,1.6926590204238892,0.0,0.005465912166982889,0.13135814666748047,1.7347993850708008,4,0.25,
fixed,1,3592,1.1796327829360962,0.0,0.026601500809192657,0.16743099689483643,1.2431628704071045,4,0.75,
fixed,1,3593,0.7250213623046875,0.03066224791109562,1.6175706605281448e-06,0.11527121067047119,0.7749346494674683,4,0.25,
fixed,1,3594,1.261711597442627,0.033564578741788864,0.004079645965248346,0.09854495525360107,1.3100972175598145,4,0.5,
fixed,1,3595,0.8142023086547852,0.0,0.02478950098156929,0.17057418823242188,0.8777693510055542,4,0.75,6.600584983825684
fixed,1,3596,0.8121180534362793,0.02960602380335331,0.004991957452148199,0.07924091815948486,0.8531893491744995,4,0.5,
fixed,1,3597,1.1393120288848877,9.024795872392133e-05,0.0066407592967152596,0.08547711372375488,1.168320655822754,4,0.5,
fixed,1,3598,0.8355281352996826,0.01524918619543314,0.0037716240622103214,0.06409227848052979,0.8642662167549133,4,0.5,
fixed,1,3599,1.1621605157852173,0.03360472247004509,0.0042375801131129265,0.07606220245361328,1.2039003372192383,4,0.5,
fixed,1,3600,0.6349974870681763,0.0,0.014179287478327751,0.26474297046661377,0.7215100526809692,4,0.5,3.9899659156799316
fixed,1,3601,0.9430926442146301,0.0,0.00032720615854486823,0.339428186416626,1.0450847148895264,4,0.0,
fixed,1,3602,1.3411600589752197,0.0,0.0035971205215901136,0.10595965385437012,1.374746561050415,4,0.25,
fixed,1,3603,1.1207730770111084,0.0,0.014845479279756546,0.187505841255188,1.1844475269317627,4,0.75,
fixed,1,3604,1.3658360242843628,0.02576894499361515,0.0002895543584600091,0.10078883171081543,1.409101963043213,4,0.25,
fixed,1,3605,0.8172534108161926,0.0207319725304842,0.011774946004152298,0.14806830883026123,0.8779273629188538,4,0.75,1.0902190208435059
fixed,1,3606,0.4652504324913025,0.0,0.005569235887378454,0.07131171226501465,0.4894285798072815,4,0.25,
fixed,1,3607,1.082546591758728,0.0,0.01833658292889595,0.05485224723815918,1.108170509338379,4,0.5,
fixed,1,3608,0.8735362887382507,0.0,0.01503811776638031,0.03257572650909424,0.8908280730247498,4,0.25,
fixed,1,3609,0.8895356059074402,0.0,0.026220805943012238,0.11996793746948242,0.9386364221572876,4,0.75,
fixed,1,3610,1.171903133392334,0.027675438672304153,0.006892556324601173,0.04540693759918213,1.20280921459198,4,0.5,2.12858247756958
fixed,1,3611,0.7920910716056824,0.0,0.0781160444021225,0.12897181510925293,0.8698406219482422,4,0.75,
fixed,1,3612,0.6272062063217163,0.02151402458548546,0.01841195486485958,0.1752551794052124,0.699745774269104,4,1.0,
fixed,1,3613,1.1063976287841797,0.0,0.02046201564371586,0.041921377182006836,1.1292051076889038,4,0.5,
fixed,1,3614,0.9335492253303528,0.0,0.02449178323149681,0.10825502872467041,0.9782716035842896,4,0.75,
fixed,1,3615,0.980499267578125,0.0,0.00032665100297890604,0.3304424285888672,1.0797953605651855,4,0.0,0.8899534344673157
fixed,1,3616,0.626894474029541,0.0,0.03630410134792328,0.08180546760559082,0.6695881485939026,4,0.75,
fixed,1,3617,0.7491099238395691,0.0,0.05468452721834183,0.05795180797576904,0.7938377261161804,4,0.75,
fixed,1,3618,1.299551010131836,0.025023316964507103,0.022779714316129684,0.08683133125305176,1.3495019674301147,4,0.75,
fixed,1,3619,0.9236461520195007,0.012613274157047272,0.01399820577353239,0.09767472743988037,0.9662542939186096,4,0.75,
fixed,1,3620,1.1931352615356445,0.0,0.012174009345471859,0.0565871000289917,1.216198444366455,4,0.25,2.942250967025757
fixed,1,3621,0.9235613942146301,0.0,0.027341412380337715,0.09808540344238281,0.9666576981544495,4,0.75,
fixed,1,3622,1.1863526105880737,0.043127767741680145,9.310471068602055e-05,0.060704827308654785,1.2261744737625122,4,0.5,
fixed,1,3623,1.0168306827545166,0.0,0.029901741072535515,0.12430500984191895,1.0690730810165405,3,0.25,
fixed,1,3624,1.452183723449707,0.0,0.008691268973052502,0.0993727445602417,1.4863412380218506,4,0.25,
fixed,1,3625,0.9391310811042786,0.0,0.015426509082317352,0.03708672523498535,0.957970380783081,4,0.5,4.127553939819336
fixed,1,3626,1.618432641029358,0.0,0.02506536990404129,0.044550299644470215,1.644330382347107,4,0.5,
fixed,1,3627,0.779114305973053,0.0,0.02048245631158352,0.1300220489501953,0.8283621668815613,4,0.75,
fixed,1,3628,1.1912107467651367,0.020814428105950356,0.006087939720600843,0.06011331081390381,1.2226959466934204,4,0.5,
fixed,1,3629,0.8169028162956238,0.015038789249956608,0.03566683083772659,0.19597697257995605,0.9010487198829651,4,1.0,
fixed,1,3630,0.932970404624939,0.015346336178481579,0.039505235850811005,0.1778022050857544,1.0137368440628052,4,1.0,4.873326301574707
fixed,1,3631,1.0895297527313232,0.0,0.013935736380517483,0.0674203634262085,1.1167237758636475,4,0.5,
fixed,1,3632,0.7926281094551086,0.015457656234502792,0.030756881460547447,0.07836127281188965,0.8392437696456909,4,0.75,
fixed,1,3633,1.2630994319915771,0.0,0.0013073300942778587,0.19660282135009766,1.322733998298645,4,0.0,
fixed,1,3634,1.6030491590499878,0.0,0.018481332808732986,0.056678056716918945,1.6292932033538818,4,0.5,
fixed,1,3635,0.7345066666603088,0.0,0.026712633669376373,0.11194229125976562,0.7814456820487976,4,0.75,6.732436656951904
fixed,1,3636,0.8470475673675537,0.0,0.02609546296298504,0.07595837116241455,0.882882833480835,4,0.5,
fixed,1,3637,0.6463215351104736,0.0,0.004894981160759926,0.22728300094604492,0.7169539332389832,4,0.0,
fixed,1,3638,1.114689588546753,0.0,0.01742977648973465,0.06677126884460449,1.1434358358383179,4,0.5,
fixed,1,3639,0.7996496558189392,0.0,0.02420325204730034,0.12086188793182373,0.8480098247528076,4,0.75,
fixed,1,3640,1.2313421964645386,0.0,0.02064417116343975,0.09273767471313477,1.269485592842102,4,0.5,4.704638957977295
fixed,1,3641,0.5232805013656616,0.022884055972099304,0.01591327413916588,0.12834227085113525,0.5811818242073059,4,0.75,
fixed,1,3642,1.0599102973937988,0.0,0.02136678248643875,0.09742236137390137,1.0998203754425049,4,0.5,
fixed,1,3643,0.8887331485748291,0.0,0.014001659117639065,0.0841069221496582,0.9209660291671753,4,0.5,
fixed,1,3644,0.6865410804748535,0.0,0.018868835642933846,0.14000976085662842,0.737978458404541,4,0.75,
fixed,1,3645,1.2318782806396484,0.026339557021856308,0.0062128701247274876,0.08775174617767334,1.2744799852371216,4,0.5,2.3310658931732178
fixed,1,3646,0.48660746216773987,0.0117933489382267,0.03464178740978241,0.18350625038146973,0.564876914024353,4,1.0,
fixed,1,3647,1.2916245460510254,0.0,0.0107840895652771,0.03885817527770996,1.3086740970611572,4,0.25,
fixed,1,3648,0.8332192301750183,0.0,0.006835843902081251,0.1353921890258789,0.8772547841072083,4,0.25,
fixed,1,3649,0.697987973690033,0.0,0.01130597572773695,0.15197288990020752,0.749232828617096,4,0.25,
fixed,1,3650,0.8390331268310547,0.0,0.02042320929467678,0.2638986110687256,0.9284143447875977,4,0.75,5.8602070808410645
fixed,1,3651,1.3450589179992676,0.0,0.005694290157407522,0.11475753784179688,1.3823332786560059,4,0.25,
fixed,1,3652,0.7797254323959351,0.0,0.021211016923189163,0.12335836887359619,0.827338457107544,4,0.75,
fixed,1,3653,1.1308038234710693,0.0,0.009904309175908566,0.12249970436096191,1.1725058555603027,4,0.25,
fixed,1,3654,0.9710347652435303,0.0,0.017744293436408043,0.04729890823364258,0.994096577167511,4,0.25,
fixed,1,3655,0.6182127594947815,0.0,0.026753157377243042,0.10934853553771973,0.6643939018249512,4,0.75,5.96981143951416
fixed,1,3656,1.0749574899673462,0.0,0.017801892012357712,0.14733052253723145,1.128057599067688,4,0.75,
fixed,1,3657,0.9216088056564331,0.0,0.000953637296333909,0.30073297023773193,1.012305498123169,4,0.0,
fixed,1,3658,1.5534337759017944,0.01991395093500614,0.0044546425342559814,0.04276013374328613,1.5784461498260498,4,0.5,
fixed,1,3659,0.8922454714775085,0.0,0.005058045499026775,0.08272755146026611,0.9195927381515503,4,0.25,
fixed,1,3660,0.6084956526756287,0.021280674263834953,0.006452055647969246,0.2667508125305176,0.702387273311615,4,0.5,2.2206242084503174
fixed,1,3661,0.5735895037651062,0.0,0.011168583296239376,0.04161977767944336,0.5916597247123718,4,0.5,
fixed,1,3662,0.47236740589141846,0.0,0.005145006347447634,0.08051002025604248,0.4990929067134857,4,0.25,
fixed,1,3663,1.0161967277526855,0.0,0.011442840099334717,0.25617218017578125,1.0987697839736938,4,0.5,
fixed,1,3664,0.7290651798248291,0.0,0.0058325366117060184,0.028945565223693848,0.7406651377677917,4,0.25,
fixed,1,3665,0.916314423084259,0.0,0.019686438143253326,0.14204466342926025,0.9687710404396057,4,0.75,5.3103556632995605
fixed,1,3666,0.8604856133460999,0.0,0.010409624315798283,0.0856466293334961,0.8913844227790833,4,0.5,
fixed,1,3667,0.9519987106323242,0.0,0.005061807576566935,0.08549439907073975,0.9801779389381409,4,0.25,
fixed,1,3668,1.3636746406555176,0.0,0.01032269187271595,0.06555914878845215,1.3885037899017334,4,0.5,
fixed,1,3669,1.7857515811920166,0.0,0.0018140118336305022,0.2148733139038086,1.8511205911636353,4,0.0,
fixed,1,3670,1.5134351253509521,0.0,0.017564324662089348,0.06202125549316406,1.5408236980438232,4,0.5,4.1137261390686035
fixed,1,3671,1.0050692558288574,0.03461078926920891,0.01771082542836666,0.4012044072151184,1.151591420173645,4,1.0,
fixed,1,3672,1.025280475616455,0.0,0.015662364661693573,0.16806375980377197,1.0835307836532593,4,0.75,
fixed,1,3673,0.6912890672683716,0.0,0.01678232103586197,0.16122150421142578,0.7480466961860657,4,0.75,
fixed,1,3674,1.2105625867843628,0.027281882241368294,0.005884266458451748,0.06527960300445557,1.2467294931411743,4,0.5,
fixed,1,3675,1.0598204135894775,0.0,0.03844683617353439,0.25479042530059814,1.155480980873108,4,1.0,9.525664329528809
fixed,1,3676,0.4117054045200348,0.0,0.02015780657529831,0.2650033235549927,0.5012853145599365,4,0.75,
fixed,1,3677,1.2279475927352905,0.0,0.016282713040709496,0.06546688079833984,1.2557289600372314,4,0.5,
fixed,1,3678,1.006648063659668,0.02519291453063488,0.003978798631578684,0.04681837558746338,1.035279393196106,4,0.25,
fixed,1,3679,1.0495630502700806,0.0,0.002534665400162339,0.2191227674484253,1.1165672540664673,4,0.0,
fixed,1,3680,0.7303245663642883,0.0,0.009117267094552517,0.13145768642425537,0.7743204832077026,4,0.25,2.351005792617798
fixed,1,3681,0.9967753887176514,0.0,0.02011016383767128,0.07346773147583008,1.0288708209991455,4,0.5,
fixed,1,3682,0.77667635679245,0.0,0.03421489894390106,0.08284354209899902,0.8186368942260742,4,0.5,
fixed,1,3683,0.850853681564331,0.0,0.03997325897216797,0.07681334018707275,0.8938843011856079,4,0.75,
fixed,1,3684,0.6488191485404968,0.0,0.03029566816985607,0.08674955368041992,0.68999183177948,4,0.75,
fixed,1,3685,1.1149736642837524,0.0,0.05001486465334892,0.18434131145477295,1.1952835321426392,4,1.0,10.949471473693848
fixed,1,3686,1.069384217262268,0.010713424533605576,0.030357521027326584,0.051779866218566895,1.105453610420227,4,0.75,
fixed,1,3687,0.5111909508705139,0.0,0.030344251543283463,0.06715118885040283,0.5465084314346313,4,0.5,
fixed,1,3688,0.8977473974227905,0.0,0.009576048702001572,0.040833234786987305,0.9147853851318359,4,0.25,
fixed,1,3689,1.2269349098205566,0.010854113847017288,0.020055316388607025,0.05282151699066162,1.258236050605774,4,0.75,
fixed,1,3690,0.5167102813720703,0.016090216115117073,0.014256507158279419,0.08993780612945557,0.5588650107383728,4,0.75,1.4118411540985107
fixed,1,3691,1.122309923171997,0.0,0.016804613173007965,0.04463481903076172,1.144102692604065,4,0.5,
fixed,1,3692,1.3886778354644775,0.029671264812350273,0.007834576070308685,0.04681217670440674,1.4214744567871094,4,0.5,
fixed,1,3693,0.5589842200279236,0.0,0.009012965485453606,0.12708985805511475,0.601617693901062,4,0.25,
fixed,1,3694,0.7271143794059753,0.02498544752597809,0.009586877189576626,0.056284189224243164,0.7612857818603516,4,0.5,
fixed,1,3695,0.9074147343635559,0.00679284380748868,0.021864771842956543,0.06674563884735107,0.9417672157287598,4,0.75,3.464299201965332
fixed,1,3696,1.212838053703308,0.0,0.025017304345965385,0.08665013313293457,1.251341700553894,4,0.25,
fixed,1,3697,0.5572795867919922,0.0,0.03326091170310974,0.08659172058105469,0.5998875498771667,4,0.75,
fixed,1,3698,0.5141736268997192,0.0,0.02297140657901764,0.11709702014923096,0.5607884526252747,4,0.75,
fixed,1,3699,1.1069583892822266,0.0,0.0030974207911640406,0.2644752264022827,1.1878496408462524,4,0.0,
fixed,1,3700,1.0256199836730957,0.0,0.023359233513474464,0.0780104398727417,1.0607026815414429,4,0.5,4.974015235900879
fixed,1,3701,0.5402768850326538,0.0,0.05102366581559181,0.07260990142822266,0.5875716805458069,4,0.75,
fixed,1,3702,1.143126130104065,0.03637625649571419,0.005218835547566414,0.09707558155059814,1.1930463314056396,4,0.75,
fixed,1,3703,0.7822905778884888,0.016525086015462875,0.00885649211704731,0.07390058040618896,0.8171515464782715,4,0.5,
fixed,1,3704,0.7026380896568298,0.01624486781656742,0.005377807654440403,0.07723259925842285,0.736619234085083,4,0.5,
fixed,1,3705,1.0267225503921509,0.0,0.019328687340021133,0.13859093189239502,1.077964186668396,4,0.75,5.317157745361328
fixed,1,3706,0.5113704800605774,0.0,0.026182204484939575,0.1056826114654541,0.5561663508415222,4,0.75,
fixed,1,3707,0.8172194957733154,0.0,0.01287782471626997,0.06851303577423096,0.8442122936248779,4,0.5,
fixed,1,3708,0.5402345657348633,0.0,0.01076878048479557,0.04439651966094971,0.5589379072189331,4,0.25,
fixed,1,3709,0.8348925113677979,0.0109860859811306,0.0063382713124156,0.08213269710540771,0.8681945204734802,4,0.5,
fixed,1,3710,1.3273934125900269,0.0,0.017727918922901154,0.08057272434234619,1.3604291677474976,4,0.5,4.286421775817871
fixed,1,3711,1.380306363105774,0.02877512201666832,0.031356506049633026,0.09394168853759766,1.4385546445846558,4,0.75,
fixed,1,3712,1.0896815061569214,0.02734977751970291,0.02250811457633972,0.2996786832809448,1.2045140266418457,4,1.0,
fixed,1,3713,0.5808151364326477,0.010594986379146576,0.015696153044700623,0.08544695377349854,0.6195948123931885,4,0.75,
fixed,1,3714,1.3056495189666748,0.02657914161682129,0.013330113142728806,0.11361026763916016,1.3596872091293335,4,0.75,
fixed,1,3715,1.3416471481323242,0.0,0.03133804351091385,0.04612934589385986,1.371155023574829,4,0.5,5.344552993774414
fixed,1,3716,0.6489101052284241,0.0,0.015176873654127121,0.060241103172302246,0.6745708584785461,4,0.5,
fixed,1,3717,0.9259790778160095,0.0,0.017518622800707817,0.18517231941223145,0.990290105342865,4,0.25,
fixed,1,3718,0.7098041772842407,0.011074119247496128,0.009880545549094677,0.037598609924316406,0.7315610647201538,4,0.5,
fixed,1,3719,1.0959746837615967,0.0,0.0063165174797177315,0.2570462226867676,1.1762467622756958,4,0.0,
fixed,1,3720,0.5689690709114075,0.0,0.025211242958903313,0.08454060554504395,0.6069368720054626,4,0.75,6.347595691680908
fixed,1,3721,1.2450577020645142,0.0,0.0013964771060273051,0.406141459941864,1.3675984144210815,4,0.0,
fixed,1,3722,1.1748254299163818,0.0,0.027091529220342636,0.21204352378845215,1.2519842386245728,4,0.75,
fixed,1,3723,1.3449503183364868,0.0,0.019395537674427032,0.06296253204345703,1.3735368251800537,4,0.5,
fixed,1,3724,1.0030410289764404,0.0,0.0014182506129145622,0.3896975517272949,1.1206594705581665,4,0.0,
fixed,1,3725,0.5422806739807129,0.031227711588144302,0.012544031254947186,0.04999589920043945,0.5791653394699097,4,0.5,2.1024162769317627
fixed,1,3726,0.5089133381843567,0.02345099486410618,0.0008431554306298494,0.11572647094726562,0.5557783842086792,4,0.25,
fixed,1,3727,1.3271838426589966,0.010775219649076462,0.022321805357933044,0.054169297218322754,1.359983205795288,4,0.5,
fixed,1,3728,1.0512218475341797,0.0,0.015660330653190613,0.04805552959442139,1.0734686851501465,4,0.5,
fixed,1,3729,0.7345181703567505,0.0,0.030921338126063347,0.0760183334350586,0.7727843523025513,4,0.75,
fixed,1,3730,0.6853485703468323,0.01611231453716755,0.01138985063880682,0.03536331653594971,0.7097086310386658,4,0.5,0.7906684875488281
fixed,1,3731,1.3675284385681152,0.0,0.014009004458785057,0.044661879539489746,1.3879314661026,4,0.5,
fixed,1,3732,1.0996856689453125,0.010868985205888748,0.027933353558182716,0.09106802940368652,1.1464072465896606,4,0.75,
fixed,1,3733,2.266507148742676,0.0,0.005734311882406473,0.07337462902069092,2.291386604309082,4,0.25,
fixed,1,3734,0.7005658745765686,0.0,0.02358975075185299,0.21547722816467285,0.7770039439201355,4,0.75,
fixed,1,3735,0.6797119975090027,0.0,0.015509417280554771,0.040049076080322266,0.6994814276695251,4,0.5,4.1878437995910645
fixed,1,3736,0.5608671307563782,0.01597585901618004,0.008871568366885185,0.04147624969482422,0.5857337117195129,4,0.5,
fixed,1,3737,0.6645597815513611,0.0,0.04641822725534439,0.22922182083129883,0.7565354108810425,4,1.0,
fixed,1,3738,1.1372939348220825,0.0,0.007662212010473013,0.0816037654876709,1.165606141090393,4,0.25,
fixed,1,3739,0.9257413148880005,0.0,0.017143655568361282,0.14554643630981445,0.9779770970344543,4,0.75,
fixed,1,3740,0.585145115852356,0.0,0.01016169972717762,0.06422054767608643,0.6094921231269836,4,0.5,3.164789915084839
fixed,1,3741,1.2291123867034912,0.023661458864808083,0.00768248550593853,0.06531095504760742,1.2643775939941406,4,0.5,
fixed,1,3742,1.1957687139511108,0.0,0.008812766522169113,0.12521624565124512,1.23773992061615,4,0.25,
fixed,1,3743,1.5093055963516235,0.0,0.006369838956743479,0.13073468208312988,1.5517109632492065,4,0.25,
fixed,1,3744,0.927216649055481,0.0,0.04108954966068268,0.1053931713104248,0.9793793559074402,4,0.75,
fixed,1,3745,1.0460431575775146,0.02003038115799427,0.013242103159427643,0.20489203929901123,1.1241470575332642,4,0.75,1.6872408390045166
fixed,1,3746,1.0723240375518799,0.0,0.0425257608294487,0.25739026069641113,1.1708040237426758,4,1.0,
fixed,1,3747,0.6595715880393982,0.027987521141767502,0.009453361853957176,0.05537700653076172,0.694905161857605,4,0.5,
fixed,1,3748,1.649282693862915,0.0,0.008553443476557732,0.12640810012817383,1.6914818286895752,4,0.25,
fixed,1,3749,1.1245262622833252,0.0,0.04311712458729744,0.09271621704101562,1.1738996505737305,4,0.5,
fixed,1,3750,1.3786190748214722,0.0,0.00021742802346125245,0.37020671367645264,1.4897898435592651,4,0.0,0.6056793928146362
fixed,1,3751,0.6116078495979309,0.0,0.01319819875061512,0.06958413124084473,0.6390821933746338,4,0.5,
fixed,1,3752,0.9851589202880859,0.020611362531781197,0.01835288107395172,0.16605591773986816,1.0544577836990356,4,0.75,
fixed,1,3753,1.2990407943725586,0.014580845832824707,0.02797415293753147,0.10477888584136963,1.3517519235610962,4,0.75,
fixed,1,3754,1.9906880855560303,0.0,0.041201598942279816,0.07556009292602539,2.033957004547119,4,0.75,
fixed,1,3755,0.7946356534957886,0.0,0.01060456596314907,0.09956514835357666,0.829807460308075,4,0.25,2.6937897205352783
fixed,1,3756,1.4503223896026611,0.0,0.02677292749285698,0.10724830627441406,1.4958833456039429,4,0.75,
fixed,1,3757,1.1153918504714966,0.02332286350429058,0.010136034339666367,0.04795551300048828,1.146507978439331,4,0.5,
fixed,1,3758,1.0603244304656982,0.0,0.014379852451384068,0.0923619270324707,1.0952229499816895,4,0.25,
fixed,1,3759,1.323822021484375,0.0,0.042769692838191986,0.07614469528198242,1.3680503368377686,4,0.75,
fixed,1,3760,1.712971568107605,0.0,0.00785074196755886,0.07373631000518799,1.7390178442001343,4,0.25,2.2629661560058594
fixed,1,3761,0.7284195423126221,0.0,0.0025879626628011465,0.2302231788635254,0.7987805008888245,4,0.0,
fixed,1,3762,0.987760603427887,0.0,0.03195217251777649,0.10362458229064941,1.034824013710022,4,0.75,
fixed,1,3763,0.7496729493141174,0.0,0.041385456919670105,0.07680118083953857,0.7934060096740723,4,0.25,
fixed,1,3764,0.6852226257324219,0.007907566614449024,0.037218689918518066,0.18548119068145752,0.763430118560791,4,1.0,
fixed,1,3765,0.4929354786872864,0.0,0.03540455922484398,0.10947847366333008,0.5434812903404236,4,0.75,8.282547950744629
fixed,1,3766,1.4670180082321167,0.0,0.01843397691845894,0.05209815502166748,1.4918644428253174,4,0.5,
fixed,1,3767,1.4094699621200562,0.0,0.010990504175424576,0.03464150428771973,1.425357699394226,4,0.25,
fixed,1,3768,1.3000669479370117,0.0,0.003430217271670699,0.09112882614135742,1.3291207551956177,4,0.25,
fixed,1,3769,0.6146435141563416,0.012013892643153667,0.016602274030447006,0.3279714584350586,0.7273430228233337,4,1.0,
fixed,1,3770,0.8218763470649719,0.0,0.015431641601026058,0.07207906246185303,0.8512158989906311,4,0.5,4.134633541107178
fixed,1,3771,0.8021743893623352,0.0,0.04824456945061684,0.08526289463043213,0.8518755435943604,4,0.75,
fixed,1,3772,1.0455242395401,0.0,0.017069462686777115,0.18556177616119385,1.1097275018692017,4,0.75,
fixed,1,3773,0.708575963973999,0.030725765973329544,0.062239885330200195,0.17958307266235352,0.8089337348937988,4,1.0,
fixed,1,3774,0.7504261136054993,0.0,0.015133299864828587,0.07286429405212402,0.779852032661438,4,0.5,
fixed,1,3775,0.9368557929992676,0.0,0.02265983261168003,0.1542423963546753,0.9944584369659424,4,0.75,6.273594379425049
fixed,1,3776,0.9932677745819092,0.0,0.020921757444739342,0.07073521614074707,1.0249491930007935,4,0.5,
fixed,1,3777,1.4312070608139038,0.0,8.161925507010892e-05,0.3171982765197754,1.5264073610305786,4,0.0,
fixed,1,3778,0.8043463826179504,0.0,0.0017922327388077974,0.21802222728729248,0.8706491589546204,4,0.0,
fixed,1,3779,0.9013034105300903,0.0,0.008736870251595974,0.07432699203491211,0.9279699325561523,4,0.25,
fixed,1,3780,0.45516306161880493,0.01494683139026165,0.018366418778896332,0.31324005126953125,0.5657917261123657,4,1.0,2.568180799484253
fixed,1,3781,0.9983304142951965,0.0003227521083317697,0.02289394475519657,0.031004905700683594,1.0192402601242065,4,0.5,
fixed,1,3782,1.1348997354507446,0.032876234501600266,0.021332424134016037,0.36486220359802246,1.2714626789093018,4,1.0,
fixed,1,3783,0.6128581166267395,0.02234056033194065,0.006229638587683439,0.03342092037200928,0.6371694803237915,4,0.5,
fixed,1,3784,0.9714429974555969,0.0,0.015860190615057945,0.04857826232910156,0.9939465522766113,4,0.5,
fixed,1,3785,1.1465425491333008,0.0,0.01828928478062153,0.13959050178527832,1.1975643634796143,4,0.75,5.251605987548828
fixed,1,3786,1.022904396057129,0.0,0.00808615144342184,0.039557456970214844,1.038814663887024,4,0.25,
fixed,1,3787,1.404407262802124,0.009685920551419258,0.016024483367800713,0.0802079439163208,1.4413248300552368,4,0.75,
fixed,1,3788,0.9002432823181152,0.0,0.007508010137826204,0.08821654319763184,0.9304622411727905,4,0.25,
fixed,1,3789,0.451490193605423,0.0,0.015563704073429108,0.043701171875,0.47238239645957947,4,0.5,
fixed,1,3790,1.7402478456497192,0.023654857650399208,0.025744086131453514,0.1596444845199585,1.8128407001495361,4,0.75,1.8779869079589844
fixed,1,3791,1.5527396202087402,0.015110449865460396,0.01408391073346138,0.02560567855834961,1.5750185251235962,4,0.5,
fixed,1,3792,0.7698983550071716,0.0,0.007463025860488415,0.13625383377075195,0.8145059943199158,4,0.25,
fixed,1,3793,0.9338898658752441,0.0,0.011019794270396233,0.1319417953491211,0.9789823293685913,4,0.25,
fixed,1,3794,1.2564985752105713,0.0,0.03343786299228668,0.1601015329360962,1.321247935295105,4,0.75,
fixed,1,3795,1.0252933502197266,0.0,0.04503444582223892,0.0830618143081665,1.0727291107177734,4,0.75,8.072566986083984
fixed,1,3796,0.6034817695617676,0.00545743340626359,0.006389125250279903,0.08184123039245605,0.6339574456214905,4,0.25,
fixed,1,3797,1.4533675909042358,0.0,0.0005996891995891929,0.38463282585144043,1.5690572261810303,4,0.0,
fixed,1,3798,0.592361569404602,0.0,0.05117092281579971,0.11068475246429443,0.6511524319648743,4,0.5,
fixed,1,3799,1.5213351249694824,0.0,0.008556937798857689,0.11864900588989258,1.5612082481384277,4,0.25,
fixed,1,3800,1.1780781745910645,0.022679395973682404,0.01389172300696373,0.12081336975097656,1.2326077222824097,4,0.75,1.0147939920425415
fixed,1,3801,1.0178735256195068,0.0,0.033846065402030945,0.0980994701385498,1.0642263889312744,4,0.75,
fixed,1,3802,1.2978363037109375,0.0,0.018548034131526947,0.03861236572265625,1.318693995475769,4,0.5,
fixed,1,3803,0.739090085029602,0.0,0.03118450939655304,0.10231530666351318,0.7853769063949585,4,0.75,
fixed,1,3804,0.7993127107620239,0.0,0.0075566451996564865,0.03864741325378418,0.8146852850914001,4,0.25,
fixed,1,3805,0.994017481803894,0.0,0.025889869779348373,0.17805004119873047,1.0603774785995483,4,0.5,5.723766803741455
fixed,1,3806,0.8628817796707153,0.0,0.011475343257188797,0.042998313903808594,0.8815189599990845,4,0.5,
fixed,1,3807,1.098968267440796,0.0,0.02573518082499504,0.36590254306793213,1.2216066122055054,4,1.0,
fixed,1,3808,1.1184322834014893,0.030435988679528236,0.008800772950053215,0.18272900581359863,1.1928694248199463,4,0.75,
fixed,1,3809,1.0816386938095093,0.0,0.008455188013613224,0.027852296829223633,1.0942219495773315,4,0.25,
fixed,1,3810,0.8854383230209351,0.0,0.014665909111499786,0.06940793991088867,0.9135936498641968,4,0.5,3.929647207260132
fixed,1,3811,0.8331370949745178,0.0,0.023688165470957756,0.1454404592514038,0.8886133432388306,4,0.75,
fixed,1,3812,1.1129249334335327,0.0,0.013892646878957748,0.07224977016448975,1.1415461301803589,4,0.5,
fixed,1,3813,0.8315563797950745,0.0,0.025456607341766357,0.13767921924591064,0.8855884671211243,4,0.75,
fixed,1,3814,1.2931472063064575,0.0,0.01681406982243061,0.08241617679595947,1.3262790441513062,4,0.5,
fixed,1,3815,0.6920102834701538,0.0,0.012275731191039085,0.07067251205444336,0.7193499207496643,4,0.5,3.468696355819702
fixed,1,3816,0.5699551105499268,0.0,0.010467330925166607,0.07555115222930908,0.5978541374206543,4,0.5,
fixed,1,3817,0.8022863864898682,0.0,0.019535712897777557,0.2497013807296753,0.8869646787643433,4,0.75,
fixed,1,3818,0.5552223920822144,0.018308142200112343,0.01879107393324375,0.13330423831939697,0.6137632727622986,4,0.75,
fixed,1,3819,1.183481216430664,0.0,0.0002960386627819389,0.387611985206604,1.2999128103256226,4,0.0,
fixed,1,3820,0.6464791297912598,0.0,0.02999301068484783,0.12608051300048828,0.6992998123168945,4,0.75,6.9792280197143555
fixed,1,3821,0.6493706703186035,0.0163410734385252,0.010719383135437965,0.13366127014160156,0.7029992938041687,4,0.75,
fixed,1,3822,0.9817186594009399,0.0,0.03240702301263809,0.1180579662322998,1.0333396196365356,4,0.75,
fixed,1,3823,1.2450671195983887,0.0,0.009409983642399311,0.036993980407714844,1.260870337486267,4,0.25,
fixed,1,3824,0.9460691213607788,0.011929275467991829,0.013553457334637642,0.10432863235473633,0.9901090860366821,4,0.75,
fixed,1,3825,1.2377992868423462,0.05157312750816345,0.00029785491642542183,0.06972634792327881,1.2846527099609375,4,0.5,7.390256404876709
fixed,1,3826,0.9642413258552551,0.03832981735467911,0.0003031257074326277,0.07918047904968262,1.0073119401931763,4,0.5,
fixed,1,3827,0.6384785771369934,0.00992424227297306,0.009533165954053402,0.028809189796447754,0.6568500399589539,4,0.5,
fixed,1,3828,1.0366464853286743,0.0,0.04277977719902992,0.08415496349334717,1.0832828283309937,4,0.75,
fixed,1,3829,0.7847789525985718,0.017085138708353043,0.006009628530591726,0.06669378280639648,0.8163344860076904,4,0.5,
fixed,1,3830,0.8297306299209595,0.0,0.00863716658204794,0.15151143074035645,0.8795026540756226,4,0.25,2.3040647506713867
fixed,1,3831,0.5213467478752136,0.0,0.021473264321684837,0.18940520286560059,0.5889049172401428,4,0.25,
fixed,1,3832,1.3356921672821045,0.005065636243671179,0.017104363068938255,0.09616470336914062,1.375626564025879,4,0.25,
fixed,1,3833,0.8907650709152222,0.0,0.04636942967772484,0.024468660354614258,0.921290397644043,4,0.25,
fixed,1,3834,1.4612468481063843,0.0,0.020816294476389885,0.16985368728637695,1.522611141204834,4,0.25,
fixed,1,3835,1.1896040439605713,0.0,0.03773001208901405,0.07142364978790283,1.2298961877822876,4,0.75,7.815680503845215
fixed,1,3836,0.4538327157497406,0.0,0.0565449595451355,0.04756784439086914,0.49637556076049805,4,0.75,
fixed,1,3837,1.3360812664031982,0.0,0.04460012540221214,0.0614924430847168,1.3768290281295776,4,0.25,
fixed,1,3838,0.6471076607704163,0.0,0.03495126962661743,0.2777665853500366,0.7479132413864136,4,1.0,
fixed,1,3839,0.5825966000556946,0.0,0.006856986321508884,0.07353544235229492,0.6080857515335083,4,0.25,
fixed,1,3840,0.5975877046585083,0.0,0.015595655888319016,0.03018951416015625,0.6144424080848694,4,0.5,4.006518840789795
fixed,1,3841,0.6669176816940308,0.0,0.02501414716243744,0.10225522518157959,0.710101306438446,4,0.75,
fixed,1,3842,0.6932039856910706,0.0,0.02150041237473488,0.10682928562164307,0.7360029816627502,4,0.75,
fixed,1,3843,1.104837417602539,0.0,0.003956932108849287,0.05137932300567627,1.1222296953201294,4,0.25,
fixed,1,3844,1.2996954917907715,0.022655533626675606,0.0014066343428567052,0.06149029731750488,1.3301736116409302,4,0.25,
fixed,1,3845,0.8267410397529602,0.0,0.008793221786618233,0.1506727933883667,0.8763394951820374,4,0.25,2.7813684940338135
fixed,1,3846,0.7518811821937561,0.0,0.01918475329875946,0.14079749584197998,0.803712785243988,4,0.75,
fixed,1,3847,0.9459397792816162,0.0,0.017044758424162865,0.04829525947570801,0.9689507484436035,4,0.5,
fixed,1,3848,0.9161607623100281,0.038014005869627,0.0027359703090041876,0.09160935878753662,0.9640185832977295,4,0.5,
fixed,1,3849,0.7464500665664673,0.0,0.004660686012357473,0.12640118598937988,0.7867007851600647,4,0.25,
fixed,1,3850,0.720650315284729,0.045402973890304565,0.003700034227222204,0.15360116958618164,0.7912821769714355,4,0.75,5.716499328613281
fixed,1,3851,0.9389668703079224,0.029320770874619484,0.003698099870234728,0.11242318153381348,0.9892032742500305,4,0.5,
fixed,1,3852,0.5211145877838135,0.0,0.016992533579468727,0.17003583908081055,0.580621600151062,4,0.75,
fixed,1,3853,1.0069584846496582,0.0,0.011806217953562737,0.1121523380279541,1.0465073585510254,4,0.5,
fixed,1,3854,2.0553388595581055,0.0,0.01589798554778099,0.1721172332763672,2.1149230003356934,4,0.75,
fixed,1,3855,0.9286254644393921,0.0,0.005127685144543648,0.17874467372894287,0.9848127365112305,4,0.25,1.571763277053833
fixed,1,3856,0.6830054521560669,0.024952689185738564,0.009889279492199421,0.1628892421722412,0.7492932081222534,4,0.75,
fixed,1,3857,0.7840198874473572,0.014237534254789352,0.0069819847121834755,0.09759891033172607,0.823909342288971,4,0.5,
fixed,1,3858,0.42075562477111816,0.0,0.034236062318086624,0.09885430335998535,0.46752995252609253,4,0.5,
fixed,1,3859,1.0268723964691162,0.0,0.012157048098742962,0.07201242446899414,1.0545547008514404,4,0.5,
fixed,1,3860,0.6788706183433533,0.0,0.009776444174349308,0.07065606117248535,0.7049556374549866,4,0.5,3.0371041297912598
fixed,1,3861,1.0780799388885498,0.0239883940666914,0.015870612114667892,0.11241912841796875,1.1317352056503296,4,0.75,
fixed,1,3862,0.7623751759529114,0.0,0.0254217479377985,0.09744691848754883,0.8043200969696045,4,0.75,
fixed,1,3863,1.5252741575241089,0.0,0.013784488663077354,0.04983782768249512,1.5471177101135254,4,0.25,
fixed,1,3864,0.9519123435020447,0.03587717562913895,0.0007235059747472405,0.055678486824035645,0.9869162440299988,4,0.5,
fixed,1,3865,0.9334139227867126,0.0,0.035202495753765106,0.26869046688079834,1.031622290611267,4,1.0,8.524809837341309
fixed,1,3866,0.9842826128005981,0.0,0.024845879524946213,0.03176987171173096,1.0062365531921387,4,0.5,
fixed,1,3867,0.6374891400337219,0.0,0.024636272341012955,0.09403955936431885,0.6780191659927368,4,0.75,
fixed,1,3868,0.7668326497077942,0.0,0.030690979212522507,0.07171547412872314,0.8036927580833435,4,0.75,
fixed,1,3869,1.1534091234207153,0.0,0.009456692263484001,0.11652350425720215,1.1930944919586182,4,0.25,
fixed,1,3870,0.5505925416946411,0.024958575144410133,0.014295047149062157,0.035475730895996094,0.5808620452880859,4,0.5,2.2204017639160156
fixed,1,3871,0.8800297379493713,0.0,0.029360627755522728,0.20759224891662598,0.956987738609314,4,0.25,
fixed,1,3872,1.2527557611465454,0.0,0.04399671405553818,0.07911860942840576,1.2984896898269653,4,0.5,
fixed,1,3873,0.9357807636260986,0.02001921273767948,0.03749451786279678,0.19867157936096191,1.024139165878296,4,1.0,
fixed,1,3874,0.7119510769844055,0.0,0.03936983272433281,0.24260783195495605,0.8044183254241943,4,1.0,
fixed,1,3875,1.0944918394088745,0.0,0.04143989086151123,0.06924283504486084,1.1359846591949463,4,0.75,7.591798782348633
fixed,1,3876,1.2704784870147705,0.0,0.010622612200677395,0.13736724853515625,1.316999912261963,4,0.25,
fixed,1,3877,0.6200602054595947,0.0,0.0394219271838665,0.2481600046157837,0.7142191529273987,4,1.0,
fixed,1,3878,0.8653391003608704,0.0,0.01838667318224907,0.053450584411621094,0.8905676007270813,4,0.5,
fixed,1,3879,1.2753757238388062,0.0,0.006056796293705702,0.10624122619628906,1.3102765083312988,4,0.25,
fixed,1,3880,0.8392406702041626,0.0,0.017606843262910843,0.04805004596710205,0.862459123134613,4,0.5,4.304506778717041
fixed,1,3881,1.242200493812561,0.0,0.010250154882669449,0.04700064659118652,1.2614257335662842,4,0.25,
fixed,1,3882,0.7622258067131042,0.0,0.014016678556799889,0.06062614917755127,0.7874220013618469,4,0.5,
fixed,1,3883,1.127746820449829,0.0,0.011191035620868206,0.04542386531829834,1.1469695568084717,4,0.5,
fixed,1,3884,1.3693761825561523,0.0,0.0004953471361659467,0.36194849014282227,1.4782084226608276,4,0.0,
fixed,1,3885,0.9166918396949768,0.0,0.008500538766384125,0.08664584159851074,0.9469358921051025,4,0.25,2.1958086490631104
fixed,1,3886,1.2998849153518677,0.03316324204206467,0.013406829908490181,0.26879215240478516,1.4038076400756836,4,0.75,
fixed,1,3887,1.1045501232147217,0.018982592970132828,0.0056399693712592125,0.05512833595275879,1.1333999633789062,4,0.5,
fixed,1,3888,1.0502296686172485,0.050732627511024475,0.011105974204838276,0.3498954772949219,1.1861176490783691,4,1.0,
fixed,1,3889,0.8031783103942871,0.01898324303328991,0.006548465229570866,0.04942488670349121,0.8307716250419617,4,0.5,
fixed,1,3890,0.5925267338752747,0.0,0.03376277536153793,0.09712934494018555,0.6385469436645508,4,0.75,6.943779468536377
fixed,1,3891,1.0567972660064697,0.0,0.024119649082422256,0.21370172500610352,1.1329675912857056,4,0.75,
fixed,1,3892,1.1809617280960083,0.0,0.04081982001662254,0.26306426525115967,1.280290961265564,4,1.0,
fixed,1,3893,0.6875767707824707,0.0,0.021936342120170593,0.03990769386291504,0.7105172276496887,4,0.5,
fixed,1,3894,0.7287418842315674,0.0,0.017907503992319107,0.05956101417541504,0.7555639147758484,4,0.5,
fixed,1,3895,0.9645063281059265,0.0,0.026472058147192,0.12291121482849121,1.014615774154663,4,0.75,6.239243507385254
fixed,1,3896,0.595378577709198,0.0,0.007660191971808672,0.1257258653640747,0.6369264125823975,4,0.25,
fixed,1,3897,0.9085548520088196,0.0,0.014537032693624496,0.15722203254699707,0.9629899859428406,4,0.25,
fixed,1,3898,0.8570168018341064,0.01809684932231903,0.000212036888115108,0.15111851692199707,0.9115067720413208,4,0.25,
fixed,1,3899,1.3580567836761475,0.0,0.02327524870634079,0.07329034805297852,1.3916815519332886,4,0.5,
fixed,1,3900,1.0390255451202393,0.022758401930332184,0.010933898389339447,0.057103633880615234,1.073002815246582,4,0.5,1.2355687618255615
fixed,1,3901,0.7552475929260254,0.0,0.012516559101641178,0.11336410045623779,0.7955151200294495,4,0.25,
fixed,1,3902,0.7187314629554749,0.02611694671213627,0.03976329043507576,0.21971356868743896,0.8175856471061707,4,1.0,
fixed,1,3903,1.2737517356872559,0.0,0.022657262161374092,0.12342751026153564,1.3221086263656616,4,0.75,
fixed,1,3904,0.8411749005317688,0.020621629431843758,0.01630462519824505,0.06505703926086426,0.879155158996582,4,0.75,
fixed,1,3905,1.1154016256332397,0.0,0.018256844952702522,0.0332413911819458,1.1345024108886719,4,0.5,4.406118392944336
fixed,1,3906,0.709749698638916,0.0,0.016227465122938156,0.04367971420288086,0.7309673428535461,4,0.5,
fixed,1,3907,0.6064494848251343,0.0,0.01609264500439167,0.0515437126159668,0.6299589276313782,4,0.25,
fixed,1,3908,1.0136438608169556,0.0,0.025023363530635834,0.03094482421875,1.0354390144348145,4,0.5,
fixed,1,3909,0.8859996795654297,0.0,0.033167239278554916,0.07777440547943115,0.9259155988693237,4,0.75,
fixed,1,3910,0.9714123606681824,0.0,0.027395768091082573,0.03575468063354492,0.9958366751670837,4,0.5,5.738402366638184
fixed,1,3911,0.8558310270309448,0.0,0.02234596386551857,0.04536712169647217,0.880614161491394,4,0.5,
fixed,1,3912,0.897853434085846,0.019172348082065582,0.013151060789823532,0.12263906002044678,0.9508068561553955,4,0.75,
fixed,1,3913,0.8633267879486084,0.0,0.026002179831266403,0.05921196937561035,0.8940914869308472,4,0.5,
fixed,1,3914,1.0340229272842407,0.0,0.015691883862018585,0.06701767444610596,1.0619741678237915,4,0.5,
fixed,1,3915,0.8132855892181396,0.0,0.028099004179239273,0.0701221227645874,0.8483717441558838,4,0.5,5.411996364593506
fixed,1,3916,0.9021873474121094,0.0,0.01843780092895031,0.17281699180603027,0.9632513523101807,4,0.75,
fixed,1,3917,0.5962851047515869,0.0,0.00018909090431407094,0.35606908798217773,0.7032003998756409,4,0.0,
fixed,1,3918,1.3159205913543701,0.02657506987452507,0.00018593372078612447,0.1224355697631836,1.3660317659378052,4,0.25,
fixed,1,3919,1.2210873365402222,0.0,0.01633916050195694,0.0801842212677002,1.2533122301101685,4,0.5,
fixed,1,3920,0.6660553216934204,0.0,0.02973480150103569,0.1809546947479248,0.7352091073989868,4,0.75,6.306184768676758
fixed,1,3921,0.8889854550361633,0.0,0.011907830834388733,0.07192599773406982,0.9165171980857849,4,0.5,
fixed,1,3922,1.4417577981948853,0.0,0.009947506710886955,0.06321048736572266,1.4656946659088135,4,0.5,
fixed,1,3923,1.0133413076400757,0.0,0.009438022039830685,0.039724111557006836,1.029977560043335,4,0.25,
fixed,1,3924,0.44676080346107483,0.0,0.013559000566601753,0.06661522388458252,0.47352486848831177,4,0.5,
fixed,1,3925,2.0069937705993652,0.0,0.013911562971770763,0.20086777210235596,2.0742099285125732,4,0.75,4.1596598625183105
fixed,1,3926,0.6385834813117981,0.0,0.0031756542157381773,0.06903040409088135,0.660880446434021,4,0.25,
fixed,1,3927,1.0164884328842163,0.07049672305583954,0.0034364748280495405,0.21469318866729736,1.1178629398345947,4,0.75,
fixed,1,3928,0.38641345500946045,0.0,0.004205775912851095,0.0912930965423584,0.41590428352355957,4,0.25,
fixed,1,3929,1.2337614297866821,0.0,0.00027337539358995855,0.3176438808441162,1.3291913270950317,4,0.0,
fixed,1,3930,1.0426195859909058,0.0,0.009757923893630505,0.2312450408935547,1.1168720722198486,4,0.75,3.252469778060913
fixed,1,3931,0.7168615460395813,0.0,0.008264927193522453,0.06794166564941406,0.741376519203186,4,0.5,
fixed,1,3932,0.9836230278015137,0.0,0.012804960831999779,0.05815768241882324,1.0074727535247803,4,0.5,
fixed,1,3933,0.5781611800193787,0.04624214395880699,0.004818825516849756,0.1393587589263916,0.6454992890357971,4,0.75,
fixed,1,3934,0.7727718949317932,0.0,0.012007498182356358,0.07374453544616699,0.8008990287780762,4,0.5,
fixed,1,3935,1.033231258392334,0.04474267363548279,0.00558642391115427,0.12243974208831787,1.0951277017593384,4,0.75,4.6321492195129395
fixed,1,3936,0.7040513157844543,0.02257772907614708,0.0076201739721000195,0.04797196388244629,0.7335418462753296,4,0.5,
fixed,1,3937,1.293986439704895,0.014006517827510834,0.00024063827004283667,0.1711747646331787,1.3524624109268188,4,0.25,
fixed,1,3938,0.917258083820343,0.0,0.024189535528421402,0.06571948528289795,0.9490686655044556,4,0.5,
fixed,1,3939,0.26740631461143494,0.0,0.01943337358534336,0.22797095775604248,0.34551429748535156,4,0.5,
fixed,1,3940,0.6245415806770325,0.0,0.01890580542385578,0.06219601631164551,0.6526532769203186,4,0.5,4.430578231811523
fixed,1,3941,0.8633537292480469,0.0,0.003666182281449437,0.25373005867004395,0.9413058161735535,4,0.0,
fixed,1,3942,0.7374227046966553,0.0,0.008419494144618511,0.12141537666320801,0.7780570387840271,4,0.25,
fixed,1,3943,0.9150898456573486,0.021895578131079674,0.008355025202035904,0.05747568607330322,0.9474578499794006,4,0.5,
fixed,1,3944,1.4092053174972534,0.021388385444879532,0.030779778957366943,0.24300694465637207,1.508191466331482,4,1.0,
fixed,1,3945,0.5531914234161377,0.026228582486510277,0.013655650429427624,0.058869242668151855,0.5907943248748779,4,0.5,1.5490180253982544
fixed,1,3946,0.5672107338905334,0.017170077189803123,0.022523168474435806,0.08368098735809326,0.6121616363525391,4,0.75,
fixed,1,3947,0.8449092507362366,0.0,0.02364102192223072,0.055547475814819336,0.8733940124511719,4,0.5,
fixed,1,3948,0.956331193447113,0.014655988663434982,0.01007197517901659,0.04488933086395264,0.9821619987487793,4,0.5,
fixed,1,3949,0.9672021865844727,0.0052918605506420135,0.018009217455983162,0.0806429386138916,1.0030455589294434,4,0.25,
fixed,1,3950,0.8997418880462646,0.0,0.0050154998898506165,0.24891138076782227,0.9769230484962463,4,0.0,3.117396354675293
fixed,1,3951,1.1601204872131348,0.0,0.0824797973036766,0.06085312366485596,1.2196162939071655,4,0.5,
fixed,1,3952,0.8667038083076477,0.0,0.030600402504205704,0.05032229423522949,0.8971006870269775,4,0.5,
fixed,1,3953,1.0288501977920532,0.0,0.0350717194378376,0.0763620138168335,1.0692946910858154,4,0.75,
fixed,1,3954,1.09471595287323,0.02575761452317238,0.0002120812569046393,0.05558621883392334,1.124376654624939,4,0.5,
fixed,1,3955,0.6603438258171082,0.0,0.05975257232785225,0.15566587448120117,0.7369198799133301,4,1.0,10.67428970336914
fixed,1,3956,0.9642239212989807,0.0,0.020272482186555862,0.05230677127838135,0.9900522232055664,4,0.5,
fixed,1,3957,0.5544204711914062,0.01845242641866207,0.03919392079114914,0.06011545658111572,0.6012783050537109,4,0.5,
fixed,1,3958,1.29304039478302,0.006878749001771212,0.007501580286771059,0.06507539749145508,1.3197531700134277,4,0.5,
fixed,1,3959,0.9057837128639221,0.020182622596621513,0.01074279099702835,0.04119551181793213,0.9336050748825073,4,0.5,
fixed,1,3960,1.373451590538025,0.0,0.023329317569732666,0.04553627967834473,1.3987771272659302,4,0.5,5.099076271057129
fixed,1,3961,1.0004968643188477,0.0,0.03313251957297325,0.07677161693572998,1.0400946140289307,4,0.75,
fixed,1,3962,1.452660083770752,0.019839877262711525,0.00015329354209825397,0.11481404304504395,1.497100830078125,4,0.25,
fixed,1,3963,0.7638409733772278,0.0,0.0001354049309156835,0.32132792472839355,0.8603070378303528,4,0.0,
fixed,1,3964,0.8684930205345154,0.0,0.01693970337510109,0.05203807353973389,0.8925743103027344,4,0.5,
fixed,1,3965,1.2967438697814941,1.2652828900172608e-06,0.02481084130704403,0.047884225845336914,1.3235151767730713,4,0.5,5.078997611999512
fixed,1,3966,0.6430501937866211,0.02008255571126938,0.018824521452188492,0.0980064868927002,0.691905677318573,4,0.75,
fixed,1,3967,1.6156586408615112,0.0,0.008380305022001266,0.03801429271697998,1.6312531232833862,4,0.25,
fixed,1,3968,1.358708381652832,0.0,0.01877312734723091,0.13145768642425537,1.4075322151184082,4,0.75,
fixed,1,3969,1.6213937997817993,0.03215942904353142,0.017693040892481804,0.195465087890625,1.704959511756897,4,1.0,
fixed,1,3970,1.299688696861267,0.0,0.015534610487520695,0.057044029235839844,1.3245692253112793,4,0.5,4.028494358062744
fixed,1,3971,0.4414338171482086,0.0,0.02667086012661457,0.11046898365020752,0.4879099428653717,4,0.75,
fixed,1,3972,1.0960075855255127,0.0,0.028278706595301628,0.11287164688110352,1.1440083980560303,4,0.75,
fixed,1,3973,1.1779940128326416,0.01828923635184765,4.915616591461003e-05,0.11953747272491455,1.2230244874954224,4,0.25,
fixed,1,3974,1.0249053239822388,0.0,0.006959755904972553,0.09465682506561279,1.0567822456359863,4,0.25,
fixed,1,3975,0.24766917526721954,0.0,0.005060509312897921,0.09418082237243652,0.27845367789268494,4,0.25,1.54754638671875
fixed,1,3976,1.0251134634017944,0.0,0.018127547577023506,0.14050865173339844,1.0763298273086548,4,0.75,
fixed,1,3977,0.8272321820259094,0.0,0.01753585785627365,0.0531001091003418,0.8519301414489746,4,0.5,
fixed,1,3978,1.1641894578933716,0.0,0.036961883306503296,0.07632851600646973,1.2055689096450806,4,0.75,
fixed,1,3979,0.5442276000976562,0.0,0.041621189564466476,0.23888838291168213,0.636704683303833,4,1.0,
fixed,1,3980,1.177971363067627,0.0,0.014756452292203903,0.06533968448638916,1.204951524734497,4,0.5,3.684394121170044
fixed,1,3981,0.48146113753318787,0.0,0.024557454511523247,0.11564397811889648,0.528433084487915,4,0.75,
fixed,1,3982,0.6018931269645691,0.0,0.019394688308238983,0.12848544120788574,0.6501361131668091,4,0.75,
fixed,1,3983,1.0459645986557007,0.0,0.011908951215445995,0.06049013137817383,1.0700660943984985,4,0.5,
fixed,1,3984,1.0055803060531616,0.0,0.009170540608465672,0.045459866523742676,1.0238035917282104,4,0.25,
fixed,1,3985,0.4038536548614502,0.0,0.0112965889275074,0.04360377788543701,0.42258307337760925,4,0.25,2.836432456970215
fixed,1,3986,1.2899879217147827,0.0,0.029587039723992348,0.3375413417816162,1.4060438871383667,4,1.0,
fixed,1,3987,1.247347116470337,0.0,0.016468621790409088,0.16567707061767578,1.3052845001220703,4,0.75,
fixed,1,3988,0.7150964736938477,0.03502849116921425,0.019775649532675743,0.371562123298645,0.8539671897888184,4,1.0,
fixed,1,3989,0.6331397294998169,0.0,0.014909548684954643,0.16835331916809082,0.6911004781723022,4,0.75,
fixed,1,3990,0.6477454304695129,0.0,0.0075669065117836,0.04097020626068115,0.6638199687004089,4,0.25,2.3315351009368896
fixed,1,3991,0.8587872385978699,0.0,0.027891119942069054,0.11122453212738037,0.9061001539230347,4,0.75,
fixed,1,3992,0.5893539190292358,0.0,0.029089240357279778,0.09263420104980469,0.6316887736320496,4,0.75,
fixed,1,3993,1.35955810546875,0.0,0.011516951024532318,0.0586857795715332,1.3829222917556763,4,0.5,
fixed,1,3994,0.4817987084388733,0.0,0.021395297721028328,0.10575270652770996,0.524222195148468,4,0.75,
fixed,1,3995,1.018290638923645,0.0,0.02336045168340206,0.11411404609680176,1.0642050504684448,4,0.75,5.697324752807617
fixed,1,3996,1.3195098638534546,0.0,0.005916758440434933,0.17664086818695068,1.3754605054855347,4,0.25,
fixed,1,3997,0.29971617460250854,0.0,0.012669596821069717,0.07090127468109131,0.3273213505744934,4,0.5,
fixed,1,3998,0.5888108015060425,0.0,0.008888408541679382,0.052738070487976074,0.6090764403343201,4,0.25,
fixed,1,3999,0.7314156293869019,0.0,0.01800268329679966,0.06926107406616211,0.7611953020095825,4,0.5,
fixed,1,4000,1.3810538053512573,0.0,0.014821561053395271,0.07542276382446289,1.4110914468765259,4,0.5,3.670504093170166
fixed,1,4001,0.6195849180221558,0.0,0.03552756831049919,0.26382315158843994,0.7164956331253052,4,1.0,
fixed,1,4002,1.755606770515442,0.0,0.007524484768509865,0.144905686378479,1.8028407096862793,4,0.25,
fixed,1,4003,0.6735727190971375,0.0,0.010969816707074642,0.055324673652648926,0.6956550478935242,4,0.5,
fixed,2,4004,0.735447883605957,0.023471428081393242,0.007380127906799316,0.04839646816253662,0.7653926014900208,4,0.5,
fixed,2,4005,0.4246833026409149,0.0,0.013203778304159641,0.0402451753616333,0.44335874915122986,4,0.5,3.4582536220550537
fixed,2,4006,0.611967146396637,0.0,0.020639028400182724,0.045505642890930176,0.6359383463859558,4,0.5,
fixed,2,4007,0.7696377038955688,0.02939215674996376,0.006432322785258293,0.08721089363098145,0.8137131929397583,4,0.5,
fixed,2,4008,0.5141655802726746,0.029119005426764488,0.006037815939635038,0.06378889083862305,0.5508806705474854,4,0.5,
fixed,2,4009,0.46504735946655273,0.0,0.007484722416847944,0.1251833438873291,0.506344735622406,4,0.25,
fixed,2,4010,0.7291789054870605,0.023023268207907677,0.022833719849586487,0.29599690437316895,0.8409065008163452,4,1.0,1.8749638795852661
fixed,2,4011,0.4121662378311157,0.028095945715904236,0.010321099311113358,0.04713273048400879,0.44551458954811096,4,0.5,
fixed,2,4012,0.22368653118610382,0.0,0.01775364950299263,0.04426467418670654,0.24584275484085083,4,0.5,
fixed,2,4013,0.6206651329994202,0.015878070145845413,0.022600963711738586,0.2535308599472046,0.7159639000892639,4,1.0,
fixed,2,4014,0.41697826981544495,0.0,0.014109148643910885,0.08971762657165527,0.4509481191635132,4,0.5,
fixed,2,4015,0.36596134305000305,0.0,0.029040001332759857,0.10467791557312012,0.41188472509384155,4,0.75,6.562306880950928
fixed,2,4016,0.323971688747406,0.0,0.006827447097748518,0.20092463493347168,0.387662798166275,4,0.25,
fixed,2,4017,0.552560567855835,0.0,0.04485465586185455,0.13759541511535645,0.6162664890289307,4,0.5,
fixed,2,4018,0.4301494061946869,0.0,0.023169219493865967,0.10370349884033203,0.47284507751464844,4,0.75,
fixed,2,4019,0.8182555437088013,0.023572487756609917,0.016936589032411575,0.02131342887878418,0.8449041247367859,4,0.5,
fixed,2,4020,0.5042879581451416,0.0,0.022164683789014816,0.09245991706848145,0.5431082844734192,4,0.5,4.9507622718811035
fixed,2,4021,0.9194756746292114,0.0,0.03000514581799507,0.10124623775482178,0.9648520946502686,4,0.75,
fixed,2,4022,0.6700538396835327,0.024373963475227356,0.014482533559203148,0.17832815647125244,0.7429805397987366,4,1.0,
fixed,2,4023,0.7060336470603943,0.007665647193789482,0.008347436785697937,0.09269368648529053,0.7418482899665833,4,0.5,
fixed,2,4024,0.8542261719703674,0.024484170600771904,0.009687977842986584,0.05335116386413574,0.8873175978660583,4,0.75,
fixed,2,4025,1.6592159271240234,0.019290929660201073,0.020180463790893555,0.09081137180328369,1.7061949968338013,4,0.5,1.6487674713134766
fixed,2,4026,0.6973830461502075,0.0,0.01973983272910118,0.06957864761352539,0.728126585483551,4,0.25,
fixed,2,4027,0.6469444036483765,0.0,0.002442539669573307,0.5048076510429382,0.7996079921722412,4,0.0,
fixed,2,4028,0.26656225323677063,0.011829509399831295,0.0017799540655687451,0.18713617324829102,0.32950782775878906,4,0.25,
fixed,2,4029,0.8202248215675354,0.0,0.03547270968556404,0.24200034141540527,0.9105612635612488,4,0.0,
fixed,2,4030,0.587145984172821,0.010074763558804989,0.019489768892526627,0.04825103282928467,0.6164035797119141,4,0.75,2.6364026069641113
fixed,2,4031,0.8341898918151855,0.0031582925003021955,0.013418919406831264,0.0535731315612793,0.8585504293441772,4,0.25,
fixed,2,4032,0.3665240406990051,0.0,0.04074378311634064,0.12323117256164551,0.42386528849601746,4,0.75,
fixed,2,4033,0.1268267184495926,0.0,0.018429864197969437,0.11223340034484863,0.16971167922019958,4,0.25,
fixed,2,4034,0.2903617024421692,0.004470840562134981,0.03560621291399002,0.05024886131286621,0.32547488808631897,4,0.0,
fixed,2,4035,0.5199443101882935,0.020915953442454338,0.02649267576634884,0.06593847274780273,0.5634301900863647,4,0.75,2.135582208633423
fixed,2,4036,0.6321215629577637,0.0,0.025058725848793983,0.027871131896972656,0.6530122756958008,4,0.5,
fixed,2,4037,0.7989888191223145,0.0,0.02933473140001297,0.08968067169189453,0.8405603766441345,4,0.75,
fixed,2,4038,0.8077740669250488,0.0,0.012520420365035534,0.042679548263549805,0.8268381357192993,4,0.5,
fixed,2,4039,0.6283928155899048,0.0037492522969841957,0.015554897487163544,0.04054903984069824,0.6502096056938171,4,0.5,
fixed,2,4040,0.846361517906189,2.1467538317665458e-05,0.01855483464896679,0.10482621192932129,0.8870975375175476,4,0.25,3.1570756435394287
fixed,2,4041,0.1911133974790573,0.0,0.017784398049116135,0.1526961326599121,0.24581444263458252,4,0.75,
fixed,2,4042,0.19093835353851318,0.0,0.02665615826845169,0.1227957010269165,0.24110513925552368,4,0.75,
fixed,2,4043,1.1737873554229736,0.0,0.015678290277719498,0.06339001655578613,1.200643539428711,4,0.5,
fixed,2,4044,0.8166879415512085,0.0,0.006674004253000021,0.0829765796661377,0.844917893409729,4,0.5,
fixed,2,4045,0.4074326455593109,0.0,0.015664376318454742,0.06977128982543945,0.4361962080001831,4,0.5,3.968743085861206
fixed,2,4046,0.47816720604896545,0.0,0.010695352219045162,0.07913494110107422,0.5072553753852844,4,0.5,
fixed,2,4047,0.3047997057437897,0.0,0.007924175821244717,0.058264732360839844,0.32624122500419617,4,0.25,
fixed,2,4048,0.9575793147087097,0.0,0.00962110050022602,0.08848226070404053,0.9889345169067383,4,0.5,
fixed,2,4049,0.5934317111968994,0.0,0.029445916414260864,0.36257505416870117,0.716927170753479,4,1.0,
fixed,2,4050,0.6575801968574524,0.0,0.0045283278450369835,0.10437238216400146,0.6911560893058777,4,0.25,1.4047068357467651
fixed,2,4051,0.22091469168663025,0.0,0.015039822086691856,0.07181227207183838,0.24997828900814056,4,0.5,
fixed,2,4052,0.502185583114624,0.0,0.01793478988111019,0.2002272605895996,0.5712211728096008,4,0.75,
fixed,2,4053,0.4031732380390167,0.0,0.014759659767150879,0.1957460641860962,0.46927690505981445,4,0.75,
fixed,2,4054,0.617738664150238,0.0,0.00037290918407961726,0.369037389755249,0.7286363244056702,4,0.0,
fixed,2,4055,0.2678358852863312,0.0,0.004272419959306717,0.09425020217895508,0.29824715852737427,4,0.25,1.411934494972229
fixed,2,4056,0.8174189925193787,0.03600301221013069,0.01078088954091072,0.06119275093078613,0.8591687679290771,4,0.5,
fixed,2,4057,0.7207866907119751,0.0,0.016507308930158615,0.4932471513748169,0.8770145177841187,4,1.0,
fixed,2,4058,0.18613269925117493,0.0,0.0054439278319478035,0.06937813758850098,0.2096680998802185,4,0.25,
fixed,2,4059,0.7053053379058838,0.0,0.009604150429368019,0.10068368911743164,0.7403125166893005,4,0.25,
fixed,2,4060,0.3960281014442444,0.05582624301314354,0.005836157128214836,0.13164007663726807,0.46635133028030396,4,0.75,5.882759094238281
fixed,2,4061,0.6686327457427979,0.05237169563770294,0.0050595421344041824,0.1396883726119995,0.739254891872406,4,0.75,
fixed,2,4062,0.366627961397171,0.0,0.012172821909189224,0.054084062576293945,0.38893958926200867,4,0.5,
fixed,2,4063,0.22175775468349457,0.0,0.02747090347111225,0.33141088485717773,0.33491647243499756,4,1.0,
fixed,2,4064,0.5558611750602722,0.0,0.021601691842079163,0.12060487270355225,0.6028434634208679,4,0.75,
fixed,2,4065,0.3641439378261566,0.021074503660202026,0.02530137076973915,0.13343322277069092,0.4273618459701538,4,0.75,2.474536657333374
fixed,2,4066,0.5784346461296082,0.0,0.009869071654975414,0.09268820285797119,0.6111756563186646,4,0.25,
fixed,2,4067,0.8624564409255981,0.022913582623004913,0.008555745705962181,0.04887843132019043,0.892854630947113,4,0.75,
fixed,2,4068,0.5521403551101685,0.0,0.030485037714242935,0.03091597557067871,0.5766576528549194,4,0.5,
fixed,2,4069,0.5208640098571777,0.015425637364387512,0.019414139911532402,0.05497574806213379,0.5547766089439392,4,0.5,
fixed,2,4070,0.43473950028419495,0.0,0.05625516176223755,0.0731273889541626,0.48480528593063354,4,0.75,9.232089042663574
fixed,2,4071,0.4170733094215393,0.0,0.030534809455275536,0.06547176837921143,0.4519822597503662,4,0.5,
fixed,2,4072,1.0871012210845947,0.0,0.027749018743634224,0.06798005104064941,1.12136971950531,4,0.5,
fixed,2,4073,0.6038708090782166,0.008670016191899776,0.01874089613556862,0.08009576797485352,0.641605019569397,4,0.75,
fixed,2,4074,0.4728873372077942,0.0,0.011194529011845589,0.15536761283874512,0.5250948667526245,4,0.25,
fixed,2,4075,0.6033856272697449,0.0,0.057687290012836456,0.0618060827255249,0.6507710814476013,4,0.5,9.043299674987793
fixed,2,4076,0.6361501812934875,0.021220851689577103,0.02508947253227234,0.08601140975952148,0.6851087808609009,4,0.5,
fixed,2,4077,0.39586779475212097,0.0,0.03944007679820061,0.05775916576385498,0.4329155683517456,4,0.75,
fixed,2,4078,0.19061724841594696,0.0,0.039272718131542206,0.06620121002197266,0.23011396825313568,4,0.75,
fixed,2,4079,0.4848731756210327,0.0,0.03147393837571144,0.07737445831298828,0.5238224864006042,4,0.5,
fixed,2,4080,0.22623509168624878,0.0,0.01127859577536583,0.05515742301940918,0.24842160940170288,4,0.25,2.7455978393554688
fixed,2,4081,0.708388090133667,0.0,0.018506305292248726,0.06355893611907959,0.73670893907547,4,0.5,
fixed,2,4082,0.3517444431781769,0.0,0.01588939130306244,0.1674633026123047,0.4099281430244446,4,0.75,
fixed,2,4083,0.6144769787788391,0.0,0.008752451278269291,0.11869418621063232,0.6544614434242249,4,0.25,
fixed,2,4084,0.42221856117248535,0.027121948078274727,0.01891081966459751,0.13122868537902832,0.48460355401039124,4,0.75,
fixed,2,4085,0.290908545255661,0.03724328801035881,0.010648217983543873,0.08522617816925049,0.3404221534729004,4,0.75,3.3087284564971924
fixed,2,4086,0.32972511649131775,0.0,0.00990347657352686,0.05444467067718506,0.351010262966156,4,0.5,
fixed,2,4087,0.5140967965126038,0.030585119500756264,0.005547086708247662,0.059750914573669434,0.5500881671905518,4,0.5,
fixed,2,4088,0.8146420121192932,0.047695256769657135,0.002291826531291008,0.04125046730041504,0.8520107269287109,4,0.5,
fixed,2,4089,0.3126344084739685,0.0,0.019509248435497284,0.25354301929473877,0.39845192432403564,4,0.75,
fixed,2,4090,0.7209859490394592,0.0,0.0172886960208416,0.05680704116821289,0.7466723918914795,4,0.5,4.103376388549805
fixed,2,4091,0.7432481050491333,0.0,0.020008983090519905,0.04240429401397705,0.7659738659858704,4,0.5,
fixed,2,4092,0.3714219331741333,0.0,0.0007974868058227003,0.37943899631500244,0.4856523871421814,4,0.0,
fixed,2,4093,0.339781254529953,0.02559816837310791,0.002390819601714611,0.04688453674316406,0.36784112453460693,4,0.25,
fixed,2,4094,0.16578292846679688,0.0,0.009147238917648792,0.10402822494506836,0.20156501233577728,4,0.25,
fixed,2,4095,0.35559898614883423,0.022165922448039055,0.014698075130581856,0.12275278568267822,0.41085681319236755,4,0.75,1.0964967012405396
fixed,2,4096,0.3433527946472168,0.03883717954158783,0.008577379398047924,0.1043858528137207,0.39837583899497986,4,0.75,
fixed,2,4097,0.5895108580589294,0.0,0.02147987112402916,0.04192018508911133,0.6128268241882324,4,0.5,
fixed,2,4098,0.5941815376281738,0.0,0.00919212307780981,0.04751026630401611,0.6130306720733643,4,0.25,
fixed,2,4099,0.48238885402679443,0.0,0.036039311438798904,0.09980010986328125,0.530348539352417,4,0.75,
fixed,2,4100,0.5050669312477112,0.01884254813194275,0.019245663657784462,0.10452961921691895,0.5554699301719666,4,0.75,1.5557513236999512
fixed,2,4101,0.3252444863319397,0.0,0.013454713858664036,0.05616724491119385,0.3488220274448395,4,0.25,
fixed,2,4102,0.5481798052787781,0.0,0.014720592647790909,0.12126994132995605,0.5919210910797119,4,0.25,
fixed,2,4103,0.7565293908119202,0.0,0.010786318220198154,0.18613147735595703,0.817762017250061,4,0.25,
fixed,2,4104,0.45115041732788086,0.0,0.022834010422229767,0.09094071388244629,0.48984962701797485,4,0.5,
fixed,2,4105,0.3138808608055115,0.0,0.030066687613725662,0.02825295925140381,0.33739009499549866,4,0.5,5.763242244720459
fixed,2,4106,0.08168298006057739,0.0,0.0047621950507164,0.2906233072280884,0.1712510734796524,4,0.0,
fixed,2,4107,0.5164744853973389,0.015098011121153831,0.02331187203526497,0.10636556148529053,0.5675891041755676,4,0.75,
fixed,2,4108,0.4092376232147217,0.0,0.024600066244602203,0.035035014152526855,0.43204817175865173,4,0.5,
fixed,2,4109,0.6433574557304382,0.017099257558584213,0.008432051166892052,0.09774327278137207,0.6854460835456848,4,0.5,
fixed,2,4110,0.3666870892047882,0.0,0.026558805257081985,0.1355825662612915,0.4206412732601166,4,0.75,6.2734479904174805
fixed,2,4111,0.9087511301040649,0.0,0.01453450322151184,0.09078335762023926,0.9432533979415894,4,0.5,
fixed,2,4112,0.5264857411384583,0.0,0.03235362470149994,0.32722747325897217,0.6408308148384094,4,1.0,
fixed,2,4113,0.8809751272201538,0.0,0.012018784880638123,0.04897415637969971,0.9016767740249634,4,0.25,
fixed,2,4114,0.26996657252311707,0.02231820486485958,0.004157772287726402,0.09305930137634277,0.3111223578453064,4,0.5,
fixed,2,4115,0.624222457408905,0.01696348749101162,0.010770199820399284,0.07840323448181152,0.6616102457046509,4,0.5,1.4349840879440308
fixed,2,4116,0.22674888372421265,0.0,0.020782742649316788,0.08173561096191406,0.26166093349456787,4,0.5,
fixed,2,4117,0.36959758400917053,0.0,0.010069680400192738,0.12477195262908936,0.4120640158653259,4,0.25,
fixed,2,4118,0.6641085147857666,0.0,0.008243231102824211,0.06724357604980469,0.6884031891822815,4,0.5,
fixed,2,4119,0.30029672384262085,0.0,0.03425131365656853,0.2990039587020874,0.4071235656738281,4,1.0,
fixed,2,4120,0.36990681290626526,0.03634033724665642,0.011137525551021099,0.11269831657409668,0.42745524644851685,4,0.5,2.7202093601226807
fixed,2,4121,0.4305609166622162,0.0,0.0013647768646478653,0.3310002088546753,0.5305433869361877,4,0.0,
fixed,2,4122,0.38480353355407715,0.0,0.030539296567440033,0.09786546230316162,0.42943280935287476,4,0.75,
fixed,2,4123,0.2911526560783386,0.0,0.020306775346398354,0.03583085536956787,0.3120552897453308,4,0.5,
fixed,2,4124,0.37325969338417053,0.0,0.0008108213078230619,0.30854928493499756,0.4662298858165741,4,0.0,
fixed,2,4125,0.5089744925498962,0.0,0.007815170101821423,0.042378783226013184,0.5255957245826721,4,0.25,2.1573963165283203
fixed,2,4126,0.8628584742546082,0.009610670618712902,0.00037808361230418086,0.12650275230407715,0.9058036804199219,4,0.25,
fixed,2,4127,0.12624835968017578,0.0,0.02317221835255623,0.1256779432296753,0.1755378544330597,4,0.75,
fixed,2,4128,0.30609115958213806,0.03485747054219246,0.024045446887612343,0.17451465129852295,0.3878970146179199,4,1.0,
fixed,2,4129,0.32708266377449036,0.0,0.011862510815262794,0.09928703308105469,0.3628000319004059,4,0.25,
fixed,2,4130,0.39419007301330566,0.01900922693312168,0.03574604541063309,0.05550098419189453,0.43821799755096436,4,0.75,3.0200085639953613
fixed,2,4131,1.0732223987579346,0.0,0.010719194076955318,0.11124992370605469,1.1119569540023804,4,0.25,
fixed,2,4132,0.5651403069496155,0.008880618028342724,0.025693722069263458,0.07329142093658447,0.6044148802757263,4,0.75,
fixed,2,4133,1.0152781009674072,0.0,0.031226659193634987,0.10490000247955322,1.062361478805542,4,0.75,
fixed,2,4134,0.674319863319397,0.0,0.056916382163763046,0.06569075584411621,0.7224853038787842,4,0.5,
fixed,2,4135,0.36273595690727234,0.0,0.01568140834569931,0.0756230354309082,0.393263578414917,4,0.5,3.9085922241210938
fixed,2,4136,0.4146113991737366,0.0,0.013897599652409554,0.06465482711791992,0.44095665216445923,4,0.5,
fixed,2,4137,0.2146197259426117,0.0033644321374595165,0.011574632488191128,0.09015548229217529,0.24913591146469116,4,0.25,
fixed,2,4138,0.13777048885822296,0.0,0.006377221085131168,0.11518943309783936,0.17551593482494354,4,0.25,
fixed,2,4139,0.3155703544616699,3.2662874218658544e-06,0.012820802628993988,0.06500816345214844,0.34148484468460083,4,0.5,
fixed,2,4140,0.8700520992279053,0.0,0.024098044261336327,0.36929214000701904,0.9928887486457825,4,1.0,6.721670627593994
fixed,2,4141,0.3582013249397278,0.0,0.0339139848947525,0.16147398948669434,0.42360052466392517,4,0.75,
fixed,2,4142,0.3685363233089447,0.0,0.040058329701423645,0.09733772277832031,0.417766809463501,4,0.75,
fixed,2,4143,0.20703840255737305,0.0,0.0054008085280656815,0.09561192989349365,0.23842239379882812,4,0.25,
fixed,2,4144,0.26522547006607056,0.0,0.010570968501269817,0.06526350975036621,0.29008999466896057,4,0.25,
fixed,2,4145,0.6661329865455627,0.0,0.020778391510248184,0.15177929401397705,0.722055971622467,4,0.75,5.444096565246582
fixed,2,4146,0.8818101286888123,0.0,0.034147173166275024,0.11758875846862793,0.9341603517532349,4,0.75,
fixed,2,4147,0.5231109261512756,0.0,0.0011973105138167739,0.24806690216064453,0.5981296300888062,4,0.0,
fixed,2,4148,0.20662319660186768,0.0,0.007097876630723476,0.07956135272979736,0.2340405434370041,4,0.5,
fixed,2,4149,0.15248018503189087,0.0,0.0062992265447974205,0.15205931663513184,0.20124760270118713,4,0.25,
fixed,2,4150,0.3646937310695648,0.03522462397813797,0.005555587820708752,0.33539772033691406,0.48570317029953003,4,1.0,3.898582696914673
fixed,2,4151,1.1277471780776978,0.0,0.00638662651181221,0.1461242437362671,1.1747777462005615,4,0.25,
fixed,2,4152,0.32093387842178345,0.0,0.010334203019738197,0.07128286361694336,0.34748584032058716,4,0.5,
fixed,2,4153,0.4592689871788025,0.0,0.016584498807787895,0.08889889717102051,0.49423089623451233,4,0.5,
fixed,2,4154,0.35584068298339844,0.01799539104104042,0.010475005954504013,0.1590573787689209,0.4177930951118469,4,0.75,
fixed,2,4155,0.23619677126407623,0.0,0.01906440034508705,0.26121366024017334,0.3240930736064911,4,0.75,5.257663726806641
fixed,2,4156,1.0708343982696533,0.0,0.018178097903728485,0.15617942810058594,1.1267772912979126,4,0.75,
fixed,2,4157,0.7714862823486328,0.0,0.017264777794480324,0.1718597412109375,0.8316766023635864,4,0.75,
fixed,2,4158,1.0435727834701538,0.0033959911670535803,0.017452595755457878,0.10813295841217041,1.0864369869232178,4,0.25,
fixed,2,4159,0.24132761359214783,0.0,0.009858689270913601,0.03618943691253662,0.2571137845516205,4,0.25,
fixed,2,4160,0.43273428082466125,0.0,0.015574350953102112,0.05917394161224365,0.45827364921569824,4,0.5,3.7823729515075684
fixed,2,4161,0.35389530658721924,0.004947096109390259,0.018774036318063736,0.10062360763549805,0.39594295620918274,4,0.25,
fixed,2,4162,0.44462841749191284,0.0,0.0435493104159832,0.07757353782653809,0.4896751344203949,4,0.25,
fixed,2,4163,0.2772704064846039,0.0,0.016856834292411804,0.1564708948135376,0.3326400816440582,4,0.75,
fixed,2,4164,0.12428569793701172,0.029023921117186546,0.01979394443333149,0.20890307426452637,0.21136555075645447,4,0.75,
fixed,2,4165,0.5814473032951355,0.0,0.017646588385105133,0.141143798828125,0.6326137185096741,4,0.25,3.4037318229675293
fixed,2,4166,0.6118586659431458,0.0,0.004843891132622957,0.08276200294494629,0.639109194278717,4,0.25,
fixed,2,4167,0.6782629489898682,0.0,0.007307087536901236,0.09579062461853027,0.7106536626815796,4,0.25,
fixed,2,4168,0.3256130814552307,0.0,0.007250898517668247,0.07936084270477295,0.3530467748641968,4,0.25,
fixed,2,4169,0.5427702069282532,0.0,0.004531282931566238,0.06709349155426025,0.5651639103889465,4,0.25,
fixed,2,4170,0.42365190386772156,0.0,0.011670263484120369,0.07051730155944824,0.4506422281265259,4,0.5,3.4446072578430176
fixed,2,4171,0.4684545397758484,0.0,0.005299798212945461,0.06743323802947998,0.4913344085216522,4,0.25,
fixed,2,4172,0.1594991385936737,0.030838152393698692,0.00010902377835009247,0.057993412017822266,0.19237074255943298,4,0.25,
fixed,2,4173,0.7057377696037292,0.0,0.013281409628689289,0.1761329174041748,0.7652183771133423,4,0.75,
fixed,2,4174,0.7926034331321716,0.0,0.009861975908279419,0.049677133560180664,0.8124375343322754,4,0.25,
fixed,2,4175,0.35567131638526917,0.0,0.01101688202470541,0.04950416088104248,0.3760310113430023,4,0.25,2.490949869155884
fixed,2,4176,0.31764036417007446,0.0,0.005454120691865683,0.08167195320129395,0.3448690176010132,4,0.5,
fixed,2,4177,0.36711961030960083,0.0,0.0062681157141923904,0.136236310005188,0.4111245572566986,4,0.25,
fixed,2,4178,0.7287998199462891,0.0,0.0022632821928709745,0.10439085960388184,0.7612487077713013,4,0.25,
fixed,2,4179,0.3989066481590271,0.0,0.009368841536343098,0.09483420848846436,0.43204134702682495,4,0.5,
fixed,2,4180,0.70743328332901,0.0,0.004972369875758886,0.11206090450286865,0.7435377240180969,4,0.5,1.9036182165145874
fixed,2,4181,0.2551964521408081,0.02255808375775814,0.011743771843612194,0.04321885108947754,0.28531304001808167,4,0.5,
fixed,2,4182,0.43392080068588257,0.0,0.008623678237199783,0.25777602195739746,0.5155654549598694,4,0.75,
fixed,2,4183,0.8154640197753906,0.020967932417988777,0.017600083723664284,0.13822293281555176,0.8762149214744568,4,0.75,
fixed,2,4184,0.30061864852905273,0.0,0.009846542030572891,0.2396080493927002,0.37742432951927185,4,0.75,
fixed,2,4185,0.8234153985977173,0.0,0.009299306198954582,0.12760543823242188,0.8663467168807983,4,0.5,2.801929235458374
fixed,2,4186,0.5439513325691223,0.0,0.003186892718076706,0.17220032215118408,0.597204864025116,4,0.25,
fixed,2,4187,0.346109002828598,0.040774211287498474,0.017043257132172585,0.11322021484375,0.4089837968349457,3,0.75,
fixed,2,4188,0.6642133593559265,0.0,0.008076059632003307,0.13348913192749023,0.7082981467247009,4,0.25,
fixed,2,4189,0.40912607312202454,0.0,0.005761389154940844,0.13318133354187012,0.4519611597061157,4,0.25,
fixed,2,4190,0.7539143562316895,0.0,0.0044145057909190655,0.08452165126800537,0.7814781069755554,4,0.25,1.5406782627105713
fixed,2,4191,0.48177871108055115,0.0,0.011094086803495884,0.06254124641418457,0.506088137626648,4,0.5,
fixed,2,4192,0.28743594884872437,0.0,0.016160888597369194,0.15234410762786865,0.34121963381767273,4,0.75,
fixed,2,4193,0.3402058184146881,0.0,0.01388001162558794,0.16832852363586426,0.39764440059661865,4,0.75,
fixed,2,4194,0.4144778251647949,0.0,0.019055861979722977,0.2766282558441162,0.5069942474365234,4,0.75,
fixed,2,4195,0.3894142508506775,0.0,0.006041280925273895,0.0502699613571167,0.40751588344573975,4,0.25,1.9358553886413574
fixed,2,4196,1.2964595556259155,0.0,0.024108553305268288,0.11137628555297852,1.3419266939163208,4,0.75,
fixed,2,4197,0.6656990647315979,0.0,0.0010346896015107632,0.30395209789276123,0.7574020624160767,4,0.0,
fixed,2,4198,0.7647531628608704,0.0,0.015988124534487724,0.14876937866210938,0.817378044128418,4,0.75,
fixed,2,4199,0.3459464907646179,0.0,0.007254114840179682,0.030533671379089355,0.3587336540222168,4,0.25,
fixed,2,4200,0.4915180802345276,0.0,0.002965515246614814,0.23524034023284912,0.5635729432106018,4,0.0,2.004908800125122
fixed,2,4201,0.5282983779907227,0.0,0.017802052199840546,0.034734368324279785,0.5476197004318237,4,0.5,
fixed,2,4202,0.306837260723114,0.0,0.019832218065857887,0.12793803215026855,0.3551347851753235,4,0.75,
fixed,2,4203,0.2905471920967102,0.0,0.019505152478814125,0.13406753540039062,0.3405200242996216,4,0.75,
fixed,2,4204,0.5350174307823181,0.01500357873737812,0.017222318798303604,0.17089486122131348,0.6023988723754883,4,0.75,
fixed,2,4205,1.147090196609497,0.0,0.014663536101579666,0.08776509761810303,1.1807514429092407,4,0.5,3.836893081665039
fixed,2,4206,0.5675498247146606,0.011135214939713478,0.01661488600075245,0.2836337089538574,0.6665149927139282,4,1.0,
fixed,2,4207,0.2574962377548218,0.0,0.011849761940538883,0.1960005760192871,0.3222212791442871,4,0.25,
fixed,2,4208,0.848517656326294,0.0,0.019312825053930283,0.0933387279510498,0.8861756920814514,4,0.5,
fixed,2,4209,0.7778332829475403,0.0,0.026932373642921448,0.09543204307556152,0.8199290633201599,4,0.5,
fixed,2,4210,1.2822964191436768,0.0,0.010663887485861778,0.06305587291717529,1.3065451383590698,4,0.25,2.792306423187256
fixed,2,4211,0.69259113073349,0.0,0.008422798477113247,0.06396937370300293,0.715993344783783,4,0.25,
fixed,2,4212,0.802290678024292,0.0,0.0026601182762533426,0.2990473508834839,0.8933349251747131,4,0.0,
fixed,2,4213,0.2597963511943817,0.0,0.016652271151542664,0.23277795314788818,0.33795589208602905,4,0.25,
fixed,2,4214,0.8961472511291504,0.0,0.006700738798826933,0.15419816970825195,0.9457570910453796,4,0.25,
fixed,2,4215,0.4130323529243469,0.0,0.02629437856376171,0.11405825614929199,0.46039700508117676,4,0.75,6.070559978485107
fixed,2,4216,0.6263801455497742,0.0,0.007803759537637234,0.03673255443572998,0.6413018107414246,4,0.25,
fixed,2,4217,0.4409402906894684,0.0,0.01834336668252945,0.1552032232284546,0.49667292833328247,4,0.75,
fixed,2,4218,0.46856603026390076,0.0,0.012120210565626621,0.06769406795501709,0.4949343502521515,4,0.5,
fixed,2,4219,0.2410472333431244,0.0,0.013144216500222683,0.06233847141265869,0.2663208842277527,4,0.5,
fixed,2,4220,0.7552385330200195,0.013066836632788181,0.006415245588868856,0.03419697284698486,0.7752386927604675,4,0.5,2.00470232963562
fixed,2,4221,0.3458065390586853,0.028210949152708054,0.007608497980982065,0.17828750610351562,0.41720253229141235,4,0.75,
fixed,2,4222,0.7789725065231323,0.0348781980574131,0.0010243605356663465,0.11539816856384277,0.8315432071685791,4,0.25,
fixed,2,4223,0.23840148746967316,0.0,0.03169511258602142,0.1170661449432373,0.2893688976764679,4,0.75,
fixed,2,4224,0.28976207971572876,0.0,0.01885216124355793,0.4561244249343872,0.4360255002975464,4,1.0,
fixed,2,4225,0.4534657895565033,0.0,0.014570454135537148,0.06817007064819336,0.48120203614234924,4,0.5,3.704195737838745
fixed,2,4226,0.19166113436222076,0.0,0.017369700595736504,0.2904078960418701,0.2874683737754822,4,0.75,
fixed,2,4227,0.7402499318122864,0.0,0.02364465221762657,0.19591689109802246,0.8108473420143127,4,0.25,
fixed,2,4228,0.18399521708488464,0.0,0.03576548025012016,0.09375417232513428,0.2300042062997818,4,0.75,
fixed,2,4229,0.5823484063148499,0.0,0.008115826174616814,0.03039073944091797,0.5955235362052917,4,0.25,
fixed,2,4230,0.5693798065185547,0.0,0.02613196149468422,0.36260855197906494,0.6912283301353455,4,1.0,7.310817718505859
fixed,2,4231,0.8277679681777954,0.010511001572012901,0.0025054109282791615,0.06189608573913574,0.8528450131416321,4,0.25,
fixed,2,4232,0.6859931349754333,0.0,0.0019838979933410883,0.19640028476715088,0.7459051609039307,4,0.0,
fixed,2,4233,0.3452998995780945,0.02778671681880951,0.017994366586208344,0.3758131265640259,0.48093438148498535,4,1.0,
fixed,2,4234,0.5184754729270935,0.0,0.0195962842553854,0.05406975746154785,0.5444945693016052,4,0.5,
fixed,2,4235,0.24840812385082245,0.0,0.01950730010867119,0.05397999286651611,0.27435576915740967,4,0.5,4.642516613006592
fixed,2,4236,1.1669645309448242,0.005051861982792616,0.004832858219742775,0.10445749759674072,1.2032440900802612,4,0.0,
fixed,2,4237,0.4180557429790497,0.007219196297228336,0.020977169275283813,0.07336783409118652,0.4541642665863037,4,0.75,
fixed,2,4238,0.5370384454727173,0.0,0.021694861352443695,0.1590132713317871,0.5955898761749268,4,0.25,
fixed,2,4239,0.5248813629150391,0.0,0.024956125766038895,0.06232106685638428,0.5560557246208191,4,0.25,
fixed,2,4240,0.49548137187957764,0.016930675134062767,0.022366132587194443,0.08195662498474121,0.5397167801856995,4,0.75,1.973166584968567
fixed,2,4241,0.4088744819164276,0.0,0.028099454939365387,0.04379773139953613,0.4360635280609131,4,0.5,
fixed,2,4242,0.8642598390579224,6.960832354963031e-09,0.01947380229830742,0.06705760955810547,0.8941140174865723,4,0.5,
fixed,2,4243,1.0091508626937866,0.007053826004266739,6.728681910317391e-05,0.19622159004211426,1.0715779066085815,4,0.25,
fixed,2,4244,0.8260372877120972,0.0,0.017616145312786102,0.05348944664001465,0.850892186164856,4,0.5,
fixed,2,4245,0.4408206343650818,0.0,0.02510805055499077,0.12266397476196289,0.4901738464832306,4,0.75,6.270420551300049
fixed,2,4246,0.5396650433540344,0.0,0.03032216802239418,0.31560659408569336,0.6495081186294556,4,1.0,
fixed,2,4247,0.7604642510414124,0.0506962351500988,0.010075266472995281,0.10837399959564209,0.8233622312545776,4,0.75,
fixed,2,4248,0.6689181923866272,0.011453074403107166,0.016924116760492325,0.09421205520629883,0.7113704085350037,4,0.75,
fixed,2,4249,0.6901618838310242,0.0,0.007741124369204044,0.032343387603759766,0.7037354707717896,4,0.25,
fixed,2,4250,0.18970146775245667,0.0,0.018858730792999268,0.054097771644592285,0.21536016464233398,4,0.5,4.795834064483643
fixed,2,4251,0.9882464408874512,0.02581113763153553,6.396303797373548e-05,0.1095207929611206,1.0340402126312256,4,0.25,
fixed,2,4252,0.21608448028564453,0.0,0.01359257660806179,0.15432727336883545,0.26917895674705505,4,0.25,
fixed,2,4253,0.5414877533912659,0.010899137705564499,0.017550285905599594,0.05960822105407715,0.5735949277877808,4,0.5,
fixed,2,4254,0.6754005551338196,0.0,0.02258894219994545,0.045067548751831055,0.7002152800559998,4,0.5,
fixed,2,4255,0.19211582839488983,1.5344608073064592e-06,0.002053668489679694,0.18405139446258545,0.2483588457107544,4,0.0,1.1662112474441528
fixed,2,4256,0.274499773979187,0.0,0.012791506014764309,0.12748146057128906,0.3191399574279785,4,0.25,
fixed,2,4257,0.7489259839057922,0.0,0.02945978008210659,0.09576606750488281,0.7923856973648071,4,0.75,
fixed,2,4258,0.9722151756286621,0.0,0.010456983000040054,0.11962544918060303,1.0133312940597534,4,0.25,
fixed,2,4259,0.36902955174446106,0.0,0.008162030018866062,0.11574888229370117,0.4078352451324463,4,0.25,
fixed,2,4260,0.482516884803772,0.0048152850940823555,0.009515367448329926,0.05521559715270996,0.5062468647956848,4,0.25,1.5963793992996216
fixed,2,4261,0.3228236138820648,5.3761461458634585e-05,0.03420121967792511,0.0261305570602417,0.34779027104377747,4,0.5,
fixed,2,4262,0.4868214726448059,0.007719775661826134,0.01916298270225525,0.07013654708862305,0.5213038325309753,4,0.5,
fixed,2,4263,0.2782556116580963,1.627157507755328e-05,0.030465802177786827,0.08731484413146973,0.31969109177589417,4,0.75,
fixed,2,4264,0.5753806829452515,0.0,0.027014363557100296,0.11233091354370117,0.6225871443748474,4,0.75,
fixed,2,4265,0.8188033103942871,0.0,0.039264071732759476,0.08817994594573975,0.8648893237113953,4,0.75,7.092836856842041
fixed,2,4266,0.465628445148468,0.0,0.026179980486631393,0.04995226860046387,0.4937041103839874,4,0.5,
fixed,2,4267,0.07751168310642242,0.0,0.02190577983856201,0.1267702579498291,0.12649565935134888,4,0.75,
fixed,2,4268,0.8309049010276794,2.863407280528918e-05,0.0001515292387921363,0.2819095849990845,0.9155678749084473,4,0.0,
fixed,2,4269,0.41509702801704407,1.5511868696194142e-05,0.01693146675825119,0.14844226837158203,0.46810320019721985,4,0.75,
fixed,2,4270,1.3753485679626465,0.029114700853824615,2.317056896572467e-05,0.08678698539733887,1.4159536361694336,4,0.25,3.781163215637207
fixed,2,4271,0.5106334686279297,0.016192277893424034,0.020133579149842262,0.16692793369293213,0.5788747668266296,4,0.75,
fixed,2,4272,0.2850930392742157,0.0,0.010683991014957428,0.08832573890686035,0.3169327676296234,4,0.5,
fixed,2,4273,0.7198343276977539,1.7294539702561451e-06,0.005884184036403894,0.0888139009475708,0.7494214773178101,4,0.25,
fixed,2,4274,0.20174013078212738,0.0,0.023597989231348038,0.12762844562530518,0.2518276572227478,4,0.75,
fixed,2,4275,0.39338240027427673,0.0,0.010522088035941124,0.06762468814849854,0.41893085837364197,4,0.5,3.12729811668396
fixed,2,4276,0.44025421142578125,0.0,0.02218123897910118,0.38909614086151123,0.5680736899375916,4,1.0,
fixed,2,4277,0.294485479593277,0.025446631014347076,0.00913511123508215,0.2478123903274536,0.386120080947876,4,0.5,
fixed,2,4278,0.6845385432243347,0.0,0.0061562624759972095,0.09369516372680664,0.7157252430915833,4,0.25,
fixed,2,4279,0.39252999424934387,0.0,0.005863669328391552,0.03420662879943848,0.40572381019592285,4,0.25,
fixed,2,4280,0.4287395477294922,0.0,0.012041990645229816,0.054570794105529785,0.45113179087638855,4,0.25,2.7214958667755127
fixed,2,4281,0.36195528507232666,0.0,0.03449996933341026,0.030241012573242188,0.3882775604724884,4,0.5,
fixed,2,4282,0.2114877700805664,0.0001484845852246508,0.008350453339517117,0.09659135341644287,0.2447146475315094,4,0.25,
fixed,2,4283,0.4626782238483429,0.03856101632118225,0.01611577719449997,0.2381608486175537,0.5614649057388306,4,1.0,
fixed,2,4284,0.8424696326255798,0.014321395196020603,0.009291350841522217,0.09824919700622559,0.8837507963180542,4,0.5,
fixed,2,4285,0.24526368081569672,0.024600449949502945,0.019240541383624077,0.11690032482147217,0.30225425958633423,4,0.75,1.0665442943572998
fixed,2,4286,0.5417135953903198,0.011100459843873978,0.02606632560491562,0.2249743938446045,0.627789318561554,4,1.0,
fixed,2,4287,0.2737819254398346,0.013920252211391926,0.034638911485672,0.18974196910858154,0.3549841046333313,4,1.0,
fixed,2,4288,0.7076539993286133,0.0,0.013240711763501167,0.18342351913452148,0.7693014144897461,4,0.25,
fixed,2,4289,0.33199405670166016,0.0,0.036750514060258865,0.0968400239944458,0.37942132353782654,4,0.75,
fixed,2,4290,0.5492125153541565,0.0,0.030391238629817963,0.0923919677734375,0.5921257138252258,4,0.75,6.996354579925537
fixed,2,4291,0.4553350806236267,0.0,0.04427775740623474,0.06331276893615723,0.49646779894828796,4,0.75,
fixed,2,4292,0.4196731746196747,0.016821760684251785,0.0008335468592122197,0.1712116003036499,0.47986429929733276,4,0.25,
fixed,2,4293,0.4388810992240906,0.015318717807531357,0.014858744107186794,0.08158671855926514,0.4784458577632904,4,0.5,
fixed,2,4294,1.6038899421691895,0.0,0.03666418418288231,0.0781937837600708,1.6456801891326904,4,0.75,
fixed,2,4295,0.7704946994781494,0.0,0.032067615538835526,0.051856279373168945,0.8020853996276855,4,0.5,6.060637474060059
fixed,2,4296,0.3986523449420929,0.0,0.04586460813879967,0.09577333927154541,0.4503166675567627,4,0.25,
fixed,2,4297,0.8436025977134705,0.0,0.0393436998128891,0.0728217363357544,0.8851209878921509,4,0.5,
fixed,2,4298,0.436532586812973,0.0,0.021523727104067802,0.07129883766174316,0.4686841070652008,4,0.25,
fixed,2,4299,0.2053864300251007,0.0,0.0031850358936935663,0.23207402229309082,0.2766011655330658,4,0.0,
fixed,2,4300,0.2585230767726898,0.0,0.018184706568717957,0.03616321086883545,0.2784644067287445,4,0.5,4.359268665313721
fixed,2,4301,0.7056676149368286,0.0,0.0025430491659790277,0.23186683654785156,0.7764992117881775,4,0.0,
fixed,2,4302,0.44103503227233887,0.015746522694826126,0.015282419510185719,0.16518926620483398,0.5061062574386597,4,0.5,
fixed,2,4303,0.1607906073331833,0.0,0.018926717340946198,0.053714752197265625,0.18636839091777802,4,0.5,
fixed,2,4304,0.44553348422050476,0.0,0.024873750284314156,0.12093722820281982,0.4942515194416046,4,0.75,
fixed,2,4305,0.5969223976135254,0.0,0.027433166280388832,0.09591448307037354,0.6394133567810059,4,0.75,6.17955207824707
fixed,2,4306,0.5121480226516724,0.0,0.020214591175317764,0.055822014808654785,0.5390019416809082,4,0.5,
fixed,2,4307,0.5665122270584106,0.0,0.018224557861685753,0.06482338905334473,0.59507155418396,4,0.5,
fixed,2,4308,0.5104925036430359,0.024669097736477852,0.005799838341772556,0.05845499038696289,0.5432634949684143,4,0.5,
fixed,2,4309,0.44645386934280396,0.0,0.00040033532422967255,0.33208298683166504,0.5462789535522461,4,0.0,
fixed,2,4310,0.5864246487617493,0.0,0.02209206111729145,0.40404462814331055,0.7186840772628784,4,1.0,6.055140495300293
fixed,2,4311,1.0257236957550049,0.0,0.026262791827321053,0.06362056732177734,1.0579413175582886,4,0.5,
fixed,2,4312,0.4582359194755554,0.0,0.0282294861972332,0.12407410144805908,0.5095728635787964,4,0.75,
fixed,2,4313,0.4344649016857147,0.0,0.005137748084962368,0.07812094688415527,0.460470050573349,4,0.25,
fixed,2,4314,0.38581573963165283,0.0,0.018012765794992447,0.16441941261291504,0.4441479444503784,4,0.75,
fixed,2,4315,0.43984541296958923,0.0,0.0092231510207057,0.06712114810943604,0.4645933210849762,4,0.5,2.7587075233459473
fixed,2,4316,0.49754855036735535,3.6817624504692503e-07,0.004867394454777241,0.05986464023590088,0.5179418325424194,4,0.25,
fixed,2,4317,0.6500586271286011,0.03249794617295265,9.448864147998393e-06,0.07724201679229736,0.6894849538803101,4,0.25,
fixed,2,4318,0.8549833297729492,9.054690963239409e-06,0.0066327303647994995,0.05277848243713379,0.8741377592086792,4,0.25,
fixed,2,4319,1.2336019277572632,0.015958471223711967,5.381005394156091e-06,0.0819624662399292,1.2661726474761963,4,0.25,
fixed,2,4320,0.41150709986686707,1.5131766303966288e-05,0.004534286912530661,0.05687880516052246,0.4308454394340515,4,0.25,1.395349383354187
fixed,2,4321,0.6058315634727478,1.3772517377219629e-05,0.008142000064253807,0.05610966682434082,0.6267423629760742,4,0.5,
fixed,2,4322,0.48278743028640747,1.5008077753009275e-05,0.005701357498764992,0.0665668249130249,0.5056156516075134,4,0.5,
fixed,2,4323,0.6501685380935669,6.375107659550849e-06,0.011597547680139542,0.20767199993133545,0.7182720899581909,4,0.75,
fixed,2,4324,0.6813821196556091,0.0,0.005919222719967365,0.08224618434906006,0.7090156078338623,4,0.5,
fixed,2,4325,0.5642575025558472,0.0,0.0007638082024641335,0.18646728992462158,0.6205796003341675,4,0.0,0.5859135389328003
fixed,2,4326,0.633436918258667,0.0,0.00369848869740963,0.10915791988372803,0.6680335402488708,4,0.25,
fixed,2,4327,0.419501930475235,0.027970202267169952,0.010715761221945286,0.45149320363998413,0.5742928981781006,4,1.0,
fixed,2,4328,0.8552991151809692,0.0,0.004348200745880604,0.09904313087463379,0.8871861696243286,4,0.25,
fixed,2,4329,0.28901565074920654,0.03489404171705246,0.00405778456479311,0.073508620262146,0.3305441439151764,4,0.5,
fixed,2,4330,0.2909865081310272,0.0,0.00527485366910696,0.04078471660614014,0.30585935711860657,4,0.25,1.6761201620101929
fixed,2,4331,0.4805070757865906,0.0,0.015444117598235607,0.060715317726135254,0.5064437389373779,4,0.5,
fixed,2,4332,0.49250903725624084,0.0,0.011500703170895576,0.03690385818481445,0.5093305706977844,4,0.25,
fixed,2,4333,0.44539541006088257,0.0,0.0003179717459715903,0.37289369106292725,0.5574225187301636,4,0.0,
fixed,2,4334,0.4949329197406769,0.0,0.003670236561447382,0.09982192516326904,0.5267146229743958,4,0.25,
fixed,2,4335,0.557043731212616,0.0,0.016814088448882103,0.14459466934204102,0.6088292002677917,4,0.75,4.763852596282959
fixed,2,4336,0.4426015615463257,0.0,0.010363152250647545,0.038872361183166504,0.4594448506832123,4,0.25,
fixed,2,4337,0.2404697686433792,0.0,0.012128381989896297,0.06181073188781738,0.2650771737098694,4,0.5,
fixed,2,4338,1.1301287412643433,0.0,0.01318783313035965,0.05600118637084961,1.1535229682922363,4,0.5,
fixed,2,4339,0.6644884347915649,0.04262522608041763,0.007062652613967657,0.0950707197189331,0.7178536057472229,4,0.75,
fixed,2,4340,0.2588767409324646,0.03150295466184616,0.01195131428539753,0.14203596115112305,0.32321465015411377,4,0.75,0.6789311170578003
fixed,2,4341,0.5063661932945251,0.0,0.02680521458387375,0.11032366752624512,0.5528659224510193,4,0.75,
fixed,2,4342,0.4199700951576233,0.0,0.01763799600303173,0.13665854930877686,0.4697866439819336,4,0.75,
fixed,2,4343,0.29645729064941406,0.0,0.006608666852116585,0.10915720462799072,0.33250880241394043,4,0.25,
fixed,2,4344,0.9322246313095093,0.0,0.021270709112286568,0.11648130416870117,0.9778043627738953,4,0.75,
fixed,2,4345,0.6963130831718445,0.0,0.03473197668790817,0.26453304290771484,0.7930389642715454,4,1.0,8.100051879882812
fixed,2,4346,0.27256712317466736,0.0,0.025530990213155746,0.06292438507080078,0.30420994758605957,4,0.5,
fixed,2,4347,0.4715961217880249,0.015503747388720512,0.04515105485916138,0.15474915504455566,0.5483482480049133,4,0.75,
fixed,2,4348,0.3619074523448944,0.010020626708865166,0.019523825496435165,0.0644078254699707,0.39600202441215515,4,0.75,
fixed,2,4349,0.668612539768219,0.008480394259095192,0.0009221541695296764,0.19324123859405518,0.7312861680984497,4,0.25,
fixed,2,4350,0.9847790598869324,0.015877071768045425,0.018124699592590332,0.06305873394012451,1.0206975936889648,4,0.75,2.0196268558502197
fixed,2,4351,0.394061803817749,0.0,0.01873624511063099,0.04520583152770996,0.4169916808605194,4,0.5,
fixed,2,4352,1.3219637870788574,0.0,0.01568700186908245,0.05454659461975098,1.346171259880066,4,0.5,
fixed,2,4353,0.299566388130188,0.013565374538302422,0.011518792249262333,0.06450200080871582,0.33145907521247864,4,0.5,
fixed,2,4354,0.33494752645492554,0.0,0.01941673643887043,0.050492167472839355,0.35980355739593506,4,0.5,
fixed,2,4355,0.4066212475299835,0.0,0.010335603728890419,0.1439892053604126,0.4549857974052429,4,0.25,2.3958799839019775
fixed,2,4356,0.6021333932876587,0.0,0.02331947721540928,0.04587435722351074,0.6275554299354553,4,0.5,
fixed,2,4357,0.7979680895805359,0.0,0.033899154514074326,0.06093120574951172,0.8331969976425171,4,0.5,
fixed,2,4358,0.5235288143157959,0.008830927312374115,0.014816999435424805,0.06230318546295166,0.554043710231781,4,0.75,
fixed,2,4359,0.3175225555896759,0.0,0.030242817476391792,0.05147814750671387,0.3480874001979828,4,0.5,
fixed,2,4360,0.4296572804450989,0.0,0.019379569217562675,0.04388427734375,0.45251235365867615,4,0.5,4.467054843902588
fixed,2,4361,0.7105931043624878,0.0,0.02256329543888569,0.04252970218658447,0.7346336841583252,4,0.5,
fixed,2,4362,0.8975248336791992,0.0,0.021380089223384857,0.05034589767456055,0.92331862449646,4,0.5,
fixed,2,4363,0.5958836078643799,0.0,0.00518608745187521,0.11199629306793213,0.6320755481719971,4,0.25,
fixed,2,4364,0.6504393815994263,0.0,0.014571631327271461,0.14396190643310547,0.7009137868881226,4,0.25,
fixed,2,4365,0.7933260202407837,0.0,0.01509618666023016,0.048046231269836426,0.8152880072593689,4,0.5,3.679253578186035
fixed,2,4366,0.6973697543144226,0.030951112508773804,0.0005671813269145787,0.09149694442749023,0.7405779957771301,4,0.25,
fixed,2,4367,0.4367455542087555,0.0,0.036693789064884186,0.2955063581466675,0.5437443256378174,4,1.0,
fixed,2,4368,0.5216410160064697,0.0,0.004151690751314163,0.09468579292297363,0.5521225929260254,4,0.25,
fixed,2,4369,0.73343425989151,0.0,0.003795842407271266,0.030353784561157227,0.7444382905960083,4,0.25,
fixed,2,4370,0.2530674636363983,0.0,0.018216080963611603,0.4411548376083374,0.39452195167541504,4,1.0,5.231060028076172
fixed,2,4371,0.5506889224052429,0.02985178865492344,0.011369205079972744,0.17007875442504883,0.6223230361938477,4,0.75,
fixed,2,4372,0.8357435464859009,0.0,0.014276589266955853,0.1857466697692871,0.8986058235168457,4,0.75,
fixed,2,4373,0.6598637700080872,0.0,0.011382312513887882,0.0508725643157959,0.6808167099952698,4,0.5,
fixed,2,4374,0.5165782570838928,0.0,0.01507151871919632,0.06798768043518066,0.5445103049278259,4,0.5,
fixed,2,4375,0.9413130283355713,0.036538705229759216,0.007798934355378151,0.05137646198272705,0.9788947701454163,4,0.5,2.144497871398926
fixed,2,4376,0.6102833151817322,0.0,0.004035657271742821,0.08823537826538086,0.6387717723846436,4,0.25,
fixed,2,4377,0.36720147728919983,0.0,0.019366735592484474,0.14648115634918213,0.420829176902771,4,0.75,
fixed,2,4378,0.6884710192680359,0.0,0.011043617501854897,0.07031083106994629,0.7150861024856567,4,0.5,
fixed,2,4379,0.3509158492088318,0.0,0.019403625279664993,0.05911111831665039,0.37835100293159485,4,0.5,
fixed,2,4380,0.3289816677570343,0.0,0.031962841749191284,0.08527040481567383,0.3705441951751709,4,0.75,6.4635090827941895
fixed,2,4381,0.523853600025177,0.0,0.013024433515965939,0.06475067138671875,0.5497910380363464,4,0.5,
fixed,2,4382,0.22461485862731934,0.0,0.0005754135199822485,0.37426114082336426,0.3371809124946594,4,0.0,
fixed,2,4383,0.5396513938903809,0.0,0.019140148535370827,0.14186692237854004,0.5917815566062927,4,0.75,
fixed,2,4384,0.6381076574325562,0.0,0.012287942692637444,0.18276488780975342,0.6990811228752136,4,0.75,
fixed,2,4385,0.6328225135803223,0.02061927132308483,0.004514924716204405,0.06632888317108154,0.6652882695198059,4,0.5,2.283289909362793
fixed,2,4386,0.758162796497345,0.013329665176570415,0.005715357139706612,0.13909173011779785,0.8094128370285034,4,0.75,
fixed,2,4387,0.6122540235519409,0.005089650396257639,0.004935009405016899,0.05963873863220215,0.6351580023765564,4,0.25,
fixed,2,4388,0.2563488781452179,0.0,0.005578722804784775,0.11232900619506836,0.2928369343280792,4,0.25,
fixed,2,4389,0.5852757096290588,0.01658185012638569,0.007591451518237591,0.04054737091064453,0.6095265746116638,4,0.5,
fixed,2,4390,0.40282514691352844,0.0,0.025536801666021347,0.1067206859588623,0.4476097524166107,4,0.75,5.910069465637207
fixed,2,4391,0.15914848446846008,0.0,0.007119457703083754,0.03826749324798584,0.17418846487998962,4,0.25,
fixed,2,4392,0.535330593585968,0.0,0.008494279347360134,0.12481355667114258,0.5770217776298523,4,0.25,
fixed,2,4393,0.3077804744243622,0.023985927924513817,0.010049858130514622,0.12129509449005127,0.3611868917942047,4,0.75,
fixed,2,4394,0.6435810327529907,0.0,0.04980168119072914,0.09359383583068848,0.6965600252151489,4,0.25,
fixed,2,4395,0.8314591646194458,0.016776148229837418,0.014684530906379223,0.07566237449645996,0.869888186454773,4,0.5,0.989589512348175
fixed,2,4396,0.7220238447189331,0.0,0.024676194414496422,0.11974096298217773,0.7702842354774475,4,0.75,
fixed,2,4397,0.4671189486980438,0.0,0.036409277468919754,0.08644795417785645,0.5112580060958862,4,0.75,
fixed,2,4398,0.30580174922943115,0.0,0.01962619088590145,0.06721806526184082,0.3357802629470825,4,0.5,
fixed,2,4399,0.565138041973114,0.0,0.03983989730477333,0.12265503406524658,0.6218544840812683,4,0.75,
fixed,2,4400,0.7786976099014282,0.019813740625977516,0.015359911136329174,0.0849841833114624,0.8217796683311462,4,0.5,1.0484272241592407
fixed,2,4401,0.8550634384155273,0.0,0.00810985267162323,0.07724547386169434,0.8822920322418213,4,0.5,
fixed,2,4402,0.7069307565689087,0.0,0.0009711985476315022,0.38909173011779785,0.8241438865661621,4,0.0,
fixed,2,4403,0.5568273663520813,0.0,0.009992786683142185,0.059803009033203125,0.5797646641731262,4,0.5,
fixed,2,4404,0.3362547755241394,0.0,0.0039019742980599403,0.23601555824279785,0.4090104401111603,4,0.0,
fixed,2,4405,0.6079836487770081,0.03403451293706894,0.015987906605005264,0.13707590103149414,0.6741176247596741,4,0.75,1.0886178016662598
fixed,2,4406,0.49807867407798767,0.0,0.015224657952785492,0.1636204719543457,0.5547771453857422,4,0.75,
fixed,2,4407,0.43088680505752563,0.026319274678826332,0.009740146808326244,0.1531081199645996,0.49484896659851074,4,0.75,
fixed,2,4408,0.27221548557281494,0.0,0.030283818021416664,0.08104002475738525,0.31166940927505493,4,0.75,
fixed,2,4409,0.27835768461227417,0.0,0.033119358122348785,0.02638840675354004,0.3028338849544525,4,0.5,
fixed,2,4410,0.8817511796951294,0.023177610710263252,0.018329495564103127,0.10888981819152832,0.9351716637611389,4,0.75,1.094640851020813
fixed,2,4411,0.5585984587669373,0.0,0.008722848258912563,0.03595626354217529,0.5737467408180237,4,0.25,
fixed,2,4412,0.46159034967422485,0.0,0.004060490056872368,0.10355043411254883,0.49468570947647095,4,0.25,
fixed,2,4413,0.38514620065689087,0.0,0.013350903056561947,0.1470116376876831,0.435925155878067,4,0.25,
fixed,2,4414,0.7734541296958923,0.0,0.0030386624857783318,0.11178267002105713,0.8085082769393921,4,0.25,
fixed,2,4415,0.5275057554244995,0.04671497642993927,0.00032713363179937005,0.05926191806793213,0.5688053965568542,4,0.5,6.7518744468688965
fixed,2,4416,0.6327922940254211,0.0,0.0005120115238241851,0.35555315017700195,0.7397142648696899,4,0.0,
fixed,2,4417,0.984161376953125,0.0278793852776289,0.022858766838908195,0.11216449737548828,1.0431797504425049,4,0.75,
fixed,2,4418,0.25375303626060486,0.0,0.024065107107162476,0.18287861347198486,0.3206491768360138,4,0.5,
fixed,2,4419,0.28679290413856506,0.01684178039431572,0.03278295323252678,0.2200164794921875,0.3776102066040039,4,1.0,
fixed,2,4420,0.8452397584915161,0.0,0.009778284467756748,0.11717164516448975,0.8852803707122803,4,0.25,2.209373950958252
fixed,2,4421,0.6855760216712952,0.0,0.02049843594431877,0.1458287239074707,0.7395738363265991,4,0.75,
fixed,2,4422,0.462846964597702,0.0,0.007275305688381195,0.08387982845306396,0.4916485548019409,4,0.25,
fixed,2,4423,0.7760265469551086,0.0,0.02326822467148304,0.059648752212524414,0.8055552840232849,4,0.25,
fixed,2,4424,0.3594048321247101,0.012097368016839027,0.036409467458724976,0.1614539623260498,0.4320944547653198,4,1.0,
fixed,2,4425,1.1026235818862915,0.030641227960586548,0.016632787883281708,0.05299043655395508,1.1421576738357544,4,0.5,2.0516610145568848
fixed,2,4426,0.780058741569519,0.0,0.028324373066425323,0.05581307411193848,0.810964822769165,4,0.5,
fixed,2,4427,0.38794001936912537,0.0,0.02131788432598114,0.06311523914337158,0.4175335466861725,4,0.5,
fixed,2,4428,0.8663805723190308,0.0,0.015512808226048946,0.05115783214569092,0.8894843459129333,4,0.5,
fixed,2,4429,0.435524582862854,0.0,0.023635631427168846,0.3753354549407959,0.5599430203437805,4,1.0,
fixed,2,4430,0.5732343196868896,0.024669958278536797,0.015650609508156776,0.05221080780029297,0.6090578436851501,4,0.5,1.3077385425567627
fixed,2,4431,0.4672427177429199,0.0,0.011484400369226933,0.10802721977233887,0.5053930878639221,4,0.25,
fixed,2,4432,0.6163987517356873,0.011170080862939358,0.0012524236226454377,0.053347110748291016,0.6386141180992126,4,0.25,
fixed,2,4433,0.47201085090637207,0.0,0.026768483221530914,0.20148348808288574,0.5458401441574097,4,0.75,
fixed,2,4434,0.6279311776161194,0.0,0.01445908471941948,0.04878509044647217,0.6497962474822998,4,0.5,
fixed,2,4435,0.41949817538261414,0.02017049863934517,0.01859133318066597,0.09815335273742676,0.46832510828971863,4,0.75,1.2640076875686646
fixed,2,4436,0.3517271876335144,0.0,0.02052314765751362,0.06464731693267822,0.38138294219970703,4,0.25,
fixed,2,4437,0.4600910544395447,0.026856573298573494,0.00017864139226730913,0.1130523681640625,0.5075243711471558,4,0.25,
fixed,2,4438,0.7612594366073608,0.0,0.00918843038380146,0.11210954189300537,0.799486517906189,4,0.25,
fixed,2,4439,0.6431542038917542,0.02513798326253891,0.00010839512833626941,0.08773970603942871,0.6820992827415466,4,0.5,
fixed,2,4440,0.35461190342903137,0.0,0.00013542367378249764,0.31875157356262207,0.45030510425567627,4,0.0,0.44942888617515564
fixed,2,4441,0.6416090130805969,0.0,0.014929299242794514,0.04313194751739502,0.6620132327079773,4,0.25,
fixed,2,4442,0.5513759851455688,0.0,0.025143347680568695,0.03579223155975342,0.5746853351593018,4,0.5,
fixed,2,4443,0.3945922255516052,0.0,0.013361915946006775,0.054190874099731445,0.41753044724464417,4,0.5,
fixed,2,4444,0.5476967096328735,0.0,0.04022248089313507,0.08758211135864258,0.5940825939178467,4,0.75,
fixed,2,4445,0.45071515440940857,0.0,0.03619066998362541,0.11044776439666748,0.5019448399543762,4,0.75,6.278651237487793
fixed,2,4446,0.6369322538375854,0.0,0.03093223087489605,0.1292206048965454,0.6911645531654358,4,0.75,
fixed,2,4447,0.8062391877174377,0.011335852555930614,0.006882219109684229,0.06533527374267578,0.8349487781524658,4,0.5,
fixed,2,4448,0.7140481472015381,0.012415945529937744,0.011491343379020691,0.033481478691101074,0.7360462546348572,4,0.5,
fixed,2,4449,0.7090398073196411,0.0,7.504700624849647e-05,0.28157269954681396,0.793549120426178,4,0.0,
fixed,2,4450,0.5297640562057495,0.017594240605831146,0.011454222723841667,0.048203110694885254,0.5587491989135742,4,0.5,0.8877485394477844
fixed,2,4451,0.7688219547271729,0.0,6.624537491006777e-05,0.2618154287338257,0.8473997116088867,4,0.0,
fixed,2,4452,0.7190626263618469,0.0,0.014122169464826584,0.1859050989151001,0.7818952202796936,4,0.75,
fixed,2,4453,0.3901549279689789,0.02814360335469246,0.0068317800760269165,0.06546652317047119,0.42728257179260254,4,0.5,
fixed,2,4454,0.6940658092498779,0.011946775019168854,0.017902817577123642,0.2844111919403076,0.7943139672279358,4,1.0,
fixed,2,4455,0.45174625515937805,0.0,0.011231759563088417,0.11954522132873535,0.49322569370269775,4,0.25,3.2028210163116455
fixed,2,4456,0.7605845928192139,0.003928563091903925,5.1835788326570764e-05,0.18738746643066406,0.8187910318374634,4,0.0,
fixed,2,4457,0.5556315183639526,0.027962185442447662,0.01215036865323782,0.09212625026702881,0.6033256649971008,4,0.75,
fixed,2,4458,0.5415316224098206,0.0,0.015363264828920364,0.06514322757720947,0.5687562227249146,4,0.5,
fixed,2,4459,0.43435734510421753,0.0,0.04013312608003616,0.12386202812194824,0.4915825128555298,4,0.75,
fixed,2,4460,0.5105195641517639,4.784035354532534e-07,0.03229431062936783,0.06956279277801514,0.54753577709198,4,0.5,5.688347339630127
fixed,2,4461,1.0781232118606567,0.019273316487669945,0.005530887749046087,0.06136143207550049,1.108933687210083,4,0.5,
fixed,2,4462,0.4968733489513397,0.0,0.02332695946097374,0.08350121974945068,0.5335872173309326,4,0.5,
fixed,2,4463,0.6643663048744202,0.0,0.016359567642211914,0.06836915016174316,0.6930568218231201,4,0.5,
fixed,2,4464,0.3439583480358124,0.0,0.015038863755762577,0.04300832748413086,0.36438027024269104,4,0.25,
fixed,2,4465,0.6099250912666321,0.0,0.034426938742399216,0.10229969024658203,0.6578284502029419,4,0.75,7.5222320556640625
fixed,2,4466,0.23318587243556976,0.0,0.011265849694609642,0.06570708751678467,0.2585309147834778,4,0.5,
fixed,2,4467,0.17736175656318665,0.0,0.00821350235491991,0.11486411094665527,0.21592774987220764,4,0.25,
fixed,2,4468,0.45170116424560547,0.0,0.010873580351471901,0.057765960693359375,0.47446775436401367,4,0.5,
fixed,2,4469,0.9670587778091431,0.0,0.018091006204485893,0.048947811126708984,0.9907886385917664,4,0.5,
fixed,2,4470,0.5952264070510864,0.018619105219841003,0.01625842973589897,0.18790483474731445,0.6690366268157959,4,0.75,1.639965295791626
fixed,2,4471,0.5296499133110046,0.0,0.04360447824001312,0.08278024196624756,0.5762861967086792,4,0.75,
fixed,2,4472,0.8500018119812012,0.02026340179145336,0.021007876843214035,0.1549745798110962,0.9171298146247864,4,0.75,
fixed,2,4473,0.5602671504020691,0.0,0.03828848525881767,0.10786223411560059,0.6117700338363647,4,0.75,
fixed,2,4474,0.3283538222312927,0.0,0.027482984587550163,0.18435490131378174,0.3974017798900604,4,0.25,
fixed,2,4475,0.5617823004722595,0.009109294041991234,0.02622140944004059,0.08318400382995605,0.6044028401374817,4,0.75,3.6828348636627197
fixed,2,4476,0.4956204295158386,0.01959236152470112,0.014102528803050518,0.12315905094146729,0.5494155883789062,4,0.75,
fixed,2,4477,0.40297433733940125,0.0,0.007956796325743198,0.09289002418518066,0.434819757938385,4,0.25,
fixed,2,4478,0.8057658076286316,0.0,0.0516541413962841,0.08544492721557617,0.8572263717651367,4,0.75,
fixed,2,4479,0.7000482082366943,0.0,0.022640015929937363,0.14354252815246582,0.7544310092926025,4,0.75,
fixed,2,4480,0.5301905274391174,0.02066609635949135,0.018723974004387856,0.11343717575073242,0.5839167237281799,4,0.75,1.1396079063415527
fixed,2,4481,0.4930609166622162,0.0,0.019613010808825493,0.1442122459411621,0.5461310744285583,4,0.75,
fixed,2,4482,0.6555192470550537,0.0,0.03950776159763336,0.06189525127410889,0.6938416957855225,4,0.75,
fixed,2,4483,0.6533617973327637,0.02074504643678665,0.02715778537094593,0.11414694786071777,0.7115572690963745,4,0.75,
fixed,2,4484,0.32920271158218384,0.0,0.02541254833340645,0.0618664026260376,0.36046892404556274,4,0.5,
fixed,2,4485,0.8081219792366028,0.028983885422348976,0.01578715071082115,0.06972694396972656,0.8514255881309509,4,0.75,3.5581040382385254
fixed,2,4486,0.5490999221801758,0.0,0.012161016464233398,0.05308246612548828,0.5711051821708679,4,0.25,
fixed,2,4487,0.7622056007385254,0.0,0.039650775492191315,0.06345438957214355,0.8010672926902771,4,0.25,
fixed,2,4488,0.1997184157371521,0.0,0.020952029153704643,0.0638359785079956,0.22934523224830627,4,0.5,
fixed,2,4489,0.3221419155597687,0.0222390778362751,0.01045500673353672,0.05066871643066406,0.353689581155777,4,0.5,
fixed,2,4490,0.7343657612800598,0.0,0.029124785214662552,0.329465389251709,0.8477677702903748,4,1.0,7.152205944061279
fixed,2,4491,0.8503164649009705,0.0,0.002548574935644865,0.23523294925689697,0.9221606254577637,4,0.0,
fixed,2,4492,0.3289128541946411,0.0,0.02300155535340309,0.21445083618164062,0.4047488868236542,4,0.5,
fixed,2,4493,0.5965315699577332,0.0,0.024036338552832603,0.1298907995223999,0.6475169658660889,4,0.75,
fixed,2,4494,0.12847188115119934,0.0,0.039462439715862274,0.2640489339828491,0.22741778194904327,4,1.0,
fixed,2,4495,0.6295178532600403,0.0,0.023625290021300316,0.12247288227081299,0.6780723929405212,4,0.75,5.436951160430908
fixed,2,4496,0.27385151386260986,0.0,0.028818277642130852,0.1802748441696167,0.3423430919647217,4,0.75,
fixed,2,4497,0.16369646787643433,0.0,0.025518396869301796,0.03227543830871582,0.1861383020877838,4,0.5,
fixed,2,4498,0.9177738428115845,0.0,0.026424475014209747,0.1341383457183838,0.9712275862693787,4,0.75,
fixed,2,4499,0.487465500831604,0.0,0.009949770756065845,0.09339070320129395,0.5204576253890991,4,0.5,
fixed,2,4500,0.34858468174934387,0.03344385325908661,0.017959369346499443,0.08947134017944336,0.4011276960372925,4,0.75,5.684172630310059
fixed,2,4501,0.5917195081710815,0.0,0.006547798868268728,0.16712796688079834,0.6451318264007568,4,0.25,
fixed,2,4502,0.5468770861625671,0.0,0.013070447370409966,0.19095563888549805,0.6106989979743958,4,0.25,
fixed,2,4503,0.5093921422958374,0.0,0.000876565754879266,0.39527755975723267,0.6284136772155762,4,0.0,
fixed,2,4504,0.5553714632987976,0.0,0.005568619817495346,0.10832250118255615,0.5906525254249573,4,0.25,
fixed,2,4505,0.4822905659675598,0.0,0.020868120715022087,0.040100693702697754,0.5047548413276672,4,0.5,4.818640232086182
fixed,2,4506,0.2559746205806732,0.0,0.0008029395248740911,0.30264949798583984,0.34717094898223877,4,0.0,
fixed,2,4507,0.47162410616874695,0.04336569830775261,0.00528705446049571,0.10127890110015869,0.5263341665267944,4,0.75,
fixed,2,4508,0.7533462047576904,0.0,0.009748249314725399,0.03609776496887207,0.7690496444702148,4,0.5,
fixed,2,4509,0.5951496362686157,0.0,0.03641188517212868,0.024506211280822754,0.6207074522972107,4,0.5,
fixed,2,4510,1.101972222328186,0.0,0.0002548671036493033,0.23263955116271973,1.1718915700912476,4,0.0,0.8399922251701355
fixed,2,4511,0.7953670024871826,0.0,0.008460392244160175,0.038408637046813965,0.811119794845581,4,0.25,
fixed,2,4512,0.5021145343780518,0.0,0.023084355518221855,0.035503506660461426,0.5243077874183655,4,0.5,
fixed,2,4513,0.7634412050247192,0.0,0.01922384835779667,0.049793124198913574,0.7879910469055176,4,0.5,
fixed,2,4514,0.4947437345981598,7.218387736429577e-07,0.01199984923005104,0.051935434341430664,0.5163246393203735,4,0.5,
fixed,2,4515,0.6581075191497803,0.03787608444690704,0.008762888610363007,0.2056483030319214,0.7431215047836304,4,0.75,1.1805408000946045
fixed,2,4516,0.4016166627407074,6.711186870234087e-05,0.009351076558232307,0.06100130081176758,0.4246261417865753,4,0.5,
fixed,2,4517,0.41511616110801697,4.197119778837077e-05,0.008383773267269135,0.10021615028381348,0.4493938684463501,4,0.5,
fixed,2,4518,0.28020644187927246,1.5967181354881177e-07,0.018908534198999405,0.17338693141937256,0.34167686104774475,4,0.75,
fixed,2,4519,0.32116204500198364,1.4751775779586751e-05,0.021038012579083443,0.17388427257537842,0.3838537037372589,4,0.75,
fixed,2,4520,0.24765866994857788,1.4190023648552597e-05,0.01659182831645012,0.0993354320526123,0.28576231002807617,4,0.5,3.7949025630950928
fixed,2,4521,0.4740740656852722,0.020347800105810165,0.02253490313887596,0.30780839920043945,0.5878579616546631,4,1.0,
fixed,2,4522,0.6986622214317322,0.0,0.0037276933435350657,0.1575157642364502,0.7477807998657227,4,0.25,
fixed,2,4523,0.6280075907707214,0.0,0.002221708884462714,0.2360544204711914,0.6999347805976868,4,0.0,
fixed,2,4524,0.40867313742637634,3.496274132430699e-07,0.007340984884649515,0.04947710037231445,0.4271869361400604,4,0.25,
fixed,2,4525,0.3836171329021454,0.0,0.03888721019029617,0.27167296409606934,0.48456263542175293,4,1.0,9.056893348693848
fixed,2,4526,0.4661155641078949,0.0,0.02566571906208992,0.127852201461792,0.5173040628433228,4,0.75,
fixed,2,4527,0.44798681139945984,0.0,0.011235097423195839,0.04461479187011719,0.46698880195617676,4,0.25,
fixed,2,4528,0.41854169964790344,0.0,0.017778955399990082,0.19466817378997803,0.485831618309021,4,0.25,
fixed,2,4529,0.4298866093158722,0.0,0.02153254859149456,0.040135741233825684,0.4526936113834381,4,0.5,
fixed,2,4530,0.8336830139160156,0.0,0.00874669011682272,0.10775959491729736,0.8703842163085938,3,0.5,2.4687979221343994
fixed,2,4531,0.7304502129554749,0.0,0.008829937316477299,0.11237776279449463,0.7685785293579102,4,0.25,
fixed,2,4532,0.41454777121543884,2.2403858110919828e-06,0.0001251104404218495,0.29912900924682617,0.5043501257896423,4,0.0,
fixed,2,4533,0.5578368306159973,0.0,0.005547221750020981,0.08475732803344727,0.5860376358032227,4,0.25,
fixed,2,4534,0.5602126717567444,0.04145175963640213,4.932136921098618e-09,0.056673288345336914,0.5979405641555786,4,0.5,
fixed,2,4535,0.5984776616096497,0.020692583173513412,0.005110586993396282,0.04883086681365967,0.6260285377502441,4,0.5,1.9774962663650513
fixed,2,4536,0.9533056020736694,0.0,8.75436162459664e-05,0.2424677610397339,1.0260896682739258,4,0.0,
fixed,2,4537,0.36118507385253906,4.3762934183178e-06,0.020920757204294205,0.1407933235168457,0.4138856530189514,4,0.75,
fixed,2,4538,0.3524116277694702,0.0,0.01933424174785614,0.03360891342163086,0.3721614181995392,4,0.5,
fixed,2,4539,0.43984687328338623,0.012290949001908302,0.014150047674775124,0.09011006355285645,0.4801003932952881,4,0.75,
fixed,2,4540,0.4133206605911255,0.00010614302300382406,0.01665719971060753,0.07679247856140137,0.44474008679389954,4,0.5,3.9148778915405273
fixed,2,4541,0.5134921073913574,2.1927477064309642e-05,0.004305202979594469,0.03269612789154053,0.5254645347595215,4,0.25,
fixed,2,4542,0.4068640470504761,1.8506392734707333e-05,0.01188647374510765,0.04217517375946045,0.4254691004753113,4,0.5,
fixed,2,4543,0.34057876467704773,1.0525325251364848e-06,0.01143640372902155,0.05014467239379883,0.36134088039398193,4,0.5,
fixed,2,4544,0.5293243527412415,1.5601675841026008e-05,1.7072652553906664e-05,0.24519586563110352,0.602899432182312,4,0.0,
fixed,2,4545,0.36554375290870667,0.0,0.015385044738650322,0.06387054920196533,0.3923974335193634,4,0.5,4.062866687774658
fixed,2,4546,0.6063989996910095,0.0,0.04225200414657593,0.247766375541687,0.701854944229126,4,1.0,
fixed,2,4547,1.0321577787399292,1.6358402717742138e-05,0.00905204564332962,0.06913518905639648,1.0574325323104858,4,0.5,
fixed,2,4548,0.5130947232246399,0.01379817072302103,0.007523923180997372,0.043192386627197266,0.5367134809494019,4,0.5,
fixed,2,4549,0.497292697429657,4.619236733560683e-06,0.019423387944698334,0.16026294231414795,0.5550855994224548,4,0.25,
fixed,2,4550,0.4940657615661621,3.0603994673583657e-05,0.009112431667745113,0.10164594650268555,0.5291310548782349,4,0.25,2.160515546798706
fixed,2,4551,0.4023856818675995,0.02932935208082199,3.452358043887216e-07,0.11845719814300537,0.45258769392967224,4,0.25,
fixed,2,4552,1.1719204187393188,2.0642653453251114e-06,0.004248116165399551,0.1240004301071167,1.2112456560134888,4,0.25,
fixed,2,4553,0.8102767467498779,0.011701513081789017,0.01685020513832569,0.11945939064025879,0.8603904247283936,4,0.75,
fixed,2,4554,0.3508164584636688,3.6479326809057966e-05,0.007170244585722685,0.11021661758422852,0.3874848186969757,4,0.25,
fixed,2,4555,0.429770827293396,0.0,0.010014599189162254,0.08173954486846924,0.4592999815940857,4,0.5,3.001091718673706
fixed,2,4556,0.36718010902404785,3.130016011709813e-06,0.005311629269272089,0.03508651256561279,0.38036343455314636,4,0.25,
fixed,2,4557,0.7869232892990112,0.04968208447098732,0.007874244824051857,0.13509953022003174,0.8562313318252563,4,0.75,
fixed,2,4558,0.32199639081954956,0.0,0.034301187843084335,0.1136314868927002,0.37323641777038574,4,0.75,
fixed,2,4559,0.5219536423683167,7.010401077423012e-07,0.01734098233282566,0.07035493850708008,0.5517309904098511,4,0.5,
fixed,2,4560,0.3630514144897461,0.0,0.02127642184495926,0.14629042148590088,0.41757676005363464,4,0.75,5.059696674346924
fixed,2,4561,0.935123860836029,0.0,0.01579906977713108,0.05875849723815918,0.9606509208679199,4,0.5,
fixed,2,4562,0.5985217690467834,0.008657594211399555,0.008795235306024551,0.06857490539550781,0.6278206706047058,4,0.5,
fixed,2,4563,0.4977000057697296,0.0,0.01457961369305849,0.06322646141052246,0.5239577293395996,4,0.5,
fixed,2,4564,0.49770474433898926,0.015777144581079483,0.011467431671917439,0.11768448352813721,0.5466324090957642,4,0.75,
fixed,2,4565,0.6642465591430664,0.0,0.020979879423975945,0.06958627700805664,0.695612370967865,4,0.5,4.293110370635986
fixed,2,4566,0.8604908585548401,0.0,0.00042011262848973274,0.3504965305328369,0.9658498764038086,4,0.0,
fixed,2,4567,0.5138618350028992,0.030589111149311066,0.007490778807550669,0.05666685104370117,0.5499018430709839,4,0.5,
fixed,2,4568,0.7156673669815063,0.0,0.017174359411001205,0.06168711185455322,0.7427606582641602,4,0.5,
fixed,2,4569,0.585012674331665,0.0,0.019725266844034195,0.13406062126159668,0.6350935101509094,4,0.75,
fixed,2,4570,0.41844695806503296,0.0,0.0019297385588288307,0.2225245237350464,0.4861691892147064,4,0.0,1.3562631607055664
fixed,2,4571,0.6546626091003418,0.0,0.018995000049471855,0.05098605155944824,0.6794559359550476,4,0.5,
fixed,2,4572,0.7934056520462036,0.0,0.000362928316462785,0.33997488021850586,0.8955795764923096,4,0.0,
fixed,2,4573,0.8580268621444702,0.015696056187152863,0.023641977459192276,0.2580749988555908,0.9551183581352234,4,1.0,
fixed,2,4574,0.8172616958618164,0.01639489457011223,0.03038511984050274,0.2371431589126587,0.9117946624755859,4,1.0,
fixed,2,4575,0.6458774209022522,0.0,0.01982124336063862,0.1314103603363037,0.6952111721038818,4,0.75,5.230048179626465
fixed,2,4576,0.33475252985954285,0.0,0.02304951846599579,0.10715973377227783,0.3784252107143402,4,0.75,
fixed,2,4577,0.5067619681358337,0.0,0.04199317470192909,0.23138427734375,0.597173810005188,4,1.0,
fixed,2,4578,0.5786888599395752,0.0,0.018027927726507187,0.0543595552444458,0.6040107011795044,4,0.5,
fixed,2,4579,0.5517441034317017,0.0,0.0003657413471955806,0.31575846672058105,0.646654486656189,4,0.0,
fixed,2,4580,0.5747350454330444,0.0,0.009989597834646702,0.09172618389129639,0.6072477102279663,4,0.25,2.3851468563079834
fixed,2,4581,0.849428653717041,0.0,0.02640087716281414,0.040578246116638184,0.8748025894165039,4,0.5,
fixed,2,4582,0.12493515014648438,0.0,0.01604325696825981,0.03014993667602539,0.14200176298618317,4,0.5,
fixed,2,4583,0.6048097610473633,0.011669520288705826,0.012370357289910316,0.0364079475402832,0.6277520656585693,4,0.5,
fixed,2,4584,0.703900933265686,0.0,0.017589421942830086,0.05826842784881592,0.7301761507987976,4,0.25,
fixed,2,4585,0.2620018422603607,0.0,0.009292363189160824,0.1002579927444458,0.29672542214393616,4,0.25,2.0941202640533447
fixed,2,4586,0.43914172053337097,0.0,0.006149482913315296,0.06712043285369873,0.46235260367393494,4,0.25,
fixed,2,4587,0.4954889118671417,0.039166830480098724,0.02046651393175125,0.0871284008026123,0.5514441132545471,3,0.75,
fixed,2,4588,0.5652360320091248,0.0,0.00459445733577013,0.07742643356323242,0.5907611846923828,4,0.25,
fixed,2,4589,0.7047286033630371,0.0,0.03394915163516998,0.13529634475708008,0.7622920870780945,4,0.0,
fixed,2,4590,0.6822442412376404,0.0,0.03303736075758934,0.09836101531982422,0.7282712459564209,4,0.75,6.797540187835693
fixed,2,4591,0.29333463311195374,0.01406160183250904,0.011773853562772274,0.11197805404663086,0.33984577655792236,4,0.75,
fixed,2,4592,0.5946880578994751,0.0,0.025220919400453568,0.1236114501953125,0.6443819403648376,4,0.75,
fixed,2,4593,0.7857009768486023,0.0,0.018494006246328354,0.14127206802368164,0.837329626083374,4,0.25,
fixed,2,4594,0.4534726142883301,0.0,0.03637942671775818,0.11052799224853516,0.504820704460144,4,0.75,
fixed,2,4595,0.6788073182106018,0.0,0.013718961738049984,0.18364858627319336,0.740761399269104,4,0.75,4.16434383392334
fixed,2,4596,0.3390694260597229,0.0,0.01113874465227127,0.06703293323516846,0.36474868655204773,4,0.5,
fixed,2,4597,0.6199768781661987,0.0,0.006436253897845745,0.07200384140014648,0.6447961330413818,4,0.5,
fixed,2,4598,0.7571131587028503,0.0,0.0014069401659071445,0.19640684127807617,0.8167386651039124,4,0.0,
fixed,2,4599,0.503009557723999,0.002703350968658924,0.024614186957478523,0.06600332260131836,0.5364693403244019,4,0.25,
fixed,2,4600,0.9182408452033997,0.01478985883295536,7.38756061764434e-05,0.15669798851013184,0.9726821184158325,4,0.25,2.781687021255493
fixed,2,4601,0.45388534665107727,0.0,0.016176287084817886,0.0681145191192627,0.4824078381061554,4,0.5,
fixed,2,4602,0.6828556060791016,0.05540738254785538,0.0044344570487737656,0.16605567932128906,0.7625932097434998,4,0.75,
fixed,2,4603,0.30709174275398254,0.0,5.079093898530118e-05,0.3122628927230835,0.40079599618911743,4,0.0,
fixed,2,4604,0.43562576174736023,1.441521271772217e-05,0.0018108196090906858,0.1684415340423584,0.48707085847854614,4,0.0,
fixed,2,4605,0.4900849759578705,1.7238362204352597e-07,2.6047589926747605e-05,0.30126655101776123,0.5804780721664429,4,0.0,0.15060269832611084
fixed,2,4606,0.6920063495635986,0.013685101643204689,0.004558177199214697,0.07110238075256348,0.7224587202072144,4,0.5,
fixed,2,4607,0.7802776098251343,6.8498452492349315e-06,0.007909064181149006,0.07313060760498047,0.8061747550964355,4,0.5,
fixed,2,4608,0.6666590571403503,2.2674883439322002e-05,0.0359652079641819,0.09955084323883057,0.7145182490348816,4,0.75,
fixed,2,4609,1.3576520681381226,8.974556112661958e-05,0.03871778026223183,0.11351418495178223,1.4111100435256958,4,0.75,
fixed,2,4610,0.8419076204299927,0.029412560164928436,0.009806440211832523,0.16902565956115723,0.9122248291969299,4,0.75,1.0529776811599731
fixed,2,4611,0.5737665295600891,0.00019863585475832224,0.005501735024154186,0.02112579345703125,0.582954466342926,4,0.25,
fixed,2,4612,0.5254916548728943,2.557638981670607e-05,0.006617734208703041,0.026739120483398438,0.5368350744247437,4,0.25,
fixed,2,4613,0.5246267914772034,0.0,0.012848149053752422,0.34012389183044434,0.6330880522727966,4,0.75,
fixed,2,4614,0.667607307434082,1.863880970631726e-05,0.014714505523443222,0.17396259307861328,0.7271626591682434,4,0.75,
fixed,2,4615,0.5124384164810181,7.049631562949799e-07,0.013855624943971634,0.07239723205566406,0.5410857796669006,4,0.5,3.7521212100982666
fixed,2,4616,0.6936596035957336,0.029180632904171944,0.01924264244735241,0.12065672874450684,0.7540682554244995,4,0.75,
fixed,2,4617,0.8011571764945984,1.640332925489929e-06,0.020733321085572243,0.0700768232345581,0.8325477242469788,4,0.5,
fixed,2,4618,1.0505000352859497,0.044372886419296265,0.016366779804229736,0.2679555416107178,1.1612565517425537,4,1.0,
fixed,2,4619,0.779433012008667,0.0,0.0003687821445055306,0.3709900379180908,0.8909144401550293,4,0.0,
fixed,2,4620,0.8948324918746948,0.020818151533603668,0.024442223832011223,0.08490133285522461,0.9429330825805664,4,0.75,1.0285595655441284
fixed,2,4621,0.2214638739824295,0.0,0.003626087913289666,0.1752936840057373,0.27586501836776733,4,0.0,
fixed,2,4622,0.46569058299064636,0.012618937529623508,0.01084544975310564,0.0758507251739502,0.5001779794692993,4,0.5,
fixed,2,4623,0.2074413299560547,0.0,0.021241726353764534,0.04772543907165527,0.23237982392311096,4,0.5,
fixed,2,4624,0.8964427709579468,0.0,0.0386643223464489,0.07285988330841064,0.9376329183578491,4,0.75,
fixed,2,4625,0.4988686442375183,0.0,0.05121526122093201,0.07007849216461182,0.5454998016357422,4,0.75,8.932168960571289
fixed,2,4626,0.721855640411377,0.0,0.00354526424780488,0.21461331844329834,0.7880122661590576,4,0.0,
fixed,2,4627,0.19356676936149597,0.009534776210784912,0.03102942183613777,0.16421210765838623,0.26311248540878296,4,1.0,
fixed,2,4628,0.6247401237487793,0.0,0.05167052894830704,0.1695854663848877,0.7014510631561279,4,1.0,
fixed,2,4629,0.3123529255390167,0.0,0.039530277252197266,0.08883357048034668,0.35876813530921936,4,0.5,
fixed,2,4630,0.36488011479377747,0.00596562959253788,0.04378492385149002,0.10812318325042725,0.4221923351287842,4,0.75,6.728177070617676
fixed,2,4631,0.5972139835357666,0.00044553200132213533,0.037648461759090424,0.07662475109100342,0.6392484307289124,4,0.75,
fixed,2,4632,1.3120938539505005,0.0,0.030201677232980728,0.058277010917663574,1.3446778059005737,4,0.5,
fixed,2,4633,0.8673756122589111,0.0,0.028182566165924072,0.03410696983337402,0.891698956489563,4,0.5,
fixed,2,4634,0.6812395453453064,0.00010811686661327258,0.02994750812649727,0.08991563320159912,0.7232420444488525,4,0.75,
fixed,2,4635,0.9841828942298889,0.0,0.007162921130657196,0.10864770412445068,1.020358681678772,4,0.25,1.8888663053512573
fixed,2,4636,0.5297815203666687,0.0,0.013919148594141006,0.13532710075378418,0.577339231967926,4,0.25,
fixed,2,4637,0.9213318228721619,0.0,0.02366497553884983,0.185438871383667,0.9887959957122803,4,0.25,
fixed,2,4638,0.5650002360343933,0.0,0.012406797148287296,0.04649710655212402,0.5851527452468872,4,0.25,
fixed,2,4639,0.2500254213809967,0.0,0.02959808148443699,0.18610119819641113,0.32065480947494507,4,0.75,
fixed,2,4640,0.5168787837028503,0.0,0.021523982286453247,0.13062119483947754,0.566827118396759,4,0.75,5.287107467651367
fixed,2,4641,0.5208165049552917,1.4062032960282522e-06,0.019351903349161148,0.14932096004486084,0.5752894282341003,4,0.75,
fixed,2,4642,0.3269452750682831,0.0,0.022728098556399345,0.13120043277740479,0.37766945362091064,4,0.75,
fixed,2,4643,0.6776812672615051,0.0,0.008506092242896557,0.027150392532348633,0.6900794506072998,4,0.25,
fixed,2,4644,0.6854115724563599,0.0,0.006119946949183941,0.031734466552734375,0.6979919075965881,4,0.25,
fixed,2,4645,0.8363218903541565,0.02489088661968708,0.007220597006380558,0.19070589542388916,0.909589409828186,4,0.75,1.4031994342803955
fixed,2,4646,0.2768922746181488,0.0,0.019994216039776802,0.16414058208465576,0.33613157272338867,4,0.75,
fixed,2,4647,1.0340943336486816,0.0,0.012733209878206253,0.19216561317443848,1.0981106758117676,4,0.75,
fixed,2,4648,0.7409940958023071,0.0,0.026465415954589844,0.3794931173324585,0.8680747747421265,4,1.0,
fixed,2,4649,0.36478307843208313,0.022715099155902863,0.0002144283935194835,0.12970423698425293,0.41515910625457764,4,0.25,
fixed,2,4650,0.3682180941104889,0.0,0.014148971065878868,0.1921067237854004,0.4329245984554291,4,0.75,4.168631076812744
fixed,2,4651,0.3748621642589569,0.019236866384744644,0.0017089885659515858,0.05321073532104492,0.40129831433296204,4,0.25,
fixed,2,4652,0.6580262184143066,0.0,0.023180488497018814,0.07907998561859131,0.6933404803276062,4,0.5,
fixed,2,4653,0.34460151195526123,0.0,0.04990057274699211,0.21833515167236328,0.4350523352622986,4,1.0,
fixed,2,4654,0.39935797452926636,0.0,0.033274080604314804,0.15788006782531738,0.4633590281009674,4,0.75,
fixed,2,4655,1.3889108896255493,0.0,0.01754118502140045,0.08215856552124023,1.422329068183899,4,0.5,4.103278636932373
fixed,2,4656,0.3656522333621979,0.0,0.005534715484827757,0.03454184532165527,0.37878215312957764,4,0.25,
fixed,2,4657,1.2093020677566528,0.0,0.0199238583445549,0.0742272138595581,1.2415322065353394,4,0.5,
fixed,2,4658,0.873545229434967,0.01806575059890747,0.01486178394407034,0.1929945945739746,0.9479073882102966,4,0.75,
fixed,2,4659,0.8773707151412964,0.0,0.007346361875534058,0.03825581073760986,0.8925206661224365,4,0.25,
fixed,2,4660,0.21291761100292206,0.0,0.007425235118716955,0.14815068244934082,0.2610754370689392,4,0.25,1.9618467092514038
fixed,2,4661,0.8025806546211243,0.009815771132707596,0.0008094138465821743,0.20103752613067627,0.8682045340538025,4,0.25,
fixed,2,4662,1.1385055780410767,0.011039528995752335,0.023434484377503395,0.01899123191833496,1.1614398956298828,4,0.5,
fixed,2,4663,0.4809785783290863,0.028053412213921547,0.014605619944632053,0.24462950229644775,0.5756969451904297,4,0.75,
fixed,2,4664,0.46871501207351685,0.01850246451795101,0.01698947325348854,0.09437239170074463,0.5147727131843567,4,0.75,
fixed,2,4665,0.6672707796096802,0.0,0.0012709288857877254,0.33246350288391113,0.7676452994346619,4,0.0,1.5703468322753906
fixed,2,4666,0.3964630365371704,0.009660706855356693,0.006417936645448208,0.07036340236663818,0.42561137676239014,4,0.5,
fixed,2,4667,0.48643526434898376,0.0,0.04045851528644562,0.07391571998596191,0.5288392305374146,4,0.75,
fixed,2,4668,0.4956122040748596,0.0,0.016485601663589478,0.04302501678466797,0.5167624950408936,4,0.5,
fixed,2,4669,0.3603232800960541,0.0,0.02345253713428974,0.12590134143829346,0.40981996059417725,4,0.75,
fixed,2,4670,0.9109216332435608,0.0,0.006940651219338179,0.10749351978302002,0.9466400146484375,4,0.25,2.0974485874176025
fixed,2,4671,0.7289394736289978,0.02690832130610943,0.030966002494096756,0.08618533611297607,0.7837322354316711,4,0.75,
fixed,2,4672,0.47153589129447937,0.024997422471642494,0.007420845329761505,0.040729641914367676,0.4999639093875885,4,0.5,
fixed,2,4673,0.3785333037376404,0.0,0.0006049903458915651,0.3202395439147949,0.47490766644477844,4,0.0,
fixed,2,4674,0.9398614168167114,0.0,0.006321222521364689,0.10167121887207031,0.9735233783721924,4,0.25,
fixed,2,4675,0.5412920117378235,0.0,0.012060513719916344,0.04260420799255371,0.5601035356521606,4,0.25,2.9699583053588867
fixed,2,4676,0.5437114834785461,0.015820883214473724,0.005363102070987225,0.04760909080505371,0.5685862302780151,4,0.5,
fixed,2,4677,0.425201416015625,0.018413929268717766,0.06371104717254639,0.12365102767944336,0.5033591985702515,4,1.0,
fixed,2,4678,0.3341701626777649,0.0,0.009248285554349422,0.04472756385803223,0.3522125780582428,4,0.25,
fixed,2,4679,0.9590255618095398,1.2513335150288185e-06,0.023986278101801872,0.15170550346374512,1.016530990600586,4,0.25,
fixed,2,4680,0.44740548729896545,0.0,0.008237295784056187,0.04369759559631348,0.46463340520858765,4,0.25,2.406644582748413
fixed,2,4681,0.6178234815597534,0.023595329374074936,0.013829449191689491,0.1321725845336914,0.6761876344680786,4,0.75,
fixed,2,4682,0.45911580324172974,1.672166582977752e-08,9.126219083555043e-06,0.3354015350341797,0.5597408413887024,4,0.0,
fixed,2,4683,0.5052366256713867,3.820403890131274e-06,0.01992080733180046,0.06704330444335938,0.5353119373321533,4,0.5,
fixed,2,4684,0.6002807021141052,0.0,0.052150290459394455,0.18914055824279785,0.6830980181694031,4,1.0,
fixed,2,4685,0.2346806675195694,4.7476147301495075e-05,0.005154443439096212,0.08407926559448242,0.2625054121017456,4,0.25,1.6077709197998047
fixed,2,4686,0.32702508568763733,1.8189170077675954e-05,0.03458429500460625,0.10787272453308105,0.376688152551651,4,0.75,
fixed,2,4687,0.4626542925834656,0.0,0.026346353814005852,0.19391119480133057,0.534000813961029,4,0.75,
fixed,2,4688,0.8836120963096619,2.911568799390807e-06,0.021950583904981613,0.13784825801849365,0.9359433054924011,4,0.75,
fixed,2,4689,0.6556988954544067,5.114010855322704e-05,0.012344637885689735,0.058344244956970215,0.6794000864028931,4,0.5,
fixed,2,4690,0.6624631881713867,4.5703658543061465e-05,0.005305632017552853,0.040447354316711426,0.6772730350494385,4,0.25,1.7431604862213135
fixed,2,4691,0.34321919083595276,9.380961273564026e-05,0.011766483075916767,0.05995786190032959,0.367136687040329,4,0.5,
fixed,2,4692,0.7304153442382812,0.020366491749882698,0.005700269713997841,0.04896116256713867,0.758137047290802,4,0.5,
fixed,2,4693,0.5520294308662415,0.0,0.0030854977667331696,0.2178661823272705,0.6189320087432861,4,0.0,
fixed,2,4694,0.1027688980102539,1.5779578461661004e-06,0.018237387761473656,0.05517590045928955,0.12844115495681763,4,0.5,
fixed,2,4695,1.2763373851776123,0.0,0.018082160502672195,0.1726447343826294,1.3371719121932983,4,0.25,3.2209267616271973
fixed,2,4696,0.4436362385749817,8.667268502904335e-08,0.023729246109724045,0.15188884735107422,0.501067578792572,4,0.75,
fixed,2,4697,0.1990262120962143,0.0,0.005369159393012524,0.19212257862091064,0.2593475580215454,4,0.0,
fixed,2,4698,0.28494468331336975,0.0,0.007273882627487183,0.12208962440490723,0.32520851492881775,4,0.25,
fixed,2,4699,0.44253095984458923,0.0,0.009097929112613201,0.08837890625,0.4735935926437378,4,0.5,
fixed,2,4700,0.49522972106933594,0.0,0.003000353928655386,0.19588124752044678,0.5554942488670349,4,0.0,1.6773641109466553
fixed,2,4701,0.6134154200553894,0.014104502275586128,0.020225800573825836,0.2977412939071655,0.7199029922485352,4,1.0,
fixed,2,4702,0.5799890160560608,0.0,0.0021500622387975454,0.17950654029846191,0.6349160075187683,4,0.0,
fixed,2,4703,0.8179560899734497,0.0,0.008361118845641613,0.11467337608337402,0.8565386533737183,4,0.5,
fixed,2,4704,0.2969595193862915,0.0,0.02355753630399704,0.4023587107658386,0.42944592237472534,4,1.0,
fixed,2,4705,0.40088197588920593,0.0,0.011568451300263405,0.09399294853210449,0.4348641037940979,4,0.5,3.3618557453155518
fixed,2,4706,0.6424576044082642,0.0,0.020754320546984673,0.06427812576293945,0.6721181869506836,4,0.5,
fixed,2,4707,0.6605016589164734,0.0,0.038118865340948105,0.08208394050598145,0.7041862607002258,4,0.75,
fixed,2,4708,0.4587745666503906,0.026829201728105545,0.010445518419146538,0.04798078536987305,0.49180614948272705,4,0.5,
fixed,2,4709,0.3653900623321533,0.0,0.011765735223889351,0.36031317710876465,0.47936689853668213,4,0.75,
fixed,2,4710,0.6779400706291199,0.0,0.002147281775251031,0.17842841148376465,0.7325422167778015,4,0.0,1.3008592128753662
fixed,2,4711,0.9290849566459656,0.0,0.02496093139052391,0.08689403533935547,0.9676336050033569,4,0.5,
fixed,2,4712,0.4720798134803772,0.0,0.023597225546836853,0.1334693431854248,0.5239192247390747,4,0.75,
fixed,2,4713,0.5216674208641052,0.0,0.009891587309539318,0.07741713523864746,0.5498383641242981,4,0.5,
fixed,2,4714,0.320662260055542,0.016703657805919647,0.009314371272921562,0.13730287551879883,0.3748621344566345,4,0.75,
fixed,2,4715,0.5615647435188293,0.0,0.008206449449062347,0.11676108837127686,0.600696325302124,4,0.25,2.1315956115722656
fixed,2,4716,0.2090740203857422,0.0,0.01506799180060625,0.05922210216522217,0.23437464237213135,4,0.5,
fixed,2,4717,0.4930875301361084,0.0,0.017979055643081665,0.13377153873443604,0.5422085523605347,4,0.75,
fixed,2,4718,0.5746216773986816,0.0,0.028072156012058258,0.033374905586242676,0.598670244216919,4,0.5,
fixed,2,4719,1.0588339567184448,0.0,0.017968952655792236,0.05686688423156738,1.0848784446716309,4,0.5,
fixed,2,4720,0.37187477946281433,0.0,0.013916767202317715,0.15826380252838135,0.42631229758262634,4,0.25,2.939890146255493
fixed,2,4721,0.5264708995819092,0.0,0.012234104797244072,0.0772780179977417,0.5557713508605957,4,0.5,
fixed,2,4722,0.5501012802124023,0.0,0.020317930728197098,0.05630183219909668,0.577150821685791,4,0.5,
fixed,2,4723,0.41032007336616516,2.111837784468662e-05,0.016866076737642288,0.10857784748077393,0.4513370394706726,4,0.25,
fixed,2,4724,0.29951930046081543,0.0,0.012824627570807934,0.040452003479003906,0.3180672228336334,4,0.5,
fixed,2,4725,0.6431607007980347,0.03232777491211891,0.018423425033688545,0.23653769493103027,0.7394976019859314,4,0.75,1.3205502033233643
fixed,2,4726,0.596068263053894,0.0,0.013131866231560707,0.05609560012817383,0.6194628477096558,4,0.5,
fixed,2,4727,0.7417172789573669,0.0,0.02314365655183792,0.3730156421661377,0.865193784236908,4,1.0,
fixed,2,4728,0.4363468587398529,0.0,0.023384252563118935,0.02995002269744873,0.4570239782333374,4,0.5,
fixed,2,4729,0.23474834859371185,0.013763087801635265,0.011637374758720398,0.09615600109100342,0.27629539370536804,4,0.75,
fixed,2,4730,0.4436415433883667,0.0,0.011891927570104599,0.07475721836090088,0.4720146656036377,4,0.5,3.4222285747528076
fixed,2,4731,0.4731394052505493,0.0,0.01760150119662285,0.049396395683288574,0.4967590868473053,4,0.25,
fixed,2,4732,0.4492948651313782,0.0,0.021480310708284378,0.12453794479370117,0.49739640951156616,4,0.75,
fixed,2,4733,0.49200254678726196,0.0,0.01727098971605301,0.15134525299072266,0.5460416078567505,4,0.75,
fixed,2,4734,0.7795072793960571,0.018936099484562874,0.005621122661978006,0.07849013805389404,0.8153329491615295,4,0.5,
fixed,2,4735,0.38374486565589905,0.0,0.008230223320424557,0.0882720947265625,0.41434159874916077,4,0.5,2.6492772102355957
fixed,2,4736,0.843900740146637,0.019354088231921196,0.01775725744664669,0.314225435256958,0.9567240476608276,4,1.0,
fixed,2,4737,0.39342930912971497,0.0,0.03222501277923584,0.09930133819580078,0.4393322169780731,4,0.75,
fixed,2,4738,0.720159649848938,0.04651414975523949,0.007986350916326046,0.09681940078735352,0.7764557003974915,4,0.75,
fixed,2,4739,0.8704649209976196,0.0,0.008545022457838058,0.19270873069763184,0.9325500726699829,4,0.25,
fixed,2,4740,0.543056845664978,0.02465074323117733,0.01856980472803116,0.10176193714141846,0.5951957106590271,4,0.75,0.9662798047065735
fixed,2,4741,0.7891072630882263,0.0,0.019736789166927338,0.0717705488204956,0.8205068111419678,4,0.5,
fixed,2,4742,0.5374763011932373,0.0,0.007136881351470947,0.18238723278045654,0.5957609415054321,4,0.25,
fixed,2,4743,0.925889790058136,0.0,0.01726267673075199,0.058027029037475586,0.9519292116165161,4,0.5,
fixed,2,4744,0.4567025601863861,0.0,0.046102557331323624,0.04932093620300293,0.49455010890960693,4,0.75,
fixed,2,4745,0.6279497742652893,0.0,0.01243448443710804,0.16685867309570312,0.6842246055603027,4,0.25,2.648568868637085
fixed,2,4746,0.22585803270339966,0.0,0.007810644339770079,0.0917062759399414,0.25727522373199463,4,0.25,
fixed,2,4747,0.09546777606010437,0.0,0.046243615448474884,0.021860361099243164,0.12514770030975342,4,0.5,
fixed,2,4748,0.6249140501022339,0.0,0.010395312681794167,0.04021644592285156,0.642176628112793,4,0.25,
fixed,2,4749,0.49878209829330444,0.0,0.06092242896556854,0.13158845901489258,0.5687198638916016,4,1.0,
fixed,2,4750,0.8770170211791992,0.0,0.006956481374800205,0.0977088212966919,0.9098079204559326,4,0.25,2.2605204582214355
fixed,2,4751,0.5873955488204956,0.0,0.008259242400527,0.09454774856567383,0.619889497756958,4,0.25,
fixed,2,4752,0.4550992548465729,0.0,0.03362763673067093,0.2790217399597168,0.5556195974349976,4,1.0,
fixed,2,4753,1.186509370803833,0.0,0.020872410386800766,0.03691291809082031,1.208019495010376,4,0.5,
fixed,2,4754,0.7215844392776489,0.0,0.001312718726694584,0.31920909881591797,0.8180035352706909,4,0.0,
fixed,2,4755,0.5359644889831543,0.01723112352192402,0.008297093212604523,0.1353929042816162,0.5893464684486389,4,0.75,1.6709290742874146
fixed,2,4756,0.5304113626480103,0.0,0.020928360521793365,0.22638094425201416,0.6087898015975952,4,0.5,
fixed,2,4757,0.2928531765937805,0.0,0.017464522272348404,0.05745744705200195,0.3188226819038391,4,0.5,
fixed,2,4758,0.6391394734382629,0.0538749024271965,0.0002740899217315018,0.052883148193359375,0.6820788979530334,4,0.5,
fixed,2,4759,0.41004377603530884,0.0,0.0015919508878141642,0.20869433879852295,0.4734480381011963,4,0.0,
fixed,2,4760,0.3931167423725128,0.0,0.01222344022244215,0.13040542602539062,0.4383500814437866,4,0.25,2.7243146896362305
fixed,2,4761,0.37863972783088684,0.0,0.00922723300755024,0.035202860832214355,0.39381420612335205,4,0.25,
fixed,2,4762,0.18970690667629242,0.0,0.019146636128425598,0.1447504758834839,0.24270537495613098,4,0.75,
fixed,2,4763,0.4522932171821594,0.0,0.029838118702173233,0.0295487642288208,0.4760769009590149,4,0.5,
fixed,2,4764,0.6172435879707336,0.0,0.000290014868369326,0.369642972946167,0.7282814979553223,4,0.0,
fixed,2,4765,0.20502948760986328,0.0,0.008097832091152668,0.09081673622131348,0.23632343113422394,4,0.5,2.556142568588257
fixed,2,4766,0.5098050832748413,0.0,0.007271962705999613,0.11666619777679443,0.5484409332275391,4,0.25,
fixed,2,4767,0.15558160841464996,0.0,0.014346633106470108,0.09599864482879639,0.19155451655387878,4,0.5,
fixed,2,4768,0.2555699646472931,0.0,0.01135705690830946,0.22370755672454834,0.32836076617240906,4,0.75,
fixed,2,4769,0.9696226119995117,0.019137073308229446,4.029139381600544e-05,0.1361234188079834,1.0200483798980713,4,0.25,
fixed,2,4770,0.8501688838005066,2.402410643753683e-07,0.007189774885773659,0.09041082859039307,0.8808871507644653,4,0.5,2.3470466136932373
fixed,2,4771,0.6021310687065125,0.0,0.016004301607608795,0.05707693099975586,0.6272562742233276,4,0.5,
fixed,2,4772,0.47450879216194153,0.0,0.01326472032815218,0.06974101066589355,0.5020634531974792,4,0.5,
fixed,2,4773,0.6462101936340332,9.85007275744465e-08,0.0037459437735378742,0.06359577178955078,0.6671619415283203,4,0.25,
fixed,2,4774,0.4881804883480072,0.0,0.021054616197943687,0.2368030548095703,0.5697486996650696,4,0.75,
fixed,2,4775,0.5880478024482727,1.2035575025493017e-07,0.020507555454969406,0.062487125396728516,0.6170477867126465,4,0.5,4.482077598571777
fixed,2,4776,0.6164915561676025,0.037371084094047546,4.998268650524551e-06,0.048354387283325195,0.6496859192848206,4,0.25,
fixed,2,4777,0.8863165378570557,2.8555825338116847e-05,1.2401000276440755e-05,0.24135303497314453,0.9587429165840149,4,0.0,
fixed,2,4778,0.9184818267822266,2.343979872421187e-07,0.0041855014860630035,0.024561047554016113,0.9279429912567139,4,0.25,
fixed,2,4779,0.5013716220855713,0.022999370470643044,0.017435990273952484,0.39550185203552246,0.6402398347854614,4,1.0,
fixed,2,4780,0.703345775604248,6.996003207859758e-07,0.008255417458713055,0.07613098621368408,0.7303131222724915,4,0.5,2.676754951477051
fixed,2,4781,0.27080705761909485,9.78189859779377e-07,0.015041235834360123,0.19681715965270996,0.3373733162879944,4,0.75,
fixed,2,4782,0.3964676558971405,0.0,0.014725971035659313,0.06447207927703857,0.423172265291214,4,0.5,
fixed,2,4783,1.422673225402832,1.0562353054410778e-06,8.497683666064404e-06,0.2849407196044922,1.5081602334976196,4,0.0,
fixed,2,4784,0.5676900744438171,0.019639644771814346,0.01012827642261982,0.07861411571502686,0.6061582565307617,4,0.5,
fixed,2,4785,0.8700916171073914,0.0,0.0246114544570446,0.07795608043670654,0.9057841897010803,4,0.5,5.091268062591553
fixed,2,4786,0.5441256761550903,0.0,0.00572188338264823,0.09161555767059326,0.5744712948799133,4,0.25,
fixed,2,4787,0.6964715123176575,7.2895254561444744e-06,0.008689690381288528,0.09121525287628174,0.7281845808029175,4,0.25,
fixed,2,4788,0.3204261362552643,0.0,0.025991320610046387,0.36620640754699707,0.44328373670578003,4,1.0,
fixed,2,4789,0.9273694157600403,0.014527279883623123,0.0043426803313195705,0.04884815216064453,0.9514588117599487,4,0.5,
fixed,2,4790,0.5715689063072205,1.1545805023160938e-07,0.02355032041668892,0.041425466537475586,0.5957717895507812,4,0.5,4.7033610343933105
fixed,2,4791,0.44808343052864075,5.2028612117283046e-05,0.016249462962150574,0.04760277271270752,0.47051501274108887,4,0.5,
fixed,2,4792,0.6340147852897644,0.0,0.025646941736340523,0.20274412631988525,0.707661509513855,4,0.75,
fixed,2,4793,0.3396616280078888,0.0,0.010265099816024303,0.03765463829040527,0.35609057545661926,4,0.25,
fixed,2,4794,0.5731582045555115,0.0,0.01760237105190754,0.05818736553192139,0.5994156002998352,4,0.5,
fixed,2,4795,0.4878784120082855,0.0,0.007411950267851353,0.03902745246887207,0.5032926201820374,4,0.25,2.0836684703826904
fixed,2,4796,0.2879762649536133,0.0,0.02904328890144825,0.18878674507141113,0.35913392901420593,4,0.75,
fixed,2,4797,0.34954044222831726,0.02802710048854351,9.769858297659084e-05,0.11196243762969971,0.39719158411026,4,0.25,
fixed,2,4798,0.7344529628753662,0.02787597104907036,0.00012121866166125983,0.12532353401184082,0.7860485911369324,4,0.25,
fixed,2,4799,0.773529052734375,0.0,0.02978549338877201,0.3351200819015503,0.8889578580856323,4,1.0,
fixed,2,4800,0.44357556104660034,0.013352598063647747,0.018746472895145416,0.11290156841278076,0.4934955835342407,4,0.75,2.1424472332000732
fixed,2,4801,0.3894893527030945,0.0,0.038725629448890686,0.0966794490814209,0.4378560185432434,4,0.75,
fixed,2,4802,0.6818334460258484,0.0,0.017542636021971703,0.06566154956817627,0.7103032469749451,4,0.5,
fixed,2,4803,0.37378206849098206,0.0,0.03331364691257477,0.025859951972961426,0.39819687604904175,4,0.5,
fixed,2,4804,0.4858303964138031,0.0,0.05542144924402237,0.1927039623260498,0.5713523030281067,4,1.0,
fixed,2,4805,0.5347713828086853,0.0,0.015536155551671982,0.046372413635253906,0.5564512014389038,4,0.5,4.079677104949951
fixed,2,4806,0.5935380458831787,0.02913665398955345,0.008293292485177517,0.09167182445526123,0.639754593372345,4,0.75,
fixed,2,4807,0.5425001978874207,0.0,0.03126269951462746,0.07217848300933838,0.5797851085662842,4,0.5,
fixed,2,4808,0.36997249722480774,0.01057357806712389,0.021202703937888145,0.11353099346160889,0.4199199378490448,4,0.75,
fixed,2,4809,0.7033185958862305,0.0,0.020683620125055313,0.048813819885253906,0.7283045649528503,4,0.5,
fixed,2,4810,0.45371538400650024,0.0,0.01643330790102482,0.059526920318603516,0.4797901213169098,4,0.5,4.187038421630859
fixed,2,4811,0.9489493370056152,0.0,0.008909174241125584,0.12383818626403809,0.9905554056167603,4,0.25,
fixed,2,4812,0.48749247193336487,0.0,0.03153546527028084,0.08327317237854004,0.5282421708106995,4,0.75,
fixed,2,4813,0.9996289014816284,0.02101273462176323,0.006783861201256514,0.04633045196533203,1.0274263620376587,4,0.5,
fixed,2,4814,0.17808698117733002,0.0,0.012436346150934696,0.04721856117248535,0.19847072660923004,4,0.25,
fixed,2,4815,0.3125367760658264,0.0,0.02791641838848591,0.06558632850646973,0.3461708724498749,4,0.5,5.271190643310547
fixed,2,4816,0.4018903076648712,0.01048585306853056,0.010596821084618568,0.03171062469482422,0.42194482684135437,4,0.5,
fixed,2,4817,0.6594303846359253,0.0,0.02620600163936615,0.06008338928222656,0.6905584335327148,4,0.5,
fixed,2,4818,0.6987361907958984,0.0,0.03376152366399765,0.02206134796142578,0.722235381603241,4,0.5,
fixed,2,4819,0.6174086928367615,0.013906851410865784,0.008448164910078049,0.07165157794952393,0.6500816941261292,4,0.5,
fixed,2,4820,0.7640964984893799,0.013307459652423859,0.007654169574379921,0.041800737380981445,0.7871175408363342,4,0.5,1.6810100078582764
fixed,2,4821,0.7436821460723877,0.0,0.0071030608378350735,0.11540567874908447,0.7818554043769836,4,0.25,
fixed,2,4822,0.7346354126930237,0.0,0.0004941669758409262,0.38548827171325684,0.8505289554595947,4,0.0,
fixed,2,4823,0.41606006026268005,0.027141494676470757,0.01626615785062313,0.07261824607849121,0.4595493674278259,4,0.5,
fixed,2,4824,0.5027279853820801,0.0,0.02258112281560898,0.07887613773345947,0.5376814007759094,4,0.5,
fixed,2,4825,0.8298272490501404,0.0,0.016285086050629616,0.04854261875152588,0.8525325655937195,4,0.5,3.9937374591827393
fixed,2,4826,0.6916825771331787,0.0,0.027961701154708862,0.06713545322418213,0.7258040904998779,4,0.5,
fixed,2,4827,0.7397007942199707,0.030094610527157784,0.009458162821829319,0.29644083976745605,0.8484094142913818,4,0.75,
fixed,2,4828,0.602584719657898,0.0,0.002875234466046095,0.27133846282958984,0.6854238510131836,4,0.0,
fixed,2,4829,0.4478483498096466,0.029892543330788612,0.01654418185353279,0.05100202560424805,0.4863673150539398,4,0.5,
fixed,2,4830,0.42572957277297974,0.0,0.01084725558757782,0.06618881225585938,0.4510098397731781,4,0.5,3.15207576751709
fixed,2,4831,0.43660852313041687,0.0,0.0001834660943131894,0.3031919002532959,0.5276578068733215,4,0.0,
fixed,2,4832,0.7667396664619446,0.02565450221300125,0.004224741831421852,0.0720663070678711,0.8032991886138916,4,0.5,
fixed,2,4833,0.4016783833503723,0.01915762759745121,0.014934245496988297,0.37884950637817383,0.532379150390625,4,1.0,
fixed,2,4834,0.4468374252319336,0.0,0.01515934243798256,0.06321632862091064,0.47338199615478516,4,0.5,
fixed,2,4835,0.9818880558013916,0.03148012235760689,0.0038252961821854115,0.08128237724304199,1.0239254236221313,4,0.5,2.8659861087799072
fixed,2,4836,0.45882660150527954,0.0,0.017398366704583168,0.052893638610839844,0.4833938777446747,4,0.5,
fixed,2,4837,0.4726119935512543,0.0,0.03635384142398834,0.13919687271118164,0.5325479507446289,4,0.75,
fixed,2,4838,0.5706110596656799,0.0,0.005192333832383156,0.1398305892944336,0.6151564121246338,4,0.25,
fixed,2,4839,0.7458133101463318,0.023626437410712242,0.039768725633621216,0.23814380168914795,0.8489540219306946,4,1.0,
fixed,2,4840,0.5286047458648682,0.0,0.0436541885137558,0.11030495166778564,0.5835233330726624,4,0.75,8.167781829833984
fixed,2,4841,0.4009665846824646,0.025018716230988503,0.016671743243932724,0.09021663665771484,0.4488767981529236,4,0.5,
fixed,2,4842,0.36070066690444946,0.0,0.020266646519303322,0.08561599254608154,0.3965187966823578,4,0.5,
fixed,2,4843,0.47739437222480774,0.0,0.025712577626109123,0.08271825313568115,0.5150661468505859,4,0.5,
fixed,2,4844,0.40109938383102417,0.0,0.0066424524411559105,0.12078201770782471,0.4406552314758301,4,0.25,
fixed,2,4845,1.0399352312088013,0.0,0.0030382960103452206,0.23712825775146484,1.1125928163528442,4,0.0,1.8897662162780762
fixed,2,4846,0.7020208239555359,0.0,0.011163746006786823,0.055672526359558105,0.7243044376373291,4,0.5,
fixed,2,4847,0.5067263245582581,0.0,0.012511109001934528,0.11073887348175049,0.5462035536766052,4,0.25,
fixed,2,4848,0.701357364654541,0.0,0.011184207163751125,0.09748780727386475,0.7361958026885986,4,0.25,
fixed,2,4849,0.7270281910896301,0.029291026294231415,0.02490595541894436,0.3248690366744995,0.8515874147415161,4,1.0,
fixed,2,4850,0.5295608043670654,0.03081008791923523,0.015875879675149918,0.1250547170639038,0.5904201865196228,4,0.75,0.9463605880737305
fixed,2,4851,0.4623402953147888,0.0,0.03142065927386284,0.17099571228027344,0.5293493270874023,4,0.75,
fixed,2,4852,0.4676090478897095,0.0,0.027442343533039093,0.11066651344299316,0.5145301818847656,4,0.75,
fixed,2,4853,0.9029000401496887,0.0,0.008952690288424492,0.055530667304992676,0.9240356087684631,4,0.25,
fixed,2,4854,0.306601345539093,0.015671370550990105,0.007952658459544182,0.027522563934326172,0.3266701400279999,4,0.5,
fixed,2,4855,0.899804413318634,0.0,0.033648114651441574,0.08574151992797852,0.9423509240150452,4,0.75,7.23065710067749
fixed,2,4856,0.5875768661499023,0.0,0.012097002938389778,0.04269230365753174,0.6064330339431763,4,0.25,
fixed,2,4857,0.27877700328826904,0.0,0.022282592952251434,0.04365110397338867,0.3030136227607727,4,0.5,
fixed,2,4858,0.7424113154411316,0.02012087218463421,0.006024457048624754,0.04322028160095215,0.7684500813484192,4,0.5,
fixed,2,4859,0.7452967166900635,0.0,0.021624378859996796,0.0432887077331543,0.7690955400466919,4,0.5,
fixed,2,4860,0.741146445274353,0.011510082520544529,0.00010187814041273668,0.13585567474365234,0.78770911693573,4,0.25,2.467059373855591
fixed,2,4861,0.737016499042511,0.0,0.00993718858808279,0.10653316974639893,0.7739450335502625,4,0.25,
fixed,2,4862,0.5935013294219971,0.017596691846847534,0.014701765030622482,0.11035573482513428,0.6427572965621948,4,0.75,
fixed,2,4863,0.2614785134792328,0.0,0.015461001545190811,0.06104087829589844,0.28752127289772034,4,0.5,
fixed,2,4864,1.0801385641098022,0.0,0.031513091176748276,0.08624351024627686,1.1217681169509888,4,0.5,
fixed,2,4865,0.5648531317710876,0.0,0.010447320528328419,0.04322946071624756,0.5830456018447876,4,0.25,2.803844928741455
fixed,2,4866,0.2688095271587372,0.02608545869588852,0.009402520954608917,0.17091727256774902,0.33782869577407837,4,0.75,
fixed,2,4867,0.7145789861679077,0.0,0.02963504195213318,0.11824524402618408,0.7648701071739197,4,0.75,
fixed,2,4868,0.6358349323272705,0.019941583275794983,0.017681099474430084,0.3316187858581543,0.7541319131851196,4,1.0,
fixed,2,4869,1.001082181930542,0.0,0.009995183907449245,0.1671457290649414,1.0562235116958618,4,0.25,
fixed,2,4870,0.47958239912986755,0.0,0.024583887308835983,0.08276939392089844,0.5167051553726196,4,0.5,5.090116024017334
fixed,2,4871,0.4390948414802551,0.019171347841620445,0.02424137108027935,0.12952959537506104,0.49966007471084595,4,0.75,
fixed,2,4872,0.5191123485565186,0.0325123555958271,0.014482034370303154,0.14613091945648193,0.5864487886428833,4,0.75,
fixed,2,4873,0.7247512936592102,0.0,0.005137658212333918,0.12387454509735107,0.7644824981689453,4,0.25,
fixed,2,4874,0.2263738065958023,0.0,0.022213665768504143,0.12346124649047852,0.27451902627944946,4,0.75,
fixed,2,4875,0.2583925127983093,0.0,0.01719185709953308,0.046352386474609375,0.2808941602706909,4,0.5,4.429997444152832
fixed,2,4876,0.514489471912384,0.0,0.028644368052482605,0.06848001480102539,0.549355685710907,4,0.5,
fixed,2,4877,0.9841257929801941,0.0,0.013672292232513428,0.06393837928771973,1.0101433992385864,4,0.5,
fixed,2,4878,0.961397647857666,0.0,0.02095557563006878,0.05915677547454834,0.9896224737167358,4,0.5,
fixed,2,4879,0.6662819981575012,0.0,0.027019863948225975,0.1050405502319336,0.7113040685653687,4,0.75,
fixed,2,4880,1.1593515872955322,0.0,0.015875287353992462,0.05348396301269531,1.183334469795227,3,0.25,3.434311628341675
fixed,2,4881,0.6068186163902283,0.012922893278300762,0.02563675120472908,0.07941114902496338,0.6499217748641968,4,0.75,
fixed,2,4882,0.42456871271133423,0.0,0.019866878166794777,0.04738116264343262,0.44871649146080017,4,0.5,
fixed,2,4883,0.6966991424560547,8.805006655165926e-05,0.00044765364145860076,0.27956676483154297,0.7808369994163513,4,0.0,
fixed,2,4884,0.7946053743362427,0.0,0.0023822986986488104,0.21530508995056152,0.8603880405426025,4,0.0,
fixed,2,4885,0.9586467146873474,0.0,0.011328449472784996,0.055440545082092285,0.9809430837631226,4,0.5,3.244426727294922
fixed,2,4886,0.37519094347953796,0.0,0.010870597325265408,0.054514527320861816,0.3969806134700775,4,0.5,
fixed,2,4887,0.2769605815410614,0.0,0.02169973775744438,0.046135663986206055,0.30165114998817444,4,0.5,
fixed,2,4888,0.46639713644981384,0.0,0.019809722900390625,0.2581378221511841,0.5537433624267578,4,0.75,
fixed,2,4889,0.31866422295570374,0.0,0.015178166329860687,0.17102932929992676,0.37756210565567017,4,0.75,
fixed,2,4890,0.22700119018554688,0.0,0.0006540692411363125,0.1245107650756836,0.26468145847320557,4,0.0,0.6518809795379639
fixed,2,4891,0.6904719471931458,0.0,0.01926446333527565,0.15415918827056885,0.746351957321167,4,0.75,
fixed,2,4892,0.852825939655304,0.03349309042096138,0.00882343202829361,0.19523358345031738,0.9325542449951172,4,0.75,
fixed,2,4893,0.6953237652778625,0.0003304028941784054,0.009590011090040207,0.06509768962860107,0.7198132872581482,4,0.5,
fixed,2,4894,0.37778395414352417,0.0,0.019743552431464195,0.4379080533981323,0.5190281867980957,4,1.0,
fixed,2,4895,0.27849966287612915,0.0,0.014758164063096046,0.07203316688537598,0.30748867988586426,4,0.5,3.5794334411621094
fixed,2,4896,0.20202156901359558,0.0,0.01143593154847622,0.07326686382293701,0.2297195941209793,4,0.5,
fixed,2,4897,0.541980504989624,0.0,0.02317420020699501,0.38294804096221924,0.6684520244598389,4,1.0,
fixed,2,4898,0.3862815201282501,0.0,0.0005122290458530188,0.4181811809539795,0.5119919776916504,4,0.0,
fixed,2,4899,0.31060394644737244,0.019620362669229507,0.012991132214665413,0.12641561031341553,0.36483436822891235,4,0.75,
fixed,2,4900,0.3884185254573822,0.0,0.02300400100648403,0.06717991828918457,0.4200744926929474,4,0.5,4.834021091461182
fixed,2,4901,0.7764167189598083,0.0,0.024156035855412483,0.046160340309143066,0.8023428320884705,4,0.5,
fixed,2,4902,0.4607062041759491,0.023745689541101456,0.015629872679710388,0.10055744647979736,0.5105612277984619,4,0.75,
fixed,2,4903,0.5568293333053589,0.0,0.012058792635798454,0.10896086692810059,0.5955469608306885,4,0.25,
fixed,2,4904,0.45924440026283264,0.0,0.031050091609358788,0.07787215709686279,0.4981310963630676,4,0.75,
fixed,2,4905,0.5583802461624146,0.0,0.01648898795247078,0.13011181354522705,0.6056582927703857,4,0.25,3.851872444152832
fixed,2,4906,0.5156373381614685,0.0,0.02397366240620613,0.04122471809387207,0.539991557598114,4,0.5,
fixed,2,4907,0.38359251618385315,0.020568709820508957,0.023844752460718155,0.07747721672058105,0.42904239892959595,4,0.75,
fixed,2,4908,0.5083773136138916,0.0,0.00833164993673563,0.10857105255126953,0.5451144576072693,4,0.25,
fixed,2,4909,0.9919577836990356,0.017884254455566406,0.002369281370192766,0.04823863506317139,1.0165561437606812,4,0.25,
fixed,2,4910,0.7831454873085022,0.0,0.017189593985676765,0.04458498954772949,0.8051157593727112,4,0.5,4.260313034057617
fixed,2,4911,0.8257073163986206,0.0,0.01754714734852314,0.04208695888519287,0.8471069931983948,4,0.5,
fixed,2,4912,0.4825948178768158,0.01429134514182806,0.030515577644109726,0.19354033470153809,0.5630604028701782,4,1.0,
fixed,2,4913,0.5031877160072327,0.0,0.0004078822094015777,0.35579824447631836,0.6101311445236206,4,0.0,
fixed,2,4914,0.5690463781356812,0.018215961754322052,0.02363329567015171,0.0844200849533081,0.6152970194816589,4,0.75,
fixed,2,4915,0.7396582365036011,0.023363744840025902,0.011271740309894085,0.059607625007629395,0.7748582363128662,4,0.5,1.2335267066955566
fixed,2,4916,0.372131884098053,0.0,0.002495330525562167,0.20966589450836182,0.4362793266773224,4,0.0,
fixed,2,4917,0.6120994091033936,0.011515659280121326,0.009855445474386215,0.07578516006469727,0.6455205082893372,4,0.5,
fixed,2,4918,0.8594158887863159,0.0,0.028829006478190422,0.09278082847595215,0.9016646146774292,4,0.75,
fixed,2,4919,0.5890304446220398,0.015775227919220924,0.002173579763621092,0.053577423095703125,0.6140780448913574,4,0.25,
fixed,2,4920,0.49595481157302856,0.0,0.051410287618637085,0.18516981601715088,0.5772109031677246,4,1.0,9.678668022155762
fixed,2,4921,0.7675936818122864,0.023886730894446373,0.02469157613813877,0.0765150785446167,0.8148373365402222,4,0.75,
fixed,2,4922,0.5809314846992493,0.0,0.007330396678298712,0.12041044235229492,0.6207197904586792,4,0.25,
fixed,2,4923,0.7050106525421143,0.01108548790216446,0.021191522479057312,0.06418824195861816,0.7404056191444397,4,0.75,
fixed,2,4924,0.9744855761528015,0.010773840360343456,0.01937810890376568,0.10542821884155273,1.0211900472640991,4,0.5,
fixed,2,4925,0.6701710224151611,0.0,0.028456173837184906,0.07520830631256104,0.7069616317749023,4,0.5,5.176173686981201
fixed,2,4926,0.5731998682022095,0.012899351306259632,0.014997345395386219,0.07882523536682129,0.610795795917511,4,0.5,
fixed,2,4927,0.638471782207489,0.0,0.00233269901946187,0.1998995542526245,0.6996080279350281,4,0.0,
fixed,2,4928,0.9622605443000793,0.0,0.00038756782305426896,0.36688220500946045,1.0725189447402954,4,0.0,
fixed,2,4929,0.4152958393096924,0.0,0.007941363379359245,0.024861812591552734,0.4267250597476959,4,0.25,
fixed,2,4930,0.7627402544021606,0.0,0.007727374322712421,0.09094059467315674,0.793886125087738,4,0.25,1.9625533819198608
fixed,2,4931,1.3198882341384888,0.0,0.041279274970293045,0.07085168361663818,1.3617833852767944,4,0.75,
fixed,2,4932,0.3710293769836426,0.011403669603168964,0.009231909178197384,0.043207645416259766,0.39430946111679077,4,0.5,
fixed,2,4933,0.5390006303787231,0.0,0.009775280021131039,0.07660543918609619,0.5668699145317078,4,0.25,
fixed,2,4934,0.8804426789283752,0.0,0.007096198853105307,0.03010261058807373,0.8930215835571289,4,0.25,
fixed,2,4935,0.4955053925514221,0.0,0.013273932039737701,0.047454118728637695,0.5163785815238953,4,0.5,3.541919469833374
fixed,2,4936,0.7217061519622803,9.313817281508818e-05,0.0006820324342697859,0.13006579875946045,0.7611134648323059,4,0.0,
fixed,2,4937,0.477122038602829,0.0,0.0051604947075247765,0.08707857131958008,0.5058258771896362,4,0.25,
fixed,2,4938,1.754671335220337,0.0,0.005537112709134817,0.03149771690368652,1.766889214515686,4,0.25,
fixed,2,4939,0.4542619287967682,0.0,0.015643255785107613,0.16982674598693848,0.5130316019058228,4,0.75,
fixed,2,4940,0.31090402603149414,4.981359325029189e-06,0.012519161216914654,0.06300652027130127,0.3360680639743805,4,0.5,3.3552956581115723
fixed,2,4941,0.6607286334037781,3.839884357148549e-06,0.014123253524303436,0.07339787483215332,0.6898115277290344,4,0.5,
fixed,2,4942,0.6589280962944031,0.0,0.019401615485548973,0.08696305751800537,0.6947178244590759,4,0.5,
fixed,2,4943,0.5255779027938843,2.865174110411317e-06,0.01378699392080307,0.07643890380859375,0.5554044842720032,4,0.5,
fixed,2,4944,1.0157465934753418,0.0,0.029616694897413254,0.13849163055419922,1.072102427482605,4,0.75,
fixed,2,4945,0.6655630469322205,0.0,0.003509967355057597,0.13061809539794922,0.7065034508705139,4,0.25,1.1428859233856201
fixed,2,4946,1.5745469331741333,0.0,0.005126405507326126,0.10352182388305664,1.6081666946411133,4,0.5,
fixed,2,4947,0.7837111353874207,0.0,0.008527502417564392,0.08597683906555176,0.8137679100036621,4,0.5,
fixed,2,4948,0.7651516199111938,0.0,0.0027859846595674753,0.09862339496612549,0.7961316108703613,4,0.25,
fixed,2,4949,0.5544276833534241,0.0,0.007068907842040062,0.08071589469909668,0.582176923751831,4,0.5,
fixed,2,4950,0.5311959385871887,0.0,0.010202930308878422,0.22137939929962158,0.6027112007141113,4,0.75,3.2141382694244385
fixed,2,4951,0.2368869185447693,0.0,0.0038455079775303602,0.027424931526184082,0.2470371574163437,4,0.25,
fixed,2,4952,0.4465601444244385,0.0,0.004037104547023773,0.03492140769958496,0.4590551257133484,4,0.25,
fixed,2,4953,0.4032413363456726,0.0,0.009224394336342812,0.21454882621765137,0.47221818566322327,4,0.75,
fixed,2,4954,0.37361037731170654,0.0,0.00795904640108347,0.03177595138549805,0.3871226906776428,4,0.25,
fixed,2,4955,0.5574644207954407,0.027667080983519554,0.004028539173305035,0.21753835678100586,0.6385737657546997,4,0.75,2.3572123050689697
fixed,2,4956,0.515708327293396,0.02762213721871376,0.0025022542104125023,0.09035873413085938,0.5578781366348267,4,0.5,
fixed,2,4957,0.7244926691055298,0.0,0.006863254588097334,0.24189460277557373,0.8004927039146423,4,0.75,
fixed,2,4958,0.5241766571998596,0.0,0.004733671899884939,0.15715491771697998,0.5736899971961975,4,0.25,
fixed,2,4959,0.7471420168876648,0.0,0.01418325025588274,0.08729076385498047,0.7804208993911743,4,0.5,
fixed,2,4960,0.3474869430065155,0.029681110754609108,0.014185460284352303,0.1422337293624878,0.41209036111831665,4,0.75,1.1957513093948364
fixed,2,4961,0.8823837637901306,0.0,0.010925399139523506,0.210953950881958,0.9511326551437378,4,0.25,
fixed,2,4962,1.0713598728179932,0.0,0.005703061819076538,0.14860308170318604,1.1187922954559326,4,0.25,
fixed,2,4963,0.321294903755188,0.03129072114825249,0.01730821281671524,0.1229022741317749,0.38246506452560425,4,0.75,
fixed,2,4964,0.3621393144130707,0.0,0.012828372418880463,0.04019796848297119,0.38061287999153137,4,0.5,
fixed,2,4965,1.4083369970321655,0.0,0.012544721364974976,0.04821479320526123,1.4290738105773926,4,0.5,3.131951093673706
fixed,2,4966,0.3100554645061493,0.03344890847802162,0.03088187240064144,0.17301642894744873,0.3941257894039154,4,0.75,
fixed,2,4967,0.5734128952026367,0.0,0.012001162394881248,0.027239322662353516,0.5875852704048157,4,0.5,
fixed,2,4968,0.350976824760437,0.0,0.010813144966959953,0.035712242126464844,0.36709707975387573,4,0.5,
fixed,2,4969,0.6110231280326843,0.011020148172974586,0.0027558908332139254,0.06649196147918701,0.6378587484359741,4,0.25,
fixed,2,4970,0.5706159472465515,0.011705147102475166,0.018417835235595703,0.03184628486633301,0.595231294631958,4,0.5,1.0670913457870483
fixed,2,4971,0.762680172920227,0.0,0.014193475246429443,0.04575657844543457,0.7835038900375366,4,0.5,
fixed,2,4972,0.6284350752830505,0.0,0.02650056965649128,0.0879218578338623,0.6680619120597839,4,0.75,
fixed,2,4973,0.5979226231575012,0.0,0.009493532590568066,0.16334009170532227,0.6516714096069336,4,0.25,
fixed,2,4974,1.2396392822265625,0.025912456214427948,0.010831057094037533,0.053492069244384766,1.2740586996078491,4,0.5,
fixed,2,4975,0.636388897895813,0.0,0.015516904182732105,0.057861328125,0.6615057587623596,4,0.25,3.106297492980957
fixed,2,4976,0.4351922571659088,0.0,0.02074674516916275,0.11474108695983887,0.4799879491329193,4,0.75,
fixed,2,4977,0.4474870264530182,0.0,0.023608112707734108,0.03677082061767578,0.4703223407268524,4,0.5,
fixed,2,4978,0.15508520603179932,0.0,0.008377897553145885,0.14926660060882568,0.20405413210391998,4,0.25,
fixed,2,4979,0.5600156188011169,0.0,0.004677180200815201,0.15438604354858398,0.6086699962615967,4,0.25,
fixed,2,4980,1.0642043352127075,0.02861981838941574,0.0030649304389953613,0.04937934875488281,1.094860553741455,4,0.25,3.869417190551758
fixed,2,4981,0.6647487878799438,0.0,0.021218376234173775,0.09375298023223877,0.7034838795661926,4,0.5,
fixed,2,4982,1.15556800365448,0.0,0.004792701918631792,0.18114054203033447,1.2123064994812012,4,0.25,
fixed,2,4983,0.5603870153427124,0.0,0.019691523164510727,0.11170101165771484,0.6037430763244629,4,0.5,
fixed,2,4984,0.5055939555168152,0.013317087665200233,0.003564204089343548,0.0786440372467041,0.5376278162002563,4,0.25,
fixed,2,4985,0.5920898914337158,0.0,0.017735812813043594,0.15570247173309326,0.6476685404777527,4,0.75,4.5916595458984375
fixed,2,4986,0.8755065202713013,0.0,0.013373211026191711,0.1502474546432495,0.9272673726081848,4,0.75,
fixed,2,4987,0.6141266822814941,0.0,0.00941785890609026,0.0818932056427002,0.6434035897254944,4,0.5,
fixed,2,4988,0.24038031697273254,0.0,0.00906152930110693,0.04117536544799805,0.2572636902332306,4,0.25,
fixed,2,4989,0.8977814316749573,0.024082258343696594,0.004705606959760189,0.06456935405731201,0.931546151638031,4,0.5,
fixed,2,4990,0.6649806499481201,0.019532863050699234,0.007025262340903282,0.16313862800598145,0.7272012829780579,4,0.75,1.8022570610046387
fixed,2,4991,0.1970909684896469,0.0,0.008825225755572319,0.07062482833862305,0.22269102931022644,4,0.5,
fixed,2,4992,0.6057905554771423,0.0,0.013796892017126083,0.05675709247589111,0.629716157913208,4,0.25,
fixed,2,4993,0.368902325630188,0.0,0.018012195825576782,0.16951894760131836,0.42876410484313965,4,0.75,
fixed,2,4994,0.9010056257247925,0.0,0.008984517306089401,0.08564102649688721,0.9311901926994324,4,0.5,
fixed,2,4995,0.4948331117630005,0.0,0.010451044887304306,0.08238780498504639,0.524774968624115,4,0.5,2.763481616973877
fixed,2,4996,0.4917783737182617,0.0,0.008772997185587883,0.07165741920471191,0.5176621079444885,4,0.5,
fixed,2,4997,0.6207492351531982,0.0,0.01823345199227333,0.27245163917541504,0.7116014361381531,4,0.75,
fixed,2,4998,0.6262401938438416,0.0,0.030700523406267166,0.1225513219833374,0.678355872631073,4,0.75,
fixed,2,4999,0.41304919123649597,0.0,0.019105030223727226,0.264137864112854,0.5018430948257446,4,0.75,
fixed,2,5000,0.2907387614250183,0.0,0.015962988138198853,0.2940572500228882,0.3869374394416809,4,0.75,4.324862480163574
fixed,2,5001,0.9280892610549927,0.0,0.0047079045325517654,0.1380401849746704,0.9718552827835083,4,0.25,
fixed,2,5002,0.7925256490707397,0.0,0.01668451353907585,0.08990883827209473,0.8278405666351318,4,0.5,
fixed,2,5003,0.5113005638122559,0.0,0.005169254262000322,0.13264727592468262,0.553679347038269,4,0.25,
fixed,2,5004,0.5549048781394958,0.016132287681102753,0.017918258905410767,0.10849332809448242,0.604478120803833,4,0.75,
fixed,2,5005,0.6794853806495667,0.0,0.010642217472195625,0.054962754249572754,0.7012953162193298,4,0.5,2.9445154666900635
fixed,2,5006,0.3783574402332306,0.0,0.010365965776145458,0.07651352882385254,0.40649449825286865,4,0.5,
fixed,2,5007,0.7667379379272461,0.0,0.01286311261355877,0.059134721755981445,0.7909098863601685,4,0.5,
fixed,2,5008,0.5414250493049622,0.015845220535993576,0.0017618584679439664,0.15584909915924072,0.5969833135604858,4,0.25,
fixed,2,5009,0.4509691894054413,0.0,0.008392468094825745,0.06456708908081055,0.4745355546474457,4,0.5,
fixed,2,5010,0.4294898509979248,0.02790219709277153,0.0009106125216931105,0.08568668365478516,0.4696022570133209,4,0.5,5.5606303215026855
fixed,2,5011,0.5981659293174744,0.0,0.01156889833509922,0.0651010274887085,0.6234806776046753,4,0.5,
fixed,2,5012,0.5451990962028503,0.029011281207203865,0.009748406708240509,0.15849220752716064,0.6121265888214111,4,0.75,
fixed,2,5013,0.5218681693077087,0.0,0.017007801681756973,0.15153241157531738,0.5758317708969116,4,0.75,
fixed,2,5014,0.41222381591796875,0.031355179846286774,0.013113006949424744,0.13191497325897217,0.4740324020385742,4,0.75,
fixed,2,5015,0.24370189011096954,0.0,0.037177205085754395,0.15201079845428467,0.3078937530517578,4,0.75,6.9320597648620605
fixed,2,5016,0.492387592792511,0.0,0.030086718499660492,0.3118767738342285,0.6009939908981323,4,1.0,
fixed,2,5017,0.6402730345726013,0.0,0.01372307725250721,0.050452232360839844,0.6622702479362488,4,0.5,
fixed,2,5018,0.6520203351974487,0.0,0.012859378010034561,0.14725351333618164,0.70262610912323,4,0.25,
fixed,2,5019,0.2560662031173706,0.0,0.043260905891656876,0.061226725578308105,0.29606467485427856,4,0.75,
fixed,2,5020,0.38101640343666077,0.0,0.020161587744951248,0.060401201248168945,0.40921756625175476,4,0.5,4.5348310470581055
fixed,2,5021,0.8378898501396179,0.005231150425970554,0.0005470399046316743,0.27457499504089355,0.923151433467865,4,0.0,
fixed,2,5022,0.5974904894828796,0.01168028824031353,0.020197678357362747,0.08299636840820312,0.6383283734321594,4,0.75,
fixed,2,5023,0.3569375276565552,0.0,0.023322200402617455,0.03963136672973633,0.3804880380630493,4,0.5,
fixed,2,5024,0.8356174826622009,0.0,0.00956736970692873,0.11916828155517578,0.8761516809463501,4,0.25,
fixed,2,5025,1.0445646047592163,0.0,0.01301555335521698,0.1293405294418335,1.089874505996704,4,0.25,2.6675188541412354
fixed,2,5026,0.3117265999317169,0.0,0.025804797187447548,0.0883932113647461,0.35114696621894836,4,0.75,
fixed,2,5027,0.40467071533203125,0.0,0.03422823175787926,0.2809664011001587,0.5060747861862183,4,1.0,
fixed,2,5028,0.7843905687332153,0.0,0.02888518013060093,0.09417355060577393,0.8270852565765381,4,0.75,
fixed,2,5029,0.5828816890716553,0.0,0.016096925362944603,0.04653048515319824,0.6048892736434937,4,0.5,
fixed,2,5030,0.4449595808982849,0.0,0.004254172556102276,0.2806057929992676,0.5312684178352356,4,0.0,2.8824729919433594
fixed,2,5031,0.3873423933982849,0.0,0.04278706759214401,0.04571986198425293,0.4224518835544586,4,0.75,
fixed,2,5032,0.45048803091049194,0.0,0.018930770456790924,0.043666720390319824,0.4730534255504608,4,0.5,
fixed,2,5033,0.7195717692375183,0.0,0.03068074956536293,0.07003462314605713,0.7559225559234619,4,0.5,
fixed,2,5034,0.6257237792015076,0.0,0.014638861641287804,0.050678133964538574,0.6482466459274292,4,0.5,
fixed,2,5035,0.5796983242034912,0.034595102071762085,0.01238449290394783,0.16500365734100342,0.6526892185211182,4,0.75,1.1510027647018433
fixed,2,5036,0.2556045651435852,0.0,0.029346516355872154,0.08333134651184082,0.2952772378921509,4,0.5,
fixed,2,5037,0.9785174131393433,0.0,0.010027074255049229,0.13925230503082275,1.0253067016601562,4,0.25,
fixed,2,5038,0.465636283159256,0.03474947065114975,0.000547531177289784,0.12888216972351074,0.5219494104385376,4,0.25,
fixed,2,5039,0.9519861340522766,0.0,0.008951880037784576,0.06512784957885742,0.9760004281997681,4,0.5,
fixed,2,5040,0.642741858959198,0.0,0.007086071651428938,0.09252822399139404,0.6740433573722839,4,0.25,1.9702882766723633
fixed,2,5041,0.45914027094841003,0.014901510439813137,0.01689566671848297,0.1128460168838501,0.5088926553726196,4,0.75,
fixed,2,5042,0.5169527530670166,0.0,0.011323980055749416,0.07589125633239746,0.5453821420669556,4,0.5,
fixed,2,5043,0.6825332641601562,0.0,0.011477794498205185,0.19800114631652832,0.7476724982261658,4,0.75,
fixed,2,5044,0.6610706448554993,0.0,0.010329848155379295,0.20856499671936035,0.7288050651550293,4,0.75,
fixed,2,5045,1.0233087539672852,0.0,0.008086474612355232,0.08044207096099854,1.0514845848083496,4,0.5,2.5446364879608154
fixed,2,5046,0.4425463378429413,0.03234117105603218,0.006215810310095549,0.070243239402771,0.4828978180885315,4,0.5,
fixed,2,5047,0.830219030380249,0.0,0.006259388290345669,0.09796667098999023,0.8627387285232544,4,0.25,
fixed,2,5048,0.4537338614463806,0.0,0.007576474454253912,0.06480896472930908,0.4769648015499115,4,0.5,
fixed,2,5049,0.5379857420921326,0.0,0.010681450366973877,0.21314382553100586,0.6072696447372437,4,0.75,
fixed,2,5050,0.35016322135925293,0.0,0.00874268263578415,0.04031777381896973,0.3666298985481262,4,0.25,2.7170681953430176
fixed,2,5051,0.31983867287635803,0.0,0.011531039141118526,0.062459588050842285,0.34434208273887634,4,0.5,
fixed,2,5052,0.9868136048316956,0.0,0.006106783635914326,0.12672889232635498,1.0278856754302979,4,0.25,
fixed,2,5053,0.2409825474023819,0.014510972425341606,0.006637420505285263,0.04145240783691406,0.26399245858192444,4,0.5,
fixed,2,5054,0.593897819519043,0.03219710662961006,0.0045920866541564465,0.039600372314453125,0.6241725087165833,4,0.25,
fixed,2,5055,0.4452892541885376,0.0,0.004945972468703985,0.1330500841140747,0.48767727613449097,4,0.25,1.5439698696136475
fixed,2,5056,0.3794398009777069,0.0,0.023748623207211494,0.03821218013763428,0.402777761220932,4,0.5,
fixed,2,5057,0.39078763127326965,0.0,0.019856296479701996,0.22347617149353027,0.4677586555480957,4,0.25,
fixed,2,5058,0.9566822648048401,0.0,0.012083174660801888,0.19123148918151855,1.020093321800232,4,0.75,
fixed,2,5059,0.2044695019721985,0.0,0.009164889343082905,0.035798072814941406,0.21979136765003204,4,0.25,
fixed,2,5060,1.1525495052337646,0.028082380071282387,0.004504155367612839,0.07144904136657715,1.1902774572372437,4,0.5,2.500493288040161
fixed,2,5061,0.2765643000602722,0.0,0.0032154598738998175,0.2767643928527832,0.36120134592056274,4,0.0,
fixed,2,5062,0.2822195291519165,0.04325364902615547,0.0032836375758051872,0.053630709648132324,0.32157737016677856,3,0.5,
fixed,2,5063,0.6550666689872742,0.0,0.010890490375459194,0.1562974452972412,0.7074011564254761,4,0.25,
fixed,2,5064,1.0687507390975952,0.027348367497324944,0.006382075138390064,0.06877946853637695,1.1062498092651367,4,0.5,
fixed,2,5065,0.5428673028945923,0.0,0.03145803511142731,0.13395822048187256,0.5987837910652161,4,0.75,7.044730186462402
fixed,2,5066,0.5897356867790222,0.0,0.00539610767737031,0.12331223487854004,0.629427433013916,4,0.25,
fixed,2,5067,0.3723409175872803,0.0,0.015513028018176556,0.07348060607910156,0.40214160084724426,4,0.5,
fixed,2,5068,0.8929272890090942,0.0,0.006539780646562576,0.10896289348602295,0.9288860559463501,4,0.25,
fixed,2,5069,0.8747566342353821,0.02949896641075611,0.007272748276591301,0.1831836700439453,0.9480975866317749,4,0.75,
fixed,2,5070,0.9213652610778809,0.0,0.005088264588266611,0.08787989616394043,0.9502733945846558,4,0.25,1.864764928817749
fixed,2,5071,0.6975481510162354,0.0,0.010677297599613667,0.08089637756347656,0.7271556854248047,4,0.5,
fixed,2,5072,0.5794731974601746,0.0,0.02548416703939438,0.12096655368804932,0.6285052299499512,4,0.75,
fixed,2,5073,0.7969406843185425,0.026874570176005363,0.020023759454488754,0.18537676334381104,0.8760029077529907,4,0.75,
fixed,2,5074,0.5385493040084839,0.0,0.0089882118627429,0.09904158115386963,0.5727558732032776,4,0.25,
fixed,2,5075,0.8262407183647156,0.0,0.007056259084492922,0.09048819541931152,0.856915295124054,4,0.25,2.0046546459198
fixed,2,5076,0.39744099974632263,0.0,0.0062587084248661995,0.07914590835571289,0.42431414127349854,4,0.25,
fixed,2,5077,1.2084122896194458,0.0,0.019039353355765343,0.050630807876586914,1.2331211566925049,4,0.5,
fixed,2,5078,0.4305095672607422,0.0,0.005413728766143322,0.0556790828704834,0.4499201476573944,4,0.25,
fixed,2,5079,0.40144747495651245,0.019036414101719856,0.023733453825116158,0.305523157119751,0.5144893527030945,4,1.0,
fixed,2,5080,0.7884206771850586,0.0,0.005466500297188759,0.05514669418334961,0.8076979517936707,4,0.25,1.6158342361450195
fixed,2,5081,0.9521347880363464,0.0,0.013748186640441418,0.041687965393066406,0.9715152978897095,4,0.5,
fixed,2,5082,1.0427560806274414,0.0,0.027133049443364143,0.12766075134277344,1.0946208238601685,4,0.75,
fixed,2,5083,0.5675312280654907,0.017573192715644836,0.020646434277296066,0.3102867603302002,0.6797270774841309,4,1.0,
fixed,2,5084,0.41830530762672424,0.0,0.0119504164904356,0.07527542114257812,0.4468631446361542,4,0.5,
fixed,2,5085,0.4707566797733307,0.0,0.013001132756471634,0.07620859146118164,0.5001198053359985,4,0.5,3.6353867053985596
fixed,2,5086,0.6674731373786926,0.0,0.021747933700680733,0.14615535736083984,0.722193717956543,4,0.75,
fixed,2,5087,0.4250403046607971,0.0,0.019129615277051926,0.07023143768310547,0.45567452907562256,4,0.5,
fixed,2,5088,0.4907921850681305,0.0,0.002112621208652854,0.25572264194488525,0.568565309047699,4,0.0,
fixed,2,5089,0.2879727780818939,0.025780072435736656,0.005081839859485626,0.0813913345336914,0.32782113552093506,4,0.5,
fixed,2,5090,0.3826860189437866,0.0,0.014889867976307869,0.1797962188720703,0.44406983256340027,4,0.75,4.5687432289123535
fixed,2,5091,0.29489007592201233,0.0,0.01694321073591709,0.086037278175354,0.32917284965515137,4,0.5,
fixed,2,5092,0.3551349639892578,0.019470427185297012,0.007761321496218443,0.08565270900726318,0.39444664120674133,4,0.5,
fixed,2,5093,0.42451393604278564,0.02643231861293316,0.00470080366358161,0.06829643249511719,0.46056944131851196,4,0.5,
fixed,2,5094,0.7082326412200928,0.02575102634727955,0.009140398353338242,0.06995499134063721,0.7466648817062378,4,0.5,
fixed,2,5095,0.5112027525901794,0.04403475672006607,0.008191429078578949,0.09968948364257812,0.5672227144241333,4,0.75,4.670565605163574
fixed,2,5096,0.369905024766922,0.024704281240701675,0.007622961886227131,0.06953096389770508,0.4069279432296753,4,0.5,
fixed,2,5097,0.3032805919647217,0.0,0.010533052496612072,0.16248643398284912,0.357293039560318,4,0.25,
fixed,2,5098,0.6893792748451233,0.0,0.012514363043010235,0.14602398872375488,0.7394436597824097,4,0.25,
fixed,2,5099,0.29202479124069214,0.0,0.039940010756254196,0.06393051147460938,0.33117395639419556,4,0.75,
fixed,2,5100,0.8080602288246155,0.0,0.03617037832736969,0.02134084701538086,0.832547664642334,4,0.5,6.256123065948486
fixed,2,5101,0.28039830923080444,0.0,0.03590501844882965,0.05916440486907959,0.316100150346756,4,0.75,
fixed,2,5102,0.16292347013950348,0.0,0.0390823595225811,0.14151132106781006,0.22491803765296936,4,0.75,
fixed,2,5103,0.6958016157150269,0.0,0.026583535596728325,0.029675722122192383,0.7179961204528809,4,0.5,
fixed,2,5104,0.510100781917572,0.0,0.021328406408429146,0.17167186737060547,0.5722665190696716,4,0.25,
fixed,2,5105,0.44769468903541565,0.0,0.02356427162885666,0.030315160751342773,0.46857136487960815,4,0.5,5.331701278686523
fixed,2,5106,0.9393321871757507,0.0,0.03093721717596054,0.053838491439819336,0.9709523320198059,4,0.5,
fixed,2,5107,0.5303677916526794,0.0,0.009999753907322884,0.10277295112609863,0.566199541091919,4,0.25,
fixed,2,5108,0.9410821199417114,0.0,0.0009520085295662284,0.3723386526107788,1.0532597303390503,4,0.0,
fixed,2,5109,0.3500148355960846,0.04189158231019974,0.012745454907417297,0.13727188110351562,0.4185149073600769,4,0.75,
fixed,2,5110,0.47577521204948425,0.018456967547535896,0.007631589192897081,0.029372096061706543,0.49763113260269165,4,0.5,1.2925825119018555
fixed,2,5111,0.3465520143508911,0.0,0.009560786187648773,0.09893488883972168,0.381012886762619,4,0.25,
fixed,2,5112,0.8500133752822876,0.0,0.016249651089310646,0.11844897270202637,0.8936728835105896,4,0.25,
fixed,2,5113,0.5715768933296204,0.0,0.019237928092479706,0.15160679817199707,0.6266778707504272,4,0.75,
fixed,2,5114,0.19965654611587524,0.0,0.008408889174461365,0.0783008337020874,0.22735124826431274,4,0.25,
fixed,2,5115,0.6660493612289429,0.0,0.028256690129637718,0.13233411312103271,0.7198779582977295,4,0.75,6.509188175201416
fixed,2,5116,0.3602014482021332,0.032950468361377716,0.015994789078831673,0.15592491626739502,0.43145155906677246,4,0.75,
fixed,2,5117,0.5493156313896179,0.03507566452026367,0.008377669379115105,0.32002782821655273,0.6670506596565247,4,1.0,
fixed,2,5118,0.5043957829475403,0.0,0.019401518628001213,0.04719209671020508,0.5282541513442993,4,0.5,
fixed,2,5119,0.3707108199596405,1.8632323190104216e-05,0.006919111590832472,0.05278658866882324,0.3900156617164612,4,0.25,
fixed,2,5120,0.7399890422821045,5.8116751411319e-09,0.003590285312384367,0.044487953186035156,0.7551305890083313,4,0.25,1.233596920967102
fixed,2,5121,0.9782308340072632,0.0,0.025122784078121185,0.1160726547241211,1.0256140232086182,4,0.75,
fixed,2,5122,2.298163890838623,0.0,0.01652579940855503,0.05350160598754883,2.322477340698242,4,0.5,
fixed,2,5123,0.7302536964416504,0.0,0.00723038986325264,0.10004234313964844,0.7638815641403198,4,0.25,
fixed,2,5124,0.2577701508998871,0.02657787688076496,0.013241962529718876,0.1468292474746704,0.3217288553714752,4,0.75,
fixed,2,5125,0.6854465007781982,0.0,0.00811092834919691,0.10834074020385742,0.7220041751861572,4,0.25,2.0819339752197266
fixed,2,5126,0.36873340606689453,0.0,0.02686057612299919,0.11420416831970215,0.4164249300956726,4,0.75,
fixed,2,5127,0.443489134311676,0.025275839492678642,6.518863665405661e-05,0.10778093338012695,0.4884939193725586,4,0.25,
fixed,2,5128,0.5765457153320312,0.0,0.007819405756890774,0.11236238479614258,0.6141641139984131,4,0.25,
fixed,2,5129,0.3319932222366333,0.010151451453566551,0.01112385094165802,0.026955723762512207,0.35071760416030884,4,0.5,
fixed,2,5130,0.4754739999771118,0.0,0.019441502168774605,0.07156014442443848,0.5066627860069275,4,0.5,4.651345729827881
fixed,2,5131,0.1344165802001953,0.0,0.0023026687558740377,0.25896215438842773,0.2132565677165985,4,0.0,
fixed,2,5132,0.40698665380477905,0.0,0.01667952537536621,0.05202305316925049,0.4309333264827728,4,0.5,
fixed,2,5133,0.5479906797409058,0.0,0.0203253123909235,0.1416001319885254,0.6006333827972412,4,0.75,
fixed,2,5134,1.0156276226043701,0.0,0.004038045648485422,0.09380686283111572,1.0457887649536133,4,0.25,
fixed,2,5135,0.5968475341796875,0.026228340342640877,0.007383896503597498,0.10510003566741943,0.6451836824417114,4,0.75,3.944777250289917
fixed,2,5136,0.5768747925758362,0.021201137453317642,0.017887147143483162,0.11584782600402832,0.631173312664032,4,0.75,
fixed,2,5137,0.8263123035430908,0.0,0.048338260501623154,0.09061622619628906,0.8776662945747375,4,0.75,
fixed,2,5138,0.5792414546012878,0.02590443380177021,0.010328187607228756,0.047098517417907715,0.6114873290061951,4,0.5,
fixed,2,5139,0.6576297283172607,0.026401067152619362,0.0020824710372835398,0.04267704486846924,0.6846746206283569,4,0.25,
fixed,2,5140,0.5262404680252075,0.017511820420622826,0.014002074487507343,0.11372637748718262,0.5761153101921082,4,0.75,1.3328176736831665
fixed,2,5141,0.32990360260009766,0.0,0.03202177956700325,0.3120609521865845,0.4395327866077423,4,1.0,
fixed,2,5142,0.6404920220375061,0.0,0.034671295434236526,0.09704160690307617,0.6869401335716248,4,0.75,
fixed,2,5143,0.7067743539810181,0.0,0.026963256299495697,0.06229424476623535,0.7389442324638367,4,0.5,
fixed,2,5144,0.5143062472343445,0.0,0.03791053965687752,0.10411763191223145,0.5644968152046204,4,0.5,
fixed,2,5145,0.5430868864059448,0.0,0.012066919356584549,0.14988458156585693,0.594085693359375,4,0.25,2.692873954772949
fixed,2,5146,0.7553549408912659,0.005389020312577486,0.015395240858197212,0.10533177852630615,0.7973465919494629,4,0.25,
fixed,2,5147,0.43189048767089844,0.0,0.043503597378730774,0.025511503219604492,0.4612957239151001,4,0.5,
fixed,2,5148,0.6024572253227234,0.0,0.02794567495584488,0.1062781810760498,0.6483135223388672,4,0.75,
fixed,2,5149,0.4819495379924774,0.0,0.025833919644355774,0.033377647399902344,0.5048797726631165,4,0.5,
fixed,2,5150,0.7488694787025452,0.0,0.05341580510139465,0.19625091552734375,0.8344526290893555,4,1.0,10.221686363220215
fixed,2,5151,0.5040374398231506,0.0,0.01109639648348093,0.05293011665344238,0.525464653968811,4,0.25,
fixed,2,5152,0.7574055790901184,0.04539494216442108,0.014486107043921947,0.28192269802093506,0.8719229102134705,4,1.0,
fixed,2,5153,0.7114216685295105,0.0,0.03439924865961075,0.09611797332763672,0.7574566602706909,4,0.75,
fixed,2,5154,0.7590875029563904,0.0,0.020068194717168808,0.13393211364746094,0.8093012571334839,4,0.75,
fixed,2,5155,0.8276363611221313,0.0,0.013625829480588436,0.05511760711669922,0.8509845733642578,4,0.5,3.68356990814209
fixed,2,5156,0.440045565366745,0.0,0.014542718417942524,0.05423545837402344,0.46358755230903625,4,0.5,
fixed,2,5157,0.2734786868095398,0.0,0.005988117773085833,0.0336461067199707,0.2865665853023529,4,0.25,
fixed,2,5158,0.715542197227478,0.012881038710474968,0.0008295988664031029,0.1908731460571289,0.7796594500541687,4,0.25,
fixed,2,5159,0.6658652424812317,0.0,0.01313736941665411,0.07038164138793945,0.6935484409332275,4,0.5,
fixed,2,5160,0.21615687012672424,0.03418368473649025,0.003824374172836542,0.10608673095703125,0.2669869065284729,4,0.75,5.0812225341796875
fixed,2,5161,0.6346625685691833,0.0,0.013351306319236755,0.15246069431304932,0.6870764493942261,4,0.25,
fixed,2,5162,0.650841474533081,0.0,0.023085135966539383,0.13086533546447754,0.7016436457633972,4,0.75,
fixed,2,5163,0.4148198664188385,0.02928682416677475,0.005991721525788307,0.05412137508392334,0.4486955404281616,4,0.5,
fixed,2,5164,0.7348004579544067,0.0,0.017707064747810364,0.04679596424102783,0.7576927542686462,4,0.5,
fixed,2,5165,0.35016170144081116,0.0,0.013258787803351879,0.055870771408081055,0.3735523223876953,4,0.5,3.5108642578125
fixed,2,5166,0.7241944074630737,0.010636328719556332,0.014240441843867302,0.08651089668273926,0.7625860571861267,4,0.75,
fixed,2,5167,0.3960414230823517,0.02456396445631981,0.008005505427718163,0.059478044509887695,0.43016958236694336,4,0.5,
fixed,2,5168,0.4080961346626282,0.011422451585531235,0.01024804636836052,0.09797108173370361,0.44832271337509155,4,0.75,
fixed,2,5169,0.19997164607048035,0.0,0.0175679512321949,0.0547412633895874,0.22517800331115723,4,0.5,
fixed,2,5170,0.35745495557785034,0.0,0.014747384935617447,0.06241631507873535,0.38355353474617004,4,0.5,3.80903697013855
fixed,2,5171,0.30701783299446106,0.0,0.028177596628665924,0.08376860618591309,0.3462372124195099,4,0.5,
fixed,2,5172,0.6680639386177063,0.0,0.012113559059798717,0.08205616474151611,0.6987375617027283,4,0.5,
fixed,2,5173,1.175161600112915,0.0,0.016745319589972496,0.07430648803710938,1.2058261632919312,4,0.5,
fixed,2,5174,0.559023916721344,0.0,0.019168077036738396,0.13906145095825195,0.6103264093399048,4,0.75,
fixed,2,5175,0.9639174938201904,0.00967337191104889,0.001071666250936687,0.23047971725463867,1.0384339094161987,4,0.25,2.5042972564697266
fixed,2,5176,0.9419426918029785,0.0,0.0016515851020812988,0.4436269998550415,1.0758565664291382,4,0.0,
fixed,2,5177,0.5947409868240356,0.0,0.009654124267399311,0.03990530967712402,0.6115396618843079,4,0.25,
fixed,2,5178,1.0166689157485962,0.0,0.013178861699998379,0.057088613510131836,1.0403848886489868,4,0.5,
fixed,2,5179,0.8984466791152954,0.0,0.026264214888215065,0.055117130279541016,0.9281139373779297,4,0.5,
fixed,2,5180,0.494297593832016,0.0,0.016232941299676895,0.15151989459991455,0.5478700399398804,4,0.75,4.6837944984436035
fixed,2,5181,0.7845674157142639,0.047535642981529236,0.004667171277105808,0.1304798126220703,0.8498127460479736,4,0.75,
fixed,2,5182,0.40042969584465027,0.0,0.01670774258673191,0.1530982255935669,0.45471304655075073,4,0.75,
fixed,2,5183,0.7210289239883423,0.0,0.022315189242362976,0.1547253131866455,0.7786040902137756,4,0.25,
fixed,2,5184,0.9059436917304993,0.0,0.002748213242739439,0.2404729127883911,0.9794596433639526,4,0.0,
fixed,2,5185,0.6953414082527161,0.0,0.026333220303058624,0.04179704189300537,0.7210471034049988,4,0.5,4.747617244720459
fixed,2,5186,0.4939829409122467,0.0,0.009013708680868149,0.05608522891998291,0.5153153538703918,4,0.5,
fixed,2,5187,0.5384321212768555,0.029808448627591133,0.007267187349498272,0.048366427421569824,0.571479856967926,4,0.5,
fixed,2,5188,0.958585798740387,0.0,0.022034667432308197,0.13541948795318604,1.0102289915084839,4,0.75,
fixed,2,5189,0.4448498487472534,0.0,0.004925589542835951,0.12909471988677979,0.4860410690307617,4,0.25,
fixed,2,5190,0.6161168217658997,0.0,0.009276791475713253,0.05307662487030029,0.6366782188415527,4,0.25,2.4107728004455566
fixed,2,5191,0.9277170300483704,0.0,0.0003911391249857843,0.3666754961013794,1.0379152297973633,4,0.0,
fixed,2,5192,0.7649773359298706,0.033248014748096466,0.026021141558885574,0.32770824432373047,0.8929243683815002,4,1.0,
fixed,2,5193,0.6791908144950867,0.014215957373380661,0.016798123717308044,0.11360549926757812,0.7287794947624207,4,0.75,
fixed,2,5194,0.5805823802947998,0.03036278486251831,0.015488365665078163,0.1295485496520996,0.6423725485801697,4,0.75,
fixed,2,5195,0.7882890105247498,0.0,0.011639472097158432,0.06643009185791016,0.8140377998352051,4,0.5,3.3325750827789307
fixed,2,5196,0.48332199454307556,0.0,0.009619146585464478,0.06378340721130371,0.5072665810585022,4,0.5,
fixed,2,5197,0.440628319978714,0.0,0.02367802895605564,0.047501206398010254,0.4667176902294159,4,0.5,
fixed,2,5198,1.2528419494628906,0.0,0.03875080868601799,0.08541309833526611,1.2978413105010986,4,0.75,
fixed,2,5199,0.4236525893211365,0.0,0.03354637324810028,0.09343600273132324,0.46845656633377075,4,0.75,
fixed,2,5200,0.16287729144096375,0.0,0.01092973817139864,0.07768940925598145,0.19164898991584778,4,0.5,3.295008897781372
fixed,2,5201,0.7160281538963318,0.0,0.01276579312980175,0.052407026290893555,0.7381331324577332,4,0.5,
fixed,2,5202,0.6738669276237488,0.0,0.010151229798793793,0.06537723541259766,0.6985557079315186,4,0.5,
fixed,2,5203,0.4128645062446594,0.0,0.011962376534938812,0.05121171474456787,0.4342091977596283,4,0.5,
fixed,2,5204,0.29006123542785645,0.01622544787824154,0.0073260474018752575,0.04769694805145264,0.3161460757255554,4,0.5,
fixed,2,5205,0.239659383893013,0.0,0.008570351637899876,0.04708695411682129,0.2580706477165222,4,0.25,2.3619043827056885
fixed,2,5206,0.4161250591278076,0.0,0.015833988785743713,0.2996950149536133,0.5139505863189697,4,0.75,
fixed,2,5207,0.24493567645549774,0.0,0.00927186943590641,0.07622802257537842,0.27244001626968384,4,0.5,
fixed,2,5208,0.7926179766654968,0.0,0.011783975176513195,0.0962228775024414,0.8273768424987793,4,0.5,
fixed,2,5209,0.7766187787055969,0.0,0.021379929035902023,0.09903132915496826,0.8170181512832642,4,0.5,
fixed,2,5210,1.2767139673233032,0.03944801166653633,0.007860689423978329,0.09333574771881104,1.3283690214157104,4,0.5,2.440796375274658
fixed,2,5211,0.623721718788147,0.020058423280715942,0.010435355827212334,0.2623741626739502,0.7176808714866638,4,0.75,
fixed,2,5212,0.5412498116493225,0.019905155524611473,0.00938502885401249,0.1550666093826294,0.6024149060249329,4,0.75,
fixed,2,5213,0.9101017117500305,0.0,0.015559191815555096,0.17371666431427002,0.9699963331222534,4,0.75,
fixed,2,5214,0.6813802123069763,0.0,0.015226727351546288,0.04921460151672363,0.7037579417228699,4,0.5,
fixed,2,5215,1.0372169017791748,0.0,0.015204641036689281,0.0787588357925415,1.0684468746185303,4,0.5,3.9055981636047363
fixed,2,5216,0.49715277552604675,0.0,0.01428444404155016,0.09049153327941895,0.5314424633979797,4,0.25,
fixed,2,5217,0.7571589946746826,0.007895163260400295,0.008295055478811264,0.09762465953826904,0.7945414781570435,4,0.5,
fixed,2,5218,0.6153577566146851,0.0,0.013248367235064507,0.16988122463226318,0.6729463338851929,4,0.25,
fixed,2,5219,0.46469148993492126,0.0,0.02386327274143696,0.02387857437133789,0.4837867021560669,4,0.5,
fixed,2,5220,0.5303288698196411,0.0,0.035201944410800934,0.10206055641174316,0.578548014163971,4,0.75,7.075716495513916
fixed,2,5221,0.9242998361587524,0.0,0.006499757990241051,0.153733491897583,0.9736697673797607,4,0.25,
fixed,2,5222,0.5425059199333191,0.0,0.029248394072055817,0.07702279090881348,0.5802369713783264,4,0.5,
fixed,2,5223,0.7019858360290527,0.006413919385522604,0.014044486917555332,0.08109712600708008,0.7365441918373108,4,0.75,
fixed,2,5224,0.3658306896686554,0.0,0.023894600570201874,0.22268664836883545,0.4445839822292328,4,0.75,
fixed,2,5225,0.6691889762878418,0.0102876340970397,0.006711997091770172,0.055589914321899414,0.6943657398223877,4,0.5,1.6373028755187988
fixed,2,5226,0.6091927289962769,0.0,0.027392642572522163,0.05698132514953613,0.6399834752082825,4,0.5,
fixed,2,5227,0.8314836025238037,0.0,0.028376737609505653,0.10864758491516113,0.8782662749290466,4,0.75,
fixed,2,5228,0.7119119167327881,0.030426131561398506,0.001379816560074687,0.12187075614929199,0.7643761038780212,4,0.25,
fixed,2,5229,0.44387802481651306,0.011514866724610329,0.007373975124210119,0.06604397296905518,0.47313565015792847,4,0.5,
fixed,2,5230,0.5973588228225708,0.0,0.01576024293899536,0.040592193603515625,0.6174166202545166,4,0.5,3.9383604526519775
fixed,2,5231,0.7225450277328491,0.0,0.016106825321912766,0.03551626205444336,0.7412533164024353,4,0.5,
fixed,2,5232,1.0131865739822388,0.0,0.014850379899144173,0.05247163772583008,1.0363532304763794,4,0.5,
fixed,2,5233,0.7963816523551941,0.0,0.011003077030181885,0.046094536781311035,0.8157115578651428,4,0.5,
fixed,2,5234,0.3211786150932312,0.0,0.01820823736488819,0.28049659729003906,0.41443172097206116,4,0.75,
fixed,2,5235,0.8387441635131836,0.0,0.003630628576502204,0.06861138343811035,0.8611428737640381,4,0.25,1.480251431465149
fixed,2,5236,0.7206138968467712,0.017019422724843025,0.002502384828403592,0.06378841400146484,0.7495113015174866,4,0.25,
fixed,2,5237,0.5275629162788391,0.0,0.009866107255220413,0.052124619483947754,0.548133373260498,4,0.5,
fixed,2,5238,0.6703100204467773,0.0,0.008665761910378933,0.2097008228302002,0.7375531196594238,4,0.75,
fixed,2,5239,0.6215682625770569,0.03028007596731186,0.005344653967767954,0.057144999504089355,0.656524121761322,4,0.5,
fixed,2,5240,0.3573303818702698,0.0,0.02448008954524994,0.22257018089294434,0.4363414943218231,4,0.75,5.460536956787109
fixed,2,5241,0.4038732349872589,0.0,0.027523338794708252,0.11816895008087158,0.45308560132980347,4,0.75,
fixed,2,5242,0.33450138568878174,0.0,0.011199823580682278,0.07462739944458008,0.3624895215034485,4,0.5,
fixed,2,5243,0.6160417795181274,0.0,0.008546682074666023,0.07822728157043457,0.6437833309173584,4,0.5,
fixed,2,5244,0.8133705854415894,0.0,0.01975223980844021,0.04465317726135254,0.8366426825523376,4,0.5,
fixed,2,5245,0.6422609686851501,0.013698818162083626,0.006429243832826614,0.040929317474365234,0.6646037697792053,4,0.5,2.8103458881378174
fixed,2,5246,0.5130925178527832,0.03451796621084213,0.008228103630244732,0.29354846477508545,0.6225301027297974,4,1.0,
fixed,2,5247,0.449603796005249,0.0,0.0035065272822976112,0.13910138607025146,0.4930874705314636,4,0.25,
fixed,2,5248,0.14948195219039917,0.0,0.027154142037034035,0.19012093544006348,0.22009530663490295,4,0.75,
fixed,2,5249,0.39282506704330444,0.011783687397837639,0.026739541441202164,0.10463619232177734,0.4434775412082672,4,0.75,
fixed,2,5250,0.4745703637599945,0.0,0.015744129195809364,0.10234498977661133,0.513145923614502,4,0.5,3.9456448554992676
fixed,2,5251,0.41693544387817383,0.0,0.013864610344171524,0.09093332290649414,0.45114773511886597,4,0.5,
fixed,2,5252,0.7452691793441772,0.006254242733120918,0.007302585057914257,0.10748934745788574,0.7842944264411926,4,0.25,
fixed,2,5253,0.45172759890556335,0.0,0.009966677986085415,0.27372193336486816,0.5388275384902954,4,0.0,
fixed,2,5254,0.5302244424819946,0.0,0.001019653514958918,0.4771038293838501,0.6738654375076294,4,0.0,
fixed,2,5255,1.4820016622543335,0.016881795600056648,0.0008553536608815193,0.16242825984954834,1.5395987033843994,4,0.25,3.410555839538574
fixed,2,5256,0.4449164569377899,0.0051133292727172375,0.025821685791015625,0.05527138710021973,0.47696536779403687,4,0.5,
fixed,2,5257,0.610297441482544,0.0,0.0167933851480484,0.05207657814025879,0.6343171000480652,4,0.5,
fixed,2,5258,0.33033740520477295,0.0,0.03864678740501404,0.11296629905700684,0.3835507035255432,4,0.0,
fixed,2,5259,0.7092976570129395,0.01405742485076189,0.06033186987042427,0.040151000022888184,0.7585375905036926,4,0.5,
fixed,2,5260,0.3782295286655426,0.0013257318641990423,0.03211711347103119,0.031633615493774414,0.4044410288333893,4,0.5,5.013839244842529
fixed,2,5261,0.3058813214302063,0.001549091306515038,0.008022543042898178,0.04311871528625488,0.3236027657985687,4,0.25,
fixed,2,5262,0.9760693907737732,0.0,0.046614035964012146,0.02226567268371582,1.0060560703277588,4,0.25,
fixed,2,5263,0.6998385787010193,0.0,0.00749157415702939,0.05589950084686279,0.7203541994094849,4,0.25,
fixed,2,5264,0.3428077697753906,0.0023029253352433443,0.005536442622542381,0.06511807441711426,0.36626288294792175,4,0.25,
fixed,2,5265,0.5750213861465454,0.0,0.01064338255673647,0.052446603775024414,0.5960770845413208,4,0.5,2.9665567874908447
fixed,2,5266,0.5405568480491638,0.0,0.019475385546684265,0.1127997636795044,0.5841344594955444,4,0.25,
fixed,2,5267,0.5078309774398804,0.0,0.014847754500806332,0.1877918243408203,0.571592390537262,4,0.75,
fixed,2,5268,0.4480813443660736,0.0,0.0319327749311924,0.040221571922302246,0.4761142134666443,4,0.5,
fixed,2,5269,0.5759334564208984,0.0,0.01229955442249775,0.11233377456665039,0.6157833933830261,4,0.25,
fixed,2,5270,1.1206896305084229,0.013929423876106739,0.01802924834191799,0.33575522899627686,1.2373955249786377,4,1.0,2.6642401218414307
fixed,2,5271,0.9194929599761963,0.0,0.0042687454260885715,0.11296045780181885,0.955515444278717,4,0.25,
fixed,2,5272,0.8188179731369019,0.0,0.010567708872258663,0.08666741847991943,0.8501020669937134,4,0.5,
fixed,2,5273,0.40999576449394226,0.0,0.007378420326858759,0.268756628036499,0.49431195855140686,4,0.75,
fixed,2,5274,0.40596911311149597,0.0,0.007631781976670027,0.09962236881256104,0.43967172503471375,4,0.5,
fixed,2,5275,0.7560117840766907,0.0,0.00859628152102232,0.1214747428894043,0.7967523336410522,4,0.25,2.133774518966675
fixed,2,5276,0.3917311728000641,0.0,0.010278689675033092,0.23292410373687744,0.4667477607727051,4,0.75,
fixed,2,5277,0.990627646446228,0.030642008408904076,0.009430253878235817,0.20837748050689697,1.0731769800186157,4,0.75,
fixed,2,5278,0.183539018034935,0.0,0.011925570666790009,0.2116532325744629,0.2529977560043335,4,0.75,
fixed,2,5279,0.3885534107685089,0.0,0.004942620638757944,0.07640182971954346,0.4139452576637268,4,0.5,
fixed,2,5280,0.2930125594139099,0.0,0.015733936801552773,0.5138413906097412,0.4550319314002991,4,1.0,4.991323947906494
fixed,2,5281,0.23928296566009521,0.0,0.009928413666784763,0.22976982593536377,0.3131781220436096,4,0.75,
fixed,2,5282,0.4741084575653076,0.0,0.010286014527082443,0.19790613651275635,0.5386233329772949,4,0.75,
fixed,2,5283,0.8900415897369385,0.0,0.011435066349804401,0.06378531455993652,0.914894700050354,4,0.5,
fixed,2,5284,0.6710150241851807,0.03251659870147705,0.021303512156009674,0.08665132522583008,0.723920464515686,4,0.75,
fixed,2,5285,0.7195149064064026,0.0,0.015540541149675846,0.039166808128356934,0.7390352487564087,4,0.5,3.9322988986968994
fixed,2,5286,0.5549236536026001,0.0,0.0387418195605278,0.2698798179626465,0.6552585363388062,4,1.0,
fixed,2,5287,0.7315657138824463,0.01259908638894558,0.023297278210520744,0.08816099166870117,0.7759621739387512,4,0.75,
fixed,2,5288,0.6943687796592712,0.0,0.0020947183948010206,0.30794429779052734,0.7877994179725647,4,0.0,
fixed,2,5289,0.4983876347541809,0.0,0.011145133525133133,0.06366550922393799,0.5230598449707031,4,0.25,
fixed,2,5290,0.49958139657974243,0.0,0.03162805736064911,0.06425893306732178,0.5346730947494507,4,0.5,5.6887640953063965
fixed,2,5291,0.6274247765541077,0.0,0.013924922794103622,0.16224360466003418,0.6830602884292603,4,0.25,
fixed,2,5292,0.28688761591911316,0.0,0.020343851298093796,0.05895960330963135,0.3147474229335785,4,0.5,
fixed,2,5293,0.6513426899909973,0.017079893499612808,0.0006868626223877072,0.14190459251403809,0.7027974724769592,4,0.25,
fixed,2,5294,0.8196251392364502,0.0,0.028203370049595833,0.08064937591552734,0.8579216599464417,4,0.75,
fixed,2,5295,0.42590492963790894,0.0,0.026088155806064606,0.040630340576171875,0.45113810896873474,4,0.5,4.870326995849609
fixed,2,5296,0.46935850381851196,0.018469132483005524,0.018140744417905807,0.059651851654052734,0.505558967590332,4,0.5,
fixed,2,5297,0.48061490058898926,0.0,0.008424906991422176,0.16101467609405518,0.5331317782402039,4,0.25,
fixed,2,5298,0.3137126863002777,0.0,0.02273581176996231,0.049706101417541504,0.3399924337863922,4,0.5,
fixed,2,5299,0.2005540132522583,0.0,0.039782047271728516,0.14327335357666016,0.2634270489215851,4,0.75,
fixed,2,5300,0.9450284838676453,0.0,0.007666698656976223,0.10125231742858887,0.9792375564575195,4,0.25,2.2123637199401855
fixed,2,5301,1.5007822513580322,0.0,0.02219078317284584,0.02640533447265625,1.5197992324829102,4,0.5,
fixed,2,5302,0.9324900507926941,0.0,0.013974600471556187,0.03913581371307373,0.9512180685997009,4,0.5,
fixed,2,5303,0.5550435781478882,0.0,0.017738791182637215,0.13601899147033691,0.6047186851501465,4,0.75,
fixed,2,5304,0.4523492157459259,0.01685180515050888,0.008413441479206085,0.03828549385070801,0.476467490196228,4,0.5,
fixed,2,5305,0.8392640352249146,0.0,0.004225108772516251,0.08669328689575195,0.8673845529556274,4,0.25,1.5235908031463623
fixed,2,5306,0.6654391288757324,0.019899563863873482,0.0032698751892894506,0.06661701202392578,0.6970089673995972,4,0.5,
fixed,2,5307,0.37378960847854614,0.0,0.0012387833558022976,0.4047030806541443,0.49581992626190186,4,0.0,
fixed,2,5308,0.8465338349342346,0.05767745524644852,0.0030078543350100517,0.16814708709716797,0.9273205995559692,4,0.75,
fixed,2,5309,0.8485653400421143,0.0,0.008817175403237343,0.11885857582092285,0.8886315226554871,4,0.25,
fixed,2,5310,0.5904911756515503,0.0,0.014904004521667957,0.060602545738220215,0.6161239147186279,4,0.5,3.698634147644043
fixed,2,5311,1.075055480003357,0.0008128747576847672,0.017408879473805428,0.041055917739868164,1.0964831113815308,4,0.5,
fixed,2,5312,0.7037754654884338,0.0,0.0072855399921536446,0.05571269989013672,0.7241320610046387,4,0.5,
fixed,2,5313,0.563496470451355,0.028199248015880585,0.008918232284486294,0.16035139560699463,0.6301606297492981,4,0.75,
fixed,2,5314,0.35224637389183044,0.0,0.022925972938537598,0.13543486595153809,0.40433982014656067,4,0.75,
fixed,2,5315,0.7401129603385925,0.0,0.006784558296203613,0.17300426959991455,0.7954065203666687,4,0.25,2.7036900520324707
fixed,2,5316,0.6177319288253784,0.0,0.007399748545140028,0.1371997594833374,0.6625917553901672,4,0.25,
fixed,2,5317,0.5530164837837219,0.008926145732402802,0.011412762105464935,0.10528063774108887,0.5947701334953308,4,0.75,
fixed,2,5318,0.6893810033798218,0.0,0.00569816492497921,0.11948990821838379,0.7280770540237427,4,0.25,
fixed,2,5319,0.5831126570701599,0.0,0.023735269904136658,0.07540082931518555,0.6176005601882935,4,0.5,
fixed,2,5320,1.0920863151550293,0.0,0.004748890176415443,0.1157994270324707,1.1292005777359009,4,0.25,1.4805079698562622
fixed,2,5321,0.5445517301559448,0.0,0.005350044462829828,0.11293411254882812,0.581106960773468,4,0.25,
fixed,2,5322,0.7462186813354492,0.0,0.022315613925457,0.040614962577819824,0.7695609927177429,4,0.5,
fixed,2,5323,0.6159931421279907,0.0,0.017936736345291138,0.1566530466079712,0.6719574332237244,4,0.75,
fixed,2,5324,0.6723148822784424,0.0,0.029885180294513702,0.3318556547164917,0.7868141531944275,4,1.0,
fixed,2,5325,0.37880566716194153,0.0,0.0029263210017234087,0.229140043258667,0.44901084899902344,4,0.0,1.8299399614334106
fixed,2,5326,0.3541049361228943,0.0,0.040310122072696686,0.11762702465057373,0.4095481038093567,4,0.75,
fixed,2,5327,0.36624202132225037,0.01018005795776844,0.015261495485901833,0.09090423583984375,0.40623408555984497,4,0.75,
fixed,2,5328,0.31128445267677307,0.0,0.01673392951488495,0.17010140419006348,0.37068185210227966,4,0.75,
fixed,2,5329,0.638711154460907,0.0,0.007022292353212833,0.0728754997253418,0.6640849709510803,4,0.25,
fixed,2,5330,0.5410560369491577,0.018928537145256996,0.03584340959787369,0.07962608337402344,0.5923298597335815,4,0.75,3.0603935718536377
fixed,2,5331,0.2624034285545349,0.0,0.02180096134543419,0.13755130767822266,0.31456929445266724,4,0.75,
fixed,2,5332,0.7298200726509094,0.02923949435353279,0.043604567646980286,0.22266435623168945,0.8330414295196533,4,1.0,
fixed,2,5333,0.5631874799728394,0.0108030429109931,0.014272628352046013,0.07594919204711914,0.5985100865364075,4,0.5,
fixed,2,5334,0.6427487134933472,0.0,0.015837915241718292,0.04769086837768555,0.6649749279022217,4,0.5,
fixed,2,5335,0.8748912811279297,0.01394983846694231,0.00904545746743679,0.1289525032043457,0.9250746965408325,4,0.75,1.7178736925125122
fixed,2,5336,0.45728468894958496,0.04636417329311371,0.026161562651395798,0.08085012435913086,0.5178025960922241,4,0.75,
fixed,2,5337,1.0391432046890259,0.0,0.02132096141576767,0.061654090881347656,1.0682998895645142,4,0.5,
fixed,2,5338,0.5164720416069031,0.0,0.02330649644136429,0.05524706840515137,0.5446994304656982,4,0.5,
fixed,2,5339,1.1246991157531738,0.012743029743432999,0.0002572396188043058,0.16263365745544434,1.1799893379211426,4,0.25,
fixed,2,5340,0.5918652415275574,0.0,0.03999817743897438,0.08782517910003662,0.6382119059562683,4,0.75,7.859788417816162
fixed,2,5341,0.5243642330169678,0.0,0.004291081801056862,0.2490154504776001,0.6012144088745117,4,0.0,
fixed,2,5342,0.7265960574150085,0.0,0.016328904777765274,0.04365205764770508,0.7478561401367188,4,0.5,
fixed,2,5343,0.5178026556968689,0.0,0.03282477706670761,0.0803138017654419,0.5583091974258423,4,0.75,
fixed,2,5344,0.8925971984863281,0.0,0.01710961014032364,0.053470611572265625,0.9171931743621826,4,0.5,
fixed,2,5345,0.7915074229240417,0.0,0.0003048597718589008,0.3507424592971802,0.8968825936317444,4,0.0,0.7172580361366272
fixed,2,5346,0.45395737886428833,0.0,0.0028119091875851154,0.22454023361206055,0.5227254033088684,4,0.0,
fixed,2,5347,0.2002050131559372,0.008289576508104801,0.013595140539109707,0.08721518516540527,0.2373119294643402,4,0.75,
fixed,2,5348,0.42777642607688904,0.0,0.025702625513076782,0.34649693965911865,0.5445768237113953,4,1.0,
fixed,2,5349,0.49583566188812256,0.008955198340117931,0.027357080951333046,0.18178880214691162,0.568528413772583,4,1.0,
fixed,2,5350,0.5347627997398376,0.0,0.020847443491220474,0.04512202739715576,0.5587231516838074,4,0.5,4.610630035400391
fixed,2,5351,0.47538256645202637,0.0,0.041955381631851196,0.22748374938964844,0.5646053552627563,4,1.0,
fixed,2,5352,0.32738080620765686,0.008045434951782227,0.015498517081141472,0.07253873348236084,0.360914409160614,4,0.75,
fixed,2,5353,0.389499306678772,0.016945855692029,0.005910059437155724,0.04629802703857422,0.414816677570343,4,0.5,
fixed,2,5354,0.8748340606689453,0.0,0.012842840515077114,0.03764152526855469,0.8925479650497437,4,0.5,
fixed,2,5355,0.6054011583328247,0.0,0.01700769178569317,0.036460041999816895,0.6248430013656616,4,0.5,4.393303394317627
fixed,2,5356,0.2808898389339447,0.0,0.04603616148233414,0.05891776084899902,0.32158324122428894,4,0.75,
fixed,2,5357,0.7912973761558533,0.01400885358452797,0.007273450028151274,0.0540241003036499,0.818145751953125,4,0.5,
fixed,2,5358,0.46408960223197937,0.0,0.03727283701300621,0.07656669616699219,0.5056960582733154,4,0.75,
fixed,2,5359,0.6878047585487366,0.0,0.014896273612976074,0.05046820640563965,0.7103933691978455,4,0.25,
fixed,2,5360,0.4638388156890869,0.0,0.015307688154280186,0.06604552268981934,0.4913063049316406,4,0.5,4.01004695892334
fixed,2,5361,0.45603662729263306,0.018588203936815262,0.03580364212393761,0.09139704704284668,0.5106516480445862,4,0.75,
fixed,2,5362,0.8621745705604553,0.00821115542203188,0.010387718677520752,0.09525465965270996,0.9000504016876221,4,0.5,
fixed,2,5363,0.6872054934501648,0.008700539357960224,0.0003492902615107596,0.214707612991333,0.7561426758766174,4,0.25,
fixed,2,5364,0.41991108655929565,0.0,0.02737439051270485,0.09176039695739746,0.4611263871192932,4,0.75,
fixed,2,5365,0.8189486861228943,0.0,0.07841440290212631,0.12049567699432373,0.8943045735359192,4,0.75,11.80129623413086
fixed,2,5366,1.0324273109436035,0.0,0.01370280608534813,0.06419181823730469,1.0585362911224365,4,0.5,
fixed,2,5367,1.133093237876892,0.017270054668188095,0.016612190753221512,0.10149192810058594,1.1804819107055664,4,0.75,
fixed,2,5368,0.5451086163520813,0.0,0.03919902443885803,0.0696340799331665,0.585598349571228,4,0.75,
fixed,2,5369,0.4692012369632721,0.0,0.020369425415992737,0.03228604793548584,0.4890717566013336,4,0.25,
fixed,2,5370,0.45365551114082336,0.0,0.015116265043616295,0.06049787998199463,0.47936302423477173,4,0.5,3.9133689403533936
fixed,2,5371,0.681365966796875,0.0,0.04810836911201477,0.06861698627471924,0.7260052561759949,4,0.5,
fixed,2,5372,0.4077474772930145,0.0,0.028655357658863068,0.10949194431304932,0.45492273569107056,4,0.75,
fixed,2,5373,1.1825284957885742,0.0,0.03955497592687607,0.0804133415222168,1.2264299392700195,4,0.75,
fixed,2,5374,0.8997389078140259,0.0,0.06309838593006134,0.0678246021270752,0.951635479927063,4,0.5,
fixed,2,5375,0.3938325345516205,0.0,0.014077047817409039,0.17400288581848145,0.4530719220638275,4,0.75,4.050919532775879
fixed,2,5376,0.2809627652168274,0.03231469914317131,0.0018444400047883391,0.03630352020263672,0.3089333772659302,4,0.25,
fixed,2,5377,0.6706204414367676,0.0,0.0019635437056422234,0.08193695545196533,0.6961833238601685,4,0.25,
fixed,2,5378,0.9151309132575989,0.018666615709662437,0.003056948771700263,0.057057738304138184,0.9431099891662598,4,0.5,
fixed,2,5379,0.841844379901886,0.0,0.0026127900928258896,0.08886730670928955,0.869810938835144,4,0.25,
fixed,2,5380,1.388495922088623,0.0,0.0031256494112312794,0.10219526290893555,1.4207173585891724,4,0.25,1.1257623434066772
fixed,2,5381,0.42151376605033875,0.0,0.02630309946835041,0.12144351005554199,0.4710983633995056,4,0.75,
fixed,2,5382,0.6542614698410034,0.0,0.0078015439212322235,0.0737314224243164,0.6802816390991211,4,0.5,
fixed,2,5383,0.8384717106819153,0.0,0.0008107228204607964,0.19684958457946777,0.8979319334030151,4,0.0,
fixed,2,5384,0.5933539867401123,0.01619032211601734,0.004778697155416012,0.06523847579956055,0.6234100461006165,4,0.5,
fixed,2,5385,0.37221863865852356,0.0,0.006084014195948839,0.2527707815170288,0.4510918855667114,4,0.75,2.28480863571167
fixed,2,5386,0.30011698603630066,0.0,0.012479213997721672,0.047162413597106934,0.3205053210258484,4,0.5,
fixed,2,5387,0.7977194786071777,0.0,0.004099959973245859,0.1100391149520874,0.832781195640564,4,0.25,
fixed,2,5388,0.57013338804245,0.0,0.006739429198205471,0.06320273876190186,0.5924639105796814,4,0.5,
fixed,2,5389,0.5942313075065613,0.0,0.006739763077348471,0.06908619403839111,0.6183270215988159,4,0.5,
fixed,2,5390,0.7167235016822815,0.0,0.001964600756764412,0.24214446544647217,0.7903491258621216,4,0.0,1.3895378112792969
fixed,2,5391,0.7615841627120972,0.03181243687868118,0.012844529934227467,0.1532280445098877,0.8298810720443726,4,0.75,
fixed,2,5392,0.16127270460128784,0.0,0.004119720309972763,0.09029912948608398,0.19042229652404785,4,0.25,
fixed,2,5393,0.8841859698295593,0.02384132705628872,0.004814323037862778,0.18044817447662354,0.9526482820510864,4,0.75,
fixed,2,5394,0.5569597482681274,0.0,0.004045170731842518,0.11897921562194824,0.5946760773658752,4,0.25,
fixed,2,5395,0.5343592166900635,0.0,0.008792102336883545,0.07115411758422852,0.5601015090942383,4,0.5,2.6499342918395996
fixed,2,5396,0.6135699152946472,0.0,0.006648540496826172,0.22607946395874023,0.6847180128097534,4,0.75,
fixed,2,5397,0.8088269233703613,0.0,0.017599575221538544,0.07202506065368652,0.8392342329025269,4,0.5,
fixed,2,5398,0.4841884970664978,0.027842331677675247,0.006002909038215876,0.06361722946166992,0.5201963186264038,4,0.75,
fixed,2,5399,0.44905441999435425,0.07358422875404358,0.007291716989129782,0.25322866439819336,0.5654609799385071,4,1.0,
fixed,2,5400,0.5478865504264832,0.0,0.03347058594226837,0.08361077308654785,0.5897050499916077,4,0.75,7.2446722984313965
fixed,2,5401,0.39601677656173706,0.015241737477481365,0.005461177323013544,0.05755615234375,0.4236350655555725,4,0.5,
fixed,2,5402,0.4848734438419342,0.0,0.027261726558208466,0.06996560096740723,0.5194939970970154,4,0.5,
fixed,2,5403,0.7734890580177307,0.0,0.036578767001628876,0.04971516132354736,0.8066930174827576,4,0.75,
fixed,2,5404,0.3073785603046417,0.0,0.03464943915605545,0.26930785179138184,0.40549564361572266,4,1.0,
fixed,2,5405,0.42203691601753235,0.0,0.0036446922458708286,0.25190508365631104,0.499430775642395,4,0.0,2.0227856636047363
fixed,2,5406,0.6223946213722229,0.004470800515264273,0.042170070111751556,0.04819631576538086,0.6601739525794983,4,0.5,
fixed,2,5407,0.6698554158210754,0.0010243417927995324,0.011219796724617481,0.11933374404907227,0.7117776274681091,4,0.25,
fixed,2,5408,0.3326837718486786,0.0,0.0034280335530638695,0.24534904956817627,0.40800249576568604,4,0.0,
fixed,2,5409,0.6226626634597778,0.0,0.07312411069869995,0.09292030334472656,0.6871008276939392,4,0.75,
fixed,2,5410,1.058463215827942,0.0,0.04594879597425461,0.08067405223846436,1.1056398153305054,4,0.5,6.830338001251221
fixed,2,5411,0.7536658644676208,0.0,0.05439870432019234,0.040255069732666016,0.7929417490959167,4,0.5,
fixed,2,5412,0.6764418482780457,0.02399200014770031,0.0016706017777323723,0.0182875394821167,0.6947594285011292,4,0.25,
fixed,2,5413,0.510529637336731,0.0,0.012090370990335941,0.16043293476104736,0.5647047162055969,4,0.25,
fixed,2,5414,0.621543288230896,0.0,0.030320191755890846,0.07896125316619873,0.6603917479515076,4,0.75,
fixed,2,5415,1.0391573905944824,0.0,0.046541523188352585,0.020567655563354492,1.0685985088348389,4,0.25,6.047488689422607
fixed,2,5416,0.9496208429336548,0.0,0.02491140365600586,0.04902982711791992,0.9767854809761047,4,0.5,
fixed,2,5417,0.5597782731056213,0.0053348299115896225,0.00577614177018404,0.0627598762512207,0.5841616988182068,4,0.25,
fixed,2,5418,0.502139151096344,0.0,0.03070899471640587,0.08157062530517578,0.5419648289680481,4,0.75,
fixed,2,5419,0.9734704494476318,0.0,0.014273070730268955,0.16490507125854492,1.0300785303115845,4,0.25,
fixed,2,5420,0.38684728741645813,0.0,0.011924875900149345,0.5269457697868347,0.5508934259414673,4,1.0,4.053691387176514
fixed,2,5421,1.2448452711105347,0.035899195820093155,0.00047157143126241863,0.10417020320892334,1.2942817211151123,4,0.25,
fixed,2,5422,0.40303298830986023,0.018742186948657036,0.005018703639507294,0.1877974271774292,0.4712526798248291,3,0.75,
fixed,2,5423,0.5112454295158386,0.0,0.011476387269794941,0.08516478538513184,0.5425330400466919,4,0.5,
fixed,2,5424,0.2876557409763336,0.0,0.005206775851547718,0.06993722915649414,0.3112402856349945,4,0.5,
fixed,2,5425,0.5692750215530396,0.0,0.014230589382350445,0.05724024772644043,0.5935623645782471,4,0.5,3.681842088699341
fixed,2,5426,0.6839708089828491,0.0,0.00921525340527296,0.31588733196258545,0.7833446264266968,4,0.5,
fixed,2,5427,0.6803377866744995,0.0,0.013886012136936188,0.06750643253326416,0.7075327038764954,4,0.5,
fixed,2,5428,0.9190362095832825,0.0,0.006111470516771078,0.02972543239593506,0.9310095906257629,4,0.25,
fixed,2,5429,0.7274831533432007,0.0,0.02843480557203293,0.12287044525146484,0.7785617113113403,4,0.75,
fixed,2,5430,0.3231293261051178,0.0,0.014984673820436,0.3067474365234375,0.4226458966732025,4,0.75,4.235043525695801
fixed,2,5431,0.6012241244316101,0.016019307076931,0.0047449409030377865,0.06885898113250732,0.6322639584541321,4,0.5,
fixed,2,5432,0.37410393357276917,0.0,0.00933688785880804,0.07299041748046875,0.40066951513290405,4,0.5,
fixed,2,5433,0.5179080963134766,0.014889849349856377,0.00860072672367096,0.03459036350250244,0.5400304794311523,4,0.5,
fixed,2,5434,0.5491622686386108,0.009631512686610222,0.013274208642542362,0.09997475147247314,0.5906075239181519,4,0.5,
fixed,2,5435,0.5442269444465637,0.009941416792571545,0.018392391502857208,0.017728805541992188,0.563712477684021,4,0.5,1.9430532455444336
fixed,2,5436,0.8669731616973877,0.0,0.025206036865711212,0.07353663444519043,0.9016371965408325,4,0.25,
fixed,2,5437,0.6166265606880188,0.03362058848142624,0.008904067799448967,0.05953526496887207,0.6557494401931763,4,0.5,
fixed,2,5438,0.5300715565681458,0.007377751637250185,0.009724518284201622,0.02418231964111328,0.5458773970603943,4,0.5,
fixed,2,5439,0.7285491228103638,0.03442152589559555,0.010590950958430767,0.09804415702819824,0.7804685831069946,4,0.5,
fixed,2,5440,0.678703248500824,0.0,0.01159590668976307,0.04402732849121094,0.6977093815803528,4,0.25,2.89426326751709
fixed,2,5441,0.4084217846393585,0.0,0.028249628841876984,0.18497562408447266,0.47803929448127747,4,0.75,
fixed,2,5442,0.7266284823417664,0.02397540584206581,0.013551980257034302,0.1575089693069458,0.7926448583602905,4,0.75,
fixed,2,5443,0.40766268968582153,0.016197344288229942,0.01332821138203144,0.1339418888092041,0.4626080393791199,4,0.5,
fixed,2,5444,0.8400111794471741,0.0,0.0016552044544368982,0.514796257019043,0.9952776432037354,4,0.0,
fixed,2,5445,1.0135189294815063,0.0,0.013951667584478855,0.22092199325561523,1.0867713689804077,4,0.25,2.872769832611084
fixed,2,5446,0.3744771480560303,0.0,0.027908260002732277,0.02100551128387451,0.39473292231559753,4,0.5,
fixed,2,5447,0.5687437653541565,0.0,0.014848105609416962,0.051111459732055664,0.5915012359619141,4,0.25,
fixed,2,5448,0.32757237553596497,0.02890615724027157,0.024987366050481796,0.12347531318664551,0.39156174659729004,4,0.75,
fixed,2,5449,0.7059298753738403,0.0,0.02529386430978775,0.07633721828460693,0.7414779663085938,4,0.25,
fixed,2,5450,0.45952558517456055,0.0,0.02713984251022339,0.3532249927520752,0.5790629982948303,4,1.0,7.1863226890563965
fixed,2,5451,0.8270620107650757,0.0,0.013013915158808231,0.038195252418518066,0.8450275659561157,4,0.25,
fixed,2,5452,0.4987061321735382,0.0060530914925038815,0.0014148574555292726,0.2053360939025879,0.5640409588813782,4,0.0,
fixed,2,5453,0.9698155522346497,0.0,0.03863760828971863,0.07649815082550049,1.0120837688446045,4,0.25,
fixed,2,5454,0.6055599451065063,0.0,0.003578674281015992,0.20797443389892578,0.6697416305541992,4,0.0,
fixed,2,5455,1.3529548645019531,0.029562976211309433,0.015783019363880157,0.07531297206878662,1.398221731185913,4,0.5,2.1685614585876465
fixed,2,5456,0.35010990500450134,0.0,0.014832764863967896,0.04820537567138672,0.371987909078598,4,0.5,
fixed,2,5457,0.7924200296401978,0.0,0.01634174957871437,0.031172871589660645,0.8099427819252014,4,0.5,
fixed,2,5458,0.9000594615936279,0.0,0.024693302810192108,0.04053354263305664,0.9245661497116089,4,0.5,
fixed,2,5459,0.5181963443756104,0.0,0.011820725165307522,0.04254770278930664,0.5368710160255432,4,0.25,
fixed,2,5460,0.9306353330612183,0.0,0.006503252312541008,0.038486361503601074,0.9454328417778015,4,0.25,1.8207210302352905
fixed,2,5461,0.5255396962165833,0.0,0.02384575642645359,0.07620680332183838,0.5603246092796326,4,0.5,
fixed,2,5462,0.8361005783081055,0.0,0.013036293908953667,0.07190024852752686,0.8641887903213501,4,0.5,
fixed,2,5463,0.9512364864349365,0.011777638457715511,0.012759245000779629,0.1469486951828003,1.00758957862854,4,0.75,
fixed,2,5464,0.3083391487598419,0.0,0.012008627876639366,0.1344754695892334,0.35468611121177673,4,0.25,
fixed,2,5465,0.9185696244239807,0.0,0.027934594079852104,0.14165031909942627,0.9750320315361023,4,0.75,6.006667613983154
fixed,2,5466,0.5897964835166931,0.015407291240990162,0.005934595596045256,0.10759711265563965,0.6327465772628784,4,0.5,
fixed,2,5467,0.5067410469055176,0.0223335400223732,0.0200467798858881,0.1529531478881836,0.5738171339035034,4,0.75,
fixed,2,5468,0.3189355432987213,0.02133904956281185,0.005065002478659153,0.06751298904418945,0.35239148139953613,4,0.5,
fixed,2,5469,0.6809682250022888,0.016869576647877693,0.0026606586761772633,0.09788393974304199,0.7200984954833984,4,0.5,
fixed,2,5470,0.7769317626953125,0.0,0.0002141811273759231,0.40677279233932495,0.899070680141449,4,0.0,0.5124594569206238
fixed,2,5471,0.7515808939933777,0.0,0.021171104162931442,0.10621964931488037,0.7940323352813721,4,0.5,
fixed,2,5472,0.5949929356575012,0.0,0.00797260832041502,0.13543784618377686,0.6396105885505676,4,0.25,
fixed,2,5473,0.5187667608261108,0.026967143639922142,0.011909433640539646,0.16716539859771729,0.5883547067642212,4,0.75,
fixed,2,5474,1.042576551437378,0.0,0.022919578477740288,0.14666497707366943,1.0980358123779297,4,0.75,
fixed,2,5475,0.21064358949661255,0.010204716585576534,0.017390387132763863,0.07661807537078857,0.2474265694618225,4,0.5,0.9521782398223877
fixed,2,5476,0.578066349029541,0.012053411453962326,0.007432154379785061,0.04384410381317139,0.6009623408317566,4,0.5,
fixed,2,5477,0.622201144695282,0.024532511830329895,0.005707396660000086,0.044247984886169434,0.650595486164093,4,0.5,
fixed,2,5478,0.6200310587882996,0.026695603504776955,0.009647141210734844,0.2593381404876709,0.7160038948059082,4,0.5,
fixed,2,5479,0.562730073928833,0.0,0.016639990732073784,0.0450594425201416,0.5845679044723511,4,0.5,
fixed,2,5480,0.6859995722770691,0.023554369807243347,0.01727796159684658,0.3519456386566162,0.8119994401931763,4,1.0,1.746797800064087
fixed,2,5481,0.6801109910011292,0.0,0.022538695484399796,0.11741578578948975,0.7266050577163696,4,0.75,
fixed,2,5482,0.34259694814682007,0.0,0.017415400594472885,0.020416736602783203,0.3574296832084656,4,0.5,
fixed,2,5483,0.4839954972267151,0.0,0.017161978408694267,0.03694641590118408,0.5036604404449463,4,0.5,
fixed,2,5484,0.7516120076179504,0.004254056606441736,0.0003638788766693324,0.18354415893554688,0.8089842200279236,4,0.0,
fixed,2,5485,0.7768771052360535,0.012659505009651184,0.008651348762214184,0.04268312454223633,0.8003374934196472,4,0.5,1.2632677555084229
fixed,2,5486,0.5424335598945618,0.0,0.02269151248037815,0.02556300163269043,0.5614482164382935,4,0.5,
fixed,2,5487,0.5539635419845581,0.005481608211994171,0.014146675355732441,0.05359363555908203,0.5798557996749878,4,0.25,
fixed,2,5488,0.7272438406944275,0.013531691394746304,0.00044239286216907203,0.12824130058288574,0.7727032899856567,4,0.25,
fixed,2,5489,0.8410202860832214,0.014643357135355473,0.010136831551790237,0.031821370124816895,0.8629567623138428,4,0.5,
fixed,2,5490,0.5779740214347839,0.0,0.04712001979351044,0.017193078994750977,0.6066919565200806,4,0.25,6.415438175201416
fixed,2,5491,0.40971478819847107,0.0,0.016207562759518623,0.06363403797149658,0.4369087815284729,3,0.5,
fixed,2,5492,0.36599332094192505,0.0,0.02473566308617592,0.039485931396484375,0.3902069330215454,4,0.5,
fixed,2,5493,0.5448688864707947,0.020768189802765846,0.025905735790729523,0.26452362537384033,0.6475629210472107,4,1.0,
fixed,2,5494,0.7398154735565186,0.0,0.046669941395521164,0.07351362705230713,0.7852045297622681,4,0.5,
fixed,2,5495,0.3484992980957031,0.0,0.0461391843855381,0.20435607433319092,0.43287572264671326,4,1.0,9.525769233703613
fixed,2,5496,0.5694087743759155,0.0,0.025158265605568886,0.033342599868774414,0.5919907093048096,4,0.5,
fixed,2,5497,0.5345106720924377,0.0,0.026876475661993027,0.12008285522460938,0.58397376537323,4,0.75,
fixed,2,5498,0.22457590699195862,0.0,0.02070467919111252,0.1490635871887207,0.2796473205089569,4,0.75,
fixed,2,5499,0.16746854782104492,0.017861638218164444,0.022953927516937256,0.09348225593566895,0.21592101454734802,4,0.5,
fixed,2,5500,0.48994186520576477,0.0,0.04135187342762947,0.26024770736694336,0.5886921286582947,4,1.0,8.772335052490234
fixed,2,5501,1.207082748413086,0.012864585965871811,0.03589293360710144,0.09382283687591553,1.2596083879470825,4,0.75,
fixed,2,5502,0.5271850824356079,0.0,0.01894526183605194,0.16075360774993896,0.5848838090896606,4,0.75,
fixed,2,5503,0.845586895942688,0.0,0.008675619959831238,0.13518571853637695,0.8904803991317749,4,0.25,
fixed,2,5504,0.7320185303688049,0.0,0.0075117540545761585,0.14317631721496582,0.7787272930145264,4,0.25,
fixed,2,5505,0.8577308058738708,0.0,0.010874288156628609,0.08378374576568604,0.8883031010627747,4,0.5,3.2162787914276123
fixed,2,5506,0.7399742007255554,0.0,0.02944638952612877,0.16711735725402832,0.8048325777053833,4,0.5,
fixed,2,5507,0.4519132077693939,0.0,0.02837793529033661,0.3460754156112671,0.5699248313903809,4,1.0,
fixed,2,5508,1.3918676376342773,0.0,0.0178387351334095,0.15303373336791992,1.4466971158981323,4,0.75,
fixed,2,5509,0.4814874529838562,0.0,0.014383754692971706,0.06240499019622803,0.5074008107185364,4,0.5,
fixed,2,5510,0.16360193490982056,0.0,0.006230432540178299,0.03947639465332031,0.1785600632429123,4,0.25,1.955913782119751
fixed,2,5511,0.4997923672199249,5.11049483975512e-06,0.014209500513970852,0.058715224266052246,0.5245142579078674,4,0.5,
fixed,2,5512,0.5031702518463135,0.0,0.007834075018763542,0.12443852424621582,0.5444188714027405,4,0.25,
fixed,2,5513,0.49745383858680725,0.030901405960321426,0.016086913645267487,0.2334500551223755,0.5909830331802368,4,0.75,
fixed,2,5514,0.7570409774780273,0.0,0.005716758314520121,0.11552667617797852,0.7945573329925537,4,0.25,
fixed,2,5515,0.9794834852218628,0.0,0.01667279563844204,0.17151308059692383,1.0392738580703735,4,0.75,4.921027660369873
fixed,2,5516,0.375785768032074,0.0,0.013708626851439476,0.1851184368133545,0.43817561864852905,4,0.75,
fixed,2,5517,0.9571912884712219,0.011350332759320736,0.007770338095724583,0.06851279735565186,0.9873054623603821,4,0.5,
fixed,2,5518,0.6381143927574158,0.0,0.004026740323752165,0.08735370635986328,0.6663338541984558,4,0.25,
fixed,2,5519,0.7086893320083618,0.016678646206855774,0.004737508483231068,0.042803049087524414,0.7322383522987366,4,0.5,
fixed,2,5520,0.956004798412323,0.0,0.02984452247619629,0.10848391056060791,1.0034722089767456,4,0.75,6.783100128173828
fixed,2,5521,0.5362469553947449,0.028902580961585045,0.01723257265985012,0.04339861869812012,0.5723341107368469,4,0.5,
fixed,2,5522,0.28682029247283936,0.0,0.004174654372036457,0.21558833122253418,0.3535841107368469,4,0.0,
fixed,2,5523,0.3078204095363617,0.0,0.034103479236364365,0.2862555980682373,0.41074883937835693,4,1.0,
fixed,2,5524,0.7247776389122009,0.0,0.01950014755129814,0.03986060619354248,0.7464858889579773,4,0.5,
fixed,2,5525,0.8743332624435425,0.0,0.0316401906311512,0.048430442810058594,0.9046825170516968,4,0.5,5.785794258117676
fixed,2,5526,0.2828879952430725,0.0,0.03149921074509621,0.09408998489379883,0.3268646001815796,4,0.75,
fixed,2,5527,0.41898682713508606,0.0,0.02728135883808136,0.11020088195800781,0.4656877815723419,4,0.75,
fixed,2,5528,0.9887388944625854,0.0,0.009097730740904808,0.1079261302947998,1.0256656408309937,4,0.25,
fixed,2,5529,0.5198041796684265,0.0,0.024859657511115074,0.06987464427947998,0.5531964302062988,4,0.5,
fixed,2,5530,0.560415506362915,0.0,0.028412220999598503,0.05551040172576904,0.5912747383117676,4,0.5,4.940080642700195
fixed,2,5531,0.8414092659950256,0.0,0.031059330329298973,0.1015242338180542,0.8873962163925171,4,0.75,
fixed,2,5532,0.5947723984718323,0.0,0.02121714875102043,0.1446843147277832,0.6487862467765808,4,0.75,
fixed,2,5533,0.6591882705688477,0.0,0.01273046713322401,0.05675220489501953,0.6825791597366333,4,0.5,
fixed,2,5534,1.1824601888656616,0.0,0.0068430714309215546,0.09511971473693848,1.2144176959991455,4,0.25,
fixed,2,5535,0.3901802897453308,0.0,0.029938016086816788,0.32475745677948,0.5025765299797058,4,1.0,6.9124836921691895
fixed,2,5536,0.5383184552192688,0.0,0.02480558678507805,0.36693501472473145,0.6608017683029175,4,1.0,
fixed,2,5537,0.7144162654876709,0.030177168548107147,0.016390573233366013,0.39193540811538696,0.8552807569503784,4,1.0,
fixed,2,5538,0.4858696162700653,0.0,0.004183724522590637,0.26749372482299805,0.5682095885276794,4,0.0,
fixed,2,5539,0.6209557056427002,0.03059324063360691,0.007459814660251141,0.06906735897064209,0.6607024669647217,4,0.5,
fixed,2,5540,0.9626321196556091,0.010999609716236591,0.007840108126401901,0.049321651458740234,0.9868484735488892,4,0.5,1.3799728155136108
fixed,2,5541,0.6026517748832703,0.0,0.010425790213048458,0.044580698013305664,0.6212388873100281,4,0.25,
fixed,2,5542,0.45879900455474854,0.0,0.025698669254779816,0.22755444049835205,0.5399146676063538,4,0.75,
fixed,2,5543,0.06665089726448059,0.0,0.0042069898918271065,0.23841428756713867,0.1402786821126938,4,0.0,
fixed,2,5544,0.7361045479774475,0.013353472575545311,0.027407746762037277,0.2022724151611328,0.8171668648719788,4,1.0,
fixed,2,5545,0.49115338921546936,0.0,0.010238547809422016,0.16847550868988037,0.5468153357505798,4,0.25,2.3343491554260254
fixed,2,5546,0.5299509167671204,0.0,0.05283798277378082,0.07219839096069336,0.5780293941497803,4,0.75,
fixed,2,5547,0.6810950040817261,0.0,0.006980597972869873,0.22052323818206787,0.7507422566413879,4,0.0,
fixed,2,5548,0.26791834831237793,0.0,0.03913589194417,0.13696789741516113,0.3285766541957855,4,0.75,
fixed,2,5549,0.9576354622840881,0.0,0.03428154066205025,0.09323811531066895,1.002747654914856,4,0.5,
fixed,2,5550,0.8229352235794067,0.011014486663043499,0.022308215498924255,0.08096432685852051,0.8638858795166016,4,0.75,2.9288153648376465
fixed,2,5551,0.683807909488678,0.0,0.041644804179668427,0.10607421398162842,0.736452579498291,4,0.75,
fixed,2,5552,0.9552913308143616,0.0,0.009761166758835316,0.2117481231689453,1.0236963033676147,4,0.25,
fixed,2,5553,0.6667481064796448,0.0,0.0068609220907092094,0.18302536010742188,0.7250861525535583,4,0.25,
fixed,2,5554,0.5972666144371033,0.0,0.028041820973157883,0.02890455722808838,0.6199588775634766,4,0.5,
fixed,2,5555,0.7559413313865662,0.0,0.01538715697824955,0.08040356636047363,0.7877559661865234,4,0.5,3.6784098148345947
fixed,2,5556,0.5173624753952026,0.0,0.023751353845000267,0.0804893970489502,0.5533849596977234,4,0.5,
fixed,2,5557,0.17227646708488464,0.0,0.0179220512509346,0.05295443534851074,0.19712382555007935,4,0.25,
fixed,2,5558,0.5120693445205688,0.0,0.013743278570473194,0.0688927173614502,0.5396087765693665,4,0.5,
fixed,2,5559,0.40379488468170166,0.0,0.018879646435379982,0.051090359687805176,0.428561806678772,4,0.5,
fixed,2,5560,0.6119362115859985,0.031234445050358772,0.003669392317533493,0.07048380374908447,0.6505332589149475,4,0.5,2.7045154571533203
fixed,2,5561,0.7062360644340515,0.0,0.006263206247240305,0.08731710910797119,0.735562801361084,4,0.25,
fixed,2,5562,0.21130646765232086,0.0,0.013352535665035248,0.06627821922302246,0.23786620795726776,4,0.5,
fixed,2,5563,0.36027252674102783,0.0,0.013532101176679134,0.12338340282440186,0.40405359864234924,4,0.25,
fixed,2,5564,0.9194122552871704,0.0,0.017459070309996605,0.4733385443687439,1.0701433420181274,4,1.0,
fixed,2,5565,0.9307317733764648,0.03516750782728195,0.0006907483329996467,0.0720980167388916,0.9702903032302856,4,0.25,4.060645580291748
fixed,2,5566,0.9224885702133179,0.032573334872722626,0.007441464811563492,0.19280385971069336,1.0003371238708496,4,0.75,
fixed,2,5567,0.2564506530761719,0.0,0.010019313544034958,0.0777972936630249,0.2847994863986969,4,0.5,
fixed,2,5568,0.24384406208992004,0.0,0.006391266826540232,0.019718647003173828,0.25295528769493103,4,0.25,
fixed,2,5569,1.1192528009414673,0.0,0.013164583593606949,0.09292864799499512,1.1537137031555176,4,0.25,
fixed,2,5570,0.4690712094306946,1.7096405144911841e-06,0.00636261934414506,0.021467208862304688,0.47869354486465454,4,0.25,1.9068702459335327
fixed,2,5571,0.9406242370605469,0.0,0.01035292074084282,0.06644189357757568,0.9657332897186279,4,0.5,
fixed,2,5572,0.3736937642097473,0.03099825419485569,0.00968572124838829,0.16369354724884033,0.4431438148021698,4,0.75,
fixed,2,5573,0.30930137634277344,0.0,0.025979071855545044,0.12383532524108887,0.35944151878356934,4,0.75,
fixed,2,5574,1.0295605659484863,0.0,0.00034731245250441134,0.3788653612136841,1.143393874168396,4,0.0,
fixed,2,5575,0.5036960244178772,0.0,0.004132733214646578,0.13545632362365723,0.5463992953300476,4,0.25,1.3158774375915527
fixed,2,5576,1.0477591753005981,0.0172878485172987,0.010161751881241798,0.13398873805999756,1.1016806364059448,4,0.75,
fixed,2,5577,0.40248435735702515,0.0,0.004710957407951355,0.12960505485534668,0.44372135400772095,4,0.25,
fixed,2,5578,1.0419093370437622,0.0,0.012686989270150661,0.05537092685699463,1.064864158630371,4,0.5,
fixed,2,5579,0.6898800730705261,0.0,0.007602844852954149,0.09366428852081299,0.7217807769775391,4,0.25,
fixed,2,5580,1.5000096559524536,0.01692795194685459,0.004820113070309162,0.06407380104064941,1.5301058292388916,4,0.5,1.8834433555603027
fixed,2,5581,0.8243553638458252,0.0,0.008397803641855717,0.09398102760314941,0.8567485809326172,4,0.25,
fixed,2,5582,0.843568742275238,0.0,0.013999195769429207,0.06283354759216309,0.8694183826446533,4,0.5,
fixed,2,5583,0.6166364550590515,0.0,0.006711411289870739,0.08297038078308105,0.6448832750320435,4,0.25,
fixed,2,5584,0.31184467673301697,0.0,0.003881895449012518,0.08051693439483643,0.33794069290161133,4,0.25,
fixed,2,5585,0.32582828402519226,0.024751635268330574,0.013489650562405586,0.13538050651550293,0.38556307554244995,4,0.75,0.5150728821754456
fixed,2,5586,0.7481430768966675,0.0,0.01796877570450306,0.05642592906951904,0.7740552425384521,4,0.5,
fixed,2,5587,0.7466726303100586,0.0,0.018174463883042336,0.15551137924194336,0.802413284778595,4,0.75,
fixed,2,5588,0.3893830478191376,0.0,0.017566237598657608,0.45137226581573486,0.5335778594017029,4,1.0,
fixed,2,5589,0.2885025143623352,0.03130384907126427,0.011893505230545998,0.03668403625488281,0.3211064040660858,4,0.5,
fixed,2,5590,1.0381433963775635,0.00018498735153116286,0.011860175058245659,0.0344085693359375,1.0544885396957397,4,0.5,3.2107112407684326
fixed,2,5591,0.6003332138061523,0.0,0.0045990184880793095,0.07645690441131592,0.6255698204040527,4,0.25,
fixed,2,5592,1.265098214149475,0.0,0.007648555561900139,0.08585429191589355,1.294678807258606,4,0.25,
fixed,2,5593,1.1829553842544556,0.0,0.014368020929396152,0.04896688461303711,1.204829454421997,4,0.5,
fixed,2,5594,1.0311615467071533,0.0,0.012396604754030704,0.04753708839416504,1.0516209602355957,4,0.5,
fixed,2,5595,0.44942182302474976,0.0,0.010343664325773716,0.05644559860229492,0.4715273380279541,4,0.5,3.001085042953491
fixed,2,5596,0.3747585415840149,0.0,0.013247313909232616,0.060013532638549805,0.3993862569332123,4,0.5,
fixed,2,5597,0.5348765254020691,0.0,0.016977420076727867,0.051252126693725586,0.5587408542633057,4,0.5,
fixed,2,5598,0.8832977414131165,1.7601199715500115e-06,0.013310635462403297,0.06502687931060791,0.9094619750976562,4,0.5,
fixed,2,5599,0.46188458800315857,0.0,0.0036142650060355663,0.10475349426269531,0.49511778354644775,4,0.25,
fixed,2,5600,0.8448352813720703,0.027876587584614754,0.011539123952388763,0.15132486820220947,0.9099406003952026,4,0.75,0.6143675446510315
fixed,2,5601,1.2009472846984863,0.018109191209077835,0.007004717364907265,0.0725775957107544,1.235277533531189,4,0.5,
fixed,2,5602,0.3608928322792053,0.0,0.008441368117928505,0.12454509735107422,0.40247705578804016,4,0.25,
fixed,2,5603,0.6435701251029968,0.0,0.022371020168066025,0.13583898544311523,0.6955073475837708,4,0.75,
fixed,2,5604,0.4203950762748718,0.0,0.009523032233119011,0.05891823768615723,0.4428320527076721,4,0.5,
fixed,2,5605,0.7031819820404053,0.0,0.025512296706438065,0.06114840507507324,0.7342826724052429,4,0.5,5.177578449249268
fixed,2,5606,0.44389548897743225,0.0,0.016408659517765045,0.15814483165740967,0.49954327940940857,4,0.75,
fixed,2,5607,0.4338741898536682,0.0,0.008928203023970127,0.049506187438964844,0.4531901478767395,4,0.5,
fixed,2,5608,0.7685556411743164,0.026759568601846695,0.010293216444551945,0.056507229804992676,0.8040342330932617,4,0.5,
fixed,2,5609,0.476567804813385,0.0,0.004297280218452215,0.0894545316696167,0.5055528283119202,4,0.25,
fixed,2,5610,0.8787294030189514,0.0,0.007573311682790518,0.055499911308288574,0.8991660475730896,4,0.5,2.3522238731384277
fixed,2,5611,0.7345515489578247,0.0,0.012075700797140598,0.05075430870056152,0.7558156847953796,4,0.5,
fixed,2,5612,0.7240248322486877,0.019374558702111244,0.017191508784890175,0.10394799709320068,0.7734922766685486,4,0.75,
fixed,2,5613,0.9051746129989624,0.0,0.012428468093276024,0.042572855949401855,0.9241607189178467,4,0.5,
fixed,2,5614,0.40392574667930603,0.0,0.01810481771826744,0.14037370681762695,0.4550902843475342,4,0.75,
fixed,2,5615,0.21103987097740173,0.0,0.011840707622468472,0.04389822483062744,0.2301296889781952,4,0.5,3.1636805534362793
fixed,2,5616,0.4708329439163208,0.0,0.005611675325781107,0.0397641658782959,0.4855680465698242,4,0.25,
fixed,2,5617,0.756065845489502,0.0,0.004664313048124313,0.092368483543396,0.7861085534095764,4,0.25,
fixed,2,5618,0.6049535274505615,0.05798269808292389,0.008197379298508167,0.11805081367492676,0.6734588146209717,4,0.75,
fixed,2,5619,0.6880977153778076,0.0,0.010429222136735916,0.056915998458862305,0.710387110710144,4,0.5,
fixed,2,5620,0.44794416427612305,0.019288677722215652,0.004084682557731867,0.05208122730255127,0.47525522112846375,4,0.5,2.1344385147094727
fixed,2,5621,0.9454828500747681,0.0,0.012840719893574715,0.06128978729248047,0.9702901244163513,4,0.5,
fixed,2,5622,0.44668155908584595,0.027990303933620453,0.0005216003628447652,0.13356637954711914,0.5010074377059937,4,0.25,
fixed,2,5623,1.8076391220092773,0.031896643340587616,0.01053722482174635,0.06083488464355469,1.8471065759658813,4,0.5,
fixed,2,5624,0.5383462309837341,0.0,0.012458793818950653,0.15002202987670898,0.5895822644233704,4,0.25,
fixed,2,5625,0.7763815522193909,0.0,0.00924164429306984,0.1432199478149414,0.8239683508872986,4,0.25,2.2147207260131836
fixed,2,5626,0.6859017610549927,0.0,0.01287926733493805,0.05480349063873291,0.708782434463501,4,0.5,
fixed,2,5627,0.8803144693374634,0.0,0.006230841390788555,0.09314084053039551,0.9113721251487732,4,0.25,
fixed,2,5628,0.6604955196380615,0.01897237077355385,0.012231157161295414,0.049011945724487305,0.6908008456230164,4,0.5,
fixed,2,5629,1.4201371669769287,0.015717552974820137,0.025074440985918045,0.23981189727783203,1.5124766826629639,4,1.0,
fixed,2,5630,0.7976495623588562,0.0,0.02322418987751007,0.1075371503829956,0.8415228128433228,4,0.75,5.618372917175293
fixed,2,5631,0.8048306107521057,0.0,0.025795122608542442,0.03293895721435547,0.8276098370552063,4,0.5,
fixed,2,5632,0.34201714396476746,0.0,0.00741813937202096,0.21285653114318848,0.409583181142807,4,0.0,
fixed,2,5633,0.5072639584541321,0.0,0.021450510248541832,0.14654254913330078,0.5619519948959351,4,0.25,
fixed,2,5634,0.49353572726249695,0.0,0.03052826225757599,0.1658949851989746,0.5585683584213257,4,0.5,
fixed,2,5635,0.6003859043121338,0.0,0.020852111279964447,0.1240696907043457,0.6480328440666199,4,0.75,5.086540699005127
fixed,2,5636,1.281224250793457,0.01727186143398285,0.005426603835076094,0.039502859115600586,1.3044242858886719,4,0.5,
fixed,2,5637,0.8927823305130005,0.0,0.027008546516299248,0.10364925861358643,0.937381386756897,4,0.75,
fixed,2,5638,0.7128878235816956,0.0,0.013452761806547642,0.17684924602508545,0.7726689577102661,4,0.75,
fixed,2,5639,0.3721578121185303,0.019493313506245613,0.010957594029605389,0.04038405418395996,0.39949849247932434,4,0.5,
fixed,2,5640,0.4512690603733063,0.0,0.009311027824878693,0.11118185520172119,0.4892791211605072,4,0.25,2.124500036239624
fixed,2,5641,0.2948799133300781,0.0,0.012429543770849705,0.07127058506011963,0.3224758505821228,4,0.5,
fixed,2,5642,0.5905650854110718,0.0,0.009325155057013035,0.07632195949554443,0.61812424659729,4,0.5,
fixed,2,5643,0.14594393968582153,0.0,0.008473346009850502,0.12415480613708496,0.18742705881595612,4,0.25,
fixed,2,5644,0.7293997406959534,0.0,0.017018457874655724,0.06781554222106934,0.7582536339759827,4,0.5,
fixed,2,5645,0.7874044179916382,0.02720602974295616,0.004854307509958744,0.06782352924346924,0.8237816691398621,4,0.5,2.2337982654571533
fixed,2,5646,0.7120519876480103,0.015561058185994625,0.003990898374468088,0.08006441593170166,0.7458472847938538,4,0.5,
fixed,2,5647,0.7747888565063477,0.0,0.011468635872006416,0.040641188621520996,0.7927155494689941,4,0.25,
fixed,2,5648,0.5955982804298401,0.0,0.01867096871137619,0.25399017333984375,0.6811308264732361,4,0.75,
fixed,2,5649,0.5947092771530151,0.0,0.01284574344754219,0.18956482410430908,0.6580016016960144,4,0.75,
fixed,2,5650,0.5882953405380249,0.0,0.015274882316589355,0.07686662673950195,0.6189927458763123,4,0.5,3.712684154510498
fixed,2,5651,0.247545063495636,0.0,0.010536580346524715,0.0788646936416626,0.2764727771282196,4,0.5,
fixed,2,5652,0.5811699628829956,0.0,0.01857309602200985,0.07495880126953125,0.6129441261291504,4,0.25,
fixed,2,5653,0.7126350998878479,0.03055218979716301,0.006248114630579948,0.21398472785949707,0.7952306866645813,4,0.75,
fixed,2,5654,0.9697964191436768,0.0,0.03223346173763275,0.11940348148345947,1.0217342376708984,4,0.75,
fixed,2,5655,1.066819667816162,0.0,0.006320808548480272,0.0922011137008667,1.0976403951644897,3,0.5,1.7967313528060913
fixed,2,5656,0.5752970576286316,0.0,0.0008351053111255169,0.41520261764526367,0.7002754211425781,4,0.0,
fixed,2,5657,0.49430975317955017,0.01568758115172386,0.009362595155835152,0.14885234832763672,0.5514905452728271,4,0.75,
fixed,2,5658,0.5563287734985352,9.273565228795633e-05,0.005889652296900749,0.0326615571975708,0.5691184401512146,4,0.25,
fixed,2,5659,0.6914896965026855,0.0,0.020454080775380135,0.06213653087615967,0.7203577160835266,4,0.5,
fixed,2,5660,0.527346134185791,0.0,0.000770082522649318,0.35408806800842285,0.6339576244354248,4,0.0,1.223402976989746
fixed,2,5661,0.5153375864028931,0.0,0.014294782653450966,0.05037188529968262,0.5375965237617493,4,0.5,
fixed,2,5662,0.5586045980453491,0.0,0.013488579541444778,0.05874943733215332,0.5829737186431885,4,0.5,
fixed,2,5663,0.2732433080673218,0.0,0.01820262148976326,0.22738146781921387,0.3505590558052063,4,0.5,
fixed,2,5664,0.418914794921875,0.03570250794291496,0.006494976580142975,0.06315445899963379,0.4589598774909973,4,0.5,
fixed,2,5665,0.9032143950462341,0.020718690007925034,0.009069972671568394,0.04391944408416748,0.9312845468521118,4,0.5,1.2851768732070923
fixed,2,5666,0.38182348012924194,0.0,0.007071472704410553,0.06745219230651855,0.4055948853492737,4,0.5,
fixed,2,5667,0.6290220618247986,0.0,0.0077948179095983505,0.09926939010620117,0.6627002954483032,4,0.25,
fixed,2,5668,0.32624462246894836,0.0,0.018179118633270264,0.2699834108352661,0.41632920503616333,4,0.75,
fixed,2,5669,0.9020058512687683,0.009428425692021847,0.029853997752070427,0.0779951810836792,0.9450455904006958,4,0.75,
fixed,2,5670,0.9499396085739136,0.0,0.0005388663848862052,0.3436002731323242,1.0532891750335693,4,0.0,1.0576326847076416
fixed,2,5671,0.5839046835899353,0.0,0.009742327965795994,0.05485939979553223,0.6052336692810059,4,0.5,
fixed,2,5672,0.49945735931396484,0.02874673902988434,0.014281698502600193,0.1447007656097412,0.5643818378448486,4,0.75,
fixed,2,5673,0.9009177088737488,0.0,0.012251912616193295,0.055761098861694336,0.9237719774246216,4,0.5,
fixed,2,5674,0.8672327995300293,0.014477482065558434,0.015326428227126598,0.021826744079589844,0.8886827826499939,4,0.5,
fixed,2,5675,0.41411662101745605,0.0,0.00021093252871651202,0.3096330165863037,0.5071119666099548,4,0.0,0.6776250600814819
fixed,2,5676,0.4254443347454071,0.0,0.008078712970018387,0.02617347240447998,0.437335729598999,4,0.25,
fixed,2,5677,0.9098154902458191,0.0,0.036682967096567154,0.10030210018157959,0.9582476019859314,4,0.75,
fixed,2,5678,0.36016926169395447,0.0,0.005171867087483406,0.07577300071716309,0.38548707962036133,4,0.25,
fixed,2,5679,0.1700606346130371,0.0,0.00853969156742096,0.02983856201171875,0.1832820475101471,4,0.25,
fixed,2,5680,0.7912870645523071,2.0319679606473073e-05,0.004881194327026606,0.08853363990783691,0.82029789686203,4,0.25,1.4205219745635986
fixed,2,5681,0.4344339966773987,0.0,0.012795990332961082,0.06666672229766846,0.46083199977874756,4,0.5,
fixed,2,5682,0.2871263027191162,0.0,0.01913594827055931,0.15198814868927002,0.3422907292842865,4,0.75,
fixed,2,5683,0.30734652280807495,0.0,0.012053266167640686,0.06056344509124756,0.3315421938896179,4,0.5,
fixed,2,5684,0.258238285779953,0.0,0.012265944853425026,0.06848716735839844,0.284917414188385,4,0.5,
fixed,2,5685,0.4516255557537079,0.02922314777970314,0.009544690139591694,0.09880530834197998,0.5006510615348816,4,0.75,3.2305874824523926
fixed,2,5686,1.089692234992981,0.0,0.021677955985069275,0.1683288812637329,1.1510298252105713,4,0.75,
fixed,2,5687,0.5378767848014832,0.0,0.011785295791924,0.07460570335388184,0.5661511421203613,4,0.5,
fixed,2,5688,0.8671607971191406,0.0,0.00014587549958378077,0.378939151763916,0.9809154868125916,4,0.0,
fixed,2,5689,1.2811373472213745,0.014644807204604149,0.006076388526707888,0.08187568187713623,1.3160606622695923,4,0.5,
fixed,2,5690,0.5273391604423523,4.377693016976991e-07,0.008409230969846249,0.11287689208984375,0.5654070377349854,4,0.25,2.0502214431762695
fixed,2,5691,0.6285497546195984,0.0,0.00013188317825552076,0.36213064193725586,0.7372549176216125,4,0.0,
fixed,2,5692,0.5455228090286255,0.03125791996717453,0.005585670471191406,0.0393902063369751,0.5757616758346558,4,0.5,
fixed,2,5693,0.20474308729171753,0.0,0.007553339470177889,0.041170477867126465,0.22087089717388153,4,0.25,
fixed,2,5694,0.6588005423545837,0.0,0.012802854180335999,0.05554044246673584,0.6818640828132629,4,0.5,
fixed,2,5695,0.5550023317337036,0.0,0.0028987096156924963,0.07947397232055664,0.5802938938140869,4,0.25,1.0113728046417236
fixed,2,5696,0.8126882910728455,0.009607410058379173,0.008988440036773682,0.11740326881408691,0.857207179069519,4,0.75,
fixed,2,5697,0.7412357926368713,0.0,0.007705965079367161,0.0358729362487793,0.7558506727218628,4,0.25,
fixed,2,5698,0.929054856300354,0.0,0.0046405005268752575,0.08757758140563965,0.9576483964920044,4,0.25,
fixed,2,5699,0.48126763105392456,0.005996805150061846,0.015989627689123154,0.11420762538909912,0.5265231132507324,4,0.5,
fixed,2,5700,0.9028925895690918,0.0,0.011107557453215122,0.0626145601272583,0.927230715751648,4,0.5,3.047945261001587
fixed,2,5701,0.5072947144508362,0.0,0.042862389236688614,0.09664046764373779,0.55771803855896,4,0.5,
fixed,2,5702,0.552806556224823,0.025253640487790108,0.00028236786602064967,0.10607051849365234,0.5973957180976868,4,0.25,
fixed,2,5703,0.8912937641143799,0.018633097410202026,0.006632833741605282,0.09189963340759277,0.9314966201782227,4,0.75,
fixed,2,5704,0.7193645238876343,0.0,0.03733673691749573,0.13959264755249023,0.779910683631897,4,0.75,
fixed,2,5705,0.4649120271205902,0.0,0.006266697775572538,0.09470415115356445,0.4964566230773926,4,0.25,1.7780184745788574
fixed,2,5706,0.6474739909172058,0.06477019935846329,0.007957211695611477,0.47258615493774414,0.8256135582923889,4,1.0,
fixed,2,5707,0.34240466356277466,0.0,0.018983855843544006,0.16828525066375732,0.40238216519355774,4,0.75,
fixed,2,5708,0.7062080502510071,0.0,0.0004121816891711205,0.3327524662017822,0.806239902973175,4,0.0,
fixed,2,5709,0.5053713917732239,0.0,0.02517363429069519,0.12055504322052002,0.5541247129440308,4,0.75,
fixed,2,5710,1.3740456104278564,0.005490018054842949,0.013124601915478706,0.02123105525970459,1.389722228050232,4,0.25,2.2354161739349365
fixed,2,5711,0.8820323348045349,0.0,0.04977693781256676,0.09014749526977539,0.9339650273323059,4,0.5,
fixed,2,5712,0.5351005792617798,0.0,0.023528259247541428,0.11988472938537598,0.5828301310539246,4,0.75,
fixed,2,5713,0.5095204710960388,0.0,0.03559614717960358,0.08471107482910156,0.5527318716049194,4,0.75,
fixed,2,5714,0.5085111260414124,0.0,0.02020338736474514,0.1339116096496582,0.5587863326072693,4,0.75,
fixed,2,5715,0.9290739297866821,0.0,0.017087260261178017,0.043067336082458496,0.9505377411842346,4,0.5,3.957441568374634
fixed,2,5716,0.31794679164886475,0.004950798582285643,0.06719517707824707,0.10120129585266113,0.38438016176223755,4,0.0,
fixed,2,5717,0.8564882278442383,0.02162259817123413,0.00016832255641929805,0.09877324104309082,0.8970156908035278,4,0.25,
fixed,2,5718,0.5054928660392761,0.003577508730813861,0.0033419483806937933,0.1261281967163086,0.5467910766601562,4,0.0,
fixed,2,5719,0.546589732170105,0.0,0.02153068408370018,0.131294846534729,0.5967435240745544,4,0.75,
fixed,2,5720,0.43753448128700256,0.0,0.017103286460042,0.054937005043029785,0.46256721019744873,4,0.5,3.991046190261841
fixed,2,5721,0.39174285531044006,0.0,0.06684871017932892,0.07905077934265137,0.44888246059417725,4,0.25,
fixed,2,5722,0.5091457366943359,0.04334646463394165,0.004185081925243139,0.13069093227386475,0.5721187591552734,4,0.75,
fixed,2,5723,0.3964671492576599,0.0,0.03477604687213898,0.07705795764923096,0.43697255849838257,4,0.5,
fixed,2,5724,0.8340173363685608,0.0,0.05398958921432495,0.08435750007629395,0.8863193988800049,4,0.75,
fixed,2,5725,0.5273208022117615,0.0,0.021820498630404472,0.07917594909667969,0.5619838237762451,4,0.25,3.4162113666534424
fixed,2,5726,0.501054048538208,0.0,0.005765174049884081,0.10659730434417725,0.5359158515930176,4,0.25,
fixed,2,5727,0.9081079363822937,0.0,0.006158254574984312,0.10770392417907715,0.9434982538223267,4,0.25,
fixed,2,5728,0.6770369410514832,0.0,0.01641620323061943,0.16371989250183105,0.7343609929084778,4,0.75,
fixed,2,5729,0.5053296089172363,0.06443009525537491,0.0,0.11106002330780029,0.5708626508712769,4,0.75,
fixed,2,5730,0.4107043445110321,0.0,0.010837511159479618,0.06354713439941406,0.4351872503757477,4,0.5,3.0403597354888916
fixed,2,5731,0.7050732374191284,0.01312637235969305,0.004386194050312042,0.06651639938354492,0.7337844371795654,4,0.5,
fixed,2,5732,1.2642401456832886,0.0,0.010203282348811626,0.09926748275756836,1.2991219758987427,4,0.25,
fixed,2,5733,0.5013800859451294,0.0,0.01731785014271736,0.050679922103881836,0.5252429842948914,4,0.5,
fixed,2,5734,0.54984050989151,0.0,0.012692855671048164,0.07516443729400635,0.5787362456321716,4,0.5,
fixed,2,5735,0.49693429470062256,0.0,0.011735541746020317,0.03224635124206543,0.5124759674072266,4,0.25,2.872034788131714
fixed,2,5736,0.5769906044006348,0.02994571067392826,0.012508999556303024,0.1441812515258789,0.641472339630127,4,0.75,
fixed,2,5737,0.5982571840286255,0.0,0.004435741808265448,0.10782194137573242,0.6328216195106506,4,0.25,
fixed,2,5738,0.5638902187347412,0.0,0.01959083415567875,0.2560610771179199,0.6505039930343628,4,0.75,
fixed,2,5739,0.633151113986969,0.0,0.02018873766064644,0.15092229843139648,0.6885221600532532,4,0.75,
fixed,2,5740,1.0899839401245117,0.0,0.014821970835328102,0.040953636169433594,1.1096810102462769,4,0.25,3.8071932792663574
fixed,2,5741,0.19717639684677124,0.0,0.018795713782310486,0.15722358226776123,0.2537413239479065,4,0.75,
fixed,2,5742,1.0640184879302979,0.01867549493908882,0.008531841449439526,0.07207083702087402,1.099243402481079,4,0.5,
fixed,2,5743,0.23411694169044495,0.011360907927155495,0.017665978521108627,0.13409316539764404,0.2888583242893219,4,0.75,
fixed,2,5744,0.3951145112514496,0.0,0.020828768610954285,0.1336667537689209,0.44562891125679016,4,0.75,
fixed,2,5745,0.5099202990531921,0.010261201299726963,0.016739903017878532,0.10956060886383057,0.55628901720047,4,0.75,2.3282387256622314
fixed,2,5746,0.38457292318344116,0.007941286079585552,0.008173352107405663,0.09991276264190674,0.4226040840148926,4,0.5,
fixed,2,5747,0.48077917098999023,0.0,0.03659285977482796,0.024457454681396484,0.5064128637313843,4,0.5,
fixed,2,5748,0.9556204080581665,0.0,0.0008204557234421372,0.44417262077331543,1.0892823934555054,4,0.0,
fixed,2,5749,0.9104095697402954,0.0,0.038056544959545135,0.10736680030822754,0.9616478681564331,4,0.5,
fixed,2,5750,0.7479636073112488,0.0,0.04089333862066269,0.07719790935516357,0.7915696501731873,4,0.75,7.7998433113098145
fixed,2,5751,0.6303253769874573,0.0,0.01177498884499073,0.13795673847198486,0.6775999069213867,4,0.25,
fixed,2,5752,0.29499632120132446,0.026081040501594543,0.01616174727678299,0.22837567329406738,0.3846304416656494,4,0.75,
fixed,2,5753,0.8291529417037964,0.020210331305861473,0.007706897798925638,0.04222679138183594,0.8557795882225037,4,0.5,
fixed,2,5754,0.5738914012908936,0.0,0.023395732045173645,0.1336982250213623,0.6256987452507019,4,0.75,
fixed,2,5755,0.48155057430267334,0.0,0.02873225137591362,0.19723665714263916,0.555087685585022,4,0.75,6.568856239318848
fixed,2,5756,0.5675538778305054,0.0,0.007143914699554443,0.07008683681488037,0.5921518802642822,4,0.25,
fixed,2,5757,0.41357237100601196,0.011593742296099663,0.009359929710626602,0.05083656311035156,0.43930017948150635,4,0.5,
fixed,2,5758,1.32500422000885,0.03417692705988884,0.009214880876243114,0.08121752738952637,1.371065378189087,4,0.75,
fixed,2,5759,0.6747761368751526,0.0,0.011970617808401585,0.09390401840209961,0.708932638168335,4,0.25,
fixed,2,5760,1.0637222528457642,0.0,0.01960361935198307,0.035288453102111816,1.0841106176376343,4,0.5,4.468721866607666
fixed,2,5761,0.5826879143714905,0.0,0.0201552901417017,0.04618263244628906,0.6066203713417053,4,0.5,
fixed,2,5762,0.4704851806163788,0.019540270790457726,0.025053177028894424,0.05216693878173828,0.5084319710731506,4,0.5,
fixed,2,5763,0.6175184845924377,0.006540887989103794,0.024350013583898544,0.06369543075561523,0.652072548866272,4,0.75,
fixed,2,5764,0.5502175092697144,0.0,0.013677223585546017,0.11115097999572754,0.5904014110565186,4,0.25,
fixed,2,5765,0.8910189270973206,0.0,0.055075064301490784,0.19835186004638672,0.9780620336532593,4,1.0,9.754454612731934
fixed,2,5766,0.48487192392349243,0.0,0.02564619854092598,0.05418086051940918,0.5139492750167847,4,0.5,
fixed,2,5767,0.5945098996162415,0.0,0.046206023544073105,0.0920267105102539,0.645220935344696,4,0.75,
fixed,2,5768,0.8307481408119202,0.0,0.0024060052819550037,0.23004794120788574,0.9009655117988586,4,0.0,
fixed,2,5769,0.2767903208732605,0.0,0.020213410258293152,0.04658961296081543,0.30087390542030334,4,0.5,
fixed,2,5770,0.4155164659023285,0.0414954274892807,0.013380782678723335,0.29693126678466797,0.5320339202880859,4,1.0,3.2262496948242188
fixed,2,5771,0.3982274532318115,0.0,0.03319120407104492,0.11904668807983398,0.4505370557308197,4,0.75,
fixed,2,5772,0.25046151876449585,0.0,0.024977508932352066,0.036016106605529785,0.27375510334968567,4,0.5,
fixed,2,5773,0.6688368916511536,0.0,0.015340462327003479,0.0766979455947876,0.6995165348052979,4,0.5,
fixed,2,5774,0.4903339445590973,0.0,0.019053112715482712,0.043915629386901855,0.5130351781845093,4,0.5,
fixed,2,5775,0.7843258380889893,4.563397908441402e-07,0.013125741854310036,0.08234751224517822,0.8155931830406189,4,0.5,3.444021463394165
fixed,2,5776,0.47478988766670227,6.697224307572469e-06,0.02508864738047123,0.08434116840362549,0.5126399397850037,4,0.5,
fixed,2,5777,0.3887832462787628,0.0,0.022964660078287125,0.1449575424194336,0.44375282526016235,4,0.75,
fixed,2,5778,0.4555458426475525,2.663856139406562e-05,0.009958518669009209,0.0885077714920044,0.4870907664299011,4,0.5,
fixed,2,5779,0.5372873544692993,0.0,0.008068949915468693,0.05976223945617676,0.5592504739761353,4,0.5,
fixed,2,5780,0.3016585409641266,0.0,0.0187232568860054,0.25861310958862305,0.3886041045188904,4,0.75,4.949529647827148
fixed,2,5781,0.7413581609725952,0.0,0.009721731767058372,0.0839989185333252,0.7714186906814575,4,0.5,
fixed,2,5782,0.8744006752967834,0.0,0.008647129870951176,0.10365462303161621,0.9098206162452698,4,0.25,
fixed,2,5783,0.46679162979125977,0.0,0.00546796340495348,0.10904562473297119,0.5022392868995667,4,0.25,
fixed,2,5784,0.5628520846366882,0.0,0.0182756669819355,0.04724526405334473,0.5861635208129883,4,0.5,
fixed,2,5785,0.9953244924545288,0.0,0.02056165039539337,0.13850045204162598,1.047155499458313,4,0.75,5.126593112945557
fixed,2,5786,0.7641528844833374,0.0,0.004165990743786097,0.07518613338470459,0.7887917160987854,4,0.25,
fixed,2,5787,0.44258832931518555,0.0,0.008834810927510262,0.059145331382751465,0.4647493362426758,4,0.5,
fixed,2,5788,0.663764238357544,0.0,0.0063784061931073666,0.05973803997039795,0.6848748326301575,4,0.5,
fixed,2,5789,0.8232583403587341,0.018869083374738693,0.00027813902124762535,0.08855366706848145,0.8593980669975281,4,0.25,
fixed,2,5790,0.6533637046813965,0.01959921233355999,0.01613762602210045,0.03269338607788086,0.6810401678085327,4,0.5,1.5242111682891846
fixed,2,5791,0.6245458722114563,0.0,0.014521067962050438,0.04209434986114502,0.6444346904754639,4,0.5,
fixed,2,5792,0.8467980027198792,0.0,0.009601088240742683,0.05290675163269043,0.8674705624580383,4,0.5,
fixed,2,5793,0.773639976978302,0.0,0.0032993927597999573,0.064300537109375,0.7945798635482788,4,0.25,
fixed,2,5794,0.6934038400650024,0.0,0.003961415030062199,0.073844313621521,0.7175378203392029,4,0.25,
fixed,2,5795,0.43085700273513794,0.0,0.0055445111356675625,0.07421410083770752,0.45589348673820496,4,0.5,1.8490972518920898
fixed,2,5796,0.3119796812534332,0.0,0.010361064225435257,0.053719162940979004,0.3332759737968445,4,0.5,
fixed,2,5797,0.6055123805999756,0.0,0.02235703356564045,0.14613616466522217,0.660531759262085,4,0.75,
fixed,2,5798,0.5076020359992981,0.0,0.0030886002350598574,0.09490442276000977,0.5376176834106445,4,0.25,
fixed,2,5799,0.36319947242736816,0.02646760456264019,0.0029350435361266136,0.06681561470031738,0.39794546365737915,4,0.5,
fixed,2,5800,0.5317506790161133,0.0,0.0027847818564623594,0.09679734706878662,0.5621822476387024,4,0.25,1.0198907852172852
fixed,2,5801,0.6269898414611816,0.0,0.018442895263433456,0.23202288150787354,0.7058181762695312,4,0.5,
fixed,2,5802,1.97148859500885,0.014761963859200478,0.009442627429962158,0.4009947180747986,2.103889226913452,4,1.0,
fixed,2,5803,0.6717119812965393,0.0,0.012545023113489151,0.1976069211959839,0.7372665405273438,4,0.75,
fixed,2,5804,0.3247663378715515,0.014385535381734371,0.0052454350516200066,0.16341733932495117,0.38360702991485596,4,0.75,
fixed,2,5805,0.5122218132019043,0.0,0.003062703413888812,0.09151983261108398,0.5412091016769409,4,0.25,1.1675406694412231
fixed,2,5806,0.5788316130638123,0.01441875472664833,0.0004850975819863379,0.1769641637802124,0.6393727660179138,4,0.25,
fixed,2,5807,0.34300366044044495,0.0,0.0277649387717247,0.11611080169677734,0.39171937108039856,4,0.75,
fixed,2,5808,0.5158218145370483,0.0,0.037696562707424164,0.14461231231689453,0.5780537724494934,4,0.75,
fixed,2,5809,0.5950925946235657,0.0,0.005289717111736536,0.10768318176269531,0.6300424337387085,4,0.25,
fixed,2,5810,0.4053642749786377,0.0,0.017891425639390945,0.14566099643707275,0.4580082893371582,4,0.75,4.781233787536621
fixed,2,5811,0.5520751476287842,0.0,0.021599790081381798,0.1183934211730957,0.5983930826187134,4,0.75,
fixed,2,5812,0.4489893615245819,0.0,0.00698897335678339,0.10182368755340576,0.48303094506263733,4,0.25,
fixed,2,5813,0.6556839942932129,0.0,0.02051485888659954,0.03825020790100098,0.6774165034294128,4,0.5,
fixed,2,5814,0.24448901414871216,0.0,0.008795411325991154,0.04275166988372803,0.2617122232913971,4,0.25,
fixed,2,5815,0.5107094645500183,0.0,0.06712076812982559,0.1512448787689209,0.5896432995796204,4,1.0,9.354618072509766
fixed,2,5816,0.34244605898857117,0.0,0.007698178291320801,0.10973215103149414,0.3792147934436798,4,0.25,
fixed,2,5817,0.5691831111907959,0.009149068966507912,0.022855263203382492,0.06052064895629883,0.6033414602279663,4,0.75,
fixed,2,5818,0.34460577368736267,0.0,0.003186938352882862,0.0914534330368042,0.37363526225090027,4,0.25,
fixed,2,5819,0.8568856120109558,0.006958510261029005,0.01067114807665348,0.1616976261138916,0.9142097234725952,4,0.75,
fixed,2,5820,0.6354272365570068,0.0034276419319212437,0.007472559344023466,0.10194563865661621,0.6714610457420349,4,0.5,2.069859743118286
fixed,2,5821,0.5509764552116394,0.0,0.015597257763147354,0.05264878273010254,0.5745697021484375,4,0.5,
fixed,2,5822,1.1173014640808105,0.030150244012475014,0.008796192705631256,0.16872954368591309,1.1873935461044312,4,0.75,
fixed,2,5823,0.9974098205566406,0.0,0.005124650429934263,0.11366152763366699,1.034070611000061,4,0.25,
fixed,2,5824,0.6883034110069275,0.0,0.02281590923666954,0.11193323135375977,0.7332913279533386,4,0.75,
fixed,2,5825,0.27688488364219666,0.0,0.014735440723598003,0.17965388298034668,0.3381487727165222,4,0.75,4.22227668762207
fixed,2,5826,0.685297429561615,0.0,0.005831594113260508,0.12826502323150635,0.7266927361488342,4,0.25,
fixed,2,5827,0.4337824583053589,0.002368820598348975,0.0444018729031086,0.12609338760375977,0.4949958324432373,4,0.5,
fixed,2,5828,0.7417699098587036,0.0,0.0007125482079572976,0.44309890270233154,0.8750558495521545,4,0.0,
fixed,2,5829,0.7445312142372131,0.0,0.050825655460357666,0.1035308837890625,0.8010033369064331,4,0.25,
fixed,2,5830,0.5916855931282043,0.0,0.011324533261358738,0.05052828788757324,0.6125063300132751,4,0.25,3.2300355434417725
fixed,2,5831,0.7442092895507812,0.0,0.07938501238822937,0.10176301002502441,0.8144307136535645,4,0.75,
fixed,2,5832,0.3340902030467987,0.0,0.0237880926579237,0.3833315372467041,0.4609836935997009,4,1.0,
fixed,2,5833,0.335993230342865,7.752263627480716e-05,0.014039664529263973,0.04196739196777344,0.35564205050468445,4,0.25,
fixed,2,5834,0.8829732537269592,0.0,0.05368776246905327,0.22018873691558838,0.9758737683296204,4,1.0,
fixed,2,5835,0.6644349694252014,0.002555126091465354,0.025080475956201553,0.1791781187057495,0.7320061922073364,4,0.75,5.379727840423584
fixed,2,5836,0.6823060512542725,0.0,0.03673100471496582,0.059909820556640625,0.7186444997787476,4,0.5,
fixed,2,5837,0.38271135091781616,0.029026642441749573,0.00028910982655361295,0.07753336429595947,0.42062923312187195,4,0.25,
fixed,2,5838,0.6547641754150391,0.0,0.007267722859978676,0.10032713413238525,0.6884961724281311,4,0.25,
fixed,2,5839,0.6213366389274597,0.0,0.014266169629991055,0.06688547134399414,0.6485353708267212,4,0.5,
fixed,2,5840,0.46180805563926697,0.0001658697728998959,0.005368342157453299,0.0615459680557251,0.4830389618873596,4,0.25,1.4502732753753662
fixed,2,5841,0.996441662311554,0.03036816418170929,0.009917756542563438,0.4962308406829834,1.1654539108276367,4,1.0,
fixed,2,5842,0.37579503655433655,0.0,0.0027854149229824543,0.07933223247528076,0.4009874165058136,4,0.25,
fixed,2,5843,0.5511382818222046,0.006015272811055183,0.00022524455562233925,0.18358874320983887,0.60933518409729,4,0.0,
fixed,2,5844,0.6958574056625366,0.030180690810084343,0.0017380868084728718,0.050919532775878906,0.7270926833152771,4,0.25,
fixed,2,5845,0.594469428062439,0.0,0.003599330084398389,0.08359229564666748,0.6213467717170715,4,0.25,1.24737548828125
fixed,2,5846,0.6491461396217346,0.013336182571947575,0.030184611678123474,0.08424067497253418,0.6961787343025208,4,0.75,
fixed,2,5847,0.6087977886199951,0.007363004609942436,0.02245340496301651,0.08078634738922119,0.6479418873786926,4,0.75,
fixed,2,5848,0.3398987352848053,0.0,0.039229415357112885,0.3133646249771118,0.45352283120155334,4,1.0,
fixed,2,5849,0.2955054044723511,0.0,0.024680884554982185,0.18095314502716064,0.362131804227829,4,0.25,
fixed,2,5850,0.7042174339294434,0.0,0.006796651519834995,0.09302973747253418,0.7355246543884277,4,0.25,1.7872830629348755
fixed,2,5851,1.2415106296539307,0.0,0.013645210303366184,0.06154966354370117,1.2667981386184692,4,0.5,
fixed,2,5852,0.7716827392578125,0.0,0.006591936573386192,0.0951242446899414,0.8035159707069397,4,0.25,
fixed,2,5853,0.6453007459640503,0.0,0.049202077090740204,0.07625389099121094,0.6927779316902161,4,0.75,
fixed,2,5854,0.5595810413360596,0.006225381046533585,0.009939940646290779,0.15530431270599365,0.6142550110816956,4,0.5,
fixed,2,5855,1.1047500371932983,0.0,0.009044528007507324,0.05387985706329346,1.1254363059997559,4,0.5,2.758702278137207
fixed,2,5856,0.4767051339149475,0.0,0.011041305959224701,0.050359368324279785,0.4973335862159729,4,0.5,
fixed,2,5857,0.41976243257522583,0.0272049680352211,0.016957467421889305,0.12350940704345703,0.47889646887779236,4,0.75,
fixed,2,5858,0.4851561486721039,0.0,0.010778984054923058,0.05160045623779297,0.5060257911682129,4,0.5,
fixed,2,5859,0.889021635055542,0.0,0.00027287870761938393,0.32877016067504883,0.9877891540527344,4,0.0,
fixed,2,5860,0.648025393486023,0.0,0.034519970417022705,0.10105490684509277,0.6956018209457397,4,0.75,5.903960227966309
fixed,2,5861,0.5154032707214355,0.0,0.00887814536690712,0.05402958393096924,0.5360512137413025,4,0.5,
fixed,2,5862,0.8636408448219299,0.0,0.020088424906134605,0.12721669673919678,0.911850094795227,4,0.25,
fixed,2,5863,0.3616025149822235,0.0,0.011638795025646687,0.04443693161010742,0.3807529807090759,4,0.5,
fixed,2,5864,1.4587451219558716,0.0,0.0029694712720811367,0.24183106422424316,1.5327792167663574,4,0.0,
fixed,2,5865,0.4609469771385193,0.011674285866320133,0.008949274197220802,0.1269780397415161,0.5093521475791931,4,0.75,1.7312791347503662
fixed,2,5866,0.7168412208557129,0.0,0.00647408701479435,0.03668367862701416,0.7310833930969238,4,0.25,
fixed,2,5867,0.7267030477523804,0.0,0.012772738933563232,0.06664586067199707,0.7530831694602966,4,0.5,
fixed,2,5868,0.8714184761047363,0.0,0.02475004829466343,0.060929298400878906,0.9020723104476929,4,0.5,
fixed,2,5869,0.6040568351745605,0.0370669923722744,0.021368620917201042,0.21689260005950928,0.6983424425125122,4,0.75,
fixed,2,5870,0.15406031906604767,0.0,0.009923741221427917,0.09375321865081787,0.18714815378189087,4,0.5,2.9008853435516357
fixed,2,5871,0.7740241885185242,0.0,0.010135943070054054,0.08983492851257324,0.8060426712036133,4,0.5,
fixed,2,5872,0.5294100642204285,0.0,0.02371489256620407,0.1767498254776001,0.5942924618721008,4,0.75,
fixed,2,5873,0.23754557967185974,0.0,0.007279462181031704,0.2420496940612793,0.31380021572113037,4,0.0,
fixed,2,5874,0.507083535194397,0.0,0.04205938056111336,0.29572343826293945,0.6168302297592163,4,1.0,
fixed,2,5875,1.1723769903182983,0.0,0.012397076934576035,0.08256173133850098,1.2033441066741943,4,0.5,3.1890270709991455
fixed,2,5876,0.5229451656341553,0.0,0.014675522223114967,0.1956731081008911,0.5889848470687866,4,0.75,
fixed,2,5877,0.26451367139816284,0.0,0.019056083634495735,0.27256882190704346,0.3558123707771301,4,0.75,
fixed,2,5878,0.9761396646499634,0.01240038312971592,0.02232709340751171,0.1021660566329956,1.024153232574463,4,0.75,
fixed,2,5879,0.6196418404579163,0.0,0.014282500371336937,0.18627476692199707,0.6826655268669128,4,0.75,
fixed,2,5880,1.0543140172958374,0.0,0.02551787719130516,0.1477046012878418,1.111384391784668,4,0.75,5.779217720031738
fixed,2,5881,0.9278677105903625,5.3935760661261156e-05,0.00877345260232687,0.06517934799194336,0.9518352150917053,4,0.5,
fixed,2,5882,0.47584769129753113,0.0,0.02510501630604267,0.02879476547241211,0.4970386326313019,4,0.5,
fixed,2,5883,0.835564374923706,0.0,0.015283113345503807,0.0505521297454834,0.8583715558052063,4,0.5,
fixed,2,5884,0.47959697246551514,0.0,0.01459395419806242,0.054328322410583496,0.5031924247741699,4,0.5,
fixed,2,5885,0.4929123520851135,0.0,0.016267945989966393,0.048345327377319336,0.515549898147583,4,0.5,4.39056396484375
fixed,2,5886,0.928088366985321,0.0,0.023647984489798546,0.13632535934448242,0.9808099865913391,4,0.75,
fixed,2,5887,0.49513253569602966,0.0,0.006414745002985001,0.19943952560424805,0.5581717491149902,4,0.25,
fixed,2,5888,0.5674058794975281,0.02423018589615822,0.0007422510534524918,0.22302508354187012,0.646799623966217,4,0.25,
fixed,2,5889,0.5895088911056519,0.04741162806749344,0.0006042764289304614,0.09162783622741699,0.6410052180290222,4,0.5,
fixed,2,5890,1.0379153490066528,0.0,0.02463342435657978,0.37781739234924316,1.1635773181915283,4,1.0,6.87522554397583
fixed,2,5891,0.6105377078056335,0.004602327942848206,0.01513140369206667,0.08795857429504395,0.6467921733856201,4,0.5,
fixed,2,5892,0.8799620866775513,0.0216178297996521,0.016954675316810608,0.09028375148773193,0.926333487033844,4,0.75,
fixed,2,5893,0.6323723793029785,0.0,0.03409753739833832,0.01622915267944336,0.6542899012565613,4,0.5,
fixed,2,5894,1.3963638544082642,0.0,0.011940157040953636,0.1663038730621338,1.4522250890731812,4,0.25,
fixed,2,5895,0.7353636622428894,0.0,0.0315014086663723,0.19260132312774658,0.8088947534561157,4,0.75,7.338449001312256
fixed,2,5896,0.5584829449653625,0.0,0.0415104404091835,0.014817595481872559,0.583683431148529,4,0.5,
fixed,2,5897,1.2868378162384033,0.0,0.007819642312824726,0.13741302490234375,1.331971526145935,4,0.25,
fixed,2,5898,0.7481567859649658,0.016844479367136955,0.06945984065532684,0.09196877479553223,0.8188995718955994,4,0.75,
fixed,2,5899,0.25271522998809814,0.00028644577832892537,0.025600919499993324,0.04384207725524902,0.2788115441799164,4,0.5,
fixed,2,5900,0.7050043344497681,0.0,0.03566914051771164,0.27584004402160645,0.8055909276008606,4,1.0,8.589958190917969
fixed,2,5901,0.9391489028930664,0.0,0.015691833570599556,0.04346323013305664,0.9600337743759155,4,0.25,
fixed,2,5902,1.5982575416564941,0.024075889959931374,0.005754334852099419,0.07365500926971436,1.6352691650390625,4,0.75,
fixed,2,5903,0.9552678465843201,0.0,0.015437912195920944,0.06484973430633545,0.9824417233467102,4,0.5,
fixed,2,5904,0.48335057497024536,0.037039611488580704,0.0004024443624075502,0.07984805107116699,0.5260260105133057,4,0.5,
fixed,2,5905,0.7792341113090515,0.007622498087584972,0.03903024643659592,0.053540825843811035,0.8186227083206177,4,0.75,3.915517807006836
fixed,2,5906,0.49960219860076904,0.016608547419309616,0.01497756876051426,0.06369984149932861,0.5345051884651184,4,0.5,
fixed,2,5907,0.7391653656959534,0.0,0.007807253859937191,0.27385497093200684,0.8252254724502563,4,0.0,
fixed,2,5908,0.5084611177444458,0.0,0.011311331763863564,0.17694389820098877,0.5671999454498291,4,0.25,
fixed,2,5909,0.3137784004211426,0.0,0.02340567298233509,0.0832284688949585,0.3504497706890106,4,0.5,
fixed,2,5910,0.7869495153427124,0.0,0.025104520842432976,0.08180892467498779,0.8240444660186768,4,0.5,5.063920497894287
fixed,2,5911,0.5172621607780457,0.0,0.03845212981104851,0.10458636283874512,0.5678641200065613,4,0.25,
fixed,2,5912,0.9050050973892212,0.0,0.03882121294736862,0.0865638256072998,0.9503848552703857,4,0.75,
fixed,2,5913,0.7965137958526611,0.0,0.02051454968750477,0.07371687889099121,0.8288861513137817,4,0.5,
fixed,2,5914,0.3775273561477661,0.0,0.02690129354596138,0.07531130313873291,0.41357138752937317,4,0.5,
fixed,2,5915,1.0034525394439697,0.013259421102702618,0.009392802603542805,0.058756232261657715,1.0324054956436157,4,0.5,1.3975597620010376
fixed,2,5916,0.5956295132637024,0.0002982564619742334,0.009787699207663536,0.06661033630371094,0.6206555962562561,4,0.25,
fixed,2,5917,0.6214244365692139,0.0,0.010871000587940216,0.05847322940826416,0.6444019079208374,4,0.5,
fixed,2,5918,1.2795580625534058,0.03210177645087242,0.0004955547046847641,0.07955813407897949,1.319724202156067,4,0.25,
fixed,2,5919,0.6663738489151001,0.0,0.02081676758825779,0.15949022769927979,0.724629282951355,4,0.75,
fixed,2,5920,0.5382023453712463,0.013006390072405338,0.0033747258130460978,0.054707884788513184,0.5628052949905396,4,0.5,2.0753262042999268
fixed,2,5921,1.0833412408828735,0.0,0.018860848620533943,0.4631812572479248,1.231726050376892,4,1.0,
fixed,2,5922,0.4518089294433594,0.0,0.002692303154617548,0.05329573154449463,0.469143807888031,4,0.25,
fixed,2,5923,0.3984813690185547,0.0,0.00027142997714690864,0.3104891777038574,0.4917638301849365,4,0.0,
fixed,2,5924,0.5491632223129272,0.03415779396891594,0.009148385375738144,0.18262922763824463,0.6256051063537598,4,0.75,
fixed,2,5925,0.19052273035049438,0.0,0.03041733428835869,0.04715549945831299,0.21987804770469666,4,0.5,4.361628532409668
fixed,2,5926,0.9696275591850281,0.0,0.0052002789452672005,0.05044519901275635,0.9873612523078918,4,0.25,
fixed,2,5927,0.8922721147537231,0.0,0.013275623321533203,0.04150521755218506,0.9113615155220032,4,0.5,
fixed,2,5928,1.3190929889678955,0.0,0.013406191021203995,0.07527792453765869,1.3483794927597046,4,0.5,
fixed,2,5929,0.6891301274299622,0.0,0.0011845189146697521,0.2573004961013794,0.7669125199317932,4,0.0,
fixed,2,5930,0.7027079463005066,0.0,0.014077144674956799,0.1730191707611084,0.7616522908210754,4,0.75,4.086401462554932
fixed,2,5931,0.3471231460571289,0.0,0.011120688170194626,0.06544029712677002,0.37231558561325073,4,0.5,
fixed,2,5932,0.6220272779464722,0.0,0.006110730580985546,0.09604501724243164,0.653896152973175,4,0.5,
fixed,2,5933,0.8070533275604248,0.0,0.030517548322677612,0.34926795959472656,0.9270924925804138,4,1.0,
fixed,2,5934,0.6721934676170349,0.0,0.004743825178593397,0.05975627899169922,0.6924922466278076,4,0.25,
fixed,2,5935,0.833403468132019,0.03769344091415405,0.00010477931937202811,0.09451556205749512,0.8806572556495667,4,0.5,6.03924560546875
fixed,2,5936,0.7606173157691956,0.0,0.005373671185225248,0.050652146339416504,0.7784997820854187,4,0.25,
fixed,2,5937,0.4439150393009186,0.0,0.020376715809106827,0.09938609600067139,0.483919233083725,4,0.25,
fixed,2,5938,0.7851154208183289,0.0,0.00703313248232007,0.09475219249725342,0.8170576691627502,4,0.5,
fixed,2,5939,0.9341944456100464,0.0,0.005511237308382988,0.1725444793701172,0.9887133836746216,4,0.25,
fixed,2,5940,0.769234299659729,0.0,0.010298401117324829,0.10304546356201172,0.8052971363067627,4,0.5,2.8470571041107178
fixed,2,5941,0.1206059455871582,0.0,0.007127091754227877,0.04988420009613037,0.1391347497701645,4,0.25,
fixed,2,5942,0.6214897632598877,0.03299213945865631,0.008968314155936241,0.1942124366760254,0.7007337212562561,4,0.75,
fixed,2,5943,0.9222580194473267,0.0,0.013066413812339306,0.08480072021484375,0.9542314410209656,4,0.5,
fixed,2,5944,0.23494799435138702,0.0,0.022123532369732857,0.13126134872436523,0.28538817167282104,4,0.75,
fixed,2,5945,0.7692273259162903,0.01026061549782753,0.025438576936721802,0.2472991943359375,0.8612666726112366,4,1.0,3.529834270477295
fixed,2,5946,0.39610689878463745,0.0,0.018241174519062042,0.1494377851486206,0.45005881786346436,4,0.75,
fixed,2,5947,0.2076769769191742,0.0,0.010677048936486244,0.046853065490722656,0.22707141935825348,4,0.25,
fixed,2,5948,0.6145779490470886,0.0,0.01041392982006073,0.14910507202148438,0.6645164489746094,4,0.25,
fixed,2,5949,0.4152207374572754,0.01108851283788681,0.028425052762031555,0.07592284679412842,0.45775437355041504,4,0.75,
fixed,2,5950,0.5267854332923889,0.0,0.012887164950370789,0.05464506149291992,0.5496225357055664,4,0.5,3.204472541809082
fixed,2,5951,0.4257867932319641,0.0,0.022111905738711357,0.2394871711730957,0.5086889266967773,4,0.75,
fixed,2,5952,0.32996219396591187,0.029641631990671158,0.00914099719375372,0.10311615467071533,0.38028836250305176,4,1.0,
fixed,2,5953,0.4371645748615265,0.01181123685091734,0.010362774133682251,0.06330060958862305,0.4672417640686035,4,0.5,
fixed,2,5954,0.26545125246047974,0.0,0.023670511320233345,0.1798328161239624,0.3312363624572754,4,0.25,
fixed,2,5955,0.7402334809303284,0.0,0.04080620035529137,0.06224870681762695,0.7793111801147461,4,0.5,5.671807765960693
fixed,2,5956,0.6690582633018494,0.026580996811389923,0.003518167417496443,0.0402141809463501,0.6961721181869507,4,0.25,
fixed,2,5957,0.9811490178108215,0.0,0.011677613481879234,0.08737850189208984,1.013201355934143,4,0.25,
fixed,2,5958,0.411569744348526,0.019489377737045288,0.007264328189194202,0.04620957374572754,0.43880945444107056,4,0.5,
fixed,2,5959,0.427892804145813,0.0,0.03916916251182556,0.13270151615142822,0.48728784918785095,4,0.0,
fixed,2,5960,0.9022523164749146,0.0,0.02340981736779213,0.04847061634063721,0.928498387336731,4,0.5,4.533073425292969
fixed,2,5961,0.6067258715629578,0.0051983860321342945,0.03210246562957764,0.14139676094055176,0.6677953004837036,4,0.75,
fixed,2,5962,0.8217085599899292,0.0,0.026987876743078232,0.10382115840911865,0.8663488626480103,4,0.75,
fixed,2,5963,0.8762480020523071,0.0035324320197105408,0.009039067663252354,0.12097549438476562,0.9188264012336731,4,0.25,
fixed,2,5964,0.6683791875839233,0.0023312147241085768,0.014496919699013233,0.14208877086639404,0.7194198966026306,4,0.25,
fixed,2,5965,0.8936847448348999,0.0,0.024050302803516388,0.0678873062133789,0.9260761141777039,4,0.5,4.9072675704956055
fixed,2,5966,0.4843723475933075,0.0,0.005677087232470512,0.14232194423675537,0.5299074649810791,4,0.25,
fixed,2,5967,0.7393680214881897,0.0,0.016622064635157585,0.05134916305541992,0.763083815574646,4,0.5,
fixed,2,5968,0.8382397294044495,0.0,0.007607573643326759,0.15262603759765625,0.8878313302993774,4,0.25,
fixed,2,5969,1.2134573459625244,0.0,0.006780398543924093,0.13000249862670898,1.2558482885360718,4,0.25,
fixed,2,5970,0.5870983004570007,0.0,0.010780592449009418,0.07194995880126953,0.6140735745429993,4,0.5,2.8647565841674805
fixed,2,5971,0.9552708864212036,0.0035008431877940893,0.0024169455282390118,0.13077998161315918,0.9974637627601624,4,0.0,
fixed,2,5972,0.6062211990356445,0.0,0.0332200862467289,0.10286426544189453,0.6536905169487,4,0.0,
fixed,2,5973,0.9095237851142883,0.0,0.011913465335965157,0.0742107629776001,0.9377437233924866,4,0.5,
fixed,2,5974,0.5230913758277893,0.0,0.013212082907557487,0.06377863883972168,0.5488309860229492,4,0.5,
fixed,2,5975,0.8278663158416748,0.0,0.006939135491847992,0.07676100730895996,0.8543641567230225,4,0.5,2.127056360244751
fixed,2,5976,0.6491504311561584,0.0,0.030147314071655273,0.040374755859375,0.6763365268707275,4,0.5,
fixed,2,5977,0.537090003490448,0.0,0.004375283606350422,0.09609174728393555,0.568105161190033,4,0.5,
fixed,2,5978,0.46412912011146545,0.0,0.005665121600031853,0.2808856964111328,0.5512273907661438,4,0.75,
fixed,2,5979,0.5417505502700806,0.0,0.004017140716314316,0.12268495559692383,0.5805646181106567,4,0.5,
fixed,2,5980,0.5134530067443848,0.0,0.0069441404193639755,0.2790409326553345,0.6006373763084412,4,0.75,2.3030476570129395
fixed,2,5981,0.2451462745666504,0.0,0.007232978940010071,0.2845430374145508,0.33412566781044006,4,0.75,
fixed,2,5982,0.5094984173774719,0.0,0.020998099818825722,0.052372097969055176,0.5357090830802917,4,0.5,
fixed,2,5983,0.19112251698970795,0.0,0.002932326402515173,0.1167750358581543,0.2276211977005005,4,0.25,
fixed,2,5984,0.3719540238380432,0.0,0.01398197840899229,0.10371923446655273,0.4100607931613922,4,0.5,
fixed,2,5985,1.04826819896698,0.0,0.0016125751426443458,0.11157679557800293,1.0825475454330444,4,0.25,0.9537308812141418
fixed,2,5986,1.2765929698944092,0.023597706109285355,0.001230911584571004,0.11398792266845703,1.323203682899475,4,0.5,
fixed,2,5987,0.4687750041484833,0.0,0.0034558188635855913,0.12484085559844971,0.5079551935195923,4,0.25,
fixed,2,5988,0.5352822542190552,0.03294077515602112,0.010819523595273495,0.06524431705474854,0.5767356753349304,4,0.5,
fixed,2,5989,0.6979228854179382,0.022977979853749275,0.00874907337129116,0.06657636165618896,0.733759343624115,4,0.5,
fixed,2,5990,0.6940639019012451,0.023516204208135605,0.00516688684001565,0.20379948616027832,0.769545316696167,4,0.75,1.801599383354187
fixed,2,5991,0.4158063232898712,0.0,0.004720181226730347,0.03397023677825928,0.42835748195648193,4,0.25,
fixed,2,5992,0.6351267099380493,0.02339743636548519,0.0073564499616622925,0.056906938552856445,0.6675757169723511,4,0.5,
fixed,2,5993,0.941311776638031,0.0,0.005417009815573692,0.08819818496704102,0.9704797267913818,4,0.5,
fixed,2,5994,0.555819571018219,0.0,0.017815040424466133,0.4700765013694763,0.705750048160553,4,1.0,
fixed,2,5995,0.271077424287796,0.0,0.00674322247505188,0.07394564151763916,0.2966327369213104,4,0.5,2.0419857501983643
fixed,2,5996,0.626034140586853,0.0,0.009084794670343399,0.08713102340698242,0.6567158699035645,4,0.5,
fixed,2,5997,0.5211471319198608,0.0,0.018629273399710655,0.16105866432189941,0.5787793397903442,4,0.25,
fixed,2,5998,0.3657567799091339,0.0,0.022627776488661766,0.12275314331054688,0.4138966202735901,4,0.75,
fixed,2,5999,0.5412526726722717,0.0,0.047405168414115906,0.21338486671447754,0.628970742225647,4,1.0,
fixed,2,6000,0.41727811098098755,0.03307569772005081,0.005465807858854532,0.07869923114776611,0.46015864610671997,4,0.5,2.497981548309326
fixed,2,6001,0.2000446915626526,0.0,0.017348987981677055,0.07111489772796631,0.23005366325378418,4,0.25,
fixed,2,6002,0.9090099930763245,0.0,0.009552685543894768,0.06946492195129395,0.9346258044242859,4,0.5,
fixed,2,6003,0.7380648255348206,0.03974635899066925,0.002019472187384963,0.03844571113586426,0.7704814672470093,4,0.5,
fixed,2,6004,0.439977765083313,0.0,0.019909106194972992,0.12659847736358643,0.4879118502140045,4,0.75,
fixed,2,6005,0.5031653046607971,0.0,0.03030315600335598,0.09835875034332275,0.547824501991272,4,0.75,5.9279046058654785
