mode,epoch,step,ce,l_over,l_under,r_hedge,tcl_total,n_volatile,pred_confident_frac,c_hat_grad_norm
fixed,0,0,11.159077644348145,0.00949218962341547,0.03753906115889549,0.0,11.159077644348145,4,1.0,2.6270954608917236
fixed,0,1,11.589666366577148,0.0061765387654304504,0.07508697360754013,4.0650367736816406e-05,11.589666366577148,4,0.25,
fixed,0,2,4.07303524017334,0.003310923697426915,0.11091059446334839,0.0003451108932495117,4.07303524017334,4,0.25,
fixed,0,3,3.980036497116089,0.0036858939565718174,0.1066385805606842,0.0026742219924926758,3.980036497116089,4,0.5,
fixed,0,4,3.1149513721466064,0.0,0.13393329083919525,0.019928574562072754,3.1149513721466064,4,0.0,
fixed,0,5,3.810824155807495,0.0,0.09241002798080444,0.07152402400970459,3.810824155807495,4,0.25,12.571001052856445
fixed,0,6,2.843858242034912,0.0,0.05565018206834793,0.21787965297698975,2.843858242034912,4,1.0,
fixed,0,7,3.8257269859313965,0.044229015707969666,0.010181647725403309,0.36263203620910645,3.8257269859313965,4,1.0,
fixed,0,8,2.99306058883667,0.08934217691421509,0.00693760858848691,0.5407619476318359,2.99306058883667,4,1.0,
fixed,0,9,2.1623318195343018,0.07394854724407196,0.007026964798569679,0.7102138996124268,2.1623318195343018,4,1.0,
fixed,0,10,2.22393536567688,0.0,0.006381306331604719,0.8816729187965393,2.22393536567688,4,1.0,7.748918533325195
fixed,0,11,2.688014030456543,0.012619275599718094,0.0017050416208803654,1.0256469249725342,2.688014030456543,4,1.0,
fixed,0,12,1.386223316192627,0.11196915805339813,0.00039715092862024903,1.1572952270507812,1.386223316192627,4,1.0,
fixed,0,13,1.7450987100601196,0.05302397161722183,0.00118074263446033,1.0933446884155273,1.7450987100601196,4,1.0,
fixed,0,14,2.537281036376953,0.13194957375526428,0.0017141735879704356,0.9211599826812744,2.537281036376953,4,1.0,
fixed,0,15,1.7505682706832886,0.03635350242257118,0.025215687230229378,0.6681110858917236,1.7505682706832886,4,1.0,7.002291202545166
fixed,0,16,2.7000882625579834,0.008156223222613335,0.009322131052613258,0.8492123484611511,2.7000882625579834,4,0.0,
fixed,0,17,2.843201160430908,0.0004698792763520032,0.07264747470617294,1.1309127807617188,2.843201160430908,4,0.0,
fixed,0,18,2.3618197441101074,0.0,0.1917627453804016,1.1822868585586548,2.3618197441101074,4,0.0,
fixed,0,19,3.031428098678589,0.000208218494663015,0.1273569017648697,1.0817747116088867,3.031428098678589,4,0.0,
fixed,0,20,2.540062427520752,0.0035425988025963306,0.08522069454193115,0.7186393737792969,2.540062427520752,4,0.0,20.817182540893555
fixed,0,21,1.6954597234725952,0.00902379397302866,0.07032360136508942,0.35167455673217773,1.6954597234725952,4,0.0,
fixed,0,22,2.044965982437134,0.021466875448822975,0.02105661667883396,0.30125343799591064,2.044965982437134,4,0.0,
fixed,0,23,1.5958993434906006,0.09958106279373169,0.004308398813009262,0.42057323455810547,1.5958993434906006,4,1.0,
fixed,0,24,2.329916000366211,0.08132819086313248,0.0026075304485857487,0.5172349214553833,2.329916000366211,4,1.0,
fixed,0,25,2.986009120941162,0.1322484314441681,0.0,0.5919005274772644,2.986009120941162,4,1.0,30.62624740600586
fixed,0,26,1.8171160221099854,0.08276146650314331,0.004344576969742775,0.565013587474823,1.8171160221099854,4,1.0,
fixed,0,27,2.970371961593628,0.11641834676265717,0.002713584341108799,0.533547580242157,2.970371961593628,4,1.0,
fixed,0,28,1.333598017692566,0.09706085920333862,0.003383172210305929,0.4680355191230774,1.333598017692566,4,1.0,
fixed,0,29,2.756162166595459,0.07222679257392883,0.005751953925937414,0.41358041763305664,2.756162166595459,4,1.0,
fixed,0,30,2.0128657817840576,0.03242022544145584,0.014418539591133595,0.4021190404891968,2.0128657817840576,4,0.75,6.70897912979126
fixed,0,31,1.9426088333129883,0.010250559076666832,0.059225667268037796,0.4516376256942749,1.9426088333129883,4,0.0,
fixed,0,32,3.0542516708374023,0.0076353829354047775,0.07654105126857758,0.5111656188964844,3.0542516708374023,4,0.0,
fixed,0,33,2.325909376144409,0.0119665851816535,0.057980746030807495,0.577488899230957,2.325909376144409,4,0.0,
fixed,0,34,2.558032751083374,0.014616204425692558,0.031760323792696,0.6286157369613647,2.558032751083374,4,0.0,
fixed,0,35,2.1877334117889404,0.012983940541744232,0.03478523716330528,0.6686881184577942,2.1877334117889404,4,0.0,0.53231281042099
fixed,0,36,3.0824530124664307,0.013263537548482418,0.0,0.7527996301651001,3.0824530124664307,4,0.0,
fixed,0,37,1.8911906480789185,0.0,0.1522062122821808,0.78843092918396,1.8911906480789185,4,0.0,
fixed,0,38,2.1958842277526855,0.012351090088486671,0.0,0.7800382971763611,2.1958842277526855,4,0.0,
fixed,0,39,2.035004138946533,0.0035402190405875444,0.10807216912508011,0.7613266706466675,2.035004138946533,4,0.0,
fixed,0,40,2.0338246822357178,0.013398237526416779,0.033148784190416336,0.7357782125473022,2.0338246822357178,4,0.0,1.351940393447876
fixed,0,41,1.9196032285690308,0.01663876324892044,0.03067728504538536,0.7095779776573181,1.9196032285690308,4,0.0,
fixed,0,42,2.8978028297424316,0.013453628867864609,0.05659851059317589,0.6904470920562744,2.8978028297424316,4,0.0,
fixed,0,43,1.5459086894989014,0.015955712646245956,0.0505199134349823,0.6728190779685974,1.5459086894989014,4,0.0,
fixed,0,44,2.3598320484161377,0.031435251235961914,0.022067846730351448,0.6589678525924683,2.3598320484161377,4,0.0,
fixed,0,45,1.657549262046814,0.023125983774662018,0.02162618562579155,0.6496083736419678,1.657549262046814,4,0.0,2.4628453254699707
fixed,0,46,1.5955896377563477,0.013147830963134766,0.051417648792266846,0.6437761783599854,1.5955896377563477,4,0.25,
fixed,0,47,3.0708749294281006,0.016422120854258537,0.015808027237653732,0.646110475063324,3.0708749294281006,4,1.0,
fixed,0,48,2.1657066345214844,0.03617747873067856,0.01349014975130558,0.628755509853363,2.1657066345214844,4,1.0,
fixed,0,49,2.168370246887207,0.03910091519355774,0.022268861532211304,0.6101419925689697,2.168370246887207,4,1.0,
fixed,0,50,2.369901180267334,0.062138862907886505,0.011320563033223152,0.5936726927757263,2.369901180267334,4,1.0,20.607999801635742
fixed,0,51,2.562795877456665,0.040490299463272095,0.021100439131259918,0.5722488164901733,2.562795877456665,4,1.0,
fixed,0,52,2.3416218757629395,0.05959386005997658,0.011692189611494541,0.5546377897262573,2.3416218757629395,4,1.0,
fixed,0,53,2.6516623497009277,0.036228567361831665,0.025798331946134567,0.530622124671936,2.6516623497009277,4,1.0,
fixed,0,54,2.4332339763641357,0.052111200988292694,0.011490842327475548,0.536385178565979,2.4332339763641357,4,1.0,
fixed,0,55,2.4931905269622803,0.030773622915148735,0.030532538890838623,0.5161705613136292,2.4931905269622803,4,0.25,0.7675079107284546
fixed,0,56,2.017061471939087,0.013733671978116035,0.05212512984871864,0.5147566795349121,2.017061471939087,4,0.0,
fixed,0,57,1.3868972063064575,0.013704615645110607,0.051227495074272156,0.5207783579826355,1.3868972063064575,4,0.0,
fixed,0,58,1.7810955047607422,0.0,0.06948865205049515,0.5278114080429077,1.7810955047607422,4,0.0,
fixed,0,59,2.234607458114624,0.0,0.06104619801044464,0.53003990650177,2.234607458114624,4,0.75,
fixed,0,60,1.0814951658248901,0.07691006362438202,0.0,0.5479451417922974,1.0814951658248901,4,1.0,35.45819854736328
fixed,0,61,1.7788786888122559,0.06405364722013474,0.010171813890337944,0.5670053958892822,1.7788786888122559,4,1.0,
fixed,0,62,1.995837688446045,0.043139100074768066,0.019511505961418152,0.5820606350898743,1.995837688446045,4,1.0,
fixed,0,63,1.7855679988861084,0.04206150025129318,0.020168527960777283,0.5838943719863892,1.7855679988861084,4,1.0,
fixed,0,64,2.000591516494751,0.04258798807859421,0.01999904401600361,0.5922349095344543,2.000591516494751,4,1.0,
fixed,0,65,1.8585622310638428,0.019822902977466583,0.022865403443574905,0.5981218814849854,1.8585622310638428,4,1.0,5.714080333709717
fixed,0,66,2.3591830730438232,0.03911975771188736,0.012255198322236538,0.5955184698104858,2.3591830730438232,4,1.0,
fixed,0,67,2.843045711517334,0.018019258975982666,0.033240098506212234,0.596301794052124,2.843045711517334,4,1.0,
fixed,0,68,2.8975260257720947,0.018529025837779045,0.03710252046585083,0.5902970433235168,2.8975260257720947,4,1.0,
fixed,0,69,2.9953064918518066,0.05715477466583252,3.162685288771172e-06,0.5858808755874634,2.9953064918518066,4,1.0,
fixed,0,70,2.199458360671997,0.05414476990699768,0.01316310279071331,0.5694185495376587,2.199458360671997,4,1.0,20.571779251098633
fixed,0,71,1.3167134523391724,0.016577713191509247,0.04298671707510948,0.5579701066017151,1.3167134523391724,4,1.0,
fixed,0,72,2.4015541076660156,0.0464615672826767,0.014251314103603363,0.5546343326568604,2.4015541076660156,4,0.5,
fixed,0,73,2.697355270385742,0.041492678225040436,0.015565155074000359,0.5486222505569458,2.697355270385742,4,0.0,
fixed,0,74,2.1061205863952637,0.024276375770568848,0.03805328905582428,0.5572137236595154,2.1061205863952637,4,0.0,
fixed,0,75,2.9606683254241943,0.02148231863975525,0.04258527234196663,0.5760208964347839,2.9606683254241943,4,0.0,6.341448783874512
fixed,0,76,2.522710084915161,0.009823296219110489,0.06377718597650528,0.5662763118743896,2.522710084915161,4,0.0,
fixed,0,77,3.028515338897705,0.03016204759478569,0.020301133394241333,0.577454686164856,3.028515338897705,4,0.0,
fixed,0,78,2.003264904022217,0.009466181509196758,0.06141822040081024,0.565480649471283,2.003264904022217,4,0.0,
fixed,0,79,3.133213996887207,0.0,0.08572420477867126,0.5763038992881775,3.133213996887207,4,0.0,
fixed,0,80,3.1414260864257812,0.05340101942420006,0.0,0.5734811425209045,3.1414260864257812,4,0.0,35.072410583496094
fixed,0,81,2.414795398712158,0.04064752906560898,0.01806984469294548,0.5721563100814819,2.414795398712158,4,0.0,
fixed,0,82,1.5848308801651,0.027977783232927322,0.016725856810808182,0.5640062689781189,1.5848308801651,4,0.0,
fixed,0,83,2.112440347671509,0.02874169871211052,0.03203565627336502,0.5603460073471069,2.112440347671509,4,0.25,
fixed,0,84,2.2986040115356445,0.053755976259708405,0.0,0.564113199710846,2.2986040115356445,4,0.0,
fixed,0,85,2.2989449501037598,0.01090253610163927,0.0387435182929039,0.5633449554443359,2.2989449501037598,4,0.0,14.095294952392578
fixed,0,86,1.2258496284484863,0.03256551921367645,0.019198650494217873,0.5574255585670471,1.2258496284484863,4,0.0,
fixed,0,87,1.9138519763946533,0.019350744783878326,0.039005156606435776,0.564205527305603,1.9138519763946533,4,0.0,
fixed,0,88,2.3000316619873047,0.02772277593612671,0.0020348168909549713,0.5738380551338196,2.3000316619873047,4,0.0,
fixed,0,89,2.486436367034912,0.031598642468452454,0.0,0.5902207493782043,2.486436367034912,4,0.0,
fixed,0,90,1.712195873260498,0.009130281396210194,0.07898252457380295,0.5739889144897461,1.712195873260498,4,0.0,22.15459442138672
fixed,0,91,2.1070988178253174,0.013576693832874298,0.052330322563648224,0.5882343649864197,2.1070988178253174,4,0.0,
fixed,0,92,1.9194923639297485,0.014289265498518944,0.054630786180496216,0.5922533273696899,1.9194923639297485,4,0.0,
fixed,0,93,2.103163719177246,0.01252448745071888,0.05261539667844772,0.5881873369216919,2.103163719177246,4,0.0,
fixed,0,94,2.161090135574341,0.006488088984042406,0.05368857830762863,0.5663825869560242,2.161090135574341,4,0.0,
fixed,0,95,2.3718578815460205,0.0,0.0895288810133934,0.5351496338844299,2.3718578815460205,4,0.0,35.32201385498047
fixed,0,96,2.636652708053589,0.01873224973678589,0.04633679613471031,0.5547015070915222,2.636652708053589,4,0.0,
fixed,0,97,2.570831060409546,0.02474079839885235,0.03810018301010132,0.5188020467758179,2.570831060409546,4,0.0,
fixed,0,98,2.585113048553467,0.02745956927537918,0.01608310453593731,0.5050833225250244,2.585113048553467,4,0.25,
fixed,0,99,2.3452091217041016,0.04594331979751587,0.015253704972565174,0.5085974335670471,2.3452091217041016,4,0.25,
fixed,0,100,1.9071059226989746,0.03341643512248993,0.029136601835489273,0.5032259225845337,1.9071059226989746,4,1.0,1.5064985752105713
fixed,0,101,1.9894177913665771,0.01744641549885273,0.03319874405860901,0.5011064410209656,1.9894177913665771,4,1.0,
fixed,0,102,1.7636439800262451,0.037525925785303116,0.010711243376135826,0.5035028457641602,1.7636439800262451,4,1.0,
fixed,0,103,2.4151487350463867,0.03778253495693207,0.018131032586097717,0.5127444863319397,2.4151487350463867,4,1.0,
fixed,0,104,2.548021078109741,0.02093045599758625,0.03196060657501221,0.5285794138908386,2.548021078109741,4,1.0,
fixed,0,105,1.8754634857177734,0.02172081172466278,0.02845974639058113,0.5302374362945557,1.8754634857177734,4,1.0,8.376653671264648
fixed,0,106,2.6480538845062256,0.043699443340301514,0.0150184016674757,0.5488597750663757,2.6480538845062256,4,1.0,
fixed,0,107,1.6691062450408936,0.07050620764493942,0.0064751324243843555,0.5618399381637573,1.6691062450408936,4,1.0,
fixed,0,108,1.83302903175354,0.04611688852310181,0.014989254996180534,0.5680383443832397,1.83302903175354,4,1.0,
fixed,0,109,2.470472574234009,0.04424956068396568,0.018850192427635193,0.5729858875274658,2.470472574234009,4,1.0,
fixed,0,110,2.6533002853393555,0.05931783840060234,0.007850379683077335,0.5674875378608704,2.6533002853393555,4,1.0,22.736743927001953
fixed,0,111,2.0079751014709473,0.03537440299987793,0.008961203508079052,0.5662717223167419,2.0079751014709473,4,1.0,
fixed,0,112,2.297607183456421,0.042820218950510025,0.009637609124183655,0.5684832334518433,2.297607183456421,4,0.25,
fixed,0,113,2.7957603931427,0.031979065388441086,0.013799550011754036,0.5834909081459045,2.7957603931427,4,0.25,
fixed,0,114,1.7300224304199219,0.02112954668700695,0.03221257030963898,0.5751453042030334,1.7300224304199219,4,0.25,
fixed,0,115,1.7803387641906738,0.01686652936041355,0.02285750024020672,0.662542998790741,1.7803387641906738,4,0.0,3.5356979370117188
fixed,0,116,1.4393739700317383,0.0109478197991848,0.03812778741121292,0.6868435144424438,1.4393739700317383,4,0.0,
fixed,0,117,2.7722907066345215,0.012516055256128311,0.0,0.7817896604537964,2.7722907066345215,4,0.0,
fixed,0,118,2.106638193130493,0.008488095365464687,0.039133429527282715,0.7972545623779297,2.106638193130493,4,0.0,
fixed,0,119,1.392318606376648,0.0014895411441102624,0.1117243766784668,0.7949602007865906,1.392318606376648,4,0.0,
fixed,0,120,2.3345134258270264,0.0034343269653618336,0.054748959839344025,0.8693682551383972,2.3345134258270264,4,0.0,8.682719230651855
fixed,0,121,2.9264397621154785,0.0015167099190875888,0.11901018023490906,0.8231893181800842,2.9264397621154785,4,0.0,
fixed,0,122,1.755315899848938,0.0076527465134859085,0.07272982597351074,0.7361164689064026,1.755315899848938,4,0.0,
fixed,0,123,2.3904125690460205,0.011424561962485313,0.0,0.7775288820266724,2.3904125690460205,4,0.0,
fixed,0,124,2.6677775382995605,0.011669017374515533,0.023051567375659943,0.6855449676513672,2.6677775382995605,4,0.0,
fixed,0,125,1.926259994506836,0.012192183174192905,0.03315514698624611,0.7141094207763672,1.926259994506836,4,0.0,0.6519412398338318
fixed,0,126,2.2475686073303223,0.009520052000880241,0.05159205570816994,0.6439619064331055,2.2475686073303223,4,0.0,
fixed,0,127,2.718045234680176,0.016571642830967903,0.019609319046139717,0.6377649307250977,2.718045234680176,4,0.0,
fixed,0,128,2.315202236175537,0.016735687851905823,0.02863927185535431,0.6579588055610657,2.315202236175537,4,0.0,
fixed,0,129,1.9698736667633057,0.029746703803539276,0.0,0.6223896741867065,1.9698736667633057,4,0.0,
fixed,0,130,2.54268217086792,0.006296870764344931,0.06383779644966125,0.5816494226455688,2.54268217086792,4,0.0,21.305458068847656
fixed,0,131,2.8927700519561768,0.00554400309920311,0.03073248267173767,0.5805104970932007,2.8927700519561768,4,0.0,
fixed,0,132,2.1809604167938232,0.02124173752963543,0.026360580697655678,0.6194780468940735,2.1809604167938232,4,0.0,
fixed,0,133,1.3062589168548584,0.017004044726490974,0.028805598616600037,0.5467437505722046,1.3062589168548584,4,0.25,
fixed,0,134,2.827208995819092,0.015651151537895203,0.030227839946746826,0.546925961971283,2.827208995819092,4,0.25,
fixed,0,135,1.8686803579330444,0.02550818771123886,0.014355975203216076,0.5468264818191528,1.8686803579330444,4,0.25,7.895636081695557
fixed,0,136,2.3456315994262695,0.00752450292930007,0.028203340247273445,0.5208746790885925,2.3456315994262695,4,0.75,
fixed,0,137,1.8416590690612793,0.008580454625189304,0.04507593810558319,0.5198416113853455,1.8416590690612793,4,0.25,
fixed,0,138,1.9531158208847046,0.010424686595797539,0.038244351744651794,0.5195903778076172,1.9531158208847046,4,0.5,
fixed,0,139,1.7290682792663574,0.025431804358959198,0.02464677020907402,0.5335044264793396,1.7290682792663574,4,0.25,
fixed,0,140,2.948779821395874,0.044690363109111786,0.008797138929367065,0.5374121069908142,2.948779821395874,4,0.5,16.648427963256836
fixed,0,141,1.8895723819732666,0.0011955100344493985,0.018913600593805313,0.612733006477356,1.8895723819732666,4,1.0,
fixed,0,142,1.3726167678833008,0.029821785166859627,0.013031993061304092,0.5321949124336243,1.3726167678833008,4,0.75,
fixed,0,143,1.4644783735275269,0.04288984462618828,0.006995625328272581,0.7604125142097473,1.4644783735275269,4,1.0,
fixed,0,144,1.5537915229797363,0.057814836502075195,0.009491220116615295,0.6245154142379761,1.5537915229797363,4,0.75,
fixed,0,145,2.4877426624298096,0.01359545812010765,0.0060103656724095345,0.6451752185821533,2.4877426624298096,4,0.75,3.382293701171875
fixed,0,146,2.085113286972046,0.029895439743995667,0.024901822209358215,0.547038197517395,2.085113286972046,4,0.75,
fixed,0,147,2.6923000812530518,0.030836276710033417,0.0,0.5649057626724243,2.6923000812530518,4,0.5,
fixed,0,148,2.7708826065063477,0.0239439457654953,0.0,0.5408168435096741,2.7708826065063477,4,0.5,
fixed,0,149,2.6544153690338135,0.01898886263370514,0.02420974150300026,0.5200372934341431,2.6544153690338135,4,0.25,
fixed,0,150,2.0449864864349365,0.02206280641257763,0.05387522280216217,0.549254298210144,2.0449864864349365,4,0.25,5.153804302215576
fixed,0,151,1.5200495719909668,0.006117913872003555,0.006406581029295921,0.49215155839920044,1.5200495719909668,4,0.5,
fixed,0,152,2.4367079734802246,0.009773362427949905,0.0034072650596499443,0.474540114402771,2.4367079734802246,4,0.5,
fixed,0,153,2.089522361755371,0.008268079720437527,0.0,0.5528960227966309,2.089522361755371,4,0.25,
fixed,0,154,2.991771697998047,0.0032968521118164062,0.0071975779719650745,0.6242349147796631,2.991771697998047,4,0.25,
fixed,0,155,2.4689509868621826,0.0016834319103509188,0.02611350826919079,0.8137860298156738,2.4689509868621826,4,0.0,5.675657749176025
fixed,0,156,1.7611950635910034,0.014555977657437325,0.007271784357726574,0.5068579912185669,1.7611950635910034,4,0.25,
fixed,0,157,2.547435998916626,0.0009415014646947384,0.02875770442187786,0.8743727207183838,2.547435998916626,4,0.0,
fixed,0,158,1.8591039180755615,0.004862568806856871,0.0,0.9415056109428406,1.8591039180755615,4,0.0,
fixed,0,159,2.0485095977783203,0.00033126259222626686,0.0667639896273613,0.5514288544654846,2.0485095977783203,4,0.25,
fixed,0,160,2.0895817279815674,0.000893155112862587,0.007208114955574274,0.6835178732872009,2.0895817279815674,4,0.25,3.2472214698791504
fixed,0,161,1.474948525428772,0.031085900962352753,0.06194928288459778,0.3435004949569702,1.474948525428772,4,0.75,
fixed,0,162,3.3945059776306152,0.1043250635266304,0.0534387081861496,0.6994773745536804,3.3945059776306152,4,0.25,
fixed,0,163,1.5050899982452393,0.003470959374681115,0.010025111958384514,0.3915916085243225,1.5050899982452393,4,0.5,
fixed,0,164,2.588000535964966,0.007311336696147919,0.0,0.8147815465927124,2.588000535964966,4,0.0,
fixed,0,165,1.8378325700759888,0.0010698476107791066,0.055347271263599396,0.42131340503692627,1.8378325700759888,4,0.5,14.160543441772461
fixed,0,166,3.6509387493133545,0.0013676440576091409,0.009514426812529564,0.36390531063079834,3.6509387493133545,4,0.75,
fixed,0,167,1.7831178903579712,0.004175242036581039,0.02050359547138214,0.39343172311782837,1.7831178903579712,4,0.5,
fixed,0,168,2.537045478820801,0.018836047500371933,0.024318818002939224,0.579842746257782,2.537045478820801,4,0.0,
fixed,0,169,2.239372730255127,0.019691545516252518,0.001441112719476223,0.48022544384002686,2.239372730255127,4,0.25,
fixed,0,170,2.287468194961548,0.007524580229073763,0.0331127755343914,0.47486239671707153,2.287468194961548,4,0.25,8.195435523986816
fixed,0,171,2.330437660217285,0.03654133528470993,0.0,0.57831209897995,2.330437660217285,4,0.25,
fixed,0,172,1.8942137956619263,0.017625384032726288,0.0,0.7087078094482422,1.8942137956619263,4,0.0,
fixed,0,173,2.02262544631958,0.02550843544304371,0.036832571029663086,0.6744492650032043,2.02262544631958,4,0.25,
fixed,0,174,2.6461262702941895,0.004108183551579714,0.002295725280418992,0.4846864938735962,2.6461262702941895,4,0.5,
fixed,0,175,3.0160138607025146,0.01563136838376522,0.0016326516633853316,0.4950987696647644,3.0160138607025146,4,0.5,6.442838191986084
fixed,0,176,2.427088975906372,0.052439987659454346,0.05959242954850197,0.5669776797294617,2.427088975906372,4,0.5,
fixed,0,177,1.9425551891326904,0.050701774656772614,0.05709357187151909,0.7419257760047913,1.9425551891326904,4,0.25,
fixed,0,178,2.01387095451355,0.0020454763434827328,0.11820533126592636,1.1152247190475464,2.01387095451355,4,0.0,
fixed,0,179,2.5944101810455322,0.0002894679782912135,0.12964634597301483,0.9263207316398621,2.5944101810455322,4,0.0,
fixed,0,180,2.3179287910461426,0.013594194315373898,0.00029865960823372006,0.6223385334014893,2.3179287910461426,4,0.25,10.714757919311523
fixed,0,181,1.879624366760254,0.0068696411326527596,0.07971535623073578,0.67475426197052,1.879624366760254,4,0.0,
fixed,0,182,1.6642698049545288,0.062042318284511566,0.00044383580097928643,0.6321074962615967,1.6642698049545288,4,1.0,
fixed,0,183,2.591482400894165,0.08819611370563507,0.0,0.6316909790039062,2.591482400894165,4,1.0,
fixed,0,184,2.101621627807617,0.05827732011675835,0.008006449788808823,0.704990804195404,2.101621627807617,4,1.0,
fixed,0,185,2.4516258239746094,0.08706637471914291,0.0,0.6404832005500793,2.4516258239746094,4,1.0,45.14516067504883
fixed,0,186,1.6839314699172974,0.08391878753900528,0.012793650850653648,0.6355683207511902,1.6839314699172974,4,1.0,
fixed,0,187,2.9258642196655273,0.02254645712673664,0.0019400541204959154,0.5966684222221375,2.9258642196655273,4,0.5,
fixed,0,188,0.7595210671424866,0.034107573330402374,0.0,0.6722723245620728,0.7595210671424866,4,0.0,
fixed,0,189,2.067394971847534,0.004944362211972475,0.014091311022639275,0.5837603211402893,2.067394971847534,4,0.5,
fixed,0,190,2.06488299369812,0.00798994954675436,0.015914898365736008,0.5677536725997925,2.06488299369812,4,0.5,3.7139813899993896
fixed,0,191,1.553044319152832,0.006890979595482349,0.0,0.8948876857757568,1.553044319152832,4,0.0,
fixed,0,192,2.089742660522461,0.029504533857107162,0.0,0.6925208568572998,2.089742660522461,4,0.25,
fixed,0,193,2.370216131210327,0.0023700320161879063,0.048838939517736435,0.9991635680198669,2.370216131210327,4,0.0,
fixed,0,194,2.6718838214874268,0.0002593353856354952,0.15133269131183624,1.0388109683990479,2.6718838214874268,4,0.0,
fixed,0,195,1.6843222379684448,0.0012412563664838672,0.050564952194690704,0.7336580753326416,1.6843222379684448,4,0.0,14.412690162658691
fixed,0,196,2.127788543701172,0.0012178970500826836,0.02183077298104763,0.8628460168838501,2.127788543701172,4,0.0,
fixed,0,197,1.955682396888733,0.0009881446603685617,0.020309720188379288,0.8659049272537231,1.955682396888733,4,0.0,
fixed,0,198,2.7349600791931152,0.00023921851243358105,0.07401762902736664,0.6457231044769287,2.7349600791931152,4,0.0,
fixed,0,199,1.9297701120376587,0.0007221545674838126,0.09525539726018906,0.7174350023269653,1.9297701120376587,4,0.0,
fixed,0,200,2.3337907791137695,0.0011442260583862662,0.10964339971542358,0.7324376702308655,2.3337907791137695,4,0.25,15.147564888000488
fixed,0,201,2.8271946907043457,0.015822628512978554,0.03165143355727196,0.524599552154541,2.8271946907043457,4,0.25,
fixed,0,202,3.053483009338379,0.022928154096007347,0.01086325105279684,0.5543671250343323,3.053483009338379,4,0.5,
fixed,0,203,1.5025062561035156,0.03574962168931961,0.007945440709590912,0.5121895670890808,1.5025062561035156,4,0.5,
fixed,0,204,2.930009126663208,0.03916661813855171,0.02875872701406479,0.5430788993835449,2.930009126663208,4,0.25,
fixed,0,205,1.9126238822937012,0.016420627012848854,0.00833598617464304,0.5938483476638794,1.9126238822937012,4,0.25,5.781024932861328
fixed,0,206,1.2106142044067383,0.01348623912781477,0.03840987756848335,0.5890074968338013,1.2106142044067383,4,0.0,
fixed,0,207,2.588533878326416,0.01596234366297722,0.037317320704460144,0.5763384103775024,2.588533878326416,4,0.25,
fixed,0,208,2.260507106781006,0.019720498472452164,0.01579238474369049,0.6181040406227112,2.260507106781006,4,0.0,
fixed,0,209,2.3145813941955566,0.046377576887607574,0.004773672204464674,0.562598705291748,2.3145813941955566,4,0.5,
fixed,0,210,2.4891412258148193,0.0266572292894125,0.021196043118834496,0.6177611351013184,2.4891412258148193,4,0.0,7.388706684112549
fixed,0,211,2.8489267826080322,0.003979881294071674,0.026879582554101944,0.551616370677948,2.8489267826080322,4,0.5,
fixed,0,212,2.1001057624816895,0.02124086022377014,0.026681913062930107,0.6692866086959839,2.1001057624816895,4,0.0,
fixed,0,213,2.1082849502563477,0.016735132783651352,0.0,0.6012194156646729,2.1082849502563477,4,0.25,
fixed,0,214,2.1863744258880615,0.009878086857497692,0.030665777623653412,0.627296507358551,2.1863744258880615,4,0.25,
fixed,0,215,2.064507484436035,0.008747847750782967,0.006215362809598446,0.5600876808166504,2.064507484436035,4,0.5,3.323678731918335
fixed,0,216,1.6604647636413574,0.002381171565502882,0.033092938363552094,0.5499407649040222,1.6604647636413574,4,0.5,
fixed,0,217,1.5956190824508667,0.013393623754382133,0.040456194430589676,0.7705081701278687,1.5956190824508667,4,0.0,
fixed,0,218,2.4485535621643066,0.0004416785959620029,0.05037881061434746,0.5130591988563538,2.4485535621643066,4,0.5,
fixed,0,219,1.7034357786178589,0.008384662680327892,0.03606483340263367,0.8154192566871643,1.7034357786178589,4,0.0,
fixed,0,220,1.7253252267837524,0.011012059636414051,0.0036221714690327644,0.6259590983390808,1.7253252267837524,4,0.25,6.216571807861328
fixed,0,221,1.8434635400772095,0.0037066510412842035,0.014054328203201294,0.5606416463851929,1.8434635400772095,4,0.75,
fixed,0,222,2.0100786685943604,0.004673415794968605,0.03323621302843094,0.5523686408996582,2.0100786685943604,4,0.5,
fixed,0,223,2.701409339904785,0.009116087108850479,0.02293447032570839,0.59951251745224,2.701409339904785,4,0.25,
fixed,0,224,1.4593898057937622,0.011478418484330177,0.03038771264255047,0.5965673327445984,1.4593898057937622,4,0.25,
fixed,0,225,1.1370875835418701,0.049468979239463806,0.01702244020998478,0.5928862690925598,1.1370875835418701,4,0.5,1.7133218050003052
fixed,0,226,1.563502311706543,0.009106075391173363,0.011490010656416416,0.6479803919792175,1.563502311706543,4,0.75,
fixed,0,227,1.9685370922088623,0.01659131981432438,0.006962137296795845,0.5841531753540039,1.9685370922088623,4,0.5,
fixed,0,228,2.0422518253326416,0.0119293462485075,0.002580289961770177,0.6091891527175903,2.0422518253326416,4,0.5,
fixed,0,229,2.54640531539917,0.023949410766363144,0.017872678115963936,0.6256548166275024,2.54640531539917,4,0.75,
fixed,0,230,1.9615181684494019,0.0063994587399065495,0.024471089243888855,0.6161319017410278,1.9615181684494019,4,0.5,6.1894307136535645
fixed,0,231,2.7699573040008545,0.017742080613970757,0.0005179852596484125,0.6312978863716125,2.7699573040008545,4,0.25,
fixed,0,232,1.8041527271270752,0.012933031655848026,0.002508054254576564,0.6570358276367188,1.8041527271270752,4,0.25,
fixed,0,233,1.9937565326690674,0.001981541281566024,0.003978921100497246,0.8228625655174255,1.9937565326690674,4,1.0,
fixed,0,234,2.49226975440979,0.0058104656636714935,0.011822267435491085,0.598723828792572,2.49226975440979,4,0.5,
fixed,0,235,1.3123506307601929,0.001555902068503201,0.0007862970815040171,0.6758911609649658,1.3123506307601929,4,0.75,1.1157280206680298
fixed,0,236,2.244614601135254,0.0020929002203047276,0.001046687364578247,0.6087875962257385,2.244614601135254,4,0.5,
fixed,0,237,2.0404012203216553,0.053329598158597946,0.0003164858208037913,0.6917603015899658,2.0404012203216553,4,0.75,
fixed,0,238,2.0689949989318848,0.0009319916134700179,0.05493498221039772,0.7721057534217834,2.0689949989318848,4,0.25,
fixed,0,239,2.1750519275665283,0.0022448981180787086,0.007514382712543011,0.7857713103294373,2.1750519275665283,4,0.25,
fixed,0,240,2.431155204772949,0.0017213961109519005,0.00013205542927607894,0.7009243369102478,2.431155204772949,4,0.25,1.7573354244232178
fixed,0,241,1.9530329704284668,0.002876283833757043,0.01707267016172409,0.6347153782844543,1.9530329704284668,4,0.25,
fixed,0,242,1.9388389587402344,0.0015138003509491682,0.0006694186595268548,0.6115942597389221,1.9388389587402344,4,0.5,
fixed,0,243,3.0421745777130127,0.0024784887209534645,0.0004173994529992342,0.6059470176696777,3.0421745777130127,4,0.5,
fixed,0,244,1.991537094116211,0.05543603003025055,0.007448021788150072,0.643132209777832,1.991537094116211,4,0.5,
fixed,0,245,2.3376927375793457,0.056361570954322815,0.00023020489607006311,0.6834104657173157,2.3376927375793457,4,0.75,2.9846351146698
fixed,0,246,1.6544164419174194,0.0028687522280961275,0.0017088571330532432,0.6895831823348999,1.6544164419174194,4,0.75,
fixed,0,247,1.4840977191925049,0.06112620234489441,0.00015609773981850594,0.5612740516662598,1.4840977191925049,4,0.75,
fixed,0,248,2.1378467082977295,0.05306069552898407,0.00047568214358761907,0.6350484490394592,2.1378467082977295,4,0.75,
fixed,0,249,2.8584301471710205,0.000685526174493134,0.00454532727599144,0.5426740646362305,2.8584301471710205,4,0.5,
fixed,0,250,1.7612963914871216,0.004543191287666559,0.0006490543601103127,0.5299696922302246,1.7612963914871216,4,0.5,1.0129419565200806
fixed,0,251,1.8063716888427734,0.04223445802927017,0.10038511455059052,0.5511416792869568,1.8063716888427734,4,0.5,
fixed,0,252,0.889491081237793,2.798459172481671e-05,0.020177680999040604,0.5305539965629578,0.889491081237793,4,0.75,
fixed,0,253,1.334640622138977,5.439701635623351e-05,0.08018694818019867,0.9492031335830688,1.334640622138977,4,0.0,
fixed,0,254,1.865017056465149,0.015639375895261765,0.003960209898650646,0.564983606338501,1.865017056465149,4,0.5,
fixed,0,255,2.3032546043395996,0.008148392662405968,0.004320681095123291,0.5191575884819031,2.3032546043395996,4,0.5,2.772679567337036
fixed,0,256,2.4234893321990967,0.0020536594092845917,0.006840838119387627,0.5632762908935547,2.4234893321990967,4,0.5,
fixed,0,257,1.6586147546768188,0.0066747902892529964,0.0026429882273077965,0.5430229902267456,1.6586147546768188,4,0.5,
fixed,0,258,1.3383924961090088,0.008967747911810875,0.004385984968394041,0.5740737915039062,1.3383924961090088,4,0.75,
fixed,0,259,1.4142769575119019,0.009119095280766487,0.012035658583045006,0.5625566244125366,1.4142769575119019,4,0.75,
fixed,0,260,1.9345074892044067,0.005580358672887087,0.0023806511890143156,0.5740984678268433,1.9345074892044067,4,0.5,1.6133480072021484
fixed,0,261,1.2706992626190186,0.015565712004899979,0.024269506335258484,0.5751769542694092,1.2706992626190186,4,0.5,
fixed,0,262,1.6520423889160156,0.0001618883543414995,0.011920144781470299,0.5616196393966675,1.6520423889160156,4,0.75,
fixed,0,263,1.8617970943450928,0.040899619460105896,0.005722387228161097,0.5937184691429138,1.8617970943450928,4,0.5,
fixed,0,264,1.6920673847198486,0.04215512052178383,0.05434310436248779,0.5537593364715576,1.6920673847198486,4,0.5,
fixed,0,265,1.366138219833374,0.0017294744029641151,0.0012488153297454119,0.700389564037323,1.366138219833374,4,0.25,1.0630037784576416
fixed,0,266,3.2089762687683105,0.00046443278552033007,0.01943785883486271,0.598526656627655,3.2089762687683105,4,0.25,
fixed,0,267,2.1639654636383057,0.08532365411520004,0.0,0.5603353381156921,2.1639654636383057,4,0.5,
fixed,0,268,2.359360456466675,0.03476325795054436,0.030708761885762215,0.5414323806762695,2.359360456466675,4,0.5,
fixed,0,269,2.1180331707000732,0.00034089284599758685,0.03847372531890869,0.5823297500610352,2.1180331707000732,4,0.25,
fixed,0,270,1.9988508224487305,0.002504396252334118,0.010068358853459358,0.5448408126831055,1.9988508224487305,4,0.75,6.076664447784424
fixed,0,271,2.4231481552124023,0.0035634576342999935,0.0,0.9991424083709717,2.4231481552124023,4,0.0,
fixed,0,272,3.0512044429779053,0.04452166706323624,0.011909127235412598,0.6382924914360046,3.0512044429779053,4,1.0,
fixed,0,273,2.809605121612549,0.0035577495582401752,0.007876568473875523,0.5404524803161621,2.809605121612549,4,0.5,
fixed,0,274,1.4367822408676147,0.010394683107733727,0.0015573693672195077,0.5696647763252258,1.4367822408676147,4,0.25,
fixed,0,275,2.34159517288208,0.0006345894653350115,0.012181918136775494,0.5881768465042114,2.34159517288208,4,0.5,8.812403678894043
fixed,0,276,1.8409757614135742,0.0024826654698699713,0.015044433996081352,0.5810524821281433,1.8409757614135742,4,1.0,
fixed,0,277,2.565659999847412,0.00038821823545731604,0.006160810589790344,0.49317437410354614,2.565659999847412,4,0.75,
fixed,0,278,1.5221586227416992,0.014333676546812057,0.0,0.5920335650444031,1.5221586227416992,4,0.25,
fixed,0,279,2.7757458686828613,0.0017848943825811148,0.0204933974891901,0.47241079807281494,2.7757458686828613,4,0.5,
fixed,0,280,2.113821029663086,0.019980426877737045,0.0,0.7218513488769531,2.113821029663086,4,0.0,14.128016471862793
fixed,0,281,2.154337167739868,0.08234484493732452,0.0,0.4813845753669739,2.154337167739868,4,0.75,
fixed,0,282,1.6768784523010254,0.0015138952294364572,0.0012122906045988202,0.48719334602355957,1.6768784523010254,4,0.5,
fixed,0,283,1.1283726692199707,0.00020063748524989933,0.006340604275465012,0.45207643508911133,1.1283726692199707,4,0.75,
fixed,0,284,1.4998432397842407,0.0018261324148625135,0.07075425982475281,0.8265171647071838,1.4998432397842407,4,0.0,
fixed,0,285,1.6481159925460815,0.001307475846260786,0.004006397910416126,0.45108234882354736,1.6481159925460815,4,0.5,2.176548719406128
fixed,0,286,2.9675936698913574,0.0003266071144025773,0.004559916444122791,0.5001009702682495,2.9675936698913574,4,0.5,
fixed,0,287,2.158020257949829,0.04096616804599762,0.0,0.4380114674568176,2.158020257949829,4,0.5,
fixed,0,288,2.260911464691162,0.003011247841641307,0.008185693994164467,0.5603362321853638,2.260911464691162,4,1.0,
fixed,0,289,1.908307433128357,0.00043892869143746793,0.0017102471319958568,0.6812440156936646,1.908307433128357,4,0.25,
fixed,0,290,1.7770644426345825,0.030453983694314957,0.010306647047400475,0.42819589376449585,1.7770644426345825,4,0.75,2.984863519668579
fixed,0,291,1.5356194972991943,0.0,0.12264083325862885,0.5317873954772949,1.5356194972991943,4,0.5,
fixed,0,292,1.297460675239563,0.03453298285603523,0.0035081999376416206,0.5095228552818298,1.297460675239563,4,0.5,
fixed,0,293,1.6437088251113892,0.00033510272623971105,0.007831184193491936,0.5213544368743896,1.6437088251113892,4,0.5,
fixed,0,294,1.7215590476989746,0.000809367629699409,0.04566733166575432,1.075423002243042,1.7215590476989746,4,0.0,
fixed,0,295,2.245738983154297,0.050491418689489365,0.0,0.41592228412628174,2.245738983154297,4,0.5,9.301779747009277
fixed,0,296,2.185521364212036,0.002776365028694272,0.008001813665032387,0.4878389835357666,2.185521364212036,4,0.75,
fixed,0,297,3.215785264968872,0.011524074710905552,0.02327166125178337,0.730329155921936,3.215785264968872,4,0.0,
fixed,0,298,2.162557363510132,0.036289747804403305,0.002687083790078759,0.5190624594688416,2.162557363510132,4,0.5,
fixed,0,299,1.2929738759994507,0.0008829730795696378,0.0028013265691697598,0.5041539072990417,1.2929738759994507,4,0.5,
fixed,0,300,2.2671611309051514,0.03501188009977341,0.004417502321302891,0.47709423303604126,2.2671611309051514,4,0.75,6.251614570617676
fixed,0,301,2.576140880584717,0.0002393392933299765,0.032658081501722336,0.48240017890930176,2.576140880584717,4,0.5,
fixed,0,302,1.7640182971954346,0.03839414194226265,0.002358903642743826,0.5547609925270081,1.7640182971954346,4,0.5,
fixed,0,303,1.7762624025344849,0.0052385488525033,0.002445365535095334,0.4740225672721863,1.7762624025344849,4,0.5,
fixed,0,304,1.6294965744018555,0.0004164592828601599,0.003970893565565348,0.5587815046310425,1.6294965744018555,4,0.5,
fixed,0,305,1.8009414672851562,0.005262710154056549,0.0,0.977742075920105,1.8009414672851562,4,0.0,5.09236478805542
fixed,0,306,2.8412036895751953,0.006876323837786913,0.0034348242916166782,0.5691955089569092,2.8412036895751953,4,0.5,
fixed,0,307,1.880225419998169,0.00022365112090483308,0.05487756431102753,0.5404131412506104,1.880225419998169,4,0.5,
fixed,0,308,2.004373788833618,0.034425362944602966,0.006117698736488819,0.5201385617256165,2.004373788833618,4,0.75,
fixed,0,309,2.8249869346618652,0.00027133224648423493,0.0623929500579834,0.8807647228240967,2.8249869346618652,4,0.0,
fixed,0,310,2.313969850540161,6.923858018126339e-05,0.008171649649739265,0.5173527598381042,2.313969850540161,4,0.75,6.608201026916504
fixed,0,311,1.3586139678955078,0.040230199694633484,0.023647548630833626,0.5362996459007263,1.3586139678955078,4,0.5,
fixed,0,312,2.0406291484832764,0.00010230985935777426,0.019117962568998337,0.5232776403427124,2.0406291484832764,4,0.5,
fixed,0,313,2.016409158706665,0.0012808932224288583,0.00335626769810915,0.531104564666748,2.016409158706665,4,0.75,
fixed,0,314,2.622016429901123,0.05731222778558731,0.0006566859665326774,0.5312840938568115,2.622016429901123,4,0.75,
fixed,0,315,2.4651341438293457,0.0006410658825188875,0.0040889219380915165,0.5962721705436707,2.4651341438293457,4,0.75,3.587372064590454
fixed,0,316,1.6246365308761597,0.04500432312488556,0.0004670947964768857,0.5465974807739258,1.6246365308761597,4,0.5,
fixed,0,317,3.312492847442627,0.003734645899385214,0.0018566567450761795,0.4559882879257202,3.312492847442627,4,0.5,
fixed,0,318,1.996150255203247,0.05811751261353493,0.000447578146122396,0.49593520164489746,1.996150255203247,4,0.5,
fixed,0,319,1.608299970626831,0.0005189417861402035,0.015131061896681786,0.6013638377189636,1.608299970626831,4,0.5,
fixed,0,320,2.227585792541504,0.047628648579120636,0.0,0.7308214902877808,2.227585792541504,4,0.25,7.650838375091553
fixed,0,321,1.469682216644287,0.00025559694040566683,0.002034878358244896,0.5612621307373047,1.469682216644287,4,0.5,
fixed,0,322,1.6779779195785522,0.00028771208599209785,0.0006591519922949374,0.7109336256980896,1.6779779195785522,4,0.25,
fixed,0,323,3.2710440158843994,0.001214534160681069,0.0,1.1438624858856201,3.2710440158843994,4,0.0,
fixed,0,324,3.1572773456573486,0.008731785230338573,0.002339150058105588,0.5094797611236572,3.1572773456573486,4,0.5,
fixed,0,325,2.4398820400238037,0.009061360731720924,0.0,1.0069018602371216,2.4398820400238037,4,0.0,6.787553787231445
fixed,0,326,2.029529571533203,0.0,0.061432208865880966,0.5810003876686096,2.029529571533203,4,0.75,
fixed,0,327,1.8903937339782715,4.4517655624076724e-05,0.006011382210999727,0.6102640628814697,1.8903937339782715,4,0.5,
fixed,0,328,0.6915305852890015,0.003555415431037545,0.0038456188049167395,0.5036388635635376,0.6915305852890015,4,0.75,
fixed,0,329,2.5782651901245117,5.198847793508321e-05,0.0051256585866212845,0.6179853081703186,2.5782651901245117,4,0.5,
fixed,0,330,2.4718968868255615,3.0229391995817423e-05,0.0437406525015831,0.5956017374992371,2.4718968868255615,4,0.5,12.542076110839844
fixed,0,331,1.8577039241790771,0.004902209620922804,0.0031231301836669445,0.593310534954071,1.8577039241790771,4,0.75,
fixed,0,332,1.613579511642456,0.004193000961095095,0.003468508133664727,0.8136387467384338,1.613579511642456,4,1.0,
fixed,0,333,2.1663248538970947,8.152288501150906e-05,0.0012732684845104814,0.7819830179214478,2.1663248538970947,4,0.25,
fixed,0,334,2.875739574432373,0.04681380093097687,0.022178638726472855,0.5913161635398865,2.875739574432373,4,0.5,
fixed,0,335,2.02173113822937,0.00013958875206299126,0.0008567657205276191,0.7700665593147278,2.02173113822937,4,0.25,0.708981454372406
fixed,0,336,2.065587043762207,0.002217436907812953,0.002771148458123207,0.6713177561759949,2.065587043762207,4,1.0,
fixed,0,337,2.7425270080566406,8.675033313920721e-05,0.0018193733412772417,0.615801990032196,2.7425270080566406,4,0.75,
fixed,0,338,2.3722293376922607,0.049178596585989,0.005192399024963379,0.8539233207702637,2.3722293376922607,4,1.0,
fixed,0,339,2.6690375804901123,0.00010682204447221011,0.0026902572717517614,0.6370599269866943,2.6690375804901123,4,0.75,
fixed,0,340,1.8418937921524048,0.0011495735961943865,0.0008805129327811301,0.6088885068893433,1.8418937921524048,4,0.5,0.7155712246894836
fixed,0,341,1.9285870790481567,0.0024803602136671543,0.0005474198842421174,0.6009176969528198,1.9285870790481567,4,0.5,
fixed,0,342,1.9957603216171265,0.0018967593787238002,0.00022590439766645432,0.7071472406387329,1.9957603216171265,4,0.25,
fixed,0,343,1.5192389488220215,0.00748924445360899,0.0002774651802610606,0.6369174718856812,1.5192389488220215,4,0.75,
fixed,0,344,1.7181708812713623,0.006653337273746729,0.0005052608321420848,0.6337692141532898,1.7181708812713623,4,0.75,
fixed,0,345,2.5247254371643066,0.013317575678229332,0.00017208189819939435,0.5515782833099365,2.5247254371643066,4,0.75,2.542269229888916
fixed,0,346,1.946370244026184,0.006503759883344173,0.0004922394291497767,0.5875713229179382,1.946370244026184,4,0.75,
fixed,0,347,1.9766138792037964,0.0592878982424736,0.0003088605881202966,0.5560977458953857,1.9766138792037964,4,0.75,
fixed,0,348,2.749199151992798,0.051895707845687866,0.0017104217549785972,0.4606636166572571,2.749199151992798,4,0.75,
fixed,0,349,1.436793327331543,4.9468406359665096e-05,0.0022804224863648415,0.4936593174934387,1.436793327331543,4,0.75,
fixed,0,350,1.4422953128814697,0.00010815523273777217,0.0,1.2823834419250488,1.4422953128814697,4,0.0,0.13750509917736053
fixed,0,351,2.1282007694244385,0.04479619115591049,0.01008094847202301,0.46046948432922363,2.1282007694244385,4,0.75,
fixed,0,352,2.4562463760375977,3.423033558647148e-05,0.010208792984485626,0.4681955575942993,2.4562463760375977,4,0.5,
fixed,0,353,1.8232195377349854,0.001955929445102811,0.006433082278817892,0.32791852951049805,1.8232195377349854,4,0.75,
fixed,0,354,1.6827260255813599,2.5650273528299294e-05,0.004416237585246563,0.3941214084625244,1.6827260255813599,4,0.5,
fixed,0,355,1.4873216152191162,0.003947771620005369,0.0,0.35007810592651367,1.4873216152191162,4,0.25,2.2915706634521484
fixed,0,356,2.357243299484253,0.03432905301451683,0.007680337876081467,0.4951466917991638,2.357243299484253,4,1.0,
fixed,0,357,1.7724871635437012,4.7509671276202425e-05,0.007216323167085648,0.32932186126708984,1.7724871635437012,4,0.75,
fixed,0,358,1.6704659461975098,7.265277963597327e-05,0.007203678600490093,0.41692686080932617,1.6704659461975098,4,0.5,
fixed,0,359,1.9763751029968262,0.07807885110378265,0.005666060373187065,0.5235831141471863,1.9763751029968262,4,1.0,
fixed,0,360,2.2039763927459717,0.06764176487922668,0.002735727233812213,0.4386165738105774,2.2039763927459717,4,0.75,15.69990062713623
fixed,0,361,1.964167833328247,0.023829156532883644,0.0032643761951476336,0.38665109872817993,1.964167833328247,4,0.75,
fixed,0,362,2.3917298316955566,3.27998714055866e-05,0.006901095621287823,0.5488947629928589,2.3917298316955566,4,0.5,
fixed,0,363,1.9498666524887085,0.035755958408117294,0.004901221487671137,0.4236425757408142,1.9498666524887085,4,0.75,
fixed,0,364,1.456433892250061,2.7783276891568676e-05,0.0024164249189198017,0.728743851184845,1.456433892250061,4,0.25,
fixed,0,365,1.800035834312439,0.0015535703860223293,0.033299703150987625,0.5886805057525635,1.800035834312439,4,0.25,9.759125709533691
fixed,0,366,1.5654804706573486,0.0018232609145343304,0.0,0.7028153538703918,1.5654804706573486,4,0.25,
fixed,0,367,1.9311347007751465,3.4188974495918956e-06,0.006491286680102348,0.41473108530044556,1.9311347007751465,4,0.5,
fixed,0,368,1.9432413578033447,7.920946700323839e-06,0.009212415665388107,0.5039340257644653,1.9432413578033447,4,0.5,
fixed,0,369,2.061584949493408,0.0004539115179795772,0.013675699010491371,0.5261139869689941,2.061584949493408,4,0.5,
fixed,0,370,3.2999706268310547,0.037192344665527344,0.0,0.7028745412826538,3.2999706268310547,4,0.25,16.64560890197754
fixed,0,371,2.702064275741577,2.628250513225794e-06,0.014165453612804413,0.6175844073295593,2.702064275741577,4,0.5,
fixed,0,372,1.696733832359314,2.673127937669051e-06,0.03582094982266426,0.462485671043396,1.696733832359314,4,0.5,
fixed,0,373,1.6748363971710205,0.037908367812633514,0.009070848114788532,0.3898736834526062,1.6748363971710205,4,0.75,
fixed,0,374,1.1899234056472778,5.45569128007628e-06,0.018507400527596474,0.5390297770500183,1.1899234056472778,4,0.75,
fixed,0,375,1.970525860786438,4.439004260348156e-05,0.00543002225458622,0.863395094871521,1.970525860786438,4,0.25,5.096940040588379
fixed,0,376,2.6867730617523193,4.809021265828051e-05,0.013772700913250446,0.6512395143508911,2.6867730617523193,4,0.5,
fixed,0,377,2.666829824447632,0.03220468387007713,0.0055624679662287235,0.6445889472961426,2.666829824447632,4,0.5,
fixed,0,378,2.201931953430176,4.4897416955791414e-05,0.0063612088561058044,0.6315693855285645,2.201931953430176,4,0.5,
fixed,0,379,2.8623554706573486,2.2678275854559615e-05,0.002877381630241871,0.8463407158851624,2.8623554706573486,4,0.25,
fixed,0,380,2.612210273742676,0.00033613861887715757,0.0,1.2534868717193604,2.612210273742676,4,0.0,0.4062538743019104
fixed,0,381,1.3428326845169067,5.425591552921105e-06,0.015195699408650398,0.6332657337188721,1.3428326845169067,4,0.75,
fixed,0,382,1.8426477909088135,0.07748183608055115,0.0032590588089078665,0.8203070759773254,1.8426477909088135,4,1.0,
fixed,0,383,0.7662845253944397,2.1320889572962187e-05,0.0011195809347555041,0.8249900341033936,0.7662845253944397,4,0.25,
fixed,0,384,2.5194218158721924,0.07545104622840881,0.0018266810802742839,0.6591757535934448,2.5194218158721924,4,0.75,
fixed,0,385,1.068772315979004,0.006118040066212416,0.0034267064183950424,0.6379178166389465,1.068772315979004,4,0.75,2.486119508743286
fixed,0,386,2.1192069053649902,3.774139622692019e-05,0.0028592082671821117,0.8627148270606995,2.1192069053649902,4,0.25,
fixed,0,387,3.3648159503936768,2.8485155780799687e-05,0.0010339310392737389,0.8109554648399353,3.3648159503936768,4,0.25,
fixed,0,388,2.2994024753570557,8.081718988250941e-06,0.0029274714179337025,0.664932131767273,2.2994024753570557,4,0.5,
fixed,0,389,1.9365265369415283,2.6654717657947913e-05,0.0,1.3322292566299438,1.9365265369415283,4,0.0,
fixed,0,390,1.652374267578125,0.006594511680305004,0.0005848811706528068,0.7285131216049194,1.652374267578125,4,0.25,5.659996509552002
fixed,0,391,2.150367021560669,7.146921234379988e-06,0.0044785961508750916,0.6895485520362854,2.150367021560669,4,0.75,
fixed,0,392,2.76308012008667,9.377996320836246e-06,0.001026143436320126,0.8284624814987183,2.76308012008667,4,0.25,
fixed,0,393,2.313683032989502,4.833539605897386e-06,0.0011209513759240508,0.6188400387763977,2.313683032989502,4,0.5,
fixed,0,394,2.5570833683013916,0.00682417955249548,0.0,0.7586630582809448,2.5570833683013916,4,0.25,
fixed,0,395,1.7153871059417725,4.75579327030573e-06,0.0006617816397920251,0.6449781060218811,1.7153871059417725,4,0.5,0.7450581789016724
fixed,0,396,2.1671316623687744,0.005874431226402521,0.000873704208061099,0.9611855745315552,2.1671316623687744,4,1.0,
fixed,0,397,0.9127231240272522,2.0109175238758326e-05,0.0,1.3361225128173828,0.9127231240272522,4,0.0,
fixed,0,398,1.7503606081008911,0.0,0.0007216442027129233,1.0709419250488281,1.7503606081008911,4,1.0,
fixed,0,399,2.4888720512390137,0.04608461633324623,0.0018067461205646396,0.645385205745697,2.4888720512390137,4,0.75,
fixed,0,400,2.9533908367156982,0.05526721850037575,0.0012684325920417905,0.9929988384246826,2.9533908367156982,4,1.0,2.1080358028411865
fixed,0,401,1.4088190793991089,4.341697604104411e-06,0.04000638425350189,0.6042552590370178,1.4088190793991089,4,0.5,
fixed,0,402,1.7581253051757812,0.0,0.02549842931330204,0.7222939133644104,1.7581253051757812,4,0.75,
fixed,0,403,1.9325754642486572,0.005971846636384726,0.00015728779544588178,0.4871678352355957,1.9325754642486572,4,0.5,
fixed,0,404,3.218677282333374,0.04019685834646225,0.0006195015739649534,0.6612353324890137,3.218677282333374,4,0.75,
fixed,0,405,0.9132270216941833,0.0,0.0012296164641156793,0.9605412483215332,0.9132270216941833,3,1.0,1.0807642936706543
fixed,0,406,2.120778799057007,0.0008299062610603869,0.0017039214726537466,0.43101394176483154,2.120778799057007,4,0.5,
fixed,0,407,1.5082266330718994,0.0036732398439198732,0.0015790085308253765,0.44147932529449463,1.5082266330718994,4,0.75,
fixed,0,408,1.6851710081100464,0.0001732884265948087,0.0010272152721881866,0.6016542315483093,1.6851710081100464,4,0.5,
fixed,0,409,1.247876763343811,0.09964299201965332,0.0023705963976681232,0.4387679696083069,1.247876763343811,4,0.75,
fixed,0,410,1.8210033178329468,0.05290955305099487,0.0005597803392447531,0.6137311458587646,1.8210033178329468,4,0.5,4.350266456604004
fixed,0,411,2.857452154159546,2.3729795429972e-05,0.0018654151353985071,0.651094913482666,2.857452154159546,4,0.75,
fixed,0,412,2.951228618621826,0.00023751688422635198,0.000466133002191782,0.7596954107284546,2.951228618621826,4,0.25,
fixed,0,413,0.7682546973228455,1.639141009945888e-05,0.0012744374107569456,0.6495328545570374,0.7682546973228455,4,0.75,
fixed,0,414,1.9396690130233765,6.2817794059810694e-06,0.002709493739530444,0.6065948009490967,1.9396690130233765,4,0.5,
fixed,0,415,2.2227602005004883,0.003209991380572319,0.0,0.7433299422264099,2.2227602005004883,4,0.25,1.4127739667892456
fixed,0,416,1.5829834938049316,6.713044513162458e-06,0.001693274825811386,0.5951055288314819,1.5829834938049316,4,0.75,
fixed,0,417,2.101588010787964,1.235729087056825e-05,0.001373869483359158,0.8310332298278809,2.101588010787964,4,0.25,
fixed,0,418,2.154780149459839,0.0034915509168058634,0.001366405631415546,0.47730499505996704,2.154780149459839,4,0.5,
fixed,0,419,2.5244510173797607,0.04730014503002167,0.004306851886212826,0.8561040163040161,2.5244510173797607,4,1.0,
fixed,0,420,1.3259469270706177,0.04491445794701576,0.006867073476314545,0.8249249458312988,1.3259469270706177,4,1.0,2.4791712760925293
fixed,0,421,2.858983039855957,0.03813467174768448,0.0,0.8583399057388306,2.858983039855957,4,0.25,
fixed,0,422,2.33915638923645,6.384702828654554e-06,0.0,1.3543494939804077,2.33915638923645,4,0.0,
fixed,0,423,2.246797561645508,0.033071499317884445,0.02929168939590454,0.7338228821754456,2.246797561645508,4,0.25,
fixed,0,424,1.0567840337753296,4.692683432949707e-06,0.0015418226830661297,0.7906296253204346,1.0567840337753296,4,0.25,
fixed,0,425,1.8632168769836426,8.293674909509718e-06,0.003966480027884245,0.8655084371566772,1.8632168769836426,4,0.25,3.350011110305786
fixed,0,426,1.893314003944397,1.0101925909111742e-06,0.06647039949893951,0.7129021883010864,1.893314003944397,4,0.25,
fixed,0,427,1.9400395154953003,2.6591217192617478e-06,0.006955319084227085,0.6580086946487427,1.9400395154953003,4,0.5,
fixed,0,428,2.5171539783477783,0.023619607090950012,0.004145950078964233,0.6866280436515808,2.5171539783477783,4,0.5,
fixed,0,429,2.1538329124450684,1.2865471944678575e-05,0.014606544747948647,0.974504828453064,2.1538329124450684,4,0.25,
fixed,0,430,1.5051370859146118,0.04633898660540581,0.0009470426011830568,0.6145024299621582,1.5051370859146118,4,0.5,5.835104465484619
fixed,0,431,1.5547889471054077,0.0038241420406848192,0.0032615792006254196,0.6049304008483887,1.5547889471054077,4,0.75,
fixed,0,432,1.7861628532409668,1.6200194295379333e-05,0.008309696801006794,0.6035546064376831,1.7861628532409668,4,0.5,
fixed,0,433,1.6821626424789429,0.05845646932721138,0.01276205200701952,0.626558780670166,1.6821626424789429,4,0.75,
fixed,0,434,2.372612237930298,0.05997636169195175,0.0008480524411424994,0.5806766152381897,2.372612237930298,4,0.75,
fixed,0,435,1.7876036167144775,0.0012963722692802548,0.0010573641629889607,0.7282466292381287,1.7876036167144775,4,0.25,0.7592910528182983
fixed,0,436,2.0751140117645264,7.640255716978572e-06,0.003826770931482315,0.6222776174545288,2.0751140117645264,4,0.5,
fixed,0,437,2.144617795944214,0.00014200873556546867,0.004625561181455851,0.6040536165237427,2.144617795944214,4,0.75,
fixed,0,438,2.102774143218994,0.0035230820067226887,0.010644691064953804,0.4852979779243469,2.102774143218994,4,0.75,
fixed,0,439,2.231111764907837,2.005731948884204e-05,0.006621906068176031,0.6478084921836853,2.231111764907837,4,0.5,
fixed,0,440,1.6440078020095825,0.0017146102618426085,0.011140990070998669,0.5165150761604309,1.6440078020095825,4,0.5,6.956561088562012
fixed,0,441,0.9655118584632874,3.431183358770795e-06,0.0013634985079988837,0.596835732460022,0.9655118584632874,4,0.5,
fixed,0,442,2.4423000812530518,1.963706199603621e-05,0.0,1.3374016284942627,2.4423000812530518,4,0.0,
fixed,0,443,2.959954261779785,5.495076948136557e-06,0.011360708624124527,0.6635245084762573,2.959954261779785,4,0.5,
fixed,0,444,2.57971453666687,0.042104508727788925,0.001690891571342945,0.5265117287635803,2.57971453666687,4,0.75,
fixed,0,445,1.9572672843933105,5.099502686789492e-06,0.0010208438616245985,0.5873851180076599,1.9572672843933105,4,0.5,0.9995625019073486
fixed,0,446,2.6424407958984375,0.0010291649959981441,0.0013503251830115914,0.390036940574646,2.6424407958984375,4,0.25,
fixed,0,447,1.948929786682129,1.1105647899967153e-05,0.0008672375115565956,0.7752681970596313,1.948929786682129,4,0.25,
fixed,0,448,1.1708942651748657,2.230623795185238e-05,0.0013138180365785956,0.6146934032440186,1.1708942651748657,4,0.5,
fixed,0,449,1.2320482730865479,0.054392457008361816,0.0012035039253532887,0.6523200273513794,1.2320482730865479,4,0.75,
fixed,0,450,2.133338212966919,3.286841092631221e-06,0.0025871761608868837,0.6272333264350891,2.133338212966919,4,0.75,2.685580015182495
fixed,0,451,1.0292158126831055,0.05267278105020523,0.0014654048718512058,0.9177848100662231,1.0292158126831055,4,1.0,
fixed,0,452,1.5099220275878906,5.711695848731324e-06,0.0008353068260475993,0.6183217763900757,1.5099220275878906,4,0.5,
fixed,0,453,1.6273744106292725,1.4945625480322633e-05,0.004438663367182016,0.5785173773765564,1.6273744106292725,4,0.75,
fixed,0,454,2.134333610534668,0.004769760649651289,0.0005077306996099651,0.4889492392539978,2.134333610534668,4,0.5,
fixed,0,455,2.0416312217712402,0.014510747976601124,0.0020769061520695686,0.7144136428833008,2.0416312217712402,4,0.25,6.859111309051514
fixed,0,456,1.670666217803955,2.2051252017263323e-05,0.0003432696685194969,0.7842945456504822,1.670666217803955,4,0.25,
fixed,0,457,2.5612099170684814,0.04576829448342323,0.0007202535634860396,0.6565327644348145,2.5612099170684814,4,0.75,
fixed,0,458,1.3909326791763306,1.244261693500448e-05,0.0,1.344130039215088,1.3909326791763306,4,0.0,
fixed,0,459,1.9853602647781372,0.004847531672567129,0.0,0.7114430069923401,1.9853602647781372,4,0.25,
fixed,0,460,1.7536890506744385,2.481401452314458e-06,0.001184477237984538,0.6772660613059998,1.7536890506744385,4,0.75,1.3390065431594849
fixed,0,461,1.5994994640350342,7.648382961633615e-06,0.000362118415068835,0.7898000478744507,1.5994994640350342,4,0.25,
fixed,0,462,2.296250820159912,7.982127499417402e-06,0.001254257746040821,0.7949665784835815,2.296250820159912,4,0.25,
fixed,0,463,1.97187340259552,5.5779082686058246e-06,0.002180812181904912,0.5337275862693787,1.97187340259552,4,0.75,
fixed,0,464,2.301744222640991,1.8768942027236335e-06,0.01858033612370491,0.6023826003074646,2.301744222640991,4,0.5,
fixed,0,465,1.7847427129745483,5.949419119133381e-06,0.005609352607280016,0.6238638162612915,1.7847427129745483,4,0.5,4.822420597076416
fixed,0,466,1.8918020725250244,0.03783533722162247,0.004066744353622198,0.6270900368690491,1.8918020725250244,4,0.75,
fixed,0,467,2.7432429790496826,5.165749826119281e-06,0.0011128286132588983,0.6340380311012268,2.7432429790496826,4,0.5,
fixed,0,468,2.3070218563079834,3.1121180654736236e-06,0.002320661908015609,0.6197715997695923,2.3070218563079834,4,0.5,
fixed,0,469,1.947714924812317,5.615501777356258e-06,0.0011081235716119409,0.6510910987854004,1.947714924812317,4,0.5,
fixed,0,470,2.0745582580566406,1.1413174433982931e-05,0.0,1.3460547924041748,2.0745582580566406,4,0.0,0.015133744105696678
fixed,0,471,1.966646671295166,8.235841960413381e-06,0.0017974470974877477,0.6386945247650146,1.966646671295166,4,0.5,
fixed,0,472,1.7662562131881714,7.655959052499384e-06,0.0002088528563035652,0.8023951053619385,1.7662562131881714,4,0.25,
fixed,0,473,2.917379856109619,0.04653722420334816,0.0,0.8301658034324646,2.917379856109619,4,0.25,
fixed,0,474,1.627581238746643,3.0876017262926325e-06,0.0012319583911448717,0.640636146068573,1.627581238746643,4,0.5,
fixed,0,475,1.706563115119934,0.0,0.005414406768977642,0.9173048734664917,1.706563115119934,4,1.0,5.428689002990723
fixed,0,476,1.9490097761154175,0.05092470720410347,0.0004307622730266303,0.703690767288208,1.9490097761154175,4,0.75,
fixed,0,477,1.4086415767669678,0.006857816129922867,0.00033156631980091333,0.6350082159042358,1.4086415767669678,4,0.75,
fixed,0,478,1.3653537034988403,0.05717117711901665,0.00019848196825478226,0.6435236930847168,1.3653537034988403,4,0.5,
fixed,0,479,1.4557185173034668,0.04734870046377182,0.0022684580180794,0.6843543648719788,1.4557185173034668,4,0.75,
fixed,0,480,2.4845826625823975,0.0244820024818182,0.012991932220757008,0.6492319107055664,2.4845826625823975,4,0.75,2.0182604789733887
fixed,0,481,1.2180359363555908,0.07114256173372269,0.00036510988138616085,0.6423713564872742,1.2180359363555908,4,0.75,
fixed,0,482,1.8625950813293457,3.6805963645747397e-06,0.0015898160636425018,0.8482614159584045,1.8625950813293457,4,0.25,
fixed,0,483,2.079497814178467,0.026742208749055862,0.009990720078349113,0.727738082408905,2.079497814178467,4,0.5,
fixed,0,484,1.5543172359466553,4.3426643969723955e-07,0.03640247508883476,0.5968852043151855,1.5543172359466553,4,0.5,
fixed,0,485,1.645108699798584,7.799026207067072e-07,0.007500483654439449,0.6722770929336548,1.645108699798584,4,0.5,6.834247589111328
fixed,0,486,2.3421640396118164,0.002823703456670046,0.02299853041768074,0.6098105907440186,2.3421640396118164,4,0.25,
fixed,0,487,2.6734354496002197,0.036707669496536255,0.0030544947367161512,0.5418245196342468,2.6734354496002197,4,0.75,
fixed,0,488,2.88279390335083,2.264606791868573e-06,0.004283365327864885,0.8639576435089111,2.88279390335083,4,0.25,
fixed,0,489,1.819458246231079,3.878609732055338e-06,0.035483647137880325,0.7164788842201233,1.819458246231079,4,0.25,
fixed,0,490,1.4723423719406128,0.0,0.010144960135221481,0.7634680271148682,1.4723423719406128,4,1.0,9.079523086547852
fixed,0,491,1.2350763082504272,0.002094309078529477,0.0008314949227496982,0.293986439704895,1.2350763082504272,4,0.25,
fixed,0,492,1.7556722164154053,0.003474739845842123,0.01174389012157917,0.3003997802734375,1.7556722164154053,4,0.5,
fixed,0,493,1.815847635269165,0.004183812998235226,0.0018964557675644755,0.30386900901794434,1.815847635269165,4,0.5,
fixed,0,494,2.5479490756988525,0.04167304188013077,0.0024668497499078512,0.4874523878097534,2.5479490756988525,4,0.5,
fixed,0,495,1.9828115701675415,0.042940735816955566,0.0026024472899734974,0.5020548105239868,1.9828115701675415,4,0.75,5.233338832855225
fixed,0,496,0.9490676522254944,1.7432781532988884e-05,0.005127769894897938,0.4679534435272217,0.9490676522254944,4,0.5,
fixed,0,497,2.1090540885925293,0.00011939131945837289,0.007784177549183369,0.2950146198272705,2.1090540885925293,4,0.5,
fixed,0,498,1.9386937618255615,5.926334324612981e-06,0.008008204400539398,0.5462956428527832,1.9386937618255615,4,0.5,
fixed,0,499,2.598921298980713,0.03824631869792938,0.0032211036887019873,0.5073198676109314,2.598921298980713,4,0.5,
fixed,0,500,1.9821912050247192,1.8832177374861203e-05,0.006968091707676649,0.4595431685447693,1.9821912050247192,4,0.75,5.540946960449219
fixed,0,501,1.9360545873641968,7.586008905491326e-06,0.006891213823109865,0.3170952796936035,1.9360545873641968,4,0.5,
fixed,0,502,2.099207639694214,3.2363601349061355e-05,0.003318715374916792,0.40439534187316895,2.099207639694214,4,0.5,
fixed,0,503,1.9525200128555298,0.0006676051998510957,0.0017845670226961374,0.7804213762283325,1.9525200128555298,4,0.25,
fixed,0,504,2.0916929244995117,1.3621920516015962e-05,0.0021071883384138346,0.6208897829055786,2.0916929244995117,4,0.5,
fixed,0,505,1.623816728591919,4.329969215177698e-06,0.0014872237807139754,0.6571276783943176,1.623816728591919,4,0.75,1.6490777730941772
fixed,0,506,1.8331894874572754,0.04176570847630501,0.0017807125113904476,0.943932831287384,1.8331894874572754,4,1.0,
fixed,0,507,2.0380568504333496,0.05008845031261444,0.0,0.44019949436187744,2.0380568504333496,4,0.5,
fixed,0,508,0.8973272442817688,0.010647999122738838,0.001245205057784915,0.8205817937850952,0.8973272442817688,4,1.0,
fixed,0,509,1.650879144668579,0.049854982644319534,0.0005591430235654116,0.6589629054069519,1.650879144668579,4,0.5,
fixed,0,510,2.191875457763672,7.4355834840389434e-06,0.0011691312538459897,0.8386402726173401,2.191875457763672,4,0.25,1.4310109615325928
fixed,0,511,1.7422664165496826,0.03831614553928375,0.0013159209629520774,0.5469162464141846,1.7422664165496826,4,0.75,
fixed,0,512,2.5398173332214355,2.0551121906464687e-06,0.0033503524027764797,0.6514159440994263,2.5398173332214355,4,0.75,
fixed,0,513,2.207777976989746,0.0003070907259825617,0.013084455393254757,0.4343321919441223,2.207777976989746,4,0.75,
fixed,0,514,2.1926610469818115,6.271172424021643e-06,0.0003171224088873714,0.7523061037063599,2.1926610469818115,4,0.25,
fixed,0,515,1.462627649307251,0.03421990945935249,0.001345268334262073,0.5871496796607971,1.462627649307251,4,0.75,10.578794479370117
fixed,0,516,2.2261455059051514,1.5536063528998056e-06,0.011402091011404991,0.5994893312454224,2.2261455059051514,4,0.75,
fixed,0,517,1.4977511167526245,3.6978831303713378e-06,0.001260548597201705,0.5761302709579468,1.4977511167526245,4,0.5,
fixed,0,518,2.0981712341308594,0.026410527527332306,0.000652635411825031,0.3339327573776245,2.0981712341308594,4,0.5,
fixed,0,519,1.5714757442474365,3.743527031474514e-06,0.001066212891601026,0.8227359652519226,1.5714757442474365,4,0.25,
fixed,0,520,1.83663010597229,0.032789189368486404,0.008064474910497665,0.5310829877853394,1.83663010597229,4,0.75,4.594511032104492
fixed,0,521,1.8302582502365112,2.1963669496471994e-06,0.0027369647286832333,0.6385366320610046,1.8302582502365112,4,0.5,
fixed,0,522,3.622001886367798,6.105669854150619e-06,0.0,1.3554856777191162,3.622001886367798,4,0.0,
fixed,0,523,1.9123895168304443,0.031199323013424873,0.008915257640182972,0.5466893315315247,1.9123895168304443,4,0.75,
fixed,0,524,1.3273868560791016,0.00013627443695440888,0.026966577395796776,0.5285102128982544,1.3273868560791016,4,0.0,
fixed,0,525,1.726009726524353,1.5057273685670225e-06,0.014818040654063225,0.33575570583343506,1.726009726524353,4,0.5,9.872481346130371
fixed,0,526,1.8469514846801758,1.0847873454622459e-05,0.002871105680242181,0.3913952708244324,1.8469514846801758,4,0.25,
fixed,0,527,1.5371991395950317,1.2492673704400659e-06,0.0028213374316692352,0.652150571346283,1.5371991395950317,4,0.75,
fixed,0,528,2.014658212661743,3.273509037171607e-06,0.005567941814661026,0.5827085375785828,2.014658212661743,4,0.75,
fixed,0,529,1.705935001373291,5.697130291082431e-06,0.004621302243322134,0.6313508749008179,1.705935001373291,4,0.5,
fixed,0,530,1.6277029514312744,4.724810423795134e-06,0.0008724326035007834,0.6439472436904907,1.6277029514312744,4,0.5,1.1042697429656982
fixed,0,531,1.5516326427459717,0.0006952474941499531,0.0026317962910979986,0.3598628044128418,1.5516326427459717,4,0.5,
fixed,0,532,2.107114791870117,0.02735322155058384,0.0002701636403799057,0.666033148765564,2.107114791870117,4,0.75,
fixed,0,533,1.8296180963516235,8.232644177041948e-05,0.0023424087557941675,0.850744903087616,1.8296180963516235,4,0.25,
fixed,0,534,2.020738363265991,0.00032295953133143485,0.00026183269801549613,0.6463083624839783,2.020738363265991,4,0.5,
fixed,0,535,1.4037822484970093,6.27265853836434e-06,0.0023183946032077074,0.7176562547683716,1.4037822484970093,4,0.75,2.9461605548858643
fixed,0,536,1.826412558555603,0.0061266301199793816,0.00012547629012260586,0.34992921352386475,1.826412558555603,4,0.5,
fixed,0,537,2.014277935028076,0.0007552694296464324,0.0,0.6623566150665283,2.014277935028076,4,0.0,
fixed,0,538,2.2674107551574707,0.055905748158693314,0.00011465943680377677,0.3691166639328003,2.2674107551574707,4,0.5,
fixed,0,539,2.8005456924438477,5.960631824564189e-06,0.00031477981247007847,0.6398758292198181,2.8005456924438477,4,0.5,
fixed,0,540,2.2178919315338135,0.05784725397825241,0.0011767573887482285,0.6600832343101501,2.2178919315338135,4,0.75,1.6120630502700806
fixed,0,541,1.7620104551315308,5.54038570044213e-06,0.001183641143143177,0.6509383320808411,1.7620104551315308,4,0.75,
fixed,0,542,2.6748862266540527,0.05287930741906166,0.0,0.8150611519813538,2.6748862266540527,4,0.25,
fixed,0,543,2.275477647781372,7.319677933992352e-06,0.002989430446177721,0.41979920864105225,2.275477647781372,4,0.5,
fixed,0,544,1.7305759191513062,7.0975302151055075e-06,0.0008470600587315857,0.6996236443519592,1.7305759191513062,4,0.75,
fixed,0,545,2.164046287536621,0.0,0.004019108135253191,0.9169714450836182,2.164046287536621,4,1.0,4.344391345977783
fixed,0,546,1.000316858291626,0.0048081050626933575,0.0015755713684484363,0.6176496148109436,1.000316858291626,4,0.75,
fixed,0,547,2.475036382675171,1.4878841284371447e-05,0.0038714264519512653,0.31135058403015137,2.475036382675171,4,0.5,
fixed,0,548,1.9682596921920776,1.5046305179566843e-06,0.0030091311782598495,0.6633192896842957,1.9682596921920776,4,0.75,
fixed,0,549,1.8741921186447144,4.8172223614528775e-06,0.0026805109810084105,0.4949480891227722,1.8741921186447144,4,0.5,
fixed,0,550,1.6337907314300537,3.387951437616721e-06,0.0022308898624032736,0.6594112515449524,1.6337907314300537,4,0.5,2.4835448265075684
fixed,0,551,1.0757615566253662,8.89565399120329e-06,0.00041501244413666427,0.8140133023262024,1.0757615566253662,4,0.25,
fixed,0,552,2.034613609313965,6.456852133851498e-05,0.0003106775402557105,0.3302764892578125,2.034613609313965,4,0.25,
fixed,0,553,2.2110307216644287,0.05508492514491081,0.0,0.8045529127120972,2.2110307216644287,4,0.25,
fixed,0,554,1.6509158611297607,1.7575113133716513e-06,0.0007906124228611588,0.6923204064369202,1.6509158611297607,4,0.75,
fixed,0,555,1.3028583526611328,0.00025277931126765907,0.0,0.510714590549469,1.3028583526611328,4,0.0,0.2521164119243622
fixed,0,556,2.0149524211883545,4.65191260445863e-06,0.0006896869745105505,0.667803168296814,2.0149524211883545,4,0.5,
fixed,0,557,1.1627086400985718,0.0,0.0012841424904763699,1.0775001049041748,1.1627086400985718,4,1.0,
fixed,0,558,1.1840989589691162,0.0009843807201832533,0.00042172177927568555,0.7783216834068298,1.1840989589691162,4,0.75,
fixed,0,559,1.5913400650024414,2.29494344239356e-06,0.0008440905949100852,0.551260232925415,1.5913400650024414,4,0.5,
fixed,0,560,2.2906553745269775,0.05248807743191719,0.001036287983879447,0.3238968849182129,2.2906553745269775,4,0.5,5.008759498596191
fixed,0,561,2.6409502029418945,4.402750164445024e-06,0.0005614596302621067,0.6565272212028503,2.6409502029418945,4,0.5,
fixed,0,562,1.8589723110198975,9.432546335119696e-07,0.001190774841234088,0.7010120749473572,1.8589723110198975,4,0.75,
fixed,0,563,2.244999885559082,1.2303606126806699e-05,0.05676236376166344,0.7867618799209595,2.244999885559082,4,0.25,
fixed,0,564,1.5789967775344849,9.953189874067903e-05,0.0,0.7317752242088318,1.5789967775344849,4,0.0,
fixed,0,565,1.9655102491378784,4.340229497756809e-05,0.0006057144491933286,0.6824260950088501,1.9655102491378784,4,0.75,0.735282838344574
fixed,0,566,2.460052013397217,0.0006788766477257013,0.0002796958724502474,0.7724007964134216,2.460052013397217,4,0.25,
fixed,0,567,2.509420156478882,0.005409257020801306,0.0007375171408057213,0.5158700942993164,2.509420156478882,4,0.75,
fixed,0,568,1.7134747505187988,0.044695932418107986,9.972760744858533e-05,0.3621600866317749,1.7134747505187988,4,0.5,
fixed,0,569,2.044935703277588,0.03350335732102394,0.0,0.8661170601844788,2.044935703277588,4,0.25,
fixed,0,570,1.6393154859542847,5.370130111259641e-06,0.0007592791225761175,0.7252498865127563,1.6393154859542847,4,0.75,0.9759240746498108
fixed,0,571,2.572134017944336,0.0030350270681083202,0.0009114663116633892,0.35152292251586914,2.572134017944336,4,0.5,
fixed,0,572,2.423715114593506,4.1364346543559805e-05,0.0,0.7553216218948364,2.423715114593506,4,0.0,
fixed,0,573,2.4372498989105225,0.0011638532159850001,0.0007200542604550719,0.4039194583892822,2.4372498989105225,4,0.5,
fixed,0,574,1.2846375703811646,6.141237918200204e-06,0.0002874992787837982,0.34858834743499756,1.2846375703811646,4,0.25,
fixed,0,575,2.52135968208313,2.3632605007151142e-05,0.0,1.334165096282959,2.52135968208313,4,0.0,0.03320002183318138
fixed,0,576,1.5891088247299194,0.004140306729823351,0.0019793170504271984,0.4965757131576538,1.5891088247299194,4,0.75,
fixed,0,577,2.379540205001831,3.2038083190855104e-06,0.0005538479890674353,0.6053565740585327,2.379540205001831,4,0.5,
fixed,0,578,1.9805861711502075,0.10546322166919708,0.0035907828714698553,0.8779619336128235,1.9805861711502075,4,1.0,
fixed,0,579,1.331108808517456,1.0686147788874223e-06,0.003084460273385048,0.6051358580589294,1.331108808517456,4,0.75,
fixed,0,580,1.955278992652893,2.945652568087098e-06,0.003263007616624236,0.29300475120544434,1.955278992652893,4,0.5,2.997673273086548
fixed,0,581,2.8833858966827393,1.685041297605494e-06,0.043212857097387314,0.8317093849182129,2.8833858966827393,4,0.25,
fixed,0,582,1.9049131870269775,0.03105252794921398,0.007277077995240688,0.6307237148284912,1.9049131870269775,4,0.75,
fixed,0,583,1.5447334051132202,1.7088764252548572e-06,0.002771125640720129,0.5990878343582153,1.5447334051132202,4,0.5,
fixed,0,584,2.4166054725646973,0.03454418480396271,0.0017013036413118243,0.4867987632751465,2.4166054725646973,4,0.5,
fixed,0,585,1.2902776002883911,5.069114649813855e-06,0.0,1.3576725721359253,1.2902776002883911,4,0.0,0.006953563541173935
fixed,0,586,1.7967501878738403,8.074545121417032e-07,0.010789671912789345,0.30511343479156494,1.7967501878738403,4,0.5,
fixed,0,587,2.615476131439209,0.039871539920568466,0.0054555051028728485,0.5263851284980774,2.615476131439209,4,0.75,
fixed,0,588,1.9666579961776733,1.8687160263652913e-06,0.0027384830173105,0.5414879322052002,1.9666579961776733,4,0.5,
fixed,0,589,2.126675844192505,1.7943467582881567e-06,0.01779535412788391,0.7369585037231445,2.126675844192505,4,0.5,
fixed,0,590,2.112490653991699,8.592760423198342e-07,0.014356378465890884,0.6558219194412231,2.112490653991699,4,0.75,11.767422676086426
fixed,0,591,1.9564125537872314,0.027939757332205772,0.01449072826653719,0.7583397030830383,1.9564125537872314,4,1.0,
fixed,0,592,1.9945474863052368,2.7406340450397693e-06,0.006026791874319315,0.6860895752906799,1.9945474863052368,4,0.5,
fixed,0,593,2.300440549850464,0.0005119922570884228,0.010969256982207298,0.34136271476745605,2.300440549850464,4,0.5,
fixed,0,594,2.0714802742004395,8.07320645890286e-07,0.013210353441536427,0.6844615936279297,2.0714802742004395,4,0.75,
fixed,0,595,2.7187466621398926,4.155037458986044e-06,0.0047197663225233555,0.6956227421760559,2.7187466621398926,4,0.5,5.302178382873535
fixed,0,596,2.3950133323669434,0.0027109396178275347,0.006430319510400295,0.6747080683708191,2.3950133323669434,4,1.0,
fixed,0,597,1.8070317506790161,0.10405281186103821,9.957647125702351e-05,0.9037336111068726,1.8070317506790161,4,1.0,
fixed,0,598,1.8661682605743408,7.4049908107554074e-06,0.002399783581495285,0.6908504366874695,1.8661682605743408,4,0.5,
fixed,0,599,1.1022180318832397,0.0004532680904958397,0.0011335158487781882,0.692979097366333,1.1022180318832397,4,0.75,
fixed,0,600,2.001476526260376,2.574965765234083e-05,0.0018067671917378902,0.6770738959312439,2.001476526260376,4,0.5,2.1366705894470215
fixed,0,601,1.9432542324066162,0.00016712212527636439,0.0003534576972015202,0.3537309169769287,1.9432542324066162,4,0.5,
fixed,0,602,2.2072207927703857,1.711165350570809e-05,0.0012083015171810985,0.6526436805725098,2.2072207927703857,4,0.5,
fixed,0,603,1.553213357925415,5.6215914810309187e-05,9.012427472043782e-05,0.7903972864151001,1.553213357925415,4,0.25,
fixed,0,604,2.030982732772827,0.00036241827183403075,0.0004181039403192699,0.6639044284820557,2.030982732772827,4,0.5,
fixed,0,605,1.4070794582366943,0.0024600985925644636,0.00023907747527118772,0.412728488445282,1.4070794582366943,4,0.5,1.3749852180480957
fixed,0,606,2.1068625450134277,3.7130423152120784e-05,0.00011835675104521215,0.7903980016708374,2.1068625450134277,4,0.25,
fixed,0,607,2.2444019317626953,3.5334967833478004e-05,0.0004403693019412458,0.8115749955177307,2.2444019317626953,4,0.25,
fixed,0,608,2.2289211750030518,1.0601006579236127e-05,0.0005572516238316894,0.7102258205413818,2.2289211750030518,4,0.75,
fixed,0,609,1.9124224185943604,2.9142520361347124e-05,0.0004501754301600158,0.5820249915122986,1.9124224185943604,4,0.5,
fixed,0,610,2.8414535522460938,1.236626303580124e-05,0.00047681009164080024,0.730488121509552,2.8414535522460938,4,0.75,0.555432915687561
fixed,0,611,1.0492545366287231,0.0001417534367647022,0.0,1.285943627357483,1.0492545366287231,4,0.0,
fixed,0,612,2.037940263748169,7.701641879975796e-05,0.0002607127244118601,0.734018862247467,2.037940263748169,4,0.25,
fixed,0,613,2.04553484916687,2.8118003683630377e-05,0.001262637204490602,0.7096303701400757,2.04553484916687,4,0.25,
fixed,0,614,2.9633238315582275,5.9603895351756364e-05,8.700839680386707e-05,0.7795181274414062,2.9633238315582275,4,0.25,
fixed,0,615,1.337640404701233,1.537671050755307e-05,0.0003409431083127856,0.5798400640487671,1.337640404701233,4,0.5,0.3454751968383789
fixed,0,616,1.5291447639465332,1.3675482477992773e-05,6.992196722421795e-05,0.7906008958816528,1.5291447639465332,4,0.25,
fixed,0,617,1.6674588918685913,0.0,0.00023193052038550377,1.1430590152740479,1.6674588918685913,3,1.0,
fixed,0,618,1.893895149230957,4.063386768393684e-06,0.00014200742589309812,0.7453256845474243,1.893895149230957,4,0.75,
fixed,0,619,1.5317726135253906,8.864215487847105e-06,0.00011296610318822786,0.3503521680831909,1.5317726135253906,4,0.25,
fixed,0,620,1.071863055229187,0.0001470653951400891,0.00012692357995547354,0.6124746799468994,1.071863055229187,4,0.5,0.15627898275852203
fixed,0,621,0.8740003108978271,6.925499292265158e-06,9.701235103420913e-05,0.6423681974411011,0.8740003108978271,4,0.5,
fixed,0,622,2.5039525032043457,3.4809290809789672e-06,0.0018027388723567128,0.4353635311126709,2.5039525032043457,4,0.5,
fixed,0,623,2.205095052719116,2.425955926810275e-06,0.00010415150609333068,0.3373032808303833,2.205095052719116,4,0.5,
fixed,0,624,2.647188425064087,0.11669919639825821,2.2777176127419807e-05,0.7801024913787842,2.647188425064087,4,0.75,
fixed,0,625,2.525696277618408,2.3974796476977644e-06,0.00012730210437439382,0.7622662782669067,2.525696277618408,4,0.75,0.16750454902648926
fixed,0,626,1.7433475255966187,3.02250191452913e-06,4.1162489651469514e-05,0.6488176584243774,1.7433475255966187,4,0.5,
fixed,0,627,2.0048556327819824,2.626311470521614e-05,0.00015869885100983083,0.34318339824676514,2.0048556327819824,4,0.5,
fixed,0,628,0.9439615607261658,1.7315317109023454e-06,0.0001014063018374145,0.6703315377235413,0.9439615607261658,4,0.5,
fixed,0,629,2.511903762817383,0.05074789747595787,6.969401147216558e-05,0.7694462537765503,2.511903762817383,4,0.75,
fixed,0,630,1.7664449214935303,1.4896462516844622e-06,0.00031939687323756516,0.836818516254425,1.7664449214935303,4,0.25,0.4437536597251892
fixed,0,631,1.7908064126968384,4.564638584270142e-05,0.00022027711383998394,0.3560919761657715,1.7908064126968384,4,0.25,
fixed,0,632,2.2651262283325195,1.5771536254760576e-06,0.0004320024745538831,0.6835114359855652,2.2651262283325195,4,0.5,
fixed,0,633,2.173623561859131,4.7086264203244355e-06,0.0007898948388174176,0.659919261932373,2.173623561859131,4,0.75,
fixed,0,634,1.701106071472168,0.0,0.008181888610124588,0.7028340101242065,1.701106071472168,4,0.75,
fixed,0,635,2.784619092941284,5.884938900635461e-07,0.00030727870762348175,0.6819974780082703,2.784619092941284,4,0.5,0.4242270886898041
fixed,0,636,2.243244171142578,0.008127506822347641,0.0014496325748041272,1.095494031906128,2.243244171142578,4,1.0,
fixed,0,637,1.7674379348754883,0.051115889102220535,0.0001375282445224002,0.6891724467277527,1.7674379348754883,4,0.5,
fixed,0,638,1.3638434410095215,0.000390696048270911,0.0007412280538119376,0.7093230485916138,1.3638434410095215,4,0.75,
fixed,0,639,2.566103458404541,0.04790208861231804,0.0010522278025746346,1.033699870109558,2.566103458404541,4,1.0,
fixed,0,640,1.2820430994033813,3.8219519638005295e-07,0.0007562732789665461,0.7638208270072937,1.2820430994033813,4,0.75,1.016200304031372
fixed,0,641,2.0369396209716797,0.04269738867878914,0.0,0.8698254227638245,2.0369396209716797,4,0.25,
fixed,0,642,2.599175453186035,2.1369987734942697e-07,0.0023963646963238716,0.686493456363678,2.599175453186035,4,0.5,
fixed,0,643,2.6626393795013428,1.0562068837316474e-06,0.0016086030518636107,0.6674221158027649,2.6626393795013428,4,0.5,
fixed,0,644,2.3164615631103516,0.0,0.0066295466385781765,0.9419052004814148,2.3164615631103516,4,1.0,
fixed,0,645,2.3313214778900146,2.223171577497851e-06,0.00020701355242636055,0.7867843508720398,2.3313214778900146,4,0.25,0.21927115321159363
fixed,0,646,1.671608328819275,0.004226030316203833,0.0051809316501021385,0.5071426630020142,1.671608328819275,4,0.5,
fixed,0,647,2.687649965286255,4.003091453341767e-05,0.001548436819575727,0.8510202765464783,2.687649965286255,4,0.25,
fixed,0,648,1.4874069690704346,1.4589937791242846e-06,0.00575602799654007,0.710781991481781,1.4874069690704346,4,0.75,
fixed,0,649,1.8966976404190063,8.688501111464575e-05,0.005984981078654528,0.5030770897865295,1.8966976404190063,4,0.75,
fixed,0,650,1.6722500324249268,0.006138087250292301,0.002796643180772662,0.5969990491867065,1.6722500324249268,4,0.75,2.6619677543640137
fixed,0,651,2.7196762561798096,0.0009339057723991573,0.0012108590453863144,0.3023672103881836,2.7196762561798096,4,0.25,
fixed,0,652,2.4713780879974365,0.02090504579246044,0.0007591985631734133,0.7021234035491943,2.4713780879974365,4,0.5,
fixed,0,653,1.47480309009552,0.0026945355348289013,0.00040575311868451536,0.5839583277702332,1.47480309009552,4,0.5,
fixed,0,654,1.8131279945373535,0.04802154377102852,0.00021601365006063133,0.6643821597099304,1.8131279945373535,4,0.5,
fixed,0,655,2.0753636360168457,1.466418780182721e-06,0.0006742425030097365,0.6652716398239136,2.0753636360168457,4,0.75,0.7231566309928894
fixed,0,656,2.1887645721435547,2.1848406959179556e-06,0.0010047971736639738,0.7125518918037415,2.1887645721435547,4,0.75,
fixed,0,657,1.5896905660629272,0.0006792711210437119,0.0003253954346291721,0.31251776218414307,1.5896905660629272,4,0.25,
fixed,0,658,1.9005281925201416,0.04147828742861748,0.0014523803256452084,0.6749626398086548,1.9005281925201416,4,0.5,
fixed,0,659,0.9619399309158325,4.326931048126426e-06,0.0011281470069661736,0.6398370862007141,0.9619399309158325,4,0.75,
fixed,0,660,1.700950026512146,9.147603350356803e-07,0.002305058529600501,0.667479932308197,1.700950026512146,4,0.75,2.6766176223754883
fixed,0,661,1.7565525770187378,0.0,0.0030612265691161156,0.9281172156333923,1.7565525770187378,4,1.0,
fixed,0,662,2.766937255859375,0.042921800166368484,0.0013119440991431475,0.545376181602478,2.766937255859375,4,0.75,
fixed,0,663,2.0830376148223877,0.05332837626338005,0.008116114884614944,0.614227831363678,2.0830376148223877,4,0.75,
fixed,0,664,1.825729489326477,8.919563697418198e-06,0.011723630130290985,0.29385292530059814,1.825729489326477,4,0.25,
fixed,0,665,1.5687750577926636,1.2982007319806144e-05,0.001053007785230875,0.8362007141113281,1.5687750577926636,4,0.25,1.2507967948913574
fixed,0,666,2.201596975326538,9.57333440965158e-07,0.003974122926592827,0.3982003331184387,2.201596975326538,4,0.25,
fixed,0,667,2.5955474376678467,4.0576237552159e-06,0.0,1.3607676029205322,2.5955474376678467,4,0.0,
fixed,0,668,1.769415259361267,1.709809225758363e-06,0.008739444427192211,0.6500719785690308,1.769415259361267,4,0.5,
fixed,0,669,1.7517439126968384,9.435731271878467e-07,0.010790231637656689,0.6525464653968811,1.7517439126968384,4,0.75,
fixed,0,670,1.9840503931045532,0.030539564788341522,0.0001022173382807523,0.6883141994476318,1.9840503931045532,4,0.5,12.70921516418457
fixed,0,671,2.5722601413726807,2.973395930894185e-05,0.0004378911980893463,0.8281134366989136,2.5722601413726807,4,0.25,
fixed,0,672,1.1632766723632812,0.04355872794985771,0.00031743873842060566,1.0799710750579834,1.1632766723632812,4,1.0,
fixed,0,673,1.7287166118621826,7.442919741151854e-05,0.0011321927886456251,0.644530177116394,1.7287166118621826,4,0.75,
fixed,0,674,1.9113014936447144,0.0002617528662085533,0.0,1.2610598802566528,1.9113014936447144,4,0.0,
fixed,0,675,1.744567632675171,3.790756454691291e-05,0.0013660648837685585,0.6827584505081177,1.744567632675171,4,0.5,1.6588431596755981
fixed,0,676,1.9001498222351074,0.03398919105529785,0.0005777546321041882,0.6999375820159912,1.9001498222351074,4,0.5,
fixed,0,677,1.856011986732483,0.0004075567703694105,0.00021253588784020394,0.35848188400268555,1.856011986732483,4,0.25,
fixed,0,678,2.1598100662231445,4.089456342626363e-05,0.002037616679444909,0.862392008304596,2.1598100662231445,4,0.25,
fixed,0,679,1.262734293937683,1.3646385923493654e-05,0.0,1.348474383354187,1.262734293937683,4,0.0,
fixed,0,680,1.442601203918457,4.666456879931502e-05,0.0028426144272089005,0.32016289234161377,1.442601203918457,4,0.5,3.5407919883728027
fixed,0,681,1.4850726127624512,2.629726338909677e-07,0.0011875221971422434,0.7435601949691772,1.4850726127624512,4,0.75,
fixed,0,682,2.6329710483551025,0.04099293053150177,0.0015421983553096652,0.7051840424537659,2.6329710483551025,4,0.75,
fixed,0,683,3.0020973682403564,1.3402130889517139e-06,0.002423925558105111,0.692854642868042,3.0020973682403564,4,0.5,
fixed,0,684,2.591566801071167,0.1049550324678421,0.0008068006136454642,0.721672773361206,2.591566801071167,4,0.75,
fixed,0,685,2.5271008014678955,3.7171528219914762e-06,0.0017712037079036236,0.6640308499336243,2.5271008014678955,4,0.5,2.260789155960083
fixed,0,686,2.1587905883789062,0.018160942941904068,0.025611579418182373,0.6963360905647278,2.1587905883789062,4,0.5,
fixed,0,687,1.3023154735565186,0.04529228061437607,0.005376379005610943,0.7105600237846375,1.3023154735565186,4,0.75,
fixed,0,688,3.3126845359802246,2.897578087868169e-05,0.0009443037561140954,0.3261200189590454,3.3126845359802246,4,0.5,
fixed,0,689,1.6676608324050903,0.005951219704002142,0.0092200031504035,0.7299615144729614,1.6676608324050903,4,0.75,
fixed,0,690,1.8778468370437622,2.5493505972917774e-07,0.0022973320446908474,0.7272069454193115,1.8778468370437622,4,0.75,2.997605085372925
fixed,0,691,1.7728571891784668,7.846444532333408e-06,0.0,1.355269432067871,1.7728571891784668,4,0.0,
fixed,0,692,2.1591482162475586,2.8714863219647668e-05,0.003947437275201082,0.8903696537017822,2.1591482162475586,4,0.25,
fixed,0,693,1.1827044486999512,0.04487072303891182,0.0009423565934412181,0.7271304726600647,1.1827044486999512,4,0.75,
fixed,0,694,1.7773082256317139,0.0,0.022594453766942024,0.7753443121910095,1.7773082256317139,4,1.0,
fixed,0,695,2.41363787651062,4.3438490138214547e-07,0.013791578821837902,0.7228729724884033,2.41363787651062,4,0.5,11.082141876220703
fixed,0,696,1.9317307472229004,0.048076171427965164,0.0010337088024243712,0.6905896067619324,1.9317307472229004,4,0.5,
fixed,0,697,2.1343202590942383,6.69976259359828e-07,0.005255827680230141,0.7149401903152466,2.1343202590942383,4,0.75,
fixed,0,698,1.4579362869262695,8.824146391361865e-08,0.0020616543479263783,0.7043160200119019,1.4579362869262695,4,0.75,
fixed,0,699,2.023120403289795,3.110498801106587e-05,0.0016956046456471086,0.3759143352508545,2.023120403289795,4,0.25,
fixed,0,700,1.937955379486084,6.305557326413691e-05,0.001531826565042138,0.8561386466026306,1.937955379486084,4,0.25,1.789105772972107
fixed,0,701,2.7494640350341797,2.328572008991614e-06,0.0,1.368914008140564,2.7494640350341797,4,0.0,
fixed,0,702,1.6787259578704834,6.104261274231249e-07,0.009205065667629242,0.7003000378608704,1.6787259578704834,4,0.75,
fixed,0,703,2.1253790855407715,9.06654167920351e-06,0.0,1.3581444025039673,2.1253790855407715,4,0.0,
fixed,0,704,1.5815321207046509,4.193452696199529e-06,0.0049198525957763195,0.7204681038856506,1.5815321207046509,4,0.75,
fixed,0,705,1.1614323854446411,0.00034580135252326727,0.0,0.6945585608482361,1.1614323854446411,4,0.0,0.31212472915649414
fixed,0,706,2.019026517868042,0.053213682025671005,9.298723307438195e-05,0.3683267831802368,2.019026517868042,4,0.5,
fixed,0,707,0.9597533345222473,0.0467444472014904,0.00025660358369350433,0.7547156810760498,0.9597533345222473,4,0.75,
fixed,0,708,1.6594698429107666,8.156899275491014e-05,0.004222664050757885,0.3995511531829834,1.6594698429107666,4,0.25,
fixed,0,709,2.1680963039398193,0.042918696999549866,0.0007625033613294363,0.737520694732666,2.1680963039398193,4,0.75,
fixed,0,710,1.5359506607055664,0.0007973313331604004,0.0050324369221925735,0.6964667439460754,1.5359506607055664,4,0.5,4.961406230926514
fixed,0,711,1.5872739553451538,0.0884106457233429,0.00042523309821262956,0.7167841196060181,1.5872739553451538,4,0.75,
fixed,0,712,1.9018152952194214,1.547444981042645e-07,0.007642869371920824,0.7062904238700867,1.9018152952194214,4,0.75,
fixed,0,713,1.6524680852890015,1.0641702630209693e-07,0.05653398111462593,0.6946397423744202,1.6524680852890015,4,0.5,
fixed,0,714,2.216059446334839,2.141085957418909e-07,0.01031261496245861,0.714680552482605,2.216059446334839,4,0.5,
fixed,0,715,2.4755120277404785,1.1729112884495407e-05,0.0029732019174844027,0.3899134397506714,2.4755120277404785,4,0.25,3.220353364944458
fixed,0,716,2.1332082748413086,0.02251424640417099,0.01025346852838993,0.6425269842147827,2.1332082748413086,4,0.75,
fixed,0,717,2.3065390586853027,1.0640730607747173e-07,0.005215311422944069,0.7113229632377625,2.3065390586853027,4,0.75,
fixed,0,718,2.961808919906616,7.501556865463499e-06,0.0012168585089966655,0.8540140390396118,2.961808919906616,4,0.25,
fixed,0,719,2.0530593395233154,4.609212282957742e-07,0.002855492290109396,0.7073153853416443,2.0530593395233154,4,0.75,
fixed,0,720,1.9311624765396118,6.143769496702589e-06,0.004095017910003662,0.6953902244567871,1.9311624765396118,4,0.5,4.53889799118042
fixed,0,721,2.338500499725342,2.7244954253546894e-05,0.00021890277275815606,0.3548671007156372,2.338500499725342,4,0.25,
fixed,0,722,1.4792832136154175,0.050164636224508286,0.0008316239109262824,0.6887766122817993,1.4792832136154175,4,0.5,
fixed,0,723,1.5261213779449463,7.586456831631949e-07,0.002683773636817932,0.7320268750190735,1.5261213779449463,4,0.75,
fixed,0,724,2.6326904296875,9.931233762472402e-06,0.000823253532871604,0.32672035694122314,2.6326904296875,4,0.5,
fixed,0,725,2.608072519302368,2.682450576685369e-05,0.0028895793948322535,0.8783085346221924,2.608072519302368,4,0.25,3.1636204719543457
fixed,0,726,1.4295457601547241,3.0888979836163344e-06,0.006915749981999397,0.6988251209259033,1.4295457601547241,4,0.5,
fixed,0,727,1.5236841440200806,5.343225893739145e-06,0.0015712263993918896,0.37591564655303955,1.5236841440200806,4,0.25,
fixed,0,728,1.3319613933563232,0.10496696084737778,0.00198708800598979,0.5563685297966003,1.3319613933563232,4,0.75,
fixed,0,729,1.8006223440170288,6.695996853522956e-05,0.0001489075948484242,0.8158637881278992,1.8006223440170288,4,0.25,
fixed,0,730,2.0962491035461426,0.0,0.006010418292135,0.9485338926315308,2.0962491035461426,4,1.0,6.8128342628479
fixed,0,731,2.084080219268799,1.0041508176072966e-06,0.0020772614516317844,0.7345560789108276,2.084080219268799,4,0.75,
fixed,0,732,1.3722954988479614,6.5112599259009585e-06,0.0028606681153178215,0.3132983446121216,1.3722954988479614,4,0.5,
fixed,0,733,1.7466074228286743,7.539617854490643e-07,0.001439390704035759,0.6800959706306458,1.7466074228286743,4,0.5,
fixed,0,734,2.6050424575805664,0.03776979073882103,0.0011797306360676885,0.42317479848861694,2.6050424575805664,4,0.25,
fixed,0,735,1.7385244369506836,8.202934623113833e-06,0.0007667093886993825,0.8443707823753357,1.7385244369506836,4,0.25,0.9449030756950378
fixed,0,736,1.802425503730774,1.24853465877095e-06,0.00659932242706418,0.713340699672699,1.802425503730774,4,0.75,
fixed,0,737,1.268169641494751,0.00991576723754406,0.0019979963544756174,0.7275364398956299,1.268169641494751,4,0.25,
fixed,0,738,2.2202277183532715,2.0297056835261174e-06,0.0002753586450126022,0.8278457522392273,2.2202277183532715,4,0.25,
fixed,0,739,2.6537013053894043,1.5059450788612594e-06,0.0007876617601141334,0.6555935740470886,2.6537013053894043,4,0.5,
fixed,0,740,1.328547477722168,1.924621528814896e-07,0.009590324014425278,0.6999581456184387,1.328547477722168,4,0.75,9.745024681091309
fixed,0,741,2.045197010040283,0.040778420865535736,0.0,0.8774583339691162,2.045197010040283,4,0.25,
fixed,0,742,1.4123609066009521,2.9081388674967457e-07,0.001470027258619666,0.6914029717445374,1.4123609066009521,4,0.5,
fixed,0,743,1.62998366355896,1.915106622618623e-06,0.0006267449934966862,0.846182644367218,1.62998366355896,4,0.25,
fixed,0,744,1.6690270900726318,2.1803558070132567e-07,0.0038456288166344166,0.7251498103141785,1.6690270900726318,4,0.75,
fixed,0,745,2.0802128314971924,1.0589705198071897e-05,0.0011954582296311855,0.3243178129196167,2.0802128314971924,4,0.5,1.5011382102966309
fixed,0,746,1.274379849433899,1.2200863466205192e-06,0.00020677177235484123,0.8334173560142517,1.274379849433899,4,0.25,
fixed,0,747,1.5484763383865356,8.503277786076069e-05,0.0008271425031125546,0.6871969103813171,1.5484763383865356,4,0.5,
fixed,0,748,1.355164885520935,0.0,0.0039108688943088055,0.9990546107292175,1.355164885520935,4,1.0,
fixed,0,749,2.380584716796875,0.00027474467060528696,0.0001987826981348917,0.35985231399536133,2.380584716796875,4,0.25,
fixed,0,750,1.683039903640747,0.05332941934466362,0.001697318279184401,0.6953650116920471,1.683039903640747,4,0.5,4.1301164627075195
fixed,0,751,2.5904033184051514,3.135709675916587e-06,0.0,1.363601803779602,2.5904033184051514,4,0.0,
fixed,0,752,2.177896499633789,0.05266857147216797,0.0007066352991387248,0.7582715153694153,2.177896499633789,4,0.75,
fixed,0,753,2.4609503746032715,1.1453139450168237e-06,0.0008929757168516517,0.8545824885368347,2.4609503746032715,4,0.25,
fixed,0,754,2.074376106262207,0.0552574023604393,0.0,0.8311760425567627,2.074376106262207,4,0.25,
fixed,0,755,1.4850335121154785,0.050460558384656906,0.0006307546282187104,0.7576645612716675,1.4850335121154785,4,0.75,6.288906574249268
fixed,0,756,2.0387303829193115,0.09614790230989456,0.00105203315615654,0.5417324304580688,2.0387303829193115,4,0.75,
fixed,0,757,2.3734793663024902,0.04788459837436676,0.002208100399002433,0.7298057675361633,2.3734793663024902,4,0.75,
fixed,0,758,1.4759851694107056,4.013041916550719e-07,0.008362309075891972,0.7214393615722656,1.4759851694107056,4,0.5,
fixed,0,759,2.167086124420166,9.822382708080113e-06,0.0067928931675851345,0.3074803352355957,2.167086124420166,4,0.5,
fixed,0,760,2.021068572998047,4.6363845740415854e-07,0.017474213615059853,0.7598236203193665,2.021068572998047,4,0.5,15.0717134475708
fixed,0,761,1.48190176486969,0.0,0.035904768854379654,0.7218635082244873,1.48190176486969,4,0.75,
fixed,0,762,2.728670358657837,2.712901334689377e-07,0.01711212284862995,0.6857118606567383,2.728670358657837,4,0.75,
fixed,0,763,1.7830419540405273,3.7899548033237807e-07,0.008853083476424217,0.7220978736877441,1.7830419540405273,4,0.5,
fixed,0,764,1.2688593864440918,0.005122288595885038,0.0025509970728307962,0.5901727080345154,1.2688593864440918,4,0.5,
fixed,0,765,1.7833638191223145,3.298649744465365e-07,0.012590327300131321,0.7353127598762512,1.7833638191223145,4,0.5,11.327597618103027
fixed,0,766,1.7447036504745483,0.02997618541121483,0.0012062423629686236,0.7124389410018921,1.7447036504745483,4,0.5,
fixed,0,767,1.2890288829803467,3.3814183098002104e-06,0.0013138223439455032,0.3733912706375122,1.2890288829803467,4,0.25,
fixed,0,768,2.034078598022461,6.544147481690743e-07,0.0015221477951854467,0.6796661019325256,2.034078598022461,4,0.5,
fixed,0,769,2.250927448272705,7.092382929840824e-07,0.00022568840358871967,0.3533703088760376,2.250927448272705,4,0.25,
fixed,0,770,1.5205999612808228,5.587767191173043e-07,0.0015110501553863287,0.30266690254211426,1.5205999612808228,4,0.5,1.4523478746414185
fixed,0,771,2.8848299980163574,7.681182410124165e-07,0.0015970433596521616,0.4883034825325012,2.8848299980163574,4,0.5,
fixed,0,772,2.4054627418518066,0.03281586244702339,0.0032391431741416454,0.7055977582931519,2.4054627418518066,4,0.75,
fixed,0,773,1.997115135192871,0.05115222930908203,0.00047758303117007017,0.7217530012130737,1.997115135192871,4,0.75,
fixed,0,774,1.9419670104980469,7.949743121571373e-07,0.0006932633696123958,0.324230432510376,1.9419670104980469,4,0.5,
fixed,0,775,2.151134490966797,1.2657558272621827e-06,0.0011051034089177847,0.6816868782043457,2.151134490966797,4,0.5,1.3868951797485352
fixed,0,776,2.413511037826538,0.05439373850822449,0.0013923989608883858,0.6838750243186951,2.413511037826538,4,0.5,
fixed,0,777,2.148970603942871,3.10965915559791e-05,0.0011648943182080984,0.675359308719635,2.148970603942871,4,0.75,
fixed,0,778,1.8628058433532715,9.605372724763583e-06,0.0013897671597078443,0.32231712341308594,1.8628058433532715,4,0.5,
fixed,0,779,2.464592933654785,1.5361729310825467e-05,0.0003580545599106699,0.3358948230743408,2.464592933654785,4,0.25,
fixed,0,780,1.1493490934371948,1.6986862760859367e-07,0.0035362327471375465,0.7191793322563171,1.1493490934371948,4,0.75,3.9664058685302734
fixed,0,781,2.41801118850708,0.04531185328960419,0.0021971119567751884,0.7001988291740417,2.41801118850708,4,0.5,
fixed,0,782,2.168086528778076,2.302592065461795e-06,0.0,1.365846872329712,2.168086528778076,4,0.0,
fixed,0,783,2.0062272548675537,1.291693251914694e-06,0.0004416359879542142,0.8385539054870605,2.0062272548675537,4,0.25,
fixed,0,784,1.3933076858520508,1.7033793255905039e-06,0.0,1.3683562278747559,1.3933076858520508,4,0.0,
fixed,0,785,1.3340444564819336,0.052459534257650375,0.001165345311164856,0.7349380254745483,1.3340444564819336,4,0.75,4.7570624351501465
fixed,0,786,1.4133104085922241,1.0697402785808663e-06,0.0003678507055155933,0.8258505463600159,1.4133104085922241,4,0.25,
fixed,0,787,1.8154295682907104,0.01922006346285343,0.011692413128912449,0.7630563974380493,1.8154295682907104,4,1.0,
fixed,0,788,1.9232324361801147,0.03477483615279198,0.0007858969620428979,0.7011802196502686,1.9232324361801147,4,0.5,
fixed,0,789,1.2140437364578247,9.49300158481492e-07,0.012161176651716232,0.30458295345306396,1.2140437364578247,4,0.5,
fixed,0,790,0.8171901106834412,7.495465297324699e-07,0.006997809745371342,0.7050535082817078,0.8171901106834412,4,0.5,6.852223873138428
fixed,0,791,1.4421650171279907,0.07146359235048294,0.0016354839317500591,0.9021828174591064,1.4421650171279907,4,1.0,
fixed,0,792,1.7146748304367065,0.04124124348163605,0.0011172170052304864,0.6964753866195679,1.7146748304367065,4,0.5,
fixed,0,793,2.2111005783081055,2.5289503469139163e-07,0.0213300883769989,0.7389832735061646,2.2111005783081055,4,0.25,
fixed,0,794,1.89501953125,1.5685400285292417e-06,0.007403549272567034,0.7100481390953064,1.89501953125,4,0.5,
fixed,0,795,1.6722756624221802,4.694235758506693e-05,0.005626706872135401,0.3146648406982422,1.6722756624221802,4,0.5,6.15421199798584
fixed,0,796,2.0389862060546875,1.5966564888003631e-06,0.0,0.8022727966308594,2.0389862060546875,4,0.0,
fixed,0,797,1.9346147775650024,5.099189479551569e-07,0.010378900915384293,0.7262539863586426,1.9346147775650024,4,0.5,
fixed,0,798,2.398667573928833,1.0362128932683845e-06,0.0,0.8055382966995239,2.398667573928833,4,0.0,
fixed,0,799,1.3140873908996582,3.9810615248825343e-07,0.0026925213169306517,0.8809868097305298,1.3140873908996582,4,0.25,
fixed,0,800,1.0001401901245117,0.03514320030808449,0.002700098790228367,0.7453724145889282,1.0001401901245117,4,0.75,18.205120086669922
fixed,0,801,2.4953300952911377,0.029400121420621872,0.0,0.41869479417800903,2.4953300952911377,4,0.25,
fixed,0,802,2.804405450820923,3.738714156042988e-07,0.0063919974491000175,0.705818772315979,2.804405450820923,4,0.5,
fixed,0,803,1.922959804534912,0.0006416012183763087,0.012092470191419125,0.7106676697731018,1.922959804534912,4,0.5,
fixed,0,804,0.6540075540542603,3.180953456194402e-07,0.0,1.3777410984039307,0.6540075540542603,4,0.0,
fixed,0,805,1.2071759700775146,0.01420314610004425,0.004141111858189106,0.316786527633667,1.2071759700775146,4,0.25,6.367069244384766
fixed,0,806,2.4522531032562256,2.032690247233404e-07,0.0049798330292105675,0.7011990547180176,2.4522531032562256,4,0.5,
fixed,0,807,1.4284608364105225,3.959407592901698e-07,0.007913137786090374,0.9410136938095093,1.4284608364105225,4,0.25,
fixed,0,808,1.2973532676696777,1.0311806875051843e-07,0.0055054184049367905,0.7065617442131042,1.2973532676696777,4,0.75,
fixed,0,809,1.7831830978393555,9.490813113188779e-08,0.02619772031903267,0.7709222435951233,1.7831830978393555,4,0.25,
fixed,0,810,1.6657027006149292,3.8214238884393126e-05,0.0,0.7616509795188904,1.6657027006149292,4,0.0,0.039958152920007706
fixed,0,811,1.648965835571289,0.06188797205686569,0.00344727816991508,0.6813281178474426,1.648965835571289,4,0.75,
fixed,0,812,1.5082857608795166,0.026221944019198418,0.0016612132312729955,0.7188483476638794,1.5082857608795166,4,0.5,
fixed,0,813,1.822011947631836,2.4522401886883927e-08,0.006027330178767443,0.6974291205406189,1.822011947631836,4,0.75,
fixed,0,814,2.13425350189209,1.942680825095522e-07,0.008397072553634644,0.7082082033157349,2.13425350189209,4,0.5,
fixed,0,815,1.234192132949829,0.026511801406741142,0.0023072133772075176,0.9075750112533569,1.234192132949829,4,1.0,10.261331558227539
fixed,0,816,2.0382840633392334,0.024784494191408157,0.002361979568377137,0.8888949751853943,2.0382840633392334,4,1.0,
fixed,0,817,1.3004732131958008,5.961236126950098e-08,0.0012407074682414532,0.6737930774688721,1.3004732131958008,4,0.5,
fixed,0,818,1.9310784339904785,4.170598089103805e-08,0.01062687672674656,0.6498773694038391,1.9310784339904785,4,0.75,
fixed,0,819,1.4653445482254028,1.5802999087100034e-07,0.0005715007428079844,0.8422008752822876,1.4653445482254028,4,0.25,
fixed,0,820,2.402914047241211,1.807004821330338e-07,0.0004430086992215365,0.8344604969024658,2.402914047241211,4,0.25,0.5470898151397705
fixed,0,821,1.9121149778366089,1.1733751392739578e-07,0.013698671013116837,0.715863823890686,1.9121149778366089,4,0.5,
fixed,0,822,2.2019097805023193,5.878529663050358e-08,0.01949756219983101,0.6676883697509766,2.2019097805023193,4,0.75,
fixed,0,823,0.5372360944747925,0.0,0.004129562992602587,0.9882677793502808,0.5372360944747925,3,1.0,
fixed,0,824,2.2931833267211914,0.0838957205414772,0.0,0.6982017159461975,2.2931833267211914,4,0.5,
fixed,0,825,1.8447555303573608,0.04944564402103424,0.00018109007214661688,0.5148714780807495,1.8447555303573608,4,0.5,5.00579833984375
fixed,0,826,2.1288230419158936,0.054591089487075806,0.0005775777390226722,0.7358784675598145,2.1288230419158936,4,0.75,
fixed,0,827,1.7592558860778809,0.025071604177355766,0.0007385297794826329,0.7016333341598511,1.7592558860778809,4,0.5,
fixed,0,828,1.323293924331665,2.2296939278021455e-05,0.006574119441211224,0.41728371381759644,1.323293924331665,4,0.25,
fixed,0,829,1.7281501293182373,1.7446728861614247e-07,0.0012437483528628945,0.8601248264312744,1.7281501293182373,4,0.25,
fixed,0,830,2.25701642036438,0.0003813972289208323,0.00019880117906723171,0.31503164768218994,2.25701642036438,4,0.25,0.2891964316368103
fixed,0,831,1.5883352756500244,4.439550949086879e-08,0.008198036812245846,0.6914101839065552,1.5883352756500244,4,0.75,
fixed,0,832,1.9503425359725952,0.09006936848163605,0.0022415267303586006,0.9400085806846619,1.9503425359725952,4,1.0,
fixed,0,833,2.1194329261779785,1.947769078469719e-06,0.0014273840934038162,0.3188018798828125,2.1194329261779785,4,0.5,
fixed,0,834,1.9542306661605835,0.0,0.006775377318263054,0.7954115867614746,1.9542306661605835,4,1.0,
fixed,0,835,2.1289658546447754,7.493959230941982e-08,0.007824460975825787,0.7037577033042908,2.1289658546447754,4,0.5,7.0362019538879395
fixed,0,836,2.661450147628784,0.014673643745481968,0.0009096783469431102,0.307245135307312,2.661450147628784,4,0.25,
fixed,0,837,1.040218710899353,6.035116371094773e-07,0.01711641624569893,0.4931827783584595,1.040218710899353,4,0.0,
fixed,0,838,2.467362880706787,1.9767435333051253e-07,0.003111903090029955,0.3939254879951477,2.467362880706787,4,0.25,
fixed,0,839,3.618028402328491,4.157088255851704e-07,0.0029710312373936176,0.8841920495033264,3.618028402328491,4,0.25,
fixed,0,840,2.065835475921631,1.5349213526860694e-06,0.0025761518627405167,0.3123183250427246,2.065835475921631,4,0.5,3.172725200653076
fixed,0,841,1.5579683780670166,1.5017017176433e-06,0.0031852242536842823,0.8883023858070374,1.5579683780670166,4,0.25,
fixed,0,842,1.9229284524917603,2.6562742050373345e-07,0.004855044651776552,0.6928436160087585,1.9229284524917603,4,0.5,
fixed,0,843,1.9877814054489136,5.188334384342852e-08,0.003417704254388809,0.7271649241447449,1.9877814054489136,4,0.75,
fixed,0,844,2.254257917404175,0.04916077107191086,0.000376381998648867,0.6867049336433411,2.254257917404175,4,0.5,
fixed,0,845,2.202564239501953,1.0359957514083362e-06,0.0011144020827487111,0.7304078936576843,2.202564239501953,4,0.75,1.3741939067840576
fixed,0,846,1.6166528463363647,2.4413791834376752e-05,0.0019370270892977715,0.7470212578773499,1.6166528463363647,4,0.75,
fixed,0,847,2.078711986541748,7.636991767867585e-07,0.0033197447191923857,0.3118799924850464,2.078711986541748,4,0.5,
fixed,0,848,0.9716339111328125,2.117918711519451e-06,0.0029342996422201395,0.7357535362243652,0.9716339111328125,4,0.75,
fixed,0,849,2.7411012649536133,2.814555227814708e-05,0.00042310080607421696,0.35703516006469727,2.7411012649536133,4,0.25,
fixed,0,850,2.111618757247925,0.049467358738183975,0.0003650631697382778,0.6822554469108582,2.111618757247925,4,0.5,6.505148410797119
fixed,0,851,1.918090581893921,4.865260507358471e-06,7.32976186554879e-05,0.7985231280326843,1.918090581893921,4,0.25,
fixed,0,852,1.3856805562973022,0.04247739538550377,3.32358104060404e-05,0.32152485847473145,1.3856805562973022,4,0.5,
fixed,0,853,2.1160085201263428,3.1078986921784235e-06,0.00024408372701145709,0.33502912521362305,2.1160085201263428,4,0.5,
fixed,0,854,2.1241328716278076,5.517903446161654e-06,7.285331230377778e-05,0.8200077414512634,2.1241328716278076,4,0.25,
fixed,0,855,1.5149292945861816,8.238730515586212e-06,0.0017120441189035773,0.322224497795105,1.5149292945861816,4,0.5,1.9961888790130615
fixed,0,856,1.2400115728378296,7.549411975560361e-07,0.0005382632953114808,0.6775268912315369,1.2400115728378296,4,0.5,
fixed,0,857,2.2960495948791504,1.3235831829661038e-05,0.0012623884249478579,0.6839157342910767,2.2960495948791504,4,0.5,
fixed,0,858,1.7744852304458618,4.411396002979018e-05,0.002030987525358796,0.8652134537696838,1.7744852304458618,4,0.25,
fixed,0,859,2.0161662101745605,9.149883908321499e-07,0.0015352751361206174,0.754866898059845,2.0161662101745605,4,0.75,
fixed,0,860,1.9370675086975098,8.865346217135084e-07,0.0012762430123984814,0.7549291253089905,1.9370675086975098,4,0.75,1.6476079225540161
fixed,0,861,1.7517433166503906,0.052853766828775406,8.710683323442936e-05,0.6855356693267822,1.7517433166503906,4,0.5,
fixed,0,862,1.5789945125579834,1.7372877891830285e-06,7.012597052380443e-05,0.8263401985168457,1.5789945125579834,4,0.25,
fixed,0,863,3.1556899547576904,0.03395649418234825,0.0002782467636279762,0.7291272282600403,3.1556899547576904,4,0.75,
fixed,0,864,1.8750100135803223,0.0465700663626194,0.0007173395715653896,0.7517643570899963,1.8750100135803223,4,0.75,
fixed,0,865,1.490278720855713,1.240300389326876e-05,0.0002766934921965003,0.35785114765167236,1.490278720855713,4,0.25,0.37232446670532227
fixed,0,866,1.5844906568527222,2.5174878715006344e-07,0.0004797747824341059,0.683741569519043,1.5844906568527222,4,0.5,
fixed,0,867,2.0195155143737793,0.05279083549976349,0.0,0.8429332971572876,2.0195155143737793,4,0.25,
fixed,0,868,1.7748063802719116,2.5303233286422255e-08,0.01213821955025196,0.6974347233772278,1.7748063802719116,4,0.75,
fixed,0,869,2.0570015907287598,3.2087092449728516e-07,0.002681456971913576,0.8846263289451599,2.0570015907287598,4,0.25,
fixed,0,870,1.9709402322769165,0.0009442867012694478,0.0016980795189738274,0.30219995975494385,1.9709402322769165,4,0.25,1.894450306892395
fixed,0,871,1.065536618232727,5.312478990049385e-08,0.006188056897372007,0.711029052734375,1.065536618232727,4,0.5,
fixed,0,872,2.3576278686523438,0.005779605824500322,0.0006694186013191938,0.31758713722229004,2.3576278686523438,4,0.25,
fixed,0,873,1.7463593482971191,1.625988801379208e-07,0.012536950409412384,0.7355437874794006,1.7463593482971191,4,0.5,
fixed,0,874,1.2362196445465088,0.01612575724720955,0.0,0.48081886768341064,1.2362196445465088,4,0.25,
fixed,0,875,2.0690393447875977,1.523544881365524e-07,0.0,1.3803884983062744,2.0690393447875977,4,0.0,0.00015689698921050876
fixed,0,876,2.4252328872680664,1.0384845836597378e-06,0.016090454533696175,0.4052717685699463,2.4252328872680664,4,0.75,
fixed,0,877,2.246535062789917,2.7413857850433487e-08,0.0041313148103654385,0.7027576565742493,2.246535062789917,4,0.5,
fixed,0,878,1.2827190160751343,0.0,0.021893616765737534,0.7891373634338379,1.2827190160751343,4,0.75,
fixed,0,879,1.7203726768493652,0.01816457137465477,0.013850020244717598,0.6867548227310181,1.7203726768493652,4,0.75,
fixed,0,880,2.1672399044036865,4.6810335163627315e-08,0.0006347878370434046,0.684245228767395,2.1672399044036865,4,0.5,0.8498299717903137
fixed,0,881,2.937763214111328,0.014904187060892582,0.00019251584308221936,0.7228054404258728,2.937763214111328,4,0.25,
fixed,0,882,1.8403048515319824,1.9908594595108298e-07,0.00011184505274286494,0.8233240246772766,1.8403048515319824,4,0.25,
fixed,0,883,1.992859959602356,3.351670230244963e-08,0.0073112198151648045,0.6656533479690552,1.992859959602356,4,0.75,
fixed,0,884,1.7319549322128296,0.05534755066037178,0.0016136085614562035,0.6854398250579834,1.7319549322128296,4,0.5,
fixed,0,885,1.211437463760376,2.3767592338685972e-08,0.0005238584708422422,0.6895757913589478,1.211437463760376,4,0.75,0.6435163021087646
fixed,0,886,3.1657352447509766,0.05868471413850784,0.00024202870554290712,0.7448650002479553,3.1657352447509766,4,0.75,
fixed,0,887,2.389644145965576,1.0540692585436773e-07,0.00041836180025711656,0.3188362121582031,2.389644145965576,4,0.5,
fixed,0,888,2.2121429443359375,2.476575957643945e-07,0.00037618764326907694,0.6189521551132202,2.2121429443359375,4,0.5,
fixed,0,889,1.4504857063293457,1.3741986037985043e-07,0.00014883848780300468,0.8247745037078857,1.4504857063293457,4,0.25,
fixed,0,890,2.5188748836517334,0.0734766498208046,0.0001527425047243014,0.6981091499328613,2.5188748836517334,4,0.75,23.73832893371582
fixed,0,891,2.2374801635742188,3.528814715991757e-07,0.0004780200542882085,0.3620792627334595,2.2374801635742188,4,0.25,
fixed,0,892,1.4586522579193115,7.32567627892422e-07,0.0008943655993789434,0.36909329891204834,1.4586522579193115,4,0.25,
fixed,0,893,2.94258975982666,7.108621957740979e-08,0.0008212134125642478,0.6886797547340393,2.94258975982666,4,0.5,
fixed,0,894,2.140167236328125,9.828805502820614e-08,0.0009498820872977376,0.6839677691459656,2.140167236328125,4,0.5,
fixed,0,895,1.6846870183944702,1.961317082077585e-07,0.00026797002647072077,0.3579585552215576,1.6846870183944702,4,0.25,0.3718928396701813
fixed,0,896,2.0705888271331787,1.7189438494824572e-07,0.0,1.3801277875900269,2.0705888271331787,4,0.0,
fixed,0,897,1.4413639307022095,3.5186985769541934e-08,0.0005114896921440959,0.6683472394943237,1.4413639307022095,4,0.5,
fixed,0,898,1.6866997480392456,3.584166847758752e-07,0.011482193134725094,0.30412745475769043,1.6866997480392456,4,0.5,
fixed,0,899,1.5076210498809814,1.0264500360790407e-07,0.002002788707613945,0.6967304944992065,1.5076210498809814,4,0.5,
fixed,0,900,2.7742245197296143,7.451716896866856e-07,0.002746749436482787,0.3903619050979614,2.7742245197296143,4,0.25,3.008833646774292
fixed,0,901,1.2272270917892456,1.5181867638602853e-06,0.0036739076022058725,0.5301500558853149,1.2272270917892456,4,0.75,
fixed,0,902,1.9294967651367188,1.7464668644606718e-07,0.0,1.379746913909912,1.9294967651367188,4,0.0,
fixed,0,903,1.710645318031311,7.244000812534068e-07,0.01018696092069149,0.3048412799835205,1.710645318031311,4,0.5,
fixed,0,904,2.1000475883483887,0.0,0.0006237130146473646,1.1155338287353516,2.1000475883483887,4,1.0,
fixed,0,905,1.905769944190979,2.6930939256430975e-08,0.001336963614448905,0.7568387389183044,1.905769944190979,4,0.75,1.6657557487487793
fixed,0,906,1.7091009616851807,5.52209158399819e-08,0.0036238478496670723,0.7368941903114319,1.7091009616851807,4,0.75,
fixed,0,907,2.462176561355591,2.4772496090008644e-06,0.0024137012660503387,0.3182182312011719,2.462176561355591,4,0.5,
fixed,0,908,1.9187402725219727,7.578306053801498e-07,0.0,1.3747245073318481,1.9187402725219727,4,0.0,
fixed,0,909,1.4616347551345825,1.3942033092462225e-06,0.0,0.8042868971824646,1.4616347551345825,4,0.0,
fixed,0,910,2.2774507999420166,0.05896688252687454,0.00012015977699775249,0.33715057373046875,2.2774507999420166,4,0.5,2.4456679821014404
fixed,0,911,1.7481955289840698,2.198645461248816e-06,9.4411734608002e-06,0.34794580936431885,1.7481955289840698,4,0.25,
fixed,0,912,1.805288314819336,9.409279300598428e-06,0.0010331511730328202,0.32742834091186523,1.805288314819336,4,0.5,
fixed,0,913,1.6953041553497314,6.256546214444825e-08,0.001354666193947196,0.7707189917564392,1.6953041553497314,4,0.75,
fixed,0,914,1.2221018075942993,2.162092016533279e-07,5.617614806396887e-05,0.686505138874054,1.2221018075942993,4,0.5,
fixed,0,915,1.6566152572631836,0.051726967096328735,0.0014549682382494211,0.7549071311950684,1.6566152572631836,4,0.75,4.916686058044434
fixed,0,916,1.8363958597183228,9.395508868692559e-07,2.9337294108700007e-05,0.6857824325561523,1.8363958597183228,4,0.5,
fixed,0,917,1.0395869016647339,0.002682423684746027,0.0,0.5108411312103271,1.0395869016647339,4,0.0,
fixed,0,918,1.9206209182739258,4.891977368970402e-06,0.00019900311599485576,0.33795106410980225,1.9206209182739258,4,0.5,
fixed,0,919,1.698211908340454,0.059114959090948105,0.0,0.8286885023117065,1.698211908340454,4,0.25,
fixed,0,920,1.7162151336669922,1.1899605567577964e-07,0.00023719528689980507,0.6885942220687866,1.7162151336669922,4,0.5,0.32080167531967163
fixed,0,921,2.0286967754364014,2.0283746380300727e-06,0.00010590734746074304,0.7739589810371399,2.0286967754364014,4,0.25,
fixed,0,922,2.360541582107544,5.521711727851653e-07,6.751136970706284e-05,0.8277955651283264,2.360541582107544,4,0.25,
fixed,0,923,2.442115068435669,0.057429634034633636,0.0,0.831613302230835,2.442115068435669,4,0.25,
fixed,0,924,1.4556865692138672,1.2501497792527516e-07,0.00036557106068357825,0.6900455355644226,1.4556865692138672,4,0.5,
fixed,0,925,1.9846131801605225,1.3114302532812872e-07,0.00533510884270072,0.7063197493553162,1.9846131801605225,4,0.5,5.546805381774902
fixed,0,926,1.8580245971679688,1.5420913541674963e-06,0.0,0.803734540939331,1.8580245971679688,4,0.0,
fixed,0,927,2.052640199661255,1.3220184769124899e-07,0.00033788892324082553,0.6848347783088684,2.052640199661255,4,0.5,
fixed,0,928,2.2624545097351074,7.462187568307854e-06,0.0045219953171908855,0.4050275683403015,2.2624545097351074,4,0.25,
fixed,0,929,2.080379009246826,7.271042363754532e-07,0.005379246547818184,0.5103965997695923,2.080379009246826,4,0.75,
fixed,0,930,1.7369139194488525,0.04735420271754265,0.0012687930138781667,0.7461945414543152,1.7369139194488525,4,0.75,7.208508014678955
fixed,0,931,1.7806607484817505,1.0384621873527067e-06,0.005177144426852465,0.41153407096862793,1.7806607484817505,4,0.25,
fixed,0,932,0.8133299350738525,3.4036762031064427e-07,0.0031774279195815325,0.39445436000823975,0.8133299350738525,4,0.25,
fixed,0,933,2.014934778213501,2.1410096451290883e-07,0.0005411605816334486,0.8476797342300415,2.014934778213501,4,0.25,
fixed,0,934,2.4038655757904053,1.4804786587774288e-06,0.00038524038973264396,0.36041712760925293,2.4038655757904053,4,0.25,
fixed,0,935,1.4765598773956299,5.9094858784192184e-08,0.000996825867332518,0.6848850846290588,1.4765598773956299,4,0.5,1.2782096862792969
fixed,0,936,1.668896198272705,2.409280750725884e-05,0.0042561125010252,0.5387434959411621,1.668896198272705,4,0.75,
fixed,0,937,2.4980032444000244,0.0,0.0052085015922784805,0.974227786064148,2.4980032444000244,4,1.0,
fixed,0,938,1.06671142578125,2.6075815640069777e-07,0.0,1.378373146057129,1.06671142578125,4,0.0,
fixed,0,939,0.9475796818733215,0.0,0.002251079073175788,1.0669564008712769,0.9475796818733215,4,1.0,
fixed,0,940,1.2498773336410522,1.8191326489613857e-07,0.0015378739917650819,0.6958261728286743,1.2498773336410522,4,0.5,1.9488654136657715
fixed,0,941,2.484607458114624,0.03696279227733612,0.0,0.8934688568115234,2.484607458114624,4,0.25,
fixed,0,942,1.7480957508087158,8.460842195745499e-07,0.00029552614432759583,0.8404237627983093,1.7480957508087158,4,0.25,
fixed,0,943,1.313929557800293,4.2221910234729876e-07,0.0003512298862915486,0.6905155181884766,1.313929557800293,4,0.5,
fixed,0,944,1.493234395980835,2.4886765004339395e-07,0.00016622923430986702,0.8347859382629395,1.493234395980835,4,0.25,
fixed,0,945,2.067708969116211,1.7245369576812664e-07,0.0002490968909114599,0.8390199542045593,2.067708969116211,4,0.25,0.34321513772010803
fixed,0,946,1.465193510055542,0.0,0.0029081138782203197,1.0730646848678589,1.465193510055542,4,1.0,
fixed,0,947,1.4284131526947021,4.466278369363863e-07,0.00044955225894227624,0.7794736623764038,1.4284131526947021,4,0.75,
fixed,0,948,1.1950116157531738,7.582304419884167e-07,0.00027774350019171834,0.786448061466217,1.1950116157531738,4,0.75,
fixed,0,949,1.7116596698760986,1.3473957096721279e-06,4.9231410230277106e-05,0.7875912189483643,1.7116596698760986,4,0.25,
fixed,0,950,1.740959644317627,2.23224060391658e-06,0.00011252224794588983,0.6782618165016174,1.740959644317627,4,0.5,0.13807836174964905
fixed,0,951,0.9691097140312195,0.057236284017562866,8.839717338560149e-05,0.6904171705245972,0.9691097140312195,4,0.5,
fixed,0,952,1.7202668190002441,7.957345587783493e-06,0.00012256696936674416,0.8296722769737244,1.7202668190002441,4,0.25,
fixed,0,953,1.1226180791854858,3.0731744118384086e-06,0.0002680584439076483,0.7878779768943787,1.1226180791854858,4,0.75,
fixed,0,954,2.1010384559631348,0.053725216537714005,0.00012301336391828954,0.7836557626724243,2.1010384559631348,4,0.75,
fixed,0,955,2.1915860176086426,3.609789473557612e-06,0.0002265993389301002,0.6768915057182312,2.1915860176086426,4,0.5,0.2883717119693756
fixed,0,956,1.8436338901519775,3.434322206885554e-05,0.0,1.3249266147613525,1.8436338901519775,4,0.0,
fixed,0,957,2.4591071605682373,7.068367267493159e-06,0.00019558453641366214,0.6881213784217834,2.4591071605682373,4,0.5,
fixed,0,958,1.4408345222473145,0.05725733935832977,0.0005900170071981847,1.1710258722305298,1.4408345222473145,4,1.0,
fixed,0,959,1.5695980787277222,3.252729220548645e-05,0.0003610405547078699,0.337007999420166,1.5695980787277222,4,0.25,
fixed,0,960,0.5090888142585754,1.7033723906934028e-06,0.0008923794375732541,0.7683542370796204,0.5090888142585754,4,0.75,1.1221683025360107
fixed,0,961,0.8612609505653381,7.217584425234236e-06,0.001228027860634029,0.69340580701828,0.8612609505653381,4,0.5,
fixed,0,962,2.0372540950775146,1.6955533283180557e-05,0.002135401824489236,0.8705386519432068,2.0372540950775146,4,0.25,
fixed,0,963,1.146666407585144,7.78254252509214e-06,0.006277034524828196,0.7298470735549927,1.146666407585144,4,0.75,
fixed,0,964,1.9303793907165527,0.09427304565906525,0.0,0.6985877156257629,1.9303793907165527,4,0.5,
fixed,0,965,1.7295527458190918,7.604966413055081e-06,0.0004694732488133013,0.35906684398651123,1.7295527458190918,4,0.25,0.5930139422416687
fixed,0,966,1.4990266561508179,0.0,0.011451683938503265,0.8797070384025574,1.4990266561508179,4,1.0,
fixed,0,967,1.6951885223388672,1.3903809303883463e-05,0.0007338502327911556,0.6898457407951355,1.6951885223388672,4,0.5,
fixed,0,968,1.635408878326416,2.8001195460092276e-06,0.0014022336108610034,0.7596791982650757,1.635408878326416,4,0.75,
fixed,0,969,2.2003538608551025,2.5855382773443125e-05,0.001236779266037047,0.8530360460281372,2.2003538608551025,4,0.25,
fixed,0,970,1.8027349710464478,8.163717211573385e-06,0.002017397666350007,0.6961177587509155,1.8027349710464478,4,0.5,2.478299140930176
fixed,0,971,1.6204354763031006,1.2430509741534479e-05,0.0004962699604220688,0.8409688472747803,1.6204354763031006,4,0.25,
fixed,0,972,1.794703722000122,0.05478003993630409,0.0006203014054335654,0.7830403447151184,1.794703722000122,4,0.75,
fixed,0,973,1.8137311935424805,9.058435352926608e-06,0.006349395029246807,0.709441602230072,1.8137311935424805,4,0.5,
fixed,0,974,2.7106471061706543,9.319106538896449e-06,0.0008462568512186408,0.365309476852417,2.7106471061706543,4,0.25,
fixed,0,975,1.4997552633285522,7.863460268708877e-06,0.003386656055226922,0.3143428564071655,1.4997552633285522,4,0.5,3.7338147163391113
fixed,0,976,1.788914442062378,1.1408536011003889e-05,0.0036648260429501534,0.6998118162155151,1.788914442062378,4,0.5,
fixed,0,977,2.3267476558685303,0.0012936147395521402,0.003320137271657586,0.3906087279319763,2.3267476558685303,4,0.5,
fixed,0,978,2.398259162902832,0.0,0.002039487473666668,1.0918877124786377,2.398259162902832,4,1.0,
fixed,0,979,1.5435521602630615,1.537898788228631e-05,0.000522170914337039,0.6902877688407898,1.5435521602630615,4,0.5,
fixed,0,980,2.127007246017456,2.2393072867998853e-05,0.00027946647605858743,0.6830523014068604,2.127007246017456,4,0.5,0.3657379448413849
fixed,0,981,2.247800588607788,8.650789823150262e-06,0.00012213292939122766,0.6535511016845703,2.247800588607788,4,0.5,
fixed,0,982,1.867110013961792,1.3149201549822465e-05,0.0010243424912914634,0.7452481389045715,1.867110013961792,4,0.75,
fixed,0,983,2.031324863433838,3.6820854347752174e-06,0.00030771701131016016,0.3329054117202759,2.031324863433838,4,0.5,
fixed,0,984,2.369699239730835,0.05358518660068512,6.126863445388153e-05,0.6995217204093933,2.369699239730835,4,0.75,
fixed,0,985,2.5952208042144775,0.05098779872059822,0.0001535035262349993,0.7731301784515381,2.5952208042144775,4,0.75,7.032841682434082
fixed,0,986,1.4159514904022217,0.10975178331136703,6.400169513653964e-05,0.7796317338943481,1.4159514904022217,4,0.75,
fixed,0,987,1.997644305229187,0.057272717356681824,6.236527406144887e-05,0.6873598694801331,1.997644305229187,4,0.5,
fixed,0,988,2.2603492736816406,3.857838237308897e-06,0.0009522588807158172,0.6922880411148071,2.2603492736816406,4,0.5,
fixed,0,989,1.8560492992401123,0.0775614082813263,0.00019714150403160602,0.49482065439224243,1.8560492992401123,4,0.75,
fixed,0,990,0.7791661620140076,0.062126126140356064,0.0018464012537151575,0.8646245002746582,0.7791661620140076,4,1.0,21.9985408782959
fixed,0,991,1.86819326877594,0.023646511137485504,0.003257493721321225,0.736990749835968,1.86819326877594,4,0.5,
fixed,0,992,1.0291919708251953,1.4169866062729852e-06,0.0,0.8029694557189941,1.0291919708251953,4,0.0,
fixed,0,993,2.6131019592285156,0.0,0.04423840343952179,0.30338215827941895,2.6131019592285156,4,0.5,
fixed,0,994,1.382030963897705,2.3128684915718623e-05,0.018153782933950424,0.4910120368003845,1.382030963897705,4,0.0,
fixed,0,995,1.5881755352020264,4.4191600068188563e-07,0.015136866830289364,1.0021485090255737,1.5881755352020264,4,0.25,10.869181632995605
fixed,0,996,1.6866168975830078,3.5069297155132517e-07,0.030876100063323975,0.8168023824691772,1.6866168975830078,4,0.25,
fixed,0,997,1.5882898569107056,0.02300233766436577,0.01661270298063755,0.7676674723625183,1.5882898569107056,4,0.25,
fixed,0,998,2.032757520675659,8.733013601158746e-07,0.0,1.3731331825256348,2.032757520675659,4,0.0,
fixed,0,999,1.1654810905456543,5.403754812505213e-07,0.03789277374744415,0.8449317216873169,1.1654810905456543,4,0.0,
fixed,0,1000,2.6905677318573,3.9527503759018146e-07,0.0853559821844101,1.0860884189605713,2.6905677318573,4,0.0,18.68905258178711
fixed,0,1001,1.7480064630508423,1.0973830200100565e-07,0.0823628157377243,0.79738450050354,1.7480064630508423,4,0.25,
fixed,0,1002,2.0142555236816406,4.493572447472616e-08,0.05859474092721939,0.36882734298706055,2.0142555236816406,4,0.25,
fixed,0,1003,1.9482389688491821,0.004951820243149996,0.017457332462072372,0.7147217988967896,1.9482389688491821,4,0.5,
fixed,0,1004,0.9492177367210388,9.143612942352775e-07,0.028573203831911087,0.6878697872161865,0.9492177367210388,4,0.5,
fixed,0,1005,0.5654138922691345,0.025932956486940384,0.0024564231280237436,0.5494810342788696,0.5654138922691345,4,0.75,9.111231803894043
fixed,0,1006,2.2245678901672363,1.634125510463491e-05,0.00025964935775846243,0.804828941822052,2.2245678901672363,4,0.25,
fixed,0,1007,1.92409348487854,2.778434645733796e-05,0.004733731504529715,0.8983039259910583,1.92409348487854,4,0.25,
fixed,0,1008,2.2302091121673584,4.074177559232339e-05,0.000943763938266784,0.8445711731910706,2.2302091121673584,4,0.25,
fixed,0,1009,2.2398521900177,1.5339324818341993e-05,0.004899379797279835,0.3096799850463867,2.2398521900177,4,0.5,
fixed,0,1010,1.66542649269104,0.048098716884851456,0.00031012637191452086,0.7675067186355591,1.66542649269104,4,0.75,7.195404052734375
fixed,0,1011,1.9317729473114014,6.202945223776624e-05,5.390906153479591e-05,0.34467554092407227,1.9317729473114014,4,0.25,
fixed,0,1012,2.5404224395751953,8.058910316321999e-05,0.0,0.7388734817504883,2.5404224395751953,4,0.0,
fixed,0,1013,2.428506851196289,0.057552896440029144,0.00017473878688178957,0.3346205949783325,2.428506851196289,4,0.5,
fixed,0,1014,1.9136322736740112,0.10768305510282516,0.0,0.6900708675384521,1.9136322736740112,4,0.5,
fixed,0,1015,2.028400421142578,0.05308365076780319,0.00024682190269231796,1.1879814863204956,2.028400421142578,4,1.0,5.23933219909668
fixed,0,1016,1.8727256059646606,1.8442728105583228e-05,0.0001934623287525028,0.7935341596603394,1.8727256059646606,4,0.75,
fixed,0,1017,2.372504472732544,0.048737019300460815,0.002490730956196785,0.7432599067687988,2.372504472732544,4,0.75,
fixed,0,1018,1.612680435180664,0.05502496287226677,0.0005761513020843267,0.6374480128288269,1.612680435180664,4,0.75,
fixed,0,1019,1.6701408624649048,4.851043559028767e-05,0.0,0.750352680683136,1.6701408624649048,4,0.0,
fixed,0,1020,1.578545093536377,7.782376087561715e-06,0.004768827464431524,0.7326851487159729,1.578545093536377,4,0.75,4.695428371429443
fixed,0,1021,1.5390634536743164,0.0,0.0025536050088703632,1.0481359958648682,1.5390634536743164,4,1.0,
fixed,0,1022,1.8480643033981323,3.5775519791059196e-05,0.0,1.3229390382766724,1.8480643033981323,4,0.0,
fixed,0,1023,1.5578932762145996,1.3325976397027262e-05,0.0020033991895616055,0.6928979754447937,1.5578932762145996,4,0.5,
fixed,0,1024,1.8276481628417969,3.63688450306654e-05,0.0030877888202667236,0.6976785659790039,1.8276481628417969,4,0.5,
fixed,0,1025,1.9931442737579346,0.04654765874147415,0.0017411106964573264,0.6983684301376343,1.9931442737579346,4,0.5,6.674440383911133
fixed,0,1026,2.156386137008667,0.055914975702762604,0.0,0.7434983849525452,2.156386137008667,4,0.5,
fixed,0,1027,2.961587905883789,0.04358071833848953,0.0018201932543888688,0.49400681257247925,2.961587905883789,4,0.5,
fixed,0,1028,1.5029469728469849,0.03853434696793556,0.0,0.8823229670524597,1.5029469728469849,4,0.25,
fixed,0,1029,1.8242548704147339,4.799016551260138e-06,0.013058416545391083,0.4641519784927368,1.8242548704147339,4,0.25,
fixed,0,1030,2.801575183868408,9.675550245447084e-05,0.0,0.7567688226699829,2.801575183868408,4,0.0,0.11090415716171265
fixed,0,1031,1.9336906671524048,0.0,0.04899676516652107,0.6955500841140747,1.9336906671524048,4,0.75,
fixed,0,1032,1.6443063020706177,9.730383681016974e-07,0.022031154483556747,0.683600902557373,1.6443063020706177,4,0.75,
fixed,0,1033,1.4526563882827759,0.0322469025850296,0.010479850694537163,0.6835052967071533,1.4526563882827759,4,0.75,
fixed,0,1034,1.921370029449463,3.2831885619089007e-06,0.011171931400895119,0.722945511341095,1.921370029449463,4,0.5,
fixed,0,1035,2.351480484008789,1.7034113852787414e-06,0.02044152282178402,0.6852231621742249,2.351480484008789,4,0.75,17.132692337036133
fixed,0,1036,1.76798415184021,0.010190917178988457,0.005416064523160458,0.7888046503067017,1.76798415184021,4,0.25,
fixed,0,1037,2.0839991569519043,0.031131865456700325,0.0,0.9124221801757812,2.0839991569519043,4,0.25,
fixed,0,1038,1.873126745223999,3.798571015067864e-06,0.020994313061237335,0.7655919790267944,1.873126745223999,4,0.25,
fixed,0,1039,2.6577951908111572,0.003942412789911032,0.004363172687590122,0.6881920695304871,2.6577951908111572,4,0.5,
fixed,0,1040,1.7916923761367798,0.0,0.011715474538505077,0.857280433177948,1.7916923761367798,4,1.0,11.57056713104248
fixed,0,1041,2.569988489151001,1.165525918622734e-05,0.0019372564274817705,0.8662735223770142,2.569988489151001,4,0.25,
fixed,0,1042,1.1621376276016235,3.6521539641398704e-06,0.004342837259173393,0.7055704593658447,1.1621376276016235,4,0.5,
fixed,0,1043,2.2918624877929688,0.04405798017978668,0.0025662267580628395,0.9971857070922852,2.2918624877929688,4,1.0,
fixed,0,1044,1.5653777122497559,5.098913788970094e-06,0.0014587575569748878,0.6911222338676453,1.5653777122497559,4,0.5,
fixed,0,1045,1.509759545326233,1.1367675369911012e-06,0.0034558414481580257,0.7326049208641052,1.509759545326233,4,0.75,3.8428263664245605
fixed,0,1046,2.031083106994629,0.040557365864515305,0.0029341187328100204,0.7187575697898865,2.031083106994629,4,0.75,
fixed,0,1047,2.2182953357696533,5.272638190945145e-06,0.0008893435588106513,0.6908953785896301,2.2182953357696533,4,0.5,
fixed,0,1048,2.655790328979492,1.7444939658162184e-05,0.0010218005627393723,0.851170539855957,2.655790328979492,4,0.25,
fixed,0,1049,2.0667104721069336,1.7030393792083487e-05,0.0003849830536637455,0.8359432816505432,2.0667104721069336,4,0.25,
fixed,0,1050,1.6584627628326416,6.990565452724695e-06,0.0006348586757667363,0.6903246641159058,1.6584627628326416,4,0.5,0.7631866931915283
fixed,0,1051,2.071215867996216,0.08936973661184311,0.0007356137502938509,0.731774091720581,2.071215867996216,4,0.75,
fixed,0,1052,1.9059946537017822,3.933407788281329e-05,0.0025039040483534336,0.6973555088043213,1.9059946537017822,4,0.5,
fixed,0,1053,1.3144041299819946,2.4167163701349637e-06,0.0009809535695239902,0.6992974877357483,1.3144041299819946,3,0.75,
fixed,0,1054,1.9618620872497559,3.8009970921848435e-06,0.00044650048948824406,0.6888203620910645,1.9618620872497559,4,0.5,
fixed,0,1055,1.2171292304992676,8.821046321827453e-06,0.0023059523664414883,0.8746611475944519,1.2171292304992676,4,0.25,2.346755266189575
fixed,0,1056,1.7150176763534546,2.7998701170872664e-06,0.003153502009809017,0.7371549606323242,1.7150176763534546,4,0.75,
fixed,0,1057,2.4220097064971924,4.252675807947526e-06,0.004203360062092543,0.699033260345459,2.4220097064971924,4,0.5,
fixed,0,1058,1.2336872816085815,0.0007910833810456097,0.00030424376018345356,0.3770378828048706,1.2336872816085815,4,0.25,
fixed,0,1059,2.1606383323669434,2.94928804578376e-06,0.0008603495080024004,0.6930074095726013,2.1606383323669434,4,0.5,
fixed,0,1060,1.4615083932876587,1.3281201063364279e-06,0.0011874407064169645,0.7637521624565125,1.4615083932876587,4,0.75,1.4034712314605713
fixed,0,1061,1.1267497539520264,3.51638846041169e-06,0.00014398271741811186,0.35297465324401855,1.1267497539520264,4,0.25,
fixed,0,1062,1.0451151132583618,3.496385943435598e-06,0.0002798643836285919,0.3444746732711792,1.0451151132583618,4,0.25,
fixed,0,1063,1.2799535989761353,1.504709871369414e-06,0.00030491515644825995,0.33209216594696045,1.2799535989761353,4,0.5,
fixed,0,1064,1.9476579427719116,1.009052084555151e-05,0.0,1.3481488227844238,1.9476579427719116,4,0.0,
fixed,0,1065,1.4062788486480713,8.89955700245082e-08,0.0003605766105465591,0.6904401183128357,1.4062788486480713,4,0.75,0.44552841782569885
fixed,0,1066,1.1463592052459717,3.5887494505004724e-06,0.00010399822349427268,0.7755718231201172,1.1463592052459717,4,0.75,
fixed,0,1067,1.8517814874649048,6.2475937738781795e-06,0.001340873190201819,0.6922553777694702,1.8517814874649048,4,0.5,
fixed,0,1068,2.190369129180908,2.256935431432794e-06,0.00021379975078161806,0.3338848352432251,2.190369129180908,4,0.5,
fixed,0,1069,1.8506929874420166,0.05936481058597565,8.912156772566959e-05,0.33921778202056885,1.8506929874420166,4,0.5,
fixed,0,1070,1.9303829669952393,0.10948608815670013,1.730226904328447e-05,0.7791416049003601,1.9303829669952393,4,0.75,8.862391471862793
fixed,0,1071,2.467275381088257,0.05968131870031357,0.0006206290563568473,0.7774178981781006,2.467275381088257,4,0.75,
fixed,0,1072,1.094571590423584,4.884560439677443e-06,0.0002230857207905501,0.6866626739501953,1.094571590423584,4,0.5,
fixed,0,1073,2.3958613872528076,3.6096639632887673e-06,0.00438921432942152,0.5690675377845764,2.3958613872528076,4,0.5,
fixed,0,1074,1.8083750009536743,0.0400538370013237,0.0025804913602769375,1.001037836074829,1.8083750009536743,4,1.0,
fixed,0,1075,1.916948676109314,7.351056865445571e-07,0.0042266338132321835,0.7356268763542175,1.916948676109314,4,0.75,3.888564109802246
fixed,0,1076,2.4175825119018555,4.67151912744157e-05,0.0,0.7499886751174927,2.4175825119018555,4,0.0,
fixed,0,1077,2.3005714416503906,1.5285615972970845e-06,0.0016691440250724554,0.6939972043037415,2.3005714416503906,4,0.5,
fixed,0,1078,2.04264760017395,0.04200100898742676,0.005065432284027338,0.716349720954895,2.04264760017395,4,0.5,
fixed,0,1079,1.9827781915664673,0.05304037407040596,0.0,0.8392526507377625,1.9827781915664673,4,0.25,
fixed,0,1080,1.2931957244873047,0.0,0.014924607239663601,0.8486089706420898,1.2931957244873047,4,1.0,12.085986137390137
fixed,0,1081,2.1879236698150635,2.054519882221939e-06,0.001416061189956963,0.8622519373893738,2.1879236698150635,4,0.25,
fixed,0,1082,1.5094364881515503,1.3736425898969173e-06,0.0005152676021680236,0.8324045538902283,1.5094364881515503,4,0.25,
fixed,0,1083,1.3957995176315308,0.04723973199725151,0.014886363409459591,0.8375222682952881,1.3957995176315308,4,1.0,
fixed,0,1084,1.529948353767395,1.1302847724437015e-06,0.0018727369606494904,0.6928203105926514,1.529948353767395,4,0.5,
fixed,0,1085,2.593670129776001,0.04242348670959473,0.003801531158387661,0.6883649230003357,2.593670129776001,4,0.75,5.298391819000244
fixed,0,1086,1.1785558462142944,8.794561949798663e-07,0.003417393658310175,0.39603620767593384,1.1785558462142944,4,0.25,
fixed,0,1087,1.2762680053710938,0.044892679899930954,0.004015821032226086,0.9134793281555176,1.2762680053710938,4,1.0,
fixed,0,1088,2.143555164337158,0.04312722012400627,0.0,0.3796684741973877,2.143555164337158,4,0.25,
fixed,0,1089,2.313713550567627,1.001311147774686e-06,0.005907850805670023,0.920741617679596,2.313713550567627,4,0.25,
fixed,0,1090,2.2455220222473145,8.661314723212854e-07,0.002889858093112707,0.3905750513076782,2.2455220222473145,4,0.25,2.9881412982940674
fixed,0,1091,1.6008626222610474,1.2313239494687878e-05,0.007010347209870815,0.7150675654411316,1.6008626222610474,4,0.5,
fixed,0,1092,1.872922420501709,1.652033915888751e-06,0.001683655777014792,0.8487333059310913,1.872922420501709,4,0.25,
fixed,0,1093,1.3473387956619263,1.328394887423201e-06,0.007905503734946251,0.6833816766738892,1.3473387956619263,4,0.75,
fixed,0,1094,1.6033389568328857,8.646370019960159e-07,0.003018508432433009,0.6675199866294861,1.6033389568328857,4,0.5,
fixed,0,1095,1.9474703073501587,8.009022280930367e-07,0.025058750063180923,0.7777702808380127,1.9474703073501587,4,0.25,14.385808944702148
fixed,0,1096,1.9759306907653809,2.711659590204363e-07,0.013155972585082054,0.6914194226264954,1.9759306907653809,4,0.75,
fixed,0,1097,2.8129055500030518,9.113247870118357e-06,0.014221515506505966,0.7382367849349976,2.8129055500030518,4,0.5,
fixed,0,1098,2.192120313644409,1.1874258234456647e-06,0.0022637848742306232,0.6942099332809448,2.192120313644409,4,0.5,
fixed,0,1099,2.9813179969787598,0.022518383339047432,0.0,0.9568823575973511,2.9813179969787598,4,0.25,
fixed,0,1100,3.0398707389831543,2.241227321064798e-06,0.0,0.8055407404899597,3.0398707389831543,4,0.0,0.002933788113296032
fixed,0,1101,1.2935843467712402,8.861979381435958e-07,0.004954064730554819,0.7240486145019531,1.2935843467712402,4,0.75,
fixed,0,1102,1.510879635810852,9.729795920065953e-07,0.0074861859902739525,0.7138106822967529,1.510879635810852,4,0.75,
fixed,0,1103,1.6640945672988892,7.126408831936715e-07,0.004405441228300333,0.7256590127944946,1.6640945672988892,4,0.75,
fixed,0,1104,0.7977482080459595,6.080008461140096e-06,0.00034279716783203185,0.8327618837356567,0.7977482080459595,4,0.25,
fixed,0,1105,1.6996666193008423,0.00423841830343008,0.00016178598161786795,0.7660754323005676,1.6996666193008423,4,0.25,3.2311174869537354
fixed,0,1106,2.2438364028930664,9.785696420294698e-06,7.337520219152793e-05,0.8012436628341675,2.2438364028930664,4,0.25,
fixed,0,1107,1.9455366134643555,4.7909197746776044e-06,0.0004835588624700904,0.8423306941986084,1.9455366134643555,4,0.25,
fixed,0,1108,1.7285147905349731,3.6869168980047107e-06,0.00013588495494332165,0.8269793391227722,1.7285147905349731,4,0.25,
fixed,0,1109,2.2128241062164307,0.04882935807108879,0.0,0.8521283864974976,2.2128241062164307,4,0.25,
fixed,0,1110,1.8335566520690918,2.7400760700402316e-06,0.0006073520053178072,0.6736071109771729,1.8335566520690918,4,0.5,0.6987050175666809
fixed,0,1111,2.0942277908325195,4.608807103068102e-06,0.0,0.7996684312820435,2.0942277908325195,4,0.0,
fixed,0,1112,1.5169569253921509,8.326606462105701e-07,0.0003368025936651975,0.7806329131126404,1.5169569253921509,4,0.75,
fixed,0,1113,1.9681950807571411,1.6754172520450084e-06,0.0001645992451813072,0.3349955081939697,1.9681950807571411,4,0.5,
fixed,0,1114,1.7809312343597412,3.7313536722649587e-06,4.908765185973607e-05,0.8237103819847107,1.7809312343597412,4,0.25,
fixed,0,1115,2.911975383758545,0.05969963222742081,0.0,0.8205220103263855,2.911975383758545,4,0.25,1.7725000381469727
fixed,0,1116,1.0250064134597778,2.9267832815094152e-06,0.00011951445776503533,0.8308184146881104,1.0250064134597778,4,0.25,
fixed,0,1117,1.5956368446350098,2.052405307040317e-06,0.00010737905540736392,0.8199518918991089,1.5956368446350098,4,0.25,
fixed,0,1118,1.0942413806915283,0.03879101574420929,7.985028787516057e-05,0.6956313252449036,1.0942413806915283,4,0.5,
fixed,0,1119,1.914758563041687,3.1567806217935868e-06,0.0,1.3628206253051758,1.914758563041687,4,0.0,
fixed,0,1120,2.4968454837799072,1.8108630683855154e-06,0.0003132278798148036,0.6861018538475037,2.4968454837799072,4,0.5,0.380157470703125
fixed,0,1121,1.5296257734298706,1.4562044725607848e-06,0.0016456932062283158,0.6691686511039734,1.5296257734298706,4,0.5,
fixed,0,1122,2.2498748302459717,0.04427530989050865,0.0002891006297431886,0.7548004388809204,2.2498748302459717,4,0.75,
fixed,0,1123,0.7288110852241516,0.05365394428372383,0.0013435111613944173,0.6817747354507446,0.7288110852241516,4,0.5,
fixed,0,1124,1.4275693893432617,3.3733164173099794e-07,0.015143917873501778,0.3083564043045044,1.4275693893432617,4,0.5,
fixed,0,1125,2.1342527866363525,1.6265043996099848e-06,0.023744730278849602,0.7402111291885376,2.1342527866363525,4,0.25,10.493447303771973
fixed,0,1126,1.1626462936401367,2.977672579618229e-07,0.0012703014072030783,0.7071257829666138,1.1626462936401367,4,0.75,
fixed,0,1127,1.6264801025390625,1.2119860457460163e-06,0.0006817888934165239,0.6898933053016663,1.6264801025390625,4,0.5,
fixed,0,1128,1.9244999885559082,2.3978450371942017e-06,0.0,1.3657206296920776,1.9244999885559082,4,0.0,
fixed,0,1129,1.9401373863220215,0.00015267267008312047,0.0005303301732055843,0.34992551803588867,1.9401373863220215,4,0.5,
fixed,0,1130,1.346624732017517,2.5188383006025106e-06,0.005339987110346556,0.7097589373588562,1.346624732017517,4,0.5,5.2419610023498535
fixed,0,1131,1.7114088535308838,0.03669871762394905,0.0,0.8938649296760559,1.7114088535308838,4,0.25,
fixed,0,1132,1.389496088027954,2.711970239488437e-07,0.0011895159259438515,0.765017032623291,1.389496088027954,4,0.75,
fixed,0,1133,2.1366467475891113,1.3659822570843971e-06,0.00015144288772717118,0.8334044218063354,2.1366467475891113,4,0.25,
fixed,0,1134,1.3441476821899414,0.043845415115356445,0.0,0.8687851428985596,1.3441476821899414,4,0.25,
fixed,0,1135,1.3484147787094116,0.0,0.004997218959033489,1.0183802843093872,1.3484147787094116,4,1.0,5.160555362701416
fixed,0,1136,2.2972350120544434,0.05202335864305496,0.0,0.8462587594985962,2.2972350120544434,4,0.25,
fixed,0,1137,2.1260018348693848,9.664738627179759e-07,0.006285683251917362,0.7149017453193665,2.1260018348693848,4,0.5,
fixed,0,1138,2.3849198818206787,2.7036794563173316e-06,0.0,1.3645057678222656,2.3849198818206787,4,0.0,
fixed,0,1139,1.4034010171890259,0.005507015623152256,0.0016927317483350635,0.5472915768623352,1.4034010171890259,4,0.5,
fixed,0,1140,3.1584935188293457,0.004206180106848478,0.0023478467483073473,0.5200672745704651,3.1584935188293457,4,0.75,2.294205665588379
fixed,0,1141,1.4263676404953003,6.542454684677068e-07,0.0016643747221678495,0.697973906993866,1.4263676404953003,4,0.5,
fixed,0,1142,1.1623612642288208,0.0,0.007173219230026007,0.9605328440666199,1.1623612642288208,4,1.0,
fixed,0,1143,2.3332061767578125,0.0550079345703125,0.001300203613936901,0.5248118042945862,2.3332061767578125,4,0.5,
fixed,0,1144,2.1726324558258057,1.2365564998617629e-06,0.0004437981406226754,0.8376905918121338,2.1726324558258057,4,0.25,
fixed,0,1145,2.738079786300659,4.3289276163704926e-07,0.01458144374191761,0.696011483669281,2.738079786300659,4,0.75,12.802335739135742
fixed,0,1146,1.1183345317840576,1.0947808277705917e-06,0.0011028855806216598,0.6889742016792297,1.1183345317840576,4,0.5,
fixed,0,1147,1.1893423795700073,3.3731433290995483e-07,0.0038050557486712933,0.7319188117980957,1.1893423795700073,4,0.75,
fixed,0,1148,2.181363821029663,0.04055590555071831,0.0008580673020333052,0.5522920489311218,2.181363821029663,4,0.75,
fixed,0,1149,3.1315789222717285,8.589721574026044e-07,0.0039014886133372784,0.7369707226753235,3.1315789222717285,4,0.75,
fixed,0,1150,1.8064401149749756,1.0387628890384804e-06,0.0006638243794441223,0.6913041472434998,1.8064401149749756,4,0.5,0.8078537583351135
fixed,0,1151,2.2017087936401367,3.2615562304272316e-06,0.00032642914447933435,0.3333472013473511,2.2017087936401367,4,0.5,
fixed,0,1152,2.2907254695892334,0.0002380732330493629,0.00014868729340378195,0.35783469676971436,2.2907254695892334,4,0.25,
fixed,0,1153,1.5524684190750122,1.2648645224544453e-06,0.0038703938480466604,0.3113133907318115,1.5524684190750122,4,0.5,
fixed,0,1154,1.5647979974746704,2.0415993731148774e-06,0.001694667269475758,0.8692421317100525,1.5647979974746704,4,0.25,
fixed,0,1155,0.9748768210411072,1.7870015653898008e-06,0.00016750504437368363,0.8288574814796448,0.9748768210411072,4,0.25,0.19328223168849945
fixed,0,1156,1.4168833494186401,0.05342601239681244,0.0005862223915755749,1.070796251296997,1.4168833494186401,4,1.0,
fixed,0,1157,1.9671717882156372,1.6414536503361887e-06,0.00013801135355606675,0.6725960373878479,1.9671717882156372,4,0.5,
fixed,0,1158,1.2462635040283203,7.12615758402535e-07,0.0003599865303840488,0.7674391865730286,1.2462635040283203,4,0.75,
fixed,0,1159,2.256148338317871,2.3129600776883308e-06,0.00017304581706412137,0.6831872463226318,2.256148338317871,4,0.5,
fixed,0,1160,1.816383719444275,1.0353588777434197e-06,0.0005271423724479973,0.770790159702301,1.816383719444275,4,0.75,0.632297933101654
fixed,0,1161,1.6684538125991821,1.4319442698251805e-06,0.00037499165046028793,0.6866691708564758,1.6684538125991821,4,0.5,
fixed,0,1162,1.6730997562408447,1.5890282156760804e-06,5.333293302101083e-05,0.825687050819397,1.6730997562408447,4,0.25,
fixed,0,1163,0.7180119156837463,7.35156788778113e-07,0.00023762400087434798,0.783165454864502,0.7180119156837463,4,0.75,
fixed,0,1164,1.7198593616485596,2.9061525310680736e-06,0.0,0.7969462275505066,1.7198593616485596,4,0.0,
fixed,0,1165,1.2323182821273804,2.0701145331258886e-06,9.577823948347941e-05,0.8285256624221802,1.2323182821273804,4,0.25,0.11915620416402817
fixed,0,1166,1.5755181312561035,1.0311392770745442e-06,0.00021004880545660853,0.6872133016586304,1.5755181312561035,4,0.5,
fixed,0,1167,2.2645998001098633,1.7658687738730805e-06,0.0002498955582268536,0.6901609301567078,2.2645998001098633,4,0.5,
fixed,0,1168,1.9000974893569946,2.473433823979576e-06,0.0,1.3650522232055664,1.9000974893569946,4,0.0,
fixed,0,1169,1.6810402870178223,0.04754866287112236,0.0001812039699871093,0.6934863924980164,1.6810402870178223,4,0.5,
fixed,0,1170,2.7962543964385986,4.5036006213194923e-07,0.0024347889702767134,0.6011635065078735,2.7962543964385986,4,0.75,2.4311881065368652
fixed,0,1171,1.3337786197662354,0.045765314251184464,0.0,0.3734387159347534,1.3337786197662354,4,0.25,
fixed,0,1172,2.178144693374634,2.0768891317857197e-06,0.0,1.3668220043182373,2.178144693374634,4,0.0,
fixed,0,1173,1.2995407581329346,3.704038533669518e-07,0.0005791634321212769,0.7776783108711243,1.2995407581329346,4,0.75,
fixed,0,1174,1.2731338739395142,0.038264285773038864,8.951250492827967e-05,0.6500261425971985,1.2731338739395142,4,0.5,
fixed,0,1175,1.5795141458511353,0.0,0.0006711307796649635,1.179242730140686,1.5795141458511353,4,1.0,0.828120231628418
fixed,0,1176,0.9991261959075928,0.04079838842153549,0.0001862143981270492,0.7384627461433411,0.9991261959075928,4,0.75,
fixed,0,1177,1.4021480083465576,3.605084231139699e-08,0.00045988732017576694,0.6806997656822205,1.4021480083465576,4,0.75,
fixed,0,1178,2.3153154850006104,1.3086779517834657e-06,0.0014530845219269395,0.3757815361022949,2.3153154850006104,4,0.25,
fixed,0,1179,2.3339877128601074,1.2711021213362983e-07,0.0009129191166721284,0.6437374353408813,2.3339877128601074,4,0.75,
fixed,0,1180,1.387577772140503,6.503630061160948e-07,0.0031118057668209076,0.5825199484825134,1.387577772140503,4,0.75,2.996192693710327
fixed,0,1181,2.7027676105499268,6.265624961088179e-07,0.0009934001136571169,0.8583796620368958,2.7027676105499268,4,0.25,
fixed,0,1182,2.233750343322754,2.783086188173911e-07,0.000699118769261986,0.6749478578567505,2.233750343322754,4,0.5,
fixed,0,1183,2.3989505767822266,3.560024879334378e-07,0.0002539615088608116,0.6650359034538269,2.3989505767822266,4,0.5,
fixed,0,1184,1.4532519578933716,3.9563906284456607e-07,0.0013494312297552824,0.694060206413269,1.4532519578933716,4,0.5,
fixed,0,1185,2.2659106254577637,3.932087224711722e-07,0.0007188732270151377,0.6787709593772888,2.2659106254577637,4,0.5,0.7582349181175232
fixed,0,1186,1.2871384620666504,3.9708311305730604e-07,0.003335539484396577,0.894013524055481,1.2871384620666504,4,0.25,
fixed,0,1187,1.7346501350402832,0.051816828548908234,0.00014715190627612174,0.6895373463630676,1.7346501350402832,4,0.5,
fixed,0,1188,1.5204050540924072,4.634503341094387e-07,0.00040077808080241084,0.8407012820243835,1.5204050540924072,4,0.25,
fixed,0,1189,1.4357562065124512,1.9519339389262313e-07,0.0003028686041943729,0.6851565837860107,1.4357562065124512,4,0.5,
fixed,0,1190,1.2267632484436035,1.1319081494320926e-07,0.0053912317380309105,0.7000049352645874,1.2267632484436035,4,0.75,4.721309185028076
fixed,0,1191,2.3238067626953125,2.1311092268661014e-07,0.0005430883029475808,0.36328399181365967,2.3238067626953125,4,0.25,
fixed,0,1192,1.624267339706421,2.0544078438433644e-07,0.0005515450611710548,0.6769641041755676,1.624267339706421,4,0.5,
fixed,0,1193,2.1115171909332275,0.034234654158353806,0.0002961220743600279,0.7379913330078125,2.1115171909332275,4,0.75,
fixed,0,1194,2.496933937072754,3.145553364447551e-07,0.00026048149447888136,0.6820735335350037,2.496933937072754,4,0.5,
fixed,0,1195,1.2358590364456177,0.03084261156618595,0.000502505456097424,1.0251773595809937,1.2358590364456177,4,1.0,10.590118408203125
fixed,0,1196,1.7714439630508423,1.5957654397880106e-07,0.00039334979373961687,0.6905962824821472,1.7714439630508423,4,0.75,
fixed,0,1197,2.126826047897339,3.9542177887597063e-07,0.001079484703950584,0.8596974611282349,2.126826047897339,4,0.25,
fixed,0,1198,2.192554473876953,1.5957654397880106e-07,0.0012371890479698777,0.7252599000930786,2.192554473876953,4,0.75,
fixed,0,1199,1.8240221738815308,0.02536187879741192,0.00018047777120955288,0.711891233921051,1.8240221738815308,4,0.5,
fixed,0,1200,0.8996190428733826,2.6793750862452725e-07,0.0,0.8145557045936584,0.8996190428733826,4,0.0,0.00033628992969170213
fixed,0,1201,2.1565394401550293,3.2598652524029603e-06,9.6669296908658e-05,0.3523738384246826,2.1565394401550293,4,0.25,
fixed,0,1202,2.420732021331787,5.775780778094486e-07,0.00033502237056382,0.6881270408630371,2.420732021331787,4,0.5,
fixed,0,1203,1.6458702087402344,4.16877234954427e-08,0.0006919606821611524,0.7742049098014832,1.6458702087402344,4,0.75,
fixed,0,1204,1.8338406085968018,0.05476066470146179,0.0006219010683707893,0.8704342842102051,1.8338406085968018,4,1.0,
fixed,0,1205,1.532060146331787,9.85763080052493e-08,0.0009435904794372618,0.3238006830215454,1.532060146331787,4,0.5,1.0724066495895386
fixed,0,1206,2.145975112915039,8.286374963972776e-08,0.016274869441986084,0.6186617016792297,2.145975112915039,4,0.75,
fixed,0,1207,1.8694353103637695,1.2904908430755313e-07,0.0023304217029362917,0.6925070881843567,1.8694353103637695,4,0.5,
fixed,0,1208,2.480025053024292,1.2278245264951693e-07,0.0008209875668399036,0.6894023418426514,2.480025053024292,4,0.5,
fixed,0,1209,1.9331436157226562,0.0,0.0276180487126112,0.7652204036712646,1.9331436157226562,4,1.0,
fixed,0,1210,1.3406790494918823,1.5478130421797687e-07,0.000519634922966361,0.6889075040817261,1.3406790494918823,4,0.5,0.6599636673927307
fixed,0,1211,1.8992201089859009,0.05587352439761162,0.005177238490432501,0.6864713430404663,1.8992201089859009,4,0.5,
fixed,0,1212,1.652361273765564,1.8602963791636284e-07,7.389383245026693e-05,0.8310971856117249,1.652361273765564,4,0.25,
fixed,0,1213,1.1168243885040283,1.5121018748232018e-07,9.886978659778833e-05,0.6830499768257141,1.1168243885040283,4,0.5,
fixed,0,1214,2.4901881217956543,1.9081144841948117e-07,0.0008435974013991654,0.8555874824523926,2.4901881217956543,4,0.25,
fixed,0,1215,1.7938716411590576,9.467033379451095e-08,0.0009900315199047327,0.6931891441345215,1.7938716411590576,4,0.5,1.1231319904327393
fixed,0,1216,1.8171035051345825,4.2725346816041565e-07,0.0004679115954786539,0.3262655735015869,1.8171035051345825,4,0.5,
fixed,0,1217,1.747070074081421,8.54748307688169e-08,0.0003775613149628043,0.7819615006446838,1.747070074081421,4,0.75,
fixed,0,1218,2.1835334300994873,2.66278561866784e-07,0.00263470527715981,0.6959641575813293,2.1835334300994873,4,0.5,
fixed,0,1219,2.317859649658203,3.1293006941268686e-07,9.190670971293002e-05,0.6888778209686279,2.317859649658203,4,0.5,
fixed,0,1220,1.245645523071289,0.0,0.0009210661519318819,1.1658860445022583,1.245645523071289,4,1.0,1.1292365789413452
fixed,0,1221,1.4691476821899414,2.2293914980764384e-07,0.0001882315264083445,0.6879618763923645,1.4691476821899414,4,0.5,
fixed,0,1222,1.704967975616455,5.750007403548807e-07,2.6579833502182737e-05,0.8265922665596008,1.704967975616455,4,0.25,
fixed,0,1223,2.0562849044799805,2.2041223246560548e-07,5.6661210692254826e-05,0.6900827288627625,2.0562849044799805,4,0.5,
fixed,0,1224,1.478013038635254,0.029405837878584862,9.403104922967032e-05,0.7059707045555115,1.478013038635254,4,0.5,
fixed,0,1225,1.2060891389846802,4.125105874663859e-07,0.0002408973523415625,0.7250701785087585,1.2060891389846802,4,0.75,0.2841247022151947
fixed,0,1226,1.6352694034576416,7.460391771019204e-07,0.0,1.3735980987548828,1.6352694034576416,4,0.0,
fixed,0,1227,1.6439299583435059,1.2826032502744056e-07,0.000224019619054161,0.7906363606452942,1.6439299583435059,4,0.75,
fixed,0,1228,2.5539889335632324,4.27796339863562e-06,0.0,0.7922347784042358,2.5539889335632324,4,0.0,
fixed,0,1229,2.218669891357422,8.270889111372526e-07,0.0002488842001184821,0.3341759443283081,2.218669891357422,4,0.5,
fixed,0,1230,2.182025194168091,1.8340040242037503e-07,3.857299452647567e-05,0.68560791015625,2.182025194168091,4,0.5,0.05141494795680046
fixed,0,1231,2.656505584716797,0.05498095229268074,1.7463798940298147e-05,0.6909436583518982,2.656505584716797,4,0.5,
fixed,0,1232,1.8843950033187866,3.2174085617953097e-07,0.00010013026621891186,0.6906864047050476,1.8843950033187866,4,0.5,
fixed,0,1233,2.19806170463562,1.8156438272853848e-06,0.0004639978869818151,0.3322223424911499,2.19806170463562,4,0.5,
fixed,0,1234,2.921316623687744,2.559378060595918e-07,0.000134250134578906,0.8341708183288574,2.921316623687744,4,0.25,
fixed,0,1235,1.5110574960708618,2.3203000409921515e-07,0.0002566331531852484,0.7876569032669067,1.5110574960708618,4,0.75,0.3187157213687897
fixed,0,1236,2.0657923221588135,2.885999492718838e-07,0.0001340885937679559,0.834251880645752,2.0657923221588135,4,0.25,
fixed,0,1237,2.0319719314575195,2.269113679176371e-07,1.8814074792317115e-05,0.8243676424026489,2.0319719314575195,4,0.25,
fixed,0,1238,2.1932566165924072,0.012408174574375153,0.0,1.0345580577850342,2.1932566165924072,4,0.0,
fixed,0,1239,1.8529911041259766,1.3911686664869194e-06,0.00016933830920606852,0.3553752899169922,1.8529911041259766,4,0.25,
fixed,0,1240,2.535898447036743,2.818175914853782e-07,0.0002781369839794934,0.8409864902496338,2.535898447036743,4,0.25,0.33771345019340515
fixed,0,1241,1.1837576627731323,0.04104938358068466,0.0001442976645193994,0.7617259621620178,1.1837576627731323,4,0.75,
fixed,0,1242,1.7950185537338257,0.002812508028000593,0.00011569481284823269,0.8525643944740295,1.7950185537338257,4,0.75,
fixed,0,1243,2.152449369430542,4.7239444711522083e-07,9.869281348073855e-05,0.8302319645881653,2.152449369430542,4,0.25,
fixed,0,1244,1.592780351638794,0.004500272683799267,0.0,0.5561321973800659,1.592780351638794,4,0.0,
fixed,0,1245,2.481463670730591,1.0335241995562683e-07,0.0002254754799650982,0.7345805764198303,2.481463670730591,4,0.25,0.21349769830703735
fixed,0,1246,2.4407944679260254,4.3024783735745586e-08,0.0009403291624039412,0.7734187245368958,2.4407944679260254,4,0.75,
fixed,0,1247,2.713083028793335,0.0477321594953537,0.0001466823014197871,0.7714939117431641,2.713083028793335,4,0.75,
fixed,0,1248,0.7987091541290283,6.24844602725716e-08,0.0006328609306365252,0.6919137835502625,0.7987091541290283,4,0.5,
fixed,0,1249,2.2368295192718506,1.0623043777968633e-07,0.0,1.3811395168304443,2.2368295192718506,4,0.0,
fixed,0,1250,2.85762095451355,1.1227978546912709e-08,0.0013343144673854113,0.7608579397201538,2.85762095451355,4,0.75,1.5606828927993774
fixed,0,1251,1.8528157472610474,1.6852952811063915e-08,0.00036128878127783537,0.7812083959579468,1.8528157472610474,4,0.75,
fixed,0,1252,1.7903637886047363,1.0727428190193677e-07,0.0009930095402523875,0.6397923827171326,1.7903637886047363,4,0.75,
fixed,0,1253,1.8004034757614136,6.672188135325996e-08,0.00020332873100414872,0.837350070476532,1.8004034757614136,4,0.25,
fixed,0,1254,2.634504556655884,0.0,0.0010340864537283778,1.1701719760894775,2.634504556655884,4,1.0,
fixed,0,1255,1.4900516271591187,4.763782968097985e-08,8.643002365715802e-05,0.8290897011756897,1.4900516271591187,4,0.25,0.1092371717095375
fixed,0,1256,1.3471094369888306,6.695712784221541e-08,0.002399647142738104,0.3113114833831787,1.3471094369888306,4,0.5,
fixed,0,1257,2.3339555263519287,7.964323422982034e-09,0.057027608156204224,0.6883782744407654,2.3339555263519287,4,0.5,
fixed,0,1258,2.1930882930755615,6.652490469605254e-08,0.003026915481314063,0.8915055990219116,2.1930882930755615,4,0.25,
fixed,0,1259,2.2912509441375732,0.0002692134876269847,0.0,0.7419102787971497,2.2912509441375732,4,0.0,
fixed,0,1260,1.917101502418518,3.304515416857612e-07,0.0013050999259576201,0.8634195923805237,1.917101502418518,4,0.25,1.3374162912368774
fixed,0,1261,1.6637707948684692,0.07231133431196213,0.0,0.3041180372238159,1.6637707948684692,4,0.5,
fixed,0,1262,2.1193416118621826,0.0,0.00023947079898789525,1.2452385425567627,2.1193416118621826,4,1.0,
fixed,0,1263,1.4925944805145264,5.655444823560174e-08,0.0001899767084978521,0.6903022527694702,1.4925944805145264,4,0.5,
fixed,0,1264,1.6365779638290405,0.029406333342194557,2.9147793611628003e-05,0.7034491896629333,1.6365779638290405,4,0.5,
fixed,0,1265,2.0733282566070557,1.0322403198870234e-07,0.00012406473979353905,0.6889752745628357,2.0733282566070557,4,0.5,0.16801634430885315
fixed,0,1266,2.4828712940216064,0.06524068862199783,0.0,0.718905508518219,2.4828712940216064,4,0.5,
fixed,0,1267,2.345548629760742,5.643860845339077e-08,0.00986403413116932,0.6973503232002258,2.345548629760742,4,0.5,
fixed,0,1268,2.1787924766540527,1.416611041804572e-07,0.0,1.3802798986434937,2.1787924766540527,4,0.0,
fixed,0,1269,2.603573799133301,4.577497492164184e-08,0.016331933438777924,0.6990126967430115,2.603573799133301,4,0.75,
fixed,0,1270,0.9438615441322327,3.3505788366028355e-08,0.03583373874425888,0.6714983582496643,0.9438615441322327,4,0.5,10.027692794799805
fixed,0,1271,2.15783953666687,0.0,0.004326301161199808,1.0545521974563599,2.15783953666687,4,1.0,
fixed,0,1272,1.4115194082260132,1.5533464292616372e-08,0.0002510737394914031,0.7094018459320068,1.4115194082260132,4,0.75,
fixed,0,1273,2.154292583465576,0.047473229467868805,0.0003010466753039509,0.855708122253418,2.154292583465576,4,1.0,
fixed,0,1274,2.2336273193359375,1.0782528647723666e-07,0.00016501377103850245,0.3354606628417969,2.2336273193359375,4,0.5,
fixed,0,1275,1.1299443244934082,1.555132769226475e-07,6.542252958752215e-05,0.6865583062171936,1.1299443244934082,4,0.5,0.08656253665685654
fixed,0,1276,2.1964869499206543,0.06693898886442184,0.0,0.700585126876831,2.1964869499206543,4,0.25,
fixed,0,1277,2.517033576965332,3.795397063299788e-08,0.014223921112716198,0.7008780837059021,2.517033576965332,4,0.75,
fixed,0,1278,2.1233181953430176,1.6013191839192586e-07,0.00335641298443079,0.7013285756111145,2.1233181953430176,4,0.5,
fixed,0,1279,0.9764314889907837,1.2821020334286004e-07,0.0004947282141074538,0.8479322791099548,0.9764314889907837,4,0.25,
fixed,0,1280,1.8267393112182617,0.04282481595873833,0.0008061545668169856,1.0611991882324219,1.8267393112182617,4,1.0,7.147436618804932
fixed,0,1281,1.2137430906295776,6.812444386383731e-09,0.0034028550144284964,0.7389847636222839,1.2137430906295776,4,0.75,
fixed,0,1282,1.0096160173416138,2.3184031761047663e-07,0.00014546484453603625,0.8216001987457275,1.0096160173416138,4,0.25,
fixed,0,1283,1.7118926048278809,8.031315701373387e-08,0.00041216384852305055,0.8419478535652161,1.7118926048278809,4,0.25,
fixed,0,1284,2.29154109954834,3.066991283162679e-08,0.00022374096442945302,0.6894354224205017,2.29154109954834,4,0.5,
fixed,0,1285,1.8725095987319946,4.673178111147536e-08,0.0,0.8191010355949402,1.8725095987319946,4,0.0,0.0
fixed,0,1286,1.95065438747406,0.0009647562983445823,0.00023687854991294444,0.6899683475494385,1.95065438747406,4,0.5,
fixed,0,1287,2.165767192840576,0.05002612620592117,0.04860500991344452,0.7711470127105713,2.165767192840576,4,0.75,
fixed,0,1288,1.4750604629516602,5.548622894480104e-08,6.019845750415698e-05,0.8280364274978638,1.4750604629516602,4,0.25,
fixed,0,1289,2.9390242099761963,9.911130582906935e-09,0.029843265190720558,0.6886801719665527,2.9390242099761963,4,0.5,
fixed,0,1290,1.7161985635757446,0.0014452742179855704,0.0,0.6717042922973633,1.7161985635757446,4,0.0,1.379089117050171
fixed,0,1291,2.0643434524536133,0.029987018555402756,0.0022087867837399244,0.4788098931312561,2.0643434524536133,4,0.75,
fixed,0,1292,1.8322288990020752,3.051530939046643e-08,0.00812018383294344,0.7302204370498657,1.8322288990020752,4,0.75,
fixed,0,1293,2.0575995445251465,0.056690312922000885,0.0,0.8357082605361938,2.0575995445251465,4,0.25,
fixed,0,1294,1.2617686986923218,1.794167658886181e-08,0.004909852985292673,0.7227598428726196,1.2617686986923218,4,0.75,
fixed,0,1295,1.7977813482284546,7.059318818392057e-08,0.0004292580997571349,0.8460959196090698,1.7977813482284546,4,0.25,0.5283665060997009
fixed,0,1296,1.7206439971923828,6.476354030837683e-08,0.0006155720911920071,0.3260056972503662,1.7206439971923828,4,0.5,
fixed,0,1297,2.543100118637085,2.708433726184012e-07,0.0005863625556230545,0.364341139793396,2.543100118637085,4,0.25,
fixed,0,1298,1.8981139659881592,1.7522883410947543e-07,0.013871204107999802,0.71506267786026,1.8981139659881592,4,0.75,
fixed,0,1299,2.233034610748291,0.04830553010106087,0.00026983197312802076,0.5908774137496948,2.233034610748291,4,0.5,
fixed,0,1300,2.322399377822876,2.2706836944053066e-07,0.00013345641491468996,0.8349751830101013,2.322399377822876,4,0.25,0.180095374584198
fixed,0,1301,1.9363203048706055,0.0,0.0031681577675044537,1.0580947399139404,1.9363203048706055,4,1.0,
fixed,0,1302,1.9130710363388062,0.050026390701532364,0.00039344478864222765,0.695436418056488,1.9130710363388062,4,0.5,
fixed,0,1303,1.6020047664642334,8.630574939161306e-07,0.00039275697781704366,0.36028075218200684,1.6020047664642334,4,0.25,
fixed,0,1304,1.93889319896698,1.849702755407634e-07,0.036362502723932266,0.7921817898750305,1.93889319896698,4,0.25,
fixed,0,1305,2.6803927421569824,0.05670185014605522,0.0003608027473092079,0.6931388974189758,2.6803927421569824,4,0.5,3.377758264541626
fixed,0,1306,1.635324239730835,0.0,0.0005114153027534485,1.200870394706726,1.635324239730835,4,1.0,
fixed,0,1307,2.2434751987457275,1.2051475550833857e-07,0.007120446301996708,0.7267988324165344,2.2434751987457275,4,0.75,
fixed,0,1308,2.1475565433502197,0.04129672795534134,5.2279130613896996e-05,0.6949399709701538,2.1475565433502197,4,0.5,
fixed,0,1309,1.5681979656219482,0.003050487022846937,0.00038530142046511173,1.0995217561721802,1.5681979656219482,4,1.0,
fixed,0,1310,1.3071023225784302,0.02778821811079979,0.0045220754109323025,0.306884765625,1.3071023225784302,4,0.5,7.115715980529785
fixed,0,1311,2.138232707977295,8.169537863977894e-07,0.005246477201581001,0.706606388092041,2.138232707977295,4,0.5,
fixed,0,1312,2.995664596557617,0.0508074015378952,0.0,0.8484971523284912,2.995664596557617,4,0.25,
fixed,0,1313,2.355714797973633,0.05597592890262604,0.0,0.8345645070075989,2.355714797973633,4,0.25,
fixed,0,1314,1.9955469369888306,2.3340583084063837e-06,0.0,1.3677880764007568,1.9955469369888306,4,0.0,
fixed,0,1315,1.9023444652557373,0.0001963198446901515,0.0,0.7153670787811279,1.9023444652557373,4,0.0,0.16424600780010223
fixed,0,1316,1.938353180885315,5.945495331616257e-07,0.000442989869043231,0.8447234034538269,1.938353180885315,4,0.25,
fixed,0,1317,1.6563884019851685,8.549225327669774e-08,0.006578328553587198,0.7185295820236206,1.6563884019851685,4,0.75,
fixed,0,1318,1.90399169921875,0.05030686408281326,0.0,0.36501026153564453,1.90399169921875,4,0.25,
fixed,0,1319,1.7831413745880127,3.136945451842621e-06,0.0004967569257132709,0.3609970808029175,1.7831413745880127,4,0.25,
fixed,0,1320,1.4740078449249268,5.696427507473345e-08,0.010850091464817524,0.7045550346374512,1.4740078449249268,4,0.75,8.531133651733398
fixed,0,1321,2.4703006744384766,3.875347260873241e-07,0.001774254022166133,0.6913131475448608,2.4703006744384766,4,0.5,
fixed,0,1322,1.187857985496521,0.021954627707600594,0.015467829070985317,0.684969961643219,1.187857985496521,4,0.75,
fixed,0,1323,1.3014377355575562,3.0178085808074684e-07,0.0,0.8136123418807983,1.3014377355575562,4,0.0,
fixed,0,1324,1.3045339584350586,3.167552904415061e-07,0.0013510698918253183,0.8603935241699219,1.3045339584350586,4,0.25,
fixed,0,1325,2.2608327865600586,2.03599569204016e-07,0.0020134630613029003,0.6899915337562561,2.2608327865600586,4,0.5,2.0671274662017822
fixed,0,1326,2.296907424926758,1.0307979891877039e-07,0.0022224949207156897,0.7401261329650879,2.296907424926758,4,0.75,
fixed,0,1327,1.5331377983093262,3.2945706607279135e-07,0.0030664103105664253,0.6990382075309753,1.5331377983093262,4,0.5,
fixed,0,1328,1.554800271987915,0.012195282615721226,0.00539502315223217,0.6849788427352905,1.554800271987915,4,0.5,
fixed,0,1329,1.6724119186401367,0.05924731120467186,0.0011940613621845841,0.6938269138336182,1.6724119186401367,3,0.75,
fixed,0,1330,1.1903554201126099,1.9243600490881363e-07,0.0032374784350395203,0.725219190120697,1.1903554201126099,4,0.75,3.454946994781494
fixed,0,1331,2.0217502117156982,1.5212731341307517e-07,0.004924412816762924,0.7054925560951233,2.0217502117156982,4,0.5,
fixed,0,1332,1.548365592956543,3.5481985833030194e-05,0.0016540326178073883,0.37770283222198486,1.548365592956543,4,0.25,
fixed,0,1333,1.7493947744369507,0.02084503509104252,0.0018861850257962942,0.8956551551818848,1.7493947744369507,4,1.0,
fixed,0,1334,1.7677680253982544,0.02507123164832592,0.0004166853614151478,0.42648226022720337,1.7677680253982544,4,0.5,
fixed,0,1335,2.6513099670410156,0.047898683696985245,0.0004674698575399816,0.7046712636947632,2.6513099670410156,4,0.75,6.648198127746582
fixed,0,1336,1.2975414991378784,1.2049407871472795e-07,0.0032573763746768236,0.35848844051361084,1.2975414991378784,4,0.25,
fixed,0,1337,0.7696406245231628,9.916533372233971e-08,0.019908474758267403,0.749132513999939,0.7696406245231628,4,0.25,
fixed,0,1338,1.4336878061294556,1.231783102184636e-07,0.0025633471086621284,0.6885029673576355,1.4336878061294556,4,0.5,
fixed,0,1339,1.891526699066162,3.247194868549741e-08,0.006788370665162802,0.7078949213027954,1.891526699066162,4,0.75,
fixed,0,1340,1.1459953784942627,4.2202822214676416e-07,0.0,1.376689076423645,1.1459953784942627,4,0.0,0.0006121365586295724
fixed,0,1341,2.180678606033325,1.792576966863635e-07,0.0005786854308098555,0.6791232228279114,2.180678606033325,4,0.5,
fixed,0,1342,2.4214181900024414,5.438633365884016e-07,0.010711586102843285,0.731458842754364,2.4214181900024414,4,0.5,
fixed,0,1343,2.3688318729400635,8.284659003265915e-08,0.019229518249630928,0.6863647699356079,2.3688318729400635,4,0.5,
fixed,0,1344,3.038498878479004,5.521391699403466e-08,0.01934746652841568,0.6887667179107666,3.038498878479004,4,0.75,
fixed,0,1345,1.0047801733016968,1.0153834750781243e-07,0.0019350167131051421,0.38233327865600586,1.0047801733016968,4,0.25,1.7782522439956665
fixed,0,1346,2.101609230041504,3.454033503658138e-07,8.529118349542841e-05,0.8270484805107117,2.101609230041504,4,0.25,
fixed,0,1347,2.076054811477661,8.548354912818468e-08,0.0016968954587355256,0.7538968920707703,2.076054811477661,4,0.75,
fixed,0,1348,1.385603666305542,0.060209549963474274,0.005692039150744677,0.7332397103309631,1.385603666305542,4,0.75,
fixed,0,1349,1.3562263250350952,1.5041944152471842e-06,3.093460327363573e-05,0.8231731057167053,1.3562263250350952,4,0.25,
fixed,0,1350,1.7461762428283691,1.7521635697903548e-07,0.00022575753973796964,0.3326742649078369,1.7461762428283691,4,0.5,0.25963467359542847
fixed,0,1351,2.1137521266937256,2.304494728377904e-06,0.0,1.366248607635498,2.1137521266937256,4,0.0,
fixed,0,1352,1.904139757156372,0.0598180815577507,0.00023405815591104329,1.2305551767349243,1.904139757156372,4,1.0,
fixed,0,1353,1.3703854084014893,6.645479970757151e-07,0.0012576377484947443,0.6884704232215881,1.3703854084014893,4,0.5,
fixed,0,1354,2.3233118057250977,0.04635068401694298,0.0,0.8595146536827087,2.3233118057250977,4,0.25,
fixed,0,1355,1.6515175104141235,1.3433541425911244e-06,7.395362626994029e-05,0.6753171682357788,1.6515175104141235,4,0.5,0.08783257007598877
fixed,0,1356,1.0332493782043457,2.3283064365386963e-08,0.001575905829668045,0.6309494972229004,1.0332493782043457,4,0.75,
fixed,0,1357,2.1489710807800293,1.1173661960128811e-06,0.00015154818538576365,0.6851597428321838,2.1489710807800293,4,0.5,
fixed,0,1358,1.6461100578308105,1.1733800420188345e-06,6.924365879967809e-05,0.6579749584197998,1.6461100578308105,4,0.5,
fixed,0,1359,2.6014811992645264,0.04173445701599121,0.00018251252186018974,1.1188514232635498,2.6014811992645264,4,1.0,
fixed,0,1360,2.1552915573120117,0.04383648559451103,3.622078293119557e-05,0.6923340559005737,2.1552915573120117,4,0.5,8.47651481628418
fixed,0,1361,1.3225818872451782,4.9385798774892464e-05,0.0,1.3340924978256226,1.3225818872451782,4,0.0,
fixed,0,1362,1.7611836194992065,1.4418600358112599e-06,8.534648804925382e-05,0.6719786524772644,1.7611836194992065,4,0.5,
fixed,0,1363,2.133406400680542,0.04174406826496124,0.00012822935241274536,0.6932982802391052,2.133406400680542,4,0.5,
fixed,0,1364,2.1259992122650146,7.659365337531199e-07,0.0044212243519723415,0.9060410857200623,2.1259992122650146,4,0.25,
fixed,0,1365,1.8910467624664307,0.0,0.005487159825861454,0.503762423992157,1.8910467624664307,4,0.75,5.162604331970215
fixed,0,1366,2.744548797607422,0.05544828996062279,0.003585366765037179,0.6919095516204834,2.744548797607422,4,0.5,
fixed,0,1367,1.0824854373931885,2.3691742967457685e-07,0.00011460008681751788,0.8259518146514893,1.0824854373931885,4,0.25,
fixed,0,1368,1.9401668310165405,4.4369102170094266e-07,0.00034460608731023967,0.35850703716278076,1.9401668310165405,4,0.25,
fixed,0,1369,1.3817185163497925,2.32732176641548e-07,0.003643947886303067,0.31059086322784424,1.3817185163497925,4,0.5,
fixed,0,1370,1.4121116399765015,2.2050406300877512e-07,0.0006966323126107454,0.646798849105835,1.4121116399765015,4,0.5,0.7681564092636108
fixed,0,1371,1.9458574056625366,4.440219072421314e-07,0.0026140999980270863,0.8840560913085938,1.9458574056625366,4,0.25,
fixed,0,1372,2.9769837856292725,0.04733726382255554,0.002203628420829773,0.8657209277153015,2.9769837856292725,4,1.0,
fixed,0,1373,2.0580949783325195,2.720717020565644e-07,0.0005841986276209354,0.6797541379928589,2.0580949783325195,4,0.5,
fixed,0,1374,2.281362771987915,3.692305767799553e-07,0.0,0.8142989277839661,2.281362771987915,4,0.0,
fixed,0,1375,1.6875202655792236,4.703378806425462e-07,0.0005393619067035615,0.6906354427337646,1.6875202655792236,4,0.5,0.6643802523612976
fixed,0,1376,1.4648395776748657,1.1677825284550636e-07,0.014014040119946003,0.6961202621459961,1.4648395776748657,4,0.75,
fixed,0,1377,1.5103338956832886,0.0,0.012882459908723831,0.905522346496582,1.5103338956832886,4,1.0,
fixed,0,1378,1.7500367164611816,3.9596491774318565e-07,0.00019402478937990963,0.834606945514679,1.7500367164611816,4,0.25,
fixed,0,1379,1.7202463150024414,0.00014554892550222576,0.0004851552948821336,0.35308754444122314,1.7202463150024414,4,0.25,
fixed,0,1380,1.8841524124145508,0.05620788037776947,0.0010992626193910837,0.865583598613739,1.8841524124145508,4,1.0,20.36612892150879
fixed,0,1381,1.9082183837890625,0.04591474309563637,0.00044539637747220695,0.7553666830062866,1.9082183837890625,4,0.75,
fixed,0,1382,1.793235182762146,0.03669179230928421,0.0008594272658228874,0.7348527312278748,1.793235182762146,4,0.75,
fixed,0,1383,1.9239156246185303,2.3203000409921515e-07,0.009886525571346283,0.6963376998901367,1.9239156246185303,4,0.75,
fixed,0,1384,2.0867693424224854,2.284573838551296e-06,0.004842013586312532,0.9093823432922363,2.0867693424224854,4,0.25,
fixed,0,1385,1.3996236324310303,0.048089779913425446,0.005871645174920559,0.7126913666725159,1.3996236324310303,4,0.75,2.373671293258667
fixed,0,1386,2.4408624172210693,0.047353826463222504,0.0007386820507235825,0.6954900026321411,2.4408624172210693,4,0.5,
fixed,0,1387,1.368877649307251,0.004443144425749779,0.0,0.36911845207214355,1.368877649307251,4,0.25,
fixed,0,1388,1.8891446590423584,1.9823504260330083e-07,0.0064344764687120914,0.9284794330596924,1.8891446590423584,4,0.25,
fixed,0,1389,1.4337126016616821,0.01687091588973999,0.007161400746554136,0.8011485934257507,1.4337126016616821,4,1.0,
fixed,0,1390,1.886130928993225,0.04445105046033859,0.003018917515873909,0.7205395698547363,1.886130928993225,4,0.75,5.38951301574707
fixed,0,1391,1.612902283668518,0.01842137612402439,0.0003155131998937577,0.3016277551651001,1.612902283668518,4,0.5,
fixed,0,1392,1.6738888025283813,1.28621564954301e-07,0.0025499442126601934,0.6953832507133484,1.6738888025283813,4,0.5,
fixed,0,1393,1.9062228202819824,4.170527745372965e-08,0.011335983872413635,0.7305901050567627,1.9062228202819824,4,0.5,
fixed,0,1394,3.0469186305999756,0.0,0.013500594533979893,0.831594705581665,3.0469186305999756,4,1.0,
fixed,0,1395,2.0136373043060303,2.8664858930937953e-08,0.01513234619051218,0.6881670355796814,2.0136373043060303,4,0.75,12.320941925048828
fixed,0,1396,1.4284852743148804,0.0004702898149844259,0.005879568867385387,0.694943368434906,1.4284852743148804,4,0.75,
fixed,0,1397,2.468552827835083,1.4695241645767965e-07,0.0025003976188600063,0.8788442611694336,2.468552827835083,4,0.25,
fixed,0,1398,1.5549192428588867,3.795977576714904e-08,0.0017832319717854261,0.6392759680747986,1.5549192428588867,4,0.75,
fixed,0,1399,2.7388675212860107,0.020025353878736496,0.009380348026752472,0.686188280582428,2.7388675212860107,4,0.75,
fixed,0,1400,2.0903868675231934,1.7101376670325408e-07,0.020816177129745483,0.6825720071792603,2.0903868675231934,3,0.75,12.285634994506836
fixed,0,1401,1.6584289073944092,4.8728708179623936e-08,0.001105283503420651,0.7482616305351257,1.6584289073944092,4,0.75,
fixed,0,1402,1.6242727041244507,1.2516164815679076e-07,0.021969854831695557,0.7802771925926208,1.6242727041244507,4,0.5,
fixed,0,1403,1.4203534126281738,0.052224498242139816,0.0005564556340686977,0.7498729228973389,1.4203534126281738,4,0.75,
fixed,0,1404,2.047544240951538,1.6342926301149419e-07,0.0009365279693156481,0.6808820962905884,2.047544240951538,4,0.5,
fixed,0,1405,1.033324956893921,5.876362152434922e-08,0.0074926866218447685,0.7181050181388855,1.033324956893921,4,0.75,5.88618803024292
fixed,0,1406,2.2034096717834473,0.034510012716054916,3.9633723645238206e-05,0.6962792873382568,2.2034096717834473,4,0.5,
fixed,0,1407,1.7247240543365479,4.142111720284447e-07,0.0,1.3764790296554565,1.7247240543365479,4,0.0,
fixed,0,1408,1.7587509155273438,2.2670180896966485e-06,0.0030971423257142305,0.6859887838363647,1.7587509155273438,4,0.5,
fixed,0,1409,2.4261341094970703,7.544531399616972e-08,0.0012079067528247833,0.7504128217697144,2.4261341094970703,4,0.75,
fixed,0,1410,1.360755205154419,8.039697263484413e-07,0.0,1.3732573986053467,1.360755205154419,4,0.0,0.001069258782081306
fixed,0,1411,2.387317180633545,5.417704755927844e-07,0.00010928858682746068,0.3529006242752075,2.387317180633545,4,0.25,
fixed,0,1412,1.6878416538238525,3.927954992377636e-07,3.058518632315099e-05,0.8262096047401428,1.6878416538238525,4,0.25,
fixed,0,1413,1.4622105360031128,1.1320084070121084e-07,0.0001460129424231127,0.7926356792449951,1.4622105360031128,4,0.75,
fixed,0,1414,1.472594976425171,1.4990594365826837e-07,0.0006443100282922387,0.7712495923042297,1.472594976425171,4,0.75,
fixed,0,1415,2.5188162326812744,1.4992900787547114e-07,0.0007870479021221399,0.7695978879928589,2.5188162326812744,4,0.75,0.8953571319580078
fixed,0,1416,1.9583221673965454,6.771948619643808e-07,4.2793439206434414e-05,0.8265931010246277,1.9583221673965454,4,0.25,
fixed,0,1417,1.3287705183029175,3.35604369183784e-07,0.0001369126548524946,0.6830020546913147,1.3287705183029175,4,0.5,
fixed,0,1418,1.6340510845184326,0.05715470761060715,0.00016885140212252736,1.2318859100341797,1.6340510845184326,4,1.0,
fixed,0,1419,2.1329634189605713,1.5482141861866694e-06,1.562416582601145e-05,0.8220289349555969,2.1329634189605713,4,0.25,
fixed,0,1420,2.1282804012298584,5.88707109727693e-07,3.570820263121277e-05,0.824577808380127,2.1282804012298584,4,0.25,0.04593072831630707
fixed,0,1421,2.058401346206665,0.006120170000940561,0.0003799415717367083,0.5837551355361938,2.058401346206665,4,0.5,
fixed,0,1422,2.0933399200439453,0.050320904701948166,0.0,0.8496195077896118,2.0933399200439453,4,0.25,
fixed,0,1423,2.026291847229004,0.02623227797448635,0.0,0.4287956953048706,2.026291847229004,4,0.25,
fixed,0,1424,1.8981655836105347,1.9519339389262313e-07,0.005160011351108551,0.7016931772232056,1.8981655836105347,4,0.5,
fixed,0,1425,1.5839608907699585,3.072411800530972e-07,0.0004481748037505895,0.7741615772247314,1.5839608907699585,4,0.75,0.5434823632240295
fixed,0,1426,1.5244637727737427,2.415763162844087e-07,0.0,0.8165113925933838,1.5244637727737427,4,0.0,
fixed,0,1427,2.2036936283111572,2.8643535188166425e-07,0.0003717029467225075,0.6833209991455078,2.2036936283111572,4,0.5,
fixed,0,1428,2.1450424194335938,5.545949193219712e-07,0.006536972709000111,0.6813146471977234,2.1450424194335938,4,0.5,
fixed,0,1429,1.5012365579605103,1.2440875707397936e-07,0.00140571896918118,0.3176475763320923,1.5012365579605103,4,0.5,
fixed,0,1430,2.5925521850585938,1.0132399097528832e-07,0.0006273204926401377,0.6870059967041016,2.5925521850585938,4,0.5,0.7128363847732544
fixed,0,1431,1.020148515701294,3.050489638667386e-08,0.0006382408901117742,0.7491555213928223,1.020148515701294,4,0.75,
fixed,0,1432,2.1859047412872314,1.6910591682517406e-07,0.00052103609777987,0.6361268758773804,2.1859047412872314,4,0.5,
fixed,0,1433,2.292914628982544,4.8722132106604477e-08,0.011663464829325676,0.7000634074211121,2.292914628982544,4,0.75,
fixed,0,1434,1.2985494136810303,1.2518778191861202e-07,0.0002839030930772424,0.33120083808898926,1.2985494136810303,4,0.5,
fixed,0,1435,1.370572805404663,7.610290175819046e-09,0.001081440132111311,0.5833855867385864,1.370572805404663,4,0.5,0.9749252796173096
fixed,0,1436,2.5607941150665283,4.907502102469152e-07,0.0,0.8145051598548889,2.5607941150665283,4,0.0,
fixed,0,1437,1.2640594244003296,7.087530207172676e-08,0.0003254071343690157,0.7787240743637085,1.2640594244003296,4,0.75,
fixed,0,1438,2.5652713775634766,1.6185660456358164e-07,0.0011317627504467964,0.6865416765213013,2.5652713775634766,4,0.5,
fixed,0,1439,1.9241586923599243,2.8143679742242966e-07,0.00030252820579335093,0.6668656468391418,1.9241586923599243,4,0.5,
fixed,0,1440,2.096021890640259,1.9244907889515162e-07,9.117941954173148e-05,0.7884809374809265,2.096021890640259,4,0.75,0.11414488404989243
fixed,0,1441,2.32209849357605,0.10366979241371155,0.0,0.32135629653930664,2.32209849357605,4,0.5,
fixed,0,1442,2.306394100189209,0.04827060177922249,0.0001841905905166641,0.7679393291473389,2.306394100189209,4,0.75,
fixed,0,1443,1.255236029624939,0.0,0.002107513602823019,1.091278314590454,1.255236029624939,4,1.0,
fixed,0,1444,1.8999358415603638,3.7055093571325415e-07,6.931920506758615e-05,0.8262479305267334,1.8999358415603638,4,0.25,
fixed,0,1445,1.460911512374878,0.07280942052602768,0.0,0.7603402137756348,1.460911512374878,3,0.5,6.014292240142822
fixed,0,1446,1.8948307037353516,1.4087294175624265e-07,0.0007255715318024158,0.7614351511001587,1.8948307037353516,4,0.75,
fixed,0,1447,1.246125340461731,2.5665013936304604e-07,0.0003975401632487774,0.8425955772399902,1.246125340461731,4,0.25,
fixed,0,1448,1.3140900135040283,1.9465315403977002e-07,0.0037120627239346504,0.6968680620193481,1.3140900135040283,4,0.5,
fixed,0,1449,1.8920992612838745,1.3474887339270936e-07,0.0003041184972971678,0.6859462261199951,1.8920992612838745,4,0.5,
fixed,0,1450,1.1027956008911133,1.4872114206809783e-07,0.006586007308214903,0.7056304812431335,1.1027956008911133,4,0.5,5.172354221343994
fixed,0,1451,2.24515700340271,5.211136908656044e-07,0.00015290829469449818,0.3546905517578125,2.24515700340271,4,0.25,
fixed,0,1452,1.5831780433654785,1.1135221456015643e-07,0.007641424424946308,0.3054978847503662,1.5831780433654785,4,0.5,
fixed,0,1453,2.116833209991455,2.896099999816215e-07,0.00047720022848807275,0.6651643514633179,2.116833209991455,4,0.5,
fixed,0,1454,2.42181658744812,2.8011965014229645e-07,0.000973900780081749,0.8555776476860046,2.42181658744812,4,0.25,
fixed,0,1455,1.971365213394165,2.0181235527161334e-07,0.00024995714193210006,0.6751542091369629,1.971365213394165,4,0.5,0.2928302586078644
fixed,0,1456,1.012939453125,3.1916499665385345e-07,0.0007131267338991165,0.6847176551818848,1.012939453125,4,0.5,
fixed,0,1457,1.618674635887146,3.9639687088310893e-07,0.00016773810784798115,0.8334891200065613,1.618674635887146,4,0.25,
fixed,0,1458,1.6167376041412354,1.859626763689448e-07,0.0009145289077423513,0.6796950101852417,1.6167376041412354,4,0.5,
fixed,0,1459,1.5802302360534668,3.0637860959359386e-07,0.00040597544284537435,0.6880580186843872,1.5802302360534668,4,0.5,
fixed,0,1460,2.1086177825927734,0.08464232087135315,0.00029118129168637097,0.723757803440094,2.1086177825927734,4,0.75,14.26864242553711
fixed,0,1461,1.3727035522460938,0.043152596801519394,7.018487667664886e-05,0.6878436207771301,1.3727035522460938,4,0.5,
fixed,0,1462,2.2075605392456055,1.2965408302534343e-07,0.00041115935891866684,0.6825205087661743,2.2075605392456055,4,0.5,
fixed,0,1463,1.5333651304244995,1.2904534685276303e-07,0.006420030724257231,0.7023430466651917,1.5333651304244995,4,0.5,
fixed,0,1464,1.8972816467285156,8.945899310219829e-08,0.0035871572326868773,0.6975575089454651,1.8972816467285156,4,0.5,
fixed,0,1465,1.4703577756881714,1.0543907080773351e-07,0.00022993990569375455,0.6219572424888611,1.4703577756881714,4,0.5,0.24256785213947296
fixed,0,1466,1.5553609132766724,3.3505788366028355e-08,0.007082984317094088,0.7158021330833435,1.5553609132766724,4,0.75,
fixed,0,1467,1.3993514776229858,1.2055654963205598e-07,0.002567277057096362,0.6911672353744507,1.3993514776229858,4,0.5,
fixed,0,1468,2.665234327316284,0.05410514399409294,0.0004776984278578311,0.7614928483963013,2.665234327316284,4,0.75,
fixed,0,1469,1.7640442848205566,2.5298492190017896e-08,0.004791777580976486,0.720219612121582,1.7640442848205566,4,0.75,
fixed,0,1470,1.658892273902893,3.79655809013002e-08,0.0006495473207905889,0.7676085233688354,1.658892273902893,4,0.75,0.7812376618385315
fixed,0,1471,1.7844650745391846,1.5863464852827747e-07,0.0004529027210082859,0.8409567475318909,1.7844650745391846,4,0.25,
fixed,0,1472,1.3113566637039185,1.2694457041106944e-07,0.0,0.6875535845756531,1.3113566637039185,4,0.0,
fixed,0,1473,1.6480438709259033,0.05199291184544563,0.00012080486339982599,0.6898853182792664,1.6480438709259033,4,0.5,
fixed,0,1474,1.9953200817108154,0.03588198497891426,5.7109224144369364e-05,0.31236040592193604,1.9953200817108154,4,0.5,
fixed,0,1475,3.201575517654419,9.201112760592878e-08,0.0025814466644078493,0.6971871256828308,3.201575517654419,4,0.5,2.6881229877471924
fixed,0,1476,0.6359776854515076,8.821491093158329e-08,0.0013926776591688395,0.7559137344360352,0.6359776854515076,4,0.75,
fixed,0,1477,1.7838704586029053,0.05253366008400917,0.0,0.8440987467765808,1.7838704586029053,4,0.25,
fixed,0,1478,1.9782065153121948,7.543712854385376e-08,0.0010520201176404953,0.7636419534683228,1.9782065153121948,4,0.75,
fixed,0,1479,2.7113661766052246,4.4246807107128916e-08,0.0005835526390001178,0.32673585414886475,2.7113661766052246,4,0.5,
fixed,0,1480,1.2979369163513184,0.06903856992721558,0.0023670513182878494,0.6986831426620483,1.2979369163513184,4,0.75,18.055490493774414
fixed,0,1481,1.0267434120178223,9.451704841012543e-08,0.001199468970298767,0.6923288106918335,1.0267434120178223,4,0.5,
fixed,0,1482,1.8057770729064941,0.02824888937175274,0.0014093626523390412,0.7195723056793213,1.8057770729064941,4,0.5,
fixed,0,1483,1.7347993850708008,0.028827238827943802,0.0020323763601481915,0.7217503190040588,1.7347993850708008,4,0.5,
fixed,0,1484,1.3323073387145996,3.849261531740922e-08,0.02039080485701561,0.7443078756332397,1.3323073387145996,4,0.25,
fixed,0,1485,1.1596009731292725,4.488094873522641e-08,0.000559284002520144,0.36421680450439453,1.1596009731292725,4,0.25,0.6551718711853027
fixed,0,1486,1.616384506225586,6.0254073730448e-08,0.0,1.3821136951446533,1.616384506225586,4,0.0,
fixed,0,1487,1.6880754232406616,0.05078659579157829,0.005568907596170902,0.7165716290473938,1.6880754232406616,4,0.75,
fixed,0,1488,2.253265857696533,0.027093274518847466,0.007760525681078434,0.691910445690155,2.253265857696533,4,0.75,
fixed,0,1489,2.2516753673553467,0.0,0.03015555441379547,0.7602164149284363,2.2516753673553467,4,0.75,
fixed,0,1490,2.352585554122925,0.009993447922170162,0.0,1.0593189001083374,2.352585554122925,4,0.0,7.146670818328857
fixed,0,1491,2.10410475730896,0.04349803552031517,0.0,0.7905030846595764,2.10410475730896,4,0.25,
fixed,0,1492,0.9313730001449585,3.860122887999751e-08,0.004626264795660973,0.9106347560882568,0.9313730001449585,4,0.25,
fixed,0,1493,1.8573771715164185,6.668945502497081e-07,0.0062611945904791355,0.30676817893981934,1.8573771715164185,4,0.5,
fixed,0,1494,1.3755475282669067,2.0158065439090933e-08,0.013018990866839886,0.7394400835037231,1.3755475282669067,4,0.5,
fixed,0,1495,2.1703169345855713,1.0886403778442855e-08,0.022850073873996735,0.6797109842300415,2.1703169345855713,4,0.5,15.23032283782959
fixed,0,1496,2.068321466445923,0.012410462833940983,0.0009194680023938417,0.7471777200698853,2.068321466445923,4,0.25,
fixed,0,1497,1.1162084341049194,1.2333958743226958e-08,0.00713708670809865,0.7105209827423096,1.1162084341049194,4,0.75,
fixed,0,1498,2.2480251789093018,2.0980301940198842e-08,0.00162793870549649,0.6920629739761353,2.2480251789093018,4,0.5,
fixed,0,1499,1.6399056911468506,3.08232515067175e-08,0.002098814584314823,0.6940819621086121,1.6399056911468506,4,0.5,
fixed,0,1500,1.4450443983078003,1.6338505659518887e-08,0.01306544803082943,0.6887766718864441,1.4450443983078003,4,0.75,10.073570251464844
fixed,0,1501,2.05584716796875,0.04754102602601051,0.0011199616128578782,1.0637744665145874,2.05584716796875,4,1.0,
fixed,0,1502,2.3851828575134277,0.029404500499367714,0.0069542983546853065,0.6999632120132446,2.3851828575134277,4,0.75,
fixed,0,1503,1.0571619272232056,1.5425815291791878e-08,0.002731227781623602,0.3111083507537842,1.0571619272232056,4,0.5,
fixed,0,1504,2.7415122985839844,9.190729599595215e-08,8.114657975966111e-05,0.8267233967781067,2.7415122985839844,4,0.25,
fixed,0,1505,1.6818064451217651,2.5298492190017896e-08,0.0008360919891856611,0.76817786693573,1.6818064451217651,4,0.75,1.0075632333755493
fixed,0,1506,1.9991258382797241,5.643853029368984e-08,0.00648764381185174,0.7054080963134766,1.9991258382797241,4,0.5,
fixed,0,1507,1.6372525691986084,2.2471908778243233e-08,0.012221893295645714,0.3039747476577759,1.6372525691986084,4,0.5,
fixed,0,1508,1.4967635869979858,7.449405359238881e-08,0.0006672515883110464,0.6899343132972717,1.4967635869979858,4,0.5,
fixed,0,1509,1.5926709175109863,0.0,0.004862161818891764,1.0292458534240723,1.5926709175109863,4,1.0,
fixed,0,1510,2.4267563819885254,6.256546214444825e-08,0.0038807301316410303,0.742116391658783,2.4267563819885254,4,0.75,3.8341684341430664
fixed,0,1511,1.5135629177093506,1.563659992598332e-07,0.000283105211565271,0.6888972520828247,1.5135629177093506,4,0.5,
fixed,0,1512,1.7034295797348022,1.6651051737426315e-07,0.00012464226165320724,0.6891251802444458,1.7034295797348022,4,0.5,
fixed,0,1513,1.8838109970092773,2.198539874598282e-07,7.436719170073047e-05,0.6808107495307922,1.8838109970092773,4,0.5,
fixed,0,1514,1.5050125122070312,5.983945811749436e-06,2.929182846855838e-05,0.6832742094993591,1.5050125122070312,4,0.5,
fixed,0,1515,2.222729444503784,2.0301693837154744e-07,3.8941539969528094e-05,0.6895773410797119,2.222729444503784,4,0.5,0.05137748643755913
fixed,0,1516,1.5812270641326904,3.3616157679716707e-07,0.0,1.3773680925369263,1.5812270641326904,4,0.0,
fixed,0,1517,1.2021723985671997,2.0140925016676192e-07,0.0001048589838319458,0.6905993223190308,1.2021723985671997,4,0.5,
fixed,0,1518,1.6052546501159668,3.8699607785019907e-07,0.0016077382024377584,0.8699218034744263,1.6052546501159668,4,0.25,
fixed,0,1519,0.9792917370796204,1.454280891266535e-07,2.9867540433770046e-05,0.6832214593887329,0.9792917370796204,4,0.5,
fixed,0,1520,1.2730220556259155,2.501664084775257e-07,0.0008995931129902601,0.6927802562713623,1.2730220556259155,4,0.5,0.9929689764976501
fixed,0,1521,0.8834065794944763,0.0,4.4152202463010326e-05,1.3056325912475586,0.8834065794944763,4,1.0,
fixed,0,1522,1.9809658527374268,1.0309893383464441e-07,1.1500334039737936e-05,0.8081350326538086,1.9809658527374268,4,0.75,
fixed,0,1523,2.2393765449523926,2.7807638616650365e-05,0.0,1.3435970544815063,2.2393765449523926,4,0.0,
fixed,0,1524,1.898783564567566,0.05530273914337158,9.21290757105453e-06,0.33517324924468994,1.898783564567566,4,0.5,
fixed,0,1525,1.6450074911117554,0.055898476392030716,4.449627158464864e-05,0.7219611406326294,1.6450074911117554,4,0.75,3.8603320121765137
fixed,0,1526,1.731569528579712,8.993165465653874e-07,0.0002780306385830045,0.840243399143219,1.731569528579712,4,0.25,
fixed,0,1527,1.7075451612472534,0.05129289999604225,2.9107462978572585e-05,1.230747103691101,1.7075451612472534,4,1.0,
fixed,0,1528,1.1562811136245728,4.803061983693624e-07,1.5294781405827962e-05,0.6897358298301697,1.1562811136245728,4,0.5,
fixed,0,1529,1.381514549255371,0.05230339989066124,1.4852447748125996e-05,0.3311176300048828,1.381514549255371,4,0.5,
fixed,0,1530,2.016418695449829,8.031850029510679e-08,8.046203583944589e-05,0.7955476641654968,2.016418695449829,4,0.75,0.10342425853013992
fixed,0,1531,2.1685776710510254,5.696427507473345e-08,0.000144604331580922,0.7972078323364258,2.1685776710510254,4,0.75,
fixed,0,1532,2.2034785747528076,1.822708327381406e-06,8.084456931101158e-05,0.8304352164268494,2.2034785747528076,4,0.25,
fixed,0,1533,1.8605753183364868,1.3712363511331205e-07,1.5119874660740606e-05,0.3488161563873291,1.8605753183364868,4,0.25,
fixed,0,1534,1.7614731788635254,1.4097956579917081e-07,0.00011681028263410553,0.6716232895851135,1.7614731788635254,4,0.5,
fixed,0,1535,2.8802011013031006,5.567627425762112e-08,0.001265024533495307,0.6028211712837219,2.8802011013031006,4,0.5,1.313908576965332
fixed,0,1536,2.174182653427124,1.582453457160682e-08,0.0003274408227298409,0.7786839604377747,2.174182653427124,4,0.75,
fixed,0,1537,2.0066046714782715,0.0,0.0004760919255204499,1.2032760381698608,2.0066046714782715,4,1.0,
fixed,0,1538,2.293287992477417,8.043920729505771e-08,0.008567070588469505,0.9494044780731201,2.293287992477417,4,0.25,
fixed,0,1539,1.209448218345642,4.874844705682335e-08,0.00014460401143878698,0.7950862050056458,1.209448218345642,4,0.75,
fixed,0,1540,2.447244882583618,7.584684169614775e-08,0.00013772719830740243,0.6749591827392578,2.447244882583618,4,0.5,0.17037400603294373
fixed,0,1541,1.3393256664276123,0.0,0.004771766252815723,1.0270692110061646,1.3393256664276123,4,1.0,
fixed,0,1542,1.4345622062683105,0.058758694678545,0.00047805087524466217,1.2056422233581543,1.4345622062683105,4,1.0,
fixed,0,1543,1.6845556497573853,0.06005985289812088,0.006647730246186256,1.0179160833358765,1.6845556497573853,4,1.0,
fixed,0,1544,2.448113203048706,4.5787729163748736e-08,0.007669288665056229,0.7230812311172485,2.448113203048706,4,0.75,
fixed,0,1545,1.5316251516342163,1.648244207785865e-08,0.00022982593509368598,0.3328901529312134,1.5316251516342163,4,0.5,0.28669652342796326
fixed,0,1546,2.3384718894958496,9.446679172242511e-08,0.00014180672587826848,0.8355061411857605,2.3384718894958496,4,0.25,
fixed,0,1547,1.919143557548523,0.0,0.007255966309458017,1.0334227085113525,1.919143557548523,4,1.0,
fixed,0,1548,1.6705012321472168,9.359625607885391e-08,0.00023320004402194172,0.8399843573570251,1.6705012321472168,4,0.25,
fixed,0,1549,1.199802041053772,7.063550100383509e-08,0.0007107204874046147,0.6919577121734619,1.199802041053772,4,0.5,
fixed,0,1550,1.9802813529968262,1.2025498108414467e-07,0.0006944115739315748,0.366366982460022,1.9802813529968262,4,0.25,0.7858381867408752
fixed,0,1551,1.9399632215499878,3.79655809013002e-08,0.007484743371605873,0.7091137170791626,1.9399632215499878,4,0.75,
fixed,0,1552,0.5895596742630005,1.0820996010352246e-07,6.751136970706284e-05,0.351931095123291,0.5895596742630005,4,0.25,
fixed,0,1553,1.6763997077941895,7.77568800458539e-08,0.0015110507374629378,0.6950590014457703,1.6763997077941895,4,0.5,
fixed,0,1554,1.6761726140975952,8.973704098025337e-06,8.40117791085504e-05,0.35271358489990234,1.6761726140975952,4,0.25,
fixed,0,1555,0.9450047016143799,4.7240302336604145e-08,0.00019148360297549516,0.7961306571960449,0.9450047016143799,4,0.75,0.2452383041381836
fixed,0,1556,2.546846389770508,0.059238046407699585,3.830653440672904e-05,0.6910370588302612,2.546846389770508,4,0.5,
fixed,0,1557,1.4235249757766724,0.09754551947116852,0.0022055055014789104,1.0283552408218384,1.4235249757766724,4,1.0,
fixed,0,1558,1.4685884714126587,1.2826032502744056e-07,0.0003838806878775358,0.7819979190826416,1.4685884714126587,4,0.75,
fixed,0,1559,1.5756545066833496,8.196473544330729e-08,0.0002805523108690977,0.33354878425598145,1.5756545066833496,4,0.5,
fixed,0,1560,1.9002671241760254,0.05466955155134201,0.010403282940387726,0.7218411564826965,1.9002671241760254,4,0.75,2.477916717529297
fixed,0,1561,2.084508180618286,9.992757554755372e-08,0.0009299342054873705,0.7699089050292969,2.084508180618286,4,0.75,
fixed,0,1562,2.3354146480560303,2.0395322053445852e-07,0.003325178986415267,0.7023431062698364,2.3354146480560303,4,0.5,
fixed,0,1563,1.781253457069397,6.660178542006179e-08,0.001691592624410987,0.7558659315109253,1.781253457069397,4,0.75,
fixed,0,1564,2.604736566543579,1.3973109957987617e-07,0.0018885304452851415,0.6986303329467773,2.604736566543579,4,0.5,
fixed,0,1565,1.5813710689544678,6.494076387753012e-08,0.01083760242909193,0.7112336754798889,1.5813710689544678,4,0.5,7.860705375671387
fixed,0,1566,1.2883914709091187,1.1307906788715627e-07,0.005153762176632881,0.7046067714691162,1.2883914709091187,4,0.5,
fixed,0,1567,1.515687108039856,4.0948666679696544e-10,0.001719270832836628,0.5877628326416016,1.515687108039856,4,0.75,
fixed,0,1568,1.6709011793136597,0.05097436532378197,0.0005837040953338146,0.7547144889831543,1.6709011793136597,4,0.75,
fixed,0,1569,1.5898631811141968,0.044066283851861954,0.0,0.8708587884902954,1.5898631811141968,4,0.25,
fixed,0,1570,1.5393593311309814,5.5227921791356493e-08,0.0033416871447116137,0.7376582026481628,1.5393593311309814,4,0.75,3.6649680137634277
fixed,0,1571,0.6392528414726257,0.044505663216114044,0.0009184274822473526,0.5685299038887024,0.6392528414726257,4,0.75,
fixed,0,1572,1.4921998977661133,1.1847834002765012e-07,0.002684513106942177,0.7010931968688965,1.4921998977661133,4,0.5,
fixed,0,1573,2.1624135971069336,1.7127892704138503e-07,0.0009667759295552969,0.5451382398605347,2.1624135971069336,4,0.5,
fixed,0,1574,1.8410520553588867,1.3621938421692903e-07,0.005653680767863989,0.9214434623718262,1.8410520553588867,4,0.25,
fixed,0,1575,1.7877241373062134,3.333076392664225e-07,0.00048133061500266194,0.36254286766052246,1.7877241373062134,4,0.25,0.5689854621887207
fixed,0,1576,1.984935998916626,2.614075924611825e-07,0.0014095327351242304,0.8666579127311707,1.984935998916626,4,0.25,
fixed,0,1577,0.40399986505508423,9.311854398674768e-08,0.0009888869244605303,0.6947150230407715,0.40399986505508423,4,0.5,
fixed,0,1578,1.7403312921524048,1.0650602888517824e-07,0.0011221019085496664,0.6889325380325317,1.7403312921524048,4,0.5,
fixed,0,1579,1.6475201845169067,6.870239843692616e-08,0.010048706084489822,0.7097747921943665,1.6475201845169067,4,0.75,
fixed,0,1580,2.015522003173828,2.475875078289391e-07,0.006853205151855946,0.9329184293746948,2.015522003173828,4,0.25,5.414844512939453
fixed,0,1581,0.9654266834259033,1.1341909100792691e-07,0.0007771442178636789,0.6935502290725708,0.9654266834259033,4,0.5,
fixed,0,1582,2.7667319774627686,0.04428773373365402,0.0024529462680220604,1.0091837644577026,2.7667319774627686,4,1.0,
fixed,0,1583,2.0882060527801514,0.05323396995663643,0.0028028800152242184,0.7443428635597229,2.0882060527801514,4,0.75,
fixed,0,1584,1.8871040344238281,6.708091859763954e-08,0.005976726766675711,0.30568957328796387,1.8871040344238281,4,0.5,
fixed,0,1585,2.4472968578338623,0.02911830134689808,0.0010102448286488652,0.7236781716346741,2.4472968578338623,4,0.75,10.188725471496582
fixed,0,1586,1.932377815246582,3.0884172019796097e-07,0.0007533615571446717,0.854292094707489,1.932377815246582,4,0.25,
fixed,0,1587,1.6941601037979126,0.050340622663497925,0.00024054694222286344,0.6938084363937378,1.6941601037979126,4,0.5,
fixed,0,1588,1.5708812475204468,3.529228820298158e-07,0.006054073106497526,0.7131537795066833,1.5708812475204468,4,0.5,
fixed,0,1589,1.2088062763214111,1.1321086645921241e-07,0.000853596837259829,0.7711635828018188,1.2088062763214111,4,0.75,
fixed,0,1590,1.886185884475708,0.03479314595460892,0.004465331323444843,0.7111269235610962,1.886185884475708,4,0.75,6.620957851409912
fixed,0,1591,2.5076491832733154,1.8076097774155642e-07,0.005190168507397175,0.7304579019546509,2.5076491832733154,4,0.75,
fixed,0,1592,2.669318199157715,3.9268437831196934e-05,0.0009144179057329893,0.849550187587738,2.669318199157715,4,0.25,
fixed,0,1593,2.48573899269104,0.03879864513874054,0.002134834649041295,0.7117693424224854,2.48573899269104,4,0.5,
fixed,0,1594,2.160552978515625,1.3060548553767148e-07,0.001057637738995254,0.6948736906051636,2.160552978515625,4,0.5,
fixed,0,1595,1.206674337387085,1.457469522847532e-07,0.0014778673648834229,0.6973020434379578,1.206674337387085,4,0.5,1.7138022184371948
fixed,0,1596,1.8798693418502808,4.810742666450096e-07,0.007911277003586292,0.9426748752593994,1.8798693418502808,4,0.25,
fixed,0,1597,1.8123751878738403,0.03255460411310196,0.0007485037203878164,0.7320742607116699,1.8123751878738403,4,0.75,
fixed,0,1598,1.6413131952285767,8.291269892879427e-08,0.0015953965485095978,0.31684136390686035,1.6413131952285767,4,0.5,
fixed,0,1599,1.937944769859314,0.04952608793973923,0.0015629420522600412,0.7497844099998474,1.937944769859314,4,0.75,
fixed,0,1600,3.0362038612365723,3.045381049560092e-07,0.0021843966096639633,0.7000284790992737,3.0362038612365723,4,0.5,2.497243642807007
fixed,0,1601,1.8335106372833252,0.08487484604120255,0.0006385962478816509,0.7289085984230042,1.8335106372833252,4,0.75,
fixed,0,1602,2.0919220447540283,0.02709316276013851,0.0012764709535986185,0.7171723246574402,2.0919220447540283,4,0.75,
fixed,0,1603,1.733338713645935,0.04080579802393913,0.0028506414964795113,0.723924458026886,1.733338713645935,4,0.75,
fixed,0,1604,2.0522725582122803,0.013284608721733093,0.0031005884520709515,0.31554245948791504,2.0522725582122803,4,0.25,
fixed,0,1605,1.7523705959320068,0.01815725862979889,0.0010208252351731062,0.7353124618530273,1.7523705959320068,4,0.5,9.062721252441406
fixed,0,1606,1.9487923383712769,1.0550105677964439e-08,0.010365539230406284,0.7035298943519592,1.9487923383712769,4,0.75,
fixed,0,1607,1.507150650024414,7.325779449729453e-08,0.0,1.3817009925842285,1.507150650024414,4,0.0,
fixed,0,1608,2.0332841873168945,0.0072936308570206165,0.042457740753889084,0.6901482343673706,2.0332841873168945,4,0.5,
fixed,0,1609,1.700135350227356,0.009806391783058643,0.0317315049469471,0.7383019328117371,1.700135350227356,4,0.25,
fixed,0,1610,1.6504863500595093,4.3018602013944474e-08,0.008902394212782383,0.7045772075653076,1.6504863500595093,4,0.75,7.87669563293457
fixed,0,1611,1.9640448093414307,6.3631844682277e-08,0.0014123291475698352,0.8661997318267822,1.9640448093414307,4,0.25,
fixed,0,1612,1.6756290197372437,0.0,0.03794832527637482,0.7258163690567017,1.6756290197372437,4,0.75,
fixed,0,1613,2.009436845779419,2.246169472641668e-08,0.007285899017006159,0.30400776863098145,2.009436845779419,4,0.5,
fixed,0,1614,1.9613001346588135,1.583578423947074e-08,0.022672051563858986,0.6912938952445984,1.9613001346588135,4,0.75,
fixed,0,1615,2.1439390182495117,1.4619008936733735e-07,0.0,1.3802070617675781,2.1439390182495117,4,0.0,0.00016784713079687208
fixed,0,1616,1.1773924827575684,0.022514179348945618,0.010601856745779514,0.6920377016067505,1.1773924827575684,4,0.75,
fixed,0,1617,2.015986442565918,3.914854005415691e-07,0.002303099725395441,0.38600170612335205,2.015986442565918,4,0.25,
fixed,0,1618,1.752049207687378,0.0016555850161239505,0.0003715857455972582,0.29956650733947754,1.752049207687378,4,0.25,
fixed,0,1619,2.8936209678649902,0.054439134895801544,0.00014582235598936677,0.6927566528320312,2.8936209678649902,4,0.5,
fixed,0,1620,1.8520066738128662,0.0331185944378376,0.003857608186081052,0.7154124975204468,1.8520066738128662,4,0.75,7.181556224822998
fixed,0,1621,1.7135229110717773,2.8045133149134926e-07,0.0006550205871462822,0.852171003818512,1.7135229110717773,4,0.25,
fixed,0,1622,1.636541485786438,8.549225327669774e-08,0.00036558895953930914,0.7799002528190613,1.636541485786438,4,0.75,
fixed,0,1623,1.9905204772949219,4.3334330257494e-07,0.0001832052948884666,0.6915459632873535,1.9905204772949219,4,0.5,
fixed,0,1624,2.093844413757324,0.07440990209579468,0.0,0.7177110314369202,2.093844413757324,4,0.5,
fixed,0,1625,1.8196364641189575,5.1105523368732975e-08,5.221553146839142e-05,0.33784425258636475,1.8196364641189575,4,0.5,0.05902652442455292
fixed,0,1626,1.9054133892059326,1.0396979632787406e-07,0.00029240609728731215,0.6882383227348328,1.9054133892059326,4,0.5,
fixed,0,1627,0.9137281775474548,5.5583630143019036e-08,0.0005765004316344857,0.7205098867416382,0.9137281775474548,3,0.75,
fixed,0,1628,2.043267011642456,1.143638854728124e-07,6.491090607596561e-05,0.3516845703125,2.043267011642456,4,0.25,
fixed,0,1629,1.6041573286056519,0.001105389790609479,0.0004977303324267268,0.8090898394584656,1.6041573286056519,4,0.25,
fixed,0,1630,1.5417715311050415,1.4136330150904541e-07,0.001526034902781248,0.8688822388648987,1.5417715311050415,4,0.25,1.6346073150634766
fixed,0,1631,2.5787675380706787,1.9189909039596387e-07,3.9246671803994104e-05,0.8020698428153992,2.5787675380706787,4,0.25,
fixed,0,1632,1.0738308429718018,6.131728014224791e-08,0.00041669292841106653,0.6842600107192993,1.0738308429718018,4,0.5,
fixed,0,1633,1.5251048803329468,0.04947274178266525,0.0013099387288093567,0.7391449809074402,1.5251048803329468,4,0.75,
fixed,0,1634,2.412720203399658,0.04383811354637146,0.0,0.8711999654769897,2.412720203399658,4,0.25,
fixed,0,1635,2.9271116256713867,6.013526387960155e-08,0.0013006784720346332,0.6943192481994629,2.9271116256713867,4,0.5,1.4365743398666382
fixed,0,1636,1.664955973625183,0.07589853554964066,0.0011063001584261656,0.7117101550102234,1.664955973625183,4,0.75,
fixed,0,1637,1.548591136932373,3.552618110802541e-08,6.87805368215777e-12,0.6900163292884827,1.548591136932373,4,0.0,
fixed,0,1638,2.223914384841919,6.03768128826232e-08,0.0,0.8198884725570679,2.223914384841919,4,0.0,
fixed,0,1639,2.039091110229492,1.2050809061747714e-07,0.0005151836667209864,0.8453537821769714,2.039091110229492,4,0.25,
fixed,0,1640,2.0559308528900146,3.302550624084688e-07,0.023074740543961525,1.063157558441162,2.0559308528900146,4,0.0,10.305419921875
fixed,0,1641,1.8390171527862549,1.9215777413705837e-08,0.012575918808579445,0.7255176305770874,1.8390171527862549,4,0.5,
fixed,0,1642,2.026448965072632,0.01443321630358696,0.023601355031132698,0.7349383234977722,2.026448965072632,4,0.5,
fixed,0,1643,1.2242387533187866,3.1232708086470495e-10,0.0241373423486948,0.35881054401397705,1.2242387533187866,4,0.5,
fixed,0,1644,1.100644826889038,1.8508949040096923e-08,0.008712630718946457,0.7105374932289124,1.100644826889038,4,0.75,
fixed,0,1645,1.3972010612487793,2.4433727929817906e-08,0.03410951793193817,0.834054172039032,1.3972010612487793,4,0.25,17.997386932373047
fixed,0,1646,2.2537143230438232,0.05003372207283974,0.005177791696041822,0.7028197646141052,2.2537143230438232,4,0.5,
fixed,0,1647,3.2109923362731934,0.053091082721948624,0.0007689886260777712,0.6816461086273193,3.2109923362731934,4,0.5,
fixed,0,1648,1.3875046968460083,0.021397052332758904,0.00021738329087384045,0.716843843460083,1.3875046968460083,4,0.5,
fixed,0,1649,1.394944429397583,3.37400848593461e-07,0.00025147918495349586,0.7732449173927307,1.394944429397583,4,0.75,
fixed,0,1650,1.646491289138794,5.9162623244901624e-08,0.0016648778691887856,0.3169076442718506,1.646491289138794,4,0.5,1.7646161317825317
fixed,0,1651,1.7454949617385864,0.038278378546237946,4.658184843719937e-05,0.691789448261261,1.7454949617385864,4,0.5,
fixed,0,1652,2.2863996028900146,0.055583301931619644,0.005143150687217712,1.022786259651184,2.2863996028900146,4,1.0,
fixed,0,1653,1.3731353282928467,2.999286152771674e-07,0.0006026581977494061,0.8505344986915588,1.3731353282928467,4,0.25,
fixed,0,1654,2.39241361618042,6.005878390169528e-07,0.0012088832445442677,0.668014407157898,2.39241361618042,4,0.25,
fixed,0,1655,1.257668375968933,8.352354825547081e-07,0.007465556263923645,0.7129485011100769,1.257668375968933,4,0.5,5.80107307434082
fixed,0,1656,1.7229710817337036,1.4356872668486176e-07,9.372553904540837e-05,0.8325456976890564,1.7229710817337036,4,0.25,
fixed,0,1657,2.3451876640319824,1.5942687525694055e-07,0.0011203166795894504,0.690762460231781,2.3451876640319824,4,0.5,
fixed,0,1658,1.788682222366333,1.564832246003789e-07,0.0006656148470938206,0.3254796266555786,1.788682222366333,4,0.5,
fixed,0,1659,2.0734527111053467,9.771972599992296e-07,0.0016068851109594107,0.37802600860595703,2.0734527111053467,4,0.25,
fixed,0,1660,1.9771387577056885,0.027961421757936478,0.001199478399939835,0.3041536808013916,1.9771387577056885,4,0.5,9.788833618164062
fixed,0,1661,2.283665180206299,8.440784995400463e-07,0.0003567503299564123,0.6830670237541199,2.283665180206299,4,0.5,
fixed,0,1662,2.1207659244537354,2.3155729422796867e-07,0.0004550832964014262,0.8460453748703003,2.1207659244537354,4,0.25,
fixed,0,1663,2.3082895278930664,2.437878947603167e-07,0.0004190159379504621,0.6912307739257812,2.3082895278930664,4,0.5,
fixed,0,1664,1.8474997282028198,3.1242686304722156e-07,0.0003236849152017385,0.35927021503448486,1.8474997282028198,4,0.25,
fixed,0,1665,2.741335868835449,1.9377914384222095e-07,0.00025191158056259155,0.6898919939994812,2.741335868835449,4,0.5,0.29867541790008545
fixed,0,1666,1.3340824842453003,3.3300437962680007e-07,2.8617332645808347e-05,0.8201037049293518,1.3340824842453003,4,0.25,
fixed,0,1667,1.442813515663147,5.012092287870473e-07,0.0004281905712559819,0.3613460063934326,1.442813515663147,4,0.25,
fixed,0,1668,2.273144245147705,0.07254935055971146,0.0001509877183707431,0.9566545486450195,2.273144245147705,4,1.0,
fixed,0,1669,1.9012562036514282,0.05385935679078102,0.0006912440294399858,0.7645046710968018,1.9012562036514282,4,0.75,
fixed,0,1670,1.1840097904205322,0.00016496838361490518,0.0004536120395641774,0.36405909061431885,1.1840097904205322,4,0.25,0.5186359286308289
fixed,0,1671,2.0329668521881104,0.05442628636956215,0.005176320672035217,0.3075758218765259,2.0329668521881104,4,0.5,
fixed,0,1672,2.0356101989746094,2.3601424459229747e-07,0.000984760234132409,0.6940490007400513,2.0356101989746094,4,0.5,
fixed,0,1673,1.9607986211776733,1.4419588012515305e-07,0.001783761428669095,0.8736249804496765,1.9607986211776733,4,0.25,
fixed,0,1674,2.0730388164520264,7.652438682725915e-08,0.012167666107416153,0.7320040464401245,2.0730388164520264,4,0.5,
fixed,0,1675,1.7703444957733154,6.823214704354541e-08,0.004123268648982048,0.9052347540855408,1.7703444957733154,4,0.25,4.050177574157715
fixed,0,1676,1.4700651168823242,5.7768630767895957e-08,0.0033380829263478518,0.7038646936416626,1.4700651168823242,4,0.5,
fixed,0,1677,1.7604568004608154,1.2637279667160328e-07,0.0,1.3805487155914307,1.7604568004608154,4,0.0,
fixed,0,1678,1.8236558437347412,2.547846236211626e-07,0.005453511606901884,0.7223429083824158,1.8236558437347412,4,0.75,
fixed,0,1679,1.219752550125122,8.478437507619674e-08,0.0011693433625623584,0.694722056388855,1.219752550125122,4,0.5,
fixed,0,1680,1.5627820491790771,0.02251414954662323,0.0010413086274638772,0.7124113440513611,1.5627820491790771,4,0.75,9.593439102172852
fixed,0,1681,1.5224050283432007,8.168408727193821e-10,0.007857346907258034,0.44786083698272705,1.5224050283432007,4,0.75,
fixed,0,1682,1.1003422737121582,1.0465347344279508e-07,0.00044150324538350105,0.3620213270187378,1.1003422737121582,4,0.25,
fixed,0,1683,0.4962269365787506,3.94160088035278e-05,0.0017958317184820771,0.607168972492218,0.4962269365787506,4,0.75,
fixed,0,1684,2.5243940353393555,0.040056318044662476,0.0005568339838646352,0.31105923652648926,2.5243940353393555,4,0.5,
fixed,0,1685,2.0002429485321045,1.356298611199236e-07,0.0004937184858135879,0.848468005657196,2.0002429485321045,4,0.25,0.6257314085960388
fixed,0,1686,1.516092300415039,0.04223312810063362,0.004477481357753277,0.7160976529121399,1.516092300415039,4,0.75,
fixed,0,1687,1.407258152961731,6.89870347514443e-08,0.0009392502252012491,0.34973275661468506,1.407258152961731,4,0.25,
fixed,0,1688,2.3565964698791504,8.224765934983225e-08,0.0033539391588419676,0.6423636674880981,2.3565964698791504,4,0.5,
fixed,0,1689,1.783826231956482,3.2146846251634997e-07,0.016770342364907265,0.757940411567688,1.783826231956482,4,0.5,
fixed,0,1690,2.320230722427368,1.2289652318031585e-07,0.0012659116182476282,0.37462306022644043,2.320230722427368,4,0.25,1.4160990715026855
fixed,0,1691,0.8770885467529297,2.2620214679136552e-07,0.007212826516479254,0.7164279818534851,0.8770885467529297,4,0.5,
fixed,0,1692,1.5300043821334839,0.029694780707359314,0.0002410343731753528,0.7085025906562805,1.5300043821334839,4,0.5,
fixed,0,1693,0.9511308073997498,1.6105080646866554e-07,0.0,0.817924439907074,0.9511308073997498,4,0.0,
fixed,0,1694,1.6239433288574219,8.132160189688875e-08,0.0032797791063785553,0.31021976470947266,1.6239433288574219,4,0.5,
fixed,0,1695,1.6277676820755005,0.05231088772416115,0.0,0.8473634719848633,1.6277676820755005,4,0.25,6.137063503265381
fixed,0,1696,1.9398839473724365,0.03170250356197357,5.263614730210975e-05,0.6844089031219482,1.9398839473724365,4,0.5,
fixed,0,1697,1.3532782793045044,1.139285501494669e-07,0.0005009996821172535,0.6923602819442749,1.3532782793045044,4,0.5,
fixed,0,1698,2.002354621887207,1.3019186440033081e-07,0.006033820100128651,0.4189457297325134,2.002354621887207,4,0.25,
fixed,0,1699,2.2879819869995117,0.040806420147418976,0.0,0.8815428614616394,2.2879819869995117,4,0.25,
fixed,0,1700,2.015040636062622,1.9851009724902724e-09,0.0010847371304407716,0.629494845867157,2.015040636062622,4,0.75,1.2693408727645874
fixed,0,1701,1.5397812128067017,3.2341613831476934e-08,0.001247311127372086,0.3202403783798218,1.5397812128067017,4,0.5,
fixed,0,1702,1.3576581478118896,1.3160561707081797e-07,0.0013450318947434425,0.6873846054077148,1.3576581478118896,4,0.5,
fixed,0,1703,1.8930200338363647,0.02651553601026535,0.0,0.9401078224182129,1.8930200338363647,4,0.25,
fixed,0,1704,1.518039345741272,0.0294065922498703,0.0014927221927791834,0.7199483513832092,1.518039345741272,4,0.75,
fixed,0,1705,2.2852518558502197,1.0203227418514871e-07,0.0009396849782206118,0.858722984790802,2.2852518558502197,4,0.25,1.0692769289016724
fixed,0,1706,2.6780877113342285,0.02998366579413414,0.0,0.9241427183151245,2.6780877113342285,4,0.25,
fixed,0,1707,1.7434629201889038,6.826037690643716e-08,0.014991911128163338,0.7407560348510742,1.7434629201889038,4,0.5,
fixed,0,1708,1.6538233757019043,9.111093390856695e-08,0.0017829485004767776,0.8741491436958313,1.6538233757019043,4,0.25,
fixed,0,1709,1.747222900390625,1.2433716278792417e-07,0.000797194370534271,0.8552980422973633,1.747222900390625,4,0.25,
fixed,0,1710,1.491645336151123,2.2324528003991873e-08,0.002186504192650318,0.7375082969665527,1.491645336151123,4,0.75,2.3698678016662598
fixed,0,1711,1.9254379272460938,2.7855844564328436e-06,0.0013714049709960818,0.8650197982788086,1.9254379272460938,4,0.25,
fixed,0,1712,1.8857769966125488,2.303362656164154e-08,0.020646583288908005,0.6936075091362,1.8857769966125488,4,0.75,
fixed,0,1713,2.174748659133911,3.0510104664926985e-08,0.010163340717554092,0.7084217071533203,2.174748659133911,4,0.75,
fixed,0,1714,1.497283935546875,5.14388958094969e-08,0.015367481857538223,0.7377761006355286,1.497283935546875,4,0.5,
fixed,0,1715,1.3187007904052734,3.148074156911207e-08,0.00042876804945990443,0.7710516452789307,1.3187007904052734,4,0.75,0.478524774312973
fixed,0,1716,1.9668608903884888,8.757966440953169e-08,7.641483534825966e-05,0.35226190090179443,1.9668608903884888,4,0.25,
fixed,0,1717,1.8018783330917358,9.43423117405473e-08,0.00010503199882805347,0.35360074043273926,1.8018783330917358,4,0.25,
fixed,0,1718,1.655590534210205,0.02853996679186821,0.0,0.37287235260009766,1.655590534210205,4,0.25,
fixed,0,1719,2.2441296577453613,2.2248809727898333e-07,0.005841837730258703,0.7028864622116089,2.2441296577453613,4,0.5,
fixed,0,1720,2.6179702281951904,0.057183925062417984,0.0,0.3537747859954834,2.6179702281951904,4,0.25,3.3347842693328857
fixed,0,1721,1.391303539276123,8.218982827656873e-08,0.0003603088844101876,0.6879115700721741,1.391303539276123,4,0.5,
fixed,0,1722,0.6248846650123596,4.730728164759057e-08,0.0001072404847946018,0.33689916133880615,0.6248846650123596,4,0.5,
fixed,0,1723,1.4740948677062988,2.867101329684374e-07,0.0003815639647655189,0.6927998065948486,1.4740948677062988,4,0.5,
fixed,0,1724,1.530007004737854,1.404576579489003e-07,0.0005790332797914743,0.8458325266838074,1.530007004737854,4,0.25,
fixed,0,1725,1.714551329612732,1.6716906259262032e-07,3.369613114045933e-05,0.8282210826873779,1.714551329612732,4,0.25,0.04375958442687988
fixed,0,1726,2.359598159790039,0.035068754106760025,0.00030320914811454713,0.7048126459121704,2.359598159790039,4,0.5,
fixed,0,1727,2.402071475982666,2.472519895491132e-07,0.0005294273141771555,0.6924488544464111,2.402071475982666,4,0.5,
fixed,0,1728,1.5113351345062256,5.697139116023209e-08,0.00045539485290646553,0.6904564499855042,1.5113351345062256,4,0.75,
fixed,0,1729,2.5582354068756104,0.03198695182800293,0.00010513728921068832,0.744860053062439,2.5582354068756104,4,0.75,
fixed,0,1730,0.9278920888900757,5.351154541699543e-08,0.0037578491028398275,0.7425988912582397,0.9278920888900757,4,0.75,3.4318294525146484
fixed,0,1731,1.2413197755813599,0.10968701541423798,0.005290980450809002,1.0151567459106445,1.2413197755813599,4,1.0,
fixed,0,1732,1.7358921766281128,1.963727100928736e-07,0.00041625069570727646,0.8459773063659668,1.7358921766281128,4,0.25,
fixed,0,1733,1.8678557872772217,2.1639664282702142e-08,0.0033942267764359713,0.7405433654785156,1.8678557872772217,4,0.75,
fixed,0,1734,1.062427043914795,3.052214836429812e-08,0.0008709576213732362,0.32457685470581055,1.062427043914795,4,0.5,
fixed,0,1735,1.778277039527893,0.018683481961488724,0.0005700382753275335,0.30444467067718506,1.778277039527893,4,0.5,8.921454429626465
fixed,0,1736,2.1411237716674805,5.1425161018414656e-08,0.0006763545679859817,0.8519300222396851,2.1411237716674805,4,0.25,
fixed,0,1737,1.5853281021118164,0.040806785225868225,0.016364457085728645,0.7552787065505981,1.5853281021118164,4,0.25,
fixed,0,1738,1.9258787631988525,1.2720883013628281e-08,0.008543726988136768,0.7143728137016296,1.9258787631988525,4,0.75,
fixed,0,1739,1.97218918800354,3.281738258920086e-08,0.010308900848031044,0.724839985370636,1.97218918800354,4,0.5,
fixed,0,1740,1.5974845886230469,0.0,0.009110488928854465,0.4932013750076294,1.5974845886230469,4,0.75,6.455135345458984
fixed,0,1741,1.3563568592071533,1.487570600033905e-08,0.013827541843056679,0.6979595422744751,1.3563568592071533,4,0.75,
fixed,0,1742,1.9156553745269775,0.03112986870110035,0.0005090558552183211,0.30624496936798096,1.9156553745269775,4,0.5,
fixed,0,1743,1.1659901142120361,3.367872380977133e-08,0.001666056690737605,0.6962676644325256,1.1659901142120361,4,0.5,
fixed,0,1744,2.324068307876587,0.01868347078561783,0.0003377226530574262,0.959043025970459,2.324068307876587,4,1.0,
fixed,0,1745,1.5222986936569214,0.0,0.012054278515279293,0.9332574605941772,1.5222986936569214,4,1.0,8.613824844360352
fixed,0,1746,0.9993757009506226,5.1876551054874653e-08,0.014285529963672161,0.7025651335716248,0.9993757009506226,4,0.75,
fixed,0,1747,2.716221809387207,1.164863974167929e-07,0.0047319806180894375,0.9117043018341064,2.716221809387207,4,0.25,
fixed,0,1748,2.2968149185180664,2.4517735397466822e-08,0.00047033600276336074,0.7824316620826721,2.2968149185180664,4,0.75,
fixed,0,1749,1.8073420524597168,3.378347201987708e-08,0.0004954912583343685,0.32776665687561035,1.8073420524597168,4,0.5,
fixed,0,1750,1.122843861579895,9.329940553470806e-08,0.00039735628524795175,0.6922852396965027,1.122843861579895,4,0.5,0.4656692147254944
fixed,0,1751,1.4406040906906128,5.592378116148211e-08,0.0001886101672425866,0.3336995840072632,1.4406040906906128,4,0.5,
fixed,0,1752,1.2360217571258545,7.475655934285896e-07,0.0005952123901806772,0.6934546232223511,1.2360217571258545,4,0.5,
fixed,0,1753,2.090787410736084,1.1322089932264134e-07,0.00040400950820185244,0.7857204079627991,2.090787410736084,4,0.75,
fixed,0,1754,2.1216044425964355,1.676402803241217e-07,0.00044532815809361637,0.6743879318237305,2.1216044425964355,4,0.5,
fixed,0,1755,1.8637515306472778,1.5645623818727472e-07,0.00020713619596790522,0.35671567916870117,1.8637515306472778,4,0.25,0.25119951367378235
fixed,0,1756,2.2922959327697754,1.2332996845998423e-07,3.570784247131087e-05,0.3503991365432739,2.2922959327697754,4,0.25,
fixed,0,1757,0.9403299689292908,2.6480931865080493e-06,0.0019936836324632168,0.6128064393997192,0.9403299689292908,4,0.75,
fixed,0,1758,1.1920673847198486,4.874187098380389e-08,0.00020589196356013417,0.7960032820701599,1.1920673847198486,4,0.75,
fixed,0,1759,1.089652419090271,8.286374963972776e-08,0.00035609074984677136,0.7920121550559998,1.089652419090271,4,0.75,
fixed,0,1760,1.6110864877700806,1.2049407871472795e-07,0.0001356330030830577,0.8028107285499573,1.6110864877700806,4,0.75,0.1668148934841156
fixed,0,1761,1.916844367980957,7.411341584884212e-07,0.0005082089337520301,0.8477944135665894,1.916844367980957,4,0.25,
fixed,0,1762,1.5696784257888794,3.865001190206385e-07,2.2219561287784018e-05,0.6907883882522583,1.5696784257888794,4,0.5,
fixed,0,1763,1.6392666101455688,1.4530323255712574e-07,2.558896449045278e-05,0.810412585735321,1.6392666101455688,4,0.75,
fixed,0,1764,1.916770577430725,1.2446922710296349e-06,2.584655248938361e-06,0.822401762008667,1.916770577430725,4,0.25,
fixed,0,1765,1.4798202514648438,9.077577800553627e-08,1.466280264139641e-05,0.34308433532714844,1.4798202514648438,4,0.5,0.019376477226614952
fixed,0,1766,1.9602491855621338,0.11966939270496368,0.00025448028463870287,0.792676568031311,1.9602491855621338,4,0.75,
fixed,0,1767,2.354008436203003,0.05904439464211464,1.2420715393091086e-05,0.6534228920936584,2.354008436203003,4,0.5,
fixed,0,1768,2.2279951572418213,1.383975586577435e-06,0.0,1.3711552619934082,2.2279951572418213,4,0.0,
fixed,0,1769,2.0648880004882812,5.995855190121802e-07,0.0004737082635983825,0.6926035284996033,2.0648880004882812,4,0.5,
fixed,0,1770,2.2287609577178955,1.0356317261539516e-06,7.347790233325213e-05,0.8063274025917053,2.2287609577178955,4,0.75,0.09365659952163696
fixed,0,1771,1.552301287651062,8.371418402930431e-07,1.0606149771774653e-05,0.8221703171730042,1.552301287651062,4,0.25,
fixed,0,1772,1.9703493118286133,3.597177737901802e-07,0.00015124271158128977,0.6919696927070618,1.9703493118286133,4,0.5,
fixed,0,1773,2.417191982269287,6.815030246798415e-07,0.00018539924349170178,0.5797395706176758,2.417191982269287,4,0.5,
fixed,0,1774,1.8596456050872803,0.044491078704595566,0.001629384234547615,0.7443882822990417,1.8596456050872803,4,0.75,
fixed,0,1775,2.303854465484619,1.457469522847532e-07,4.603251727530733e-05,0.6868714094161987,2.303854465484619,4,0.5,0.06097361072897911
fixed,0,1776,1.4538755416870117,8.5752583345311e-07,1.2965159839950502e-05,0.8235449194908142,1.4538755416870117,4,0.25,
fixed,0,1777,2.1523709297180176,0.03723067790269852,3.583868237910792e-05,0.6989604234695435,2.1523709297180176,4,0.5,
fixed,0,1778,2.6138250827789307,1.812978666748677e-06,0.0001980231172638014,0.7871596813201904,2.6138250827789307,4,0.75,
fixed,0,1779,1.3442094326019287,8.536133577763394e-07,0.00023328728275373578,0.33414268493652344,1.3442094326019287,4,0.5,
fixed,0,1780,1.1195961236953735,7.351621889029047e-08,0.0008582331938669086,0.694339394569397,1.1195961236953735,4,0.5,0.986518144607544
fixed,0,1781,2.0671565532684326,0.056985970586538315,0.009311150759458542,0.7264710068702698,2.0671565532684326,4,0.75,
fixed,0,1782,0.8783246874809265,1.8508949040096923e-08,0.0026141430716961622,0.7475541830062866,0.8783246874809265,4,0.75,
fixed,0,1783,2.3942973613739014,3.0849178074277006e-06,0.0001266185863642022,0.3539602756500244,2.3942973613739014,4,0.25,
fixed,0,1784,1.4040606021881104,6.313719325135025e-08,0.00022185900888871402,0.35720205307006836,1.4040606021881104,4,0.25,
fixed,0,1785,2.1879937648773193,9.150362245691213e-08,0.014051780104637146,0.7487954497337341,2.1879937648773193,4,0.5,10.588272094726562
fixed,0,1786,0.7968096137046814,9.88246355859701e-08,0.000739143812097609,0.6948847770690918,0.7968096137046814,4,0.5,
fixed,0,1787,2.1792497634887695,8.144918695052183e-08,0.0004638279206119478,0.693074107170105,2.1792497634887695,4,0.5,
fixed,0,1788,1.6089390516281128,1.4292564287643472e-07,5.1369901484576985e-05,0.8298512697219849,1.6089390516281128,4,0.25,
fixed,0,1789,1.0981086492538452,1.2114500691495778e-07,0.00030216158484108746,0.6925746202468872,1.0981086492538452,4,0.5,
fixed,0,1790,1.1839159727096558,0.03178246691823006,0.0,0.43511831760406494,1.1839159727096558,4,0.25,10.64444637298584
fixed,0,1791,2.661465644836426,1.1599316707133767e-07,0.00026977030211128294,0.8413633704185486,2.661465644836426,4,0.25,
fixed,0,1792,2.324859380722046,0.045776113867759705,0.007180390879511833,0.7080820798873901,2.324859380722046,4,0.75,
fixed,0,1793,1.9036675691604614,4.835222000565409e-08,0.00039405771531164646,0.3300631046295166,1.9036675691604614,4,0.5,
fixed,0,1794,1.5942591428756714,0.02825031615793705,0.010859864763915539,0.364330530166626,1.5942591428756714,4,0.75,
fixed,0,1795,2.228743553161621,6.368436800130439e-08,0.005176835227757692,0.4123941659927368,2.228743553161621,4,0.25,4.261281490325928
fixed,0,1796,2.66331148147583,7.146012137582147e-08,0.0002791011647786945,0.6916244029998779,2.66331148147583,4,0.5,
fixed,0,1797,2.1687533855438232,0.056658584624528885,0.008567082695662975,0.711856484413147,2.1687533855438232,4,0.5,
fixed,0,1798,2.4432432651519775,9.75327907326573e-08,0.0,1.3810983896255493,2.4432432651519775,4,0.0,
fixed,0,1799,1.3603402376174927,2.4517735397466822e-08,0.00047047898988239467,0.7825760841369629,1.3603402376174927,4,0.75,
fixed,0,1800,2.3472859859466553,0.017637481912970543,0.0008662829059176147,0.7349115610122681,2.3472859859466553,4,0.5,8.245912551879883
fixed,0,1801,2.3504836559295654,0.0570993572473526,0.0009880694560706615,0.7242899537086487,2.3504836559295654,4,0.75,
fixed,0,1802,1.3037199974060059,0.0,0.024236558005213737,0.8236187696456909,1.3037199974060059,4,1.0,
fixed,0,1803,2.0757691860198975,1.0082532497790453e-07,0.0012023247545585036,0.8627828359603882,2.0757691860198975,4,0.25,
fixed,0,1804,2.2717342376708984,0.055596306920051575,0.0035616769455373287,0.729832112789154,2.2717342376708984,4,0.75,
fixed,0,1805,2.41131329536438,3.493319411518314e-08,0.0010698146652430296,0.6939571499824524,2.41131329536438,4,0.5,1.201263189315796
fixed,0,1806,0.9289283156394958,0.04935391619801521,0.0006361948326230049,0.7364122271537781,0.9289283156394958,4,0.75,
fixed,0,1807,1.671885371208191,6.217064907332315e-08,0.011952736414968967,0.7280872464179993,1.671885371208191,4,0.5,
fixed,0,1808,1.4254575967788696,0.021396728232502937,0.0024716013576835394,0.421944260597229,1.4254575967788696,4,0.75,
fixed,0,1809,1.9282360076904297,5.239837719273055e-08,0.0,0.687910258769989,1.9282360076904297,4,0.0,
fixed,0,1810,1.7112667560577393,4.432106948115688e-08,0.004328458104282618,0.7041089534759521,1.7112667560577393,4,0.5,4.332834243774414
fixed,0,1811,2.1105949878692627,5.461281205043633e-08,0.003566260449588299,0.30947399139404297,2.1105949878692627,4,0.5,
fixed,0,1812,1.4956717491149902,1.3352827465951123e-07,0.0232885479927063,0.7811028361320496,1.4956717491149902,4,0.25,
fixed,0,1813,1.9179767370224,1.0840728918992681e-06,0.0016304152086377144,0.6979389190673828,1.9179767370224,4,0.5,
fixed,0,1814,1.9048435688018799,0.04224681481719017,0.0002638877194840461,0.6299545168876648,1.9048435688018799,4,0.5,
fixed,0,1815,1.992526888847351,0.02307833731174469,0.00657109497115016,0.7576133608818054,1.992526888847351,4,0.5,5.187038898468018
fixed,0,1816,2.2691030502319336,9.03342538549623e-08,0.00093771459069103,0.6881741881370544,2.2691030502319336,4,0.5,
fixed,0,1817,1.2272696495056152,8.570645348981998e-08,0.0027049374766647816,0.7012508511543274,1.2272696495056152,4,0.5,
fixed,0,1818,1.4306161403656006,2.3762998679899283e-08,0.011397670954465866,0.7027009129524231,1.4306161403656006,4,0.75,
fixed,0,1819,1.5740092992782593,1.0602485644994886e-07,0.0013192599872127175,0.6910064220428467,1.5740092992782593,4,0.5,
fixed,0,1820,1.2299189567565918,1.0786581583488442e-07,0.004665316082537174,0.7109040021896362,1.2299189567565918,4,0.5,4.860687255859375
fixed,0,1821,1.659214735031128,0.05031808093190193,0.0002551796496845782,0.679784893989563,1.659214735031128,4,0.5,
fixed,0,1822,2.056798219680786,4.040769852053927e-08,0.007485475856810808,0.38681524991989136,2.056798219680786,4,0.5,
fixed,0,1823,3.7123351097106934,0.027093594893813133,0.0005724487127736211,0.7141701579093933,3.7123351097106934,4,0.5,
fixed,0,1824,3.043402910232544,0.04717044532299042,0.0017400807701051235,0.7434136867523193,3.043402910232544,4,0.75,
fixed,0,1825,2.0929856300354004,2.957516009871597e-08,0.0032517188228666782,0.7382328510284424,2.0929856300354004,4,0.75,3.604116201400757
fixed,0,1826,1.6603403091430664,5.383322587704242e-08,0.003411266952753067,0.7056914567947388,1.6603403091430664,4,0.5,
fixed,0,1827,2.4784960746765137,1.3327861836387456e-07,0.0,0.81704181432724,2.4784960746765137,4,0.0,
fixed,0,1828,2.120155096054077,0.044493045657873154,0.00022697979875374585,0.6964699625968933,2.120155096054077,4,0.5,
fixed,0,1829,2.3710830211639404,9.115246513147213e-08,0.0016491322312504053,0.8718649744987488,2.3710830211639404,4,0.25,
fixed,0,1830,2.8187177181243896,0.023078380152583122,0.0015613597352057695,0.7105353474617004,2.8187177181243896,4,0.75,9.148470878601074
fixed,0,1831,1.5292296409606934,0.03905736282467842,0.0022432375699281693,0.7268292903900146,1.5292296409606934,4,0.75,
fixed,0,1832,1.4256569147109985,0.008235091343522072,0.0,0.5447774529457092,1.4256569147109985,4,0.0,
fixed,0,1833,1.4731979370117188,5.2598316813146084e-08,0.001523525919765234,0.8702722787857056,1.4731979370117188,4,0.25,
fixed,0,1834,2.079005002975464,0.01712348312139511,0.007830822840332985,0.6926343441009521,2.079005002975464,4,0.75,
fixed,0,1835,2.1443305015563965,0.04006492346525192,0.02847369760274887,0.6946410536766052,2.1443305015563965,4,0.5,7.094956874847412
fixed,0,1836,1.632115125656128,1.0227872735413257e-06,0.0076393866911530495,0.720014214515686,1.632115125656128,4,0.5,
fixed,0,1837,2.110445261001587,1.8910540120486985e-06,0.0048819296061992645,0.3080132007598877,2.110445261001587,4,0.5,
fixed,0,1838,2.6981911659240723,0.011771760880947113,0.003973576705902815,0.6924623250961304,2.6981911659240723,4,0.5,
fixed,0,1839,1.6236262321472168,7.252248579447951e-09,0.005392069928348064,0.7255292534828186,1.6236262321472168,4,0.75,
fixed,0,1840,1.6164826154708862,0.002938274759799242,0.0,0.38406872749328613,1.6164826154708862,4,0.25,2.1816518306732178
fixed,0,1841,2.4475536346435547,7.335834339983194e-08,0.0,1.3817675113677979,2.4475536346435547,4,0.0,
fixed,0,1842,1.2668317556381226,3.129498963971855e-06,0.014908858574926853,0.30701518058776855,1.2668317556381226,4,0.5,
fixed,0,1843,1.7026668787002563,5.386124612982712e-08,0.0011060722172260284,0.8624338507652283,1.7026668787002563,4,0.25,
fixed,0,1844,2.189920425415039,4.422632571277063e-08,0.008726907894015312,0.7189463973045349,2.189920425415039,4,0.5,
fixed,0,1845,2.4490654468536377,5.389443558101448e-08,0.0024258478078991175,0.8824220895767212,2.4490654468536377,4,0.25,2.129403591156006
fixed,0,1846,2.2696237564086914,9.186899774249468e-08,0.0011060722172260284,0.8622788190841675,2.2696237564086914,4,0.25,
fixed,0,1847,1.3398411273956299,1.2151002692917245e-07,0.009804407134652138,0.9605152606964111,1.3398411273956299,4,0.25,
fixed,0,1848,1.741748332977295,0.0,0.003338723909109831,1.0298902988433838,1.741748332977295,4,1.0,
fixed,0,1849,1.9635599851608276,1.1356337381585035e-07,0.0006556370644830167,0.852261483669281,1.9635599851608276,4,0.25,
fixed,0,1850,1.0039845705032349,8.746409463356031e-08,0.0010769030777737498,0.8615216612815857,1.0039845705032349,4,0.25,1.1744942665100098
fixed,0,1851,1.8900622129440308,2.957516009871597e-08,0.001814065733924508,0.7539644241333008,1.8900622129440308,4,0.75,
fixed,0,1852,2.5125370025634766,1.0870589903788641e-06,0.00041686504846438766,0.84469074010849,2.5125370025634766,4,0.25,
fixed,0,1853,1.4498291015625,8.4958955426373e-08,0.00018367363372817636,0.6916319131851196,1.4498291015625,4,0.5,
fixed,0,1854,2.465952157974243,2.547846236211626e-07,0.00020506333385128528,0.7956852316856384,2.465952157974243,4,0.75,
fixed,0,1855,1.246178388595581,0.0,0.009146640077233315,0.9767000675201416,1.246178388595581,4,1.0,6.88994836807251
fixed,0,1856,0.9241439700126648,1.618724638774438e-07,0.00026819136110134423,0.6925824284553528,0.9241439700126648,4,0.5,
fixed,0,1857,1.2156623601913452,2.280632145357231e-07,6.48398490739055e-05,0.831352174282074,1.2156623601913452,4,0.25,
fixed,0,1858,1.7586092948913574,0.0596817247569561,8.309642726089805e-05,1.2775222063064575,1.7586092948913574,4,1.0,
fixed,0,1859,1.8871636390686035,1.0634897762429318e-07,0.0004719450662378222,0.7888062000274658,1.8871636390686035,4,0.75,
fixed,0,1860,1.8562614917755127,0.08867361396551132,0.00269231665879488,0.9771896004676819,1.8562614917755127,4,1.0,9.462389945983887
fixed,0,1861,0.5699090361595154,1.1489974838241324e-07,2.574542122601997e-05,0.34972238540649414,0.5699090361595154,4,0.25,
fixed,0,1862,2.2611114978790283,1.917854604016611e-07,0.00016940424393396825,0.8364608287811279,2.2611114978790283,4,0.25,
fixed,0,1863,1.48531174659729,2.057701635749254e-07,1.7978158211917616e-05,0.8261012434959412,1.48531174659729,4,0.25,
fixed,0,1864,2.479497194290161,6.660178542006179e-08,0.0014391409931704402,0.7639807462692261,2.479497194290161,4,0.75,
fixed,0,1865,1.8205573558807373,0.045767612755298615,0.00013492759899236262,0.7699171304702759,1.8205573558807373,4,0.75,7.390817642211914
fixed,0,1866,1.9358830451965332,1.9631013969956257e-07,1.2906207302876282e-05,0.8050800561904907,1.9358830451965332,4,0.25,
fixed,0,1867,1.524404525756836,7.089116849101629e-08,0.0002153093519154936,0.7939348816871643,1.524404525756836,4,0.75,
fixed,0,1868,2.49898362159729,2.930817686319642e-07,0.00011319174518575892,0.3535451889038086,2.49898362159729,4,0.25,
fixed,0,1869,2.4505832195281982,2.1279316797517822e-07,0.00010802794713526964,0.35334861278533936,2.4505832195281982,4,0.25,
fixed,0,1870,2.506044626235962,0.03904813155531883,0.0006536823348142207,0.7447630763053894,2.506044626235962,4,0.75,8.257428169250488
fixed,0,1871,3.099950075149536,0.026513583958148956,3.1609557481715456e-05,0.7046770453453064,3.099950075149536,4,0.5,
fixed,0,1872,2.4120497703552246,6.257292284317373e-08,0.00480423029512167,0.742145836353302,2.4120497703552246,4,0.75,
fixed,0,1873,1.9794365167617798,4.5787729163748736e-08,0.0026102932170033455,0.7564843893051147,1.9794365167617798,4,0.75,
fixed,0,1874,1.7350388765335083,0.023077726364135742,0.0,0.9566365480422974,1.7350388765335083,4,0.25,
fixed,0,1875,3.4913978576660156,1.013641153235767e-07,0.00029320293106138706,0.6857779026031494,3.4913978576660156,4,0.5,0.3176696002483368
fixed,0,1876,1.8875967264175415,0.0,0.0002707528183236718,1.231730580329895,1.8875967264175415,4,1.0,
fixed,0,1877,2.9582505226135254,8.90447893198143e-07,5.5380663980031386e-05,0.3514336347579956,2.9582505226135254,4,0.25,
fixed,0,1878,1.775946855545044,2.777871976888946e-08,0.0010426267981529236,0.7652726173400879,1.775946855545044,4,0.75,
fixed,0,1879,1.693199872970581,0.05453302338719368,0.00020931396284140646,0.6910600662231445,1.693199872970581,4,0.5,
fixed,0,1880,1.3238565921783447,2.4302432066747315e-08,0.0005953743821009994,0.32594072818756104,1.3238565921783447,4,0.5,0.6734252572059631
fixed,0,1881,1.6123549938201904,0.0,0.0007387789082713425,1.1580126285552979,1.6123549938201904,4,1.0,
fixed,0,1882,3.051697015762329,8.145535446146823e-08,0.0,0.8187986612319946,3.051697015762329,4,0.0,
fixed,0,1883,0.7143344283103943,3.050489638667386e-08,0.019735092297196388,0.6919489502906799,0.7143344283103943,4,0.5,
fixed,0,1884,1.2699201107025146,0.0767333135008812,7.859084871597588e-05,0.723390519618988,1.2699201107025146,4,0.75,
fixed,0,1885,2.211696147918701,0.0,0.007174459286034107,0.9800164103507996,2.211696147918701,4,1.0,5.803009033203125
fixed,0,1886,3.1557915210723877,7.1536057077992155e-09,0.0026496541686356068,0.5622418522834778,3.1557915210723877,4,0.75,
fixed,0,1887,1.8978415727615356,1.6338505659518887e-08,0.000488999648950994,0.7791180610656738,1.8978415727615356,4,0.75,
fixed,0,1888,2.018524408340454,1.1956268863855257e-08,0.00031724796281196177,0.771892786026001,2.018524408340454,4,0.75,
fixed,0,1889,1.614891529083252,2.303362656164154e-08,0.0025118954945355654,0.7450785636901855,1.614891529083252,4,0.75,
fixed,0,1890,1.2437976598739624,1.0115331861015875e-07,0.0006270830053836107,0.6888564229011536,1.2437976598739624,4,0.5,0.6808099150657654
fixed,0,1891,2.0535359382629395,2.096547291330353e-08,0.0008463937556371093,0.7529961466789246,2.0535359382629395,4,0.75,
fixed,0,1892,1.8170095682144165,1.1119116294366904e-07,0.00011013704352080822,0.8323100209236145,1.8170095682144165,4,0.25,
fixed,0,1893,2.0021398067474365,0.03141225874423981,0.0025635547935962677,0.7091119885444641,2.0021398067474365,4,0.75,
fixed,0,1894,1.001792550086975,7.052315709188406e-08,0.0008466400904580951,0.8547049760818481,1.001792550086975,4,0.25,
fixed,0,1895,1.8787856101989746,5.2881048873132386e-08,0.0,0.8198434114456177,1.8787856101989746,4,0.0,0.0
fixed,0,1896,1.931133508682251,7.397634504968664e-09,0.0014362679794430733,0.6120245456695557,1.931133508682251,4,0.75,
fixed,0,1897,1.652333378791809,6.753401748937904e-08,0.001008159713819623,0.6900922656059265,1.652333378791809,4,0.5,
fixed,0,1898,2.516726493835449,3.797816816586419e-08,0.0014534201472997665,0.690950334072113,2.516726493835449,4,0.5,
fixed,0,1899,2.5327959060668945,0.05269575119018555,5.100656926515512e-05,0.6901553273200989,2.5327959060668945,4,0.5,
fixed,0,1900,2.0490264892578125,2.375264074316874e-08,0.0001880316121969372,0.33408379554748535,2.0490264892578125,4,0.5,0.22516261041164398
fixed,0,1901,2.362558364868164,0.022795595228672028,0.00038867813418619335,0.7157902717590332,2.362558364868164,4,0.5,
fixed,0,1902,0.9407586455345154,7.030626747450697e-09,0.0008768460829742253,0.7642261385917664,0.9407586455345154,4,0.75,
fixed,0,1903,1.867326259613037,1.7945668062679943e-08,0.0014111106283962727,0.7607219219207764,1.867326259613037,4,0.75,
fixed,0,1904,1.9632771015167236,1.5729920477269843e-08,0.006128648761659861,0.7034749984741211,1.9632771015167236,4,0.5,
fixed,0,1905,1.5690525770187378,1.794167658886181e-08,0.0013293694937601686,0.7588599324226379,1.5690525770187378,4,0.75,1.3436002731323242
fixed,0,1906,1.9116718769073486,0.04844614118337631,0.02308795601129532,0.6860930919647217,1.9116718769073486,4,0.5,
fixed,0,1907,1.6458377838134766,0.017908170819282532,0.039798881858587265,0.9019080996513367,1.6458377838134766,4,0.25,
fixed,0,1908,1.3811581134796143,3.521161673347706e-08,0.00020717480219900608,0.8314396142959595,1.3811581134796143,4,0.25,
fixed,0,1909,2.8025567531585693,1.2333958743226958e-08,0.06471049040555954,0.7217265963554382,2.8025567531585693,4,0.25,
fixed,0,1910,2.554238796234131,4.810615550354669e-08,0.0049615600146353245,0.7003623247146606,2.554238796234131,4,0.5,3.9146652221679688
fixed,0,1911,1.6144603490829468,0.05529069900512695,0.0012079178122803569,0.6927154660224915,1.6144603490829468,4,0.5,
fixed,0,1912,1.1863926649093628,0.053567998111248016,0.007145048584789038,0.43860840797424316,1.1863926649093628,4,0.5,
fixed,0,1913,1.7555034160614014,1.2722325948288926e-07,0.003910144791007042,0.6998913884162903,1.7555034160614014,4,0.5,
fixed,0,1914,1.6774630546569824,1.204733734994079e-07,0.00580947520211339,0.7296907305717468,1.6774630546569824,4,0.75,
fixed,0,1915,1.4964288473129272,0.035610489547252655,0.0021436233073472977,0.711487889289856,1.4964288473129272,4,0.5,7.922184467315674
fixed,0,1916,2.071385145187378,1.4981299045757623e-07,0.002678831107914448,0.3901694416999817,2.071385145187378,4,0.25,
fixed,0,1917,1.637062907218933,1.2432062135303568e-07,0.00098385289311409,0.7677505016326904,1.637062907218933,4,0.75,
fixed,0,1918,1.7876490354537964,2.815903030750633e-07,0.0007128202123567462,0.6923044323921204,1.7876490354537964,4,0.5,
fixed,0,1919,0.905182421207428,3.230278480259585e-07,0.0002728629333432764,0.8388971090316772,0.905182421207428,4,0.25,
fixed,0,1920,2.5845401287078857,9.363081971969223e-07,0.0001342211471637711,0.8332850933074951,2.5845401287078857,4,0.25,0.16013269126415253
fixed,0,1921,1.077808141708374,8.904119113140041e-07,9.444359602639452e-05,0.35297679901123047,1.077808141708374,4,0.25,
fixed,0,1922,1.4750871658325195,0.059516165405511856,0.0,0.8194184303283691,1.4750871658325195,4,0.25,
fixed,0,1923,1.9284131526947021,0.03028695471584797,0.00041238393168896437,0.7278373837471008,1.9284131526947021,4,0.75,
fixed,0,1924,1.5122052431106567,0.026803266257047653,0.0007605178980156779,0.7193085551261902,1.5122052431106567,4,0.75,
fixed,0,1925,2.1896414756774902,4.986497970094206e-06,0.0012197649339213967,0.6924293637275696,2.1896414756774902,4,0.5,1.1985431909561157
fixed,0,1926,1.6018785238265991,2.2487945727789338e-07,0.0061381785199046135,0.7326141595840454,1.6018785238265991,4,0.75,
fixed,0,1927,1.2316545248031616,3.148564644561702e-07,0.0007849343819543719,0.6924190521240234,1.2316545248031616,4,0.5,
fixed,0,1928,2.305680751800537,3.611918373280787e-07,0.0008058534003794193,0.6902647018432617,2.305680751800537,4,0.5,
fixed,0,1929,1.9768260717391968,4.6968932565505384e-07,0.0009348386665806174,0.6926078200340271,1.9768260717391968,4,0.5,
fixed,0,1930,1.565882682800293,0.0,0.01080360822379589,0.8895750641822815,1.565882682800293,4,1.0,8.063141822814941
fixed,0,1931,2.208191394805908,2.5407263137822156e-07,0.00023877149214968085,0.6898404955863953,2.208191394805908,4,0.5,
fixed,0,1932,2.2211945056915283,1.3934964044892695e-06,0.0,1.3699769973754883,2.2211945056915283,4,0.0,
fixed,0,1933,2.5504019260406494,6.291248837442254e-07,0.0013942276127636433,0.7607285976409912,2.5504019260406494,4,0.75,
fixed,0,1934,1.607431173324585,8.361316190530488e-07,0.011116152629256248,0.7358708381652832,1.607431173324585,4,0.5,
fixed,0,1935,2.583320140838623,3.4469528600311605e-06,0.0,1.3637173175811768,2.583320140838623,4,0.0,0.004472947213798761
fixed,0,1936,1.7594918012619019,1.063936906575691e-06,0.0002787506382446736,0.35777604579925537,1.7594918012619019,4,0.25,
fixed,0,1937,0.8824326992034912,5.891326509299688e-06,0.0007378809386864305,0.7764515280723572,0.8824326992034912,4,0.75,
fixed,0,1938,2.58526873588562,0.05658894032239914,0.0005358412163332105,0.7748829126358032,2.58526873588562,4,0.75,
fixed,0,1939,0.7591129541397095,8.911881650419673e-07,0.00023164899903349578,0.3334362506866455,0.7591129541397095,4,0.5,
fixed,0,1940,2.077528476715088,1.7354752344544977e-05,0.0001602344127604738,0.3388936519622803,2.077528476715088,4,0.5,0.18224456906318665
fixed,0,1941,1.9592270851135254,2.3576265448355116e-05,1.8861675926018506e-05,0.34881770610809326,1.9592270851135254,4,0.25,
fixed,0,1942,1.4099799394607544,1.0036433195637073e-06,0.003226928412914276,0.7507808804512024,1.4099799394607544,4,0.75,
fixed,0,1943,2.0857815742492676,4.7139610614976846e-06,0.002304885070770979,0.8770081996917725,2.0857815742492676,4,0.25,
fixed,0,1944,2.189570188522339,3.6143983379588462e-06,3.0629700631834567e-05,0.8236997127532959,2.189570188522339,4,0.25,
fixed,0,1945,1.5292868614196777,1.0040874940386857e-06,0.00022182804241310805,0.3348199129104614,1.5292868614196777,4,0.5,0.2564631402492523
fixed,0,1946,1.9531919956207275,0.00010211950575467199,0.00016374356346204877,0.6881073713302612,1.9531919956207275,4,0.5,
fixed,0,1947,1.5062429904937744,0.0,0.00042363343527540565,1.2230947017669678,1.5062429904937744,4,1.0,
fixed,0,1948,1.6466807126998901,0.00033461989369243383,4.5650256652152166e-05,0.6904213428497314,1.6466807126998901,4,0.5,
fixed,0,1949,1.8193352222442627,7.72290222812444e-05,0.0019094191957265139,0.7645115256309509,1.8193352222442627,4,0.75,
fixed,0,1950,2.385307788848877,0.00012480279838200659,0.0001956004707608372,0.3452720642089844,2.385307788848877,4,0.25,0.159662663936615
fixed,0,1951,1.4135663509368896,0.0007524676620960236,2.8136910259490833e-05,0.6895970106124878,1.4135663509368896,4,0.5,
fixed,0,1952,1.8509176969528198,0.058356110006570816,0.0008427149732597172,0.7777947783470154,1.8509176969528198,4,0.75,
fixed,0,1953,2.035012722015381,0.03426959738135338,0.0001263601880054921,0.7520945072174072,2.035012722015381,4,0.75,
fixed,0,1954,2.0536446571350098,0.00023545861768070608,4.5396725909085944e-05,0.3372453451156616,2.0536446571350098,4,0.25,
fixed,0,1955,1.4868452548980713,0.0017420313088223338,0.0006594582227990031,0.6888554692268372,1.4868452548980713,4,0.5,0.9421201944351196
fixed,0,1956,1.330201268196106,0.051019057631492615,6.733593909302726e-05,0.7891966104507446,1.330201268196106,4,0.75,
fixed,0,1957,1.391936182975769,0.00016833347035571933,9.393615982844494e-06,0.33852267265319824,1.391936182975769,4,0.25,
fixed,0,1958,2.6196227073669434,0.0007636198424734175,0.0016819639131426811,0.352533221244812,2.6196227073669434,4,0.5,
fixed,0,1959,1.3920376300811768,0.0017690957756713033,0.00037747729220427573,0.6883807182312012,1.3920376300811768,4,0.5,
fixed,0,1960,1.5369335412979126,2.300574124092236e-05,0.0003602780925575644,0.6916388273239136,1.5369335412979126,4,0.5,0.3813476264476776
fixed,0,1961,1.237107515335083,0.0006204928504303098,0.0,1.2446895837783813,1.237107515335083,4,0.0,
fixed,0,1962,1.6295567750930786,7.297759111679625e-06,0.0004952510353177786,0.6875792145729065,1.6295567750930786,4,0.5,
fixed,0,1963,1.1107468605041504,0.002444717800244689,0.0,0.5899361968040466,1.1107468605041504,4,0.0,
fixed,0,1964,2.425381660461426,0.05733638256788254,0.0,0.3515141010284424,2.425381660461426,4,0.25,
fixed,0,1965,1.1321165561676025,3.0730698199477047e-06,0.0011376469628885388,0.7468123435974121,1.1321165561676025,4,0.75,1.162864327430725
fixed,0,1966,1.9782136678695679,0.05230290815234184,0.004088692832738161,0.7361600995063782,1.9782136678695679,4,0.75,
fixed,0,1967,1.6473205089569092,1.4147096862870967e-06,0.00042790090083144605,0.6896994709968567,1.6473205089569092,4,0.5,
fixed,0,1968,1.5718715190887451,0.0025471847038716078,0.0013750861398875713,0.6889485120773315,1.5718715190887451,4,0.5,
fixed,0,1969,1.7628296613693237,0.02251521684229374,0.0003318731323815882,0.7185506224632263,1.7628296613693237,4,0.5,
fixed,0,1970,2.8363118171691895,0.051782310009002686,0.0,0.8393222093582153,2.8363118171691895,4,0.25,6.1214213371276855
fixed,0,1971,0.7933385372161865,0.02003152295947075,0.004913371056318283,0.6922653317451477,0.7933385372161865,4,0.75,
fixed,0,1972,2.042581558227539,0.043159082531929016,0.0,0.8728393316268921,2.042581558227539,4,0.25,
fixed,0,1973,1.7979154586791992,4.4407070021179607e-08,0.015936074778437614,0.30564892292022705,1.7979154586791992,4,0.5,
fixed,0,1974,2.2682902812957764,0.009994587861001492,0.0,1.0570068359375,2.2682902812957764,4,0.0,
fixed,0,1975,1.866626262664795,5.9027623677820884e-08,0.0,0.8193971514701843,1.866626262664795,4,0.0,0.0
fixed,0,1976,1.828555703163147,3.2910708114286535e-07,0.01275661587715149,0.7388071417808533,1.828555703163147,4,0.5,
fixed,0,1977,0.7625213861465454,0.00791363138705492,0.019502466544508934,0.7087060213088989,0.7625213861465454,4,0.75,
fixed,0,1978,1.4552456140518188,0.036423422396183014,0.0,0.897223174571991,1.4552456140518188,4,0.25,
fixed,0,1979,1.5965076684951782,0.028515612706542015,0.013548160903155804,0.6846415400505066,1.5965076684951782,4,0.75,
fixed,0,1980,2.1266238689422607,2.2464593740778582e-08,0.0,1.3836002349853516,2.1266238689422607,4,0.0,0.0
fixed,0,1981,1.8994148969650269,0.0018779628444463015,0.02178861014544964,0.7429063320159912,1.8994148969650269,4,0.5,
fixed,0,1982,1.0360828638076782,5.30304022916539e-09,0.06413570046424866,0.7151535153388977,1.0360828638076782,4,0.5,
fixed,0,1983,2.4391653537750244,2.5427342453809842e-09,0.07079136371612549,0.3093975782394409,2.4391653537750244,4,0.25,
fixed,0,1984,1.6719766855239868,5.494063159972029e-08,0.0027557003777474165,0.39107412099838257,1.6719766855239868,4,0.25,
fixed,0,1985,1.2635397911071777,5.876362152434922e-08,0.030791006982326508,0.647998034954071,1.2635397911071777,4,0.5,13.998641014099121
fixed,0,1986,1.5396857261657715,3.857295450870879e-05,0.0,0.78501296043396,1.5396857261657715,4,0.0,
fixed,0,1987,2.564990997314453,5.239460278971819e-07,0.0021935543045401573,0.8782042264938354,2.564990997314453,4,0.25,
fixed,0,1988,2.470728635787964,6.879594138808898e-08,0.0007750019431114197,0.8551928400993347,2.470728635787964,4,0.25,
fixed,0,1989,1.3163846731185913,0.0,0.003714394522830844,0.5365518927574158,1.3163846731185913,4,0.75,
fixed,0,1990,1.4157965183258057,0.0,0.005870923865586519,0.9584842324256897,1.4157965183258057,4,1.0,5.763391017913818
fixed,0,1991,1.6256394386291504,0.051709339022636414,0.0003462886961642653,0.770020604133606,1.6256394386291504,4,0.75,
fixed,0,1992,1.9734034538269043,0.0,0.0020077668596059084,1.0853188037872314,1.9734034538269043,4,1.0,
fixed,0,1993,1.5277647972106934,0.0,0.006020019296556711,0.9990500211715698,1.5277647972106934,4,1.0,
fixed,0,1994,1.953129529953003,5.24323113495484e-05,0.0018309148726984859,0.8645486831665039,1.953129529953003,4,0.25,
fixed,0,1995,2.2942309379577637,1.353768880107964e-06,0.0006231554434634745,0.8481836318969727,2.2942309379577637,4,0.25,0.6628127098083496
fixed,0,1996,1.6392124891281128,6.395450782292755e-07,0.0003954678832087666,0.8431761264801025,1.6392124891281128,4,0.25,
fixed,0,1997,2.100234031677246,7.426319825754035e-07,9.998134191846475e-05,0.8314625024795532,2.100234031677246,4,0.25,
fixed,0,1998,2.6272776126861572,2.193567297581467e-06,7.465442467946559e-05,0.6768645644187927,2.6272776126861572,4,0.5,
fixed,0,1999,1.5288816690444946,0.0,0.0005589067004621029,1.2002501487731934,1.5288816690444946,4,1.0,
fixed,0,2000,1.338411808013916,4.093694485618471e-07,2.8320930141489953e-05,0.34962403774261475,1.338411808013916,4,0.25,0.03436116874217987
fixed,0,2001,1.6783640384674072,3.3065218758565607e-06,1.3126408703101333e-05,0.3475327491760254,1.6783640384674072,4,0.25,
fixed,1,2002,1.6678955554962158,1.1282832019787747e-06,0.0,1.3712161779403687,1.6678955554962158,4,0.0,
fixed,1,2003,0.7877238392829895,6.39735617369297e-07,7.640281182830222e-06,0.8233335614204407,0.7877238392829895,4,0.25,
fixed,1,2004,1.7054859399795532,9.05052843336307e-07,8.73971566761611e-06,0.8228501677513123,1.7054859399795532,4,0.25,
fixed,1,2005,0.24580612778663635,0.0,5.102858995087445e-05,1.3040649890899658,0.24580612778663635,4,1.0,0.06017623469233513
fixed,1,2006,0.5385051369667053,5.55717305505965e-10,4.007482493761927e-05,0.6488582491874695,0.5385051369667053,4,0.5,
fixed,1,2007,0.8702079653739929,0.11223544925451279,2.6567813620204106e-05,1.2353533506393433,0.8702079653739929,4,1.0,
fixed,1,2008,0.591036856174469,0.0,0.0005774955498054624,1.231608271598816,0.591036856174469,4,1.0,
fixed,1,2009,0.8399954438209534,2.919116923294496e-06,1.9531495127012022e-05,0.6904285550117493,0.8399954438209534,4,0.5,
fixed,1,2010,1.1656639575958252,0.050501566380262375,2.1505389668163843e-05,0.6904025673866272,1.1656639575958252,4,0.5,5.519906044006348
fixed,1,2011,0.604341983795166,0.0,0.00011156590335303918,1.2804529666900635,0.604341983795166,4,1.0,
fixed,1,2012,1.0976712703704834,3.104957795585506e-05,0.00010593973274808377,0.8030343651771545,1.0976712703704834,4,0.75,
fixed,1,2013,0.9521519541740417,7.318336088246724e-07,3.947551886085421e-05,0.6824758648872375,0.9521519541740417,4,0.5,
fixed,1,2014,1.1903938055038452,2.62835101239034e-07,0.0005547767505049706,0.7833124399185181,1.1903938055038452,4,0.75,
fixed,1,2015,0.8255383968353271,1.2048371900164057e-07,0.00032263496541418135,0.7847711443901062,0.8255383968353271,4,0.75,0.33477696776390076
fixed,1,2016,1.1030267477035522,1.1077977433160413e-06,7.312230991374236e-06,0.34690427780151367,1.1030267477035522,4,0.25,
fixed,1,2017,0.7253736257553101,8.548354912818468e-08,0.0003223536186851561,0.7584695219993591,0.7253736257553101,4,0.75,
fixed,1,2018,1.311069369316101,1.8018503396888264e-05,9.001020771393087e-06,0.8203127980232239,1.311069369316101,4,0.25,
fixed,1,2019,1.1533854007720947,1.7520387984859553e-07,0.0010294081876054406,0.7677214741706848,1.1533854007720947,4,0.75,
fixed,1,2020,0.6018444299697876,2.7060326601713314e-07,3.1289338949136436e-05,0.8253974914550781,0.6018444299697876,4,0.25,0.03556981310248375
fixed,1,2021,0.7616225481033325,1.44866561413437e-07,5.08487610204611e-05,0.3511228561401367,0.7616225481033325,4,0.25,
fixed,1,2022,1.1872200965881348,3.925142380012403e-07,6.0829726862721145e-05,0.6871415376663208,1.1872200965881348,4,0.5,
fixed,1,2023,1.0996516942977905,0.0,0.00016772931849118322,0.725825846195221,1.0996516942977905,4,0.75,
fixed,1,2024,0.9599028825759888,0.05765586718916893,5.1659520977409557e-05,0.6867904663085938,0.9599028825759888,4,0.5,
fixed,1,2025,1.1240853071212769,2.272170291917064e-07,0.0020820621866732836,0.8778120875358582,1.1240853071212769,4,0.25,1.8114206790924072
fixed,1,2026,0.9460219740867615,5.898036903317916e-08,0.0001670450292294845,0.3360966444015503,0.9460219740867615,4,0.5,
fixed,1,2027,1.7380434274673462,8.029823220567778e-06,7.851106784073636e-05,0.7835769057273865,1.7380434274673462,4,0.75,
fixed,1,2028,0.3101922273635864,1.974492569445374e-09,0.0029815142042934895,0.599401593208313,0.3101922273635864,4,0.75,
fixed,1,2029,1.3913301229476929,2.7742947850128985e-07,0.00022601280943490565,0.831304132938385,1.3913301229476929,4,0.25,
fixed,1,2030,1.2286255359649658,3.97061048715841e-05,8.960369450505823e-05,0.6870884895324707,1.2286255359649658,4,0.5,0.08144466578960419
fixed,1,2031,1.2792127132415771,1.6092833732272993e-07,9.290757589042187e-05,0.6903064250946045,1.2792127132415771,4,0.5,
fixed,1,2032,1.1383291482925415,1.6369313016184606e-07,0.00016011785191949457,0.8357440233230591,1.1383291482925415,4,0.25,
fixed,1,2033,1.2281235456466675,2.0964780560461804e-05,0.00016771754599176347,0.6765947341918945,1.2281235456466675,4,0.5,
fixed,1,2034,1.2911067008972168,0.04360675811767578,0.00018085763440467417,1.142848253250122,1.2911067008972168,4,1.0,
fixed,1,2035,0.6736791133880615,9.714492676948794e-08,0.00011877081851707771,0.35359811782836914,0.6736791133880615,4,0.25,0.11206641793251038
fixed,1,2036,1.2507094144821167,1.9089125089521986e-06,3.258919241488911e-05,0.8239309191703796,1.2507094144821167,4,0.25,
fixed,1,2037,1.2064815759658813,5.1862979688621635e-08,7.732544327154756e-05,0.7974365949630737,1.2064815759658813,4,0.75,
fixed,1,2038,0.8606154918670654,6.543229602584688e-08,9.124928328674287e-05,0.8323381543159485,0.8606154918670654,4,0.25,
fixed,1,2039,1.166398286819458,0.051969073712825775,8.634514233563095e-05,0.7813116908073425,1.166398286819458,4,0.75,
fixed,1,2040,1.2513291835784912,6.278254716107767e-08,0.001978443469852209,0.382946252822876,1.2513291835784912,4,0.25,1.7450605630874634
fixed,1,2041,1.3543078899383545,8.705632126293494e-08,3.868819112540223e-05,0.8261713981628418,1.3543078899383545,4,0.25,
fixed,1,2042,1.2204643487930298,0.027092810720205307,0.0,0.42873871326446533,1.2204643487930298,4,0.25,
fixed,1,2043,1.1600407361984253,4.4664656684290094e-07,0.00020467083959374577,0.3346799612045288,1.1600407361984253,4,0.5,
fixed,1,2044,1.173835039138794,2.245808694567586e-08,0.0003388047043699771,0.33141350746154785,1.173835039138794,4,0.5,
fixed,1,2045,1.5418707132339478,0.0,0.0025676533114165068,1.101216435432434,1.5418707132339478,4,1.0,2.3829710483551025
fixed,1,2046,0.9615898132324219,6.039304167870796e-08,0.005836639553308487,0.5440375208854675,0.9615898132324219,4,0.75,
fixed,1,2047,1.3260095119476318,0.0576302744448185,6.875264807604253e-05,0.690066397190094,1.3260095119476318,4,0.5,
fixed,1,2048,0.6337187886238098,0.0,0.0032500233501195908,1.0687713623046875,0.6337187886238098,4,1.0,
fixed,1,2049,1.2401294708251953,2.0969785907709593e-08,0.0002908218011725694,0.7893434166908264,1.2401294708251953,4,0.75,
fixed,1,2050,0.733765721321106,0.06310129910707474,0.0069581009447574615,0.8303031325340271,0.733765721321106,4,1.0,14.45671558380127
fixed,1,2051,1.2294073104858398,0.025650303810834885,0.0002141412696801126,0.7091033458709717,1.2294073104858398,4,0.5,
fixed,1,2052,0.5331153273582458,0.03534107282757759,0.0003804698644671589,0.5508419275283813,0.5331153273582458,4,0.75,
fixed,1,2053,1.3566385507583618,4.828042410309763e-09,0.01174552645534277,0.7143202424049377,1.3566385507583618,4,0.75,
fixed,1,2054,1.1244093179702759,2.0399779643298643e-08,0.0003320142859593034,0.3599187135696411,1.1244093179702759,4,0.25,
fixed,1,2055,1.526256799697876,5.006560286346939e-07,8.801259536994621e-05,0.3525378704071045,1.526256799697876,4,0.25,0.10892481356859207
fixed,1,2056,0.4155125916004181,0.05228744447231293,5.848584623890929e-05,0.6912326812744141,0.4155125916004181,4,0.5,
fixed,1,2057,0.7437938451766968,1.0861858967814442e-08,0.0022661618422716856,0.6983715295791626,0.7437938451766968,4,0.5,
fixed,1,2058,1.5795025825500488,0.016617748886346817,0.00012028525088680908,0.7250277996063232,1.5795025825500488,4,0.5,
fixed,1,2059,1.4302014112472534,0.013736405409872532,0.0,0.4984810948371887,1.4302014112472534,4,0.0,
fixed,1,2060,1.478538990020752,0.0,0.04205295071005821,0.7068785429000854,1.478538990020752,4,0.75,22.9129695892334
fixed,1,2061,1.1947135925292969,0.006854285951703787,0.0,1.0998023748397827,1.1947135925292969,4,0.0,
fixed,1,2062,0.6903604865074158,1.3426328937526932e-09,0.0027869471814483404,0.7389675378799438,0.6903604865074158,4,0.75,
fixed,1,2063,1.1627411842346191,5.013218284943832e-08,0.00432059820741415,0.9067200422286987,1.1627411842346191,4,0.25,
fixed,1,2064,1.4918252229690552,2.2851196490591974e-09,0.021131858229637146,0.6967467069625854,1.4918252229690552,4,0.5,
fixed,1,2065,0.968510627746582,2.6689961352133196e-09,0.0037113891448825598,0.7210325002670288,0.968510627746582,4,0.75,3.623635768890381
fixed,1,2066,1.406665563583374,0.05001956969499588,0.0036708591505885124,0.7051563262939453,1.406665563583374,4,0.5,
fixed,1,2067,0.7181196808815002,0.0,0.006514335982501507,0.957165539264679,0.7181196808815002,4,1.0,
fixed,1,2068,1.6870797872543335,1.4387204316790303e-08,0.0,0.82109534740448,1.6870797872543335,4,0.0,
fixed,1,2069,0.9476065039634705,1.224933221521951e-08,0.018143311142921448,0.3088921308517456,0.9476065039634705,4,0.25,
fixed,1,2070,0.9434623122215271,3.119172475862797e-09,0.020666074007749557,0.696461021900177,0.9434623122215271,4,0.5,9.978437423706055
fixed,1,2071,1.21845543384552,0.012842186726629734,4.948769128532149e-05,0.7296991348266602,1.21845543384552,4,0.25,
fixed,1,2072,1.0174009799957275,3.7106104855411104e-08,6.455314724007621e-05,0.8297634124755859,1.0174009799957275,4,0.25,
fixed,1,2073,0.8107460141181946,2.111717734010199e-08,0.0003140485496260226,0.8419349789619446,0.8107460141181946,4,0.25,
fixed,1,2074,0.274638295173645,8.338151502584878e-09,0.0004951193113811314,0.6934002041816711,0.274638295173645,4,0.5,
fixed,1,2075,0.9262455105781555,0.027092745527625084,0.0,0.42900609970092773,0.9262455105781555,4,0.25,9.888185501098633
fixed,1,2076,1.6744372844696045,0.04032799229025841,2.9199303753557615e-05,0.691989541053772,1.6744372844696045,4,0.75,
fixed,1,2077,0.8506093621253967,1.1845029845858335e-08,0.00032758910674601793,0.6923441886901855,0.8506093621253967,4,0.5,
fixed,1,2078,0.7863926291465759,0.02940693497657776,0.00012467829219531268,0.7379647493362427,0.7863926291465759,4,0.75,
fixed,1,2079,0.9833659529685974,1.1186822135300645e-08,0.012020951136946678,0.7138708233833313,0.9833659529685974,4,0.5,
fixed,1,2080,0.2602368891239166,9.224216945824537e-09,0.00025716680102050304,0.8394932746887207,0.2602368891239166,4,0.25,0.27264535427093506
fixed,1,2081,1.2495383024215698,4.006906806353072e-09,0.008632952347397804,0.7189364433288574,1.2495383024215698,4,0.75,
fixed,1,2082,0.869921863079071,0.0,0.013515384867787361,0.92112135887146,0.869921863079071,4,1.0,
fixed,1,2083,1.3965260982513428,0.026804065331816673,0.00013562035746872425,0.708736002445221,1.3965260982513428,4,0.5,
fixed,1,2084,0.46652019023895264,0.0574757382273674,0.0005261375335976481,0.7785130739212036,0.46652019023895264,4,0.75,
fixed,1,2085,0.7159754633903503,5.165239791438125e-09,0.0024399745743721724,0.7005301117897034,0.7159754633903503,4,0.5,2.4647512435913086
fixed,1,2086,1.7722697257995605,4.8539630093102915e-09,0.016273044049739838,0.30614662170410156,1.7722697257995605,4,0.5,
fixed,1,2087,1.078087568283081,0.011982081457972527,0.0,1.0400290489196777,1.078087568283081,4,0.0,
fixed,1,2088,1.2886563539505005,1.731314469566314e-08,0.01080774050205946,0.7131449580192566,1.2886563539505005,4,0.5,
fixed,1,2089,1.137061357498169,1.0986560994297179e-08,0.0002624180051498115,0.8412683010101318,1.137061357498169,4,0.25,
fixed,1,2090,1.05762779712677,0.050521187484264374,6.458237476181239e-05,0.6899506449699402,1.05762779712677,4,0.5,6.410205364227295
fixed,1,2091,1.0787482261657715,5.5399849152593106e-09,0.006624381523579359,0.3059488534927368,1.0787482261657715,4,0.5,
fixed,1,2092,1.2028895616531372,1.4712939311323225e-08,0.0,0.6903457641601562,1.2028895616531372,4,0.0,
fixed,1,2093,0.881588339805603,0.0,0.0007699037669226527,1.0836164951324463,0.881588339805603,4,1.0,
fixed,1,2094,0.9671933054924011,0.0,0.0005313036381267011,1.2053592205047607,0.9671933054924011,4,1.0,
fixed,1,2095,1.261212706565857,1.0302239061843466e-09,0.0008159300195984542,0.6478315591812134,1.261212706565857,4,0.75,0.9094247817993164
fixed,1,2096,0.882544994354248,1.1443424874357788e-08,0.0003610869753174484,0.8445380926132202,0.882544994354248,4,0.25,
fixed,1,2097,0.6899673342704773,2.922023122664541e-05,0.016965176910161972,0.7325801253318787,0.6899673342704773,4,0.25,
fixed,1,2098,1.241180658340454,9.607888706852918e-09,0.0002889538009185344,0.7908919453620911,1.241180658340454,4,0.75,
fixed,1,2099,1.7617130279541016,2.509354679602893e-08,0.0007252105278894305,0.6933758854866028,1.7617130279541016,4,0.5,
fixed,1,2100,0.42814627289772034,2.381679564678052e-08,0.005169334355741739,0.7031722664833069,0.42814627289772034,4,0.5,4.083281517028809
fixed,1,2101,0.8895930647850037,0.0,0.00520611647516489,1.0551536083221436,0.8895930647850037,4,1.0,
fixed,1,2102,1.2104216814041138,2.9306976845333566e-09,0.003779205959290266,0.7548138499259949,1.2104216814041138,4,0.75,
fixed,1,2103,1.3174200057983398,2.0978419001949078e-08,0.005118717439472675,0.7388098835945129,1.3174200057983398,4,0.75,
fixed,1,2104,0.9751927852630615,0.041768770664930344,5.981799404253252e-05,0.7632990479469299,0.9751927852630615,4,0.75,
fixed,1,2105,1.4025428295135498,2.0978419001949078e-08,3.3828542655101046e-05,0.7982110381126404,1.4025428295135498,4,0.75,0.03988264128565788
fixed,1,2106,1.1037602424621582,3.264473136255219e-08,3.81713398382999e-05,0.6909019947052002,1.1037602424621582,4,0.5,
fixed,1,2107,2.3887860774993896,6.78581670854328e-08,0.0,1.3819098472595215,2.3887860774993896,4,0.0,
fixed,1,2108,1.0843604803085327,3.268111470333679e-08,0.0010957985650748014,0.6946988701820374,1.0843604803085327,4,0.5,
fixed,1,2109,0.9635271430015564,4.577497492164184e-08,5.171907105250284e-05,0.8072691559791565,0.9635271430015564,4,0.75,
fixed,1,2110,1.2431566715240479,3.64924268581035e-08,8.179547148756683e-05,0.6920512318611145,1.2431566715240479,4,0.5,0.10150832682847977
fixed,1,2111,1.9203730821609497,0.05393263325095177,6.527679215651006e-05,1.2253179550170898,1.9203730821609497,4,1.0,
fixed,1,2112,1.4147919416427612,1.7281662678669818e-07,1.2469287867133971e-05,0.826713502407074,1.4147919416427612,4,0.25,
fixed,1,2113,0.962940514087677,2.7544389880063136e-08,0.0001338241418125108,0.33785831928253174,0.962940514087677,4,0.5,
fixed,1,2114,1.0814502239227295,4.933026787057315e-08,7.922297663753852e-05,0.6916631460189819,1.0814502239227295,4,0.5,
fixed,1,2115,1.8322091102600098,7.488581132975014e-08,1.7207688870257698e-05,0.8269171118736267,1.8322091102600098,4,0.25,0.021711930632591248
fixed,1,2116,1.034959077835083,0.0579448826611042,1.45673811857705e-05,0.6898677945137024,1.034959077835083,4,0.5,
fixed,1,2117,0.893839955329895,6.070756342069217e-08,9.025337203638628e-05,0.691495418548584,0.893839955329895,4,0.5,
fixed,1,2118,1.1099835634231567,3.147016869320396e-08,0.004365814384073019,0.7429710626602173,1.1099835634231567,4,0.75,
fixed,1,2119,1.0515860319137573,0.1577722430229187,1.813773087633308e-05,1.1316739320755005,1.0515860319137573,4,1.0,
fixed,1,2120,1.0489403009414673,2.9806081158767483e-08,0.0001527241984149441,0.6924909353256226,1.0489403009414673,4,0.5,0.1833430528640747
fixed,1,2121,1.3100173473358154,0.02593815140426159,0.0,0.4333406090736389,1.3100173473358154,4,0.25,
fixed,1,2122,1.6651071310043335,1.967778473499493e-08,6.0229584050830454e-05,0.6897376775741577,1.6651071310043335,4,0.5,
fixed,1,2123,0.9694519639015198,0.0,0.006379352416843176,1.0496032238006592,0.9694519639015198,4,1.0,
fixed,1,2124,1.4315917491912842,1.5832032573825927e-08,0.00023222384334076196,0.7938597798347473,1.4315917491912842,4,0.75,
fixed,1,2125,0.969165563583374,0.0,0.0006266729324124753,1.1853373050689697,0.969165563583374,4,1.0,0.7303681969642639
fixed,1,2126,1.4159061908721924,0.0366971418261528,0.00020719796884804964,0.7026783227920532,1.4159061908721924,4,0.5,
fixed,1,2127,1.1505191326141357,5.4551996697682625e-08,0.00024108488287311047,0.6920300722122192,1.1505191326141357,4,0.5,
fixed,1,2128,0.6590416431427002,7.635680532303013e-08,0.0002419949450995773,0.3578261137008667,0.6590416431427002,4,0.25,
fixed,1,2129,0.9254510998725891,4.261738073552124e-09,0.005343525670468807,0.7326329946517944,0.9254510998725891,4,0.75,
fixed,1,2130,0.604021430015564,8.013813612706144e-09,0.0012624693335965276,0.6950370073318481,0.604021430015564,4,0.5,1.2672886848449707
fixed,1,2131,1.551466464996338,1.4686770555272233e-06,0.004633910953998566,0.7039932608604431,1.551466464996338,4,0.5,
fixed,1,2132,1.068164348602295,1.0897196034420631e-08,0.0025716940872371197,0.7022892236709595,1.068164348602295,4,0.5,
fixed,1,2133,1.109579086303711,0.040561966598033905,0.0,0.38718652725219727,1.109579086303711,4,0.25,
fixed,1,2134,1.2650258541107178,4.2570409419795396e-08,0.0,1.3827557563781738,1.2650258541107178,4,0.0,
fixed,1,2135,1.2303080558776855,0.018419472500681877,0.025026556104421616,0.7069294452667236,1.2303080558776855,4,0.75,5.397689342498779
fixed,1,2136,1.2254724502563477,0.04984715208411217,0.011563662439584732,0.7270830273628235,1.2254724502563477,4,0.5,
fixed,1,2137,1.0067671537399292,1.4165989270509272e-08,0.0009612560970708728,0.6960306167602539,1.0067671537399292,4,0.5,
fixed,1,2138,0.5833818912506104,9.244233822869319e-09,0.001094788545742631,0.6955137848854065,0.5833818912506104,4,0.5,
fixed,1,2139,1.1333973407745361,1.4191383179706918e-08,0.00015776058717165142,0.8343662619590759,1.1333973407745361,4,0.25,
fixed,1,2140,0.921652615070343,8.015748953482671e-09,0.01055044587701559,0.7327433228492737,0.921652615070343,4,0.5,8.28939437866211
fixed,1,2141,1.153078556060791,2.9306976845333566e-09,0.021270882338285446,0.6843394041061401,1.153078556060791,4,0.5,
fixed,1,2142,1.1726406812667847,6.403078067762635e-09,0.010637459345161915,0.711014986038208,1.1726406812667847,4,0.75,
fixed,1,2143,0.8428228497505188,1.2711760533079541e-08,0.0006366845336742699,0.3260539770126343,0.8428228497505188,4,0.5,
fixed,1,2144,1.180140733718872,4.788294205582133e-08,9.933098044712096e-05,0.8333556056022644,1.180140733718872,4,0.25,
fixed,1,2145,1.5350875854492188,9.911130582906935e-09,0.0004510911530815065,0.7841190099716187,1.5350875854492188,4,0.75,0.5166404843330383
fixed,1,2146,1.5184012651443481,1.4257831582042968e-09,0.00047502416418865323,0.674785852432251,1.5184012651443481,4,0.75,
fixed,1,2147,1.1820799112319946,1.7733883694859287e-08,0.00035825924715027213,0.6914827227592468,1.1820799112319946,4,0.5,
fixed,1,2148,1.3880928754806519,2.4648795005077773e-08,7.533266034442931e-05,0.6814982295036316,1.3880928754806519,4,0.5,
fixed,1,2149,0.9811819195747375,2.957516009871597e-08,0.000321449973853305,0.7889001965522766,0.9811819195747375,4,0.75,
fixed,1,2150,1.5106350183486938,0.11213522404432297,8.882527617970482e-05,0.7844572067260742,1.5106350183486938,4,0.75,7.127992153167725
fixed,1,2151,1.5173139572143555,0.04514346644282341,9.497585415374488e-05,0.7723800539970398,1.5173139572143555,4,0.75,
fixed,1,2152,1.1407244205474854,3.411691551491458e-08,0.00015617351164110005,0.6922269463539124,1.1407244205474854,4,0.5,
fixed,1,2153,0.7426177859306335,0.0,0.004652666859328747,1.0108191967010498,0.7426177859306335,4,1.0,
fixed,1,2154,0.9160435199737549,8.00686805746409e-08,0.0,1.3818596601486206,0.9160435199737549,4,0.0,
fixed,1,2155,1.4680521488189697,0.019753161817789078,9.246433910448104e-05,0.722309410572052,1.4680521488189697,4,0.75,8.98626708984375
fixed,1,2156,1.0224072933197021,2.6921158635673237e-08,0.0015606157248839736,0.7652140855789185,1.0224072933197021,4,0.75,
fixed,1,2157,1.237813115119934,2.9141913771013606e-08,7.126609853003174e-05,0.35237789154052734,1.237813115119934,4,0.25,
fixed,1,2158,1.0872317552566528,0.05272108316421509,0.0009141511982306838,0.6972244381904602,1.0872317552566528,4,0.5,
fixed,1,2159,1.596758484840393,0.05159411579370499,0.011505769565701485,0.7059603929519653,1.596758484840393,4,0.75,
fixed,1,2160,0.6525265574455261,1.313426789550931e-08,0.0021632493007928133,0.7535808086395264,0.6525265574455261,4,0.75,2.3066952228546143
fixed,1,2161,0.8488278985023499,0.0,0.002399602672085166,1.0749130249023438,0.8488278985023499,4,1.0,
fixed,1,2162,0.7137529253959656,1.1956268863855257e-08,0.0008892023470252752,0.7722928524017334,0.7137529253959656,4,0.75,
fixed,1,2163,1.2182291746139526,1.158765972064657e-08,0.009175730869174004,0.7265952229499817,1.2182291746139526,4,0.75,
fixed,1,2164,1.171828031539917,0.0768902376294136,0.003101982641965151,0.7040521502494812,1.171828031539917,4,0.75,
fixed,1,2165,0.8840844631195068,5.417749093794555e-07,0.0021000071428716183,0.3151874542236328,0.8840844631195068,4,0.5,2.2598071098327637
fixed,1,2166,1.254680871963501,1.44176590666234e-08,0.0007935351459309459,0.7758449912071228,1.254680871963501,4,0.75,
fixed,1,2167,0.8655954599380493,0.046785444021224976,0.0006190288695506752,0.6993042230606079,0.8655954599380493,4,0.5,
fixed,1,2168,1.3744127750396729,6.600121338351528e-09,0.016078421846032143,0.7065696120262146,1.3744127750396729,4,0.75,
fixed,1,2169,0.608905017375946,9.012621760007278e-09,0.0006829015328548849,0.6917027831077576,0.608905017375946,4,0.5,
fixed,1,2170,1.2537667751312256,1.617802958264747e-08,0.0006370352348312736,0.8525143265724182,1.2537667751312256,4,0.25,0.715384840965271
fixed,1,2171,1.337801456451416,4.538467823778092e-09,0.0024256170727312565,0.74660724401474,1.337801456451416,4,0.75,
fixed,1,2172,0.9438664317131042,3.189044406326502e-08,0.0007529297145083547,0.8553307056427002,0.9438664317131042,4,0.25,
fixed,1,2173,1.0997635126113892,0.10734905302524567,0.0013716433895751834,0.8534734845161438,1.0997635126113892,4,1.0,
fixed,1,2174,1.7303603887557983,2.2652182352089767e-09,0.0013464763760566711,0.608120322227478,1.7303603887557983,4,0.75,
fixed,1,2175,1.4211881160736084,0.030558830127120018,0.0005543205770663917,0.7112037539482117,1.4211881160736084,4,0.5,10.54367446899414
fixed,1,2176,1.9394923448562622,1.6126127988513872e-08,0.0067473724484443665,0.7134410738945007,1.9394923448562622,4,0.5,
fixed,1,2177,1.4757189750671387,0.030271276831626892,0.016363786533474922,0.7777044177055359,1.4757189750671387,4,0.25,
fixed,1,2178,1.072169542312622,1.1290659074347786e-08,0.00943911261856556,0.9579362869262695,1.072169542312622,4,0.25,
fixed,1,2179,1.3449628353118896,0.028537066653370857,0.002228896366432309,0.4540572762489319,1.3449628353118896,4,0.75,
fixed,1,2180,1.3957933187484741,0.0,0.011293487623333931,0.8943056464195251,1.3957933187484741,4,1.0,9.572385787963867
fixed,1,2181,0.856701135635376,0.008910508826375008,0.0,1.0729782581329346,0.856701135635376,4,0.0,
fixed,1,2182,0.843184769153595,4.6539290110558795e-07,0.003581545315682888,0.3986860513687134,0.843184769153595,4,0.25,
fixed,1,2183,1.8176352977752686,0.04753710329532623,0.0,0.8599597215652466,1.8176352977752686,4,0.25,
fixed,1,2184,1.367810845375061,9.699678393815248e-09,0.0,0.821276068687439,1.367810845375061,4,0.0,
fixed,1,2185,2.1217286586761475,0.020569583401083946,0.011563860811293125,0.3253375291824341,2.1217286586761475,4,0.5,2.2894020080566406
fixed,1,2186,0.5453075170516968,3.0551245977505914e-09,0.00404384033754468,0.7070749998092651,0.5453075170516968,4,0.5,
fixed,1,2187,1.198291301727295,6.0927041189984266e-09,0.0184183306992054,1.0305060148239136,1.198291301727295,4,0.0,
fixed,1,2188,1.034535527229309,2.9452495997617234e-09,0.012292320840060711,0.7407113313674927,1.034535527229309,4,0.5,
fixed,1,2189,1.0898208618164062,4.055271318748055e-08,0.0,0.6861653327941895,1.0898208618164062,4,0.0,
fixed,1,2190,0.9237570762634277,1.0776289860459087e-09,0.021498221904039383,0.6909222602844238,0.9237570762634277,4,0.5,12.85960578918457
fixed,1,2191,1.4769176244735718,0.01562674716114998,0.004562361165881157,0.37560904026031494,1.4769176244735718,4,0.75,
fixed,1,2192,1.5490617752075195,0.010371782816946507,0.0,0.5255034565925598,1.5490617752075195,4,0.0,
fixed,1,2193,0.718609094619751,0.033957451581954956,0.0016188494628295302,0.7231353521347046,0.718609094619751,4,0.75,
fixed,1,2194,0.4851934015750885,0.03669336438179016,0.001019699964672327,0.7079267501831055,0.4851934015750885,4,0.5,
fixed,1,2195,1.12312650680542,8.188590250313155e-09,0.004522079601883888,0.9097498655319214,1.12312650680542,4,0.25,3.7075564861297607
fixed,1,2196,0.6776981949806213,1.1758828804886434e-05,0.01524481549859047,0.3946968913078308,0.6776981949806213,4,0.75,
fixed,1,2197,1.2555583715438843,6.436491339911754e-09,0.004850372672080994,0.305961012840271,1.2555583715438843,4,0.5,
fixed,1,2198,1.455008864402771,2.4312731827791367e-09,0.018300281837582588,0.6836273074150085,1.455008864402771,4,0.75,
fixed,1,2199,0.681330680847168,6.738085644997227e-10,0.007237711921334267,0.7153383493423462,0.681330680847168,4,0.75,
fixed,1,2200,0.7937401533126831,4.1048799914733536e-09,0.019656850025057793,0.7427801489830017,0.7937401533126831,4,0.25,10.0493803024292
fixed,1,2201,1.5408117771148682,5.141519210383194e-09,0.0018054457614198327,0.7554138898849487,1.5408117771148682,4,0.75,
fixed,1,2202,1.3231452703475952,9.148426016736266e-09,0.004366567358374596,0.7067885994911194,1.3231452703475952,4,0.5,
fixed,1,2203,0.6305267810821533,3.5367444528588976e-09,0.0014744161162525415,0.7632812857627869,0.6305267810821533,4,0.75,
fixed,1,2204,1.0841796398162842,1.1646084985272864e-08,0.00020192454394418746,0.8386803865432739,1.0841796398162842,4,0.25,
fixed,1,2205,1.6425038576126099,0.03227188438177109,0.00011751268175430596,0.7024836540222168,1.6425038576126099,4,0.5,10.144267082214355
fixed,1,2206,1.1127632856369019,0.03311759978532791,0.0007590977475047112,0.7324706315994263,1.1127632856369019,4,0.75,
fixed,1,2207,1.5826759338378906,8.474928314683439e-09,0.000223100432776846,0.7937396168708801,1.5826759338378906,4,0.75,
fixed,1,2208,0.8156095743179321,2.9306976845333566e-09,0.00012659089406952262,0.7887121438980103,0.8156095743179321,4,0.75,
fixed,1,2209,1.1364362239837646,8.963636588532609e-08,0.0,0.8173946142196655,1.1364362239837646,4,0.0,
fixed,1,2210,1.495755910873413,7.853928174483826e-09,0.0002579667780082673,0.6917167901992798,1.495755910873413,4,0.5,0.3056836426258087
fixed,1,2211,0.49084797501564026,1.4297370398708154e-08,0.0005505871959030628,0.6919265389442444,0.49084797501564026,4,0.5,
fixed,1,2212,1.872395396232605,0.056861408054828644,0.0002865002606995404,0.6928436160087585,1.872395396232605,4,0.5,
fixed,1,2213,1.34902024269104,5.475877085103775e-09,0.0032946059945970774,0.7495179176330566,1.34902024269104,4,0.75,
fixed,1,2214,1.1640169620513916,7.027307447060593e-08,2.4575005227234215e-05,0.8283340334892273,1.1640169620513916,4,0.25,
fixed,1,2215,0.6022624969482422,2.586501901546967e-09,0.00020790722919628024,0.7919971346855164,0.6022624969482422,4,0.75,0.23991109430789948
fixed,1,2216,0.9375748038291931,0.0,0.0009056291310116649,1.167885422706604,0.9375748038291931,4,1.0,
fixed,1,2217,0.6915671825408936,1.3794299036362645e-08,0.0002940698468592018,0.842925488948822,0.6915671825408936,4,0.25,
fixed,1,2218,0.5148891806602478,3.763587219651754e-09,0.018069414421916008,0.6974918246269226,0.5148891806602478,4,0.75,
fixed,1,2219,2.2061550617218018,1.6453670426130884e-08,0.0005542027647607028,0.3643089532852173,2.2061550617218018,4,0.25,
fixed,1,2220,1.2669239044189453,5.336269204292421e-09,0.00024475419195368886,0.3329141139984131,1.2669239044189453,4,0.5,0.29824426770210266
fixed,1,2221,0.6659961342811584,1.546108308048133e-08,0.000403748796088621,0.3615611791610718,0.6659961342811584,4,0.25,
fixed,1,2222,1.022875428199768,0.0,0.0001506259577581659,1.272767186164856,1.022875428199768,4,1.0,
fixed,1,2223,1.5293747186660767,4.7741917086341346e-08,0.00013080972712486982,0.8341595530509949,1.5293747186660767,4,0.25,
fixed,1,2224,0.7868181467056274,2.1275148753829853e-08,0.00010946690599666908,0.6898330450057983,0.7868181467056274,4,0.5,
fixed,1,2225,0.9243298172950745,9.086539520808401e-09,7.710416684858501e-05,0.732896625995636,0.9243298172950745,3,0.75,0.08976228535175323
fixed,1,2226,1.0776853561401367,2.087697303920777e-08,0.001836290000937879,0.6961215734481812,1.0776853561401367,4,0.5,
fixed,1,2227,0.6449549198150635,0.03749367594718933,0.004028509836643934,0.30445408821105957,0.6449549198150635,4,0.5,
fixed,1,2228,1.2460087537765503,0.06003108248114586,4.3869262299267575e-05,0.6445397138595581,1.2460087537765503,4,0.5,
fixed,1,2229,1.2989026308059692,3.6324834695733443e-08,0.0002695305156521499,0.8418560028076172,1.2989026308059692,4,0.25,
fixed,1,2230,1.7787500619888306,2.7066921148843903e-08,1.2715339835267514e-05,0.6766899824142456,1.7787500619888306,4,0.5,0.014377545565366745
fixed,1,2231,1.9603290557861328,8.213591584649294e-09,0.0017590029165148735,0.7734559178352356,1.9603290557861328,4,0.75,
fixed,1,2232,1.4373338222503662,8.54312744991148e-08,0.00111005746293813,0.7749284505844116,1.4373338222503662,4,0.75,
fixed,1,2233,1.4940611124038696,0.06016451120376587,3.6160704439680558e-06,0.6907042264938354,1.4940611124038696,4,0.5,
fixed,1,2234,0.9609152674674988,0.0781925842165947,3.6206794902682304e-05,0.7287115454673767,0.9609152674674988,4,0.75,
fixed,1,2235,0.9568762183189392,9.088937957812959e-08,0.00010981726518366486,0.691602349281311,0.9568762183189392,4,0.5,0.13130095601081848
fixed,1,2236,1.0350106954574585,3.165552442396802e-08,0.00026095876819454134,0.6919495463371277,1.0350106954574585,4,0.5,
fixed,1,2237,0.7796761393547058,3.190398700780861e-08,0.0018536604475229979,0.6996184587478638,0.7796761393547058,4,0.5,
fixed,1,2238,1.0126084089279175,5.007636971754437e-08,8.817035995889455e-05,0.8326691389083862,1.0126084089279175,4,0.25,
fixed,1,2239,0.9658135771751404,2.725103698253406e-08,0.000754025939386338,0.36759960651397705,0.9658135771751404,4,0.25,
fixed,1,2240,0.867929995059967,1.0225109647876707e-08,0.009869351051747799,0.7186154127120972,0.867929995059967,4,0.75,6.612529754638672
fixed,1,2241,1.29068922996521,2.4468732817695127e-08,0.00023984673316590488,0.3578042984008789,1.29068922996521,4,0.25,
fixed,1,2242,1.1643275022506714,3.98086115183105e-08,0.0,1.382792353630066,1.1643275022506714,4,0.0,
fixed,1,2243,1.5631937980651855,2.5869947961609796e-08,0.00023650229559279978,0.6911948919296265,1.5631937980651855,4,0.5,
fixed,1,2244,1.0183484554290771,1.8755693886873814e-08,0.0005030177999287844,0.3277643918991089,1.0183484554290771,4,0.5,
fixed,1,2245,1.1828296184539795,4.0179678251206496e-08,0.0006734945345669985,0.8533960580825806,1.1828296184539795,4,0.25,0.7180179357528687
fixed,1,2246,1.5542348623275757,9.044898519050548e-08,0.0,1.3813296556472778,1.5542348623275757,4,0.0,
fixed,1,2247,1.2331191301345825,5.140338288356361e-08,0.00017929860041476786,0.8376603126525879,1.2331191301345825,4,0.25,
fixed,1,2248,0.7438876032829285,0.057551875710487366,0.0002162619202863425,0.8885934352874756,0.7438876032829285,4,0.75,
fixed,1,2249,0.6011894345283508,3.889094912779001e-08,0.000686099287122488,0.6915228366851807,0.6011894345283508,4,0.5,
fixed,1,2250,1.0270042419433594,2.224177819698525e-08,0.015954775735735893,0.7330225706100464,1.0270042419433594,4,0.5,8.192407608032227
fixed,1,2251,1.486390233039856,8.980038046502159e-08,0.0007638547685928643,0.6935988664627075,1.486390233039856,4,0.5,
fixed,1,2252,1.0047720670700073,3.3964877133030313e-08,0.00900037121027708,0.7122289538383484,1.0047720670700073,4,0.5,
fixed,1,2253,1.1113336086273193,0.04450545459985733,0.0004800029273610562,0.6995827555656433,1.1113336086273193,4,0.5,
fixed,1,2254,0.7725194692611694,0.03396088257431984,0.00039363987161777914,0.3081941604614258,0.7725194692611694,4,0.5,
fixed,1,2255,1.1376957893371582,1.3788762132094234e-08,0.0012662913650274277,0.3514341115951538,1.1376957893371582,4,0.25,1.2343837022781372
fixed,1,2256,1.056256651878357,9.167870018700341e-08,0.0002544222807046026,0.8409954905509949,1.056256651878357,4,0.25,
fixed,1,2257,1.708458423614502,0.02680506929755211,0.0,0.9390761852264404,1.708458423614502,4,0.25,
fixed,1,2258,0.6524765491485596,9.283498414447422e-09,0.008887888863682747,0.48873013257980347,0.6524765491485596,4,0.75,
fixed,1,2259,0.7480224370956421,5.4433172635981464e-08,0.0003445280308369547,0.33065736293792725,0.7480224370956421,4,0.5,
fixed,1,2260,0.7259515523910522,0.017636945471167564,0.014187758788466454,0.6917754411697388,0.7259515523910522,4,0.75,1.3638917207717896
fixed,1,2261,1.129577398300171,6.814904640606301e-09,0.017143258824944496,0.7043460607528687,1.129577398300171,4,0.5,
fixed,1,2262,1.5699400901794434,4.361867311786227e-08,0.0028861425817012787,0.888430118560791,1.5699400901794434,4,0.25,
fixed,1,2263,1.4333653450012207,1.991793219247029e-08,0.0008894498459994793,0.6936227679252625,1.4333653450012207,4,0.5,
fixed,1,2264,0.38361701369285583,1.6852952811063915e-08,0.0008667294750921428,0.7739617824554443,0.38361701369285583,4,0.75,
fixed,1,2265,1.0705866813659668,5.475877085103775e-09,0.009551692754030228,0.712130606174469,1.0705866813659668,4,0.75,7.291044235229492
fixed,1,2266,1.0056222677230835,6.602969051527907e-07,0.00027847650926560163,0.6919378638267517,1.0056222677230835,4,0.5,
fixed,1,2267,0.9803273677825928,3.814740523466753e-08,0.00020847326959483325,0.6905238032341003,0.9803273677825928,4,0.5,
fixed,1,2268,0.38502997159957886,2.3458454734281986e-08,0.010665036737918854,0.7173265218734741,0.38502997159957886,4,0.5,
fixed,1,2269,1.0865312814712524,0.0,0.0006653876043856144,1.197394609451294,1.0865312814712524,4,1.0,
fixed,1,2270,1.8537102937698364,4.7923446544473336e-08,0.0002928377070929855,0.691016435623169,1.8537102937698364,4,0.5,0.32968005537986755
fixed,1,2271,1.5542807579040527,2.2476640992863395e-07,0.0004415589210111648,0.7868453860282898,1.5542807579040527,4,0.75,
fixed,1,2272,0.9122681617736816,2.2358172202530113e-08,0.0009114110143855214,0.6941282749176025,0.9122681617736816,4,0.5,
fixed,1,2273,0.5729089975357056,6.70588704565489e-08,0.0012607823591679335,0.6958741545677185,0.5729089975357056,4,0.5,
fixed,1,2274,0.6846556663513184,3.79655809013002e-08,7.795410783728585e-05,0.7946780920028687,0.6846556663513184,4,0.75,
fixed,1,2275,0.6821828484535217,6.40379198557639e-08,0.0014076558873057365,0.37659168243408203,0.6821828484535217,4,0.25,1.3314030170440674
fixed,1,2276,0.903232753276825,5.8234974176230025e-08,0.0011761842761188745,0.6959088444709778,0.903232753276825,4,0.5,
fixed,1,2277,1.8503494262695312,0.05129632726311684,0.0,0.8499082326889038,1.8503494262695312,4,0.25,
fixed,1,2278,1.4544073343276978,1.6583231854383484e-07,7.132167229428887e-05,0.6899635195732117,1.4544073343276978,4,0.5,
fixed,1,2279,1.0619107484817505,2.1440197883748624e-07,7.93274593888782e-05,0.691047728061676,1.0619107484817505,4,0.5,
fixed,1,2280,1.1338765621185303,0.09253079444169998,0.0,0.7027760148048401,1.1338765621185303,4,0.5,12.047762870788574
fixed,1,2281,1.2142407894134521,6.08108905453264e-08,8.910286851460114e-05,0.691620945930481,1.2142407894134521,4,0.5,
fixed,1,2282,1.1733695268630981,0.0,0.0025716491509228945,1.1406320333480835,1.1733695268630981,4,1.0,
fixed,1,2283,0.5956025123596191,1.8508949040096923e-08,0.00010676958481781185,0.7527931928634644,0.5956025123596191,4,0.75,
fixed,1,2284,0.914090633392334,1.1583303205497941e-09,0.0004866456729359925,0.6760602593421936,0.914090633392334,4,0.75,
fixed,1,2285,1.7465388774871826,9.024032188165165e-09,0.00020521634723991156,0.7950925230979919,1.7465388774871826,4,0.75,0.24823053181171417
fixed,1,2286,0.7684484124183655,2.8805388865293935e-06,0.0,1.3696898221969604,0.7684484124183655,4,0.0,
fixed,1,2287,1.171508550643921,0.10953796654939651,0.0,0.6932215690612793,1.171508550643921,4,0.5,
fixed,1,2288,0.9578288793563843,1.0550105677964439e-08,0.0009834106313064694,0.7702071666717529,0.9578288793563843,4,0.75,
fixed,1,2289,0.5625216364860535,0.04602162912487984,0.014988497830927372,0.7583547234535217,0.5625216364860535,3,1.0,
fixed,1,2290,1.4897027015686035,0.011158167384564877,0.0006018317071720958,0.7504636645317078,1.4897027015686035,4,0.25,5.875950813293457
fixed,1,2291,0.6253923177719116,3.4916986635380454e-08,0.0,0.8200263977050781,0.6253923177719116,4,0.0,
fixed,1,2292,0.7518061995506287,0.05732908844947815,0.017194122076034546,0.7050084471702576,0.7518061995506287,4,0.5,
fixed,1,2293,0.2485104650259018,0.0,0.009572118520736694,0.9462969303131104,0.2485104650259018,4,1.0,
fixed,1,2294,1.2393498420715332,0.007294813171029091,0.007911192253232002,0.3436647653579712,1.2393498420715332,4,0.25,
fixed,1,2295,1.2103230953216553,7.38434735580995e-09,0.00404820591211319,0.706294059753418,1.2103230953216553,4,0.5,3.6077356338500977
fixed,1,2296,0.9152181148529053,0.03643062338232994,0.004668518900871277,0.7124951481819153,0.9152181148529053,4,0.75,
fixed,1,2297,0.8410261273384094,1.7163380050533306e-08,0.005755697377026081,0.7121908664703369,0.8410261273384094,4,0.5,
fixed,1,2298,0.7037482857704163,1.2722675357679236e-08,0.019204121083021164,0.30718791484832764,0.7037482857704163,4,0.25,
fixed,1,2299,1.2353506088256836,9.607888706852918e-09,0.0019331874791532755,0.7538018226623535,1.2353506088256836,4,0.75,
fixed,1,2300,0.7826052904129028,3.391218683646002e-08,0.007157366722822189,0.7138856649398804,0.7826052904129028,4,0.5,5.687587738037109
fixed,1,2301,0.8683673739433289,7.030626747450697e-09,0.01745409332215786,0.696018636226654,0.8683673739433289,4,0.75,
fixed,1,2302,1.3339637517929077,1.5769604289062045e-08,0.0018404950387775898,0.6995393633842468,1.3339637517929077,4,0.5,
fixed,1,2303,1.7215983867645264,4.208629533763997e-08,0.0,0.8192921876907349,1.7215983867645264,4,0.0,
fixed,1,2304,0.7091116905212402,1.8760221820457446e-08,0.004799771122634411,0.3069288730621338,0.7091116905212402,4,0.5,
fixed,1,2305,0.6668688058853149,4.423313271217921e-08,0.0007742504822090268,0.8556901216506958,0.6668688058853149,4,0.25,0.8522173166275024
fixed,1,2306,1.478222370147705,1.2330648502256736e-08,0.009004360064864159,0.7140520215034485,1.478222370147705,4,0.75,
fixed,1,2307,0.8422547578811646,0.044724639505147934,0.0,0.8697406053543091,0.8422547578811646,4,0.25,
fixed,1,2308,1.3599456548690796,4.353551830149627e-08,0.00016326690092682838,0.692079484462738,1.3599456548690796,4,0.5,
fixed,1,2309,1.0240588188171387,3.917747903869895e-08,0.0002921277773566544,0.6937124133110046,1.0240588188171387,4,0.5,
fixed,1,2310,0.6002822518348694,8.064721157552412e-08,0.0,0.8194331526756287,0.6002822518348694,4,0.0,8.55186372064054e-05
fixed,1,2311,1.3174360990524292,9.9211973747515e-08,0.00017949660832528025,0.8373202681541443,1.3174360990524292,4,0.25,
fixed,1,2312,1.0700665712356567,0.02251419425010681,0.0,0.9622562527656555,1.0700665712356567,4,0.25,
fixed,1,2313,2.052062749862671,1.9999615119559166e-07,0.0001288253697566688,0.6832006573677063,2.052062749862671,4,0.5,
fixed,1,2314,1.0852679014205933,7.253803602225162e-08,0.0005013786721974611,0.69434654712677,1.0852679014205933,4,0.5,
fixed,1,2315,1.0669363737106323,5.221965082569113e-08,0.00044092469033785164,0.6930685043334961,1.0669363737106323,4,0.5,0.5211971998214722
fixed,1,2316,1.1369318962097168,0.040804821997880936,0.000293929100735113,0.7549135088920593,1.1369318962097168,4,0.75,
fixed,1,2317,0.6265659928321838,1.946290595356004e-08,2.4163367925211787e-05,0.3468266725540161,0.6265659928321838,4,0.25,
fixed,1,2318,0.6070986390113831,3.477393306638987e-08,0.0016498859040439129,0.6980977058410645,0.6070986390113831,4,0.5,
fixed,1,2319,1.1229830980300903,6.173763722472358e-08,0.0003835003881249577,0.3609919548034668,1.1229830980300903,4,0.25,
fixed,1,2320,1.0571550130844116,9.522622690383287e-08,0.0007120748632587492,0.8541499376296997,1.0571550130844116,4,0.25,0.7742650508880615
fixed,1,2321,0.5504223108291626,3.553503802322666e-08,0.003148607909679413,0.7030627727508545,0.5504223108291626,4,0.5,
fixed,1,2322,2.0886852741241455,0.03339958190917969,0.00019166001584380865,0.7456201910972595,2.0886852741241455,4,0.75,
fixed,1,2323,1.1388827562332153,9.041706050538778e-08,0.0004403467755764723,0.8472217917442322,1.1388827562332153,4,0.25,
fixed,1,2324,1.1872447729110718,6.575711353207225e-08,0.012191744521260262,0.9807611703872681,1.1872447729110718,4,0.25,
fixed,1,2325,1.324795126914978,6.422217779800121e-08,0.0001504557440057397,0.8360471725463867,1.324795126914978,4,0.25,0.16670222580432892
fixed,1,2326,0.7687485814094543,0.05052131786942482,0.0036685338709503412,0.7065226435661316,0.7687485814094543,4,0.5,
fixed,1,2327,1.3066776990890503,1.0661051419447176e-07,0.0006555943400599062,0.8523003458976746,1.3066776990890503,4,0.25,
fixed,1,2328,1.053104043006897,9.619721197395847e-08,0.0,1.3812147378921509,1.053104043006897,4,0.0,
fixed,1,2329,1.1846065521240234,6.140713253444119e-07,0.0003814383817370981,0.6876201033592224,1.1846065521240234,4,0.5,
fixed,1,2330,1.7366163730621338,9.828846668824553e-05,0.0023436921183019876,0.6957427859306335,1.7366163730621338,4,0.5,1.936952829360962
fixed,1,2331,1.3292198181152344,0.053113508969545364,0.009741845540702343,0.7162556052207947,1.3292198181152344,4,0.75,
fixed,1,2332,1.3609119653701782,0.03895747661590576,3.392418147996068e-05,0.6923074126243591,1.3609119653701782,4,0.5,
fixed,1,2333,1.1824337244033813,0.0579758957028389,0.00015525812341365963,0.6906087398529053,1.1824337244033813,4,0.5,
fixed,1,2334,1.5347093343734741,0.017678149044513702,0.0004947600536979735,0.7252905368804932,1.5347093343734741,4,0.5,
fixed,1,2335,0.8550006747245789,0.044944439083337784,0.000950245710555464,0.7504704594612122,0.8550006747245789,4,0.75,6.7561774253845215
fixed,1,2336,1.5681408643722534,0.003027308965101838,0.002134170848876238,0.8132126927375793,1.5681408643722534,4,0.25,
fixed,1,2337,1.0301460027694702,0.05115019157528877,0.0008684339700266719,0.7583397030830383,1.0301460027694702,4,0.75,
fixed,1,2338,1.6975955963134766,0.0014451442984864116,0.0009568147943355143,0.6900396943092346,1.6975955963134766,4,0.5,
fixed,1,2339,1.4850496053695679,0.0,0.02320132963359356,0.8247358798980713,1.4850496053695679,4,0.75,
fixed,1,2340,1.3186793327331543,0.010715005919337273,0.0015644647646695375,0.3059580326080322,1.3186793327331543,4,0.25,5.520321846008301
fixed,1,2341,1.4095828533172607,0.0004280756111256778,0.002570528071373701,0.696912944316864,1.4095828533172607,4,0.5,
fixed,1,2342,1.8994598388671875,0.036431532353162766,0.022811610251665115,0.3395310640335083,1.8994598388671875,4,0.5,
fixed,1,2343,0.7972915172576904,5.226445500738919e-05,0.0016085294773802161,0.37454652786254883,0.7972915172576904,4,0.25,
fixed,1,2344,0.8214052319526672,0.0007320024888031185,0.011138290166854858,0.7171415686607361,0.8214052319526672,4,0.5,
fixed,1,2345,0.9663499593734741,0.011565642431378365,0.01397714763879776,0.6984148621559143,0.9663499593734741,4,0.5,3.0859973430633545
fixed,1,2346,1.226485252380371,2.099044877468259e-06,0.0020944636780768633,0.3164008855819702,1.226485252380371,4,0.5,
fixed,1,2347,1.4930565357208252,0.022796792909502983,0.01611556112766266,0.7972479462623596,1.4930565357208252,4,0.25,
fixed,1,2348,0.4696783721446991,5.827589522056087e-09,0.005662175826728344,0.722427248954773,0.4696783721446991,4,0.75,
fixed,1,2349,0.6510292291641235,1.0707567277279395e-08,0.014494012109935284,0.748261570930481,0.6510292291641235,4,0.5,
fixed,1,2350,1.594469428062439,0.052483897656202316,0.015633219853043556,0.7352315783500671,1.594469428062439,4,0.75,3.3920376300811768
fixed,1,2351,1.309073805809021,3.292208106131511e-08,0.010944789275527,0.7212234139442444,1.309073805809021,4,0.5,
fixed,1,2352,1.021008014678955,1.5859295388054306e-07,0.0010193821508437395,0.8606483340263367,1.021008014678955,4,0.25,
fixed,1,2353,1.4038000106811523,5.115224865903656e-08,0.0018780892714858055,0.8756433129310608,1.4038000106811523,4,0.25,
fixed,1,2354,0.7228772640228271,0.00023438895004801452,0.0012647921685129404,0.3187781572341919,0.7228772640228271,4,0.25,
fixed,1,2355,1.126450777053833,1.0240914605219587e-07,0.0010558448266237974,0.3212834596633911,1.126450777053833,4,0.5,1.1383321285247803
fixed,1,2356,0.7480560541152954,2.7379712719266536e-08,0.013508030213415623,0.4718385934829712,0.7480560541152954,4,0.25,
fixed,1,2357,0.7478359341621399,0.013965127058327198,0.01686074212193489,0.762964129447937,0.7478359341621399,4,0.75,
fixed,1,2358,0.7697272896766663,5.875924102838326e-08,0.00065802619792521,0.8513203263282776,0.7697272896766663,4,0.25,
fixed,1,2359,1.4483691453933716,0.05050439387559891,0.014793165028095245,0.7073246836662292,1.4483691453933716,4,0.75,
fixed,1,2360,1.2611550092697144,2.938993475254392e-07,0.0009939807932823896,0.37080276012420654,1.2611550092697144,4,0.25,0.9821037650108337
fixed,1,2361,1.283508062362671,0.03169924020767212,0.0006023450987413526,0.709880530834198,1.283508062362671,4,0.5,
fixed,1,2362,1.0557194948196411,0.047541067004203796,0.0,0.8598089814186096,1.0557194948196411,4,0.25,
fixed,1,2363,0.48359760642051697,1.1509873054649233e-08,0.004006716422736645,0.3117762804031372,0.48359760642051697,4,0.5,
fixed,1,2364,1.3812288045883179,0.0,0.012984947301447392,0.9386721849441528,1.3812288045883179,4,1.0,
fixed,1,2365,0.5906900763511658,1.3966775291862632e-08,0.005127838812768459,0.7337691783905029,0.5906900763511658,4,0.75,4.613889694213867
fixed,1,2366,1.4010553359985352,8.004268359229627e-09,0.0009316600044257939,0.6473945379257202,1.4010553359985352,4,0.75,
fixed,1,2367,1.6460423469543457,0.045760005712509155,0.0,0.375227689743042,1.6460423469543457,4,0.25,
fixed,1,2368,0.6704984903335571,1.3540386589738773e-08,0.0014389007119461894,0.7660852670669556,0.6704984903335571,4,0.75,
fixed,1,2369,0.8026005625724792,0.026515452191233635,0.0,0.9408397674560547,0.8026005625724792,4,0.25,
fixed,1,2370,1.802324652671814,0.02029608190059662,0.0006056904676370323,0.707129716873169,1.802324652671814,4,0.75,8.478750228881836
fixed,1,2371,1.153442621231079,2.7980817662864865e-08,0.0014072130434215069,0.3766237497329712,1.153442621231079,4,0.25,
fixed,1,2372,1.4856600761413574,4.2740804673258026e-08,0.002269165823236108,0.6973112225532532,1.4856600761413574,4,0.5,
fixed,1,2373,1.3299351930618286,3.3415247457924124e-08,0.0,1.3830457925796509,1.3299351930618286,4,0.0,
fixed,1,2374,0.6009466052055359,0.0,0.01742415316402912,0.8924863338470459,0.6009466052055359,4,1.0,
fixed,1,2375,1.0248340368270874,5.141519210383194e-09,0.0008553949883207679,0.7666143774986267,1.0248340368270874,4,0.75,0.9413948059082031
fixed,1,2376,1.6104146242141724,2.7568471949734885e-08,0.0,0.8206921219825745,1.6104146242141724,4,0.0,
fixed,1,2377,1.0279282331466675,0.027671165764331818,0.004903397057205439,0.9041920304298401,1.0279282331466675,4,1.0,
fixed,1,2378,0.5122880339622498,0.04247281700372696,0.0005698248860426247,0.7003633379936218,0.5122880339622498,4,0.5,
fixed,1,2379,0.577791690826416,4.083952731548379e-09,0.002792039653286338,0.3107764720916748,0.577791690826416,4,0.5,
fixed,1,2380,1.1329400539398193,0.03451757878065109,0.0,0.9054452776908875,1.1329400539398193,4,0.25,10.655153274536133
fixed,1,2381,1.3742058277130127,1.3004310517317208e-08,0.008566956035792828,0.43826085329055786,1.3742058277130127,4,0.25,
fixed,1,2382,1.9175063371658325,1.3262141607128797e-08,0.0012209194246679544,0.32319116592407227,1.9175063371658325,4,0.5,
fixed,1,2383,1.2632746696472168,7.030626747450697e-09,0.0008127131732180715,0.7728882431983948,1.2632746696472168,4,0.75,
fixed,1,2384,0.5261844396591187,0.02167484164237976,0.00325380708090961,0.7434568405151367,0.5261844396591187,4,0.5,
fixed,1,2385,1.7238167524337769,1.1227978546912709e-08,0.0016782875172793865,0.7558605670928955,1.7238167524337769,4,0.75,1.8234318494796753
fixed,1,2386,1.2924203872680664,0.0,0.007665050681680441,0.9574465155601501,1.2924203872680664,4,1.0,
fixed,1,2387,1.0826061964035034,1.6186577411758662e-08,0.0003713846963364631,0.8449816703796387,1.0826061964035034,4,0.25,
fixed,1,2388,1.2505391836166382,0.061631932854652405,0.00040506728691980243,0.40115129947662354,1.2505391836166382,4,0.5,
fixed,1,2389,0.5917672514915466,4.0456997751903145e-09,0.0003020343428943306,0.6917206048965454,0.5917672514915466,4,0.5,
fixed,1,2390,0.39039361476898193,4.644462592295895e-09,0.0020662513561546803,0.6928192973136902,0.39039361476898193,4,0.5,1.9368995428085327
fixed,1,2391,1.0022010803222656,0.021396594122052193,0.00022031250409781933,0.7201007604598999,1.0022010803222656,4,0.5,
fixed,1,2392,1.2002965211868286,8.894311065432703e-09,0.0008420002413913608,0.8570628762245178,1.2002965211868286,4,0.25,
fixed,1,2393,0.4688311815261841,4.496758521099764e-09,0.00026965420693159103,0.6807062029838562,0.4688311815261841,4,0.5,
fixed,1,2394,0.7029836773872375,0.009805171750485897,0.0,1.0627862215042114,0.7029836773872375,4,0.0,
fixed,1,2395,1.0493402481079102,6.29978424981914e-09,0.0,1.3847472667694092,1.0493402481079102,4,0.0,0.0
fixed,1,2396,1.1619848012924194,1.7316503786446447e-09,0.012010819278657436,0.3039698600769043,1.1619848012924194,4,0.5,
fixed,1,2397,1.0536354780197144,3.897621070336754e-08,0.001193125732243061,0.696336567401886,1.0536354780197144,4,0.5,
fixed,1,2398,1.174898624420166,1.5946371334507603e-08,0.0006721143145114183,0.6931073069572449,1.174898624420166,4,0.5,
fixed,1,2399,1.5100069046020508,2.997983639119184e-09,0.002336647128686309,0.6987392902374268,1.5100069046020508,4,0.5,
fixed,1,2400,0.7955227494239807,1.5172298972743192e-09,0.0030755598563700914,0.7328941822052002,0.7955227494239807,4,0.75,2.959806203842163
fixed,1,2401,0.42703086137771606,3.349680088859941e-09,0.028580304235219955,0.7573441863059998,0.42703086137771606,4,0.25,
fixed,1,2402,0.9781002998352051,1.5699178623762577e-09,0.00777449319139123,0.7281609773635864,0.9781002998352051,4,0.75,
fixed,1,2403,1.5899503231048584,7.025630299750674e-09,0.019118547439575195,0.6946949362754822,1.5899503231048584,4,0.75,
fixed,1,2404,1.5194836854934692,5.337075226208299e-09,8.599557622801512e-05,0.3530157804489136,1.5194836854934692,4,0.25,
fixed,1,2405,1.011056900024414,8.111856963921582e-09,0.00026447189156897366,0.3583787679672241,1.011056900024414,4,0.25,0.28410452604293823
fixed,1,2406,1.5142450332641602,0.034790728241205215,0.012560655362904072,0.81691575050354,1.5142450332641602,4,1.0,
fixed,1,2407,0.9846745729446411,5.033492733730327e-09,0.00025037123123183846,0.6907248497009277,0.9846745729446411,4,0.5,
fixed,1,2408,0.9199855923652649,0.055293481796979904,0.0,0.8392065763473511,0.9199855923652649,4,0.25,
fixed,1,2409,0.698807418346405,9.020503455303697e-09,0.004885869100689888,0.30916666984558105,0.698807418346405,4,0.5,
fixed,1,2410,0.5635033249855042,1.078645617269558e-08,0.0003218721831217408,0.6899522542953491,0.5635033249855042,4,0.5,0.3610682785511017
fixed,1,2411,0.39593642950057983,6.008705977222917e-09,0.0011998036643490195,0.769015371799469,0.39593642950057983,4,0.75,
fixed,1,2412,1.9371165037155151,7.729128992650658e-05,8.24730159365572e-06,0.8154876828193665,1.9371165037155151,4,0.25,
fixed,1,2413,0.8812995553016663,2.0318937643537538e-08,0.008204835467040539,0.7332398891448975,0.8812995553016663,4,0.75,
fixed,1,2414,1.5870287418365479,3.72555746253056e-08,2.944913285318762e-05,0.6893081068992615,1.5870287418365479,4,0.5,
fixed,1,2415,1.058030128479004,3.572442253130248e-08,0.0020806591492146254,0.8790774941444397,1.058030128479004,4,0.25,1.823987364768982
fixed,1,2416,0.9392517805099487,0.05903611704707146,1.4819846910540946e-05,0.691583514213562,0.9392517805099487,4,0.5,
fixed,1,2417,0.818242073059082,7.961663328615032e-09,0.00011113111395388842,0.8032277822494507,0.818242073059082,4,0.75,
fixed,1,2418,1.11980402469635,0.04535997658967972,0.0,0.8675223588943481,1.11980402469635,4,0.25,
fixed,1,2419,1.2402788400650024,0.11806318163871765,0.0018300426891073585,0.7679553031921387,1.2402788400650024,4,0.75,
fixed,1,2420,0.717025101184845,1.7419559128484252e-08,4.385551073937677e-05,0.34069836139678955,0.717025101184845,4,0.5,0.05186212807893753
fixed,1,2421,0.8125243186950684,7.120218192824268e-09,0.0002078769903164357,0.3339160680770874,0.8125243186950684,4,0.5,
fixed,1,2422,1.3017233610153198,0.058792781084775925,0.0,0.7426512837409973,1.3017233610153198,4,0.5,
fixed,1,2423,0.5643860697746277,2.3591228526242958e-08,0.000219979090616107,0.839743971824646,0.5643860697746277,4,0.25,
fixed,1,2424,1.266174554824829,1.704746921404876e-08,0.0004405494255479425,0.8474218249320984,1.266174554824829,4,0.25,
fixed,1,2425,1.379153847694397,0.03479287400841713,0.00523406220600009,0.9017091393470764,1.379153847694397,4,1.0,4.45682430267334
fixed,1,2426,1.2837610244750977,1.0563170782518227e-08,0.006909771356731653,0.720187246799469,1.2837610244750977,4,0.5,
fixed,1,2427,2.0816445350646973,2.6978741018979235e-08,0.0008889335440471768,0.8583046793937683,2.0816445350646973,4,0.25,
fixed,1,2428,1.792431116104126,2.1002115602186677e-08,0.0,1.3836909532546997,1.792431116104126,4,0.0,
fixed,1,2429,1.0094441175460815,0.044282786548137665,0.014376742765307426,0.6960696578025818,1.0094441175460815,4,0.75,
fixed,1,2430,1.004095435142517,0.03931020200252533,0.001565205049701035,0.708745002746582,1.004095435142517,4,0.5,7.842425346374512
fixed,1,2431,0.6978258490562439,5.825314453034025e-09,0.006398789584636688,0.7191803455352783,0.6978258490562439,4,0.75,
fixed,1,2432,1.1986498832702637,4.528298180872525e-09,0.010852224193513393,0.7283685207366943,1.1986498832702637,4,0.5,
fixed,1,2433,0.5495479702949524,5.418702375692419e-09,0.0028827034402638674,0.6846250295639038,0.5495479702949524,4,0.5,
fixed,1,2434,0.9536686539649963,0.04614324867725372,0.003100767731666565,0.7060501575469971,0.9536686539649963,4,0.5,
fixed,1,2435,1.1941938400268555,8.493362457784315e-09,0.003489074995741248,0.6919388771057129,1.1941938400268555,4,0.5,3.049806833267212
fixed,1,2436,1.7647417783737183,0.005653895903378725,0.009553876705467701,0.7416322231292725,1.7647417783737183,4,0.75,
fixed,1,2437,0.770959198474884,1.9234092096809263e-09,0.008363692089915276,0.30402660369873047,0.770959198474884,4,0.5,
fixed,1,2438,1.3797731399536133,1.0813245410190575e-08,0.0007538868230767548,0.8550012707710266,1.3797731399536133,4,0.25,
fixed,1,2439,1.1409416198730469,0.0,0.03154715150594711,0.7654913663864136,1.1409416198730469,4,0.75,
fixed,1,2440,1.4183903932571411,1.3765715678459856e-08,0.001231755712069571,0.8651787638664246,1.4183903932571411,4,0.25,1.2745089530944824
fixed,1,2441,1.3256710767745972,2.3990226694081684e-08,0.0,1.3835244178771973,1.3256710767745972,4,0.0,
fixed,1,2442,0.7294142842292786,0.04514651745557785,0.0002259240864077583,0.6977832913398743,0.7294142842292786,4,0.5,
fixed,1,2443,1.0714693069458008,2.8776982533007534e-11,0.029109448194503784,0.3312891721725464,1.0714693069458008,4,0.75,
fixed,1,2444,0.9345011711120605,1.5710543976865665e-08,0.001482062041759491,0.6983270049095154,0.9345011711120605,4,0.5,
fixed,1,2445,1.0480176210403442,4.577497492164184e-08,0.004469213541597128,0.7395749688148499,1.0480176210403442,4,0.75,3.9245622158050537
fixed,1,2446,0.6742506623268127,4.3950625361333095e-09,0.012576709501445293,0.7173283696174622,0.6742506623268127,4,0.75,
fixed,1,2447,1.1735358238220215,5.160585203611845e-08,0.00015872933727223426,0.8373106122016907,1.1735358238220215,4,0.25,
fixed,1,2448,1.7377289533615112,4.437039535787335e-08,0.00027503338060341775,0.7936124801635742,1.7377289533615112,4,0.75,
fixed,1,2449,1.110447645187378,6.367867172230035e-06,2.941872844530735e-05,0.8262069821357727,1.110447645187378,4,0.25,
fixed,1,2450,1.028672695159912,0.03396102041006088,3.52742790710181e-05,0.69904625415802,1.028672695159912,4,0.5,9.433897018432617
fixed,1,2451,1.4413338899612427,0.04953727126121521,0.0,0.8551581501960754,1.4413338899612427,4,0.25,
fixed,1,2452,1.6012732982635498,0.05361803248524666,0.0,0.8435250520706177,1.6012732982635498,4,0.25,
fixed,1,2453,0.8755540251731873,9.870981898529863e-08,5.520648119272664e-05,0.8293845057487488,0.8755540251731873,4,0.25,
fixed,1,2454,1.1387159824371338,1.3560077150032157e-07,0.0006737575167790055,0.8529185056686401,1.1387159824371338,4,0.25,
fixed,1,2455,0.7726572751998901,5.07634112523192e-08,6.499159644590691e-05,0.8316308259963989,0.7726572751998901,4,0.25,0.07764319330453873
fixed,1,2456,0.5544734001159668,0.0,0.00867417175322771,0.9951398372650146,0.5544734001159668,4,1.0,
fixed,1,2457,0.7215352654457092,4.425902133675663e-08,8.254263229900971e-05,0.8329632878303528,0.7215352654457092,4,0.25,
fixed,1,2458,0.8157600164413452,0.052577413618564606,3.989720789832063e-05,0.693233072757721,0.8157600164413452,4,0.5,
fixed,1,2459,1.1668009757995605,1.1584450732016194e-08,0.0012062063906341791,0.7655741572380066,1.1668009757995605,4,0.75,
fixed,1,2460,0.7129286527633667,1.3323636416373574e-08,0.00043665265548042953,0.3289368152618408,0.7129286527633667,4,0.5,0.47270268201828003
fixed,1,2461,0.8871698975563049,9.410638313056552e-08,0.0004533467872533947,0.8474523425102234,0.8871698975563049,4,0.25,
fixed,1,2462,1.7005397081375122,1.0689398521890325e-07,0.0,1.3812702894210815,1.7005397081375122,4,0.0,
fixed,1,2463,1.1946947574615479,0.018419211730360985,0.019868716597557068,0.6992567181587219,1.1946947574615479,4,0.75,
fixed,1,2464,1.934480905532837,0.05499660596251488,0.000400722143240273,0.7787187099456787,1.934480905532837,4,0.75,
fixed,1,2465,1.2236226797103882,3.349487798232076e-08,0.00407967297360301,0.7436292171478271,1.2236226797103882,4,0.75,3.2512266635894775
fixed,1,2466,1.2807968854904175,1.9690892472112864e-08,0.004794641397893429,0.723145604133606,1.2807968854904175,4,0.75,
fixed,1,2467,0.7633453607559204,0.014664891175925732,0.005821035243570805,0.6925884485244751,0.7633453607559204,4,0.5,
fixed,1,2468,0.9918910264968872,5.8401901981142146e-08,0.002931230701506138,0.7025678157806396,0.9918910264968872,4,0.5,
fixed,1,2469,0.9153571128845215,1.0607347178392956e-07,0.0,0.8175251483917236,0.9153571128845215,4,0.0,
fixed,1,2470,1.1223280429840088,1.5344609138878695e-08,0.002960675396025181,0.744120180606842,1.1223280429840088,4,0.75,2.874594211578369
fixed,1,2471,0.5982728004455566,5.5759535655397485e-08,3.115212166449055e-05,0.8246903419494629,0.5982728004455566,4,0.25,
fixed,1,2472,0.9620213508605957,1.0467982036743706e-07,0.0010471611749380827,0.3717716932296753,0.9620213508605957,4,0.25,
fixed,1,2473,0.4906715750694275,3.202990228601266e-08,0.005316597875207663,0.7097736597061157,0.4906715750694275,4,0.5,
fixed,1,2474,1.058129072189331,3.4757081834868586e-07,0.0004208104219287634,0.6934225559234619,1.058129072189331,4,0.5,
fixed,1,2475,1.0092188119888306,7.6035180427425075e-06,0.0012054531835019588,0.6955199837684631,1.0092188119888306,4,0.5,1.184653878211975
fixed,1,2476,1.0932188034057617,3.457245512095142e-08,0.0021484503522515297,0.7523647546768188,1.0932188034057617,4,0.75,
fixed,1,2477,1.0529842376708984,6.860888390747277e-08,0.0011548394104465842,0.6963796615600586,1.0529842376708984,4,0.5,
fixed,1,2478,1.5530812740325928,0.052024222910404205,6.715872586937621e-05,0.6931597590446472,1.5530812740325928,4,0.5,
fixed,1,2479,1.244511604309082,1.1518502418539356e-07,5.3986550483386964e-05,0.8309963345527649,1.244511604309082,4,0.25,
fixed,1,2480,1.9375178813934326,2.6075122150359675e-07,0.0,1.3782823085784912,1.9375178813934326,4,0.0,0.00032885963446460664
fixed,1,2481,1.7313066720962524,2.9701729431508284e-07,6.242129893507808e-05,0.8292343616485596,1.7313066720962524,4,0.25,
fixed,1,2482,1.1715303659439087,1.2169209639978362e-07,0.0006731010507792234,0.6952091455459595,1.1715303659439087,4,0.5,
fixed,1,2483,1.4047949314117432,2.5094487909882446e-07,0.0,0.8171593546867371,1.4047949314117432,4,0.0,
fixed,1,2484,0.8813368678092957,9.386127430843771e-08,0.0037561494391411543,0.7417752742767334,0.8813368678092957,4,0.75,
fixed,1,2485,1.8071973323822021,0.05500169098377228,0.0,0.8403986096382141,1.8071973323822021,4,0.25,4.0000457763671875
fixed,1,2486,1.0555877685546875,2.4720398528188525e-07,0.0002925865410361439,0.6934611201286316,1.0555877685546875,4,0.5,
fixed,1,2487,1.3218863010406494,1.3125853115525388e-07,4.0152146539185196e-05,0.692019522190094,1.3218863010406494,4,0.5,
fixed,1,2488,0.7348178029060364,2.579423608040088e-08,0.0006015958497300744,0.32697558403015137,0.7348178029060364,4,0.5,
fixed,1,2489,1.4294439554214478,0.052710261195898056,3.319973620818928e-05,0.6929168701171875,1.4294439554214478,4,0.5,
fixed,1,2490,1.0967869758605957,4.39725408796221e-05,0.0,0.7605046629905701,1.0967869758605957,4,0.0,0.04994213953614235
fixed,1,2491,1.3641961812973022,1.772991140569502e-06,0.0,1.3708137273788452,1.3641961812973022,4,0.0,
fixed,1,2492,1.3823368549346924,0.05083027482032776,0.0002545544703025371,0.6949083209037781,1.3823368549346924,4,0.5,
fixed,1,2493,1.024519681930542,6.425690912692517e-08,0.0010306197218596935,0.3217952251434326,1.024519681930542,4,0.5,
fixed,1,2494,0.9394322633743286,2.4965549982880475e-07,6.860445864731446e-05,0.8320159316062927,0.9394322633743286,4,0.25,
fixed,1,2495,0.8059837222099304,3.211662544799765e-07,0.0,1.3784719705581665,0.8059837222099304,4,0.0,0.0003902362659573555
fixed,1,2496,0.9044361710548401,2.810943700026769e-09,0.0014146763132885098,0.6078238487243652,0.9044361710548401,4,0.75,
fixed,1,2497,1.6238634586334229,0.043626002967357635,0.001294745015911758,0.7424671649932861,1.6238634586334229,4,0.75,
fixed,1,2498,1.3069647550582886,7.961663328615032e-09,0.0008464730344712734,0.7753703594207764,1.3069647550582886,4,0.75,
fixed,1,2499,1.2752450704574585,0.011981653980910778,0.0010471707209944725,0.31017446517944336,1.2752450704574585,4,0.25,
fixed,1,2500,1.6631622314453125,9.535552436545913e-08,0.0,1.3813362121582031,1.6631622314453125,4,0.0,0.00016140205843839794
fixed,1,2501,1.2905327081680298,0.024788090959191322,0.018399160355329514,0.6919527649879456,1.2905327081680298,4,0.5,
fixed,1,2502,0.8902992010116577,2.174291857670596e-08,0.0011410006554797292,0.6956735253334045,0.8902992010116577,4,0.5,
fixed,1,2503,0.9088452458381653,3.422123029395152e-07,0.007253168150782585,0.7203468680381775,0.9088452458381653,4,0.5,
fixed,1,2504,0.8252915143966675,2.2009501776665275e-08,0.00045376186608336866,0.8474836349487305,0.8252915143966675,4,0.25,
fixed,1,2505,1.4789083003997803,4.265620745513843e-08,0.002881136490032077,0.8903366923332214,1.4789083003997803,4,0.25,2.691667318344116
fixed,1,2506,1.8936508893966675,5.764740151903425e-08,0.012351850047707558,0.3045194149017334,1.8936508893966675,4,0.5,
fixed,1,2507,1.0766143798828125,0.02853923663496971,0.0015571988187730312,0.4676451086997986,1.0766143798828125,4,0.75,
fixed,1,2508,1.5311517715454102,5.173190587015597e-08,0.0005083474097773433,0.8489302396774292,1.5311517715454102,4,0.25,
fixed,1,2509,0.6456754207611084,2.7135459390592587e-07,0.0018782778643071651,0.8750988245010376,0.6456754207611084,4,0.25,
fixed,1,2510,1.0213567018508911,0.017637204378843307,0.0010497834300622344,0.70655357837677,1.0213567018508911,4,0.75,7.487185478210449
fixed,1,2511,1.0225133895874023,2.6565832200731165e-08,0.005724277347326279,0.71291583776474,1.0225133895874023,4,0.5,
fixed,1,2512,1.1463537216186523,0.0,0.0013920371420681477,1.1253175735473633,1.1463537216186523,4,1.0,
fixed,1,2513,1.0162792205810547,9.68428608416616e-08,0.009977645240724087,0.707943320274353,1.0162792205810547,4,0.75,
fixed,1,2514,1.0669151544570923,5.331290964250002e-11,0.0015704480465501547,0.6037092208862305,1.0669151544570923,4,0.75,
fixed,1,2515,1.3164118528366089,2.457393009080988e-07,0.00048521062126383185,0.692358672618866,1.3164118528366089,4,0.5,0.530429482460022
fixed,1,2516,1.7038758993148804,1.5035048761546932e-08,0.0007348912768065929,0.6945705413818359,1.7038758993148804,4,0.5,
fixed,1,2517,0.963459849357605,0.04953315109014511,0.008271824568510056,0.9307687282562256,0.963459849357605,4,1.0,
fixed,1,2518,1.182244896888733,1.2080067790520843e-07,0.0,0.8191092014312744,1.182244896888733,4,0.0,
fixed,1,2519,1.1075528860092163,4.248091158842726e-07,0.00026223555323667824,0.8403999209403992,1.1075528860092163,4,0.25,
fixed,1,2520,1.217714548110962,6.772414451461373e-08,0.00023255060659721494,0.8406380414962769,1.217714548110962,4,0.25,0.27479690313339233
fixed,1,2521,1.523634433746338,3.303982154534424e-08,0.002954841125756502,0.6998735070228577,1.523634433746338,4,0.5,
fixed,1,2522,1.068010926246643,0.0531073696911335,0.0002985383616760373,1.1848816871643066,1.068010926246643,4,1.0,
fixed,1,2523,1.1984713077545166,3.73054973579201e-08,0.00024875684175640345,0.6900626420974731,1.1984713077545166,4,0.5,
fixed,1,2524,1.3279322385787964,2.444241999910446e-07,0.0,1.3789446353912354,1.3279322385787964,4,0.0,
fixed,1,2525,1.2781822681427002,2.1639664282702142e-08,0.0003674011677503586,0.7904567122459412,1.2781822681427002,4,0.75,0.41527754068374634
fixed,1,2526,0.960294783115387,3.3933567067379045e-08,0.00039457870298065245,0.33052384853363037,0.960294783115387,4,0.5,
fixed,1,2527,1.4541395902633667,1.241158287257349e-07,5.0969112635357305e-05,0.8305041790008545,1.4541395902633667,4,0.25,
fixed,1,2528,1.174403429031372,0.06829813867807388,0.0007335991831496358,0.7068430781364441,1.174403429031372,4,0.75,
fixed,1,2529,1.3255516290664673,1.4011540372393938e-07,1.4454309166467283e-05,0.8229825496673584,1.3255516290664673,4,0.25,
fixed,1,2530,1.1947671175003052,1.7391089457419184e-08,0.0006843303563073277,0.7793358564376831,1.1947671175003052,4,0.75,0.8134583830833435
fixed,1,2531,1.2972708940505981,1.1145282741154006e-07,0.0,1.3811161518096924,1.2972708940505981,4,0.0,
fixed,1,2532,0.9164994359016418,3.9340065427495574e-08,0.00018420262495055795,0.3562880754470825,0.9164994359016418,4,0.25,
fixed,1,2533,1.5625985860824585,1.4144418969408434e-08,0.0008649011724628508,0.6939436197280884,1.5625985860824585,4,0.5,
fixed,1,2534,0.7768661975860596,7.205718688396701e-09,0.011688903905451298,0.3041508197784424,0.7768661975860596,4,0.5,
fixed,1,2535,1.599271535873413,0.049421343952417374,0.00024008771288208663,0.3255636692047119,1.599271535873413,4,0.5,6.334582328796387
fixed,1,2536,1.4142177104949951,0.030557218939065933,0.003844111692160368,0.7302054762840271,1.4142177104949951,4,0.5,
fixed,1,2537,1.455346703529358,6.2019780422417625e-09,0.0006498789298348129,0.7802261710166931,1.455346703529358,4,0.75,
fixed,1,2538,1.0973559617996216,0.046786099672317505,0.000522314861882478,0.6990188956260681,1.0973559617996216,4,0.5,
fixed,1,2539,1.1155956983566284,0.03561430796980858,0.0009648908744566143,0.7092611193656921,1.1155956983566284,4,0.5,
fixed,1,2540,1.3707858324050903,3.307073370706348e-08,0.0006377154495567083,0.8520491719245911,1.3707858324050903,4,0.25,0.6748718619346619
fixed,1,2541,1.2356586456298828,3.883366073154093e-09,0.0016031875275075436,0.7613203525543213,1.2356586456298828,4,0.75,
fixed,1,2542,1.0104432106018066,7.379513000671523e-09,0.009408613666892052,0.7219486236572266,1.0104432106018066,4,0.5,
fixed,1,2543,1.4824953079223633,5.720915396523196e-06,0.0,0.8065038323402405,1.4824953079223633,4,0.0,
fixed,1,2544,0.9628440141677856,1.8530023737639567e-08,0.013964119367301464,0.47490930557250977,0.9628440141677856,4,0.25,
fixed,1,2545,1.3093538284301758,0.003496807534247637,0.004249745048582554,0.6938154697418213,1.3093538284301758,4,0.5,1.4346648454666138
fixed,1,2546,1.750667691230774,1.931057092008359e-09,0.002830701181665063,0.4823971390724182,1.750667691230774,4,0.5,
fixed,1,2547,1.3012720346450806,1.1814078604288625e-08,0.0,1.3842532634735107,1.3012720346450806,4,0.0,
fixed,1,2548,0.8290107846260071,3.302240259017708e-09,0.004477021284401417,0.3067861795425415,0.8290107846260071,4,0.5,
fixed,1,2549,0.6219414472579956,1.9168599152408206e-08,0.0,0.8209386467933655,0.6219414472579956,4,0.0,
fixed,1,2550,1.260642647743225,1.2333958743226958e-08,0.018287990242242813,0.6953188180923462,1.260642647743225,4,0.75,10.610971450805664
fixed,1,2551,0.9070996046066284,0.007597708143293858,0.00014614930842071772,0.7540333271026611,0.9070996046066284,4,0.25,
fixed,1,2552,0.6383096575737,2.6426418386904516e-08,0.00014540879055857658,0.8366308808326721,0.6383096575737,4,0.25,
fixed,1,2553,1.6574938297271729,2.4103728790692003e-08,0.0,1.383486032485962,1.6574938297271729,4,0.0,
fixed,1,2554,0.5232130885124207,1.4860716213149772e-08,0.00046625526738353074,0.3627331256866455,0.5232130885124207,4,0.25,
fixed,1,2555,1.018045425415039,1.5203980296973896e-08,0.0004087754641659558,0.6932975053787231,1.018045425415039,4,0.5,0.4664073884487152
fixed,1,2556,0.8406339287757874,1.1362396890035598e-07,0.001298944465816021,0.37513065338134766,0.8406339287757874,4,0.25,
fixed,1,2557,0.7963447570800781,1.236223923228863e-08,0.00022602624085266143,0.35753023624420166,0.7963447570800781,4,0.25,
fixed,1,2558,1.5652823448181152,5.920435341977281e-07,0.008583584800362587,0.7104267477989197,1.5652823448181152,4,0.5,
fixed,1,2559,1.167201280593872,1.4421238425654792e-08,0.0016739992424845695,0.7654191851615906,1.167201280593872,4,0.75,
fixed,1,2560,1.2108044624328613,0.05922436714172363,0.00016009676619432867,0.9129873514175415,1.2108044624328613,4,1.0,17.129051208496094
fixed,1,2561,1.2796299457550049,2.8440613419888905e-08,0.0002245735377073288,0.6933413743972778,1.2796299457550049,4,0.5,
fixed,1,2562,1.84752357006073,0.04658801853656769,0.00028602327802218497,0.6973990201950073,1.84752357006073,4,0.5,
fixed,1,2563,1.6452988386154175,0.04577704519033432,0.0012795438524335623,0.5641550421714783,1.6452988386154175,4,0.75,
fixed,1,2564,1.3611799478530884,1.640848168449338e-08,0.00018409019685350358,0.3563448190689087,1.3611799478530884,4,0.25,
fixed,1,2565,1.2311501502990723,0.035343896597623825,0.0021993450354784727,0.9880669116973877,1.2311501502990723,4,1.0,7.962174415588379
fixed,1,2566,0.9870694875717163,9.23119980456022e-09,0.0013188818702474236,0.6944261193275452,0.9870694875717163,4,0.5,
fixed,1,2567,1.0269334316253662,7.459854600710969e-08,4.007130701211281e-05,0.34069883823394775,1.0269334316253662,4,0.5,
fixed,1,2568,0.9455094933509827,1.1956268863855257e-08,0.0018697434570640326,0.7583646774291992,0.9455094933509827,4,0.75,
fixed,1,2569,1.3151400089263916,0.009439477697014809,0.0020070867612957954,0.8464414477348328,1.3151400089263916,4,0.75,
fixed,1,2570,0.7210156321525574,2.9306976845333566e-09,0.00393955921754241,0.7343142032623291,0.7210156321525574,4,0.75,4.0875630378723145
fixed,1,2571,0.7330542802810669,1.7771316640491364e-09,1.4219025615602732e-05,0.2876690626144409,0.7330542802810669,3,0.5,
fixed,1,2572,0.8835247159004211,0.045776572078466415,0.0018602900672703981,0.7412257790565491,0.8835247159004211,4,0.75,
fixed,1,2573,1.4780223369598389,0.05852463096380234,0.0,0.7434390187263489,1.4780223369598389,4,0.5,
fixed,1,2574,1.031222939491272,2.6966531230243618e-09,0.0018836752278730273,0.6970414519309998,1.031222939491272,4,0.5,
fixed,1,2575,0.9647740721702576,5.094789035098302e-09,0.014508645981550217,0.7353494167327881,0.9647740721702576,4,0.5,8.846918106079102
fixed,1,2576,0.9085661172866821,1.1838265923103108e-09,0.004968844819813967,0.7327449321746826,0.9085661172866821,4,0.75,
fixed,1,2577,0.8932657837867737,0.004521290306001902,0.016868485137820244,0.9034711122512817,0.8932657837867737,4,0.0,
fixed,1,2578,1.5674974918365479,6.059281076886691e-09,0.0005705920630134642,0.8501805663108826,1.5674974918365479,4,0.25,
fixed,1,2579,0.9483222961425781,2.1635280234022503e-08,0.01068747229874134,0.7052698731422424,0.9483222961425781,4,0.75,
fixed,1,2580,1.3298981189727783,0.0012989380629733205,0.0,1.2302395105361938,1.3298981189727783,4,0.0,1.1397391557693481
fixed,1,2581,2.0541491508483887,0.0011665557976812124,0.00010199027747148648,0.7923247218132019,2.0541491508483887,4,0.25,
fixed,1,2582,0.7031614184379578,2.2851196490591974e-09,0.008165835402905941,0.7149127125740051,0.7031614184379578,4,0.75,
fixed,1,2583,1.9164494276046753,2.4852835345257063e-09,0.0007235418306663632,0.694515585899353,1.9164494276046753,4,0.5,
fixed,1,2584,1.3973942995071411,1.5363295080561556e-09,0.00019465608056634665,0.6922106146812439,1.3973942995071411,4,0.5,
fixed,1,2585,2.0271942615509033,1.1055497850520624e-08,9.707349818199873e-05,0.8300365209579468,2.0271942615509033,4,0.25,0.10622113943099976
fixed,1,2586,0.5310863852500916,0.0,0.0009848559275269508,1.1790771484375,0.5310863852500916,4,1.0,
fixed,1,2587,1.2802420854568481,0.0,0.006249625701457262,1.0032483339309692,1.2802420854568481,4,1.0,
fixed,1,2588,1.3348567485809326,6.139411645733617e-09,2.8111016945331357e-05,0.8282984495162964,1.3348567485809326,4,0.25,
fixed,1,2589,1.828511357307434,0.04658125713467598,0.0007526599220000207,0.6996909379959106,1.828511357307434,4,0.5,
fixed,1,2590,1.6103508472442627,0.012406778521835804,2.9693568649236113e-05,0.7133743762969971,1.6103508472442627,4,0.5,7.113470077514648
fixed,1,2591,0.946029782295227,5.792883062127885e-09,0.00042805858538486063,0.8472158908843994,0.946029782295227,4,0.25,
fixed,1,2592,0.7080683708190918,0.023078283295035362,0.00035098253283649683,0.7250380516052246,0.7080683708190918,4,0.75,
fixed,1,2593,1.0816998481750488,1.0766424196617663e-08,0.0,0.8212989568710327,1.0816998481750488,4,0.0,
fixed,1,2594,1.55054771900177,6.362366633538841e-09,0.00014753064897377044,0.6920503973960876,1.55054771900177,4,0.5,
fixed,1,2595,1.235975742340088,4.315627410989009e-09,0.0001623725111130625,0.6925563812255859,1.235975742340088,4,0.5,0.19674985110759735
fixed,1,2596,1.0486233234405518,0.09762297570705414,0.003102533519268036,0.7289516925811768,1.0486233234405518,4,0.75,
fixed,1,2597,0.992228627204895,0.05618169531226158,0.002601507119834423,1.0652878284454346,0.992228627204895,4,1.0,
fixed,1,2598,0.6608601808547974,5.256383328600123e-09,0.0,0.8224953413009644,0.6608601808547974,4,0.0,
fixed,1,2599,1.2417303323745728,6.09968298093122e-10,0.03892505168914795,0.3362259864807129,1.2417303323745728,4,0.25,
fixed,1,2600,0.9961576461791992,0.0011051803594455123,0.006336924619972706,0.7544975280761719,0.9961576461791992,4,0.75,4.05543327331543
fixed,1,2601,1.0917818546295166,1.1910723518582245e-09,0.03150640055537224,0.7851566672325134,1.0917818546295166,4,0.25,
fixed,1,2602,0.904774010181427,0.08749192953109741,0.0025462789926677942,0.7169396281242371,0.904774010181427,4,0.75,
fixed,1,2603,0.9283902049064636,1.3844501101090145e-09,0.0018675071187317371,0.758362352848053,0.9283902049064636,4,0.75,
fixed,1,2604,1.369178056716919,1.2257295622930542e-08,0.00015588781388942152,0.3552868366241455,1.369178056716919,4,0.25,
fixed,1,2605,0.739405632019043,2.344934468823112e-09,0.0,0.6915844678878784,0.739405632019043,4,0.0,0.0
fixed,1,2606,1.3350776433944702,9.231551079125211e-10,0.0025329620111733675,0.7452300190925598,1.3350776433944702,4,0.75,
fixed,1,2607,0.8893473148345947,0.092535100877285,0.0,0.6999176144599915,0.8893473148345947,4,0.5,
fixed,1,2608,2.45890474319458,8.661127370857002e-10,0.0009367071907036006,0.7636489272117615,2.45890474319458,4,0.75,
fixed,1,2609,0.6920815110206604,0.04554217308759689,0.0015268743736669421,0.7440177202224731,0.6920815110206604,4,0.75,
fixed,1,2610,1.8403490781784058,2.2433819246714393e-09,0.04577604681253433,1.2306411266326904,1.8403490781784058,4,0.0,6.031397819519043
fixed,1,2611,1.9527623653411865,0.04428422078490257,0.0,0.8709158301353455,1.9527623653411865,4,0.25,
fixed,1,2612,0.5449424386024475,1.486857081900439e-09,0.007049661595374346,0.3061319589614868,0.5449424386024475,4,0.5,
fixed,1,2613,0.8775612115859985,1.2680897043537698e-07,0.0032562101259827614,0.4718360900878906,0.8775612115859985,4,0.5,
fixed,1,2614,0.6851696372032166,4.57753968063912e-09,0.004734477959573269,0.4090953469276428,0.6851696372032166,4,0.25,
fixed,1,2615,0.9569771885871887,0.0014840057119727135,0.003936345223337412,0.8511725068092346,0.9569771885871887,4,0.25,2.1271307468414307
fixed,1,2616,1.3998517990112305,2.907490026515802e-09,0.0051439665257930756,0.7070299983024597,1.3998517990112305,4,0.5,
fixed,1,2617,0.7954937219619751,0.03774648159742355,0.0016025006771087646,0.7265211343765259,0.7954937219619751,4,0.75,
fixed,1,2618,0.8334177732467651,7.403580526421649e-10,0.0075527033768594265,0.7222785949707031,0.8334177732467651,4,0.75,
fixed,1,2619,0.886115550994873,4.66473659699318e-09,0.002817402593791485,0.7003173232078552,0.886115550994873,4,0.5,
fixed,1,2620,0.5611605048179626,2.9609030782751233e-09,0.0030071991495788097,0.7000659108161926,0.5611605048179626,4,0.5,2.7500405311584473
fixed,1,2621,0.7753804326057434,9.866578665196357e-09,0.0,1.384555459022522,0.7753804326057434,4,0.0,
fixed,1,2622,0.7275428771972656,1.2545748440118132e-08,0.004030958283692598,0.3623528480529785,0.7275428771972656,4,0.25,
fixed,1,2623,0.8032158613204956,3.365763223683871e-09,0.003756357589736581,0.9007696509361267,0.8032158613204956,4,0.25,
fixed,1,2624,0.5817548632621765,7.38811056777422e-09,0.024214090779423714,1.0730928182601929,0.5817548632621765,4,0.0,
fixed,1,2625,1.5534812211990356,4.979398671167701e-09,0.004358786623924971,0.3073873519897461,1.5534812211990356,4,0.5,3.6311848163604736
fixed,1,2626,1.9620590209960938,5.563853378021122e-09,0.001648810226470232,0.8593589067459106,1.9620590209960938,4,0.25,
fixed,1,2627,0.9366787075996399,0.04969395324587822,0.0054031675681471825,0.975152850151062,0.9366787075996399,4,1.0,
fixed,1,2628,1.2044821977615356,0.03340066596865654,0.0,0.9098367691040039,1.2044821977615356,4,0.25,
fixed,1,2629,0.9311426281929016,0.0,0.030676156282424927,0.8133215308189392,0.9311426281929016,4,0.75,
fixed,1,2630,1.9654568433761597,1.7903671434282842e-08,0.02505560964345932,0.7609801888465881,1.9654568433761597,4,0.25,9.171879768371582
fixed,1,2631,1.2617741823196411,7.4328738719486864e-09,0.007905952632427216,0.7225156426429749,1.2617741823196411,4,0.5,
fixed,1,2632,0.8653534650802612,1.8364721299235498e-08,0.002028763759881258,0.38381314277648926,0.8653534650802612,4,0.25,
fixed,1,2633,1.7549717426300049,2.5424649052752102e-08,0.0,1.3834669589996338,1.7549717426300049,4,0.0,
fixed,1,2634,1.045517921447754,0.009624154306948185,7.860934420023113e-05,0.740608274936676,1.045517921447754,4,0.25,
fixed,1,2635,1.2875590324401855,9.18662301785389e-09,0.0007058216724544764,0.692472517490387,1.2875590324401855,4,0.5,0.7157229781150818
fixed,1,2636,1.4552446603775024,0.05638028308749199,4.133762195124291e-05,0.6831884980201721,1.4552446603775024,4,0.5,
fixed,1,2637,0.817596435546875,0.04967772960662842,0.0,0.7644233107566833,0.817596435546875,4,0.5,
fixed,1,2638,1.518796443939209,2.5753379873094673e-08,0.00035219022538512945,0.8432878851890564,1.518796443939209,4,0.25,
fixed,1,2639,1.4035804271697998,1.8341664187460083e-08,0.0016709276242181659,0.6945664286613464,1.4035804271697998,4,0.5,
fixed,1,2640,1.7136801481246948,1.602208499207336e-08,0.00019058877660427243,0.35635149478912354,1.7136801481246948,4,0.25,0.18748296797275543
fixed,1,2641,1.4592549800872803,0.016118943691253662,0.0,1.0044424533843994,1.4592549800872803,4,0.25,
fixed,1,2642,0.862004280090332,3.645684865105636e-09,0.010314705781638622,0.7036858201026917,0.862004280090332,4,0.75,
fixed,1,2643,1.4315091371536255,1.681215167081973e-08,0.00010010235564550385,0.830024778842926,1.4315091371536255,4,0.25,
fixed,1,2644,1.0253311395645142,3.894577105256758e-08,0.0012329358141869307,0.864504873752594,1.0253311395645142,4,0.25,
fixed,1,2645,0.7848982810974121,0.047555603086948395,0.004136726725846529,0.7278816103935242,0.7848982810974121,4,0.75,3.4496309757232666
fixed,1,2646,0.7794926166534424,3.0005438134139695e-08,9.249874710803851e-05,0.8287800550460815,0.7794926166534424,4,0.25,
fixed,1,2647,0.9331056475639343,2.094286699616532e-08,0.0052924370393157005,0.918357253074646,0.9331056475639343,4,0.25,
fixed,1,2648,1.1416890621185303,1.5549963094940722e-08,0.0024953780230134726,0.6941068768501282,1.1416890621185303,4,0.5,
fixed,1,2649,1.0380165576934814,2.3554600492303734e-09,0.02285918779671192,0.6896303296089172,1.0380165576934814,4,0.5,
fixed,1,2650,1.1301884651184082,6.805066732340492e-09,0.004766363184899092,0.7285284996032715,1.1301884651184082,4,0.75,3.7902660369873047
fixed,1,2651,1.150771141052246,1.2075998867544513e-08,0.01127131562680006,0.7185940146446228,1.150771141052246,4,0.5,
fixed,1,2652,1.035681962966919,1.1229356999820084e-08,0.0005952324136160314,0.6896288990974426,1.035681962966919,4,0.5,
fixed,1,2653,1.0115348100662231,0.057052504271268845,0.009757190011441708,0.7864733338356018,1.0115348100662231,4,1.0,
fixed,1,2654,1.2374333143234253,0.030269723385572433,0.0025239326059818268,0.9504231214523315,1.2374333143234253,4,1.0,
fixed,1,2655,1.0495096445083618,3.463397035829985e-08,0.0011076704831793904,0.8618316054344177,1.0495096445083618,4,0.25,0.9855517745018005
fixed,1,2656,1.4696096181869507,2.220446049250313e-12,0.0011439368827268481,0.6322065591812134,1.4696096181869507,4,0.75,
fixed,1,2657,1.4103412628173828,2.4702821121991292e-08,0.0003821019781753421,0.6919862627983093,1.4103412628173828,4,0.5,
fixed,1,2658,0.9738271236419678,3.0681089668860295e-08,0.001188706955872476,0.6952370405197144,0.9738271236419678,4,0.5,
fixed,1,2659,0.9613816738128662,1.4504427880979165e-08,0.00042950513307005167,0.8462657332420349,0.9613816738128662,4,0.25,
fixed,1,2660,1.1495352983474731,9.353440688641967e-09,0.009939329698681831,0.3040820360183716,1.1495352983474731,4,0.5,6.8820414543151855
fixed,1,2661,1.1539456844329834,3.12428838356027e-08,0.00042061274871230125,0.6921747326850891,1.1539456844329834,4,0.5,
fixed,1,2662,0.8691962957382202,3.8784243372447236e-08,0.00027281686197966337,0.6921380758285522,0.8691962957382202,4,0.5,
fixed,1,2663,1.5829912424087524,4.0524319899759575e-08,0.0004286297771614045,0.8466015458106995,1.5829912424087524,4,0.25,
fixed,1,2664,1.5370945930480957,4.725275459804834e-08,0.0004560371453408152,0.32846128940582275,1.5370945930480957,4,0.5,
fixed,1,2665,0.7566384673118591,6.809984576250372e-09,0.004216070752590895,0.7387605905532837,0.7566384673118591,4,0.75,3.055701732635498
fixed,1,2666,0.9719961881637573,5.8102315847463615e-08,0.0002903884742408991,0.6929183006286621,0.9719961881637573,4,0.5,
fixed,1,2667,0.7344959378242493,0.1390105038881302,0.0,0.7127805948257446,0.7344959378242493,3,0.75,
fixed,1,2668,0.9310249090194702,0.055989429354667664,0.0001899803610285744,0.3299102783203125,0.9310249090194702,4,0.5,
fixed,1,2669,1.8017089366912842,3.656496616599725e-08,0.00013811075768899173,0.6875680685043335,1.8017089366912842,4,0.5,
fixed,1,2670,0.791558027267456,2.6098152972053867e-08,0.00014793161244597286,0.691704273223877,0.791558027267456,4,0.5,0.1588873267173767
fixed,1,2671,1.3276985883712769,0.05788235366344452,0.0,0.3530770540237427,1.3276985883712769,4,0.25,
fixed,1,2672,1.3225374221801758,0.03283687308430672,0.008759313262999058,0.6968767642974854,1.3225374221801758,4,0.75,
fixed,1,2673,1.2055299282073975,4.3719985853840626e-08,0.0013560825027525425,0.6946540474891663,1.2055299282073975,4,0.5,
fixed,1,2674,1.1701533794403076,1.4360654887468627e-08,0.0010439478792250156,0.5410789251327515,1.1701533794403076,4,0.5,
fixed,1,2675,1.7313342094421387,2.550359212705189e-08,0.005437639541924,0.7040764093399048,1.7313342094421387,4,0.5,3.711272716522217
fixed,1,2676,0.7095436453819275,6.09681194418954e-11,0.00477347569540143,0.5165120959281921,0.7095436453819275,4,0.75,
fixed,1,2677,0.8616154193878174,9.98326843415498e-09,0.004192406311631203,0.703666627407074,0.8616154193878174,4,0.5,
fixed,1,2678,1.2998186349868774,2.464080139930047e-08,0.011864623054862022,0.7280321717262268,1.2998186349868774,4,0.5,
fixed,1,2679,0.5885125398635864,2.846162416858533e-08,0.00015816287486813962,0.35542941093444824,0.5885125398635864,4,0.25,
fixed,1,2680,1.4320379495620728,0.02111971192061901,6.585796654690057e-05,0.7141162157058716,1.4320379495620728,4,0.5,8.971879959106445
fixed,1,2681,1.2221864461898804,7.249711497792077e-09,0.010079165920615196,0.304559588432312,1.2221864461898804,4,0.5,
fixed,1,2682,0.9373509883880615,0.0567706823348999,0.002904526423662901,1.0572518110275269,0.9373509883880615,4,1.0,
fixed,1,2683,1.4923089742660522,3.67977825987964e-08,0.00040015910053625703,0.6906899809837341,1.4923089742660522,4,0.5,
fixed,1,2684,0.9255343079566956,5.684341886080802e-14,0.0010943483794108033,0.6281651258468628,0.9255343079566956,4,0.75,
fixed,1,2685,0.6439191102981567,0.04224501550197601,0.008448225446045399,0.7052633166313171,0.6439191102981567,4,0.75,2.4798779487609863
fixed,1,2686,1.8327168226242065,3.987753416367923e-08,0.0021725366823375225,0.7000514268875122,1.8327168226242065,4,0.5,
fixed,1,2687,0.8219204545021057,0.02223331853747368,0.0016063667135313153,0.7324920892715454,0.8219204545021057,4,0.5,
fixed,1,2688,1.950845718383789,0.03283719718456268,0.001004864345304668,0.7273291349411011,1.950845718383789,4,0.75,
fixed,1,2689,0.5033911466598511,2.8556666364920602e-08,0.001167342416010797,0.6963322162628174,0.5033911466598511,4,0.5,
fixed,1,2690,0.9341747760772705,9.842317183483829e-08,0.0,0.8191003799438477,0.9341747760772705,4,0.0,0.00016017348389141262
fixed,1,2691,0.6515505909919739,2.7750249387281656e-07,0.002676083007827401,0.8867528438568115,0.6515505909919739,4,0.25,
fixed,1,2692,0.756379246711731,4.094410428479023e-07,0.0007827335502952337,0.6933929920196533,0.756379246711731,4,0.5,
fixed,1,2693,1.0184954404830933,2.0318937643537538e-08,0.0025127455592155457,0.7441625595092773,1.0184954404830933,4,0.75,
fixed,1,2694,0.7983241081237793,0.0,0.0077302344143390656,0.9615275859832764,0.7983241081237793,4,1.0,
fixed,1,2695,0.6767420172691345,0.02450154535472393,0.0030254623852670193,0.936697244644165,0.6767420172691345,4,1.0,6.779170989990234
fixed,1,2696,1.7856674194335938,5.756108478749411e-08,0.0,1.3821728229522705,1.7856674194335938,4,0.0,
fixed,1,2697,0.9318646192550659,1.168088132885714e-07,0.010801181197166443,0.7172137498855591,0.9318646192550659,4,0.75,
fixed,1,2698,1.452022671699524,9.306484471949261e-09,0.006701631471514702,0.7242836952209473,1.452022671699524,4,0.75,
fixed,1,2699,1.3403630256652832,6.959160003816578e-08,0.0002268621901748702,0.8395097851753235,1.3403630256652832,4,0.25,
fixed,1,2700,0.7764126062393188,0.0,0.003751502139493823,1.0661214590072632,0.7764126062393188,4,1.0,3.202756881713867
fixed,1,2701,1.1640461683273315,0.051133085042238235,0.0001755862176651135,1.198165774345398,1.1640461683273315,4,1.0,
fixed,1,2702,1.4146831035614014,0.0,0.0003073046973440796,1.2462375164031982,1.4146831035614014,4,1.0,
fixed,1,2703,1.441408634185791,0.0,0.004757043439894915,1.0421987771987915,1.441408634185791,4,1.0,
fixed,1,2704,1.5881762504577637,3.0911604653738323e-07,5.7365745306015015e-05,0.690788745880127,1.5881762504577637,4,0.5,
fixed,1,2705,0.7768402695655823,0.05864447355270386,0.0033486748579889536,0.7518103718757629,0.7768402695655823,4,0.75,1.203107237815857
fixed,1,2706,1.4743404388427734,0.04638562351465225,0.00015869855997152627,0.6967051029205322,1.4743404388427734,4,0.5,
fixed,1,2707,0.8792511820793152,3.717189045460145e-08,0.00017031736206263304,0.6910566687583923,0.8792511820793152,4,0.5,
fixed,1,2708,0.5279836654663086,3.79655809013002e-08,0.0014888627920299768,0.7620765566825867,0.5279836654663086,4,0.75,
fixed,1,2709,1.0700632333755493,2.2591564174945233e-07,6.800475239288062e-05,0.6899586319923401,1.0700632333755493,4,0.5,
fixed,1,2710,0.7210000157356262,4.986840451692842e-08,0.0001724625180941075,0.6917509436607361,0.7210000157356262,4,0.5,0.19236969947814941
fixed,1,2711,0.8893755674362183,0.0,0.00562687125056982,1.0211578607559204,0.8893755674362183,4,1.0,
fixed,1,2712,0.368338406085968,7.289050785175277e-08,5.096230597700924e-05,0.8306627869606018,0.368338406085968,4,0.25,
fixed,1,2713,1.074428677558899,2.1639664282702142e-08,0.0016943071968853474,0.7717211842536926,1.074428677558899,4,0.75,
fixed,1,2714,1.0794739723205566,5.5227921791356493e-08,0.0021525067277252674,0.7611082196235657,1.0794739723205566,4,0.75,
fixed,1,2715,1.407186508178711,8.188591493762942e-08,0.00011141996219521388,0.8344094753265381,1.407186508178711,4,0.25,0.12828589975833893
fixed,1,2716,0.9345567226409912,7.626704956464891e-08,0.0,0.8196865320205688,0.9345567226409912,4,0.0,
fixed,1,2717,1.351919412612915,0.06000255048274994,6.948396912775934e-05,0.8013231158256531,1.351919412612915,4,0.75,
fixed,1,2718,0.7077059149742126,1.2711427643807838e-07,0.002190179191529751,0.6992157697677612,0.7077059149742126,4,0.5,
fixed,1,2719,1.6574082374572754,3.988537719123997e-05,0.0,0.7843924164772034,1.6574082374572754,4,0.0,
fixed,1,2720,1.0902053117752075,0.0,0.00036363134859129786,1.2297031879425049,1.0902053117752075,4,1.0,0.4041958749294281
fixed,1,2721,1.0590592622756958,3.25596374750603e-07,0.0,1.3782119750976562,1.0590592622756958,4,0.0,
fixed,1,2722,1.2125440835952759,6.81430094573443e-08,0.0014076067600399256,0.3765387535095215,1.2125440835952759,4,0.25,
fixed,1,2723,1.2674450874328613,3.470532305982488e-07,0.0002128766500391066,0.8393818140029907,1.2674450874328613,4,0.25,
fixed,1,2724,1.5028493404388428,0.00422000652179122,0.00010438548633828759,0.7707881927490234,1.5028493404388428,4,0.25,
fixed,1,2725,0.8393688797950745,1.559863989086807e-07,0.00017495594511274248,0.33635413646698,0.8393688797950745,4,0.5,0.19192993640899658
fixed,1,2726,0.44262465834617615,2.4684528199259148e-08,0.001167762209661305,0.3509857654571533,0.44262465834617615,4,0.25,
fixed,1,2727,1.206655740737915,5.550592163672263e-08,0.0005789938732050359,0.6939167976379395,1.206655740737915,4,0.5,
fixed,1,2728,1.37818443775177,0.05245242267847061,1.2999522368772887e-05,0.6932653784751892,1.37818443775177,4,0.5,
fixed,1,2729,0.9724262356758118,1.487570600033905e-08,0.00018660951172932982,0.7987664937973022,0.9724262356758118,4,0.75,
fixed,1,2730,1.1429449319839478,4.927441565882873e-08,0.004948594607412815,0.7082159519195557,1.1429449319839478,4,0.5,4.013149261474609
fixed,1,2731,1.6402101516723633,1.1944352706905192e-07,0.0,0.8187364339828491,1.6402101516723633,4,0.0,
fixed,1,2732,1.6336877346038818,1.8508949040096923e-08,0.00018088394426740706,0.7948785424232483,1.6336877346038818,4,0.75,
fixed,1,2733,0.8758437633514404,9.515588317299262e-08,4.6221706725191325e-05,0.8307716846466064,0.8758437633514404,4,0.25,
fixed,1,2734,0.546051025390625,4.874187098380389e-08,0.00046681403182446957,0.7872101068496704,0.546051025390625,4,0.75,
fixed,1,2735,0.997447669506073,7.233209942114627e-08,0.0002704423095565289,0.8410336971282959,0.997447669506073,4,0.25,0.2855290472507477
fixed,1,2736,1.4609798192977905,5.829301841231427e-08,3.305987047497183e-05,0.6919883489608765,1.4609798192977905,4,0.5,
fixed,1,2737,1.216973066329956,1.8662555589799013e-07,0.0056679402478039265,0.6776554584503174,1.216973066329956,4,0.5,
fixed,1,2738,1.3734896183013916,0.03669863939285278,0.00013693474465981126,0.31217122077941895,1.3734896183013916,4,0.5,
fixed,1,2739,0.8946707844734192,5.621211940365356e-08,0.00030366232385858893,0.6934662461280823,0.8946707844734192,4,0.5,
fixed,1,2740,1.2108224630355835,3.6742186182436853e-08,0.0017222799360752106,0.695026159286499,1.2108224630355835,4,0.5,1.7121319770812988
fixed,1,2741,2.559141159057617,9.125538724674698e-08,0.0006354139768518507,0.6945754885673523,2.559141159057617,4,0.5,
fixed,1,2742,1.4346814155578613,1.7391089457419184e-08,0.004816735628992319,0.7500261068344116,1.4346814155578613,4,0.75,
fixed,1,2743,1.808870792388916,5.121930612972392e-08,0.002180524868890643,0.6995282769203186,1.808870792388916,4,0.5,
fixed,1,2744,1.0834846496582031,0.051879558712244034,1.0565230695647188e-05,0.6837183237075806,1.0834846496582031,4,0.5,
fixed,1,2745,0.6258718371391296,1.44176590666234e-08,0.00017684331396594644,0.7948463559150696,0.6258718371391296,4,0.75,0.19559144973754883
fixed,1,2746,1.1048924922943115,3.5331815695371915e-08,7.028628169791773e-05,0.3467012643814087,1.1048924922943115,4,0.25,
fixed,1,2747,1.2465927600860596,7.928849754534895e-08,0.0006968168308958411,0.3665456771850586,1.2465927600860596,4,0.25,
fixed,1,2748,1.1507326364517212,0.052855540066957474,0.00047380756586790085,0.7757220268249512,1.1507326364517212,4,0.75,
fixed,1,2749,0.8439655303955078,0.0,0.0014080688124522567,1.1316215991973877,0.8439655303955078,4,1.0,
fixed,1,2750,1.0726945400238037,3.605059077926853e-07,0.0007319244323298335,0.3668926954269409,1.0726945400238037,4,0.25,0.7190233469009399
fixed,1,2751,0.8703908920288086,2.3441691254788566e-08,6.199463678058237e-05,0.684953510761261,0.8703908920288086,4,0.5,
fixed,1,2752,1.0547279119491577,0.02478848397731781,0.0,0.9492164850234985,1.0547279119491577,4,0.25,
fixed,1,2753,0.8015109300613403,1.709035402086556e-08,0.0032659475691616535,0.7058748602867126,0.8015109300613403,4,0.5,
fixed,1,2754,0.9225117564201355,0.045152366161346436,0.0014365812530741096,0.744877815246582,0.9225117564201355,4,0.75,
fixed,1,2755,1.1466575860977173,0.038799069821834564,0.0071070315316319466,0.7115705609321594,1.1466575860977173,4,0.75,3.8315436840057373
fixed,1,2756,1.5482730865478516,0.021953389048576355,0.016116634011268616,0.8012815713882446,1.5482730865478516,4,0.25,
fixed,1,2757,1.7619620561599731,3.780600366098952e-08,0.0,1.382869005203247,1.7619620561599731,4,0.0,
fixed,1,2758,0.9528388977050781,0.01789620704948902,0.0009400431881658733,0.7355875372886658,0.9528388977050781,4,0.5,
fixed,1,2759,1.5443975925445557,1.2522429315708905e-08,0.00022146146511659026,0.8387339115142822,1.5443975925445557,4,0.25,
fixed,1,2760,1.495668888092041,3.3221037032404865e-09,0.0038690967485308647,0.7376187443733215,1.495668888092041,4,0.75,3.5228564739227295
fixed,1,2761,0.5063543915748596,7.7386719254946e-09,0.002080553211271763,0.3844679594039917,0.5063543915748596,4,0.25,
fixed,1,2762,1.838685154914856,0.04790901765227318,0.0,0.3493722677230835,1.838685154914856,4,0.25,
fixed,1,2763,1.2880816459655762,2.188334491393107e-08,0.02756245620548725,0.31183552742004395,1.2880816459655762,4,0.25,
fixed,1,2764,1.6443852186203003,0.0,0.002734947018325329,0.553249716758728,1.6443852186203003,4,0.75,
fixed,1,2765,1.661988615989685,6.872562519077974e-09,0.0007322937017306685,0.8550461530685425,1.661988615989685,4,0.25,0.7754833102226257
fixed,1,2766,0.8518852591514587,3.798405590060838e-09,0.00919230468571186,0.44861066341400146,0.8518852591514587,4,0.75,
fixed,1,2767,0.6258735060691833,0.021396605297923088,0.006853037513792515,0.7635044455528259,0.6258735060691833,4,0.5,
fixed,1,2768,1.4148403406143188,0.05167775973677635,0.0,0.8463616967201233,1.4148403406143188,4,0.25,
fixed,1,2769,2.070736885070801,1.0977393216649034e-08,0.020132850855588913,0.7579576373100281,2.070736885070801,4,0.25,
fixed,1,2770,0.8575887084007263,0.027672484517097473,0.007695302367210388,0.3825218677520752,0.8575887084007263,4,0.75,4.530605792999268
fixed,1,2771,1.8289425373077393,0.005533136427402496,0.01611635647714138,0.8869562149047852,1.8289425373077393,4,0.0,
fixed,1,2772,1.3343027830123901,2.4633704853727068e-08,0.000992301502265036,0.8602670431137085,1.3343027830123901,4,0.25,
fixed,1,2773,1.265885591506958,1.0185658538830467e-08,0.0007979501970112324,0.8554794788360596,1.265885591506958,4,0.25,
fixed,1,2774,1.1603845357894897,9.403256839846108e-09,0.0018694479949772358,0.698803722858429,1.1603845357894897,4,0.5,
fixed,1,2775,1.5879534482955933,0.032838962972164154,0.0010766292689368129,0.7130482792854309,1.5879534482955933,4,0.5,8.999232292175293
fixed,1,2776,0.9976142644882202,1.95230835942084e-08,0.0011111488565802574,0.8605837821960449,0.9976142644882202,4,0.25,
fixed,1,2777,1.2061880826950073,3.7781862260999333e-07,0.0011056856019422412,0.8621866106987,1.2061880826950073,4,0.25,
fixed,1,2778,1.6169465780258179,0.0,0.01719636656343937,0.83881676197052,1.6169465780258179,4,1.0,
fixed,1,2779,1.8786768913269043,9.47554923413918e-09,0.001020161435008049,0.6937478184700012,1.8786768913269043,4,0.5,
fixed,1,2780,1.2874394655227661,6.617198344827102e-09,0.008336521685123444,0.7224085927009583,1.2874394655227661,4,0.5,6.549138069152832
fixed,1,2781,1.3463482856750488,1.8641593158008618e-08,0.011564020998775959,0.9761742353439331,1.3463482856750488,4,0.25,
fixed,1,2782,0.47478997707366943,0.0,0.0052167740650475025,0.988196074962616,0.47478997707366943,4,1.0,
fixed,1,2783,0.9635323286056519,3.7883818748696285e-08,0.00016169383889064193,0.6927638649940491,0.9635323286056519,4,0.5,
fixed,1,2784,1.164147138595581,0.0,0.0029945271089673042,1.0755913257598877,1.164147138595581,4,1.0,
fixed,1,2785,1.332200050354004,3.4285100980468997e-08,2.1715140974265523e-05,0.828188955783844,1.332200050354004,4,0.25,0.027160903438925743
fixed,1,2786,1.0729507207870483,0.04952063411474228,0.00036180324968881905,0.7710123062133789,1.0729507207870483,4,0.75,
fixed,1,2787,0.971470296382904,4.863665459958755e-12,0.0006887394702062011,0.663336455821991,0.971470296382904,4,0.75,
fixed,1,2788,1.4289846420288086,0.053112197667360306,0.00021290709264576435,0.6946997046470642,1.4289846420288086,4,0.5,
fixed,1,2789,0.5772387981414795,7.239854937779455e-08,7.95147570897825e-06,0.8258340358734131,0.5772387981414795,4,0.25,
fixed,1,2790,0.9304245114326477,8.320656519344993e-08,0.0005301269120536745,0.32801353931427,0.9304245114326477,4,0.5,0.5834851264953613
fixed,1,2791,1.5529838800430298,0.04031547158956528,0.001484027598053217,0.308030366897583,1.5529838800430298,4,0.5,
fixed,1,2792,1.4182651042938232,0.061077289283275604,2.0318468159530312e-05,0.34281814098358154,1.4182651042938232,4,0.5,
fixed,1,2793,0.919391393661499,3.964496997355127e-08,0.0001296868285862729,0.6927525997161865,0.919391393661499,4,0.5,
fixed,1,2794,1.5642662048339844,3.946551032640855e-07,0.0003753509372472763,0.693906843662262,1.5642662048339844,4,0.5,
fixed,1,2795,1.6966016292572021,8.139430462961172e-08,0.0005658768932335079,0.6944808959960938,1.6966016292572021,4,0.5,0.6233285069465637
fixed,1,2796,1.286201000213623,7.207386687468897e-08,0.007835031487047672,0.711754560470581,1.286201000213623,4,0.5,
fixed,1,2797,0.8243435621261597,6.488674131333028e-08,0.008157591335475445,0.7148091197013855,0.8243435621261597,4,0.5,
fixed,1,2798,1.4667057991027832,0.0279620960354805,0.0,0.4254595637321472,1.4667057991027832,4,0.25,
fixed,1,2799,0.9784645438194275,7.775765453743588e-08,0.009620548225939274,0.9593044519424438,0.9784645438194275,4,0.25,
fixed,1,2800,0.4989699125289917,7.406075042126758e-08,0.0009383261203765869,0.3703296184539795,0.4989699125289917,4,0.25,1.033972144126892
fixed,1,2801,1.6916953325271606,2.9493344300135504e-07,0.0012644975213333964,0.8652501702308655,1.6916953325271606,4,0.25,
fixed,1,2802,0.999764084815979,5.473177466797097e-08,0.002225027885288,0.5775151252746582,0.999764084815979,4,0.75,
fixed,1,2803,1.5644859075546265,1.4177000196013978e-07,5.7172754168277606e-05,0.8314548134803772,1.5644859075546265,4,0.25,
fixed,1,2804,1.224584698677063,1.3972210410884145e-07,9.99505355139263e-05,0.6921738982200623,1.224584698677063,4,0.5,
fixed,1,2805,1.26352858543396,1.4268999848354724e-07,2.5261102564400062e-05,0.8282895684242249,1.26352858543396,4,0.25,0.0319683738052845
fixed,1,2806,0.7984709143638611,0.03723260015249252,0.000935406656935811,0.7406251430511475,0.7984709143638611,4,0.75,
fixed,1,2807,1.2584757804870605,1.873090695880819e-07,0.0001075026229955256,0.8346856832504272,1.2584757804870605,4,0.25,
fixed,1,2808,1.3803496360778809,2.3282888150788494e-07,1.923680247273296e-05,0.8272547125816345,1.3803496360778809,4,0.25,
fixed,1,2809,1.2531856298446655,1.412292363056622e-07,0.00013990089064463973,0.3361924886703491,1.2531856298446655,4,0.5,
fixed,1,2810,1.0424047708511353,1.0310849773986774e-07,0.0008127399487420917,0.7780395150184631,1.0424047708511353,4,0.75,0.8694875240325928
fixed,1,2811,1.357861042022705,1.21626911209205e-07,0.00021777220536023378,0.33391356468200684,1.357861042022705,4,0.5,
fixed,1,2812,1.3471498489379883,3.148074156911207e-08,0.0002478093665558845,0.7954354882240295,1.3471498489379883,4,0.75,
fixed,1,2813,1.223724365234375,0.026227857917547226,0.0,0.9414463043212891,1.223724365234375,4,0.25,
fixed,1,2814,0.9892021417617798,4.309182344286455e-08,0.0003114643623121083,0.3315298557281494,0.9892021417617798,4,0.5,
fixed,1,2815,1.8189955949783325,1.4617413057749218e-07,0.008234342560172081,0.435388445854187,1.8189955949783325,4,0.25,5.608826637268066
fixed,1,2816,1.0391082763671875,1.5120966168069572e-07,0.00034416525159031153,0.6941118836402893,1.0391082763671875,4,0.5,
fixed,1,2817,1.3718061447143555,0.061040185391902924,9.94283618638292e-05,0.8054073452949524,1.3718061447143555,4,0.75,
fixed,1,2818,1.121089220046997,2.6101114158905148e-08,0.0003001138393301517,0.7969233989715576,1.121089220046997,4,0.75,
fixed,1,2819,0.8751344680786133,0.03283914551138878,0.0,0.9113230109214783,0.8751344680786133,4,0.25,
fixed,1,2820,1.5922337770462036,1.024676947736225e-07,4.1764633351704106e-05,0.6925361156463623,1.5922337770462036,4,0.5,0.0534871481359005
fixed,1,2821,0.9157103300094604,6.344132685853765e-08,0.0008606527699157596,0.6955832839012146,0.9157103300094604,4,0.5,
fixed,1,2822,0.55706787109375,8.695017754689616e-07,7.292353257071227e-05,0.35232365131378174,0.55706787109375,4,0.25,
fixed,1,2823,0.519527018070221,3.397031278495888e-08,0.00030720385257154703,0.6938565969467163,0.519527018070221,4,0.5,
fixed,1,2824,0.7242224812507629,6.791657369831228e-08,0.00014493550406768918,0.8369002938270569,0.7242224812507629,4,0.25,
fixed,1,2825,1.1188533306121826,2.2739507699043315e-07,0.0,1.3790531158447266,1.1188533306121826,4,0.0,0.000339609629008919
fixed,1,2826,0.4594604969024658,1.3070685156435502e-07,0.0012778816744685173,0.6964066028594971,0.4594604969024658,4,0.5,
fixed,1,2827,1.3588457107543945,8.440332521786331e-08,0.0013606742722913623,0.6929565668106079,1.3588457107543945,4,0.5,
fixed,1,2828,0.43251997232437134,1.794167658886181e-08,0.008829016238451004,0.7294349074363708,0.43251997232437134,4,0.75,
fixed,1,2829,0.7276452779769897,6.66835475726657e-08,0.0010535703040659428,0.6965683698654175,0.7276452779769897,4,0.5,
fixed,1,2830,1.3472332954406738,9.549663104735373e-08,0.00020674521510954946,0.8395125269889832,1.3472332954406738,4,0.25,0.2536569833755493
fixed,1,2831,1.024133324623108,2.1768748865724774e-06,0.01262467447668314,0.458889901638031,1.024133324623108,4,0.75,
fixed,1,2832,0.6224698424339294,0.026516297832131386,0.0026396247558295727,0.7135075926780701,0.6224698424339294,4,0.75,
fixed,1,2833,1.534203290939331,9.937457434716634e-08,0.0001348339137621224,0.6932210326194763,1.534203290939331,4,0.5,
fixed,1,2834,1.659840703010559,4.05384597002012e-08,5.259343015495688e-05,0.33997440338134766,1.659840703010559,4,0.5,
fixed,1,2835,1.3573764562606812,9.22842531281276e-08,0.0003090722020715475,0.6935367584228516,1.3573764562606812,4,0.5,0.3584841787815094
fixed,1,2836,1.0600254535675049,1.5335720604525704e-07,0.00041516002966091037,0.6943140029907227,1.0600254535675049,4,0.5,
fixed,1,2837,1.2990224361419678,2.2185301986610284e-06,0.000110937915451359,0.8329594135284424,1.2990224361419678,4,0.25,
fixed,1,2838,0.9018319249153137,4.437667300294379e-08,0.0006898117135278881,0.7845076322555542,0.9018319249153137,4,0.75,
fixed,1,2839,1.2210196256637573,2.1895702673191408e-07,0.0015233397716656327,0.8698388934135437,1.2210196256637573,4,0.25,
fixed,1,2840,1.346757411956787,0.12964804470539093,6.256406777538359e-05,0.9828818440437317,1.346757411956787,4,1.0,22.006196975708008
fixed,1,2841,0.508193850517273,2.233067704082714e-07,0.0007151460158638656,0.6937586069107056,0.508193850517273,4,0.5,
fixed,1,2842,1.0808669328689575,5.877807396359458e-08,0.0008730159024707973,0.7754191160202026,1.0808669328689575,4,0.75,
fixed,1,2843,1.3978673219680786,6.916724260008777e-08,5.80708947381936e-05,0.692783534526825,1.3978673219680786,4,0.5,
fixed,1,2844,1.254131555557251,7.503046361989618e-08,0.012213464826345444,0.7237361073493958,1.254131555557251,4,0.5,
fixed,1,2845,0.9173317551612854,1.0884082257689442e-07,0.0020158947445452213,0.697963535785675,0.9173317551612854,4,0.5,2.0099234580993652
fixed,1,2846,1.3679074048995972,0.0,0.0004682800208684057,1.2235082387924194,1.3679074048995972,4,1.0,
fixed,1,2847,0.5299876928329468,0.05231468752026558,0.0005366863333620131,0.7751798033714294,0.5299876928329468,4,0.75,
fixed,1,2848,0.9723873734474182,1.6310738715219486e-07,0.0023026650305837393,0.882030725479126,0.9723873734474182,4,0.25,
fixed,1,2849,1.5079458951950073,0.016117511317133904,0.00020675035193562508,0.7308493256568909,1.5079458951950073,4,0.5,
fixed,1,2850,1.3747601509094238,0.0538691021502018,0.002466198056936264,1.1144388914108276,1.3747601509094238,4,1.0,2.652007579803467
fixed,1,2851,1.3113902807235718,1.1020279089279938e-07,4.36212940257974e-05,0.8302785754203796,1.3113902807235718,4,0.25,
fixed,1,2852,0.7328571081161499,9.450040039382657e-08,0.0023562826681882143,0.7084367275238037,0.7328571081161499,3,0.75,
fixed,1,2853,0.8844782114028931,2.938310750266737e-08,0.0004067574627697468,0.693382740020752,0.8844782114028931,4,0.5,
fixed,1,2854,1.0080407857894897,3.3505788366028355e-08,0.001280977507121861,0.7686426043510437,1.0080407857894897,4,0.75,
fixed,1,2855,1.3827674388885498,1.794167658886181e-08,0.00016726471949368715,0.7996341586112976,1.3827674388885498,4,0.75,0.21039530634880066
fixed,1,2856,0.3065997064113617,7.482465314012643e-09,0.013492376543581486,0.7128357887268066,0.3065997064113617,4,0.75,
fixed,1,2857,0.9481911063194275,7.049165162698046e-08,4.207977690384723e-05,0.8285691142082214,0.9481911063194275,4,0.25,
fixed,1,2858,1.162686824798584,0.0,0.004190790932625532,1.0381090641021729,1.162686824798584,4,1.0,
fixed,1,2859,1.5019704103469849,5.8366392607922535e-08,0.006164632271975279,0.9271125793457031,1.5019704103469849,4,0.25,
fixed,1,2860,0.9879019260406494,0.015382402576506138,0.0,1.010406494140625,0.9879019260406494,4,0.0,8.144729614257812
fixed,1,2861,1.4787667989730835,5.911473976993875e-08,0.0007776088314130902,0.6951088905334473,1.4787667989730835,4,0.5,
fixed,1,2862,0.6766290068626404,0.05362273380160332,0.0005078797694295645,0.6957322955131531,0.6766290068626404,4,0.5,
fixed,1,2863,0.6398642063140869,8.310607313433138e-08,0.001648708712309599,0.3793985843658447,0.6398642063140869,4,0.25,
fixed,1,2864,0.911382794380188,4.72467789336406e-08,0.003258557990193367,0.7479586601257324,0.911382794380188,4,0.75,
fixed,1,2865,0.9669719338417053,0.025075433775782585,0.0,0.43669700622558594,0.9669719338417053,4,0.25,10.123103141784668
fixed,1,2866,0.6716366410255432,1.1551630052508699e-07,0.0012040399014949799,0.6971484422683716,0.6716366410255432,4,0.5,
fixed,1,2867,0.3945672810077667,7.825866532584769e-08,0.0006802417919971049,0.695298969745636,0.3945672810077667,4,0.5,
fixed,1,2868,1.1871263980865479,0.05725504085421562,0.00016871572006493807,1.240084171295166,1.1871263980865479,4,1.0,
fixed,1,2869,1.6568995714187622,2.1532754601594206e-07,0.0020278566516935825,0.8778101205825806,1.6568995714187622,4,0.25,
fixed,1,2870,0.664616584777832,7.61691651973706e-08,0.00036144486512057483,0.6920380592346191,0.664616584777832,4,0.5,0.3896402418613434
fixed,1,2871,0.9875496625900269,4.635644756945112e-08,0.0005881653050892055,0.6948652863502502,0.9875496625900269,4,0.5,
fixed,1,2872,0.9693179726600647,1.583578423947074e-08,0.008485314436256886,0.7217976450920105,0.9693179726600647,4,0.75,
fixed,1,2873,1.37633216381073,2.452707015265787e-08,0.004022798500955105,0.733235776424408,1.37633216381073,4,0.75,
fixed,1,2874,0.7413130402565002,3.7974359656800516e-08,0.01856756955385208,0.7507936954498291,0.7413130402565002,4,0.25,
fixed,1,2875,1.3878496885299683,1.2115052072658727e-07,0.0,0.816840410232544,1.3878496885299683,4,0.0,0.00010633788770064712
fixed,1,2876,1.5175888538360596,7.755881625826078e-08,0.0001686022587819025,0.8374923467636108,1.5175888538360596,4,0.25,
fixed,1,2877,1.4344052076339722,9.14739644031215e-08,0.0003050544182769954,0.331504225730896,1.4344052076339722,4,0.5,
fixed,1,2878,1.1924684047698975,7.720935002453189e-08,0.007098999340087175,0.7096480131149292,1.1924684047698975,4,0.5,
fixed,1,2879,1.5568084716796875,0.05054403468966484,0.00018414761871099472,0.6946999430656433,1.5568084716796875,4,0.5,
fixed,1,2880,0.9811075329780579,0.055891286581754684,0.0005602611927315593,0.7767990827560425,0.9811075329780579,4,0.75,2.8852837085723877
fixed,1,2881,0.7772301435470581,1.911778326757485e-07,1.3506602044799365e-05,0.8239617347717285,0.7772301435470581,4,0.25,
fixed,1,2882,0.6278954744338989,1.8513379984597123e-07,6.860445864731446e-05,0.832087516784668,0.6278954744338989,4,0.25,
fixed,1,2883,0.9782983064651489,1.218425893512176e-07,0.005175844766199589,0.9168272018432617,0.9782983064651489,4,0.25,
fixed,1,2884,1.0423916578292847,1.5398293840007682e-07,0.012405918911099434,0.9824743270874023,1.0423916578292847,4,0.25,
fixed,1,2885,0.7207886576652527,7.443064475864958e-08,0.00037403585156425834,0.3308361768722534,0.7207886576652527,4,0.5,0.4240061938762665
fixed,1,2886,0.9021680355072021,1.0046579745903728e-07,0.0018751787720248103,0.6977264881134033,0.9021680355072021,4,0.5,
fixed,1,2887,1.087231159210205,9.006875529848912e-07,0.0007840374018996954,0.6954349279403687,1.087231159210205,4,0.5,
fixed,1,2888,0.6379914879798889,3.230435368095641e-07,9.261572267860174e-05,0.8334967494010925,0.6379914879798889,4,0.25,
fixed,1,2889,0.966966986656189,4.72467789336406e-08,0.0026774941943585873,0.7509174942970276,0.966966986656189,4,0.75,
fixed,1,2890,0.9791140556335449,7.443367849191418e-06,0.0009218276827596128,0.6634154915809631,0.9791140556335449,4,0.75,0.9895892143249512
fixed,1,2891,0.401937335729599,3.954053795496293e-07,0.006643862929195166,0.7127865552902222,0.401937335729599,4,0.5,
fixed,1,2892,0.7999985218048096,1.1679861700031324e-07,0.005326385609805584,0.7388030290603638,0.7999985218048096,4,0.75,
fixed,1,2893,0.9616438150405884,2.958261120511452e-07,0.00019441299082245678,0.6926801800727844,0.9616438150405884,4,0.5,
fixed,1,2894,0.9183120727539062,0.055996835231781006,0.0,0.8375431895256042,0.9183120727539062,4,0.25,
fixed,1,2895,1.0443618297576904,1.0649416708474746e-06,0.0,0.8096866607666016,1.0443618297576904,4,0.0,0.0013699058908969164
fixed,1,2896,1.8850666284561157,1.7105237759551528e-07,0.00011869786976603791,0.6896753311157227,1.8850666284561157,4,0.5,
fixed,1,2897,1.4813512563705444,4.64837881963831e-07,0.0,0.8134282231330872,1.4813512563705444,4,0.0,
fixed,1,2898,1.0554417371749878,2.596422064016224e-07,2.7553185645956546e-05,0.34976303577423096,1.0554417371749878,4,0.25,
fixed,1,2899,0.7893275022506714,1.4531458703004319e-07,0.002418447518721223,0.7646496891975403,0.7893275022506714,4,0.75,
fixed,1,2900,0.7956721782684326,1.9851010790716828e-07,0.00033013723441399634,0.7916032671928406,0.7956721782684326,4,0.75,0.38362303376197815
fixed,1,2901,1.1826868057250977,7.950301323944586e-07,0.0001406867813784629,0.8355172276496887,1.1826868057250977,4,0.25,
fixed,1,2902,0.9783301949501038,1.0032655950453773e-07,2.4503166059730574e-05,0.3421804904937744,0.9783301949501038,4,0.5,
fixed,1,2903,0.6636932492256165,0.05541548877954483,0.0,0.8383172750473022,0.6636932492256165,4,0.25,
fixed,1,2904,1.1633141040802002,0.006212461739778519,0.0005386628326959908,0.390872061252594,1.1633141040802002,4,0.5,
fixed,1,2905,1.09391188621521,0.042248375713825226,0.002952567534521222,0.30605387687683105,1.09391188621521,4,0.5,5.967557907104492
fixed,1,2906,0.7498553395271301,2.2652334052963852e-07,5.7172754168277606e-05,0.3514655828475952,0.7498553395271301,4,0.25,
fixed,1,2907,1.489212989807129,9.992757554755372e-08,0.00018045635079033673,0.799032986164093,1.489212989807129,4,0.75,
fixed,1,2908,1.5268486738204956,2.179799025725515e-07,0.00037835471448488533,0.7931259274482727,1.5268486738204956,4,0.75,
fixed,1,2909,1.2940611839294434,1.1679861700031324e-07,0.0037743528373539448,0.7516074776649475,1.2940611839294434,4,0.75,
fixed,1,2910,0.8131782412528992,7.313843042311419e-08,0.00041853077709674835,0.7851482033729553,0.8131782412528992,4,0.75,0.4807111620903015
fixed,1,2911,0.8023365139961243,2.2885868133926124e-07,0.00025400318554602563,0.8409212827682495,0.8023365139961243,4,0.25,
fixed,1,2912,0.7045148611068726,1.1846391601011419e-07,0.0002235832653241232,0.6929694414138794,0.7045148611068726,4,0.5,
fixed,1,2913,1.1262785196304321,1.5548067722193082e-07,0.00011775510211009532,0.8351206183433533,1.1262785196304321,4,0.25,
fixed,1,2914,0.6634448170661926,0.037233155220746994,8.6747866589576e-05,0.7575564384460449,0.6634448170661926,4,0.75,
fixed,1,2915,1.747218132019043,1.4828827943347278e-07,1.8965622075484134e-05,0.8266552090644836,1.747218132019043,4,0.25,0.02242421545088291
fixed,1,2916,1.5309267044067383,6.946645925154371e-08,0.000827858573757112,0.32669365406036377,1.5309267044067383,4,0.5,
fixed,1,2917,0.6174618601799011,6.997773027705989e-08,0.00017771458078641444,0.6918002367019653,0.6174618601799011,4,0.5,
fixed,1,2918,1.4525727033615112,0.046982720494270325,0.0,0.8626042008399963,1.4525727033615112,4,0.25,
fixed,1,2919,0.9877036809921265,3.6910652312371894e-08,0.00033058816916309297,0.33225393295288086,0.9877036809921265,4,0.5,
fixed,1,2920,1.4079393148422241,4.976006096057972e-08,6.855361425550655e-05,0.3522716760635376,1.4079393148422241,4,0.25,0.08436501771211624
fixed,1,2921,1.8010926246643066,1.1226006080278239e-07,0.0,0.817916214466095,1.8010926246643066,4,0.0,
fixed,1,2922,1.0868631601333618,2.9379640054116862e-08,0.0006120906327851117,0.6947174072265625,1.0868631601333618,4,0.5,
fixed,1,2923,1.9376338720321655,2.2190935311527937e-08,0.0009558536694385111,0.6944671869277954,1.9376338720321655,4,0.5,
fixed,1,2924,1.9896925687789917,1.7223648285380477e-08,0.014035110361874104,0.7432218790054321,1.9896925687789917,4,0.5,
fixed,1,2925,1.29636549949646,6.322785139900589e-08,0.0,1.3820239305496216,1.29636549949646,4,0.0,0.0
fixed,1,2926,0.49372896552085876,0.03283916413784027,0.001563915517181158,0.7163979411125183,0.49372896552085876,4,0.5,
fixed,1,2927,0.6683976650238037,4.543010589941332e-08,0.0010297258850187063,0.6957366466522217,0.6683976650238037,4,0.5,
fixed,1,2928,1.665469765663147,0.05216124281287193,0.00023964828869793564,0.6946390271186829,1.665469765663147,4,0.5,
fixed,1,2929,0.6528904438018799,0.04201270267367363,9.858624980552122e-05,0.3172668218612671,0.6528904438018799,4,0.5,
fixed,1,2930,1.3901783227920532,7.482465314012643e-09,0.0003872335946653038,0.789130449295044,1.3901783227920532,4,0.75,0.45984792709350586
fixed,1,2931,0.9623810648918152,1.3629809281212601e-08,0.001907917088828981,0.6977102160453796,0.9623810648918152,4,0.5,
fixed,1,2932,0.6555570363998413,0.0,0.0006311240140348673,1.1926919221878052,0.6555570363998413,4,1.0,
fixed,1,2933,1.6570568084716797,7.198451612566714e-09,0.002817106433212757,0.6971035003662109,1.6570568084716797,4,0.5,
fixed,1,2934,1.8211547136306763,3.7122362073205295e-08,0.0,0.8192285895347595,1.8211547136306763,4,0.0,
fixed,1,2935,0.7248371243476868,0.017636945471167564,0.021395700052380562,0.838608980178833,0.7248371243476868,4,0.25,1.0916450023651123
fixed,1,2936,0.6945763230323792,1.3448717695041523e-08,0.0007528872229158878,0.8554861545562744,0.6945763230323792,4,0.25,
fixed,1,2937,0.7203018069267273,0.06275401264429092,0.003935237880796194,0.6936852931976318,0.7203018069267273,4,0.5,
fixed,1,2938,1.6398555040359497,0.010370433330535889,0.0009917336283251643,0.6982104182243347,1.6398555040359497,4,0.5,
fixed,1,2939,0.7191168665885925,5.504958267010807e-09,0.0017128178151324391,0.6973133683204651,0.7191168665885925,4,0.5,
fixed,1,2940,0.5151384472846985,1.7234649263286883e-09,0.00460865069180727,0.7298668026924133,0.5151384472846985,4,0.75,4.450196266174316
fixed,1,2941,1.4046663045883179,1.3327422720976756e-08,0.00038889102870598435,0.329494833946228,1.4046663045883179,4,0.5,
fixed,1,2942,1.3553138971328735,4.106937012693379e-10,0.008672894909977913,0.443884015083313,1.3553138971328735,4,0.75,
fixed,1,2943,1.017968773841858,0.03669695183634758,0.005524309352040291,0.7090717554092407,1.017968773841858,4,0.75,
fixed,1,2944,0.9762814044952393,3.533351389251038e-09,0.0016060728812590241,0.35289812088012695,0.9762814044952393,4,0.25,
fixed,1,2945,2.301602840423584,2.0168835490608217e-08,0.003176662139594555,0.3953363299369812,2.301602840423584,4,0.25,2.9035792350769043
fixed,1,2946,1.5827760696411133,3.732730124994532e-09,0.013059766963124275,0.4711763858795166,1.5827760696411133,4,0.25,
fixed,1,2947,1.233400583267212,3.7026244292803767e-09,0.025649184361100197,0.54883873462677,1.233400583267212,4,0.0,
fixed,1,2948,1.7005245685577393,1.6121614265784956e-08,0.0004936300101689994,0.3289426565170288,1.7005245685577393,4,0.5,
fixed,1,2949,0.6274605393409729,2.0157586710922715e-09,0.0005483169225044549,0.7837966084480286,0.6274605393409729,4,0.75,
fixed,1,2950,0.9742149114608765,0.04884430766105652,0.000333481963025406,0.7681618928909302,0.9742149114608765,4,0.75,6.92887544631958
fixed,1,2951,1.1289198398590088,1.7327440815506634e-08,0.0002938052057288587,0.3591576814651489,1.1289198398590088,4,0.25,
fixed,1,2952,0.88502037525177,8.130498940772668e-09,0.00020112156926188618,0.8393665552139282,0.88502037525177,4,0.25,
fixed,1,2953,1.0427870750427246,2.1866599642095252e-09,8.555542444810271e-05,0.633188784122467,1.0427870750427246,4,0.5,
fixed,1,2954,1.5241942405700684,6.600121338351528e-09,0.00034331902861595154,0.7929133176803589,1.5241942405700684,4,0.75,
fixed,1,2955,1.0968538522720337,4.680096754583474e-09,0.005621590651571751,0.7294668555259705,1.0968538522720337,4,0.75,4.95786714553833
fixed,1,2956,1.2704992294311523,8.213591584649294e-09,0.003722487250342965,0.7537157535552979,1.2704992294311523,4,0.75,
fixed,1,2957,1.2425570487976074,1.061739673957618e-08,0.00020654816762544215,0.6926117539405823,1.2425570487976074,4,0.5,
fixed,1,2958,0.5022929310798645,6.600121338351528e-09,0.00018696795450523496,0.7931647896766663,0.5022929310798645,4,0.75,
fixed,1,2959,1.2808464765548706,9.973703640753229e-09,8.421265192737337e-06,0.34841227531433105,1.2808464765548706,4,0.25,
fixed,1,2960,1.7040038108825684,4.649055540539848e-08,0.0,0.8208537697792053,1.7040038108825684,4,0.0,7.854869909351692e-05
fixed,1,2961,2.1588919162750244,3.7965591559441236e-08,0.0007317787385545671,0.6927396059036255,2.1588919162750244,4,0.5,
fixed,1,2962,0.5736293196678162,0.03506606072187424,2.3777420210535638e-05,0.758340060710907,0.5736293196678162,4,0.75,
fixed,1,2963,0.9429932832717896,1.05502797609347e-08,8.56629412737675e-06,0.34360575675964355,0.9429932832717896,4,0.5,
fixed,1,2964,0.6535201668739319,2.436446244757917e-08,0.0,0.69091796875,0.6535201668739319,4,0.0,
fixed,1,2965,2.1982905864715576,3.460296227331128e-08,8.442033504252322e-06,0.8252115249633789,2.1982905864715576,4,0.25,0.010147279128432274
fixed,1,2966,1.2755790948867798,0.059385187923908234,1.5921959857223555e-05,0.6925992369651794,1.2755790948867798,4,0.5,
fixed,1,2967,0.5883433818817139,4.1418055651831764e-09,0.00023226902703754604,0.3331775665283203,0.5883433818817139,4,0.5,
fixed,1,2968,1.4904049634933472,2.8140515695440627e-08,0.00016827812942210585,0.838003933429718,1.4904049634933472,4,0.25,
fixed,1,2969,1.2941997051239014,6.403078067762635e-09,0.00026381813222542405,0.7951184511184692,1.2941997051239014,4,0.75,
fixed,1,2970,1.1423165798187256,7.482692687688086e-09,1.300855274166679e-05,0.3467503786087036,1.1423165798187256,4,0.25,0.015345187857747078
fixed,1,2971,0.9159693717956543,0.0,0.0002783330564852804,1.2478668689727783,0.9159693717956543,4,1.0,
fixed,1,2972,1.4268361330032349,7.037755977989946e-08,0.0,1.382149338722229,1.4268361330032349,4,0.0,
fixed,1,2973,0.9727872014045715,4.3878625177740105e-08,8.3882605395047e-06,0.8262941837310791,0.9727872014045715,4,0.25,
fixed,1,2974,0.7671663165092468,2.495514728195758e-08,1.2991571566089988e-05,0.8268405795097351,0.7671663165092468,4,0.25,
fixed,1,2975,0.9861233234405518,1.06070281447046e-08,0.00011855670163640752,0.6927881836891174,0.9861233234405518,4,0.5,0.14108867943286896
fixed,1,2976,1.309630036354065,0.05821738392114639,0.0,0.8318922519683838,1.309630036354065,4,0.25,
fixed,1,2977,1.143038272857666,1.8490821318550843e-08,0.0,0.8216341733932495,1.143038272857666,4,0.0,
fixed,1,2978,0.7538936138153076,9.741070172708532e-09,0.00012828530452679843,0.6918720006942749,0.7538936138153076,4,0.5,
fixed,1,2979,0.7504058480262756,6.601542423823048e-09,0.00047419071779586375,0.32886505126953125,0.7504058480262756,4,0.5,
fixed,1,2980,1.6186567544937134,4.399014930100975e-09,0.004622011911123991,0.7377578616142273,1.6186567544937134,4,0.75,4.068192958831787
fixed,1,2981,0.6360307335853577,5.6470050857626575e-09,0.00040549779077991843,0.7911176085472107,0.6360307335853577,4,0.75,
fixed,1,2982,0.847814679145813,3.0725459509994835e-08,0.0,1.3831981420516968,0.847814679145813,4,0.0,
fixed,1,2983,1.9648264646530151,4.6075356863184425e-09,6.637723708990961e-05,0.33893370628356934,1.9648264646530151,4,0.5,
fixed,1,2984,0.730135977268219,0.05645006522536278,7.065855606924742e-05,0.693458616733551,0.730135977268219,4,0.5,
fixed,1,2985,0.8673467040061951,3.2471188404770146e-08,0.00045923126162961125,0.328374981880188,0.8673467040061951,4,0.5,0.5072060823440552
fixed,1,2986,0.6222696900367737,3.890205046985784e-09,0.0005117318360134959,0.3281670808792114,0.6222696900367737,4,0.5,
fixed,1,2987,0.4278843402862549,1.9228806991122838e-08,0.002676061587408185,0.3905615210533142,0.4278843402862549,4,0.25,
fixed,1,2988,1.3730872869491577,1.4406101911390579e-07,0.0,1.381171703338623,1.3730872869491577,4,0.0,
fixed,1,2989,1.8428846597671509,8.541602980471907e-09,0.005722647067159414,0.70592200756073,1.8428846597671509,4,0.5,
fixed,1,2990,0.6914438605308533,3.4549746175116525e-08,0.0032219646964222193,0.31434309482574463,0.6914438605308533,4,0.5,2.8575398921966553
fixed,1,2991,0.8090529441833496,6.403078067762635e-09,0.002446644939482212,0.7513921856880188,0.8090529441833496,4,0.75,
fixed,1,2992,1.8613371849060059,0.035067442804574966,0.001146712340414524,0.7328855991363525,1.8613371849060059,4,0.75,
fixed,1,2993,1.005642294883728,2.2424655909958346e-08,0.0007584427949041128,0.6935307383537292,1.005642294883728,4,0.5,
fixed,1,2994,0.5456644892692566,0.040806323289871216,0.00023260586021933705,1.123598575592041,0.5456644892692566,4,1.0,
fixed,1,2995,0.6872398853302002,2.4508404194989453e-08,0.012096663936972618,0.7095469832420349,0.6872398853302002,4,0.75,7.916679382324219
fixed,1,2996,1.2701644897460938,2.777815488741453e-08,0.000262515532085672,0.35838258266448975,1.2701644897460938,4,0.25,
fixed,1,2997,1.2843152284622192,4.901604825136019e-06,0.00023535860236734152,0.8363324403762817,1.2843152284622192,4,0.25,
fixed,1,2998,0.755946695804596,4.215778837135531e-09,0.0005297066527418792,0.3270672559738159,0.755946695804596,4,0.5,
fixed,1,2999,1.240886926651001,1.815596206711234e-08,0.00023960968246683478,0.6919763088226318,1.240886926651001,4,0.5,
fixed,1,3000,1.3735322952270508,1.882587419288484e-08,0.006997695192694664,0.9352128505706787,1.3735322952270508,4,0.25,4.540838241577148
fixed,1,3001,1.5641002655029297,0.020570384338498116,0.0007833611452952027,0.7134841680526733,1.5641002655029297,4,0.75,
fixed,1,3002,1.1146786212921143,0.056355688720941544,0.0005772346630692482,1.1759551763534546,1.1146786212921143,4,1.0,
fixed,1,3003,0.9601865410804749,0.0197529848664999,0.0005448076990433037,0.46373051404953003,0.9601865410804749,4,0.75,
fixed,1,3004,1.3026704788208008,1.0442390063758467e-08,0.000601055333390832,0.6941413283348083,1.3026704788208008,4,0.5,
fixed,1,3005,1.1774818897247314,5.339286790473352e-09,0.006983011495321989,0.7090062499046326,1.1774818897247314,4,0.5,5.075867652893066
fixed,1,3006,1.8877129554748535,1.2847880981325943e-08,0.00014081265544518828,0.8368564248085022,1.8877129554748535,4,0.25,
fixed,1,3007,1.4264028072357178,3.422479188941452e-09,0.0001062311275745742,0.7918832898139954,1.4264028072357178,4,0.75,
fixed,1,3008,0.5459086894989014,2.119127984201441e-08,0.0,1.3836818933486938,0.5459086894989014,4,0.0,
fixed,1,3009,0.6092835664749146,1.4760885846953897e-08,0.0009915411937981844,0.37127459049224854,0.6092835664749146,4,0.25,
fixed,1,3010,0.5505438446998596,7.301118376545901e-09,0.0007117282366380095,0.8548254370689392,0.5505438446998596,4,0.25,0.7937999367713928
fixed,1,3011,0.7554597854614258,1.0899290359134284e-08,0.0,1.3843239545822144,0.7554597854614258,4,0.0,
fixed,1,3012,1.9044833183288574,2.3230047219158223e-08,9.873545059235767e-05,0.834141731262207,1.9044833183288574,4,0.25,
fixed,1,3013,1.3837838172912598,0.08843908458948135,0.0,0.7057857513427734,1.3837838172912598,4,0.5,
fixed,1,3014,1.3734195232391357,2.8099108817514207e-08,6.688205758109689e-05,0.8320243954658508,1.3734195232391357,4,0.25,
fixed,1,3015,1.7164664268493652,2.015611855199495e-08,0.0004884311929345131,0.8443874716758728,1.7164664268493652,4,0.25,0.4554547369480133
fixed,1,3016,1.021791934967041,4.289536725821108e-09,0.00844823569059372,0.30327558517456055,1.021791934967041,4,0.5,
fixed,1,3017,1.4397647380828857,6.962711296409907e-09,0.01716824807226658,0.7244786024093628,1.4397647380828857,4,0.25,
fixed,1,3018,1.242727279663086,7.765198262177364e-09,0.0001336644490947947,0.8355236053466797,1.242727279663086,4,0.25,
fixed,1,3019,0.9259530305862427,1.0777568837383456e-09,0.0012186707463115454,0.31958043575286865,0.9259530305862427,4,0.5,
fixed,1,3020,0.9102307558059692,4.261738073552124e-09,0.009856597520411015,0.7214935421943665,0.9102307558059692,4,0.75,6.162036418914795
fixed,1,3021,1.2307583093643188,0.0,0.0020393994636833668,1.0946784019470215,1.2307583093643188,4,1.0,
fixed,1,3022,0.969077467918396,3.763587219651754e-09,0.01276322454214096,0.7143153548240662,0.969077467918396,4,0.75,
fixed,1,3023,1.1609711647033691,5.225999188951391e-09,0.0001863108336692676,0.6908916234970093,1.1609711647033691,4,0.5,
fixed,1,3024,0.8742277026176453,0.04006863012909889,0.0061651007272303104,0.7257081270217896,0.8742277026176453,4,0.5,
fixed,1,3025,0.5660733580589294,4.357875393878885e-09,0.0002026666479650885,0.33525681495666504,0.5660733580589294,4,0.5,0.2287585288286209
fixed,1,3026,0.6705501675605774,3.402853820944074e-08,0.0005007028812542558,0.6910204291343689,0.6705501675605774,4,0.5,
fixed,1,3027,1.2685258388519287,2.156704681510746e-08,0.0003603851073421538,0.8449077606201172,1.2685258388519287,4,0.25,
fixed,1,3028,1.6202641725540161,0.052297286689281464,0.00307541829533875,0.7379050254821777,1.6202641725540161,4,0.75,
fixed,1,3029,1.1063477993011475,1.2080290545668504e-08,0.00025938934413716197,0.6922187805175781,1.1063477993011475,4,0.5,
fixed,1,3030,1.3410619497299194,6.011016129292557e-09,0.0001556019124109298,0.7979113459587097,1.3410619497299194,4,0.75,0.18382130563259125
fixed,1,3031,0.78103107213974,0.029117712751030922,0.0002854203339666128,0.5298486948013306,0.78103107213974,4,0.75,
fixed,1,3032,1.8054111003875732,5.898012389593532e-08,0.007443779148161411,0.9396973848342896,1.8054111003875732,4,0.25,
fixed,1,3033,0.5918662548065186,0.026515327394008636,0.0,0.4313228130340576,0.5918662548065186,4,0.25,
fixed,1,3034,1.807397484779358,4.680096754583474e-09,0.009171491488814354,0.7202321290969849,1.807397484779358,4,0.75,
fixed,1,3035,0.8531090617179871,0.03749711066484451,6.891731754876673e-05,0.3138066530227661,0.8531090617179871,4,0.5,10.170269012451172
fixed,1,3036,1.155663251876831,2.8126564188823977e-08,0.00023297073494177312,0.840455949306488,1.155663251876831,4,0.25,
fixed,1,3037,0.9745680093765259,0.025938840582966805,0.002362775383517146,0.7140125036239624,0.9745680093765259,4,0.75,
fixed,1,3038,1.5528203248977661,3.590701780353811e-08,0.011956524103879929,0.705181360244751,1.5528203248977661,4,0.5,
fixed,1,3039,1.5282270908355713,1.8161362191904118e-08,0.0002784472017083317,0.8415766358375549,1.5282270908355713,4,0.25,
fixed,1,3040,0.5744771957397461,0.0,0.0011277354788035154,1.1507089138031006,0.5744771957397461,4,1.0,1.2010964155197144
fixed,1,3041,0.32884669303894043,3.5148330912448955e-09,0.0,1.3844743967056274,0.32884669303894043,4,0.0,
fixed,1,3042,1.1847386360168457,9.979142845395472e-09,4.722313315141946e-05,0.8243604898452759,1.1847386360168457,4,0.25,
fixed,1,3043,1.0401273965835571,0.028829731047153473,0.0012608910910785198,0.7238466739654541,1.0401273965835571,4,0.75,
fixed,1,3044,1.140873670578003,1.0962670771164085e-08,2.237587068520952e-05,0.8269616961479187,1.140873670578003,4,0.25,
fixed,1,3045,1.5413916110992432,0.0579039603471756,0.0005983441369608045,1.2001092433929443,1.5413916110992432,4,1.0,1.9433420896530151
fixed,1,3046,0.6878355741500854,5.829864591078149e-09,0.005476232152432203,0.7266002297401428,0.6878355741500854,4,0.75,
fixed,1,3047,0.7529892325401306,0.0,0.0012134938733652234,1.1480369567871094,0.7529892325401306,4,1.0,
fixed,1,3048,1.7647188901901245,1.1080835804477829e-08,0.00022200160310603678,0.690610408782959,1.7647188901901245,4,0.5,
fixed,1,3049,1.200738549232483,8.053589795053995e-09,0.0002404156984994188,0.35791587829589844,1.200738549232483,4,0.25,
fixed,1,3050,1.0973116159439087,5.4942397298418655e-08,0.0020815429743379354,0.8786242604255676,1.0973116159439087,4,0.25,1.9097998142242432
fixed,1,3051,1.2364585399627686,9.767326503151708e-09,9.848744957707822e-05,0.35363292694091797,1.2364585399627686,4,0.25,
fixed,1,3052,0.8451769351959229,0.025362765416502953,0.00023959294776432216,0.715343177318573,0.8451769351959229,4,0.5,
fixed,1,3053,1.2565194368362427,5.728346685884844e-09,0.0004281671135686338,0.3621070384979248,1.2565194368362427,4,0.25,
fixed,1,3054,1.1447945833206177,4.810793541309977e-09,0.0004135747440159321,0.6940492987632751,1.1447945833206177,4,0.5,
fixed,1,3055,0.8465790152549744,0.01661808229982853,0.016138490289449692,0.3441503047943115,0.8465790152549744,4,0.5,0.8610814809799194
fixed,1,3056,0.7772545218467712,0.0956583172082901,0.0006512108375318348,1.0629284381866455,0.7772545218467712,4,1.0,
fixed,1,3057,1.3477587699890137,8.40606251273357e-09,0.0,0.8221967816352844,1.3477587699890137,4,0.0,
fixed,1,3058,0.8431896567344666,6.496725823978977e-09,0.0007525290711782873,0.8557701110839844,0.8431896567344666,4,0.25,
fixed,1,3059,1.3318572044372559,1.3426328937526932e-09,0.00863700732588768,0.7169314622879028,1.3318572044372559,4,0.75,
fixed,1,3060,1.6663529872894287,4.834658007268899e-09,0.005401850678026676,0.7086178064346313,1.6663529872894287,4,0.5,4.492514610290527
fixed,1,3061,1.115365982055664,3.9051730738037804e-09,0.0005375007167458534,0.8503607511520386,1.115365982055664,4,0.25,
fixed,1,3062,1.1712790727615356,0.046554554253816605,0.0006729316082783043,0.697668731212616,1.1712790727615356,4,0.5,
fixed,1,3063,1.5478798151016235,0.07339577376842499,0.004154019523411989,0.8964020609855652,1.5478798151016235,4,1.0,
fixed,1,3064,1.4140909910202026,0.0,0.01002403162419796,0.942891001701355,1.4140909910202026,4,1.0,
fixed,1,3065,1.2972605228424072,2.5911852663540458e-09,0.031132442876696587,0.5831236243247986,1.2972605228424072,4,0.0,9.90872859954834
fixed,1,3066,0.9611006379127502,4.077897575172074e-09,0.004958374425768852,0.7048178911209106,0.9611006379127502,4,0.5,
fixed,1,3067,0.7241116762161255,0.016117701306939125,0.013218688778579235,0.7856172323226929,0.7241116762161255,4,1.0,
fixed,1,3068,1.0279955863952637,0.02738364040851593,0.005653439089655876,0.7445904612541199,1.0279955863952637,4,0.5,
fixed,1,3069,1.1337344646453857,3.5740372883452665e-09,0.0036196850705891848,0.7065932750701904,1.1337344646453857,4,0.5,
fixed,1,3070,1.389182686805725,1.7970535060030102e-09,0.001819511759094894,0.3153890371322632,1.389182686805725,4,0.5,1.9101890325546265
fixed,1,3071,0.6521734595298767,2.4420903077526646e-09,0.0026054810732603073,0.7027573585510254,0.6521734595298767,4,0.5,
fixed,1,3072,0.9197793006896973,2.841044954848826e-09,0.004272325895726681,0.7360289692878723,0.9197793006896973,4,0.75,
fixed,1,3073,0.6787872910499573,3.7021519183610963e-09,0.0003501461469568312,0.3605135679244995,0.6787872910499573,4,0.25,
fixed,1,3074,1.3847631216049194,5.753376886019623e-09,0.009825477376580238,0.7309008836746216,1.3847631216049194,4,0.5,
fixed,1,3075,1.3386919498443604,7.7919848351371e-09,0.006433056201785803,0.9303547143936157,1.3386919498443604,4,0.25,5.091780185699463
fixed,1,3076,0.6801728010177612,5.100879718611395e-09,0.0010462780483067036,0.6967277526855469,0.6801728010177612,4,0.5,
fixed,1,3077,1.188364863395691,7.66033281252021e-09,0.0009391515632160008,0.3705545663833618,1.188364863395691,4,0.25,
fixed,1,3078,0.8937234878540039,9.353140484336109e-09,0.0039352006278932095,0.40227168798446655,0.8937234878540039,4,0.25,
fixed,1,3079,0.9202430248260498,0.04206541180610657,0.0005370848230086267,0.6926419138908386,0.9202430248260498,4,0.75,
fixed,1,3080,1.013069987297058,1.0197772404296757e-08,0.0004406682855915278,0.8474075198173523,1.013069987297058,4,0.25,0.47374534606933594
fixed,1,3081,1.210723876953125,1.3451723290813788e-08,0.00302566634491086,0.8923750519752502,1.210723876953125,4,0.25,
fixed,1,3082,0.6258946061134338,8.004239049341777e-09,0.0019046911038458347,0.6999629735946655,0.6258946061134338,4,0.5,
fixed,1,3083,1.4854377508163452,6.597700608068635e-09,0.031702227890491486,0.6913245320320129,1.4854377508163452,4,0.5,
fixed,1,3084,1.180357813835144,8.787203853444225e-09,0.0006353186909109354,0.6891742944717407,1.180357813835144,4,0.5,
fixed,1,3085,1.6171547174453735,1.3429792389274553e-08,4.632428681361489e-05,0.8309561610221863,1.6171547174453735,4,0.25,0.05472555011510849
fixed,1,3086,0.8195037841796875,6.398309437827265e-09,0.00021669219131581485,0.7966514229774475,0.8195037841796875,4,0.75,
fixed,1,3087,0.8039284944534302,2.6660455176852338e-08,0.0,1.3833515644073486,0.8039284944534302,4,0.0,
fixed,1,3088,1.4224636554718018,2.5279534909827817e-08,0.0030782376416027546,0.7586517333984375,1.4224636554718018,4,0.75,
fixed,1,3089,1.5684223175048828,1.8659850553603974e-08,1.8569153326097876e-05,0.6905513405799866,1.5684223175048828,4,0.5,
fixed,1,3090,2.155142307281494,4.3916124070619844e-08,4.125296982238069e-05,0.8299214839935303,2.155142307281494,4,0.25,0.051376424729824066
fixed,1,3091,2.1755831241607666,5.348640286229056e-08,3.218147685402073e-05,0.829434871673584,2.1755831241607666,4,0.25,
fixed,1,3092,1.4513218402862549,1.4483370058826495e-08,0.0009365396690554917,0.3242990970611572,1.4513218402862549,4,0.5,
fixed,1,3093,1.2542462348937988,1.7391089457419184e-08,0.002199514303356409,0.7723371386528015,1.2542462348937988,4,0.75,
fixed,1,3094,2.116790533065796,6.420064835310768e-08,3.4529184631537646e-05,0.8289728164672852,2.116790533065796,4,0.25,
fixed,1,3095,0.5995428562164307,0.04471183940768242,1.1068018466176e-05,0.7788599729537964,0.5995428562164307,4,0.75,6.8900465965271
fixed,1,3096,0.7347368597984314,0.054107386618852615,7.607036877743667e-06,0.6934729218482971,0.7347368597984314,4,0.5,
fixed,1,3097,1.1846559047698975,6.260459173290656e-08,1.8654275208973559e-06,0.3454529047012329,1.1846559047698975,4,0.5,
fixed,1,3098,1.283048152923584,2.0318937643537538e-08,3.2820906199049205e-05,0.811464250087738,1.283048152923584,4,0.75,
fixed,1,3099,0.8632668256759644,0.02767094410955906,2.475255314493552e-06,0.6960198879241943,0.8632668256759644,4,0.5,
fixed,1,3100,0.9916951060295105,1.6181056494701807e-08,6.102865154389292e-05,0.6915689706802368,0.9916951060295105,4,0.5,0.07501333951950073
fixed,1,3101,1.7448068857192993,1.689510931157656e-08,1.9673159840749577e-05,0.6873247027397156,1.7448068857192993,4,0.5,
fixed,1,3102,1.085133671760559,0.10567618906497955,4.91269092890434e-05,0.7767576575279236,1.085133671760559,4,0.75,
fixed,1,3103,1.5932941436767578,7.165242976725494e-08,8.491810149280354e-06,0.8212799429893494,1.5932941436767578,4,0.25,
fixed,1,3104,1.9078558683395386,1.6938438207603213e-08,0.0,0.8216812610626221,1.9078558683395386,4,0.0,
fixed,1,3105,1.2918200492858887,0.0,0.0003928395453840494,1.2276860475540161,1.2918200492858887,4,1.0,0.4424063265323639
fixed,1,3106,1.3769676685333252,2.21591758275963e-08,0.0,1.3837968111038208,1.3769676685333252,4,0.0,
fixed,1,3107,1.6116681098937988,1.3602123871692129e-08,0.0,0.8212800025939941,1.6116681098937988,4,0.0,
fixed,1,3108,1.3276034593582153,4.224013139264571e-09,0.03534591570496559,0.7663533091545105,1.3276034593582153,4,0.25,
fixed,1,3109,1.5606355667114258,1.5861932212146712e-08,3.037852184206713e-05,0.8140049576759338,1.5606355667114258,4,0.25,
fixed,1,3110,1.585770606994629,2.2851196490591974e-09,0.0006943647749722004,0.7624558210372925,1.585770606994629,4,0.75,0.7316749691963196
fixed,1,3111,0.8235473036766052,0.05571421608328819,0.0,0.8394582271575928,0.8235473036766052,4,0.25,
fixed,1,3112,0.7156298756599426,3.5695797429013965e-09,0.000585531466640532,0.3650360107421875,0.7156298756599426,4,0.25,
fixed,1,3113,1.169451355934143,0.009621179662644863,0.0,1.0649446249008179,1.169451355934143,4,0.0,
fixed,1,3114,1.7125022411346436,5.69358604707304e-09,1.4680208550998941e-05,0.8249993324279785,1.7125022411346436,4,0.25,
fixed,1,3115,1.7633906602859497,5.8352918053117264e-09,0.0,0.822597861289978,1.7633906602859497,4,0.0,0.0
fixed,1,3116,0.7622492909431458,0.0,0.008283666335046291,0.9364286661148071,0.7622492909431458,4,1.0,
fixed,1,3117,0.9242101907730103,0.0,0.0023564656730741262,1.1056675910949707,0.9242101907730103,4,1.0,
fixed,1,3118,1.4235098361968994,2.4058970371498845e-09,0.016685478389263153,0.7467706799507141,1.4235098361968994,4,0.5,
fixed,1,3119,1.3377904891967773,1.6187051699034782e-09,0.022236941382288933,0.6961912512779236,1.3377904891967773,4,0.5,
fixed,1,3120,1.0530420541763306,2.586501901546967e-09,0.008754144422709942,0.7187247276306152,1.0530420541763306,4,0.75,6.486372470855713
fixed,1,3121,1.0702048540115356,0.05486126244068146,0.00204279413446784,0.7545117139816284,1.0702048540115356,4,0.75,
fixed,1,3122,1.4553322792053223,0.018948519602417946,0.014542818069458008,0.7706340551376343,1.4553322792053223,4,1.0,
fixed,1,3123,0.8924537897109985,0.01240729819983244,0.0005371594452299178,0.7458136081695557,0.8924537897109985,4,0.25,
fixed,1,3124,0.734623372554779,1.3794496211971818e-08,0.0002079256810247898,0.6926059722900391,0.734623372554779,4,0.5,
fixed,1,3125,2.24398136138916,0.011942211538553238,0.0,1.0143537521362305,2.24398136138916,4,0.0,6.566135406494141
fixed,1,3126,1.0956003665924072,4.978290224499915e-09,0.006121651269495487,0.7215377688407898,1.0956003665924072,4,0.75,
fixed,1,3127,1.2830686569213867,0.004464957397431135,9.86868908512406e-05,0.6866462826728821,1.2830686569213867,4,0.5,
fixed,1,3128,0.7964614629745483,9.60204715738655e-09,0.0032536140643060207,0.7519960403442383,0.7964614629745483,4,0.75,
fixed,1,3129,0.7441277503967285,1.4328724873280407e-08,0.00013253533688839525,0.8366004228591919,0.7441277503967285,4,0.25,
fixed,1,3130,1.5497318506240845,1.6953384474049926e-08,1.4223192010831553e-05,0.8259394764900208,1.5497318506240845,4,0.25,0.01705966889858246
fixed,1,3131,1.0270121097564697,2.012268396356376e-08,0.00038261848385445774,0.8450461626052856,1.0270121097564697,4,0.25,
fixed,1,3132,0.975864827632904,9.773317266592585e-09,0.008059203624725342,0.7070974111557007,0.975864827632904,4,0.5,
fixed,1,3133,0.5474430322647095,7.721514982961253e-09,7.09767482476309e-05,0.7897174954414368,0.5474430322647095,4,0.75,
fixed,1,3134,0.9452811479568481,1.8690698766477e-08,0.0,0.821747899055481,0.9452811479568481,4,0.0,
fixed,1,3135,0.8303495645523071,1.8923568489981335e-08,0.0017064345302060246,0.6949028372764587,0.8303495645523071,4,0.5,1.4943665266036987
fixed,1,3136,1.4878695011138916,0.01637887768447399,0.00017621291044633836,0.7231830358505249,1.4878695011138916,4,0.5,
fixed,1,3137,0.848141074180603,1.1642947050916064e-08,0.004726521670818329,0.7063373923301697,0.848141074180603,4,0.5,
fixed,1,3138,1.0832157135009766,1.0219083357299041e-08,0.00043788208859041333,0.7200878262519836,1.0832157135009766,4,0.75,
fixed,1,3139,1.7218989133834839,3.1574822401125857e-07,0.000166230762260966,0.8348757028579712,1.7218989133834839,4,0.25,
fixed,1,3140,1.72673499584198,2.5908196477075762e-08,2.826462377925054e-06,0.810426652431488,1.72673499584198,4,0.25,0.003046379890292883
fixed,1,3141,1.5863845348358154,1.0222095170320245e-08,4.8897447413764894e-05,0.7445904016494751,1.5863845348358154,4,0.75,
fixed,1,3142,0.6305151581764221,1.534832350102988e-08,0.0018815890653058887,0.30205821990966797,0.6305151581764221,4,0.5,
fixed,1,3143,1.2368221282958984,2.2841759061975608e-07,0.0,1.3795008659362793,1.2368221282958984,4,0.0,
fixed,1,3144,1.5840891599655151,2.837478874084809e-08,1.0003319630413898e-06,0.8160191774368286,1.5840891599655151,4,0.25,
fixed,1,3145,1.3104074001312256,9.30935950549383e-09,0.0004997526993975043,0.7640668153762817,1.3104074001312256,4,0.75,0.481364369392395
fixed,1,3146,1.0339395999908447,1.1584450732016194e-08,4.5268647227203473e-05,0.7882902026176453,1.0339395999908447,4,0.75,
fixed,1,3147,1.2672145366668701,3.92545089766827e-08,0.0005401197704486549,0.8188700079917908,1.2672145366668701,4,0.25,
fixed,1,3148,1.5787230730056763,4.6962082933532656e-07,5.9116129705216736e-05,0.7600302696228027,1.5787230730056763,4,0.25,
fixed,1,3149,1.478292465209961,4.8831783061586975e-08,0.0,0.8206613063812256,1.478292465209961,4,0.0,
fixed,1,3150,1.060683250427246,0.0,0.002709166379645467,1.120100975036621,1.060683250427246,4,1.0,1.6811835765838623
fixed,1,3151,1.257043719291687,1.0969790054105033e-07,4.5501201384468004e-07,0.8184866309165955,1.257043719291687,4,0.25,
fixed,1,3152,1.4837528467178345,1.7933691864868706e-08,0.0012155045988038182,0.7609917521476746,1.4837528467178345,4,0.75,
fixed,1,3153,1.2760869264602661,1.6929395485476562e-07,4.238183464622125e-06,0.8244671821594238,1.2760869264602661,4,0.25,
fixed,1,3154,1.3430771827697754,0.06178499013185501,4.789027116203215e-06,0.6866628527641296,1.3430771827697754,4,0.5,
fixed,1,3155,1.468611717224121,5.2923553539585555e-08,2.0927789591951296e-05,0.6900901198387146,1.468611717224121,4,0.5,0.02542453072965145
fixed,1,3156,0.6177623867988586,1.969925556011276e-08,4.334598270361312e-05,0.8124824166297913,0.6177623867988586,4,0.75,
fixed,1,3157,0.7226976156234741,3.5848596979803915e-08,8.829356374917552e-06,0.6913084983825684,0.7226976156234741,4,0.5,
fixed,1,3158,1.1418894529342651,1.6981950068384322e-07,4.801104296348058e-05,0.8114339709281921,1.1418894529342651,4,0.75,
fixed,1,3159,0.7826589345932007,0.0,5.286230953061022e-05,1.3172237873077393,0.7826589345932007,4,1.0,
fixed,1,3160,1.3667032718658447,0.0601695291697979,1.7729002138366923e-05,1.3213791847229004,1.3667032718658447,4,1.0,1.2293821573257446
fixed,1,3161,1.661590814590454,0.06119091436266899,1.1806910151790362e-05,0.6894978284835815,1.661590814590454,4,0.5,
fixed,1,3162,1.0787862539291382,3.78930167244107e-08,9.588237844582181e-06,0.6893516778945923,1.0787862539291382,4,0.5,
fixed,1,3163,1.354495644569397,4.601032799200766e-08,1.640243863221258e-05,0.6892145872116089,1.354495644569397,4,0.5,
fixed,1,3164,1.5897260904312134,5.2664894667486806e-08,0.0023126264568418264,0.8788822293281555,1.5897260904312134,4,0.25,
fixed,1,3165,1.1270110607147217,1.5618341819845227e-07,0.0001478925987612456,0.6911289691925049,1.1270110607147217,4,0.5,0.1655137985944748
fixed,1,3166,0.8668097853660583,5.6486069155425866e-08,0.00012315920321270823,0.6926783323287964,0.8668097853660583,4,0.5,
fixed,1,3167,0.6254810690879822,2.097532991740536e-08,0.0007511836010962725,0.32424163818359375,0.6254810690879822,4,0.5,
fixed,1,3168,1.6211901903152466,8.063679501901788e-07,0.0001369131205137819,0.8352157473564148,1.6211901903152466,4,0.25,
fixed,1,3169,1.6295411586761475,0.04316345229744911,0.001467651454731822,0.7381274700164795,1.6295411586761475,4,0.75,
fixed,1,3170,0.605728268623352,9.60204715738655e-09,8.685798820806667e-05,0.7970498204231262,0.605728268623352,4,0.75,0.09283529222011566
fixed,1,3171,1.702580451965332,0.0547732375562191,0.0,0.8409155607223511,1.702580451965332,4,0.25,
fixed,1,3172,1.2886698246002197,0.05575186759233475,0.00016628150478936732,0.7862462401390076,1.2886698246002197,4,0.75,
fixed,1,3173,0.5058987140655518,0.03227020800113678,0.0004876907041762024,1.0447357892990112,0.5058987140655518,4,1.0,
fixed,1,3174,1.511689305305481,1.1844396574645089e-08,0.0007856989977881312,0.6844679117202759,1.511689305305481,4,0.5,
fixed,1,3175,1.4121297597885132,1.3794657860444204e-08,0.0001501152291893959,0.35534632205963135,1.4121297597885132,4,0.25,0.16961416602134705
fixed,1,3176,1.0213500261306763,7.030626747450697e-09,0.003070547478273511,0.7417357563972473,1.0213500261306763,4,0.75,
fixed,1,3177,0.8444952368736267,4.040769852053927e-08,0.0012789028696715832,0.7676151990890503,0.8444952368736267,4,0.75,
fixed,1,3178,0.6425894498825073,6.597700608068635e-09,0.0007168952142819762,0.7788944244384766,0.6425894498825073,4,0.75,
fixed,1,3179,2.008808135986328,0.017897021025419235,0.0,0.47191542387008667,2.008808135986328,4,0.25,
fixed,1,3180,1.0341533422470093,1.0391003613108296e-08,0.017377210780978203,0.49688297510147095,1.0341533422470093,4,0.0,7.938061714172363
fixed,1,3181,1.630600929260254,7.847388516779574e-09,0.006755737122148275,0.30454277992248535,1.630600929260254,4,0.5,
fixed,1,3182,1.177892804145813,3.3186688952469012e-09,0.008477134630084038,0.7082871794700623,1.177892804145813,4,0.75,
fixed,1,3183,1.5308866500854492,3.023381545119719e-09,0.004692554473876953,0.7299527525901794,1.5308866500854492,4,0.75,
fixed,1,3184,1.2153962850570679,0.01921543851494789,0.0027668492402881384,0.7011518478393555,1.2153962850570679,4,0.75,
fixed,1,3185,1.280819058418274,8.474928314683439e-09,0.017084293067455292,0.6969576478004456,1.280819058418274,4,0.75,10.569202423095703
fixed,1,3186,0.2822476029396057,2.5348041887696127e-08,0.0015073352260515094,0.3174387216567993,0.2822476029396057,4,0.5,
fixed,1,3187,1.1912740468978882,8.24314412284366e-08,0.0,0.8177587389945984,1.1912740468978882,4,0.0,
fixed,1,3188,1.7989604473114014,2.8173637645068084e-08,2.7790540116257034e-05,0.8287381529808044,1.7989604473114014,4,0.25,
fixed,1,3189,1.3957880735397339,1.3145731259101012e-07,0.0015418054535984993,0.6966800093650818,1.3957880735397339,4,0.5,
fixed,1,3190,1.32005774974823,1.271416127934799e-08,0.006724528037011623,0.7225869297981262,1.32005774974823,4,0.75,5.495525360107422
fixed,1,3191,1.960875391960144,0.056618258357048035,0.007109608966857195,0.9748426675796509,1.960875391960144,4,1.0,
fixed,1,3192,0.9487008452415466,7.648247901670402e-08,0.00034253200283274055,0.6931140422821045,0.9487008452415466,4,0.5,
fixed,1,3193,1.0575892925262451,3.123300373886195e-08,0.007287049666047096,0.7094175815582275,1.0575892925262451,4,0.5,
fixed,1,3194,0.9056581854820251,0.03026820346713066,0.00018945410556625575,0.7078243494033813,0.9056581854820251,4,0.5,
fixed,1,3195,0.9745631814002991,3.593914073007909e-07,0.00010984018445014954,0.3373004198074341,0.9745631814002991,4,0.5,0.12688669562339783
fixed,1,3196,0.5249423384666443,1.9141479512541082e-08,7.60261100367643e-05,0.34678614139556885,0.5249423384666443,4,0.25,
fixed,1,3197,0.8165953755378723,0.11275610327720642,0.0005225351778790355,1.1737802028656006,0.8165953755378723,4,1.0,
fixed,1,3198,1.0611234903335571,0.04830152168869972,0.0,0.858817994594574,1.0611234903335571,4,0.25,
fixed,1,3199,1.4594367742538452,8.90710154521912e-08,7.081947842380032e-05,0.8323154449462891,1.4594367742538452,4,0.25,
fixed,1,3200,0.9069550037384033,5.098762585475924e-07,0.0,1.3779664039611816,0.9069550037384033,4,0.0,0.0005931907799094915
fixed,1,3201,0.688453733921051,4.958653576636607e-08,4.510323196882382e-05,0.35110747814178467,0.688453733921051,4,0.25,
fixed,1,3202,0.9848862886428833,1.0225109647876707e-08,0.00010992791067110375,0.7984229922294617,0.9848862886428833,4,0.75,
fixed,1,3203,0.8192282915115356,3.484999666625299e-08,0.0002331163123017177,0.3576228618621826,0.8192282915115356,4,0.25,
fixed,1,3204,0.837653636932373,2.5293751093613537e-08,0.000724809302482754,0.7835007905960083,0.837653636932373,4,0.75,
fixed,1,3205,1.618274211883545,1.5340917869366422e-08,0.0031520696356892586,0.7439292669296265,1.618274211883545,4,0.75,2.7288336753845215
fixed,1,3206,1.230316162109375,4.419295507318566e-08,9.996224980568513e-05,0.3380167484283447,1.230316162109375,4,0.5,
fixed,1,3207,0.8824002742767334,2.0349151697018897e-08,0.0005111589562147856,0.3290482759475708,0.8824002742767334,4,0.5,
fixed,1,3208,1.655548334121704,0.03775189071893692,0.0010477026225998998,0.7358435392379761,1.655548334121704,4,0.75,
fixed,1,3209,1.513358235359192,9.238149800694373e-08,0.0003219681966584176,0.8427600860595703,1.513358235359192,4,0.25,
fixed,1,3210,1.293302059173584,1.4671419634737504e-08,0.0003081981267314404,0.6932294368743896,1.293302059173584,4,0.5,0.34840619564056396
fixed,1,3211,0.9197472333908081,2.691978728819322e-08,0.0,0.8212587833404541,0.9197472333908081,4,0.0,
fixed,1,3212,1.1750404834747314,3.427642170095169e-08,0.0006363012944348156,0.852817177772522,1.1750404834747314,4,0.25,
fixed,1,3213,0.8931674957275391,4.0094999320672287e-08,0.0019193511689081788,0.6961678266525269,0.8931674957275391,4,0.5,
fixed,1,3214,0.7251101732254028,0.03170298412442207,0.005002421326935291,0.45049840211868286,0.7251101732254028,4,0.75,
fixed,1,3215,0.8630802035331726,0.01975375786423683,0.003590793814510107,0.6992971301078796,0.8630802035331726,4,0.75,5.221271514892578
fixed,1,3216,1.3479634523391724,4.008738585525862e-08,0.00017865828704088926,0.8382836580276489,1.3479634523391724,4,0.25,
fixed,1,3217,1.4077937602996826,0.0,0.0005661005852743983,1.2062783241271973,1.4077937602996826,4,1.0,
fixed,1,3218,1.0941781997680664,0.05531015992164612,0.003846221137791872,0.7367176413536072,1.0941781997680664,4,0.75,
fixed,1,3219,1.198614239692688,3.595388164967517e-08,0.002885527675971389,0.8886812925338745,1.198614239692688,4,0.25,
fixed,1,3220,1.546363353729248,2.337450588640877e-08,0.011979795061051846,0.978868842124939,1.546363353729248,4,0.25,6.355098247528076
fixed,1,3221,1.671836495399475,2.6543945708112915e-08,0.0068529583513736725,0.9340243339538574,1.671836495399475,4,0.25,
fixed,1,3222,0.8042163252830505,1.7558221543367836e-08,0.00039259163895621896,0.3613255023956299,0.8042163252830505,4,0.25,
fixed,1,3223,1.120439052581787,0.022514089941978455,0.0003897856513503939,0.7228893637657166,1.120439052581787,4,0.75,
fixed,1,3224,1.1267083883285522,1.9844284437908755e-08,0.00027864420553669333,0.8414426445960999,1.1267083883285522,4,0.25,
fixed,1,3225,1.3392053842544556,2.5354918165021445e-08,0.0007468645344488323,0.6935056447982788,1.3392053842544556,4,0.5,0.771297812461853
fixed,1,3226,1.2998793125152588,1.8368869092455498e-08,0.0004004290676675737,0.6872067451477051,1.2998793125152588,4,0.5,
fixed,1,3227,1.3025389909744263,8.259020134460116e-09,0.0014582148287445307,0.6969609260559082,1.3025389909744263,4,0.5,
fixed,1,3228,1.7780566215515137,0.049193356186151505,0.0007423606584779918,0.7627781629562378,1.7780566215515137,4,0.75,
fixed,1,3229,0.852200984954834,9.114879517824193e-09,0.0006216831970959902,0.6927171349525452,0.852200984954834,4,0.5,
fixed,1,3230,1.2638931274414062,1.3593675518563941e-08,0.00010449026012793183,0.8349301218986511,1.2638931274414062,4,0.25,0.12886784970760345
fixed,1,3231,0.751785933971405,9.974568726534017e-09,0.00045439437963068485,0.36257123947143555,0.751785933971405,4,0.25,
fixed,1,3232,0.9270200133323669,2.1448762765885476e-09,0.0003933394036721438,0.7883955240249634,0.9270200133323669,4,0.75,
fixed,1,3233,0.9616402387619019,1.492191259444553e-08,0.0005691222613677382,0.3646659851074219,0.9616402387619019,4,0.25,
fixed,1,3234,1.4140900373458862,8.596621370315916e-08,0.000774064683355391,0.3679084777832031,1.4140900373458862,4,0.25,
fixed,1,3235,0.9864106774330139,5.467059249752992e-09,0.010013578459620476,0.7147110104560852,0.9864106774330139,4,0.75,7.08128023147583
fixed,1,3236,1.5341036319732666,0.008568047545850277,0.03566262498497963,0.6986998319625854,1.5341036319732666,4,0.5,
fixed,1,3237,1.2561144828796387,0.0,0.0027441445272415876,1.0687406063079834,1.2561144828796387,4,1.0,
fixed,1,3238,1.5655159950256348,7.951186944410438e-07,0.013340622186660767,0.722063422203064,1.5655159950256348,4,0.5,
fixed,1,3239,1.2969614267349243,2.0466508487970714e-09,0.008960272185504436,0.4945375323295593,1.2969614267349243,4,0.75,
fixed,1,3240,0.8258438110351562,1.932100346380139e-08,5.4409541917266324e-05,0.6925643682479858,0.8258438110351562,4,0.5,0.06865926086902618
fixed,1,3241,2.3958470821380615,0.09090355038642883,3.332658889121376e-05,0.7466126680374146,2.3958470821380615,4,0.75,
fixed,1,3242,1.6312217712402344,2.1724135379486142e-08,0.00019444295321591198,0.33553647994995117,1.6312217712402344,4,0.5,
fixed,1,3243,1.1235003471374512,1.901272753457306e-06,9.023566235555336e-06,0.8236831426620483,1.1235003471374512,4,0.25,
fixed,1,3244,1.492336630821228,0.031987763941287994,0.00021547623327933252,0.7426163554191589,1.492336630821228,4,0.75,
fixed,1,3245,0.6651380658149719,5.979997297345108e-08,0.0001328003272647038,0.8360486626625061,0.6651380658149719,4,0.25,0.1537477821111679
fixed,1,3246,1.787691354751587,3.049232688567827e-08,3.9970655052457005e-05,0.35086703300476074,1.787691354751587,4,0.25,
fixed,1,3247,0.9448634386062622,1.1956268863855257e-08,0.004303378984332085,0.7458024621009827,0.9448634386062622,4,0.75,
fixed,1,3248,1.4553650617599487,0.03879573196172714,0.0,0.8885161876678467,1.4553650617599487,4,0.25,
fixed,1,3249,0.934660017490387,5.889178034124143e-09,0.0018623697105795145,0.6096293926239014,0.934660017490387,4,0.75,
fixed,1,3250,1.132169246673584,1.1294535795514093e-07,1.0401001418358646e-05,0.8264299035072327,1.132169246673584,4,0.25,0.012811458669602871
fixed,1,3251,0.9199755787849426,0.03775979205965996,0.0004345178313087672,0.7490044236183167,0.9199755787849426,4,0.75,
fixed,1,3252,0.8931413292884827,1.4043456175727442e-08,0.008279385976493359,0.7115035653114319,0.8931413292884827,4,0.5,
fixed,1,3253,1.1379914283752441,2.032743573465723e-08,0.00032971426844596863,0.7926081418991089,1.1379914283752441,4,0.75,
fixed,1,3254,1.1845489740371704,6.600121338351528e-09,0.0006715779309161007,0.7838456630706787,1.1845489740371704,4,0.75,
fixed,1,3255,1.6397172212600708,1.487570600033905e-08,0.0005341447540558875,0.788922131061554,1.6397172212600708,4,0.75,0.5467674136161804
fixed,1,3256,1.7118366956710815,0.02056945115327835,0.00030569787486456335,0.7213632464408875,1.7118366956710815,4,0.5,
fixed,1,3257,0.3879719376564026,5.829864591078149e-09,0.002938259392976761,0.742732048034668,0.3879719376564026,4,0.75,
fixed,1,3258,1.030307650566101,0.015382718294858932,5.0049889978254214e-05,0.7269059419631958,1.030307650566101,4,0.25,
fixed,1,3259,0.6938811540603638,1.9120170335895637e-08,0.0006200391799211502,0.8517136573791504,0.6938811540603638,4,0.25,
fixed,1,3260,0.8682270646095276,8.766177117536245e-09,0.00011489351163618267,0.6926360130310059,0.8682270646095276,4,0.5,0.13514502346515656
fixed,1,3261,1.6479942798614502,8.025325293203878e-09,0.02052844688296318,0.7472610473632812,1.6479942798614502,4,0.25,
fixed,1,3262,0.7817801237106323,5.729540841770131e-09,0.0008311932906508446,0.32634830474853516,0.7817801237106323,4,0.5,
fixed,1,3263,1.3695743083953857,1.4421238425654792e-08,0.006734048947691917,0.7334813475608826,1.3695743083953857,4,0.75,
fixed,1,3264,1.883583903312683,0.06993436068296432,2.5023800844792277e-05,0.7109371423721313,1.883583903312683,4,0.75,
fixed,1,3265,0.9088878631591797,1.079421352301324e-08,0.004001264460384846,0.7014281749725342,0.9088878631591797,4,0.5,3.1143181324005127
fixed,1,3266,1.038263201713562,5.341672022041166e-06,0.0,0.6583791971206665,1.038263201713562,4,0.0,
fixed,1,3267,1.3776742219924927,0.049194540828466415,0.00014897379151079804,1.1913175582885742,1.3776742219924927,4,1.0,
fixed,1,3268,1.1285691261291504,7.226745424304681e-09,0.0010491961147636175,0.6961780190467834,1.1285691261291504,4,0.5,
fixed,1,3269,0.9670540690422058,1.0827650775979691e-08,0.0,0.8218980431556702,0.9670540690422058,4,0.0,
fixed,1,3270,1.1569042205810547,4.538467823778092e-09,0.0005586087936535478,0.7839016914367676,1.1569042205810547,4,0.75,0.6075373291969299
fixed,1,3271,1.8912394046783447,4.292390087812237e-08,0.0002526295429561287,0.7625075578689575,1.8912394046783447,3,0.5,
fixed,1,3272,1.3187745809555054,5.3162096946834936e-09,0.0007111831801012158,0.6942523717880249,1.3187745809555054,4,0.5,
fixed,1,3273,1.198327898979187,2.8207278290892646e-08,0.0037545899394899607,0.400587797164917,1.198327898979187,4,0.25,
fixed,1,3274,0.2555393576622009,2.6157300325735378e-08,0.0017305559013038874,0.31697607040405273,0.2555393576622009,4,0.5,
fixed,1,3275,1.5748127698898315,8.970069131919445e-08,4.940135477227159e-05,0.3461458683013916,1.5748127698898315,4,0.25,0.059489067643880844
fixed,1,3276,1.7536425590515137,2.1014862738866213e-08,0.0,1.383689522743225,1.7536425590515137,4,0.0,
fixed,1,3277,0.8656424283981323,1.3844501101090145e-09,0.0019337511621415615,0.759695827960968,0.8656424283981323,4,0.75,
fixed,1,3278,0.5006937980651855,6.083341475005e-08,0.023027125746011734,0.7592326998710632,0.5006937980651855,4,0.25,
fixed,1,3279,1.4546055793762207,9.024032188165165e-09,0.000397646042983979,0.7896901369094849,1.4546055793762207,4,0.75,
fixed,1,3280,0.8006842732429504,0.014429405331611633,0.0,0.4934934973716736,0.8006842732429504,4,0.0,7.764507293701172
fixed,1,3281,1.3271058797836304,5.721021878457577e-08,0.0001966310665011406,0.6922047138214111,1.3271058797836304,4,0.5,
fixed,1,3282,0.8978598117828369,4.261738073552124e-09,0.0017139590345323086,0.7688136100769043,0.8978598117828369,4,0.75,
fixed,1,3283,1.0584570169448853,4.982496193406405e-09,0.0011150744976475835,0.7735295295715332,1.0584570169448853,4,0.75,
fixed,1,3284,1.2605215311050415,0.02767176926136017,5.461728142108768e-05,0.7355301380157471,1.2605215311050415,4,0.75,
fixed,1,3285,1.5842857360839844,1.5740994285806664e-08,0.00020889154984615743,0.69281405210495,1.5842857360839844,4,0.5,0.238896444439888
fixed,1,3286,1.3963021039962769,9.56885202185731e-08,0.001240691402927041,0.6950417160987854,1.3963021039962769,4,0.5,
fixed,1,3287,1.110538125038147,1.9097408099355562e-08,0.022149311378598213,0.7058914303779602,1.110538125038147,4,0.5,
fixed,1,3288,1.4544168710708618,2.2977997105044778e-07,0.0,0.8173141479492188,1.4544168710708618,4,0.0,
fixed,1,3289,1.6509028673171997,3.276328925494454e-06,0.012621663510799408,0.46271568536758423,1.6509028673171997,4,0.25,
fixed,1,3290,1.114949107170105,0.026515724137425423,0.030310891568660736,0.7269675135612488,1.114949107170105,4,0.75,6.611865997314453
fixed,1,3291,0.4875217378139496,2.8902931603624893e-07,8.103123946057167e-06,0.8257997632026672,0.4875217378139496,4,0.25,
fixed,1,3292,1.3925397396087646,3.8057383022760405e-08,4.002314744866453e-05,0.692819356918335,1.3925397396087646,4,0.5,
fixed,1,3293,1.7710721492767334,0.03669658303260803,6.170049891807139e-05,1.1298720836639404,1.7710721492767334,4,1.0,
fixed,1,3294,0.998614490032196,0.09635646641254425,0.00019727004109881818,1.1068084239959717,0.998614490032196,4,1.0,
fixed,1,3295,1.1577730178833008,3.911378954057909e-08,2.8349175408948213e-05,0.34164535999298096,1.1577730178833008,4,0.5,0.03488758206367493
fixed,1,3296,0.5758377313613892,4.5458083519633874e-08,1.599668394192122e-05,0.6920274496078491,0.5758377313613892,4,0.5,
fixed,1,3297,1.2493679523468018,0.05888519436120987,0.0,0.34597527980804443,1.2493679523468018,4,0.25,
fixed,1,3298,1.2922911643981934,5.1038469450759294e-08,0.0,0.8202895522117615,1.2922911643981934,4,0.0,
fixed,1,3299,1.4528172016143799,7.615917341219358e-10,0.0001960846857400611,0.7235389351844788,1.4528172016143799,4,0.75,
fixed,1,3300,0.9839687943458557,2.1565674046541972e-07,4.700057252193801e-05,0.8294021487236023,0.9839687943458557,4,0.25,0.053826235234737396
fixed,1,3301,0.460340291261673,5.492677956908665e-08,0.0003532369155436754,0.6938104629516602,0.460340291261673,4,0.5,
fixed,1,3302,0.7375088930130005,2.0272329592785354e-08,0.00045285577652975917,0.8480750918388367,0.7375088930130005,4,0.25,
fixed,1,3303,1.1274514198303223,2.1098912839079276e-08,0.00021296102204360068,0.8400583863258362,1.1274514198303223,4,0.25,
fixed,1,3304,1.1084152460098267,3.6203581998961454e-07,1.6959851564024575e-05,0.8270139694213867,1.1084152460098267,4,0.25,
fixed,1,3305,0.7226313352584839,0.050362955778837204,0.0022004724014550447,0.7447277307510376,0.7226313352584839,4,0.75,4.218348026275635
fixed,1,3306,0.6816670894622803,2.3767592338685972e-08,0.0009456007974222302,0.7742114663124084,0.6816670894622803,4,0.75,
fixed,1,3307,0.8815698623657227,6.20432549780503e-09,0.0008661931497044861,0.7746136784553528,0.8815698623657227,4,0.75,
fixed,1,3308,2.7317495346069336,2.5097209800151177e-05,0.00013598299119621515,0.6882259249687195,2.7317495346069336,4,0.5,
fixed,1,3309,0.6888023018836975,1.6706745986638794e-09,0.002812201390042901,0.7460250854492188,0.6888023018836975,4,0.75,
fixed,1,3310,1.254270315170288,0.02536175213754177,0.0001234530209330842,0.7324722409248352,1.254270315170288,4,0.75,9.78869915008545
fixed,1,3311,1.1648361682891846,5.305210493133927e-09,0.010751205496490002,0.7202955484390259,1.1648361682891846,4,0.75,
fixed,1,3312,1.6305358409881592,1.5957654397880106e-07,0.0021861963905394077,0.7660979628562927,1.6305358409881592,4,0.75,
fixed,1,3313,0.8976569175720215,0.008401233702898026,3.74496121366974e-05,0.7473246455192566,0.8976569175720215,4,0.25,
fixed,1,3314,0.8321329951286316,3.25102433862412e-08,0.0,0.6892350316047668,0.8321329951286316,4,0.0,
fixed,1,3315,0.5721837878227234,0.030843544751405716,0.002160096075385809,0.4649691581726074,0.5721837878227234,4,0.75,7.313607215881348
fixed,1,3316,1.0357639789581299,0.009085196070373058,0.016865767538547516,0.8635616898536682,1.0357639789581299,4,0.0,
fixed,1,3317,1.3990826606750488,6.547027364689484e-09,0.0005423820693977177,0.6942402124404907,1.3990826606750488,4,0.5,
fixed,1,3318,1.2616498470306396,1.893241119432787e-09,0.026072904467582703,0.692359983921051,1.2616498470306396,4,0.5,
fixed,1,3319,1.3099702596664429,2.0862235032836907e-05,9.843138832366094e-05,0.6910821199417114,1.3099702596664429,4,0.5,
fixed,1,3320,1.1245479583740234,0.03479209169745445,0.010350634343922138,0.701295793056488,1.1245479583740234,4,0.75,2.7247490882873535
fixed,1,3321,0.7595599889755249,1.856695064361702e-08,0.0014453131007030606,0.8690527677536011,0.7595599889755249,4,0.25,
fixed,1,3322,0.9667415618896484,5.6907394352379015e-09,0.028229864314198494,0.7616147398948669,0.9667415618896484,4,0.25,
fixed,1,3323,0.6912265419960022,0.05285189300775528,0.005296345800161362,0.4978761076927185,0.6912265419960022,4,0.75,
fixed,1,3324,1.2559791803359985,7.463705209431737e-09,2.845558265107684e-05,0.8293835520744324,1.2559791803359985,4,0.25,
fixed,1,3325,0.8819103240966797,1.6443237882413086e-08,8.735623123357072e-05,0.35319387912750244,0.8819103240966797,4,0.25,0.10284280776977539
fixed,1,3326,1.5629620552062988,0.04736153036355972,0.0,0.37192678451538086,1.5629620552062988,4,0.25,
fixed,1,3327,1.023553729057312,0.09856240451335907,0.0,0.6990253925323486,1.023553729057312,4,0.5,
fixed,1,3328,1.6023505926132202,0.16020268201828003,0.0030633723363280296,0.5329982042312622,1.6023505926132202,4,0.75,
fixed,1,3329,0.8035612106323242,2.9306976845333566e-09,0.0014796803006902337,0.7675884962081909,0.8035612106323242,4,0.75,
fixed,1,3330,1.3573346138000488,1.9533610284838687e-09,0.004964672494679689,0.7230778336524963,1.3573346138000488,4,0.75,4.554637908935547
fixed,1,3331,1.0958486795425415,2.8389855799559882e-08,0.0030274896416813135,0.8915506601333618,1.0958486795425415,4,0.25,
fixed,1,3332,1.3553495407104492,1.4291610117567188e-09,0.029171405360102654,0.6929614543914795,1.3553495407104492,4,0.5,
fixed,1,3333,1.2637051343917847,2.730070569612053e-08,0.002343609929084778,0.6863104701042175,1.2637051343917847,4,0.5,
fixed,1,3334,1.006571888923645,3.70988639808445e-09,0.0006037678685970604,0.85098797082901,1.006571888923645,4,0.25,
fixed,1,3335,0.9896689653396606,0.017899589613080025,0.00011881630052812397,0.7219702005386353,0.9896689653396606,4,0.5,7.325525283813477
fixed,1,3336,0.7630670666694641,1.4269087023066618e-09,0.004938541445881128,0.30715811252593994,0.7630670666694641,4,0.5,
fixed,1,3337,1.6384409666061401,1.8383824240686408e-08,0.02621942199766636,0.5520172715187073,1.6384409666061401,4,0.0,
fixed,1,3338,1.1633003950119019,6.59833876426319e-09,8.155999967129901e-05,0.8314543962478638,1.1633003950119019,4,0.25,
fixed,1,3339,0.8364332318305969,0.013286648318171501,0.006785314530134201,0.799472451210022,0.8364332318305969,4,0.75,
fixed,1,3340,0.7891939282417297,2.282271260867219e-09,0.0017938162200152874,0.3152276277542114,0.7891939282417297,4,0.5,1.5918875932693481
fixed,1,3341,0.543755054473877,2.3675788440868928e-08,0.0032206543255597353,0.3110553026199341,0.543755054473877,4,0.5,
fixed,1,3342,1.3581104278564453,2.7011228809215027e-08,0.01262148842215538,0.982806384563446,1.3581104278564453,4,0.25,
fixed,1,3343,1.1959162950515747,3.114181357233292e-09,0.005269462708383799,0.47090357542037964,1.1959162950515747,4,0.75,
fixed,1,3344,0.8832698464393616,2.502320350927789e-09,0.00105563597753644,0.7628161311149597,0.8832698464393616,4,0.75,
fixed,1,3345,0.7860957384109497,0.025072332471609116,0.001490727299824357,0.9573975205421448,0.7860957384109497,4,1.0,7.196558475494385
fixed,1,3346,1.7981829643249512,1.0852347287482189e-07,7.156832725740969e-05,0.8268761038780212,1.7981829643249512,4,0.25,
fixed,1,3347,0.9162018895149231,6.391061901922512e-08,0.02272387221455574,0.7834129333496094,0.9162018895149231,4,0.5,
fixed,1,3348,0.9518100619316101,0.058782193809747696,1.97404242499033e-05,0.6965497732162476,0.9518100619316101,4,0.5,
fixed,1,3349,1.5002880096435547,0.023072702810168266,0.0032343780621886253,0.7237158417701721,1.5002880096435547,4,0.5,
fixed,1,3350,1.1601887941360474,3.658082903257309e-08,6.425562605727464e-05,0.830123782157898,1.1601887941360474,4,0.25,0.06599096208810806
fixed,1,3351,0.8002720475196838,0.025934623554348946,0.003077432280406356,0.9307018518447876,0.8002720475196838,4,1.0,
fixed,1,3352,0.648016631603241,3.2270641270315537e-08,0.0003143813810311258,0.8417098522186279,0.648016631603241,4,0.25,
fixed,1,3353,0.9005612134933472,2.8611696123448382e-08,2.198595757363364e-05,0.827624499797821,0.9005612134933472,4,0.25,
fixed,1,3354,0.5896617770195007,0.0,0.008757817558944225,0.5288265943527222,0.5896617770195007,4,0.75,
fixed,1,3355,1.2272770404815674,0.006852482911199331,0.00019669569155666977,0.7577006220817566,1.2272770404815674,4,0.25,3.4725117683410645
fixed,1,3356,1.0278124809265137,1.883031508498334e-08,0.004427951294928789,0.699486255645752,1.0278124809265137,4,0.5,
fixed,1,3357,1.0726748704910278,0.07994066923856735,0.0030266600660979748,0.7097368240356445,1.0726748704910278,4,0.75,
fixed,1,3358,1.3917083740234375,2.827197675969728e-08,0.0,1.3832858800888062,1.3917083740234375,4,0.0,
fixed,1,3359,1.029428243637085,0.0372287817299366,0.002081484766677022,0.7314908504486084,1.029428243637085,4,0.75,
fixed,1,3360,0.6191843152046204,5.646727885277869e-08,0.0,0.8202097415924072,0.6191843152046204,4,0.0,7.811632531229407e-05
fixed,1,3361,1.373570442199707,3.437510187609405e-08,0.00012912791862618178,0.835773766040802,1.373570442199707,4,0.25,
fixed,1,3362,1.195679783821106,3.632445100265613e-08,0.0,1.3831559419631958,1.195679783821106,4,0.0,
fixed,1,3363,1.2128101587295532,3.898579237215927e-09,0.0016198348021134734,0.6967742443084717,1.2128101587295532,4,0.5,
fixed,1,3364,1.4359420537948608,5.764339672253982e-09,1.176800878965878e-10,0.8216851353645325,1.4359420537948608,4,0.0,
fixed,1,3365,0.7875804901123047,8.014801977651587e-08,0.0006598036270588636,0.3274083137512207,0.7875804901123047,4,0.5,0.6562694311141968
fixed,1,3366,1.0840167999267578,7.2166201903201e-09,5.931197665631771e-05,0.8315959572792053,1.0840167999267578,4,0.25,
fixed,1,3367,1.1463247537612915,0.0,0.0006708166329190135,1.2039028406143188,1.1463247537612915,4,1.0,
fixed,1,3368,2.0091896057128906,4.767221284396328e-09,0.00020259336451999843,0.8382876515388489,2.0091896057128906,4,0.25,
fixed,1,3369,0.709688663482666,4.285038990303747e-09,0.00024757804931141436,0.8362051844596863,0.709688663482666,4,0.25,
fixed,1,3370,0.9196812510490417,4.323509994463848e-09,3.57000099029392e-05,0.8275166749954224,0.9196812510490417,4,0.25,0.03966306895017624
fixed,1,3371,1.1875686645507812,2.90943580338876e-09,0.011201308108866215,0.716145396232605,1.1875686645507812,4,0.5,
fixed,1,3372,1.259684681892395,0.0,0.024097580462694168,0.36956048011779785,1.259684681892395,4,0.5,
fixed,1,3373,1.4615707397460938,3.0375297228601994e-06,1.966153286048211e-05,0.34413206577301025,1.4615707397460938,4,0.5,
fixed,1,3374,0.9797752499580383,4.978290224499915e-09,0.002812011167407036,0.7468923926353455,0.9797752499580383,4,0.75,
fixed,1,3375,1.091423511505127,1.3947330401720137e-08,5.599760334007442e-05,0.8288490772247314,1.091423511505127,4,0.25,0.059736911207437515
fixed,1,3376,1.4885873794555664,0.041989125311374664,0.016365746036171913,0.7515566349029541,1.4885873794555664,4,0.25,
fixed,1,3377,1.5384807586669922,1.3041642432654044e-08,0.00039408865268342197,0.6912277340888977,1.5384807586669922,4,0.5,
fixed,1,3378,1.1180720329284668,9.624457675272424e-09,0.00022166260168887675,0.6918213963508606,1.1180720329284668,4,0.5,
fixed,1,3379,1.191797137260437,2.2851196490591974e-09,0.0004198120441287756,0.7779310941696167,1.191797137260437,4,0.75,
fixed,1,3380,1.0552692413330078,0.033400487154722214,0.0013657587114721537,1.0057463645935059,1.0552692413330078,4,1.0,7.843520164489746
fixed,1,3381,1.1895067691802979,1.319729836524175e-08,0.0004276751715224236,0.8474044799804688,1.1895067691802979,4,0.25,
fixed,1,3382,1.3682986497879028,4.134506070840871e-08,0.00014129685587249696,0.8362390995025635,1.3682986497879028,4,0.25,
fixed,1,3383,0.8516501188278198,4.130467079477285e-09,0.00015122821787372231,0.7997480630874634,0.8516501188278198,4,0.75,
fixed,1,3384,0.7593563795089722,0.10512074083089828,1.852600871643517e-05,1.1713387966156006,0.7593563795089722,4,1.0,
fixed,1,3385,0.7958839535713196,2.509787755400339e-08,0.0031230244785547256,0.6933093070983887,0.7958839535713196,4,0.5,2.1351230144500732
fixed,1,3386,1.6029608249664307,0.025362130254507065,0.03338911011815071,0.6951579451560974,1.6029608249664307,4,0.5,
fixed,1,3387,1.0444324016571045,4.494685068578974e-09,0.0008287339587695897,0.6940023303031921,1.0444324016571045,4,0.5,
fixed,1,3388,1.3674098253250122,5.825314453034025e-09,0.02657245099544525,0.6990519165992737,1.3674098253250122,4,0.5,
fixed,1,3389,1.270806908607483,7.721514982961253e-09,0.001298096845857799,0.7688169479370117,1.270806908607483,4,0.75,
fixed,1,3390,0.6643073558807373,1.6856748885629713e-08,4.721568984678015e-06,0.8224391341209412,0.6643073558807373,4,0.25,0.005258380435407162
fixed,1,3391,1.0344935655593872,1.204363684337295e-07,0.027096394449472427,0.781874418258667,1.0344935655593872,4,0.25,
fixed,1,3392,0.6546710133552551,0.054085198789834976,4.356303179520182e-06,0.6875458359718323,0.6546710133552551,4,0.5,
fixed,1,3393,1.0356132984161377,0.04698275774717331,0.0008566591423004866,1.1136081218719482,1.0356132984161377,4,1.0,
fixed,1,3394,1.095790982246399,8.54613233514101e-08,3.051435123779811e-05,0.8184083104133606,1.095790982246399,4,0.25,
fixed,1,3395,0.574199378490448,2.5971225170451362e-11,0.0012156330049037933,0.6261006593704224,0.574199378490448,4,0.75,1.2154160737991333
fixed,1,3396,1.3430036306381226,6.2019780422417625e-09,8.052259363466874e-05,0.33824944496154785,1.3430036306381226,4,0.5,
fixed,1,3397,1.1211968660354614,1.3977342838700224e-08,0.028116419911384583,0.6918812394142151,1.1211968660354614,4,0.5,
fixed,1,3398,0.8778471946716309,0.03396014869213104,7.829956302884966e-05,0.7517541646957397,0.8778471946716309,4,0.75,
fixed,1,3399,1.131118655204773,0.03055831976234913,2.5799583454499952e-05,0.7040927410125732,1.131118655204773,4,0.5,
fixed,1,3400,1.3018652200698853,7.651928513041639e-08,0.00019733152294065803,0.35636699199676514,1.3018652200698853,4,0.25,0.20090672373771667
fixed,1,3401,1.1060465574264526,0.061789173632860184,0.00014236073184292763,0.9162245392799377,1.1060465574264526,4,1.0,
fixed,1,3402,1.0649011135101318,0.06571009010076523,0.0,0.7366676330566406,1.0649011135101318,4,0.5,
fixed,1,3403,0.8482502102851868,2.6632559269046396e-08,0.000136825954541564,0.3547326326370239,0.8482502102851868,4,0.25,
fixed,1,3404,0.842969536781311,1.3313391278302333e-08,0.006944201420992613,0.7172569036483765,0.842969536781311,4,0.5,
fixed,1,3405,1.1240555047988892,1.7933691864868706e-08,0.0005334890447556973,0.3280404806137085,1.1240555047988892,4,0.5,0.5192843079566956
fixed,1,3406,0.8839688897132874,2.476099325576797e-10,0.028868280351161957,0.34583139419555664,0.8839688897132874,4,0.5,
fixed,1,3407,1.4522284269332886,6.04204730692004e-09,0.024785343557596207,0.7628124356269836,1.4522284269332886,4,0.25,
fixed,1,3408,1.1579465866088867,0.003824034472927451,0.0004320870211813599,0.32861876487731934,1.1579465866088867,4,0.25,
fixed,1,3409,0.7438153624534607,0.037760358303785324,0.002811224665492773,0.7164808511734009,0.7438153624534607,4,0.5,
fixed,1,3410,1.7584590911865234,2.524040354501267e-08,0.0002471702464390546,0.8409098982810974,1.7584590911865234,4,0.25,0.2593350410461426
fixed,1,3411,1.4155621528625488,3.292399924248457e-05,0.0007078019552864134,0.3346133232116699,1.4155621528625488,4,0.5,
fixed,1,3412,0.7988480925559998,0.05067349597811699,0.0,0.8519532680511475,0.7988480925559998,4,0.25,
fixed,1,3413,1.2699103355407715,0.015972163528203964,0.0,0.9162085056304932,1.2699103355407715,4,0.0,
fixed,1,3414,0.4902329444885254,1.4240728596348617e-08,0.0013741985894739628,0.37579214572906494,0.4902329444885254,4,0.25,
fixed,1,3415,0.3756988048553467,1.5106084561011812e-07,0.0027979675214737654,0.3123706579208374,0.3756988048553467,4,0.5,2.306567430496216
fixed,1,3416,0.9524600505828857,8.672583540203505e-09,0.001983573893085122,0.695487916469574,0.9524600505828857,4,0.5,
fixed,1,3417,0.836408257484436,4.7437268335670524e-08,0.0,1.38275945186615,0.836408257484436,4,0.0,
fixed,1,3418,1.2313921451568604,7.75919772877387e-09,0.03124786727130413,0.817404568195343,1.2313921451568604,4,0.25,
fixed,1,3419,0.9958634972572327,0.04004914313554764,0.0,0.8834984302520752,0.9958634972572327,4,0.25,
fixed,1,3420,2.032804250717163,2.160460610411974e-08,0.026761118322610855,0.690132737159729,2.032804250717163,4,0.75,14.787544250488281
fixed,1,3421,0.3741775155067444,3.0969981708039995e-06,0.01466314122080803,0.47628700733184814,0.3741775155067444,4,0.25,
fixed,1,3422,1.7785359621047974,0.02449083887040615,0.003873729147017002,0.665358304977417,1.7785359621047974,4,0.5,
fixed,1,3423,1.1871684789657593,1.8245909672032212e-08,0.0018417907413095236,0.8714534640312195,1.1871684789657593,4,0.25,
fixed,1,3424,0.738085150718689,1.4389045510654341e-08,0.0038284827023744583,0.6716280579566956,0.738085150718689,4,0.75,
fixed,1,3425,1.0109769105911255,4.221406513238435e-08,0.0016977062914520502,0.8710776567459106,1.0109769105911255,4,0.25,1.363643765449524
fixed,1,3426,1.519714117050171,0.0336703397333622,0.0002033950440818444,0.6085038185119629,1.519714117050171,4,0.5,
fixed,1,3427,2.120018482208252,0.01095814723521471,0.0003676472115330398,0.7333621382713318,2.120018482208252,4,0.25,
fixed,1,3428,1.620549201965332,3.391543577890843e-05,0.007719282992184162,0.7097613215446472,1.620549201965332,4,0.5,
fixed,1,3429,1.1101969480514526,0.020838573575019836,0.05679371953010559,0.6826297044754028,1.1101969480514526,4,0.5,
fixed,1,3430,0.9015458822250366,1.112973269101758e-08,0.005034388974308968,0.7061586976051331,0.9015458822250366,4,0.5,3.7046401500701904
fixed,1,3431,0.6956473588943481,1.0547044126951732e-08,0.0025820601731538773,0.7451704740524292,0.6956473588943481,4,0.75,
fixed,1,3432,1.0551960468292236,9.476653239914867e-09,0.0018441146239638329,0.3189805746078491,1.0551960468292236,4,0.5,
fixed,1,3433,1.6555668115615845,2.145523936292193e-08,0.01815585419535637,0.5015455484390259,1.6555668115615845,4,0.0,
fixed,1,3434,1.1676008701324463,8.632130743535527e-07,0.0,1.376893401145935,1.1676008701324463,4,0.0,
fixed,1,3435,0.7499157190322876,4.7026343708012064e-08,0.016388364136219025,0.7485907077789307,0.7499157190322876,4,0.5,8.560599327087402
fixed,1,3436,0.7826781272888184,2.6921158635673237e-08,0.0006431869696825743,0.778950035572052,0.7826781272888184,4,0.75,
fixed,1,3437,1.1175204515457153,0.018945202231407166,0.0009044627659022808,0.705672025680542,1.1175204515457153,4,0.75,
fixed,1,3438,1.330496907234192,7.46377253335595e-08,0.0028111394494771957,0.8893096446990967,1.330496907234192,4,0.25,
fixed,1,3439,1.8975306749343872,6.45262119292056e-08,0.00399223156273365,0.7418885231018066,1.8975306749343872,4,0.75,
fixed,1,3440,0.6622721552848816,3.456691288761249e-08,0.0006591240526176989,0.780613362789154,0.6622721552848816,4,0.75,0.6628983616828918
fixed,1,3441,0.6315015554428101,1.6779632971974934e-07,0.0006744740530848503,0.852541983127594,0.6315015554428101,4,0.25,
fixed,1,3442,1.287535548210144,0.042706165462732315,0.00019247843010816723,1.1463661193847656,1.287535548210144,4,1.0,
fixed,1,3443,1.1195013523101807,9.127734301728196e-08,0.0005129647324793041,0.6934874653816223,1.1195013523101807,4,0.5,
fixed,1,3444,1.7879648208618164,2.2412709199670644e-07,0.00011195034312549978,0.3535897731781006,1.7879648208618164,4,0.25,
fixed,1,3445,1.0797100067138672,9.990873905962872e-08,0.00010681416461011395,0.8035597801208496,1.0797100067138672,4,0.75,0.12085961550474167
fixed,1,3446,1.3127654790878296,0.05550244450569153,0.00016662999405525625,1.2244423627853394,1.3127654790878296,4,1.0,
fixed,1,3447,0.6960995197296143,0.028539327904582024,0.002315017394721508,0.7156615853309631,0.6960995197296143,4,0.75,
fixed,1,3448,1.7625904083251953,1.4081702204293833e-07,0.0001904984819702804,0.79998779296875,1.7625904083251953,4,0.75,
fixed,1,3449,1.193586826324463,1.3230486217707949e-07,0.004492395091801882,0.7338077425956726,1.193586826324463,4,0.75,
fixed,1,3450,1.2160996198654175,5.8390646984207706e-08,1.7448608559789136e-05,0.3491462469100952,1.2160996198654175,4,0.25,0.020020276308059692
fixed,1,3451,1.5822616815567017,1.5038538947464986e-07,0.0004474709276109934,0.692478358745575,1.5822616815567017,4,0.5,
fixed,1,3452,0.7519426345825195,3.6357054256086485e-08,3.020547046617139e-05,0.7960730791091919,0.7519426345825195,4,0.25,
fixed,1,3453,1.5400183200836182,1.045594046900078e-07,0.0002963604056276381,0.6934448480606079,1.5400183200836182,4,0.5,
fixed,1,3454,0.8642593622207642,0.0,0.005342945456504822,1.0791082382202148,0.8642593622207642,4,1.0,
fixed,1,3455,0.9169520735740662,1.6553104842387256e-07,0.00616544671356678,0.9267101883888245,0.9169520735740662,4,0.25,3.9348082542419434
fixed,1,3456,0.7811450958251953,8.478582458337769e-08,0.0005709409015253186,0.6945107579231262,0.7811450958251953,4,0.5,
fixed,1,3457,0.9809995293617249,7.221935049983585e-08,3.149449185002595e-06,0.3474613428115845,0.9809995293617249,4,0.25,
fixed,1,3458,1.3683744668960571,5.413222652350669e-07,0.00022993612219579518,0.688473641872406,1.3683744668960571,4,0.5,
fixed,1,3459,1.4976199865341187,0.0,0.001483119442127645,1.1828598976135254,1.4976199865341187,4,1.0,
fixed,1,3460,0.9769071340560913,8.751500786274846e-07,5.568409960687859e-06,0.824066698551178,0.9769071340560913,4,0.25,0.005983459763228893
fixed,1,3461,0.9224398732185364,1.963241800240212e-07,0.00022597069619223475,0.35714197158813477,0.9224398732185364,4,0.25,
fixed,1,3462,0.7767291069030762,1.4987131180532742e-07,4.5575001422548667e-05,0.8100799322128296,0.7767291069030762,4,0.75,
fixed,1,3463,1.2281678915023804,1.1621985152032721e-07,6.098184712755028e-06,0.34787702560424805,1.2281678915023804,4,0.25,
fixed,1,3464,0.9376901388168335,5.1869765371748144e-08,7.937850750749931e-05,0.8067547678947449,0.9376901388168335,4,0.75,
fixed,1,3465,0.7006174325942993,3.56614577867731e-08,8.322062058141455e-06,0.8153718709945679,0.7006174325942993,4,0.75,0.01004453282803297
fixed,1,3466,0.9471578598022461,0.06104636192321777,0.00015576342411804944,1.280704140663147,0.9471578598022461,4,1.0,
fixed,1,3467,1.1291874647140503,1.1978241332144535e-07,0.000199012371012941,0.6930683255195618,1.1291874647140503,4,0.5,
fixed,1,3468,1.0244808197021484,0.049705471843481064,1.235250010722666e-06,0.6942055821418762,1.0244808197021484,4,0.5,
fixed,1,3469,1.8046365976333618,0.05362440645694733,4.803480987902731e-05,0.7040249109268188,1.8046365976333618,4,0.75,
fixed,1,3470,1.0292847156524658,0.06025329977273941,6.485760968644172e-05,0.6918789148330688,1.0292847156524658,4,0.5,1.1489307880401611
fixed,1,3471,1.8034636974334717,1.5216547808449832e-06,7.726962940068915e-05,0.8318917155265808,1.8034636974334717,4,0.25,
fixed,1,3472,1.0137600898742676,0.0774269551038742,1.7939259123522788e-05,0.730326771736145,1.0137600898742676,4,0.75,
fixed,1,3473,1.7466825246810913,7.022101726761321e-07,0.0,0.8142476677894592,1.7466825246810913,4,0.0,
fixed,1,3474,0.7844914793968201,0.05934977903962135,0.0,0.7412176132202148,0.7844914793968201,4,0.5,
fixed,1,3475,1.004575252532959,7.482465314012643e-09,0.0016308773774653673,0.3199880123138428,1.004575252532959,4,0.5,1.5437442064285278
fixed,1,3476,1.2545802593231201,0.01763627864420414,0.0,0.9939736127853394,1.2545802593231201,4,0.25,
fixed,1,3477,1.2275993824005127,2.4749066795948238e-08,0.0,1.3834446668624878,1.2275993824005127,4,0.0,
fixed,1,3478,1.1902862787246704,5.753253873308495e-09,0.002546197734773159,0.8860383629798889,1.1902862787246704,4,0.25,
fixed,1,3479,1.6987388134002686,0.0016916791209951043,0.03955841809511185,0.7818098068237305,1.6987388134002686,4,0.25,
fixed,1,3480,1.8508573770523071,1.319317899373118e-08,0.027961989864706993,1.1001708507537842,1.8508573770523071,4,0.0,9.334383010864258
fixed,1,3481,0.4443216323852539,7.710837301999618e-09,0.04183533042669296,0.7980878949165344,0.4443216323852539,4,0.25,
fixed,1,3482,0.5844516754150391,0.017636775970458984,0.024146603420376778,0.7027537822723389,0.5844516754150391,4,0.5,
fixed,1,3483,0.6373934149742126,4.224595340218684e-09,0.03125081956386566,0.8228026628494263,0.6373934149742126,4,0.25,
fixed,1,3484,1.0859580039978027,5.656729307190744e-09,0.01002939697355032,0.7309793829917908,1.0859580039978027,4,0.5,
fixed,1,3485,1.8488291501998901,4.511719442490403e-09,0.003023997414857149,0.7022024989128113,1.8488291501998901,4,0.5,2.723757743835449
fixed,1,3486,0.5416099429130554,0.0,0.04055262729525566,0.7638692855834961,0.5416099429130554,4,0.75,
fixed,1,3487,0.6908406019210815,5.473177466797097e-10,0.011197494342923164,0.42579174041748047,0.6908406019210815,4,0.75,
fixed,1,3488,0.7467763423919678,3.1543365253128286e-08,0.019075246527791023,0.7418479919433594,0.7467763423919678,4,0.25,
fixed,1,3489,1.1044867038726807,1.9690892472112864e-08,0.008950334042310715,0.7078164219856262,1.1044867038726807,4,0.75,
fixed,1,3490,1.6507982015609741,4.0395722322728034e-08,0.011583452112972736,0.7098796963691711,1.6507982015609741,4,0.75,7.5685906410217285
fixed,1,3491,1.5710819959640503,0.0415293350815773,0.0,0.8787081837654114,1.5710819959640503,4,0.25,
fixed,1,3492,1.7367002964019775,0.04677729681134224,0.0,0.8622680306434631,1.7367002964019775,4,0.25,
fixed,1,3493,0.9069751501083374,0.0,0.006734231021255255,1.0565552711486816,0.9069751501083374,4,1.0,
fixed,1,3494,0.5864633321762085,4.510573035076959e-07,0.0,0.6842698454856873,0.5864633321762085,4,0.0,
fixed,1,3495,0.4544852674007416,4.103096671315143e-07,6.987667438806966e-05,0.6921682953834534,0.4544852674007416,4,0.5,0.07739225029945374
fixed,1,3496,1.904273509979248,3.0901063041710586e-07,0.0002728209365159273,0.6906545162200928,1.904273509979248,4,0.5,
fixed,1,3497,1.0921128988265991,0.03615592420101166,0.0009113849955610931,0.7379328012466431,1.0921128988265991,4,0.75,
fixed,1,3498,1.2095236778259277,0.0,0.0016690443735569715,0.63299560546875,1.2095236778259277,4,0.75,
fixed,1,3499,0.8421454429626465,2.0477295947785024e-07,0.0001178726670332253,0.8018946051597595,0.8421454429626465,4,0.75,
fixed,1,3500,0.5781086683273315,0.04471863433718681,2.0446021153475158e-05,0.5464562177658081,0.5781086683273315,4,0.5,6.84136438369751
fixed,1,3501,0.7554734349250793,5.055125029684859e-07,0.00032581956475041807,0.794924259185791,0.7554734349250793,4,0.75,
fixed,1,3502,0.692001223564148,6.08314337569027e-07,0.0006736445939168334,0.36561155319213867,0.692001223564148,4,0.25,
fixed,1,3503,1.5176639556884766,0.099691241979599,6.547879456775263e-05,0.7605165243148804,1.5176639556884766,4,0.75,
fixed,1,3504,0.5497745275497437,9.023198686008982e-07,2.0115057850489393e-05,0.8257932066917419,0.5497745275497437,4,0.25,
fixed,1,3505,1.162485957145691,1.1721997452696087e-06,1.539768163638655e-05,0.3495817184448242,1.162485957145691,4,0.25,0.013514959253370762
fixed,1,3506,1.6484166383743286,8.616397622063232e-07,1.4621346963394899e-05,0.8245968818664551,1.6484166383743286,4,0.25,
fixed,1,3507,1.4502192735671997,1.7521635697903548e-07,0.001925772987306118,0.7613814473152161,1.4502192735671997,4,0.75,
fixed,1,3508,1.3433183431625366,1.7110180294821475e-07,0.00017943180864676833,0.3358083963394165,1.3433183431625366,4,0.5,
fixed,1,3509,0.4954032301902771,1.9849682075800956e-07,0.0018760149832814932,0.7633231282234192,0.4954032301902771,4,0.75,
fixed,1,3510,0.7126280665397644,2.67304017143033e-07,0.00025329264462925494,0.6920658349990845,0.7126280665397644,4,0.5,0.24508117139339447
fixed,1,3511,1.367655634880066,0.03561300039291382,0.00015238339256029576,0.748039960861206,1.367655634880066,4,0.75,
fixed,1,3512,1.070505976676941,0.029400888830423355,6.0902981203980744e-05,0.30794811248779297,1.070505976676941,4,0.5,
fixed,1,3513,1.513048768043518,0.0429408997297287,0.0002638121659401804,0.7615670561790466,1.513048768043518,4,0.75,
fixed,1,3514,0.7774783968925476,1.3647822072471172e-07,0.0001932611339725554,0.3347889184951782,0.7774783968925476,4,0.5,
fixed,1,3515,1.1504027843475342,0.01975092850625515,9.180526103591546e-05,0.7186969518661499,1.1504027843475342,4,0.5,7.475337505340576
fixed,1,3516,1.2166019678115845,1.5940088360366644e-07,0.0,0.8182365894317627,1.2166019678115845,4,0.0,
fixed,1,3517,1.1938135623931885,1.1103391273081797e-07,0.0003531752445269376,0.8424403071403503,1.1938135623931885,4,0.25,
fixed,1,3518,1.60664963722229,1.3400531884144584e-07,0.0009501267340965569,0.8547458052635193,1.60664963722229,4,0.25,
fixed,1,3519,1.276867151260376,9.17283742296604e-08,0.000993549358099699,0.6889618039131165,1.276867151260376,4,0.5,
fixed,1,3520,1.2736012935638428,6.608058811252704e-08,0.002129229484125972,0.6999212503433228,1.2736012935638428,4,0.5,1.8442418575286865
fixed,1,3521,1.3532044887542725,0.03801992908120155,0.0022061143536120653,0.7242609262466431,1.3532044887542725,4,0.75,
fixed,1,3522,1.6685261726379395,1.7927208091350622e-06,0.015870703384280205,1.0078305006027222,1.6685261726379395,4,0.0,
fixed,1,3523,0.3124459385871887,1.794167658886181e-08,0.009068015962839127,0.7081099152565002,0.3124459385871887,4,0.75,
fixed,1,3524,1.169100284576416,6.838423871613486e-08,0.0,1.3819063901901245,1.169100284576416,4,0.0,
fixed,1,3525,1.2954065799713135,1.946571273947484e-06,0.00046260590897873044,0.6875523924827576,1.2954065799713135,4,0.75,0.41457462310791016
fixed,1,3526,1.2980835437774658,1.307358132862646e-07,8.129805792123079e-05,0.831221878528595,1.2980835437774658,4,0.25,
fixed,1,3527,1.1508617401123047,0.04696565493941307,0.0036758161149919033,0.7253987193107605,1.1508617401123047,4,0.75,
fixed,1,3528,0.9297758340835571,0.05002635344862938,0.0,0.8533686399459839,0.9297758340835571,4,0.25,
fixed,1,3529,1.1930007934570312,0.05807890370488167,0.016890494152903557,0.7074325084686279,1.1930007934570312,4,0.5,
fixed,1,3530,1.0448569059371948,5.801463487387082e-08,0.0014121599961072206,0.6975147724151611,1.0448569059371948,4,0.5,1.302638053894043
fixed,1,3531,1.1999359130859375,1.7290922471602244e-08,0.008801832795143127,0.30380702018737793,1.1999359130859375,4,0.5,
fixed,1,3532,1.4873247146606445,0.021395817399024963,0.0009454052778892219,0.7261106371879578,1.4873247146606445,4,0.5,
fixed,1,3533,0.9197104573249817,0.04450267553329468,0.001830881810747087,0.3089258670806885,0.9197104573249817,4,0.5,
fixed,1,3534,1.5152218341827393,3.49460549387004e-08,0.0,1.3829731941223145,1.5152218341827393,4,0.0,
fixed,1,3535,0.4521852433681488,2.6096300231870373e-08,0.023591067641973495,0.6573374271392822,0.4521852433681488,4,0.75,13.36279296875
fixed,1,3536,0.8896388411521912,1.9885549207288022e-08,0.019883152097463608,0.7511448860168457,0.8896388411521912,4,0.25,
fixed,1,3537,1.0047693252563477,2.0843716086460518e-08,0.00407764595001936,0.7048342227935791,1.0047693252563477,4,0.5,
fixed,1,3538,0.2890876233577728,4.619724691679039e-08,0.007294308859854937,0.42867952585220337,0.2890876233577728,4,0.25,
fixed,1,3539,1.0745434761047363,0.028979457914829254,0.017894519492983818,0.6971909999847412,1.0745434761047363,4,0.5,
fixed,1,3540,1.366092562675476,3.855199537383669e-08,0.0002039922255789861,0.8370429873466492,1.366092562675476,4,0.25,0.2173614799976349
fixed,1,3541,1.463478684425354,2.6671294506286358e-08,0.005906934849917889,0.4182884693145752,1.463478684425354,4,0.25,
fixed,1,3542,0.6521749496459961,3.2546715544867766e-08,0.011300603859126568,0.7232137322425842,0.6521749496459961,4,0.5,
fixed,1,3543,1.1889106035232544,3.609752141642275e-08,0.0072342222556471825,0.7200179696083069,1.1889106035232544,4,0.5,
fixed,1,3544,1.4257125854492188,2.3148481886892114e-07,0.010826371610164642,0.30429375171661377,1.4257125854492188,4,0.5,
fixed,1,3545,0.9245046973228455,6.652489759062519e-08,0.005310406908392906,0.3084157705307007,0.9245046973228455,4,0.5,3.580474615097046
fixed,1,3546,1.13126802444458,0.014194806106388569,1.1004885891452432e-10,0.49480652809143066,1.13126802444458,4,0.0,
fixed,1,3547,1.1554280519485474,0.008236098103225231,0.0024245064705610275,0.7788802981376648,1.1554280519485474,4,0.25,
fixed,1,3548,0.7479028701782227,1.8655688904800627e-07,0.027563955634832382,0.7567079663276672,0.7479028701782227,4,0.25,
fixed,1,3549,0.800413966178894,6.21391507138469e-08,0.014470778405666351,0.738320529460907,0.800413966178894,4,0.5,
fixed,1,3550,0.7636313438415527,2.718677478696918e-07,0.005177170038223267,0.9160572290420532,0.7636313438415527,4,0.25,3.5747344493865967
fixed,1,3551,1.4286079406738281,1.0692095031572535e-07,0.0014890736201778054,0.6895806193351746,1.4286079406738281,4,0.5,
fixed,1,3552,0.9515002965927124,2.2898768747836584e-07,0.0016600933158770204,0.6659809350967407,0.9515002965927124,4,0.5,
fixed,1,3553,1.4812037944793701,1.0634897762429318e-07,0.01209389790892601,0.6176967024803162,1.4812037944793701,4,0.75,
fixed,1,3554,1.3021422624588013,0.0,0.006273581646382809,1.0030834674835205,1.3021422624588013,4,1.0,
fixed,1,3555,1.284615159034729,3.5194952374695276e-07,0.002032683929428458,0.6982709169387817,1.284615159034729,4,0.5,1.6438099145889282
fixed,1,3556,0.850953221321106,0.03445309028029442,0.0,0.8980319499969482,0.850953221321106,4,0.25,
fixed,1,3557,1.1860567331314087,4.2336301930845366e-07,8.781030192039907e-05,0.6923563480377197,1.1860567331314087,4,0.5,
fixed,1,3558,1.1214717626571655,5.751359140049317e-07,0.0003159893676638603,0.6909068822860718,1.1214717626571655,4,0.5,
fixed,1,3559,1.36309814453125,5.662283797391865e-07,4.153637564741075e-05,0.350314736366272,1.36309814453125,4,0.25,
fixed,1,3560,0.9309490323066711,2.547846236211626e-07,0.00018243034719489515,0.8030397295951843,0.9309490323066711,4,0.75,0.18404363095760345
fixed,1,3561,2.8031673431396484,1.193160642287694e-06,0.0,1.3709930181503296,2.8031673431396484,4,0.0,
fixed,1,3562,1.0032960176467896,3.479553356555698e-07,0.001204238855279982,0.7783321738243103,1.0032960176467896,4,0.75,
fixed,1,3563,0.8944840431213379,0.0,0.0003610626154113561,0.7005470991134644,0.8944840431213379,4,0.75,
fixed,1,3564,1.1235374212265015,0.047559190541505814,0.00013802183093503118,0.7793513536453247,1.1235374212265015,4,0.75,
fixed,1,3565,0.7645414471626282,1.806350155675318e-06,0.0,1.367801547050476,0.7645414471626282,4,0.0,0.002477369038388133
fixed,1,3566,1.6171001195907593,3.0293547297333134e-06,3.1415206649398897e-06,0.8220031261444092,1.6171001195907593,4,0.25,
fixed,1,3567,1.7093346118927002,1.3764088180323597e-06,0.0009225653484463692,0.693871021270752,1.7093346118927002,4,0.5,
fixed,1,3568,1.2242813110351562,5.910723075430724e-07,0.0003320022369734943,0.3309907913208008,1.2242813110351562,4,0.5,
fixed,1,3569,1.2189222574234009,4.0667418943485245e-07,0.00045779976062476635,0.7912214398384094,1.2189222574234009,4,0.75,
fixed,1,3570,1.096795916557312,2.0398028937052004e-06,0.0,1.3675787448883057,1.096795916557312,4,0.0,0.002732606139034033
fixed,1,3571,1.4333893060684204,1.1193445743629127e-06,3.8096245589258615e-06,0.6912262439727783,1.4333893060684204,4,0.5,
fixed,1,3572,0.8904632329940796,6.906809062456887e-07,9.521049832983408e-07,0.3463517427444458,0.8904632329940796,4,0.25,
fixed,1,3573,0.5383045077323914,1.2477356676754425e-06,3.0213234367693076e-06,0.34561169147491455,0.5383045077323914,4,0.5,
fixed,1,3574,1.343890905380249,0.04339974373579025,0.00024717237101867795,0.7627689838409424,1.343890905380249,4,0.75,
fixed,1,3575,1.647829294204712,1.0605307352307136e-06,0.0003038584254682064,0.6936424374580383,1.647829294204712,4,0.5,0.3114648759365082
fixed,1,3576,0.7705782055854797,5.049986953054031e-07,2.70464825007366e-05,0.342242956161499,0.7705782055854797,4,0.5,
fixed,1,3577,1.435113787651062,0.0,2.5146198822767474e-05,1.3368065357208252,1.435113787651062,4,1.0,
fixed,1,3578,0.7846297025680542,2.3200129817269044e-07,3.901865966327023e-06,0.3449113368988037,0.7846297025680542,4,0.5,
fixed,1,3579,0.9151325225830078,0.0,0.0007546471315436065,0.6996930837631226,0.9151325225830078,4,0.75,
fixed,1,3580,0.5781273245811462,8.111322813419974e-07,0.00012686183617915958,0.692206084728241,0.5781273245811462,4,0.5,0.12414145469665527
fixed,1,3581,0.5794166326522827,3.8451062778221967e-07,9.556933218846098e-05,0.33957457542419434,0.5794166326522827,4,0.5,
fixed,1,3582,1.052424669265747,3.252566784794908e-07,4.9768997996579856e-05,0.6926302909851074,1.052424669265747,4,0.5,
fixed,1,3583,0.909902811050415,7.248027031891979e-07,0.003176270052790642,0.7050418257713318,0.909902811050415,4,0.5,
fixed,1,3584,1.165544867515564,2.797528964038065e-07,0.00015922119200695306,0.8040913343429565,1.165544867515564,4,0.75,
fixed,1,3585,0.7152939438819885,2.797528964038065e-07,4.493333108257502e-05,0.8115442991256714,0.7152939438819885,4,0.75,0.04962203651666641
fixed,1,3586,1.3093446493148804,0.06186051294207573,6.179913270898396e-06,0.8184517025947571,1.3093446493148804,4,0.75,
fixed,1,3587,1.7342145442962646,6.163268722048088e-07,0.001692003570497036,0.8719119429588318,1.7342145442962646,4,0.25,
fixed,1,3588,0.9017954468727112,0.0,3.131627454422414e-05,0.7760449647903442,0.9017954468727112,4,0.75,
fixed,1,3589,0.6397286057472229,0.04271519556641579,9.450790230403072e-07,0.6964219212532043,0.6397286057472229,4,0.5,
fixed,1,3590,0.5126804709434509,2.5278859538957477e-07,2.26813972403761e-05,0.6919071674346924,0.5126804709434509,4,0.5,0.02522122859954834
fixed,1,3591,1.3002948760986328,0.05997476726770401,0.0007989913574419916,0.787068247795105,1.3002948760986328,4,0.75,
fixed,1,3592,0.5169938206672668,8.705036691480927e-12,2.9050475859548897e-05,0.7779953479766846,0.5169938206672668,4,0.75,
fixed,1,3593,1.1273423433303833,0.060122448951005936,0.0008407275890931487,0.782379150390625,1.1273423433303833,4,0.75,
fixed,1,3594,0.7435981035232544,1.1989319546046318e-06,0.00021282013040035963,0.8384946584701538,0.7435981035232544,4,0.25,
fixed,1,3595,1.3843921422958374,5.399031124397879e-07,0.00018921052105724812,0.8380532264709473,1.3843921422958374,4,0.25,0.198470339179039
fixed,1,3596,1.4434449672698975,0.057032205164432526,3.54163785232231e-05,0.3356984853744507,1.4434449672698975,4,0.5,
fixed,1,3597,1.8594425916671753,0.030270272865891457,0.004625104833394289,0.7343981266021729,1.8594425916671753,4,0.5,
fixed,1,3598,0.9554262757301331,0.032555293291807175,0.00021288888819981366,0.308582067489624,0.9554262757301331,4,0.5,
fixed,1,3599,0.8441388607025146,1.8076097774155642e-07,0.005919767543673515,0.7414601445198059,0.8441388607025146,4,0.75,
fixed,1,3600,1.0368379354476929,1.9022817809855042e-07,6.448708154493943e-05,0.8319705724716187,1.0368379354476929,4,0.25,0.07382103055715561
fixed,1,3601,1.3461360931396484,0.023930149152874947,0.0002020261890720576,0.7157418727874756,1.3461360931396484,4,0.5,
fixed,1,3602,1.7029173374176025,1.1919886588884765e-07,5.0856833695434034e-05,0.8306781053543091,1.7029173374176025,4,0.25,
fixed,1,3603,1.6574549674987793,0.0,0.01801438443362713,0.43011707067489624,1.6574549674987793,4,0.5,
fixed,1,3604,0.7893160581588745,9.881808438194639e-08,9.28688605199568e-05,0.8336400985717773,0.7893160581588745,4,0.25,
fixed,1,3605,0.7863039374351501,4.3006242123055927e-08,0.006279234308749437,0.7263210415840149,0.7863039374351501,4,0.75,4.921822547912598
fixed,1,3606,1.492155909538269,4.940464748415252e-08,0.00015442671428900212,0.3553304672241211,1.492155909538269,4,0.25,
fixed,1,3607,0.7770236730575562,0.03616101294755936,0.0012985668145120144,0.732744038105011,0.7770236730575562,4,0.75,
fixed,1,3608,1.0458972454071045,1.5575150769109314e-07,0.0,1.380284070968628,1.0458972454071045,4,0.0,
fixed,1,3609,1.1496816873550415,6.779814754054314e-08,0.007445081137120724,0.721622109413147,1.1496816873550415,4,0.5,
fixed,1,3610,1.5523566007614136,1.7383230854761678e-08,0.019461559131741524,0.6978292465209961,1.5523566007614136,4,0.5,9.100704193115234
fixed,1,3611,1.2646316289901733,0.0,0.0038674508687108755,1.032524824142456,1.2646316289901733,4,1.0,
fixed,1,3612,0.9292585253715515,8.54748307688169e-08,0.016590628772974014,0.7112400531768799,0.9292585253715515,4,0.5,
fixed,1,3613,1.0728397369384766,8.352355251872723e-08,0.013608184643089771,0.7235658168792725,1.0728397369384766,4,0.5,
fixed,1,3614,1.0177013874053955,3.679021176594688e-08,0.012937918305397034,0.7068146467208862,1.0177013874053955,4,0.75,
fixed,1,3615,0.9629014134407043,1.3690822697753902e-07,0.003856424940750003,0.7034433484077454,0.9629014134407043,4,0.5,3.1524930000305176
fixed,1,3616,1.6490700244903564,5.027361282827769e-08,0.0028388341888785362,0.7447181344032288,1.6490700244903564,4,0.75,
fixed,1,3617,1.4726805686950684,5.308952495397534e-07,0.0023058350197970867,0.8802326321601868,1.4726805686950684,4,0.25,
fixed,1,3618,1.2315064668655396,0.046776577830314636,0.0011456056963652372,0.7520841360092163,1.2315064668655396,4,0.75,
fixed,1,3619,1.9689985513687134,4.999033080821391e-07,0.003333302214741707,0.8948454856872559,1.9689985513687134,4,0.25,
fixed,1,3620,1.4075558185577393,2.0477295947785024e-07,0.00042822782415896654,0.7915133237838745,1.4075558185577393,4,0.75,0.3954906463623047
fixed,1,3621,1.5421943664550781,0.03828427940607071,3.540964098647237e-05,0.6993241310119629,1.5421943664550781,4,0.5,
fixed,1,3622,1.3488820791244507,1.9900878100997943e-07,6.649356510024518e-05,0.3393223285675049,1.3488820791244507,4,0.5,
fixed,1,3623,1.3773809671401978,0.04224652424454689,0.00011869785521412268,0.7599064707756042,1.3773809671401978,4,0.75,
fixed,1,3624,1.080133318901062,1.094502181331336e-06,0.0006744957063347101,0.8512203097343445,1.080133318901062,4,0.25,
fixed,1,3625,2.0730044841766357,5.59478849027073e-07,2.4358309019589797e-05,0.8278327584266663,2.0730044841766357,4,0.25,0.02786167897284031
fixed,1,3626,1.4463461637496948,7.023993475741008e-07,5.552447328227572e-05,0.830396294593811,1.4463461637496948,4,0.25,
fixed,1,3627,1.8334896564483643,1.2048371900164057e-07,0.010230083018541336,0.7150364518165588,1.8334896564483643,4,0.75,
fixed,1,3628,0.6982318162918091,5.562170031225833e-07,8.657485886942595e-05,0.6914637684822083,0.6982318162918091,4,0.5,
fixed,1,3629,1.0750889778137207,5.947935619587952e-07,0.0,1.3751410245895386,1.0750889778137207,4,0.0,
fixed,1,3630,1.0700621604919434,0.05551743507385254,0.0024217073805630207,0.7007761597633362,1.0700621604919434,4,0.5,1.5497370958328247
fixed,1,3631,0.5985543131828308,6.665255568805151e-06,8.508827158948407e-05,0.8094547986984253,0.5985543131828308,4,0.75,
fixed,1,3632,1.515275001525879,0.0447242334485054,2.0162247892585583e-05,0.7787227034568787,1.515275001525879,4,0.75,
fixed,1,3633,1.4488415718078613,2.2486531747745175e-07,0.0035755576100200415,0.7410991787910461,1.4488415718078613,4,0.75,
fixed,1,3634,1.2514370679855347,0.11310718953609467,9.422319635632448e-06,0.7903883457183838,1.2514370679855347,4,0.75,
fixed,1,3635,1.3563566207885742,6.083947141632962e-07,1.329604219790781e-05,0.8260985612869263,1.3563566207885742,4,0.25,0.01573820598423481
fixed,1,3636,1.8183164596557617,2.7741975827666465e-07,0.0031000475864857435,0.39399969577789307,1.8183164596557617,4,0.25,
fixed,1,3637,0.5919525027275085,0.05020090565085411,0.009265139698982239,0.9121237993240356,0.5919525027275085,4,1.0,
fixed,1,3638,0.7460730075836182,0.0,0.0016586963320150971,0.6060670018196106,0.7460730075836182,4,0.75,
fixed,1,3639,0.883387565612793,1.6798142610241484e-07,0.00021341977117117494,0.3567628860473633,0.883387565612793,4,0.25,
fixed,1,3640,1.2929879426956177,4.0395722322728034e-08,0.0029047098942101,0.7441568970680237,1.2929879426956177,4,0.75,2.5938310623168945
fixed,1,3641,1.171259880065918,2.2210026884295075e-07,0.0005955364322289824,0.6904538869857788,1.171259880065918,4,0.5,
fixed,1,3642,0.7468723654747009,1.359495627184515e-07,0.0004531082231551409,0.8474488854408264,0.7468723654747009,4,0.25,
fixed,1,3643,0.7929986715316772,1.3440004664744265e-10,0.01939980499446392,0.39054936170578003,0.7929986715316772,4,0.5,
fixed,1,3644,1.0220750570297241,9.041034587653485e-08,0.001967885298654437,0.6982879042625427,1.0220750570297241,4,0.5,
fixed,1,3645,1.6600658893585205,6.751375991598252e-08,0.0024216766469180584,0.6892504692077637,1.6600658893585205,4,0.5,1.8500875234603882
fixed,1,3646,1.5468440055847168,9.60291544060965e-08,0.001960136229172349,0.6977457404136658,1.5468440055847168,4,0.5,
fixed,1,3647,1.5400153398513794,3.679593163496975e-08,0.004279643297195435,0.7321847677230835,1.5400153398513794,4,0.75,
fixed,1,3648,0.8089922070503235,5.521391699403466e-08,0.0014952208148315549,0.7589869499206543,0.8089922070503235,4,0.75,
fixed,1,3649,0.5231601595878601,1.21203925118607e-07,0.0025305633898824453,0.6989884972572327,0.5231601595878601,4,0.5,
fixed,1,3650,0.8545220494270325,2.0889535790047375e-07,0.010857016779482365,0.7255610823631287,0.8545220494270325,4,0.5,6.384378433227539
fixed,1,3651,1.159424901008606,3.470860576726409e-07,0.00697968527674675,0.7186130881309509,1.159424901008606,4,0.5,
fixed,1,3652,0.4594239294528961,1.3756474004367192e-07,0.004841881338506937,0.40898531675338745,0.4594239294528961,4,0.25,
fixed,1,3653,1.0898126363754272,4.3263790416858683e-07,0.0007730959332548082,0.7667376399040222,1.0898126363754272,4,0.75,
fixed,1,3654,1.1865472793579102,0.03722671791911125,7.525940600316972e-05,0.6977030038833618,1.1865472793579102,4,0.5,
fixed,1,3655,1.5119924545288086,2.4909394369387883e-07,0.011601585894823074,0.723785400390625,1.5119924545288086,4,0.5,5.541163444519043
fixed,1,3656,0.9679851531982422,0.0,0.004653126932680607,0.46678799390792847,0.9679851531982422,4,0.5,
fixed,1,3657,1.3878093957901,2.0067005834789597e-07,0.00017785263480618596,0.6831657886505127,1.3878093957901,4,0.5,
fixed,1,3658,1.9452425241470337,2.1114610717631876e-06,0.001003353507257998,0.7652272582054138,1.9452425241470337,4,0.75,
fixed,1,3659,1.0978318452835083,4.223300891226245e-07,0.00023484404664486647,0.6926180720329285,1.0978318452835083,4,0.5,
fixed,1,3660,0.712087094783783,1.8781762264552526e-05,0.00012915638217236847,0.830162763595581,0.712087094783783,4,0.25,0.11251382529735565
fixed,1,3661,1.2511292695999146,8.871201657711936e-07,0.0007719560526311398,0.6938650012016296,1.2511292695999146,4,0.5,
fixed,1,3662,0.38589364290237427,4.5059172748551646e-07,0.00024027630570344627,0.6919216513633728,0.38589364290237427,4,0.5,
fixed,1,3663,0.5391386151313782,1.6457961748983507e-07,0.0003094373387284577,0.789425790309906,0.5391386151313782,4,0.75,
fixed,1,3664,2.4815127849578857,0.034234363585710526,0.00022806183551438153,0.7475110292434692,2.4815127849578857,4,0.75,
fixed,1,3665,1.1965893507003784,0.0,0.0004601868859026581,1.23256516456604,1.1965893507003784,4,1.0,0.41494330763816833
fixed,1,3666,1.1396536827087402,0.04031144082546234,0.005692629609256983,0.9474279880523682,1.1396536827087402,4,1.0,
fixed,1,3667,1.7150300741195679,1.6983177886231715e-07,0.0003768883761949837,0.7926421165466309,1.7150300741195679,4,0.75,
fixed,1,3668,0.5194063186645508,5.251411039353115e-07,2.3339632662100485e-06,0.3467632532119751,0.5194063186645508,4,0.25,
fixed,1,3669,0.3371581435203552,3.479905785752635e-07,0.00010566768469288945,0.34716761112213135,0.3371581435203552,4,0.25,
fixed,1,3670,1.1766992807388306,4.648845788324252e-07,7.239623664645478e-05,0.6872057318687439,1.1766992807388306,4,0.5,0.07002019137144089
fixed,1,3671,1.2988834381103516,1.3381978760662605e-06,1.7420501535525545e-05,0.3482937812805176,1.2988834381103516,4,0.25,
fixed,1,3672,1.1450728178024292,0.06060791015625,4.56984935226501e-06,0.6892159581184387,1.1450728178024292,4,0.5,
fixed,1,3673,0.6163175702095032,6.267463845688326e-07,0.00040506370714865625,0.6913403272628784,0.6163175702095032,4,0.5,
fixed,1,3674,1.9123255014419556,5.862946181878215e-07,0.00038691633380949497,0.8416970372200012,1.9123255014419556,4,0.25,
fixed,1,3675,1.5173231363296509,0.04406425356864929,0.0,0.868549108505249,1.5173231363296509,4,0.25,6.278315544128418
fixed,1,3676,0.7117911577224731,3.111924797849497e-07,1.6017977031879127e-05,0.3487272262573242,0.7117911577224731,4,0.25,
fixed,1,3677,0.8427724838256836,0.05083614960312843,0.001514488598331809,0.7489335536956787,0.8427724838256836,4,0.75,
fixed,1,3678,0.8138954639434814,0.03642618656158447,0.0007269397610798478,1.0505726337432861,0.8138954639434814,4,1.0,
fixed,1,3679,0.7049733400344849,1.606449586688541e-07,0.004371638875454664,0.705947756767273,0.7049733400344849,3,0.75,
fixed,1,3680,1.5677930116653442,3.1817251056054374e-07,0.0003803064755629748,0.8196678161621094,1.5677930116653442,4,0.25,0.2712837755680084
fixed,1,3681,0.7897319793701172,1.6090324095330288e-07,0.0005710708210244775,0.6908333897590637,0.7897319793701172,4,0.5,
fixed,1,3682,1.4164955615997314,8.817951169248772e-08,0.0018229816341772676,0.3187457323074341,1.4164955615997314,4,0.5,
fixed,1,3683,1.7579165697097778,2.048713554358983e-07,0.0005237461882643402,0.8485043048858643,1.7579165697097778,4,0.25,
fixed,1,3684,0.7420417666435242,0.039815884083509445,0.0015408199978992343,0.7369192838668823,0.7420417666435242,4,0.75,
fixed,1,3685,0.7331908345222473,0.03722541779279709,0.004675155971199274,0.9535534381866455,0.7331908345222473,4,1.0,4.044127464294434
fixed,1,3686,1.4011924266815186,1.4521780030918308e-05,0.0,1.3577964305877686,1.4011924266815186,4,0.0,
fixed,1,3687,1.5658466815948486,1.7958915066174086e-07,0.00019501236965879798,0.8387065529823303,1.5658466815948486,4,0.25,
fixed,1,3688,1.2855335474014282,4.723382218685401e-08,0.0007385494536720216,0.3242666721343994,1.2855335474014282,4,0.5,
fixed,1,3689,1.2233285903930664,9.262536337928395e-08,0.0024228603579103947,0.883468508720398,1.2233285903930664,4,0.25,
fixed,1,3690,1.086161494255066,1.9089171132691263e-08,0.004574565216898918,0.731537401676178,1.086161494255066,4,0.75,3.437995672225952
fixed,1,3691,1.5670955181121826,6.400027530162333e-08,0.0004993882030248642,0.6875876188278198,1.5670955181121826,4,0.5,
fixed,1,3692,2.327920913696289,0.02364461123943329,0.0,0.44266277551651,2.327920913696289,4,0.25,
fixed,1,3693,1.6680092811584473,3.5738739967428046e-08,0.006196780130267143,0.6883484125137329,1.6680092811584473,4,0.5,
fixed,1,3694,1.0816669464111328,6.071466174262241e-08,0.018541589379310608,0.7387349009513855,1.0816669464111328,4,0.25,
fixed,1,3695,0.9500392079353333,0.017121996730566025,0.0006778358947485685,0.7093780636787415,0.9500392079353333,4,0.75,6.6351776123046875
fixed,1,3696,0.5319815874099731,0.017894776538014412,0.0012104421621188521,0.7064876556396484,0.5319815874099731,4,0.75,
fixed,1,3697,1.0688748359680176,1.7933691864868706e-08,0.01926731877028942,0.6936185359954834,1.0688748359680176,4,0.75,
fixed,1,3698,1.4731338024139404,3.795397063299788e-08,0.0007499800994992256,0.7775291800498962,1.4731338024139404,4,0.75,
fixed,1,3699,1.2618427276611328,2.5293751093613537e-08,0.0007723375456407666,0.32428479194641113,1.2618427276611328,4,0.5,
fixed,1,3700,1.1631598472595215,0.010369285009801388,0.002536388346925378,0.6957917213439941,1.1631598472595215,4,0.5,3.367697238922119
fixed,1,3701,0.9197536110877991,0.05065034702420235,3.730897151399404e-05,0.3275259733200073,0.9197536110877991,4,0.5,
fixed,1,3702,0.8995488882064819,0.027383310720324516,0.0010588609147816896,0.30380725860595703,0.8995488882064819,4,0.5,
fixed,1,3703,0.4708651006221771,1.3543855814646122e-08,0.0021276366896927357,0.7618511319160461,0.4708651006221771,4,0.75,
fixed,1,3704,0.9258556365966797,0.052307985723018646,0.0014840528601780534,0.6994940042495728,0.9258556365966797,4,0.5,
fixed,1,3705,0.9418644309043884,0.0,0.0019897453021258116,1.0950796604156494,0.9418644309043884,4,1.0,1.8319125175476074
fixed,1,3706,1.3904249668121338,9.764667652234493e-08,0.0001183379499707371,0.8347153067588806,1.3904249668121338,4,0.25,
fixed,1,3707,0.8777291774749756,9.607888706852918e-09,0.013573948293924332,0.707944393157959,0.8777291774749756,4,0.75,
fixed,1,3708,0.958380401134491,4.904965669738637e-11,0.0005668188096024096,0.5731087923049927,0.958380401134491,4,0.5,
fixed,1,3709,1.3696446418762207,0.021395783871412277,0.00021410637418739498,0.7199559807777405,1.3696446418762207,4,0.5,
fixed,1,3710,1.1667146682739258,0.009620343334972858,0.010646550916135311,0.33124542236328125,1.1667146682739258,4,0.5,1.3784596920013428
fixed,1,3711,1.1550780534744263,6.6049650193633624e-09,0.0022002151235938072,0.3146092891693115,1.1550780534744263,4,0.5,
fixed,1,3712,0.8557783961296082,4.2681271850142366e-08,0.016616860404610634,1.0162830352783203,0.8557783961296082,4,0.0,
fixed,1,3713,1.4739114046096802,1.2429985929429677e-08,0.0009388758335262537,0.37041032314300537,1.4739114046096802,4,0.25,
fixed,1,3714,1.2247682809829712,1.2327340037643353e-08,0.004616947378963232,0.7367512583732605,1.2247682809829712,4,0.75,
fixed,1,3715,0.8926084041595459,4.0693269198754933e-08,0.0013376666465774179,0.8657415509223938,0.8926084041595459,4,0.25,1.132244348526001
fixed,1,3716,0.891901433467865,0.0,0.020585007965564728,0.838716447353363,0.891901433467865,4,0.75,
fixed,1,3717,0.927065372467041,2.231562312715596e-08,0.00832325778901577,0.7258133888244629,0.927065372467041,4,0.75,
fixed,1,3718,0.8723706603050232,0.0,0.01190311647951603,0.9431488513946533,0.8723706603050232,4,1.0,
fixed,1,3719,2.0265657901763916,8.829164244161802e-08,1.881174830486998e-05,0.8272049427032471,2.0265657901763916,4,0.25,
fixed,1,3720,0.905168354511261,1.6513368450432608e-07,0.0060338107869029045,0.925466775894165,0.905168354511261,4,0.25,4.036120891571045
fixed,1,3721,1.1835757493972778,1.9179566379534663e-07,0.00033531335066072643,0.6920580863952637,1.1835757493972778,4,0.5,
fixed,1,3722,0.932413637638092,0.02709164097905159,1.3242846762295812e-05,0.7080618739128113,0.932413637638092,4,0.5,
fixed,1,3723,1.8523379564285278,0.04031574726104736,0.00012124287604819983,0.5091109275817871,1.8523379564285278,4,0.5,
fixed,1,3724,0.9651468396186829,8.288917285881325e-08,3.747027221834287e-05,0.34191715717315674,0.9651468396186829,4,0.5,
fixed,1,3725,0.805849015712738,0.04201094061136246,0.001299021765589714,0.30947184562683105,0.805849015712738,4,0.5,6.246022701263428
fixed,1,3726,1.6389250755310059,0.055706772953271866,0.0,0.8379016518592834,1.6389250755310059,4,0.25,
fixed,1,3727,1.33472740650177,0.046185653656721115,0.00015958724543452263,0.7740652561187744,1.33472740650177,4,0.75,
fixed,1,3728,1.1040422916412354,0.0564497672021389,0.002421332523226738,1.1294208765029907,1.1040422916412354,4,1.0,
fixed,1,3729,1.9878661632537842,1.9127166694943298e-07,7.765508598822635e-06,0.825256884098053,1.9878661632537842,4,0.25,
fixed,1,3730,0.8221785426139832,0.0,0.004997612442821264,1.0639474391937256,0.8221785426139832,4,1.0,3.565079927444458
fixed,1,3731,1.4125971794128418,1.5359850635832117e-07,0.00618054298684001,0.704865574836731,1.4125971794128418,4,0.5,
fixed,1,3732,1.5206941366195679,7.558289638609494e-08,1.1032947440980934e-05,0.3485666513442993,1.5206941366195679,4,0.25,
fixed,1,3733,0.4671880304813385,6.94653223831665e-08,0.000703394936863333,0.6924319863319397,0.4671880304813385,4,0.5,
fixed,1,3734,1.5114178657531738,1.5960389987412782e-07,0.000473697466077283,0.3302508592605591,1.5114178657531738,4,0.5,
fixed,1,3735,0.6276370286941528,2.1639664282702142e-08,0.0020311097614467144,0.31414365768432617,0.6276370286941528,4,0.5,1.8445451259613037
fixed,1,3736,0.9335637092590332,0.04006723687052727,0.0001539885124657303,0.7003310918807983,0.9335637092590332,4,0.5,
fixed,1,3737,1.3567352294921875,1.0305015507583448e-07,2.9588376492029056e-05,0.8285279870033264,1.3567352294921875,4,0.25,
fixed,1,3738,0.887985348701477,0.06072954460978508,0.0,0.739592969417572,0.887985348701477,4,0.5,
fixed,1,3739,1.4723796844482422,1.4682629512208223e-07,9.886584848572966e-06,0.8258970379829407,1.4723796844482422,4,0.25,
fixed,1,3740,1.1063839197158813,1.1231136909373163e-08,0.0010267695179209113,0.7733602523803711,1.1063839197158813,4,0.75,1.0004069805145264
fixed,1,3741,1.0608491897583008,7.08514988900788e-08,0.01830805093050003,0.7011622190475464,1.0608491897583008,4,0.5,
fixed,1,3742,0.7552580237388611,0.024605395272374153,0.002303079701960087,0.7062150239944458,0.7552580237388611,4,0.5,
fixed,1,3743,0.8295644521713257,2.452707015265787e-08,0.00078817387111485,0.7805160284042358,0.8295644521713257,4,0.75,
fixed,1,3744,1.6447514295578003,9.018370938917997e-09,0.020561277866363525,0.6974926590919495,1.6447514295578003,4,0.5,
fixed,1,3745,1.6064409017562866,0.05792893096804619,0.0,0.762773871421814,1.6064409017562866,4,0.25,10.86192798614502
fixed,1,3746,1.255178689956665,2.34978099200589e-08,0.0,1.383538842201233,1.255178689956665,4,0.0,
fixed,1,3747,0.9314830303192139,0.0,0.017711782827973366,0.8764351606369019,0.9314830303192139,4,1.0,
fixed,1,3748,1.6322320699691772,1.2409325123030612e-08,0.00045188399963080883,0.6944083571434021,1.6322320699691772,4,0.5,
fixed,1,3749,1.149819016456604,1.148470651912703e-08,0.040565915405750275,1.1911591291427612,1.149819016456604,4,0.0,
fixed,1,3750,1.2235472202301025,2.1448762765885476e-09,0.0014305617660284042,0.7673967480659485,1.2235472202301025,4,0.75,1.370438575744629
fixed,1,3751,1.4651765823364258,1.6668227686977843e-08,0.0,1.3839569091796875,1.4651765823364258,4,0.0,
fixed,1,3752,1.0208544731140137,2.275207755531028e-08,0.0034152648877352476,0.8968644142150879,1.0208544731140137,4,0.25,
fixed,1,3753,1.282538890838623,1.3025277745271069e-08,0.0029448941349983215,0.696563184261322,1.282538890838623,4,0.5,
fixed,1,3754,0.6140311360359192,1.2651623748638485e-08,0.0012344515416771173,0.8641641139984131,0.6140311360359192,4,0.25,
fixed,1,3755,1.2050663232803345,0.028289705514907837,0.0,0.851090133190155,1.2050663232803345,4,0.25,11.787684440612793
fixed,1,3756,2.1062798500061035,2.0632004549270277e-08,0.00040424117469228804,0.8463570475578308,2.1062798500061035,4,0.25,
fixed,1,3757,2.1113741397857666,0.046264488250017166,0.0,0.7739608883857727,2.1113741397857666,4,0.25,
fixed,1,3758,0.8875876665115356,2.2851196490591974e-09,0.023018045350909233,0.6947126388549805,0.8875876665115356,4,0.5,
fixed,1,3759,0.8301314115524292,0.01661633513867855,0.0028419066220521927,0.69856858253479,0.8301314115524292,4,0.75,
fixed,1,3760,1.741675853729248,1.3796574549473917e-08,0.0,1.3841732740402222,1.741675853729248,4,0.0,0.0
fixed,1,3761,1.1135451793670654,0.0,0.0003911211097147316,0.6908739805221558,1.1135451793670654,4,0.75,
fixed,1,3762,0.8546780347824097,0.004317726939916611,0.02989986166357994,0.7011094689369202,0.8546780347824097,4,0.5,
fixed,1,3763,1.596688151359558,1.720112763337056e-08,0.0020277248695492744,0.8786282539367676,1.596688151359558,4,0.25,
fixed,1,3764,1.4012939929962158,0.00791096966713667,0.060245953500270844,0.8326816558837891,1.4012939929962158,4,0.0,
fixed,1,3765,0.6994714140892029,1.1607347971676063e-08,0.005467657931149006,0.7060111165046692,0.6994714140892029,4,0.5,4.041753768920898
fixed,1,3766,0.6604149341583252,0.009438940323889256,0.015423503704369068,0.32684946060180664,0.6604149341583252,4,0.5,
fixed,1,3767,2.0866594314575195,4.3605783872635584e-08,0.0142314238473773,0.7233542203903198,2.0866594314575195,4,0.5,
fixed,1,3768,0.9563683867454529,4.41307577148109e-08,0.000734962522983551,0.694171667098999,0.9563683867454529,4,0.5,
fixed,1,3769,1.6926544904708862,0.017122583463788033,0.0003207468835171312,0.7305629253387451,1.6926544904708862,4,0.5,
fixed,1,3770,1.4889966249465942,0.05764070525765419,0.0,0.3532872200012207,1.4889966249465942,4,0.25,2.648242235183716
fixed,1,3771,1.6427502632141113,7.940710133880202e-08,5.499594408320263e-05,0.6924294233322144,1.6427502632141113,4,0.5,
fixed,1,3772,1.0615251064300537,8.92737261892762e-08,0.00016382243484258652,0.6928622722625732,1.0615251064300537,4,0.5,
fixed,1,3773,0.5049057602882385,4.87713478491969e-08,0.0003204277891200036,0.3477240800857544,0.5049057602882385,4,0.25,
fixed,1,3774,1.4578924179077148,5.11151725390846e-08,0.0020845597609877586,0.3841496706008911,1.4578924179077148,4,0.25,
fixed,1,3775,0.8585671782493591,3.849974561376257e-08,3.446355549385771e-05,0.6898691058158875,0.8585671782493591,4,0.5,0.03939196467399597
fixed,1,3776,1.1902295351028442,0.05654125660657883,3.624769306043163e-05,0.6935408115386963,1.1902295351028442,4,0.5,
fixed,1,3777,0.934278666973114,6.333367963407e-08,3.9688151446171105e-05,0.3507329225540161,0.934278666973114,4,0.25,
fixed,1,3778,0.9365350008010864,1.0223454438573754e-07,0.00012180455814814195,0.6932624578475952,0.9365350008010864,4,0.5,
fixed,1,3779,0.40625983476638794,7.087530207172676e-08,0.001706473995000124,0.7683268189430237,0.40625983476638794,4,0.75,
fixed,1,3780,1.5062177181243896,4.86674451849467e-08,0.0049904086627066135,0.7046356201171875,1.5062177181243896,4,0.5,3.856609344482422
fixed,1,3781,1.3545888662338257,8.03100519419786e-08,0.0013710433850064874,0.7684316039085388,1.3545888662338257,4,0.75,
fixed,1,3782,2.0034844875335693,6.642277980972722e-07,0.0001406067458447069,0.33727550506591797,2.0034844875335693,4,0.5,
fixed,1,3783,0.5911107063293457,0.0,0.0010894911829382181,1.1675300598144531,0.5911107063293457,4,1.0,
fixed,1,3784,1.1385610103607178,0.02450026199221611,0.0,0.9511184692382812,1.1385610103607178,4,0.25,
fixed,1,3785,1.0430500507354736,1.6344623077202414e-07,4.928058115183376e-05,0.6929495930671692,1.0430500507354736,4,0.5,0.06348537653684616
fixed,1,3786,1.4577051401138306,2.6223989380014245e-07,0.0,1.3783071041107178,1.4577051401138306,4,0.0,
fixed,1,3787,1.7012704610824585,2.404479175766028e-07,0.014228545129299164,0.7395733594894409,1.7012704610824585,4,0.5,
fixed,1,3788,0.6044255495071411,5.170435812829055e-08,5.009145024814643e-05,0.3402656316757202,0.6044255495071411,4,0.5,
fixed,1,3789,1.063460111618042,0.059436045587062836,0.0004038290062453598,0.694084882736206,1.063460111618042,4,0.5,
fixed,1,3790,0.8268358707427979,1.2133608606745838e-07,0.0012476793490350246,0.6969670057296753,0.8268358707427979,4,0.5,1.181837558746338
fixed,1,3791,0.4614754915237427,8.538233942090301e-08,0.002429127460345626,0.7003525495529175,0.4614754915237427,4,0.5,
fixed,1,3792,0.9634969234466553,2.609148452847876e-08,0.0016924552619457245,0.7675575613975525,0.9634969234466553,4,0.75,
fixed,1,3793,0.5536283850669861,0.03534393757581711,7.809153612470254e-05,0.7559415102005005,0.5536283850669861,4,0.75,
fixed,1,3794,1.3637256622314453,0.05174383521080017,0.00033072932274080813,0.7774130702018738,1.3637256622314453,4,0.75,
fixed,1,3795,0.7806742191314697,0.035344719886779785,0.00042723005753941834,0.7447041869163513,0.7806742191314697,4,0.75,8.82162094116211
fixed,1,3796,1.0397592782974243,1.5149571874761847e-10,0.00047339999582618475,0.6845604777336121,1.0397592782974243,4,0.75,
fixed,1,3797,1.2292369604110718,0.04953760281205177,0.0008882619440555573,0.699406087398529,1.2292369604110718,4,0.5,
fixed,1,3798,0.8987283706665039,0.09092319756746292,0.001503285369835794,1.0142078399658203,0.8987283706665039,4,1.0,
fixed,1,3799,1.5411335229873657,3.322312380760195e-08,0.008339710533618927,0.7206800580024719,1.5411335229873657,4,0.5,
fixed,1,3800,1.2075780630111694,0.03616116940975189,0.0062942951917648315,0.7057957053184509,1.2075780630111694,4,0.75,4.394442558288574
fixed,1,3801,0.7126550674438477,5.205752984238643e-08,0.010563523508608341,0.9676413536071777,0.7126550674438477,4,0.25,
fixed,1,3802,1.200695276260376,0.0,0.021409273147583008,0.7879615426063538,1.200695276260376,4,1.0,
fixed,1,3803,0.8661423325538635,9.60204715738655e-09,0.003335794433951378,0.7403968572616577,0.8661423325538635,4,0.75,
fixed,1,3804,1.277306079864502,1.6525692814184367e-08,0.03375384211540222,0.8345757722854614,1.277306079864502,4,0.0,
fixed,1,3805,1.2655761241912842,7.025630299750674e-09,0.001632273430004716,0.7598002552986145,1.2655761241912842,4,0.75,1.5761460065841675
fixed,1,3806,1.974669337272644,2.3030235496435125e-08,0.02028295211493969,0.7654503583908081,1.974669337272644,4,0.25,
fixed,1,3807,0.9626114964485168,0.0,0.010393011383712292,0.9200899600982666,0.9626114964485168,4,1.0,
fixed,1,3808,1.1325651407241821,9.381562904309249e-08,0.015598355792462826,0.6952138543128967,1.1325651407241821,4,0.75,
fixed,1,3809,1.5545644760131836,4.616206439322923e-08,0.005585609003901482,0.7129697799682617,1.5545644760131836,4,0.5,
fixed,1,3810,0.9785642623901367,6.200666291533707e-08,0.00328459101729095,0.7020122408866882,0.9785642623901367,4,0.5,2.55608868598938
fixed,1,3811,1.8219021558761597,0.025938350707292557,0.00026185830938629806,0.4356768727302551,1.8219021558761597,4,0.5,
fixed,1,3812,1.309969186782837,3.7822891840733064e-07,0.0,1.3771802186965942,1.309969186782837,4,0.0,
fixed,1,3813,1.8667008876800537,2.8667449214481167e-07,0.00279837753623724,0.6994708180427551,1.8667008876800537,4,0.5,
fixed,1,3814,0.9195302724838257,0.025937531143426895,0.0034750064369291067,0.7052603363990784,0.9195302724838257,4,0.75,
fixed,1,3815,1.9462916851043701,0.029124829918146133,0.0,0.41768771409988403,1.9462916851043701,4,0.25,8.677092552185059
fixed,1,3816,1.0648630857467651,1.8468462315013312e-09,0.0011734196450561285,0.6193934082984924,1.0648630857467651,4,0.75,
fixed,1,3817,0.8768888711929321,0.05068191885948181,5.280556797515601e-05,0.6820458769798279,0.8768888711929321,4,0.75,
fixed,1,3818,0.6508271098136902,2.0851187798598403e-07,0.0,0.8172159790992737,0.6508271098136902,4,0.0,
fixed,1,3819,1.393006682395935,2.7977992544947483e-07,0.0,1.3780460357666016,1.393006682395935,4,0.0,
fixed,1,3820,1.103601336479187,2.2988672299106838e-07,0.0018300657393410802,0.8744637370109558,1.103601336479187,4,0.25,1.4448832273483276
fixed,1,3821,1.001941442489624,6.657871409743166e-08,0.00015758973313495517,0.8017357587814331,1.001941442489624,4,0.75,
fixed,1,3822,0.901996374130249,6.657871409743166e-08,0.0013934606686234474,0.7626678943634033,0.901996374130249,4,0.75,
fixed,1,3823,1.7676609754562378,1.6361664734176884e-07,0.005333370063453913,0.7078728675842285,1.7676609754562378,4,0.5,
fixed,1,3824,0.9971553683280945,3.147016869320396e-08,0.0004407612723298371,0.7868687510490417,0.9971553683280945,4,0.75,
fixed,1,3825,1.225752592086792,0.042712949216365814,0.00021290623408276588,0.6993918418884277,1.225752592086792,4,0.5,6.8576483726501465
fixed,1,3826,1.6171832084655762,1.9412959773035254e-07,6.558583663718309e-06,0.8246496319770813,1.6171832084655762,4,0.25,
fixed,1,3827,1.3891596794128418,2.1614653178403387e-07,0.0,1.3789803981781006,1.3891596794128418,4,0.0,
fixed,1,3828,1.0037546157836914,0.0333922877907753,0.0002498547837603837,0.744101881980896,1.0037546157836914,4,0.75,
fixed,1,3829,0.9430654048919678,7.214911335040597e-08,0.0019165698904544115,0.6971973776817322,0.9430654048919678,4,0.5,
fixed,1,3830,0.64326411485672,6.63602435224675e-08,1.1555129276530351e-05,0.348596453666687,0.64326411485672,4,0.25,0.012639240361750126
fixed,1,3831,0.6395037174224854,0.017377110198140144,0.0007730930810794234,0.7038906216621399,0.6395037174224854,4,0.75,
fixed,1,3832,1.635150671005249,0.008734267204999924,0.0006123880157247186,0.6982904672622681,1.635150671005249,4,0.5,
fixed,1,3833,1.3572782278060913,0.041292112320661545,0.00034979937481693923,0.7008876800537109,1.3572782278060913,4,0.5,
fixed,1,3834,1.2004244327545166,3.332119149490609e-06,9.323741778644035e-11,0.8090585470199585,1.2004244327545166,4,0.0,
fixed,1,3835,0.8624372482299805,5.8630295285411194e-08,0.015968909487128258,0.7279284000396729,0.8624372482299805,4,0.25,6.728494644165039
fixed,1,3836,1.0437616109848022,4.2160500868249073e-08,0.001976575003936887,0.87760990858078,1.0437616109848022,4,0.25,
fixed,1,3837,1.2012461423873901,5.416386628098735e-08,0.00042865690193139017,0.8466202020645142,1.2012461423873901,4,0.25,
fixed,1,3838,1.4650074243545532,5.695005000916353e-08,0.031247233971953392,0.6920562982559204,1.4650074243545532,4,0.5,
fixed,1,3839,0.9606897234916687,6.598952495551202e-08,0.0,1.3819189071655273,0.9606897234916687,4,0.0,
fixed,1,3840,0.5042590498924255,7.961663328615032e-09,0.0007759181899018586,0.3495563268661499,0.5042590498924255,4,0.25,0.6151617169380188
fixed,1,3841,0.9981545805931091,2.8468356561006658e-08,0.002921297214925289,0.689596951007843,0.9981545805931091,4,0.5,
fixed,1,3842,0.3829403817653656,1.9097292636161e-08,0.0002939716796390712,0.6924092173576355,0.3829403817653656,4,0.5,
fixed,1,3843,1.0268751382827759,0.0,0.00165980972815305,0.5180318355560303,1.0268751382827759,4,0.5,
fixed,1,3844,0.4546162784099579,0.0,0.0038547301664948463,0.4681028127670288,0.4546162784099579,4,0.5,
fixed,1,3845,0.7069562077522278,7.543712854385376e-08,0.00010206991282757372,0.8028491139411926,0.7069562077522278,4,0.75,0.10565108060836792
fixed,1,3846,0.8064142465591431,1.813454986177021e-08,0.00010816746362252161,0.33761370182037354,0.8064142465591431,4,0.5,
fixed,1,3847,1.8015202283859253,8.759759140275492e-08,1.811514448490925e-05,0.8274352550506592,1.8015202283859253,4,0.25,
fixed,1,3848,1.7481508255004883,1.406853726848567e-07,0.00010381080210208893,0.8318844437599182,1.7481508255004883,4,0.25,
fixed,1,3849,0.7386754155158997,5.027361282827769e-08,0.000899912731256336,0.7721574902534485,0.7386754155158997,4,0.75,
fixed,1,3850,1.6015543937683105,1.0411237383323169e-07,0.00012495671398937702,0.8357016444206238,1.6015543937683105,4,0.25,0.13328011333942413
fixed,1,3851,1.8388524055480957,0.0,0.009843787178397179,1.0350370407104492,1.8388524055480957,4,1.0,
fixed,1,3852,1.1268187761306763,3.03795133049789e-07,0.000351340597262606,0.8431404232978821,1.1268187761306763,4,0.25,
fixed,1,3853,2.1298468112945557,1.9144594887166022e-07,0.00021306976850610226,0.8393972516059875,2.1298468112945557,4,0.25,
fixed,1,3854,0.8130192756652832,3.68767189229402e-07,0.0002316328464075923,0.6895567774772644,0.8130192756652832,4,0.5,
fixed,1,3855,1.5102331638336182,1.1742329775188409e-07,6.79129152558744e-05,0.6916439533233643,1.5102331638336182,4,0.5,0.07059520483016968
fixed,1,3856,1.6079254150390625,9.998287708867792e-08,1.3507463336281944e-05,0.6836504936218262,1.6079254150390625,4,0.5,
fixed,1,3857,1.6985645294189453,0.06057577580213547,7.034125815152947e-07,0.6907153129577637,1.6985645294189453,4,0.5,
fixed,1,3858,1.6224555969238281,1.6346777442777238e-07,0.00020200300787109882,0.6899983882904053,1.6224555969238281,4,0.5,
fixed,1,3859,1.2529958486557007,4.6061782654760464e-07,0.0008642242173664272,0.7849204540252686,1.2529958486557007,4,0.75,
fixed,1,3860,1.0976768732070923,1.0903055169819709e-07,0.004764777608215809,0.7025269269943237,1.0976768732070923,4,0.5,2.893801689147949
fixed,1,3861,1.0346795320510864,0.0,0.0005266175139695406,1.2356277704238892,1.0346795320510864,4,1.0,
fixed,1,3862,1.3142465353012085,7.312230820843979e-08,3.928113801521249e-05,0.812186062335968,1.3142465353012085,4,0.75,
fixed,1,3863,1.5887773036956787,2.6349914605816593e-07,8.459187665721402e-05,0.8331517577171326,1.5887773036956787,4,0.25,
fixed,1,3864,0.6957836151123047,4.4632912477027276e-07,7.742104935459793e-05,0.33932268619537354,0.6957836151123047,4,0.5,
fixed,1,3865,1.171556830406189,4.3904404378736217e-07,0.003596074180677533,0.7002156972885132,1.171556830406189,4,0.5,2.410412073135376
fixed,1,3866,1.1350677013397217,0.04556509852409363,0.00011878383520524949,0.7754788994789124,1.1350677013397217,4,0.75,
fixed,1,3867,0.9075940251350403,2.555539708737342e-07,0.0007221000269055367,0.6939715147018433,0.9075940251350403,4,0.5,
fixed,1,3868,2.2800846099853516,8.901153023543884e-07,4.4773078473892e-12,0.8126135468482971,2.2800846099853516,4,0.0,
fixed,1,3869,0.909092366695404,1.8076097774155642e-07,0.0019891629926860332,0.7629945278167725,0.909092366695404,4,0.75,
fixed,1,3870,0.7997703552246094,0.04755951836705208,0.0,0.8598015904426575,0.7997703552246094,4,0.25,5.84130334854126
fixed,1,3871,0.7486539483070374,0.05652427673339844,8.874502782418858e-06,0.3367506265640259,0.7486539483070374,4,0.5,
fixed,1,3872,1.4696812629699707,2.2036235236555513e-07,7.983643445186317e-05,0.8326634764671326,1.4696812629699707,4,0.25,
fixed,1,3873,1.4720804691314697,1.1396353016834837e-07,0.00014094149810262024,0.6925749182701111,1.4720804691314697,4,0.5,
fixed,1,3874,0.7400256991386414,0.05635462701320648,6.081691026338376e-06,1.2959752082824707,0.7400256991386414,4,1.0,
fixed,1,3875,0.8113067746162415,0.0,0.00048387167043983936,1.2071096897125244,0.8113067746162415,4,1.0,0.4605603516101837
fixed,1,3876,2.491569757461548,4.5127694647817407e-07,0.0,1.3766628503799438,2.491569757461548,4,0.0,
fixed,1,3877,1.1743583679199219,3.665268479835504e-07,0.0,1.3776429891586304,1.1743583679199219,4,0.0,
fixed,1,3878,1.284719705581665,0.0,0.001190369133837521,0.6551634669303894,1.284719705581665,4,0.75,
fixed,1,3879,1.0794206857681274,1.4233334866275982e-07,0.0003505444619804621,0.8439140319824219,1.0794206857681274,4,0.25,
fixed,1,3880,1.4607305526733398,8.175054944103977e-08,9.413904990651645e-06,0.3482288122177124,1.4607305526733398,4,0.25,0.010287627577781677
fixed,1,3881,1.619343876838684,0.060537148267030716,2.6158642867812887e-05,0.8086325526237488,1.619343876838684,4,0.75,
fixed,1,3882,1.3671643733978271,1.5832032573825927e-08,0.0004159359959885478,0.7892081141471863,1.3671643733978271,4,0.75,
fixed,1,3883,0.8475831747055054,6.055069690091841e-08,0.0,0.6882686614990234,0.8475831747055054,4,0.0,
fixed,1,3884,0.5081471800804138,2.2782256792197586e-07,0.0,0.8143160343170166,0.5081471800804138,4,0.0,
fixed,1,3885,0.7968990802764893,5.7244804452238895e-08,0.00012994607095606625,0.3545100688934326,0.7968990802764893,4,0.25,0.13148128986358643
fixed,1,3886,0.7180003523826599,7.319853523313213e-08,0.00032087499857880175,0.8435184359550476,0.7180003523826599,4,0.25,
fixed,1,3887,1.1131259202957153,3.852334629073084e-08,6.915156700415537e-05,0.3521733283996582,1.1131259202957153,4,0.25,
fixed,1,3888,1.9073271751403809,1.2527419812613516e-06,0.0,1.374714970588684,1.9073271751403809,4,0.0,
fixed,1,3889,1.1151796579360962,5.50695403944701e-07,0.0012320089153945446,0.8639925122261047,1.1151796579360962,4,0.25,
fixed,1,3890,1.4853976964950562,4.804525843837837e-08,0.00261941971257329,0.6993197202682495,1.4853976964950562,4,0.5,2.1548447608947754
fixed,1,3891,0.690852165222168,4.9806821778020094e-08,0.00048033142229542136,0.693893313407898,0.690852165222168,4,0.5,
fixed,1,3892,1.214565396308899,3.5035991885479234e-08,0.003429911332204938,0.7036834955215454,1.214565396308899,4,0.5,
fixed,1,3893,0.8339745998382568,3.1464878702536225e-08,0.0066857351921498775,0.7217035889625549,0.8339745998382568,4,0.75,
fixed,1,3894,1.9084464311599731,2.6916270101651207e-08,0.004881539382040501,0.7410746812820435,1.9084464311599731,4,0.75,
fixed,1,3895,0.7171815633773804,0.05284123867750168,0.0042921751737594604,0.7262606024742126,0.7171815633773804,4,0.75,1.3003818988800049
fixed,1,3896,1.4272396564483643,3.795397063299788e-08,0.0006194330053403974,0.7811242341995239,1.4272396564483643,4,0.75,
fixed,1,3897,1.2592443227767944,5.148331538862294e-08,0.0027191361878067255,0.7027390599250793,1.2592443227767944,4,0.5,
fixed,1,3898,1.2622100114822388,9.811366180656478e-05,0.00577990198507905,0.7334311604499817,1.2622100114822388,4,0.75,
fixed,1,3899,0.5130744576454163,3.200322566954128e-07,0.0,1.3775640726089478,0.5130744576454163,4,0.0,
fixed,1,3900,0.7875581979751587,3.916533231063113e-08,0.004864830523729324,0.7429430484771729,0.7875581979751587,4,0.75,3.4987261295318604
fixed,1,3901,0.6769803762435913,0.0,0.0008596388506703079,1.2006988525390625,0.6769803762435913,4,1.0,
fixed,1,3902,1.0718787908554077,5.9418830744562e-08,8.829274884192273e-05,0.6929645538330078,1.0718787908554077,4,0.5,
fixed,1,3903,1.3054717779159546,0.03749680519104004,0.0016327545745298266,0.7374569773674011,1.3054717779159546,4,0.75,
fixed,1,3904,1.085192322731018,0.05914008244872093,0.00033084317692555487,0.6994900107383728,1.085192322731018,4,0.75,
fixed,1,3905,0.7311378717422485,6.752564445378084e-07,0.0,1.3744442462921143,0.7311378717422485,4,0.0,0.0008677674341015518
fixed,1,3906,1.2894656658172607,1.0635870495434574e-07,0.005136867985129356,0.7341914772987366,1.2894656658172607,4,0.75,
fixed,1,3907,0.816484272480011,0.04129520058631897,0.0015121884644031525,1.0441091060638428,0.816484272480011,4,1.0,
fixed,1,3908,1.4745738506317139,0.05354703962802887,0.0,0.7618764638900757,1.4745738506317139,4,0.25,
fixed,1,3909,1.3684000968933105,1.4869694098251784e-07,8.356871618320216e-12,0.8184878826141357,1.3684000968933105,4,0.0,
fixed,1,3910,0.7915962338447571,0.02195243164896965,0.020261576399207115,0.7565616369247437,0.7915962338447571,4,1.0,2.5401289463043213
fixed,1,3911,0.6392905116081238,1.1338858030285337e-06,0.0014447489520534873,0.37606096267700195,0.6392905116081238,4,0.25,
fixed,1,3912,1.5973317623138428,4.3271634808661474e-07,0.001922626979649067,0.7636377811431885,1.5973317623138428,4,0.75,
fixed,1,3913,0.8272913098335266,0.024787558242678642,0.0010175699135288596,0.718352735042572,0.8272913098335266,4,0.75,
fixed,1,3914,0.995701014995575,2.3762998679899283e-08,0.003979592118412256,0.7394556999206543,0.995701014995575,4,0.75,
fixed,1,3915,2.4602556228637695,0.04678591713309288,0.0001949615980265662,0.6972512006759644,2.4602556228637695,4,0.5,6.437414169311523
fixed,1,3916,1.1078386306762695,0.03696681559085846,0.00017903053958434612,0.7022834420204163,1.1078386306762695,4,0.5,
fixed,1,3917,0.8208825588226318,1.8611519436717572e-08,0.0014314480358734727,0.32015299797058105,0.8208825588226318,4,0.5,
fixed,1,3918,0.8947658538818359,1.060946317466005e-07,0.007787110283970833,0.7228748798370361,0.8947658538818359,4,0.5,
fixed,1,3919,0.7484867572784424,0.03534264117479324,0.0008137649274431169,0.73750901222229,0.7484867572784424,4,0.75,
fixed,1,3920,1.0949318408966064,1.221299417153432e-08,0.0020776093006134033,0.6987767815589905,1.0949318408966064,4,0.5,1.8838533163070679
fixed,1,3921,0.9370325803756714,3.757867972353779e-08,0.006473615299910307,0.3046051263809204,0.9370325803756714,4,0.5,
fixed,1,3922,0.7146063446998596,3.376319313019849e-08,0.024544885382056236,0.7824603319168091,0.7146063446998596,4,0.25,
fixed,1,3923,1.1180534362792969,5.586111484490175e-08,0.0,1.3823245763778687,1.1180534362792969,4,0.0,
fixed,1,3924,0.8527063131332397,1.825045181647056e-08,0.0047889514826238155,0.7075420022010803,0.8527063131332397,4,0.5,
fixed,1,3925,1.382002353668213,1.9537344186915107e-08,0.008117704652249813,0.7210219502449036,1.382002353668213,4,0.5,5.66676139831543
fixed,1,3926,1.3667250871658325,0.011563661508262157,0.0017835147446021438,0.7619625329971313,1.3667250871658325,4,0.25,
fixed,1,3927,1.4581644535064697,4.1495979985484155e-08,0.0018290103180333972,0.3815513849258423,1.4581644535064697,4,0.25,
fixed,1,3928,1.2947514057159424,0.029983410611748695,0.006315598729997873,0.7034609913825989,1.2947514057159424,4,0.75,
fixed,1,3929,1.451155662536621,2.4748596061385797e-08,0.0014192679664120078,0.6969144940376282,1.451155662536621,4,0.5,
fixed,1,3930,1.1820268630981445,2.8849413524767442e-08,0.0020082606934010983,0.6992356181144714,1.1820268630981445,4,0.5,1.835942029953003
fixed,1,3931,0.6237024664878845,2.3594347808852945e-08,0.0011051465990021825,0.3727627992630005,0.6237024664878845,4,0.25,
fixed,1,3932,1.3073357343673706,0.04129641130566597,0.014447476714849472,0.3954516053199768,1.3073357343673706,4,0.75,
fixed,1,3933,1.5045770406723022,1.9097408099355562e-08,0.006617689039558172,0.3057044744491577,1.5045770406723022,4,0.5,
fixed,1,3934,0.8863373398780823,1.3536920029366684e-08,0.006282074376940727,0.7235238552093506,0.8863373398780823,4,0.75,
fixed,1,3935,1.3500268459320068,1.9097408099355562e-08,0.0010296179680153728,0.7714375257492065,1.3500268459320068,4,0.75,1.076124668121338
fixed,1,3936,1.6676417589187622,1.9097408099355562e-08,0.00016735040117055178,0.3352386951446533,1.6676417589187622,4,0.5,
fixed,1,3937,1.1398576498031616,3.433662953966632e-08,0.009471424855291843,0.7141473889350891,1.1398576498031616,4,0.5,
fixed,1,3938,1.3480448722839355,0.051744259893894196,0.002872530836611986,1.047367811203003,1.3480448722839355,4,1.0,
fixed,1,3939,1.248706579208374,4.550267718173018e-08,0.01242918148636818,0.7306272983551025,1.248706579208374,4,0.5,
fixed,1,3940,0.47647061944007874,0.029115824028849602,3.08226517518051e-05,0.3082420825958252,0.47647061944007874,4,0.5,8.353833198547363
fixed,1,3941,1.4247257709503174,1.0225004132280446e-07,0.00013246604066807777,0.8363009095191956,1.4247257709503174,4,0.25,
fixed,1,3942,0.8897609710693359,5.695005000916353e-08,0.00041193125071004033,0.7950167655944824,0.8897609710693359,4,0.75,
fixed,1,3943,1.1955516338348389,0.05272427946329117,0.0035939854569733143,0.7391555905342102,1.1955516338348389,4,0.75,
fixed,1,3944,0.8564814925193787,7.028833124422817e-07,0.010180111043155193,0.4483976364135742,0.8564814925193787,4,0.25,
fixed,1,3945,1.0221333503723145,4.9250679978740664e-08,0.002472703577950597,0.698796272277832,1.0221333503723145,4,0.5,1.9453717470169067
fixed,1,3946,1.560835838317871,2.529516791582864e-07,0.0012187175452709198,0.6969693899154663,1.560835838317871,4,0.5,
fixed,1,3947,1.3257067203521729,3.278649174376369e-08,9.492906974628568e-05,0.3379039764404297,1.3257067203521729,4,0.5,
fixed,1,3948,2.338257312774658,0.033401742577552795,0.0002938523830380291,0.7450941801071167,2.338257312774658,4,0.75,
fixed,1,3949,1.4159644842147827,1.1676807076810292e-07,0.0007521455991081893,0.7814309597015381,1.4159644842147827,4,0.75,
fixed,1,3950,1.598591923713684,0.05887790396809578,0.00045290906564332545,0.6939272284507751,1.598591923713684,4,0.5,1.4775429964065552
fixed,1,3951,1.0949887037277222,1.7933691864868706e-08,0.0020909016020596027,0.7637471556663513,1.0949887037277222,4,0.75,
fixed,1,3952,1.0470041036605835,9.267587586236914e-08,0.0008679887978360057,0.6956387758255005,1.0470041036605835,4,0.5,
fixed,1,3953,1.4245355129241943,2.6101114158905148e-08,0.00011340680794091895,0.33737874031066895,1.4245355129241943,4,0.5,
fixed,1,3954,1.3992729187011719,1.7541958641231759e-07,0.0005370130529627204,0.8499440550804138,1.3992729187011719,4,0.25,
fixed,1,3955,1.8560553789138794,0.10967429727315903,2.3607281036674976e-05,0.786773681640625,1.8560553789138794,4,0.75,7.546133518218994
fixed,1,3956,0.904929518699646,2.0318212534675695e-07,0.0005464648711495101,0.694392740726471,0.904929518699646,4,0.5,
fixed,1,3957,1.340390920639038,9.381362531257764e-08,0.00010434103751322255,0.834752082824707,1.340390920639038,4,0.25,
fixed,1,3958,1.35525643825531,1.0097551239596214e-07,0.0044186292216181755,0.4060403108596802,1.35525643825531,4,0.25,
fixed,1,3959,1.1457078456878662,4.906886275080069e-08,0.012096843682229519,0.6934483051300049,1.1457078456878662,3,0.75,
fixed,1,3960,1.6901323795318604,0.027671897783875465,0.0024037291295826435,0.4443362355232239,1.6901323795318604,4,0.75,7.030496120452881
fixed,1,3961,0.9783002138137817,0.043849535286426544,0.0001733862009132281,0.6984304189682007,0.9783002138137817,4,0.5,
fixed,1,3962,0.880988359451294,4.726983320324507e-07,0.00023945917200762779,0.8401221036911011,0.880988359451294,4,0.25,
fixed,1,3963,1.3197041749954224,0.03854380175471306,0.000636343436781317,0.3097606897354126,1.3197041749954224,4,0.5,
fixed,1,3964,0.99119633436203,1.2473395827328204e-07,0.0,1.3806761503219604,0.99119633436203,4,0.0,
fixed,1,3965,1.2365347146987915,0.04785824567079544,0.0018292320892214775,0.6930385828018188,1.2365347146987915,4,0.75,14.985737800598145
fixed,1,3966,1.1516577005386353,6.743016456312034e-08,1.9192649206023482e-11,0.8201349377632141,1.1516577005386353,4,0.0,
fixed,1,3967,1.0929051637649536,2.5289011773566017e-08,0.011497988365590572,0.3046778440475464,1.0929051637649536,4,0.5,
fixed,1,3968,1.31126070022583,6.091693194321124e-08,0.004122812766581774,0.9055682420730591,1.31126070022583,4,0.25,
fixed,1,3969,1.8993505239486694,8.474928314683439e-09,0.03237251564860344,0.6979721188545227,1.8993505239486694,4,0.5,
fixed,1,3970,0.7741663455963135,4.17440482181064e-08,0.015229498967528343,0.7406445741653442,0.7741663455963135,4,0.5,8.764859199523926
fixed,1,3971,0.7068287134170532,0.016365382820367813,0.0018290892476215959,0.7480814456939697,0.7068287134170532,4,0.5,
fixed,1,3972,1.4646072387695312,1.2668920135183726e-07,0.0009912202367559075,0.8604540228843689,1.4646072387695312,4,0.25,
fixed,1,3973,0.7899169921875,2.609148452847876e-08,0.010521547868847847,0.3045952320098877,0.7899169921875,4,0.5,
fixed,1,3974,0.4547071158885956,2.4513070684406557e-08,0.004298113286495209,0.7346568703651428,0.4547071158885956,4,0.75,
fixed,1,3975,1.5665838718414307,9.224292085718844e-08,0.003266294952481985,0.7000024914741516,1.5665838718414307,4,0.5,2.448286771774292
fixed,1,3976,1.0551170110702515,0.020843474194407463,0.014196903444826603,0.7970565557479858,1.0551170110702515,4,0.5,
fixed,1,3977,1.5905869007110596,1.5416850374094793e-07,0.004748535808175802,0.7106649875640869,1.5905869007110596,4,0.5,
fixed,1,3978,1.084725260734558,0.06961662322282791,0.003935118205845356,0.7000418305397034,1.084725260734558,4,0.75,
fixed,1,3979,2.011033296585083,1.336435104803968e-07,0.01075952872633934,0.9688265323638916,2.011033296585083,4,0.25,
fixed,1,3980,1.3669418096542358,1.6935351254687703e-07,0.0,1.379686713218689,1.3669418096542358,4,0.0,0.0002444308192934841
fixed,1,3981,0.8845006227493286,4.851355939194946e-08,0.0005074393120594323,0.3633981943130493,0.8845006227493286,4,0.25,
fixed,1,3982,0.8873457908630371,9.989629461415461e-07,0.00016822092584334314,0.3555028438568115,0.8873457908630371,4,0.25,
fixed,1,3983,1.2677847146987915,0.05251119285821915,0.0006361510022543371,0.6974018216133118,1.2677847146987915,4,0.75,
fixed,1,3984,0.8132438659667969,6.92773909349853e-08,0.014904368668794632,0.7373258471488953,0.8132438659667969,4,0.5,
fixed,1,3985,1.2222208976745605,0.10516912490129471,0.0002140252763638273,0.7691888809204102,1.2222208976745605,4,0.75,9.060160636901855
fixed,1,3986,0.9571704268455505,1.9690892472112864e-08,0.0038036955520510674,0.7478773593902588,0.9571704268455505,4,0.75,
fixed,1,3987,0.6086375713348389,1.4410503901274296e-08,0.001429917523637414,0.7672640085220337,0.6086375713348389,4,0.75,
fixed,1,3988,1.1563800573349,8.050417932281562e-08,0.003107114229351282,0.7050251960754395,1.1563800573349,4,0.5,
fixed,1,3989,0.8759071826934814,0.040066737681627274,0.004219686146825552,0.7192735075950623,0.8759071826934814,4,0.5,
fixed,1,3990,1.1754204034805298,4.923428775782668e-08,0.0002858519146684557,0.8422767519950867,1.1754204034805298,4,0.25,0.28669673204421997
fixed,1,3991,1.1422119140625,0.020842965692281723,0.003172095399349928,0.7008888721466064,1.1422119140625,4,0.75,
fixed,1,3992,1.338395118713379,5.605117081586286e-08,0.0,1.3821961879730225,1.338395118713379,4,0.0,
fixed,1,3993,1.6652008295059204,7.701344451049863e-09,0.016449708491563797,0.3115466833114624,1.6652008295059204,4,0.5,
fixed,1,3994,1.6388330459594727,2.3667301007890273e-08,0.007862407714128494,0.7210736274719238,1.6388330459594727,4,0.5,
fixed,1,3995,0.7714146971702576,0.011980240233242512,0.004521450027823448,0.3223285675048828,0.7714146971702576,4,0.25,3.229231119155884
fixed,1,3996,1.584752082824707,0.03506631776690483,0.0011345157399773598,0.7318628430366516,1.584752082824707,4,0.75,
fixed,1,3997,0.8317845463752747,2.7839956118214104e-08,0.008567126467823982,0.3797018527984619,0.8317845463752747,4,0.25,
fixed,1,3998,1.9426283836364746,0.014195010997354984,0.0,1.0203466415405273,1.9426283836364746,4,0.0,
fixed,1,3999,0.9008670449256897,4.499657535461665e-08,1.7985614083129708e-12,0.8207999467849731,0.9008670449256897,4,0.0,
fixed,1,4000,0.9688956141471863,6.060612633973506e-08,0.001359224203042686,0.6975634098052979,0.9688956141471863,4,0.5,1.3110928535461426
fixed,1,4001,1.0594626665115356,0.00980379618704319,0.025014547631144524,0.7080154418945312,1.0594626665115356,4,0.25,
fixed,1,4002,1.0461918115615845,0.044068992137908936,0.0012320192763581872,0.7036169171333313,1.0461918115615845,4,0.5,
fixed,1,4003,0.7577145099639893,3.117289182341665e-08,0.0018771699396893382,0.38209474086761475,0.7577145099639893,4,0.25,
fixed,2,4004,0.5680199265480042,0.011358975432813168,0.0016058603068813682,0.7613274455070496,0.5680199265480042,4,0.25,
fixed,2,4005,0.3188372552394867,0.053639497607946396,0.0008642455795779824,0.6963897347450256,0.3188372552394867,4,0.75,15.43905258178711
fixed,2,4006,0.4481157660484314,0.008233903907239437,0.0023802262730896473,0.6940063834190369,0.4481157660484314,4,0.5,
fixed,2,4007,0.5782544612884521,1.5832032573825927e-08,0.02462868019938469,0.6933903098106384,0.5782544612884521,4,0.5,
fixed,2,4008,0.7002589106559753,6.197284463382857e-09,0.0022515119053423405,0.7508047223091125,0.7002589106559753,4,0.75,
fixed,2,4009,0.872323215007782,0.0,0.014988400973379612,0.8568626046180725,0.872323215007782,4,1.0,
fixed,2,4010,1.0564857721328735,2.8587896494514098e-08,0.00022718191030435264,0.8395040035247803,1.0564857721328735,4,0.25,0.23118019104003906
fixed,2,4011,1.3459562063217163,3.6384239621156667e-08,0.0,1.383087158203125,1.3459562063217163,4,0.0,
fixed,2,4012,1.2625302076339722,0.02882499434053898,0.0027551744133234024,0.7120020389556885,1.2625302076339722,4,0.75,
fixed,2,4013,1.1067403554916382,7.099665566556723e-08,0.0004403280036058277,0.8473849296569824,1.1067403554916382,4,0.25,
fixed,2,4014,1.2464301586151123,1.3007661614494737e-08,0.002546116476878524,0.8860401511192322,1.2464301586151123,4,0.25,
fixed,2,4015,0.4063296914100647,0.02940634824335575,0.005546480417251587,0.7054658532142639,0.4063296914100647,4,0.75,4.713809013366699
fixed,2,4016,1.058141827583313,1.842247598915492e-08,0.0016056811437010765,0.8719466328620911,1.058141827583313,4,0.25,
fixed,2,4017,0.5875149965286255,1.1584450732016194e-08,0.0029423071537166834,0.7409385442733765,0.5875149965286255,4,0.75,
fixed,2,4018,0.5527209043502808,2.257886322354352e-08,0.0,1.383559226989746,0.5527209043502808,4,0.0,
fixed,2,4019,0.44460222125053406,9.242131504549889e-09,0.0008016282808966935,0.3683176040649414,0.44460222125053406,4,0.25,
fixed,2,4020,1.0070081949234009,9.077073315211237e-09,0.0018504440085962415,0.6994017958641052,1.0070081949234009,4,0.5,1.7252788543701172
fixed,2,4021,0.6202688217163086,0.0,0.02811395563185215,0.3558717966079712,0.6202688217163086,4,0.5,
fixed,2,4022,0.743293821811676,0.02593833953142166,0.003083081915974617,0.7096308469772339,0.743293821811676,4,0.75,
fixed,2,4023,0.2863865792751312,1.707747188106623e-08,0.003659890266135335,0.7047145962715149,0.2863865792751312,4,0.5,
fixed,2,4024,0.6641556620597839,4.228269290251774e-08,0.00012528341903816909,0.8355950713157654,0.6641556620597839,4,0.25,
fixed,2,4025,1.1215598583221436,3.615276966684178e-10,0.0013832645490765572,0.6301989555358887,1.1215598583221436,4,0.75,1.2124137878417969
fixed,2,4026,0.6066708564758301,0.051136184483766556,0.003954121842980385,0.7302854061126709,0.6066708564758301,4,0.75,
fixed,2,4027,0.2990175187587738,9.306484471949261e-09,0.016407135874032974,0.30415546894073486,0.2990175187587738,4,0.25,
fixed,2,4028,1.0647045373916626,0.03956501930952072,0.00043682445539161563,0.7500838041305542,1.0647045373916626,4,0.75,
fixed,2,4029,0.3122432827949524,2.604711291098738e-08,0.0001540062512503937,0.8373226523399353,0.3122432827949524,4,0.25,
fixed,2,4030,0.7743168473243713,9.306054238322758e-08,0.0,1.381279706954956,0.7743168473243713,4,0.0,7.952487067086622e-05
fixed,2,4031,0.9226399660110474,1.44176590666234e-08,0.0008100650738924742,0.7776014804840088,0.9226399660110474,4,0.75,
fixed,2,4032,0.5830944180488586,1.8336265839025145e-08,0.015786826610565186,0.7562127709388733,0.5830944180488586,4,0.5,
fixed,2,4033,0.9653888940811157,0.029116807505488396,0.0006002020672895014,0.7325718998908997,0.9653888940811157,4,0.75,
fixed,2,4034,0.7865233421325684,3.155857086767355e-08,0.007918095216155052,0.7080798745155334,0.7865233421325684,4,0.5,
fixed,2,4035,0.9979995489120483,2.5293751093613537e-08,0.00597473094239831,0.7305861115455627,0.9979995489120483,4,0.75,4.019079208374023
fixed,2,4036,0.19355392456054688,4.0501987541574636e-08,0.0003646210243459791,0.6929919719696045,0.19355392456054688,4,0.5,
fixed,2,4037,0.5653811097145081,4.048791168997923e-08,0.00033759366488084197,0.6922200322151184,0.5653811097145081,4,0.5,
fixed,2,4038,0.6334575414657593,0.0526932030916214,0.0015106052160263062,0.7520446181297302,0.6334575414657593,4,0.75,
fixed,2,4039,0.8263493180274963,0.05509829893708229,0.00020090860198251903,0.6938737630844116,0.8263493180274963,4,0.5,
fixed,2,4040,0.9263009428977966,4.4025178169704304e-08,0.0002564217720646411,0.6918310523033142,0.9263009428977966,4,0.5,0.23093198239803314
fixed,2,4041,0.4954628348350525,0.05384893715381622,0.0002466991718392819,0.7840461730957031,0.4954628348350525,4,0.75,
fixed,2,4042,0.4756839871406555,1.5340917869366422e-08,0.0013295902172103524,0.3212395906448364,0.4756839871406555,4,0.5,
fixed,2,4043,0.5303525924682617,2.082186085772264e-07,0.0007317583658732474,0.8546150326728821,0.5303525924682617,4,0.25,
fixed,2,4044,0.8729601502418518,0.0390562005341053,0.00018396567611489445,0.7011762857437134,0.8729601502418518,4,0.5,
fixed,2,4045,0.8612881302833557,5.333321340117436e-08,0.0001404747599735856,0.8332492709159851,0.8612881302833557,4,0.25,0.1328159123659134
fixed,2,4046,0.7629873156547546,8.82012685110567e-08,8.535394613318203e-13,0.8196155428886414,0.7629873156547546,4,0.0,
fixed,2,4047,0.4683459401130676,0.00890805572271347,0.005983814597129822,0.6923771500587463,0.4683459401130676,4,0.5,
fixed,2,4048,0.18171167373657227,5.798911928422967e-08,0.0015657758340239525,0.8704232573509216,0.18171167373657227,4,0.25,
fixed,2,4049,0.24333055317401886,2.1630897961699702e-08,0.003127430332824588,0.7449515461921692,0.24333055317401886,4,0.75,
fixed,2,4050,0.3851984143257141,4.025330824219964e-08,0.0016602068208158016,0.6967012882232666,0.3851984143257141,4,0.5,1.3601059913635254
fixed,2,4051,0.49464908242225647,1.2720883013628281e-08,0.0022958340123295784,0.7518721222877502,0.49464908242225647,4,0.75,
fixed,2,4052,0.3950493037700653,8.896586933815342e-08,0.0011669271625578403,0.37339305877685547,0.3950493037700653,4,0.25,
fixed,2,4053,1.0138152837753296,4.94698575437269e-08,0.0007739652064628899,0.855867326259613,1.0138152837753296,4,0.25,
fixed,2,4054,0.4952821433544159,0.02223253808915615,0.0016429710667580366,0.7117590308189392,0.4952821433544159,4,0.75,
fixed,2,4055,0.38641688227653503,0.007910873740911484,0.006232209503650665,0.8142231106758118,0.38641688227653503,4,0.75,1.4524645805358887
fixed,2,4056,0.4585374891757965,0.02251197211444378,0.00019499572226777673,0.7186987400054932,0.4585374891757965,4,0.5,
fixed,2,4057,0.5878741145133972,5.895747179351929e-08,0.0009658854105509818,0.8594908714294434,0.5878741145133972,4,0.25,
fixed,2,4058,0.4666505455970764,6.6049650193633624e-09,0.004709707573056221,0.30623531341552734,0.4666505455970764,4,0.5,
fixed,2,4059,0.9860448837280273,2.9387248190460014e-08,0.01795174367725849,0.7482852935791016,0.9860448837280273,4,0.25,
fixed,2,4060,0.8136197924613953,1.981053543431699e-08,1.5131040527194273e-05,0.34907960891723633,0.8136197924613953,4,0.25,0.017552033066749573
fixed,2,4061,0.4736799895763397,7.956345804416287e-09,0.004818000830709934,0.7396410703659058,0.4736799895763397,4,0.75,
fixed,2,4062,0.9322606325149536,0.030557692050933838,0.001810193993151188,0.7172834873199463,0.9322606325149536,4,0.75,
fixed,2,4063,0.7477172017097473,0.038283009082078934,0.008073688484728336,0.9004360437393188,0.7477172017097473,4,1.0,
fixed,2,4064,1.5125958919525146,2.284267353047653e-08,0.00015836388047318906,0.6915274858474731,1.5125958919525146,4,0.5,
fixed,2,4065,0.4162867069244385,8.213591584649294e-09,0.0029126466251909733,0.7421526312828064,0.4162867069244385,4,0.75,2.4907283782958984
fixed,2,4066,0.7471867203712463,1.467865740067964e-08,0.009729215875267982,0.7166008353233337,0.7471867203712463,4,0.5,
fixed,2,4067,0.8266200423240662,0.019481200724840164,3.624123570689086e-11,0.46310311555862427,0.8266200423240662,4,0.25,
fixed,2,4068,0.7053560018539429,1.484934664119919e-08,0.001070725149475038,0.6800276041030884,0.7053560018539429,4,0.5,
fixed,2,4069,0.5054070949554443,1.1584450732016194e-08,0.004921386484056711,0.7458958029747009,0.5054070949554443,4,0.75,
fixed,2,4070,0.5928736329078674,0.0,0.0094480374827981,0.9470515847206116,0.5928736329078674,4,1.0,6.3939666748046875
fixed,2,4071,0.9647214412689209,8.557438313516741e-09,0.0004658885591197759,0.3628033399581909,0.9647214412689209,4,0.25,
fixed,2,4072,0.3494410812854767,0.022793294861912727,0.015834150835871696,0.6922375559806824,0.3494410812854767,4,0.75,
fixed,2,4073,0.7650939226150513,0.02911532297730446,0.00010116851626662537,0.740800678730011,0.7650939226150513,4,0.75,
fixed,2,4074,0.4220574200153351,4.5762227784962306e-08,0.0011124361772090197,0.7695978283882141,0.4220574200153351,4,0.75,
fixed,2,4075,0.37130293250083923,6.860294377020182e-08,0.0010191481560468674,0.8610200881958008,0.37130293250083923,4,0.25,0.880768358707428
fixed,2,4076,1.0773022174835205,2.49392737572407e-08,0.00022978171182330698,0.6915292739868164,1.0773022174835205,4,0.5,
fixed,2,4077,0.8648728728294373,1.954337136567119e-08,0.009110800921916962,0.7156277894973755,0.8648728728294373,4,0.5,
fixed,2,4078,0.30816107988357544,1.3551379574039402e-08,0.00016815224080346525,0.6927681565284729,0.30816107988357544,4,0.5,
fixed,2,4079,0.4709511399269104,7.869656428738381e-07,0.0,0.8078729510307312,0.4709511399269104,4,0.0,
fixed,2,4080,0.43751975893974304,0.034517284482717514,0.005299818702042103,0.9393854141235352,0.43751975893974304,4,1.0,4.872747421264648
fixed,2,4081,0.4893733859062195,4.0552247781988626e-08,0.0,0.6883754134178162,0.4893733859062195,4,0.0,
fixed,2,4082,0.19124191999435425,9.870939621237085e-09,4.079755308339372e-05,0.6890015006065369,0.19124191999435425,4,0.5,
fixed,2,4083,0.602044403553009,2.609148452847876e-08,4.8778747441247106e-05,0.810584545135498,0.602044403553009,4,0.75,
fixed,2,4084,0.8440186977386475,0.054099082946777344,3.7814752431586385e-06,0.6927869319915771,0.8440186977386475,4,0.5,
fixed,2,4085,0.6601673364639282,1.2586589548391203e-08,7.978158828336746e-05,0.35282182693481445,0.6601673364639282,4,0.25,0.08683111518621445
fixed,2,4086,0.8121445775032043,2.8063340096196043e-08,1.061448642758478e-06,0.8240886330604553,0.8121445775032043,4,0.25,
fixed,2,4087,0.3629191219806671,2.1988475040757294e-08,0.0,1.3836088180541992,0.3629191219806671,4,0.0,
fixed,2,4088,1.0840390920639038,4.754734561629448e-08,0.0,1.3826099634170532,1.0840390920639038,4,0.0,
fixed,2,4089,1.1810239553451538,1.1513986208910865e-08,0.003192346775904298,0.7024970650672913,1.1810239553451538,4,0.5,
fixed,2,4090,0.5309205651283264,1.3731215275925024e-08,0.009022720158100128,0.717085599899292,0.5309205651283264,4,0.5,5.441483020782471
fixed,2,4091,0.5951662659645081,0.024787580594420433,2.646286338858772e-05,0.7384970784187317,0.5951662659645081,4,0.75,
fixed,2,4092,0.8817775845527649,0.047173064202070236,9.241877705790102e-06,0.6946147084236145,0.8817775845527649,4,0.5,
fixed,2,4093,0.8771058320999146,3.664946746084752e-08,0.0005526196327991784,0.8507283926010132,0.8771058320999146,4,0.25,
fixed,2,4094,0.9204772710800171,1.6836102290085364e-08,0.001075230073183775,0.6956906318664551,0.9204772710800171,4,0.5,
fixed,2,4095,1.0956487655639648,7.524912248868532e-09,2.8780043066944927e-05,0.34220266342163086,1.0956487655639648,4,0.5,0.032404977828264236
fixed,2,4096,0.6550655961036682,0.0,0.0007242519641295075,1.1974774599075317,0.6550655961036682,4,1.0,
fixed,2,4097,0.9144454598426819,2.0642437092988075e-08,9.121756738750264e-05,0.692204475402832,0.9144454598426819,4,0.5,
fixed,2,4098,0.8725520372390747,3.780380453122234e-09,0.0005435387138277292,0.32795393466949463,0.8725520372390747,4,0.5,
fixed,2,4099,0.6350767016410828,1.68490839058677e-08,0.0009108578087761998,0.7860308885574341,0.6350767016410828,4,0.75,
fixed,2,4100,0.934288501739502,2.335770687977856e-08,0.006435696966946125,0.7041615843772888,0.934288501739502,4,0.5,4.08706521987915
fixed,2,4101,0.3251385986804962,1.7320454404057273e-08,0.00028551139985211194,0.8427553772926331,0.3251385986804962,4,0.25,
fixed,2,4102,0.9146564602851868,0.022513605654239655,0.00018820891273207963,0.7271764874458313,0.9146564602851868,4,0.75,
fixed,2,4103,0.8119905591011047,1.3314684466081417e-08,2.6734012863016687e-05,0.8292372822761536,0.8119905591011047,4,0.25,
fixed,2,4104,0.6997631788253784,0.01419447548687458,0.00043944272329099476,0.9411495923995972,0.6997631788253784,4,0.75,
fixed,2,4105,0.9243709444999695,8.748719082518619e-09,4.539306974038482e-05,0.8099072575569153,0.9243709444999695,4,0.75,0.053530141711235046
fixed,2,4106,1.0597467422485352,3.202310638883432e-09,9.95777954813093e-05,0.3375263214111328,1.0597467422485352,4,0.5,
fixed,2,4107,0.1533966064453125,0.02223229967057705,0.0004658126272261143,0.30404531955718994,0.1533966064453125,4,0.5,
fixed,2,4108,0.6871299743652344,3.4477509736063894e-09,1.053070809575729e-05,0.6897611021995544,0.6871299743652344,4,0.5,
fixed,2,4109,0.8427863717079163,0.047360118478536606,1.0942260814772453e-05,0.6948190331459045,0.8427863717079163,4,0.5,
fixed,2,4110,0.5559794902801514,4.711369960830325e-09,5.535621676244773e-05,0.6914821863174438,0.5559794902801514,4,0.5,0.06187121570110321
fixed,2,4111,0.6011404991149902,1.8340610141720504e-09,0.021585514768958092,0.6921325325965881,0.6011404991149902,4,0.75,
fixed,2,4112,0.8388950228691101,1.3426328937526932e-09,0.00039944794843904674,0.7965155243873596,0.8388950228691101,4,0.75,
fixed,2,4113,0.7453320622444153,4.083561933043711e-09,0.004840396344661713,0.40997177362442017,0.7453320622444153,4,0.25,
fixed,2,4114,0.5195378661155701,0.018947118893265724,1.7909735106513835e-05,0.720247209072113,0.5195378661155701,4,0.5,
fixed,2,4115,0.5299955010414124,2.5756576871316383e-09,5.899358257011045e-06,0.8223800659179688,0.5299955010414124,4,0.25,0.006027799099683762
fixed,2,4116,0.6670796871185303,0.0558113232254982,0.0012988285161554813,0.697906494140625,0.6670796871185303,4,0.5,
fixed,2,4117,0.430902361869812,1.7234649263286883e-09,0.001139224972575903,0.7713794112205505,0.430902361869812,4,0.75,
fixed,2,4118,0.5426292419433594,1.3798591158575846e-09,0.01661732792854309,0.4922068119049072,0.5426292419433594,4,0.0,
fixed,2,4119,0.5933809280395508,1.2135281668435027e-09,8.208476356230676e-05,0.6929746270179749,0.5933809280395508,4,0.5,
fixed,2,4120,0.38556358218193054,3.3468356974708513e-09,0.0051763420924544334,0.917497456073761,0.38556358218193054,4,0.25,3.566845417022705
fixed,2,4121,0.7951893210411072,3.502833578750142e-10,0.0012215814786031842,0.768220067024231,0.7951893210411072,4,0.75,
fixed,2,4122,0.6044554114341736,0.04201129823923111,1.7065318388631567e-05,0.6970222592353821,0.6044554114341736,4,0.5,
fixed,2,4123,0.9863025546073914,0.029406726360321045,0.0011677846778184175,0.7179208397865295,0.9863025546073914,4,0.5,
fixed,2,4124,1.1987327337265015,2.942858179366681e-09,0.0,1.3852208852767944,1.1987327337265015,4,0.0,
fixed,2,4125,0.40038368105888367,2.3169466345507317e-09,4.3700852984329686e-05,0.3511911630630493,0.40038368105888367,4,0.25,0.047021545469760895
fixed,2,4126,0.5531603693962097,4.48992842905227e-10,0.0027654084842652082,0.7562288641929626,0.5531603693962097,4,0.75,
fixed,2,4127,0.5759090185165405,0.0,0.0014158280100673437,1.13591468334198,0.5759090185165405,4,1.0,
fixed,2,4128,0.6292474269866943,2.42400699512757e-09,6.206861144164577e-05,0.8306139707565308,0.6292474269866943,4,0.25,
fixed,2,4129,0.43500545620918274,0.007292264141142368,0.0,0.4641451835632324,0.43500545620918274,4,0.0,
fixed,2,4130,0.2773037552833557,5.261047153481968e-10,0.013290701434016228,0.7206441760063171,0.2773037552833557,4,0.5,6.920679092407227
fixed,2,4131,1.661403775215149,1.860737564030046e-09,0.001046802382916212,0.8621595501899719,1.661403775215149,4,0.25,
fixed,2,4132,1.4703689813613892,1.5350171452155337e-05,0.013508951291441917,0.9849234819412231,1.4703689813613892,4,0.25,
fixed,2,4133,0.4207947850227356,3.808532600402259e-09,0.0038453794550150633,0.9022538661956787,0.4207947850227356,4,0.25,
fixed,2,4134,0.23512594401836395,0.0068524847738444805,0.0005645289202220738,0.8802623152732849,0.23512594401836395,4,0.75,
fixed,2,4135,0.8042433261871338,4.027116695670685e-10,0.02315639704465866,0.30738770961761475,0.8042433261871338,4,0.25,8.43356704711914
fixed,2,4136,1.1200988292694092,1.3297474232842887e-09,0.004949985072016716,0.4109461307525635,1.1200988292694092,4,0.25,
fixed,2,4137,0.45798349380493164,1.5860353030916485e-09,1.0338812899135519e-05,0.3487643003463745,0.45798349380493164,4,0.25,
fixed,2,4138,0.613924503326416,7.967431159272564e-09,0.0001651693892199546,0.6914216876029968,0.613924503326416,4,0.5,
fixed,2,4139,1.0393810272216797,1.0776289860459087e-09,0.013524804264307022,0.7241962552070618,1.0393810272216797,4,0.75,
fixed,2,4140,0.9125473499298096,1.8408213620091374e-08,1.3653911992150825e-05,0.6921817064285278,0.9125473499298096,4,0.5,0.01578047126531601
fixed,2,4141,0.8089942932128906,0.025938184931874275,0.005655159708112478,0.42815065383911133,0.8089942932128906,4,0.75,
fixed,2,4142,0.8492764830589294,0.06012773886322975,6.854078674223274e-05,0.6930358409881592,0.8492764830589294,4,0.5,
fixed,2,4143,0.8839622139930725,4.1393262151245835e-09,0.0004028333933092654,0.6941820979118347,0.8839622139930725,4,0.5,
fixed,2,4144,0.2568665146827698,2.1716717313324807e-09,4.7554167394991964e-05,0.6931790709495544,0.2568665146827698,4,0.5,
fixed,2,4145,0.14593857526779175,1.9680618024153773e-08,0.0,1.3840574026107788,0.14593857526779175,3,0.25,0.0
fixed,2,4146,0.47574564814567566,4.259792518723771e-09,0.0019549548160284758,0.7679299116134644,0.47574564814567566,4,0.75,
fixed,2,4147,0.6997939944267273,1.033818186613189e-08,9.096766007132828e-06,0.8270289301872253,0.6997939944267273,4,0.25,
fixed,2,4148,0.6843288540840149,6.144310393807473e-09,0.0006405813619494438,0.6948380470275879,0.6843288540840149,4,0.5,
fixed,2,4149,0.9664149880409241,3.6438854156273237e-09,0.0016950102290138602,0.77532958984375,0.9664149880409241,4,0.75,
fixed,2,4150,0.9734824895858765,2.0178934079240207e-08,1.788830013538245e-05,0.8283770680427551,0.9734824895858765,4,0.25,0.02271401137113571
fixed,2,4151,0.6442143321037292,1.0888021151345129e-08,0.0007957316702231765,0.694969117641449,0.6442143321037292,4,0.5,
fixed,2,4152,0.7692033052444458,8.666836137649625e-09,0.012063690461218357,0.7339297533035278,0.7692033052444458,4,0.5,
fixed,2,4153,1.1422330141067505,0.059825897216796875,3.1394789402838796e-05,0.3392750024795532,1.1422330141067505,4,0.5,
fixed,2,4154,0.5573927164077759,2.03257481956598e-08,6.716849298982197e-11,0.6908119916915894,0.5573927164077759,4,0.0,
fixed,2,4155,0.5440940260887146,3.763587219651754e-09,7.979490328580141e-05,0.8089475035667419,0.5440940260887146,4,0.75,0.09383924305438995
fixed,2,4156,0.4425559341907501,2.9306976845333566e-09,1.2273437278054189e-05,0.8123512864112854,0.4425559341907501,4,0.75,
fixed,2,4157,0.5469228625297546,1.429684814979737e-08,4.76657114631962e-05,0.8312246203422546,0.5469228625297546,4,0.25,
fixed,2,4158,0.4099390506744385,8.301645593178364e-09,7.728272612439469e-05,0.35274648666381836,0.4099390506744385,4,0.25,
fixed,2,4159,0.3870261013507843,0.04428693652153015,0.00011412330786697567,0.3190673589706421,0.3870261013507843,4,0.5,
fixed,2,4160,1.170996904373169,1.2208300148586204e-08,0.0003023410390596837,0.3593611717224121,1.170996904373169,4,0.25,0.3127603530883789
fixed,2,4161,0.5012399554252625,2.9306976845333566e-09,0.0006954147247597575,0.7894525527954102,0.5012399554252625,4,0.75,
fixed,2,4162,1.2908704280853271,0.058715760707855225,0.0,0.8316575884819031,1.2908704280853271,4,0.25,
fixed,2,4163,0.33281809091567993,1.589535081336635e-08,2.981592479045503e-05,0.3418691158294678,0.33281809091567993,4,0.5,
fixed,2,4164,0.7228254675865173,1.9606128276450363e-08,0.0,1.383804202079773,0.7228254675865173,4,0.0,
fixed,2,4165,0.3973882794380188,5.532709579370021e-08,0.0009526812355034053,0.6955912113189697,0.3973882794380188,4,0.5,0.9024835824966431
fixed,2,4166,0.29958051443099976,5.551115123125783e-13,0.0016269355546683073,0.5915898084640503,0.29958051443099976,4,0.75,
fixed,2,4167,0.23953025043010712,8.740358659053982e-09,5.054962093709037e-05,0.8110460638999939,0.23953025043010712,4,0.75,
fixed,2,4168,0.9321832060813904,4.542468161616853e-07,3.873479272442637e-06,0.34767627716064453,0.9321832060813904,4,0.25,
fixed,2,4169,1.2343323230743408,0.03424051031470299,0.00026986331795342267,0.7054765820503235,1.2343323230743408,4,0.5,
fixed,2,4170,0.42251864075660706,3.142851028314908e-07,0.002632866846397519,0.6999890804290771,0.42251864075660706,4,0.5,2.24764084815979
fixed,2,4171,0.6095061898231506,2.3107219249141053e-08,0.0023026077542454004,0.882659375667572,0.6095061898231506,4,0.25,
fixed,2,4172,1.3581225872039795,1.0368884417744084e-08,4.6247190766735e-05,0.6926169395446777,1.3581225872039795,4,0.5,
fixed,2,4173,0.301438570022583,1.3540386589738773e-08,0.0005110134370625019,0.7894622683525085,0.301438570022583,4,0.75,
fixed,2,4174,0.734679639339447,1.0308596642971679e-07,5.717140084016137e-05,0.8316684365272522,0.734679639339447,4,0.25,
fixed,2,4175,1.2748318910598755,8.70769500949109e-09,0.0003592847497202456,0.692960798740387,1.2748318910598755,4,0.5,0.35628536343574524
fixed,2,4176,1.2165367603302002,5.4218439515807404e-08,0.0006435692775994539,0.6929988861083984,1.2165367603302002,4,0.5,
fixed,2,4177,0.24883730709552765,7.482465314012643e-09,0.0016727019101381302,0.760405957698822,0.24883730709552765,4,0.75,
fixed,2,4178,0.4617246091365814,2.282271260867219e-09,0.0005383460666052997,0.7864847779273987,0.4617246091365814,4,0.75,
fixed,2,4179,0.9435833096504211,2.9559137715295947e-07,7.271092908922583e-05,0.8327075242996216,0.9435833096504211,4,0.25,
fixed,2,4180,0.4653949737548828,1.0584748189046422e-08,0.0002724089426919818,0.6940261721611023,0.4653949737548828,4,0.5,0.2949247360229492
fixed,2,4181,0.7144259214401245,2.2851196490591974e-09,0.0037313741631805897,0.7570647597312927,0.7144259214401245,4,0.75,
fixed,2,4182,1.117314338684082,0.0477478988468647,1.7923359337146394e-05,0.695279061794281,1.117314338684082,4,0.5,
fixed,2,4183,0.36876678466796875,1.2789769243681803e-11,0.00530733447521925,0.5566394925117493,0.36876678466796875,4,0.75,
fixed,2,4184,0.25978797674179077,2.9319977556951926e-07,0.00018855772214010358,0.692765474319458,0.25978797674179077,4,0.5,
fixed,2,4185,0.6379728317260742,2.254436637372237e-08,1.0372762517363299e-05,0.8268526792526245,0.6379728317260742,4,0.25,0.012343963608145714
fixed,2,4186,0.5277810096740723,2.752784888926385e-09,0.001671685604378581,0.7651398777961731,0.5277810096740723,4,0.75,
fixed,2,4187,0.29270461201667786,0.044070255011320114,7.063651719363406e-05,0.6974690556526184,0.29270461201667786,4,0.5,
fixed,2,4188,0.8470713496208191,1.0993511878609752e-08,0.0009711054153740406,0.6955978274345398,0.8470713496208191,4,0.5,
fixed,2,4189,0.7438532710075378,1.8708568916281365e-08,1.315644294663798e-05,0.8276770114898682,0.7438532710075378,4,0.25,
fixed,2,4190,0.7678666114807129,9.218564578361566e-09,0.00014787926920689642,0.6933087110519409,0.7678666114807129,4,0.5,0.16182145476341248
fixed,2,4191,0.6609815955162048,3.91376397956833e-09,0.009709101170301437,0.3043404817581177,0.6609815955162048,4,0.5,
fixed,2,4192,0.9711605906486511,3.645684865105636e-09,0.002475874964147806,0.7607837915420532,0.9711605906486511,4,0.75,
fixed,2,4193,0.7184785604476929,5.44860725426588e-08,0.00414674449712038,0.7060407400131226,0.7184785604476929,4,0.5,
fixed,2,4194,0.4052291810512543,1.3857214042900523e-08,0.0013798968866467476,0.6924199461936951,0.4052291810512543,4,0.5,
fixed,2,4195,0.7392463088035583,1.5566500977115538e-08,0.0002661223988980055,0.6937260627746582,0.7392463088035583,4,0.5,0.27470722794532776
fixed,2,4196,0.48432597517967224,1.0010330342424822e-08,1.3009617759962566e-05,0.6926419138908386,0.48432597517967224,4,0.5,
fixed,2,4197,0.3981030583381653,2.0679184586924748e-08,0.00014869269216433167,0.6924607157707214,0.3981030583381653,4,0.5,
fixed,2,4198,0.8792560696601868,0.057191722095012665,5.999826953484444e-06,0.8056478500366211,0.8792560696601868,4,0.75,
fixed,2,4199,0.9971343278884888,1.4072181642177384e-08,6.448426574934274e-06,0.6924172043800354,0.9971343278884888,4,0.5,
fixed,2,4200,0.6919558048248291,0.0,0.0007337932474911213,1.2355353832244873,0.6919558048248291,4,1.0,0.708121657371521
fixed,2,4201,0.8523672819137573,9.24651200051585e-09,9.830652561504394e-05,0.3467978239059448,0.8523672819137573,4,0.25,
fixed,2,4202,0.40380796790122986,8.496322756457175e-09,0.0005045881844125688,0.33002376556396484,0.40380796790122986,4,0.5,
fixed,2,4203,0.6203426718711853,0.04450608044862747,0.0001680570567259565,0.6981531977653503,0.6203426718711853,4,0.5,
fixed,2,4204,0.7694044709205627,1.8855143224527637e-08,9.218143190992123e-07,0.823668360710144,0.7694044709205627,4,0.25,
fixed,2,4205,0.5044069290161133,7.716278282998701e-09,1.9131837689201348e-05,0.8156747221946716,0.5044069290161133,4,0.75,0.022682124748826027
fixed,2,4206,0.9385727047920227,2.2872042393373704e-07,1.5517389329033904e-05,0.3488638401031494,0.9385727047920227,4,0.25,
fixed,2,4207,0.2948785126209259,0.0,0.005067908670753241,0.5626228451728821,0.2948785126209259,4,0.75,
fixed,2,4208,1.2084301710128784,5.1869765371748144e-08,0.005829353351145983,0.7399011254310608,1.2084301710128784,4,0.75,
fixed,2,4209,0.7688013315200806,0.0511464886367321,3.996083250967786e-06,0.6938905119895935,0.7688013315200806,4,0.5,
fixed,2,4210,0.38599541783332825,0.00010427647066535428,3.297565126558766e-05,0.6466920971870422,0.38599541783332825,4,0.5,0.0996660441160202
fixed,2,4211,0.5612130165100098,6.011016129292557e-09,0.0006132179405540228,0.7905078530311584,0.5612130165100098,4,0.75,
fixed,2,4212,0.8160349130630493,1.5074407500037523e-08,0.009441890753805637,0.7110047936439514,0.8160349130630493,4,0.5,
fixed,2,4213,0.7441564798355103,5.1393826971946055e-09,0.00015454304229933769,0.8055574297904968,0.7441564798355103,4,0.75,
fixed,2,4214,0.8622990250587463,0.02622709795832634,0.0052146315574646,0.7005490064620972,0.8622990250587463,4,0.75,
fixed,2,4215,0.6744470000267029,1.337406096979521e-08,0.0,1.38413667678833,0.6744470000267029,4,0.0,0.0
fixed,2,4216,0.7491188049316406,7.482465314012643e-09,0.0099907536059618,0.7146576046943665,0.7491188049316406,4,0.75,
fixed,2,4217,0.22781798243522644,1.5508989292811748e-07,0.0012991550611332059,0.3749196529388428,0.22781798243522644,4,0.25,
fixed,2,4218,0.8783470392227173,1.0070902334291532e-08,2.0280334865674376e-05,0.8285804986953735,0.8783470392227173,4,0.25,
fixed,2,4219,0.1939295381307602,9.905197551063338e-09,0.007256596349179745,0.7320981621742249,0.1939295381307602,4,0.75,
fixed,2,4220,0.8326517939567566,8.028817610750139e-09,0.0013344705803319812,0.3516116142272949,0.8326517939567566,4,0.25,1.1515120267868042
fixed,2,4221,0.6587875485420227,0.09975502640008926,6.072263204259798e-05,0.7636317610740662,0.6587875485420227,4,0.75,
fixed,2,4222,0.3770570755004883,2.079136862676023e-09,0.0015143994241952896,0.7752063274383545,0.3770570755004883,4,0.75,
fixed,2,4223,0.8669818043708801,6.011016129292557e-09,0.0015004973392933607,0.7765086889266968,0.8669818043708801,4,0.75,
fixed,2,4224,0.7156139016151428,1.0734465760720013e-08,0.00999095942825079,0.4482659101486206,0.7156139016151428,4,0.25,
fixed,2,4225,0.4751144051551819,6.022665477445344e-09,1.838747448346112e-05,0.6928350329399109,0.4751144051551819,4,0.5,0.022112630307674408
fixed,2,4226,0.564786970615387,6.403078067762635e-09,0.0008949544280767441,0.7890254259109497,0.564786970615387,4,0.75,
fixed,2,4227,0.34082162380218506,0.050837382674217224,0.0005294036818668246,1.1771135330200195,0.34082162380218506,4,1.0,
fixed,2,4228,0.2510014474391937,5.501935973484251e-08,0.0,1.382635474205017,0.2510014474391937,3,0.25,
fixed,2,4229,0.7937355637550354,1.0015613227665199e-08,0.00016209007299039513,0.6932680010795593,0.7937355637550354,4,0.5,
fixed,2,4230,0.4387969970703125,0.03055894933640957,2.443958328512963e-05,0.30777454376220703,0.4387969970703125,4,0.5,9.199479103088379
fixed,2,4231,0.7870684266090393,0.035617318004369736,1.369785240967758e-05,0.7009817957878113,0.7870684266090393,4,0.5,
fixed,2,4232,0.31499961018562317,0.01894698664546013,0.0,0.9849556088447571,0.31499961018562317,4,0.25,
fixed,2,4233,0.5997878313064575,0.011563674546778202,0.00014492619084194303,0.7412062287330627,0.5997878313064575,4,0.25,
fixed,2,4234,0.4454648494720459,4.4198324999911165e-09,8.563871233491227e-06,0.348513126373291,0.4454648494720459,4,0.25,
fixed,2,4235,0.336552232503891,0.015624921768903732,0.0012311700265854597,0.7450322508811951,0.336552232503891,4,0.5,6.990406513214111
fixed,2,4236,1.266290307044983,2.079771466156899e-09,0.009378579445183277,0.7157202959060669,1.266290307044983,4,0.5,
fixed,2,4237,0.6969824433326721,4.208282611273262e-09,0.022514265030622482,1.0609421730041504,0.6969824433326721,4,0.0,
fixed,2,4238,1.056645154953003,2.0577002324273508e-09,0.003240922698751092,0.7034220695495605,1.056645154953003,4,0.5,
fixed,2,4239,0.9004538059234619,0.011980311945080757,0.013060991652309895,0.82892245054245,0.9004538059234619,4,0.25,
fixed,2,4240,0.3529549241065979,9.42842470763594e-10,0.0017368629341945052,0.380710244178772,0.3529549241065979,4,0.25,1.4641226530075073
fixed,2,4241,0.5876373052597046,3.524839975455052e-09,0.030380066484212875,0.8143934607505798,0.5876373052597046,4,0.25,
fixed,2,4242,1.0880591869354248,5.441239281367416e-08,0.003415366169065237,0.8967623710632324,1.0880591869354248,4,0.25,
fixed,2,4243,0.4323905110359192,1.1180667502941333e-09,0.0005581658333539963,0.6937844753265381,0.4323905110359192,4,0.5,
fixed,2,4244,0.4746607542037964,0.004317751619964838,0.001070398255251348,0.6931096315383911,0.4746607542037964,4,0.5,
fixed,2,4245,0.4874853491783142,3.256331027046144e-08,0.012227381579577923,0.4763917326927185,0.4874853491783142,4,0.75,6.989368438720703
fixed,2,4246,0.25349947810173035,6.964298582268214e-10,0.008108164183795452,0.6898277997970581,0.25349947810173035,4,0.75,
fixed,2,4247,0.9293639659881592,8.661127370857002e-10,0.0004399341996759176,0.7904075980186462,0.9293639659881592,4,0.75,
fixed,2,4248,1.0039817094802856,1.8857813088857256e-08,0.006740871351212263,0.7080405354499817,1.0039817094802856,4,0.5,
fixed,2,4249,0.5002956986427307,0.03506986424326897,0.005960968788713217,0.7133759260177612,0.5002956986427307,4,0.75,
fixed,2,4250,0.9132315516471863,1.7770764859648125e-09,0.001547743915580213,0.7780234813690186,0.9132315516471863,4,0.75,1.3772249221801758
fixed,2,4251,1.0314759016036987,0.01921394094824791,0.0,0.9834076166152954,1.0314759016036987,4,0.25,
fixed,2,4252,1.0816271305084229,6.331962065786456e-09,0.008236061781644821,0.4358580708503723,1.0816271305084229,4,0.25,
fixed,2,4253,0.29400870203971863,0.0,0.006979537196457386,0.9699036478996277,0.29400870203971863,4,1.0,
fixed,2,4254,0.806547999382019,0.0171224232763052,0.0,0.47643887996673584,0.806547999382019,4,0.25,
fixed,2,4255,0.7025949954986572,0.03931128978729248,3.0138346119201742e-05,0.7658206820487976,0.7025949954986572,4,0.75,7.811128616333008
fixed,2,4256,0.5910759568214417,6.38280042153383e-08,0.0,1.3829095363616943,0.5910759568214417,4,0.0,
fixed,2,4257,0.7841765284538269,2.6689961352133196e-09,1.4674486010335386e-05,0.3429117202758789,0.7841765284538269,4,0.5,
fixed,2,4258,0.5828781127929688,4.838201395074293e-09,0.001340236747637391,0.694911003112793,0.5828781127929688,4,0.5,
fixed,2,4259,1.2102608680725098,1.147199890638717e-09,0.020558571442961693,0.6983343362808228,1.2102608680725098,4,0.5,
fixed,2,4260,0.8496986627578735,6.148141551420849e-09,0.002513766521587968,0.7022855877876282,0.8496986627578735,4,0.5,2.0936102867126465
fixed,2,4261,0.7289702892303467,7.264704393605825e-09,0.0009647057158872485,0.8603203892707825,0.7289702892303467,4,0.25,
fixed,2,4262,0.5617879629135132,5.7303717326817605e-09,0.00011810618889285251,0.6929032802581787,0.5617879629135132,4,0.5,
fixed,2,4263,0.3744047284126282,0.07901951670646667,0.0,0.30424022674560547,0.3744047284126282,4,0.5,
fixed,2,4264,0.7332481741905212,6.69331825520203e-08,0.0021385985892266035,0.696587324142456,0.7332481741905212,4,0.5,
fixed,2,4265,1.1272597312927246,0.0,0.001557359704747796,1.1437839269638062,1.1272597312927246,4,1.0,1.48912513256073
fixed,2,4266,0.8126371502876282,4.27333057828605e-09,1.133591285906732e-05,0.6904794573783875,0.8126371502876282,4,0.5,
fixed,2,4267,1.1409525871276855,0.0265155341476202,0.0,0.9415782690048218,1.1409525871276855,4,0.25,
fixed,2,4268,0.6174492835998535,1.453299613984882e-08,0.0018967834766954184,0.6945710778236389,0.6174492835998535,4,0.5,
fixed,2,4269,0.38716259598731995,2.780643715283304e-09,2.2992508093011566e-05,0.6545290350914001,0.38716259598731995,4,0.5,
fixed,2,4270,1.0009652376174927,0.041158247739076614,2.0888237486360595e-05,0.31755852699279785,1.0009652376174927,4,0.5,6.080029010772705
fixed,2,4271,0.8072336912155151,2.153213163325063e-09,0.0003927573561668396,0.6932517886161804,0.8072336912155151,4,0.5,
fixed,2,4272,0.5476105809211731,4.13133882659622e-09,0.0001493217278039083,0.837496817111969,0.5476105809211731,4,0.25,
fixed,2,4273,0.9408449530601501,1.8355941211467552e-09,0.00047200999688357115,0.6935606598854065,0.9408449530601501,4,0.5,
fixed,2,4274,0.7067603468894958,1.1838265923103108e-09,0.020442388951778412,0.7067901492118835,0.7067603468894958,4,0.5,
fixed,2,4275,0.37200871109962463,2.0736326433734575e-08,0.00027887325268238783,0.6940241456031799,0.37200871109962463,4,0.5,0.30923882126808167
fixed,2,4276,0.42251327633857727,1.147199890638717e-09,0.015730826184153557,0.7172903418540955,0.42251327633857727,4,0.75,
fixed,2,4277,0.7118455767631531,9.514389276432667e-10,0.0005267395172268152,0.7837276458740234,0.7118455767631531,4,0.75,
fixed,2,4278,1.3939547538757324,1.8929839917802838e-09,0.01930089294910431,0.7368584275245667,1.3939547538757324,4,0.25,
fixed,2,4279,0.7720508575439453,6.642095762288136e-09,5.285313363856403e-06,0.8258970379829407,0.7720508575439453,4,0.25,
fixed,2,4280,0.6602751612663269,2.6050530621546386e-08,2.4369783204747364e-05,0.3498491048812866,0.6602751612663269,4,0.25,0.031376324594020844
fixed,2,4281,0.32171857357025146,4.6330725922416605e-09,0.0006921470048837364,0.36679089069366455,0.32171857357025146,4,0.25,
fixed,2,4282,1.7475649118423462,2.841044954848826e-09,0.003911749459803104,0.7241515517234802,1.7475649118423462,4,0.75,
fixed,2,4283,0.8383561372756958,5.985206552594491e-09,1.4882554751238786e-05,0.3491884469985962,0.8383561372756958,4,0.25,
fixed,2,4284,1.3483011722564697,0.011770802550017834,0.00018002970318775624,0.9471306800842285,1.3483011722564697,4,0.75,
fixed,2,4285,0.5203724503517151,1.5911233219867427e-08,0.010793440043926239,0.7170886993408203,0.5203724503517151,4,0.5,6.063453197479248
fixed,2,4286,0.8105361461639404,3.424223127268533e-09,1.8329026715946384e-05,0.8143744468688965,0.8105361461639404,4,0.75,
fixed,2,4287,0.4140600264072418,1.5884868531657048e-08,0.0,1.3840185403823853,0.4140600264072418,4,0.0,
fixed,2,4288,0.7086442708969116,5.825314453034025e-09,6.930295785423368e-05,0.8125366568565369,0.7086442708969116,4,0.75,
fixed,2,4289,0.423371821641922,4.251599605709089e-08,2.4174560167011805e-06,0.3474236726760864,0.423371821641922,4,0.25,
fixed,2,4290,0.7776243686676025,0.0010294181993231177,0.002958156866952777,0.38425302505493164,0.7776243686676025,4,0.5,2.279510498046875
fixed,2,4291,0.8861727118492126,0.03283829987049103,8.935449841374066e-06,1.1223719120025635,0.8861727118492126,4,1.0,
fixed,2,4292,0.6444610953330994,6.8655232610126404e-09,6.469932850450277e-05,0.6924638152122498,0.6444610953330994,4,0.5,
fixed,2,4293,0.40919655561447144,3.119172475862797e-09,0.007831542752683163,0.7387504577636719,0.40919655561447144,4,0.75,
fixed,2,4294,0.592446506023407,6.838332922143309e-08,0.00011005590204149485,0.6913156509399414,0.592446506023407,4,0.5,
fixed,2,4295,0.35755544900894165,2.2260774557025798e-08,6.193874287419021e-05,0.6927605867385864,0.35755544900894165,4,0.5,0.07117271423339844
fixed,2,4296,0.8003086447715759,1.4282143467880815e-08,3.8761783798690885e-05,0.6908859014511108,0.8003086447715759,4,0.5,
fixed,2,4297,0.49667635560035706,9.92222481954741e-09,4.605851700034691e-06,0.3479650020599365,0.49667635560035706,4,0.25,
fixed,2,4298,0.7654994130134583,5.6872032416777074e-08,0.0,1.3822977542877197,0.7654994130134583,4,0.0,
fixed,2,4299,0.789762020111084,1.0496009394955763e-08,1.3738297184318071e-06,0.6918293237686157,0.789762020111084,4,0.5,
fixed,2,4300,0.9390664100646973,8.072216672871946e-09,0.0029538695234805346,0.6974229216575623,0.9390664100646973,4,0.5,2.175785779953003
fixed,2,4301,0.5309846997261047,1.1949751410611498e-08,0.0002245376235805452,0.7997892498970032,0.5309846997261047,4,0.75,
fixed,2,4302,0.4626482129096985,9.21902731931823e-09,4.779598839377286e-06,0.6923271417617798,0.4626482129096985,4,0.5,
fixed,2,4303,0.48897066712379456,1.575194019665105e-08,0.006033806130290031,0.9262419939041138,0.48897066712379456,4,0.25,
fixed,2,4304,1.261162281036377,1.946396466223632e-08,0.00021954435214865953,0.35728609561920166,1.261162281036377,4,0.25,
fixed,2,4305,0.48742952942848206,9.668004167906474e-06,9.84022844932042e-05,0.8310453295707703,0.48742952942848206,4,0.25,0.09187204390764236
fixed,2,4306,0.7565169930458069,1.0231136826632792e-08,0.000111910339910537,0.8084036111831665,0.7565169930458069,4,0.75,
fixed,2,4307,0.7921665906906128,0.04270899295806885,0.0,0.8756078481674194,0.7921665906906128,4,0.25,
fixed,2,4308,1.0824764966964722,0.046785082668066025,2.1601133994408883e-05,0.6955500841140747,1.0824764966964722,4,0.5,
fixed,2,4309,0.24231985211372375,1.1949751410611498e-08,4.9216687330044806e-05,0.8053425550460815,0.24231985211372375,4,0.75,
fixed,2,4310,0.8189603686332703,9.842938197834883e-07,3.4760005291900598e-06,0.8219230771064758,0.8189603686332703,4,0.25,0.003432493656873703
fixed,2,4311,0.338487833738327,0.061124976724386215,0.0,0.34839046001434326,0.338487833738327,4,0.25,
fixed,2,4312,0.625001847743988,7.993605777301127e-15,9.20056554605253e-05,0.75813889503479,0.625001847743988,4,0.75,
fixed,2,4313,0.752914547920227,6.06088335075583e-09,0.0004304545873310417,0.6938969492912292,0.752914547920227,4,0.5,
fixed,2,4314,0.6054262518882751,3.883366073154093e-09,0.008118263445794582,0.737707793712616,0.6054262518882751,4,0.75,
fixed,2,4315,0.6525167226791382,0.0440697968006134,1.9389515728107654e-05,0.3214747905731201,0.6525167226791382,4,0.5,7.336203098297119
fixed,2,4316,0.4137735962867737,3.752553823233029e-12,0.013158544898033142,0.4807489514350891,0.4137735962867737,4,0.75,
fixed,2,4317,1.1310577392578125,0.028825918212532997,3.2060881494544446e-05,0.7070730924606323,1.1310577392578125,4,0.5,
fixed,2,4318,0.4915314316749573,0.007143037859350443,3.6043841191713e-06,0.4248337745666504,0.4915314316749573,4,0.5,
fixed,2,4319,0.9525648355484009,4.3337792021702626e-08,3.640707973318058e-06,0.8253845572471619,0.9525648355484009,4,0.25,
fixed,2,4320,0.7804745435714722,0.020022714510560036,0.03460313379764557,0.7671072483062744,0.7804745435714722,4,0.75,1.679086446762085
fixed,2,4321,0.8556991815567017,7.94040458385048e-11,0.0003466993512120098,0.725087583065033,0.8556991815567017,4,0.75,
fixed,2,4322,0.38361024856567383,3.9067220569677374e-09,0.000177440102561377,0.6922028660774231,0.38361024856567383,4,0.5,
fixed,2,4323,0.6612166166305542,3.2580127484749255e-09,0.0004227632307447493,0.6937988996505737,0.6612166166305542,4,0.5,
fixed,2,4324,0.7427474856376648,3.5949803134371905e-09,0.00023481063544750214,0.687038779258728,0.7427474856376648,4,0.5,
fixed,2,4325,0.24809353053569794,3.5151741517580604e-09,0.00020721512555610389,0.3570598363876343,0.24809353053569794,4,0.25,0.2072123885154724
fixed,2,4326,0.9331223368644714,3.533200843008899e-09,3.317507798783481e-05,0.807191789150238,0.9331223368644714,4,0.75,
fixed,2,4327,0.5025757551193237,1.8425140302369414e-09,4.3418400309747085e-05,0.35111796855926514,0.5025757551193237,4,0.25,
fixed,2,4328,0.5006930232048035,7.31042071322463e-09,6.927525100763887e-05,0.6914133429527283,0.5006930232048035,4,0.5,
fixed,2,4329,0.5014421343803406,8.142875262961979e-10,0.0008004746050573885,0.3281599283218384,0.5014421343803406,4,0.5,
fixed,2,4330,0.2613762617111206,4.438931000549928e-09,7.194245633251883e-12,0.8227802515029907,0.2613762617111206,4,0.0,0.0
fixed,2,4331,0.4897332489490509,0.05653833970427513,1.8452841686666943e-05,0.6934198141098022,0.4897332489490509,4,0.5,
fixed,2,4332,0.5841426849365234,0.004731074441224337,0.0005004046251997352,0.8595975041389465,0.5841426849365234,4,0.75,
fixed,2,4333,0.827488362789154,1.3014569422153954e-09,0.00021456014655996114,0.7967252731323242,0.827488362789154,4,0.75,
fixed,2,4334,0.6713849902153015,2.3730717391146072e-09,0.00019503735529724509,0.35674357414245605,0.6713849902153015,4,0.25,
fixed,2,4335,1.2175358533859253,3.875391119123606e-09,2.2670910766464658e-05,0.8278962969779968,1.2175358533859253,4,0.25,0.026128048077225685
fixed,2,4336,0.9920549988746643,3.430285833161406e-09,0.00024086319899652153,0.8402532339096069,0.9920549988746643,4,0.25,
fixed,2,4337,0.7929914593696594,8.863640932332828e-10,0.0009294346091337502,0.326063871383667,0.7929914593696594,4,0.5,
fixed,2,4338,1.3478431701660156,8.866039138410997e-07,0.0,1.3781315088272095,1.3478431701660156,4,0.0,
fixed,2,4339,0.5229449272155762,0.0024212629068642855,0.0019454358844086528,0.688962996006012,0.5229449272155762,4,0.5,
fixed,2,4340,0.5920314788818359,1.4368386480612116e-09,0.0037680708337575197,0.7033562660217285,0.5920314788818359,3,0.75,3.2606804370880127
fixed,2,4341,0.4749698042869568,7.62259766418083e-09,0.006599873770028353,0.8352792859077454,0.4749698042869568,3,0.5,
fixed,2,4342,1.1428370475769043,0.0004397945886012167,5.930705083301291e-05,0.6921196579933167,1.1428370475769043,4,0.5,
fixed,2,4343,1.4573700428009033,0.001230805297382176,1.0028589713328984e-05,0.7910648584365845,1.4573700428009033,4,0.25,
fixed,2,4344,0.3807782530784607,4.9203876528736146e-09,0.01611708104610443,1.0130653381347656,0.3807782530784607,4,0.0,
fixed,2,4345,0.5680508017539978,2.426021605828055e-09,0.0011563582811504602,0.6957681179046631,0.5680508017539978,4,0.5,1.0517042875289917
fixed,2,4346,0.9496598839759827,7.403580526421649e-10,0.012528588995337486,0.7082990407943726,0.9496598839759827,4,0.75,
fixed,2,4347,0.15531785786151886,2.314534786052036e-09,3.8606034650001675e-05,0.6919186115264893,0.15531785786151886,4,0.5,
fixed,2,4348,0.5266099572181702,6.522940854125636e-09,0.003174779936671257,0.7007481455802917,0.5266099572181702,4,0.5,
fixed,2,4349,0.8783580660820007,1.7770764859648125e-09,0.02524135820567608,0.7007665038108826,0.8783580660820007,4,0.5,
fixed,2,4350,0.6755931973457336,2.2116388720405666e-09,0.0018659885972738266,0.7547087669372559,0.6755931973457336,4,0.75,1.7876108884811401
fixed,2,4351,0.748408854007721,1.3845530943967788e-08,0.0010719109559431672,0.6966961622238159,0.748408854007721,4,0.5,
fixed,2,4352,1.189939260482788,0.0037541731726378202,7.273075607372448e-05,0.7725008726119995,1.189939260482788,4,0.25,
fixed,2,4353,0.4910445511341095,0.0,0.0006603602669201791,1.2194703817367554,0.4910445511341095,4,1.0,
fixed,2,4354,0.8034276962280273,1.4381547508435233e-08,1.2550874998851214e-05,0.8269883394241333,0.8034276962280273,4,0.25,
fixed,2,4355,0.7641074657440186,2.9320307959324055e-08,0.019758431240916252,0.7339196801185608,0.7641074657440186,4,0.25,8.384865760803223
fixed,2,4356,0.7259891629219055,0.004730830900371075,7.37765503799892e-07,0.3127206563949585,0.7259891629219055,4,0.25,
fixed,2,4357,0.3128165006637573,3.03883851415776e-08,1.273499583476223e-05,0.6921231746673584,0.3128165006637573,4,0.5,
fixed,2,4358,0.510435163974762,1.583578423947074e-08,4.0640788938617334e-05,0.8112828731536865,0.510435163974762,4,0.75,
fixed,2,4359,0.7668046355247498,1.9097635473031005e-08,2.3260924990609055e-06,0.3453027009963989,0.7668046355247498,4,0.5,
fixed,2,4360,0.6193781495094299,0.025937454774975777,9.733739716466516e-06,0.7423412203788757,0.6193781495094299,4,0.75,8.573909759521484
fixed,2,4361,0.9956149458885193,2.3607286792071136e-08,0.00026807369431480765,0.6940416097640991,0.9956149458885193,4,0.5,
fixed,2,4362,0.7933397889137268,6.443731592753466e-08,4.0545876345277065e-07,0.82393878698349,0.7933397889137268,4,0.25,
fixed,2,4363,0.868182897567749,3.56614577867731e-08,1.2438160410965793e-05,0.8178718686103821,0.868182897567749,4,0.75,
fixed,2,4364,0.3448196351528168,9.386127430843771e-08,0.0010557706700637937,0.7877252101898193,0.3448196351528168,4,0.75,
fixed,2,4365,0.35596147179603577,2.6944235287373886e-08,0.0,0.6906907558441162,0.35596147179603577,4,0.0,0.0
fixed,2,4366,0.41153058409690857,0.0,3.1053066322783707e-06,1.3671202659606934,0.41153058409690857,4,1.0,
fixed,2,4367,0.29585564136505127,2.7961515769447942e-08,0.00011747198004741222,0.6870484948158264,0.29585564136505127,4,0.5,
fixed,2,4368,0.9644208550453186,4.7000686009823767e-08,7.455095385466848e-08,0.6911103129386902,0.9644208550453186,4,0.5,
fixed,2,4369,0.5856994986534119,0.02084292843937874,0.012193153612315655,0.7888489961624146,0.5856994986534119,4,0.5,
fixed,2,4370,0.9229819774627686,0.06077833101153374,4.785437340615317e-05,0.6886110305786133,0.9229819774627686,4,0.5,0.9564563632011414
fixed,2,4371,0.90226811170578,0.007442757021635771,6.643920642090961e-05,0.7528957724571228,0.90226811170578,4,0.25,
fixed,2,4372,0.7583386898040771,1.236192588294216e-07,1.286560745938914e-06,0.6925705075263977,0.7583386898040771,4,0.5,
fixed,2,4373,0.5009143352508545,2.0318937643537538e-08,6.566313459188677e-06,0.816681981086731,0.5009143352508545,4,0.75,
fixed,2,4374,0.8753227591514587,1.7701308863138365e-08,5.730173029405705e-07,0.34691309928894043,0.8753227591514587,4,0.25,
fixed,2,4375,0.6620330214500427,0.0,0.0005231273244135082,1.255412220954895,0.6620330214500427,4,1.0,0.4648394286632538
fixed,2,4376,0.8394014835357666,0.057348184287548065,2.5334253450637334e-07,0.6927570700645447,0.8394014835357666,4,0.5,
fixed,2,4377,1.4497994184494019,1.2082119305034666e-08,1.2569404361784109e-06,0.8248679041862488,1.4497994184494019,4,0.25,
fixed,2,4378,1.0673245191574097,8.469442036584951e-09,0.0005374040920287371,0.7962005734443665,1.0673245191574097,4,0.75,
fixed,2,4379,1.2899229526519775,6.008705977222917e-09,0.016619358211755753,0.7213746309280396,1.2899229526519775,4,0.5,
fixed,2,4380,0.44631341099739075,3.119172475862797e-09,0.05174936354160309,0.692927360534668,0.44631341099739075,4,0.5,4.188854217529297
fixed,2,4381,0.3864949941635132,0.03903551027178764,2.6728805096354336e-05,0.7661046981811523,0.3864949941635132,4,0.75,
fixed,2,4382,0.8004857301712036,1.6730128393760424e-08,0.05503338575363159,0.817514181137085,0.8004857301712036,4,0.25,
fixed,2,4383,0.5415447950363159,1.73573351247569e-08,2.075143675028812e-05,0.3489553928375244,0.5415447950363159,4,0.25,
fixed,2,4384,0.5248693823814392,3.915943125321064e-08,0.01791992411017418,0.716780960559845,0.5248693823814392,4,0.5,
fixed,2,4385,0.7165203094482422,0.059572864323854446,2.9649718271684833e-06,0.8147071599960327,0.7165203094482422,4,0.75,1.673585057258606
fixed,2,4386,0.4303603768348694,3.795397063299788e-08,0.009319178760051727,0.7289043664932251,0.4303603768348694,4,0.75,
fixed,2,4387,0.4455982744693756,1.0134094452496356e-07,7.359764276770875e-05,0.6929332613945007,0.4455982744693756,4,0.5,
fixed,2,4388,0.8660984635353088,3.748342578546726e-07,0.006570630706846714,0.9304021596908569,0.8660984635353088,4,0.25,
fixed,2,4389,0.5255264639854431,4.6132072384352796e-07,1.2338698979874607e-05,0.6849296689033508,0.5255264639854431,4,0.5,
fixed,2,4390,0.8518185019493103,2.797686704525404e-07,0.00021313295292202383,0.8021789789199829,0.8518185019493103,4,0.75,0.22135581076145172
fixed,2,4391,0.9865167737007141,0.061456866562366486,0.000711569213308394,0.6941558718681335,0.9865167737007141,4,0.5,
fixed,2,4392,0.502578616142273,7.403866675304016e-07,3.999778073193738e-06,0.8242259621620178,0.502578616142273,4,0.25,
fixed,2,4393,0.7240586876869202,4.6421777710747847e-07,4.903972239844734e-06,0.34741806983947754,0.7240586876869202,4,0.25,
fixed,2,4394,1.0285886526107788,1.8122564142686315e-06,1.352239451080095e-05,0.8189045190811157,1.0285886526107788,4,0.75,
fixed,2,4395,0.9871249198913574,0.05727140232920647,3.6735118555952795e-06,0.8094522953033447,0.9871249198913574,4,0.75,2.5979135036468506
fixed,2,4396,0.49769189953804016,2.262025020627334e-07,1.3990438674227335e-05,0.3433941602706909,0.49769189953804016,4,0.5,
fixed,2,4397,1.042784571647644,0.11576545238494873,0.0,0.6935846209526062,1.042784571647644,4,0.5,
fixed,2,4398,0.8723995685577393,0.02825188636779785,0.0009628520929254591,0.7287623882293701,0.8723995685577393,4,0.75,
fixed,2,4399,1.2751290798187256,2.6286565457667166e-07,0.005780491977930069,0.7417853474617004,1.2751290798187256,4,0.75,
fixed,2,4400,0.9781988859176636,0.037230078130960464,0.0009385123266838491,0.7074765563011169,0.9781988859176636,4,0.5,6.812623500823975
fixed,2,4401,0.5454031229019165,0.05203207954764366,0.0,0.3622850179672241,0.5454031229019165,4,0.25,
fixed,2,4402,0.533108115196228,1.1677825284550636e-07,0.00221816822886467,0.754787266254425,0.533108115196228,4,0.75,
fixed,2,4403,1.1098171472549438,0.03170480206608772,0.0038176458328962326,0.7131597399711609,1.1098171472549438,4,0.75,
fixed,2,4404,1.3909934759140015,0.025363102555274963,0.009804571978747845,0.766084611415863,1.3909934759140015,4,0.5,
fixed,2,4405,1.0545923709869385,3.380260409358016e-07,0.0008883560658432543,0.8577148914337158,1.0545923709869385,4,0.25,0.8348759412765503
fixed,2,4406,0.6208723187446594,2.2486531747745175e-07,0.009875912219285965,0.7050185203552246,0.6208723187446594,4,0.75,
fixed,2,4407,0.7504956126213074,4.120794301343267e-07,0.0039654686115682125,0.7066192030906677,0.7504956126213074,4,0.5,
fixed,2,4408,0.24328047037124634,9.422685721960367e-12,0.012499626725912094,0.3964696526527405,0.24328047037124634,4,0.75,
fixed,2,4409,0.623492956161499,8.053024913579065e-08,0.0011059631360694766,0.3506324291229248,0.623492956161499,4,0.25,
fixed,2,4410,0.7333261966705322,4.2277650891264784e-07,0.009083293378353119,0.953543484210968,0.7333261966705322,4,0.25,5.678053379058838
fixed,2,4411,0.76237553358078,3.175544804889796e-07,0.0,1.3775973320007324,0.76237553358078,4,0.0,
fixed,2,4412,0.9951792359352112,1.5814795517599123e-07,0.01489226520061493,0.7496857643127441,0.9951792359352112,4,0.5,
fixed,2,4413,1.2786452770233154,0.029118750244379044,0.005491597577929497,0.8876954317092896,1.2786452770233154,4,1.0,
fixed,2,4414,0.48452261090278625,2.3641359803150408e-07,0.004839264787733555,0.7086443901062012,0.48452261090278625,4,0.5,
fixed,2,4415,0.7282780408859253,1.0309893383464441e-07,0.011318739503622055,0.7018694877624512,0.7282780408859253,4,0.75,8.199029922485352
fixed,2,4416,0.3278096318244934,1.0034353863375145e-06,0.001445941859856248,0.3195422887802124,0.3278096318244934,4,0.5,
fixed,2,4417,0.7263211011886597,7.28031750441005e-07,0.00671060336753726,0.9311216473579407,0.7263211011886597,4,0.25,
fixed,2,4418,0.6912174820899963,9.324156735601719e-07,0.00022602891840506345,0.35664117336273193,0.6912174820899963,4,0.25,
fixed,2,4419,0.7732743620872498,1.2032894574076636e-06,0.0,1.3712266683578491,0.7732743620872498,4,0.0,
fixed,2,4420,0.7518402338027954,0.024501219391822815,0.0013939256314188242,0.4621981382369995,0.7518402338027954,4,0.75,7.516625881195068
fixed,2,4421,0.4311941862106323,9.683358115353258e-08,0.0008670713868923485,0.7749889492988586,0.4311941862106323,4,0.75,
fixed,2,4422,0.20219218730926514,1.0307979891877039e-07,0.008268522098660469,0.7182780504226685,0.20219218730926514,4,0.75,
fixed,2,4423,0.6584690809249878,7.856881438783603e-07,0.0016302528092637658,0.3209649324417114,0.6584690809249878,4,0.5,
fixed,2,4424,0.7192811965942383,1.5483979041164275e-06,0.0018785155843943357,0.8734495043754578,0.7192811965942383,4,0.25,
fixed,2,4425,0.7654028534889221,9.863369996310212e-07,0.0002854328486137092,0.8410114049911499,0.7654028534889221,4,0.25,0.29168182611465454
fixed,2,4426,0.7340670824050903,1.7869227804112597e-06,0.0026770299300551414,0.8846941590309143,0.7340670824050903,4,0.25,
fixed,2,4427,0.734693706035614,4.066742462782713e-07,0.019820358604192734,0.30542922019958496,0.734693706035614,4,0.25,
fixed,2,4428,0.7411805391311646,0.0,0.001337429159320891,1.1772576570510864,0.7411805391311646,4,1.0,
fixed,2,4429,0.6367964744567871,1.64591696716343e-07,0.0012845038436353207,0.7682938575744629,0.6367964744567871,4,0.75,
fixed,2,4430,0.20134201645851135,2.1186119738558773e-06,0.0006023728637956083,0.8488227725028992,0.20134201645851135,4,0.25,0.5268404483795166
fixed,2,4431,0.646064817905426,0.0,0.0016732705989852548,1.1497716903686523,0.646064817905426,4,1.0,
fixed,2,4432,0.3538733422756195,0.046589966863393784,0.000219201814616099,0.3200392723083496,0.3538733422756195,4,0.5,
fixed,2,4433,0.7992238998413086,1.1115832876384957e-06,1.4979748812038451e-05,0.8258618116378784,0.7992238998413086,4,0.25,
fixed,2,4434,0.8662383556365967,9.141133432422066e-07,0.0001568942388985306,0.33650004863739014,0.8662383556365967,4,0.5,
fixed,2,4435,0.9683197140693665,0.053501710295677185,7.538895442849025e-05,0.7926735281944275,0.9683197140693665,4,0.75,3.941906452178955
fixed,2,4436,0.13969460129737854,1.7937976508619613e-06,7.725653267698362e-05,0.8312417268753052,0.13969460129737854,4,0.25,
fixed,2,4437,1.2253749370574951,4.6065824221841467e-07,0.00036374665796756744,0.7930030226707458,1.2253749370574951,4,0.75,
fixed,2,4438,0.7979993224143982,1.421034994564252e-06,0.0006920811138115823,0.3654278516769409,0.7979993224143982,4,0.25,
fixed,2,4439,0.9543401002883911,1.345402324659517e-06,0.00032997451489791274,0.8422496914863586,0.9543401002883911,4,0.25,
fixed,2,4440,0.6010820269584656,1.5281884770956822e-06,0.0005528900655917823,0.36307859420776367,0.6010820269584656,4,0.25,0.4981739819049835
fixed,2,4441,0.8372436761856079,0.046185486018657684,2.306529950146796e-06,0.6949251294136047,0.8372436761856079,4,0.5,
fixed,2,4442,1.1610101461410522,1.2747681239488884e-06,6.474820679613913e-13,0.8113739490509033,1.1610101461410522,4,0.0,
fixed,2,4443,0.7801713943481445,4.902878458779014e-07,0.0004112543538212776,0.7892898321151733,0.7801713943481445,4,0.75,
fixed,2,4444,1.290622591972351,0.04151986539363861,7.73220308474265e-05,0.6974161863327026,1.290622591972351,4,0.5,
fixed,2,4445,0.673854410648346,0.06057815998792648,0.000158325579832308,0.689139723777771,0.673854410648346,4,0.5,0.9295781850814819
fixed,2,4446,0.4378035366535187,1.0771004781418014e-06,2.438008232275024e-05,0.34898996353149414,0.4378035366535187,4,0.25,
fixed,2,4447,1.1177563667297363,9.245494538845378e-07,0.0,1.372548222541809,1.1177563667297363,4,0.0,
fixed,2,4448,0.8736131191253662,0.0,0.0031500644981861115,1.0749987363815308,0.8736131191253662,4,1.0,
fixed,2,4449,0.5147152543067932,3.8870598473295104e-07,0.0014054635539650917,0.697259783744812,0.5147152543067932,4,0.5,
fixed,2,4450,1.0918021202087402,0.035888105630874634,0.0,0.8988822102546692,1.0918021202087402,4,0.25,8.014142990112305
fixed,2,4451,0.21497800946235657,1.3724610425924766e-07,0.0014450842281803489,0.37683212757110596,0.21497800946235657,4,0.25,
fixed,2,4452,0.5619214773178101,1.828309876827916e-07,0.001808019122108817,0.6996407508850098,0.5619214773178101,4,0.5,
fixed,2,4453,0.829763650894165,1.9674804718761152e-07,0.00028976963949389756,0.69284588098526,0.829763650894165,4,0.5,
fixed,2,4454,0.21582619845867157,1.748649935962021e-07,0.00028531401767395437,0.8423108458518982,0.21582619845867157,4,0.25,
fixed,2,4455,0.41695383191108704,1.3690822697753902e-07,0.00021461452706716955,0.6926101446151733,0.41695383191108704,4,0.5,0.228596031665802
fixed,2,4456,0.7106914520263672,0.031701553612947464,0.005509892478585243,0.9274387359619141,0.7106914520263672,4,1.0,
fixed,2,4457,0.5864992737770081,0.018682317808270454,0.0,0.9860893487930298,0.5864992737770081,4,0.25,
fixed,2,4458,0.4441392123699188,6.657871409743166e-08,0.00886926706880331,0.7085527777671814,0.4441392123699188,4,0.75,
fixed,2,4459,0.8495725393295288,0.05421929806470871,4.604316927725449e-12,0.3589097261428833,0.8495725393295288,4,0.25,
fixed,2,4460,1.5678069591522217,0.016886664554476738,0.006033801939338446,0.7469313144683838,1.5678069591522217,4,0.5,2.857637882232666
fixed,2,4461,0.9628250598907471,0.0268048495054245,0.0007320324657484889,0.7185183167457581,0.9628250598907471,4,0.5,
fixed,2,4462,1.305782675743103,0.010369817726314068,0.0007646206067875028,0.7008914947509766,1.305782675743103,4,0.5,
fixed,2,4463,1.40709388256073,6.009497610648395e-08,0.00714143505319953,0.7157625555992126,1.40709388256073,4,0.5,
fixed,2,4464,1.243157982826233,0.0,0.029228275641798973,0.7815685868263245,1.243157982826233,4,0.75,
fixed,2,4465,0.5152643322944641,5.6211174381815e-08,0.0006593244033865631,0.6929293870925903,0.5152643322944641,4,0.5,0.6517741680145264
fixed,2,4466,1.080184817314148,0.015140454284846783,2.7853275241795927e-12,0.4886866807937622,1.080184817314148,4,0.0,
fixed,2,4467,0.6523323655128479,5.59803936539538e-08,0.003543565282598138,0.6978431344032288,0.6523323655128479,4,0.5,
fixed,2,4468,0.49159884452819824,0.014663412235677242,0.00341480178758502,0.7643084526062012,0.49159884452819824,4,0.25,
fixed,2,4469,0.7063727974891663,3.247194868549741e-08,0.002491295337677002,0.7490262985229492,0.7063727974891663,4,0.75,
fixed,2,4470,0.9944750070571899,4.5950720561904745e-08,0.0003026406338904053,0.8431273698806763,0.9944750070571899,4,0.25,0.3045080900192261
fixed,2,4471,0.6854918599128723,4.619875682010388e-08,0.0006730553577654064,0.8536415100097656,0.6854918599128723,4,0.25,
fixed,2,4472,0.5649555325508118,4.403164268751425e-07,0.0007167157018557191,0.6939128041267395,0.5649555325508118,4,0.5,
fixed,2,4473,0.42350372672080994,3.287714207544923e-07,0.0,1.379434585571289,0.42350372672080994,4,0.0,
fixed,2,4474,0.3908851146697998,1.8744945151638603e-08,0.003880554810166359,0.30790984630584717,0.3908851146697998,4,0.5,
fixed,2,4475,0.6703277826309204,0.05258766561746597,0.0012666009133681655,0.6982812881469727,0.6703277826309204,4,0.5,3.838056802749634
fixed,2,4476,0.4052853286266327,0.012191962450742722,0.007702979259192944,0.7848819494247437,0.4052853286266327,4,0.75,
fixed,2,4477,0.7116339206695557,0.018418127670884132,0.0031525983940809965,0.7028183341026306,0.7116339206695557,4,0.75,
fixed,2,4478,0.4689036011695862,4.119362273513616e-08,9.979573591112345e-12,0.8208994269371033,0.4689036011695862,4,0.0,
fixed,2,4479,0.48588693141937256,4.1793228433562035e-08,0.00031147530535236,0.6901631355285645,0.48588693141937256,4,0.5,
fixed,2,4480,0.21229515969753265,0.026509298011660576,0.0013014920987188816,0.7151679396629333,0.21229515969753265,4,0.75,6.809251308441162
fixed,2,4481,0.45260486006736755,0.04129083827137947,0.0,0.8805734515190125,0.45260486006736755,4,0.25,
fixed,2,4482,0.5687873959541321,4.261738073552124e-09,0.016955094411969185,0.7138541340827942,0.5687873959541321,4,0.5,
fixed,2,4483,0.8620909452438354,1.0225109647876707e-08,0.035805877298116684,0.6924601197242737,0.8620909452438354,4,0.5,
fixed,2,4484,1.041695237159729,5.611968845187221e-08,1.4399522115127183e-05,0.826451301574707,1.041695237159729,4,0.25,
fixed,2,4485,0.5236837863922119,1.0091602220541063e-08,0.02043856680393219,0.775315523147583,0.5236837863922119,4,0.5,11.510613441467285
fixed,2,4486,0.4832130968570709,9.399530398468414e-08,0.0001124200425692834,0.8334760665893555,0.4832130968570709,4,0.25,
fixed,2,4487,0.44139736890792847,4.3073036692931055e-08,0.0,1.3829503059387207,0.44139736890792847,4,0.0,
fixed,2,4488,0.674451470375061,0.04774785786867142,0.001623519230633974,0.7466814517974854,0.674451470375061,4,0.75,
fixed,2,4489,0.8291411995887756,6.491345772019486e-08,0.0005010543391108513,0.6941816210746765,0.8291411995887756,4,0.5,
fixed,2,4490,0.6403354406356812,1.6334695374098374e-08,0.021517151966691017,0.69091796875,0.6403354406356812,4,0.75,10.683306694030762
fixed,2,4491,0.2634488642215729,2.6916270101651207e-08,0.0006054256809875369,0.7808825969696045,0.2634488642215729,4,0.75,
fixed,2,4492,0.6422291994094849,0.0477476492524147,0.0019951954018324614,0.7462215423583984,0.6422291994094849,4,0.75,
fixed,2,4493,0.5818628668785095,0.040214743465185165,0.0,0.7914716005325317,0.5818628668785095,4,0.25,
fixed,2,4494,0.28217199444770813,3.537915560514193e-08,0.00197634962387383,0.8777303099632263,0.28217199444770813,4,0.25,
fixed,2,4495,0.578031599521637,1.2327340037643353e-08,0.007396619766950607,0.7268758416175842,0.578031599521637,4,0.75,5.140285968780518
fixed,2,4496,0.5653454661369324,3.916533231063113e-08,0.00997233297675848,0.7032861113548279,0.5653454661369324,4,0.75,
fixed,2,4497,0.37468695640563965,0.017122283577919006,0.0,0.996793806552887,0.37468695640563965,4,0.25,
fixed,2,4498,0.9191474914550781,2.1459808152712867e-08,0.0015287548303604126,0.6963088512420654,0.9191474914550781,4,0.5,
fixed,2,4499,0.697731077671051,0.04424222186207771,0.0,0.868001401424408,0.697731077671051,4,0.25,
fixed,2,4500,1.2707695960998535,0.02392950840294361,0.0,0.4418160319328308,1.2707695960998535,4,0.25,8.831676483154297
fixed,2,4501,0.5015552043914795,1.2327340037643353e-08,0.00951040256768465,0.7191012501716614,0.5015552043914795,4,0.75,
fixed,2,4502,0.7867057919502258,1.0149799223313494e-08,0.012006133794784546,0.7405277490615845,0.7867057919502258,4,0.5,
fixed,2,4503,0.3889929950237274,0.05002998560667038,0.0009071354288607836,0.7614181637763977,0.3889929950237274,4,0.75,
fixed,2,4504,0.7538964152336121,0.03340073674917221,0.00038131492328830063,0.3079475164413452,0.7538964152336121,4,0.5,
fixed,2,4505,0.7455229163169861,6.403078067762635e-09,0.01963946968317032,0.7024255990982056,0.7455229163169861,4,0.5,9.126075744628906
fixed,2,4506,0.3422781527042389,1.0087052970675359e-08,0.0034128199331462383,0.704383373260498,0.3422781527042389,4,0.5,
fixed,2,4507,0.4874333143234253,5.849519268963377e-08,0.0009679742506705225,0.8586329221725464,0.4874333143234253,4,0.25,
fixed,2,4508,0.7107217907905579,1.2334401056079969e-08,0.00048166493070311844,0.329159140586853,0.7107217907905579,4,0.5,
fixed,2,4509,0.7316451668739319,0.0,0.002186724916100502,1.1201698780059814,0.7316451668739319,4,1.0,
fixed,2,4510,0.8665195107460022,0.04471923038363457,0.0002835119084920734,0.8222674131393433,0.8665195107460022,4,0.75,10.713274002075195
fixed,2,4511,0.5327690243721008,0.07176494598388672,0.0006749089225195348,0.9482278823852539,0.5327690243721008,4,1.0,
fixed,2,4512,0.6634719967842102,1.7696862641969346e-08,7.287875632755458e-05,0.3525257110595703,0.6634719967842102,4,0.25,
fixed,2,4513,0.9326635599136353,0.03170381486415863,0.0034611918963491917,0.7169587016105652,0.9326635599136353,4,0.75,
fixed,2,4514,0.66788250207901,2.0056470262375115e-08,0.0,1.3837321996688843,0.66788250207901,4,0.0,
fixed,2,4515,0.7941656708717346,4.828042410309763e-09,0.017039546743035316,0.3062399625778198,0.7941656708717346,4,0.25,8.407780647277832
fixed,2,4516,0.3449495732784271,0.010369940660893917,0.0017400290817022324,0.7654624581336975,0.3449495732784271,4,0.25,
fixed,2,4517,0.5078324675559998,2.2915280339930177e-08,0.009805244393646717,0.9610962867736816,0.5078324675559998,4,0.25,
fixed,2,4518,0.39630281925201416,0.0071434262208640575,0.0041468883864581585,0.34297966957092285,0.39630281925201416,4,0.5,
fixed,2,4519,1.325054407119751,0.014195064082741737,0.005437830928713083,0.35998988151550293,1.325054407119751,4,0.5,
fixed,2,4520,1.5677310228347778,1.1907651753517712e-08,0.015871228650212288,1.010646104812622,1.5677310228347778,4,0.0,6.754611492156982
fixed,2,4521,0.36236897110939026,3.021743077979977e-09,0.019962891936302185,0.30753064155578613,0.36236897110939026,4,0.25,
fixed,2,4522,0.9101986289024353,1.663832804865706e-08,0.0019765086472034454,0.8777949810028076,0.9101986289024353,4,0.25,
fixed,2,4523,0.6372467875480652,2.586501901546967e-09,0.0030360857490450144,0.742297887802124,0.6372467875480652,4,0.75,
fixed,2,4524,0.31321170926094055,0.005291759967803955,0.003230081405490637,0.6927196979522705,0.31321170926094055,4,0.5,
fixed,2,4525,1.6558716297149658,2.3359376655207598e-08,0.0006016577244736254,0.36519360542297363,1.6558716297149658,4,0.25,0.605193555355072
fixed,2,4526,0.5329272747039795,0.028829528018832207,0.0017834996106103063,0.7226041555404663,0.5329272747039795,4,0.5,
fixed,2,4527,0.6735827326774597,1.4661519998071526e-08,0.00011758376786019653,0.8358785510063171,0.6735827326774597,4,0.25,
fixed,2,4528,0.7070595622062683,6.265509711056438e-08,0.0019771181978285313,0.8773139715194702,0.7070595622062683,4,0.25,
fixed,2,4529,0.42068248987197876,9.520963573095287e-09,0.0002693300193641335,0.6939533948898315,0.42068248987197876,4,0.5,
fixed,2,4530,1.1112165451049805,1.4440074025401373e-08,0.0005642262403853238,0.6944029331207275,1.1112165451049805,4,0.5,0.5607462525367737
fixed,2,4531,1.2090944051742554,2.6688489640491753e-08,0.00022691515914630145,0.8397091031074524,1.2090944051742554,4,0.25,
fixed,2,4532,0.3459903597831726,5.071186137683981e-09,0.007630323525518179,0.3041040897369385,0.3459903597831726,4,0.5,
fixed,2,4533,0.8345687985420227,0.054566238075494766,1.901965333672706e-05,0.6684541702270508,0.8345687985420227,4,0.5,
fixed,2,4534,0.6325215697288513,4.982496193406405e-09,0.012927494943141937,0.722722589969635,0.6325215697288513,4,0.75,
fixed,2,4535,0.8169283270835876,1.791703141407197e-08,5.77121591049945e-06,0.3480672836303711,0.8169283270835876,4,0.25,0.006632787175476551
fixed,2,4536,0.9865866899490356,2.118354913704934e-08,7.902808647486381e-06,0.8262427449226379,0.9865866899490356,4,0.25,
fixed,2,4537,1.0696556568145752,0.05832797661423683,2.29946290346561e-05,0.8045600652694702,1.0696556568145752,4,0.75,
fixed,2,4538,0.3893548250198364,1.2560776418979458e-08,0.0011703907512128353,0.695999264717102,0.3893548250198364,4,0.5,
fixed,2,4539,0.5876556634902954,1.8955925895625114e-07,0.00160567881539464,0.37876975536346436,0.5876556634902954,4,0.25,
fixed,2,4540,0.747611939907074,2.9758577824168242e-08,0.0002691900881472975,0.3585308790206909,0.747611939907074,4,0.25,0.28290456533432007
fixed,2,4541,0.7663931846618652,4.0114336741226e-08,0.001982812536880374,0.6978912949562073,0.7663931846618652,4,0.5,
fixed,2,4542,0.6202061176300049,5.355328625000766e-08,0.0007613351917825639,0.6947588324546814,0.6202061176300049,4,0.5,
fixed,2,4543,0.6930660605430603,0.044070325791835785,0.001106962445192039,0.7028144001960754,0.6930660605430603,4,0.5,
fixed,2,4544,0.9836617708206177,8.213591584649294e-09,0.0013025765074416995,0.7736552357673645,0.9836617708206177,4,0.75,
fixed,2,4545,0.6203690767288208,0.03587938845157623,0.0016824736958369613,1.0098460912704468,0.6203690767288208,4,1.0,6.014416694641113
fixed,2,4546,0.37411534786224365,5.925389245931001e-08,0.003026386257261038,0.3102262020111084,0.37411534786224365,4,0.5,
fixed,2,4547,1.359415888786316,4.081828919311192e-08,0.00028545298846438527,0.8426181077957153,1.359415888786316,4,0.25,
fixed,2,4548,0.5174829363822937,3.3254597298082444e-08,0.0005898874951526523,0.6945536136627197,0.5174829363822937,4,0.5,
fixed,2,4549,0.7327156066894531,6.788010153968571e-08,0.0,1.3819587230682373,0.7327156066894531,4,0.0,
fixed,2,4550,0.5628892779350281,6.071196168022652e-08,0.001444837311282754,0.8691113591194153,0.5628892779350281,4,0.25,1.3189669847488403
fixed,2,4551,0.708902895450592,1.5707014355825777e-08,7.1517824835609645e-06,0.34827446937561035,0.708902895450592,4,0.25,
fixed,2,4552,1.1080535650253296,2.675135419849539e-07,0.00018922609160654247,0.8385154604911804,1.1080535650253296,4,0.25,
fixed,2,4553,0.9907345175743103,7.255621881085972e-08,0.00025399751029908657,0.8413833379745483,0.9907345175743103,4,0.25,
fixed,2,4554,0.8473013043403625,0.058817729353904724,0.011776001192629337,0.7249880433082581,0.8473013043403625,4,0.75,
fixed,2,4555,0.5576090812683105,1.0880186725528707e-12,0.0007169835735112429,0.6853778958320618,0.5576090812683105,4,0.75,0.718927264213562
fixed,2,4556,0.6008048057556152,1.313429986993242e-08,0.005625810008496046,0.30839765071868896,0.6008048057556152,4,0.5,
fixed,2,4557,1.0688482522964478,6.45262119292056e-08,0.0002085162850562483,0.798365592956543,1.0688482522964478,4,0.75,
fixed,2,4558,0.7565463781356812,4.051877411370697e-08,0.00258907419629395,0.7008371949195862,0.7565463781356812,4,0.5,
fixed,2,4559,0.3895401656627655,0.012404793873429298,3.0027151296962984e-05,0.7129209637641907,0.3895401656627655,4,0.5,
fixed,2,4560,0.49153199791908264,5.7517681284480204e-08,1.2158275254636752e-11,0.6904792785644531,0.49153199791908264,4,0.0,8.160543075064197e-05
fixed,2,4561,0.8924777507781982,6.901756023580674e-06,0.0,0.7916353940963745,0.8924777507781982,4,0.0,
fixed,2,4562,0.2207597941160202,5.143400727547487e-08,4.506840923568234e-05,0.3510873317718506,0.2207597941160202,4,0.25,
fixed,2,4563,0.6969010829925537,1.0502819947078024e-07,0.0065708770416677,0.9311413764953613,0.6969010829925537,4,0.25,
fixed,2,4564,0.41666853427886963,0.0,0.004876743536442518,1.037912130355835,0.41666853427886963,4,1.0,
fixed,2,4565,0.5160239338874817,4.0116209021334726e-08,0.00013519005733542144,0.6930409073829651,0.5160239338874817,4,0.5,0.1452888548374176
fixed,2,4566,0.616918683052063,1.5378179796243785e-07,0.00030270282877609134,0.8427882194519043,0.616918683052063,4,0.25,
fixed,2,4567,0.721341609954834,1.5344609138878695e-08,0.00010576591739663854,0.7910230159759521,0.721341609954834,4,0.75,
fixed,2,4568,0.6892508268356323,8.003250684396335e-08,0.0006419778219424188,0.6946737766265869,0.6892508268356323,4,0.5,
fixed,2,4569,1.158293604850769,4.80327848606521e-08,0.00023102191335055977,0.6938390731811523,1.158293604850769,4,0.5,
fixed,2,4570,0.5851959586143494,5.5243738472654513e-08,0.0074553657323122025,0.7084287405014038,0.5851959586143494,4,0.5,4.179190635681152
fixed,2,4571,0.6024646162986755,4.437667300294379e-08,0.0006914903060533106,0.7842099666595459,0.6024646162986755,4,0.75,
fixed,2,4572,0.3758408725261688,5.961236126950098e-08,0.001623852993361652,0.6911377906799316,0.3758408725261688,4,0.5,
fixed,2,4573,0.9625207185745239,0.044506676495075226,3.066045974264853e-05,0.7779930830001831,0.9625207185745239,4,0.75,
fixed,2,4574,0.8006032705307007,0.05711715668439865,5.109646008349955e-05,0.7992921471595764,0.8006032705307007,4,0.75,
fixed,2,4575,0.7559281587600708,4.962959820886681e-08,1.846078703238163e-05,0.6918929219245911,0.7559281587600708,4,0.5,0.021327394992113113
fixed,2,4576,0.6852949261665344,9.018370938917997e-09,0.0008991610957309604,0.7774246335029602,0.6852949261665344,4,0.75,
fixed,2,4577,1.0245270729064941,2.8659812301157217e-08,0.00010679865954443812,0.8040601015090942,1.0245270729064941,4,0.75,
fixed,2,4578,1.0068663358688354,2.0859881999513163e-07,0.0,1.37913179397583,1.0068663358688354,4,0.0,
fixed,2,4579,0.7281909584999084,1.734391332774976e-07,0.0002854630583897233,0.84225994348526,0.7281909584999084,4,0.25,
fixed,2,4580,1.0151890516281128,0.030558263882994652,0.0011843718821182847,0.5045913457870483,1.0151890516281128,4,0.75,7.639440059661865
fixed,2,4581,0.906670868396759,1.096988100357521e-07,0.0002720187767408788,0.7982913255691528,0.906670868396759,4,0.75,
fixed,2,4582,0.6613643169403076,3.247274804607514e-08,0.005065159872174263,0.3078073263168335,0.6613643169403076,4,0.5,
fixed,2,4583,0.38407859206199646,5.52209158399819e-08,0.006709682289510965,0.3051656484603882,0.38407859206199646,4,0.5,
fixed,2,4584,0.9539064168930054,0.03396160900592804,0.0004255963140167296,0.7378513216972351,0.9539064168930054,4,0.75,
fixed,2,4585,0.3038548529148102,1.1231136909373163e-08,0.0008216254645958543,0.7830206751823425,0.3038548529148102,4,0.75,0.7928038835525513
fixed,2,4586,0.7020819187164307,0.031132491305470467,0.0003006138140335679,0.7409461736679077,0.7020819187164307,4,0.75,
fixed,2,4587,0.8390785455703735,3.313208196686901e-08,7.993605777301127e-15,0.8211694955825806,0.8390785455703735,4,0.0,
fixed,2,4588,1.0539478063583374,0.04248175770044327,0.0005079563707113266,0.7013372182846069,1.0539478063583374,4,0.5,
fixed,2,4589,0.30165624618530273,3.327279785025894e-08,0.00035979581298306584,0.8452848792076111,0.30165624618530273,4,0.25,
fixed,2,4590,0.7646474242210388,5.330453856089434e-09,0.01587509550154209,0.30553102493286133,0.7646474242210388,4,0.5,7.508851528167725
fixed,2,4591,0.9178810715675354,3.336408127552204e-08,5.2774186769966036e-05,0.8232790231704712,0.9178810715675354,4,0.25,
fixed,2,4592,0.6315243244171143,0.012621264904737473,0.0001783190673450008,0.7390339970588684,0.6315243244171143,4,0.25,
fixed,2,4593,0.3352735638618469,4.047188539857416e-08,0.0,1.3828095197677612,0.3352735638618469,4,0.0,
fixed,2,4594,1.3429780006408691,3.4011879535000844e-08,0.0025460142642259598,0.8859208822250366,1.3429780006408691,4,0.25,
fixed,2,4595,0.738899290561676,6.015890563482174e-10,0.0029288094956427813,0.5955473184585571,0.738899290561676,4,0.75,2.481592893600464
fixed,2,4596,0.6627957224845886,0.05618477985262871,7.056089089019224e-05,0.3330986499786377,0.6627957224845886,4,0.5,
fixed,2,4597,0.9038535356521606,8.690569153202432e-09,0.00017834772006608546,0.356235146522522,0.9038535356521606,4,0.25,
fixed,2,4598,0.39086973667144775,4.010439980106639e-08,0.0050292001105844975,0.6982538104057312,0.39086973667144775,4,0.5,
fixed,2,4599,0.467111736536026,0.013071819208562374,0.0009754993370734155,0.31559836864471436,0.467111736536026,3,0.5,
fixed,2,4600,0.573419451713562,3.021743077979977e-09,0.004525873344391584,0.7446141839027405,0.573419451713562,4,0.75,3.1220734119415283
fixed,2,4601,0.46531370282173157,5.353751930670114e-08,0.021396808326244354,0.5217726230621338,0.46531370282173157,4,0.0,
fixed,2,4602,0.6859753727912903,8.463622691579076e-09,0.0021035335958003998,0.6998147964477539,0.6859753727912903,4,0.5,
fixed,2,4603,0.8893994092941284,1.858214382366441e-08,0.0008885550196282566,0.8585906028747559,0.8893994092941284,4,0.25,
fixed,2,4604,1.0964030027389526,2.03271053322851e-08,0.0023510779719799757,0.7014148831367493,1.0964030027389526,4,0.5,
fixed,2,4605,0.312202125787735,0.003754055593162775,7.281465514097363e-05,0.318026065826416,0.312202125787735,4,0.25,2.5794904232025146
fixed,2,4606,0.4697200655937195,0.02195207215845585,0.0,0.9659127593040466,0.4697200655937195,4,0.25,
fixed,2,4607,0.8292726278305054,4.7320003915274356e-08,0.005410565063357353,0.4142836332321167,0.8292726278305054,4,0.25,
fixed,2,4608,1.218998908996582,1.4415569182801846e-08,5.591467197518796e-05,0.3517528772354126,1.218998908996582,4,0.25,
fixed,2,4609,0.47448763251304626,3.9542591423469275e-11,0.002585333539173007,0.5573959946632385,0.47448763251304626,4,0.75,
fixed,2,4610,0.7974992394447327,0.04407138004899025,0.02803199365735054,0.6948241591453552,0.7974992394447327,4,0.5,2.3930556774139404
fixed,2,4611,0.7904946208000183,3.3221037032404865e-09,0.03643370419740677,0.6939353942871094,0.7904946208000183,4,0.5,
fixed,2,4612,1.0853748321533203,2.5464917285944466e-08,0.0005175319383852184,0.6920014023780823,1.0853748321533203,4,0.5,
fixed,2,4613,0.740359365940094,3.6600660280328157e-08,0.0002135863178409636,0.6935151815414429,0.740359365940094,4,0.5,
fixed,2,4614,0.9403043985366821,0.03588861972093582,0.003573616035282612,0.7195919752120972,0.9403043985366821,4,0.75,
fixed,2,4615,0.4895205795764923,2.95700353092343e-08,0.0003554142313078046,0.7906880378723145,0.4895205795764923,4,0.75,0.3863639533519745
fixed,2,4616,0.9441462755203247,1.2588650122324907e-07,0.00038177132955752313,0.8452098965644836,0.9441462755203247,4,0.25,
fixed,2,4617,0.734814465045929,4.3970292296080515e-08,4.434407674125396e-05,0.691279411315918,0.734814465045929,4,0.5,
fixed,2,4618,1.4082385301589966,0.04577722027897835,0.00029654870741069317,1.1567870378494263,1.4082385301589966,4,1.0,
fixed,2,4619,0.4859926998615265,0.030269283801317215,2.034453791566193e-05,0.705322265625,0.4859926998615265,4,0.5,
fixed,2,4620,0.5111291408538818,0.06004933640360832,0.0006446807528845966,0.8817632794380188,0.5111291408538818,4,0.75,11.327980995178223
fixed,2,4621,0.6566293835639954,8.09165072723772e-08,0.0,0.818307638168335,0.6566293835639954,4,0.0,
fixed,2,4622,1.5367316007614136,0.017894120886921883,0.007568608038127422,0.6902531385421753,1.5367316007614136,4,0.75,
fixed,2,4623,0.6100621819496155,1.44176590666234e-08,0.023986272513866425,0.6990489363670349,0.6100621819496155,4,0.5,
fixed,2,4624,0.820903480052948,2.918644881333421e-08,0.0018775495700538158,0.8760747909545898,0.820903480052948,4,0.25,
fixed,2,4625,1.0457240343093872,0.0,0.0031787161715328693,1.0818551778793335,1.0457240343093872,4,1.0,2.5807764530181885
fixed,2,4626,0.47871243953704834,1.2330648502256736e-08,0.0055060782469809055,0.7366530299186707,0.47871243953704834,4,0.75,
fixed,2,4627,0.5415337681770325,0.011156000196933746,0.004058434162288904,0.6929402947425842,0.5415337681770325,4,0.5,
fixed,2,4628,0.30509382486343384,1.6122918111705076e-08,0.0008383573149330914,0.6946078538894653,0.30509382486343384,4,0.5,
fixed,2,4629,0.999269425868988,4.332910918947164e-08,0.0005692274426110089,0.8506618142127991,0.999269425868988,4,0.25,
fixed,2,4630,1.3628129959106445,1.3133798404396657e-07,0.00013864331413060427,0.8284992575645447,1.3628129959106445,4,0.25,0.1313309520483017
fixed,2,4631,0.6036968231201172,6.05047461021968e-08,0.0007841989281587303,0.6905550956726074,0.6036968231201172,4,0.5,
fixed,2,4632,0.2874298095703125,4.832184874459244e-09,0.014952346682548523,0.7051170468330383,0.2874298095703125,4,0.75,
fixed,2,4633,0.6349038481712341,1.1535695065845175e-08,0.0022172739263623953,0.6995636224746704,0.6349038481712341,4,0.5,
fixed,2,4634,0.6029372811317444,1.5141925047146287e-08,0.00012133215204812586,0.3544158935546875,0.6029372811317444,4,0.25,
fixed,2,4635,0.7381961941719055,0.04196858033537865,0.00040656820056028664,0.6906306147575378,0.7381961941719055,4,0.75,14.688910484313965
fixed,2,4636,0.41717225313186646,1.6788453294225292e-08,0.0007429408142343163,0.6928435564041138,0.41717225313186646,4,0.5,
fixed,2,4637,0.6973688006401062,5.358760546414487e-08,7.185295544331893e-06,0.8260709047317505,0.6973688006401062,4,0.25,
fixed,2,4638,0.3812595307826996,0.03451386094093323,0.0007398735033348203,0.7332462072372437,0.3812595307826996,4,0.75,
fixed,2,4639,0.41416898369789124,1.426581803798399e-07,0.0003708381555043161,0.36064088344573975,0.41416898369789124,4,0.25,
fixed,2,4640,1.004218339920044,2.761910700144199e-08,0.0,1.3834480047225952,1.004218339920044,4,0.0,0.0
fixed,2,4641,0.7083941698074341,6.515807449147815e-09,0.00011139542766613886,0.35403501987457275,0.7083941698074341,4,0.25,
fixed,2,4642,0.6425530910491943,2.285451046191156e-07,9.672262990534364e-13,0.819309413433075,0.6425530910491943,4,0.0,
fixed,2,4643,0.6586114168167114,3.070186238574024e-08,0.0032382239587605,0.7013770341873169,0.6586114168167114,4,0.5,
fixed,2,4644,1.2058980464935303,0.018417568877339363,0.0007361757452599704,0.7141011357307434,1.2058980464935303,4,0.75,
fixed,2,4645,0.5965108275413513,0.007291876245290041,0.018948830664157867,0.8883657455444336,0.5965108275413513,4,0.0,3.5710837841033936
fixed,2,4646,0.8142184019088745,2.0157586710922715e-09,0.016211656853556633,0.6965012550354004,0.8142184019088745,4,0.75,
fixed,2,4647,1.2062420845031738,1.683007511132928e-08,0.00019305571913719177,0.6919882893562317,1.2062420845031738,4,0.5,
fixed,2,4648,0.7067438960075378,3.6703176053975994e-09,0.002303031040355563,0.38686037063598633,0.7067438960075378,4,0.25,
fixed,2,4649,0.7116785645484924,0.04676958546042442,0.0023825927637517452,0.7307834029197693,0.7116785645484924,4,0.75,
fixed,2,4650,0.31464487314224243,3.3991001124888953e-09,0.00024057418340817094,0.6876909732818604,0.31464487314224243,4,0.5,0.21630534529685974
fixed,2,4651,0.9702720642089844,6.194119439584256e-09,0.003121383488178253,0.8876065015792847,0.9702720642089844,4,0.25,
fixed,2,4652,1.468825340270996,1.878526845189299e-08,0.0015252666780725121,0.869871199131012,1.468825340270996,4,0.25,
fixed,2,4653,0.39925894141197205,1.9533610284838687e-09,0.001931950100697577,0.7615557909011841,0.39925894141197205,4,0.75,
fixed,2,4654,0.7117435336112976,3.100262091493278e-08,3.329287574160844e-05,0.8294297456741333,0.7117435336112976,4,0.25,
fixed,2,4655,0.33833974599838257,1.597051557666873e-08,0.009085672907531261,0.9546161890029907,0.33833974599838257,4,0.25,4.730044364929199
fixed,2,4656,0.8950123190879822,0.0,0.00035493687028065324,0.7094922065734863,0.8950123190879822,4,0.75,
fixed,2,4657,0.33521538972854614,0.012839272618293762,7.742059096926823e-05,0.7353029251098633,0.33521538972854614,4,0.25,
fixed,2,4658,1.2086868286132812,0.027091607451438904,0.0,0.9378775358200073,1.2086868286132812,4,0.25,
fixed,2,4659,0.7567424774169922,7.15412618035316e-09,0.00023293965205084532,0.692783534526825,0.7567424774169922,4,0.5,
fixed,2,4660,0.6646029949188232,0.04984317719936371,0.00014938582899048924,0.6794922351837158,0.6646029949188232,4,0.5,5.272799491882324
fixed,2,4661,0.5541754961013794,0.015866318717598915,0.00016802770551294088,0.7303627729415894,0.5541754961013794,4,0.5,
fixed,2,4662,0.9735164046287537,2.8081787561973215e-08,8.25774623081088e-06,0.811799168586731,0.9735164046287537,4,0.25,
fixed,2,4663,0.8294286727905273,0.00873576756566763,7.293117232620716e-05,0.7479256391525269,0.8294286727905273,4,0.25,
fixed,2,4664,0.8118546605110168,1.1384019060756145e-08,0.0005711004487238824,0.8431169390678406,0.8118546605110168,4,0.25,
fixed,2,4665,0.8566954135894775,1.8919164013198042e-09,9.547630907036364e-05,0.3535548448562622,0.8566954135894775,4,0.25,0.10865788161754608
fixed,2,4666,1.0632258653640747,3.4562950279592997e-09,1.8162362239171337e-11,0.8228368759155273,1.0632258653640747,4,0.0,
fixed,2,4667,1.1207104921340942,9.645373211242259e-08,0.02659691497683525,0.377799391746521,1.1207104921340942,4,0.5,
fixed,2,4668,1.0459169149398804,2.7120595404994674e-06,0.00022569569409824908,0.838962197303772,1.0459169149398804,4,0.25,
fixed,2,4669,0.8411974906921387,1.9753747526607413e-09,0.006033375393599272,0.9265581369400024,0.8411974906921387,4,0.25,
fixed,2,4670,1.0656511783599854,1.2508012403600333e-09,0.012445113621652126,0.7199223637580872,1.0656511783599854,4,0.5,6.054949760437012
fixed,2,4671,0.9295165538787842,1.2030576534982629e-09,0.0019878391176462173,0.6997256278991699,0.9295165538787842,4,0.5,
fixed,2,4672,0.43987521529197693,5.1526694022641095e-08,0.025363797321915627,1.081153392791748,0.43987521529197693,4,0.0,
fixed,2,4673,1.3653481006622314,0.0,0.000569587224163115,1.2021574974060059,1.3653481006622314,4,1.0,
fixed,2,4674,0.28016397356987,2.4062338788155557e-09,0.026228640228509903,0.5524296760559082,0.28016397356987,4,0.0,
fixed,2,4675,0.9869552254676819,1.4291610117567188e-09,0.013509145006537437,0.40259814262390137,0.9869552254676819,4,0.25,6.631869316101074
fixed,2,4676,0.7695531845092773,0.021393049508333206,0.00027698063058778644,0.48842012882232666,0.7695531845092773,4,0.75,
fixed,2,4677,0.6172696352005005,4.434596689861792e-09,0.01954166404902935,0.7366447448730469,0.6172696352005005,4,0.25,
fixed,2,4678,0.6911725997924805,0.0,0.003293727757409215,0.601549506187439,0.6911725997924805,4,0.75,
fixed,2,4679,1.1010448932647705,8.268644435815986e-09,0.0007980963564477861,0.6936832070350647,1.1010448932647705,4,0.5,
fixed,2,4680,0.8692310452461243,0.043158527463674545,0.00012933934340253472,0.6968071460723877,0.8692310452461243,4,0.5,6.721767902374268
fixed,2,4681,0.4959449768066406,1.1637814267828617e-08,0.0001694934762781486,0.35591208934783936,0.4959449768066406,4,0.25,
fixed,2,4682,0.5617595314979553,2.515228914035106e-08,1.1494216778373811e-07,0.823587954044342,0.5617595314979553,4,0.25,
fixed,2,4683,0.8801153898239136,2.1058371046933644e-08,0.0,1.3836764097213745,0.8801153898239136,4,0.0,
fixed,2,4684,0.17032380402088165,4.407896714297976e-09,2.3671742383157834e-05,0.3422023057937622,0.17032380402088165,4,0.5,
fixed,2,4685,0.7391600012779236,0.018681297078728676,5.656513894791715e-05,0.7181799411773682,0.7391600012779236,4,0.75,7.492720603942871
fixed,2,4686,0.5220675468444824,2.7973204197451196e-08,5.061568663222715e-05,0.8314425349235535,0.5220675468444824,4,0.25,
fixed,2,4687,1.4352517127990723,1.1231136909373163e-08,1.9195789718651213e-05,0.34298503398895264,1.4352517127990723,4,0.5,
fixed,2,4688,0.8729416131973267,0.04918893426656723,4.507299672695808e-05,0.7855141162872314,0.8729416131973267,4,0.75,
fixed,2,4689,0.8418070673942566,0.017122425138950348,5.826140295539517e-06,0.725566029548645,0.8418070673942566,4,0.75,
fixed,2,4690,0.45960870385169983,1.3536920029366684e-08,0.0002964648592751473,0.7908927798271179,0.45960870385169983,4,0.75,0.283690869808197
fixed,2,4691,0.9926965236663818,4.079092263964412e-08,5.121057984069921e-05,0.6924606561660767,0.9926965236663818,4,0.5,
fixed,2,4692,0.9816256165504456,8.809911911100698e-09,0.00023296799918171018,0.8406264185905457,0.9816256165504456,4,0.25,
fixed,2,4693,0.8446878790855408,1.4398164239537437e-05,0.0035347803495824337,0.3133283853530884,0.8446878790855408,4,0.5,
fixed,2,4694,0.7352217435836792,0.05604935809969902,0.00017835329344961792,0.6921274065971375,0.7352217435836792,4,0.5,
fixed,2,4695,1.341973900794983,1.0551518769830182e-08,3.308547456981614e-05,0.8299602270126343,1.341973900794983,4,0.25,0.036757782101631165
fixed,2,4696,0.5957696437835693,1.1131364718863779e-09,0.016715558245778084,0.7157717943191528,0.5957696437835693,4,0.5,
fixed,2,4697,0.5291303396224976,0.025648729875683784,0.005093936808407307,0.7060927748680115,0.5291303396224976,4,0.75,
fixed,2,4698,1.00751531124115,0.05003533512353897,0.0,0.8542146682739258,1.00751531124115,4,0.25,
fixed,2,4699,0.9074563980102539,0.01611516997218132,0.016618475317955017,0.8251913785934448,0.9074563980102539,4,0.25,
fixed,2,4700,0.5772396326065063,3.4931428860573988e-09,9.040955774253234e-05,0.6923043131828308,0.5772396326065063,4,0.5,0.09704264253377914
fixed,2,4701,1.714963436126709,3.585916008574941e-09,0.022295719012618065,0.7425591945648193,1.714963436126709,4,0.25,
fixed,2,4702,0.7992948889732361,4.69382044343547e-08,0.0006016620900481939,0.8518974184989929,0.7992948889732361,4,0.25,
fixed,2,4703,0.8078485131263733,4.277102672034516e-09,0.009608136489987373,0.7171918749809265,0.8078485131263733,4,0.5,
fixed,2,4704,0.38277462124824524,4.243813300774946e-09,0.0002890913456212729,0.6905161142349243,0.38277462124824524,4,0.5,
fixed,2,4705,0.4319460093975067,1.908251334725719e-09,0.019428769126534462,0.3060859441757202,0.4319460093975067,4,0.25,7.8473005294799805
fixed,2,4706,0.7340519428253174,0.04970705136656761,0.0,0.3659024238586426,0.7340519428253174,4,0.25,
fixed,2,4707,0.2749742269515991,0.0,0.0007856792071834207,0.6653031706809998,0.2749742269515991,4,0.75,
fixed,2,4708,1.1494762897491455,0.0,0.0002185990015277639,1.2641438245773315,1.1494762897491455,4,1.0,
fixed,2,4709,1.0515062808990479,0.014899935573339462,0.00016806944040581584,0.7328671813011169,1.0515062808990479,4,0.25,
fixed,2,4710,0.759236752986908,4.06108435768715e-09,6.7765226958727e-06,0.34827566146850586,0.759236752986908,4,0.25,0.00803675502538681
fixed,2,4711,0.9211127161979675,4.798140551542929e-09,0.016464602202177048,0.7310559749603271,0.9211127161979675,4,0.25,
fixed,2,4712,0.36068370938301086,0.0,0.000824232934974134,1.2024627923965454,0.36068370938301086,4,1.0,
fixed,2,4713,0.42508405447006226,5.2554982588048915e-09,7.588808330183383e-06,0.692554771900177,0.42508405447006226,4,0.5,
fixed,2,4714,0.8725013136863708,6.574758959487781e-09,1.0168755594508472e-11,0.6919345855712891,0.8725013136863708,4,0.0,
fixed,2,4715,0.664239764213562,5.141806980191177e-09,4.819074547413038e-06,0.34659576416015625,0.664239764213562,4,0.25,0.005700286012142897
fixed,2,4716,1.3321049213409424,8.078385960175183e-09,2.877698079828406e-13,0.8224745392799377,1.3321049213409424,4,0.0,
fixed,2,4717,0.6255193948745728,0.03669878467917442,0.005532182287424803,0.7281787991523743,0.6255193948745728,4,0.5,
fixed,2,4718,1.152587652206421,1.1607221850340466e-08,4.698464382314749e-13,0.8222289085388184,1.152587652206421,4,0.0,
fixed,2,4719,0.6070396304130554,0.04985620826482773,0.0035819450858980417,0.7065313458442688,0.6070396304130554,4,0.5,
fixed,2,4720,0.3646731376647949,1.7234649263286883e-09,0.003668846096843481,0.7425636649131775,0.3646731376647949,4,0.75,2.676870584487915
fixed,2,4721,0.7039018869400024,2.524570561490691e-07,5.771501946583157e-06,0.3479461669921875,0.7039018869400024,4,0.25,
fixed,2,4722,0.8909509778022766,6.801379015541897e-09,0.000439896626630798,0.3623344898223877,0.8909509778022766,4,0.25,
fixed,2,4723,0.44210198521614075,5.067556152482666e-09,0.00018915229884441942,0.35656261444091797,0.44210198521614075,4,0.25,
fixed,2,4724,0.897564709186554,0.054166413843631744,0.0,0.7578233480453491,0.897564709186554,4,0.5,
fixed,2,4725,0.5198468565940857,1.1153183265832922e-08,0.0,1.3843177556991577,0.5198468565940857,4,0.0,0.0
fixed,2,4726,0.6812894344329834,0.031703706830739975,0.011333287693560123,0.8544741868972778,0.6812894344329834,4,1.0,
fixed,2,4727,1.1569831371307373,5.656528578867892e-09,0.0007953509921208024,0.8568484783172607,1.1569831371307373,4,0.25,
fixed,2,4728,0.883152186870575,1.0446224996130127e-09,0.0028252815827727318,0.7446004748344421,0.883152186870575,4,0.75,
fixed,2,4729,0.9214848875999451,2.4909869722478106e-09,0.0006085711065679789,0.6938008666038513,0.9214848875999451,4,0.5,
fixed,2,4730,0.5663025379180908,0.019751355051994324,0.000516105443239212,0.723022997379303,0.5663025379180908,4,0.5,7.572547912597656
fixed,2,4731,0.8713991045951843,1.45898337855499e-09,0.0012156033189967275,0.6972905397415161,0.8713991045951843,4,0.5,
fixed,2,4732,0.4975384771823883,3.021743077979977e-09,0.014276785776019096,0.7027587890625,0.4975384771823883,4,0.75,
fixed,2,4733,0.5900406241416931,2.5522115532083944e-09,0.002635685261338949,0.7000497579574585,0.5900406241416931,4,0.5,
fixed,2,4734,0.5721041560173035,0.018681839108467102,0.0006815380766056478,0.9588019251823425,0.5721041560173035,4,1.0,
fixed,2,4735,0.5425060391426086,0.03615816310048103,0.0005248489324003458,0.704803466796875,0.5425060391426086,4,0.5,8.013498306274414
fixed,2,4736,0.47856849431991577,0.047560881823301315,0.010794363915920258,0.927249550819397,0.47856849431991577,4,1.0,
fixed,2,4737,0.7293161749839783,1.4194923014798633e-09,0.008779551833868027,0.7249130606651306,0.7293161749839783,4,0.5,
fixed,2,4738,0.8672025203704834,0.010562844574451447,9.558694728184491e-05,0.7032297253608704,0.8672025203704834,4,0.5,
fixed,2,4739,0.7791270613670349,1.3528435038878683e-09,0.00890964176505804,0.4408765435218811,0.7791270613670349,4,0.25,
fixed,2,4740,0.589529275894165,1.2000980209592171e-09,0.001391348778270185,0.6952726244926453,0.589529275894165,4,0.5,1.2020916938781738
fixed,2,4741,0.4156014621257782,1.5687371401895689e-09,0.001691389363259077,0.7665345668792725,0.4156014621257782,4,0.75,
fixed,2,4742,1.153876543045044,0.016364503651857376,1.3674038200406358e-05,0.7241213321685791,1.153876543045044,4,0.5,
fixed,2,4743,0.48419469594955444,1.1520919773744254e-09,0.00026912259636446834,0.35869038105010986,0.48419469594955444,4,0.25,
fixed,2,4744,0.645153820514679,0.031130455434322357,0.004420225974172354,0.7317554354667664,0.645153820514679,4,0.5,
fixed,2,4745,0.5087226629257202,0.010562834329903126,0.004731656983494759,0.3262498378753662,0.5087226629257202,4,0.25,2.325162410736084
fixed,2,4746,0.921417772769928,2.3055914954994705e-09,0.001052860519848764,0.6941350102424622,0.921417772769928,4,0.5,
fixed,2,4747,0.6024564504623413,1.7103874982993261e-09,0.008577224798500538,0.7027192115783691,0.6024564504623413,4,0.5,
fixed,2,4748,0.6934558749198914,9.42407263337941e-10,0.0016468972899019718,0.6957576870918274,0.6934558749198914,4,0.5,
fixed,2,4749,0.5181098580360413,1.7188210854612862e-09,0.0,0.8231145143508911,0.5181098580360413,4,0.0,
fixed,2,4750,0.646636962890625,8.325803158015788e-09,0.0008464250713586807,0.3690834045410156,0.646636962890625,4,0.25,0.7157416343688965
fixed,2,4751,0.6150278449058533,0.00462473277002573,0.0007546545821242034,0.32310235500335693,0.6150278449058533,4,0.25,
fixed,2,4752,0.711010217666626,1.2507375135584198e-09,0.018837369978427887,0.7492165565490723,0.711010217666626,4,0.25,
fixed,2,4753,0.6048071384429932,1.9974213394391427e-09,1.4759070836589672e-05,0.6919111609458923,0.6048071384429932,4,0.5,
fixed,2,4754,0.6545166969299316,3.0865113243017106e-10,0.0004946135450154543,0.7860952019691467,0.6545166969299316,4,0.75,
fixed,2,4755,0.734266996383667,6.964298582268214e-10,0.0021907647605985403,0.7627750039100647,0.734266996383667,4,0.75,1.75981867313385
fixed,2,4756,0.3150067925453186,3.6672997971720633e-09,2.220446049250313e-14,0.8229268193244934,0.3150067925453186,4,0.0,
fixed,2,4757,0.7743015289306641,1.6706745986638794e-09,0.001424188376404345,0.7686368227005005,0.7743015289306641,4,0.75,
fixed,2,4758,0.21250078082084656,0.04618719592690468,0.00011805476970039308,0.6966074109077454,0.21250078082084656,4,0.5,
fixed,2,4759,0.11404474824666977,1.1547902634134743e-09,3.921494135283865e-05,0.3467714786529541,0.11404474824666977,4,0.25,
fixed,2,4760,0.4165520668029785,1.2220704448395736e-09,0.0001300375151913613,0.33776235580444336,0.4165520668029785,4,0.5,0.13932254910469055
fixed,2,4761,0.7631739974021912,1.7770764859648125e-09,0.01085730642080307,0.7193545699119568,0.7631739974021912,4,0.75,
fixed,2,4762,0.2549925148487091,1.8935617518422987e-09,0.00040801684372127056,0.3327202796936035,0.2549925148487091,4,0.5,
fixed,2,4763,0.807880699634552,3.732730124994532e-09,0.01042109727859497,0.716797947883606,0.807880699634552,4,0.5,
fixed,2,4764,0.5967569947242737,0.022512702271342278,2.872903905881685e-07,0.7125610709190369,0.5967569947242737,4,0.5,
fixed,2,4765,0.9629256725311279,6.004086117172847e-13,0.00037237792275846004,0.7278509140014648,0.9629256725311279,4,0.75,0.3768136501312256
fixed,2,4766,0.7050666809082031,0.03340114653110504,2.892488737415988e-06,0.7542122602462769,0.7050666809082031,4,0.75,
fixed,2,4767,0.7428292036056519,8.194738221334319e-09,0.014196022413671017,0.9977834224700928,0.7428292036056519,4,0.25,
fixed,2,4768,0.6758714318275452,0.06036846339702606,0.004111022222787142,1.0727975368499756,0.6758714318275452,4,1.0,
fixed,2,4769,0.37589091062545776,0.0,0.0010047758696600795,1.1676676273345947,0.37589091062545776,4,1.0,
fixed,2,4770,1.0443267822265625,4.614373327882504e-09,0.007175805978477001,0.7082227468490601,1.0443267822265625,4,0.5,4.436838626861572
fixed,2,4771,0.46349579095840454,0.017635075375437737,6.854374805698171e-05,0.7240983843803406,0.46349579095840454,4,0.5,
fixed,2,4772,0.6037237644195557,3.948422921951078e-09,0.0001107741190935485,0.8356020450592041,0.6037237644195557,4,0.25,
fixed,2,4773,0.5495900511741638,3.5444096546655146e-09,9.348093590233475e-05,0.6928964257240295,0.5495900511741638,4,0.5,
fixed,2,4774,0.5432465076446533,0.05798013508319855,0.0,0.3530116081237793,0.5432465076446533,4,0.25,
fixed,2,4775,0.7936015129089355,0.038801778107881546,0.00014579361595679075,0.7603452205657959,0.7936015129089355,4,0.75,8.841153144836426
fixed,2,4776,0.793064296245575,1.0101660841144167e-08,0.000883918022736907,0.695042073726654,0.793064296245575,4,0.5,
fixed,2,4777,0.4267217516899109,6.141684938398839e-10,0.004974988289177418,0.3106544017791748,0.4267217516899109,4,0.5,
fixed,2,4778,1.382551670074463,3.990154873179108e-09,0.0,1.3850774765014648,1.382551670074463,4,0.0,
fixed,2,4779,0.5024843215942383,0.03340262547135353,0.0002662170445546508,0.7443250417709351,0.5024843215942383,4,0.75,
fixed,2,4780,0.33651140332221985,1.6592915930147e-09,0.00495573878288269,0.7027671337127686,0.33651140332221985,4,0.5,3.834458827972412
fixed,2,4781,0.6392491459846497,1.7117063322302783e-10,0.001154126599431038,0.7707982063293457,0.6392491459846497,4,0.75,
fixed,2,4782,1.1177337169647217,0.020569102838635445,0.02310688979923725,0.7003915309906006,1.1177337169647217,4,0.5,
fixed,2,4783,0.3957217335700989,1.0925911286818746e-09,0.0009536779834888875,0.6963174343109131,0.3957217335700989,4,0.5,
fixed,2,4784,1.3790438175201416,1.7558834386477429e-09,0.0035935768391937017,0.7007476687431335,1.3790438175201416,4,0.5,
fixed,2,4785,0.9806773662567139,0.04811818152666092,6.873054371681064e-05,0.7809049487113953,0.9806773662567139,4,0.75,6.187946319580078
fixed,2,4786,0.8151311278343201,0.05433877930045128,0.007401588838547468,0.4930660128593445,0.8151311278343201,4,0.75,
fixed,2,4787,0.6033208966255188,2.815250532695046e-10,0.0032745758071541786,0.7447735071182251,0.6033208966255188,4,0.75,
fixed,2,4788,0.7367362976074219,6.169295296842847e-09,0.0002153509994968772,0.8384085297584534,0.7367362976074219,4,0.25,
fixed,2,4789,0.29269516468048096,7.209355334936163e-10,0.006224818527698517,0.7180536389350891,0.29269516468048096,4,0.5,
fixed,2,4790,1.111147165298462,1.3438867796367049e-09,0.025864610448479652,0.7719342708587646,1.111147165298462,4,0.25,9.831422805786133
fixed,2,4791,0.29190582036972046,0.029406866058707237,0.0,0.9277880191802979,0.29190582036972046,4,0.25,
fixed,2,4792,1.064989686012268,1.8018560865584732e-08,0.0,0.689813494682312,1.064989686012268,4,0.0,
fixed,2,4793,0.5676589012145996,1.3426328937526932e-09,0.004773800726979971,0.7405345439910889,0.5676589012145996,4,0.75,
fixed,2,4794,0.7237195372581482,0.01841811276972294,0.00019876760779879987,0.9831993579864502,0.7237195372581482,4,1.0,
fixed,2,4795,0.5097822546958923,0.015140173956751823,0.004224361386150122,0.8442798256874084,0.5097822546958923,4,0.75,3.9216809272766113
fixed,2,4796,1.0515429973602295,0.005775119177997112,0.006999480538070202,0.8300809860229492,1.0515429973602295,4,0.25,
fixed,2,4797,1.0104947090148926,0.0,0.0026084333658218384,1.0883113145828247,1.0104947090148926,4,1.0,
fixed,2,4798,0.8391033411026001,0.01661589927971363,0.005530599504709244,0.31735455989837646,0.8391033411026001,4,0.5,
fixed,2,4799,0.5888949036598206,1.266505478270119e-05,0.008399751037359238,0.43280404806137085,0.5888949036598206,4,0.25,
fixed,2,4800,0.04362579807639122,2.9389755074049617e-09,0.00016804857295937836,0.8384790420532227,0.04362579807639122,4,0.25,0.18891370296478271
fixed,2,4801,0.6973783373832703,9.755014573897824e-09,0.007139487192034721,0.7172593474388123,0.6973783373832703,4,0.5,
fixed,2,4802,1.217705249786377,8.077909008363804e-09,0.0004526845586951822,0.8483263254165649,1.217705249786377,4,0.25,
fixed,2,4803,0.5970320105552673,1.7645185312886724e-09,0.00371423433534801,0.7066774964332581,0.5970320105552673,4,0.5,
fixed,2,4804,0.5240091681480408,5.06517583431787e-09,0.012406263500452042,0.983574628829956,0.5240091681480408,4,0.25,
fixed,2,4805,0.26141610741615295,0.0,0.0007067738333716989,1.1910054683685303,0.26141610741615295,4,1.0,0.7407714128494263
fixed,2,4806,1.0648432970046997,9.36936928042087e-09,0.007292536552995443,0.9387866258621216,1.0648432970046997,4,0.25,
fixed,2,4807,0.819152295589447,1.3135014853560278e-08,0.007771692704409361,0.3069286346435547,0.819152295589447,4,0.5,
fixed,2,4808,0.7155791521072388,2.2851196490591974e-09,0.00019272908684797585,0.7979620099067688,0.7155791521072388,4,0.75,
fixed,2,4809,0.8504052758216858,0.0919780433177948,6.475200734712416e-06,0.5821170806884766,0.8504052758216858,4,0.75,
fixed,2,4810,1.2372020483016968,0.03931310400366783,1.3940360986453015e-05,0.7695152163505554,1.2372020483016968,4,0.75,8.664307594299316
fixed,2,4811,0.5336035490036011,7.479886932060253e-09,0.00019633771444205195,0.8006090521812439,0.5336035490036011,4,0.75,
fixed,2,4812,0.45364466309547424,1.6819140000734478e-05,0.021959684789180756,0.7362802624702454,0.45364466309547424,4,0.25,
fixed,2,4813,0.5854516625404358,2.0791688370991324e-09,0.0006378759862855077,0.3255460262298584,0.5854516625404358,4,0.5,
fixed,2,4814,0.6183739900588989,3.1427141777840006e-08,8.227155194617808e-05,0.8333895206451416,0.6183739900588989,4,0.25,
fixed,2,4815,0.24654145538806915,6.40069375279495e-09,0.0006628877599723637,0.7870696187019348,0.24654145538806915,4,0.75,0.7106634378433228
fixed,2,4816,0.8260664343833923,7.280622327243691e-09,0.00012866302859038115,0.3547089099884033,0.8260664343833923,4,0.25,
fixed,2,4817,0.6688445210456848,6.205740810116822e-09,0.00246126065030694,0.6990726590156555,0.6688445210456848,4,0.5,
fixed,2,4818,0.6387624144554138,7.962879244871601e-09,0.0007386571960523725,0.3242908716201782,0.6387624144554138,4,0.5,
fixed,2,4819,0.7053186893463135,0.01921427808701992,0.00014928168093319982,0.723725438117981,0.7053186893463135,4,0.5,
fixed,2,4820,0.7818260788917542,6.403078067762635e-09,0.0032609915360808372,0.7661092877388,0.7818260788917542,4,0.75,2.831787586212158
fixed,2,4821,0.5186972618103027,1.1956268863855257e-08,0.0006711864843964577,0.784162700176239,0.5186972618103027,4,0.75,
fixed,2,4822,0.8344252109527588,0.015624374151229858,0.008023029193282127,0.7977961897850037,0.8344252109527588,4,1.0,
fixed,2,4823,0.5079320669174194,0.0,0.0021435448434203863,1.148381233215332,0.5079320669174194,4,1.0,
fixed,2,4824,0.8139356970787048,2.026398959742437e-08,0.020296452566981316,1.04424250125885,0.8139356970787048,4,0.0,
fixed,2,4825,0.9784076809883118,2.4335417236898138e-08,0.0006040656007826328,0.6950213313102722,0.9784076809883118,4,0.5,0.6310360431671143
fixed,2,4826,0.2723532021045685,0.05114807188510895,4.155698206886882e-06,0.7962764501571655,0.2723532021045685,4,0.75,
fixed,2,4827,0.6215911507606506,0.05929486081004143,0.0004526376142166555,0.3296515941619873,0.6215911507606506,4,0.5,
fixed,2,4828,0.7945305109024048,0.031132565811276436,6.773738732590573e-06,0.7538943886756897,0.7945305109024048,4,0.75,
fixed,2,4829,0.23598960041999817,2.806531028909376e-06,6.864221359137446e-05,0.34182143211364746,0.23598960041999817,4,0.5,
fixed,2,4830,0.8593006730079651,1.3970296919296743e-08,0.004168435465544462,0.7554824352264404,0.8593006730079651,4,0.75,3.2853565216064453
fixed,2,4831,0.6301446557044983,5.337163599961059e-08,0.0,0.8205409646034241,0.6301446557044983,4,0.0,
fixed,2,4832,0.6296508312225342,1.2330648502256736e-08,0.00014480267418548465,0.8022496700286865,0.6296508312225342,4,0.75,
fixed,2,4833,0.478322297334671,2.7059071427970594e-08,0.0002104808809235692,0.692919135093689,0.478322297334671,4,0.5,
fixed,2,4834,1.134319543838501,0.0,0.0011646264465525746,1.1593741178512573,1.134319543838501,4,1.0,
fixed,2,4835,0.879895806312561,0.0,0.0028478563763201237,1.15224289894104,0.879895806312561,4,1.0,2.2699368000030518
fixed,2,4836,0.7000595927238464,2.4098270046124526e-08,0.004123370628803968,0.7009102702140808,0.7000595927238464,4,0.5,
fixed,2,4837,0.5936940908432007,3.6897265687230174e-08,4.461933713173494e-06,0.34783172607421875,0.5936940908432007,4,0.25,
fixed,2,4838,0.7634850144386292,0.051595740020275116,3.7351193782342307e-07,0.6936838030815125,0.7634850144386292,4,0.5,
fixed,2,4839,0.9967982172966003,3.699972694448661e-06,0.0040399180725216866,0.7618987560272217,0.9967982172966003,4,0.75,
fixed,2,4840,0.5583653450012207,0.009990422055125237,4.86936914967373e-05,0.7094838619232178,0.5583653450012207,4,0.5,5.67625617980957
fixed,2,4841,0.4831528663635254,2.6445663436902578e-08,0.00047904433449730277,0.694604754447937,0.4831528663635254,4,0.5,
fixed,2,4842,0.5098274946212769,0.04224865511059761,0.01038067415356636,0.8794735670089722,0.5098274946212769,4,1.0,
fixed,2,4843,0.5719813108444214,6.403078067762635e-09,0.0014626074116677046,0.7806284427642822,0.5719813108444214,4,0.75,
fixed,2,4844,0.4152933657169342,1.7811172980941592e-08,0.0,0.8218265175819397,0.4152933657169342,4,0.0,
fixed,2,4845,0.7913722395896912,7.968374404754286e-09,0.0008175718248821795,0.3497931957244873,0.7913722395896912,4,0.25,0.7962337136268616
fixed,2,4846,0.3323749303817749,1.1673445321491727e-08,0.0025397222489118576,0.6999545097351074,0.3323749303817749,4,0.5,
fixed,2,4847,0.4887162446975708,1.2330648502256736e-08,0.004288436844944954,0.7382439374923706,0.4887162446975708,4,0.75,
fixed,2,4848,0.7529093027114868,0.02593722566962242,0.0044875238090753555,0.9316948056221008,0.7529093027114868,4,1.0,
fixed,2,4849,0.1452222466468811,1.5075441339718054e-08,2.585471338534262e-05,0.35004281997680664,0.1452222466468811,4,0.25,
fixed,2,4850,0.389835923910141,6.057124579683659e-08,4.7683097363915294e-06,0.8258184790611267,0.389835923910141,4,0.25,0.005700069013983011
fixed,2,4851,0.6997877955436707,8.72943317631325e-09,0.007300946861505508,0.7081909775733948,0.6997877955436707,4,0.5,
fixed,2,4852,0.5745558738708496,2.846175073401014e-09,0.0003313752240501344,0.3332172632217407,0.5745558738708496,4,0.5,
fixed,2,4853,0.8741546869277954,3.147016869320396e-08,2.7863745344802737e-05,0.8143042325973511,0.8741546869277954,4,0.75,
fixed,2,4854,0.6298044919967651,3.3221037032404865e-09,0.0005588455242104828,0.790745735168457,0.6298044919967651,4,0.75,
fixed,2,4855,0.6631972789764404,2.6572054778739584e-08,0.00026536264340393245,0.6930273771286011,0.6631972789764404,4,0.5,0.2904987931251526
fixed,2,4856,0.7333542704582214,4.6375593143466176e-08,2.566835632933362e-13,0.6901993751525879,0.7333542704582214,4,0.0,
fixed,2,4857,0.33100584149360657,1.5046715873268113e-08,2.6227378839394078e-05,0.6929363012313843,0.33100584149360657,4,0.5,
fixed,2,4858,0.38663870096206665,0.0,0.00035581892007030547,1.2495099306106567,0.38663870096206665,4,1.0,
fixed,2,4859,0.590718150138855,0.008233592845499516,0.0,0.5466468334197998,0.590718150138855,4,0.0,
fixed,2,4860,0.5602298378944397,3.145921567693222e-08,8.710794645594433e-05,0.35312163829803467,0.5602298378944397,4,0.25,0.09844096750020981
fixed,2,4861,0.6750214099884033,1.528983339937895e-08,6.593428224732634e-06,0.6929733157157898,0.6750214099884033,4,0.5,
fixed,2,4862,1.255061149597168,0.0601663701236248,0.003369512502104044,0.7604060769081116,1.255061149597168,4,0.75,
fixed,2,4863,0.3338644504547119,1.925601722518877e-08,2.6666870326153003e-05,0.8293580412864685,0.3338644504547119,4,0.25,
fixed,2,4864,0.46219509840011597,4.025729793966093e-08,0.00016926527314353734,0.6919132471084595,0.46219509840011597,4,0.5,
fixed,2,4865,0.9898726344108582,2.6008070364014202e-08,7.763419853290543e-05,0.8328946828842163,0.9898726344108582,4,0.25,0.08089258521795273
fixed,2,4866,0.7811674475669861,0.0,2.739851515798364e-05,1.3305720090866089,0.7811674475669861,4,1.0,
fixed,2,4867,0.3339185416698456,1.2330648502256736e-08,2.3088283342076465e-05,0.8152006268501282,0.3339185416698456,4,0.75,
fixed,2,4868,1.032760500907898,9.52700958123387e-08,0.0,1.3814139366149902,1.032760500907898,4,0.0,
fixed,2,4869,0.6118769645690918,1.0332680489000268e-08,1.6745567563702934e-06,0.8249484896659851,0.6118769645690918,4,0.25,
fixed,2,4870,0.729860782623291,5.9752260916923206e-09,0.004668334499001503,0.7110872864723206,0.729860782623291,4,0.5,3.6639726161956787
fixed,2,4871,0.9195990562438965,7.973791298354627e-07,5.715247243642807e-05,0.8310238718986511,0.9195990562438965,4,0.25,
fixed,2,4872,1.1546454429626465,1.3656094921543627e-08,0.00014567475591320544,0.6936078667640686,1.1546454429626465,4,0.5,
fixed,2,4873,0.8074164390563965,1.0428289343167307e-08,0.005905469413846731,0.7047799229621887,0.8074164390563965,4,0.5,
fixed,2,4874,0.6526324152946472,0.10309447348117828,0.00045263380161486566,0.8494850397109985,0.6526324152946472,4,1.0,
fixed,2,4875,0.8692435622215271,1.2513428515603664e-08,8.039115527935792e-06,0.8268118500709534,0.8692435622215271,4,0.25,0.010057761333882809
fixed,2,4876,1.5619425773620605,2.4513070684406557e-08,4.2408959416206926e-05,0.3406379222869873,1.5619425773620605,4,0.5,
fixed,2,4877,0.6747797727584839,0.01815604977309704,0.004395286086946726,0.7002344131469727,0.6747797727584839,4,0.75,
fixed,2,4878,0.648940920829773,4.142088450009851e-09,0.002974493894726038,0.701515257358551,0.648940920829773,4,0.5,
fixed,2,4879,0.7786602973937988,0.029984408989548683,0.0007749418145976961,0.7351330518722534,0.7786602973937988,4,0.75,
fixed,2,4880,0.8195942044258118,1.5687371401895689e-09,0.008811762556433678,0.7179014682769775,0.8195942044258118,4,0.75,6.370614528656006
fixed,2,4881,0.40856438875198364,3.6533436276187103e-09,0.0009947293438017368,0.6962262988090515,0.40856438875198364,4,0.5,
fixed,2,4882,0.5237358808517456,1.4476058129986313e-09,0.00012145299115218222,0.35443294048309326,0.5237358808517456,4,0.25,
fixed,2,4883,1.3334639072418213,2.176578561829956e-08,0.0,1.3839629888534546,1.3334639072418213,4,0.0,
fixed,2,4884,0.8703975677490234,4.206960557695538e-09,0.0012988157104700804,0.866915762424469,0.8703975677490234,4,0.25,
fixed,2,4885,0.5732812285423279,2.4139590326655025e-09,0.010479784570634365,0.7310458421707153,0.5732812285423279,4,0.5,7.283625602722168
fixed,2,4886,0.5858482718467712,0.01466362364590168,0.004779246170073748,0.8493899703025818,0.5858482718467712,4,0.75,
fixed,2,4887,0.33225691318511963,2.9520785815861927e-09,0.004142363090068102,0.7024184465408325,0.33225691318511963,4,0.5,
fixed,2,4888,0.8660264611244202,1.8522752220917482e-09,9.903611498884857e-05,0.6928836107254028,0.8660264611244202,4,0.5,
fixed,2,4889,0.5713291168212891,4.980393430997765e-09,0.02774454466998577,0.7033318281173706,0.5713291168212891,4,0.5,
fixed,2,4890,1.0484907627105713,5.722085916204378e-09,4.758344584843144e-05,0.8314624428749084,1.0484907627105713,4,0.25,0.05727936699986458
fixed,2,4891,0.7957230806350708,0.011980270966887474,0.009155569598078728,0.6928426027297974,0.7957230806350708,4,0.5,
fixed,2,4892,1.0802536010742188,0.027672648429870605,2.9278588044689968e-05,0.7087962627410889,1.0802536010742188,4,0.5,
fixed,2,4893,1.1461827754974365,0.007597040850669146,0.00011764970258809626,0.7544490694999695,1.1461827754974365,4,0.25,
fixed,2,4894,0.5290494561195374,0.01661629229784012,0.0003226532135158777,0.4621925354003906,0.5290494561195374,4,0.75,
fixed,2,4895,0.3098233640193939,3.226912514975311e-09,0.00034054333809763193,0.6926881670951843,0.3098233640193939,4,0.5,0.31652262806892395
fixed,2,4896,0.4687826633453369,0.03616169095039368,9.419819252798334e-05,0.7568541765213013,0.4687826633453369,4,0.75,
fixed,2,4897,1.1821564435958862,6.0179949912253505e-09,0.0003396317770238966,0.84481281042099,1.1821564435958862,4,0.25,
fixed,2,4898,0.9095446467399597,0.05362672731280327,1.9253277059760876e-05,0.6934537291526794,0.9095446467399597,4,0.5,
fixed,2,4899,0.7450189590454102,7.824363379427268e-10,0.00011417744099162519,0.35428380966186523,0.7450189590454102,4,0.25,
fixed,2,4900,0.6675350069999695,0.0,0.04658222198486328,0.304354190826416,0.6675350069999695,4,0.5,21.148439407348633
fixed,2,4901,0.6844340562820435,0.00671029556542635,4.648776666726917e-05,0.4138380289077759,0.6844340562820435,4,0.5,
fixed,2,4902,0.5215435028076172,1.4943797310706941e-09,0.009702744893729687,0.30495691299438477,0.5215435028076172,4,0.5,
fixed,2,4903,0.714657187461853,2.310535984761941e-09,0.01712319441139698,1.020866870880127,0.714657187461853,4,0.0,
fixed,2,4904,1.0353093147277832,0.024215633049607277,0.000727078877389431,0.7227389216423035,1.0353093147277832,4,0.75,
fixed,2,4905,1.4899684190750122,0.02084353007376194,0.007173089310526848,0.696770191192627,1.4899684190750122,4,0.75,3.7236487865448
fixed,2,4906,0.4731021225452423,8.240796933733918e-10,0.00029587632161565125,0.3315333127975464,0.4731021225452423,4,0.5,
fixed,2,4907,0.38445764780044556,9.204406126173126e-10,0.002549293451011181,0.7725945711135864,0.38445764780044556,4,0.75,
fixed,2,4908,0.31496167182922363,3.098917122912326e-09,0.01306144054979086,0.46912920475006104,0.31496167182922363,4,0.25,
fixed,2,4909,0.5381900668144226,0.011980082839727402,5.475026773638092e-05,0.7126016020774841,0.5381900668144226,4,0.5,
fixed,2,4910,0.8880852460861206,6.8864900448772914e-09,0.004926013294607401,0.7067602872848511,0.8880852460861206,4,0.5,3.8381152153015137
fixed,2,4911,0.4958523213863373,7.616203667737409e-09,0.0,1.3848296403884888,0.4958523213863373,4,0.0,
fixed,2,4912,0.4621785283088684,1.3014569422153954e-09,7.165004353737459e-05,0.810478687286377,0.4621785283088684,4,0.75,
fixed,2,4913,0.8080487847328186,0.0802641287446022,0.0002575214602984488,1.0184624195098877,0.8080487847328186,4,1.0,
fixed,2,4914,0.4986833930015564,3.5927643082800387e-09,0.00018822349375113845,0.6926897168159485,0.4986833930015564,4,0.5,
fixed,2,4915,1.1659440994262695,1.1442493175195523e-08,0.007293376140296459,0.9384703636169434,1.1659440994262695,4,0.25,4.504483222961426
fixed,2,4916,1.0052611827850342,1.9955237462454534e-10,0.0007348965737037361,0.32943618297576904,1.0052611827850342,4,0.5,
fixed,2,4917,0.8305443525314331,0.04618706926703453,0.0,0.374595046043396,0.8305443525314331,4,0.25,
fixed,2,4918,0.45419350266456604,1.1059164695126356e-09,0.0009860218269750476,0.6965821385383606,0.45419350266456604,4,0.5,
fixed,2,4919,1.0247199535369873,3.6227185695736352e-09,5.240053724264726e-06,0.8261694312095642,1.0247199535369873,4,0.25,
fixed,2,4920,0.3852541744709015,0.008399155922234058,1.7408297026122455e-13,0.54539954662323,0.3852541744709015,4,0.0,5.198235511779785
fixed,2,4921,0.5429641604423523,1.924337134084908e-09,0.0011666666250675917,0.8644475936889648,0.5429641604423523,4,0.25,
fixed,2,4922,0.9670814275741577,1.4889716339894221e-06,0.022796066477894783,0.5282397866249084,0.9670814275741577,4,0.0,
fixed,2,4923,0.3317795991897583,0.005061462987214327,0.020132750272750854,0.7165148854255676,0.3317795991897583,4,0.25,
fixed,2,4924,0.6787163019180298,4.954885390873187e-10,0.0011066036531701684,0.6965827941894531,0.6787163019180298,4,0.5,
fixed,2,4925,1.1750456094741821,0.05433842912316322,0.0,0.8428822159767151,1.1750456094741821,4,0.25,4.050753593444824
fixed,2,4926,1.2217108011245728,1.6917086620438226e-09,0.014223162084817886,0.7326923608779907,1.2217108011245728,4,0.5,
fixed,2,4927,1.0650534629821777,0.004027806222438812,0.0,0.6056508421897888,1.0650534629821777,4,0.0,
fixed,2,4928,0.2778261601924896,0.015624807216227055,0.006472834385931492,0.6934084892272949,0.2778261601924896,4,0.75,
fixed,2,4929,1.0070717334747314,0.0052918000146746635,0.00281118368729949,0.33400654792785645,1.0070717334747314,4,0.25,
fixed,2,4930,0.7763490676879883,5.799292157604441e-10,0.02771567739546299,0.7537660002708435,0.7763490676879883,4,0.25,8.85921859741211
fixed,2,4931,0.6381153464317322,0.0028807285707443953,0.014877566136419773,0.7061837911605835,0.6381153464317322,4,0.5,
fixed,2,4932,1.120490312576294,0.003413587575778365,0.001072802348062396,0.6936187148094177,1.120490312576294,4,0.5,
fixed,2,4933,0.8582704663276672,7.648850441910326e-10,0.0004719750431831926,0.3280409574508667,0.8582704663276672,4,0.5,
fixed,2,4934,0.6145392060279846,1.0405628581011683e-09,6.253767060115933e-05,0.8326542377471924,0.6145392060279846,4,0.25,
fixed,2,4935,0.6324157118797302,2.9306976845333566e-09,0.005938724149018526,0.7476935982704163,0.6324157118797302,4,0.75,4.204745292663574
fixed,2,4936,0.7643252015113831,3.1675972955724774e-09,0.0,0.8229814767837524,0.7643252015113831,4,0.0,
fixed,2,4937,1.257161259651184,5.831214178186883e-09,1.6835158476169454e-06,0.8249311447143555,1.257161259651184,4,0.25,
fixed,2,4938,0.5579642653465271,0.034792304039001465,8.5480060079135e-06,0.7015491724014282,0.5579642653465271,4,0.5,
fixed,2,4939,0.9697263836860657,0.016116734594106674,7.620621181558818e-05,0.4722522497177124,0.9697263836860657,4,0.75,
fixed,2,4940,0.5597026348114014,0.01306066568940878,0.0001680547429714352,0.7378755807876587,0.5597026348114014,4,0.25,6.695433616638184
fixed,2,4941,0.0578780323266983,2.5140070025742034e-09,0.0059045893140137196,0.9251842498779297,0.0578780323266983,4,0.25,
fixed,2,4942,0.6632466316223145,1.2491503387224157e-09,6.445549661293626e-05,0.8327834010124207,0.6632466316223145,4,0.25,
fixed,2,4943,1.0276565551757812,7.009608005148493e-09,0.020833155140280724,0.7488483190536499,1.0276565551757812,4,0.25,
fixed,2,4944,0.5215663313865662,1.4217875765609733e-09,0.00077562261139974,0.36813855171203613,0.5215663313865662,4,0.25,
fixed,2,4945,0.8184831142425537,6.140796759979139e-10,0.0019634475465863943,0.7673293948173523,0.8184831142425537,4,0.75,1.6928478479385376
fixed,2,4946,0.9555555582046509,1.4901764266994633e-09,0.00014068889140617102,0.3551543951034546,0.9555555582046509,4,0.25,
fixed,2,4947,0.8285959959030151,0.032271791249513626,0.011924167163670063,0.392189085483551,0.8285959959030151,4,0.75,
fixed,2,4948,1.0163626670837402,0.093574658036232,0.002550307894125581,0.7247692346572876,1.0163626670837402,4,0.75,
fixed,2,4949,0.6488096117973328,1.1976242220157474e-09,0.009993680752813816,0.7132684588432312,0.6488096117973328,4,0.5,
fixed,2,4950,0.9699366092681885,1.1055943716087313e-08,0.02058972790837288,0.7447060942649841,0.9699366092681885,4,0.25,8.63479232788086
fixed,2,4951,0.508746862411499,5.799292157604441e-10,0.00030641190824098885,0.6940016746520996,0.508746862411499,4,0.5,
fixed,2,4952,1.0702143907546997,4.0948666679696544e-10,0.001442630193196237,0.7703161239624023,1.0702143907546997,4,0.75,
fixed,2,4953,0.4274488389492035,3.502833578750142e-10,0.0058472552336752415,0.741746723651886,0.4274488389492035,4,0.75,
fixed,2,4954,0.8213348984718323,1.4481671417598818e-09,0.001245098770596087,0.6955523490905762,0.8213348984718323,4,0.5,
fixed,2,4955,0.8694187998771667,6.117112150150206e-09,0.0016481061466038227,0.8729146718978882,0.8694187998771667,4,0.25,1.4692238569259644
fixed,2,4956,0.626824140548706,0.0,0.004138898570090532,1.040371298789978,0.626824140548706,4,1.0,
fixed,2,4957,1.045907735824585,3.818597438254301e-09,1.1326723097226932e-06,0.8246555924415588,1.045907735824585,4,0.25,
fixed,2,4958,0.8228974342346191,5.096423838502062e-10,0.003427111078053713,0.7493979930877686,0.8228974342346191,4,0.75,
fixed,2,4959,1.0363560914993286,3.3136338117856212e-09,0.0089112538844347,0.7113412618637085,1.0363560914993286,4,0.5,
fixed,2,4960,0.5041974782943726,0.10798473656177521,0.0014446740970015526,0.7567099928855896,0.5041974782943726,4,0.75,6.684468746185303
fixed,2,4961,1.035667061805725,1.519552483841835e-09,0.0055076004937291145,0.7411614656448364,1.035667061805725,4,0.75,
fixed,2,4962,1.5054762363433838,0.057191960513591766,0.0,0.8356069922447205,1.5054762363433838,4,0.25,
fixed,2,4963,1.2061188220977783,4.785114526839607e-10,0.0041321394965052605,0.7572855353355408,1.2061188220977783,4,0.75,
fixed,2,4964,0.5564956665039062,0.04056387394666672,0.0,0.8836841583251953,0.5564956665039062,4,0.25,
fixed,2,4965,0.5674995183944702,6.483351633335133e-09,0.027095047757029533,0.5577191114425659,0.5674995183944702,4,0.0,8.258963584899902
fixed,2,4966,0.7910394072532654,0.0020279865711927414,0.0004437341121956706,0.7959215641021729,0.7910394072532654,4,0.25,
fixed,2,4967,1.2837097644805908,4.228402517014729e-09,0.0,1.3850289583206177,1.2837097644805908,4,0.0,
fixed,2,4968,0.6044325828552246,2.561231227105054e-10,0.000964089238550514,0.7818558812141418,0.6044325828552246,4,0.75,
fixed,2,4969,0.1591675877571106,8.955576280555988e-10,0.00014740131155122072,0.3366202116012573,0.1591675877571106,4,0.5,
fixed,2,4970,1.0236730575561523,0.04919503256678581,0.0006173148285597563,0.7645001411437988,1.0236730575561523,4,0.75,5.975361347198486
fixed,2,4971,0.451863557100296,0.03339838981628418,0.006433085072785616,0.3053673505783081,0.451863557100296,4,0.5,
fixed,2,4972,0.42761966586112976,5.781290557393959e-09,0.01007362175732851,0.7215582132339478,0.42761966586112976,4,0.5,
fixed,2,4973,0.29159170389175415,0.018682356923818588,0.005176530685275793,0.7629955410957336,0.29159170389175415,4,0.5,
fixed,2,4974,0.750350832939148,3.752553823233029e-12,0.009959636256098747,0.45707595348358154,0.750350832939148,4,0.75,
fixed,2,4975,0.76943439245224,0.006852419581264257,9.68743406701833e-05,0.7000494003295898,0.76943439245224,4,0.5,4.180169105529785
fixed,2,4976,0.8337924480438232,3.0772233650111502e-09,0.0059044151566922665,0.9252457618713379,0.8337924480438232,4,0.25,
fixed,2,4977,0.818398654460907,2.9294813241875772e-09,0.0037772932555526495,0.7074227333068848,0.818398654460907,4,0.5,
fixed,2,4978,0.6643405556678772,3.5047356128359297e-09,0.0057447729632258415,0.7110140323638916,0.6643405556678772,4,0.5,
fixed,2,4979,1.0534117221832275,2.1251831405777466e-09,0.011610861867666245,0.3058830499649048,1.0534117221832275,4,0.5,
fixed,2,4980,0.4526009261608124,0.01789545826613903,0.027114352211356163,0.7066472172737122,0.4526009261608124,4,0.5,3.812215805053711
fixed,2,4981,0.6974921822547913,0.007292406167834997,8.852141036186367e-05,0.7031652331352234,0.6974921822547913,4,0.5,
fixed,2,4982,1.1663182973861694,1.5914048745457876e-08,0.0,1.3839598894119263,1.1663182973861694,4,0.0,
fixed,2,4983,0.614555299282074,1.3833415524189263e-09,0.008718564175069332,0.7238545417785645,0.614555299282074,4,0.75,
fixed,2,4984,1.0427483320236206,2.469037667651719e-07,0.005472913384437561,0.7486956715583801,1.0427483320236206,4,0.75,
fixed,2,4985,1.0543863773345947,5.727650798093009e-09,8.672357580508105e-06,0.34853625297546387,1.0543863773345947,4,0.25,0.01007147878408432
fixed,2,4986,1.122070550918579,0.05600105598568916,0.001976145664229989,0.6995287537574768,1.122070550918579,4,0.5,
fixed,2,4987,0.7067320346832275,3.021743077979977e-09,0.0018910103244706988,0.7610922455787659,0.7067320346832275,4,0.75,
fixed,2,4988,0.7751215100288391,3.573541462742469e-08,5.201871681492776e-05,0.6932142972946167,0.7751215100288391,4,0.5,
fixed,2,4989,0.9182657599449158,0.0872429758310318,0.007032531779259443,0.9268943071365356,0.9182657599449158,4,1.0,
fixed,2,4990,0.6279857158660889,0.05541939288377762,1.3576352102973033e-05,0.6937088966369629,0.6279857158660889,4,0.5,3.975731372833252
fixed,2,4991,0.6898862719535828,2.4185204949844774e-08,0.0,1.3835538625717163,0.6898862719535828,4,0.0,
fixed,2,4992,0.7634266018867493,7.562254467075036e-08,0.0012002498842775822,0.6968421339988708,0.7634266018867493,4,0.5,
fixed,2,4993,1.6638787984848022,3.2268900440612924e-08,0.008234493434429169,0.9472478628158569,1.6638787984848022,4,0.25,
fixed,2,4994,0.851621150970459,6.441275957058679e-09,0.00013736498658545315,0.6934560537338257,0.851621150970459,4,0.5,
fixed,2,4995,0.5712501406669617,0.04811957851052284,3.551284680725075e-05,0.7834619879722595,0.5712501406669617,4,0.75,6.215341567993164
fixed,2,4996,0.6361850500106812,0.06788696348667145,0.0009475404513068497,0.921485185623169,0.6361850500106812,4,1.0,
fixed,2,4997,0.9954264163970947,0.008071272633969784,0.0230946633964777,0.7016279101371765,0.9954264163970947,4,0.25,
fixed,2,4998,1.669654130935669,0.016130462288856506,0.0011257899459451437,0.908623456954956,1.669654130935669,4,1.0,
fixed,2,4999,0.6764144897460938,3.71827084677534e-08,0.008567032404243946,0.9502487182617188,0.6764144897460938,4,0.25,
fixed,2,5000,0.5494766235351562,2.2472312011245776e-08,0.010586224496364594,0.7358354926109314,0.5494766235351562,4,0.5,7.9263997077941895
fixed,2,5001,1.1740621328353882,3.4714102703503613e-09,0.0007440645131282508,0.6953888535499573,1.1740621328353882,4,0.5,
fixed,2,5002,0.9515249133110046,2.837869050864583e-09,0.004592240322381258,0.7454428672790527,0.9515249133110046,4,0.75,
fixed,2,5003,1.0631499290466309,1.3014569422153954e-09,0.024721220135688782,0.7013717293739319,1.0631499290466309,4,0.5,
fixed,2,5004,0.8103520274162292,1.7383230854761678e-08,0.02210148051381111,0.6988358497619629,0.8103520274162292,4,0.5,
fixed,2,5005,0.542126476764679,7.961663328615032e-09,0.0029617357067763805,0.7473493218421936,0.542126476764679,4,0.75,2.74090313911438
fixed,2,5006,0.5735487341880798,0.024500679224729538,0.00924677588045597,0.6938881278038025,0.5735487341880798,4,0.75,
fixed,2,5007,1.0495716333389282,1.7137402608113916e-08,1.6892905478016473e-05,0.3493269681930542,1.0495716333389282,4,0.25,
fixed,2,5008,0.5261988639831543,1.8809776847206194e-08,0.0,1.3838647603988647,0.5261988639831543,4,0.0,
fixed,2,5009,0.9249405264854431,0.05231338366866112,4.479273411561735e-05,0.6944810152053833,0.9249405264854431,4,0.5,
fixed,2,5010,0.5564240217208862,8.82145645419996e-09,0.00010441289487062022,0.835086464881897,0.5564240217208862,4,0.25,0.11417272686958313
fixed,2,5011,0.7095783948898315,5.0275644980501966e-08,0.0009644503006711602,0.860158383846283,0.7095783948898315,4,0.25,
fixed,2,5012,0.6048660278320312,3.879892318536804e-08,0.002546011470258236,0.35616278648376465,0.6048660278320312,4,0.25,
fixed,2,5013,0.5562593936920166,1.528983339937895e-08,0.004398290999233723,0.7086772918701172,0.5562593936920166,4,0.5,
fixed,2,5014,0.41783201694488525,9.31229138245726e-09,0.0017924067797139287,0.3170865774154663,0.41783201694488525,4,0.5,
fixed,2,5015,0.7108469605445862,4.8101185257110046e-08,0.00045762292575091124,0.6942617297172546,0.7108469605445862,4,0.5,0.4912171959877014
fixed,2,5016,0.8436254858970642,1.1694766932635048e-08,0.0017287114169448614,0.6999228000640869,0.8436254858970642,4,0.5,
fixed,2,5017,0.7061941027641296,9.357351871130959e-08,0.0,0.8200738430023193,0.7061941027641296,4,0.0,
fixed,2,5018,1.0225446224212646,3.879666365946832e-08,0.0005223078769631684,0.6942117214202881,1.0225446224212646,4,0.5,
fixed,2,5019,0.9403597712516785,3.374546864165495e-08,0.001105390372686088,0.8629022836685181,0.9403597712516785,4,0.25,
fixed,2,5020,1.0380539894104004,1.2349773648168139e-08,0.00023245607735589147,0.35770153999328613,1.0380539894104004,4,0.25,0.23927903175354004
fixed,2,5021,0.6999561786651611,9.018370938917997e-09,0.003942347597330809,0.7443796992301941,0.6999561786651611,4,0.75,
fixed,2,5022,0.6606993079185486,3.95375430173317e-08,3.851857763947919e-05,0.8303110599517822,0.6606993079185486,4,0.25,
fixed,2,5023,0.9458780884742737,1.5869186853478823e-08,0.003253902541473508,0.359560489654541,0.9458780884742737,4,0.25,
fixed,2,5024,0.9837015271186829,0.045982856303453445,0.0,0.8651816844940186,0.9837015271186829,4,0.25,
fixed,2,5025,0.45492783188819885,0.0,0.003709356300532818,1.0975340604782104,0.45492783188819885,4,1.0,2.939302921295166
fixed,2,5026,0.5788939595222473,2.5293751093613537e-08,0.00029862820520065725,0.33146190643310547,0.5788939595222473,4,0.5,
fixed,2,5027,0.6105510592460632,0.054787732660770416,2.592871715023648e-05,0.3333442211151123,0.6105510592460632,4,0.5,
fixed,2,5028,0.8605237007141113,6.53885692258882e-08,1.466057824472955e-06,0.8247056007385254,0.8605237007141113,4,0.25,
fixed,2,5029,0.7044428586959839,0.07619678974151611,0.001606438308954239,0.7077862024307251,0.7044428586959839,4,0.75,
fixed,2,5030,0.379761278629303,0.05245286598801613,0.0034135098103433847,1.0632665157318115,0.379761278629303,4,1.0,2.3631093502044678
fixed,2,5031,0.6271868348121643,0.05456741899251938,0.00012182045611552894,0.6937395334243774,0.6271868348121643,4,0.5,
fixed,2,5032,1.0525908470153809,1.052053590910873e-07,0.0,1.3811616897583008,1.0525908470153809,4,0.0,
fixed,2,5033,1.368146538734436,2.735656501329231e-08,0.0061652036383748055,0.9273061752319336,1.368146538734436,4,0.25,
fixed,2,5034,0.7878214716911316,2.3673038640481536e-08,0.0004794115375261754,0.8488674163818359,0.7878214716911316,4,0.25,
fixed,2,5035,0.7126817107200623,0.0,0.005368110723793507,1.0140446424484253,0.7126817107200623,4,1.0,4.100677490234375
fixed,2,5036,0.4716704189777374,1.9132226469764646e-08,0.0,1.383757472038269,0.4716704189777374,4,0.0,
fixed,2,5037,0.6506518125534058,9.142068790879421e-08,0.0,1.3815749883651733,0.6506518125534058,4,0.0,
fixed,2,5038,0.4924129545688629,0.031116416677832603,0.00849032774567604,0.881868302822113,0.4924129545688629,4,1.0,
fixed,2,5039,0.9122269749641418,3.112493018875284e-08,0.003935283049941063,0.9034405946731567,0.9122269749641418,4,0.25,
fixed,2,5040,0.5281087160110474,5.108889755689461e-09,0.001483694650232792,0.37766194343566895,0.5281087160110474,4,0.25,1.2973679304122925
fixed,2,5041,0.7314261794090271,1.2447646469126994e-08,0.0008884573471732438,0.8586833477020264,0.7314261794090271,4,0.25,
fixed,2,5042,0.6680364608764648,4.4773078473892e-12,0.007651461288332939,0.46782994270324707,0.6680364608764648,4,0.75,
fixed,2,5043,0.2711452841758728,0.02195284515619278,0.0010662166168913245,0.7148358821868896,0.2711452841758728,4,0.75,
fixed,2,5044,0.5888277292251587,1.0425302399141856e-08,0.0007522887317463756,0.3677464723587036,0.5888277292251587,4,0.25,
fixed,2,5045,0.3608446717262268,3.119172475862797e-09,0.0017360748024657369,0.7644810080528259,0.3608446717262268,4,0.75,1.2764917612075806
fixed,2,5046,0.7315245866775513,2.1036209219005286e-08,0.0,0.8212816119194031,0.7315245866775513,4,0.0,
fixed,2,5047,0.603605329990387,0.0,0.025263318791985512,0.7741162776947021,0.603605329990387,4,1.0,
fixed,2,5048,0.6336245536804199,3.119172475862797e-09,0.0014102454297244549,0.7712070941925049,0.6336245536804199,4,0.75,
fixed,2,5049,0.9063164591789246,1.44594842765855e-08,0.0001250406785402447,0.8360022902488708,0.9063164591789246,4,0.25,
fixed,2,5050,0.8495453596115112,3.2758901369334126e-08,0.0016916431486606598,0.8734465837478638,0.8495453596115112,4,0.25,1.597607970237732
fixed,2,5051,0.2876329720020294,2.6689961352133196e-09,0.0015574125573039055,0.765044093132019,0.2876329720020294,4,0.75,
fixed,2,5052,0.8373852372169495,4.443354129080035e-08,0.0,1.3826731443405151,0.8373852372169495,4,0.0,
fixed,2,5053,0.491809219121933,0.03340091556310654,0.0005710836849175394,0.739027738571167,0.491809219121933,4,0.75,
fixed,2,5054,0.6025857925415039,3.424688088671246e-08,0.00025389110669493675,0.8416262269020081,0.6025857925415039,4,0.25,
fixed,2,5055,0.17532508075237274,0.0,0.0007042241049930453,1.1444610357284546,0.17532508075237274,4,1.0,0.6818691492080688
fixed,2,5056,0.6534083485603333,2.0318937643537538e-08,0.0007595093920826912,0.777419924736023,0.6534083485603333,4,0.75,
fixed,2,5057,1.5938695669174194,9.29925505488427e-08,0.0,1.381272792816162,1.5938695669174194,4,0.0,
fixed,2,5058,1.0218952894210815,0.04450197145342827,2.2222755433176644e-05,0.6961831450462341,1.0218952894210815,4,0.5,
fixed,2,5059,0.9186456203460693,4.261808328465122e-08,3.7453930417541414e-05,0.692216157913208,0.9186456203460693,4,0.5,
fixed,2,5060,1.218841791152954,8.504282078547476e-08,0.0024215930607169867,0.8840287923812866,1.218841791152954,4,0.25,1.9538222551345825
fixed,2,5061,0.9870105981826782,0.020294945687055588,0.0016059033805504441,0.7368467450141907,0.9870105981826782,4,0.5,
fixed,2,5062,0.6022265553474426,2.243592689410434e-08,7.3399801294726785e-06,0.3482837677001953,0.6022265553474426,4,0.25,
fixed,2,5063,1.0145949125289917,2.8849413524767442e-08,0.00047191500198096037,0.6948959827423096,1.0145949125289917,4,0.5,
fixed,2,5064,0.7263628840446472,2.6930782937029107e-08,8.228995284298435e-06,0.8259888887405396,0.7263628840446472,4,0.25,
fixed,2,5065,0.5091715455055237,0.03368234261870384,0.0002258273452753201,0.7061502933502197,0.5091715455055237,4,0.5,8.731797218322754
fixed,2,5066,0.6278883814811707,0.02421511523425579,0.0002559085551183671,0.7157961130142212,0.6278883814811707,4,0.5,
fixed,2,5067,0.3107786178588867,1.722088782685205e-08,0.0,0.6913968920707703,0.3107786178588867,4,0.0,
fixed,2,5068,0.8471885323524475,0.01636522263288498,0.0016917779576033354,0.7470325231552124,0.8471885323524475,4,0.5,
fixed,2,5069,0.9875708818435669,7.518186961874562e-09,0.0001734631514409557,0.6928658485412598,0.9875708818435669,4,0.5,
fixed,2,5070,0.7424754500389099,7.521141931476905e-09,0.0002732104330789298,0.6864690184593201,0.7424754500389099,4,0.5,0.2734266519546509
fixed,2,5071,0.9632731080055237,1.7991530043559578e-08,4.485538738663308e-05,0.830970823764801,0.9632731080055237,4,0.25,
fixed,2,5072,0.8499792218208313,0.040502630174160004,1.2789769243681803e-13,0.3507113456726074,0.8499792218208313,4,0.25,
fixed,2,5073,0.7140184640884399,2.1448762765885476e-09,0.0006398709956556559,0.7841320037841797,0.7140184640884399,4,0.75,
fixed,2,5074,0.8684655427932739,7.046153105427777e-10,4.7749545046826825e-05,0.3406193256378174,0.8684655427932739,4,0.5,
fixed,2,5075,0.9599356651306152,4.751165239014199e-09,1.4210854715202004e-14,0.8227876424789429,0.9599356651306152,4,0.0,0.0
fixed,2,5076,0.18874229490756989,1.5762752214598663e-09,5.520831564354012e-06,0.3480452299118042,0.18874229490756989,4,0.25,
fixed,2,5077,0.5754700303077698,8.01909871839257e-10,0.0017820701468735933,0.3812751770019531,0.5754700303077698,4,0.25,
fixed,2,5078,0.9053658246994019,1.8222146014323926e-09,0.004949993919581175,0.915112316608429,0.9053658246994019,4,0.25,
fixed,2,5079,0.6653895974159241,0.004520529415458441,0.0005936028901487589,0.6950575709342957,0.6653895974159241,4,0.5,
fixed,2,5080,0.7562001943588257,0.0,0.012388533912599087,0.8926898241043091,0.7562001943588257,4,1.0,8.45694637298584
fixed,2,5081,0.5406841039657593,0.0,0.009420951828360558,1.0260977745056152,0.5406841039657593,4,1.0,
fixed,2,5082,0.60494464635849,5.259173097016401e-10,0.00532484520226717,0.727577269077301,0.60494464635849,4,0.75,
fixed,2,5083,0.4842474162578583,1.4988184027231455e-09,3.5142213619110407e-06,0.8256995677947998,0.4842474162578583,4,0.25,
fixed,2,5084,0.6873239874839783,0.0018288015853613615,0.00045122974552214146,0.6896500587463379,0.6873239874839783,4,0.5,
fixed,2,5085,0.48918473720550537,3.197442310920451e-14,0.00040909688686951995,0.6976751089096069,0.48918473720550537,4,0.75,0.41865265369415283
fixed,2,5086,0.6247290968894958,1.331094567902369e-09,1.7468993291913648e-06,0.34740376472473145,0.6247290968894958,4,0.25,
fixed,2,5087,1.075737476348877,1.8178722971384786e-09,8.881784197001252e-16,0.6923946142196655,1.075737476348877,4,0.0,
fixed,2,5088,0.9631475210189819,3.0015157026497263e-09,0.0,1.385188341140747,0.9631475210189819,4,0.0,
fixed,2,5089,0.388021320104599,3.3790263920252528e-09,5.063375738245668e-06,0.8254349827766418,0.388021320104599,4,0.25,
fixed,2,5090,0.9837867617607117,6.811363917336166e-09,0.0002492571948096156,0.6929872632026672,0.9837867617607117,4,0.5,0.26504573225975037
fixed,2,5091,0.8392609357833862,0.0,1.5409272236865945e-05,1.338592529296875,0.8392609357833862,4,1.0,
fixed,2,5092,0.35914596915245056,5.096423838502062e-10,0.00045740249333903193,0.7979549765586853,0.35914596915245056,4,0.75,
fixed,2,5093,0.9141947031021118,2.6950843778905664e-09,3.423710586503148e-05,0.6921060085296631,0.9141947031021118,4,0.5,
fixed,2,5094,1.1732244491577148,1.1950207934319224e-08,0.0,1.3842899799346924,1.1732244491577148,4,0.0,
fixed,2,5095,0.7472512125968933,4.132390873934355e-09,4.175705726083834e-06,0.34470343589782715,0.7472512125968933,4,0.5,0.004678281489759684
fixed,2,5096,0.6295101642608643,1.568751351044284e-09,0.014114581979811192,0.30409884452819824,0.6295101642608643,4,0.5,
fixed,2,5097,0.30800530314445496,0.0,0.00012857122055720538,1.2954374551773071,0.30800530314445496,3,1.0,
fixed,2,5098,0.9476252198219299,1.2220704448395736e-09,0.007910695858299732,0.7331825494766235,0.9476252198219299,4,0.75,
fixed,2,5099,0.6502832174301147,0.03802100941538811,8.537181201972999e-06,0.7664178013801575,0.6502832174301147,4,0.75,
fixed,2,5100,1.3856092691421509,4.4206291960335875e-09,0.00968178454786539,0.7154438495635986,1.3856092691421509,4,0.5,5.683042526245117
fixed,2,5101,0.6484237313270569,4.309974599436828e-09,6.486581241915701e-06,0.34825122356414795,0.6484237313270569,4,0.25,
fixed,2,5102,0.8701128959655762,0.013733915984630585,5.3803643822902814e-05,0.7321738004684448,0.8701128959655762,4,0.25,
fixed,2,5103,1.0685914754867554,4.914141982226283e-07,3.943713818443939e-05,0.6912735104560852,1.0685914754867554,4,0.5,
fixed,2,5104,1.3808577060699463,1.7770764859648125e-09,7.2284683483303525e-06,0.8199321627616882,1.3808577060699463,4,0.75,
fixed,2,5105,0.39157649874687195,0.0,0.0019350291695445776,1.1924792528152466,0.39157649874687195,4,1.0,1.5441070795059204
fixed,2,5106,0.27746906876564026,1.5688090826415646e-09,2.247112149689201e-07,0.34592580795288086,0.27746906876564026,4,0.5,
fixed,2,5107,1.3029601573944092,1.8512796629011063e-08,2.185942321375478e-06,0.34744393825531006,1.3029601573944092,4,0.25,
fixed,2,5108,0.5658519864082336,2.1448762765885476e-09,0.0011100025149062276,0.7849676012992859,0.5658519864082336,4,0.75,
fixed,2,5109,1.6103712320327759,1.1584450732016194e-08,0.00048497735406272113,0.7752040028572083,1.6103712320327759,4,0.75,
fixed,2,5110,0.47826847434043884,0.023077789694070816,2.548147222114494e-07,0.7123756408691406,0.47826847434043884,4,0.5,8.724775314331055
fixed,2,5111,0.5223998427391052,2.2116388720405666e-09,1.9069691916229203e-05,0.8148231506347656,0.5223998427391052,4,0.75,
fixed,2,5112,0.2428693026304245,9.607888706852918e-09,3.381871647434309e-05,0.8128374814987183,0.2428693026304245,4,0.75,
fixed,2,5113,1.0753703117370605,1.4105917545137459e-09,3.10479322251922e-07,0.6888314485549927,1.0753703117370605,4,0.5,
fixed,2,5114,0.5033388137817383,1.475052413546507e-09,1.2538234841485973e-05,0.34392106533050537,0.5033388137817383,4,0.5,
fixed,2,5115,0.713584840297699,5.781290557393959e-09,1.0776218914543279e-05,0.6736183166503906,0.713584840297699,4,0.5,0.010910453274846077
fixed,2,5116,0.8931677341461182,0.030559062957763672,0.0,0.922585129737854,0.8931677341461182,4,0.25,
fixed,2,5117,0.5575283169746399,2.566835632933362e-13,0.00045018867240287364,0.7047255039215088,0.5575283169746399,4,0.75,
fixed,2,5118,1.0850732326507568,2.490936124033283e-09,2.865560873033246e-07,0.8164972066879272,1.0850732326507568,4,0.25,
fixed,2,5119,1.3815131187438965,0.016616063192486763,0.002952441107481718,0.7558305859565735,1.3815131187438965,4,0.5,
fixed,2,5120,1.2437258958816528,1.2199876664453768e-09,6.763500550732715e-06,0.8189141750335693,1.2437258958816528,4,0.75,0.007872254587709904
fixed,2,5121,0.9564917087554932,3.194661202243765e-09,1.5585507071591564e-06,0.8251475691795349,0.9564917087554932,4,0.25,
fixed,2,5122,1.1449875831604004,2.299699541907785e-09,0.0052770026959478855,0.7065485715866089,1.1449875831604004,4,0.5,
fixed,2,5123,0.5745965242385864,1.7163381826890145e-09,1.2410200866952437e-08,0.34660327434539795,0.5745965242385864,4,0.25,
fixed,2,5124,0.8185116052627563,4.039606427141962e-09,0.0,0.8226256966590881,0.8185116052627563,4,0.0,
fixed,2,5125,0.3384069502353668,8.567766940359434e-09,1.5981919432306313e-06,0.6922730207443237,0.3384069502353668,4,0.5,0.0018792967312037945
fixed,2,5126,1.1373240947723389,0.023077845573425293,8.629535273030342e-07,0.7387224435806274,1.1373240947723389,4,0.75,
fixed,2,5127,0.5832667350769043,9.185588956128754e-10,0.0016344934701919556,0.31842517852783203,0.5832667350769043,4,0.5,
fixed,2,5128,0.9387632012367249,1.787056058688563e-09,9.07859657672816e-07,0.34550178050994873,0.9387632012367249,4,0.5,
fixed,2,5129,0.6156680583953857,1.489792067488338e-09,6.084096821723506e-05,0.6931106448173523,0.6156680583953857,4,0.5,
fixed,2,5130,1.4623453617095947,0.05084039270877838,8.405921107623726e-05,0.787007749080658,1.4623453617095947,4,0.75,5.312917232513428
fixed,2,5131,0.9246754050254822,0.04536321014165878,0.0,0.8682611584663391,0.9246754050254822,4,0.25,
fixed,2,5132,0.275535523891449,4.316400570303358e-10,0.002811009995639324,0.8899842500686646,0.275535523891449,4,0.25,
fixed,2,5133,0.6225171089172363,5.113967027625677e-10,4.0900373278418556e-05,0.8309314250946045,0.6225171089172363,4,0.25,
fixed,2,5134,0.730549156665802,2.1460255794636396e-10,2.68204325948318e-06,0.345176100730896,0.730549156665802,4,0.5,
fixed,2,5135,1.3294819593429565,5.271667546935532e-10,0.0009242008673027158,0.6966021060943604,1.3294819593429565,4,0.5,0.9287070035934448
fixed,2,5136,0.32676422595977783,1.4791368130318006e-10,6.446075713029131e-05,0.3522876501083374,0.32676422595977783,4,0.25,
fixed,2,5137,1.3281242847442627,0.012404956854879856,0.00022575838374905288,0.3060619831085205,1.3281242847442627,4,0.25,
fixed,2,5138,0.803581953048706,0.0,0.0014268163358792663,1.1933075189590454,0.803581953048706,4,1.0,
fixed,2,5139,0.7392588257789612,2.3164114182350204e-08,8.923756467993371e-06,0.3485907316207886,0.7392588257789612,4,0.25,
fixed,2,5140,0.7103272080421448,1.6498891142191496e-10,0.0021190934348851442,0.7600083947181702,0.7103272080421448,4,0.75,1.9175931215286255
fixed,2,5141,0.8756186962127686,2.8776982533007534e-11,0.05250249058008194,0.6927748322486877,0.8756186962127686,4,0.5,
fixed,2,5142,0.826591968536377,1.9932966388580553e-10,0.020843874663114548,1.0489468574523926,0.826591968536377,4,0.0,
fixed,2,5143,0.4271487593650818,0.06021101772785187,1.4060618696021265e-06,0.38326799869537354,0.4271487593650818,4,0.5,
fixed,2,5144,0.9742751717567444,6.245914896396698e-10,0.0,1.385791540145874,0.9742751717567444,4,0.0,
fixed,2,5145,0.5254450440406799,2.0978419001949078e-10,0.0036673645954579115,0.5869274139404297,0.5254450440406799,4,0.75,2.7118446826934814
fixed,2,5146,0.6368547081947327,0.0,0.00045545841567218304,1.2335703372955322,0.6368547081947327,4,1.0,
fixed,2,5147,0.6463924646377563,1.854254666477928e-10,0.0012897583656013012,0.6959097981452942,0.6463924646377563,4,0.5,
fixed,2,5148,0.7408014535903931,0.055418990552425385,0.006710886489599943,0.7116836905479431,0.7408014535903931,4,0.5,
fixed,2,5149,0.45807939767837524,0.05792064219713211,0.011565815657377243,0.3041708469390869,0.45807939767837524,4,0.5,
fixed,2,5150,1.4041588306427002,5.019942239670172e-10,0.0012646204559132457,0.866360068321228,1.4041588306427002,4,0.25,1.0859618186950684
fixed,2,5151,0.0676368847489357,1.2646328428900233e-10,0.0013288435293361545,0.6977143287658691,0.0676368847489357,4,0.5,
fixed,2,5152,1.5311908721923828,0.0,0.06329844892024994,0.7242391705513,1.5311908721923828,4,0.75,
fixed,2,5153,0.4702110290527344,9.204406126173126e-10,0.0051160515286028385,0.7337928414344788,0.4702110290527344,4,0.75,
fixed,2,5154,0.8886030912399292,1.989458597861926e-09,0.0011710618855431676,0.6956624984741211,0.8886030912399292,4,0.5,
fixed,2,5155,0.3689713776111603,4.0948666679696544e-10,0.001816009869799018,0.7580384016036987,0.3689713776111603,4,0.75,1.645804524421692
fixed,2,5156,0.4893367886543274,3.119172475862797e-09,0.03161202371120453,0.6973589062690735,0.4893367886543274,4,0.5,
fixed,2,5157,0.5025655627250671,5.130118552187923e-12,0.003613648470491171,0.5431067943572998,0.5025655627250671,4,0.75,
fixed,2,5158,0.6721025705337524,3.8823135817267485e-09,0.006917568854987621,0.7123963832855225,0.6721025705337524,4,0.5,
fixed,2,5159,0.5634125471115112,3.021743077979977e-09,0.003080459777265787,0.7613975405693054,0.5634125471115112,4,0.75,
fixed,2,5160,0.6924925446510315,5.323135354728947e-08,0.000686207611579448,0.6955533027648926,0.6924925446510315,4,0.5,0.6956744194030762
fixed,2,5161,1.0314617156982422,1.8957550196319062e-08,0.0,1.383779525756836,1.0314617156982422,4,0.0,
fixed,2,5162,0.7987960577011108,1.0895464086502216e-08,0.0005948305479250848,0.3277466297149658,0.7987960577011108,4,0.5,
fixed,2,5163,1.1802719831466675,5.555743598506524e-08,6.115527412475785e-06,0.6920568346977234,1.1802719831466675,4,0.5,
fixed,2,5164,0.6276224255561829,0.05830981954932213,0.0030255713500082493,0.7010858058929443,0.6276224255561829,4,0.5,
fixed,2,5165,0.5863298177719116,3.797395464744113e-08,0.00011529651237651706,0.3389495611190796,0.5863298177719116,4,0.5,0.11475037038326263
fixed,2,5166,1.4781748056411743,4.1278303797298577e-07,0.0,1.37794029712677,1.4781748056411743,4,0.0,
fixed,2,5167,0.6312920451164246,4.040769852053927e-08,8.321013410750311e-06,0.8183862566947937,0.6312920451164246,4,0.75,
fixed,2,5168,0.9459211826324463,0.03931071609258652,4.2360952079434355e-07,0.6979550719261169,0.9459211826324463,4,0.5,
fixed,2,5169,1.4717429876327515,2.8325899847914116e-07,4.3509169245226076e-07,0.8236380219459534,1.4717429876327515,4,0.25,
fixed,2,5170,0.798989474773407,5.464202104121796e-07,6.753047046004212e-07,0.8235886693000793,0.798989474773407,4,0.25,0.0007653867360204458
fixed,2,5171,0.9716182351112366,5.662561619601547e-08,2.0317545931902714e-05,0.6927374601364136,0.9716182351112366,4,0.5,
fixed,2,5172,0.9808304905891418,3.589758250654995e-07,4.265866300556809e-05,0.8143894672393799,0.9808304905891418,4,0.75,
fixed,2,5173,0.675354540348053,0.05943208560347557,1.8054905012832023e-05,0.810746431350708,0.675354540348053,4,0.75,
fixed,2,5174,0.8471493721008301,3.99945463414042e-07,5.904716090299189e-06,0.825370728969574,0.8471493721008301,4,0.25,
fixed,2,5175,0.8390130400657654,3.74382011614216e-07,3.68908899872622e-06,0.8243905901908875,0.8390130400657654,4,0.25,0.003584081307053566
fixed,2,5176,0.44427964091300964,1.802282127982835e-07,1.647328826948069e-05,0.6929730176925659,0.44427964091300964,4,0.5,
fixed,2,5177,0.8953944444656372,9.684323458714061e-07,5.179333584237611e-06,0.6929935812950134,0.8953944444656372,4,0.5,
fixed,2,5178,0.8978069424629211,0.032272834330797195,1.1692699445120525e-05,0.7035138607025146,0.8978069424629211,4,0.5,
fixed,2,5179,1.2440998554229736,0.05662377551198006,1.1027467508029076e-06,0.808832585811615,1.2440998554229736,4,0.75,
fixed,2,5180,0.7908986210823059,0.0,0.0016491913702338934,1.1890199184417725,0.7908986210823059,4,1.0,1.3166568279266357
fixed,2,5181,0.5412354469299316,3.456137420698724e-08,9.501306340098381e-05,0.8092986345291138,0.5412354469299316,4,0.75,
fixed,2,5182,0.5115461945533752,5.470679198538164e-08,1.507776005382766e-06,0.8248345851898193,0.5115461945533752,4,0.25,
fixed,2,5183,1.2383698225021362,7.789956271153642e-07,0.0,1.376501441001892,1.2383698225021362,4,0.0,
fixed,2,5184,1.1359719038009644,8.019640773682113e-08,3.0155864806147292e-05,0.8293957114219666,1.1359719038009644,4,0.25,
fixed,2,5185,0.5561251640319824,2.4869624581924654e-08,3.488801667117514e-05,0.6903240084648132,0.5561251640319824,4,0.5,0.04177934676408768
fixed,2,5186,0.9259523749351501,5.057815144482447e-08,0.00035179348196834326,0.6936367154121399,0.9259523749351501,4,0.5,
fixed,2,5187,1.0955637693405151,9.664342570658846e-08,4.232488208799623e-05,0.8301827311515808,1.0955637693405151,4,0.25,
fixed,2,5188,0.7609983086585999,0.024500221014022827,9.535571007290855e-05,1.0428869724273682,0.7609983086585999,4,1.0,
fixed,2,5189,0.4210186004638672,0.03828227519989014,0.00016880265320651233,1.1193997859954834,0.4210186004638672,4,1.0,
fixed,2,5190,0.9439467787742615,1.7701308863138365e-08,0.0029963324777781963,0.7002710700035095,0.9439467787742615,4,0.5,2.1756770610809326
fixed,2,5191,0.4384199380874634,0.03283824399113655,0.0,0.6763889193534851,0.4384199380874634,4,0.25,
fixed,2,5192,1.2420425415039062,0.04384332150220871,0.0004934192402288318,0.7002649903297424,1.2420425415039062,4,0.5,
fixed,2,5193,0.3398321866989136,0.04317442327737808,0.00011462817201390862,0.6980395317077637,0.3398321866989136,4,0.5,
fixed,2,5194,0.5807326436042786,1.0130777328143381e-09,0.0014503346756100655,0.7625735998153687,0.5807326436042786,4,0.75,
fixed,2,5195,0.9818094968795776,5.3748747674831066e-09,0.001903289812617004,0.6986516118049622,0.9818094968795776,4,0.5,1.7516765594482422
fixed,2,5196,0.7796734571456909,8.944065488236674e-10,0.0034773899242281914,0.7409083247184753,0.7796734571456909,4,0.75,
fixed,2,5197,0.7985354065895081,4.534452813231837e-09,0.015576045960187912,0.7028844356536865,0.7985354065895081,4,0.75,
fixed,2,5198,0.6225546002388,0.00506064435467124,0.02543843351304531,0.7069666385650635,0.6225546002388,4,0.5,
fixed,2,5199,0.5981822609901428,1.3443202107055185e-09,0.0010951701551675797,0.320550799369812,0.5981822609901428,4,0.5,
fixed,2,5200,0.4577811360359192,1.147199890638717e-09,0.009816494770348072,0.7143506407737732,0.4577811360359192,4,0.75,6.37754487991333
fixed,2,5201,0.6569141745567322,2.1262143157230184e-09,0.0033731001894921064,0.700904130935669,0.6569141745567322,4,0.5,
fixed,2,5202,0.4576278626918793,1.879190580922341e-09,0.0013268004404380918,0.6977989673614502,0.4576278626918793,4,0.5,
fixed,2,5203,1.166137456893921,1.2814202818844933e-06,0.0007740812725387514,0.3674720525741577,1.166137456893921,4,0.25,
fixed,2,5204,0.4512324929237366,2.409310528861397e-09,0.0005468418239615858,0.6946116089820862,0.4512324929237366,4,0.5,
fixed,2,5205,0.9453022480010986,0.005903913173824549,4.665378946810961e-05,0.70157790184021,0.9453022480010986,4,0.5,3.458116054534912
fixed,2,5206,1.0710561275482178,4.06108435768715e-09,0.0003390797646716237,0.6936719417572021,1.0710561275482178,4,0.5,
fixed,2,5207,0.8004050850868225,3.021438210737415e-09,0.006548450794070959,0.7151824235916138,0.8004050850868225,4,0.5,
fixed,2,5208,0.6627006530761719,3.141200366485464e-08,1.029267514240928e-05,0.8251157999038696,0.6627006530761719,4,0.25,
fixed,2,5209,1.0795810222625732,3.5220981686734376e-09,0.015649620443582535,0.7263960242271423,1.0795810222625732,4,0.5,
fixed,2,5210,0.6355825662612915,2.3525683623404348e-09,0.011151687242090702,0.7126704454421997,0.6355825662612915,4,0.75,6.182190895080566
fixed,2,5211,1.0462496280670166,3.179526197882865e-09,0.0006404277519322932,0.6945748925209045,1.0462496280670166,4,0.5,
fixed,2,5212,0.4994320869445801,6.533677776587865e-08,5.822130901833589e-07,0.8202560544013977,0.4994320869445801,4,0.25,
fixed,2,5213,0.8709912896156311,8.684964747374124e-09,0.0026320558972656727,0.6965214014053345,0.8709912896156311,4,0.5,
fixed,2,5214,1.12276291847229,0.03451143950223923,0.00021475048561114818,0.7507492899894714,1.12276291847229,4,0.75,
fixed,2,5215,0.5103176832199097,2.7773751298809657e-08,0.00038425088860094547,0.7971488237380981,0.5103176832199097,4,0.75,0.3338643014431
fixed,2,5216,0.870682418346405,7.525767564686703e-09,8.459023229079321e-05,0.3530921936035156,0.870682418346405,4,0.25,
fixed,2,5217,0.46379539370536804,2.2979381952836775e-08,4.198377428110689e-05,0.8106464743614197,0.46379539370536804,4,0.75,
fixed,2,5218,0.7780669331550598,1.3301352908001718e-08,3.946789092879044e-06,0.8239609599113464,0.7780669331550598,4,0.25,
fixed,2,5219,0.43297165632247925,6.008705977222917e-09,1.4920224202796817e-06,0.34508848190307617,0.43297165632247925,4,0.5,
fixed,2,5220,0.7508192658424377,3.6457070695661287e-09,2.1958931029075757e-05,0.3430112600326538,0.7508192658424377,4,0.5,0.024475080892443657
fixed,2,5221,1.0374318361282349,0.05199221149086952,8.230723324231803e-05,0.6899963617324829,1.0374318361282349,4,0.5,
fixed,2,5222,0.4234476089477539,1.3622429406723313e-08,1.7085771105485037e-05,0.6877170205116272,0.4234476089477539,4,0.5,
fixed,2,5223,0.5935100317001343,1.0550105677964439e-08,0.00011205651389900595,0.8036520481109619,0.5935100317001343,4,0.75,
fixed,2,5224,0.19288673996925354,3.552713678800501e-15,1.4595701031794306e-05,0.7875081300735474,0.19288673996925354,4,0.75,
fixed,2,5225,1.2732566595077515,7.729499174047305e-08,0.0,1.381899356842041,1.2732566595077515,4,0.0,7.22631739336066e-05
fixed,2,5226,0.9741571545600891,0.03451560065150261,0.0004164290730841458,1.0880793333053589,0.9741571545600891,4,1.0,
fixed,2,5227,0.3787042498588562,0.0,0.000567999086342752,1.1929097175598145,0.3787042498588562,4,1.0,
fixed,2,5228,1.0216201543807983,4.678057941021052e-09,1.6835227143019438e-05,0.7923822999000549,1.0216201543807983,4,0.75,
fixed,2,5229,0.31606945395469666,1.0476694178862545e-08,6.580277386092348e-06,0.8260338306427002,0.31606945395469666,4,0.25,
fixed,2,5230,0.48407670855522156,0.017377542331814766,3.214103344362229e-06,0.7259292602539062,0.48407670855522156,4,0.75,7.0185651779174805
fixed,2,5231,0.20231522619724274,5.475877085103775e-09,1.2746811989927664e-05,0.8142275810241699,0.20231522619724274,4,0.75,
fixed,2,5232,0.8191074132919312,6.8340182401982474e-09,1.6728679952393577e-07,0.8224811553955078,0.8191074132919312,4,0.25,
fixed,2,5233,0.5936734676361084,0.009618878364562988,0.015142379328608513,0.6937392354011536,0.5936734676361084,4,0.5,
fixed,2,5234,0.8940358757972717,3.3618552386371903e-09,1.7462771211285144e-05,0.34270334243774414,0.8940358757972717,4,0.5,
fixed,2,5235,0.7555277347564697,1.0111813608659759e-09,0.0016393349505960941,0.7729747295379639,0.7555277347564697,4,0.75,1.3424924612045288
fixed,2,5236,0.7707287073135376,0.06030477583408356,6.424983439501375e-06,0.8150844573974609,0.7707287073135376,4,0.75,
fixed,2,5237,0.5620970129966736,0.022231660783290863,2.7988384317723103e-05,0.7288134694099426,0.5620970129966736,4,0.75,
fixed,2,5238,0.4422389268875122,0.04407171905040741,0.005704178940504789,0.4902240037918091,0.4422389268875122,4,0.75,
fixed,2,5239,0.5588661432266235,1.9720354238472737e-09,0.004888242110610008,0.7038869857788086,0.5588661432266235,4,0.5,
fixed,2,5240,0.7427698969841003,0.005529912654310465,0.0007308726198971272,0.8733258843421936,0.7427698969841003,4,0.75,2.647395133972168
fixed,2,5241,0.33370181918144226,7.38737071515061e-10,9.484769543632865e-05,0.3394883871078491,0.33370181918144226,4,0.5,
fixed,2,5242,0.9009059071540833,0.023929035291075706,0.0005378396599553525,0.7268010377883911,0.9009059071540833,4,0.75,
fixed,2,5243,0.6995670199394226,1.2417489259064496e-09,0.0005893429624848068,0.6923097372055054,0.6995670199394226,4,0.5,
fixed,2,5244,0.32543063163757324,2.1238211189711365e-10,0.0012960542226210237,0.7648141980171204,0.32543063163757324,4,0.75,
fixed,2,5245,0.4031125009059906,3.297566220084036e-09,0.0,1.385221242904663,0.4031125009059906,4,0.0,0.0
fixed,2,5246,0.8719421625137329,7.64727170476931e-10,0.0007666032761335373,0.6942764520645142,0.8719421625137329,4,0.5,
fixed,2,5247,1.0629996061325073,2.420144085135689e-10,5.4095075029181316e-05,0.7619932889938354,1.0629996061325073,4,0.75,
fixed,2,5248,0.5610522627830505,2.7666516300151045e-10,0.039879243820905685,0.7775776386260986,0.5610522627830505,4,0.25,
fixed,2,5249,0.7585313320159912,1.0663669947064136e-10,0.020170990377664566,0.6980037689208984,0.7585313320159912,4,0.5,
fixed,2,5250,0.39724165201187134,5.274598535720543e-09,0.0040282453410327435,0.9048582315444946,0.39724165201187134,4,0.25,2.8675479888916016
fixed,2,5251,0.506374716758728,0.02223271317780018,0.0018926005577668548,0.7091790437698364,0.506374716758728,4,0.75,
fixed,2,5252,1.5317504405975342,4.654356899891354e-09,0.0,1.385019063949585,1.5317504405975342,4,0.0,
fixed,2,5253,0.41721293330192566,4.522082264202254e-09,0.00034965784288942814,0.36039912700653076,0.41721293330192566,4,0.25,
fixed,2,5254,0.8681856989860535,2.6031704791762422e-08,0.00018937616550829262,0.8390765190124512,0.8681856989860535,4,0.25,
fixed,2,5255,1.020626425743103,0.02998301014304161,0.005538701079785824,0.7374429106712341,1.020626425743103,4,0.5,5.463427543640137
fixed,2,5256,0.5421217083930969,4.772085504534118e-10,0.00010405340435681865,0.806464672088623,0.5421217083930969,4,0.75,
fixed,2,5257,0.7926396727561951,1.3404497511970703e-09,0.007234012242406607,0.7340660095214844,0.7926396727561951,4,0.75,
fixed,2,5258,0.737785279750824,1.02026209702899e-09,4.735567563329823e-05,0.6925662755966187,0.737785279750824,4,0.5,
fixed,2,5259,0.4344977140426636,7.52237117040977e-09,3.874995672958903e-05,0.6927436590194702,0.4344977140426636,4,0.5,
fixed,2,5260,0.7289367318153381,9.204406126173126e-10,0.005228913389146328,0.3078237771987915,0.7289367318153381,4,0.5,3.322355031967163
fixed,2,5261,0.5782907605171204,9.514389276432667e-10,0.00515226274728775,0.742164671421051,0.5782907605171204,4,0.75,
fixed,2,5262,0.7809747457504272,1.5475620784854982e-11,0.0001972421450773254,0.7208852767944336,0.7809747457504272,4,0.75,
fixed,2,5263,0.33167773485183716,1.0446224996130127e-09,8.936911763157696e-05,0.7953712344169617,0.33167773485183716,4,0.75,
fixed,2,5264,0.6724764108657837,1.9545294271949842e-09,0.003384955693036318,0.7007209062576294,0.6724764108657837,4,0.5,
fixed,2,5265,1.3007097244262695,4.480720239286029e-09,4.798640657099895e-05,0.8308014273643494,1.3007097244262695,4,0.25,0.051468513906002045
fixed,2,5266,0.5700476169586182,5.410607517575272e-10,5.00657843076624e-05,0.8113257884979248,0.5700476169586182,4,0.75,
fixed,2,5267,1.2838935852050781,0.05174403637647629,0.0,0.849814772605896,1.2838935852050781,4,0.25,
fixed,2,5268,1.24518883228302,4.588730284638132e-09,1.3486342140822671e-06,0.8237453699111938,1.24518883228302,4,0.25,
fixed,2,5269,1.2192448377609253,0.04514533653855324,1.2828671742681763e-06,0.6952700018882751,1.2192448377609253,4,0.5,
fixed,2,5270,0.2839539051055908,6.1638858461776636e-09,0.0014835522742941976,0.377713680267334,0.2839539051055908,4,0.25,1.233019232749939
fixed,2,5271,0.8900616765022278,1.0130777328143381e-09,0.010280597023665905,0.727216899394989,0.8900616765022278,4,0.75,
fixed,2,5272,0.7329900860786438,5.927626389734542e-09,6.610777927562594e-05,0.6926463842391968,0.7329900860786438,4,0.5,
fixed,2,5273,0.5808083415031433,8.173739907135769e-09,5.160674845683388e-06,0.6912713050842285,0.5808083415031433,4,0.5,
fixed,2,5274,0.3648310899734497,0.04835323989391327,0.00010613053746055812,0.8411357998847961,0.3648310899734497,4,0.75,
fixed,2,5275,1.2459101676940918,2.4016344468691386e-10,0.0001435236044926569,0.8068340420722961,1.2459101676940918,4,0.75,0.1440230906009674
fixed,2,5276,0.9776365160942078,0.0358879379928112,0.013740133494138718,0.7566333413124084,0.9776365160942078,4,0.5,
fixed,2,5277,0.9757259488105774,0.05383428558707237,0.008078481070697308,0.7296581268310547,0.9757259488105774,4,0.75,
fixed,2,5278,0.40881869196891785,2.1286550300203544e-09,1.4724880657013273e-06,0.3471670150756836,0.40881869196891785,4,0.25,
fixed,2,5279,0.31654345989227295,0.032272133976221085,0.00012522136967163533,0.7058528661727905,0.31654345989227295,4,0.5,
fixed,2,5280,1.0995874404907227,8.213112412391865e-10,0.0030804492998868227,0.7037597894668579,1.0995874404907227,4,0.5,2.1521995067596436
fixed,2,5281,0.7163554430007935,0.045363642275333405,0.004390403628349304,0.7213166952133179,0.7163554430007935,4,0.75,
fixed,2,5282,1.0376981496810913,3.729496711457614e-10,0.002816064516082406,0.7508149743080139,1.0376981496810913,4,0.75,
fixed,2,5283,1.1190584897994995,1.430676688229937e-09,0.0,1.385535478591919,1.1190584897994995,4,0.0,
fixed,2,5284,0.4619581699371338,7.66880337010889e-10,0.0005087922909297049,0.8492019176483154,0.4619581699371338,4,0.25,
fixed,2,5285,0.40623074769973755,1.6482385456484394e-09,0.004030908923596144,0.9042767286300659,0.40623074769973755,4,0.25,2.4884815216064453
fixed,2,5286,1.2899082899093628,0.02364562451839447,0.00013803690671920776,0.7311875224113464,1.2899082899093628,4,0.75,
fixed,2,5287,1.421618103981018,5.869929542434704e-10,6.09681194418954e-11,0.8233788013458252,1.421618103981018,4,0.0,
fixed,2,5288,1.4736945629119873,1.6879497799493492e-10,0.011612934991717339,0.7388532161712646,1.4736945629119873,4,0.5,
fixed,2,5289,0.7007594108581543,2.0474866246900092e-10,0.04044928774237633,0.8583033084869385,0.7007594108581543,4,0.25,
fixed,2,5290,1.023763656616211,6.027436327826763e-10,0.0,1.385771632194519,1.023763656616211,4,0.0,0.0
fixed,2,5291,0.19060461223125458,7.113332145536333e-11,0.029695063829421997,0.6919438242912292,0.19060461223125458,4,0.5,
fixed,2,5292,0.8376245498657227,1.0358137264576683e-10,0.03579980134963989,0.6888055205345154,0.8376245498657227,4,0.5,
fixed,2,5293,1.2323379516601562,0.0107586570084095,0.002980548655614257,0.6897727847099304,1.2323379516601562,4,0.5,
fixed,2,5294,0.652001678943634,6.882345804370971e-10,0.0026766504161059856,0.8878002166748047,0.652001678943634,4,0.25,
fixed,2,5295,0.7246548533439636,0.0016050939448177814,0.00020665020565502346,0.693708598613739,0.7246548533439636,4,0.5,0.9375491738319397
fixed,2,5296,1.1702723503112793,0.0,0.004843439441174269,1.0404032468795776,1.1702723503112793,4,1.0,
fixed,2,5297,0.6929925680160522,0.010176379233598709,0.0,1.0586190223693848,0.6929925680160522,4,0.0,
fixed,2,5298,0.7456034421920776,0.0,0.007874145172536373,0.4674804210662842,0.7456034421920776,4,0.75,
fixed,2,5299,0.44560524821281433,1.3487516659083099e-09,0.0008305213996209204,0.3256584405899048,0.44560524821281433,4,0.5,
fixed,2,5300,0.9699099659919739,0.06078091636300087,0.0020815376192331314,0.6895515322685242,0.9699099659919739,4,0.5,0.8321175575256348
fixed,2,5301,1.0723174810409546,1.961986345958011e-12,0.0009125079959630966,0.639471709728241,1.0723174810409546,4,0.75,
fixed,2,5302,0.7926426529884338,0.04148808866739273,0.0016922412905842066,0.6941161751747131,0.7926426529884338,4,0.5,
fixed,2,5303,0.5701861381530762,2.7725599593964034e-09,0.00023169576888903975,0.3331679105758667,0.5701861381530762,4,0.5,
fixed,2,5304,1.1583449840545654,6.081224968035315e-10,0.012117310427129269,0.3041086196899414,1.1583449840545654,4,0.5,
fixed,2,5305,0.4871264100074768,2.3692703354782907e-09,0.0007525522960349917,0.6954063773155212,0.4871264100074768,4,0.5,0.7228786945343018
fixed,2,5306,1.3396567106246948,4.722192858963581e-09,0.0013692831853404641,0.6964486241340637,1.3396567106246948,4,0.5,
fixed,2,5307,0.8341301083564758,0.06564585864543915,7.721723522990942e-05,0.7141619324684143,0.8341301083564758,4,0.75,
fixed,2,5308,0.7857189178466797,4.422775923274003e-09,0.0026103712152689695,0.8870404362678528,0.7857189178466797,4,0.25,
fixed,2,5309,1.0473207235336304,2.2672241861698694e-09,0.00010433860734337941,0.8352750539779663,1.0473207235336304,4,0.25,
fixed,2,5310,0.7041438221931458,5.259173097016401e-10,0.0037712452467530966,0.7394924759864807,0.7041438221931458,4,0.75,3.215426206588745
fixed,2,5311,1.1350176334381104,2.3364357115696066e-09,0.002112628659233451,0.6980979442596436,1.1350176334381104,4,0.5,
fixed,2,5312,1.369085431098938,3.8541227986854665e-09,0.006744412239640951,0.7123033404350281,1.369085431098938,4,0.5,
fixed,2,5313,0.9251063466072083,3.0161231290293244e-09,0.0,0.8228896260261536,0.9251063466072083,4,0.0,
fixed,2,5314,0.7383273243904114,0.047558415681123734,5.2691564633278176e-05,0.7815789580345154,0.7383273243904114,4,0.75,
fixed,2,5315,0.8720265030860901,1.7745647173939005e-09,0.0028714826330542564,0.7550827264785767,0.8720265030860901,4,0.75,2.5571231842041016
fixed,2,5316,0.5781152844429016,0.0,0.0012017402332276106,0.6327181458473206,0.5781152844429016,4,0.75,
fixed,2,5317,0.7162185311317444,0.048304300755262375,1.6375848645111546e-05,0.6951350569725037,0.7162185311317444,4,0.5,
fixed,2,5318,0.8843310475349426,1.893241119432787e-09,0.00048170186346396804,0.793440043926239,0.8843310475349426,4,0.75,
fixed,2,5319,0.6251838803291321,0.016615303233265877,0.0018660809146240354,0.7032657265663147,0.6251838803291321,4,0.75,
fixed,2,5320,0.7048068046569824,1.612870903500152e-08,0.0,1.3842177391052246,0.7048068046569824,4,0.0,0.0
fixed,2,5321,0.47858771681785583,0.0173780620098114,1.4078571439313237e-05,0.30405449867248535,0.47858771681785583,4,0.5,
fixed,2,5322,0.7946857810020447,1.3567356127452967e-09,0.0002220429596491158,0.6928867101669312,0.7946857810020447,4,0.5,
fixed,2,5323,0.32769086956977844,5.207896780490273e-09,0.001114747254177928,0.32529258728027344,0.32769086956977844,4,0.5,
fixed,2,5324,0.848996102809906,8.661127370857002e-10,0.011629835702478886,0.7191500663757324,0.848996102809906,4,0.75,
fixed,2,5325,0.9832249283790588,6.321094758732215e-09,0.00040361343417316675,0.36160707473754883,0.9832249283790588,4,0.25,0.42083296179771423
fixed,2,5326,1.0990121364593506,0.05929693579673767,0.00044569867895916104,0.7907192707061768,1.0990121364593506,4,0.75,
fixed,2,5327,0.9608244299888611,1.7770764859648125e-09,0.024631358683109283,0.7014829516410828,0.9608244299888611,4,0.5,
fixed,2,5328,0.7668629288673401,2.6321134161122473e-09,0.002189343562349677,0.8811082243919373,0.7668629288673401,4,0.25,
fixed,2,5329,0.6436663269996643,2.1455339727083356e-09,0.00014779629418626428,0.6935659050941467,0.6436663269996643,4,0.5,
fixed,2,5330,0.6945531368255615,2.658409048450494e-09,0.0012384735746309161,0.3744063377380371,0.6945531368255615,4,0.25,0.8698953986167908
fixed,2,5331,0.4804888963699341,2.6093931460025033e-09,6.845544703537598e-05,0.8330621719360352,0.4804888963699341,4,0.25,
fixed,2,5332,0.5391793847084045,4.980363677020705e-09,0.007350181695073843,0.7223088145256042,0.5391793847084045,4,0.5,
fixed,2,5333,0.8590220808982849,0.025938408449292183,0.002056645229458809,0.7136720418930054,0.8590220808982849,4,0.75,
fixed,2,5334,0.8404799699783325,1.0801990413256135e-08,0.00019002142653334886,0.35652267932891846,0.8404799699783325,4,0.25,
fixed,2,5335,0.8465836048126221,3.20513060536598e-09,0.00031794747337698936,0.3310786485671997,0.8465836048126221,4,0.5,0.3089965283870697
fixed,2,5336,0.8563398718833923,2.6689961352133196e-09,0.012325783260166645,0.7064343690872192,0.8563398718833923,4,0.75,
fixed,2,5337,1.322853446006775,3.028836292884307e-09,0.032000280916690826,0.7707304954528809,1.322853446006775,4,0.25,
fixed,2,5338,0.5714358687400818,0.010177082382142544,0.0005540316924452782,0.414669394493103,0.5714358687400818,4,0.5,
fixed,2,5339,0.6410917043685913,1.1451124493078169e-08,0.00041713559767231345,0.6943380832672119,0.6410917043685913,4,0.5,
fixed,2,5340,0.5376541614532471,3.5414715604531466e-09,0.0002522894646972418,0.6928195357322693,0.5376541614532471,4,0.5,0.2319960743188858
fixed,2,5341,1.4687620401382446,3.4207359167481854e-09,2.167410093534272e-05,0.8145222067832947,1.4687620401382446,4,0.75,
fixed,2,5342,0.9632351398468018,1.6981502426460793e-08,0.00013271723582874984,0.8364147543907166,0.9632351398468018,4,0.25,
fixed,2,5343,0.8095123171806335,5.141519210383194e-09,0.0085432855412364,0.7352930903434753,0.8095123171806335,4,0.75,
fixed,2,5344,0.26913750171661377,2.2852475467516342e-09,0.00015946809435263276,0.33755195140838623,0.26913750171661377,4,0.5,
fixed,2,5345,0.6777111291885376,0.01466304250061512,0.0006397746037691832,0.7083247900009155,0.6777111291885376,4,0.5,6.033848762512207
fixed,2,5346,1.1188881397247314,0.09312111139297485,0.00494993943721056,0.7172983884811401,1.1188881397247314,4,0.75,
fixed,2,5347,0.46769747138023376,8.144728447234684e-09,0.00040380508289672434,0.36159396171569824,0.46769747138023376,4,0.25,
fixed,2,5348,0.4472183585166931,2.2320074677395496e-08,5.36888801434543e-05,0.81071537733078,0.4472183585166931,4,0.75,
fixed,2,5349,0.7283428907394409,8.22613177575704e-09,0.0008199704461731017,0.32848358154296875,0.7283428907394409,4,0.5,
fixed,2,5350,0.7147246599197388,4.259792518723771e-09,0.004797848407179117,0.746488630771637,0.7147246599197388,4,0.75,3.0301573276519775
fixed,2,5351,0.8832385540008545,2.6993263180230542e-09,0.0015388004248961806,0.6969631910324097,0.8832385540008545,4,0.5,
fixed,2,5352,1.0485509634017944,0.05311861261725426,0.00033324651303701103,0.7792465090751648,1.0485509634017944,4,0.75,
fixed,2,5353,0.9452894926071167,8.283725705382494e-09,1.6350531950592995e-05,0.8281161189079285,0.9452894926071167,4,0.25,
fixed,2,5354,1.7702716588974,2.3554600492303734e-09,0.0024901991710066795,0.7661135792732239,1.7702716588974,4,0.75,
fixed,2,5355,0.5293534994125366,2.2088366691264127e-09,0.0004948147688992321,0.3295789957046509,0.5293534994125366,4,0.5,0.518846869468689
fixed,2,5356,0.78351891040802,5.475877085103775e-09,0.010324349626898766,0.7175089120864868,0.78351891040802,4,0.75,
fixed,2,5357,0.8856274485588074,0.044724877923727036,7.993605777301127e-15,0.3777269124984741,0.8856274485588074,4,0.25,
fixed,2,5358,0.3725970983505249,1.3960835154591678e-08,0.004626868758350611,0.9112541675567627,0.3725970983505249,4,0.25,
fixed,2,5359,0.8157328963279724,0.02680317871272564,0.0006728558801114559,0.3044525384902954,0.8157328963279724,4,0.5,
fixed,2,5360,1.3792294263839722,5.971569905227625e-09,8.05474555818364e-05,0.6926689743995667,1.3792294263839722,4,0.5,0.08439312875270844
fixed,2,5361,0.5207154154777527,3.1793735644214394e-08,0.0015969465021044016,0.6969740986824036,0.5207154154777527,4,0.5,
fixed,2,5362,1.0052961111068726,0.048486821353435516,0.0002564439200796187,0.7774279117584229,1.0052961111068726,4,0.75,
fixed,2,5363,0.3345165252685547,1.2199876664453768e-09,0.00453704409301281,0.7299891114234924,0.3345165252685547,4,0.75,
fixed,2,5364,1.130726933479309,1.1747633976710858e-08,0.00038129978929646313,0.8460220098495483,1.130726933479309,4,0.25,
fixed,2,5365,0.36772215366363525,4.493049932108306e-09,0.0001111665551434271,0.3540865182876587,0.36772215366363525,4,0.25,0.11121444404125214
fixed,2,5366,0.46489906311035156,0.016116395592689514,0.00032036591437645257,0.7332409620285034,0.46489906311035156,4,0.5,
fixed,2,5367,1.1153912544250488,2.4087971617348103e-09,0.0001633705833228305,0.8380517959594727,1.1153912544250488,4,0.25,
fixed,2,5368,0.5082001090049744,4.397979314063605e-09,0.0002936764794867486,0.8433775305747986,0.5082001090049744,4,0.25,
fixed,2,5369,0.5978101491928101,1.6163079763487076e-09,0.001892434200271964,0.31710994243621826,0.5978101491928101,4,0.5,
fixed,2,5370,0.8718426823616028,1.0446224996130127e-09,0.00404518423601985,0.7531906962394714,0.8718426823616028,4,0.75,2.7198376655578613
fixed,2,5371,0.35975155234336853,0.033962495625019073,0.0010610874742269516,0.7320765256881714,0.35975155234336853,4,0.75,
fixed,2,5372,0.40543580055236816,1.2846961272572344e-09,0.00045321625657379627,0.328497052192688,0.40543580055236816,4,0.5,
fixed,2,5373,1.0515104532241821,1.432818308444439e-09,0.0028676886577159166,0.6997112035751343,1.0515104532241821,4,0.5,
fixed,2,5374,0.3926500976085663,1.6434651417540636e-09,0.00016312382649630308,0.3558536767959595,0.3926500976085663,4,0.25,
fixed,2,5375,0.3441414535045624,1.5555756682772426e-10,0.0013070085551589727,0.3215426206588745,0.3441414535045624,4,0.5,1.134793758392334
fixed,2,5376,1.0219509601593018,6.2228737718328375e-09,0.011981060728430748,0.9800291657447815,1.0219509601593018,4,0.25,
fixed,2,5377,1.1232483386993408,4.083727134229775e-09,0.0,1.3851373195648193,1.1232483386993408,4,0.0,
fixed,2,5378,0.9080117344856262,2.997613268718169e-10,0.0005511178751476109,0.6942780017852783,0.9080117344856262,4,0.5,
fixed,2,5379,0.8340758085250854,0.008566316217184067,0.00800295826047659,0.32631444931030273,0.8340758085250854,4,0.5,
fixed,2,5380,0.8597394824028015,1.147199890638717e-09,0.01281577069312334,0.7058346271514893,0.8597394824028015,4,0.75,7.6749982833862305
fixed,2,5381,1.0808647871017456,0.0556163564324379,0.003788130357861519,0.7477441430091858,1.0808647871017456,4,0.75,
fixed,2,5382,0.8512206673622131,0.019493259489536285,3.015651964233257e-05,0.7003468871116638,0.8512206673622131,4,0.25,
fixed,2,5383,0.7629499435424805,1.2221411225254997e-06,0.00016215845244005322,0.3548872470855713,0.7629499435424805,4,0.25,
fixed,2,5384,0.9150994420051575,0.0014833901077508926,5.713084465241991e-05,0.3277503252029419,0.9150994420051575,4,0.25,
fixed,2,5385,0.7122126221656799,3.883366073154093e-09,0.013935833238065243,0.6963279843330383,0.7122126221656799,4,0.75,7.7588582038879395
fixed,2,5386,0.9732467532157898,0.030845269560813904,0.0,0.9212644100189209,0.9732467532157898,4,0.25,
fixed,2,5387,0.5684970021247864,0.01586981862783432,0.0,1.0074255466461182,0.5684970021247864,4,0.25,
fixed,2,5388,1.1455082893371582,1.3898664441569508e-09,0.005876053124666214,0.7112802863121033,1.1455082893371582,4,0.5,
fixed,2,5389,0.5880841016769409,3.7892178283982503e-10,0.0012184006627649069,0.32042598724365234,0.5880841016769409,4,0.5,
fixed,2,5390,0.6189721822738647,7.993606471190517e-11,0.024822650477290154,0.35511481761932373,0.6189721822738647,4,0.5,12.837743759155273
fixed,2,5391,1.2154107093811035,3.587258561310591e-07,0.007192627526819706,0.736863374710083,1.2154107093811035,4,0.75,
fixed,2,5392,1.4001051187515259,8.142875262961979e-10,0.004764313343912363,0.7384141087532043,1.4001051187515259,4,0.75,
fixed,2,5393,0.7734519243240356,1.872096699884196e-09,0.0004430565459188074,0.6940377354621887,0.7734519243240356,4,0.5,
fixed,2,5394,0.47666487097740173,1.0683653961507389e-09,0.0034499161411076784,0.7013704776763916,0.47666487097740173,4,0.5,
fixed,2,5395,0.5403951406478882,2.911690000217959e-09,0.0008771161665208638,0.6949561238288879,0.5403951406478882,4,0.5,0.78412926197052
fixed,2,5396,0.7707322835922241,4.032696843125905e-09,1.487565714342054e-05,0.8280894756317139,0.7707322835922241,4,0.25,
fixed,2,5397,0.46782833337783813,6.131131158326752e-10,2.5133866074611433e-05,0.6928293108940125,0.46782833337783813,4,0.5,
fixed,2,5398,0.4766126275062561,0.05561760812997818,0.0017229296499863267,1.118038535118103,0.4766126275062561,4,1.0,
fixed,2,5399,0.5838754773139954,6.140796759979139e-10,0.0008803132805041969,0.783576250076294,0.5838754773139954,4,0.75,
fixed,2,5400,0.9183576107025146,5.392231994250096e-09,3.872188699460821e-06,0.8256410360336304,0.9183576107025146,4,0.25,0.004202163778245449
fixed,2,5401,0.9731675386428833,0.012839817441999912,0.0,1.0325919389724731,0.9731675386428833,4,0.0,
fixed,2,5402,0.7263128161430359,0.024787722155451775,1.696042272669729e-05,0.7396592497825623,0.7263128161430359,4,0.75,
fixed,2,5403,1.2057236433029175,0.10570147633552551,0.00010428563837194815,0.7743666768074036,1.2057236433029175,4,0.75,
fixed,2,5404,1.5025743246078491,0.1043030321598053,0.0006728048319928348,0.7593407034873962,1.5025743246078491,4,0.75,
fixed,2,5405,0.5302438735961914,2.7727584672732064e-09,0.0010188397718593478,0.8615351319313049,0.5302438735961914,4,0.25,0.8503568768501282
fixed,2,5406,0.546028733253479,0.017895368859171867,4.514816828304902e-05,0.724044680595398,0.546028733253479,4,0.75,
fixed,2,5407,1.0076533555984497,6.369787475257738e-10,0.021358320489525795,0.7597802877426147,1.0076533555984497,4,0.25,
fixed,2,5408,1.534205436706543,4.872371395236996e-10,0.00026914707268588245,0.35869264602661133,1.534205436706543,4,0.25,
fixed,2,5409,0.6511753797531128,1.5039726408705434e-10,0.040045324712991714,0.693139910697937,0.6511753797531128,4,0.5,
fixed,2,5410,0.5447242856025696,3.6159389371626105e-10,0.001914343680255115,0.7002413868904114,0.5447242856025696,4,0.5,1.7572565078735352
fixed,2,5411,0.31861966848373413,5.161233662676068e-10,0.040636591613292694,0.8654246926307678,0.31861966848373413,4,0.0,
fixed,2,5412,0.8367568254470825,4.119635743649042e-09,0.0005683432682417333,0.8515051603317261,0.8367568254470825,4,0.25,
fixed,2,5413,0.7821031808853149,1.7333148250031627e-09,0.00014063021808397025,0.8372130990028381,0.7821031808853149,4,0.25,
fixed,2,5414,0.43391892313957214,0.0,0.05402582138776779,0.7435588836669922,0.43391892313957214,4,0.5,
fixed,2,5415,0.9426692128181458,0.04333855211734772,9.252798918168992e-05,0.6933667659759521,0.9426692128181458,4,0.5,8.978379249572754
fixed,2,5416,0.4312250018119812,3.283276150956027e-10,0.04527817666530609,0.378676176071167,0.4312250018119812,4,0.25,
fixed,2,5417,0.8248178958892822,3.1921154608482993e-10,0.018043113872408867,0.6971730589866638,0.8248178958892822,4,0.75,
fixed,2,5418,0.8669815063476562,4.101947670420714e-09,0.0238727368414402,0.7506486177444458,0.8669815063476562,4,0.25,
fixed,2,5419,0.5682206153869629,6.369667460148776e-09,0.024627255275845528,0.7503669857978821,0.5682206153869629,4,0.25,
fixed,2,5420,1.069990873336792,0.01815628632903099,0.0006364171276800334,0.7328597903251648,1.069990873336792,4,0.5,7.993715763092041
fixed,2,5421,0.8956509232521057,2.0751723894818497e-08,8.721422636881471e-05,0.8339742422103882,0.8956509232521057,4,0.25,
fixed,2,5422,0.3411901593208313,0.04812253639101982,0.0017026641871780157,0.7460042834281921,0.3411901593208313,4,0.75,
fixed,2,5423,0.8423047065734863,0.011359260417521,0.00010749830107670277,0.7410170435905457,0.8423047065734863,4,0.25,
fixed,2,5424,0.5198403596878052,3.763587219651754e-09,0.005691491067409515,0.7279905676841736,0.5198403596878052,4,0.75,
fixed,2,5425,0.36634284257888794,0.0,0.0039715953171253204,1.0938968658447266,0.36634284257888794,4,1.0,2.8360483646392822
fixed,2,5426,0.8855516314506531,4.359539929055245e-08,0.0,1.3826707601547241,0.8855516314506531,4,0.0,
fixed,2,5427,1.1061073541641235,1.583578423947074e-08,0.00040547573007643223,0.7966930270195007,1.1061073541641235,4,0.75,
fixed,2,5428,0.7532771825790405,2.5874504316902858e-08,2.593252793303691e-05,0.6930949687957764,0.7532771825790405,4,0.5,
fixed,2,5429,0.6298226118087769,3.6863315955315556e-08,0.0008062644046731293,0.6960945129394531,0.6298226118087769,4,0.5,
fixed,2,5430,0.6467427015304565,1.1143432843141454e-08,6.898071296745911e-05,0.6930636763572693,0.6467427015304565,4,0.5,0.07776561379432678
fixed,2,5431,0.6885110139846802,4.959819932537357e-08,0.00035684334579855204,0.33255863189697266,0.6885110139846802,4,0.5,
fixed,2,5432,0.47441917657852173,7.114554989584576e-08,0.0,1.3818306922912598,0.47441917657852173,4,0.0,
fixed,2,5433,1.2466880083084106,1.1171863434356055e-07,0.00012482216698117554,0.8358331322669983,1.2466880083084106,4,0.25,
fixed,2,5434,1.2145897150039673,0.0,0.00012545821664389223,1.2947664260864258,1.2145897150039673,4,1.0,
fixed,2,5435,0.6168466210365295,1.464759122882242e-07,7.282838487299159e-05,0.8325506448745728,0.6168466210365295,4,0.25,0.07570531964302063
fixed,2,5436,1.1550613641738892,1.1229088414665966e-07,1.3151470739103388e-05,0.8273452520370483,1.1550613641738892,4,0.25,
fixed,2,5437,0.6386617422103882,2.303362656164154e-08,0.0009928891668096185,0.7842229604721069,0.6386617422103882,4,0.75,
fixed,2,5438,0.6702013611793518,1.0097551239596214e-07,1.185387372970581e-05,0.6929688453674316,0.6702013611793518,4,0.5,
fixed,2,5439,0.5451297760009766,7.464004170287808e-08,7.295713294297457e-05,0.8325790762901306,0.5451297760009766,4,0.25,
fixed,2,5440,0.9595283269882202,1.0338035849599692e-07,6.863316230010241e-06,0.6930962204933167,0.9595283269882202,4,0.5,0.008043105714023113
fixed,2,5441,1.2927594184875488,0.050839949399232864,0.0,0.8515087366104126,1.2927594184875488,4,0.25,
fixed,2,5442,0.3577296733856201,9.794207755930984e-08,0.00024645484518259764,0.3578296899795532,0.3577296733856201,4,0.25,
fixed,2,5443,0.7448756098747253,0.056185584515333176,9.577962919138372e-05,0.7977362275123596,0.7448756098747253,4,0.75,
fixed,2,5444,1.0588300228118896,1.778770979399269e-07,0.00017829598800744861,0.8382112979888916,1.0588300228118896,4,0.25,
fixed,2,5445,0.7650662064552307,8.671108275848383e-08,0.002426860621199012,0.6981992125511169,0.7650662064552307,4,0.5,1.7469956874847412
fixed,2,5446,0.24112173914909363,8.905180948204361e-08,6.673105872323504e-06,0.3480747938156128,0.24112173914909363,4,0.25,
fixed,2,5447,0.6504183411598206,0.0,0.0029894234612584114,1.0707672834396362,0.6504183411598206,4,1.0,
fixed,2,5448,0.6882612705230713,0.0,0.0029632169753313065,1.0754573345184326,0.6882612705230713,4,1.0,
fixed,2,5449,0.9171155095100403,0.056187257170677185,4.614353019860573e-05,0.6938639283180237,0.9171155095100403,4,0.5,
fixed,2,5450,1.3917319774627686,1.3328468639883795e-07,3.0508464988088235e-05,0.6931893825531006,1.3917319774627686,4,0.5,0.03519189730286598
fixed,2,5451,0.5807048082351685,1.335942556579539e-07,0.0003525247739162296,0.6937845349311829,0.5807048082351685,4,0.5,
fixed,2,5452,0.2644282281398773,9.753711083249073e-08,0.00071320979623124,0.6954589486122131,0.2644282281398773,4,0.5,
fixed,2,5453,0.5216002464294434,5.8256837576209364e-08,0.00029120303224772215,0.693056583404541,0.5216002464294434,4,0.5,
fixed,2,5454,0.5965831279754639,0.046786703169345856,0.0,0.8633449673652649,0.5965831279754639,4,0.25,
fixed,2,5455,0.35301414132118225,2.4764897688100973e-08,3.4508218959672377e-05,0.6931661367416382,0.35301414132118225,4,0.5,0.038316600024700165
fixed,2,5456,0.24601173400878906,0.051046162843704224,7.160708628362045e-05,0.7075081467628479,0.24601173400878906,3,0.75,
fixed,2,5457,1.0176827907562256,2.8810429597569964e-08,1.7695824681140948e-06,0.346435546875,1.0176827907562256,4,0.25,
fixed,2,5458,1.2508742809295654,0.050684306770563126,7.877495954744518e-05,1.2221685647964478,1.2508742809295654,4,1.0,
fixed,2,5459,0.4862789511680603,0.047747090458869934,0.008919741027057171,0.7223875522613525,0.4862789511680603,4,0.75,
fixed,2,5460,0.8191952109336853,3.8422133030735495e-08,0.0003437429550103843,0.694032609462738,0.8191952109336853,4,0.5,0.34345412254333496
fixed,2,5461,1.1054455041885376,2.8412625141527315e-08,0.0013082943623885512,0.696685791015625,1.1054455041885376,4,0.5,
fixed,2,5462,0.8426259756088257,0.011355496011674404,1.0294205821992364e-05,0.736055850982666,0.8426259756088257,4,0.25,
fixed,2,5463,0.7692968249320984,4.006906806353072e-09,0.00043775636004284024,0.32928621768951416,0.7692968249320984,4,0.5,
fixed,2,5464,0.6588551998138428,0.006032885052263737,0.0007067919359542429,0.6959126591682434,0.6588551998138428,4,0.5,
fixed,2,5465,0.5787121057510376,4.222676608378606e-08,3.0149647500365973e-05,0.8296131491661072,0.5787121057510376,4,0.25,0.03659653663635254
fixed,2,5466,0.7118025422096252,1.5674759268335947e-09,0.004646874964237213,0.45815348625183105,0.7118025422096252,4,0.5,
fixed,2,5467,0.43092310428619385,8.025325293203878e-09,0.006996982730925083,0.4268728494644165,0.43092310428619385,4,0.25,
fixed,2,5468,0.7216103076934814,3.220748112653382e-09,0.0011678454466164112,0.3200252056121826,0.7216103076934814,4,0.5,
fixed,2,5469,0.7826687693595886,5.551545445570127e-09,0.0005387197597883642,0.6946746110916138,0.7826687693595886,4,0.5,
fixed,2,5470,0.5108129382133484,2.325126224889118e-08,0.0026193633675575256,0.6991331577301025,0.5108129382133484,4,0.5,1.9783364534378052
fixed,2,5471,0.6707826852798462,1.6334695374098374e-08,0.008949271403253078,0.7095648050308228,0.6707826852798462,4,0.75,
fixed,2,5472,0.8296532034873962,0.025362374261021614,0.001605631085112691,0.3041270971298218,0.8296532034873962,4,0.5,
fixed,2,5473,0.6063700318336487,0.034138407558202744,0.01841897703707218,0.7357103228569031,0.6063700318336487,4,0.25,
fixed,2,5474,1.1879544258117676,0.057849690318107605,0.0032535046339035034,0.7017781734466553,1.1879544258117676,4,0.5,
fixed,2,5475,0.7821336984634399,9.366510234087855e-09,0.0002945220039691776,0.6909453868865967,0.7821336984634399,4,0.5,0.2735682725906372
fixed,2,5476,0.6994921565055847,0.010369387455284595,0.017637062817811966,0.8602432012557983,0.6994921565055847,4,0.0,
fixed,2,5477,0.9484537839889526,2.7083618988399394e-05,6.190763815538958e-05,0.35178542137145996,0.9484537839889526,4,0.25,
fixed,2,5478,0.8946874141693115,6.802608698563972e-09,0.007171843200922012,0.7177420854568481,0.8946874141693115,4,0.75,
fixed,2,5479,0.5308780670166016,6.98248658892453e-09,0.013785034418106079,0.7441172003746033,0.5308780670166016,4,0.5,
fixed,2,5480,0.7597475051879883,2.3525683623404348e-09,0.0025672216434031725,0.7527918815612793,0.7597475051879883,4,0.75,2.1195247173309326
fixed,2,5481,0.7228736877441406,9.674876011445122e-09,0.0037124231457710266,0.7073147892951965,0.7228736877441406,4,0.5,
fixed,2,5482,1.0743707418441772,9.947195067638859e-09,0.0,1.384398341178894,1.0743707418441772,4,0.0,
fixed,2,5483,0.7933528423309326,1.0446224996130127e-09,0.010164439678192139,0.7180567383766174,0.7933528423309326,4,0.75,
fixed,2,5484,0.3587762713432312,1.2102243651668232e-08,0.002027582610026002,0.8787627816200256,0.3587762713432312,4,0.25,
fixed,2,5485,1.1916069984436035,7.908988131077876e-09,0.00018412471399642527,0.6913192868232727,1.1916069984436035,4,0.5,0.17258109152317047
fixed,2,5486,0.15032213926315308,3.1761178576061866e-08,0.0004170076863374561,0.6944707036018372,0.15032213926315308,4,0.5,
fixed,2,5487,1.4365408420562744,2.420011213644102e-08,0.0013706369791179895,0.8677465319633484,1.4365408420562744,4,0.25,
fixed,2,5488,0.8779521584510803,1.1658021215055214e-08,0.001120617613196373,0.6964269876480103,0.8779521584510803,4,0.5,
fixed,2,5489,1.9674835205078125,0.016116678714752197,0.00037990204873494804,0.7131157517433167,1.9674835205078125,4,0.75,
fixed,2,5490,0.5331873297691345,1.6980377992581452e-08,0.0015627777902409434,0.6974098086357117,0.5331873297691345,4,0.5,1.305813193321228
fixed,2,5491,1.3238763809204102,1.0005033246329731e-08,5.067715028417297e-05,0.6929266452789307,1.3238763809204102,4,0.5,
fixed,2,5492,1.0109833478927612,0.039565179497003555,0.0,0.3896596431732178,1.0109833478927612,4,0.25,
fixed,2,5493,0.7887056469917297,3.4566333795282844e-08,0.00041550802416168153,0.8469745516777039,0.7887056469917297,4,0.25,
fixed,2,5494,0.4000850021839142,7.513830446725933e-09,4.505870310822502e-05,0.6932008266448975,0.4000850021839142,4,0.5,
fixed,2,5495,1.5866423845291138,3.3221037032404865e-09,2.884346031351015e-05,0.8105050325393677,1.5866423845291138,4,0.75,0.031384725123643875
fixed,2,5496,0.7303236126899719,1.0790557780637755e-08,1.4441395251196809e-05,0.3491252660751343,0.7303236126899719,4,0.25,
fixed,2,5497,0.5581390857696533,8.213591584649294e-09,0.0007521346560679376,0.7862076163291931,0.5581390857696533,4,0.75,
fixed,2,5498,0.5427422523498535,0.0,0.0006378371617756784,1.206200122833252,0.5427422523498535,4,1.0,
fixed,2,5499,0.3062150180339813,5.171488126620716e-09,0.00029579352121800184,0.6936794519424438,0.3062150180339813,4,0.5,
fixed,2,5500,0.8440929651260376,1.2106735169936655e-08,0.002421710407361388,0.8844193816184998,0.8440929651260376,4,0.25,1.7770862579345703
fixed,2,5501,0.7383375763893127,4.280651211274744e-08,2.087667326122755e-06,0.3470273017883301,0.7383375763893127,4,0.25,
fixed,2,5502,0.9350699186325073,3.077274612905967e-08,0.00020323351782280952,0.6933268308639526,0.9350699186325073,4,0.5,
fixed,2,5503,1.2038711309432983,2.0791034671674424e-08,4.768011422129348e-05,0.8311719298362732,1.2038711309432983,4,0.25,
fixed,2,5504,0.5173287391662598,1.2760301260072993e-08,0.0,1.3841928243637085,0.5173287391662598,4,0.0,
fixed,2,5505,1.0968266725540161,0.04884229227900505,3.3295918910880573e-06,0.7901796698570251,1.0968266725540161,4,0.75,5.265584945678711
fixed,2,5506,0.8673403859138489,0.0345153771340847,0.0,0.4038577675819397,0.8673403859138489,4,0.25,
fixed,2,5507,0.7482364177703857,8.969109011047749e-09,5.22333211847581e-05,0.6928683519363403,0.7482364177703857,4,0.5,
fixed,2,5508,0.894990861415863,1.0014344908881867e-08,0.0002464510907884687,0.35807955265045166,0.894990861415863,4,0.25,
fixed,2,5509,0.9124166369438171,1.2913814906312382e-08,6.6965299083676655e-06,0.8264417052268982,0.9124166369438171,4,0.25,
fixed,2,5510,0.658907413482666,3.883366073154093e-09,0.010112720541656017,0.7154673933982849,0.658907413482666,4,0.75,6.600516319274902
fixed,2,5511,0.9516633749008179,4.8963522125689e-09,0.00010205710714217275,0.8341492414474487,0.9516633749008179,4,0.25,
fixed,2,5512,1.1621642112731934,4.3811358096945696e-08,0.00010438244498800486,0.8349695205688477,1.1621642112731934,4,0.25,
fixed,2,5513,0.5659091472625732,5.305210493133927e-09,0.0005428697913885117,0.7847030162811279,0.5659091472625732,4,0.75,
fixed,2,5514,1.1831849813461304,1.3737336601593597e-08,0.0,1.3841009140014648,1.1831849813461304,4,0.0,
fixed,2,5515,0.9521647095680237,0.015623379498720169,0.0012153012212365866,0.7036367058753967,0.9521647095680237,4,0.75,5.6387434005737305
fixed,2,5516,0.7315900921821594,1.3833415524189263e-09,4.65916127723176e-05,0.3467503786087036,0.7315900921821594,4,0.25,
fixed,2,5517,0.7277033925056458,0.007909768261015415,1.8399110558675602e-05,0.7470031380653381,0.7277033925056458,4,0.25,
fixed,2,5518,0.6252688765525818,7.794938916561023e-09,7.448404630849836e-06,0.6923031806945801,0.6252688765525818,4,0.5,
fixed,2,5519,0.5074761509895325,0.008233875036239624,0.006433391012251377,0.8124665021896362,0.5074761509895325,4,0.25,
fixed,2,5520,0.478334903717041,1.7231073234924565e-09,0.000864439585711807,0.6957119107246399,0.478334903717041,4,0.5,0.7834781408309937
fixed,2,5521,1.1963311433792114,0.05159572511911392,0.0013737775152549148,0.7575786113739014,1.1963311433792114,4,0.75,
fixed,2,5522,0.6862491369247437,4.5540002879818076e-09,4.903295848635025e-05,0.8316426277160645,0.6862491369247437,4,0.25,
fixed,2,5523,1.1770390272140503,0.0239292923361063,0.00020875986956525594,0.7306501865386963,1.1770390272140503,4,0.75,
fixed,2,5524,0.34603697061538696,1.5297700883820653e-09,2.5852592443698086e-05,0.34986352920532227,0.34603697061538696,4,0.25,
fixed,2,5525,0.6066092848777771,0.0,7.067722617648542e-05,0.7539981603622437,0.6066092848777771,4,0.75,0.07657994329929352
fixed,2,5526,0.7987054586410522,4.0833188563738076e-07,0.0021918932907283306,0.38471317291259766,0.7987054586410522,4,0.25,
fixed,2,5527,0.5452111959457397,7.881376107299332e-10,0.0020444004330784082,0.31403648853302,0.5452111959457397,4,0.5,
fixed,2,5528,0.6695894598960876,5.769926758603106e-10,0.03243402764201164,0.6928661465644836,0.6695894598960876,4,0.5,
fixed,2,5529,0.3825358748435974,4.4836159784900076e-10,0.00014880977687425911,0.3356128931045532,0.3825358748435974,4,0.5,
fixed,2,5530,1.6318641901016235,1.2670116067425852e-09,2.0317238522693515e-06,0.825079619884491,1.6318641901016235,4,0.25,0.002442327793687582
fixed,2,5531,1.136548399925232,7.881376107299332e-10,0.032736241817474365,0.6926292181015015,1.136548399925232,4,0.5,
fixed,2,5532,1.1281417608261108,0.025074323639273643,0.0012443822342902422,0.7132325768470764,1.1281417608261108,4,0.75,
fixed,2,5533,0.5905719995498657,0.04793483763933182,1.1400426274121855e-06,0.6853027939796448,0.5905719995498657,4,0.5,
fixed,2,5534,0.44391533732414246,4.636347139541641e-10,0.007369435857981443,0.739876925945282,0.44391533732414246,4,0.75,
fixed,2,5535,0.24900281429290771,0.0,6.905951886437833e-05,0.7595412135124207,0.24900281429290771,4,0.75,0.07287939637899399
fixed,2,5536,0.40028661489486694,3.658009228857395e-09,0.00010178271622862667,0.8344699144363403,0.40028661489486694,4,0.25,
fixed,2,5537,0.6492712497711182,6.546072572888306e-10,0.0016275979578495026,0.32138216495513916,0.6492712497711182,4,0.5,
fixed,2,5538,1.022949457168579,0.049018844962120056,6.474820679613913e-13,0.36882686614990234,1.022949457168579,4,0.25,
fixed,2,5539,1.0878448486328125,1.4291610117567188e-09,0.0005120774148963392,0.33129072189331055,1.0878448486328125,4,0.5,
fixed,2,5540,0.8602108359336853,4.753968774195982e-09,0.00047923275269567966,0.849159300327301,0.8602108359336853,4,0.25,0.48528391122817993
fixed,2,5541,0.5426490306854248,0.01056264340877533,0.0025460324250161648,0.31817686557769775,0.5426490306854248,4,0.25,
fixed,2,5542,0.5238301157951355,1.040627362058899e-09,0.0005014279158785939,0.6937436461448669,0.5238301157951355,4,0.5,
fixed,2,5543,0.966701328754425,1.1013193690345702e-09,0.00060728017706424,0.6947431564331055,0.966701328754425,4,0.5,
fixed,2,5544,0.9608621001243591,1.9589925237539774e-09,0.0,0.8232501149177551,0.9608621001243591,4,0.0,
fixed,2,5545,0.28403106331825256,2.877698079828406e-13,1.7633716197451577e-05,0.6617814898490906,0.28403106331825256,4,0.5,0.020767346024513245
fixed,2,5546,0.7369487285614014,0.012190653942525387,0.016226492822170258,0.6938862800598145,0.7369487285614014,4,0.25,
fixed,2,5547,0.8569497466087341,0.031131630763411522,0.0006015963153913617,0.7120948433876038,0.8569497466087341,4,0.5,
fixed,2,5548,0.6771178245544434,5.096423838502062e-10,0.004785580560564995,0.7534236311912537,0.6771178245544434,4,0.75,
fixed,2,5549,0.45409998297691345,3.177047069868877e-09,0.0005539164994843304,0.8503318428993225,0.45409998297691345,4,0.25,
fixed,2,5550,0.6443308591842651,1.4873342557564229e-09,5.737212995882146e-05,0.831822395324707,0.6443308591842651,4,0.25,0.0600849911570549
fixed,2,5551,0.9946159720420837,2.561231227105054e-10,0.010435673408210278,0.7292172908782959,0.9946159720420837,4,0.75,
fixed,2,5552,0.46075108647346497,4.636347139541641e-10,0.0011130254715681076,0.7799534201622009,0.46075108647346497,4,0.75,
fixed,2,5553,0.7946726679801941,1.5035954703535026e-09,9.52471873461036e-06,0.69036465883255,0.7946726679801941,4,0.5,
fixed,2,5554,0.9866653084754944,1.102813840248018e-09,0.014196001924574375,0.9980864524841309,0.9866653084754944,4,0.25,
fixed,2,5555,0.45489388704299927,1.5096832228778112e-08,0.0,1.3842917680740356,0.45489388704299927,4,0.0,0.0
fixed,2,5556,0.9760896563529968,0.0,0.00042662431951612234,1.2414852380752563,0.9760896563529968,4,1.0,
fixed,2,5557,0.7904099225997925,1.5687371401895689e-09,0.004523161333054304,0.3124915361404419,0.7904099225997925,4,0.5,
fixed,2,5558,0.7081334590911865,0.04987402260303497,5.855486961081624e-06,0.7929393649101257,0.7081334590911865,4,0.75,
fixed,2,5559,0.6723132729530334,2.4152051469883418e-09,3.764428402064368e-05,0.35085463523864746,0.6723132729530334,4,0.25,
fixed,2,5560,0.653599202632904,1.147199890638717e-09,0.0032246403861790895,0.31420910358428955,0.653599202632904,4,0.5,2.347996950149536
fixed,2,5561,1.2398998737335205,0.016115130856633186,0.0037549915723502636,0.7621631622314453,1.2398998737335205,4,0.5,
fixed,2,5562,0.7616528272628784,0.05052404850721359,0.0,0.8531423211097717,0.7616528272628784,4,0.25,
fixed,2,5563,0.5305626392364502,1.9457948585710483e-09,5.063010394223966e-05,0.8316429853439331,0.5305626392364502,4,0.25,
fixed,2,5564,1.2541824579238892,2.309777480391517e-09,1.535716251055419e-06,0.8249024152755737,1.2541824579238892,4,0.25,
fixed,2,5565,0.96562659740448,0.04129614308476448,8.881784197001252e-16,0.3857133388519287,0.96562659740448,4,0.25,7.516692638397217
fixed,2,5566,1.0525033473968506,8.074423352155691e-10,9.733747720019892e-05,0.6930649280548096,1.0525033473968506,4,0.5,
fixed,2,5567,1.0027843713760376,0.05947759002447128,0.0034967991523444653,0.3136000633239746,1.0027843713760376,4,0.5,
fixed,2,5568,1.166875958442688,2.4016344468691386e-10,0.0002101721620419994,0.7981480956077576,1.166875958442688,4,0.75,
fixed,2,5569,0.9609576463699341,0.005409119185060263,0.000329976697685197,0.7704934477806091,0.9609576463699341,4,0.25,
fixed,2,5570,1.2307988405227661,2.565055279291073e-09,0.0,1.3852894306182861,1.2307988405227661,4,0.0,0.0
fixed,2,5571,0.7125338315963745,2.561231227105054e-10,0.002336005214601755,0.7642041444778442,0.7125338315963745,4,0.75,
fixed,2,5572,0.654187023639679,4.6102902051536887e-10,0.0012095439014956355,0.6967065334320068,0.654187023639679,4,0.5,
fixed,2,5573,0.5199874043464661,0.02478833496570587,6.291602039709687e-05,0.7361196279525757,0.5199874043464661,4,0.75,
fixed,2,5574,0.8202748894691467,5.888811660526017e-10,0.00036526384064927697,0.6886393427848816,0.8202748894691467,4,0.5,
fixed,2,5575,0.6973897814750671,0.013282697647809982,0.02985336259007454,0.3039395809173584,0.6973897814750671,4,0.25,8.583243370056152
fixed,2,5576,0.8599032759666443,5.148106940744412e-10,0.001107807387597859,0.37293577194213867,0.8599032759666443,4,0.25,
fixed,2,5577,0.942000687122345,3.368605394626911e-10,0.011307681910693645,0.7233161330223083,0.942000687122345,4,0.5,
fixed,2,5578,0.5193915963172913,0.0046241977252066135,0.009260615333914757,0.8566898703575134,0.5193915963172913,4,0.25,
fixed,2,5579,0.5178707242012024,7.105218635672372e-10,5.055294241174124e-05,0.8318222165107727,0.5178707242012024,4,0.25,
fixed,2,5580,0.4816878139972687,1.3811396470941872e-09,0.02394922450184822,0.32651615142822266,0.4816878139972687,4,0.5,12.317361831665039
fixed,2,5581,1.2567017078399658,8.458755917928329e-10,0.003885637503117323,0.7080875635147095,1.2567017078399658,4,0.5,
fixed,2,5582,0.8723686337471008,0.039818473160266876,0.010506818071007729,0.7078396677970886,0.8723686337471008,4,0.75,
fixed,2,5583,1.3882300853729248,0.023929668590426445,0.0,0.9553332328796387,1.3882300853729248,4,0.25,
fixed,2,5584,0.8673016428947449,0.04315325990319252,0.0005374205647967756,0.6998680830001831,0.8673016428947449,4,0.5,
fixed,2,5585,0.6335747241973877,1.0774452441353333e-09,5.638109087158227e-06,0.8259892463684082,0.6335747241973877,4,0.25,0.006402101833373308
fixed,2,5586,0.8074167370796204,1.8411256963446476e-09,3.6752494452230167e-06,0.34763920307159424,0.8074167370796204,4,0.25,
fixed,2,5587,0.5951099991798401,1.8186008254872377e-10,0.014421815052628517,0.7175561785697937,0.5951099991798401,4,0.75,
fixed,2,5588,1.039713740348816,0.04812004789710045,0.0,0.8599481582641602,1.039713740348816,4,0.25,
fixed,2,5589,0.7899377346038818,0.020843172445893288,3.699614171637222e-05,0.3043004274368286,0.7899377346038818,4,0.5,
fixed,2,5590,0.35339784622192383,1.7627699300248878e-10,0.007777522783726454,0.7191019058227539,0.35339784622192383,4,0.75,5.814372539520264
fixed,2,5591,0.8441744446754456,0.056908175349235535,0.00011758829350583255,0.7007575631141663,0.8441744446754456,4,0.5,
fixed,2,5592,0.899333119392395,0.044692255556583405,0.0015233653830364347,0.7029063105583191,0.899333119392395,4,0.5,
fixed,2,5593,0.6833460330963135,3.8934055979211735e-10,9.027089254232123e-05,0.8338800072669983,0.6833460330963135,4,0.25,
fixed,2,5594,0.7795592546463013,0.0008174508111551404,0.05615147948265076,0.7204492092132568,0.7795592546463013,4,0.25,
fixed,2,5595,0.8335739374160767,7.342804142496107e-10,0.004125871229916811,0.9052706956863403,0.8335739374160767,4,0.25,2.552032947540283
fixed,2,5596,0.8318728804588318,3.634643697125739e-10,2.5678020392660983e-05,0.8266952633857727,0.8318728804588318,4,0.25,
fixed,2,5597,0.7475566267967224,0.0,0.06307892501354218,0.715341329574585,0.7475566267967224,4,0.75,
fixed,2,5598,1.1511090993881226,5.424480864490988e-10,0.03608813136816025,0.6915668845176697,1.1511090993881226,4,0.5,
fixed,2,5599,0.4522132873535156,0.003024689620360732,0.012143886648118496,0.7018221020698547,0.4522132873535156,4,0.5,
fixed,2,5600,0.5997641682624817,0.026804467663168907,0.02386326715350151,0.792297899723053,0.5997641682624817,4,0.75,1.770050048828125
fixed,2,5601,1.1403695344924927,0.008735430426895618,0.0024217397440224886,0.7799463272094727,1.1403695344924927,4,0.25,
fixed,2,5602,0.22449448704719543,7.28960003471002e-09,0.0015638801269233227,0.37864983081817627,0.22449448704719543,4,0.25,
fixed,2,5603,0.8165402412414551,1.6546380265936023e-08,0.0003204683307558298,0.3597390651702881,0.8165402412414551,4,0.25,
fixed,2,5604,1.5191493034362793,2.6907946093501778e-08,0.011579561047255993,0.7179512977600098,1.5191493034362793,4,0.5,
fixed,2,5605,0.7232856154441833,6.406614350140671e-09,0.007985700853168964,0.7185920476913452,0.7232856154441833,4,0.5,4.68977165222168
fixed,2,5606,0.6943063735961914,3.357406441750754e-08,1.2999307728023268e-05,0.8177043199539185,0.6943063735961914,4,0.25,
fixed,2,5607,0.7868877649307251,2.1795207771901914e-07,0.0009054987458512187,0.7767017483711243,0.7868877649307251,4,0.75,
fixed,2,5608,0.7591503262519836,4.832184874459244e-09,0.00020557742391247302,0.8019442558288574,0.7591503262519836,4,0.75,
fixed,2,5609,0.436622679233551,0.04936686158180237,2.0672207483585225e-06,0.6936033964157104,0.436622679233551,4,0.5,
fixed,2,5610,0.5037616491317749,1.6711013017811638e-07,0.0031003463082015514,0.3942296504974365,0.5037616491317749,4,0.25,2.1043295860290527
fixed,2,5611,0.8855539560317993,8.629335468413046e-08,0.0022468380630016327,0.6968442797660828,0.8855539560317993,4,0.5,
fixed,2,5612,0.4177846908569336,2.678551709323074e-07,0.001646538614295423,0.6970346570014954,0.4177846908569336,4,0.5,
fixed,2,5613,0.6827775835990906,6.073513247883966e-08,0.0005525380838662386,0.6947617530822754,0.6827775835990906,4,0.5,
fixed,2,5614,1.0404272079467773,1.8650777633411053e-07,4.295283360988833e-05,0.8117868900299072,1.0404272079467773,4,0.75,
fixed,2,5615,1.3107807636260986,3.1171742875812924e-07,0.0014070543693378568,0.8677195310592651,1.3107807636260986,4,0.25,1.0992767810821533
fixed,2,5616,0.892219603061676,1.0237191361284204e-07,1.0121515515493229e-05,0.6930203437805176,0.892219603061676,4,0.5,
fixed,2,5617,0.8783186078071594,0.05338223651051521,6.936983254490769e-07,0.6936808228492737,0.8783186078071594,4,0.5,
fixed,2,5618,0.24283218383789062,6.454135359490465e-08,1.0684150765882805e-05,0.34393632411956787,0.24283218383789062,4,0.5,
fixed,2,5619,0.5279644131660461,7.089116849101629e-08,4.457497561816126e-05,0.8134716749191284,0.5279644131660461,4,0.75,
fixed,2,5620,1.1866618394851685,0.05561893805861473,0.00025408301735296845,0.6945172548294067,1.1866618394851685,4,0.5,3.113600015640259
fixed,2,5621,0.6019696593284607,4.724703472902547e-08,0.0013706700410693884,0.35198211669921875,0.6019696593284607,4,0.25,
fixed,2,5622,0.5567657947540283,4.196709824100253e-08,0.0001547486026538536,0.6917524933815002,0.5567657947540283,4,0.5,
fixed,2,5623,0.8525774478912354,2.2954054657020606e-07,0.0015237446641549468,0.3776777982711792,0.8525774478912354,4,0.25,
fixed,2,5624,0.5587564706802368,1.4114815485299914e-06,0.000178646354470402,0.3552802801132202,0.5587564706802368,4,0.25,
fixed,2,5625,0.666684627532959,0.03853974863886833,6.450910586863756e-05,0.70014488697052,0.666684627532959,4,0.5,7.213972091674805
fixed,2,5626,0.34569695591926575,0.041294366121292114,0.0016646671574562788,0.7430843114852905,0.34569695591926575,4,0.75,
fixed,2,5627,0.325567364692688,2.957006728365741e-08,6.8256172198744025e-06,0.34431707859039307,0.325567364692688,4,0.5,
fixed,2,5628,0.5419719219207764,3.917122626262426e-08,0.00013845467765349895,0.8050593137741089,0.5419719219207764,4,0.75,
fixed,2,5629,0.8584343791007996,0.0749809667468071,3.197442310920451e-14,0.3043609857559204,0.8584343791007996,4,0.5,
fixed,2,5630,0.5332987308502197,0.034517478197813034,0.0005272593116387725,0.7252827882766724,0.5332987308502197,4,0.75,7.73542594909668
fixed,2,5631,0.7728719115257263,0.053248804062604904,0.0010582745308056474,0.7473339438438416,0.7728719115257263,4,0.75,
fixed,2,5632,0.4301365613937378,1.1677855127345538e-08,0.0021661585196852684,0.699190080165863,0.4301365613937378,4,0.5,
fixed,2,5633,0.29248717427253723,1.2401612181633936e-08,0.006669390946626663,0.7191957831382751,0.29248717427253723,4,0.5,
fixed,2,5634,0.8155997395515442,0.004838589113205671,0.0010532320011407137,0.7836599349975586,0.8155997395515442,4,0.25,
fixed,2,5635,1.356929898262024,8.623975311650156e-09,0.0029069557785987854,0.7029497623443604,1.356929898262024,4,0.5,2.3065333366394043
fixed,2,5636,0.9799416065216064,4.841655965037717e-09,0.0008240893948823214,0.6937264204025269,0.9799416065216064,4,0.5,
fixed,2,5637,1.1994435787200928,4.680096754583474e-09,0.04084247723221779,0.3633044958114624,1.1994435787200928,4,0.25,
fixed,2,5638,0.5745545029640198,8.297207365615122e-09,0.003416034858673811,0.8968113660812378,0.5745545029640198,4,0.25,
fixed,2,5639,0.5839229226112366,5.779345890744025e-09,0.0004512735758908093,0.6930960416793823,0.5839229226112366,4,0.5,
fixed,2,5640,0.7350051999092102,1.2220704448395736e-09,0.0205854345113039,0.6878947019577026,0.7350051999092102,4,0.75,10.072535514831543
fixed,2,5641,0.44100484251976013,0.009259134531021118,0.0001364322961308062,0.9212431907653809,0.44100484251976013,4,0.75,
fixed,2,5642,0.7123293280601501,0.0021877610124647617,0.029449084773659706,0.710013210773468,0.7123293280601501,4,0.25,
fixed,2,5643,1.1062861680984497,0.0816454291343689,0.0005091069615446031,0.28817737102508545,1.1062861680984497,4,0.25,
fixed,2,5644,1.0143367052078247,4.880255843886516e-08,0.017549192532896996,0.7350901365280151,1.0143367052078247,4,0.25,
fixed,2,5645,1.0409886837005615,1.3472905457945217e-08,3.292187466286123e-05,0.682633638381958,1.0409886837005615,4,0.5,0.031679436564445496
fixed,2,5646,1.2057629823684692,8.678263441197487e-09,0.027769627049565315,0.7958574891090393,1.2057629823684692,4,0.25,
fixed,2,5647,0.4385087192058563,0.008734694682061672,0.0,1.0750019550323486,0.4385087192058563,4,0.0,
fixed,2,5648,0.34100228548049927,6.871531343932702e-09,0.00023973226780071855,0.3578975200653076,0.34100228548049927,4,0.25,
fixed,2,5649,0.47452312707901,0.01155651081353426,0.0024075738620013,0.695077121257782,0.47452312707901,4,0.5,
fixed,2,5650,0.3754734694957733,2.356811091885902e-05,7.773873949190602e-05,0.3491300344467163,0.3754734694957733,4,0.25,0.06399429589509964
fixed,2,5651,1.1128672361373901,0.027083303779363632,0.0,0.9376741647720337,1.1128672361373901,4,0.25,
fixed,2,5652,1.0505719184875488,5.1630955510972854e-08,2.0819870769628324e-06,0.8187663555145264,1.0505719184875488,4,0.25,
fixed,2,5653,1.2650785446166992,0.07521186023950577,0.0005079765105620027,0.7172393798828125,1.2650785446166992,4,0.75,
fixed,2,5654,1.0653796195983887,1.310480080007892e-08,4.784075372299412e-06,0.34758734703063965,1.0653796195983887,4,0.25,
fixed,2,5655,0.5366706848144531,4.825972066413442e-09,3.393033330212347e-05,0.3411356210708618,0.5366706848144531,4,0.5,0.03440168872475624
fixed,2,5656,0.5048993825912476,4.035380030131819e-08,5.3377974836621433e-05,0.3398491144180298,0.5048993825912476,4,0.5,
fixed,2,5657,0.9956039190292358,3.5437764722701104e-08,0.0004929621354676783,0.6370683908462524,0.9956039190292358,4,0.5,
fixed,2,5658,0.7872295379638672,6.335419744374349e-09,0.00015942039317451417,0.6924988031387329,0.7872295379638672,4,0.5,
fixed,2,5659,0.815069317817688,2.9306976845333566e-09,0.00272590690292418,0.7566881775856018,0.815069317817688,4,0.75,
fixed,2,5660,1.1198753118515015,1.52518921936462e-08,0.00010238071990897879,0.8339381814002991,1.1198753118515015,4,0.25,0.09474539756774902
fixed,2,5661,0.7566674947738647,5.7172833578533755e-08,0.0,1.3823684453964233,0.7566674947738647,4,0.0,
fixed,2,5662,0.7771642804145813,1.0873969280567053e-08,0.0006459515425376594,0.3260866403579712,0.7771642804145813,4,0.5,
fixed,2,5663,0.5380865931510925,2.5857097796233575e-08,2.0019149815198034e-05,0.6738304495811462,0.5380865931510925,4,0.5,
fixed,2,5664,1.1058006286621094,3.842789908503619e-08,0.0002550549397710711,0.8408983945846558,1.1058006286621094,4,0.25,
fixed,2,5665,0.5338515043258667,7.015641845242726e-09,0.0002044621214736253,0.3360995054244995,0.5338515043258667,4,0.5,0.18902693688869476
fixed,2,5666,0.8908630013465881,1.4384912816467477e-08,0.0004920020583085716,0.6908476948738098,0.8908630013465881,4,0.5,
fixed,2,5667,0.5102643966674805,0.01948009990155697,0.0032406379468739033,0.9018320441246033,0.5102643966674805,4,1.0,
fixed,2,5668,0.5693691372871399,3.6313034801338517e-09,0.0006983414059504867,0.7898068428039551,0.5693691372871399,4,0.75,
fixed,2,5669,0.8260064721107483,1.3038828683420434e-08,0.0011230644304305315,0.6933853030204773,0.8260064721107483,4,0.5,
fixed,2,5670,0.9140060544013977,0.05858219414949417,1.5012756193755195e-05,0.691933810710907,0.9140060544013977,4,0.5,1.7688227891921997
fixed,2,5671,0.48607951402664185,2.919415154067906e-09,0.005010685883462429,0.3096945285797119,0.48607951402664185,4,0.5,
fixed,2,5672,0.6414128541946411,1.3327700720822122e-08,0.0013214913196861744,0.6962900757789612,0.6414128541946411,4,0.5,
fixed,2,5673,1.16941499710083,3.4773841584012644e-09,0.00013472553109750152,0.6931759119033813,1.16941499710083,4,0.5,
fixed,2,5674,0.6965993046760559,2.8348615899176366e-08,0.0009393396903760731,0.859545886516571,0.6965993046760559,4,0.25,
fixed,2,5675,0.7430756688117981,3.9557221498398576e-08,0.0007555638439953327,0.6942856907844543,0.7430756688117981,4,0.5,0.6170222759246826
fixed,2,5676,1.0965559482574463,0.0,0.014028854668140411,0.4808710217475891,1.0965559482574463,4,0.75,
fixed,2,5677,0.525305986404419,3.965511918835318e-09,0.00010766051127575338,0.8049347996711731,0.525305986404419,4,0.75,
fixed,2,5678,1.3637206554412842,6.141814878901641e-08,3.7216943837847793e-07,0.3466973304748535,1.3637206554412842,4,0.25,
fixed,2,5679,0.8570292592048645,2.522333808485655e-08,0.0007974663749337196,0.6927233934402466,0.8570292592048645,4,0.5,
fixed,2,5680,0.5185388326644897,4.528434516259949e-09,0.0026774529833346605,0.3178454637527466,0.5185388326644897,4,0.5,2.0943446159362793
fixed,2,5681,0.878693163394928,2.306043000999125e-08,1.6929642470131512e-06,0.8235254883766174,0.878693163394928,4,0.25,
fixed,2,5682,0.6219907402992249,1.7232654414556237e-08,0.0002192053507314995,0.8404960632324219,0.6219907402992249,4,0.25,
fixed,2,5683,0.999740481376648,2.236970075841782e-08,3.107192469542497e-06,0.34758317470550537,0.999740481376648,4,0.25,
fixed,2,5684,0.5261302590370178,6.241646133275935e-08,2.95700338028837e-05,0.8125431537628174,0.5261302590370178,4,0.75,
fixed,2,5685,1.0604208707809448,1.0136076156186391e-07,4.414050067680364e-07,0.8175559043884277,1.0604208707809448,4,0.25,0.0004038425104226917
fixed,2,5686,0.3674796223640442,6.50933529300346e-08,1.0578410183370579e-05,0.8260937333106995,0.3674796223640442,4,0.25,
fixed,2,5687,1.2932331562042236,1.4434303921007086e-05,0.0,1.3472206592559814,1.2932331562042236,4,0.0,
fixed,2,5688,0.7140266299247742,1.7897791693144427e-08,0.00035883652162738144,0.796453595161438,0.7140266299247742,4,0.75,
fixed,2,5689,0.7445325255393982,2.3966538265085546e-06,7.702955144850421e-07,0.6912745833396912,0.7445325255393982,4,0.5,
fixed,2,5690,0.7145166993141174,1.5311400147766108e-08,0.0002725867961999029,0.7978631854057312,0.7145166993141174,4,0.75,0.2517342269420624
fixed,2,5691,0.5166285634040833,1.311036967877044e-08,3.4824231534003047e-06,0.34499943256378174,0.5166285634040833,4,0.5,
fixed,2,5692,1.1583325862884521,4.190683355886904e-08,0.0009755643550306559,0.8578624129295349,1.1583325862884521,4,0.25,
fixed,2,5693,0.280078262090683,2.3228150070053744e-08,5.860612873220816e-05,0.6926653385162354,0.280078262090683,4,0.5,
fixed,2,5694,0.5776571035385132,2.0129317590544815e-07,1.7106926861742977e-06,0.8207607865333557,0.5776571035385132,4,0.25,
fixed,2,5695,0.5191894173622131,2.089207384869951e-08,0.00024309866421390325,0.3571131229400635,0.5191894173622131,4,0.25,0.1919310837984085
fixed,2,5696,0.6965688467025757,0.053242750465869904,0.0006429343484342098,0.777511715888977,0.6965688467025757,4,0.75,
fixed,2,5697,1.1137495040893555,4.323343461010154e-08,0.0163873340934515,1.0136091709136963,1.1137495040893555,4,0.0,
fixed,2,5698,0.6423516869544983,2.0763354768860154e-07,0.0001949041907209903,0.8390157222747803,0.6423516869544983,4,0.25,
fixed,2,5699,1.0312107801437378,2.4508404194989453e-08,1.2477240488806274e-05,0.8143149614334106,1.0312107801437378,4,0.75,
fixed,2,5700,0.8928341269493103,0.02936623990535736,2.1396346028268454e-07,0.7028958797454834,0.8928341269493103,4,0.5,6.926387786865234
fixed,2,5701,1.2205853462219238,0.05433354154229164,3.836965333903208e-06,0.6933658719062805,1.2205853462219238,4,0.5,
fixed,2,5702,0.6403927206993103,0.037223946303129196,0.004864073358476162,0.9984272718429565,0.6403927206993103,4,1.0,
fixed,2,5703,1.2242951393127441,4.085820037857957e-08,0.0,1.3828210830688477,1.2242951393127441,4,0.0,
fixed,2,5704,0.5340521931648254,1.508235314418016e-08,2.36840878642397e-05,0.8288818001747131,0.5340521931648254,4,0.25,
fixed,2,5705,0.5684994459152222,1.0222095170320245e-08,6.65665720589459e-05,0.34675168991088867,0.5684994459152222,4,0.25,0.06468606740236282
fixed,2,5706,0.7563466429710388,1.949411521096067e-09,0.0031537776812911034,0.7468839287757874,0.7563466429710388,4,0.75,
fixed,2,5707,1.163683533668518,5.1336069617491376e-08,4.312993951316457e-06,0.8252248167991638,1.163683533668518,4,0.25,
fixed,2,5708,0.7448151707649231,1.123520299017855e-08,0.0,1.3843332529067993,0.7448151707649231,4,0.0,
fixed,2,5709,0.6150912642478943,4.257847852073837e-09,0.006263681221753359,0.7385929226875305,0.6150912642478943,4,0.75,
fixed,2,5710,0.9888561964035034,2.6689961352133196e-09,0.02543940208852291,0.31243371963500977,0.9888561964035034,4,0.25,7.772086143493652
fixed,2,5711,0.8404317498207092,0.06760597229003906,0.0,0.7396200299263,0.8404317498207092,4,0.25,
fixed,2,5712,1.050760269165039,8.856426703118814e-09,0.0003609782725106925,0.8449940085411072,1.050760269165039,4,0.25,
fixed,2,5713,0.8357197046279907,1.2993075504397211e-09,2.1908924736635527e-06,0.3476448059082031,0.8357197046279907,4,0.25,
fixed,2,5714,0.9407601356506348,8.44255065857169e-09,0.002691691741347313,0.6980063915252686,0.9407601356506348,4,0.5,
fixed,2,5715,0.29497233033180237,0.02940277010202408,0.00012823341239709407,0.3068692684173584,0.29497233033180237,4,0.5,8.31528377532959
fixed,2,5716,0.5556663870811462,1.4531370773340768e-08,0.0017831220757216215,0.8748713135719299,0.5556663870811462,4,0.25,
fixed,2,5717,1.1421750783920288,4.001249553908792e-09,0.023054838180541992,0.7050545811653137,1.1421750783920288,4,0.5,
fixed,2,5718,1.1975408792495728,9.054694771748473e-09,0.00039607740473002195,0.36109983921051025,1.1975408792495728,4,0.25,
fixed,2,5719,0.8630327582359314,2.282271260867219e-09,0.015111205168068409,0.709402859210968,0.8630327582359314,4,0.75,
fixed,2,5720,0.9974103569984436,9.764672626033644e-09,0.002755410736426711,0.6976441144943237,0.9974103569984436,4,0.5,2.0747199058532715
fixed,2,5721,1.1840420961380005,2.4331733072813222e-08,7.05593847669661e-05,0.8330237865447998,1.1840420961380005,4,0.25,
fixed,2,5722,0.5246519446372986,3.1158444713241806e-09,0.0012632014695554972,0.7626345753669739,0.5246519446372986,4,0.75,
fixed,2,5723,0.6404122114181519,4.67601957154784e-09,0.0018409808399155736,0.3208119869232178,0.6404122114181519,4,0.5,
fixed,2,5724,0.7981306314468384,0.010363766923546791,0.00016258566756732762,0.931948184967041,0.7981306314468384,4,0.75,
fixed,2,5725,0.9287822842597961,2.586501901546967e-09,0.007106745149940252,0.7243063449859619,0.9287822842597961,4,0.75,4.760456562042236
fixed,2,5726,0.9264532923698425,3.0365686853883744e-08,9.976001820177771e-06,0.34855198860168457,0.9264532923698425,4,0.25,
fixed,2,5727,0.6111011505126953,6.324670493995654e-07,1.559295054187615e-10,0.8160036206245422,0.6111011505126953,4,0.0,
fixed,2,5728,0.9671279191970825,1.6694045257281687e-08,0.0022472040727734566,0.6954902410507202,0.9671279191970825,4,0.5,
fixed,2,5729,0.9782853126525879,1.8664772838405952e-08,0.00433311378583312,0.7021345496177673,0.9782853126525879,4,0.5,
fixed,2,5730,0.7536466717720032,5.0934094275589814e-08,0.0003123207716271281,0.8432952165603638,0.7536466717720032,4,0.25,0.254373699426651
fixed,2,5731,0.8544499278068542,0.03339291363954544,5.267204687697813e-05,0.7031742930412292,0.8544499278068542,4,0.5,
fixed,2,5732,0.7258968949317932,2.2129164278794633e-08,3.197442310920451e-12,0.8216099143028259,0.7258968949317932,4,0.0,
fixed,2,5733,0.7667088508605957,2.7060606200279835e-08,0.0001449491537641734,0.35511553287506104,0.7667088508605957,4,0.25,
fixed,2,5734,1.0918762683868408,0.05590033903717995,2.6685872853704495e-06,1.301596760749817,1.0918762683868408,4,1.0,
fixed,2,5735,1.1310158967971802,2.0240362275103507e-08,7.977149653015658e-05,0.352742075920105,1.1310158967971802,4,0.25,0.07552523910999298
fixed,2,5736,0.768510639667511,2.442915381095645e-08,0.0006833125371485949,0.792560338973999,0.768510639667511,4,0.75,
fixed,2,5737,0.5933972001075745,2.192161119296543e-08,0.007075089029967785,0.7099243402481079,0.5933972001075745,4,0.5,
fixed,2,5738,0.6928247213363647,3.8005993019396556e-08,0.00011099381663370878,0.35389935970306396,0.6928247213363647,4,0.25,
fixed,2,5739,0.9613378047943115,0.03669387474656105,9.384100849274546e-05,0.7551586627960205,0.9613378047943115,4,0.75,
fixed,2,5740,0.5442745089530945,3.532210968160143e-08,1.3376532479014713e-05,0.6931192278862,0.5442745089530945,4,0.5,0.01533280499279499
fixed,2,5741,1.3071393966674805,0.01711600460112095,0.00021939867292530835,0.3039999008178711,1.3071393966674805,4,0.5,
fixed,2,5742,0.2880403995513916,0.0,0.0034095048904418945,0.5928131937980652,0.2880403995513916,4,0.75,
fixed,2,5743,0.8038297295570374,0.016109388321638107,0.002062530955299735,0.7036795020103455,0.8038297295570374,4,0.75,
fixed,2,5744,0.4917971193790436,0.03477838635444641,0.00015626271488144994,1.108106017112732,0.4917971193790436,4,1.0,
fixed,2,5745,1.1458408832550049,0.049191128462553024,2.584946969363955e-06,0.3284503221511841,1.1458408832550049,4,0.5,5.487074851989746
fixed,2,5746,0.7698178291320801,0.0012966144131496549,0.006711906753480434,0.8796159625053406,0.7698178291320801,4,0.25,
fixed,2,5747,0.802808940410614,1.9533610284838687e-09,0.0007540518417954445,0.3274350166320801,0.802808940410614,4,0.5,
fixed,2,5748,0.5143311023712158,2.4239314999618955e-09,0.00014864189142826945,0.33471405506134033,0.5143311023712158,4,0.5,
fixed,2,5749,0.5297495722770691,0.010347357019782066,0.0,1.0556577444076538,0.5297495722770691,4,0.0,
fixed,2,5750,0.5154433846473694,2.113017760763114e-09,0.00029013273888267577,0.6940355896949768,0.5154433846473694,4,0.5,0.2833152413368225
fixed,2,5751,1.0610206127166748,0.04904588311910629,5.7467564147373196e-06,0.6933674216270447,1.0610206127166748,4,0.5,
fixed,2,5752,0.6946514844894409,2.365101892110033e-09,0.008603822439908981,0.7255271077156067,0.6946514844894409,4,0.5,
fixed,2,5753,0.7033325433731079,1.925914432376885e-07,0.01868579164147377,0.5033702254295349,0.7033325433731079,4,0.0,
fixed,2,5754,0.4337555170059204,2.466729043248961e-10,0.005915927700698376,0.3068944215774536,0.4337555170059204,4,0.5,
fixed,2,5755,0.9594487547874451,1.74876846337213e-09,0.0064352271147072315,0.930436372756958,0.9594487547874451,4,0.25,3.9270718097686768
fixed,2,5756,0.7580539584159851,1.0145645434889161e-09,7.644428478670307e-06,0.3483690023422241,0.7580539584159851,4,0.25,
fixed,2,5757,0.44619762897491455,2.430413870158077e-09,0.0022546129766851664,0.6988471150398254,0.44619762897491455,4,0.5,
fixed,2,5758,0.6931329965591431,0.0018281667726114392,0.00025369971990585327,0.6935842037200928,0.6931329965591431,4,0.5,
fixed,2,5759,0.277307391166687,9.764210551210795e-10,0.0003031491651199758,0.7981840372085571,0.277307391166687,4,0.75,
fixed,2,5760,0.623047947883606,1.7656855977321584e-09,0.0021200545597821474,0.7005781531333923,0.623047947883606,4,0.5,1.7305949926376343
fixed,2,5761,0.4845241904258728,0.04591846093535423,0.01141975075006485,0.7229629158973694,0.4845241904258728,4,0.75,
fixed,2,5762,0.39734965562820435,5.935751890007168e-10,0.007143405731767416,0.7347186207771301,0.39734965562820435,4,0.75,
fixed,2,5763,0.6685275435447693,6.058364192540466e-07,5.05957541463431e-05,0.8308343887329102,0.6685275435447693,4,0.25,
fixed,2,5764,0.6914944052696228,0.025072511285543442,0.0046271891333162785,0.744688093662262,0.6914944052696228,4,0.5,
fixed,2,5765,0.3343569040298462,7.520546319028654e-08,0.0005370214348658919,0.3638836145401001,0.3343569040298462,4,0.25,0.5337297320365906
fixed,2,5766,0.676744282245636,2.6207627179530846e-09,2.9244089091662318e-05,0.8297919034957886,0.676744282245636,4,0.25,
fixed,2,5767,0.4691855311393738,3.0565106001745335e-10,0.022775854915380478,0.7533932328224182,0.4691855311393738,4,0.25,
fixed,2,5768,1.0434274673461914,1.0954406270968775e-09,0.0001685024326434359,0.838232159614563,1.0434274673461914,4,0.25,
fixed,2,5769,1.0806114673614502,2.4714119639668297e-10,0.0031526838429272175,0.7432519793510437,1.0806114673614502,4,0.75,
fixed,2,5770,1.0963881015777588,2.1375787806476865e-09,0.00017835090693552047,0.8389504551887512,1.0963881015777588,4,0.25,0.1818842738866806
fixed,2,5771,0.6771908402442932,0.008231918327510357,5.313527395855999e-11,0.45607876777648926,0.6771908402442932,4,0.0,
fixed,2,5772,0.9018994569778442,2.3210013910812677e-09,2.6716756110545248e-05,0.829459011554718,0.9018994569778442,4,0.25,
fixed,2,5773,0.6556273102760315,0.0,0.00012208573753014207,0.6334108114242554,0.6556273102760315,4,0.5,
fixed,2,5774,0.40745747089385986,0.0,0.004286541603505611,1.0575988292694092,0.40745747089385986,4,1.0,
fixed,2,5775,0.8703152537345886,5.755618204261737e-10,0.0390811450779438,0.6931391954421997,0.8703152537345886,4,0.5,7.412666320800781
fixed,2,5776,0.31094762682914734,6.932874274667711e-10,0.0012097042053937912,0.7808061838150024,0.31094762682914734,4,0.75,
fixed,2,5777,0.53867107629776,5.252340784522858e-10,0.0006053881370462477,0.7894055843353271,0.53867107629776,4,0.75,
fixed,2,5778,0.9942686557769775,1.2199876664453768e-09,0.0002192836836911738,0.8031056523323059,0.9942686557769775,4,0.75,
fixed,2,5779,0.9452305436134338,0.05456504225730896,2.1653736439475324e-06,0.335054874420166,0.9452305436134338,4,0.5,
fixed,2,5780,1.219332218170166,2.282271260867219e-09,0.00012140546459704638,0.8082759976387024,1.219332218170166,4,0.75,0.11537808179855347
fixed,2,5781,1.1983401775360107,0.061395809054374695,2.2970167265157215e-05,0.692868173122406,1.1983401775360107,4,0.5,
fixed,2,5782,1.03286874294281,4.823656585273284e-09,2.620623490656726e-05,0.6917340159416199,1.03286874294281,4,0.5,
fixed,2,5783,1.233138084411621,0.006842209026217461,0.023836135864257812,0.7055531740188599,1.233138084411621,4,0.25,
fixed,2,5784,0.2177557498216629,2.837869050864583e-09,0.0022183614782989025,0.7647989988327026,0.2177557498216629,4,0.75,
fixed,2,5785,0.7051507830619812,0.02795860357582569,0.0003998962929472327,0.7339469790458679,0.7051507830619812,4,0.75,8.038304328918457
fixed,2,5786,0.8107119798660278,0.00011237734725000337,0.0007156184292398393,0.69240403175354,0.8107119798660278,4,0.5,
fixed,2,5787,0.3836398422718048,1.0225109647876707e-08,0.001412961515597999,0.7793132066726685,0.3836398422718048,4,0.75,
fixed,2,5788,0.7181139588356018,0.025927314534783363,0.0015443549491465092,0.7204789519309998,0.7181139588356018,4,0.75,
fixed,2,5789,1.9479190111160278,1.5313503354263958e-08,0.0,1.3840150833129883,1.9479190111160278,4,0.0,
fixed,2,5790,1.0561506748199463,3.909204959740009e-09,0.0013574218610301614,0.6972817182540894,1.0561506748199463,4,0.5,1.0995980501174927
fixed,2,5791,0.6592965722084045,6.753675840798223e-09,1.3707577636523638e-05,0.6926394104957581,0.6592965722084045,4,0.5,
fixed,2,5792,0.9564425349235535,1.2601898191633154e-08,0.02815547026693821,0.8085039854049683,0.9564425349235535,4,0.25,
fixed,2,5793,0.85317462682724,0.012828969396650791,6.015451617713552e-06,0.7311125993728638,0.85317462682724,4,0.25,
fixed,2,5794,0.8018369078636169,3.266256598521977e-08,0.0,1.38328218460083,0.8018369078636169,4,0.0,
fixed,2,5795,1.1155682802200317,3.759931033187058e-09,0.0022175596095621586,0.3182358741760254,1.1155682802200317,4,0.5,1.6545076370239258
fixed,2,5796,0.6033953428268433,2.0835555503140313e-08,0.0016233096830546856,0.6990699172019958,0.6033953428268433,4,0.5,
fixed,2,5797,0.42167070508003235,0.05203140527009964,0.0002543639566283673,0.7816499471664429,0.42167070508003235,4,0.75,
fixed,2,5798,1.0382219552993774,3.3500334950531396e-08,0.00028964196098968387,0.8000861406326294,1.0382219552993774,4,0.75,
fixed,2,5799,0.7079557180404663,1.4125100200601537e-08,6.73592967359582e-06,0.6883660554885864,0.7079557180404663,4,0.5,
fixed,2,5800,0.510762095451355,0.0,0.012638289481401443,0.9495726823806763,0.510762095451355,4,1.0,6.173588275909424
fixed,2,5801,0.8733636736869812,0.0005686801159754395,1.881695607153233e-05,0.8372291326522827,0.8733636736869812,4,0.75,
fixed,2,5802,0.8533238172531128,2.4823300748266774e-08,5.7074095821008086e-05,0.8320845365524292,0.8533238172531128,4,0.25,
fixed,2,5803,0.7689673900604248,0.04407036304473877,4.757810529554263e-05,0.32041633129119873,0.7689673900604248,4,0.5,
fixed,2,5804,1.0398534536361694,1.5159649535689823e-08,1.7176381561512244e-06,0.8250348567962646,1.0398534536361694,4,0.25,
fixed,2,5805,0.8577118515968323,0.02222212217748165,2.992573627125239e-06,0.7137671113014221,0.8577118515968323,4,0.5,7.144086837768555
fixed,2,5806,0.5476795434951782,2.377577423828825e-08,0.0001820238248910755,0.693775475025177,0.5476795434951782,4,0.5,
fixed,2,5807,1.3966574668884277,7.956345804416287e-09,0.00013188440061639994,0.807193398475647,1.3966574668884277,4,0.75,
fixed,2,5808,0.5245317816734314,0.0,0.0004725691396743059,0.6863789558410645,0.5245317816734314,4,0.75,
fixed,2,5809,0.5288753509521484,0.0,0.0007589329034090042,0.6470131278038025,0.5288753509521484,4,0.75,
fixed,2,5810,0.7879374623298645,8.751912083937441e-09,3.731805190909654e-05,0.35041236877441406,0.7879374623298645,4,0.25,0.040297627449035645
fixed,2,5811,1.653613567352295,3.597902420438004e-08,0.0,0.6901907920837402,1.653613567352295,4,0.0,
fixed,2,5812,0.6977042555809021,0.012403355911374092,0.052396245300769806,0.6966343522071838,0.6977042555809021,4,0.5,
fixed,2,5813,0.8324443101882935,7.658099043794664e-09,0.0018385614966973662,0.6981627345085144,0.8324443101882935,4,0.5,
fixed,2,5814,1.1485424041748047,1.0164250774380434e-08,6.414673407562077e-06,0.8259150981903076,1.1485424041748047,4,0.25,
fixed,2,5815,0.8067429661750793,1.0687178253476759e-08,4.205507138976827e-05,0.692889392375946,0.8067429661750793,4,0.5,0.045178815722465515
fixed,2,5816,1.0946364402770996,2.5365689992895568e-08,0.0,1.3835233449935913,1.0946364402770996,4,0.0,
fixed,2,5817,1.0101033449172974,1.4226083422386182e-08,0.026240428909659386,1.0872917175292969,1.0101033449172974,4,0.0,
fixed,2,5818,0.7318244576454163,0.06263518333435059,0.0,0.7564401030540466,0.7318244576454163,4,0.25,
fixed,2,5819,0.7051640748977661,1.7824943299160623e-08,4.274871571396943e-06,0.6930370926856995,0.7051640748977661,4,0.5,
fixed,2,5820,0.7848418951034546,9.716481841337554e-09,5.7196637499146163e-05,0.8320513367652893,0.7848418951034546,4,0.25,0.05883602425456047
fixed,2,5821,1.015461802482605,4.976187462091275e-09,8.039781096158549e-05,0.8073307275772095,1.015461802482605,4,0.75,
fixed,2,5822,0.6396329402923584,0.008058769628405571,0.0,1.0825636386871338,0.6396329402923584,4,0.0,
fixed,2,5823,0.6114336848258972,7.223364129060883e-09,5.172773853701074e-07,0.3469640016555786,0.6114336848258972,4,0.25,
fixed,2,5824,0.7946255207061768,2.787234087975321e-08,0.0001325765042565763,0.8365335464477539,0.7946255207061768,4,0.25,
fixed,2,5825,0.44121816754341125,5.167064998090609e-09,0.005340535193681717,0.7110663652420044,0.44121816754341125,4,0.5,3.8157589435577393
fixed,2,5826,0.7253754734992981,2.8747775715487478e-08,0.0008483913261443377,0.6954295039176941,0.7253754734992981,4,0.5,
fixed,2,5827,0.7489128708839417,0.056537311524152756,0.00719049945473671,0.7362595200538635,0.7489128708839417,4,0.75,
fixed,2,5828,1.0001035928726196,0.0163643267005682,8.425615760643268e-11,0.48099589347839355,1.0001035928726196,4,0.25,
fixed,2,5829,1.2861930131912231,3.216457322707811e-09,0.00882741343230009,0.7146222591400146,1.2861930131912231,4,0.75,
fixed,2,5830,0.48047637939453125,8.068466783583972e-09,0.0034833597019314766,0.706884503364563,0.48047637939453125,4,0.5,2.837376832962036
fixed,2,5831,0.8838423490524292,1.6706745986638794e-09,0.02585611306130886,0.6947393417358398,0.8838423490524292,4,0.5,
fixed,2,5832,1.0674149990081787,8.349287483611079e-09,0.009303438477218151,0.7132353782653809,1.0674149990081787,4,0.5,
fixed,2,5833,0.9863346815109253,1.0993208121590214e-08,0.0006362937856465578,0.8531095385551453,0.9863346815109253,4,0.25,
fixed,2,5834,0.815854012966156,0.006849948316812515,0.003907568287104368,0.6927428841590881,0.815854012966156,4,0.5,
fixed,2,5835,0.9351969361305237,2.8052582479176635e-10,0.0003873823443427682,0.7005434632301331,0.9351969361305237,4,0.75,0.36241766810417175
fixed,2,5836,0.2414405792951584,8.672313533963916e-09,0.00010893384751398116,0.693358302116394,0.2414405792951584,4,0.5,
fixed,2,5837,0.5058348774909973,0.04987410828471184,2.3397860786644742e-05,0.7905908226966858,0.5058348774909973,4,0.75,
fixed,2,5838,0.7308269143104553,0.016609961166977882,0.0003826430765911937,0.7133858799934387,0.7308269143104553,4,0.75,
fixed,2,5839,0.8362309336662292,7.02812830155608e-09,0.00014744061627425253,0.337247371673584,0.8362309336662292,4,0.5,
fixed,2,5840,0.6558491587638855,1.0980067521870751e-08,0.00011599421122809872,0.6925811767578125,0.6558491587638855,4,0.5,0.11505758762359619
fixed,2,5841,0.4505124092102051,3.410187687791222e-09,8.87553469510749e-05,0.33806300163269043,0.4505124092102051,4,0.5,
fixed,2,5842,1.2390236854553223,0.04773753881454468,0.0002010294410865754,0.6966228485107422,1.2390236854553223,4,0.5,
fixed,2,5843,0.9457398653030396,7.15388814853668e-09,0.021165156736969948,0.7369453310966492,0.9457398653030396,4,0.25,
fixed,2,5844,0.449282705783844,2.929084530478576e-09,0.008362751454114914,0.3053079843521118,0.449282705783844,4,0.5,
fixed,2,5845,0.5140732526779175,0.004120178986340761,3.7369045458035544e-05,0.31563305854797363,0.5140732526779175,4,0.25,2.3918023109436035
fixed,2,5846,1.0100361108779907,9.12981601430829e-09,8.979186532087624e-05,0.8343711495399475,1.0100361108779907,4,0.25,
fixed,2,5847,1.329033374786377,0.04791174829006195,0.0,0.8023723363876343,1.329033374786377,4,0.25,
fixed,2,5848,1.2659059762954712,6.838945854070744e-09,0.0001630913611734286,0.6934564113616943,1.2659059762954712,4,0.5,
fixed,2,5849,0.5356644988059998,4.722559232561707e-09,0.001460422296077013,0.6972416639328003,0.5356644988059998,4,0.5,
fixed,2,5850,0.6740576028823853,1.2399626214687487e-08,2.5074215955100954e-05,0.8292760252952576,0.6740576028823853,4,0.25,0.030254192650318146
fixed,2,5851,1.0538849830627441,3.879652599181327e-09,0.0048102703876793385,0.7444419860839844,1.0538849830627441,4,0.75,
fixed,2,5852,0.47960472106933594,9.496013975152096e-10,0.013171900995075703,0.7085270285606384,0.47960472106933594,4,0.75,
fixed,2,5853,0.9304742217063904,0.004315073601901531,0.03315861150622368,0.7224212288856506,0.9304742217063904,4,0.25,
fixed,2,5854,0.7285074591636658,1.075673217165729e-09,0.008874782361090183,0.733132004737854,0.7285074591636658,4,0.75,
fixed,2,5855,0.8042407035827637,3.556296812590176e-09,0.010324501432478428,0.7345828413963318,0.8042407035827637,4,0.5,7.080051898956299
fixed,2,5856,0.9830784201622009,1.053715870114047e-08,0.0012467961059883237,0.696100652217865,0.9830784201622009,4,0.5,
fixed,2,5857,0.17087526619434357,5.712486927933469e-09,8.53932651807554e-05,0.691497266292572,0.17087526619434357,4,0.5,
fixed,2,5858,0.42249488830566406,0.0,0.011708052828907967,0.9880696535110474,0.42249488830566406,4,1.0,
fixed,2,5859,0.6653018593788147,1.1781626341189622e-08,0.002568804891780019,0.698715090751648,0.6653018593788147,4,0.5,
fixed,2,5860,0.5395192503929138,6.969342791762756e-08,1.0275281965732574e-05,0.3485112190246582,0.5395192503929138,4,0.25,0.012472974136471748
fixed,2,5861,0.592351496219635,0.0,0.0046090311370790005,1.0991361141204834,0.592351496219635,4,1.0,
fixed,2,5862,0.8624595403671265,3.2797550375107676e-05,8.487838931614533e-05,0.6926255822181702,0.8624595403671265,4,0.5,
fixed,2,5863,0.8743675351142883,1.3649386687575316e-07,0.001237503718584776,0.695799708366394,0.8743675351142883,4,0.5,
fixed,2,5864,0.264783650636673,3.713533374138933e-07,1.883964273474703e-06,0.8241631388664246,0.264783650636673,4,0.25,
fixed,2,5865,1.1436103582382202,4.4257468800878996e-08,0.00015338361845351756,0.8054099082946777,1.1436103582382202,4,0.75,0.15373559296131134
fixed,2,5866,0.5700851678848267,3.0572009563911706e-05,0.0,1.3324518203735352,0.5700851678848267,4,0.0,
fixed,2,5867,0.5913658142089844,2.717239624416834e-07,0.00015115280984900892,0.6927204728126526,0.5913658142089844,4,0.5,
fixed,2,5868,0.8454260230064392,0.025239672511816025,3.59965429197473e-06,0.7024329304695129,0.8454260230064392,4,0.5,
fixed,2,5869,0.3808923661708832,0.03112611174583435,0.00011938387615373358,1.0871093273162842,0.3808923661708832,4,1.0,
fixed,2,5870,0.6422381401062012,1.0280250251071266e-07,3.167469549225643e-05,0.8148422837257385,0.6422381401062012,4,0.75,0.03421960398554802
fixed,2,5871,1.3110063076019287,0.06128232553601265,3.519007805152796e-05,0.6922747492790222,1.3110063076019287,4,0.5,
fixed,2,5872,0.8031178116798401,0.03747094050049782,0.00012892007362097502,0.31238508224487305,0.8031178116798401,4,0.5,
fixed,2,5873,0.621451199054718,1.8423904180053796e-08,9.721026435727254e-05,0.807359516620636,0.621451199054718,4,0.75,
fixed,2,5874,0.5012685060501099,7.281099101419386e-08,0.0,1.3817334175109863,0.5012685060501099,4,0.0,
fixed,2,5875,0.5580487847328186,3.9387441574945115e-07,0.0001367276709061116,0.8359769582748413,0.5580487847328186,4,0.25,0.1281440109014511
fixed,2,5876,0.9620048999786377,1.6740939301485014e-08,0.009213223122060299,0.7213191390037537,0.9620048999786377,4,0.75,
fixed,2,5877,0.6501740217208862,3.477819632280443e-08,3.947617642552359e-06,0.8257237076759338,0.6501740217208862,4,0.25,
fixed,2,5878,1.2035303115844727,0.05520648881793022,0.0,0.8383639454841614,1.2035303115844727,4,0.25,
fixed,2,5879,1.5927443504333496,1.0418888862773201e-08,0.0005439909873530269,0.7859832048416138,1.5927443504333496,4,0.75,
fixed,2,5880,1.426422357559204,0.03560931608080864,0.00014319867477752268,0.7541001439094543,1.426422357559204,4,0.75,7.25969123840332
fixed,2,5881,0.6454417109489441,7.166214732734488e-09,0.0005205890629440546,0.3302454948425293,0.6454417109489441,4,0.5,
fixed,2,5882,0.49469539523124695,1.3921025221463879e-08,0.006589033175259829,0.7320380806922913,0.49469539523124695,4,0.75,
fixed,2,5883,0.9884071350097656,0.0,0.0008962221909314394,1.1856884956359863,0.9884071350097656,4,1.0,
fixed,2,5884,0.9897218942642212,5.804861036295961e-09,0.021770581603050232,0.6932066082954407,0.9897218942642212,4,0.75,
fixed,2,5885,0.6777161359786987,0.011348724365234375,0.0022473984863609076,0.766852080821991,0.6777161359786987,4,0.25,3.490550994873047
fixed,2,5886,1.3038301467895508,2.1429936936101512e-08,2.301417953276541e-05,0.8286165595054626,1.3038301467895508,4,0.25,
fixed,2,5887,1.2141209840774536,0.019745206460356712,5.0755297706928104e-05,0.7198511958122253,1.2141209840774536,4,0.5,
fixed,2,5888,0.561374306678772,0.004945292603224516,0.0008887372096069157,0.6942930817604065,0.561374306678772,4,0.5,
fixed,2,5889,0.3528701663017273,5.256695523314647e-09,0.0005371417501010001,0.3640075922012329,0.3528701663017273,4,0.25,
fixed,2,5890,1.5497522354125977,2.0636832687159767e-08,0.00046579205081798136,0.8486146330833435,1.5497522354125977,4,0.25,0.4629600942134857
fixed,2,5891,0.891399085521698,0.022787917405366898,0.00023074389901012182,0.7269172668457031,0.891399085521698,4,0.75,
fixed,2,5892,0.7287694811820984,1.1961691193107526e-08,0.0004275236860848963,0.36195969581604004,0.7287694811820984,4,0.25,
fixed,2,5893,1.0478020906448364,0.04104354977607727,0.001950466656126082,1.0372426509857178,1.0478020906448364,4,1.0,
fixed,2,5894,1.2402188777923584,2.3589038278259977e-08,1.908599733724259e-05,0.8283402323722839,1.2402188777923584,4,0.25,
fixed,2,5895,0.6439533829689026,1.4815211279994855e-08,0.0003568673273548484,0.6934394240379333,0.6439533829689026,4,0.5,0.3117634654045105
fixed,2,5896,1.0841690301895142,1.0560658125768896e-08,9.557884914102033e-05,0.8344866633415222,1.0841690301895142,4,0.25,
fixed,2,5897,0.7657219171524048,3.997480124695585e-09,0.029133087024092674,0.4731130599975586,0.7657219171524048,4,0.0,
fixed,2,5898,0.7434882521629333,5.266708402729137e-09,0.0019002463668584824,0.6968954801559448,0.7434882521629333,4,0.5,
fixed,2,5899,0.9738423228263855,3.0350520319188945e-08,0.007962027564644814,0.7109581828117371,0.9738423228263855,4,0.5,
fixed,2,5900,1.0892473459243774,7.211960473796353e-05,0.0003704445553012192,0.8352961540222168,1.0892473459243774,4,0.25,0.31502577662467957
fixed,2,5901,1.1987775564193726,6.409061725776155e-09,0.026020299643278122,0.7581737041473389,1.1987775564193726,4,0.25,
fixed,2,5902,0.6730446219444275,2.150928768429594e-09,0.010220109485089779,0.7150335311889648,0.6730446219444275,4,0.5,
fixed,2,5903,1.1978166103363037,7.243015520685958e-09,0.02452731691300869,0.7811236381530762,1.1978166103363037,4,0.25,
fixed,2,5904,1.2269302606582642,2.2498191754039e-08,2.1628567992593162e-05,0.8285090923309326,1.2269302606582642,4,0.25,
fixed,2,5905,0.7173171639442444,5.898788231206709e-07,0.002676173346117139,0.7460312843322754,0.7173171639442444,4,0.75,2.057269811630249
fixed,2,5906,1.107917070388794,1.664699844639017e-08,3.621360883698799e-05,0.35046935081481934,1.107917070388794,4,0.25,
fixed,2,5907,0.46713948249816895,2.686887690117601e-08,9.960854367818683e-05,0.6933466792106628,0.46713948249816895,4,0.5,
fixed,2,5908,0.7353994250297546,5.182904772027541e-08,0.0015918714925646782,0.7728506326675415,0.7353994250297546,4,0.75,
fixed,2,5909,0.931510329246521,0.04953479394316673,0.0,0.8557067513465881,0.931510329246521,4,0.25,
fixed,2,5910,0.42206791043281555,1.2928272496992577e-07,0.0,1.3806507587432861,0.42206791043281555,4,0.0,0.00015902977611403912
fixed,2,5911,0.6121180653572083,0.04677615314722061,0.0008025652496144176,1.1110541820526123,0.6121180653572083,4,1.0,
fixed,2,5912,0.8792852759361267,2.7958956039242366e-08,2.5282541173510253e-05,0.3418678045272827,0.8792852759361267,4,0.5,
fixed,2,5913,0.3734282851219177,3.937040560231253e-08,5.167910785530694e-05,0.6931818127632141,0.3734282851219177,4,0.5,
fixed,2,5914,0.9135150909423828,8.951792551670223e-08,0.0016923298826441169,0.6962782740592957,0.9135150909423828,4,0.5,
fixed,2,5915,0.5493969321250916,1.1950432110552356e-07,1.9300121493870392e-05,0.8275008201599121,0.5493969321250916,4,0.25,0.018121151253581047
fixed,2,5916,0.9796111583709717,0.03776037320494652,1.9252229321864434e-05,0.6996933221817017,0.9796111583709717,4,0.5,
fixed,2,5917,0.7967046499252319,0.03023882955312729,0.004949556663632393,0.908340334892273,0.7967046499252319,4,1.0,
fixed,2,5918,0.6522982120513916,0.0,0.00456492742523551,1.1143922805786133,0.6522982120513916,4,1.0,
fixed,2,5919,0.16538266837596893,1.7544330432883726e-08,0.00142061454243958,0.6977214217185974,0.16538266837596893,4,0.5,
fixed,2,5920,1.1098476648330688,1.62271987846907e-07,1.5180399941527867e-06,0.824424684047699,1.1098476648330688,4,0.25,0.0016513534355908632
fixed,2,5921,0.42382627725601196,0.02478238381445408,0.0,0.9501978158950806,0.42382627725601196,4,0.25,
fixed,2,5922,0.7806522846221924,0.09846919029951096,4.996137249690946e-06,0.7672678232192993,0.7806522846221924,4,0.75,
fixed,2,5923,0.4980672299861908,1.7869894008981646e-08,7.48603924876079e-05,0.807973325252533,0.4980672299861908,4,0.75,
fixed,2,5924,0.8621822595596313,0.03366284444928169,0.0,0.405616819858551,0.8621822595596313,4,0.25,
fixed,2,5925,0.7465519905090332,0.11028138548135757,0.0,0.7008596062660217,0.7465519905090332,4,0.75,18.043399810791016
fixed,2,5926,0.7723349332809448,8.350004350177187e-07,0.009443456307053566,0.9561054706573486,0.7723349332809448,4,0.25,
fixed,2,5927,1.2295410633087158,0.010167098604142666,0.0007986575365066528,0.6991925239562988,1.2295410633087158,4,0.5,
fixed,2,5928,0.525640606880188,0.04006130248308182,0.00857551023364067,0.8857103586196899,0.525640606880188,4,1.0,
fixed,2,5929,0.7611702680587769,1.4356900113199345e-09,0.0010802223114296794,0.6965949535369873,0.7611702680587769,4,0.5,
fixed,2,5930,0.343444287776947,1.025783014085846e-09,0.0018018953269347548,0.6954498887062073,0.343444287776947,4,0.5,1.4619578123092651
fixed,2,5931,0.46805450320243835,2.8527993300997423e-09,0.006435987539589405,0.9303616285324097,0.46805450320243835,4,0.25,
fixed,2,5932,1.1739580631256104,8.296763276405272e-10,0.0,1.3856879472732544,1.1739580631256104,4,0.0,
fixed,2,5933,0.4900079667568207,0.0,0.015367846935987473,0.8429317474365234,0.4900079667568207,4,1.0,
fixed,2,5934,0.6152914762496948,0.0036624856293201447,0.021199319511651993,0.7333097457885742,0.6152914762496948,4,0.5,
fixed,2,5935,0.5513461828231812,2.71472622159763e-10,0.04226310923695564,1.2038905620574951,0.5513461828231812,4,0.0,5.642146587371826
fixed,2,5936,0.697328507900238,2.98268298948301e-10,0.060614120215177536,0.7030373215675354,0.697328507900238,4,0.5,
fixed,2,5937,0.5851073265075684,0.002301198663190007,0.05912012606859207,0.8731194138526917,0.5851073265075684,4,0.0,
fixed,2,5938,0.7967748641967773,4.0163272707616215e-10,0.022517753764986992,1.0610755681991577,0.7967748641967773,4,0.0,
fixed,2,5939,1.5825788974761963,2.6357407367783026e-09,0.00011784632079070434,0.8357993364334106,1.5825788974761963,4,0.25,
fixed,2,5940,0.6486443877220154,0.02327963151037693,0.015720583498477936,0.6939290165901184,0.6486443877220154,4,0.75,2.6200015544891357
fixed,2,5941,0.8857541084289551,0.021944398060441017,0.004731554072350264,0.7520682215690613,0.8857541084289551,4,0.5,
fixed,2,5942,0.8177473545074463,1.0121293803067033e-09,0.0043970076367259026,0.7332803010940552,0.8177473545074463,4,0.75,
fixed,2,5943,0.691752552986145,0.0,0.0027782265096902847,1.0838849544525146,0.691752552986145,4,1.0,
fixed,2,5944,0.9232342839241028,3.8815088920785e-09,0.0019993195310235023,0.7488809823989868,0.9232342839241028,4,0.75,
fixed,2,5945,0.9899972677230835,1.4902521883186637e-08,0.0,1.3840495347976685,0.9899972677230835,4,0.0,0.0
fixed,2,5946,0.8730568885803223,3.1427887847712555e-08,0.0027216575108468533,0.7526546716690063,0.8730568885803223,4,0.75,
fixed,2,5947,0.2725328803062439,7.472157115273603e-09,0.002365515800192952,0.7614966034889221,0.2725328803062439,4,0.75,
fixed,2,5948,0.7470027208328247,0.0,0.0011425019474700093,0.5400626063346863,0.7470027208328247,4,0.5,
fixed,2,5949,0.682479739189148,4.494806304933263e-08,7.233478299895069e-06,0.3481624126434326,0.682479739189148,4,0.25,
fixed,2,5950,0.8681800365447998,7.850597683045635e-08,0.0013549965806305408,0.6971476674079895,0.8681800365447998,4,0.5,1.0412919521331787
fixed,2,5951,0.6805623173713684,0.027671216055750847,0.00016361137386411428,1.0610548257827759,0.6805623173713684,4,1.0,
fixed,2,5952,1.1061222553253174,8.039618393240744e-08,2.460120595060289e-05,0.6925203204154968,1.1061222553253174,4,0.5,
fixed,2,5953,0.6481334567070007,4.615225179804838e-07,8.825031727610622e-06,0.8260399103164673,0.6481334567070007,4,0.25,
fixed,2,5954,0.7591671943664551,1.1788174703042387e-07,0.00022610242012888193,0.3571842908859253,0.7591671943664551,4,0.25,
fixed,2,5955,1.3061455488204956,2.335153510557575e-07,1.2009300917270593e-05,0.8268457055091858,1.3061455488204956,4,0.25,0.011999444104731083
fixed,2,5956,0.8762692213058472,5.872934139006247e-08,0.00036224923678673804,0.3301352262496948,0.8762692213058472,4,0.5,
fixed,2,5957,0.4837927222251892,2.3805523596820422e-07,0.0001287035847781226,0.3542499542236328,0.4837927222251892,4,0.25,
fixed,2,5958,0.5953754186630249,1.0888405199693807e-07,5.87731256018742e-06,0.6930334568023682,0.5953754186630249,4,0.5,
fixed,2,5959,0.7594503164291382,1.4561703665094683e-07,3.912702595698647e-06,0.34489643573760986,0.7594503164291382,4,0.5,
fixed,2,5960,0.6782738566398621,1.2657424974804599e-07,5.04109766552574e-06,0.6929705142974854,0.6782738566398621,4,0.5,0.005270142108201981
fixed,2,5961,1.5188871622085571,0.06142621859908104,0.0,0.8247158527374268,1.5188871622085571,4,0.25,
fixed,2,5962,0.7291313409805298,2.056734160760243e-07,3.7293436889740406e-06,0.6926324963569641,0.7291313409805298,4,0.5,
fixed,2,5963,0.7943780422210693,1.8074830165915046e-07,9.747082003741525e-06,0.8176034688949585,0.7943780422210693,4,0.75,
fixed,2,5964,0.6740778684616089,7.08514988900788e-08,1.0693805961636826e-05,0.8186420202255249,0.6740778684616089,4,0.75,
fixed,2,5965,1.4267728328704834,5.625652192975394e-07,0.0,1.3752301931381226,1.4267728328704834,4,0.0,0.0008039360400289297
fixed,2,5966,0.6694222092628479,0.0,0.0001383115304633975,0.7563618421554565,0.6694222092628479,4,0.75,
fixed,2,5967,0.8398618698120117,1.03012830265925e-07,4.385024658404291e-05,0.8121638298034668,0.8398618698120117,4,0.75,
fixed,2,5968,0.725835919380188,3.0443271725744125e-07,0.001410077908076346,0.6964453458786011,0.725835919380188,4,0.5,
fixed,2,5969,0.9603539705276489,2.3394842685320327e-07,5.8041446209244896e-06,0.6930193901062012,0.9603539705276489,4,0.5,
fixed,2,5970,0.6184511780738831,0.053373370319604874,6.481479795183986e-05,1.2527821063995361,0.6184511780738831,4,1.0,3.567213535308838
fixed,2,5971,0.35260316729545593,4.2987704063079946e-08,8.549829544790555e-06,0.3464435338973999,0.35260316729545593,4,0.25,
fixed,2,5972,0.6901695132255554,2.126396481116899e-07,0.00013040607154835016,0.693252682685852,0.6901695132255554,4,0.5,
fixed,2,5973,0.9831423163414001,1.6979493011604063e-07,0.0001345444907201454,0.7985974550247192,0.9831423163414001,4,0.75,
fixed,2,5974,0.9272900223731995,0.0,0.002682591089978814,0.5107675194740295,0.9272900223731995,4,0.5,
fixed,2,5975,1.5132677555084229,5.778180707238789e-07,1.3158821275283117e-05,0.8264805674552917,1.5132677555084229,4,0.25,0.013443905860185623
fixed,2,5976,0.9172354340553284,2.2483705208742322e-07,6.200995994731784e-05,0.8132050633430481,0.9172354340553284,4,0.75,
fixed,2,5977,0.5949143767356873,1.656159724916506e-07,1.2117147889512125e-05,0.6930460929870605,0.5949143767356873,4,0.5,
fixed,2,5978,0.8999252915382385,3.626086311214749e-07,0.00027800450334325433,0.6936743259429932,0.8999252915382385,4,0.5,
fixed,2,5979,1.2689632177352905,1.204423512035646e-07,0.0002696641022339463,0.3357734680175781,1.2689632177352905,4,0.5,
fixed,2,5980,0.646099865436554,3.831715389424062e-07,5.9532518207561225e-05,0.8306055665016174,0.646099865436554,4,0.25,0.05250229313969612
fixed,2,5981,0.2503488063812256,1.2711468855286512e-07,8.667269867146388e-06,0.6930193305015564,0.2503488063812256,4,0.5,
fixed,2,5982,0.5977092981338501,2.2975338254127564e-07,9.849868365563452e-05,0.8339648842811584,0.5977092981338501,4,0.25,
fixed,2,5983,0.9261187314987183,4.996007874069619e-07,0.0001016872120089829,0.6932090520858765,0.9261187314987183,4,0.5,
fixed,2,5984,0.4787929654121399,0.0,4.3338830437278375e-05,1.3219729661941528,0.4787929654121399,4,1.0,
fixed,2,5985,1.0025873184204102,2.1127004856680287e-07,1.0672337339201476e-05,0.8143172860145569,1.0025873184204102,4,0.75,0.009636258706450462
fixed,2,5986,0.39669346809387207,0.0,0.00028328492771834135,1.2896534204483032,0.39669346809387207,4,1.0,
fixed,2,5987,0.6626700758934021,1.0636784963935497e-07,5.679424361915153e-07,0.34672486782073975,0.6626700758934021,4,0.25,
fixed,2,5988,0.8068663477897644,5.170473400539777e-07,1.3215530998422764e-05,0.8265168070793152,0.8068663477897644,4,0.25,
fixed,2,5989,0.6956723928451538,0.0677843987941742,0.00022544636158272624,0.7198546528816223,0.6956723928451538,3,0.75,
fixed,2,5990,0.7792773842811584,6.866334700816878e-08,2.6606552637531422e-05,0.8144290447235107,0.7792773842811584,4,0.75,0.02506432682275772
fixed,2,5991,0.6553010940551758,5.619817216029332e-07,1.7195134205394424e-12,0.8147073984146118,0.6553010940551758,4,0.0,
fixed,2,5992,0.5734112858772278,0.017368437722325325,6.266986929404084e-12,0.4743438959121704,0.5734112858772278,4,0.25,
fixed,2,5993,1.3808735609054565,1.178991695383047e-07,0.00042933394433930516,0.6937554478645325,1.3808735609054565,4,0.5,
fixed,2,5994,0.6838778257369995,3.5627699901397136e-08,5.545868134504417e-06,0.818195641040802,0.6838778257369995,4,0.75,
fixed,2,5995,1.340884804725647,1.598986330009211e-07,1.164929585684149e-06,0.692986249923706,1.340884804725647,4,0.5,0.0013569042785093188
fixed,2,5996,0.7947676181793213,1.062576586718933e-07,9.551300763632753e-07,0.8137010335922241,0.7947676181793213,4,0.25,
fixed,2,5997,1.1499228477478027,5.024020666155593e-08,0.0008660673047415912,0.7852627038955688,1.1499228477478027,4,0.75,
fixed,2,5998,0.48469406366348267,3.704611728494456e-08,5.010517270420678e-06,0.692836344242096,0.48469406366348267,4,0.5,
fixed,2,5999,0.30191507935523987,0.0,0.00015222071669995785,0.753503680229187,0.30191507935523987,4,0.75,
fixed,2,6000,0.6867710947990417,6.505065641704277e-08,6.53132374281995e-05,0.3408083915710449,0.6867710947990417,4,0.5,0.058139484375715256
fixed,2,6001,1.1248058080673218,2.0101217046430975e-07,0.004134758375585079,0.904367208480835,1.1248058080673218,4,0.25,
fixed,2,6002,0.8717448115348816,1.5794987007211603e-07,3.3049121165446005e-12,0.688231885433197,0.8717448115348816,4,0.0,
fixed,2,6003,1.4716601371765137,1.2072946731223055e-07,8.417287062911782e-06,0.8251779675483704,1.4716601371765137,4,0.25,
fixed,2,6004,0.3219408690929413,5.015339965552812e-08,8.788918421487324e-06,0.3440910577774048,0.3219408690929413,4,0.5,
fixed,2,6005,0.26734524965286255,0.0,2.3638589482288808e-05,1.3375836610794067,0.26734524965286255,4,1.0,0.023557303473353386
